indicator_id,country_id,year,value,magnitude,qualifier
ADMI.ENDOFLOWERSEC.MAT,TGO,2014,0,,
ADMI.ENDOFLOWERSEC.MAT,TGO,2015,0,,
ADMI.ENDOFLOWERSEC.MAT,TGO,2016,0,,
ADMI.ENDOFLOWERSEC.MAT,TGO,2017,0,,
ADMI.ENDOFLOWERSEC.MAT,TGO,2018,0,,
ADMI.ENDOFLOWERSEC.MAT,TGO,2019,0,,
ADMI.ENDOFLOWERSEC.MAT,TGO,2020,0,,
ADMI.ENDOFLOWERSEC.MAT,TGO,2021,0,,
ADMI.ENDOFLOWERSEC.MAT,TGO,2022,0,,
ADMI.ENDOFLOWERSEC.MAT,TGO,2023,0,,
ADMI.ENDOFLOWERSEC.MAT,TGO,2024,1,,
ADMI.ENDOFLOWERSEC.MAT,TGO,2025,1,,
ADMI.ENDOFLOWERSEC.READ,TGO,2014,0,,
ADMI.ENDOFLOWERSEC.READ,TGO,2015,0,,
ADMI.ENDOFLOWERSEC.READ,TGO,2016,0,,
ADMI.ENDOFLOWERSEC.READ,TGO,2017,0,,
ADMI.ENDOFLOWERSEC.READ,TGO,2018,0,,
ADMI.ENDOFLOWERSEC.READ,TGO,2019,0,,
ADMI.ENDOFLOWERSEC.READ,TGO,2020,0,,
ADMI.ENDOFLOWERSEC.READ,TGO,2021,0,,
ADMI.ENDOFLOWERSEC.READ,TGO,2022,0,,
ADMI.ENDOFLOWERSEC.READ,TGO,2023,0,,
ADMI.ENDOFLOWERSEC.READ,TGO,2024,1,,
ADMI.ENDOFLOWERSEC.READ,TGO,2025,1,,
ADMI.ENDOFPRIM.MAT,TGO,2014,1,,
ADMI.ENDOFPRIM.MAT,TGO,2015,1,,
ADMI.ENDOFPRIM.MAT,TGO,2016,1,,
ADMI.ENDOFPRIM.MAT,TGO,2017,1,,
ADMI.ENDOFPRIM.MAT,TGO,2018,1,,
ADMI.ENDOFPRIM.MAT,TGO,2019,1,,
ADMI.ENDOFPRIM.MAT,TGO,2020,1,,
ADMI.ENDOFPRIM.MAT,TGO,2021,1,,
ADMI.ENDOFPRIM.MAT,TGO,2022,1,,
ADMI.ENDOFPRIM.MAT,TGO,2023,1,,
ADMI.ENDOFPRIM.MAT,TGO,2024,1,,
ADMI.ENDOFPRIM.MAT,TGO,2025,1,,
ADMI.ENDOFPRIM.READ,TGO,2014,1,,
ADMI.ENDOFPRIM.READ,TGO,2015,1,,
ADMI.ENDOFPRIM.READ,TGO,2016,1,,
ADMI.ENDOFPRIM.READ,TGO,2017,1,,
ADMI.ENDOFPRIM.READ,TGO,2018,1,,
ADMI.ENDOFPRIM.READ,TGO,2019,1,,
ADMI.ENDOFPRIM.READ,TGO,2020,1,,
ADMI.ENDOFPRIM.READ,TGO,2021,1,,
ADMI.ENDOFPRIM.READ,TGO,2022,1,,
ADMI.ENDOFPRIM.READ,TGO,2023,1,,
ADMI.ENDOFPRIM.READ,TGO,2024,1,,
ADMI.ENDOFPRIM.READ,TGO,2025,1,,
ADMI.GRADE2OR3PRIM.MAT,TGO,2014,1,,
ADMI.GRADE2OR3PRIM.MAT,TGO,2015,1,,
ADMI.GRADE2OR3PRIM.MAT,TGO,2016,1,,
ADMI.GRADE2OR3PRIM.MAT,TGO,2017,1,,
ADMI.GRADE2OR3PRIM.MAT,TGO,2018,1,,
ADMI.GRADE2OR3PRIM.MAT,TGO,2019,1,,
ADMI.GRADE2OR3PRIM.MAT,TGO,2020,1,,
ADMI.GRADE2OR3PRIM.MAT,TGO,2021,1,,
ADMI.GRADE2OR3PRIM.MAT,TGO,2022,1,,
ADMI.GRADE2OR3PRIM.MAT,TGO,2023,1,,
ADMI.GRADE2OR3PRIM.MAT,TGO,2024,1,,
ADMI.GRADE2OR3PRIM.MAT,TGO,2025,1,,
ADMI.GRADE2OR3PRIM.READ,TGO,2014,1,,
ADMI.GRADE2OR3PRIM.READ,TGO,2015,1,,
ADMI.GRADE2OR3PRIM.READ,TGO,2016,1,,
ADMI.GRADE2OR3PRIM.READ,TGO,2017,1,,
ADMI.GRADE2OR3PRIM.READ,TGO,2018,1,,
ADMI.GRADE2OR3PRIM.READ,TGO,2019,1,,
ADMI.GRADE2OR3PRIM.READ,TGO,2020,1,,
ADMI.GRADE2OR3PRIM.READ,TGO,2021,1,,
ADMI.GRADE2OR3PRIM.READ,TGO,2022,1,,
ADMI.GRADE2OR3PRIM.READ,TGO,2023,1,,
ADMI.GRADE2OR3PRIM.READ,TGO,2024,1,,
ADMI.GRADE2OR3PRIM.READ,TGO,2025,1,,
AIR.1.GLAST,TGO,1971,23.07475090026855,,
AIR.1.GLAST,TGO,1972,27.96862030029297,,
AIR.1.GLAST,TGO,1976,39.17935943603516,,
AIR.1.GLAST,TGO,1978,47.55854034423828,,
AIR.1.GLAST,TGO,1979,47.29074859619141,,
AIR.1.GLAST,TGO,1980,48.91107940673828,,
AIR.1.GLAST,TGO,1981,45.66104125976563,,UIS_EST
AIR.1.GLAST,TGO,1982,43.45806121826172,,
AIR.1.GLAST,TGO,1983,42.52610015869141,,
AIR.1.GLAST,TGO,1984,36.94012069702148,,
AIR.1.GLAST,TGO,1985,31.26943016052246,,
AIR.1.GLAST,TGO,1986,31.16080093383789,,
AIR.1.GLAST,TGO,1987,29.98513031005859,,
AIR.1.GLAST,TGO,1988,34.94282913208008,,
AIR.1.GLAST,TGO,1989,28.4714298248291,,
AIR.1.GLAST,TGO,1990,34.30566024780273,,
AIR.1.GLAST,TGO,1991,34.41439819335938,,
AIR.1.GLAST,TGO,1992,35.21305084228516,,
AIR.1.GLAST,TGO,1994,29.11494064331055,,
AIR.1.GLAST,TGO,1995,40.77603912353516,,
AIR.1.GLAST,TGO,1996,47.02394866943359,,
AIR.1.GLAST,TGO,1999,56.02349853515625,,
AIR.1.GLAST,TGO,2000,64.93171691894531,,
AIR.1.GLAST,TGO,2001,71.31465911865234,,
AIR.1.GLAST,TGO,2003,70.55619812011719,,
AIR.1.GLAST,TGO,2004,71.89163970947266,,
AIR.1.GLAST,TGO,2005,71.0247802734375,,
AIR.1.GLAST,TGO,2006,70.71247100830078,,
AIR.1.GLAST,TGO,2008,64.16957092285156,,
AIR.1.GLAST,TGO,2009,63.72492980957031,,
AIR.1.GLAST,TGO,2010,68.07041854312979,,
AIR.1.GLAST,TGO,2011,69.74152371403768,,
AIR.1.GLAST,TGO,2012,73.2405916294769,,
AIR.1.GLAST,TGO,2013,76.72079852672051,,
AIR.1.GLAST,TGO,2014,83.0191862165141,,
AIR.1.GLAST,TGO,2016,92.99580568362994,,
AIR.1.GLAST,TGO,2017,90.89084364594463,,
AIR.1.GLAST,TGO,2018,87.8468202323446,,
AIR.1.GLAST,TGO,2019,84.32486823191184,,
AIR.1.GLAST,TGO,2020,84.51386017644026,,
AIR.1.GLAST,TGO,2021,85.53836338967213,,
AIR.1.GLAST,TGO,2022,85.7062307406517,,
AIR.1.GLAST,TGO,2023,87.31582457751176,,
AIR.1.GLAST,TGO,2024,91.21931853488452,,
AIR.1.GLAST.F,TGO,1971,11.84537982940674,,
AIR.1.GLAST.F,TGO,1972,14.88630962371826,,
AIR.1.GLAST.F,TGO,1976,20.93283081054688,,
AIR.1.GLAST.F,TGO,1978,27.95161056518555,,
AIR.1.GLAST.F,TGO,1979,29.08004951477051,,
AIR.1.GLAST.F,TGO,1980,30.45022964477539,,
AIR.1.GLAST.F,TGO,1981,28.49485969543457,,UIS_EST
AIR.1.GLAST.F,TGO,1982,28.01148986816406,,
AIR.1.GLAST.F,TGO,1983,27.59145927429199,,
AIR.1.GLAST.F,TGO,1984,23.37762069702148,,
AIR.1.GLAST.F,TGO,1985,18.55388069152832,,
AIR.1.GLAST.F,TGO,1986,19.14257049560547,,
AIR.1.GLAST.F,TGO,1987,18.20548057556152,,
AIR.1.GLAST.F,TGO,1988,22.50227928161621,,
AIR.1.GLAST.F,TGO,1989,17.60408020019531,,
AIR.1.GLAST.F,TGO,1990,21.79207038879395,,
AIR.1.GLAST.F,TGO,1991,22.16654014587402,,
AIR.1.GLAST.F,TGO,1992,22.95380973815918,,
AIR.1.GLAST.F,TGO,1994,19.224609375,,
AIR.1.GLAST.F,TGO,1995,26.61882019042969,,
AIR.1.GLAST.F,TGO,1996,30.42787933349609,,
AIR.1.GLAST.F,TGO,1999,39.93215179443359,,
AIR.1.GLAST.F,TGO,2000,48.46633911132813,,
AIR.1.GLAST.F,TGO,2001,55.25537109375,,
AIR.1.GLAST.F,TGO,2003,57.97513961791992,,
AIR.1.GLAST.F,TGO,2004,60.21424102783203,,
AIR.1.GLAST.F,TGO,2005,59.74776840209961,,
AIR.1.GLAST.F,TGO,2006,59.89157104492188,,
AIR.1.GLAST.F,TGO,2008,54.15158843994141,,
AIR.1.GLAST.F,TGO,2009,54.34468078613281,,
AIR.1.GLAST.F,TGO,2010,59.41832123089422,,
AIR.1.GLAST.F,TGO,2011,61.37823080620709,,
AIR.1.GLAST.F,TGO,2012,65.53741398738882,,
AIR.1.GLAST.F,TGO,2013,70.55835197613722,,
AIR.1.GLAST.F,TGO,2014,77.52458160183483,,
AIR.1.GLAST.F,TGO,2016,89.91820516447763,,
AIR.1.GLAST.F,TGO,2017,87.36768189154631,,
AIR.1.GLAST.F,TGO,2018,85.7050661503711,,
AIR.1.GLAST.F,TGO,2019,82.75541525858647,,
AIR.1.GLAST.F,TGO,2020,83.22599421683128,,
AIR.1.GLAST.F,TGO,2021,83.50537927277679,,
AIR.1.GLAST.F,TGO,2022,84.15352678768606,,
AIR.1.GLAST.F,TGO,2023,86.96009944499886,,
AIR.1.GLAST.F,TGO,2024,90.9533532275797,,
AIR.1.GLAST.GPIA,TGO,1971,.3440099954605103,,
AIR.1.GLAST.GPIA,TGO,1972,.3613100051879883,,
AIR.1.GLAST.GPIA,TGO,1976,.3634200096130371,,
AIR.1.GLAST.GPIA,TGO,1978,.4151900112628937,,
AIR.1.GLAST.GPIA,TGO,1979,.4430699944496155,,
AIR.1.GLAST.GPIA,TGO,1980,.4512099921703339,,
AIR.1.GLAST.GPIA,TGO,1981,.452890008687973,,UIS_EST
AIR.1.GLAST.GPIA,TGO,1982,.4750399887561798,,
AIR.1.GLAST.GPIA,TGO,1983,.4798699915409088,,
AIR.1.GLAST.GPIA,TGO,1984,.4627699851989746,,
AIR.1.GLAST.GPIA,TGO,1985,.421999990940094,,
AIR.1.GLAST.GPIA,TGO,1986,.4437800049781799,,
AIR.1.GLAST.GPIA,TGO,1987,.4365099966526031,,
AIR.1.GLAST.GPIA,TGO,1988,.475600004196167,,
AIR.1.GLAST.GPIA,TGO,1989,.4482299983501434,,
AIR.1.GLAST.GPIA,TGO,1990,.4661099910736084,,
AIR.1.GLAST.GPIA,TGO,1991,.4757100045681,,
AIR.1.GLAST.GPIA,TGO,1992,.484279990196228,,
AIR.1.GLAST.GPIA,TGO,1994,.4939500093460083,,
AIR.1.GLAST.GPIA,TGO,1995,.4858300089836121,,
AIR.1.GLAST.GPIA,TGO,1996,.4797100126743317,,
AIR.1.GLAST.GPIA,TGO,1999,.5554500222206116,,
AIR.1.GLAST.GPIA,TGO,2000,.5971699953079224,,
AIR.1.GLAST.GPIA,TGO,2001,.6340699791908264,,
AIR.1.GLAST.GPIA,TGO,2003,.6988300085067749,,
AIR.1.GLAST.GPIA,TGO,2004,.7219799757003784,,
AIR.1.GLAST.GPIA,TGO,2005,.7273899912834167,,
AIR.1.GLAST.GPIA,TGO,2006,.7359700202941895,,
AIR.1.GLAST.GPIA,TGO,2008,.7313699722290039,,
AIR.1.GLAST.GPIA,TGO,2009,.7448099851608276,,
AIR.1.GLAST.GPIA,TGO,2010,.7757928036663981,,
AIR.1.GLAST.GPIA,TGO,2011,.7871817062420495,,
AIR.1.GLAST.GPIA,TGO,2012,.8109801054552023,,
AIR.1.GLAST.GPIA,TGO,2013,.8524374363696638,,
AIR.1.GLAST.GPIA,TGO,2014,.8768711165392581,,
AIR.1.GLAST.GPIA,TGO,2016,.9365281063726455,,
AIR.1.GLAST.GPIA,TGO,2017,.9260696626957923,,
AIR.1.GLAST.GPIA,TGO,2018,.9528600505244782,,
AIR.1.GLAST.GPIA,TGO,2019,.9638159966049132,,
AIR.1.GLAST.GPIA,TGO,2020,.9702784125237154,,
AIR.1.GLAST.GPIA,TGO,2021,.9540211275903516,,
AIR.1.GLAST.GPIA,TGO,2022,.9647643379708536,,
AIR.1.GLAST.GPIA,TGO,2023,.9919687492058754,,
AIR.1.GLAST.GPIA,TGO,2024,.994247901404238,,
AIR.1.GLAST.M,TGO,1971,34.43320846557617,,
AIR.1.GLAST.M,TGO,1972,41.20114135742188,,
AIR.1.GLAST.M,TGO,1976,57.60017013549805,,
AIR.1.GLAST.M,TGO,1978,67.32205200195313,,
AIR.1.GLAST.M,TGO,1979,65.63246154785156,,
AIR.1.GLAST.M,TGO,1980,67.48628997802734,,
AIR.1.GLAST.M,TGO,1981,62.91788864135742,,UIS_EST
AIR.1.GLAST.M,TGO,1982,58.96598815917969,,
AIR.1.GLAST.M,TGO,1983,57.49769973754883,,
AIR.1.GLAST.M,TGO,1984,50.51686096191406,,
AIR.1.GLAST.M,TGO,1985,43.96644973754883,,
AIR.1.GLAST.M,TGO,1986,43.13539123535156,,
AIR.1.GLAST.M,TGO,1987,41.70671081542969,,
AIR.1.GLAST.M,TGO,1988,47.31378173828125,,
AIR.1.GLAST.M,TGO,1989,39.2747802734375,,
AIR.1.GLAST.M,TGO,1990,46.75352096557617,,
AIR.1.GLAST.M,TGO,1991,46.59709930419922,,
AIR.1.GLAST.M,TGO,1992,47.39802169799805,,
AIR.1.GLAST.M,TGO,1994,38.92037963867188,,
AIR.1.GLAST.M,TGO,1995,54.79013824462891,,
AIR.1.GLAST.M,TGO,1996,63.42945098876953,,
AIR.1.GLAST.M,TGO,1999,71.89119720458984,,
AIR.1.GLAST.M,TGO,2000,81.16046905517578,,
AIR.1.GLAST.M,TGO,2001,87.14382171630859,,
AIR.1.GLAST.M,TGO,2003,82.95990753173828,,
AIR.1.GLAST.M,TGO,2004,83.40146636962891,,
AIR.1.GLAST.M,TGO,2005,82.14024353027344,,
AIR.1.GLAST.M,TGO,2006,81.37764739990234,,
AIR.1.GLAST.M,TGO,2008,74.04087066650391,,
AIR.1.GLAST.M,TGO,2009,72.96488189697266,,
AIR.1.GLAST.M,TGO,2010,76.59045166452064,,
AIR.1.GLAST.M,TGO,2011,77.9721255200689,,
AIR.1.GLAST.M,TGO,2012,80.81260384384242,,
AIR.1.GLAST.M,TGO,2013,82.77246982092798,,
AIR.1.GLAST.M,TGO,2014,88.4104632249727,,
AIR.1.GLAST.M,TGO,2016,96.01228682046525,,
AIR.1.GLAST.M,TGO,2017,94.3424511253491,,
AIR.1.GLAST.M,TGO,2018,89.94507231486604,,
AIR.1.GLAST.M,TGO,2019,85.86225539947073,,
AIR.1.GLAST.M,TGO,2020,85.77537451375287,,
AIR.1.GLAST.M,TGO,2021,87.52990563604507,,
AIR.1.GLAST.M,TGO,2022,87.22702889773318,,
AIR.1.GLAST.M,TGO,2023,87.6641522372707,,
AIR.1.GLAST.M,TGO,2024,91.47955263382566,,
AIR.2.GPV.GLAST,TGO,1971,4.322410106658936,,
AIR.2.GPV.GLAST,TGO,1972,5.954520225524902,,
AIR.2.GPV.GLAST,TGO,1973,5.70048999786377,,
AIR.2.GPV.GLAST,TGO,1974,6.754149913787842,,
AIR.2.GPV.GLAST,TGO,1975,8.361980438232422,,
AIR.2.GPV.GLAST,TGO,1976,9.680780410766602,,
AIR.2.GPV.GLAST,TGO,1977,12.80445957183838,,
AIR.2.GPV.GLAST,TGO,1978,15.66434001922607,,
AIR.2.GPV.GLAST,TGO,1979,18.9177303314209,,
AIR.2.GPV.GLAST,TGO,1980,21.86437034606934,,
AIR.2.GPV.GLAST,TGO,1981,21.30847930908203,,
AIR.2.GPV.GLAST,TGO,1982,20.73605918884277,,
AIR.2.GPV.GLAST,TGO,1983,16.77976989746094,,
AIR.2.GPV.GLAST,TGO,1984,12.39997959136963,,
AIR.2.GPV.GLAST,TGO,1985,11.19874000549316,,
AIR.2.GPV.GLAST,TGO,1986,10.81387996673584,,
AIR.2.GPV.GLAST,TGO,1987,10.88525009155273,,
AIR.2.GPV.GLAST,TGO,1988,10.02943992614746,,
AIR.2.GPV.GLAST,TGO,1989,11.25881004333496,,
AIR.2.GPV.GLAST,TGO,1990,12.64210033416748,,
AIR.2.GPV.GLAST,TGO,1991,12.18400001525879,,
AIR.2.GPV.GLAST,TGO,1992,13.07236003875732,,
AIR.2.GPV.GLAST,TGO,1994,12.15499973297119,,
AIR.2.GPV.GLAST,TGO,1995,15.55815029144287,,
AIR.2.GPV.GLAST,TGO,1996,15.63166046142578,,
AIR.2.GPV.GLAST,TGO,1999,20.46437072753906,,
AIR.2.GPV.GLAST,TGO,2000,22.29339027404785,,
AIR.2.GPV.GLAST,TGO,2001,26.13283920288086,,
AIR.2.GPV.GLAST,TGO,2002,29.2849292755127,,
AIR.2.GPV.GLAST,TGO,2003,31.51297950744629,,
AIR.2.GPV.GLAST,TGO,2004,34.1486701965332,,
AIR.2.GPV.GLAST,TGO,2005,38.18704986572266,,
AIR.2.GPV.GLAST,TGO,2006,38.19649124145508,,
AIR.2.GPV.GLAST,TGO,2007,32.11595153808594,,
AIR.2.GPV.GLAST,TGO,2008,33.68230819702148,,
AIR.2.GPV.GLAST,TGO,2010,33.74827776246899,,
AIR.2.GPV.GLAST,TGO,2011,37.83163923080055,,
AIR.2.GPV.GLAST,TGO,2013,37.76137359260373,,
AIR.2.GPV.GLAST,TGO,2014,36.55624674019514,,
AIR.2.GPV.GLAST,TGO,2015,39.56511273369173,,
AIR.2.GPV.GLAST,TGO,2016,41.46793503034957,,
AIR.2.GPV.GLAST,TGO,2017,45.60595116040638,,
AIR.2.GPV.GLAST,TGO,2018,47.22245857654192,,
AIR.2.GPV.GLAST,TGO,2019,49.74793360959071,,
AIR.2.GPV.GLAST,TGO,2020,52.00792853457873,,
AIR.2.GPV.GLAST,TGO,2021,56.67023862418651,,
AIR.2.GPV.GLAST,TGO,2022,61.7527576948989,,
AIR.2.GPV.GLAST,TGO,2023,56.68565085187509,,
AIR.2.GPV.GLAST,TGO,2024,56.62736842105262,,
AIR.2.GPV.GLAST.F,TGO,1974,2.795010089874268,,
AIR.2.GPV.GLAST.F,TGO,1975,3.200030088424683,,
AIR.2.GPV.GLAST.F,TGO,1976,3.762720108032227,,
AIR.2.GPV.GLAST.F,TGO,1977,4.90024995803833,,
AIR.2.GPV.GLAST.F,TGO,1978,6.248129844665527,,
AIR.2.GPV.GLAST.F,TGO,1979,7.880370140075684,,
AIR.2.GPV.GLAST.F,TGO,1980,8.620260238647461,,
AIR.2.GPV.GLAST.F,TGO,1981,8.710029602050781,,
AIR.2.GPV.GLAST.F,TGO,1982,8.870240211486816,,
AIR.2.GPV.GLAST.F,TGO,1983,7.307499885559082,,
AIR.2.GPV.GLAST.F,TGO,1984,5.120800018310547,,
AIR.2.GPV.GLAST.F,TGO,1985,4.737249851226807,,
AIR.2.GPV.GLAST.F,TGO,1986,4.584660053253174,,
AIR.2.GPV.GLAST.F,TGO,1987,4.593009948730469,,
AIR.2.GPV.GLAST.F,TGO,1988,4.192359924316406,,
AIR.2.GPV.GLAST.F,TGO,1989,4.864459991455078,,
AIR.2.GPV.GLAST.F,TGO,1990,5.867030143737793,,
AIR.2.GPV.GLAST.F,TGO,1991,5.808730125427246,,
AIR.2.GPV.GLAST.F,TGO,1992,5.719560146331787,,
AIR.2.GPV.GLAST.F,TGO,1994,6.006849765777588,,
AIR.2.GPV.GLAST.F,TGO,1995,8.221349716186523,,
AIR.2.GPV.GLAST.F,TGO,1996,7.95904016494751,,
AIR.2.GPV.GLAST.F,TGO,1999,11.30272006988525,,
AIR.2.GPV.GLAST.F,TGO,2000,13.4458703994751,,
AIR.2.GPV.GLAST.F,TGO,2001,16.31804084777832,,
AIR.2.GPV.GLAST.F,TGO,2002,18.3001708984375,,
AIR.2.GPV.GLAST.F,TGO,2003,20.42444038391113,,
AIR.2.GPV.GLAST.F,TGO,2004,22.77113914489746,,
AIR.2.GPV.GLAST.F,TGO,2005,25.91678047180176,,
AIR.2.GPV.GLAST.F,TGO,2006,26.49279022216797,,
AIR.2.GPV.GLAST.F,TGO,2007,21.58982086181641,,
AIR.2.GPV.GLAST.F,TGO,2008,23.02206039428711,,
AIR.2.GPV.GLAST.F,TGO,2010,23.56895809314794,,
AIR.2.GPV.GLAST.F,TGO,2011,27.54142776994759,,
AIR.2.GPV.GLAST.F,TGO,2013,28.80750158261237,,
AIR.2.GPV.GLAST.F,TGO,2014,28.33808094028281,,
AIR.2.GPV.GLAST.F,TGO,2015,31.43814375210173,,
AIR.2.GPV.GLAST.F,TGO,2016,33.83711777172267,,
AIR.2.GPV.GLAST.F,TGO,2017,38.25678681116955,,
AIR.2.GPV.GLAST.F,TGO,2018,40.7925808744297,,
AIR.2.GPV.GLAST.F,TGO,2019,44.50106394893045,,
AIR.2.GPV.GLAST.F,TGO,2020,46.94695464078266,,
AIR.2.GPV.GLAST.F,TGO,2021,51.18929318984291,,
AIR.2.GPV.GLAST.F,TGO,2022,58.3731570920183,,
AIR.2.GPV.GLAST.F,TGO,2023,53.81424178827664,,
AIR.2.GPV.GLAST.F,TGO,2024,54.36757247748088,,
AIR.2.GPV.GLAST.GPIA,TGO,1974,.2598499953746796,,
AIR.2.GPV.GLAST.GPIA,TGO,1975,.2356400042772293,,
AIR.2.GPV.GLAST.GPIA,TGO,1976,.2402099967002869,,
AIR.2.GPV.GLAST.GPIA,TGO,1977,.2356600016355515,,
AIR.2.GPV.GLAST.GPIA,TGO,1978,.2481700032949448,,
AIR.2.GPV.GLAST.GPIA,TGO,1979,.2621400058269501,,
AIR.2.GPV.GLAST.GPIA,TGO,1980,.2446999996900558,,
AIR.2.GPV.GLAST.GPIA,TGO,1981,.2561199963092804,,
AIR.2.GPV.GLAST.GPIA,TGO,1982,.2713800072669983,,
AIR.2.GPV.GLAST.GPIA,TGO,1983,.2777400016784668,,
AIR.2.GPV.GLAST.GPIA,TGO,1984,.2597100138664246,,
AIR.2.GPV.GLAST.GPIA,TGO,1985,.2678099870681763,,
AIR.2.GPV.GLAST.GPIA,TGO,1986,.2686800062656403,,
AIR.2.GPV.GLAST.GPIA,TGO,1987,.267190009355545,,
AIR.2.GPV.GLAST.GPIA,TGO,1988,.2641600072383881,,
AIR.2.GPV.GLAST.GPIA,TGO,1989,.275739997625351,,
AIR.2.GPV.GLAST.GPIA,TGO,1990,.3025799989700317,,
AIR.2.GPV.GLAST.GPIA,TGO,1991,.3135600090026855,,
AIR.2.GPV.GLAST.GPIA,TGO,1992,.2806499898433685,,
AIR.2.GPV.GLAST.GPIA,TGO,1994,.3288800120353699,,
AIR.2.GPV.GLAST.GPIA,TGO,1995,.3598600029945374,,
AIR.2.GPV.GLAST.GPIA,TGO,1996,.3423900008201599,,
AIR.2.GPV.GLAST.GPIA,TGO,1999,.382889986038208,,
AIR.2.GPV.GLAST.GPIA,TGO,2000,.4333699941635132,,
AIR.2.GPV.GLAST.GPIA,TGO,2001,.4556599855422974,,
AIR.2.GPV.GLAST.GPIA,TGO,2002,.4562700092792511,,
AIR.2.GPV.GLAST.GPIA,TGO,2003,.4813899993896484,,
AIR.2.GPV.GLAST.GPIA,TGO,2004,.5022100210189819,,
AIR.2.GPV.GLAST.GPIA,TGO,2005,.5156599879264832,,
AIR.2.GPV.GLAST.GPIA,TGO,2006,.5328800082206726,,
AIR.2.GPV.GLAST.GPIA,TGO,2007,.5082600116729736,,
AIR.2.GPV.GLAST.GPIA,TGO,2008,.5211799740791321,,
AIR.2.GPV.GLAST.GPIA,TGO,2010,.5385434423663706,,
AIR.2.GPV.GLAST.GPIA,TGO,2011,.5743369849182519,,
AIR.2.GPV.GLAST.GPIA,TGO,2013,.6186513247139795,,
AIR.2.GPV.GLAST.GPIA,TGO,2014,.6348921694555731,,
AIR.2.GPV.GLAST.GPIA,TGO,2015,.6611709972907981,,
AIR.2.GPV.GLAST.GPIA,TGO,2016,.6911738089554063,,
AIR.2.GPV.GLAST.GPIA,TGO,2017,.7244119557762705,,
AIR.2.GPV.GLAST.GPIA,TGO,2018,.7621809977912295,,
AIR.2.GPV.GLAST.GPIA,TGO,2019,.8108217584079455,,
AIR.2.GPV.GLAST.GPIA,TGO,2020,.8242062403000951,,
AIR.2.GPV.GLAST.GPIA,TGO,2021,.8252184050412391,,
AIR.2.GPV.GLAST.GPIA,TGO,2022,.8972413359761914,,
AIR.2.GPV.GLAST.GPIA,TGO,2023,.9045321109990911,,
AIR.2.GPV.GLAST.GPIA,TGO,2024,.9240289736024189,,
AIR.2.GPV.GLAST.M,TGO,1974,10.75613975524902,,
AIR.2.GPV.GLAST.M,TGO,1975,13.58028984069824,,
AIR.2.GPV.GLAST.M,TGO,1976,15.66415023803711,,
AIR.2.GPV.GLAST.M,TGO,1977,20.79340934753418,,
AIR.2.GPV.GLAST.M,TGO,1978,25.17645072937012,,
AIR.2.GPV.GLAST.M,TGO,1979,30.06163024902344,,
AIR.2.GPV.GLAST.M,TGO,1980,35.22748947143555,,
AIR.2.GPV.GLAST.M,TGO,1981,34.0070915222168,,
AIR.2.GPV.GLAST.M,TGO,1982,32.68539810180664,,
AIR.2.GPV.GLAST.M,TGO,1983,26.31100082397461,,
AIR.2.GPV.GLAST.M,TGO,1984,19.71742057800293,,
AIR.2.GPV.GLAST.M,TGO,1985,17.68907928466797,,
AIR.2.GPV.GLAST.M,TGO,1986,17.06390953063965,,
AIR.2.GPV.GLAST.M,TGO,1987,17.19005012512207,,
AIR.2.GPV.GLAST.M,TGO,1988,15.87047958374023,,
AIR.2.GPV.GLAST.M,TGO,1989,17.6417407989502,,
AIR.2.GPV.GLAST.M,TGO,1990,19.39012908935547,,
AIR.2.GPV.GLAST.M,TGO,1991,18.52515029907227,,
AIR.2.GPV.GLAST.M,TGO,1992,20.3797607421875,,
AIR.2.GPV.GLAST.M,TGO,1994,18.26457023620605,,
AIR.2.GPV.GLAST.M,TGO,1995,22.84612083435059,,
AIR.2.GPV.GLAST.M,TGO,1996,23.24580955505371,,
AIR.2.GPV.GLAST.M,TGO,1999,29.51951026916504,,
AIR.2.GPV.GLAST.M,TGO,2000,31.0264892578125,,
AIR.2.GPV.GLAST.M,TGO,2001,35.81195831298828,,
AIR.2.GPV.GLAST.M,TGO,2002,40.10860061645508,,
AIR.2.GPV.GLAST.M,TGO,2003,42.42774963378906,,
AIR.2.GPV.GLAST.M,TGO,2004,45.34159088134766,,
AIR.2.GPV.GLAST.M,TGO,2005,50.25899887084961,,
AIR.2.GPV.GLAST.M,TGO,2006,49.71623992919922,,
AIR.2.GPV.GLAST.M,TGO,2007,42.47768020629883,,
AIR.2.GPV.GLAST.M,TGO,2008,44.1732292175293,,
AIR.2.GPV.GLAST.M,TGO,2010,43.76426531086419,,
AIR.2.GPV.GLAST.M,TGO,2011,47.95342889831079,,
AIR.2.GPV.GLAST.M,TGO,2013,46.56500427915662,,
AIR.2.GPV.GLAST.M,TGO,2014,44.63447858332072,,
AIR.2.GPV.GLAST.M,TGO,2015,47.54918754894283,,
AIR.2.GPV.GLAST.M,TGO,2016,48.95601849100999,,
AIR.2.GPV.GLAST.M,TGO,2017,52.81081642305872,,
AIR.2.GPV.GLAST.M,TGO,2018,53.52085789680534,,
AIR.2.GPV.GLAST.M,TGO,2019,54.88390449253436,,
AIR.2.GPV.GLAST.M,TGO,2020,56.96020285370466,,
AIR.2.GPV.GLAST.M,TGO,2021,62.03120637776468,,
AIR.2.GPV.GLAST.M,TGO,2022,65.05847953216374,,
AIR.2.GPV.GLAST.M,TGO,2023,59.49400926058524,,
AIR.2.GPV.GLAST.M,TGO,2024,58.83751920193963,,
CR.1,TGO,2000,42.96,,
CR.1,TGO,2006,60.79055023193359,,
CR.1,TGO,2010,57.44461059570313,,
CR.1,TGO,2014,61.28725051879883,,
CR.1,TGO,2017,79.82733154296875,,
CR.1,TGO,2022,79.05648040771484,,
CR.1.ABL,TGO,2022,79.52826690673828,,
CR.1.ABL.F,TGO,2022,76.43618774414063,,
CR.1.ABL.GPIA,TGO,2022,.9234300255775452,,
CR.1.ABL.M,TGO,2022,82.77413177490234,,
CR.1.F,TGO,2000,35.45,,
CR.1.F,TGO,2006,59.20272064208984,,
CR.1.F,TGO,2010,53.48973083496094,,
CR.1.F,TGO,2014,57.59164047241211,,
CR.1.F,TGO,2017,76.37194061279297,,
CR.1.F,TGO,2022,76.20864868164063,,
CR.1.F.LPIA,TGO,2006,.6143800020217896,,
CR.1.F.LPIA,TGO,2010,.5476999878883362,,
CR.1.F.LPIA,TGO,2014,.6519899964332581,,
CR.1.F.LPIA,TGO,2017,.8681300282478333,,
CR.1.F.LPIA,TGO,2022,.7748100161552429,,
CR.1.F.WPIA,TGO,2006,.3256300091743469,,
CR.1.F.WPIA,TGO,2010,.323419988155365,,
CR.1.F.WPIA,TGO,2014,.4194700121879578,,
CR.1.F.WPIA,TGO,2017,.67194002866745,,
CR.1.GPIA,TGO,2000,.7273286581039429,,
CR.1.GPIA,TGO,2006,.9583600163459778,,
CR.1.GPIA,TGO,2010,.8803099989891052,,
CR.1.GPIA,TGO,2014,.8921399712562561,,
CR.1.GPIA,TGO,2017,.9197900295257568,,
CR.1.GPIA,TGO,2022,.928600013256073,,
CR.1.LPIA,TGO,2000,.5375128388404846,,
CR.1.LPIA,TGO,2006,.6206300258636475,,
CR.1.LPIA,TGO,2010,.6144800186157227,,
CR.1.LPIA,TGO,2014,.6693900227546692,,
CR.1.LPIA,TGO,2017,.8823400139808655,,
CR.1.LPIA,TGO,2022,.8156999945640564,,
CR.1.M,TGO,2000,48.74,,
CR.1.M,TGO,2006,61.77471923828125,,
CR.1.M,TGO,2010,60.7624397277832,,
CR.1.M,TGO,2014,64.55419921875,,
CR.1.M,TGO,2017,83.03211975097656,,
CR.1.M,TGO,2022,82.06855773925781,,
CR.1.M.LPIA,TGO,2006,.6066700220108032,,
CR.1.M.LPIA,TGO,2010,.6523900032043457,,
CR.1.M.LPIA,TGO,2014,.6704199910163879,,
CR.1.M.LPIA,TGO,2017,.8815299868583679,,
CR.1.M.LPIA,TGO,2022,.8485900163650513,,
CR.1.M.WPIA,TGO,2006,.422760009765625,,
CR.1.M.WPIA,TGO,2010,.3609800040721893,,
CR.1.M.WPIA,TGO,2014,.5218499898910522,,
CR.1.M.WPIA,TGO,2017,.7014099955558777,,
CR.1.Q1,TGO,2000,26.02,,
CR.1.Q1,TGO,2006,34.10369873046875,,
CR.1.Q1,TGO,2010,29.64969062805176,,
CR.1.Q1,TGO,2014,40.53144073486328,,
CR.1.Q1,TGO,2017,62.36946105957031,,
CR.1.Q1.F,TGO,2006,23.79367065429688,,
CR.1.Q1.F,TGO,2010,23.77396011352539,,
CR.1.Q1.F,TGO,2014,34.04716110229492,,
CR.1.Q1.F,TGO,2017,55.15414810180664,,
CR.1.Q1.GPIA,TGO,2006,.6178399920463562,,
CR.1.Q1.GPIA,TGO,2010,.7123799920082092,,
CR.1.Q1.GPIA,TGO,2014,.74617999792099,,
CR.1.Q1.GPIA,TGO,2017,.8180299997329712,,
CR.1.Q1.M,TGO,2006,38.5112190246582,,
CR.1.Q1.M,TGO,2010,33.37245178222656,,
CR.1.Q1.M,TGO,2014,45.62860870361328,,
CR.1.Q1.M,TGO,2017,67.42353820800781,,
CR.1.Q2,TGO,2000,24.93,,
CR.1.Q2,TGO,2006,42.405029296875,,
CR.1.Q2,TGO,2010,41.80265045166016,,
CR.1.Q2,TGO,2014,45.40353012084961,,
CR.1.Q2,TGO,2017,77.26222229003906,,
CR.1.Q2.F,TGO,2006,39.83282852172852,,
CR.1.Q2.F,TGO,2010,31.93379020690918,,
CR.1.Q2.F,TGO,2014,41.44419097900391,,
CR.1.Q2.F,TGO,2017,71.13585662841797,,
CR.1.Q2.GPIA,TGO,2006,.9154700040817261,,
CR.1.Q2.GPIA,TGO,2010,.6543099880218506,,
CR.1.Q2.GPIA,TGO,2014,.8607800006866455,,
CR.1.Q2.GPIA,TGO,2017,.8665400147438049,,
CR.1.Q2.LPIA,TGO,2006,.9009900093078613,,
CR.1.Q2.M,TGO,2006,43.51079940795898,,
CR.1.Q2.M,TGO,2010,48.80527114868164,,
CR.1.Q2.M,TGO,2014,48.14743041992188,,
CR.1.Q2.M,TGO,2017,82.091552734375,,
CR.1.Q3,TGO,2000,36.83,,
CR.1.Q3,TGO,2006,58.74563980102539,,
CR.1.Q3,TGO,2010,57.37215042114258,,
CR.1.Q3,TGO,2014,66.55742645263672,,
CR.1.Q3,TGO,2017,81.50283050537109,,
CR.1.Q3.F,TGO,2006,55.57294082641602,,
CR.1.Q3.F,TGO,2010,51.85995101928711,,
CR.1.Q3.F,TGO,2014,60.37699127197266,,
CR.1.Q3.F,TGO,2017,79.20378112792969,,
CR.1.Q3.F.LPIA,TGO,2006,1.176040053367615,,
CR.1.Q3.F.LPIA,TGO,2010,.6873700022697449,,
CR.1.Q3.F.LPIA,TGO,2017,1.058030009269714,,
CR.1.Q3.GPIA,TGO,2006,.9201200008392334,,
CR.1.Q3.GPIA,TGO,2010,.8413500189781189,,
CR.1.Q3.GPIA,TGO,2014,.8367699980735779,,
CR.1.Q3.GPIA,TGO,2017,.9496099948883057,,
CR.1.Q3.LPIA,TGO,2006,1.137159943580627,,
CR.1.Q3.LPIA,TGO,2010,.8442000150680542,,
CR.1.Q3.LPIA,TGO,2014,.9640200138092041,,
CR.1.Q3.LPIA,TGO,2017,1.029999971389771,,
CR.1.Q3.M,TGO,2006,60.39754104614258,,
CR.1.Q3.M,TGO,2010,61.63919067382813,,
CR.1.Q3.M,TGO,2014,72.15514373779297,,
CR.1.Q3.M,TGO,2017,83.40679168701172,,
CR.1.Q3.M.LPIA,TGO,2006,1.108479976654053,,
CR.1.Q3.M.LPIA,TGO,2010,.9784799814224243,,
CR.1.Q3.M.LPIA,TGO,2017,1.011039972305298,,
CR.1.Q4,TGO,2000,46.38,,
CR.1.Q4,TGO,2006,74.668212890625,,
CR.1.Q4,TGO,2010,71.38139343261719,,
CR.1.Q4,TGO,2014,73.65013122558594,,
CR.1.Q4,TGO,2017,86.85002136230469,,
CR.1.Q4.F,TGO,2006,74.11109924316406,,
CR.1.Q4.F,TGO,2010,68.78695678710938,,
CR.1.Q4.F,TGO,2014,64.90899658203125,,
CR.1.Q4.F,TGO,2017,85.83621215820313,,
CR.1.Q4.F.LPIA,TGO,2006,.8072500228881836,,
CR.1.Q4.F.LPIA,TGO,2010,.8114399909973145,,
CR.1.Q4.F.LPIA,TGO,2014,1.02512001991272,,
CR.1.Q4.F.LPIA,TGO,2017,1.003960013389587,,
CR.1.Q4.GPIA,TGO,2006,.987060010433197,,
CR.1.Q4.GPIA,TGO,2010,.9373099803924561,,
CR.1.Q4.GPIA,TGO,2014,.8091899752616882,,
CR.1.Q4.GPIA,TGO,2017,.9771400094032288,,
CR.1.Q4.LPIA,TGO,2006,.79066002368927,,
CR.1.Q4.LPIA,TGO,2010,.8662199974060059,,
CR.1.Q4.LPIA,TGO,2014,1.040949940681458,,
CR.1.Q4.LPIA,TGO,2017,1.017300009727478,,
CR.1.Q4.M,TGO,2006,75.08244323730469,,
CR.1.Q4.M,TGO,2010,73.38778686523438,,
CR.1.Q4.M,TGO,2014,80.21449279785156,,
CR.1.Q4.M,TGO,2017,87.84465026855469,,
CR.1.Q4.M.LPIA,TGO,2006,.7771700024604797,,
CR.1.Q4.M.LPIA,TGO,2010,.9180399775505066,,
CR.1.Q4.M.LPIA,TGO,2014,1.077460050582886,,
CR.1.Q4.M.LPIA,TGO,2017,1.023800015449524,,
CR.1.Q5,TGO,2000,65.83,,
CR.1.Q5,TGO,2006,82.12497711181641,,
CR.1.Q5,TGO,2010,81.18750762939453,,
CR.1.Q5,TGO,2014,83.68318939208984,,
CR.1.Q5,TGO,2017,87.88287353515625,,
CR.1.Q5.F,TGO,2006,73.0703125,,
CR.1.Q5.F,TGO,2010,73.50743103027344,,
CR.1.Q5.F,TGO,2014,81.16641998291016,,
CR.1.Q5.F,TGO,2017,82.08168029785156,,
CR.1.Q5.F.LPIA,TGO,2017,1.055269956588745,,
CR.1.Q5.GPIA,TGO,2006,.8021399974822998,,
CR.1.Q5.GPIA,TGO,2010,.7951200008392334,,
CR.1.Q5.GPIA,TGO,2014,.9282900094985962,,
CR.1.Q5.GPIA,TGO,2017,.8539000153541565,,
CR.1.Q5.LPIA,TGO,2010,1.144000053405762,,
CR.1.Q5.LPIA,TGO,2017,1.04558002948761,,
CR.1.Q5.M,TGO,2006,91.09372711181641,,
CR.1.Q5.M,TGO,2010,92.44854736328125,,
CR.1.Q5.M,TGO,2014,87.43634033203125,,
CR.1.Q5.M,TGO,2017,96.12542724609375,,
CR.1.Q5.M.LPIA,TGO,2017,1.044829964637756,,
CR.1.RUR,TGO,2000,31.38,,
CR.1.RUR,TGO,2006,48.09798812866211,,
CR.1.RUR,TGO,2010,46.11277008056641,,
CR.1.RUR,TGO,2014,51.87408065795898,,
CR.1.RUR,TGO,2017,75.63488006591797,,
CR.1.RUR,TGO,2022,71.18327331542969,,
CR.1.RUR.F,TGO,2006,44.43101119995117,,
CR.1.RUR.F,TGO,2010,39.36109924316406,,
CR.1.RUR.F,TGO,2014,47.35675048828125,,
CR.1.RUR.F,TGO,2017,71.39483642578125,,
CR.1.RUR.F,TGO,2022,66.23941802978516,,
CR.1.RUR.F.WPIA,TGO,2017,.640500009059906,,
CR.1.RUR.GPIA,TGO,2006,.8922399878501892,,
CR.1.RUR.GPIA,TGO,2010,.7705399990081787,,
CR.1.RUR.GPIA,TGO,2014,.8541399836540222,,
CR.1.RUR.GPIA,TGO,2017,.903249979019165,,
CR.1.RUR.GPIA,TGO,2022,.8733100295066833,,
CR.1.RUR.M,TGO,2006,49.79737091064453,,
CR.1.RUR.M,TGO,2010,51.08234024047852,,
CR.1.RUR.M,TGO,2014,55.44363021850586,,
CR.1.RUR.M,TGO,2017,79.04247283935547,,
CR.1.RUR.M,TGO,2022,75.84873962402344,,
CR.1.RUR.M.WPIA,TGO,2017,.6742399930953979,,
CR.1.RUR.Q1,TGO,2006,34.25490188598633,,
CR.1.RUR.Q1,TGO,2010,29.76584053039551,,
CR.1.RUR.Q1,TGO,2014,40.42184829711914,,
CR.1.RUR.Q1,TGO,2017,62.36946105957031,,
CR.1.RUR.Q1.F,TGO,2006,23.5297794342041,,
CR.1.RUR.Q1.F,TGO,2010,24.32711982727051,,
CR.1.RUR.Q1.F,TGO,2014,33.9834098815918,,
CR.1.RUR.Q1.F,TGO,2017,55.15414810180664,,
CR.1.RUR.Q1.GPIA,TGO,2006,.6059499979019165,,
CR.1.RUR.Q1.GPIA,TGO,2010,.7330899834632874,,
CR.1.RUR.Q1.GPIA,TGO,2014,.7488399744033813,,
CR.1.RUR.Q1.GPIA,TGO,2017,.8180299997329712,,
CR.1.RUR.Q1.M,TGO,2006,38.83135986328125,,
CR.1.RUR.Q1.M,TGO,2010,33.18429183959961,,
CR.1.RUR.Q1.M,TGO,2014,45.3814697265625,,
CR.1.RUR.Q1.M,TGO,2017,67.42353820800781,,
CR.1.RUR.Q2,TGO,2006,42.1296501159668,,
CR.1.RUR.Q2,TGO,2010,41.85049057006836,,
CR.1.RUR.Q2,TGO,2014,45.85503005981445,,
CR.1.RUR.Q2,TGO,2017,77.33582305908203,,
CR.1.RUR.Q2.F,TGO,2006,38.6050910949707,,
CR.1.RUR.Q2.F,TGO,2010,31.35569953918457,,
CR.1.RUR.Q2.F,TGO,2014,42.15036010742188,,
CR.1.RUR.Q2.F,TGO,2017,71.40598297119141,,
CR.1.RUR.Q2.GPIA,TGO,2006,.8853700160980225,,
CR.1.RUR.Q2.GPIA,TGO,2010,.6322600245475769,,
CR.1.RUR.Q2.GPIA,TGO,2014,.8708299994468689,,
CR.1.RUR.Q2.GPIA,TGO,2017,.8702700138092041,,
CR.1.RUR.Q2.M,TGO,2006,43.60346984863281,,
CR.1.RUR.Q2.M,TGO,2010,49.59312057495117,,
CR.1.RUR.Q2.M,TGO,2014,48.40256881713867,,
CR.1.RUR.Q2.M,TGO,2017,82.05043792724609,,
CR.1.RUR.Q3,TGO,2006,60.52341079711914,,
CR.1.RUR.Q3,TGO,2010,55.45438003540039,,
CR.1.RUR.Q3,TGO,2014,66.30341339111328,,
CR.1.RUR.Q3,TGO,2017,82.26702880859375,,
CR.1.RUR.Q3.F,TGO,2006,58.07329940795898,,
CR.1.RUR.Q3.F,TGO,2010,47.83308029174805,,
CR.1.RUR.Q3.F,TGO,2014,61.80495071411133,,
CR.1.RUR.Q3.F,TGO,2017,80.59162902832031,,
CR.1.RUR.Q3.GPIA,TGO,2006,.9408299922943115,,
CR.1.RUR.Q3.GPIA,TGO,2010,.7792500257492065,,
CR.1.RUR.Q3.GPIA,TGO,2014,.8788300156593323,,
CR.1.RUR.Q3.GPIA,TGO,2017,.9628300070762634,,
CR.1.RUR.Q3.M,TGO,2006,61.72549057006836,,
CR.1.RUR.Q3.M,TGO,2010,61.38375854492188,,
CR.1.RUR.Q3.M,TGO,2014,70.32614135742188,,
CR.1.RUR.Q3.M,TGO,2017,83.70272827148438,,
CR.1.RUR.Q4,TGO,2006,63.34244918823242,,
CR.1.RUR.Q4,TGO,2010,64.33036041259766,,
CR.1.RUR.Q4,TGO,2014,76.02729034423828,,
CR.1.RUR.Q4,TGO,2017,88.03449249267578,,
CR.1.RUR.Q4.F,TGO,2006,63.25683975219727,,
CR.1.RUR.Q4.F,TGO,2010,59.39384078979492,,
CR.1.RUR.Q4.F,TGO,2014,66.12438201904297,,
CR.1.RUR.Q4.F,TGO,2017,86.11312866210938,,
CR.1.RUR.Q4.GPIA,TGO,2006,.9978600144386292,,
CR.1.RUR.Q4.GPIA,TGO,2010,.8622199892997742,,
CR.1.RUR.Q4.GPIA,TGO,2014,.7740499973297119,,
CR.1.RUR.Q4.GPIA,TGO,2017,.962909996509552,,
CR.1.RUR.Q4.M,TGO,2006,63.39263916015625,,
CR.1.RUR.Q4.M,TGO,2010,68.88448333740234,,
CR.1.RUR.Q4.M,TGO,2014,85.42677307128906,,
CR.1.RUR.Q4.M,TGO,2017,89.43031311035156,,
CR.1.RUR.Q5,TGO,2010,93.51039886474609,,
CR.1.RUR.Q5,TGO,2017,91.441650390625,,
CR.1.RUR.Q5.F,TGO,2017,86.11077117919922,,
CR.1.RUR.Q5.GPIA,TGO,2017,.8611099720001221,,
CR.1.RUR.Q5.M,TGO,2017,100,,
CR.1.RUR.WPIA,TGO,2010,.3183200061321259,,
CR.1.RUR.WPIA,TGO,2017,.6820700168609619,,
CR.1.URB,TGO,2000,58.38,,
CR.1.URB,TGO,2006,77.4984130859375,,
CR.1.URB,TGO,2010,75.043212890625,,
CR.1.URB,TGO,2014,77.49440765380859,,
CR.1.URB,TGO,2017,85.72042846679688,,
CR.1.URB,TGO,2022,87.26647186279297,,
CR.1.URB.F,TGO,2006,72.31810760498047,,
CR.1.URB.F,TGO,2010,71.86631774902344,,
CR.1.URB.F,TGO,2014,72.6336669921875,,
CR.1.URB.F,TGO,2017,82.23977661132813,,
CR.1.URB.F,TGO,2022,85.49124908447266,,
CR.1.URB.GPIA,TGO,2006,.8810399770736694,,
CR.1.URB.GPIA,TGO,2010,.9178299903869629,,
CR.1.URB.GPIA,TGO,2014,.878279983997345,,
CR.1.URB.GPIA,TGO,2017,.9171900153160095,,
CR.1.URB.GPIA,TGO,2022,.9564700126647949,,
CR.1.URB.M,TGO,2006,82.0830078125,,
CR.1.URB.M,TGO,2010,78.30040740966797,,
CR.1.URB.M,TGO,2014,82.69954681396484,,
CR.1.URB.M,TGO,2017,89.66507720947266,,
CR.1.URB.M,TGO,2022,89.38197326660156,,
CR.1.URB.Q2,TGO,2006,46.75928115844727,,
CR.1.URB.Q3,TGO,2006,52.22222137451172,,
CR.1.URB.Q3,TGO,2010,65.68843078613281,,
CR.1.URB.Q3,TGO,2014,68.77790069580078,,
CR.1.URB.Q3,TGO,2017,79.79924774169922,,
CR.1.URB.Q3.F,TGO,2006,47.850341796875,,
CR.1.URB.Q3.F,TGO,2010,69.58899688720703,,
CR.1.URB.Q3.F,TGO,2017,75.91478729248047,,
CR.1.URB.Q3.GPIA,TGO,2006,.8695399761199951,,
CR.1.URB.Q3.GPIA,TGO,2010,1.098510026931763,,
CR.1.URB.Q3.GPIA,TGO,2017,.9170799851417542,,
CR.1.URB.Q3.M,TGO,2006,55.02949905395508,,
CR.1.URB.Q3.M,TGO,2010,62.73403167724609,,
CR.1.URB.Q3.M,TGO,2017,82.77897644042969,,
CR.1.URB.Q4,TGO,2006,80.113037109375,,
CR.1.URB.Q4,TGO,2010,74.26526641845703,,
CR.1.URB.Q4,TGO,2014,72.91435241699219,,
CR.1.URB.Q4,TGO,2017,86.51151275634766,,
CR.1.URB.Q4.F,TGO,2006,78.36068725585938,,
CR.1.URB.Q4.F,TGO,2010,73.19516754150391,,
CR.1.URB.Q4.F,TGO,2014,64.46320343017578,,
CR.1.URB.Q4.F,TGO,2017,85.77174377441406,,
CR.1.URB.Q4.GPIA,TGO,2006,.960669994354248,,
CR.1.URB.Q4.GPIA,TGO,2010,.9754899740219116,,
CR.1.URB.Q4.GPIA,TGO,2014,.8179600238800049,,
CR.1.URB.Q4.GPIA,TGO,2017,.9824699759483337,,
CR.1.URB.Q4.M,TGO,2006,81.56893920898438,,
CR.1.URB.Q4.M,TGO,2010,75.03444671630859,,
CR.1.URB.Q4.M,TGO,2014,78.8094482421875,,
CR.1.URB.Q4.M,TGO,2017,87.30177307128906,,
CR.1.URB.Q5,TGO,2006,82.75843811035156,,
CR.1.URB.Q5,TGO,2010,80.04498291015625,,
CR.1.URB.Q5,TGO,2014,83.91220092773438,,
CR.1.URB.Q5,TGO,2017,87.2740478515625,,
CR.1.URB.Q5.F,TGO,2006,73.31005859375,,
CR.1.URB.Q5.F,TGO,2010,72.64399719238281,,
CR.1.URB.Q5.F,TGO,2014,81.15119934082031,,
CR.1.URB.Q5.F,TGO,2017,81.351806640625,,
CR.1.URB.Q5.GPIA,TGO,2006,.7948499917984009,,
CR.1.URB.Q5.GPIA,TGO,2010,.7940700054168701,,
CR.1.URB.Q5.GPIA,TGO,2014,.9220700263977051,,
CR.1.URB.Q5.GPIA,TGO,2017,.8517000079154968,,
CR.1.URB.Q5.M,TGO,2006,92.23179626464844,,
CR.1.URB.Q5.M,TGO,2010,91.48329162597656,,
CR.1.URB.Q5.M,TGO,2014,88.01006317138672,,
CR.1.URB.Q5.M,TGO,2017,95.51692199707031,,
CR.1.WPIA,TGO,2000,.3952605128288269,,
CR.1.WPIA,TGO,2006,.4152700006961823,,
CR.1.WPIA,TGO,2010,.365200012922287,,
CR.1.WPIA,TGO,2014,.4843400120735168,,
CR.1.WPIA,TGO,2017,.7096899747848511,,
CR.2,TGO,2000,11.69,,
CR.2,TGO,2006,29.44824981689453,,
CR.2,TGO,2010,26.85206031799316,,
CR.2,TGO,2014,23.87191963195801,,
CR.2,TGO,2017,47.48648834228516,,
CR.2,TGO,2022,47.65789031982422,,
CR.2.ABL,TGO,2022,47.52096939086914,,
CR.2.ABL.F,TGO,2022,41.6326904296875,,
CR.2.ABL.GPIA,TGO,2022,.7745599746704102,,
CR.2.ABL.M,TGO,2022,53.75040054321289,,
CR.2.F,TGO,2000,5.46,,
CR.2.F,TGO,2006,21.08106994628906,,
CR.2.F,TGO,2010,18.85489082336426,,
CR.2.F,TGO,2014,18.5744800567627,,
CR.2.F,TGO,2017,39.26419830322266,,
CR.2.F,TGO,2022,42.31301116943359,,
CR.2.F.LPIA,TGO,2006,.2742300033569336,,
CR.2.F.LPIA,TGO,2010,.2212499976158142,,
CR.2.F.LPIA,TGO,2014,.2364400029182434,,
CR.2.F.LPIA,TGO,2017,.5099400281906128,,
CR.2.F.LPIA,TGO,2022,.4628399908542633,,
CR.2.F.WPIA,TGO,2006,.0096199996769428,,
CR.2.F.WPIA,TGO,2010,0,NIL,
CR.2.F.WPIA,TGO,2014,.0585700012743473,,
CR.2.F.WPIA,TGO,2017,.2202499955892563,,
CR.2.GPIA,TGO,2000,.3165217339992523,,
CR.2.GPIA,TGO,2006,.5753999948501587,,
CR.2.GPIA,TGO,2010,.5332199931144714,,
CR.2.GPIA,TGO,2014,.6433799862861633,,
CR.2.GPIA,TGO,2017,.714739978313446,,
CR.2.GPIA,TGO,2022,.7933400273323059,,
CR.2.LPIA,TGO,2000,.2573995888233185,,
CR.2.LPIA,TGO,2006,.2807300090789795,,
CR.2.LPIA,TGO,2010,.3239200115203857,,
CR.2.LPIA,TGO,2014,.2887400090694427,,
CR.2.LPIA,TGO,2017,.5994499921798706,,
CR.2.LPIA,TGO,2022,.5146700143814087,,
CR.2.M,TGO,2000,17.25,,
CR.2.M,TGO,2006,36.63753128051758,,
CR.2.M,TGO,2010,35.36053848266602,,
CR.2.M,TGO,2014,28.87005043029785,,
CR.2.M,TGO,2017,54.93513107299805,,
CR.2.M,TGO,2022,53.33549118041992,,
CR.2.M.LPIA,TGO,2006,.2769100069999695,,
CR.2.M.LPIA,TGO,2010,.3671500086784363,,
CR.2.M.LPIA,TGO,2014,.3000200092792511,,
CR.2.M.LPIA,TGO,2017,.6555299758911133,,
CR.2.M.LPIA,TGO,2022,.5712100267410278,,
CR.2.M.WPIA,TGO,2006,.126570001244545,,
CR.2.M.WPIA,TGO,2010,.096390001475811,,
CR.2.M.WPIA,TGO,2014,.1161599978804588,,
CR.2.M.WPIA,TGO,2017,.3980799913406372,,
CR.2.Q1,TGO,2000,3.36,,
CR.2.Q1,TGO,2006,5.499509811401367,,
CR.2.Q1,TGO,2010,3.112129926681519,,
CR.2.Q1,TGO,2014,5.328889846801758,,
CR.2.Q1,TGO,2017,22.73575973510742,,
CR.2.Q1.F,TGO,2006,.3526799976825714,,
CR.2.Q1.F,TGO,2010,0,NIL,
CR.2.Q1.F,TGO,2014,2.345540046691895,,
CR.2.Q1.F,TGO,2017,13.37292957305908,,
CR.2.Q1.GPIA,TGO,2006,.0385200008749962,,
CR.2.Q1.GPIA,TGO,2010,0,NIL,
CR.2.Q1.GPIA,TGO,2014,.3196099996566772,,
CR.2.Q1.GPIA,TGO,2017,.4445399940013885,,
CR.2.Q1.M,TGO,2006,9.155670166015625,,
CR.2.Q1.M,TGO,2010,6.073490142822266,,
CR.2.Q1.M,TGO,2014,7.338769912719727,,
CR.2.Q1.M,TGO,2017,30.08286094665527,,
CR.2.Q2,TGO,2000,8.83,,
CR.2.Q2,TGO,2006,10.50699996948242,,
CR.2.Q2,TGO,2010,9.169779777526855,,
CR.2.Q2,TGO,2014,10.64441967010498,,
CR.2.Q2,TGO,2017,33.13088989257813,,
CR.2.Q2.F,TGO,2006,5.393219947814941,,
CR.2.Q2.F,TGO,2010,3.18284010887146,,
CR.2.Q2.F,TGO,2014,5.231520175933838,,
CR.2.Q2.F,TGO,2017,17.11216926574707,,
CR.2.Q2.GPIA,TGO,2006,.3808600008487701,,
CR.2.Q2.GPIA,TGO,2010,.2071299999952316,,
CR.2.Q2.GPIA,TGO,2014,.3510499894618988,,
CR.2.Q2.GPIA,TGO,2017,.3626799881458282,,
CR.2.Q2.M,TGO,2006,14.16046047210693,,
CR.2.Q2.M,TGO,2010,15.36649990081787,,
CR.2.Q2.M,TGO,2014,14.90231990814209,,
CR.2.Q2.M,TGO,2017,47.1826286315918,,
CR.2.Q3,TGO,2000,5.319999999999999,,
CR.2.Q3,TGO,2006,22.10578918457031,,
CR.2.Q3,TGO,2010,16.27643013000488,,
CR.2.Q3,TGO,2014,15.58030033111572,,
CR.2.Q3,TGO,2017,44.85860061645508,,
CR.2.Q3.F,TGO,2006,13.522780418396,,
CR.2.Q3.F,TGO,2010,10.25234031677246,,
CR.2.Q3.F,TGO,2014,11.7154598236084,,
CR.2.Q3.F,TGO,2017,40.17544937133789,,
CR.2.Q3.F.LPIA,TGO,2006,.9729300141334534,,
CR.2.Q3.F.LPIA,TGO,2010,.5665199756622314,,
CR.2.Q3.F.LPIA,TGO,2017,.7367600202560425,,
CR.2.Q3.GPIA,TGO,2006,.478630006313324,,
CR.2.Q3.GPIA,TGO,2010,.4594500064849854,,
CR.2.Q3.GPIA,TGO,2014,.6185899972915649,,
CR.2.Q3.GPIA,TGO,2017,.8168399930000305,,
CR.2.Q3.LPIA,TGO,2006,.5436199903488159,,
CR.2.Q3.LPIA,TGO,2010,.697409987449646,,
CR.2.Q3.LPIA,TGO,2014,.5138599872589111,,
CR.2.Q3.LPIA,TGO,2017,.8644599914550781,,
CR.2.Q3.M,TGO,2006,28.25337982177734,,
CR.2.Q3.M,TGO,2010,22.31450080871582,,
CR.2.Q3.M,TGO,2014,18.93910980224609,,
CR.2.Q3.M,TGO,2017,49.18410873413086,,
CR.2.Q3.M.LPIA,TGO,2006,.467629998922348,,
CR.2.Q3.M.LPIA,TGO,2010,.7471100091934204,,
CR.2.Q3.M.LPIA,TGO,2017,.9599800109863281,,
CR.2.Q4,TGO,2000,8.609999999999999,,
CR.2.Q4,TGO,2006,35.01646041870117,,
CR.2.Q4,TGO,2010,35.81505966186523,,
CR.2.Q4,TGO,2014,30.64912033081055,,
CR.2.Q4,TGO,2017,56.35689163208008,,
CR.2.Q4.F,TGO,2006,26.36071014404297,,
CR.2.Q4.F,TGO,2010,20.07673072814941,,
CR.2.Q4.F,TGO,2014,19.75168991088867,,
CR.2.Q4.F,TGO,2017,47.51197052001953,,
CR.2.Q4.F.LPIA,TGO,2006,.6178399920463562,,
CR.2.Q4.F.LPIA,TGO,2010,.9635400176048279,,
CR.2.Q4.F.LPIA,TGO,2014,1.007069945335388,,
CR.2.Q4.F.LPIA,TGO,2017,.8869500160217285,,
CR.2.Q4.GPIA,TGO,2006,.6140900254249573,,
CR.2.Q4.GPIA,TGO,2010,.3977999985218048,,
CR.2.Q4.GPIA,TGO,2014,.4646599888801575,,
CR.2.Q4.GPIA,TGO,2017,.7423099875450134,,
CR.2.Q4.LPIA,TGO,2006,.509880006313324,,
CR.2.Q4.LPIA,TGO,2010,.9343400001525879,,
CR.2.Q4.LPIA,TGO,2014,.9714400172233582,,
CR.2.Q4.LPIA,TGO,2017,.8355399966239929,,
CR.2.Q4.M,TGO,2006,42.92670822143555,,
CR.2.Q4.M,TGO,2010,50.46908187866211,,
CR.2.Q4.M,TGO,2014,42.50814056396484,,
CR.2.Q4.M,TGO,2017,64.00537109375,,
CR.2.Q4.M.LPIA,TGO,2006,.4690900146961212,,
CR.2.Q4.M.LPIA,TGO,2010,.9156799912452698,,
CR.2.Q4.M.LPIA,TGO,2014,1.042739987373352,,
CR.2.Q4.M.LPIA,TGO,2017,.8346400260925293,,
CR.2.Q5,TGO,2000,23.22,,
CR.2.Q5,TGO,2006,53.28723907470703,,
CR.2.Q5,TGO,2010,50.24940872192383,,
CR.2.Q5,TGO,2014,49.9599494934082,,
CR.2.Q5,TGO,2017,67.99220275878906,,
CR.2.Q5.F,TGO,2006,36.65016174316406,,
CR.2.Q5.F,TGO,2010,41.11225891113281,,
CR.2.Q5.F,TGO,2014,40.04529190063477,,
CR.2.Q5.F,TGO,2017,60.71773147583008,,
CR.2.Q5.F.LPIA,TGO,2017,1.286720037460327,,
CR.2.Q5.GPIA,TGO,2006,.5066400170326233,,
CR.2.Q5.GPIA,TGO,2010,.6525099873542786,,
CR.2.Q5.GPIA,TGO,2014,.6338499784469604,,
CR.2.Q5.GPIA,TGO,2017,.8034700155258179,,
CR.2.Q5.LPIA,TGO,2017,1.175920009613037,,
CR.2.Q5.M,TGO,2006,72.33953094482422,,
CR.2.Q5.M,TGO,2010,63.00643920898438,,
CR.2.Q5.M,TGO,2014,63.17834091186523,,
CR.2.Q5.M,TGO,2017,75.56932830810547,,
CR.2.Q5.M.LPIA,TGO,2017,1.058320045471191,,
CR.2.RUR,TGO,2000,4.87,,
CR.2.RUR,TGO,2006,12.79002952575684,,
CR.2.RUR,TGO,2010,13.28684997558594,,
CR.2.RUR,TGO,2014,11.56046009063721,,
CR.2.RUR,TGO,2017,36.35031890869141,,
CR.2.RUR,TGO,2022,31.43568992614746,,
CR.2.RUR.F,TGO,2006,8.826470375061035,,
CR.2.RUR.F,TGO,2010,6.724679946899414,,
CR.2.RUR.F,TGO,2014,7.361020088195801,,
CR.2.RUR.F,TGO,2017,27.061279296875,,
CR.2.RUR.F,TGO,2022,26.18889999389648,,
CR.2.RUR.F.WPIA,TGO,2017,.1648100018501282,,
CR.2.RUR.GPIA,TGO,2006,.5519300103187561,,
CR.2.RUR.GPIA,TGO,2010,.3423799872398376,,
CR.2.RUR.GPIA,TGO,2014,.4900400042533875,,
CR.2.RUR.GPIA,TGO,2017,.6087700128555298,,
CR.2.RUR.GPIA,TGO,2022,.6992800235748291,,
CR.2.RUR.M,TGO,2006,15.99213027954102,,
CR.2.RUR.M,TGO,2010,19.64108085632324,,
CR.2.RUR.M,TGO,2014,15.02118968963623,,
CR.2.RUR.M,TGO,2017,44.45272064208984,,
CR.2.RUR.M,TGO,2022,37.45109939575195,,
CR.2.RUR.M.WPIA,TGO,2017,.3777100145816803,,
CR.2.RUR.Q1,TGO,2006,5.315239906311035,,
CR.2.RUR.Q1,TGO,2010,2.935640096664429,,
CR.2.RUR.Q1,TGO,2014,5.286670207977295,,
CR.2.RUR.Q1,TGO,2017,22.73575973510742,,
CR.2.RUR.Q1.F,TGO,2006,.3526799976825714,,
CR.2.RUR.Q1.F,TGO,2010,0,NIL,
CR.2.RUR.Q1.F,TGO,2014,2.377239942550659,,
CR.2.RUR.Q1.F,TGO,2017,13.37292957305908,,
CR.2.RUR.Q1.GPIA,TGO,2006,.0392999984323978,,
CR.2.RUR.Q1.GPIA,TGO,2010,0,NIL,
CR.2.RUR.Q1.GPIA,TGO,2014,.3270800113677979,,
CR.2.RUR.Q1.GPIA,TGO,2017,.4445399940013885,,
CR.2.RUR.Q1.M,TGO,2006,8.974140167236328,,
CR.2.RUR.Q1.M,TGO,2010,5.757689952850342,,
CR.2.RUR.Q1.M,TGO,2014,7.267960071563721,,
CR.2.RUR.Q1.M,TGO,2017,30.08286094665527,,
CR.2.RUR.Q2,TGO,2006,10.12580966949463,,
CR.2.RUR.Q2,TGO,2010,8.959890365600586,,
CR.2.RUR.Q2,TGO,2014,10.13385009765625,,
CR.2.RUR.Q2,TGO,2017,32.68267059326172,,
CR.2.RUR.Q2.F,TGO,2006,4.713220119476318,,
CR.2.RUR.Q2.F,TGO,2010,3.312999963760376,,
CR.2.RUR.Q2.F,TGO,2014,4.421619892120361,,
CR.2.RUR.Q2.F,TGO,2017,17.11216926574707,,
CR.2.RUR.Q2.GPIA,TGO,2006,.3347499966621399,,
CR.2.RUR.Q2.GPIA,TGO,2010,.2246699929237366,,
CR.2.RUR.Q2.GPIA,TGO,2014,.3014400005340576,,
CR.2.RUR.Q2.GPIA,TGO,2017,.3678900003433228,,
CR.2.RUR.Q2.M,TGO,2006,14.07987022399902,,
CR.2.RUR.Q2.M,TGO,2010,14.74598979949951,,
CR.2.RUR.Q2.M,TGO,2014,14.66853046417236,,
CR.2.RUR.Q2.M,TGO,2017,46.51409912109375,,
CR.2.RUR.Q3,TGO,2006,17.97670936584473,,
CR.2.RUR.Q3,TGO,2010,14.65180969238281,,
CR.2.RUR.Q3,TGO,2014,14.15318965911865,,
CR.2.RUR.Q3,TGO,2017,42.48691177368164,,
CR.2.RUR.Q3.F,TGO,2006,13.42603015899658,,
CR.2.RUR.Q3.F,TGO,2010,8.510970115661621,,
CR.2.RUR.Q3.F,TGO,2014,10.39556980133057,,
CR.2.RUR.Q3.F,TGO,2017,35.27566909790039,,
CR.2.RUR.Q3.GPIA,TGO,2006,.6288599967956543,,
CR.2.RUR.Q3.GPIA,TGO,2010,.4128699898719788,,
CR.2.RUR.Q3.GPIA,TGO,2014,.5926100015640259,,
CR.2.RUR.Q3.GPIA,TGO,2017,.7269600033760071,,
CR.2.RUR.Q3.M,TGO,2006,21.34989929199219,,
CR.2.RUR.Q3.M,TGO,2010,20.61400985717773,,
CR.2.RUR.Q3.M,TGO,2014,17.54210090637207,,
CR.2.RUR.Q3.M,TGO,2017,48.52516174316406,,
CR.2.RUR.Q4,TGO,2006,20.29133987426758,,
CR.2.RUR.Q4,TGO,2010,34.02907943725586,,
CR.2.RUR.Q4,TGO,2014,29.9424991607666,,
CR.2.RUR.Q4,TGO,2017,48.85287857055664,,
CR.2.RUR.Q4.F,TGO,2006,18.22061920166016,,
CR.2.RUR.Q4.F,TGO,2010,19.5228099822998,,
CR.2.RUR.Q4.F,TGO,2014,19.86105918884277,,
CR.2.RUR.Q4.F,TGO,2017,43.38470077514648,,
CR.2.RUR.Q4.GPIA,TGO,2006,.8014699816703796,,
CR.2.RUR.Q4.GPIA,TGO,2010,.4133299887180328,,
CR.2.RUR.Q4.GPIA,TGO,2014,.4506900012493134,,
CR.2.RUR.Q4.GPIA,TGO,2017,.7865800261497498,,
CR.2.RUR.Q4.M,TGO,2006,22.7338695526123,,
CR.2.RUR.Q4.M,TGO,2010,47.2330207824707,,
CR.2.RUR.Q4.M,TGO,2014,44.06840896606445,,
CR.2.RUR.Q4.M,TGO,2017,55.15631866455078,,
CR.2.RUR.Q5,TGO,2017,80.40788269042969,,
CR.2.RUR.Q5.F,TGO,2017,81.14232635498047,,
CR.2.RUR.Q5.GPIA,TGO,2017,1.018450021743774,,
CR.2.RUR.Q5.M,TGO,2017,79.64541625976563,,
CR.2.RUR.WPIA,TGO,2017,.2827599942684174,,
CR.2.URB,TGO,2000,18.92,,
CR.2.URB,TGO,2006,45.5595817565918,,
CR.2.URB,TGO,2010,41.01927947998047,,
CR.2.URB,TGO,2014,40.03757858276367,,
CR.2.URB,TGO,2017,60.63901901245117,,
CR.2.URB,TGO,2022,61.07966995239258,,
CR.2.URB.F,TGO,2006,32.18666076660156,,
CR.2.URB.F,TGO,2010,30.39463043212891,,
CR.2.URB.F,TGO,2014,31.13279914855957,,
CR.2.URB.F,TGO,2017,53.06716918945313,,
CR.2.URB.F,TGO,2022,56.58272933959961,,
CR.2.URB.GPIA,TGO,2006,.5573300123214722,,
CR.2.URB.GPIA,TGO,2010,.5681700110435486,,
CR.2.URB.GPIA,TGO,2014,.6218299865722656,,
CR.2.URB.GPIA,TGO,2017,.7825700044631958,,
CR.2.URB.GPIA,TGO,2022,.8629999756813049,,
CR.2.URB.M,TGO,2006,57.75202178955078,,
CR.2.URB.M,TGO,2010,53.49533081054688,,
CR.2.URB.M,TGO,2014,50.066650390625,,
CR.2.URB.M,TGO,2017,67.81143188476563,,
CR.2.URB.M,TGO,2022,65.56488800048828,,
CR.2.URB.Q3,TGO,2006,33.06871032714844,,
CR.2.URB.Q3,TGO,2010,21.00881004333496,,
CR.2.URB.Q3,TGO,2014,27.54311943054199,,
CR.2.URB.Q3,TGO,2017,49.14871978759766,,
CR.2.URB.Q3.F,TGO,2006,13.79951953887939,,
CR.2.URB.Q3.F,TGO,2010,15.02318954467773,,
CR.2.URB.Q3.F,TGO,2017,47.87929153442383,,
CR.2.URB.Q3.GPIA,TGO,2006,.3022499978542328,,
CR.2.URB.Q3.GPIA,TGO,2010,.54448002576828,,
CR.2.URB.Q3.GPIA,TGO,2017,.9472100138664246,,
CR.2.URB.Q3.M,TGO,2006,45.65587997436523,,
CR.2.URB.Q3.M,TGO,2010,27.59184074401855,,
CR.2.URB.Q3.M,TGO,2017,50.54792022705078,,
CR.2.URB.Q4,TGO,2006,39.79627990722656,,
CR.2.URB.Q4,TGO,2010,36.42058944702148,,
CR.2.URB.Q4,TGO,2014,30.82280921936035,,
CR.2.URB.Q4,TGO,2017,58.46871185302734,,
CR.2.URB.Q4.F,TGO,2006,29.49098014831543,,
CR.2.URB.Q4.F,TGO,2010,20.26158905029297,,
CR.2.URB.Q4.F,TGO,2014,19.72068023681641,,
CR.2.URB.Q4.F,TGO,2017,48.91424942016602,,
CR.2.URB.Q4.GPIA,TGO,2006,.608519971370697,,
CR.2.URB.Q4.GPIA,TGO,2010,.3928000032901764,,
CR.2.URB.Q4.GPIA,TGO,2014,.4674800038337708,,
CR.2.URB.Q4.GPIA,TGO,2017,.7401800155639648,,
CR.2.URB.Q4.M,TGO,2006,48.46329879760742,,
CR.2.URB.Q4.M,TGO,2010,51.58237838745117,,
CR.2.URB.Q4.M,TGO,2014,42.18495941162109,,
CR.2.URB.Q4.M,TGO,2017,66.08424377441406,,
CR.2.URB.Q5,TGO,2006,54.34938812255859,,
CR.2.URB.Q5,TGO,2010,50.54388046264648,,
CR.2.URB.Q5,TGO,2014,49.93843841552734,,
CR.2.URB.Q5,TGO,2017,66.26236724853516,,
CR.2.URB.Q5.F,TGO,2006,37.53792953491211,,
CR.2.URB.Q5.F,TGO,2010,41.43463897705078,,
CR.2.URB.Q5.F,TGO,2014,40.38034820556641,,
CR.2.URB.Q5.F,TGO,2017,57.87733840942383,,
CR.2.URB.Q5.GPIA,TGO,2006,.5164300203323364,,
CR.2.URB.Q5.GPIA,TGO,2010,.6497200131416321,,
CR.2.URB.Q5.GPIA,TGO,2014,.6442199945449829,,
CR.2.URB.Q5.GPIA,TGO,2017,.7716900110244751,,
CR.2.URB.Q5.M,TGO,2006,72.68721008300781,,
CR.2.URB.Q5.M,TGO,2010,63.77331924438477,,
CR.2.URB.Q5.M,TGO,2014,62.68146896362305,,
CR.2.URB.Q5.M,TGO,2017,75.00032806396484,,
CR.2.WPIA,TGO,2000,.1447028368711472,,
CR.2.WPIA,TGO,2006,.1032000035047531,,
CR.2.WPIA,TGO,2010,.0619300007820129,,
CR.2.WPIA,TGO,2014,.1066600009799004,,
CR.2.WPIA,TGO,2017,.3343900144100189,,
CR.3,TGO,2000,.7799999999999999,,
CR.3,TGO,2006,9.416330337524414,,
CR.3,TGO,2010,9.704259872436523,,
CR.3,TGO,2014,15.00666046142578,,
CR.3,TGO,2017,21.27341079711914,,
CR.3,TGO,2022,29.46147918701172,,
CR.3.ABL,TGO,2022,29.53544044494629,,
CR.3.ABL.F,TGO,2022,23.0163402557373,,
CR.3.ABL.GPIA,TGO,2022,.6015899777412415,,
CR.3.ABL.M,TGO,2022,38.25920867919922,,
CR.3.F,TGO,2000,.47,,
CR.3.F,TGO,2006,6.893400192260742,,
CR.3.F,TGO,2010,7.240009784698486,,
CR.3.F,TGO,2014,10.00675010681152,,
CR.3.F,TGO,2017,11.93194007873535,,
CR.3.F,TGO,2022,23.19083976745605,,
CR.3.F.LPIA,TGO,2006,.0377900004386902,,
CR.3.F.LPIA,TGO,2010,.0940100029110909,,
CR.3.F.LPIA,TGO,2014,.0473299995064735,,
CR.3.F.LPIA,TGO,2017,.222790002822876,,
CR.3.F.LPIA,TGO,2022,.2036499977111816,,
CR.3.F.WPIA,TGO,2006,0,NIL,
CR.3.F.WPIA,TGO,2010,0,NIL,
CR.3.F.WPIA,TGO,2014,0,NIL,
CR.3.GPIA,TGO,2000,.4272727370262146,,
CR.3.GPIA,TGO,2006,.5903099775314331,,
CR.3.GPIA,TGO,2010,.581529974937439,,
CR.3.GPIA,TGO,2014,.4874700009822845,,
CR.3.GPIA,TGO,2017,.3809399902820587,,
CR.3.GPIA,TGO,2022,.6135200262069702,,
CR.3.LPIA,TGO,2006,.1235200017690659,,
CR.3.LPIA,TGO,2010,.1390299946069717,,
CR.3.LPIA,TGO,2014,.1374399960041046,,
CR.3.LPIA,TGO,2017,.2892599999904633,,
CR.3.LPIA,TGO,2022,.254150003194809,,
CR.3.M,TGO,2000,1.1,,
CR.3.M,TGO,2006,11.67768955230713,,
CR.3.M,TGO,2010,12.44995975494385,,
CR.3.M,TGO,2014,20.52783012390137,,
CR.3.M,TGO,2017,31.32197952270508,,
CR.3.M,TGO,2022,37.79986953735352,,
CR.3.M.LPIA,TGO,2006,.1569799929857254,,
CR.3.M.LPIA,TGO,2010,.1781399995088577,,
CR.3.M.LPIA,TGO,2014,.1956399977207184,,
CR.3.M.LPIA,TGO,2017,.3485200107097626,,
CR.3.M.LPIA,TGO,2022,.3041000068187714,,
CR.3.M.WPIA,TGO,2006,.1242600008845329,,
CR.3.M.WPIA,TGO,2010,.0635199993848801,,
CR.3.M.WPIA,TGO,2014,.0437100008130074,,
CR.3.M.WPIA,TGO,2017,.0264199990779161,,
CR.3.Q1,TGO,2000,.4,,
CR.3.Q1,TGO,2006,1.715229988098145,,
CR.3.Q1,TGO,2010,.6113799810409546,,
CR.3.Q1,TGO,2014,.8891900181770325,,
CR.3.Q1,TGO,2017,.5956299901008606,,
CR.3.Q1.F,TGO,2006,0,NIL,
CR.3.Q1.F,TGO,2010,0,NIL,
CR.3.Q1.F,TGO,2014,0,NIL,
CR.3.Q1.GPIA,TGO,2006,0,NIL,
CR.3.Q1.GPIA,TGO,2010,0,NIL,
CR.3.Q1.GPIA,TGO,2014,0,NIL,
CR.3.Q1.M,TGO,2006,2.960400104522705,,
CR.3.Q1.M,TGO,2010,1.360129952430725,,
CR.3.Q1.M,TGO,2014,1.719720005989075,,
CR.3.Q1.M,TGO,2017,1.244060039520264,,
CR.3.Q2,TGO,2000,0,NIL,
CR.3.Q2,TGO,2006,.7775300145149231,,
CR.3.Q2,TGO,2010,.9939500093460083,,
CR.3.Q2,TGO,2014,3.469919919967651,,
CR.3.Q2,TGO,2017,7.002810001373291,,
CR.3.Q2.F,TGO,2006,0,NIL,
CR.3.Q2.F,TGO,2010,.6632900238037109,,
CR.3.Q2.F,TGO,2014,0,NIL,
CR.3.Q2.F,TGO,2017,4.534319877624512,,
CR.3.Q2.GPIA,TGO,2006,0,NIL,
CR.3.Q2.GPIA,TGO,2010,.4833000004291534,,
CR.3.Q2.GPIA,TGO,2014,0,NIL,
CR.3.Q2.GPIA,TGO,2017,.4302400052547455,,
CR.3.Q2.M,TGO,2006,1.436050057411194,,
CR.3.Q2.M,TGO,2010,1.37241005897522,,
CR.3.Q2.M,TGO,2014,7.943870067596436,,
CR.3.Q2.M,TGO,2017,10.5390796661377,,
CR.3.Q3,TGO,2000,0,NIL,
CR.3.Q3,TGO,2006,2.627439975738525,,
CR.3.Q3,TGO,2010,5.043869972229004,,
CR.3.Q3,TGO,2014,1.507979989051819,,
CR.3.Q3,TGO,2017,17.66929054260254,,
CR.3.Q3.F,TGO,2006,2.180670022964478,,
CR.3.Q3.F,TGO,2010,0,NIL,
CR.3.Q3.F,TGO,2014,0,NIL,
CR.3.Q3.F,TGO,2017,8.374819755554199,,
CR.3.Q3.F.LPIA,TGO,2006,0,NIL,
CR.3.Q3.F.LPIA,TGO,2017,.6555600166320801,,
CR.3.Q3.GPIA,TGO,2006,.7359600067138672,,
CR.3.Q3.GPIA,TGO,2010,0,NIL,
CR.3.Q3.GPIA,TGO,2014,0,NIL,
CR.3.Q3.GPIA,TGO,2017,.2979699969291687,,
CR.3.Q3.LPIA,TGO,2006,.2912099957466125,,
CR.3.Q3.LPIA,TGO,2010,.1063800007104874,,
CR.3.Q3.LPIA,TGO,2017,.5985400080680847,,
CR.3.Q3.M,TGO,2006,2.96301007270813,,
CR.3.Q3.M,TGO,2010,10.10558032989502,,
CR.3.Q3.M,TGO,2014,2.951620101928711,,
CR.3.Q3.M,TGO,2017,28.10629081726074,,
CR.3.Q3.M.LPIA,TGO,2006,.7398399710655212,,
CR.3.Q3.M.LPIA,TGO,2010,.1274500042200089,,
CR.3.Q3.M.LPIA,TGO,2017,.5917500257492065,,
CR.3.Q4,TGO,2000,0,NIL,
CR.3.Q4,TGO,2006,10.32754993438721,,
CR.3.Q4,TGO,2010,10.8715295791626,,
CR.3.Q4,TGO,2014,16.27695083618164,,
CR.3.Q4,TGO,2017,26.35510063171387,,
CR.3.Q4.F,TGO,2006,5.142469882965088,,
CR.3.Q4.F,TGO,2010,6.57459020614624,,
CR.3.Q4.F,TGO,2014,9.298020362854004,,
CR.3.Q4.F,TGO,2017,10.73470973968506,,
CR.3.Q4.F.LPIA,TGO,2006,.6034299731254578,,
CR.3.Q4.F.LPIA,TGO,2010,1.015640020370483,,
CR.3.Q4.F.LPIA,TGO,2014,.7859899997711182,,
CR.3.Q4.F.LPIA,TGO,2017,.2870999872684479,,
CR.3.Q4.GPIA,TGO,2006,.3401800096035004,,
CR.3.Q4.GPIA,TGO,2010,.4342699944972992,,
CR.3.Q4.GPIA,TGO,2014,.3724400103092194,,
CR.3.Q4.GPIA,TGO,2017,.256630003452301,,
CR.3.Q4.LPIA,TGO,2006,.2339600026607513,,
CR.3.Q4.LPIA,TGO,2010,.5747299790382385,,
CR.3.Q4.LPIA,TGO,2014,1.049839973449707,,
CR.3.Q4.LPIA,TGO,2017,.9378899931907654,,
CR.3.Q4.M,TGO,2006,15.11707973480225,,
CR.3.Q4.M,TGO,2010,15.1392297744751,,
CR.3.Q4.M,TGO,2014,24.96492958068848,,
CR.3.Q4.M,TGO,2017,41.82981109619141,,
CR.3.Q4.M.LPIA,TGO,2006,.131970003247261,,
CR.3.Q4.M.LPIA,TGO,2010,.4356800019741058,,
CR.3.Q4.M.LPIA,TGO,2014,1.204759955406189,,
CR.3.Q4.M.LPIA,TGO,2017,1.27715003490448,,
CR.3.Q5,TGO,2000,2.44,,
CR.3.Q5,TGO,2006,19.29805946350098,,
CR.3.Q5,TGO,2010,19.30014038085938,,
CR.3.Q5,TGO,2014,31.04685020446777,,
CR.3.Q5,TGO,2017,36.7064208984375,,
CR.3.Q5.F,TGO,2006,15.09321022033691,,
CR.3.Q5.F,TGO,2010,17.61790084838867,,
CR.3.Q5.F,TGO,2014,23.38615036010742,,
CR.3.Q5.F,TGO,2017,25.93633079528809,,
CR.3.Q5.GPIA,TGO,2006,.6335399746894836,,
CR.3.Q5.GPIA,TGO,2010,.8227599859237671,,
CR.3.Q5.GPIA,TGO,2014,.5943700075149536,,
CR.3.Q5.GPIA,TGO,2017,.550849974155426,,
CR.3.Q5.LPIA,TGO,2017,.7250499725341797,,
CR.3.Q5.M,TGO,2006,23.8236198425293,,
CR.3.Q5.M,TGO,2010,21.41316986083984,,
CR.3.Q5.M,TGO,2014,39.34624862670898,,
CR.3.Q5.M,TGO,2017,47.08435821533203,,
CR.3.RUR,TGO,2000,0,NIL,
CR.3.RUR,TGO,2006,1.916339993476868,,
CR.3.RUR,TGO,2010,2.274630069732666,,
CR.3.RUR,TGO,2014,3.425820112228394,,
CR.3.RUR,TGO,2017,9.260199546813965,,
CR.3.RUR,TGO,2022,11.11250019073486,,
CR.3.RUR.F,TGO,2006,.4339199960231781,,
CR.3.RUR.F,TGO,2010,1.222339987754822,,
CR.3.RUR.F,TGO,2014,.8528400063514709,,
CR.3.RUR.F,TGO,2017,4.362339973449707,,
CR.3.RUR.F,TGO,2022,7.311669826507568,,
CR.3.RUR.GPIA,TGO,2006,.1412999927997589,,
CR.3.RUR.GPIA,TGO,2010,.3454999923706055,,
CR.3.RUR.GPIA,TGO,2014,.1345700025558472,,
CR.3.RUR.GPIA,TGO,2017,.2852999866008759,,
CR.3.RUR.GPIA,TGO,2022,.4467499852180481,,
CR.3.RUR.M,TGO,2006,3.070899963378906,,
CR.3.RUR.M,TGO,2010,3.537930011749268,,
CR.3.RUR.M,TGO,2014,6.337649822235107,,
CR.3.RUR.M,TGO,2017,15.2905797958374,,
CR.3.RUR.M,TGO,2022,16.36627960205078,,
CR.3.RUR.Q1,TGO,2006,1.739979982376099,,
CR.3.RUR.Q1,TGO,2010,.6173400282859802,,
CR.3.RUR.Q1,TGO,2014,.9124500155448914,,
CR.3.RUR.Q1,TGO,2017,.5956299901008606,,
CR.3.RUR.Q1.F,TGO,2006,0,NIL,
CR.3.RUR.Q1.F,TGO,2010,0,NIL,
CR.3.RUR.Q1.F,TGO,2014,0,NIL,
CR.3.RUR.Q1.GPIA,TGO,2006,0,NIL,
CR.3.RUR.Q1.GPIA,TGO,2010,0,NIL,
CR.3.RUR.Q1.GPIA,TGO,2014,0,NIL,
CR.3.RUR.Q1.M,TGO,2006,3.016109943389893,,
CR.3.RUR.Q1.M,TGO,2010,1.375910043716431,,
CR.3.RUR.Q1.M,TGO,2014,1.78560996055603,,
CR.3.RUR.Q1.M,TGO,2017,1.244060039520264,,
CR.3.RUR.Q2,TGO,2006,.8301200270652771,,
CR.3.RUR.Q2,TGO,2010,1.01121997833252,,
CR.3.RUR.Q2,TGO,2014,3.526050090789795,,
CR.3.RUR.Q2,TGO,2017,6.153069972991943,,
CR.3.RUR.Q2.F,TGO,2006,0,NIL,
CR.3.RUR.Q2.F,TGO,2010,.6759600043296814,,
CR.3.RUR.Q2.F,TGO,2014,0,NIL,
CR.3.RUR.Q2.F,TGO,2017,4.534319877624512,,
CR.3.RUR.Q2.GPIA,TGO,2006,0,NIL,
CR.3.RUR.Q2.GPIA,TGO,2010,.4850699901580811,,
CR.3.RUR.Q2.GPIA,TGO,2014,0,NIL,
CR.3.RUR.Q2.GPIA,TGO,2017,.5319300293922424,,
CR.3.RUR.Q2.M,TGO,2006,1.541200041770935,,
CR.3.RUR.Q2.M,TGO,2010,1.393540024757385,,
CR.3.RUR.Q2.M,TGO,2014,8.183699607849121,,
CR.3.RUR.Q2.M,TGO,2017,8.524259567260742,,
CR.3.RUR.Q3,TGO,2006,1.571200013160706,,
CR.3.RUR.Q3,TGO,2010,1.803230047225952,,
CR.3.RUR.Q3,TGO,2014,1.322250008583069,,
CR.3.RUR.Q3,TGO,2017,14.14589977264404,,
CR.3.RUR.Q3.F,TGO,2006,0,NIL,
CR.3.RUR.Q3.F,TGO,2010,0,NIL,
CR.3.RUR.Q3.F,TGO,2014,0,NIL,
CR.3.RUR.Q3.F,TGO,2017,7.025020122528076,,
CR.3.RUR.Q3.GPIA,TGO,2006,0,NIL,
CR.3.RUR.Q3.GPIA,TGO,2010,0,NIL,
CR.3.RUR.Q3.GPIA,TGO,2014,0,NIL,
CR.3.RUR.Q3.GPIA,TGO,2017,.3150700032711029,,
CR.3.RUR.Q3.M,TGO,2006,2.710239887237549,,
CR.3.RUR.Q3.M,TGO,2010,3.765929937362671,,
CR.3.RUR.Q3.M,TGO,2014,2.632560014724731,,
CR.3.RUR.Q3.M,TGO,2017,22.29641914367676,,
CR.3.RUR.Q4,TGO,2006,2.923850059509277,,
CR.3.RUR.Q4,TGO,2010,6.973589897155762,,
CR.3.RUR.Q4,TGO,2014,16.96257019042969,,
CR.3.RUR.Q4,TGO,2017,24.99777984619141,,
CR.3.RUR.Q4.F,TGO,2006,3.404819965362549,,
CR.3.RUR.Q4.F,TGO,2010,6.648530006408691,,
CR.3.RUR.Q4.F,TGO,2014,7.633009910583496,,
CR.3.RUR.Q4.F,TGO,2017,3.626290082931519,,
CR.3.RUR.Q4.GPIA,TGO,2006,1.268239974975586,,
CR.3.RUR.Q4.GPIA,TGO,2010,.8938400149345398,,
CR.3.RUR.Q4.GPIA,TGO,2014,.2542200088500977,,
CR.3.RUR.Q4.GPIA,TGO,2017,.0662700012326241,,
CR.3.RUR.Q4.M,TGO,2006,2.491509914398193,,
CR.3.RUR.Q4.M,TGO,2010,7.43818998336792,,
CR.3.RUR.Q4.M,TGO,2014,30.02580070495605,,
CR.3.RUR.Q4.M,TGO,2017,54.72106170654297,,
CR.3.RUR.Q5,TGO,2017,27.29253959655762,,
CR.3.RUR.WPIA,TGO,2017,.0218199994415045,,
CR.3.URB,TGO,2000,1.61,,
CR.3.URB,TGO,2006,15.51496028900146,,
CR.3.URB,TGO,2010,16.36037063598633,,
CR.3.URB,TGO,2014,24.92556953430176,,
CR.3.URB,TGO,2017,32.01327133178711,,
CR.3.URB,TGO,2022,43.72489929199219,,
CR.3.URB.F,TGO,2006,11.48384952545166,,
CR.3.URB.F,TGO,2010,13.00269985198975,,
CR.3.URB.F,TGO,2014,18.01840019226074,,
CR.3.URB.F,TGO,2017,19.58086013793945,,
CR.3.URB.F,TGO,2022,35.90283966064453,,
CR.3.URB.GPIA,TGO,2006,.5870500206947327,,
CR.3.URB.GPIA,TGO,2010,.654699981212616,,
CR.3.URB.GPIA,TGO,2014,.5562199950218201,,
CR.3.URB.GPIA,TGO,2017,.4463100135326385,,
CR.3.URB.GPIA,TGO,2022,.6671000123023987,,
CR.3.URB.M,TGO,2006,19.56201934814453,,
CR.3.URB.M,TGO,2010,19.86054992675781,,
CR.3.URB.M,TGO,2014,32.39434051513672,,
CR.3.URB.M,TGO,2017,43.87289047241211,,
CR.3.URB.M,TGO,2022,53.81929016113281,,
CR.3.URB.Q3,TGO,2006,5.395450115203857,,
CR.3.URB.Q3,TGO,2010,16.95042037963867,,
CR.3.URB.Q3,TGO,2017,23.63396072387695,,
CR.3.URB.Q3.F,TGO,2006,7.498809814453125,,
CR.3.URB.Q3.F,TGO,2017,10.71609973907471,,
CR.3.URB.Q3.GPIA,TGO,2006,1.511489987373352,,
CR.3.URB.Q3.GPIA,TGO,2017,.2844099998474121,,
CR.3.URB.Q3.M,TGO,2006,3.663269996643066,,
CR.3.URB.Q3.M,TGO,2010,29.54739952087402,,
CR.3.URB.Q3.M,TGO,2017,37.67863082885742,,
CR.3.URB.Q4,TGO,2006,12.49736022949219,,
CR.3.URB.Q4,TGO,2010,12.13358020782471,,
CR.3.URB.Q4,TGO,2014,16.11709976196289,,
CR.3.URB.Q4,TGO,2017,26.65331077575684,,
CR.3.URB.Q4.F,TGO,2006,5.642439842224121,,
CR.3.URB.Q4.F,TGO,2010,6.544559955596924,,
CR.3.URB.Q4.F,TGO,2014,9.711389541625977,,
CR.3.URB.Q4.F,TGO,2017,12.63064002990723,,
CR.3.URB.Q4.GPIA,TGO,2006,.2988600134849548,,
CR.3.URB.Q4.GPIA,TGO,2010,.3833400011062622,,
CR.3.URB.Q4.GPIA,TGO,2014,.4067099988460541,,
CR.3.URB.Q4.GPIA,TGO,2017,.3193199932575226,,
CR.3.URB.Q4.M,TGO,2006,18.88007926940918,,
CR.3.URB.Q4.M,TGO,2010,17.07263946533203,,
CR.3.URB.Q4.M,TGO,2014,23.87778091430664,,
CR.3.URB.Q4.M,TGO,2017,39.55521011352539,,
CR.3.URB.Q5,TGO,2006,19.33576965332031,,
CR.3.URB.Q5,TGO,2010,19.64860916137695,,
CR.3.URB.Q5,TGO,2014,31.58201026916504,,
CR.3.URB.Q5,TGO,2017,37.64244842529297,,
CR.3.URB.Q5.F,TGO,2006,15.40565013885498,,
CR.3.URB.Q5.F,TGO,2010,18.58490943908691,,
CR.3.URB.Q5.F,TGO,2014,24.17387962341309,,
CR.3.URB.Q5.F,TGO,2017,26.87236022949219,,
CR.3.URB.Q5.GPIA,TGO,2006,.6514000296592712,,
CR.3.URB.Q5.GPIA,TGO,2010,.8867800235748291,,
CR.3.URB.Q5.GPIA,TGO,2014,.6143900156021118,,
CR.3.URB.Q5.GPIA,TGO,2017,.5603700280189514,,
CR.3.URB.Q5.M,TGO,2006,23.65019035339355,,
CR.3.URB.Q5.M,TGO,2010,20.95767021179199,,
CR.3.URB.Q5.M,TGO,2014,39.34624862670898,,
CR.3.URB.Q5.M,TGO,2017,47.95481109619141,,
CR.3.WPIA,TGO,2000,.1639344245195389,,
CR.3.WPIA,TGO,2006,.0888800024986267,,
CR.3.WPIA,TGO,2010,.0316799990832806,,
CR.3.WPIA,TGO,2014,.0286400001496077,,
CR.3.WPIA,TGO,2017,.0162300001829863,,
CR.MOD.1,TGO,1981,18.26000022888184,,
CR.MOD.1,TGO,1982,18.94000053405762,,
CR.MOD.1,TGO,1983,19.54000091552734,,
CR.MOD.1,TGO,1984,20.07999992370605,,
CR.MOD.1,TGO,1985,20.80999946594238,,
CR.MOD.1,TGO,1986,21.67000007629395,,
CR.MOD.1,TGO,1987,22.59000015258789,,
CR.MOD.1,TGO,1988,23.5,,
CR.MOD.1,TGO,1989,24.54999923706055,,
CR.MOD.1,TGO,1990,25.64999961853027,,
CR.MOD.1,TGO,1991,26.79999923706055,,
CR.MOD.1,TGO,1992,28.11000061035156,,
CR.MOD.1,TGO,1993,29.3799991607666,,
CR.MOD.1,TGO,1994,30.70000076293945,,
CR.MOD.1,TGO,1995,32.02000045776367,,
CR.MOD.1,TGO,1996,33.5099983215332,,
CR.MOD.1,TGO,1997,35.13999938964844,,
CR.MOD.1,TGO,1998,36.95000076293945,,
CR.MOD.1,TGO,1999,38.83000183105469,,
CR.MOD.1,TGO,2000,40.70999908447266,,
CR.MOD.1,TGO,2001,42.56999969482422,,
CR.MOD.1,TGO,2002,44.31999969482422,,
CR.MOD.1,TGO,2003,46.06999969482422,,
CR.MOD.1,TGO,2004,47.68000030517578,,
CR.MOD.1,TGO,2005,49.36999893188477,,
CR.MOD.1,TGO,2006,51.11000061035156,,
CR.MOD.1,TGO,2007,52.93000030517578,,
CR.MOD.1,TGO,2008,54.77999877929688,,
CR.MOD.1,TGO,2009,56.7599983215332,,
CR.MOD.1,TGO,2010,58.93999862670898,,
CR.MOD.1,TGO,2011,61.22000122070313,,
CR.MOD.1,TGO,2012,63.56000137329102,,
CR.MOD.1,TGO,2013,66.01000213623047,,
CR.MOD.1,TGO,2014,68.63999938964844,,
CR.MOD.1,TGO,2015,71.51000213623047,,
CR.MOD.1,TGO,2016,74.26999664306641,,
CR.MOD.1,TGO,2017,76.69999694824219,,
CR.MOD.1,TGO,2018,78.81999969482422,,
CR.MOD.1,TGO,2019,80.72000122070313,,
CR.MOD.1,TGO,2020,82.33999633789063,,
CR.MOD.1,TGO,2021,83.80999755859375,,
CR.MOD.1,TGO,2022,84.97000122070313,,
CR.MOD.1,TGO,2023,85.98999786376953,,
CR.MOD.1,TGO,2024,86.95999908447266,,
CR.MOD.1,TGO,2025,87.83000183105469,,
CR.MOD.1.F,TGO,1981,10.07063770294189,,
CR.MOD.1.F,TGO,1982,10.70690441131592,,
CR.MOD.1.F,TGO,1983,11.27845764160156,,
CR.MOD.1.F,TGO,1984,11.81994342803955,,
CR.MOD.1.F,TGO,1985,12.55552196502686,,
CR.MOD.1.F,TGO,1986,13.34578895568848,,
CR.MOD.1.F,TGO,1987,14.23452377319336,,
CR.MOD.1.F,TGO,1988,15.07189083099365,,
CR.MOD.1.F,TGO,1989,16.05352210998535,,
CR.MOD.1.F,TGO,1990,17.16093063354492,,
CR.MOD.1.F,TGO,1991,18.36145782470703,,
CR.MOD.1.F,TGO,1992,19.73396873474121,,
CR.MOD.1.F,TGO,1993,21.12331962585449,,
CR.MOD.1.F,TGO,1994,22.62278938293457,,
CR.MOD.1.F,TGO,1995,24.19634246826172,,
CR.MOD.1.F,TGO,1996,25.90839195251465,,
CR.MOD.1.F,TGO,1997,27.74933815002441,,
CR.MOD.1.F,TGO,1998,29.75560188293457,,
CR.MOD.1.F,TGO,1999,31.84231948852539,,
CR.MOD.1.F,TGO,2000,34.01552963256836,,
CR.MOD.1.F,TGO,2001,36.24468994140625,,
CR.MOD.1.F,TGO,2002,38.4656982421875,,
CR.MOD.1.F,TGO,2003,40.70248413085938,,
CR.MOD.1.F,TGO,2004,42.70500183105469,,
CR.MOD.1.F,TGO,2005,44.76310729980469,,
CR.MOD.1.F,TGO,2006,46.79571533203125,,
CR.MOD.1.F,TGO,2007,48.81239700317383,,
CR.MOD.1.F,TGO,2008,50.82386779785156,,
CR.MOD.1.F,TGO,2009,52.94947814941406,,
CR.MOD.1.F,TGO,2010,55.31557464599609,,
CR.MOD.1.F,TGO,2011,57.76166534423828,,
CR.MOD.1.F,TGO,2012,60.2471923828125,,
CR.MOD.1.F,TGO,2013,62.88845443725586,,
CR.MOD.1.F,TGO,2014,65.68438720703125,,
CR.MOD.1.F,TGO,2015,68.72410583496094,,
CR.MOD.1.F,TGO,2016,71.79120635986328,,
CR.MOD.1.F,TGO,2017,74.49761962890625,,
CR.MOD.1.F,TGO,2018,76.91059112548828,,
CR.MOD.1.F,TGO,2019,79.13826751708984,,
CR.MOD.1.F,TGO,2020,81.00553131103516,,
CR.MOD.1.F,TGO,2021,82.65234375,,
CR.MOD.1.F,TGO,2022,84.01956176757813,,
CR.MOD.1.F,TGO,2023,85.23685455322266,,
CR.MOD.1.F,TGO,2024,86.41892242431641,,
CR.MOD.1.F,TGO,2025,87.425537109375,,
CR.MOD.1.GPIA,TGO,1981,.3798715770244598,,
CR.MOD.1.GPIA,TGO,1982,.3932472169399261,,
CR.MOD.1.GPIA,TGO,1983,.4049939811229706,,
CR.MOD.1.GPIA,TGO,1984,.41648930311203,,
CR.MOD.1.GPIA,TGO,1985,.4315276443958282,,
CR.MOD.1.GPIA,TGO,1986,.4446256160736084,,
CR.MOD.1.GPIA,TGO,1987,.4598527848720551,,
CR.MOD.1.GPIA,TGO,1988,.4721490740776062,,
CR.MOD.1.GPIA,TGO,1989,.4861238598823547,,
CR.MOD.1.GPIA,TGO,1990,.5032393932342529,,
CR.MOD.1.GPIA,TGO,1991,.5217589139938354,,
CR.MOD.1.GPIA,TGO,1992,.5416365265846252,,
CR.MOD.1.GPIA,TGO,1993,.5620397329330444,,
CR.MOD.1.GPIA,TGO,1994,.5842241644859314,,
CR.MOD.1.GPIA,TGO,1995,.6081569790840149,,
CR.MOD.1.GPIA,TGO,1996,.6311669945716858,,
CR.MOD.1.GPIA,TGO,1997,.6535508632659912,,
CR.MOD.1.GPIA,TGO,1998,.6752569079399109,,
CR.MOD.1.GPIA,TGO,1999,.696276068687439,,
CR.MOD.1.GPIA,TGO,2000,.7189083695411682,,
CR.MOD.1.GPIA,TGO,2001,.742647647857666,,
CR.MOD.1.GPIA,TGO,2002,.767997682094574,,
CR.MOD.1.GPIA,TGO,2003,.7926098108291626,,
CR.MOD.1.GPIA,TGO,2004,.8122681975364685,,
CR.MOD.1.GPIA,TGO,2005,.8304365277290344,,
CR.MOD.1.GPIA,TGO,2006,.8453637361526489,,
CR.MOD.1.GPIA,TGO,2007,.8566223978996277,,
CR.MOD.1.GPIA,TGO,2008,.8662096261978149,,
CR.MOD.1.GPIA,TGO,2009,.8750608563423157,,
CR.MOD.1.GPIA,TGO,2010,.8849703073501587,,
CR.MOD.1.GPIA,TGO,2011,.8938436508178711,,
CR.MOD.1.GPIA,TGO,2012,.9016720056533813,,
CR.MOD.1.GPIA,TGO,2013,.9103917479515076,,
CR.MOD.1.GPIA,TGO,2014,.9180927872657776,,
CR.MOD.1.GPIA,TGO,2015,.9256505966186523,,
CR.MOD.1.GPIA,TGO,2016,.9359853863716125,,
CR.MOD.1.GPIA,TGO,2017,.9447104930877686,,
CR.MOD.1.GPIA,TGO,2018,.9531543850898743,,
CR.MOD.1.GPIA,TGO,2019,.9619537591934204,,
CR.MOD.1.GPIA,TGO,2020,.9684382677078247,,
CR.MOD.1.GPIA,TGO,2021,.9730405211448669,,
CR.MOD.1.GPIA,TGO,2022,.9781138896942139,,
CR.MOD.1.GPIA,TGO,2023,.982819676399231,,
CR.MOD.1.GPIA,TGO,2024,.9877699017524719,,
CR.MOD.1.GPIA,TGO,2025,.990932285785675,,
CR.MOD.1.M,TGO,1981,26.5106372833252,,
CR.MOD.1.M,TGO,1982,27.22690391540527,,
CR.MOD.1.M,TGO,1983,27.84845733642578,,
CR.MOD.1.M,TGO,1984,28.37994384765625,,
CR.MOD.1.M,TGO,1985,29.09552192687988,,
CR.MOD.1.M,TGO,1986,30.01578903198242,,
CR.MOD.1.M,TGO,1987,30.95452308654785,,
CR.MOD.1.M,TGO,1988,31.92189025878906,,
CR.MOD.1.M,TGO,1989,33.02352142333984,,
CR.MOD.1.M,TGO,1990,34.10092926025391,,
CR.MOD.1.M,TGO,1991,35.19145965576172,,
CR.MOD.1.M,TGO,1992,36.43396759033203,,
CR.MOD.1.M,TGO,1993,37.58332061767578,,
CR.MOD.1.M,TGO,1994,38.7227897644043,,
CR.MOD.1.M,TGO,1995,39.78634262084961,,
CR.MOD.1.M,TGO,1996,41.04839324951172,,
CR.MOD.1.M,TGO,1997,42.4593391418457,,
CR.MOD.1.M,TGO,1998,44.06560134887695,,
CR.MOD.1.M,TGO,1999,45.73231887817383,,
CR.MOD.1.M,TGO,2000,47.31552886962891,,
CR.MOD.1.M,TGO,2001,48.80469131469727,,
CR.MOD.1.M,TGO,2002,50.08569717407227,,
CR.MOD.1.M,TGO,2003,51.35248565673828,,
CR.MOD.1.M,TGO,2004,52.57500076293945,,
CR.MOD.1.M,TGO,2005,53.90310668945313,,
CR.MOD.1.M,TGO,2006,55.35571670532227,,
CR.MOD.1.M,TGO,2007,56.98239517211914,,
CR.MOD.1.M,TGO,2008,58.67386627197266,,
CR.MOD.1.M,TGO,2009,60.50947952270508,,
CR.MOD.1.M,TGO,2010,62.50557327270508,,
CR.MOD.1.M,TGO,2011,64.62166595458984,,
CR.MOD.1.M,TGO,2012,66.81719207763672,,
CR.MOD.1.M,TGO,2013,69.07845306396484,,
CR.MOD.1.M,TGO,2014,71.54438781738281,,
CR.MOD.1.M,TGO,2015,74.24411010742188,,
CR.MOD.1.M,TGO,2016,76.70120239257813,,
CR.MOD.1.M,TGO,2017,78.85762023925781,,
CR.MOD.1.M,TGO,2018,80.69058990478516,,
CR.MOD.1.M,TGO,2019,82.26826477050781,,
CR.MOD.1.M,TGO,2020,83.64553070068359,,
CR.MOD.1.M,TGO,2021,84.94234466552734,,
CR.MOD.1.M,TGO,2022,85.89956665039063,,
CR.MOD.1.M,TGO,2023,86.72685241699219,,
CR.MOD.1.M,TGO,2024,87.48892211914063,,
CR.MOD.1.M,TGO,2025,88.22554016113281,,
CR.MOD.2,TGO,1981,6.980000019073486,,
CR.MOD.2,TGO,1982,7.429999828338623,,
CR.MOD.2,TGO,1983,7.849999904632568,,
CR.MOD.2,TGO,1984,8.220000267028809,,
CR.MOD.2,TGO,1985,8.560000419616699,,
CR.MOD.2,TGO,1986,8.890000343322754,,
CR.MOD.2,TGO,1987,9.25,,
CR.MOD.2,TGO,1988,9.630000114440918,,
CR.MOD.2,TGO,1989,10.01000022888184,,
CR.MOD.2,TGO,1990,10.38000011444092,,
CR.MOD.2,TGO,1991,10.8100004196167,,
CR.MOD.2,TGO,1992,11.30000019073486,,
CR.MOD.2,TGO,1993,11.89000034332275,,
CR.MOD.2,TGO,1994,12.5600004196167,,
CR.MOD.2,TGO,1995,13.28999996185303,,
CR.MOD.2,TGO,1996,13.92000007629395,,
CR.MOD.2,TGO,1997,14.52000045776367,,
CR.MOD.2,TGO,1998,15.05000019073486,,
CR.MOD.2,TGO,1999,15.76000022888184,,
CR.MOD.2,TGO,2000,16.47999954223633,,
CR.MOD.2,TGO,2001,17.35000038146973,,
CR.MOD.2,TGO,2002,18.54000091552734,,
CR.MOD.2,TGO,2003,19.81999969482422,,
CR.MOD.2,TGO,2004,21.10000038146973,,
CR.MOD.2,TGO,2005,22.14999961853027,,
CR.MOD.2,TGO,2006,23.06999969482422,,
CR.MOD.2,TGO,2007,24.13999938964844,,
CR.MOD.2,TGO,2008,25.26000022888184,,
CR.MOD.2,TGO,2009,26.45999908447266,,
CR.MOD.2,TGO,2010,27.71999931335449,,
CR.MOD.2,TGO,2011,29.01000022888184,,
CR.MOD.2,TGO,2012,30.25,,
CR.MOD.2,TGO,2013,31.6299991607666,,
CR.MOD.2,TGO,2014,32.95999908447266,,
CR.MOD.2,TGO,2015,34.59000015258789,,
CR.MOD.2,TGO,2016,36.40000152587891,,
CR.MOD.2,TGO,2017,38.18999862670898,,
CR.MOD.2,TGO,2018,39.7400016784668,,
CR.MOD.2,TGO,2019,41.27999877929688,,
CR.MOD.2,TGO,2020,42.58000183105469,,
CR.MOD.2,TGO,2021,43.81999969482422,,
CR.MOD.2,TGO,2022,45,,
CR.MOD.2,TGO,2023,46.31000137329102,,
CR.MOD.2,TGO,2024,47.5,,
CR.MOD.2,TGO,2025,48.77999877929688,,
CR.MOD.2.F,TGO,1981,2.258131265640259,,
CR.MOD.2.F,TGO,1982,2.517223358154297,,
CR.MOD.2.F,TGO,1983,2.796199798583984,,
CR.MOD.2.F,TGO,1984,3.024908304214478,,
CR.MOD.2.F,TGO,1985,3.18360161781311,,
CR.MOD.2.F,TGO,1986,3.382136344909668,,
CR.MOD.2.F,TGO,1987,3.610567808151245,,
CR.MOD.2.F,TGO,1988,3.79878568649292,,
CR.MOD.2.F,TGO,1989,4.100859642028809,,
CR.MOD.2.F,TGO,1990,4.43706750869751,,
CR.MOD.2.F,TGO,1991,4.817125797271729,,
CR.MOD.2.F,TGO,1992,5.255650997161865,,
CR.MOD.2.F,TGO,1993,5.747994899749756,,
CR.MOD.2.F,TGO,1994,6.325833797454834,,
CR.MOD.2.F,TGO,1995,6.980737686157227,,
CR.MOD.2.F,TGO,1996,7.628008365631104,,
CR.MOD.2.F,TGO,1997,8.187008857727051,,
CR.MOD.2.F,TGO,1998,8.726797103881836,,
CR.MOD.2.F,TGO,1999,9.30003833770752,,
CR.MOD.2.F,TGO,2000,10.00697898864746,,
CR.MOD.2.F,TGO,2001,10.86216449737549,,
CR.MOD.2.F,TGO,2002,11.95567035675049,,
CR.MOD.2.F,TGO,2003,12.98806095123291,,
CR.MOD.2.F,TGO,2004,14.09218883514404,,
CR.MOD.2.F,TGO,2005,15.12346363067627,,
CR.MOD.2.F,TGO,2006,16.10701179504395,,
CR.MOD.2.F,TGO,2007,17.1809196472168,,
CR.MOD.2.F,TGO,2008,18.28525352478027,,
CR.MOD.2.F,TGO,2009,19.3995361328125,,
CR.MOD.2.F,TGO,2010,20.54252052307129,,
CR.MOD.2.F,TGO,2011,21.7711353302002,,
CR.MOD.2.F,TGO,2012,23.10087585449219,,
CR.MOD.2.F,TGO,2013,24.63159942626953,,
CR.MOD.2.F,TGO,2014,26.15277481079102,,
CR.MOD.2.F,TGO,2015,28.03465270996094,,
CR.MOD.2.F,TGO,2016,30.14717292785645,,
CR.MOD.2.F,TGO,2017,32.25455474853516,,
CR.MOD.2.F,TGO,2018,34.17174530029297,,
CR.MOD.2.F,TGO,2019,36.00275039672852,,
CR.MOD.2.F,TGO,2020,37.58353805541992,,
CR.MOD.2.F,TGO,2021,39.15554428100586,,
CR.MOD.2.F,TGO,2022,40.64771270751953,,
CR.MOD.2.F,TGO,2023,42.24513626098633,,
CR.MOD.2.F,TGO,2024,43.80402374267578,,
CR.MOD.2.F,TGO,2025,45.42800140380859,,
CR.MOD.2.GPIA,TGO,1981,.1922119408845901,,
CR.MOD.2.GPIA,TGO,1982,.2032112628221512,,
CR.MOD.2.GPIA,TGO,1983,.2159861475229263,,
CR.MOD.2.GPIA,TGO,1984,.2248181998729706,,
CR.MOD.2.GPIA,TGO,1985,.227829709649086,,
CR.MOD.2.GPIA,TGO,1986,.2343475818634033,,
CR.MOD.2.GPIA,TGO,1987,.2419859617948532,,
CR.MOD.2.GPIA,TGO,1988,.2452603876590729,,
CR.MOD.2.GPIA,TGO,1989,.2572546005249023,,
CR.MOD.2.GPIA,TGO,1990,.2715951204299927,,
CR.MOD.2.GPIA,TGO,1991,.2866121232509613,,
CR.MOD.2.GPIA,TGO,1992,.3031700849533081,,
CR.MOD.2.GPIA,TGO,1993,.3191912770271301,,
CR.MOD.2.GPIA,TGO,1994,.3372728526592255,,
CR.MOD.2.GPIA,TGO,1995,.357057511806488,,
CR.MOD.2.GPIA,TGO,1996,.378410816192627,,
CR.MOD.2.GPIA,TGO,1997,.3936628103256226,,
CR.MOD.2.GPIA,TGO,1998,.4093859493732452,,
CR.MOD.2.GPIA,TGO,1999,.4196760952472687,,
CR.MOD.2.GPIA,TGO,2000,.4372345805168152,,
CR.MOD.2.GPIA,TGO,2001,.4571201503276825,,
CR.MOD.2.GPIA,TGO,2002,.477545440196991,,
CR.MOD.2.GPIA,TGO,2003,.489228218793869,,
CR.MOD.2.GPIA,TGO,2004,.5034328699111938,,
CR.MOD.2.GPIA,TGO,2005,.5205391049385071,,
CR.MOD.2.GPIA,TGO,2006,.5385697484016418,,
CR.MOD.2.GPIA,TGO,2007,.5547436475753784,,
CR.MOD.2.GPIA,TGO,2008,.569540798664093,,
CR.MOD.2.GPIA,TGO,2009,.5810064673423767,,
CR.MOD.2.GPIA,TGO,2010,.5909387469291687,,
CR.MOD.2.GPIA,TGO,2011,.6028925776481628,,
CR.MOD.2.GPIA,TGO,2012,.6199767589569092,,
CR.MOD.2.GPIA,TGO,2013,.6399214267730713,,
CR.MOD.2.GPIA,TGO,2014,.6598774790763855,,
CR.MOD.2.GPIA,TGO,2015,.6835277676582336,,
CR.MOD.2.GPIA,TGO,2016,.7088920474052429,,
CR.MOD.2.GPIA,TGO,2017,.7329821586608887,,
CR.MOD.2.GPIA,TGO,2018,.7561501264572144,,
CR.MOD.2.GPIA,TGO,2019,.7752071619033813,,
CR.MOD.2.GPIA,TGO,2020,.7918401956558228,,
CR.MOD.2.GPIA,TGO,2021,.8094078302383423,,
CR.MOD.2.GPIA,TGO,2022,.8253726363182068,,
CR.MOD.2.GPIA,TGO,2023,.8402789235115051,,
CR.MOD.2.GPIA,TGO,2024,.8571541309356689,,
CR.MOD.2.GPIA,TGO,2025,.8728096485137939,,
CR.MOD.2.M,TGO,1981,11.74813175201416,,
CR.MOD.2.M,TGO,1982,12.38722324371338,,
CR.MOD.2.M,TGO,1983,12.94619941711426,,
CR.MOD.2.M,TGO,1984,13.45490837097168,,
CR.MOD.2.M,TGO,1985,13.97360134124756,,
CR.MOD.2.M,TGO,1986,14.43213653564453,,
CR.MOD.2.M,TGO,1987,14.92056751251221,,
CR.MOD.2.M,TGO,1988,15.48878574371338,,
CR.MOD.2.M,TGO,1989,15.9408597946167,,
CR.MOD.2.M,TGO,1990,16.33706665039063,,
CR.MOD.2.M,TGO,1991,16.80712509155273,,
CR.MOD.2.M,TGO,1992,17.33565139770508,,
CR.MOD.2.M,TGO,1993,18.00799560546875,,
CR.MOD.2.M,TGO,1994,18.75583457946777,,
CR.MOD.2.M,TGO,1995,19.55073738098145,,
CR.MOD.2.M,TGO,1996,20.15800857543945,,
CR.MOD.2.M,TGO,1997,20.7970085144043,,
CR.MOD.2.M,TGO,1998,21.31679725646973,,
CR.MOD.2.M,TGO,1999,22.16003799438477,,
CR.MOD.2.M,TGO,2000,22.8869800567627,,
CR.MOD.2.M,TGO,2001,23.76216506958008,,
CR.MOD.2.M,TGO,2002,25.03567123413086,,
CR.MOD.2.M,TGO,2003,26.54806137084961,,
CR.MOD.2.M,TGO,2004,27.99218940734863,,
CR.MOD.2.M,TGO,2005,29.05346298217773,,
CR.MOD.2.M,TGO,2006,29.90701293945313,,
CR.MOD.2.M,TGO,2007,30.97091865539551,,
CR.MOD.2.M,TGO,2008,32.10525512695313,,
CR.MOD.2.M,TGO,2009,33.38953399658203,,
CR.MOD.2.M,TGO,2010,34.76251983642578,,
CR.MOD.2.M,TGO,2011,36.11113357543945,,
CR.MOD.2.M,TGO,2012,37.2608757019043,,
CR.MOD.2.M,TGO,2013,38.49160003662109,,
CR.MOD.2.M,TGO,2014,39.63277435302734,,
CR.MOD.2.M,TGO,2015,41.01465225219727,,
CR.MOD.2.M,TGO,2016,42.52717208862305,,
CR.MOD.2.M,TGO,2017,44.00455474853516,,
CR.MOD.2.M,TGO,2018,45.19174575805664,,
CR.MOD.2.M,TGO,2019,46.4427490234375,,
CR.MOD.2.M,TGO,2020,47.46353912353516,,
CR.MOD.2.M,TGO,2021,48.37554550170898,,
CR.MOD.2.M,TGO,2022,49.24771118164063,,
CR.MOD.2.M,TGO,2023,50.2751350402832,,
CR.MOD.2.M,TGO,2024,51.10402297973633,,
CR.MOD.2.M,TGO,2025,52.04800415039063,,
CR.MOD.3,TGO,1981,2.170000076293945,,
CR.MOD.3,TGO,1982,2.289999961853027,,
CR.MOD.3,TGO,1983,2.430000066757202,,
CR.MOD.3,TGO,1984,2.559999942779541,,
CR.MOD.3,TGO,1985,2.690000057220459,,
CR.MOD.3,TGO,1986,2.839999914169312,,
CR.MOD.3,TGO,1987,2.990000009536743,,
CR.MOD.3,TGO,1988,3.109999895095825,,
CR.MOD.3,TGO,1989,3.210000038146973,,
CR.MOD.3,TGO,1990,3.259999990463257,,
CR.MOD.3,TGO,1991,3.319999933242798,,
CR.MOD.3,TGO,1992,3.390000104904175,,
CR.MOD.3,TGO,1993,3.509999990463257,,
CR.MOD.3,TGO,1994,3.680000066757202,,
CR.MOD.3,TGO,1995,3.829999923706055,,
CR.MOD.3,TGO,1996,3.980000019073486,,
CR.MOD.3,TGO,1997,4.159999847412109,,
CR.MOD.3,TGO,1998,4.369999885559082,,
CR.MOD.3,TGO,1999,4.619999885559082,,
CR.MOD.3,TGO,2000,4.949999809265137,,
CR.MOD.3,TGO,2001,5.329999923706055,,
CR.MOD.3,TGO,2002,5.730000019073486,,
CR.MOD.3,TGO,2003,6.090000152587891,,
CR.MOD.3,TGO,2004,6.460000038146973,,
CR.MOD.3,TGO,2005,6.889999866485596,,
CR.MOD.3,TGO,2006,7.309999942779541,,
CR.MOD.3,TGO,2007,7.800000190734863,,
CR.MOD.3,TGO,2008,8.270000457763672,,
CR.MOD.3,TGO,2009,8.760000228881836,,
CR.MOD.3,TGO,2010,9.359999656677246,,
CR.MOD.3,TGO,2011,10.17000007629395,,
CR.MOD.3,TGO,2012,11.1899995803833,,
CR.MOD.3,TGO,2013,12.26000022888184,,
CR.MOD.3,TGO,2014,13.34000015258789,,
CR.MOD.3,TGO,2015,14.42000007629395,,
CR.MOD.3,TGO,2016,15.47999954223633,,
CR.MOD.3,TGO,2017,16.40999984741211,,
CR.MOD.3,TGO,2018,17.27000045776367,,
CR.MOD.3,TGO,2019,17.92000007629395,,
CR.MOD.3,TGO,2020,18.54999923706055,,
CR.MOD.3,TGO,2021,19.21999931335449,,
CR.MOD.3,TGO,2022,19.8799991607666,,
CR.MOD.3,TGO,2023,20.57999992370605,,
CR.MOD.3,TGO,2024,21.34000015258789,,
CR.MOD.3,TGO,2025,22.09000015258789,,
CR.MOD.3.F,TGO,1981,.9327665567398071,,
CR.MOD.3.F,TGO,1982,.9878593683242798,,
CR.MOD.3.F,TGO,1983,1.092713713645935,,
CR.MOD.3.F,TGO,1984,1.177583456039429,,
CR.MOD.3.F,TGO,1985,1.207723736763,,
CR.MOD.3.F,TGO,1986,1.29765260219574,,
CR.MOD.3.F,TGO,1987,1.362593412399292,,
CR.MOD.3.F,TGO,1988,1.417346239089966,,
CR.MOD.3.F,TGO,1989,1.486845970153809,,
CR.MOD.3.F,TGO,1990,1.506235122680664,,
CR.MOD.3.F,TGO,1991,1.565411329269409,,
CR.MOD.3.F,TGO,1992,1.609301686286926,,
CR.MOD.3.F,TGO,1993,1.712846398353577,,
CR.MOD.3.F,TGO,1994,1.870885372161865,,
CR.MOD.3.F,TGO,1995,2.003627061843872,,
CR.MOD.3.F,TGO,1996,2.136182069778442,,
CR.MOD.3.F,TGO,1997,2.284170389175415,,
CR.MOD.3.F,TGO,1998,2.462861061096191,,
CR.MOD.3.F,TGO,1999,2.672141551971436,,
CR.MOD.3.F,TGO,2000,2.951723098754883,,
CR.MOD.3.F,TGO,2001,3.240869045257568,,
CR.MOD.3.F,TGO,2002,3.539403438568115,,
CR.MOD.3.F,TGO,2003,3.832469701766968,,
CR.MOD.3.F,TGO,2004,4.140208721160889,,
CR.MOD.3.F,TGO,2005,4.49259614944458,,
CR.MOD.3.F,TGO,2006,4.734580993652344,,
CR.MOD.3.F,TGO,2007,5.06689453125,,
CR.MOD.3.F,TGO,2008,5.384354591369629,,
CR.MOD.3.F,TGO,2009,5.812609195709229,,
CR.MOD.3.F,TGO,2010,6.350760936737061,,
CR.MOD.3.F,TGO,2011,7.069150924682617,,
CR.MOD.3.F,TGO,2012,7.841288566589355,,
CR.MOD.3.F,TGO,2013,8.592753410339355,,
CR.MOD.3.F,TGO,2014,9.318498611450195,,
CR.MOD.3.F,TGO,2015,9.983517646789551,,
CR.MOD.3.F,TGO,2016,10.64365196228027,,
CR.MOD.3.F,TGO,2017,11.16870594024658,,
CR.MOD.3.F,TGO,2018,11.76019477844238,,
CR.MOD.3.F,TGO,2019,12.27294540405273,,
CR.MOD.3.F,TGO,2020,12.76535987854004,,
CR.MOD.3.F,TGO,2021,13.27724742889404,,
CR.MOD.3.F,TGO,2022,13.75786018371582,,
CR.MOD.3.F,TGO,2023,14.42469024658203,,
CR.MOD.3.F,TGO,2024,15.01980590820313,,
CR.MOD.3.F,TGO,2025,15.69142627716064,,
CR.MOD.3.GPIA,TGO,1981,.2725183069705963,,
CR.MOD.3.GPIA,TGO,1982,.2738076150417328,,
CR.MOD.3.GPIA,TGO,1983,.2888703346252441,,
CR.MOD.3.GPIA,TGO,1984,.2975511252880096,,
CR.MOD.3.GPIA,TGO,1985,.2883962392807007,,
CR.MOD.3.GPIA,TGO,1986,.295078456401825,,
CR.MOD.3.GPIA,TGO,1987,.294131875038147,,
CR.MOD.3.GPIA,TGO,1988,.2942172288894653,,
CR.MOD.3.GPIA,TGO,1989,.3005644381046295,,
CR.MOD.3.GPIA,TGO,1990,.2996746301651001,,
CR.MOD.3.GPIA,TGO,1991,.3078239262104034,,
CR.MOD.3.GPIA,TGO,1992,.3107178807258606,,
CR.MOD.3.GPIA,TGO,1993,.3223971426486969,,
CR.MOD.3.GPIA,TGO,1994,.3407256305217743,,
CR.MOD.3.GPIA,TGO,1995,.3543967604637146,,
CR.MOD.3.GPIA,TGO,1996,.3672825396060944,,
CR.MOD.3.GPIA,TGO,1997,.3791676163673401,,
CR.MOD.3.GPIA,TGO,1998,.3932485282421112,,
CR.MOD.3.GPIA,TGO,1999,.4078271985054016,,
CR.MOD.3.GPIA,TGO,2000,.4258281886577606,,
CR.MOD.3.GPIA,TGO,2001,.4379038512706757,,
CR.MOD.3.GPIA,TGO,2002,.4480595886707306,,
CR.MOD.3.GPIA,TGO,2003,.4604966938495636,,
CR.MOD.3.GPIA,TGO,2004,.4731554090976715,,
CR.MOD.3.GPIA,TGO,2005,.4855498075485229,,
CR.MOD.3.GPIA,TGO,2006,.4809327125549316,,
CR.MOD.3.GPIA,TGO,2007,.4831644296646118,,
CR.MOD.3.GPIA,TGO,2008,.4848867654800415,,
CR.MOD.3.GPIA,TGO,2009,.4988247156143188,,
CR.MOD.3.GPIA,TGO,2010,.5158707499504089,,
CR.MOD.3.GPIA,TGO,2011,.5351707339286804,,
CR.MOD.3.GPIA,TGO,2012,.5418514609336853,,
CR.MOD.3.GPIA,TGO,2013,.5420354008674622,,
CR.MOD.3.GPIA,TGO,2014,.5393118262290955,,
CR.MOD.3.GPIA,TGO,2015,.5320706963539124,,
CR.MOD.3.GPIA,TGO,2016,.5265576243400574,,
CR.MOD.3.GPIA,TGO,2017,.518541157245636,,
CR.MOD.3.GPIA,TGO,2018,.5189803242683411,,
CR.MOD.3.GPIA,TGO,2019,.5235240459442139,,
CR.MOD.3.GPIA,TGO,2020,.5273773670196533,,
CR.MOD.3.GPIA,TGO,2021,.530511736869812,,
CR.MOD.3.GPIA,TGO,2022,.5320571660995483,,
CR.MOD.3.GPIA,TGO,2023,.5425938963890076,,
CR.MOD.3.GPIA,TGO,2024,.5461786389350891,,
CR.MOD.3.GPIA,TGO,2025,.5540478825569153,,
CR.MOD.3.M,TGO,1981,3.422766447067261,,
CR.MOD.3.M,TGO,1982,3.607859373092651,,
CR.MOD.3.M,TGO,1983,3.782713651657104,,
CR.MOD.3.M,TGO,1984,3.957583427429199,,
CR.MOD.3.M,TGO,1985,4.187723636627197,,
CR.MOD.3.M,TGO,1986,4.397652626037598,,
CR.MOD.3.M,TGO,1987,4.632593631744385,,
CR.MOD.3.M,TGO,1988,4.817346096038818,,
CR.MOD.3.M,TGO,1989,4.946846008300781,,
CR.MOD.3.M,TGO,1990,5.026235103607178,,
CR.MOD.3.M,TGO,1991,5.085411548614502,,
CR.MOD.3.M,TGO,1992,5.179301738739014,,
CR.MOD.3.M,TGO,1993,5.312846183776855,,
CR.MOD.3.M,TGO,1994,5.490885257720947,,
CR.MOD.3.M,TGO,1995,5.653626918792725,,
CR.MOD.3.M,TGO,1996,5.816182136535645,,
CR.MOD.3.M,TGO,1997,6.024170398712158,,
CR.MOD.3.M,TGO,1998,6.262861251831055,,
CR.MOD.3.M,TGO,1999,6.552141666412354,,
CR.MOD.3.M,TGO,2000,6.931723117828369,,
CR.MOD.3.M,TGO,2001,7.400868892669678,,
CR.MOD.3.M,TGO,2002,7.89940357208252,,
CR.MOD.3.M,TGO,2003,8.322469711303711,,
CR.MOD.3.M,TGO,2004,8.750208854675293,,
CR.MOD.3.M,TGO,2005,9.252595901489258,,
CR.MOD.3.M,TGO,2006,9.84458065032959,,
CR.MOD.3.M,TGO,2007,10.48689460754395,,
CR.MOD.3.M,TGO,2008,11.10435485839844,,
CR.MOD.3.M,TGO,2009,11.65260887145996,,
CR.MOD.3.M,TGO,2010,12.31076049804688,,
CR.MOD.3.M,TGO,2011,13.20915126800537,,
CR.MOD.3.M,TGO,2012,14.47128868103027,,
CR.MOD.3.M,TGO,2013,15.85275363922119,,
CR.MOD.3.M,TGO,2014,17.27849769592285,,
CR.MOD.3.M,TGO,2015,18.76351737976074,,
CR.MOD.3.M,TGO,2016,20.21365165710449,,
CR.MOD.3.M,TGO,2017,21.53870582580566,,
CR.MOD.3.M,TGO,2018,22.66019439697266,,
CR.MOD.3.M,TGO,2019,23.44294548034668,,
CR.MOD.3.M,TGO,2020,24.20536041259766,,
CR.MOD.3.M,TGO,2021,25.02724647521973,,
CR.MOD.3.M,TGO,2022,25.85786056518555,,
CR.MOD.3.M,TGO,2023,26.58469009399414,,
CR.MOD.3.M,TGO,2024,27.49980545043945,,
CR.MOD.3.M,TGO,2025,28.32142639160156,,
EA.1T8.AG25T99,TGO,1970,4.342160224914551,,
EA.1T8.AG25T99,TGO,2009,26.94421005249023,,
EA.1T8.AG25T99,TGO,2011,30.42971992492676,,
EA.1T8.AG25T99,TGO,2017,43.22961044311523,,
EA.1T8.AG25T99,TGO,2022,43.72917175292969,,
EA.1T8.AG25T99.F,TGO,1970,1.387969970703125,,
EA.1T8.AG25T99.F,TGO,2009,16.12681007385254,,
EA.1T8.AG25T99.F,TGO,2011,17.80942916870117,,
EA.1T8.AG25T99.F,TGO,2017,30.03997993469238,,
EA.1T8.AG25T99.F,TGO,2022,31.31559944152832,,
EA.1T8.AG25T99.F.LPIA,TGO,2009,.2322099953889847,,
EA.1T8.AG25T99.F.LPIA,TGO,2011,.21560999751091,,
EA.1T8.AG25T99.F.LPIA,TGO,2017,.3613499999046326,,
EA.1T8.AG25T99.F.LPIA,TGO,2022,.3342100083827972,,
EA.1T8.AG25T99.F.WPIA,TGO,2017,.1046499982476234,,
EA.1T8.AG25T99.GPIA,TGO,1970,.1726800054311752,,
EA.1T8.AG25T99.GPIA,TGO,2009,.4083200097084045,,
EA.1T8.AG25T99.GPIA,TGO,2011,.3793500065803528,,
EA.1T8.AG25T99.GPIA,TGO,2017,.5103099942207336,,
EA.1T8.AG25T99.GPIA,TGO,2022,.5372999906539917,,
EA.1T8.AG25T99.LPIA,TGO,2009,.3627400100231171,,
EA.1T8.AG25T99.LPIA,TGO,2011,.3140299916267395,,
EA.1T8.AG25T99.LPIA,TGO,2017,.4912500083446503,,
EA.1T8.AG25T99.LPIA,TGO,2022,.4327000081539154,,
EA.1T8.AG25T99.M,TGO,1970,8.037839889526367,,
EA.1T8.AG25T99.M,TGO,2009,39.49589157104492,,
EA.1T8.AG25T99.M,TGO,2011,46.94784164428711,,
EA.1T8.AG25T99.M,TGO,2017,58.8655891418457,,
EA.1T8.AG25T99.M,TGO,2022,58.28292083740234,,
EA.1T8.AG25T99.M.LPIA,TGO,2009,.4375,,
EA.1T8.AG25T99.M.LPIA,TGO,2011,.4073399901390076,,
EA.1T8.AG25T99.M.LPIA,TGO,2017,.5874900221824646,,
EA.1T8.AG25T99.M.LPIA,TGO,2022,.5149999856948853,,
EA.1T8.AG25T99.M.WPIA,TGO,2017,.2840200066566467,,
EA.1T8.AG25T99.NATIVE,TGO,2011,58.8906586224818,,
EA.1T8.AG25T99.NATIVE.F,TGO,2011,47.3006700182349,,
EA.1T8.AG25T99.NONNATIVE.M,TGO,2017,41.2903563690579,,
EA.1T8.AG25T99.Q1,TGO,2017,14.7677001953125,,
EA.1T8.AG25T99.Q1.F,TGO,2017,6.55748987197876,,
EA.1T8.AG25T99.Q1.GPIA,TGO,2017,.2639000117778778,,
EA.1T8.AG25T99.Q1.M,TGO,2017,24.84840965270996,,
EA.1T8.AG25T99.Q5,TGO,2017,74.69436645507813,,
EA.1T8.AG25T99.Q5.F,TGO,2017,62.66073989868164,,
EA.1T8.AG25T99.Q5.GPIA,TGO,2017,.7162200212478638,,
EA.1T8.AG25T99.Q5.M,TGO,2017,87.48757934570313,,
EA.1T8.AG25T99.RUR,TGO,2009,15.29267024993896,,
EA.1T8.AG25T99.RUR,TGO,2011,16.61330032348633,,
EA.1T8.AG25T99.RUR,TGO,2017,30.05069923400879,,
EA.1T8.AG25T99.RUR,TGO,2022,26.89904022216797,,
EA.1T8.AG25T99.RUR.F,TGO,2009,6.627079963684082,,
EA.1T8.AG25T99.RUR.F,TGO,2011,7.759099960327148,,
EA.1T8.AG25T99.RUR.F,TGO,2017,17.19820022583008,,
EA.1T8.AG25T99.RUR.F,TGO,2022,16.20727920532227,,
EA.1T8.AG25T99.RUR.GPIA,TGO,2009,.2613900005817413,,
EA.1T8.AG25T99.RUR.GPIA,TGO,2011,.2645800113677979,,
EA.1T8.AG25T99.RUR.GPIA,TGO,2017,.3792800009250641,,
EA.1T8.AG25T99.RUR.GPIA,TGO,2022,.4059099853038788,,
EA.1T8.AG25T99.RUR.M,TGO,2009,25.35331916809082,,
EA.1T8.AG25T99.RUR.M,TGO,2011,29.32616996765137,,
EA.1T8.AG25T99.RUR.M,TGO,2017,45.34466171264648,,
EA.1T8.AG25T99.RUR.M,TGO,2022,39.92848968505859,,
EA.1T8.AG25T99.URB,TGO,2009,42.15874099731445,,
EA.1T8.AG25T99.URB,TGO,2011,52.90433120727539,,
EA.1T8.AG25T99.URB,TGO,2017,61.17129135131836,,
EA.1T8.AG25T99.URB,TGO,2022,62.16551971435547,,
EA.1T8.AG25T99.URB.F,TGO,2009,28.53910064697266,,
EA.1T8.AG25T99.URB.F,TGO,2011,35.98622894287109,,
EA.1T8.AG25T99.URB.F,TGO,2017,47.59416961669922,,
EA.1T8.AG25T99.URB.F,TGO,2022,48.49452972412109,,
EA.1T8.AG25T99.URB.GPIA,TGO,2009,.4924800097942352,,
EA.1T8.AG25T99.URB.GPIA,TGO,2011,.4998399913311005,,
EA.1T8.AG25T99.URB.GPIA,TGO,2017,.6166300177574158,,
EA.1T8.AG25T99.URB.GPIA,TGO,2022,.6254900097846985,,
EA.1T8.AG25T99.URB.M,TGO,2009,57.95014953613281,,
EA.1T8.AG25T99.URB.M,TGO,2011,71.99495697021484,,
EA.1T8.AG25T99.URB.M,TGO,2017,77.18414306640625,,
EA.1T8.AG25T99.URB.M,TGO,2022,77.53057861328125,,
EA.1T8.AG25T99.WPIA,TGO,2017,.1977100074291229,,
EA.2T8.AG25T99,TGO,1970,1.089380025863647,,
EA.2T8.AG25T99,TGO,2010,17.3566894396454,,
EA.2T8.AG25T99,TGO,2011,18.27075004577637,,
EA.2T8.AG25T99,TGO,2017,21.10689926147461,,
EA.2T8.AG25T99,TGO,2022,21.64827919006348,,
EA.2T8.AG25T99.F,TGO,1970,.3783499896526337,,
EA.2T8.AG25T99.F,TGO,2010,8.860167078840099,,
EA.2T8.AG25T99.F,TGO,2011,8.210140228271484,,
EA.2T8.AG25T99.F,TGO,2017,11.47644996643066,,
EA.2T8.AG25T99.F,TGO,2022,12.56968021392822,,
EA.2T8.AG25T99.F.LPIA,TGO,2011,.0668099969625473,,
EA.2T8.AG25T99.F.LPIA,TGO,2017,.1650599986314774,,
EA.2T8.AG25T99.F.LPIA,TGO,2022,.181209996342659,,
EA.2T8.AG25T99.F.WPIA,TGO,2017,.00827999971807,,
EA.2T8.AG25T99.GPIA,TGO,1970,.191200003027916,,
EA.2T8.AG25T99.GPIA,TGO,2010,.321868912240397,,
EA.2T8.AG25T99.GPIA,TGO,2011,.2611500024795532,,
EA.2T8.AG25T99.GPIA,TGO,2017,.352869987487793,,
EA.2T8.AG25T99.GPIA,TGO,2022,.3892500102519989,,
EA.2T8.AG25T99.LPIA,TGO,2011,.1866900026798248,,
EA.2T8.AG25T99.LPIA,TGO,2017,.2994199991226196,,
EA.2T8.AG25T99.LPIA,TGO,2022,.2422599941492081,,
EA.2T8.AG25T99.M,TGO,1970,1.978870034217834,,
EA.2T8.AG25T99.M,TGO,2010,27.527253306845,,
EA.2T8.AG25T99.M,TGO,2011,31.43862915039063,,
EA.2T8.AG25T99.M,TGO,2017,32.5235710144043,,
EA.2T8.AG25T99.M,TGO,2022,32.29207992553711,,
EA.2T8.AG25T99.M.LPIA,TGO,2011,.2678099870681763,,
EA.2T8.AG25T99.M.LPIA,TGO,2017,.3696900010108948,,
EA.2T8.AG25T99.M.LPIA,TGO,2022,.2807700037956238,,
EA.2T8.AG25T99.M.WPIA,TGO,2017,.0840200036764145,,
EA.2T8.AG25T99.NATIVE,TGO,2011,55.1648657430083,,
EA.2T8.AG25T99.NATIVE.F,TGO,2011,43.4623047054478,,
EA.2T8.AG25T99.NONNATIVE.M,TGO,2017,24.7505813633047,,
EA.2T8.AG25T99.Q1,TGO,2017,2.718369960784912,,
EA.2T8.AG25T99.Q1.F,TGO,2017,.3017599880695343,,
EA.2T8.AG25T99.Q1.GPIA,TGO,2017,.0530700013041496,,
EA.2T8.AG25T99.Q1.M,TGO,2017,5.685550212860107,,
EA.2T8.AG25T99.Q5,TGO,2017,51.57112884521484,,
EA.2T8.AG25T99.Q5.F,TGO,2017,36.43188095092773,,
EA.2T8.AG25T99.Q5.GPIA,TGO,2017,.5384100079536438,,
EA.2T8.AG25T99.Q5.M,TGO,2017,67.66597747802734,,
EA.2T8.AG25T99.RUR,TGO,2011,6.872320175170898,,
EA.2T8.AG25T99.RUR,TGO,2017,10.60206031799316,,
EA.2T8.AG25T99.RUR,TGO,2022,8.684650421142578,,
EA.2T8.AG25T99.RUR.F,TGO,2011,1.374480009078979,,
EA.2T8.AG25T99.RUR.F,TGO,2017,3.658299922943115,,
EA.2T8.AG25T99.RUR.F,TGO,2022,4.036089897155762,,
EA.2T8.AG25T99.RUR.GPIA,TGO,2011,.093079999089241,,
EA.2T8.AG25T99.RUR.GPIA,TGO,2017,.1939200013875961,,
EA.2T8.AG25T99.RUR.GPIA,TGO,2022,.2812699973583221,,
EA.2T8.AG25T99.RUR.M,TGO,2011,14.76611995697021,,
EA.2T8.AG25T99.RUR.M,TGO,2017,18.86483955383301,,
EA.2T8.AG25T99.RUR.M,TGO,2022,14.34959983825684,,
EA.2T8.AG25T99.URB,TGO,2011,36.81211853027344,,
EA.2T8.AG25T99.URB,TGO,2017,35.40813064575195,,
EA.2T8.AG25T99.URB,TGO,2022,35.84912109375,,
EA.2T8.AG25T99.URB.F,TGO,2011,20.57294082641602,,
EA.2T8.AG25T99.URB.F,TGO,2017,22.16353034973145,,
EA.2T8.AG25T99.URB.F,TGO,2022,22.27282905578613,,
EA.2T8.AG25T99.URB.GPIA,TGO,2011,.3731299936771393,,
EA.2T8.AG25T99.URB.GPIA,TGO,2017,.4343299865722656,,
EA.2T8.AG25T99.URB.GPIA,TGO,2022,.4357999861240387,,
EA.2T8.AG25T99.URB.M,TGO,2011,55.13663864135742,,
EA.2T8.AG25T99.URB.M,TGO,2017,51.02880859375,,
EA.2T8.AG25T99.URB.M,TGO,2022,51.10774993896484,,
EA.2T8.AG25T99.WPIA,TGO,2017,.0527100004255772,,
EA.3T8.AG25T99,TGO,1970,.3671599924564362,,
EA.3T8.AG25T99,TGO,2009,8.901920318603516,,
EA.3T8.AG25T99,TGO,2010,7.7044535598519,,
EA.3T8.AG25T99,TGO,2011,9.25691032409668,,
EA.3T8.AG25T99,TGO,2017,9.465900421142578,,
EA.3T8.AG25T99,TGO,2019,14.2901183239008,,
EA.3T8.AG25T99,TGO,2022,10.97908020019531,,
EA.3T8.AG25T99.F,TGO,1970,.100100003182888,,
EA.3T8.AG25T99.F,TGO,2009,3.305619955062866,,
EA.3T8.AG25T99.F,TGO,2010,3.03769109161442,,
EA.3T8.AG25T99.F,TGO,2011,3.036319971084595,,
EA.3T8.AG25T99.F,TGO,2017,4.247049808502197,,
EA.3T8.AG25T99.F,TGO,2019,6.84357203938389,,
EA.3T8.AG25T99.F,TGO,2022,5.528190135955811,,
EA.3T8.AG25T99.F.LPIA,TGO,2009,.1539600044488907,,
EA.3T8.AG25T99.F.LPIA,TGO,2011,.0340100005269051,,
EA.3T8.AG25T99.F.LPIA,TGO,2017,.0921700000762939,,
EA.3T8.AG25T99.F.LPIA,TGO,2019,.0981024561449898,,
EA.3T8.AG25T99.F.LPIA,TGO,2022,.1431600004434586,,
EA.3T8.AG25T99.F.WPIA,TGO,2017,.0018299999646842,,
EA.3T8.AG25T99.GPIA,TGO,1970,.1427399963140488,,
EA.3T8.AG25T99.GPIA,TGO,2009,.214709997177124,,
EA.3T8.AG25T99.GPIA,TGO,2010,.228557770539931,,
EA.3T8.AG25T99.GPIA,TGO,2011,.1745100021362305,,
EA.3T8.AG25T99.GPIA,TGO,2017,.2713299989700317,,
EA.3T8.AG25T99.GPIA,TGO,2019,.29302305715969,,
EA.3T8.AG25T99.GPIA,TGO,2022,.3182699978351593,,
EA.3T8.AG25T99.LPIA,TGO,2009,.2296999990940094,,
EA.3T8.AG25T99.LPIA,TGO,2011,.1226899996399879,,
EA.3T8.AG25T99.LPIA,TGO,2017,.1901199966669083,,
EA.3T8.AG25T99.LPIA,TGO,2019,.184054978722916,,
EA.3T8.AG25T99.LPIA,TGO,2022,.1447200030088425,,
EA.3T8.AG25T99.M,TGO,1970,.701259970664978,,
EA.3T8.AG25T99.M,TGO,2009,15.39544010162354,,
EA.3T8.AG25T99.M,TGO,2010,13.2906926963732,,
EA.3T8.AG25T99.M,TGO,2011,17.39876937866211,,
EA.3T8.AG25T99.M,TGO,2017,15.65272045135498,,
EA.3T8.AG25T99.M,TGO,2019,23.3550632694898,,
EA.3T8.AG25T99.M,TGO,2022,17.36974906921387,,
EA.3T8.AG25T99.M.LPIA,TGO,2009,.2506999969482422,,
EA.3T8.AG25T99.M.LPIA,TGO,2011,.166250005364418,,
EA.3T8.AG25T99.M.LPIA,TGO,2017,.2276899963617325,,
EA.3T8.AG25T99.M.LPIA,TGO,2022,.1496800035238266,,
EA.3T8.AG25T99.M.WPIA,TGO,2017,.0260000005364418,,
EA.3T8.AG25T99.NATIVE,TGO,2011,46.2001152306727,,
EA.3T8.AG25T99.NATIVE.F,TGO,2011,33.2903659468307,,
EA.3T8.AG25T99.Q1,TGO,2017,.4981200098991394,,
EA.3T8.AG25T99.Q1.F,TGO,2017,.0292499996721745,,
EA.3T8.AG25T99.Q1.GPIA,TGO,2017,.0272400006651878,,
EA.3T8.AG25T99.Q1.M,TGO,2017,1.07380998134613,,
EA.3T8.AG25T99.Q5,TGO,2017,28.26761054992676,,
EA.3T8.AG25T99.Q5.F,TGO,2017,16.01061058044434,,
EA.3T8.AG25T99.Q5.GPIA,TGO,2017,.3876799941062927,,
EA.3T8.AG25T99.Q5.M,TGO,2017,41.29829025268555,,
EA.3T8.AG25T99.RUR,TGO,2009,3.626950025558472,,
EA.3T8.AG25T99.RUR,TGO,2011,2.486939907073975,,
EA.3T8.AG25T99.RUR,TGO,2017,3.375969886779785,,
EA.3T8.AG25T99.RUR,TGO,2019,4.85354855091446,,
EA.3T8.AG25T99.RUR,TGO,2022,2.873899936676025,,
EA.3T8.AG25T99.RUR.F,TGO,2009,.9772899746894836,,
EA.3T8.AG25T99.RUR.F,TGO,2011,.2732599973678589,,
EA.3T8.AG25T99.RUR.F,TGO,2017,.8228600025177002,,
EA.3T8.AG25T99.RUR.F,TGO,2019,1.39278017803378,,
EA.3T8.AG25T99.RUR.F,TGO,2022,1.454540014266968,,
EA.3T8.AG25T99.RUR.GPIA,TGO,2009,.1457899957895279,,
EA.3T8.AG25T99.RUR.GPIA,TGO,2011,.0482299998402596,,
EA.3T8.AG25T99.RUR.GPIA,TGO,2017,.1282899975776672,,
EA.3T8.AG25T99.RUR.GPIA,TGO,2019,.150641738958585,,
EA.3T8.AG25T99.RUR.GPIA,TGO,2022,.3159599900245667,,
EA.3T8.AG25T99.RUR.M,TGO,2009,6.703189849853516,,
EA.3T8.AG25T99.RUR.M,TGO,2011,5.665359973907471,,
EA.3T8.AG25T99.RUR.M,TGO,2017,6.414060115814209,,
EA.3T8.AG25T99.RUR.M,TGO,2019,9.24564591236353,,
EA.3T8.AG25T99.RUR.M,TGO,2022,4.603600025177002,,
EA.3T8.AG25T99.URB,TGO,2009,15.78995037078857,,
EA.3T8.AG25T99.URB,TGO,2011,20.26934051513672,,
EA.3T8.AG25T99.URB,TGO,2017,17.75668907165527,,
EA.3T8.AG25T99.URB,TGO,2019,26.3701019368847,,
EA.3T8.AG25T99.URB,TGO,2022,19.8577995300293,,
EA.3T8.AG25T99.URB.F,TGO,2009,6.347809791564941,,
EA.3T8.AG25T99.URB.F,TGO,2011,8.033519744873047,,
EA.3T8.AG25T99.URB.F,TGO,2017,8.927760124206543,,
EA.3T8.AG25T99.URB.F,TGO,2019,14.1971998741329,,
EA.3T8.AG25T99.URB.F,TGO,2022,10.16014003753662,,
EA.3T8.AG25T99.URB.GPIA,TGO,2009,.2374099940061569,,
EA.3T8.AG25T99.URB.GPIA,TGO,2011,.2357500046491623,,
EA.3T8.AG25T99.URB.GPIA,TGO,2017,.3169299960136414,,
EA.3T8.AG25T99.URB.GPIA,TGO,2022,.3303300142288208,,
EA.3T8.AG25T99.URB.M,TGO,2009,26.73772048950195,,
EA.3T8.AG25T99.URB.M,TGO,2011,34.07643127441406,,
EA.3T8.AG25T99.URB.M,TGO,2017,28.16951942443848,,
EA.3T8.AG25T99.URB.M,TGO,2022,30.75716972351074,,
EA.3T8.AG25T99.WPIA,TGO,2017,.0176199991255999,,
EA.4T8.AG25T99,TGO,1970,.1511200070381165,,
EA.4T8.AG25T99,TGO,2009,2.949450016021729,,
EA.4T8.AG25T99,TGO,2010,1.75173387736582,,
EA.4T8.AG25T99,TGO,2011,5.439350128173828,,
EA.4T8.AG25T99,TGO,2017,8.56658768439255,,
EA.4T8.AG25T99,TGO,2019,6.37852441650194,,
EA.4T8.AG25T99,TGO,2022,6.76612726541786,,
EA.4T8.AG25T99.F,TGO,1970,0,NIL,
EA.4T8.AG25T99.F,TGO,2009,1.212430000305176,,
EA.4T8.AG25T99.F,TGO,2010,.564610174370145,,
EA.4T8.AG25T99.F,TGO,2011,1.53328001499176,,
EA.4T8.AG25T99.F,TGO,2017,3.67157736919222,,
EA.4T8.AG25T99.F,TGO,2019,3.25201644985422,,
EA.4T8.AG25T99.F,TGO,2022,3.32673355251316,,
EA.4T8.AG25T99.F.LPIA,TGO,2009,.1807200014591217,,
EA.4T8.AG25T99.F.LPIA,TGO,2011,.0252000000327826,,
EA.4T8.AG25T99.GPIA,TGO,1970,0,NIL,
EA.4T8.AG25T99.GPIA,TGO,2009,.2442000061273575,,
EA.4T8.AG25T99.GPIA,TGO,2010,.177955940382935,,
EA.4T8.AG25T99.GPIA,TGO,2011,.1453099995851517,,
EA.4T8.AG25T99.GPIA,TGO,2017,.253275896531165,,
EA.4T8.AG25T99.GPIA,TGO,2019,.319293742725977,,
EA.4T8.AG25T99.GPIA,TGO,2022,.302456192165386,,
EA.4T8.AG25T99.LPIA,TGO,2009,.150629997253418,,
EA.4T8.AG25T99.LPIA,TGO,2011,.067220002412796,,
EA.4T8.AG25T99.LPIA,TGO,2017,.230875042658663,,
EA.4T8.AG25T99.LPIA,TGO,2019,.117710413382712,,
EA.4T8.AG25T99.LPIA,TGO,2022,.106528851346552,,
EA.4T8.AG25T99.M,TGO,1970,.3401699960231781,,
EA.4T8.AG25T99.M,TGO,2009,4.964960098266602,,
EA.4T8.AG25T99.M,TGO,2010,3.17275261031009,,
EA.4T8.AG25T99.M,TGO,2011,10.55183029174805,,
EA.4T8.AG25T99.M,TGO,2017,14.4963552374216,,
EA.4T8.AG25T99.M,TGO,2019,10.1850303175065,,
EA.4T8.AG25T99.M,TGO,2022,10.9990591652164,,
EA.4T8.AG25T99.M.LPIA,TGO,2009,.1425199955701828,,
EA.4T8.AG25T99.M.LPIA,TGO,2011,.0860899984836578,,
EA.4T8.AG25T99.M.LPIA,TGO,2017,.26489606704866,,
EA.4T8.AG25T99.M.LPIA,TGO,2019,.156647352615239,,
EA.4T8.AG25T99.M.LPIA,TGO,2022,.114152126920645,,
EA.4T8.AG25T99.NATIVE,TGO,2011,28.256941058035,,
EA.4T8.AG25T99.NATIVE.F,TGO,2011,16.4715659482634,,
EA.4T8.AG25T99.RUR,TGO,2009,.8560400009155273,,
EA.4T8.AG25T99.RUR,TGO,2011,.8657400012016296,,
EA.4T8.AG25T99.RUR,TGO,2017,3.5309620929088,,
EA.4T8.AG25T99.RUR,TGO,2019,1.48578680447614,,
EA.4T8.AG25T99.RUR,TGO,2022,1.38449538401895,,
EA.4T8.AG25T99.RUR.F,TGO,2009,.4088599979877472,,
EA.4T8.AG25T99.RUR.F,TGO,2011,.1037900000810623,,
EA.4T8.AG25T99.RUR.F,TGO,2017,.825534096450942,,
EA.4T8.AG25T99.RUR.GPIA,TGO,2009,.1457899957895279,,
EA.4T8.AG25T99.RUR.GPIA,TGO,2011,.0529600009322166,,
EA.4T8.AG25T99.RUR.GPIA,TGO,2017,.126303537131098,,
EA.4T8.AG25T99.RUR.M,TGO,2009,1.375210046768188,,
EA.4T8.AG25T99.RUR.M,TGO,2011,1.959759950637817,,
EA.4T8.AG25T99.RUR.M,TGO,2017,6.53611225150461,,
EA.4T8.AG25T99.RUR.M,TGO,2019,2.93203596251364,,
EA.4T8.AG25T99.RUR.M,TGO,2022,2.33421842764198,,
EA.4T8.AG25T99.URB,TGO,2009,5.683010101318359,,
EA.4T8.AG25T99.URB,TGO,2011,12.87905979156494,,
EA.4T8.AG25T99.URB,TGO,2017,15.2938232398256,,
EA.4T8.AG25T99.URB,TGO,2019,12.6223905071627,,
EA.4T8.AG25T99.URB,TGO,2022,12.9964358623844,,
EA.4T8.AG25T99.URB.F,TGO,2009,2.262360095977783,,
EA.4T8.AG25T99.URB.F,TGO,2011,4.118639945983887,,
EA.4T8.AG25T99.URB.F,TGO,2017,7.24703588513984,,
EA.4T8.AG25T99.URB.F,TGO,2019,7.19270663579953,,
EA.4T8.AG25T99.URB.F,TGO,2022,6.57946621061959,,
EA.4T8.AG25T99.URB.GPIA,TGO,2009,.2374099940061569,,
EA.4T8.AG25T99.URB.GPIA,TGO,2011,.1809200048446655,,
EA.4T8.AG25T99.URB.GPIA,TGO,2017,.293708435514114,,
EA.4T8.AG25T99.URB.GPIA,TGO,2019,.384278524220461,,
EA.4T8.AG25T99.URB.GPIA,TGO,2022,.321760831398911,,
EA.4T8.AG25T99.URB.M,TGO,2009,9.649109840393066,,
EA.4T8.AG25T99.URB.M,TGO,2011,22.76444053649902,,
EA.4T8.AG25T99.URB.M,TGO,2017,24.6742517709934,,
EA.4T8.AG25T99.URB.M,TGO,2019,18.7174306719077,,
EA.4T8.AG25T99.URB.M,TGO,2022,20.448313059157,,
EA.5T8.AG25T99,TGO,2006,11.4492650884845,,
EA.5T8.AG25T99,TGO,2009,2.632200002670288,,
EA.5T8.AG25T99,TGO,2010,1.55236583526161,,
EA.5T8.AG25T99,TGO,2017,4.18319170576141,,
EA.5T8.AG25T99,TGO,2019,6.05524697368842,,
EA.5T8.AG25T99,TGO,2022,6.40779577131881,,
EA.5T8.AG25T99.F,TGO,2006,4.51187299462781,,
EA.5T8.AG25T99.F,TGO,2009,.9635699987411499,,
EA.5T8.AG25T99.F,TGO,2010,.450326408522461,,
EA.5T8.AG25T99.F,TGO,2011,5.48592417088674,,
EA.5T8.AG25T99.F,TGO,2017,1.96781203703358,,
EA.5T8.AG25T99.F,TGO,2019,3.02666203722683,,
EA.5T8.AG25T99.F,TGO,2022,3.15576539047003,,
EA.5T8.AG25T99.F.LPIA,TGO,2006,.0574440200817723,,
EA.5T8.AG25T99.F.LPIA,TGO,2009,.1569499969482422,,
EA.5T8.AG25T99.F.LPIA,TGO,2011,.160406979256761,,
EA.5T8.AG25T99.GPIA,TGO,2009,.2109200060367584,,
EA.5T8.AG25T99.GPIA,TGO,2010,.156824202309567,,
EA.5T8.AG25T99.GPIA,TGO,2017,.287117384720412,,
EA.5T8.AG25T99.GPIA,TGO,2019,.31066999180335,,
EA.5T8.AG25T99.GPIA,TGO,2022,.303143537270991,,
EA.5T8.AG25T99.LPIA,TGO,2009,.1057500019669533,,
EA.5T8.AG25T99.LPIA,TGO,2017,.135211714560668,,
EA.5T8.AG25T99.LPIA,TGO,2019,.124613977359557,,
EA.5T8.AG25T99.LPIA,TGO,2022,.0977572028957064,,
EA.5T8.AG25T99.M,TGO,2009,4.568359851837158,,
EA.5T8.AG25T99.M,TGO,2010,2.87153642033854,,
EA.5T8.AG25T99.M,TGO,2017,6.85368473577379,,
EA.5T8.AG25T99.M,TGO,2019,9.742370093931269,,
EA.5T8.AG25T99.M,TGO,2022,10.4101358019352,,
EA.5T8.AG25T99.M.LPIA,TGO,2009,.0941200032830238,,
EA.5T8.AG25T99.M.LPIA,TGO,2017,.165130746617445,,
EA.5T8.AG25T99.M.LPIA,TGO,2019,.164425070317344,,
EA.5T8.AG25T99.M.LPIA,TGO,2022,.105969230367729,,
EA.5T8.AG25T99.NATIVE,TGO,2011,14.7910528164728,,
EA.5T8.AG25T99.NATIVE.F,TGO,2011,5.50003805342102,,
EA.5T8.AG25T99.NATIVE.F,TGO,2017,1.95632281636958,,
EA.5T8.AG25T99.NONNATIVE,TGO,2017,4.25652760819515,,
EA.5T8.AG25T99.RUR,TGO,2006,4.04918860944632,,
EA.5T8.AG25T99.RUR,TGO,2009,.5639399886131287,,
EA.5T8.AG25T99.RUR,TGO,2011,7.9390973692255,,
EA.5T8.AG25T99.RUR,TGO,2017,1.11046610593185,,
EA.5T8.AG25T99.RUR,TGO,2019,1.48578680447614,,
EA.5T8.AG25T99.RUR,TGO,2022,1.21418656840259,,
EA.5T8.AG25T99.RUR.F,TGO,2006,.683365249879723,,
EA.5T8.AG25T99.RUR.F,TGO,2009,.289469987154007,,
EA.5T8.AG25T99.RUR.F,TGO,2011,1.77062469491902,,
EA.5T8.AG25T99.RUR.GPIA,TGO,2006,.0851500176905178,,
EA.5T8.AG25T99.RUR.GPIA,TGO,2009,.3279699981212616,,
EA.5T8.AG25T99.RUR.M,TGO,2006,8.02542698656212,,
EA.5T8.AG25T99.RUR.M,TGO,2009,.8826000094413757,,
EA.5T8.AG25T99.RUR.M,TGO,2017,2.10526859354742,,
EA.5T8.AG25T99.RUR.M,TGO,2019,2.93203596251364,,
EA.5T8.AG25T99.RUR.M,TGO,2022,2.06727540672583,,
EA.5T8.AG25T99.URB,TGO,2009,5.332930088043213,,
EA.5T8.AG25T99.URB,TGO,2017,8.21279509353166,,
EA.5T8.AG25T99.URB,TGO,2019,11.9231151750264,,
EA.5T8.AG25T99.URB,TGO,2022,12.4204307451182,,
EA.5T8.AG25T99.URB.F,TGO,2006,11.8961947458925,,
EA.5T8.AG25T99.URB.F,TGO,2009,1.844339966773987,,
EA.5T8.AG25T99.URB.F,TGO,2011,11.0383270299281,,
EA.5T8.AG25T99.URB.F,TGO,2017,4.29698002267705,,
EA.5T8.AG25T99.URB.F,TGO,2019,6.65922133194914,,
EA.5T8.AG25T99.URB.F,TGO,2022,6.31694962116218,,
EA.5T8.AG25T99.URB.GPIA,TGO,2009,.1966699957847595,,
EA.5T8.AG25T99.URB.GPIA,TGO,2017,.337041801468798,,
EA.5T8.AG25T99.URB.GPIA,TGO,2019,.373441168445219,,
EA.5T8.AG25T99.URB.GPIA,TGO,2022,.323808955230829,,
EA.5T8.AG25T99.URB.M,TGO,2009,9.377799987792969,,
EA.5T8.AG25T99.URB.M,TGO,2017,12.7491011617881,,
EA.5T8.AG25T99.URB.M,TGO,2019,17.8320493149538,,
EA.5T8.AG25T99.URB.M,TGO,2022,19.5082610258851,,
EA.6T8.AG25T99,TGO,2010,1.55236583526161,,
EA.6T8.AG25T99,TGO,2011,5.48918169518439,,
EA.6T8.AG25T99,TGO,2017,3.101939916610718,,
EA.6T8.AG25T99,TGO,2019,5.28615802433264,,
EA.6T8.AG25T99,TGO,2022,4.442689895629883,,
EA.6T8.AG25T99.F,TGO,2010,.450326408522461,,
EA.6T8.AG25T99.F,TGO,2011,1.43130655734385,,
EA.6T8.AG25T99.F,TGO,2017,1.260740041732788,,
EA.6T8.AG25T99.F,TGO,2019,2.43372180502068,,
EA.6T8.AG25T99.F,TGO,2022,1.846709966659546,,
EA.6T8.AG25T99.F.LPIA,TGO,2017,.047860000282526,,
EA.6T8.AG25T99.F.LPIA,TGO,2022,.127140000462532,,
EA.6T8.AG25T99.GPIA,TGO,2010,.156824202309567,,
EA.6T8.AG25T99.GPIA,TGO,2017,.2385700047016144,,
EA.6T8.AG25T99.GPIA,TGO,2019,.277876573438123,,
EA.6T8.AG25T99.GPIA,TGO,2022,.2466800063848495,,
EA.6T8.AG25T99.LPIA,TGO,2017,.1188900023698807,,
EA.6T8.AG25T99.LPIA,TGO,2019,.1325753971816,,
EA.6T8.AG25T99.LPIA,TGO,2022,.1040199995040894,,
EA.6T8.AG25T99.M,TGO,2010,2.87153642033854,,
EA.6T8.AG25T99.M,TGO,2017,5.284649848937988,,
EA.6T8.AG25T99.M,TGO,2019,8.75828348863174,,
EA.6T8.AG25T99.M,TGO,2022,7.486219882965088,,
EA.6T8.AG25T99.M.LPIA,TGO,2017,.1420000046491623,,
EA.6T8.AG25T99.M.LPIA,TGO,2019,.171056487913962,,
EA.6T8.AG25T99.M.LPIA,TGO,2022,.1005000025033951,,
EA.6T8.AG25T99.M.WPIA,TGO,2017,.0022599999792874,,
EA.6T8.AG25T99.NATIVE,TGO,2011,5.48846971765298,,
EA.6T8.AG25T99.NATIVE,TGO,2017,3.09743462316616,,
EA.6T8.AG25T99.NATIVE.F,TGO,2011,1.43117229951536,,
EA.6T8.AG25T99.NATIVE.F,TGO,2017,1.34007058871554,,
EA.6T8.AG25T99.NATIVE.GPIA,TGO,2017,.257375946098408,,
EA.6T8.AG25T99.NATIVE.M,TGO,2017,5.20666600367992,,
EA.6T8.AG25T99.NONNATIVE,TGO,2017,3.20123243989547,,
EA.6T8.AG25T99.NONNATIVE.M,TGO,2017,4.48954966001382,,
EA.6T8.AG25T99.NPIA,TGO,2017,1.03242432990361,,
EA.6T8.AG25T99.Q1,TGO,2017,.0182199999690056,,
EA.6T8.AG25T99.Q1.M,TGO,2017,.0405800007283688,,
EA.6T8.AG25T99.Q5,TGO,2017,11.44293022155762,,
EA.6T8.AG25T99.Q5.F,TGO,2017,5.307730197906494,,
EA.6T8.AG25T99.Q5.GPIA,TGO,2017,.2954399883747101,,
EA.6T8.AG25T99.Q5.M,TGO,2017,17.96538925170898,,
EA.6T8.AG25T99.RUR,TGO,2011,1.94439041295007,,
EA.6T8.AG25T99.RUR,TGO,2017,.7495700120925903,,
EA.6T8.AG25T99.RUR,TGO,2019,1.36789329367472,,
EA.6T8.AG25T99.RUR,TGO,2022,.8692700266838074,,
EA.6T8.AG25T99.RUR.F,TGO,2017,.1340599954128265,,
EA.6T8.AG25T99.RUR.F,TGO,2022,.4383800029754639,,
EA.6T8.AG25T99.RUR.GPIA,TGO,2017,.0904600024223328,,
EA.6T8.AG25T99.RUR.GPIA,TGO,2022,.3143900036811829,,
EA.6T8.AG25T99.RUR.M,TGO,2011,4.22147103541115,,
EA.6T8.AG25T99.RUR.M,TGO,2017,1.481989979743958,,
EA.6T8.AG25T99.RUR.M,TGO,2019,2.72423728321154,,
EA.6T8.AG25T99.RUR.M,TGO,2022,1.39437997341156,,
EA.6T8.AG25T99.URB,TGO,2017,6.304450035095215,,
EA.6T8.AG25T99.URB,TGO,2019,10.3178517489259,,
EA.6T8.AG25T99.URB,TGO,2022,8.357139587402344,,
EA.6T8.AG25T99.URB.F,TGO,2011,3.19372053109369,,
EA.6T8.AG25T99.URB.F,TGO,2017,2.800859928131104,,
EA.6T8.AG25T99.URB.F,TGO,2019,5.3219523864338,,
EA.6T8.AG25T99.URB.F,TGO,2022,3.448050022125244,,
EA.6T8.AG25T99.URB.GPIA,TGO,2017,.2683700025081635,,
EA.6T8.AG25T99.URB.GPIA,TGO,2019,.334168572495087,,
EA.6T8.AG25T99.URB.GPIA,TGO,2022,.2485200017690659,,
EA.6T8.AG25T99.URB.M,TGO,2017,10.43659019470215,,
EA.6T8.AG25T99.URB.M,TGO,2019,15.9259512248479,,
EA.6T8.AG25T99.URB.M,TGO,2022,13.87454032897949,,
EA.6T8.AG25T99.WPIA,TGO,2017,.001589999999851,,
EA.7T8.AG25T99,TGO,2011,2.40420728512859,,
EA.7T8.AG25T99,TGO,2017,1.25393478185663,,
EA.7T8.AG25T99,TGO,2019,1.48414484233417,,
EA.7T8.AG25T99,TGO,2022,1.13454586620476,,
EA.7T8.AG25T99.M,TGO,2017,2.17803387882383,,
EA.7T8.AG25T99.M,TGO,2019,2.69576640286853,,
EA.7T8.AG25T99.M,TGO,2022,2.00243710823552,,
EA.7T8.AG25T99.NATIVE,TGO,2011,2.39535091806979,,
EA.7T8.AG25T99.NATIVE,TGO,2017,1.23429554949263,,
EA.7T8.AG25T99.NATIVE.F,TGO,2011,.392863032239098,,
EA.7T8.AG25T99.NATIVE.F,TGO,2017,.397045296962164,,
EA.7T8.AG25T99.NATIVE.GPIA,TGO,2017,.177316972970333,,
EA.7T8.AG25T99.NATIVE.M,TGO,2017,2.23918382042644,,
EA.7T8.AG25T99.NONNATIVE,TGO,2017,1.34586317156526,,
EA.7T8.AG25T99.NPIA,TGO,2017,1.08289670482837,,
EA.7T8.AG25T99.RUR,TGO,2011,.939569562461979,,
EA.7T8.AG25T99.RUR.M,TGO,2011,2.15171234916811,,
EA.7T8.AG25T99.URB,TGO,2017,2.45261183622219,,
EA.7T8.AG25T99.URB,TGO,2019,3.2210887011496,,
EA.7T8.AG25T99.URB,TGO,2022,2.29838831433891,,
EA.7T8.AG25T99.URB.M,TGO,2017,4.08384007512996,,
EA.7T8.AG25T99.URB.M,TGO,2019,5.57760216014888,,
EA.7T8.AG25T99.URB.M,TGO,2022,3.86278140330232,,
EA.8.AG25T99,TGO,2011,.557576669468963,,
EA.8.AG25T99.NATIVE,TGO,2011,.559568490275404,,
EA.8.AG25T99.NATIVE,TGO,2017,.15421924956524,,
EA.8.AG25T99.NATIVE.M,TGO,2017,.339316972225746,,
EA.S1T8.AG25T99,TGO,1970,10.20211982727051,,
EA.S1T8.AG25T99,TGO,2009,50.16011810302734,,
EA.S1T8.AG25T99,TGO,2010,55.9498876620612,,
EA.S1T8.AG25T99,TGO,2011,51.22525024414063,,
EA.S1T8.AG25T99,TGO,2017,64.42239379882813,,
EA.S1T8.AG25T99,TGO,2019,60.5530883756736,,
EA.S1T8.AG25T99,TGO,2022,63.2743194593843,,
EA.S1T8.AG25T99.F,TGO,1970,3.455610036849976,,
EA.S1T8.AG25T99.F,TGO,2009,36.64746856689453,,
EA.S1T8.AG25T99.F,TGO,2010,42.9501419424117,,
EA.S1T8.AG25T99.F,TGO,2011,38.96533966064453,,
EA.S1T8.AG25T99.F,TGO,2017,53.02968978881836,,
EA.S1T8.AG25T99.F,TGO,2019,48.0124363956334,,
EA.S1T8.AG25T99.F,TGO,2022,52.2435802542189,,
EA.S1T8.AG25T99.F.LPIA,TGO,2009,.4494700133800507,,
EA.S1T8.AG25T99.F.LPIA,TGO,2011,.4345400035381317,,
EA.S1T8.AG25T99.F.LPIA,TGO,2017,.5704200267791748,,
EA.S1T8.AG25T99.F.LPIA,TGO,2019,.484619655578859,,
EA.S1T8.AG25T99.F.LPIA,TGO,2022,.524030866160896,,
EA.S1T8.AG25T99.F.WPIA,TGO,2017,.2964699864387512,,
EA.S1T8.AG25T99.GPIA,TGO,1970,.185369998216629,,
EA.S1T8.AG25T99.GPIA,TGO,2009,.5566200017929077,,
EA.S1T8.AG25T99.GPIA,TGO,2010,.6006094725415601,,
EA.S1T8.AG25T99.GPIA,TGO,2011,.5792199969291687,,
EA.S1T8.AG25T99.GPIA,TGO,2017,.6804900169372559,,
EA.S1T8.AG25T99.GPIA,TGO,2019,.6339452456907489,,
EA.S1T8.AG25T99.GPIA,TGO,2022,.6798117026193941,,
EA.S1T8.AG25T99.LPIA,TGO,2009,.5600900053977966,,
EA.S1T8.AG25T99.LPIA,TGO,2011,.5180299878120422,,
EA.S1T8.AG25T99.LPIA,TGO,2017,.6632099747657776,,
EA.S1T8.AG25T99.LPIA,TGO,2019,.583861506429637,,
EA.S1T8.AG25T99.LPIA,TGO,2022,.614431027443887,,
EA.S1T8.AG25T99.M,TGO,1970,18.64199066162109,,
EA.S1T8.AG25T99.M,TGO,2009,65.83917236328125,,
EA.S1T8.AG25T99.M,TGO,2010,71.51092999026871,,
EA.S1T8.AG25T99.M,TGO,2011,67.27169799804688,,
EA.S1T8.AG25T99.M,TGO,2017,77.92816925048828,,
EA.S1T8.AG25T99.M,TGO,2019,75.73593574839239,,
EA.S1T8.AG25T99.M,TGO,2022,76.8500748853223,,
EA.S1T8.AG25T99.M.LPIA,TGO,2009,.6431300044059753,,
EA.S1T8.AG25T99.M.LPIA,TGO,2011,.6248599886894226,,
EA.S1T8.AG25T99.M.LPIA,TGO,2017,.7494500279426575,,
EA.S1T8.AG25T99.M.WPIA,TGO,2017,.5396599769592285,,
EA.S1T8.AG25T99.Q1,TGO,2017,36.25,,
EA.S1T8.AG25T99.Q1.F,TGO,2017,24.13787078857422,,
EA.S1T8.AG25T99.Q1.GPIA,TGO,2017,.4721699953079224,,
EA.S1T8.AG25T99.Q1.M,TGO,2017,51.12155914306641,,
EA.S1T8.AG25T99.Q5,TGO,2017,87.87006378173828,,
EA.S1T8.AG25T99.Q5.F,TGO,2017,81.41880035400391,,
EA.S1T8.AG25T99.Q5.GPIA,TGO,2017,.859499990940094,,
EA.S1T8.AG25T99.Q5.M,TGO,2017,94.72853088378906,,
EA.S1T8.AG25T99.RUR,TGO,2009,37.41542053222656,,
EA.S1T8.AG25T99.RUR,TGO,2011,37.82682037353516,,
EA.S1T8.AG25T99.RUR,TGO,2017,53.02022171020508,,
EA.S1T8.AG25T99.RUR,TGO,2019,46.1400470242776,,
EA.S1T8.AG25T99.RUR,TGO,2022,49.0183485185476,,
EA.S1T8.AG25T99.RUR.F,TGO,2009,23.93668937683105,,
EA.S1T8.AG25T99.RUR.F,TGO,2011,26.62779998779297,,
EA.S1T8.AG25T99.RUR.F,TGO,2017,40.2298698425293,,
EA.S1T8.AG25T99.RUR.F,TGO,2019,33.1099380434245,,
EA.S1T8.AG25T99.RUR.F,TGO,2022,37.0297804099229,,
EA.S1T8.AG25T99.RUR.GPIA,TGO,2009,.451090008020401,,
EA.S1T8.AG25T99.RUR.GPIA,TGO,2011,.4939599931240082,,
EA.S1T8.AG25T99.RUR.GPIA,TGO,2017,.5895299911499023,,
EA.S1T8.AG25T99.RUR.GPIA,TGO,2019,.527052092735139,,
EA.S1T8.AG25T99.RUR.GPIA,TGO,2022,.574475839543474,,
EA.S1T8.AG25T99.RUR.M,TGO,2009,53.06404876708984,,
EA.S1T8.AG25T99.RUR.M,TGO,2011,53.90637969970703,,
EA.S1T8.AG25T99.RUR.M,TGO,2017,68.24021911621094,,
EA.S1T8.AG25T99.RUR.M,TGO,2019,62.820997202763,,
EA.S1T8.AG25T99.RUR.M,TGO,2022,64.4583772911144,,
EA.S1T8.AG25T99.URB,TGO,2009,66.80210876464844,,
EA.S1T8.AG25T99.URB,TGO,2011,73.01995086669922,,
EA.S1T8.AG25T99.URB,TGO,2017,79.94522857666016,,
EA.S1T8.AG25T99.URB,TGO,2019,79.0256704992043,,
EA.S1T8.AG25T99.URB,TGO,2022,79.7784394490466,,
EA.S1T8.AG25T99.URB.F,TGO,2009,53.25529861450195,,
EA.S1T8.AG25T99.URB.F,TGO,2011,61.27870941162109,,
EA.S1T8.AG25T99.URB.F,TGO,2017,70.52651214599609,,
EA.S1T8.AG25T99.URB.F,TGO,2019,68.3214922512295,,
EA.S1T8.AG25T99.URB.F,TGO,2022,70.66335744916501,,
EA.S1T8.AG25T99.URB.GPIA,TGO,2009,.6454499959945679,,
EA.S1T8.AG25T99.URB.GPIA,TGO,2011,.710319995880127,,
EA.S1T8.AG25T99.URB.GPIA,TGO,2017,.7745599746704102,,
EA.S1T8.AG25T99.URB.GPIA,TGO,2019,.7504430285347879,,
EA.S1T8.AG25T99.URB.GPIA,TGO,2022,.781989425679275,,
EA.S1T8.AG25T99.URB.M,TGO,2009,82.50907897949219,,
EA.S1T8.AG25T99.URB.M,TGO,2011,86.26892852783203,,
EA.S1T8.AG25T99.URB.M,TGO,2017,91.05367279052734,,
EA.S1T8.AG25T99.URB.M,TGO,2019,91.04154433231879,,
EA.S1T8.AG25T99.URB.M,TGO,2022,90.36357158894219,,
EA.S1T8.AG25T99.WPIA,TGO,2017,.4125399887561798,,
EV1524P.2T5.V,TGO,1991,1.030969977378845,,
EV1524P.2T5.V,TGO,1999,1.525889992713928,,
EV1524P.2T5.V,TGO,2000,1.447239995002747,,UIS_EST
EV1524P.2T5.V,TGO,2021,2.856319904327393,,
EV1524P.2T5.V,TGO,2023,3.719429969787598,,
EV1524P.2T5.V.F,TGO,1991,.5301600098609924,,
EV1524P.2T5.V.F,TGO,1999,.7609300017356873,,
EV1524P.2T5.V.F,TGO,2000,.8845099806785583,,UIS_EST
EV1524P.2T5.V.F,TGO,2021,2.324879884719849,,
EV1524P.2T5.V.F,TGO,2023,2.917020082473755,,
EV1524P.2T5.V.GPIA,TGO,1991,.3458999991416931,,
EV1524P.2T5.V.GPIA,TGO,1999,.3331499993801117,,
EV1524P.2T5.V.GPIA,TGO,2000,.4412600100040436,,UIS_EST
EV1524P.2T5.V.GPIA,TGO,2021,.6887000203132629,,
EV1524P.2T5.V.GPIA,TGO,2023,.6478099822998047,,
EV1524P.2T5.V.M,TGO,1991,1.532670021057129,,
EV1524P.2T5.V.M,TGO,1999,2.284049987792969,,
EV1524P.2T5.V.M,TGO,2000,2.004509925842285,,UIS_EST
EV1524P.2T5.V.M,TGO,2021,3.375760078430176,,
EV1524P.2T5.V.M,TGO,2023,4.502930164337158,,
FHLANGILP.G2T3,TGO,2014,1.226979970932007,,UIS_EST
FHLANGILP.G2T3.F,TGO,2014,1.197038054466248,,UIS_EST
FHLANGILP.G2T3.GPIA,TGO,2014,.9548832178115845,,UIS_EST
FHLANGILP.G2T3.LPIA,TGO,2014,0,,UIS_EST
FHLANGILP.G2T3.M,TGO,2014,1.253595948219299,,UIS_EST
FHLANGILP.G2T3.RUR,TGO,2014,0,,UIS_EST
FHLANGILP.G2T3.URB,TGO,2014,3.273483991622925,,UIS_EST
FHLANGILP.PRIMARY,TGO,2014,6.339204788208008,,UIS_EST
FHLANGILP.PRIMARY,TGO,2019,9.744478225708008,,UIS_EST
FHLANGILP.PRIMARY.F,TGO,2014,6.184574127197266,,UIS_EST
FHLANGILP.PRIMARY.F,TGO,2019,9.729997634887695,,UIS_EST
FHLANGILP.PRIMARY.GPIA,TGO,2014,.955604612827301,,UIS_EST
FHLANGILP.PRIMARY.GPIA,TGO,2019,.9969723224639893,,UIS_EST
FHLANGILP.PRIMARY.HIGHSES,TGO,2014,9.098191261291504,,UIS_EST
FHLANGILP.PRIMARY.HIGHSES,TGO,2019,10.27085971832275,,UIS_EST
FHLANGILP.PRIMARY.LOWSES,TGO,2014,3.604819059371948,,UIS_EST
FHLANGILP.PRIMARY.LOWSES,TGO,2019,9.220067024230957,,UIS_EST
FHLANGILP.PRIMARY.LPIA,TGO,2014,.7463622093200684,,UIS_EST
FHLANGILP.PRIMARY.LPIA,TGO,2019,.9462655782699585,,UIS_EST
FHLANGILP.PRIMARY.M,TGO,2014,6.471896171569824,,UIS_EST
FHLANGILP.PRIMARY.M,TGO,2019,9.759547233581543,,UIS_EST
FHLANGILP.PRIMARY.RUR,TGO,2014,5.59543514251709,,UIS_EST
FHLANGILP.PRIMARY.RUR,TGO,2019,9.5872802734375,,UIS_EST
FHLANGILP.PRIMARY.URB,TGO,2014,7.49694299697876,,UIS_EST
FHLANGILP.PRIMARY.URB,TGO,2019,10.13169956207275,,UIS_EST
FHLANGILP.PRIMARY.WPIA,TGO,2014,.3962126970291138,,UIS_EST
FHLANGILP.PRIMARY.WPIA,TGO,2019,.8976922035217285,,UIS_EST
GAR.5T8,TGO,2010,12.69406986236572,,
GAR.5T8,TGO,2018,16.02071952819824,,
GAR.5T8,TGO,2021,18.8061695098877,,
GAR.5T8.F,TGO,2010,6.970059871673584,,
GAR.5T8.F,TGO,2018,10.49580001831055,,
GAR.5T8.F,TGO,2021,14.60727024078369,,
GAR.5T8.F.LPIA,TGO,2010,.0832500010728836,,
GAR.5T8.F.LPIA,TGO,2018,.0511800013482571,,
GAR.5T8.F.LPIA,TGO,2021,.1000000014901161,,
GAR.5T8.GPIA,TGO,2010,.3609600067138672,,
GAR.5T8.GPIA,TGO,2018,.4681099951267242,,
GAR.5T8.GPIA,TGO,2021,.6151700019836426,,
GAR.5T8.LPIA,TGO,2010,.1193199977278709,,
GAR.5T8.LPIA,TGO,2018,.0719799995422363,,
GAR.5T8.LPIA,TGO,2021,.1101500019431114,,
GAR.5T8.M,TGO,2010,19.30954933166504,,
GAR.5T8.M,TGO,2018,22.42149925231934,,
GAR.5T8.M,TGO,2021,23.74490928649902,,
GAR.5T8.M.LPIA,TGO,2010,.1420599967241287,,
GAR.5T8.M.LPIA,TGO,2018,.086949996650219,,
GAR.5T8.M.LPIA,TGO,2021,.1177899986505508,,
GAR.5T8.RUR,TGO,2010,2.746500015258789,,
GAR.5T8.RUR,TGO,2018,2.080029964447021,,
GAR.5T8.RUR,TGO,2021,3.467940092086792,,
GAR.5T8.RUR.F,TGO,2010,1.116310000419617,,
GAR.5T8.RUR.F,TGO,2018,1.008350014686584,,
GAR.5T8.RUR.F,TGO,2021,2.466949939727783,,
GAR.5T8.RUR.GPIA,TGO,2010,.2349999994039536,,
GAR.5T8.RUR.GPIA,TGO,2018,.29721999168396,,
GAR.5T8.RUR.GPIA,TGO,2021,.5305899977684021,,
GAR.5T8.RUR.M,TGO,2010,4.75029993057251,,
GAR.5T8.RUR.M,TGO,2018,3.392620086669922,,
GAR.5T8.RUR.M,TGO,2021,4.649479866027832,,
GAR.5T8.URB,TGO,2010,23.01807975769043,,
GAR.5T8.URB,TGO,2018,28.89578056335449,,
GAR.5T8.URB,TGO,2021,31.4824104309082,,
GAR.5T8.URB.F,TGO,2010,13.40898036956787,,
GAR.5T8.URB.F,TGO,2018,19.70182037353516,,
GAR.5T8.URB.F,TGO,2021,24.6705493927002,,
GAR.5T8.URB.GPIA,TGO,2010,.4009999930858612,,
GAR.5T8.URB.GPIA,TGO,2018,.5049700140953064,,
GAR.5T8.URB.GPIA,TGO,2021,.625029981136322,,
GAR.5T8.URB.M,TGO,2010,33.43891906738281,,
GAR.5T8.URB.M,TGO,2018,39.01604843139648,,
GAR.5T8.URB.M,TGO,2021,39.47106170654297,,
GER.5T8,TGO,1971,.4363200068473816,,
GER.5T8,TGO,1972,.6738799810409546,,
GER.5T8,TGO,1973,.6815999746322632,,
GER.5T8,TGO,1974,.6628100275993347,,
GER.5T8,TGO,1975,.714460015296936,,
GER.5T8,TGO,1976,1.016950011253357,,
GER.5T8,TGO,1977,1.175770044326782,,
GER.5T8,TGO,1978,1.306270003318787,,
GER.5T8,TGO,1979,1.281769990921021,,
GER.5T8,TGO,1980,1.436210036277771,,
GER.5T8,TGO,1981,1.819980025291443,,
GER.5T8,TGO,1982,1.594720005989075,,
GER.5T8,TGO,1983,1.438689947128296,,
GER.5T8,TGO,1984,1.453520059585571,,
GER.5T8,TGO,1987,1.91431999206543,,
GER.5T8,TGO,1988,2.105690002441406,,
GER.5T8,TGO,1989,2.137840032577515,,
GER.5T8,TGO,1990,2.165689945220947,,
GER.5T8,TGO,1991,2.394350051879883,,
GER.5T8,TGO,1992,2.632550001144409,,
GER.5T8,TGO,1993,2.216120004653931,,
GER.5T8,TGO,1994,2.389790058135986,,
GER.5T8,TGO,1995,2.710319995880127,,
GER.5T8,TGO,1996,2.695240020751953,,
GER.5T8,TGO,1998,3.072870016098022,,
GER.5T8,TGO,2006,4.950709819793701,,UIS_EST
GER.5T8,TGO,2007,5.562839984893799,,
GER.5T8,TGO,2010,8.906782709454792,,
GER.5T8,TGO,2011,9.669680810436285,,
GER.5T8,TGO,2012,10.70791377456252,,
GER.5T8,TGO,2013,10.83978656778779,,
GER.5T8,TGO,2014,10.53849451756318,,
GER.5T8,TGO,2015,10.81464722158174,,
GER.5T8,TGO,2016,12.09133404639423,,
GER.5T8,TGO,2017,12.30686534326716,,
GER.5T8,TGO,2018,12.90315996031849,,
GER.5T8,TGO,2019,13.15514721236166,,
GER.5T8,TGO,2020,14.90298977652516,,
GER.5T8.F,TGO,1972,.1500200033187866,,
GER.5T8.F,TGO,1973,.1430300027132034,,
GER.5T8.F,TGO,1974,.1683900058269501,,
GER.5T8.F,TGO,1975,.1877100020647049,,
GER.5T8.F,TGO,1976,.2774499952793121,,
GER.5T8.F,TGO,1977,.3744300007820129,,
GER.5T8.F,TGO,1978,.5025500059127808,,
GER.5T8.F,TGO,1979,.4188100099563599,,
GER.5T8.F,TGO,1980,.4567199945449829,,
GER.5T8.F,TGO,1981,.5355600118637085,,
GER.5T8.F,TGO,1982,.4639300107955933,,
GER.5T8.F,TGO,1983,.4044300019741058,,
GER.5T8.F,TGO,1984,.4515799880027771,,
GER.5T8.F,TGO,1987,.4932399988174438,,
GER.5T8.F,TGO,1988,.5196999907493591,,
GER.5T8.F,TGO,1990,.5694699883460999,,
GER.5T8.F,TGO,1991,.6668300032615662,,
GER.5T8.F,TGO,1992,.6266199946403503,,
GER.5T8.F,TGO,1993,.5418199896812439,,
GER.5T8.F,TGO,1994,.5781300067901611,,
GER.5T8.F,TGO,1995,.7224699854850769,,
GER.5T8.F,TGO,1996,.8102200031280518,,
GER.5T8.F,TGO,1998,1.04601001739502,,
GER.5T8.F,TGO,2011,4.989483892093398,,
GER.5T8.F,TGO,2012,5.585300897709282,,
GER.5T8.F,TGO,2013,6.145611444616576,,
GER.5T8.F,TGO,2014,6.272214277661411,,
GER.5T8.F,TGO,2015,6.515977585945783,,
GER.5T8.F,TGO,2016,7.500271666085206,,
GER.5T8.F,TGO,2017,7.803278320296049,,
GER.5T8.F,TGO,2018,8.59217237717411,,
GER.5T8.F,TGO,2019,9.097265737406444,,
GER.5T8.F,TGO,2020,10.78602837641889,,
GER.5T8.GPIA,TGO,1972,.1246799975633621,,
GER.5T8.GPIA,TGO,1973,.1166300028562546,,
GER.5T8.GPIA,TGO,1974,.1447499990463257,,
GER.5T8.GPIA,TGO,1975,.1504400074481964,,
GER.5T8.GPIA,TGO,1976,.1571300029754639,,
GER.5T8.GPIA,TGO,1977,.188400000333786,,
GER.5T8.GPIA,TGO,1978,.2370100021362305,,
GER.5T8.GPIA,TGO,1979,.1942899972200394,,
GER.5T8.GPIA,TGO,1980,.1881199926137924,,
GER.5T8.GPIA,TGO,1981,.1716800034046173,,
GER.5T8.GPIA,TGO,1982,.1694300025701523,,
GER.5T8.GPIA,TGO,1983,.1628099977970123,,
GER.5T8.GPIA,TGO,1984,.1831499934196472,,
GER.5T8.GPIA,TGO,1987,.1473599970340729,,
GER.5T8.GPIA,TGO,1988,.1403200030326843,,
GER.5T8.GPIA,TGO,1990,.1509899944067001,,
GER.5T8.GPIA,TGO,1991,.1614499986171722,,
GER.5T8.GPIA,TGO,1992,.134880006313324,,
GER.5T8.GPIA,TGO,1993,.1391600072383881,,
GER.5T8.GPIA,TGO,1994,.1376399993896484,,
GER.5T8.GPIA,TGO,1995,.1539700031280518,,
GER.5T8.GPIA,TGO,1996,.1772599965333939,,
GER.5T8.GPIA,TGO,1998,.2057500034570694,,
GER.5T8.GPIA,TGO,2011,.3499271636561305,,
GER.5T8.GPIA,TGO,2012,.3550990835735405,,
GER.5T8.GPIA,TGO,2013,.398035504489371,,
GER.5T8.GPIA,TGO,2014,.4261488672038599,,
GER.5T8.GPIA,TGO,2015,.4336776971520917,,
GER.5T8.GPIA,TGO,2016,.4521789511013787,,
GER.5T8.GPIA,TGO,2017,.4668211521539185,,
GER.5T8.GPIA,TGO,2018,.5018032433067202,,
GER.5T8.GPIA,TGO,2019,.5312122185180455,,
GER.5T8.GPIA,TGO,2020,.5698151502270662,,
GER.5T8.M,TGO,1972,1.203279972076416,,
GER.5T8.M,TGO,1973,1.226310014724731,,
GER.5T8.M,TGO,1974,1.163310050964355,,
GER.5T8.M,TGO,1975,1.247769951820374,,
GER.5T8.M,TGO,1976,1.765799999237061,,
GER.5T8.M,TGO,1977,1.987400054931641,,
GER.5T8.M,TGO,1978,2.120330095291138,,
GER.5T8.M,TGO,1979,2.155630111694336,,
GER.5T8.M,TGO,1980,2.427809953689575,,
GER.5T8.M,TGO,1981,3.119600057601929,,
GER.5T8.M,TGO,1982,2.738250017166138,,
GER.5T8.M,TGO,1983,2.483989953994751,,
GER.5T8.M,TGO,1984,2.465569972991943,,
GER.5T8.M,TGO,1987,3.347170114517212,,
GER.5T8.M,TGO,1988,3.70376992225647,,
GER.5T8.M,TGO,1990,3.771490097045898,,
GER.5T8.M,TGO,1991,4.130340099334717,,
GER.5T8.M,TGO,1992,4.645750045776367,,
GER.5T8.M,TGO,1993,3.893369913101196,,
GER.5T8.M,TGO,1994,4.200379848480225,,
GER.5T8.M,TGO,1995,4.69242000579834,,
GER.5T8.M,TGO,1996,4.570779800415039,,
GER.5T8.M,TGO,1998,5.08381986618042,,
GER.5T8.M,TGO,2011,14.2586355399277,,
GER.5T8.M,TGO,2012,15.72885190663291,,
GER.5T8.M,TGO,2013,15.43985743809617,,
GER.5T8.M,TGO,2014,14.71836430967427,,
GER.5T8.M,TGO,2015,15.024931253637,,
GER.5T8.M,TGO,2016,16.58695445202986,,
GER.5T8.M,TGO,2017,16.71577708998752,,
GER.5T8.M,TGO,2018,17.12259235423527,,
GER.5T8.M,TGO,2019,17.12548284899325,,
GER.5T8.M,TGO,2020,18.92899543320453,,
ICTSKILLARSP,TGO,2017,1.4,,
ICTSKILLCOPA,TGO,2017,3.5,,
ICTSKILLEMAIL,TGO,2017,2.8,,
ICTSKILLEPRS,TGO,2017,1,,
ICTSKILLINST,TGO,2017,1.6,,
ICTSKILLPCPR,TGO,2017,.5,,
ICTSKILLSOFT,TGO,2017,2.4,,
LR.AG15T24,TGO,2000,74.44000244140625,,
LR.AG15T24,TGO,2006,76.44999694824219,,
LR.AG15T24,TGO,2009,81.73999786376953,,
LR.AG15T24,TGO,2010,77.02999877929688,,
LR.AG15T24,TGO,2011,79.88999938964844,,
LR.AG15T24,TGO,2014,79.66,,
LR.AG15T24,TGO,2015,84.29000091552734,,
LR.AG15T24,TGO,2017,82.51000213623047,,
LR.AG15T24,TGO,2019,87.88999938964844,,
LR.AG15T24,TGO,2022,90.36000061035156,,
LR.AG15T24.F,TGO,2000,63.54999923706055,,
LR.AG15T24.F,TGO,2006,67.91999816894531,,
LR.AG15T24.F,TGO,2009,74.55999755859375,,
LR.AG15T24.F,TGO,2010,69.16000366210938,,
LR.AG15T24.F,TGO,2011,72.70999908447266,,
LR.AG15T24.F,TGO,2014,67.67999999999999,,
LR.AG15T24.F,TGO,2015,78.37000274658203,,
LR.AG15T24.F,TGO,2017,74.73999786376953,,
LR.AG15T24.F,TGO,2019,84.01000213623047,,
LR.AG15T24.F,TGO,2022,87.65000152587891,,
LR.AG15T24.F.LPIA,TGO,2009,.7200000286102295,,
LR.AG15T24.F.LPIA,TGO,2011,.7599999904632568,,
LR.AG15T24.F.LPIA,TGO,2015,.75,,
LR.AG15T24.F.LPIA,TGO,2017,.800000011920929,,
LR.AG15T24.F.LPIA,TGO,2019,.7900000214576721,,
LR.AG15T24.F.LPIA,TGO,2022,.8299999833106995,,
LR.AG15T24.F.NPIA,TGO,2017,1.05191078496987,,
LR.AG15T24.F.WPIA,TGO,2017,.6399999856948853,,
LR.AG15T24.GPIA,TGO,2000,.7599999904632568,,
LR.AG15T24.GPIA,TGO,2006,.800000011920929,,
LR.AG15T24.GPIA,TGO,2009,.8500000238418579,,
LR.AG15T24.GPIA,TGO,2010,.800000011920929,,
LR.AG15T24.GPIA,TGO,2011,.8399999737739563,,
LR.AG15T24.GPIA,TGO,2014,.7637963891029358,,
LR.AG15T24.GPIA,TGO,2015,.8700000047683716,,
LR.AG15T24.GPIA,TGO,2017,.8399999737739563,,
LR.AG15T24.GPIA,TGO,2019,.9100000262260437,,
LR.AG15T24.GPIA,TGO,2022,.9399999976158142,,
LR.AG15T24.LPIA,TGO,2006,.735395610332489,,
LR.AG15T24.LPIA,TGO,2009,.800000011920929,,
LR.AG15T24.LPIA,TGO,2011,.8299999833106995,,
LR.AG15T24.LPIA,TGO,2014,.7770270109176636,,
LR.AG15T24.LPIA,TGO,2015,.8299999833106995,,
LR.AG15T24.LPIA,TGO,2017,.8700000047683716,,
LR.AG15T24.LPIA,TGO,2019,.8399999737739563,,
LR.AG15T24.LPIA,TGO,2022,.8700000047683716,,
LR.AG15T24.M,TGO,2000,83.79000091552734,,
LR.AG15T24.M,TGO,2006,84.86000061035156,,
LR.AG15T24.M,TGO,2009,87.62999725341797,,
LR.AG15T24.M,TGO,2010,86.40000152587891,,
LR.AG15T24.M,TGO,2011,86.91999816894531,,
LR.AG15T24.M,TGO,2014,88.61,,
LR.AG15T24.M,TGO,2015,89.66999816894531,,
LR.AG15T24.M,TGO,2017,89.44000244140625,,
LR.AG15T24.M,TGO,2019,92.08000183105469,,
LR.AG15T24.M,TGO,2022,93.33000183105469,,
LR.AG15T24.M.LPIA,TGO,2009,.8500000238418579,,
LR.AG15T24.M.LPIA,TGO,2011,.8799999952316284,,
LR.AG15T24.M.LPIA,TGO,2015,.8799999952316284,,
LR.AG15T24.M.LPIA,TGO,2017,.9200000166893005,,
LR.AG15T24.M.LPIA,TGO,2019,.8899999856948853,,
LR.AG15T24.M.LPIA,TGO,2022,.9100000262260437,,
LR.AG15T24.M.NPIA,TGO,2017,1.11201452633786,,
LR.AG15T24.M.WPIA,TGO,2017,.7799999713897705,,
LR.AG15T24.NATIVE,TGO,2017,83.3043331686725,,
LR.AG15T24.NATIVE.F,TGO,2017,78.0142226183426,,
LR.AG15T24.NATIVE.GPIA,TGO,2017,.878552914797187,,
LR.AG15T24.NATIVE.M,TGO,2017,88.7985473662131,,
LR.AG15T24.NONNATIVE,TGO,2017,81.625813489329,,
LR.AG15T24.NONNATIVE.F,TGO,2017,82.2857399721226,,
LR.AG15T24.NONNATIVE.GPIA,TGO,2017,.822857399721226,,
LR.AG15T24.NONNATIVE.M,TGO,2017,100,,
LR.AG15T24.NPIA,TGO,2017,.979850751869715,,
LR.AG15T24.Q1,TGO,2014,58.01,,
LR.AG15T24.Q1,TGO,2017,66.51999664306641,,
LR.AG15T24.Q1.F,TGO,2006,10.65,,
LR.AG15T24.Q1.F,TGO,2010,16.29,,
LR.AG15T24.Q1.F,TGO,2014,39.64,,
LR.AG15T24.Q1.F,TGO,2017,53.97999954223633,,
LR.AG15T24.Q1.GPIA,TGO,2017,.7200000286102295,,
LR.AG15T24.Q1.M,TGO,2014,70.20999999999999,,
LR.AG15T24.Q1.M,TGO,2017,75.16999816894531,,
LR.AG15T24.Q5,TGO,2014,91.01000000000001,,
LR.AG15T24.Q5,TGO,2017,89.81999969482422,,
LR.AG15T24.Q5.F,TGO,2006,74.19,,
LR.AG15T24.Q5.F,TGO,2010,76.98,,
LR.AG15T24.Q5.F,TGO,2014,83.17,,
LR.AG15T24.Q5.F,TGO,2017,84.73000335693359,,
LR.AG15T24.Q5.GPIA,TGO,2017,.8799999952316284,,
LR.AG15T24.Q5.M,TGO,2014,97.22,,
LR.AG15T24.Q5.M,TGO,2017,96.29000091552734,,
LR.AG15T24.RUR,TGO,2006,61.81,,
LR.AG15T24.RUR,TGO,2009,72.95999908447266,,
LR.AG15T24.RUR,TGO,2011,73.38999938964844,,
LR.AG15T24.RUR,TGO,2014,69,,
LR.AG15T24.RUR,TGO,2015,76.95999908447266,,
LR.AG15T24.RUR,TGO,2017,77.41000366210938,,
LR.AG15T24.RUR,TGO,2019,80.37999725341797,,
LR.AG15T24.RUR,TGO,2022,83.86000061035156,,
LR.AG15T24.RUR.F,TGO,2006,25.97,,
LR.AG15T24.RUR.F,TGO,2009,62.31000137329102,,
LR.AG15T24.RUR.F,TGO,2010,23.05,,
LR.AG15T24.RUR.F,TGO,2011,63.38999938964844,,
LR.AG15T24.RUR.F,TGO,2014,52.32,,
LR.AG15T24.RUR.F,TGO,2015,66.48999786376953,,
LR.AG15T24.RUR.F,TGO,2017,66.81999969482422,,
LR.AG15T24.RUR.F,TGO,2019,74.43000030517578,,
LR.AG15T24.RUR.F,TGO,2022,79.05999755859375,,
LR.AG15T24.RUR.GPIA,TGO,2009,.7699999809265137,,
LR.AG15T24.RUR.GPIA,TGO,2011,.7699999809265137,,
LR.AG15T24.RUR.GPIA,TGO,2015,.7799999713897705,,
LR.AG15T24.RUR.GPIA,TGO,2017,.7799999713897705,,
LR.AG15T24.RUR.GPIA,TGO,2019,.8600000143051147,,
LR.AG15T24.RUR.GPIA,TGO,2022,.8899999856948853,,
LR.AG15T24.RUR.M,TGO,2009,81,,
LR.AG15T24.RUR.M,TGO,2011,82.30000305175781,,
LR.AG15T24.RUR.M,TGO,2014,80.95,,
LR.AG15T24.RUR.M,TGO,2015,84.72000122070313,,
LR.AG15T24.RUR.M,TGO,2017,86.06999969482422,,
LR.AG15T24.RUR.M,TGO,2019,86.84999847412109,,
LR.AG15T24.RUR.M,TGO,2022,88.80999755859375,,
LR.AG15T24.URB,TGO,2006,84.05,,
LR.AG15T24.URB,TGO,2009,90.77999877929688,,
LR.AG15T24.URB,TGO,2010,88.91000366210938,,
LR.AG15T24.URB,TGO,2011,88.16000366210938,,
LR.AG15T24.URB,TGO,2014,88.8,,
LR.AG15T24.URB,TGO,2015,92.19999694824219,,
LR.AG15T24.URB,TGO,2017,88.63999938964844,,
LR.AG15T24.URB,TGO,2019,95.41999816894531,,
LR.AG15T24.URB,TGO,2022,96.23000335693359,,
LR.AG15T24.URB.F,TGO,2006,68.12,,
LR.AG15T24.URB.F,TGO,2009,86.05999755859375,,
LR.AG15T24.URB.F,TGO,2010,85.12000274658203,,
LR.AG15T24.URB.F,TGO,2011,83.34999847412109,,
LR.AG15T24.URB.F,TGO,2014,80.27,,
LR.AG15T24.URB.F,TGO,2015,88.65000152587891,,
LR.AG15T24.URB.F,TGO,2017,83.36000061035156,,
LR.AG15T24.URB.F,TGO,2019,93.66999816894531,,
LR.AG15T24.URB.F,TGO,2022,95,,
LR.AG15T24.URB.GPIA,TGO,2009,.9100000262260437,,
LR.AG15T24.URB.GPIA,TGO,2010,.9100000262260437,,
LR.AG15T24.URB.GPIA,TGO,2011,.8899999856948853,,
LR.AG15T24.URB.GPIA,TGO,2015,.9200000166893005,,
LR.AG15T24.URB.GPIA,TGO,2017,.8899999856948853,,
LR.AG15T24.URB.GPIA,TGO,2019,.9599999785423279,,
LR.AG15T24.URB.GPIA,TGO,2022,.9700000286102295,,
LR.AG15T24.URB.M,TGO,2009,95,,
LR.AG15T24.URB.M,TGO,2010,93.26999664306641,,
LR.AG15T24.URB.M,TGO,2011,93.47000122070313,,
LR.AG15T24.URB.M,TGO,2014,95.39,,
LR.AG15T24.URB.M,TGO,2015,96.19999694824219,,
LR.AG15T24.URB.M,TGO,2017,93.87999725341797,,
LR.AG15T24.URB.M,TGO,2019,97.29000091552734,,
LR.AG15T24.URB.M,TGO,2022,97.63999938964844,,
LR.AG15T24.WPIA,TGO,2014,.6374024748802185,,
LR.AG15T24.WPIA,TGO,2017,.7400000095367432,,
LR.AG15T99,TGO,2000,53.18000030517578,,
LR.AG15T99,TGO,2006,56.88999938964844,,
LR.AG15T99,TGO,2009,57.09000015258789,,
LR.AG15T99,TGO,2010,57.20000076293945,,
LR.AG15T99,TGO,2011,60.40999984741211,,
LR.AG15T99,TGO,2015,63.75,,
LR.AG15T99,TGO,2017,60.9537021917226,,
LR.AG15T99,TGO,2019,66.54000091552734,,
LR.AG15T99,TGO,2022,72.59999847412109,,
LR.AG15T99.F,TGO,2000,38.45000076293945,,
LR.AG15T99.F,TGO,2006,44.38000106811523,,
LR.AG15T99.F,TGO,2009,43.61000061035156,,
LR.AG15T99.F,TGO,2010,45.38000106811523,,
LR.AG15T99.F,TGO,2011,47.97999954223633,,
LR.AG15T99.F,TGO,2015,51.2400016784668,,
LR.AG15T99.F,TGO,2017,49.5452787346616,,
LR.AG15T99.F,TGO,2019,55.04999923706055,,
LR.AG15T99.F,TGO,2022,63.65999984741211,,
LR.AG15T99.F.LPIA,TGO,2009,.4799999892711639,,
LR.AG15T99.F.LPIA,TGO,2010,.449999988079071,,
LR.AG15T99.F.LPIA,TGO,2011,.5,,
LR.AG15T99.F.LPIA,TGO,2015,.4900000095367432,,
LR.AG15T99.F.LPIA,TGO,2019,.5199999809265137,,
LR.AG15T99.F.LPIA,TGO,2022,.5899999737739563,,
LR.AG15T99.F.NPIA,TGO,2017,.720843721158192,,
LR.AG15T99.GPIA,TGO,2000,.5600000023841858,,
LR.AG15T99.GPIA,TGO,2006,.6299999952316284,,
LR.AG15T99.GPIA,TGO,2009,.6100000143051147,,
LR.AG15T99.GPIA,TGO,2010,.6299999952316284,,
LR.AG15T99.GPIA,TGO,2011,.6499999761581421,,
LR.AG15T99.GPIA,TGO,2015,.6600000262260437,,
LR.AG15T99.GPIA,TGO,2017,.6688924017283741,,
LR.AG15T99.GPIA,TGO,2019,.6899999976158142,,
LR.AG15T99.GPIA,TGO,2022,.7699999809265137,,
LR.AG15T99.LPIA,TGO,2009,.6000000238418579,,
LR.AG15T99.LPIA,TGO,2010,.5600000023841858,,
LR.AG15T99.LPIA,TGO,2011,.6100000143051147,,
LR.AG15T99.LPIA,TGO,2015,.6200000047683716,,
LR.AG15T99.LPIA,TGO,2019,.6100000143051147,,
LR.AG15T99.LPIA,TGO,2022,.6700000166893005,,
LR.AG15T99.M,TGO,2000,68.73000335693359,,
LR.AG15T99.M,TGO,2006,70.26999664306641,,
LR.AG15T99.M,TGO,2009,71.16999816894531,,
LR.AG15T99.M,TGO,2010,71.52999877929688,,
LR.AG15T99.M,TGO,2011,74.05999755859375,,
LR.AG15T99.M,TGO,2015,77.26000213623047,,
LR.AG15T99.M,TGO,2017,74.07062571893459,,
LR.AG15T99.M,TGO,2019,79.98999786376953,,
LR.AG15T99.M,TGO,2022,82.84999847412109,,
LR.AG15T99.M.LPIA,TGO,2009,.6800000071525574,,
LR.AG15T99.M.LPIA,TGO,2010,.6700000166893005,,
LR.AG15T99.M.LPIA,TGO,2011,.7099999785423279,,
LR.AG15T99.M.LPIA,TGO,2015,.7300000190734863,,
LR.AG15T99.M.LPIA,TGO,2019,.7099999785423279,,
LR.AG15T99.M.LPIA,TGO,2022,.7599999904632568,,
LR.AG15T99.M.NPIA,TGO,2017,.973466242583741,,
LR.AG15T99.NATIVE,TGO,2017,61.4789302286775,,
LR.AG15T99.NATIVE.F,TGO,2017,50.0725468443711,,
LR.AG15T99.NATIVE.GPIA,TGO,2017,.673275229683974,,
LR.AG15T99.NATIVE.M,TGO,2017,74.3715862944704,,
LR.AG15T99.NONNATIVE,TGO,2017,54.6816369492793,,
LR.AG15T99.NONNATIVE.F,TGO,2017,36.0944809951643,,
LR.AG15T99.NONNATIVE.GPIA,TGO,2017,.498554752798511,,
LR.AG15T99.NONNATIVE.M,TGO,2017,72.3982286650706,,
LR.AG15T99.NPIA,TGO,2017,.88943702738296,,
LR.AG15T99.RUR,TGO,2009,43.81000137329102,,
LR.AG15T99.RUR,TGO,2010,42.63999938964844,,
LR.AG15T99.RUR,TGO,2011,47.5099983215332,,
LR.AG15T99.RUR,TGO,2015,49.54999923706055,,
LR.AG15T99.RUR,TGO,2019,51.77999877929688,,
LR.AG15T99.RUR,TGO,2022,58.61999893188477,,
LR.AG15T99.RUR.F,TGO,2009,29.32999992370605,,
LR.AG15T99.RUR.F,TGO,2010,30.29000091552734,,
LR.AG15T99.RUR.F,TGO,2011,33.70999908447266,,
LR.AG15T99.RUR.F,TGO,2015,34.40000152587891,,
LR.AG15T99.RUR.F,TGO,2019,39.11000061035156,,
LR.AG15T99.RUR.F,TGO,2022,47.34000015258789,,
LR.AG15T99.RUR.GPIA,TGO,2009,.5,,
LR.AG15T99.RUR.GPIA,TGO,2010,.5199999809265137,,
LR.AG15T99.RUR.GPIA,TGO,2011,.5400000214576721,,
LR.AG15T99.RUR.GPIA,TGO,2015,.5199999809265137,,
LR.AG15T99.RUR.GPIA,TGO,2019,.5799999833106995,,
LR.AG15T99.RUR.GPIA,TGO,2022,.6600000262260437,,
LR.AG15T99.RUR.M,TGO,2009,58.70999908447266,,
LR.AG15T99.RUR.M,TGO,2010,58.52000045776367,,
LR.AG15T99.RUR.M,TGO,2011,63,,
LR.AG15T99.RUR.M,TGO,2015,65.80999755859375,,
LR.AG15T99.RUR.M,TGO,2019,67.34999847412109,,
LR.AG15T99.RUR.M,TGO,2022,71.75,,
LR.AG15T99.URB,TGO,2009,73.23000335693359,,
LR.AG15T99.URB,TGO,2010,76.68000030517578,,
LR.AG15T99.URB,TGO,2011,77.91999816894531,,
LR.AG15T99.URB,TGO,2015,80.33000183105469,,
LR.AG15T99.URB,TGO,2019,84.23000335693359,,
LR.AG15T99.URB,TGO,2022,87.01000213623047,,
LR.AG15T99.URB.F,TGO,2009,60.70000076293945,,
LR.AG15T99.URB.F,TGO,2010,66.86000061035156,,
LR.AG15T99.URB.F,TGO,2011,67.83000183105469,,
LR.AG15T99.URB.F,TGO,2015,70.77999877929688,,
LR.AG15T99.URB.F,TGO,2019,75.12000274658203,,
LR.AG15T99.URB.F,TGO,2022,80.72000122070313,,
LR.AG15T99.URB.GPIA,TGO,2009,.699999988079071,,
LR.AG15T99.URB.GPIA,TGO,2010,.7599999904632568,,
LR.AG15T99.URB.GPIA,TGO,2011,.7699999809265137,,
LR.AG15T99.URB.GPIA,TGO,2015,.7799999713897705,,
LR.AG15T99.URB.GPIA,TGO,2019,.800000011920929,,
LR.AG15T99.URB.GPIA,TGO,2022,.8600000143051147,,
LR.AG15T99.URB.M,TGO,2009,86.52999877929688,,
LR.AG15T99.URB.M,TGO,2010,87.68000030517578,,
LR.AG15T99.URB.M,TGO,2011,88.65000152587891,,
LR.AG15T99.URB.M,TGO,2015,90.73000335693359,,
LR.AG15T99.URB.M,TGO,2019,94.31999969482422,,
LR.AG15T99.URB.M,TGO,2022,94.12999725341797,,
LR.AG25T64,TGO,2000,46.91999816894531,,
LR.AG25T64,TGO,2006,50.97999954223633,,
LR.AG25T64,TGO,2009,49.81000137329102,,
LR.AG25T64,TGO,2010,53.31999969482422,,
LR.AG25T64,TGO,2011,54.27000045776367,,
LR.AG25T64,TGO,2015,59,,
LR.AG25T64,TGO,2017,55.433663788471,,
LR.AG25T64,TGO,2019,60.88999938964844,,
LR.AG25T64,TGO,2022,67.98000335693359,,
LR.AG25T64.F,TGO,2000,31.09000015258789,,
LR.AG25T64.F,TGO,2006,36.66999816894531,,
LR.AG25T64.F,TGO,2009,35.20999908447266,,
LR.AG25T64.F,TGO,2010,39.86999893188477,,
LR.AG25T64.F,TGO,2011,39.7599983215332,,
LR.AG25T64.F,TGO,2015,45.29000091552734,,
LR.AG25T64.F,TGO,2017,42.2623034713861,,
LR.AG25T64.F,TGO,2019,47.09999847412109,,
LR.AG25T64.F,TGO,2022,56.97000122070313,,
LR.AG25T64.F.LPIA,TGO,2009,.3799999952316284,,
LR.AG25T64.F.LPIA,TGO,2010,.4099999964237213,,
LR.AG25T64.F.LPIA,TGO,2011,.3899999856948853,,
LR.AG25T64.F.LPIA,TGO,2015,.4300000071525574,,
LR.AG25T64.F.LPIA,TGO,2019,.4300000071525574,,
LR.AG25T64.F.LPIA,TGO,2022,.5099999904632568,,
LR.AG25T64.F.NPIA,TGO,2017,.557075672666391,,
LR.AG25T64.GPIA,TGO,2000,.4799999892711639,,
LR.AG25T64.GPIA,TGO,2006,.550000011920929,,
LR.AG25T64.GPIA,TGO,2009,.5299999713897705,,
LR.AG25T64.GPIA,TGO,2010,.5799999833106995,,
LR.AG25T64.GPIA,TGO,2011,.5600000023841858,,
LR.AG25T64.GPIA,TGO,2015,.6100000143051147,,
LR.AG25T64.GPIA,TGO,2017,.593104779571316,,
LR.AG25T64.GPIA,TGO,2019,.6100000143051147,,
LR.AG25T64.GPIA,TGO,2022,.699999988079071,,
LR.AG25T64.LPIA,TGO,2009,.5,,
LR.AG25T64.LPIA,TGO,2010,.5199999809265137,,
LR.AG25T64.LPIA,TGO,2011,.5199999809265137,,
LR.AG25T64.LPIA,TGO,2015,.550000011920929,,
LR.AG25T64.LPIA,TGO,2019,.550000011920929,,
LR.AG25T64.LPIA,TGO,2022,.6100000143051147,,
LR.AG25T64.M,TGO,2000,65.34999847412109,,
LR.AG25T64.M,TGO,2006,67.01000213623047,,
LR.AG25T64.M,TGO,2009,66.76000213623047,,
LR.AG25T64.M,TGO,2010,69.30000305175781,,
LR.AG25T64.M,TGO,2011,71.04000091552734,,
LR.AG25T64.M,TGO,2015,74.72000122070313,,
LR.AG25T64.M,TGO,2017,71.2560493981052,,
LR.AG25T64.M,TGO,2019,77.30000305175781,,
LR.AG25T64.M,TGO,2022,80.83999633789063,,
LR.AG25T64.M.LPIA,TGO,2009,.5899999737739563,,
LR.AG25T64.M.LPIA,TGO,2010,.6399999856948853,,
LR.AG25T64.M.LPIA,TGO,2011,.6499999761581421,,
LR.AG25T64.M.LPIA,TGO,2015,.6800000071525574,,
LR.AG25T64.M.LPIA,TGO,2019,.6700000166893005,,
LR.AG25T64.M.LPIA,TGO,2022,.7200000286102295,,
LR.AG25T64.M.NPIA,TGO,2017,.959758333074536,,
LR.AG25T64.NATIVE,TGO,2017,55.893094531145,,
LR.AG25T64.NATIVE.F,TGO,2017,42.6347591050924,,
LR.AG25T64.NATIVE.GPIA,TGO,2017,.59542603748681,,
LR.AG25T64.NATIVE.M,TGO,2017,71.6037869036536,,
LR.AG25T64.NONNATIVE,TGO,2017,50.723381890335,,
LR.AG25T64.NONNATIVE.F,TGO,2017,23.7507871074389,,
LR.AG25T64.NONNATIVE.GPIA,TGO,2017,.345605085077483,,
LR.AG25T64.NONNATIVE.M,TGO,2017,68.72233116047489,,
LR.AG25T64.NPIA,TGO,2017,.907507131530723,,
LR.AG25T64.RUR,TGO,2009,34.63999938964844,,
LR.AG25T64.RUR,TGO,2010,38.2400016784668,,
LR.AG25T64.RUR,TGO,2011,38.72999954223633,,
LR.AG25T64.RUR,TGO,2015,42.58000183105469,,
LR.AG25T64.RUR,TGO,2019,44.52999877929688,,
LR.AG25T64.RUR,TGO,2022,52.02000045776367,,
LR.AG25T64.RUR.F,TGO,2009,20.85000038146973,,
LR.AG25T64.RUR.F,TGO,2010,24.98999977111816,,
LR.AG25T64.RUR.F,TGO,2011,24.25,,
LR.AG25T64.RUR.F,TGO,2015,28.20000076293945,,
LR.AG25T64.RUR.F,TGO,2019,29.8799991607666,,
LR.AG25T64.RUR.F,TGO,2022,38.97000122070313,,
LR.AG25T64.RUR.GPIA,TGO,2009,.4099999964237213,,
LR.AG25T64.RUR.GPIA,TGO,2010,.449999988079071,,
LR.AG25T64.RUR.GPIA,TGO,2011,.4300000071525574,,
LR.AG25T64.RUR.GPIA,TGO,2015,.4699999988079071,,
LR.AG25T64.RUR.GPIA,TGO,2019,.4699999988079071,,
LR.AG25T64.RUR.GPIA,TGO,2022,.5699999928474426,,
LR.AG25T64.RUR.M,TGO,2009,51.16999816894531,,
LR.AG25T64.RUR.M,TGO,2010,55.25,,
LR.AG25T64.RUR.M,TGO,2011,56.9900016784668,,
LR.AG25T64.RUR.M,TGO,2015,60.40999984741211,,
LR.AG25T64.RUR.M,TGO,2019,63.11000061035156,,
LR.AG25T64.RUR.M,TGO,2022,67.80000305175781,,
LR.AG25T64.URB,TGO,2009,69.30999755859375,,
LR.AG25T64.URB,TGO,2010,73.62999725341797,,
LR.AG25T64.URB,TGO,2011,74.41999816894531,,
LR.AG25T64.URB,TGO,2015,77.01000213623047,,
LR.AG25T64.URB,TGO,2019,81.22000122070313,,
LR.AG25T64.URB,TGO,2022,84.90000152587891,,
LR.AG25T64.URB.F,TGO,2009,54.31999969482422,,
LR.AG25T64.URB.F,TGO,2010,61.65999984741211,,
LR.AG25T64.URB.F,TGO,2011,61.81999969482422,,
LR.AG25T64.URB.F,TGO,2015,65.51000213623047,,
LR.AG25T64.URB.F,TGO,2019,69.95999908447266,,
LR.AG25T64.URB.F,TGO,2022,76.68000030517578,,
LR.AG25T64.URB.GPIA,TGO,2009,.6299999952316284,,
LR.AG25T64.URB.GPIA,TGO,2010,.7099999785423279,,
LR.AG25T64.URB.GPIA,TGO,2011,.7099999785423279,,
LR.AG25T64.URB.GPIA,TGO,2015,.7400000095367432,,
LR.AG25T64.URB.GPIA,TGO,2019,.75,,
LR.AG25T64.URB.GPIA,TGO,2022,.8100000023841858,,
LR.AG25T64.URB.M,TGO,2009,86.02999877929688,,
LR.AG25T64.URB.M,TGO,2010,86.43000030517578,,
LR.AG25T64.URB.M,TGO,2011,87.44999694824219,,
LR.AG25T64.URB.M,TGO,2015,89.12000274658203,,
LR.AG25T64.URB.M,TGO,2019,93.62000274658203,,
LR.AG25T64.URB.M,TGO,2022,94.18000030517578,,
LR.AG65T99,TGO,2000,13.80000019073486,,
LR.AG65T99,TGO,2006,16.18000030517578,,
LR.AG65T99,TGO,2009,18.88999938964844,,
LR.AG65T99,TGO,2010,16.52000045776367,,
LR.AG65T99,TGO,2011,18.34000015258789,,
LR.AG65T99,TGO,2015,20.40999984741211,,
LR.AG65T99,TGO,2017,23.4079685131905,,
LR.AG65T99,TGO,2019,24.57999992370605,,
LR.AG65T99,TGO,2022,35.7599983215332,,
LR.AG65T99.F,TGO,2000,6.260000228881836,,
LR.AG65T99.F,TGO,2006,6.409999847412109,,
LR.AG65T99.F,TGO,2009,8.819999694824219,,
LR.AG65T99.F,TGO,2010,8.819999694824219,,
LR.AG65T99.F,TGO,2011,9.170000076293945,,
LR.AG65T99.F,TGO,2015,6.289999961853027,,
LR.AG65T99.F,TGO,2017,10.545360187787,,
LR.AG65T99.F,TGO,2019,11.72000026702881,,
LR.AG65T99.F,TGO,2022,22.05999946594238,,
LR.AG65T99.F.LPIA,TGO,2009,.25,,
LR.AG65T99.F.LPIA,TGO,2010,.2199999988079071,,
LR.AG65T99.F.LPIA,TGO,2011,.1899999976158142,,
LR.AG65T99.F.LPIA,TGO,2015,.1000000014901161,,
LR.AG65T99.F.LPIA,TGO,2019,.1800000071525574,,
LR.AG65T99.F.LPIA,TGO,2022,.2800000011920929,,
LR.AG65T99.GPIA,TGO,2000,.2800000011920929,,
LR.AG65T99.GPIA,TGO,2006,.239999994635582,,
LR.AG65T99.GPIA,TGO,2009,.2899999916553497,,
LR.AG65T99.GPIA,TGO,2010,.3100000023841858,,
LR.AG65T99.GPIA,TGO,2011,.3100000023841858,,
LR.AG65T99.GPIA,TGO,2015,.1599999964237213,,
LR.AG65T99.GPIA,TGO,2017,.291407425644721,,
LR.AG65T99.GPIA,TGO,2019,.2700000107288361,,
LR.AG65T99.GPIA,TGO,2022,.4199999868869781,,
LR.AG65T99.LPIA,TGO,2009,.7099999785423279,,
LR.AG65T99.LPIA,TGO,2010,.3199999928474426,,
LR.AG65T99.LPIA,TGO,2011,.2700000107288361,,
LR.AG65T99.LPIA,TGO,2015,.300000011920929,,
LR.AG65T99.LPIA,TGO,2019,.2800000011920929,,
LR.AG65T99.LPIA,TGO,2022,.3799999952316284,,
LR.AG65T99.M,TGO,2000,22.6299991607666,,
LR.AG65T99.M,TGO,2006,26.28000068664551,,
LR.AG65T99.M,TGO,2009,30.22999954223633,,
LR.AG65T99.M,TGO,2010,28.60000038146973,,
LR.AG65T99.M,TGO,2011,29.48999977111816,,
LR.AG65T99.M,TGO,2015,39.34000015258789,,
LR.AG65T99.M,TGO,2017,36.1876852123999,,
LR.AG65T99.M,TGO,2019,43.5099983215332,,
LR.AG65T99.M,TGO,2022,52.04999923706055,,
LR.AG65T99.M.LPIA,TGO,2009,.7699999809265137,,
LR.AG65T99.M.LPIA,TGO,2010,.3400000035762787,,
LR.AG65T99.M.LPIA,TGO,2011,.300000011920929,,
LR.AG65T99.M.LPIA,TGO,2015,.3700000047683716,,
LR.AG65T99.M.LPIA,TGO,2019,.3199999928474426,,
LR.AG65T99.M.LPIA,TGO,2022,.4799999892711639,,
LR.AG65T99.NATIVE,TGO,2017,23.6893989753893,,
LR.AG65T99.NATIVE.F,TGO,2017,10.2969927898034,,
LR.AG65T99.NATIVE.GPIA,TGO,2017,.282234167339094,,
LR.AG65T99.NATIVE.M,TGO,2017,36.4838633354831,,
LR.AG65T99.NONNATIVE,TGO,2017,10.7015216275269,,
LR.AG65T99.NONNATIVE.F,TGO,2017,0,NIL,
LR.AG65T99.NPIA,TGO,2017,.45174306189214,,
LR.AG65T99.RUR,TGO,2009,16.20000076293945,,
LR.AG65T99.RUR,TGO,2010,10.89999961853027,,
LR.AG65T99.RUR,TGO,2011,11.03999996185303,,
LR.AG65T99.RUR,TGO,2015,12.5600004196167,,
LR.AG65T99.RUR,TGO,2019,13.35000038146973,,
LR.AG65T99.RUR,TGO,2022,21.55999946594238,,
LR.AG65T99.RUR.F,TGO,2009,3.650000095367432,,
LR.AG65T99.RUR.F,TGO,2010,4.559999942779541,,
LR.AG65T99.RUR.F,TGO,2011,4.519999980926514,,
LR.AG65T99.RUR.F,TGO,2015,1.870000004768372,,
LR.AG65T99.RUR.F,TGO,2019,4.559999942779541,,
LR.AG65T99.RUR.F,TGO,2022,11.1899995803833,,
LR.AG65T99.RUR.GPIA,TGO,2009,.1299999952316284,,
LR.AG65T99.RUR.GPIA,TGO,2010,.2300000041723251,,
LR.AG65T99.RUR.GPIA,TGO,2011,.239999994635582,,
LR.AG65T99.RUR.GPIA,TGO,2015,.0700000002980232,,
LR.AG65T99.RUR.GPIA,TGO,2019,.1800000071525574,,
LR.AG65T99.RUR.GPIA,TGO,2022,.3199999928474426,,
LR.AG65T99.RUR.M,TGO,2009,27.47999954223633,,
LR.AG65T99.RUR.M,TGO,2010,20.20000076293945,,
LR.AG65T99.RUR.M,TGO,2011,18.93000030517578,,
LR.AG65T99.RUR.M,TGO,2015,26.95000076293945,,
LR.AG65T99.RUR.M,TGO,2019,25.93000030517578,,
LR.AG65T99.RUR.M,TGO,2022,35.18999862670898,,
LR.AG65T99.URB,TGO,2009,22.86000061035156,,
LR.AG65T99.URB,TGO,2010,33.65000152587891,,
LR.AG65T99.URB,TGO,2011,41.38999938964844,,
LR.AG65T99.URB,TGO,2015,42.36000061035156,,
LR.AG65T99.URB,TGO,2019,46.97000122070313,,
LR.AG65T99.URB,TGO,2022,56.61999893188477,,
LR.AG65T99.URB.F,TGO,2009,14.72000026702881,,
LR.AG65T99.URB.F,TGO,2010,20.54000091552734,,
LR.AG65T99.URB.F,TGO,2011,23.70999908447266,,
LR.AG65T99.URB.F,TGO,2015,18.73999977111816,,
LR.AG65T99.URB.F,TGO,2019,25.52000045776367,,
LR.AG65T99.URB.F,TGO,2022,39.95999908447266,,
LR.AG65T99.URB.GPIA,TGO,2009,.4099999964237213,,
LR.AG65T99.URB.GPIA,TGO,2010,.3499999940395355,,
LR.AG65T99.URB.GPIA,TGO,2011,.3700000047683716,,
LR.AG65T99.URB.GPIA,TGO,2015,.25,,
LR.AG65T99.URB.GPIA,TGO,2019,.3199999928474426,,
LR.AG65T99.URB.GPIA,TGO,2022,.5400000214576721,,
LR.AG65T99.URB.M,TGO,2009,35.7400016784668,,
LR.AG65T99.URB.M,TGO,2010,59.02000045776367,,
LR.AG65T99.URB.M,TGO,2011,63.25,,
LR.AG65T99.URB.M,TGO,2015,73.75,,
LR.AG65T99.URB.M,TGO,2019,80.30000305175781,,
LR.AG65T99.URB.M,TGO,2022,73.73999786376953,,
MATH.G2,TGO,2014,41.3,,
MATH.G2,TGO,2019,47,,
MATH.G2.F,TGO,2014,36.93,,
MATH.G2.F,TGO,2019,47,,
MATH.G2.GPIA,TGO,2014,.8568445444107056,,
MATH.G2.GPIA,TGO,2019,.955424713175017,,
MATH.G2.HIGHSES,TGO,2014,64.19999999999999,,
MATH.G2.LOWSES,TGO,2014,21.01,,
MATH.G2.M,TGO,2014,43.09999999999999,,
MATH.G2.M,TGO,2019,49.2,,
MATH.G2.WPIA,TGO,2014,.3272585570812225,,
MATH.PRIMARY,TGO,2014,19.7,,
MATH.PRIMARY,TGO,2019,15.9,,
MATH.PRIMARY.F,TGO,2014,17.34,,
MATH.PRIMARY.F,TGO,2019,15.9,,
MATH.PRIMARY.GPIA,TGO,2014,.8735516667366028,,
MATH.PRIMARY.GPIA,TGO,2019,1.002631290601986,,
MATH.PRIMARY.HIGHSES,TGO,2014,38.54,,
MATH.PRIMARY.LOWSES,TGO,2014,4.24,,
MATH.PRIMARY.M,TGO,2014,19.85,,
MATH.PRIMARY.M,TGO,2019,15.8,,
MATH.PRIMARY.WPIA,TGO,2014,.1100155711174011,,
N.ATTACKS,TGO,2013,0,NIL,
N.ATTACKS,TGO,2014,0,NIL,
N.ATTACKS,TGO,2015,0,NIL,
N.ATTACKS,TGO,2016,1,,
N.ATTACKS,TGO,2017,2,,
N.ATTACKS,TGO,2018,1,,
N.ATTACKS,TGO,2019,0,NIL,
N.ATTACKS,TGO,2020,1,,
N.ATTACKS,TGO,2021,1,,
NARA.AGM1,TGO,2006,60.9636116027832,,
NARA.AGM1,TGO,2010,58.53187942504883,,
NARA.AGM1,TGO,2014,66.23565673828125,,
NARA.AGM1,TGO,2017,71.82643127441406,,
NARA.AGM1,TGO,2018,78.1319580078125,,
NARA.AGM1,TGO,2021,83.94728088378906,,
NARA.AGM1.F,TGO,2006,57.18938827514648,,
NARA.AGM1.F,TGO,2010,57.04996871948242,,
NARA.AGM1.F,TGO,2014,69.01902008056641,,
NARA.AGM1.F,TGO,2017,70.31462097167969,,
NARA.AGM1.F,TGO,2018,78.24257659912109,,
NARA.AGM1.F,TGO,2021,83.35224151611328,,
NARA.AGM1.F.LPIA,TGO,2006,.4635100066661835,,
NARA.AGM1.F.LPIA,TGO,2010,.5789700150489807,,
NARA.AGM1.F.LPIA,TGO,2014,.6649199724197388,,
NARA.AGM1.F.LPIA,TGO,2017,.7041299939155579,,
NARA.AGM1.F.LPIA,TGO,2018,.8515200018882751,,
NARA.AGM1.F.LPIA,TGO,2021,.7856500148773193,,
NARA.AGM1.F.WPIA,TGO,2006,.4574800133705139,,
NARA.AGM1.F.WPIA,TGO,2010,.5256400108337402,,
NARA.AGM1.F.WPIA,TGO,2014,.4427599906921387,,
NARA.AGM1.F.WPIA,TGO,2017,.508870005607605,,
NARA.AGM1.GPIA,TGO,2006,.8830999732017517,,
NARA.AGM1.GPIA,TGO,2010,.9512900114059448,,
NARA.AGM1.GPIA,TGO,2014,1.078420042991638,,
NARA.AGM1.GPIA,TGO,2017,.957830011844635,,
NARA.AGM1.GPIA,TGO,2018,1.002740025520325,,
NARA.AGM1.GPIA,TGO,2021,.9859200119972229,,
NARA.AGM1.LPIA,TGO,2006,.5648300051689148,,
NARA.AGM1.LPIA,TGO,2010,.6050400137901306,,
NARA.AGM1.LPIA,TGO,2014,.6387799978256226,,
NARA.AGM1.LPIA,TGO,2017,.7202299833297729,,
NARA.AGM1.LPIA,TGO,2018,.8218100070953369,,
NARA.AGM1.LPIA,TGO,2021,.8477799892425537,,
NARA.AGM1.M,TGO,2006,64.75997924804688,,
NARA.AGM1.M,TGO,2010,59.97093963623047,,
NARA.AGM1.M,TGO,2014,63.6068000793457,,
NARA.AGM1.M,TGO,2017,73.41043853759766,,
NARA.AGM1.M,TGO,2018,78.02806854248047,,
NARA.AGM1.M,TGO,2021,84.54255676269531,,
NARA.AGM1.M.LPIA,TGO,2006,.6706100106239319,,
NARA.AGM1.M.LPIA,TGO,2010,.6302599906921387,,
NARA.AGM1.M.LPIA,TGO,2014,.617110013961792,,
NARA.AGM1.M.LPIA,TGO,2017,.7374799847602844,,
NARA.AGM1.M.LPIA,TGO,2018,.7951200008392334,,
NARA.AGM1.M.LPIA,TGO,2021,.9120699763298035,,
NARA.AGM1.M.WPIA,TGO,2006,.5035899877548218,,
NARA.AGM1.M.WPIA,TGO,2010,.5799300074577332,,
NARA.AGM1.M.WPIA,TGO,2014,.4939900040626526,,
NARA.AGM1.M.WPIA,TGO,2017,.6225500106811523,,
NARA.AGM1.Q1,TGO,2006,45.63560104370117,,
NARA.AGM1.Q1,TGO,2010,51.52402114868164,,
NARA.AGM1.Q1,TGO,2014,43.99546813964844,,
NARA.AGM1.Q1,TGO,2017,54.40016937255859,,
NARA.AGM1.Q1.F,TGO,2006,42.69953918457031,,
NARA.AGM1.Q1.F,TGO,2010,51.53010940551758,,
NARA.AGM1.Q1.F,TGO,2014,43.09463882446289,,
NARA.AGM1.Q1.F,TGO,2017,49.87858963012695,,
NARA.AGM1.Q1.GPIA,TGO,2006,.8804200291633606,,
NARA.AGM1.Q1.GPIA,TGO,2010,1.000219941139221,,
NARA.AGM1.Q1.GPIA,TGO,2014,.963379979133606,,
NARA.AGM1.Q1.GPIA,TGO,2017,.8444700241088867,,
NARA.AGM1.Q1.M,TGO,2006,48.49917984008789,,
NARA.AGM1.Q1.M,TGO,2010,51.51868057250977,,
NARA.AGM1.Q1.M,TGO,2014,44.73297119140625,,
NARA.AGM1.Q1.M,TGO,2017,59.06520843505859,,
NARA.AGM1.Q2,TGO,2006,37.0461311340332,,
NARA.AGM1.Q2,TGO,2010,53.58662033081055,,
NARA.AGM1.Q2,TGO,2014,55.66559982299805,,
NARA.AGM1.Q2,TGO,2017,60.36214828491211,,
NARA.AGM1.Q2.F,TGO,2006,27.05084037780762,,
NARA.AGM1.Q2.F,TGO,2010,53.20349884033203,,
NARA.AGM1.Q2.F,TGO,2014,58.31959915161133,,
NARA.AGM1.Q2.F,TGO,2017,54.64099884033203,,
NARA.AGM1.Q2.GPIA,TGO,2006,.5868300199508667,,
NARA.AGM1.Q2.GPIA,TGO,2010,.9881799817085266,,
NARA.AGM1.Q2.GPIA,TGO,2014,1.083050012588501,,
NARA.AGM1.Q2.GPIA,TGO,2017,.8316199779510498,,
NARA.AGM1.Q2.M,TGO,2006,46.09637069702148,,
NARA.AGM1.Q2.M,TGO,2010,53.84006881713867,,
NARA.AGM1.Q2.M,TGO,2014,53.47608184814453,,
NARA.AGM1.Q2.M,TGO,2017,65.70429992675781,,
NARA.AGM1.Q3,TGO,2006,63.41225051879883,,
NARA.AGM1.Q3,TGO,2010,72.75115966796875,,
NARA.AGM1.Q3,TGO,2014,64.15167999267578,,
NARA.AGM1.Q3,TGO,2017,80.98323822021484,,
NARA.AGM1.Q3.F,TGO,2006,55.245361328125,,
NARA.AGM1.Q3.F,TGO,2010,67.91478729248047,,
NARA.AGM1.Q3.F,TGO,2014,69.69278717041016,,
NARA.AGM1.Q3.F,TGO,2017,82.75148773193359,,
NARA.AGM1.Q3.F.LPIA,TGO,2017,.9545300006866455,,
NARA.AGM1.Q3.GPIA,TGO,2006,.7828800082206726,,
NARA.AGM1.Q3.GPIA,TGO,2010,.8825100064277649,,
NARA.AGM1.Q3.GPIA,TGO,2014,1.146239995956421,,
NARA.AGM1.Q3.GPIA,TGO,2017,1.049489974975586,,
NARA.AGM1.Q3.LPIA,TGO,2006,.8237000107765198,,
NARA.AGM1.Q3.LPIA,TGO,2010,.7954400181770325,,
NARA.AGM1.Q3.LPIA,TGO,2017,.9069200158119202,,
NARA.AGM1.Q3.M,TGO,2006,70.56712341308594,,
NARA.AGM1.Q3.M,TGO,2010,76.95683288574219,,
NARA.AGM1.Q3.M,TGO,2014,59.50102996826172,,
NARA.AGM1.Q3.M,TGO,2017,78.65596771240234,,
NARA.AGM1.Q3.M.LPIA,TGO,2017,.8396300077438354,,
NARA.AGM1.Q4,TGO,2006,81.73938751220703,,
NARA.AGM1.Q4,TGO,2010,82.39956665039063,,
NARA.AGM1.Q4,TGO,2014,82.27220153808594,,
NARA.AGM1.Q4,TGO,2017,82.22322082519531,,
NARA.AGM1.Q4.F,TGO,2006,80.41770172119141,,
NARA.AGM1.Q4.F,TGO,2010,79.94931793212891,,
NARA.AGM1.Q4.F,TGO,2014,78.40804290771484,,
NARA.AGM1.Q4.F,TGO,2017,83.61930847167969,,
NARA.AGM1.Q4.F.LPIA,TGO,2010,.9604899883270264,,
NARA.AGM1.Q4.F.LPIA,TGO,2017,1.047260046005249,,
NARA.AGM1.Q4.GPIA,TGO,2006,.9642699956893921,,
NARA.AGM1.Q4.GPIA,TGO,2010,.9290400147438049,,
NARA.AGM1.Q4.GPIA,TGO,2014,.9061499834060669,,
NARA.AGM1.Q4.GPIA,TGO,2017,1.037449955940247,,
NARA.AGM1.Q4.LPIA,TGO,2006,.8990499973297119,,
NARA.AGM1.Q4.LPIA,TGO,2010,1.001009941101074,,
NARA.AGM1.Q4.LPIA,TGO,2014,1.048290014266968,,
NARA.AGM1.Q4.LPIA,TGO,2017,1.032279968261719,,
NARA.AGM1.Q4.M,TGO,2006,83.3978271484375,,
NARA.AGM1.Q4.M,TGO,2010,86.05610656738281,,
NARA.AGM1.Q4.M,TGO,2014,86.52900695800781,,
NARA.AGM1.Q4.M,TGO,2017,80.48799896240234,,
NARA.AGM1.Q5,TGO,2006,94.70317077636719,,
NARA.AGM1.Q5,TGO,2010,92.92698669433594,,
NARA.AGM1.Q5,TGO,2014,94.41824340820313,,
NARA.AGM1.Q5,TGO,2017,96.23116302490234,,
NARA.AGM1.Q5.F,TGO,2006,93.33676147460938,,
NARA.AGM1.Q5.F,TGO,2010,98.03350830078125,,
NARA.AGM1.Q5.F,TGO,2014,97.33258819580078,,
NARA.AGM1.Q5.F,TGO,2017,98.01806640625,,
NARA.AGM1.Q5.GPIA,TGO,2006,.9691600203514099,,
NARA.AGM1.Q5.GPIA,TGO,2010,1.093819975852966,,
NARA.AGM1.Q5.GPIA,TGO,2014,1.069630026817322,,
NARA.AGM1.Q5.GPIA,TGO,2017,1.032050013542175,,
NARA.AGM1.Q5.M,TGO,2006,96.30732727050781,,
NARA.AGM1.Q5.M,TGO,2010,88.8360595703125,,
NARA.AGM1.Q5.M,TGO,2014,90.55526733398438,,
NARA.AGM1.Q5.M,TGO,2017,94.87628936767578,,
NARA.AGM1.RUR,TGO,2006,49.3898811340332,,
NARA.AGM1.RUR,TGO,2010,50.2440299987793,,
NARA.AGM1.RUR,TGO,2014,55.5919189453125,,
NARA.AGM1.RUR,TGO,2017,63.56499099731445,,
NARA.AGM1.RUR,TGO,2018,72.53730773925781,,
NARA.AGM1.RUR,TGO,2021,78.98692321777344,,
NARA.AGM1.RUR.F,TGO,2006,41.67478942871094,,
NARA.AGM1.RUR.F,TGO,2010,48.1236686706543,,
NARA.AGM1.RUR.F,TGO,2014,57.91405868530273,,
NARA.AGM1.RUR.F,TGO,2017,61.79359817504883,,
NARA.AGM1.RUR.F,TGO,2018,73.93212127685547,,
NARA.AGM1.RUR.F,TGO,2021,76.58997344970703,,
NARA.AGM1.RUR.GPIA,TGO,2006,.7341099977493286,,
NARA.AGM1.RUR.GPIA,TGO,2010,.9203199744224548,,
NARA.AGM1.RUR.GPIA,TGO,2014,1.073559999465942,,
NARA.AGM1.RUR.GPIA,TGO,2017,.9440199732780457,,
NARA.AGM1.RUR.GPIA,TGO,2018,1.037760019302368,,
NARA.AGM1.RUR.GPIA,TGO,2021,.9387699961662292,,
NARA.AGM1.RUR.M,TGO,2006,56.76900863647461,,
NARA.AGM1.RUR.M,TGO,2010,52.29024124145508,,
NARA.AGM1.RUR.M,TGO,2014,53.65375137329102,,
NARA.AGM1.RUR.M,TGO,2017,65.45796203613281,,
NARA.AGM1.RUR.M,TGO,2018,71.14044189453125,,
NARA.AGM1.RUR.M,TGO,2021,81.58580780029297,,
NARA.AGM1.RUR.Q1,TGO,2006,45.98657989501953,,
NARA.AGM1.RUR.Q1,TGO,2010,51.55503845214844,,
NARA.AGM1.RUR.Q1,TGO,2014,44.15262985229492,,
NARA.AGM1.RUR.Q1,TGO,2017,54.40016937255859,,
NARA.AGM1.RUR.Q1.F,TGO,2006,43.03725051879883,,
NARA.AGM1.RUR.Q1.F,TGO,2010,51.50669097900391,,
NARA.AGM1.RUR.Q1.F,TGO,2014,43.42266082763672,,
NARA.AGM1.RUR.Q1.F,TGO,2017,49.87858963012695,,
NARA.AGM1.RUR.Q1.GPIA,TGO,2006,.8811500072479248,,
NARA.AGM1.RUR.Q1.GPIA,TGO,2010,.99822998046875,,
NARA.AGM1.RUR.Q1.GPIA,TGO,2014,.9707099795341492,,
NARA.AGM1.RUR.Q1.GPIA,TGO,2017,.8444700241088867,,
NARA.AGM1.RUR.Q1.M,TGO,2006,48.84230041503906,,
NARA.AGM1.RUR.Q1.M,TGO,2010,51.59825897216797,,
NARA.AGM1.RUR.Q1.M,TGO,2014,44.73297119140625,,
NARA.AGM1.RUR.Q1.M,TGO,2017,59.06520843505859,,
NARA.AGM1.RUR.Q2,TGO,2006,35.63193893432617,,
NARA.AGM1.RUR.Q2,TGO,2010,52.61759185791016,,
NARA.AGM1.RUR.Q2,TGO,2014,55.10140991210938,,
NARA.AGM1.RUR.Q2,TGO,2017,60.1573600769043,,
NARA.AGM1.RUR.Q2.F,TGO,2006,25.58613014221191,,
NARA.AGM1.RUR.Q2.F,TGO,2010,51.37165069580078,,
NARA.AGM1.RUR.Q2.F,TGO,2014,57.40576171875,,
NARA.AGM1.RUR.Q2.F,TGO,2017,54.32796859741211,,
NARA.AGM1.RUR.Q2.GPIA,TGO,2006,.5689299702644348,,
NARA.AGM1.RUR.Q2.GPIA,TGO,2010,.9613699913024902,,
NARA.AGM1.RUR.Q2.GPIA,TGO,2014,1.073109984397888,,
NARA.AGM1.RUR.Q2.GPIA,TGO,2017,.8294000029563904,,
NARA.AGM1.RUR.Q2.M,TGO,2006,44.97259902954102,,
NARA.AGM1.RUR.Q2.M,TGO,2010,53.43561935424805,,
NARA.AGM1.RUR.Q2.M,TGO,2014,53.20880889892578,,
NARA.AGM1.RUR.Q2.M,TGO,2017,65.50287628173828,,
NARA.AGM1.RUR.Q3,TGO,2006,61.64839172363281,,
NARA.AGM1.RUR.Q3,TGO,2010,69.70942687988281,,
NARA.AGM1.RUR.Q3,TGO,2014,63.05233001708984,,
NARA.AGM1.RUR.Q3,TGO,2017,78.11631774902344,,
NARA.AGM1.RUR.Q3.F,TGO,2006,51.77378845214844,,
NARA.AGM1.RUR.Q3.F,TGO,2010,65.85933685302734,,
NARA.AGM1.RUR.Q3.F,TGO,2014,67.17845153808594,,
NARA.AGM1.RUR.Q3.F,TGO,2017,81.51589202880859,,
NARA.AGM1.RUR.Q3.GPIA,TGO,2006,.7288900017738342,,
NARA.AGM1.RUR.Q3.GPIA,TGO,2010,.8996000289916992,,
NARA.AGM1.RUR.Q3.GPIA,TGO,2014,1.110949993133545,,
NARA.AGM1.RUR.Q3.GPIA,TGO,2017,1.105069994926453,,
NARA.AGM1.RUR.Q3.M,TGO,2006,71.03115081787109,,
NARA.AGM1.RUR.Q3.M,TGO,2010,73.20992279052734,,
NARA.AGM1.RUR.Q3.M,TGO,2014,59.72500991821289,,
NARA.AGM1.RUR.Q3.M,TGO,2017,72.95079803466797,,
NARA.AGM1.RUR.Q4,TGO,2006,75.39163208007813,,
NARA.AGM1.RUR.Q4,TGO,2010,82.45484161376953,,
NARA.AGM1.RUR.Q4,TGO,2014,85.56273651123047,,
NARA.AGM1.RUR.Q4,TGO,2017,84.30010986328125,,
NARA.AGM1.RUR.Q4.F,TGO,2010,77.85881042480469,,
NARA.AGM1.RUR.Q4.F,TGO,2017,86.87339782714844,,
NARA.AGM1.URB,TGO,2006,87.441650390625,,
NARA.AGM1.URB,TGO,2010,83.04206085205078,,
NARA.AGM1.URB,TGO,2014,87.02855682373047,,
NARA.AGM1.URB,TGO,2017,88.256591796875,,
NARA.AGM1.URB,TGO,2018,88.26561737060547,,
NARA.AGM1.URB,TGO,2021,93.1688232421875,,
NARA.AGM1.URB.F,TGO,2006,89.9119873046875,,
NARA.AGM1.URB.F,TGO,2010,83.11942291259766,,
NARA.AGM1.URB.F,TGO,2014,87.09882354736328,,
NARA.AGM1.URB.F,TGO,2017,87.75837707519531,,
NARA.AGM1.URB.F,TGO,2018,86.82337188720703,,
NARA.AGM1.URB.F,TGO,2021,97.48592376708984,,
NARA.AGM1.URB.GPIA,TGO,2006,1.058490037918091,,
NARA.AGM1.URB.GPIA,TGO,2010,1.001850008964539,,
NARA.AGM1.URB.GPIA,TGO,2014,1.001780033111572,,
NARA.AGM1.URB.GPIA,TGO,2017,.9887300133705139,,
NARA.AGM1.URB.GPIA,TGO,2018,.9704099893569946,,
NARA.AGM1.URB.GPIA,TGO,2021,1.082419991493225,,
NARA.AGM1.URB.M,TGO,2006,84.65290069580078,,
NARA.AGM1.URB.M,TGO,2010,82.96553039550781,,
NARA.AGM1.URB.M,TGO,2014,86.94410705566406,,
NARA.AGM1.URB.M,TGO,2017,88.75852203369141,,
NARA.AGM1.URB.M,TGO,2018,89.47106170654297,,
NARA.AGM1.URB.M,TGO,2021,89.45101165771484,,
NARA.AGM1.URB.Q3,TGO,2006,74.84311676025391,,
NARA.AGM1.URB.Q3,TGO,2010,87.6365966796875,,
NARA.AGM1.URB.Q3,TGO,2017,86.13343811035156,,
NARA.AGM1.URB.Q3.F,TGO,2017,85.39884948730469,,
NARA.AGM1.URB.Q3.GPIA,TGO,2017,.9829000234603882,,
NARA.AGM1.URB.Q3.M,TGO,2017,86.88482666015625,,
NARA.AGM1.URB.Q4,TGO,2006,83.85740661621094,,
NARA.AGM1.URB.Q4,TGO,2010,82.37139129638672,,
NARA.AGM1.URB.Q4,TGO,2014,81.43081665039063,,
NARA.AGM1.URB.Q4,TGO,2017,81.57884216308594,,
NARA.AGM1.URB.Q4.F,TGO,2006,85.84030151367188,,
NARA.AGM1.URB.Q4.F,TGO,2010,81.06178283691406,,
NARA.AGM1.URB.Q4.F,TGO,2014,76.22673797607422,,
NARA.AGM1.URB.Q4.F,TGO,2017,82.76801300048828,,
NARA.AGM1.URB.Q4.GPIA,TGO,2006,1.052950024604797,,
NARA.AGM1.URB.Q4.GPIA,TGO,2010,.962090015411377,,
NARA.AGM1.URB.Q4.GPIA,TGO,2014,.8761699795722961,,
NARA.AGM1.URB.Q4.GPIA,TGO,2017,1.033849954605103,,
NARA.AGM1.URB.Q4.M,TGO,2006,81.29509735107422,,
NARA.AGM1.URB.Q4.M,TGO,2010,84.2557373046875,,
NARA.AGM1.URB.Q4.M,TGO,2014,87.00039672851563,,
NARA.AGM1.URB.Q4.M,TGO,2017,79.966552734375,,
NARA.AGM1.URB.Q5,TGO,2006,96.14811706542969,,
NARA.AGM1.URB.Q5,TGO,2010,92.03859710693359,,
NARA.AGM1.URB.Q5,TGO,2014,94.33766937255859,,
NARA.AGM1.URB.Q5,TGO,2017,96.87068939208984,,
NARA.AGM1.URB.Q5.F,TGO,2006,96.36409759521484,,
NARA.AGM1.URB.Q5.F,TGO,2010,97.87612152099609,,
NARA.AGM1.URB.Q5.F,TGO,2014,97.26429748535156,,
NARA.AGM1.URB.Q5.F,TGO,2017,97.70429229736328,,
NARA.AGM1.URB.Q5.GPIA,TGO,2006,1.004989981651306,,
NARA.AGM1.URB.Q5.GPIA,TGO,2010,1.111179947853088,,
NARA.AGM1.URB.Q5.GPIA,TGO,2014,1.068979978561401,,
NARA.AGM1.URB.Q5.GPIA,TGO,2017,1.014569997787476,,
NARA.AGM1.URB.Q5.M,TGO,2006,95.88292694091797,,
NARA.AGM1.URB.Q5.M,TGO,2010,86.9942626953125,,
NARA.AGM1.URB.Q5.M,TGO,2014,90.55526733398438,,
NARA.AGM1.URB.Q5.M,TGO,2017,96.28050994873047,,
NARA.AGM1.WPIA,TGO,2006,.4818800091743469,,
NARA.AGM1.WPIA,TGO,2010,.5544599890708923,,
NARA.AGM1.WPIA,TGO,2014,.4659599959850311,,
NARA.AGM1.WPIA,TGO,2017,.565310001373291,,
NER.0.CP,TGO,1999,2.481110095977783,,
NER.0.CP,TGO,2000,2.0450599193573,,
NER.0.CP,TGO,2001,2.232759952545166,,
NER.0.CP,TGO,2002,2.522650003433228,,
NER.0.CP,TGO,2003,2.598629951477051,,
NER.0.CP,TGO,2007,4.111680030822754,,
NER.0.CP,TGO,2008,4.641870021820068,,
NER.0.CP,TGO,2009,7.121019840240479,,
NER.0.CP,TGO,2010,7.20858509038043,,
NER.0.CP,TGO,2011,8.917117079223539,,
NER.0.CP,TGO,2012,10.30544181900773,,
NER.0.CP,TGO,2013,13.0788579084993,,
NER.0.CP,TGO,2014,14.20228333377277,,
NER.0.CP,TGO,2018,19.42113573681299,,
NER.0.CP,TGO,2019,21.39298218614136,,
NER.0.CP,TGO,2020,25.60285755154145,,
NER.0.CP,TGO,2021,24.89984612119283,,
NER.0.CP,TGO,2022,27.73340965434684,,
NER.0.CP,TGO,2023,29.22285652318728,,
NER.0.CP,TGO,2024,27.63125160272971,,
NER.0.F.CP,TGO,1999,2.480979919433594,,
NER.0.F.CP,TGO,2000,2.101140022277832,,
NER.0.F.CP,TGO,2001,2.23173999786377,,
NER.0.F.CP,TGO,2002,2.559710025787354,,
NER.0.F.CP,TGO,2003,2.584759950637817,,
NER.0.F.CP,TGO,2007,4.152029991149902,,
NER.0.F.CP,TGO,2008,4.731929779052734,,
NER.0.F.CP,TGO,2009,7.297160148620605,,
NER.0.F.CP,TGO,2010,7.330628803245435,,
NER.0.F.CP,TGO,2011,9.057861352756055,,
NER.0.F.CP,TGO,2012,10.52330748672338,,
NER.0.F.CP,TGO,2013,13.38534630621879,,
NER.0.F.CP,TGO,2014,14.47568915362238,,
NER.0.F.CP,TGO,2018,19.74678712661485,,
NER.0.F.CP,TGO,2019,21.79474049860361,,
NER.0.F.CP,TGO,2020,26.15532681924212,,
NER.0.F.CP,TGO,2021,25.51958449279197,,
NER.0.F.CP,TGO,2022,28.48123936598908,,
NER.0.F.CP,TGO,2023,29.6976241900648,,
NER.0.F.CP,TGO,2024,28.21430132941718,,
NER.0.GPIA.CP,TGO,1999,.9998900294303894,,
NER.0.GPIA.CP,TGO,2000,1.053200006484985,,
NER.0.GPIA.CP,TGO,2001,.9990900158882141,,
NER.0.GPIA.CP,TGO,2002,1.028859972953796,,
NER.0.GPIA.CP,TGO,2003,.9894199967384338,,
NER.0.GPIA.CP,TGO,2007,1.019340038299561,,
NER.0.GPIA.CP,TGO,2008,1.037870049476624,,
NER.0.GPIA.CP,TGO,2009,1.048009991645813,,
NER.0.GPIA.CP,TGO,2010,1.033108566965713,,
NER.0.GPIA.CP,TGO,2011,1.030896820227714,,
NER.0.GPIA.CP,TGO,2012,1.041163485387248,,
NER.0.GPIA.CP,TGO,2013,1.045524047267501,,
NER.0.GPIA.CP,TGO,2014,1.037548973174918,,
NER.0.GPIA.CP,TGO,2018,1.032757155739587,,
NER.0.GPIA.CP,TGO,2019,1.036607392623898,,
NER.0.GPIA.CP,TGO,2020,1.041938636127847,,
NER.0.GPIA.CP,TGO,2021,1.048208563282866,,
NER.0.GPIA.CP,TGO,2022,1.052116564054056,,
NER.0.GPIA.CP,TGO,2023,1.031726628959845,,
NER.0.GPIA.CP,TGO,2024,1.041006508033804,,
NER.0.M.CP,TGO,1999,2.481240034103394,,
NER.0.M.CP,TGO,2000,1.989359974861145,,
NER.0.M.CP,TGO,2001,2.233760118484497,,
NER.0.M.CP,TGO,2002,2.485830068588257,,
NER.0.M.CP,TGO,2003,2.612390041351318,,
NER.0.M.CP,TGO,2007,4.07174015045166,,
NER.0.M.CP,TGO,2008,4.552750110626221,,
NER.0.M.CP,TGO,2009,6.946809768676758,,
NER.0.M.CP,TGO,2010,7.087922188612398,,
NER.0.M.CP,TGO,2011,8.778002238892393,,
NER.0.M.CP,TGO,2012,10.09013147276813,,
NER.0.M.CP,TGO,2013,12.77599116828262,,
NER.0.M.CP,TGO,2014,13.93214188990457,,
NER.0.M.CP,TGO,2018,19.09993854535187,,
NER.0.M.CP,TGO,2019,20.99689187603525,,
NER.0.M.CP,TGO,2020,25.05840808496501,,
NER.0.M.CP,TGO,2021,24.28932198881876,,
NER.0.M.CP,TGO,2022,26.9968950302326,,
NER.0.M.CP,TGO,2023,28.75541868639769,,
NER.0.M.CP,TGO,2024,27.05733135528428,,
NER.02.CP,TGO,1999,2.481110095977783,,
NER.02.CP,TGO,2000,2.0450599193573,,
NER.02.CP,TGO,2001,2.232759952545166,,
NER.02.CP,TGO,2002,2.522650003433228,,
NER.02.CP,TGO,2003,2.598629951477051,,
NER.02.CP,TGO,2007,4.111680030822754,,
NER.02.CP,TGO,2008,4.641870021820068,,
NER.02.CP,TGO,2009,7.121019840240479,,
NER.02.CP,TGO,2010,7.20858509038043,,
NER.02.CP,TGO,2011,8.917117079223539,,
NER.02.CP,TGO,2012,10.30544181900773,,
NER.02.CP,TGO,2013,13.0788579084993,,
NER.02.CP,TGO,2014,14.20228333377277,,
NER.02.CP,TGO,2018,21.7044792175293,,
NER.02.CP,TGO,2019,23.66547012329102,,
NER.02.CP,TGO,2020,28.00106048583984,,
NER.02.CP,TGO,2021,27.33126068115234,,
NER.02.CP,TGO,2022,29.8257007598877,,
NER.02.CP,TGO,2023,29.22285652318728,,
NER.02.CP,TGO,2024,27.63125160272971,,
NER.02.F.CP,TGO,1999,2.480979919433594,,
NER.02.F.CP,TGO,2000,2.101140022277832,,
NER.02.F.CP,TGO,2001,2.23173999786377,,
NER.02.F.CP,TGO,2002,2.559710025787354,,
NER.02.F.CP,TGO,2003,2.584759950637817,,
NER.02.F.CP,TGO,2007,4.152029991149902,,
NER.02.F.CP,TGO,2008,4.731929779052734,,
NER.02.F.CP,TGO,2009,7.297160148620605,,
NER.02.F.CP,TGO,2010,7.330628803245435,,
NER.02.F.CP,TGO,2011,9.057861352756055,,
NER.02.F.CP,TGO,2012,10.52330748672338,,
NER.02.F.CP,TGO,2013,13.38534630621879,,
NER.02.F.CP,TGO,2014,14.47568915362238,,
NER.02.F.CP,TGO,2018,22.11108016967773,,
NER.02.F.CP,TGO,2019,24.12417984008789,,
NER.02.F.CP,TGO,2020,28.62149047851563,,
NER.02.F.CP,TGO,2021,28.0232105255127,,
NER.02.F.CP,TGO,2022,30.65229034423828,,
NER.02.F.CP,TGO,2023,29.6976241900648,,
NER.02.F.CP,TGO,2024,28.21430132941718,,
NER.02.GPIA.CP,TGO,1999,.9998900294303894,,
NER.02.GPIA.CP,TGO,2000,1.053200006484985,,
NER.02.GPIA.CP,TGO,2001,.9990900158882141,,
NER.02.GPIA.CP,TGO,2002,1.028859972953796,,
NER.02.GPIA.CP,TGO,2003,.9894199967384338,,
NER.02.GPIA.CP,TGO,2007,1.019340038299561,,
NER.02.GPIA.CP,TGO,2008,1.037870049476624,,
NER.02.GPIA.CP,TGO,2009,1.048009991645813,,
NER.02.GPIA.CP,TGO,2010,1.033108566965713,,
NER.02.GPIA.CP,TGO,2011,1.030896820227714,,
NER.02.GPIA.CP,TGO,2012,1.041163485387248,,
NER.02.GPIA.CP,TGO,2013,1.045524047267501,,
NER.02.GPIA.CP,TGO,2014,1.037548973174918,,
NER.02.GPIA.CP,TGO,2018,1.036530017852783,,
NER.02.GPIA.CP,TGO,2019,1.037760019302368,,
NER.02.GPIA.CP,TGO,2020,1.043040037155151,,
NER.02.GPIA.CP,TGO,2021,1.049020051956177,,
NER.02.GPIA.CP,TGO,2022,1.053529977798462,,
NER.02.GPIA.CP,TGO,2023,1.031726628959845,,
NER.02.GPIA.CP,TGO,2024,1.041006508033804,,
NER.02.M.CP,TGO,1999,2.481240034103394,,
NER.02.M.CP,TGO,2000,1.989359974861145,,
NER.02.M.CP,TGO,2001,2.233760118484497,,
NER.02.M.CP,TGO,2002,2.485830068588257,,
NER.02.M.CP,TGO,2003,2.612390041351318,,
NER.02.M.CP,TGO,2007,4.07174015045166,,
NER.02.M.CP,TGO,2008,4.552750110626221,,
NER.02.M.CP,TGO,2009,6.946809768676758,,
NER.02.M.CP,TGO,2010,7.087922188612398,,
NER.02.M.CP,TGO,2011,8.778002238892393,,
NER.02.M.CP,TGO,2012,10.09013147276813,,
NER.02.M.CP,TGO,2013,12.77599116828262,,
NER.02.M.CP,TGO,2014,13.93214188990457,,
NER.02.M.CP,TGO,2018,21.3034496307373,,
NER.02.M.CP,TGO,2019,23.2132396697998,,
NER.02.M.CP,TGO,2020,27.38964080810547,,
NER.02.M.CP,TGO,2021,26.64959907531738,,
NER.02.M.CP,TGO,2022,29.01161956787109,,
NER.02.M.CP,TGO,2023,28.75541868639769,,
NER.02.M.CP,TGO,2024,27.05733135528428,,
NERA.AGM1.CP,TGO,1999,28.19842910766602,,
NERA.AGM1.CP,TGO,2000,29.7388801574707,,
NERA.AGM1.CP,TGO,2001,34.52618026733398,,
NERA.AGM1.CP,TGO,2002,36.21345901489258,,
NERA.AGM1.CP,TGO,2003,45.21377182006836,,
NERA.AGM1.CP,TGO,2007,31.60403060913086,,
NERA.AGM1.CP,TGO,2008,35.6527099609375,,
NERA.AGM1.CP,TGO,2014,17.27828885586382,,
NERA.AGM1.CP,TGO,2018,91.76004791259766,,
NERA.AGM1.CP,TGO,2019,90.61212921142578,,
NERA.AGM1.F.CP,TGO,1999,26.90905952453613,,
NERA.AGM1.F.CP,TGO,2001,33.06232833862305,,
NERA.AGM1.F.CP,TGO,2002,34.76824951171875,,
NERA.AGM1.F.CP,TGO,2003,43.58824920654297,,
NERA.AGM1.F.CP,TGO,2007,31.05127906799316,,
NERA.AGM1.F.CP,TGO,2008,35.31227874755859,,
NERA.AGM1.F.CP,TGO,2014,17.53519704840397,,
NERA.AGM1.F.CP,TGO,2018,92.26175689697266,,
NERA.AGM1.F.CP,TGO,2019,89.43937683105469,,
NERA.AGM1.GPIA.CP,TGO,1999,.9128699898719788,,
NERA.AGM1.GPIA.CP,TGO,2001,.9189500212669373,,
NERA.AGM1.GPIA.CP,TGO,2002,.923520028591156,,
NERA.AGM1.GPIA.CP,TGO,2003,.9308500289916992,,
NERA.AGM1.GPIA.CP,TGO,2007,.9657899737358093,,
NERA.AGM1.GPIA.CP,TGO,2008,.981190025806427,,
NERA.AGM1.GPIA.CP,TGO,2014,1.029110113034869,,
NERA.AGM1.GPIA.CP,TGO,2018,1.010800004005432,,
NERA.AGM1.GPIA.CP,TGO,2019,.9746299982070923,,
NERA.AGM1.M.CP,TGO,1999,29.47757911682129,,
NERA.AGM1.M.CP,TGO,2001,35.97856140136719,,
NERA.AGM1.M.CP,TGO,2002,37.64741134643555,,
NERA.AGM1.M.CP,TGO,2003,46.82632064819336,,
NERA.AGM1.M.CP,TGO,2007,32.15108108520508,,
NERA.AGM1.M.CP,TGO,2008,35.9893684387207,,
NERA.AGM1.M.CP,TGO,2014,17.02474548023622,,
NERA.AGM1.M.CP,TGO,2018,91.26560211181641,,
NERA.AGM1.M.CP,TGO,2019,91.76750183105469,,
OAEPG.1,TGO,1999,41.57101058959961,,
OAEPG.1,TGO,2000,35.57582855224609,,
OAEPG.1,TGO,2001,33.69664001464844,,
OAEPG.1,TGO,2002,30.24703025817871,,
OAEPG.1,TGO,2003,27.14768028259277,,
OAEPG.1,TGO,2004,26.65269088745117,,
OAEPG.1,TGO,2005,26.01375961303711,,
OAEPG.1,TGO,2006,24.8010196685791,,
OAEPG.1,TGO,2007,25.2903003692627,,
OAEPG.1,TGO,2008,24.59844017028809,,
OAEPG.1,TGO,2014,24.91062886708821,,
OAEPG.1,TGO,2017,22.95007646679452,,
OAEPG.1,TGO,2019,22.63092851696819,,
OAEPG.1,TGO,2020,15.77536295283831,,
OAEPG.1,TGO,2021,13.93530272598253,,
OAEPG.1,TGO,2022,10.64781237387704,,
OAEPG.1,TGO,2023,9.670033500112948,,
OAEPG.1,TGO,2024,11.12516756133258,,
OAEPG.1.F,TGO,1999,40.10353088378906,,
OAEPG.1.F,TGO,2000,34.14738082885742,,
OAEPG.1.F,TGO,2001,32.59494018554688,,
OAEPG.1.F,TGO,2002,29.30736923217773,,
OAEPG.1.F,TGO,2003,26.37557029724121,,
OAEPG.1.F,TGO,2004,25.92226028442383,,
OAEPG.1.F,TGO,2005,25.32632064819336,,
OAEPG.1.F,TGO,2006,24.12298965454102,,
OAEPG.1.F,TGO,2007,24.6323299407959,,
OAEPG.1.F,TGO,2008,24.03779029846191,,
OAEPG.1.F,TGO,2014,24.99513903812895,,
OAEPG.1.F,TGO,2017,23.36470131697024,,
OAEPG.1.F,TGO,2019,22.53372903930525,,
OAEPG.1.F,TGO,2020,15.31914310555726,,
OAEPG.1.F,TGO,2021,13.99955363523974,,
OAEPG.1.F,TGO,2022,10.66903585614613,,
OAEPG.1.F,TGO,2023,9.56962441308797,,
OAEPG.1.F,TGO,2024,10.8885576095694,,
OAEPG.1.GPIA,TGO,1999,.9395999908447266,,
OAEPG.1.GPIA,TGO,2000,.9307000041007996,,
OAEPG.1.GPIA,TGO,2001,.9428099989891052,,
OAEPG.1.GPIA,TGO,2002,.9450200200080872,,
OAEPG.1.GPIA,TGO,2003,.9492499828338623,,
OAEPG.1.GPIA,TGO,2004,.95073002576828,,
OAEPG.1.GPIA,TGO,2005,.9521899819374084,,
OAEPG.1.GPIA,TGO,2006,.9502999782562256,,
OAEPG.1.GPIA,TGO,2007,.9525300264358521,,
OAEPG.1.GPIA,TGO,2008,.958050012588501,,
OAEPG.1.GPIA,TGO,2014,1.006552704652537,,
OAEPG.1.GPIA,TGO,2017,1.034586722323375,,
OAEPG.1.GPIA,TGO,2019,.9916131770908873,,
OAEPG.1.GPIA,TGO,2020,.9447066186591707,,
OAEPG.1.GPIA,TGO,2021,1.008991574753157,,
OAEPG.1.GPIA,TGO,2022,1.003902605725907,,
OAEPG.1.GPIA,TGO,2023,.9798434404029862,,
OAEPG.1.GPIA,TGO,2024,.9591278432181936,,
OAEPG.1.M,TGO,1999,42.68148040771484,,
OAEPG.1.M,TGO,2000,36.69001007080078,,
OAEPG.1.M,TGO,2001,34.57226181030273,,
OAEPG.1.M,TGO,2002,31.01255035400391,,
OAEPG.1.M,TGO,2003,27.78561973571777,,
OAEPG.1.M,TGO,2004,27.26551055908203,,
OAEPG.1.M,TGO,2005,26.59802055358887,,
OAEPG.1.M,TGO,2006,25.38448905944824,,
OAEPG.1.M,TGO,2007,25.85980987548828,,
OAEPG.1.M,TGO,2008,25.09026908874512,,
OAEPG.1.M,TGO,2014,24.83135327426298,,
OAEPG.1.M,TGO,2017,22.5565928803516,,
OAEPG.1.M,TGO,2019,22.72431383517193,,
OAEPG.1.M,TGO,2020,16.2157677346432,,
OAEPG.1.M,TGO,2021,13.87367560221765,,
OAEPG.1.M,TGO,2022,10.62739881572403,,
OAEPG.1.M,TGO,2023,9.766483111987984,,
OAEPG.1.M,TGO,2024,11.35256127382838,,
OAEPG.2.GPV,TGO,1999,35.84445953369141,,
OAEPG.2.GPV,TGO,2000,52.84191131591797,,
OAEPG.2.GPV,TGO,2001,49.03968048095703,,
OAEPG.2.GPV,TGO,2002,46.39155960083008,,
OAEPG.2.GPV,TGO,2003,44.03866958618164,,
OAEPG.2.GPV,TGO,2004,42.53998947143555,,
OAEPG.2.GPV,TGO,2005,40.71820068359375,,
OAEPG.2.GPV,TGO,2006,39.16468048095703,,
OAEPG.2.GPV,TGO,2007,46.16497039794922,,
OAEPG.2.GPV,TGO,2008,44.43157958984375,,
OAEPG.2.GPV,TGO,2010,44.05266655297528,,
OAEPG.2.GPV,TGO,2011,38.55533640370977,,
OAEPG.2.GPV,TGO,2013,39.42747466119749,,
OAEPG.2.GPV,TGO,2014,42.49474421864051,,
OAEPG.2.GPV,TGO,2015,41.14398404450368,,
OAEPG.2.GPV,TGO,2016,41.23864915652086,,
OAEPG.2.GPV,TGO,2017,32.85791480520272,,
OAEPG.2.GPV,TGO,2018,30.1373308516525,,
OAEPG.2.GPV,TGO,2019,29.64840544757389,,
OAEPG.2.GPV,TGO,2020,27.3580744023138,,
OAEPG.2.GPV,TGO,2021,26.03926332685095,,
OAEPG.2.GPV,TGO,2022,22.16076847533306,,
OAEPG.2.GPV,TGO,2023,19.72627259575522,,
OAEPG.2.GPV,TGO,2024,27.26094178336552,,
OAEPG.2.GPV.F,TGO,1999,33.68846130371094,,
OAEPG.2.GPV.F,TGO,2000,51.52983856201172,,
OAEPG.2.GPV.F,TGO,2001,48.08129119873047,,
OAEPG.2.GPV.F,TGO,2002,45.23957824707031,,
OAEPG.2.GPV.F,TGO,2003,42.61402130126953,,
OAEPG.2.GPV.F,TGO,2004,41.09947967529297,,
OAEPG.2.GPV.F,TGO,2005,38.43721008300781,,
OAEPG.2.GPV.F,TGO,2006,36.35137939453125,,
OAEPG.2.GPV.F,TGO,2007,42.99925994873047,,
OAEPG.2.GPV.F,TGO,2008,41.30807876586914,,
OAEPG.2.GPV.F,TGO,2010,40.99147983098202,,
OAEPG.2.GPV.F,TGO,2011,33.46675198495612,,
OAEPG.2.GPV.F,TGO,2013,35.95524057280397,,
OAEPG.2.GPV.F,TGO,2014,39.56521739130434,,
OAEPG.2.GPV.F,TGO,2015,37.72125586278575,,
OAEPG.2.GPV.F,TGO,2016,38.43228594882751,,
OAEPG.2.GPV.F,TGO,2017,29.62769538870569,,
OAEPG.2.GPV.F,TGO,2018,27.55310318278242,,
OAEPG.2.GPV.F,TGO,2019,26.9512590837402,,
OAEPG.2.GPV.F,TGO,2020,24.48702235039654,,
OAEPG.2.GPV.F,TGO,2021,23.41253505318232,,
OAEPG.2.GPV.F,TGO,2022,19.67230139427683,,
OAEPG.2.GPV.F,TGO,2023,17.52113327169463,,
OAEPG.2.GPV.F,TGO,2024,24.56130983601923,,
OAEPG.2.GPV.GPIA,TGO,1999,.9151800274848938,,
OAEPG.2.GPV.GPIA,TGO,2000,.9635199904441833,,
OAEPG.2.GPV.GPIA,TGO,2001,.9709399938583374,,
OAEPG.2.GPV.GPIA,TGO,2002,.962660014629364,,
OAEPG.2.GPV.GPIA,TGO,2003,.9510899782180786,,
OAEPG.2.GPV.GPIA,TGO,2004,.9481099843978882,,
OAEPG.2.GPV.GPIA,TGO,2005,.914359986782074,,
OAEPG.2.GPV.GPIA,TGO,2006,.8900200128555298,,
OAEPG.2.GPV.GPIA,TGO,2007,.8956599831581116,,
OAEPG.2.GPV.GPIA,TGO,2008,.89274001121521,,
OAEPG.2.GPV.GPIA,TGO,2010,.8921849814608445,,
OAEPG.2.GPV.GPIA,TGO,2011,.8010560040112366,,
OAEPG.2.GPV.GPIA,TGO,2013,.8596476673865086,,
OAEPG.2.GPV.GPIA,TGO,2014,.8877296752722383,,
OAEPG.2.GPV.GPIA,TGO,2015,.8639487145913249,,
OAEPG.2.GPV.GPIA,TGO,2016,.8863800466184827,,
OAEPG.2.GPV.GPIA,TGO,2017,.8368321163351975,,
OAEPG.2.GPV.GPIA,TGO,2018,.854761593406055,,
OAEPG.2.GPV.GPIA,TGO,2019,.8446426269866238,,
OAEPG.2.GPV.GPIA,TGO,2020,.8215971332553905,,
OAEPG.2.GPV.GPIA,TGO,2021,.8268947315842284,,
OAEPG.2.GPV.GPIA,TGO,2022,.8069320952637854,,
OAEPG.2.GPV.GPIA,TGO,2023,.8067293561659029,,
OAEPG.2.GPV.GPIA,TGO,2024,.8261345926831278,,
OAEPG.2.GPV.M,TGO,1999,36.81082153320313,,
OAEPG.2.GPV.M,TGO,2000,53.48085021972656,,
OAEPG.2.GPV.M,TGO,2001,49.52017974853516,,
OAEPG.2.GPV.M,TGO,2002,46.99415969848633,,
OAEPG.2.GPV.M,TGO,2003,44.80527877807617,,
OAEPG.2.GPV.M,TGO,2004,43.34867858886719,,
OAEPG.2.GPV.M,TGO,2005,42.03734970092773,,
OAEPG.2.GPV.M,TGO,2006,40.84321975708008,,
OAEPG.2.GPV.M,TGO,2007,48.00862121582031,,
OAEPG.2.GPV.M,TGO,2008,46.27095031738281,,
OAEPG.2.GPV.M,TGO,2010,45.94504579517069,,
OAEPG.2.GPV.M,TGO,2011,41.77829242571494,,
OAEPG.2.GPV.M,TGO,2013,41.82555474397401,,
OAEPG.2.GPV.M,TGO,2014,44.56899267130048,,
OAEPG.2.GPV.M,TGO,2015,43.66145261368796,,
OAEPG.2.GPV.M,TGO,2016,43.35869934735749,,
OAEPG.2.GPV.M,TGO,2017,35.40458690622022,,
OAEPG.2.GPV.M,TGO,2018,32.23483997799759,,
OAEPG.2.GPV.M,TGO,2019,31.90847610887511,,
OAEPG.2.GPV.M,TGO,2020,29.80417209268041,,
OAEPG.2.GPV.M,TGO,2021,28.31380363051387,,
OAEPG.2.GPV.M,TGO,2022,24.37912868968978,,
OAEPG.2.GPV.M,TGO,2023,21.71872529216778,,
OAEPG.2.GPV.M,TGO,2024,29.73039750853281,,
OAEPG.H.1,TGO,2006,32.15,,
OAEPG.H.1,TGO,2010,31.99,,
OAEPG.H.1,TGO,2014,30.37,,
OAEPG.H.1,TGO,2017,23.62170028686523,,
OAEPG.H.1,TGO,2018,17.06208992004395,,
OAEPG.H.1,TGO,2021,12.9470796585083,,
OAEPG.H.1.F,TGO,2006,29.66,,
OAEPG.H.1.F,TGO,2010,32.29,,
OAEPG.H.1.F,TGO,2014,29.96,,
OAEPG.H.1.F,TGO,2017,22.89237976074219,,
OAEPG.H.1.F,TGO,2018,15.67591953277588,,
OAEPG.H.1.F,TGO,2021,13.07664012908936,,
OAEPG.H.1.F.LPIA,TGO,2017,1.45921003818512,,
OAEPG.H.1.F.LPIA,TGO,2018,1.304049968719482,,
OAEPG.H.1.F.LPIA,TGO,2021,1.467589974403381,,
OAEPG.H.1.F.WPIA,TGO,2017,1.659700036048889,,
OAEPG.H.1.GPIA,TGO,2006,.8644710183143616,,
OAEPG.H.1.GPIA,TGO,2010,1.01765251159668,,
OAEPG.H.1.GPIA,TGO,2014,.9746258854866028,,
OAEPG.H.1.GPIA,TGO,2017,.9413599967956543,,
OAEPG.H.1.GPIA,TGO,2018,.8510000109672546,,
OAEPG.H.1.GPIA,TGO,2021,1.019899964332581,,
OAEPG.H.1.LPIA,TGO,2006,1.399352431297302,,
OAEPG.H.1.LPIA,TGO,2010,1.402976870536804,,
OAEPG.H.1.LPIA,TGO,2014,1.499720931053162,,
OAEPG.H.1.LPIA,TGO,2017,1.474859952926636,,
OAEPG.H.1.LPIA,TGO,2018,1.320180058479309,,
OAEPG.H.1.LPIA,TGO,2021,1.362980008125305,,
OAEPG.H.1.M,TGO,2006,34.31,,
OAEPG.H.1.M,TGO,2010,31.72,,
OAEPG.H.1.M,TGO,2014,30.74,,
OAEPG.H.1.M,TGO,2017,24.318359375,,
OAEPG.H.1.M,TGO,2018,18.42049980163574,,
OAEPG.H.1.M,TGO,2021,12.81639003753662,,
OAEPG.H.1.M.LPIA,TGO,2017,1.48838996887207,,
OAEPG.H.1.M.LPIA,TGO,2018,1.330610036849976,,
OAEPG.H.1.M.LPIA,TGO,2021,1.241050004959106,,
OAEPG.H.1.M.WPIA,TGO,2017,1.647130012512207,,
OAEPG.H.1.Q1,TGO,2006,36.44,,
OAEPG.H.1.Q1,TGO,2010,43.34,,
OAEPG.H.1.Q1,TGO,2014,40.41,,
OAEPG.H.1.Q1,TGO,2017,33.9622688293457,,
OAEPG.H.1.Q1.F,TGO,2006,31.4,,
OAEPG.H.1.Q1.F,TGO,2010,42.88,,
OAEPG.H.1.Q1.F,TGO,2014,40.23,,
OAEPG.H.1.Q1.F,TGO,2017,33.94649124145508,,
OAEPG.H.1.Q1.GPIA,TGO,2017,.9991400241851807,,
OAEPG.H.1.Q1.M,TGO,2006,40.22,,
OAEPG.H.1.Q1.M,TGO,2010,43.7,,
OAEPG.H.1.Q1.M,TGO,2014,40.56,,
OAEPG.H.1.Q1.M,TGO,2017,33.97565841674805,,
OAEPG.H.1.Q5,TGO,2006,18.4,,
OAEPG.H.1.Q5,TGO,2010,17,,
OAEPG.H.1.Q5,TGO,2014,12.3,,
OAEPG.H.1.Q5,TGO,2017,11.76136016845703,,
OAEPG.H.1.Q5.F,TGO,2006,19.47,,
OAEPG.H.1.Q5.F,TGO,2010,23.76,,
OAEPG.H.1.Q5.F,TGO,2014,13.62,,
OAEPG.H.1.Q5.F,TGO,2017,11.55212020874023,,
OAEPG.H.1.Q5.F.LPIA,TGO,2017,1.255139946937561,,
OAEPG.H.1.Q5.GPIA,TGO,2017,.9635699987411499,,
OAEPG.H.1.Q5.LPIA,TGO,2017,1.223399996757507,,
OAEPG.H.1.Q5.M,TGO,2006,17.15,,
OAEPG.H.1.Q5.M,TGO,2010,10,,
OAEPG.H.1.Q5.M,TGO,2014,10.86,,
OAEPG.H.1.Q5.M,TGO,2017,11.98884010314941,,
OAEPG.H.1.Q5.M.LPIA,TGO,2017,1.186519980430603,,
OAEPG.H.1.RUR,TGO,2006,37.06,,
OAEPG.H.1.RUR,TGO,2010,36.28,,
OAEPG.H.1.RUR,TGO,2014,35.84,,
OAEPG.H.1.RUR,TGO,2017,28.32830047607422,,
OAEPG.H.1.RUR,TGO,2018,19.22945976257324,,
OAEPG.H.1.RUR,TGO,2021,14.95059967041016,,
OAEPG.H.1.RUR.F,TGO,2006,33.28,,
OAEPG.H.1.RUR.F,TGO,2010,35.97,,
OAEPG.H.1.RUR.F,TGO,2014,35.34,,
OAEPG.H.1.RUR.F,TGO,2017,27.5401496887207,,
OAEPG.H.1.RUR.F,TGO,2018,17.60141944885254,,
OAEPG.H.1.RUR.F,TGO,2021,15.88271045684814,,
OAEPG.H.1.RUR.F.WPIA,TGO,2017,1.564429998397827,,
OAEPG.H.1.RUR.GPIA,TGO,2017,.9482799768447876,,
OAEPG.H.1.RUR.GPIA,TGO,2018,.8467299938201904,,
OAEPG.H.1.RUR.GPIA,TGO,2021,1.116269946098328,,
OAEPG.H.1.RUR.M,TGO,2006,40.07,,
OAEPG.H.1.RUR.M,TGO,2010,36.55,,
OAEPG.H.1.RUR.M,TGO,2014,36.27,,
OAEPG.H.1.RUR.M,TGO,2017,29.04224014282227,,
OAEPG.H.1.RUR.M,TGO,2018,20.78746032714844,,
OAEPG.H.1.RUR.M,TGO,2021,14.03598022460938,,
OAEPG.H.1.RUR.M.WPIA,TGO,2017,1.578259944915771,,
OAEPG.H.1.RUR.Q1,TGO,2006,36.4,,
OAEPG.H.1.RUR.Q1,TGO,2010,43.55,,
OAEPG.H.1.RUR.Q1,TGO,2014,40.42,,
OAEPG.H.1.RUR.Q1,TGO,2017,33.9622688293457,,
OAEPG.H.1.RUR.Q1.F,TGO,2006,31.44,,
OAEPG.H.1.RUR.Q1.F,TGO,2010,43.06,,
OAEPG.H.1.RUR.Q1.F,TGO,2014,40.01,,
OAEPG.H.1.RUR.Q1.F,TGO,2017,33.94649124145508,,
OAEPG.H.1.RUR.Q1.GPIA,TGO,2017,.9991400241851807,,
OAEPG.H.1.RUR.Q1.M,TGO,2006,40.1,,
OAEPG.H.1.RUR.Q1.M,TGO,2010,43.93,,
OAEPG.H.1.RUR.Q1.M,TGO,2014,40.75,,
OAEPG.H.1.RUR.Q1.M,TGO,2017,33.97565841674805,,
OAEPG.H.1.RUR.Q5,TGO,2006,32.25,,
OAEPG.H.1.RUR.Q5,TGO,2010,12.02,,
OAEPG.H.1.RUR.Q5,TGO,2017,14.58269023895264,,
OAEPG.H.1.RUR.Q5.F,TGO,2010,15.38,,
OAEPG.H.1.RUR.Q5.F,TGO,2017,14.78623962402344,,
OAEPG.H.1.RUR.Q5.GPIA,TGO,2017,1.030930042266846,,
OAEPG.H.1.RUR.Q5.M,TGO,2017,14.32886981964111,,
OAEPG.H.1.RUR.WPIA,TGO,2017,1.570619940757751,,
OAEPG.H.1.URB,TGO,2006,22.26,,
OAEPG.H.1.URB,TGO,2010,21.66,,
OAEPG.H.1.URB,TGO,2014,17.93,,
OAEPG.H.1.URB,TGO,2017,14.87623977661133,,
OAEPG.H.1.URB,TGO,2018,13.07254028320313,,
OAEPG.H.1.URB,TGO,2021,9.523770332336426,,
OAEPG.H.1.URB.F,TGO,2006,23.35,,
OAEPG.H.1.URB.F,TGO,2010,24.07,,
OAEPG.H.1.URB.F,TGO,2014,18.84,,
OAEPG.H.1.URB.F,TGO,2017,14.89334964752197,,
OAEPG.H.1.URB.F,TGO,2018,12.24971961975098,,
OAEPG.H.1.URB.F,TGO,2021,8.456130027770996,,
OAEPG.H.1.URB.GPIA,TGO,2017,1.002359986305237,,
OAEPG.H.1.URB.GPIA,TGO,2018,.8803300261497498,,
OAEPG.H.1.URB.GPIA,TGO,2021,.7938100099563599,,
OAEPG.H.1.URB.M,TGO,2006,21.13,,
OAEPG.H.1.URB.M,TGO,2010,19.28,,
OAEPG.H.1.URB.M,TGO,2014,16.99,,
OAEPG.H.1.URB.M,TGO,2017,14.85820960998535,,
OAEPG.H.1.URB.M,TGO,2018,13.9148998260498,,
OAEPG.H.1.URB.M,TGO,2021,10.65258026123047,,
OAEPG.H.1.URB.Q1,TGO,2014,39.72,,
OAEPG.H.1.URB.Q5,TGO,2006,17.29,,
OAEPG.H.1.URB.Q5,TGO,2010,17.41,,
OAEPG.H.1.URB.Q5,TGO,2014,12.35,,
OAEPG.H.1.URB.Q5,TGO,2017,11.32497024536133,,
OAEPG.H.1.URB.Q5.F,TGO,2006,18.14,,
OAEPG.H.1.URB.Q5.F,TGO,2010,24.47,,
OAEPG.H.1.URB.Q5.F,TGO,2014,13.64,,
OAEPG.H.1.URB.Q5.F,TGO,2017,11.01371002197266,,
OAEPG.H.1.URB.Q5.GPIA,TGO,2017,.9448699951171875,,
OAEPG.H.1.URB.Q5.M,TGO,2006,16.26,,
OAEPG.H.1.URB.Q5.M,TGO,2010,10.13,,
OAEPG.H.1.URB.Q5.M,TGO,2014,10.95,,
OAEPG.H.1.URB.Q5.M,TGO,2017,11.65629959106445,,
OAEPG.H.1.WPIA,TGO,2006,1.495060324668884,,
OAEPG.H.1.WPIA,TGO,2010,1.607752680778503,,
OAEPG.H.1.WPIA,TGO,2014,1.695619940757751,,
OAEPG.H.1.WPIA,TGO,2017,1.653689980506897,,
OAEPG.H.2,TGO,2017,41.52357864379883,,
OAEPG.H.2,TGO,2018,31.95923042297363,,
OAEPG.H.2,TGO,2021,23.06106948852539,,
OAEPG.H.2.F,TGO,2017,36.37292098999023,,
OAEPG.H.2.F,TGO,2018,29.40918922424316,,
OAEPG.H.2.F,TGO,2021,22.76054000854492,,
OAEPG.H.2.F.LPIA,TGO,2017,1.489930033683777,,
OAEPG.H.2.F.LPIA,TGO,2018,1.422240018844604,,
OAEPG.H.2.F.LPIA,TGO,2021,1.238160014152527,,
OAEPG.H.2.F.WPIA,TGO,2017,1.612789988517761,,
OAEPG.H.2.GPIA,TGO,2017,.79680997133255,,
OAEPG.H.2.GPIA,TGO,2018,.8592100143432617,,
OAEPG.H.2.GPIA,TGO,2021,.9750999808311462,,
OAEPG.H.2.LPIA,TGO,2017,1.451689958572388,,
OAEPG.H.2.LPIA,TGO,2018,1.384600043296814,,
OAEPG.H.2.LPIA,TGO,2021,1.330880045890808,,
OAEPG.H.2.M,TGO,2017,45.64812850952148,,
OAEPG.H.2.M,TGO,2018,34.22806167602539,,
OAEPG.H.2.M,TGO,2021,23.3417797088623,,
OAEPG.H.2.M.LPIA,TGO,2017,1.403849959373474,,
OAEPG.H.2.M.LPIA,TGO,2018,1.341259956359863,,
OAEPG.H.2.M.LPIA,TGO,2021,1.413490056991577,,
OAEPG.H.2.M.WPIA,TGO,2017,1.57108998298645,,
OAEPG.H.2.Q1,TGO,2017,60.8089714050293,,
OAEPG.H.2.Q1.F,TGO,2017,55.0631217956543,,
OAEPG.H.2.Q1.GPIA,TGO,2017,.8611500263214111,,
OAEPG.H.2.Q1.M,TGO,2017,63.94129943847656,,
OAEPG.H.2.Q5,TGO,2017,24.01532936096191,,
OAEPG.H.2.Q5.F,TGO,2017,21.32098007202148,,
OAEPG.H.2.Q5.F.LPIA,TGO,2017,1.512789964675903,,
OAEPG.H.2.Q5.GPIA,TGO,2017,.77742999792099,,
OAEPG.H.2.Q5.LPIA,TGO,2017,1.324210047721863,,
OAEPG.H.2.Q5.M,TGO,2017,27.42513084411621,,
OAEPG.H.2.Q5.M.LPIA,TGO,2017,.990369975566864,,
OAEPG.H.2.RUR,TGO,2017,52.07382965087891,,
OAEPG.H.2.RUR,TGO,2018,39.33449172973633,,
OAEPG.H.2.RUR,TGO,2021,27.82666015625,,
OAEPG.H.2.RUR.F,TGO,2017,48.45090866088867,,
OAEPG.H.2.RUR.F,TGO,2018,37.88885116577148,,
OAEPG.H.2.RUR.F,TGO,2021,26.33243942260742,,
OAEPG.H.2.RUR.F.WPIA,TGO,2017,1.305619955062866,,
OAEPG.H.2.RUR.GPIA,TGO,2017,.8898299932479858,,
OAEPG.H.2.RUR.GPIA,TGO,2018,.9370800256729126,,
OAEPG.H.2.RUR.GPIA,TGO,2021,.9093300104141235,,
OAEPG.H.2.RUR.M,TGO,2017,54.44987869262695,,
OAEPG.H.2.RUR.M,TGO,2018,40.43291091918945,,
OAEPG.H.2.RUR.M,TGO,2021,28.95820045471191,,
OAEPG.H.2.RUR.M.WPIA,TGO,2017,1.574650049209595,,
OAEPG.H.2.RUR.Q1,TGO,2017,60.8089714050293,,
OAEPG.H.2.RUR.Q1.F,TGO,2017,55.0631217956543,,
OAEPG.H.2.RUR.Q1.GPIA,TGO,2017,.8611500263214111,,
OAEPG.H.2.RUR.Q1.M,TGO,2017,63.94129943847656,,
OAEPG.H.2.RUR.Q5,TGO,2017,33.3288688659668,,
OAEPG.H.2.RUR.Q5.F,TGO,2017,38.23498916625977,,
OAEPG.H.2.RUR.Q5.GPIA,TGO,2017,1.288679957389832,,
OAEPG.H.2.RUR.Q5.M,TGO,2017,27.19733047485352,,
OAEPG.H.2.RUR.WPIA,TGO,2017,1.451910018920898,,
OAEPG.H.2.URB,TGO,2017,28.55242919921875,,
OAEPG.H.2.URB,TGO,2018,24.20638084411621,,
OAEPG.H.2.URB,TGO,2021,18.6193904876709,,
OAEPG.H.2.URB.F,TGO,2017,24.71356964111328,,
OAEPG.H.2.URB.F,TGO,2018,21.8906307220459,,
OAEPG.H.2.URB.F,TGO,2021,20.06097984313965,,
OAEPG.H.2.URB.GPIA,TGO,2017,.7613499760627747,,
OAEPG.H.2.URB.GPIA,TGO,2018,.8218799829483032,,
OAEPG.H.2.URB.GPIA,TGO,2021,1.15336000919342,,
OAEPG.H.2.URB.M,TGO,2017,32.46020126342773,,
OAEPG.H.2.URB.M,TGO,2018,26.63488006591797,,
OAEPG.H.2.URB.M,TGO,2021,16.9843692779541,,
OAEPG.H.2.URB.Q5,TGO,2017,22.52316093444824,,
OAEPG.H.2.URB.Q5.F,TGO,2017,18.62849044799805,,
OAEPG.H.2.URB.Q5.GPIA,TGO,2017,.6783400177955627,,
OAEPG.H.2.URB.Q5.M,TGO,2017,27.4619197845459,,
OAEPG.H.2.WPIA,TGO,2017,1.605069994926453,,
ODAFLOW.VOLUMESCHOLARSHIP,TGO,2006,972294,,
ODAFLOW.VOLUMESCHOLARSHIP,TGO,2007,766276,,
ODAFLOW.VOLUMESCHOLARSHIP,TGO,2008,1435081,,
ODAFLOW.VOLUMESCHOLARSHIP,TGO,2009,2021442,,
ODAFLOW.VOLUMESCHOLARSHIP,TGO,2010,1494149,,
ODAFLOW.VOLUMESCHOLARSHIP,TGO,2011,853776,,
ODAFLOW.VOLUMESCHOLARSHIP,TGO,2012,1518595,,
ODAFLOW.VOLUMESCHOLARSHIP,TGO,2013,2273088,,
ODAFLOW.VOLUMESCHOLARSHIP,TGO,2014,1839443,,
ODAFLOW.VOLUMESCHOLARSHIP,TGO,2015,1862900,,
ODAFLOW.VOLUMESCHOLARSHIP,TGO,2016,1520166,,
ODAFLOW.VOLUMESCHOLARSHIP,TGO,2017,2106497,,
ODAFLOW.VOLUMESCHOLARSHIP,TGO,2018,2353716,,
ODAFLOW.VOLUMESCHOLARSHIP,TGO,2019,4662781,,
ODAFLOW.VOLUMESCHOLARSHIP,TGO,2020,3185402,,
ODAFLOW.VOLUMESCHOLARSHIP,TGO,2021,2819724,,
ODAFLOW.VOLUMESCHOLARSHIP,TGO,2022,3355151,,
ODAFLOW.VOLUMESCHOLARSHIP,TGO,2023,5019838,,
ODAFLOW.VOLUMESCHOLARSHIP,TGO,2024,2840952,,
ONTRACK.THREE.DOMAINS,TGO,2017,52.4,,
ONTRACK.THREE.DOMAINS.F,TGO,2017,55.4,,
ONTRACK.THREE.DOMAINS.GPIA,TGO,2017,1.102888107299805,,
ONTRACK.THREE.DOMAINS.M,TGO,2017,49.7,,
POSTIMUENV,TGO,2017,18.5,,
POSTIMUENV.F,TGO,2017,19.20000076293945,,
POSTIMUENV.GPIA,TGO,2017,1.067708373069763,,
POSTIMUENV.LPIA,TGO,2017,.7971698045730591,,
POSTIMUENV.M,TGO,2017,17.89999961853027,,
POSTIMUENV.RUR,TGO,2017,16.89999961853027,,
POSTIMUENV.URB,TGO,2017,21.20000076293945,,
POSTIMUENV.WPIA,TGO,2017,.5871211886405945,,
POSTIMUENV.WQ1,TGO,2017,15.5,,
POSTIMUENV.WQ5,TGO,2017,26.39999961853027,,
PREPFUTURE.1.MATH,TGO,2014,13.52208042144775,,UIS_EST
PREPFUTURE.1.MATH,TGO,2019,12.83448028564453,,UIS_EST
PREPFUTURE.1.MATH.F,TGO,2014,11.38967037200928,,UIS_EST
PREPFUTURE.1.MATH.F,TGO,2019,12.58298015594482,,UIS_EST
PREPFUTURE.1.MATH.GPIA,TGO,2014,.8020013570785522,,UIS_EST
PREPFUTURE.1.MATH.GPIA,TGO,2019,.9680414199829102,,UIS_EST
PREPFUTURE.1.MATH.M,TGO,2014,14.20156002044678,,UIS_EST
PREPFUTURE.1.MATH.M,TGO,2019,12.99839019775391,,UIS_EST
PREPFUTURE.1.READ,TGO,2019,15.65968036651611,,UIS_EST
PREPFUTURE.1.READ.F,TGO,2019,15.98593044281006,,UIS_EST
PREPFUTURE.1.READ.GPIA,TGO,2019,1.047935962677002,,UIS_EST
PREPFUTURE.1.READ.M,TGO,2019,15.21963024139404,,UIS_EST
PRYA.12MO.AG15T24,TGO,2006,47.1056400812178,,UIS_EST
PRYA.12MO.AG15T24,TGO,2010,42.2878137512744,,UIS_EST
PRYA.12MO.AG15T24,TGO,2011,52.1231342868686,,UIS_EST
PRYA.12MO.AG15T24,TGO,2015,54.5002471644552,,UIS_EST
PRYA.12MO.AG15T24,TGO,2017,56.1601324078001,,UIS_EST
PRYA.12MO.AG15T24,TGO,2019,60.6682540417866,,UIS_EST
PRYA.12MO.AG15T24,TGO,2022,61.2181822283302,,UIS_EST
PRYA.12MO.AG15T24.F,TGO,2006,35.146589974312,,UIS_EST
PRYA.12MO.AG15T24.F,TGO,2010,30.4375751672981,,UIS_EST
PRYA.12MO.AG15T24.F,TGO,2011,39.1233055235095,,UIS_EST
PRYA.12MO.AG15T24.F,TGO,2015,44.0575017254941,,UIS_EST
PRYA.12MO.AG15T24.F,TGO,2017,45.2718543390635,,UIS_EST
PRYA.12MO.AG15T24.F,TGO,2019,54.2900115639344,,UIS_EST
PRYA.12MO.AG15T24.F,TGO,2022,56.1010747577604,,UIS_EST
PRYA.12MO.AG15T24.GPIA,TGO,2006,.596854777094713,,UIS_EST
PRYA.12MO.AG15T24.GPIA,TGO,2010,.5577619986594931,,UIS_EST
PRYA.12MO.AG15T24.GPIA,TGO,2011,.600176555670039,,UIS_EST
PRYA.12MO.AG15T24.GPIA,TGO,2015,.693020838582225,,UIS_EST
PRYA.12MO.AG15T24.GPIA,TGO,2017,.669471948216332,,UIS_EST
PRYA.12MO.AG15T24.GPIA,TGO,2019,.8054193261067329,,UIS_EST
PRYA.12MO.AG15T24.GPIA,TGO,2022,.840248843842231,,UIS_EST
PRYA.12MO.AG15T24.M,TGO,2006,58.886334369968,,UIS_EST
PRYA.12MO.AG15T24.M,TGO,2010,54.5709016398585,,UIS_EST
PRYA.12MO.AG15T24.M,TGO,2011,65.1863275129635,,UIS_EST
PRYA.12MO.AG15T24.M,TGO,2015,63.5731269143746,,UIS_EST
PRYA.12MO.AG15T24.M,TGO,2017,67.62322821692651,,UIS_EST
PRYA.12MO.AG15T24.M,TGO,2019,67.40589628804101,,UIS_EST
PRYA.12MO.AG15T24.M,TGO,2022,66.7672144614033,,UIS_EST
PRYA.12MO.AG15T64,TGO,2006,17.2895647297141,,UIS_EST
PRYA.12MO.AG15T64,TGO,2010,15.951651394231,,UIS_EST
PRYA.12MO.AG15T64,TGO,2011,20.3564590397077,,UIS_EST
PRYA.12MO.AG15T64,TGO,2015,15.4987160899707,,UIS_EST
PRYA.12MO.AG15T64,TGO,2017,20.5022626468861,,UIS_EST
PRYA.12MO.AG15T64,TGO,2019,20.5816533416143,,UIS_EST
PRYA.12MO.AG15T64,TGO,2022,21.2163253380104,,UIS_EST
PRYA.12MO.AG15T64.F,TGO,2006,12.1825471872104,,UIS_EST
PRYA.12MO.AG15T64.F,TGO,2010,10.9326029633027,,UIS_EST
PRYA.12MO.AG15T64.F,TGO,2011,14.1151644584976,,UIS_EST
PRYA.12MO.AG15T64.F,TGO,2015,13.0124876169601,,UIS_EST
PRYA.12MO.AG15T64.F,TGO,2017,15.3908856063134,,UIS_EST
PRYA.12MO.AG15T64.F,TGO,2019,17.032121926194,,UIS_EST
PRYA.12MO.AG15T64.F,TGO,2022,18.4408264654225,,UIS_EST
PRYA.12MO.AG15T64.GPIA,TGO,2006,.535146709334418,,UIS_EST
PRYA.12MO.AG15T64.GPIA,TGO,2010,.507462728109112,,UIS_EST
PRYA.12MO.AG15T64.GPIA,TGO,2011,.519019974155403,,UIS_EST
PRYA.12MO.AG15T64.GPIA,TGO,2015,.744875059690857,,UIS_EST
PRYA.12MO.AG15T64.GPIA,TGO,2017,.582981163424208,,UIS_EST
PRYA.12MO.AG15T64.GPIA,TGO,2019,.690970817859298,,UIS_EST
PRYA.12MO.AG15T64.GPIA,TGO,2022,.753720761058789,,UIS_EST
PRYA.12MO.AG15T64.M,TGO,2006,22.7648735845958,,UIS_EST
PRYA.12MO.AG15T64.M,TGO,2010,21.5436570170174,,UIS_EST
PRYA.12MO.AG15T64.M,TGO,2011,27.1958020141077,,UIS_EST
PRYA.12MO.AG15T64.M,TGO,2015,17.4693560318165,,UIS_EST
PRYA.12MO.AG15T64.M,TGO,2017,26.4003137183939,,UIS_EST
PRYA.12MO.AG15T64.M,TGO,2019,24.6495531880222,,UIS_EST
PRYA.12MO.AG15T64.M,TGO,2022,24.4663904965518,,UIS_EST
PRYA.12MO.AG25T54,TGO,2006,1.79488932623427,,UIS_EST
PRYA.12MO.AG25T54,TGO,2010,2.33616950144062,,UIS_EST
PRYA.12MO.AG25T54,TGO,2011,3.15894627305814,,UIS_EST
PRYA.12MO.AG25T54,TGO,2015,1.94756129516822,,UIS_EST
PRYA.12MO.AG25T54,TGO,2017,4.05322036475008,,UIS_EST
PRYA.12MO.AG25T54,TGO,2019,2.76105087009516,,UIS_EST
PRYA.12MO.AG25T54,TGO,2022,2.2225924215975,,UIS_EST
PRYA.12MO.AG25T54.F,TGO,2006,.924367565916098,,UIS_EST
PRYA.12MO.AG25T54.F,TGO,2010,1.33828079703464,,UIS_EST
PRYA.12MO.AG25T54.F,TGO,2011,1.32870927120976,,UIS_EST
PRYA.12MO.AG25T54.F,TGO,2015,1.44476671770645,,UIS_EST
PRYA.12MO.AG25T54.F,TGO,2017,2.38138201662651,,UIS_EST
PRYA.12MO.AG25T54.F,TGO,2019,1.20643759917086,,UIS_EST
PRYA.12MO.AG25T54.F,TGO,2022,1.38904855603062,,UIS_EST
PRYA.12MO.AG25T54.GPIA,TGO,2006,.33017383936279,,UIS_EST
PRYA.12MO.AG25T54.GPIA,TGO,2010,.383951294435705,,UIS_EST
PRYA.12MO.AG25T54.GPIA,TGO,2011,.253464772400049,,UIS_EST
PRYA.12MO.AG25T54.GPIA,TGO,2015,.620548942919095,,UIS_EST
PRYA.12MO.AG25T54.GPIA,TGO,2017,.391743254451668,,UIS_EST
PRYA.12MO.AG25T54.GPIA,TGO,2019,.260722828626883,,UIS_EST
PRYA.12MO.AG25T54.GPIA,TGO,2022,.42771065916411,,UIS_EST
PRYA.12MO.AG25T54.M,TGO,2006,2.79963902561164,,UIS_EST
PRYA.12MO.AG25T54.M,TGO,2010,3.48554834019121,,UIS_EST
PRYA.12MO.AG25T54.M,TGO,2015,2.32820752366476,,UIS_EST
PRYA.12MO.AG25T54.M,TGO,2017,6.07893560275795,,UIS_EST
PRYA.12MO.AG25T54.M,TGO,2019,4.62728026358359,,UIS_EST
PRYA.12MO.AG25T54.M,TGO,2022,3.24763605084168,,UIS_EST
PTRHC.02.QUALIFIED,TGO,2013,134.1795665634675,,
PTRHC.02.QUALIFIED,TGO,2015,108.3851224105461,,
PTRHC.02.QUALIFIED,TGO,2018,89.60817031070195,,
PTRHC.02.QUALIFIED,TGO,2019,72.09083298451235,,
PTRHC.02.QUALIFIED,TGO,2020,69.7958291288261,,
PTRHC.02.QUALIFIED,TGO,2021,61.41102831594635,,
PTRHC.02.QUALIFIED,TGO,2022,67.06523655598002,,
PTRHC.02.QUALIFIED,TGO,2023,88.61924069295982,,
PTRHC.02.QUALIFIED,TGO,2024,72.09340830990315,,
PTRHC.02.TRAINED,TGO,2000,44.49057006835938,,
PTRHC.02.TRAINED,TGO,2001,42.44533920288086,,
PTRHC.02.TRAINED,TGO,2002,43.50360107421875,,
PTRHC.02.TRAINED,TGO,2003,51.29719161987305,,
PTRHC.02.TRAINED,TGO,2010,50.04667444574095,,
PTRHC.02.TRAINED,TGO,2011,56.82474226804123,,
PTRHC.02.TRAINED,TGO,2012,65.17077986179665,,
PTRHC.02.TRAINED,TGO,2013,52.53333333333333,,
PTRHC.02.TRAINED,TGO,2015,48.79398050021195,,
PTRHC.02.TRAINED,TGO,2018,44.84278721566369,,
PTRHC.02.TRAINED,TGO,2019,39.64663904235727,,
PTRHC.02.TRAINED,TGO,2020,42.41680294358136,,
PTRHC.02.TRAINED,TGO,2021,39.68297380585516,,
PTRHC.02.TRAINED,TGO,2022,40.19425854174005,,
PTRHC.02.TRAINED,TGO,2023,43.8170220521232,,
PTRHC.02.TRAINED,TGO,2024,43.23983511335957,,
PTRHC.1.QUALIFIED,TGO,2015,135.7535562199873,,
PTRHC.1.QUALIFIED,TGO,2019,96.39669019226089,,
PTRHC.1.QUALIFIED,TGO,2020,90.67633841886268,,
PTRHC.1.QUALIFIED,TGO,2021,83.93775762572135,,
PTRHC.1.QUALIFIED,TGO,2022,85.09157975069957,,
PTRHC.1.QUALIFIED,TGO,2023,84.45666734321088,,
PTRHC.1.QUALIFIED,TGO,2024,84.44658413571756,,
PTRHC.1.TRAINED,TGO,1999,132.6315460205078,,
PTRHC.1.TRAINED,TGO,2010,52.89643973030751,,
PTRHC.1.TRAINED,TGO,2011,57.83838383838384,,
PTRHC.1.TRAINED,TGO,2012,50.74082041391588,,
PTRHC.1.TRAINED,TGO,2013,54.01392075875784,,
PTRHC.1.TRAINED,TGO,2015,60.28939320779012,,
PTRHC.1.TRAINED,TGO,2019,50.83994352457965,,
PTRHC.1.TRAINED,TGO,2020,51.78344897506574,,
PTRHC.1.TRAINED,TGO,2021,50.87168597570496,,
PTRHC.1.TRAINED,TGO,2022,51.77139761646804,,
PTRHC.1.TRAINED,TGO,2023,53.5854742128646,,
PTRHC.1.TRAINED,TGO,2024,55.61489682939104,,
PTRHC.2.QUALIFIED,TGO,2021,49.50267001727659,,
PTRHC.2.TRAINED,TGO,2021,76.30637937295727,,
PTRHC.2T3.QUALIFIED,TGO,2021,37.61688512290922,,
PTRHC.2T3.TRAINED,TGO,2004,60.14820861816406,,
PTRHC.2T3.TRAINED,TGO,2005,62.94272994995117,,
PTRHC.2T3.TRAINED,TGO,2006,77.30792999267578,,
PTRHC.2T3.TRAINED,TGO,2021,75.16410827636719,,
PTRHC.3.QUALIFIED,TGO,2021,22.36715365239295,,
PTRHC.3.TRAINED,TGO,2021,72.09938291653134,,
QUTP.02,TGO,2013,21.7948717948718,,
QUTP.02,TGO,2015,28.30490405117271,,
QUTP.02,TGO,2018,31.73270038342158,,
QUTP.02,TGO,2019,37.82457251424952,,
QUTP.02,TGO,2020,39.12871808370624,,
QUTP.02,TGO,2021,42.06896551724138,,
QUTP.02,TGO,2022,43.61702127659575,,
QUTP.02,TGO,2023,39.28467998841587,,
QUTP.02,TGO,2024,49.62790697674419,,
QUTP.02.F,TGO,2015,27.64227642276423,,
QUTP.02.F,TGO,2018,30.29648537207932,,
QUTP.02.F,TGO,2019,35.07798960138648,,
QUTP.02.F,TGO,2020,36.87973687973688,,
QUTP.02.F,TGO,2021,39.69205613843848,,
QUTP.02.F,TGO,2022,41.35957565605807,,
QUTP.02.F,TGO,2023,36.53206650831354,,
QUTP.02.F,TGO,2024,47.59178174469518,,
QUTP.02.GPIA,TGO,2015,.6728699803352356,,
QUTP.02.GPIA,TGO,2018,.5966100096702576,,
QUTP.02.GPIA,TGO,2019,.5247300267219543,,
QUTP.02.GPIA,TGO,2020,.5662999749183655,,
QUTP.02.GPIA,TGO,2021,.5711299777030945,,
QUTP.02.GPIA,TGO,2022,.5997099876403809,,
QUTP.02.GPIA,TGO,2023,.5317800045013428,,
QUTP.02.GPIA,TGO,2024,.6497899889945984,,
QUTP.02.M,TGO,2015,41.08108108108108,,
QUTP.02.M,TGO,2018,50.78125,,
QUTP.02.M,TGO,2019,66.84981684981685,,
QUTP.02.M,TGO,2020,65.12396694214875,,
QUTP.02.M,TGO,2021,69.49685534591194,,
QUTP.02.M,TGO,2022,68.96551724137932,,
QUTP.02.M,TGO,2023,68.69712351945854,,
QUTP.02.M,TGO,2024,73.2421875,,
QUTP.1,TGO,2015,32.56616800920598,,
QUTP.1,TGO,2019,40.45685029291587,,
QUTP.1,TGO,2020,43.24097397145256,,
QUTP.1,TGO,2021,45.93609467455621,,
QUTP.1,TGO,2022,47.78517942234756,,
QUTP.1,TGO,2023,50.8357408171688,,
QUTP.1,TGO,2024,53.35852339141545,,
QUTP.1.F,TGO,2015,34.77450614983228,,
QUTP.1.F,TGO,2019,42.7972836295333,,
QUTP.1.F,TGO,2020,45.60076986527358,,
QUTP.1.F,TGO,2021,49.572206378014,,
QUTP.1.F,TGO,2022,51.92258721670486,,
QUTP.1.F,TGO,2023,55.77981651376147,,
QUTP.1.F,TGO,2024,59.05397210430564,,
QUTP.1.GPIA,TGO,2015,1.07544994354248,,
QUTP.1.GPIA,TGO,2019,1.065919995307922,,
QUTP.1.GPIA,TGO,2020,1.062690019607544,,
QUTP.1.GPIA,TGO,2021,1.089730024337769,,
QUTP.1.GPIA,TGO,2022,1.098489999771118,,
QUTP.1.GPIA,TGO,2023,1.112319946289063,,
QUTP.1.GPIA,TGO,2024,1.12431001663208,,
QUTP.1.M,TGO,2015,32.15074496056091,,
QUTP.1.M,TGO,2019,39.97626464916185,,
QUTP.1.M,TGO,2020,42.74214640667228,,
QUTP.1.M,TGO,2021,45.12392865415798,,
QUTP.1.M,TGO,2022,46.80870244606047,,
QUTP.1.M,TGO,2023,49.51459484195731,,
QUTP.1.M,TGO,2024,51.71326466260248,,
QUTP.2,TGO,2021,58.42892539230981,,
QUTP.2.F,TGO,2021,67.66390833863781,,
QUTP.2.GPIA,TGO,2021,1.147089958190918,,
QUTP.2.M,TGO,2021,57.71151659002126,,
QUTP.2T3,TGO,2021,68.84932089574914,,
QUTP.2T3.F,TGO,2021,69.90582191780823,,
QUTP.2T3.GPIA,TGO,2021,1.016270041465759,,
QUTP.2T3.M,TGO,2021,68.76860179885527,,
QUTP.3,TGO,2021,89.27768282810111,,
QUTP.3.F,TGO,2021,74.50980392156863,,
QUTP.3.GPIA,TGO,2021,.8245099782943726,,
QUTP.3.M,TGO,2021,90.36901081916537,,
READ.G2,TGO,2014,20.1,,
READ.G2,TGO,2019,24.5,,
READ.G2.F,TGO,2014,17.44,,
READ.G2.F,TGO,2019,25.2,,
READ.G2.GPIA,TGO,2014,.8741854429244995,,
READ.G2.GPIA,TGO,2019,1.104724436622257,,
READ.G2.HIGHSES,TGO,2014,37.94,,
READ.G2.LOWSES,TGO,2014,3.77,,
READ.G2.M,TGO,2014,19.95,,
READ.G2.M,TGO,2019,22.6,,
READ.G2.WPIA,TGO,2014,.0993674248456955,,
READ.PRIMARY,TGO,2014,15.8,,
READ.PRIMARY,TGO,2019,19.4,,
READ.PRIMARY.F,TGO,2014,16.05,,
READ.PRIMARY.F,TGO,2019,20.19999694824219,,
READ.PRIMARY.GPIA,TGO,2014,1.139563918113708,,
READ.PRIMARY.GPIA,TGO,2019,1.084158277478855,,
READ.PRIMARY.HIGHSES,TGO,2014,35.7,,
READ.PRIMARY.LOWSES,TGO,2014,2.19,,
READ.PRIMARY.M,TGO,2014,13.81,,
READ.PRIMARY.M,TGO,2019,18.5,,
READ.PRIMARY.WPIA,TGO,2014,.061344537883997,,
ROFST.1.CP,TGO,1971,52.85638046264648,,
ROFST.1.CP,TGO,1972,51.71329879760742,,
ROFST.1.CP,TGO,1978,35.23011016845703,,
ROFST.1.CP,TGO,1979,34.07561111450195,,
ROFST.1.CP,TGO,1980,33.89464950561523,,
ROFST.1.CP,TGO,1982,36.50436019897461,,
ROFST.1.CP,TGO,1983,38.46485900878906,,
ROFST.1.CP,TGO,1984,44.58435821533203,,
ROFST.1.CP,TGO,1985,46.03744125366211,,
ROFST.1.CP,TGO,1986,49.98392105102539,,
ROFST.1.CP,TGO,1987,41.02669143676758,,
ROFST.1.CP,TGO,1988,40.23516845703125,,
ROFST.1.CP,TGO,1989,39.62662124633789,,
ROFST.1.CP,TGO,1990,38.28506088256836,,
ROFST.1.CP,TGO,1991,35.88047027587891,,
ROFST.1.CP,TGO,1994,34.89284896850586,,
ROFST.1.CP,TGO,1995,27.43115997314453,,
ROFST.1.CP,TGO,1996,21.04174041748047,,
ROFST.1.CP,TGO,1997,24.28458023071289,,
ROFST.1.CP,TGO,1999,12.47910022735596,,
ROFST.1.CP,TGO,2000,16.53922080993652,,
ROFST.1.CP,TGO,2001,14.53571033477783,,
ROFST.1.CP,TGO,2002,10.60595989227295,,
ROFST.1.CP,TGO,2003,13.79599952697754,,
ROFST.1.CP,TGO,2004,11.16232013702393,,
ROFST.1.CP,TGO,2005,11.71376991271973,,
ROFST.1.CP,TGO,2006,8.666060447692871,,
ROFST.1.CP,TGO,2007,12.8158597946167,,
ROFST.1.CP,TGO,2008,11.39595031738281,,
ROFST.1.CP,TGO,2014,9.062507031673253,,
ROFST.1.CP,TGO,2015,7.74081270988802,,
ROFST.1.CP,TGO,2016,10.7183198928833,,UIS_EST
ROFST.1.CP,TGO,2017,9.226772666416499,,
ROFST.1.CP,TGO,2018,9.668981992194334,,
ROFST.1.CP,TGO,2019,8.061205379438274,,
ROFST.1.CP,TGO,2020,4.347248664083006,,
ROFST.1.CP,TGO,2021,3.533344869652755,,
ROFST.1.CP,TGO,2022,.8811693916096113,,
ROFST.1.CP,TGO,2023,.7649240898218859,,
ROFST.1.CP,TGO,2024,.6385961082570353,,
ROFST.1.F.CP,TGO,1971,70.47628784179688,,
ROFST.1.F.CP,TGO,1972,68.22222900390625,,
ROFST.1.F.CP,TGO,1978,50.4257698059082,,
ROFST.1.F.CP,TGO,1979,48.42364883422852,,
ROFST.1.F.CP,TGO,1980,47.60836029052734,,
ROFST.1.F.CP,TGO,1982,49.34210968017578,,
ROFST.1.F.CP,TGO,1983,49.36574172973633,,
ROFST.1.F.CP,TGO,1984,55.51290130615234,,
ROFST.1.F.CP,TGO,1985,56.61257171630859,,
ROFST.1.F.CP,TGO,1986,59.67940902709961,,
ROFST.1.F.CP,TGO,1987,53.01025009155273,,
ROFST.1.F.CP,TGO,1988,51.82341003417969,,
ROFST.1.F.CP,TGO,1989,51.18527984619141,,
ROFST.1.F.CP,TGO,1990,49.22858047485352,,
ROFST.1.F.CP,TGO,1991,46.50086975097656,,
ROFST.1.F.CP,TGO,1994,45.36296081542969,,
ROFST.1.F.CP,TGO,1995,38.18666076660156,,
ROFST.1.F.CP,TGO,1996,32.7492790222168,,
ROFST.1.F.CP,TGO,1997,35.16410064697266,,
ROFST.1.F.CP,TGO,1999,23.02214050292969,,
ROFST.1.F.CP,TGO,2001,23.01412963867188,,
ROFST.1.F.CP,TGO,2002,18.82397079467773,,
ROFST.1.F.CP,TGO,2003,21.34310913085938,,
ROFST.1.F.CP,TGO,2004,18.22209930419922,,
ROFST.1.F.CP,TGO,2005,18.09560012817383,,
ROFST.1.F.CP,TGO,2006,14.64385032653809,,
ROFST.1.F.CP,TGO,2007,18.03083038330078,,
ROFST.1.F.CP,TGO,2008,16.13692092895508,,
ROFST.1.F.CP,TGO,2014,11.6570738045012,,
ROFST.1.F.CP,TGO,2015,10.19241895700602,,
ROFST.1.F.CP,TGO,2016,13.07935047149658,,UIS_EST
ROFST.1.F.CP,TGO,2017,11.44186252435044,,
ROFST.1.F.CP,TGO,2018,11.47884360824204,,
ROFST.1.F.CP,TGO,2019,8.316755034251816,,
ROFST.1.F.CP,TGO,2020,4.908410229059144,,
ROFST.1.F.CP,TGO,2021,4.49714351999536,,
ROFST.1.GPIA.CP,TGO,1971,1.502699971199036,,
ROFST.1.GPIA.CP,TGO,1972,1.486430048942566,,
ROFST.1.GPIA.CP,TGO,1978,1.604460000991821,,
ROFST.1.GPIA.CP,TGO,1979,1.594020009040833,,
ROFST.1.GPIA.CP,TGO,1980,1.577059984207153,,
ROFST.1.GPIA.CP,TGO,1982,1.520300030708313,,
ROFST.1.GPIA.CP,TGO,1983,1.441210031509399,,
ROFST.1.GPIA.CP,TGO,1984,1.393069982528687,,
ROFST.1.GPIA.CP,TGO,1985,1.372779965400696,,
ROFST.1.GPIA.CP,TGO,1986,1.32411003112793,,
ROFST.1.GPIA.CP,TGO,1987,1.450929999351501,,
ROFST.1.GPIA.CP,TGO,1988,1.445989966392517,,
ROFST.1.GPIA.CP,TGO,1989,1.450330018997192,,
ROFST.1.GPIA.CP,TGO,1990,1.443199992179871,,
ROFST.1.GPIA.CP,TGO,1991,1.455170035362244,,
ROFST.1.GPIA.CP,TGO,1994,1.459329962730408,,
ROFST.1.GPIA.CP,TGO,1995,1.560289978981018,,
ROFST.1.GPIA.CP,TGO,1996,1.710919976234436,,
ROFST.1.GPIA.CP,TGO,1997,1.615170001983643,,
ROFST.1.GPIA.CP,TGO,1999,1.910339951515198,,
ROFST.1.GPIA.CP,TGO,2001,1.732349991798401,,
ROFST.1.GPIA.CP,TGO,2002,1.867859959602356,,
ROFST.1.GPIA.CP,TGO,2003,1.702900052070618,,
ROFST.1.GPIA.CP,TGO,2004,1.770079970359802,,
ROFST.1.GPIA.CP,TGO,2005,1.700970053672791,,
ROFST.1.GPIA.CP,TGO,2006,1.81129002571106,,
ROFST.1.GPIA.CP,TGO,2007,1.574699997901917,,
ROFST.1.GPIA.CP,TGO,2008,1.583619952201843,,
ROFST.1.GPIA.CP,TGO,2014,1.441257534969394,,
ROFST.1.GPIA.CP,TGO,2015,1.476793529219924,,
ROFST.1.GPIA.CP,TGO,2016,1.357800006866455,,UIS_EST
ROFST.1.GPIA.CP,TGO,2017,1.383698470383657,,
ROFST.1.GPIA.CP,TGO,2018,1.312477838008712,,
ROFST.1.GPIA.CP,TGO,2019,1.060888534138408,,
ROFST.1.GPIA.CP,TGO,2020,1.226514069548512,,
ROFST.1.GPIA.CP,TGO,2021,1.424547403162124,,
ROFST.1.M.CP,TGO,1971,35.04776000976563,,
ROFST.1.M.CP,TGO,1972,35.03707122802734,,
ROFST.1.M.CP,TGO,1978,19.94531059265137,,
ROFST.1.M.CP,TGO,1979,19.65895080566406,,
ROFST.1.M.CP,TGO,1980,20.13526916503906,,
ROFST.1.M.CP,TGO,1982,23.6695499420166,,
ROFST.1.M.CP,TGO,1983,27.5849609375,,
ROFST.1.M.CP,TGO,1984,33.69264984130859,,
ROFST.1.M.CP,TGO,1985,35.50873947143555,,
ROFST.1.M.CP,TGO,1986,40.33671951293945,,
ROFST.1.M.CP,TGO,1987,29.1065502166748,,
ROFST.1.M.CP,TGO,1988,28.71091079711914,,
ROFST.1.M.CP,TGO,1989,28.1348705291748,,
ROFST.1.M.CP,TGO,1990,27.41027069091797,,
ROFST.1.M.CP,TGO,1991,25.33502960205078,,
ROFST.1.M.CP,TGO,1994,24.52633094787598,,
ROFST.1.M.CP,TGO,1995,16.7911491394043,,
ROFST.1.M.CP,TGO,1996,9.467129707336426,,
ROFST.1.M.CP,TGO,1997,13.53234958648682,,
ROFST.1.M.CP,TGO,1999,2.064199924468994,,
ROFST.1.M.CP,TGO,2001,6.159810066223145,,
ROFST.1.M.CP,TGO,2002,2.487489938735962,,
ROFST.1.M.CP,TGO,2003,6.341070175170898,,
ROFST.1.M.CP,TGO,2004,4.189700126647949,,
ROFST.1.M.CP,TGO,2005,5.411180019378662,,
ROFST.1.M.CP,TGO,2006,2.763400077819824,,
ROFST.1.M.CP,TGO,2007,7.668449878692627,,
ROFST.1.M.CP,TGO,2008,6.719039916992188,,
ROFST.1.M.CP,TGO,2014,6.513302152570698,,
ROFST.1.M.CP,TGO,2015,5.332739551207061,,
ROFST.1.M.CP,TGO,2016,8.399539947509766,,UIS_EST
ROFST.1.M.CP,TGO,2017,7.051637375417087,,
ROFST.1.M.CP,TGO,2018,7.891959374698447,,
ROFST.1.M.CP,TGO,2019,7.810360011428,,
ROFST.1.M.CP,TGO,2020,3.796586253061413,,
ROFST.1.M.CP,TGO,2021,2.587892916933957,,
ROFST.1T2.CP,TGO,1991,39.72869110107422,,
ROFST.1T2.CP,TGO,1999,20.76874923706055,,
ROFST.1T2.CP,TGO,2000,25.35234069824219,,UIS_EST
ROFST.1T2.CP,TGO,2001,23.51692008972168,,UIS_EST
ROFST.1T2.CP,TGO,2003,22.13286972045898,,UIS_EST
ROFST.1T2.CP,TGO,2004,20.67922019958496,,UIS_EST
ROFST.1T2.CP,TGO,2005,20.85209083557129,,UIS_EST
ROFST.1T2.CP,TGO,2007,23.5317497253418,,UIS_EST
ROFST.1T2.CP,TGO,2014,20.51516216415699,,
ROFST.1T2.CP,TGO,2015,10.73170236600129,,
ROFST.1T2.CP,TGO,2017,9.45669558230915,,
ROFST.1T2.CP,TGO,2018,9.992201028019686,,
ROFST.1T2.CP,TGO,2019,9.37841225997664,,
ROFST.1T2.CP,TGO,2020,9.246611429529015,,
ROFST.1T2.CP,TGO,2021,9.844158446090045,,
ROFST.1T2.CP,TGO,2022,10.38129219430871,,
ROFST.1T2.CP,TGO,2023,10.86632626466248,,
ROFST.1T2.CP,TGO,2024,10.72922143861609,,
ROFST.1T2.F.CP,TGO,1991,52.39535140991211,,
ROFST.1T2.F.CP,TGO,1999,33.44433975219727,,
ROFST.1T2.F.CP,TGO,2001,33.94221878051758,,UIS_EST
ROFST.1T2.F.CP,TGO,2003,31.73101043701172,,UIS_EST
ROFST.1T2.F.CP,TGO,2004,29.66641044616699,,UIS_EST
ROFST.1T2.F.CP,TGO,2005,29.31319999694824,,UIS_EST
ROFST.1T2.F.CP,TGO,2007,30.66293907165527,,UIS_EST
ROFST.1T2.F.CP,TGO,2014,23.64940187678317,,
ROFST.1T2.F.CP,TGO,2015,14.07981161939182,,
ROFST.1T2.F.CP,TGO,2017,12.64093246597343,,
ROFST.1T2.F.CP,TGO,2018,12.48046139684505,,
ROFST.1T2.F.CP,TGO,2019,11.23159276879528,,
ROFST.1T2.F.CP,TGO,2020,10.93216834560302,,
ROFST.1T2.F.CP,TGO,2021,11.28090072847652,,
ROFST.1T2.F.CP,TGO,2023,11.94464015960693,,
ROFST.1T2.GPIA.CP,TGO,1991,1.481920003890991,,
ROFST.1T2.GPIA.CP,TGO,1999,1.753329992294312,,
ROFST.1T2.GPIA.CP,TGO,2001,1.610329985618591,,UIS_EST
ROFST.1T2.GPIA.CP,TGO,2003,1.600939989089966,,UIS_EST
ROFST.1T2.GPIA.CP,TGO,2004,1.60181999206543,,UIS_EST
ROFST.1T2.GPIA.CP,TGO,2005,1.573400020599365,,UIS_EST
ROFST.1T2.GPIA.CP,TGO,2007,1.4619300365448,,UIS_EST
ROFST.1T2.GPIA.CP,TGO,2014,1.262736828253233,,
ROFST.1T2.GPIA.CP,TGO,2015,1.471307707372266,,
ROFST.1T2.GPIA.CP,TGO,2017,1.499074008079758,,
ROFST.1T2.GPIA.CP,TGO,2018,1.394953052613029,,
ROFST.1T2.GPIA.CP,TGO,2019,1.3268059390328,,
ROFST.1T2.GPIA.CP,TGO,2020,1.305343236641444,,
ROFST.1T2.GPIA.CP,TGO,2021,1.252190210687881,,
ROFST.1T2.GPIA.CP,TGO,2023,1.184669971466064,,
ROFST.1T2.M.CP,TGO,1991,27.14505958557129,,
ROFST.1T2.M.CP,TGO,1999,8.24962043762207,,
ROFST.1T2.M.CP,TGO,2001,13.22630023956299,,UIS_EST
ROFST.1T2.M.CP,TGO,2003,12.66259002685547,,UIS_EST
ROFST.1T2.M.CP,TGO,2004,11.81272029876709,,UIS_EST
ROFST.1T2.M.CP,TGO,2005,12.50491046905518,,UIS_EST
ROFST.1T2.M.CP,TGO,2007,16.49884986877441,,UIS_EST
ROFST.1T2.M.CP,TGO,2014,17.43583303759111,,
ROFST.1T2.M.CP,TGO,2015,7.443887884822862,,
ROFST.1T2.M.CP,TGO,2017,6.332171634314526,,
ROFST.1T2.M.CP,TGO,2018,7.551265070142025,,
ROFST.1T2.M.CP,TGO,2019,7.561041547155131,,
ROFST.1T2.M.CP,TGO,2020,7.594104679447461,,
ROFST.1T2.M.CP,TGO,2021,8.435967997012959,,
ROFST.1T2.M.CP,TGO,2023,9.738840103149414,,
ROFST.1T3.CP,TGO,1999,31.89620018005371,,
ROFST.1T3.CP,TGO,2000,35.006591796875,,UIS_EST
ROFST.1T3.CP,TGO,2014,29.47546870794688,,
ROFST.1T3.CP,TGO,2015,20.62366686474066,,
ROFST.1T3.CP,TGO,2017,18.25525477829279,,
ROFST.1T3.CP,TGO,2018,23.87738848500462,,
ROFST.1T3.CP,TGO,2019,18.57216733807732,,
ROFST.1T3.CP,TGO,2020,18.95241883841422,,
ROFST.1T3.CP,TGO,2021,18.50641766825631,,
ROFST.1T3.CP,TGO,2022,19.93386364509469,,
ROFST.1T3.CP,TGO,2023,19.61488734224171,,
ROFST.1T3.CP,TGO,2024,19.73655584002887,,
ROFST.1T3.F.CP,TGO,1999,44.12590026855469,,
ROFST.1T3.F.CP,TGO,2014,33.70049415548106,,
ROFST.1T3.F.CP,TGO,2015,24.93875241242267,,
ROFST.1T3.F.CP,TGO,2017,22.54701545216032,,
ROFST.1T3.F.CP,TGO,2018,26.25880878638024,,
ROFST.1T3.F.CP,TGO,2019,21.38344709713012,,
ROFST.1T3.F.CP,TGO,2020,21.6232579917679,,
ROFST.1T3.F.CP,TGO,2021,20.84436389932318,,
ROFST.1T3.F.CP,TGO,2023,21.36392021179199,,
ROFST.1T3.GPIA.CP,TGO,1999,1.551030039787292,,
ROFST.1T3.GPIA.CP,TGO,2014,1.248526642904845,,
ROFST.1T3.GPIA.CP,TGO,2015,1.342925887431171,,
ROFST.1T3.GPIA.CP,TGO,2017,1.377101140725608,,
ROFST.1T3.GPIA.CP,TGO,2018,1.394543624059789,,
ROFST.1T3.GPIA.CP,TGO,2019,1.260351428523576,,
ROFST.1T3.GPIA.CP,TGO,2020,1.24455399482977,,
ROFST.1T3.GPIA.CP,TGO,2021,1.222035680597047,,
ROFST.1T3.GPIA.CP,TGO,2023,1.164690017700195,,
ROFST.1T3.M.CP,TGO,1999,19.81139945983887,,
ROFST.1T3.M.CP,TGO,2014,25.32502347878499,,
ROFST.1T3.M.CP,TGO,2015,16.38660860996636,,
ROFST.1T3.M.CP,TGO,2017,14.04451020519275,,
ROFST.1T3.M.CP,TGO,2018,15.89856320430875,,
ROFST.1T3.M.CP,TGO,2019,15.81623609863399,,
ROFST.1T3.M.CP,TGO,2020,16.33520386864631,,
ROFST.1T3.M.CP,TGO,2021,16.21617137432444,,
ROFST.1T3.M.CP,TGO,2023,17.84547996520996,,
ROFST.2.CP,TGO,1991,46.39059829711914,,
ROFST.2.CP,TGO,1999,34.9146614074707,,
ROFST.2.CP,TGO,2000,40.35591888427734,,UIS_EST
ROFST.2.CP,TGO,2001,38.76651000976563,,UIS_EST
ROFST.2.CP,TGO,2003,36.1940803527832,,UIS_EST
ROFST.2.CP,TGO,2004,36.68301010131836,,UIS_EST
ROFST.2.CP,TGO,2005,36.19311141967773,,UIS_EST
ROFST.2.CP,TGO,2007,41.57336044311523,,UIS_EST
ROFST.2.CP,TGO,2014,40.56513438986698,,
ROFST.2.CP,TGO,2015,15.98562170233507,,
ROFST.2.CP,TGO,2017,22.18481063842773,,
ROFST.2.CP,TGO,2018,10.5705744134568,,
ROFST.2.CP,TGO,2019,11.71930306520292,,
ROFST.2.CP,TGO,2020,17.81250797376949,,
ROFST.2.CP,TGO,2021,20.64889212340555,,
ROFST.2.CP,TGO,2022,26.2924583569526,,
ROFST.2.CP,TGO,2023,27.44782643613543,,
ROFST.2.CP,TGO,2024,27.10515216167926,,
ROFST.2.F.CP,TGO,1991,62.59262084960938,,
ROFST.2.F.CP,TGO,1999,51.23403930664063,,
ROFST.2.F.CP,TGO,2001,52.51860809326172,,UIS_EST
ROFST.2.F.CP,TGO,2003,49.27812957763672,,UIS_EST
ROFST.2.F.CP,TGO,2004,48.93999862670898,,UIS_EST
ROFST.2.F.CP,TGO,2005,48.17173004150391,,UIS_EST
ROFST.2.F.CP,TGO,2007,51.95486831665039,,UIS_EST
ROFST.2.F.CP,TGO,2014,44.64524295056606,,
ROFST.2.F.CP,TGO,2015,20.91099893572112,,
ROFST.2.F.CP,TGO,2017,27.84635925292969,,
ROFST.2.F.CP,TGO,2018,14.27502338634238,,
ROFST.2.F.CP,TGO,2019,16.41851214074994,,
ROFST.2.F.CP,TGO,2020,21.47731844958681,,
ROFST.2.F.CP,TGO,2021,22.90894630230275,,
ROFST.2.F.CP,TGO,2022,28.41767326329115,,
ROFST.2.F.CP,TGO,2023,29.22125519596199,,
ROFST.2.F.CP,TGO,2024,28.21902562281283,,
ROFST.2.GPIA.CP,TGO,1991,1.51622998714447,,
ROFST.2.GPIA.CP,TGO,1999,1.633020043373108,,
ROFST.2.GPIA.CP,TGO,2001,1.519950032234192,,UIS_EST
ROFST.2.GPIA.CP,TGO,2003,1.526999950408936,,UIS_EST
ROFST.2.GPIA.CP,TGO,2004,1.497079968452454,,UIS_EST
ROFST.2.GPIA.CP,TGO,2005,1.493549942970276,,UIS_EST
ROFST.2.GPIA.CP,TGO,2007,1.396600008010864,,UIS_EST
ROFST.2.GPIA.CP,TGO,2014,1.181172201588293,,
ROFST.2.GPIA.CP,TGO,2015,1.466734224085733,,
ROFST.2.GPIA.CP,TGO,2017,1.402559995651245,,
ROFST.2.GPIA.CP,TGO,2018,1.513670077448675,,
ROFST.2.GPIA.CP,TGO,2019,1.566432712861949,,
ROFST.2.GPIA.CP,TGO,2020,1.337659191538058,,
ROFST.2.GPIA.CP,TGO,2021,1.195205875684167,,
ROFST.2.GPIA.CP,TGO,2022,1.14797757259825,,
ROFST.2.GPIA.CP,TGO,2023,1.120084030513801,,
ROFST.2.GPIA.CP,TGO,2024,1.078098616607007,,
ROFST.2.M.CP,TGO,1991,30.28068923950195,,
ROFST.2.M.CP,TGO,1999,18.80203056335449,,
ROFST.2.M.CP,TGO,2001,25.21136093139648,,UIS_EST
ROFST.2.M.CP,TGO,2003,23.3087100982666,,UIS_EST
ROFST.2.M.CP,TGO,2004,24.61297988891602,,UIS_EST
ROFST.2.M.CP,TGO,2005,24.39677047729492,,UIS_EST
ROFST.2.M.CP,TGO,2007,31.34938049316406,,UIS_EST
ROFST.2.M.CP,TGO,2014,36.55676599476778,,
ROFST.2.M.CP,TGO,2015,11.15112007259973,,
ROFST.2.M.CP,TGO,2017,16.63665962219238,,
ROFST.2.M.CP,TGO,2018,6.942371017898237,,
ROFST.2.M.CP,TGO,2019,7.118529767708108,,
ROFST.2.M.CP,TGO,2020,14.22530446549391,,
ROFST.2.M.CP,TGO,2021,18.43698537836017,,
ROFST.2.M.CP,TGO,2022,24.21249495489914,,
ROFST.2.M.CP,TGO,2023,25.71224909535852,,
ROFST.2.M.CP,TGO,2024,26.01515875967345,,
ROFST.2T3.CP,TGO,1999,51.53985977172852,,
ROFST.2T3.CP,TGO,2000,53.63798904418945,,UIS_EST
ROFST.2T3.CP,TGO,2014,50.77717680399756,,
ROFST.2T3.CP,TGO,2015,34.14941761911216,,
ROFST.2T3.CP,TGO,2017,27.87610841098402,,
ROFST.2T3.CP,TGO,2018,39.03700949873129,,
ROFST.2T3.CP,TGO,2019,29.71884290069261,,
ROFST.2T3.CP,TGO,2020,34.23912918951905,,
ROFST.2T3.CP,TGO,2021,33.93576704120848,,
ROFST.2T3.CP,TGO,2022,39.2034053426182,,
ROFST.2T3.CP,TGO,2023,38.3033392302911,,
ROFST.2T3.CP,TGO,2024,38.34997282183284,,
ROFST.2T3.F.CP,TGO,1999,65.46923828125,,
ROFST.2T3.F.CP,TGO,2014,56.70771827309859,,
ROFST.2T3.F.CP,TGO,2015,40.42628420960988,,
ROFST.2T3.F.CP,TGO,2017,34.3913532547562,,
ROFST.2T3.F.CP,TGO,2018,42.04689173694303,,
ROFST.2T3.F.CP,TGO,2019,35.25924533352027,,
ROFST.2T3.F.CP,TGO,2020,39.14333985032539,,
ROFST.2T3.F.CP,TGO,2021,37.7138419503553,,
ROFST.2T3.F.CP,TGO,2022,42.54850132885313,,
ROFST.2T3.F.CP,TGO,2023,41.15245486003563,,
ROFST.2T3.F.CP,TGO,2024,40.46680655823258,,
ROFST.2T3.GPIA.CP,TGO,1999,1.423069953918457,,
ROFST.2T3.GPIA.CP,TGO,2014,1.2072972435785,,
ROFST.2T3.GPIA.CP,TGO,2015,1.307673290350647,,
ROFST.2T3.GPIA.CP,TGO,2017,1.375143018089477,,
ROFST.2T3.GPIA.CP,TGO,2018,1.418951179018145,,
ROFST.2T3.GPIA.CP,TGO,2019,1.310960074942834,,
ROFST.2T3.GPIA.CP,TGO,2020,1.247882381594026,,
ROFST.2T3.GPIA.CP,TGO,2021,1.198170061101841,,
ROFST.2T3.GPIA.CP,TGO,2022,1.1555102298289,,
ROFST.2T3.GPIA.CP,TGO,2023,1.136937599974191,,
ROFST.2T3.GPIA.CP,TGO,2024,1.103459102285846,,
ROFST.2T3.M.CP,TGO,1999,37.7712287902832,,
ROFST.2T3.M.CP,TGO,2014,44.95236458545912,,
ROFST.2T3.M.CP,TGO,2015,27.98819633018882,,
ROFST.2T3.M.CP,TGO,2017,21.4896771985856,,
ROFST.2T3.M.CP,TGO,2018,24.43129686970243,,
ROFST.2T3.M.CP,TGO,2019,24.29502776218105,,
ROFST.2T3.M.CP,TGO,2020,29.44039554468237,,
ROFST.2T3.M.CP,TGO,2021,30.24008758666821,,
ROFST.2T3.M.CP,TGO,2022,35.93177410832794,,
ROFST.2T3.M.CP,TGO,2023,35.51713645845611,,
ROFST.2T3.M.CP,TGO,2024,36.28014707934285,,
ROFST.3.CP,TGO,1999,75.74749755859375,,
ROFST.3.CP,TGO,2000,72.95944976806641,,UIS_EST
ROFST.3.CP,TGO,2014,65.84715275557454,,
ROFST.3.CP,TGO,2015,61.13287787206395,,
ROFST.3.CP,TGO,2017,57.35968017578125,,
ROFST.3.CP,TGO,2018,81.07644613145261,,
ROFST.3.CP,TGO,2019,56.35294439536902,,
ROFST.3.CP,TGO,2020,58.74109638831641,,
ROFST.3.CP,TGO,2021,54.02271079971007,,
ROFST.3.CP,TGO,2022,58.88501616180607,,
ROFST.3.CP,TGO,2023,54.85917057883805,,
ROFST.3.CP,TGO,2024,55.25611093542896,,
ROFST.3.F.CP,TGO,1999,86.16761779785156,,
ROFST.3.F.CP,TGO,2014,74.51393652742175,,
ROFST.3.F.CP,TGO,2015,69.41648744253419,,
ROFST.3.F.CP,TGO,2017,66.36778259277344,,
ROFST.3.F.CP,TGO,2018,83.05309213225705,,
ROFST.3.F.CP,TGO,2019,63.14148785277141,,
ROFST.3.F.CP,TGO,2020,65.50523050396041,,
ROFST.3.F.CP,TGO,2021,60.11039087996872,,
ROFST.3.F.CP,TGO,2022,64.10852968397333,,
ROFST.3.F.CP,TGO,2023,59.36635752959465,,
ROFST.3.F.CP,TGO,2024,58.89916627232834,,
ROFST.3.GPIA.CP,TGO,1999,1.240659952163696,,
ROFST.3.GPIA.CP,TGO,2014,1.230506195531962,,
ROFST.3.GPIA.CP,TGO,2015,1.236470144829639,,
ROFST.3.GPIA.CP,TGO,2017,1.268829941749573,,
ROFST.3.GPIA.CP,TGO,2018,1.394800460207164,,
ROFST.3.GPIA.CP,TGO,2019,1.212748750288108,,
ROFST.3.GPIA.CP,TGO,2020,1.20425008625327,,
ROFST.3.GPIA.CP,TGO,2021,1.200264020025823,,
ROFST.3.GPIA.CP,TGO,2022,1.161085959890349,,
ROFST.3.GPIA.CP,TGO,2023,1.150081310684384,,
ROFST.3.GPIA.CP,TGO,2024,1.12225992918042,,
ROFST.3.M.CP,TGO,1999,65.43048095703125,,
ROFST.3.M.CP,TGO,2014,57.33801250437565,,
ROFST.3.M.CP,TGO,2015,53.00156060343333,,
ROFST.3.M.CP,TGO,2017,48.52626037597656,,
ROFST.3.M.CP,TGO,2018,50.26369313681395,,
ROFST.3.M.CP,TGO,2019,49.70821522076255,,
ROFST.3.M.CP,TGO,2020,52.12578152348617,,
ROFST.3.M.CP,TGO,2021,48.07244235702263,,
ROFST.3.M.CP,TGO,2022,53.78154564267155,,
ROFST.3.M.CP,TGO,2023,50.45657678099533,,
ROFST.3.M.CP,TGO,2024,51.69815837508769,,
ROFST.AGM1.CP,TGO,1999,71.80156707763672,,
ROFST.AGM1.CP,TGO,2000,70.26112365722656,,
ROFST.AGM1.CP,TGO,2001,65.47382354736328,,
ROFST.AGM1.CP,TGO,2002,63.78654098510742,,
ROFST.AGM1.CP,TGO,2003,54.78622817993164,,
ROFST.AGM1.CP,TGO,2007,68.39597320556641,,
ROFST.AGM1.CP,TGO,2008,64.3472900390625,,
ROFST.AGM1.CP,TGO,2014,82.72171114413618,,
ROFST.AGM1.CP,TGO,2018,8.239950180053711,,
ROFST.AGM1.CP,TGO,2019,9.387869834899902,,
ROFST.AGM1.CP,TGO,2020,1.071930050849915,,
ROFST.AGM1.CP,TGO,2021,.5968800187110901,,
ROFST.AGM1.CP,TGO,2022,.9562199711799622,,
ROFST.AGM1.CP,TGO,2023,.2319400012493134,,
ROFST.AGM1.CP,TGO,2024,33.52396429460065,,
ROFST.AGM1.F.CP,TGO,1999,73.0909423828125,,
ROFST.AGM1.F.CP,TGO,2001,66.93766784667969,,
ROFST.AGM1.F.CP,TGO,2002,65.23175048828125,,
ROFST.AGM1.F.CP,TGO,2003,56.41175079345703,,
ROFST.AGM1.F.CP,TGO,2007,68.94872283935547,,
ROFST.AGM1.F.CP,TGO,2008,64.68772125244141,,
ROFST.AGM1.F.CP,TGO,2014,82.46480295159603,,
ROFST.AGM1.F.CP,TGO,2018,7.738239765167236,,
ROFST.AGM1.F.CP,TGO,2019,10.56062030792236,,
ROFST.AGM1.F.CP,TGO,2020,0,NIL,
ROFST.AGM1.F.CP,TGO,2021,1.203279972076416,,
ROFST.AGM1.F.CP,TGO,2022,0,NIL,
ROFST.AGM1.F.CP,TGO,2023,0,NIL,
ROFST.AGM1.F.CP,TGO,2024,33.35946933462968,,
ROFST.AGM1.GPIA.CP,TGO,1999,1.035140037536621,,
ROFST.AGM1.GPIA.CP,TGO,2001,1.043570041656494,,
ROFST.AGM1.GPIA.CP,TGO,2002,1.044139981269836,,
ROFST.AGM1.GPIA.CP,TGO,2003,1.057399988174438,,
ROFST.AGM1.GPIA.CP,TGO,2007,1.015949964523315,,
ROFST.AGM1.GPIA.CP,TGO,2008,1.010470032691956,,
ROFST.AGM1.GPIA.CP,TGO,2014,.9938481470033192,,
ROFST.AGM1.GPIA.CP,TGO,2018,.8859500288963318,,
ROFST.AGM1.GPIA.CP,TGO,2019,1.220450043678284,,
ROFST.AGM1.GPIA.CP,TGO,2020,0,NIL,
ROFST.AGM1.GPIA.CP,TGO,2021,2,,
ROFST.AGM1.GPIA.CP,TGO,2022,0,NIL,
ROFST.AGM1.GPIA.CP,TGO,2023,0,NIL,
ROFST.AGM1.GPIA.CP,TGO,2024,.9903141415141148,,
ROFST.AGM1.M.CP,TGO,1999,70.52242279052734,,
ROFST.AGM1.M.CP,TGO,2001,64.02143859863281,,
ROFST.AGM1.M.CP,TGO,2002,62.35258865356445,,
ROFST.AGM1.M.CP,TGO,2003,53.17367935180664,,
ROFST.AGM1.M.CP,TGO,2007,67.84892272949219,,
ROFST.AGM1.M.CP,TGO,2008,64.01062774658203,,
ROFST.AGM1.M.CP,TGO,2014,82.97525451976378,,
ROFST.AGM1.M.CP,TGO,2018,8.734399795532227,,
ROFST.AGM1.M.CP,TGO,2019,8.232500076293945,,
ROFST.AGM1.M.CP,TGO,2020,2.127439975738525,,
ROFST.AGM1.M.CP,TGO,2021,0,NIL,
ROFST.AGM1.M.CP,TGO,2022,1.897240042686462,,
ROFST.AGM1.M.CP,TGO,2023,.4601199924945831,,
ROFST.AGM1.M.CP,TGO,2024,33.68574469069542,,
ROFST.H.1,TGO,2006,20.22331047058105,,
ROFST.H.1,TGO,2010,16.29945945739746,,
ROFST.H.1,TGO,2014,11.38675022125244,,
ROFST.H.1,TGO,2017,8.180270195007324,,
ROFST.H.1,TGO,2018,8.434619903564453,,
ROFST.H.1,TGO,2021,5.826069831848145,,
ROFST.H.1.ABL,TGO,2010,15.98861026763916,,
ROFST.H.1.ABL,TGO,2018,8.220060348510742,,
ROFST.H.1.ABL,TGO,2021,5.573269844055176,,
ROFST.H.1.ABL.F,TGO,2010,17.42856025695801,,
ROFST.H.1.ABL.F,TGO,2018,8.552920341491699,,
ROFST.H.1.ABL.F,TGO,2021,5.626729965209961,,
ROFST.H.1.ABL.GPIA,TGO,2010,1.16199004650116,,
ROFST.H.1.ABL.GPIA,TGO,2018,1.077690005302429,,
ROFST.H.1.ABL.GPIA,TGO,2021,1.019019961357117,,
ROFST.H.1.ABL.M,TGO,2010,14.60534000396729,,
ROFST.H.1.ABL.M,TGO,2018,7.888440132141113,,
ROFST.H.1.ABL.M,TGO,2021,5.519720077514648,,
ROFST.H.1.DIS,TGO,2010,58.08332061767578,,
ROFST.H.1.DIS,TGO,2018,22.53273010253906,,
ROFST.H.1.DIS,TGO,2021,32.7994499206543,,
ROFST.H.1.DIS.F,TGO,2010,55.66920852661133,,
ROFST.H.1.DIS.F,TGO,2018,17.18394088745117,,
ROFST.H.1.DIS.GPIA,TGO,2010,.9236299991607666,,
ROFST.H.1.DIS.GPIA,TGO,2018,.6378300189971924,,
ROFST.H.1.DIS.M,TGO,2010,60.27230072021484,,
ROFST.H.1.DIS.M,TGO,2018,26.94135093688965,,
ROFST.H.1.DPIA,TGO,2010,1.724730014801025,,
ROFST.H.1.DPIA,TGO,2018,1.635190010070801,,
ROFST.H.1.DPIA,TGO,2021,1.830080032348633,,
ROFST.H.1.F,TGO,2006,23.44235038757324,,
ROFST.H.1.F,TGO,2010,17.70153045654297,,
ROFST.H.1.F,TGO,2014,13.09130954742432,,
ROFST.H.1.F,TGO,2017,8.783069610595703,,
ROFST.H.1.F,TGO,2018,8.670220375061035,,
ROFST.H.1.F,TGO,2021,5.875830173492432,,
ROFST.H.1.F.DPIA,TGO,2010,1.686929941177368,,
ROFST.H.1.F.DPIA,TGO,2018,1.502269983291626,,
ROFST.H.1.F.LPIA,TGO,2006,1.532719969749451,,
ROFST.H.1.F.LPIA,TGO,2010,1.451480031013489,,
ROFST.H.1.F.LPIA,TGO,2014,1.794829964637756,,
ROFST.H.1.F.LPIA,TGO,2017,1.680109977722168,,
ROFST.H.1.F.LPIA,TGO,2018,1.772709965705872,,
ROFST.H.1.F.LPIA,TGO,2021,1.687260031700134,,
ROFST.H.1.F.WPIA,TGO,2006,1.696789979934692,,
ROFST.H.1.F.WPIA,TGO,2010,1.741790056228638,,
ROFST.H.1.F.WPIA,TGO,2014,1.855800032615662,,
ROFST.H.1.F.WPIA,TGO,2017,1.803099989891052,,
ROFST.H.1.GPIA,TGO,2006,1.268630027770996,,
ROFST.H.1.GPIA,TGO,2010,1.155259966850281,,
ROFST.H.1.GPIA,TGO,2014,1.256119966506958,,
ROFST.H.1.GPIA,TGO,2017,1.134850025177002,,
ROFST.H.1.GPIA,TGO,2018,1.05417001247406,,
ROFST.H.1.GPIA,TGO,2021,1.016960024833679,,
ROFST.H.1.LPIA,TGO,2006,1.622079968452454,,
ROFST.H.1.LPIA,TGO,2010,1.434110045433044,,
ROFST.H.1.LPIA,TGO,2014,1.748520016670227,,
ROFST.H.1.LPIA,TGO,2017,1.740270018577576,,
ROFST.H.1.LPIA,TGO,2018,1.752730011940002,,
ROFST.H.1.LPIA,TGO,2021,1.726050019264221,,
ROFST.H.1.M,TGO,2006,17.14505958557129,,
ROFST.H.1.M,TGO,2010,14.95314979553223,,
ROFST.H.1.M,TGO,2014,9.738300323486328,,
ROFST.H.1.M,TGO,2017,7.598680019378662,,
ROFST.H.1.M,TGO,2018,8.200559616088867,,
ROFST.H.1.M,TGO,2021,5.776159763336182,,
ROFST.H.1.M.DPIA,TGO,2010,1.757680058479309,,
ROFST.H.1.M.DPIA,TGO,2018,1.707200050354004,,
ROFST.H.1.M.LPIA,TGO,2006,1.744750022888184,,
ROFST.H.1.M.LPIA,TGO,2010,1.420330047607422,,
ROFST.H.1.M.LPIA,TGO,2014,1.685330033302307,,
ROFST.H.1.M.LPIA,TGO,2017,1.813349962234497,,
ROFST.H.1.M.LPIA,TGO,2018,1.730610013008118,,
ROFST.H.1.M.LPIA,TGO,2021,1.771010041236877,,
ROFST.H.1.M.WPIA,TGO,2006,1.806100010871887,,
ROFST.H.1.M.WPIA,TGO,2010,1.970739960670471,,
ROFST.H.1.M.WPIA,TGO,2014,1.871559977531433,,
ROFST.H.1.M.WPIA,TGO,2017,1.873559951782227,,
ROFST.H.1.Q1,TGO,2006,33.13515853881836,,
ROFST.H.1.Q1,TGO,2010,20.56802940368652,,
ROFST.H.1.Q1,TGO,2014,20.30728912353516,,
ROFST.H.1.Q1,TGO,2017,17.39629936218262,,
ROFST.H.1.Q1.F,TGO,2006,38.35660171508789,,
ROFST.H.1.Q1.F,TGO,2010,23.54037094116211,,
ROFST.H.1.Q1.F,TGO,2014,24.26339912414551,,
ROFST.H.1.Q1.F,TGO,2017,19.6459903717041,,
ROFST.H.1.Q1.GPIA,TGO,2006,1.262549996376038,,
ROFST.H.1.Q1.GPIA,TGO,2010,1.237370014190674,,
ROFST.H.1.Q1.GPIA,TGO,2014,1.306980013847351,,
ROFST.H.1.Q1.GPIA,TGO,2017,1.215700030326843,,
ROFST.H.1.Q1.LPIA,TGO,2014,.8181300163269043,,
ROFST.H.1.Q1.M,TGO,2006,28.28597068786621,,
ROFST.H.1.Q1.M,TGO,2010,17.95265007019043,,
ROFST.H.1.Q1.M,TGO,2014,16.81501007080078,,
ROFST.H.1.Q1.M,TGO,2017,15.40837955474854,,
ROFST.H.1.Q2,TGO,2006,27.04276084899902,,
ROFST.H.1.Q2,TGO,2010,13.76325988769531,,
ROFST.H.1.Q2,TGO,2014,14.89817047119141,,
ROFST.H.1.Q2,TGO,2017,10.48666000366211,,
ROFST.H.1.Q2.F,TGO,2006,29.00264930725098,,
ROFST.H.1.Q2.F,TGO,2010,17.14806938171387,,
ROFST.H.1.Q2.F,TGO,2014,18.22983932495117,,
ROFST.H.1.Q2.F,TGO,2017,10.43334007263184,,
ROFST.H.1.Q2.F.LPIA,TGO,2006,1.516870021820068,,
ROFST.H.1.Q2.GPIA,TGO,2006,1.135609984397888,,
ROFST.H.1.Q2.GPIA,TGO,2010,1.37185001373291,,
ROFST.H.1.Q2.GPIA,TGO,2014,1.358399987220764,,
ROFST.H.1.Q2.GPIA,TGO,2017,.9906200170516968,,
ROFST.H.1.Q2.LPIA,TGO,2006,1.744920015335083,,
ROFST.H.1.Q2.LPIA,TGO,2010,1.607169985771179,,
ROFST.H.1.Q2.LPIA,TGO,2014,.5325499773025513,,
ROFST.H.1.Q2.M,TGO,2006,25.06959915161133,,
ROFST.H.1.Q2.M,TGO,2010,10.7714900970459,,
ROFST.H.1.Q2.M,TGO,2014,11.69618034362793,,
ROFST.H.1.Q2.M,TGO,2017,10.53213024139404,,
ROFST.H.1.Q2.M.LPIA,TGO,2006,2,,
ROFST.H.1.Q2.M.LPIA,TGO,2010,1.287729978561401,,
ROFST.H.1.Q3,TGO,2006,15.54514980316162,,
ROFST.H.1.Q3,TGO,2010,7.761760234832764,,
ROFST.H.1.Q3,TGO,2014,9.240670204162598,,
ROFST.H.1.Q3,TGO,2017,4.17943000793457,,
ROFST.H.1.Q3.F,TGO,2006,18.40063095092773,,
ROFST.H.1.Q3.F,TGO,2010,8.726510047912598,,
ROFST.H.1.Q3.F,TGO,2014,9.781669616699219,,
ROFST.H.1.Q3.F,TGO,2017,4.742090225219727,,
ROFST.H.1.Q3.F.LPIA,TGO,2006,1.231760025024414,,
ROFST.H.1.Q3.F.LPIA,TGO,2010,1.007529973983765,,
ROFST.H.1.Q3.F.LPIA,TGO,2014,2,,
ROFST.H.1.Q3.F.LPIA,TGO,2017,1.11778998374939,,
ROFST.H.1.Q3.GPIA,TGO,2006,1.284450054168701,,
ROFST.H.1.Q3.GPIA,TGO,2010,1.227169990539551,,
ROFST.H.1.Q3.GPIA,TGO,2014,1.108909964561462,,
ROFST.H.1.Q3.GPIA,TGO,2017,1.254510045051575,,
ROFST.H.1.Q3.LPIA,TGO,2006,1.246050000190735,,
ROFST.H.1.Q3.LPIA,TGO,2010,1.31728994846344,,
ROFST.H.1.Q3.LPIA,TGO,2014,1.579329967498779,,
ROFST.H.1.Q3.LPIA,TGO,2017,1.422839999198914,,
ROFST.H.1.Q3.M,TGO,2006,13.16656017303467,,
ROFST.H.1.Q3.M,TGO,2010,6.744150161743164,,
ROFST.H.1.Q3.M,TGO,2014,8.716349601745605,,
ROFST.H.1.Q3.M,TGO,2017,3.535170078277588,,
ROFST.H.1.Q3.M.LPIA,TGO,2006,1.259299993515015,,
ROFST.H.1.Q3.M.LPIA,TGO,2010,1.67822003364563,,
ROFST.H.1.Q3.M.LPIA,TGO,2014,1.111479997634888,,
ROFST.H.1.Q3.M.LPIA,TGO,2017,1.834820032119751,,
ROFST.H.1.Q4,TGO,2006,8.73075008392334,,
ROFST.H.1.Q4,TGO,2010,5.692049980163574,,
ROFST.H.1.Q4,TGO,2014,3.271169900894165,,
ROFST.H.1.Q4,TGO,2017,2.361809968948364,,
ROFST.H.1.Q4.F,TGO,2006,12.28291034698486,,
ROFST.H.1.Q4.F,TGO,2010,7.337309837341309,,
ROFST.H.1.Q4.F,TGO,2014,3.193579912185669,,
ROFST.H.1.Q4.F,TGO,2017,2.732079982757568,,
ROFST.H.1.Q4.F.LPIA,TGO,2006,.6940400004386902,,
ROFST.H.1.Q4.F.LPIA,TGO,2010,.3726100027561188,,
ROFST.H.1.Q4.F.LPIA,TGO,2014,1.118489980697632,,
ROFST.H.1.Q4.F.LPIA,TGO,2017,1.089249968528748,,
ROFST.H.1.Q4.GPIA,TGO,2006,1.557960033416748,,
ROFST.H.1.Q4.GPIA,TGO,2010,1.441490054130554,,
ROFST.H.1.Q4.GPIA,TGO,2014,.9533500075340271,,
ROFST.H.1.Q4.GPIA,TGO,2017,1.258810043334961,,
ROFST.H.1.Q4.LPIA,TGO,2006,1.1389399766922,,
ROFST.H.1.Q4.LPIA,TGO,2010,.3803499937057495,,
ROFST.H.1.Q4.LPIA,TGO,2014,.9951199889183044,,
ROFST.H.1.Q4.LPIA,TGO,2017,.8006600141525269,,
ROFST.H.1.Q4.M,TGO,2006,5.429490089416504,,
ROFST.H.1.Q4.M,TGO,2010,4.097939968109131,,
ROFST.H.1.Q4.M,TGO,2014,3.349829912185669,,
ROFST.H.1.Q4.M,TGO,2017,2.025000095367432,,
ROFST.H.1.Q4.M.LPIA,TGO,2006,1.642330050468445,,
ROFST.H.1.Q4.M.LPIA,TGO,2010,.4078199863433838,,
ROFST.H.1.Q4.M.LPIA,TGO,2014,.8740400075912476,,
ROFST.H.1.Q4.M.LPIA,TGO,2017,.5232099890708923,,
ROFST.H.1.Q5,TGO,2006,8.813679695129395,,
ROFST.H.1.Q5,TGO,2010,3.25177001953125,,
ROFST.H.1.Q5,TGO,2014,2.854660034179688,,
ROFST.H.1.Q5,TGO,2017,2.963320016860962,,
ROFST.H.1.Q5.F,TGO,2006,11.63014984130859,,
ROFST.H.1.Q5.F,TGO,2010,6.078479766845703,,
ROFST.H.1.Q5.F,TGO,2014,3.498850107192993,,
ROFST.H.1.Q5.F,TGO,2017,3.868200063705444,,
ROFST.H.1.Q5.F.LPIA,TGO,2010,0,NIL,
ROFST.H.1.Q5.F.LPIA,TGO,2017,0,NIL,
ROFST.H.1.Q5.GPIA,TGO,2006,1.528419971466064,,
ROFST.H.1.Q5.GPIA,TGO,2010,1.913579940795898,,
ROFST.H.1.Q5.GPIA,TGO,2014,1.382730007171631,,
ROFST.H.1.Q5.GPIA,TGO,2017,1.496359944343567,,
ROFST.H.1.Q5.LPIA,TGO,2006,.4317499995231628,,
ROFST.H.1.Q5.LPIA,TGO,2010,0,NIL,
ROFST.H.1.Q5.LPIA,TGO,2017,0,NIL,
ROFST.H.1.Q5.M,TGO,2006,5.484519958496094,,
ROFST.H.1.Q5.M,TGO,2010,.5252799987792969,,
ROFST.H.1.Q5.M,TGO,2014,2.159729957580566,,
ROFST.H.1.Q5.M,TGO,2017,1.948189973831177,,
ROFST.H.1.Q5.M.LPIA,TGO,2017,0,NIL,
ROFST.H.1.RUR,TGO,2006,24.91830062866211,,
ROFST.H.1.RUR,TGO,2010,18.74658966064453,,
ROFST.H.1.RUR,TGO,2014,14.60581970214844,,
ROFST.H.1.RUR,TGO,2017,11.06826019287109,,
ROFST.H.1.RUR,TGO,2018,11.43241024017334,,
ROFST.H.1.RUR,TGO,2021,7.985529899597168,,
ROFST.H.1.RUR.F,TGO,2006,28.1409797668457,,
ROFST.H.1.RUR.F,TGO,2010,20.640380859375,,
ROFST.H.1.RUR.F,TGO,2014,17.30388069152832,,
ROFST.H.1.RUR.F,TGO,2017,11.71759033203125,,
ROFST.H.1.RUR.F,TGO,2018,12.03991031646729,,
ROFST.H.1.RUR.F,TGO,2021,8.058199882507324,,
ROFST.H.1.RUR.F.WPIA,TGO,2010,2,,
ROFST.H.1.RUR.F.WPIA,TGO,2017,2,,
ROFST.H.1.RUR.GPIA,TGO,2006,1.220839977264404,,
ROFST.H.1.RUR.GPIA,TGO,2010,1.176300048828125,,
ROFST.H.1.RUR.GPIA,TGO,2014,1.301810026168823,,
ROFST.H.1.RUR.GPIA,TGO,2017,1.106379985809326,,
ROFST.H.1.RUR.GPIA,TGO,2018,1.09850001335144,,
ROFST.H.1.RUR.GPIA,TGO,2021,1.017459988594055,,
ROFST.H.1.RUR.M,TGO,2006,21.92642021179199,,
ROFST.H.1.RUR.M,TGO,2010,17.00139999389648,,
ROFST.H.1.RUR.M,TGO,2014,12.08137989044189,,
ROFST.H.1.RUR.M,TGO,2017,10.47105026245117,,
ROFST.H.1.RUR.M,TGO,2018,10.85391998291016,,
ROFST.H.1.RUR.M,TGO,2021,7.917520046234131,,
ROFST.H.1.RUR.M.WPIA,TGO,2017,2,,
ROFST.H.1.RUR.Q1,TGO,2006,32.94401931762695,,
ROFST.H.1.RUR.Q1,TGO,2010,20.6319408416748,,
ROFST.H.1.RUR.Q1,TGO,2014,20.24856948852539,,
ROFST.H.1.RUR.Q1,TGO,2017,17.39629936218262,,
ROFST.H.1.RUR.Q1.F,TGO,2006,38.29185104370117,,
ROFST.H.1.RUR.Q1.F,TGO,2010,23.83152008056641,,
ROFST.H.1.RUR.Q1.F,TGO,2014,24.24637985229492,,
ROFST.H.1.RUR.Q1.F,TGO,2017,19.6459903717041,,
ROFST.H.1.RUR.Q1.GPIA,TGO,2006,1.269099950790405,,
ROFST.H.1.RUR.Q1.GPIA,TGO,2010,1.252509951591492,,
ROFST.H.1.RUR.Q1.GPIA,TGO,2014,1.311269998550415,,
ROFST.H.1.RUR.Q1.GPIA,TGO,2017,1.215700030326843,,
ROFST.H.1.RUR.Q1.M,TGO,2006,27.98761940002441,,
ROFST.H.1.RUR.Q1.M,TGO,2010,17.81376075744629,,
ROFST.H.1.RUR.Q1.M,TGO,2014,16.69919013977051,,
ROFST.H.1.RUR.Q1.M,TGO,2017,15.40837955474854,,
ROFST.H.1.RUR.Q2,TGO,2006,28.24192047119141,,
ROFST.H.1.RUR.Q2,TGO,2010,14.07623958587646,,
ROFST.H.1.RUR.Q2,TGO,2014,14.69493961334229,,
ROFST.H.1.RUR.Q2,TGO,2017,10.599289894104,,
ROFST.H.1.RUR.Q2.F,TGO,2006,29.8782901763916,,
ROFST.H.1.RUR.Q2.F,TGO,2010,17.54442024230957,,
ROFST.H.1.RUR.Q2.F,TGO,2014,18.15641021728516,,
ROFST.H.1.RUR.Q2.F,TGO,2017,10.49075984954834,,
ROFST.H.1.RUR.Q2.GPIA,TGO,2006,1.109940052032471,,
ROFST.H.1.RUR.Q2.GPIA,TGO,2010,1.377259969711304,,
ROFST.H.1.RUR.Q2.GPIA,TGO,2014,1.373980045318604,,
ROFST.H.1.RUR.Q2.GPIA,TGO,2017,.9811099767684937,,
ROFST.H.1.RUR.Q2.M,TGO,2006,26.59342002868652,,
ROFST.H.1.RUR.Q2.M,TGO,2010,10.92560005187988,,
ROFST.H.1.RUR.Q2.M,TGO,2014,11.36633968353271,,
ROFST.H.1.RUR.Q2.M,TGO,2017,10.69272994995117,,
ROFST.H.1.RUR.Q3,TGO,2006,16.19010925292969,,
ROFST.H.1.RUR.Q3,TGO,2010,8.183309555053711,,
ROFST.H.1.RUR.Q3,TGO,2014,9.713640213012695,,
ROFST.H.1.RUR.Q3,TGO,2017,4.86152982711792,,
ROFST.H.1.RUR.Q3.F,TGO,2006,19.11033058166504,,
ROFST.H.1.RUR.Q3.F,TGO,2010,8.73701000213623,,
ROFST.H.1.RUR.Q3.F,TGO,2014,10.65003967285156,,
ROFST.H.1.RUR.Q3.F,TGO,2017,4.946469783782959,,
ROFST.H.1.RUR.Q3.GPIA,TGO,2006,1.28056001663208,,
ROFST.H.1.RUR.Q3.GPIA,TGO,2010,1.130669951438904,,
ROFST.H.1.RUR.Q3.GPIA,TGO,2014,1.1735999584198,,
ROFST.H.1.RUR.Q3.GPIA,TGO,2017,1.035670042037964,,
ROFST.H.1.RUR.Q3.M,TGO,2006,13.74872016906738,,
ROFST.H.1.RUR.Q3.M,TGO,2010,7.595349788665771,,
ROFST.H.1.RUR.Q3.M,TGO,2014,8.801199913024902,,
ROFST.H.1.RUR.Q3.M,TGO,2017,4.769999980926514,,
ROFST.H.1.RUR.Q4,TGO,2006,9.667770385742188,,
ROFST.H.1.RUR.Q4,TGO,2010,2.720020055770874,,
ROFST.H.1.RUR.Q4,TGO,2014,3.259160041809082,,
ROFST.H.1.RUR.Q4,TGO,2017,1.965260028839111,,
ROFST.H.1.RUR.Q4.F,TGO,2006,9.416250228881836,,
ROFST.H.1.RUR.Q4.F,TGO,2010,3.41388988494873,,
ROFST.H.1.RUR.Q4.F,TGO,2014,3.511600017547607,,
ROFST.H.1.RUR.Q4.F,TGO,2017,2.948450088500977,,
ROFST.H.1.RUR.Q4.GPIA,TGO,2006,.949970006942749,,
ROFST.H.1.RUR.Q4.GPIA,TGO,2010,1.386680006980896,,
ROFST.H.1.RUR.Q4.GPIA,TGO,2014,1.138039946556091,,
ROFST.H.1.RUR.Q4.GPIA,TGO,2017,1.60273003578186,,
ROFST.H.1.RUR.Q4.M,TGO,2006,9.912190437316895,,
ROFST.H.1.RUR.Q4.M,TGO,2010,2.093800067901611,,
ROFST.H.1.RUR.Q4.M,TGO,2014,3.026839971542358,,
ROFST.H.1.RUR.Q4.M,TGO,2017,1.171319961547852,,
ROFST.H.1.RUR.Q5,TGO,2006,3.955219984054565,,
ROFST.H.1.RUR.Q5,TGO,2010,0,NIL,
ROFST.H.1.RUR.Q5,TGO,2017,0,NIL,
ROFST.H.1.RUR.Q5.F,TGO,2010,0,NIL,
ROFST.H.1.RUR.Q5.F,TGO,2017,0,NIL,
ROFST.H.1.RUR.Q5.GPIA,TGO,2017,1,,
ROFST.H.1.RUR.Q5.M,TGO,2017,0,NIL,
ROFST.H.1.RUR.WPIA,TGO,2006,1.879940032958984,,
ROFST.H.1.RUR.WPIA,TGO,2010,2,,
ROFST.H.1.RUR.WPIA,TGO,2017,2,,
ROFST.H.1.URB,TGO,2006,9.417240142822266,,
ROFST.H.1.URB,TGO,2010,10.60859966278076,,
ROFST.H.1.URB,TGO,2014,3.673029899597168,,
ROFST.H.1.URB,TGO,2017,2.874710083007813,,
ROFST.H.1.URB,TGO,2018,2.826839923858643,,
ROFST.H.1.URB,TGO,2021,2.187649965286255,,
ROFST.H.1.URB.F,TGO,2006,13.14960956573486,,
ROFST.H.1.URB.F,TGO,2010,11.32162952423096,,
ROFST.H.1.URB.F,TGO,2014,3.55019998550415,,
ROFST.H.1.URB.F,TGO,2017,3.748389959335327,,
ROFST.H.1.URB.F,TGO,2018,2.736550092697144,,
ROFST.H.1.URB.F,TGO,2021,2.520149946212769,,
ROFST.H.1.URB.GPIA,TGO,2006,1.574380040168762,,
ROFST.H.1.URB.GPIA,TGO,2010,1.129520058631897,,
ROFST.H.1.URB.GPIA,TGO,2014,.9338700175285339,,
ROFST.H.1.URB.GPIA,TGO,2017,1.478610038757324,,
ROFST.H.1.URB.GPIA,TGO,2018,.9359099864959717,,
ROFST.H.1.URB.GPIA,TGO,2021,1.280580043792725,,
ROFST.H.1.URB.M,TGO,2006,5.596749782562256,,
ROFST.H.1.URB.M,TGO,2010,9.855270385742188,,
ROFST.H.1.URB.M,TGO,2014,3.801599979400635,,
ROFST.H.1.URB.M,TGO,2017,1.954380035400391,,
ROFST.H.1.URB.M,TGO,2018,2.923939943313599,,
ROFST.H.1.URB.M,TGO,2021,1.813050031661987,,
ROFST.H.1.URB.Q1,TGO,2014,24.74971008300781,,
ROFST.H.1.URB.Q2,TGO,2006,7.203889846801758,,
ROFST.H.1.URB.Q2,TGO,2010,5.529610157012939,,
ROFST.H.1.URB.Q2,TGO,2014,27.59337043762207,,
ROFST.H.1.URB.Q2.F,TGO,2006,14.43500995635986,,
ROFST.H.1.URB.Q2.GPIA,TGO,2006,2,,
ROFST.H.1.URB.Q2.M,TGO,2006,0,NIL,
ROFST.H.1.URB.Q2.M,TGO,2010,7.782010078430176,,
ROFST.H.1.URB.Q3,TGO,2006,12.20658016204834,,
ROFST.H.1.URB.Q3,TGO,2010,5.586850166320801,,
ROFST.H.1.URB.Q3,TGO,2014,4.08620023727417,,
ROFST.H.1.URB.Q3,TGO,2017,2.805860042572021,,
ROFST.H.1.URB.Q3.F,TGO,2006,14.68140029907227,,
ROFST.H.1.URB.Q3.F,TGO,2010,8.671219825744629,,
ROFST.H.1.URB.Q3.F,TGO,2014,0,NIL,
ROFST.H.1.URB.Q3.F,TGO,2017,4.363840103149414,,
ROFST.H.1.URB.Q3.GPIA,TGO,2006,1.306360006332397,,
ROFST.H.1.URB.Q3.GPIA,TGO,2010,1.718150019645691,,
ROFST.H.1.URB.Q3.GPIA,TGO,2014,0,NIL,
ROFST.H.1.URB.Q3.GPIA,TGO,2017,1.8194500207901,,
ROFST.H.1.URB.Q3.M,TGO,2006,10.18362998962402,,
ROFST.H.1.URB.Q3.M,TGO,2010,2.444000005722046,,
ROFST.H.1.URB.Q3.M,TGO,2014,7.820040225982666,,
ROFST.H.1.URB.Q3.M,TGO,2017,.7878999710083008,,
ROFST.H.1.URB.Q4,TGO,2006,8.32450008392334,,
ROFST.H.1.URB.Q4,TGO,2010,7.151380062103271,,
ROFST.H.1.URB.Q4,TGO,2014,3.275130033493042,,
ROFST.H.1.URB.Q4,TGO,2017,2.454540014266968,,
ROFST.H.1.URB.Q4.F,TGO,2006,13.56735992431641,,
ROFST.H.1.URB.Q4.F,TGO,2010,9.16211986541748,,
ROFST.H.1.URB.Q4.F,TGO,2014,3.09552001953125,,
ROFST.H.1.URB.Q4.F,TGO,2017,2.68530011177063,,
ROFST.H.1.URB.Q4.GPIA,TGO,2006,1.73869001865387,,
ROFST.H.1.URB.Q4.GPIA,TGO,2010,1.439640045166016,,
ROFST.H.1.URB.Q4.GPIA,TGO,2014,.8938699960708618,,
ROFST.H.1.URB.Q4.GPIA,TGO,2017,1.166300058364868,,
ROFST.H.1.URB.Q4.M,TGO,2006,3.545279979705811,,
ROFST.H.1.URB.Q4.M,TGO,2010,5.134119987487793,,
ROFST.H.1.URB.Q4.M,TGO,2014,3.463040113449097,,
ROFST.H.1.URB.Q4.M,TGO,2017,2.238729953765869,,
ROFST.H.1.URB.Q5,TGO,2006,9.160900115966797,,
ROFST.H.1.URB.Q5,TGO,2010,3.51255989074707,,
ROFST.H.1.URB.Q5,TGO,2014,2.879849910736084,,
ROFST.H.1.URB.Q5,TGO,2017,3.39749002456665,,
ROFST.H.1.URB.Q5.F,TGO,2006,11.77562999725342,,
ROFST.H.1.URB.Q5.F,TGO,2010,6.634429931640625,,
ROFST.H.1.URB.Q5.F,TGO,2014,3.523930072784424,,
ROFST.H.1.URB.Q5.F,TGO,2017,4.477560043334961,,
ROFST.H.1.URB.Q5.GPIA,TGO,2006,1.49261999130249,,
ROFST.H.1.URB.Q5.GPIA,TGO,2010,1.915320038795471,,
ROFST.H.1.URB.Q5.GPIA,TGO,2014,1.380620002746582,,
ROFST.H.1.URB.Q5.GPIA,TGO,2017,1.506420016288757,,
ROFST.H.1.URB.Q5.M,TGO,2006,5.974780082702637,,
ROFST.H.1.URB.Q5.M,TGO,2010,.5618199706077576,,
ROFST.H.1.URB.Q5.M,TGO,2014,2.182660102844238,,
ROFST.H.1.URB.Q5.M,TGO,2017,2.210030078887939,,
ROFST.H.1.URB.WPIA,TGO,2014,1.883640050888062,,
ROFST.H.1.WPIA,TGO,2006,1.734009981155396,,
ROFST.H.1.WPIA,TGO,2010,1.841899991035461,,
ROFST.H.1.WPIA,TGO,2014,1.859429955482483,,
ROFST.H.1.WPIA,TGO,2017,1.829660058021545,,
ROFST.H.2,TGO,2006,25.36953926086426,,
ROFST.H.2,TGO,2010,21.47042083740234,,
ROFST.H.2,TGO,2014,15.32491016387939,,
ROFST.H.2,TGO,2017,12.1418399810791,,
ROFST.H.2,TGO,2018,16.21273040771484,,
ROFST.H.2,TGO,2021,17.04777908325195,,
ROFST.H.2.ABL,TGO,2010,21.14042091369629,,
ROFST.H.2.ABL,TGO,2018,15.71290016174316,,
ROFST.H.2.ABL,TGO,2021,16.61461067199707,,
ROFST.H.2.ABL.F,TGO,2010,26.01333045959473,,
ROFST.H.2.ABL.F,TGO,2018,16.72904968261719,,
ROFST.H.2.ABL.F,TGO,2021,20.21767044067383,,
ROFST.H.2.ABL.GPIA,TGO,2010,1.357290029525757,,
ROFST.H.2.ABL.GPIA,TGO,2018,1.119230031967163,,
ROFST.H.2.ABL.GPIA,TGO,2021,1.35276997089386,,
ROFST.H.2.ABL.M,TGO,2010,16.71915054321289,,
ROFST.H.2.ABL.M,TGO,2018,14.73449039459229,,
ROFST.H.2.ABL.M,TGO,2021,13.08543014526367,,
ROFST.H.2.DIS,TGO,2010,61.7269401550293,,
ROFST.H.2.DIS,TGO,2018,38.96380996704102,,
ROFST.H.2.DIS,TGO,2021,46.57720184326172,,
ROFST.H.2.DIS.F,TGO,2010,66.14437866210938,,
ROFST.H.2.DIS.F,TGO,2018,43.37575912475586,,
ROFST.H.2.DIS.GPIA,TGO,2010,1.125239968299866,,
ROFST.H.2.DIS.M,TGO,2010,57.86054992675781,,
ROFST.H.2.DPIA,TGO,2010,1.657520055770874,,
ROFST.H.2.DPIA,TGO,2018,1.59672999382019,,
ROFST.H.2.DPIA,TGO,2021,1.643290042877197,,
ROFST.H.2.F,TGO,2006,32.1879997253418,,
ROFST.H.2.F,TGO,2010,26.33893013000488,,
ROFST.H.2.F,TGO,2014,18.86297035217285,,
ROFST.H.2.F,TGO,2017,14.34949016571045,,
ROFST.H.2.F,TGO,2018,17.41183090209961,,
ROFST.H.2.F,TGO,2021,20.63118934631348,,
ROFST.H.2.F.DPIA,TGO,2010,1.606719970703125,,
ROFST.H.2.F.DPIA,TGO,2018,1.614320039749146,,
ROFST.H.2.F.LPIA,TGO,2006,1.232750058174133,,
ROFST.H.2.F.LPIA,TGO,2010,1.229200005531311,,
ROFST.H.2.F.LPIA,TGO,2014,1.220639944076538,,
ROFST.H.2.F.LPIA,TGO,2017,1.144780039787292,,
ROFST.H.2.F.LPIA,TGO,2018,1.397379994392395,,
ROFST.H.2.F.LPIA,TGO,2021,1.370890021324158,,
ROFST.H.2.F.WPIA,TGO,2006,1.36710000038147,,
ROFST.H.2.F.WPIA,TGO,2010,1.503419995307922,,
ROFST.H.2.F.WPIA,TGO,2014,1.311439990997314,,
ROFST.H.2.F.WPIA,TGO,2017,1.371739983558655,,
ROFST.H.2.GPIA,TGO,2006,1.401990056037903,,
ROFST.H.2.GPIA,TGO,2010,1.352499961853027,,
ROFST.H.2.GPIA,TGO,2014,1.3644700050354,,
ROFST.H.2.GPIA,TGO,2017,1.305299997329712,,
ROFST.H.2.GPIA,TGO,2018,1.135730028152466,,
ROFST.H.2.GPIA,TGO,2021,1.344550013542175,,
ROFST.H.2.LPIA,TGO,2006,1.299350023269653,,
ROFST.H.2.LPIA,TGO,2010,1.286880016326904,,
ROFST.H.2.LPIA,TGO,2014,1.275329947471619,,
ROFST.H.2.LPIA,TGO,2017,1.305050015449524,,
ROFST.H.2.LPIA,TGO,2018,1.469249963760376,,
ROFST.H.2.LPIA,TGO,2021,1.432569980621338,,
ROFST.H.2.M,TGO,2006,19.2487907409668,,
ROFST.H.2.M,TGO,2010,17.0544605255127,,
ROFST.H.2.M,TGO,2014,11.98789978027344,,
ROFST.H.2.M,TGO,2017,9.968640327453613,,
ROFST.H.2.M,TGO,2018,15.0485200881958,,
ROFST.H.2.M,TGO,2021,13.52266979217529,,
ROFST.H.2.M.DPIA,TGO,2010,1.711040019989014,,
ROFST.H.2.M.LPIA,TGO,2006,1.542750000953674,,
ROFST.H.2.M.LPIA,TGO,2010,1.441089987754822,,
ROFST.H.2.M.LPIA,TGO,2014,1.423269987106323,,
ROFST.H.2.M.LPIA,TGO,2017,1.595530033111572,,
ROFST.H.2.M.LPIA,TGO,2018,1.567319989204407,,
ROFST.H.2.M.LPIA,TGO,2021,1.548939943313599,,
ROFST.H.2.M.WPIA,TGO,2006,1.751070022583008,,
ROFST.H.2.M.WPIA,TGO,2010,1.715980052947998,,
ROFST.H.2.M.WPIA,TGO,2014,1.740360021591187,,
ROFST.H.2.M.WPIA,TGO,2017,1.732890009880066,,
ROFST.H.2.Q1,TGO,2006,39.51076126098633,,
ROFST.H.2.Q1,TGO,2010,24.94878959655762,,
ROFST.H.2.Q1,TGO,2014,22.29911994934082,,
ROFST.H.2.Q1,TGO,2017,20.08382034301758,,
ROFST.H.2.Q1.F,TGO,2006,51.59616088867188,,
ROFST.H.2.Q1.F,TGO,2010,28.78554916381836,,
ROFST.H.2.Q1.F,TGO,2014,25.98940086364746,,
ROFST.H.2.Q1.F,TGO,2017,21.47747993469238,,
ROFST.H.2.Q1.GPIA,TGO,2006,1.416339993476868,,
ROFST.H.2.Q1.GPIA,TGO,2010,1.22695004940033,,
ROFST.H.2.Q1.GPIA,TGO,2014,1.266289949417114,,
ROFST.H.2.Q1.GPIA,TGO,2017,1.11968994140625,,
ROFST.H.2.Q1.LPIA,TGO,2014,1.373559951782227,,
ROFST.H.2.Q1.M,TGO,2006,30.11470985412598,,
ROFST.H.2.Q1.M,TGO,2010,22.25255012512207,,
ROFST.H.2.Q1.M,TGO,2014,19.0686092376709,,
ROFST.H.2.Q1.M,TGO,2017,18.90682029724121,,
ROFST.H.2.Q2,TGO,2006,33.79027938842773,,
ROFST.H.2.Q2,TGO,2010,20.80831909179688,,
ROFST.H.2.Q2,TGO,2014,17.1168098449707,,
ROFST.H.2.Q2,TGO,2017,14.17496967315674,,
ROFST.H.2.Q2.F,TGO,2006,38.10919189453125,,
ROFST.H.2.Q2.F,TGO,2010,27.93734931945801,,
ROFST.H.2.Q2.F,TGO,2014,21.0802001953125,,
ROFST.H.2.Q2.F,TGO,2017,16.1242504119873,,
ROFST.H.2.Q2.GPIA,TGO,2006,1.186910033226013,,
ROFST.H.2.Q2.GPIA,TGO,2010,1.481250047683716,,
ROFST.H.2.Q2.GPIA,TGO,2014,1.340819954872131,,
ROFST.H.2.Q2.GPIA,TGO,2017,1.220160007476807,,
ROFST.H.2.Q2.LPIA,TGO,2006,1.408429980278015,,
ROFST.H.2.Q2.M,TGO,2006,30.98634910583496,,
ROFST.H.2.Q2.M,TGO,2010,14.49254989624023,,
ROFST.H.2.Q2.M,TGO,2014,13.89568996429443,,
ROFST.H.2.Q2.M,TGO,2017,12.57433986663818,,
ROFST.H.2.Q3,TGO,2006,21.4493408203125,,
ROFST.H.2.Q3,TGO,2010,12.42761039733887,,
ROFST.H.2.Q3,TGO,2014,12.19309997558594,,
ROFST.H.2.Q3,TGO,2017,9.293620109558105,,
ROFST.H.2.Q3.F,TGO,2006,28.2263298034668,,
ROFST.H.2.Q3.F,TGO,2010,19.4965705871582,,
ROFST.H.2.Q3.F,TGO,2014,15.12567043304443,,
ROFST.H.2.Q3.F,TGO,2017,10.78129959106445,,
ROFST.H.2.Q3.F.LPIA,TGO,2006,.7034100294113159,,
ROFST.H.2.Q3.F.LPIA,TGO,2010,1.073750019073486,,
ROFST.H.2.Q3.F.LPIA,TGO,2014,.639240026473999,,
ROFST.H.2.Q3.F.LPIA,TGO,2017,.5547199845314026,,
ROFST.H.2.Q3.GPIA,TGO,2006,1.431599974632263,,
ROFST.H.2.Q3.GPIA,TGO,2010,1.651620030403137,,
ROFST.H.2.Q3.GPIA,TGO,2014,1.356590032577515,,
ROFST.H.2.Q3.GPIA,TGO,2017,1.262290000915527,,
ROFST.H.2.Q3.LPIA,TGO,2006,.7218700051307678,,
ROFST.H.2.Q3.LPIA,TGO,2010,1.195019960403442,,
ROFST.H.2.Q3.LPIA,TGO,2014,.6433699727058411,,
ROFST.H.2.Q3.LPIA,TGO,2017,.7133200168609619,,
ROFST.H.2.Q3.M,TGO,2006,16.04397010803223,,
ROFST.H.2.Q3.M,TGO,2010,6.792280197143555,,
ROFST.H.2.Q3.M,TGO,2014,9.732000350952148,,
ROFST.H.2.Q3.M,TGO,2017,7.953470230102539,,
ROFST.H.2.Q3.M.LPIA,TGO,2006,.7825499773025513,,
ROFST.H.2.Q3.M.LPIA,TGO,2010,1.293470025062561,,
ROFST.H.2.Q3.M.LPIA,TGO,2014,.6407899856567383,,
ROFST.H.2.Q3.M.LPIA,TGO,2017,1.02827000617981,,
ROFST.H.2.Q4,TGO,2006,12.9190502166748,,
ROFST.H.2.Q4,TGO,2010,14.3587703704834,,
ROFST.H.2.Q4,TGO,2014,10.07775020599365,,
ROFST.H.2.Q4,TGO,2017,6.825590133666992,,
ROFST.H.2.Q4.F,TGO,2006,16.6403694152832,,
ROFST.H.2.Q4.F,TGO,2010,22.70891952514648,,
ROFST.H.2.Q4.F,TGO,2014,12.61645984649658,,
ROFST.H.2.Q4.F,TGO,2017,10.47451972961426,,
ROFST.H.2.Q4.F.LPIA,TGO,2006,.7381299734115601,,
ROFST.H.2.Q4.F.LPIA,TGO,2010,1.329839944839478,,
ROFST.H.2.Q4.F.LPIA,TGO,2014,.9898499846458435,,
ROFST.H.2.Q4.F.LPIA,TGO,2017,1.076509952545166,,
ROFST.H.2.Q4.GPIA,TGO,2006,1.459329962730408,,
ROFST.H.2.Q4.GPIA,TGO,2010,1.752709984779358,,
ROFST.H.2.Q4.GPIA,TGO,2014,1.389410018920898,,
ROFST.H.2.Q4.GPIA,TGO,2017,1.699159979820251,,
ROFST.H.2.Q4.LPIA,TGO,2006,.6906499862670898,,
ROFST.H.2.Q4.LPIA,TGO,2010,1.132300019264221,,
ROFST.H.2.Q4.LPIA,TGO,2014,.6299600005149841,,
ROFST.H.2.Q4.LPIA,TGO,2017,.8369399905204773,,
ROFST.H.2.Q4.M,TGO,2006,8.996930122375488,,
ROFST.H.2.Q4.M,TGO,2010,5.61568021774292,,
ROFST.H.2.Q4.M,TGO,2014,7.703470230102539,,
ROFST.H.2.Q4.M,TGO,2017,3.151180028915405,,
ROFST.H.2.Q4.M.LPIA,TGO,2006,.7553300261497498,,
ROFST.H.2.Q4.M.LPIA,TGO,2010,.1429300010204315,,
ROFST.H.2.Q4.M.LPIA,TGO,2014,.0845199972391129,,
ROFST.H.2.Q4.M.LPIA,TGO,2017,.7784600257873535,,
ROFST.H.2.Q5,TGO,2006,21.77133941650391,,
ROFST.H.2.Q5,TGO,2010,11.27649974822998,,
ROFST.H.2.Q5,TGO,2014,12.70454978942871,,
ROFST.H.2.Q5,TGO,2017,10.1121997833252,,
ROFST.H.2.Q5.F,TGO,2006,32.65541076660156,,
ROFST.H.2.Q5.F,TGO,2010,14.29423999786377,,
ROFST.H.2.Q5.F,TGO,2014,17.89521026611328,,
ROFST.H.2.Q5.F,TGO,2017,13.49347972869873,,
ROFST.H.2.Q5.F.LPIA,TGO,2017,.3131499886512756,,
ROFST.H.2.Q5.GPIA,TGO,2006,1.770429968833923,,
ROFST.H.2.Q5.GPIA,TGO,2010,1.557850003242493,,
ROFST.H.2.Q5.GPIA,TGO,2014,1.723330020904541,,
ROFST.H.2.Q5.GPIA,TGO,2017,1.625730037689209,,
ROFST.H.2.Q5.LPIA,TGO,2010,.9744300246238708,,
ROFST.H.2.Q5.LPIA,TGO,2017,.3141199946403503,,
ROFST.H.2.Q5.M,TGO,2006,7.4965500831604,,
ROFST.H.2.Q5.M,TGO,2010,6.32013988494873,,
ROFST.H.2.Q5.M,TGO,2014,4.950990200042725,,
ROFST.H.2.Q5.M,TGO,2017,5.050159931182861,,
ROFST.H.2.Q5.M.LPIA,TGO,2017,.4131900072097778,,
ROFST.H.2.RUR,TGO,2006,28.71278953552246,,
ROFST.H.2.RUR,TGO,2010,23.9765796661377,,
ROFST.H.2.RUR,TGO,2014,16.88871002197266,,
ROFST.H.2.RUR,TGO,2017,13.78808975219727,,
ROFST.H.2.RUR,TGO,2018,20.39286994934082,,
ROFST.H.2.RUR,TGO,2021,21.40045928955078,,
ROFST.H.2.RUR.F,TGO,2006,36.0201301574707,,
ROFST.H.2.RUR.F,TGO,2010,29.04159927368164,,
ROFST.H.2.RUR.F,TGO,2014,20.53642082214355,,
ROFST.H.2.RUR.F,TGO,2017,15.33323955535889,,
ROFST.H.2.RUR.F,TGO,2018,21.43520927429199,,
ROFST.H.2.RUR.F,TGO,2021,25.25064086914063,,
ROFST.H.2.RUR.F.WPIA,TGO,2017,1.784409999847412,,
ROFST.H.2.RUR.GPIA,TGO,2006,1.349949955940247,,
ROFST.H.2.RUR.GPIA,TGO,2010,1.313930034637451,,
ROFST.H.2.RUR.GPIA,TGO,2014,1.3296799659729,,
ROFST.H.2.RUR.GPIA,TGO,2017,1.184530019760132,,
ROFST.H.2.RUR.GPIA,TGO,2018,1.090309977531433,,
ROFST.H.2.RUR.GPIA,TGO,2021,1.290060043334961,,
ROFST.H.2.RUR.M,TGO,2006,23.41474914550781,,
ROFST.H.2.RUR.M,TGO,2010,19.92445945739746,,
ROFST.H.2.RUR.M,TGO,2014,13.76595020294189,,
ROFST.H.2.RUR.M,TGO,2017,12.50384998321533,,
ROFST.H.2.RUR.M,TGO,2018,19.4993896484375,,
ROFST.H.2.RUR.M,TGO,2021,17.92647933959961,,
ROFST.H.2.RUR.M.WPIA,TGO,2017,1.877089977264404,,
ROFST.H.2.RUR.Q1,TGO,2006,39.51321029663086,,
ROFST.H.2.RUR.Q1,TGO,2010,24.59700012207031,,
ROFST.H.2.RUR.Q1,TGO,2014,22.48768043518066,,
ROFST.H.2.RUR.Q1,TGO,2017,20.08382034301758,,
ROFST.H.2.RUR.Q1.F,TGO,2006,51.63747024536133,,
ROFST.H.2.RUR.Q1.F,TGO,2010,27.76394081115723,,
ROFST.H.2.RUR.Q1.F,TGO,2014,26.24544906616211,,
ROFST.H.2.RUR.Q1.F,TGO,2017,21.47747993469238,,
ROFST.H.2.RUR.Q1.GPIA,TGO,2006,1.418670058250427,,
ROFST.H.2.RUR.Q1.GPIA,TGO,2010,1.192389965057373,,
ROFST.H.2.RUR.Q1.GPIA,TGO,2014,1.26839005947113,,
ROFST.H.2.RUR.Q1.GPIA,TGO,2017,1.11968994140625,,
ROFST.H.2.RUR.Q1.M,TGO,2006,30.01828956604004,,
ROFST.H.2.RUR.Q1.M,TGO,2010,22.42243957519531,,
ROFST.H.2.RUR.Q1.M,TGO,2014,19.20137023925781,,
ROFST.H.2.RUR.Q1.M,TGO,2017,18.90682029724121,,
ROFST.H.2.RUR.Q2,TGO,2006,34.67002868652344,,
ROFST.H.2.RUR.Q2,TGO,2010,21.64730072021484,,
ROFST.H.2.RUR.Q2,TGO,2014,16.91300010681152,,
ROFST.H.2.RUR.Q2,TGO,2017,14.27715969085693,,
ROFST.H.2.RUR.Q2.F,TGO,2006,40.58541107177734,,
ROFST.H.2.RUR.Q2.F,TGO,2010,29.12734985351563,,
ROFST.H.2.RUR.Q2.F,TGO,2014,20.76568984985352,,
ROFST.H.2.RUR.Q2.F,TGO,2017,16.18427085876465,,
ROFST.H.2.RUR.Q2.GPIA,TGO,2006,1.234410047531128,,
ROFST.H.2.RUR.Q2.GPIA,TGO,2010,1.48337996006012,,
ROFST.H.2.RUR.Q2.GPIA,TGO,2014,1.335319995880127,,
ROFST.H.2.RUR.Q2.GPIA,TGO,2017,1.2152099609375,,
ROFST.H.2.RUR.Q2.M,TGO,2006,31.07173919677734,,
ROFST.H.2.RUR.Q2.M,TGO,2010,15.04778957366943,,
ROFST.H.2.RUR.Q2.M,TGO,2014,13.80243968963623,,
ROFST.H.2.RUR.Q2.M,TGO,2017,12.70121955871582,,
ROFST.H.2.RUR.Q3,TGO,2006,19.91992950439453,,
ROFST.H.2.RUR.Q3,TGO,2010,12.8060302734375,,
ROFST.H.2.RUR.Q3,TGO,2014,11.61312961578369,,
ROFST.H.2.RUR.Q3,TGO,2017,8.174300193786621,,
ROFST.H.2.RUR.Q3.F,TGO,2006,25.9327392578125,,
ROFST.H.2.RUR.Q3.F,TGO,2010,19.69455909729004,,
ROFST.H.2.RUR.Q3.F,TGO,2014,14.41059017181396,,
ROFST.H.2.RUR.Q3.F,TGO,2017,8.349479675292969,,
ROFST.H.2.RUR.Q3.GPIA,TGO,2006,1.412490010261536,,
ROFST.H.2.RUR.Q3.GPIA,TGO,2010,1.637719988822937,,
ROFST.H.2.RUR.Q3.GPIA,TGO,2014,1.357759952545166,,
ROFST.H.2.RUR.Q3.GPIA,TGO,2017,1.038709998130798,,
ROFST.H.2.RUR.Q3.M,TGO,2006,15.23571014404297,,
ROFST.H.2.RUR.Q3.M,TGO,2010,7.134960174560547,,
ROFST.H.2.RUR.Q3.M,TGO,2014,9.255120277404785,,
ROFST.H.2.RUR.Q3.M,TGO,2017,8.026260375976563,,
ROFST.H.2.RUR.Q4,TGO,2006,10.03262042999268,,
ROFST.H.2.RUR.Q4,TGO,2010,15.80951976776123,,
ROFST.H.2.RUR.Q4,TGO,2014,6.900839805603027,,
ROFST.H.2.RUR.Q4,TGO,2017,5.930630207061768,,
ROFST.H.2.RUR.Q4.F,TGO,2006,13.32256031036377,,
ROFST.H.2.RUR.Q4.F,TGO,2010,29.37750053405762,,
ROFST.H.2.RUR.Q4.F,TGO,2014,12.51805019378662,,
ROFST.H.2.RUR.Q4.F,TGO,2017,11.18118953704834,,
ROFST.H.2.RUR.Q4.GPIA,TGO,2006,1.431409955024719,,
ROFST.H.2.RUR.Q4.GPIA,TGO,2010,1.963189959526062,,
ROFST.H.2.RUR.Q4.GPIA,TGO,2014,1.93629002571106,,
ROFST.H.2.RUR.Q4.GPIA,TGO,2017,1.766250014305115,,
ROFST.H.2.RUR.Q4.M,TGO,2006,7.575009822845459,,
ROFST.H.2.RUR.Q4.M,TGO,2010,1.08135998249054,,
ROFST.H.2.RUR.Q4.M,TGO,2014,.7975699901580811,,
ROFST.H.2.RUR.Q4.M,TGO,2017,2.613630056381226,,
ROFST.H.2.RUR.Q5,TGO,2010,11.00895977020264,,
ROFST.H.2.RUR.Q5,TGO,2017,3.529759883880615,,
ROFST.H.2.RUR.Q5.F,TGO,2017,4.63031005859375,,
ROFST.H.2.RUR.Q5.GPIA,TGO,2017,1.498129963874817,,
ROFST.H.2.RUR.Q5.M,TGO,2017,2.323800086975098,,
ROFST.H.2.RUR.WPIA,TGO,2010,1.552430033683777,,
ROFST.H.2.RUR.WPIA,TGO,2017,1.824249982833862,,
ROFST.H.2.URB,TGO,2006,20.11763954162598,,
ROFST.H.2.URB,TGO,2010,17.09828948974609,,
ROFST.H.2.URB,TGO,2014,12.23865985870361,,
ROFST.H.2.URB,TGO,2017,9.581999778747559,,
ROFST.H.2.URB,TGO,2018,10.82347965240479,,
ROFST.H.2.URB,TGO,2021,12.14332008361816,,
ROFST.H.2.URB.F,TGO,2006,27.63644027709961,,
ROFST.H.2.URB.F,TGO,2010,22.38517951965332,,
ROFST.H.2.URB.F,TGO,2014,16.00521087646484,,
ROFST.H.2.URB.F,TGO,2017,13.11328983306885,,
ROFST.H.2.URB.F,TGO,2018,12.91724967956543,,
ROFST.H.2.URB.F,TGO,2021,15.8853702545166,,
ROFST.H.2.URB.GPIA,TGO,2006,1.612599968910217,,
ROFST.H.2.URB.GPIA,TGO,2010,1.502529978752136,,
ROFST.H.2.URB.GPIA,TGO,2014,1.503960013389587,,
ROFST.H.2.URB.GPIA,TGO,2017,1.614330053329468,,
ROFST.H.2.URB.GPIA,TGO,2018,1.346850037574768,,
ROFST.H.2.URB.GPIA,TGO,2021,1.49098002910614,,
ROFST.H.2.URB.M,TGO,2006,10.70648956298828,,
ROFST.H.2.URB.M,TGO,2010,11.13595962524414,,
ROFST.H.2.URB.M,TGO,2014,7.939209938049316,,
ROFST.H.2.URB.M,TGO,2017,5.057439804077148,,
ROFST.H.2.URB.M,TGO,2018,8.436949729919434,,
ROFST.H.2.URB.M,TGO,2021,8.085940361022949,,
ROFST.H.2.URB.Q1,TGO,2014,14.08708000183105,,
ROFST.H.2.URB.Q2,TGO,2006,20.50992012023926,,
ROFST.H.2.URB.Q3,TGO,2006,27.59478950500488,,
ROFST.H.2.URB.Q3,TGO,2010,10.30860996246338,,
ROFST.H.2.URB.Q3,TGO,2014,18.05034065246582,,
ROFST.H.2.URB.Q3,TGO,2017,11.45956993103027,,
ROFST.H.2.URB.Q3.F,TGO,2006,36.8673095703125,,
ROFST.H.2.URB.Q3.F,TGO,2010,18.2420597076416,,
ROFST.H.2.URB.Q3.F,TGO,2014,22.54327964782715,,
ROFST.H.2.URB.Q3.F,TGO,2017,15.05181980133057,,
ROFST.H.2.URB.Q3.GPIA,TGO,2006,1.471909999847412,,
ROFST.H.2.URB.Q3.GPIA,TGO,2010,1.723659992218018,,
ROFST.H.2.URB.Q3.GPIA,TGO,2014,1.359310030937195,,
ROFST.H.2.URB.Q3.GPIA,TGO,2017,1.48183000087738,,
ROFST.H.2.URB.Q3.M,TGO,2006,19.4692497253418,,
ROFST.H.2.URB.Q3.M,TGO,2010,5.04109001159668,,
ROFST.H.2.URB.Q3.M,TGO,2014,14.44334983825684,,
ROFST.H.2.URB.Q3.M,TGO,2017,7.799330234527588,,
ROFST.H.2.URB.Q4,TGO,2006,14.52632999420166,,
ROFST.H.2.URB.Q4,TGO,2010,13.71790981292725,,
ROFST.H.2.URB.Q4,TGO,2014,10.95442008972168,,
ROFST.H.2.URB.Q4,TGO,2017,7.08607006072998,,
ROFST.H.2.URB.Q4.F,TGO,2006,18.0490894317627,,
ROFST.H.2.URB.Q4.F,TGO,2010,19.6877498626709,,
ROFST.H.2.URB.Q4.F,TGO,2014,12.64634990692139,,
ROFST.H.2.URB.Q4.F,TGO,2017,10.32569980621338,,
ROFST.H.2.URB.Q4.GPIA,TGO,2006,1.444360017776489,,
ROFST.H.2.URB.Q4.GPIA,TGO,2010,1.615710020065308,,
ROFST.H.2.URB.Q4.GPIA,TGO,2014,1.253829956054688,,
ROFST.H.2.URB.Q4.GPIA,TGO,2017,1.674849987030029,,
ROFST.H.2.URB.Q4.M,TGO,2006,10.02879047393799,,
ROFST.H.2.URB.Q4.M,TGO,2010,7.565869808197021,,
ROFST.H.2.URB.Q4.M,TGO,2014,9.43628978729248,,
ROFST.H.2.URB.Q4.M,TGO,2017,3.357419967651367,,
ROFST.H.2.URB.Q5,TGO,2006,22.05170059204102,,
ROFST.H.2.URB.Q5,TGO,2010,11.29784965515137,,
ROFST.H.2.URB.Q5,TGO,2014,12.34539031982422,,
ROFST.H.2.URB.Q5,TGO,2017,11.23701000213623,,
ROFST.H.2.URB.Q5.F,TGO,2006,33.06901931762695,,
ROFST.H.2.URB.Q5.F,TGO,2010,14.47597980499268,,
ROFST.H.2.URB.Q5.F,TGO,2014,17.54317092895508,,
ROFST.H.2.URB.Q5.F,TGO,2017,14.78604984283447,,
ROFST.H.2.URB.Q5.GPIA,TGO,2006,1.775200009346008,,
ROFST.H.2.URB.Q5.GPIA,TGO,2010,1.59197998046875,,
ROFST.H.2.URB.Q5.GPIA,TGO,2014,1.741870045661926,,
ROFST.H.2.URB.Q5.GPIA,TGO,2017,1.619639992713928,,
ROFST.H.2.URB.Q5.M,TGO,2006,7.433929920196533,,
ROFST.H.2.URB.Q5.M,TGO,2010,5.90654993057251,,
ROFST.H.2.URB.Q5.M,TGO,2014,4.52839994430542,,
ROFST.H.2.URB.Q5.M,TGO,2017,5.624030113220215,,
ROFST.H.2.URB.WPIA,TGO,2014,1.123639941215515,,
ROFST.H.2.WPIA,TGO,2006,1.44897997379303,,
ROFST.H.2.WPIA,TGO,2010,1.548009991645813,,
ROFST.H.2.WPIA,TGO,2014,1.430269956588745,,
ROFST.H.2.WPIA,TGO,2017,1.496500015258789,,
ROFST.H.3,TGO,2006,45.71564102172852,,
ROFST.H.3,TGO,2010,41.53139877319336,,
ROFST.H.3,TGO,2014,36.07682037353516,,
ROFST.H.3,TGO,2017,29.54816055297852,,
ROFST.H.3,TGO,2018,41.27902984619141,,
ROFST.H.3,TGO,2021,38.07722854614258,,
ROFST.H.3.ABL,TGO,2010,41.31156921386719,,
ROFST.H.3.ABL,TGO,2018,40.96913909912109,,
ROFST.H.3.ABL,TGO,2021,37.79336929321289,,
ROFST.H.3.ABL.F,TGO,2010,52.91831970214844,,
ROFST.H.3.ABL.F,TGO,2018,49.48548126220703,,
ROFST.H.3.ABL.F,TGO,2021,42.17198181152344,,
ROFST.H.3.ABL.GPIA,TGO,2010,1.4271399974823,,
ROFST.H.3.ABL.GPIA,TGO,2018,1.349439978599548,,
ROFST.H.3.ABL.GPIA,TGO,2021,1.215939998626709,,
ROFST.H.3.ABL.M,TGO,2010,30.31473922729492,,
ROFST.H.3.ABL.M,TGO,2018,32.19314956665039,,
ROFST.H.3.ABL.M,TGO,2021,33.06549072265625,,
ROFST.H.3.DIS,TGO,2010,64.24751281738281,,
ROFST.H.3.DIS.F,TGO,2010,72.97995758056641,,
ROFST.H.3.DIS.GPIA,TGO,2010,1.209540009498596,,
ROFST.H.3.DIS.M,TGO,2010,57.68780136108398,,
ROFST.H.3.DPIA,TGO,2010,1.356989979743958,,
ROFST.H.3.F,TGO,2006,60.64353942871094,,
ROFST.H.3.F,TGO,2010,53.09278869628906,,
ROFST.H.3.F,TGO,2014,47.31795120239258,,
ROFST.H.3.F,TGO,2017,40.17874908447266,,
ROFST.H.3.F,TGO,2018,49.72341156005859,,
ROFST.H.3.F,TGO,2021,42.12958145141602,,
ROFST.H.3.F.DPIA,TGO,2010,1.274889945983887,,
ROFST.H.3.F.LPIA,TGO,2006,1.171169996261597,,
ROFST.H.3.F.LPIA,TGO,2010,1.223019957542419,,
ROFST.H.3.F.LPIA,TGO,2014,1.132809996604919,,
ROFST.H.3.F.LPIA,TGO,2017,1.124340057373047,,
ROFST.H.3.F.LPIA,TGO,2018,1.333279967308044,,
ROFST.H.3.F.LPIA,TGO,2021,1.543840050697327,,
ROFST.H.3.F.WPIA,TGO,2006,1.415830016136169,,
ROFST.H.3.F.WPIA,TGO,2010,1.356089949607849,,
ROFST.H.3.F.WPIA,TGO,2014,1.214359998703003,,
ROFST.H.3.F.WPIA,TGO,2017,1.211709976196289,,
ROFST.H.3.GPIA,TGO,2006,1.417230010032654,,
ROFST.H.3.GPIA,TGO,2010,1.423609972000122,,
ROFST.H.3.GPIA,TGO,2014,1.452469944953918,,
ROFST.H.3.GPIA,TGO,2017,1.495499968528748,,
ROFST.H.3.GPIA,TGO,2018,1.343680024147034,,
ROFST.H.3.GPIA,TGO,2021,1.199659943580627,,
ROFST.H.3.LPIA,TGO,2006,1.228250026702881,,
ROFST.H.3.LPIA,TGO,2010,1.227689981460571,,
ROFST.H.3.LPIA,TGO,2014,1.120139956474304,,
ROFST.H.3.LPIA,TGO,2017,1.157220005989075,,
ROFST.H.3.LPIA,TGO,2018,1.331030011177063,,
ROFST.H.3.LPIA,TGO,2021,1.458099961280823,,
ROFST.H.3.M,TGO,2006,35.34112930297852,,
ROFST.H.3.M,TGO,2010,30.60238075256348,,
ROFST.H.3.M,TGO,2014,25.90814018249512,,
ROFST.H.3.M,TGO,2017,20.27010917663574,,
ROFST.H.3.M,TGO,2018,32.63422012329102,,
ROFST.H.3.M,TGO,2021,33.7181282043457,,
ROFST.H.3.M.DPIA,TGO,2010,1.474499940872192,,
ROFST.H.3.M.LPIA,TGO,2006,1.352399945259094,,
ROFST.H.3.M.LPIA,TGO,2010,1.297049999237061,,
ROFST.H.3.M.LPIA,TGO,2014,1.238919973373413,,
ROFST.H.3.M.LPIA,TGO,2017,1.289819955825806,,
ROFST.H.3.M.LPIA,TGO,2018,1.321079969406128,,
ROFST.H.3.M.LPIA,TGO,2021,1.327769994735718,,
ROFST.H.3.M.WPIA,TGO,2006,1.546090006828308,,
ROFST.H.3.M.WPIA,TGO,2010,1.597659945487976,,
ROFST.H.3.M.WPIA,TGO,2014,1.538490056991577,,
ROFST.H.3.M.WPIA,TGO,2017,1.728649973869324,,
ROFST.H.3.Q1,TGO,2006,59.85654067993164,,
ROFST.H.3.Q1,TGO,2010,48.83903884887695,,
ROFST.H.3.Q1,TGO,2014,44.00960922241211,,
ROFST.H.3.Q1,TGO,2017,37.56512832641602,,
ROFST.H.3.Q1.F,TGO,2006,83.89571380615234,,
ROFST.H.3.Q1.F,TGO,2010,64.13096618652344,,
ROFST.H.3.Q1.F,TGO,2014,56.39310073852539,,
ROFST.H.3.Q1.F,TGO,2017,49.04159927368164,,
ROFST.H.3.Q1.GPIA,TGO,2006,1.431349992752075,,
ROFST.H.3.Q1.GPIA,TGO,2010,1.3994300365448,,
ROFST.H.3.Q1.GPIA,TGO,2014,1.360810041427612,,
ROFST.H.3.Q1.GPIA,TGO,2017,1.405189990997314,,
ROFST.H.3.Q1.M,TGO,2006,47.70721817016602,,
ROFST.H.3.Q1.M,TGO,2010,38.51544189453125,,
ROFST.H.3.Q1.M,TGO,2014,36.04568099975586,,
ROFST.H.3.Q1.M,TGO,2017,29.17038917541504,,
ROFST.H.3.Q2,TGO,2006,56.58753967285156,,
ROFST.H.3.Q2,TGO,2010,42.29294967651367,,
ROFST.H.3.Q2,TGO,2014,38.55517959594727,,
ROFST.H.3.Q2,TGO,2017,30.39632034301758,,
ROFST.H.3.Q2.F,TGO,2006,67.48496246337891,,
ROFST.H.3.Q2.F,TGO,2010,55.28781890869141,,
ROFST.H.3.Q2.F,TGO,2014,52.81774139404297,,
ROFST.H.3.Q2.F,TGO,2017,36.27529907226563,,
ROFST.H.3.Q2.GPIA,TGO,2006,1.268749952316284,,
ROFST.H.3.Q2.GPIA,TGO,2010,1.389099955558777,,
ROFST.H.3.Q2.GPIA,TGO,2014,1.477830052375793,,
ROFST.H.3.Q2.GPIA,TGO,2017,1.277639985084534,,
ROFST.H.3.Q2.LPIA,TGO,2006,.9877300262451172,,
ROFST.H.3.Q2.M,TGO,2006,49.34825134277344,,
ROFST.H.3.Q2.M,TGO,2010,33.77511978149414,,
ROFST.H.3.Q2.M,TGO,2014,27.57958984375,,
ROFST.H.3.Q2.M,TGO,2017,26.20384979248047,,
ROFST.H.3.Q3,TGO,2006,44.49293899536133,,
ROFST.H.3.Q3,TGO,2010,31.85355949401855,,
ROFST.H.3.Q3,TGO,2014,33.24782180786133,,
ROFST.H.3.Q3,TGO,2017,30.06845092773438,,
ROFST.H.3.Q3.F,TGO,2006,63.93593978881836,,
ROFST.H.3.Q3.F,TGO,2010,41.45119094848633,,
ROFST.H.3.Q3.F,TGO,2014,45.56669998168945,,
ROFST.H.3.Q3.F,TGO,2017,46.26033020019531,,
ROFST.H.3.Q3.F.LPIA,TGO,2006,.7943500280380249,,
ROFST.H.3.Q3.F.LPIA,TGO,2010,1.449000000953674,,
ROFST.H.3.Q3.F.LPIA,TGO,2017,1.077530026435852,,
ROFST.H.3.Q3.GPIA,TGO,2006,1.503829956054688,,
ROFST.H.3.Q3.GPIA,TGO,2010,1.467039942741394,,
ROFST.H.3.Q3.GPIA,TGO,2014,1.517940044403076,,
ROFST.H.3.Q3.GPIA,TGO,2017,1.638679981231689,,
ROFST.H.3.Q3.LPIA,TGO,2006,.9494100213050842,,
ROFST.H.3.Q3.LPIA,TGO,2010,1.34060001373291,,
ROFST.H.3.Q3.LPIA,TGO,2014,.9991999864578247,,
ROFST.H.3.Q3.LPIA,TGO,2017,.9162999987602234,,
ROFST.H.3.Q3.M,TGO,2006,31.7234001159668,,
ROFST.H.3.Q3.M,TGO,2010,22.09172058105469,,
ROFST.H.3.Q3.M,TGO,2014,21.9658203125,,
ROFST.H.3.Q3.M,TGO,2017,16.71472930908203,,
ROFST.H.3.Q3.M.LPIA,TGO,2006,1.211179971694946,,
ROFST.H.3.Q3.M.LPIA,TGO,2010,1.104130029678345,,
ROFST.H.3.Q3.M.LPIA,TGO,2017,.5576099753379822,,
ROFST.H.3.Q4,TGO,2006,40.32746887207031,,
ROFST.H.3.Q4,TGO,2010,28.94227027893066,,
ROFST.H.3.Q4,TGO,2014,32.08528900146484,,
ROFST.H.3.Q4,TGO,2017,28.6601390838623,,
ROFST.H.3.Q4.F,TGO,2006,54.05913925170898,,
ROFST.H.3.Q4.F,TGO,2010,38.22227096557617,,
ROFST.H.3.Q4.F,TGO,2014,41.21165084838867,,
ROFST.H.3.Q4.F,TGO,2017,33.04610061645508,,
ROFST.H.3.Q4.F.LPIA,TGO,2006,1.006579995155334,,
ROFST.H.3.Q4.F.LPIA,TGO,2010,1.196689963340759,,
ROFST.H.3.Q4.F.LPIA,TGO,2014,.8866900205612183,,
ROFST.H.3.Q4.F.LPIA,TGO,2017,1.007040023803711,,
ROFST.H.3.Q4.GPIA,TGO,2006,1.422670006752014,,
ROFST.H.3.Q4.GPIA,TGO,2010,1.419790029525757,,
ROFST.H.3.Q4.GPIA,TGO,2014,1.408220052719116,,
ROFST.H.3.Q4.GPIA,TGO,2017,1.258499979972839,,
ROFST.H.3.Q4.LPIA,TGO,2006,.9556099772453308,,
ROFST.H.3.Q4.LPIA,TGO,2010,.9135800004005432,,
ROFST.H.3.Q4.LPIA,TGO,2014,.8420600295066833,,
ROFST.H.3.Q4.LPIA,TGO,2017,1.017240047454834,,
ROFST.H.3.Q4.M,TGO,2006,31.20978927612305,,
ROFST.H.3.Q4.M,TGO,2010,22.17708015441895,,
ROFST.H.3.Q4.M,TGO,2014,24.38817977905273,,
ROFST.H.3.Q4.M,TGO,2017,24.50362014770508,,
ROFST.H.3.Q4.M.LPIA,TGO,2006,.8841300010681152,,
ROFST.H.3.Q4.M.LPIA,TGO,2010,.45524001121521,,
ROFST.H.3.Q4.M.LPIA,TGO,2014,.7564100027084351,,
ROFST.H.3.Q4.M.LPIA,TGO,2017,1.062870025634766,,
ROFST.H.3.Q5,TGO,2006,35.05545043945313,,
ROFST.H.3.Q5,TGO,2010,30.25645065307617,,
ROFST.H.3.Q5,TGO,2014,33.26108932495117,,
ROFST.H.3.Q5,TGO,2017,24.02947998046875,,
ROFST.H.3.Q5.F,TGO,2006,49.00944900512695,,
ROFST.H.3.Q5.F,TGO,2010,41.29465103149414,,
ROFST.H.3.Q5.F,TGO,2014,44.30456924438477,,
ROFST.H.3.Q5.F,TGO,2017,38.6590690612793,,
ROFST.H.3.Q5.F.LPIA,TGO,2017,.8754600286483765,,
ROFST.H.3.Q5.GPIA,TGO,2006,1.558150053024292,,
ROFST.H.3.Q5.GPIA,TGO,2010,1.62474000453949,,
ROFST.H.3.Q5.GPIA,TGO,2014,1.624519944190979,,
ROFST.H.3.Q5.GPIA,TGO,2017,1.795250058174133,,
ROFST.H.3.Q5.LPIA,TGO,2017,1.194509983062744,,
ROFST.H.3.Q5.M,TGO,2006,21.65494918823242,,
ROFST.H.3.Q5.M,TGO,2010,15.49629020690918,,
ROFST.H.3.Q5.M,TGO,2014,16.6355094909668,,
ROFST.H.3.Q5.M,TGO,2017,7.915500164031982,,
ROFST.H.3.Q5.M.LPIA,TGO,2017,1.692909955978394,,
ROFST.H.3.RUR,TGO,2006,51.19717025756836,,
ROFST.H.3.RUR,TGO,2010,46.24214935302734,,
ROFST.H.3.RUR,TGO,2014,37.91189956665039,,
ROFST.H.3.RUR,TGO,2017,31.80331039428711,,
ROFST.H.3.RUR,TGO,2018,49.32656097412109,,
ROFST.H.3.RUR,TGO,2021,50.21345901489258,,
ROFST.H.3.RUR.F,TGO,2006,66.41651153564453,,
ROFST.H.3.RUR.F,TGO,2010,59.38698959350586,,
ROFST.H.3.RUR.F,TGO,2014,50.34548950195313,,
ROFST.H.3.RUR.F,TGO,2017,42.72100067138672,,
ROFST.H.3.RUR.F,TGO,2018,59.38856887817383,,
ROFST.H.3.RUR.F,TGO,2021,59.45914077758789,,
ROFST.H.3.RUR.F.WPIA,TGO,2017,1.297250032424927,,
ROFST.H.3.RUR.GPIA,TGO,2006,1.369670033454895,,
ROFST.H.3.RUR.GPIA,TGO,2010,1.411020040512085,,
ROFST.H.3.RUR.GPIA,TGO,2014,1.437299966812134,,
ROFST.H.3.RUR.GPIA,TGO,2017,1.458510041236877,,
ROFST.H.3.RUR.GPIA,TGO,2018,1.346040010452271,,
ROFST.H.3.RUR.GPIA,TGO,2021,1.316769957542419,,
ROFST.H.3.RUR.M,TGO,2006,41.86463928222656,,
ROFST.H.3.RUR.M,TGO,2010,34.97787094116211,,
ROFST.H.3.RUR.M,TGO,2014,28.32937049865723,,
ROFST.H.3.RUR.M,TGO,2017,23.13278961181641,,
ROFST.H.3.RUR.M,TGO,2018,38.83787155151367,,
ROFST.H.3.RUR.M,TGO,2021,40.62440872192383,,
ROFST.H.3.RUR.M.WPIA,TGO,2017,1.288380026817322,,
ROFST.H.3.RUR.Q1,TGO,2006,59.56039810180664,,
ROFST.H.3.RUR.Q1,TGO,2010,48.74377822875977,,
ROFST.H.3.RUR.Q1,TGO,2014,44.38702011108398,,
ROFST.H.3.RUR.Q1,TGO,2017,37.56512832641602,,
ROFST.H.3.RUR.Q1.F,TGO,2006,83.62641143798828,,
ROFST.H.3.RUR.Q1.F,TGO,2010,64.13096618652344,,
ROFST.H.3.RUR.Q1.F,TGO,2014,57.42319107055664,,
ROFST.H.3.RUR.Q1.F,TGO,2017,49.04159927368164,,
ROFST.H.3.RUR.Q1.GPIA,TGO,2006,1.433369994163513,,
ROFST.H.3.RUR.Q1.GPIA,TGO,2010,1.408980011940002,,
ROFST.H.3.RUR.Q1.GPIA,TGO,2014,1.368759989738464,,
ROFST.H.3.RUR.Q1.GPIA,TGO,2017,1.405189990997314,,
ROFST.H.3.RUR.Q1.M,TGO,2006,47.38515853881836,,
ROFST.H.3.RUR.Q1.M,TGO,2010,37.90264892578125,,
ROFST.H.3.RUR.Q1.M,TGO,2014,36.2476806640625,,
ROFST.H.3.RUR.Q1.M,TGO,2017,29.17038917541504,,
ROFST.H.3.RUR.Q2,TGO,2006,56.52688980102539,,
ROFST.H.3.RUR.Q2,TGO,2010,42.45989990234375,,
ROFST.H.3.RUR.Q2,TGO,2014,38.22994995117188,,
ROFST.H.3.RUR.Q2,TGO,2017,29.94227027893066,,
ROFST.H.3.RUR.Q2.F,TGO,2006,67.22804260253906,,
ROFST.H.3.RUR.Q2.F,TGO,2010,55.29973983764648,,
ROFST.H.3.RUR.Q2.F,TGO,2014,52.20803070068359,,
ROFST.H.3.RUR.Q2.F,TGO,2017,37.11708831787109,,
ROFST.H.3.RUR.Q2.GPIA,TGO,2006,1.261839985847473,,
ROFST.H.3.RUR.Q2.GPIA,TGO,2010,1.387320041656494,,
ROFST.H.3.RUR.Q2.GPIA,TGO,2014,1.470420002937317,,
ROFST.H.3.RUR.Q2.GPIA,TGO,2017,1.32712996006012,,
ROFST.H.3.RUR.Q2.M,TGO,2006,49.62477874755859,,
ROFST.H.3.RUR.Q2.M,TGO,2010,33.88103103637695,,
ROFST.H.3.RUR.Q2.M,TGO,2014,27.64856910705566,,
ROFST.H.3.RUR.Q2.M,TGO,2017,24.97491073608398,,
ROFST.H.3.RUR.Q3,TGO,2006,43.84368896484375,,
ROFST.H.3.RUR.Q3,TGO,2010,34.6497802734375,,
ROFST.H.3.RUR.Q3,TGO,2014,33.2452507019043,,
ROFST.H.3.RUR.Q3,TGO,2017,29.16041946411133,,
ROFST.H.3.RUR.Q3.F,TGO,2006,59.55569839477539,,
ROFST.H.3.RUR.Q3.F,TGO,2010,46.24441909790039,,
ROFST.H.3.RUR.Q3.F,TGO,2014,45.78701019287109,,
ROFST.H.3.RUR.Q3.F,TGO,2017,47.4180793762207,,
ROFST.H.3.RUR.Q3.GPIA,TGO,2006,1.434640049934387,,
ROFST.H.3.RUR.Q3.GPIA,TGO,2010,1.509879946708679,,
ROFST.H.3.RUR.Q3.GPIA,TGO,2014,1.526190042495728,,
ROFST.H.3.RUR.Q3.GPIA,TGO,2017,1.726209998130798,,
ROFST.H.3.RUR.Q3.M,TGO,2006,33.67047119140625,,
ROFST.H.3.RUR.Q3.M,TGO,2010,22.66552925109863,,
ROFST.H.3.RUR.Q3.M,TGO,2014,21.69449043273926,,
ROFST.H.3.RUR.Q3.M,TGO,2017,12.98246955871582,,
ROFST.H.3.RUR.Q4,TGO,2006,39.02730941772461,,
ROFST.H.3.RUR.Q4,TGO,2010,27.19309997558594,,
ROFST.H.3.RUR.Q4,TGO,2014,27.89049911499023,,
ROFST.H.3.RUR.Q4,TGO,2017,29.04084968566895,,
ROFST.H.3.RUR.Q4.F,TGO,2006,54.31320953369141,,
ROFST.H.3.RUR.Q4.F,TGO,2010,43.68412017822266,,
ROFST.H.3.RUR.Q4.F,TGO,2014,37.40961074829102,,
ROFST.H.3.RUR.Q4.F,TGO,2017,33.22882080078125,,
ROFST.H.3.RUR.Q4.GPIA,TGO,2006,1.474990010261536,,
ROFST.H.3.RUR.Q4.GPIA,TGO,2010,1.725919961929321,,
ROFST.H.3.RUR.Q4.GPIA,TGO,2014,1.482609987258911,,
ROFST.H.3.RUR.Q4.GPIA,TGO,2017,1.226570010185242,,
ROFST.H.3.RUR.Q4.M,TGO,2006,28.51516914367676,,
ROFST.H.3.RUR.Q4.M,TGO,2010,11.97274017333984,,
ROFST.H.3.RUR.Q4.M,TGO,2014,19.35536956787109,,
ROFST.H.3.RUR.Q4.M,TGO,2017,25.70013999938965,,
ROFST.H.3.RUR.Q5,TGO,2017,28.94698905944824,,
ROFST.H.3.RUR.Q5.F,TGO,2017,34.46417999267578,,
ROFST.H.3.RUR.Q5.GPIA,TGO,2017,1.397690057754517,,
ROFST.H.3.RUR.Q5.M,TGO,2017,20.75827026367188,,
ROFST.H.3.RUR.WPIA,TGO,2017,1.229419946670532,,
ROFST.H.3.URB,TGO,2006,39.51165008544922,,
ROFST.H.3.URB,TGO,2010,35.71329116821289,,
ROFST.H.3.URB,TGO,2014,33.35697937011719,,
ROFST.H.3.URB,TGO,2017,26.80330085754395,,
ROFST.H.3.URB,TGO,2018,32.99782943725586,,
ROFST.H.3.URB,TGO,2021,27.21085929870605,,
ROFST.H.3.URB.F,TGO,2006,55.04816818237305,,
ROFST.H.3.URB.F,TGO,2010,46.14249038696289,,
ROFST.H.3.URB.F,TGO,2014,43.65914916992188,,
ROFST.H.3.URB.F,TGO,2017,37.40896987915039,,
ROFST.H.3.URB.F,TGO,2018,39.59574127197266,,
ROFST.H.3.URB.F,TGO,2021,27.12273025512695,,
ROFST.H.3.URB.GPIA,TGO,2006,1.507500052452087,,
ROFST.H.3.URB.GPIA,TGO,2010,1.467139959335327,,
ROFST.H.3.URB.GPIA,TGO,2014,1.506150007247925,,
ROFST.H.3.URB.GPIA,TGO,2017,1.560850024223328,,
ROFST.H.3.URB.GPIA,TGO,2018,1.33407998085022,,
ROFST.H.3.URB.GPIA,TGO,2021,.9931899905204773,,
ROFST.H.3.URB.M,TGO,2006,27.11141967773438,,
ROFST.H.3.URB.M,TGO,2010,24.58766937255859,,
ROFST.H.3.URB.M,TGO,2014,21.56092071533203,,
ROFST.H.3.URB.M,TGO,2017,16.42832946777344,,
ROFST.H.3.URB.M,TGO,2018,26.36774063110352,,
ROFST.H.3.URB.M,TGO,2021,27.3088207244873,,
ROFST.H.3.URB.Q2,TGO,2006,57.22922134399414,,
ROFST.H.3.URB.Q3,TGO,2006,46.17996978759766,,
ROFST.H.3.URB.Q3,TGO,2010,22.84803009033203,,
ROFST.H.3.URB.Q3,TGO,2014,33.27180099487305,,
ROFST.H.3.URB.Q3,TGO,2017,31.82398986816406,,
ROFST.H.3.URB.Q3.F,TGO,2006,74.97392272949219,,
ROFST.H.3.URB.Q3.F,TGO,2010,25.4808406829834,,
ROFST.H.3.URB.Q3.F,TGO,2017,43.74151992797852,,
ROFST.H.3.URB.Q3.GPIA,TGO,2006,1.645740032196045,,
ROFST.H.3.URB.Q3.GPIA,TGO,2010,1.203109979629517,,
ROFST.H.3.URB.Q3.GPIA,TGO,2017,1.467720031738281,,
ROFST.H.3.URB.Q3.M,TGO,2006,26.55990028381348,,
ROFST.H.3.URB.Q3.M,TGO,2010,20.30536079406738,,
ROFST.H.3.URB.Q3.M,TGO,2017,23.28253936767578,,
ROFST.H.3.URB.Q4,TGO,2006,40.84038925170898,,
ROFST.H.3.URB.Q4,TGO,2010,29.76553916931152,,
ROFST.H.3.URB.Q4,TGO,2014,33.12178039550781,,
ROFST.H.3.URB.Q4,TGO,2017,28.54022979736328,,
ROFST.H.3.URB.Q4.F,TGO,2006,53.95590972900391,,
ROFST.H.3.URB.Q4.F,TGO,2010,35.09210968017578,,
ROFST.H.3.URB.Q4.F,TGO,2014,42.19041061401367,,
ROFST.H.3.URB.Q4.F,TGO,2017,32.99502944946289,,
ROFST.H.3.URB.Q4.GPIA,TGO,2006,1.402250051498413,,
ROFST.H.3.URB.Q4.GPIA,TGO,2010,1.250550031661987,,
ROFST.H.3.URB.Q4.GPIA,TGO,2014,1.393499970436096,,
ROFST.H.3.URB.Q4.GPIA,TGO,2017,1.270059943199158,,
ROFST.H.3.URB.Q4.M,TGO,2006,32.25212097167969,,
ROFST.H.3.URB.Q4.M,TGO,2010,26.29978942871094,,
ROFST.H.3.URB.Q4.M,TGO,2014,25.58849906921387,,
ROFST.H.3.URB.Q4.M,TGO,2017,24.08428001403809,,
ROFST.H.3.URB.Q5,TGO,2006,35.19736099243164,,
ROFST.H.3.URB.Q5,TGO,2010,32.77462005615234,,
ROFST.H.3.URB.Q5,TGO,2014,33.33613967895508,,
ROFST.H.3.URB.Q5,TGO,2017,23.31649017333984,,
ROFST.H.3.URB.Q5.F,TGO,2006,50.01449966430664,,
ROFST.H.3.URB.Q5.F,TGO,2010,43.34415817260742,,
ROFST.H.3.URB.Q5.F,TGO,2014,44.32939910888672,,
ROFST.H.3.URB.Q5.F,TGO,2017,39.36672973632813,,
ROFST.H.3.URB.Q5.GPIA,TGO,2006,1.579239964485168,,
ROFST.H.3.URB.Q5.GPIA,TGO,2010,1.595409989356995,,
ROFST.H.3.URB.Q5.GPIA,TGO,2014,1.618829965591431,,
ROFST.H.3.URB.Q5.GPIA,TGO,2017,1.838070034980774,,
ROFST.H.3.URB.Q5.M,TGO,2006,21.04385948181152,,
ROFST.H.3.URB.Q5.M,TGO,2010,17.53656959533691,,
ROFST.H.3.URB.Q5.M,TGO,2014,16.89701080322266,,
ROFST.H.3.URB.Q5.M,TGO,2017,6.374730110168457,,
ROFST.H.3.WPIA,TGO,2006,1.414340019226074,,
ROFST.H.3.WPIA,TGO,2010,1.380489945411682,,
ROFST.H.3.WPIA,TGO,2014,1.244230031967163,,
ROFST.H.3.WPIA,TGO,2017,1.360319972038269,,
ROFST.MOD.1,TGO,2000,27.79999923706055,,
ROFST.MOD.1,TGO,2001,25.70000076293945,,
ROFST.MOD.1,TGO,2002,23.60000038146973,,
ROFST.MOD.1,TGO,2003,21.79999923706055,,
ROFST.MOD.1,TGO,2004,20.20000076293945,,
ROFST.MOD.1,TGO,2005,18.70000076293945,,
ROFST.MOD.1,TGO,2006,17.39999961853027,,
ROFST.MOD.1,TGO,2007,16.10000038146973,,
ROFST.MOD.1,TGO,2008,15.10000038146973,,
ROFST.MOD.1,TGO,2009,14.19999980926514,,
ROFST.MOD.1,TGO,2010,13.30000019073486,,
ROFST.MOD.1,TGO,2011,12.30000019073486,,
ROFST.MOD.1,TGO,2012,11.39999961853027,,
ROFST.MOD.1,TGO,2013,10.80000019073486,,
ROFST.MOD.1,TGO,2014,10.60000038146973,,
ROFST.MOD.1,TGO,2015,10.60000038146973,,
ROFST.MOD.1,TGO,2016,10.5,,
ROFST.MOD.1,TGO,2017,10.10000038146973,,
ROFST.MOD.1,TGO,2018,9.300000190734863,,
ROFST.MOD.1,TGO,2019,8.399999618530273,,
ROFST.MOD.1,TGO,2020,7.300000190734863,,
ROFST.MOD.1,TGO,2021,6,,
ROFST.MOD.1,TGO,2022,4.599999904632568,,
ROFST.MOD.1,TGO,2023,3.599999904632568,,
ROFST.MOD.1,TGO,2024,2.900000095367432,,
ROFST.MOD.1,TGO,2025,2.400000095367432,,
ROFST.MOD.1.F,TGO,2000,34.5,,
ROFST.MOD.1.F,TGO,2001,32.09999847412109,,
ROFST.MOD.1.F,TGO,2002,29.70000076293945,,
ROFST.MOD.1.F,TGO,2003,27.29999923706055,,
ROFST.MOD.1.F,TGO,2004,25.20000076293945,,
ROFST.MOD.1.F,TGO,2005,23.20000076293945,,
ROFST.MOD.1.F,TGO,2006,21.60000038146973,,
ROFST.MOD.1.F,TGO,2007,19.79999923706055,,
ROFST.MOD.1.F,TGO,2008,18,,
ROFST.MOD.1.F,TGO,2009,16.60000038146973,,
ROFST.MOD.1.F,TGO,2010,15.30000019073486,,
ROFST.MOD.1.F,TGO,2011,14.10000038146973,,
ROFST.MOD.1.F,TGO,2012,12.80000019073486,,
ROFST.MOD.1.F,TGO,2013,12,,
ROFST.MOD.1.F,TGO,2014,11.60000038146973,,
ROFST.MOD.1.F,TGO,2015,11.30000019073486,,
ROFST.MOD.1.F,TGO,2016,10.89999961853027,,
ROFST.MOD.1.F,TGO,2017,10.30000019073486,,
ROFST.MOD.1.F,TGO,2018,9.300000190734863,,
ROFST.MOD.1.F,TGO,2019,8.300000190734863,,
ROFST.MOD.1.F,TGO,2020,7.099999904632568,,
ROFST.MOD.1.F,TGO,2021,5.699999809265137,,
ROFST.MOD.1.F,TGO,2022,4.5,,
ROFST.MOD.1.F,TGO,2023,3.5,,
ROFST.MOD.1.F,TGO,2024,2.799999952316284,,
ROFST.MOD.1.F,TGO,2025,2.400000095367432,,
ROFST.MOD.1.GPIA,TGO,2000,1.388405799865723,,
ROFST.MOD.1.GPIA,TGO,2001,1.398753881454468,,
ROFST.MOD.1.GPIA,TGO,2002,1.407407402992249,,
ROFST.MOD.1.GPIA,TGO,2003,1.399267435073853,,
ROFST.MOD.1.GPIA,TGO,2004,1.392857193946838,,
ROFST.MOD.1.GPIA,TGO,2005,1.387931108474731,,
ROFST.MOD.1.GPIA,TGO,2006,1.388888955116272,,
ROFST.MOD.1.GPIA,TGO,2007,1.36868679523468,,
ROFST.MOD.1.GPIA,TGO,2008,1.322222232818604,,
ROFST.MOD.1.GPIA,TGO,2009,1.283132553100586,,
ROFST.MOD.1.GPIA,TGO,2010,1.254902005195618,,
ROFST.MOD.1.GPIA,TGO,2011,1.248227000236511,,
ROFST.MOD.1.GPIA,TGO,2012,1.2265625,,
ROFST.MOD.1.GPIA,TGO,2013,1.199999928474426,,
ROFST.MOD.1.GPIA,TGO,2014,1.163793206214905,,
ROFST.MOD.1.GPIA,TGO,2015,1.132743358612061,,
ROFST.MOD.1.GPIA,TGO,2016,1.073394417762756,,
ROFST.MOD.1.GPIA,TGO,2017,1.038835048675537,,
ROFST.MOD.1.GPIA,TGO,2018,1,,
ROFST.MOD.1.GPIA,TGO,2019,.9764705896377563,,
ROFST.MOD.1.GPIA,TGO,2020,.9466666579246521,,
ROFST.MOD.1.GPIA,TGO,2021,.9193548560142517,,
ROFST.MOD.1.GPIA,TGO,2022,.9374999403953552,,
ROFST.MOD.1.GPIA,TGO,2023,.9722222685813904,,
ROFST.MOD.1.GPIA,TGO,2024,.9655172228813171,,
ROFST.MOD.1.GPIA,TGO,2025,1,,
ROFST.MOD.1.M,TGO,2000,21.10000038146973,,
ROFST.MOD.1.M,TGO,2001,19.29999923706055,,
ROFST.MOD.1.M,TGO,2002,17.60000038146973,,
ROFST.MOD.1.M,TGO,2003,16.39999961853027,,
ROFST.MOD.1.M,TGO,2004,15.30000019073486,,
ROFST.MOD.1.M,TGO,2005,14.19999980926514,,
ROFST.MOD.1.M,TGO,2006,13.19999980926514,,
ROFST.MOD.1.M,TGO,2007,12.5,,
ROFST.MOD.1.M,TGO,2008,12.19999980926514,,
ROFST.MOD.1.M,TGO,2009,11.89999961853027,,
ROFST.MOD.1.M,TGO,2010,11.39999961853027,,
ROFST.MOD.1.M,TGO,2011,10.60000038146973,,
ROFST.MOD.1.M,TGO,2012,9.899999618530273,,
ROFST.MOD.1.M,TGO,2013,9.600000381469727,,
ROFST.MOD.1.M,TGO,2014,9.699999809265137,,
ROFST.MOD.1.M,TGO,2015,9.800000190734863,,
ROFST.MOD.1.M,TGO,2016,10.10000038146973,,
ROFST.MOD.1.M,TGO,2017,9.899999618530273,,
ROFST.MOD.1.M,TGO,2018,9.300000190734863,,
ROFST.MOD.1.M,TGO,2019,8.5,,
ROFST.MOD.1.M,TGO,2020,7.5,,
ROFST.MOD.1.M,TGO,2021,6.199999809265137,,
ROFST.MOD.1.M,TGO,2022,4.800000190734863,,
ROFST.MOD.1.M,TGO,2023,3.599999904632568,,
ROFST.MOD.1.M,TGO,2024,2.900000095367432,,
ROFST.MOD.1.M,TGO,2025,2.400000095367432,,
ROFST.MOD.2,TGO,2000,45,,
ROFST.MOD.2,TGO,2001,44.59999847412109,,
ROFST.MOD.2,TGO,2002,43,,
ROFST.MOD.2,TGO,2003,40.40000152587891,,
ROFST.MOD.2,TGO,2004,37.70000076293945,,
ROFST.MOD.2,TGO,2005,35.20000076293945,,
ROFST.MOD.2,TGO,2006,33.20000076293945,,
ROFST.MOD.2,TGO,2007,31.89999961853027,,
ROFST.MOD.2,TGO,2008,30.70000076293945,,
ROFST.MOD.2,TGO,2009,29.39999961853027,,
ROFST.MOD.2,TGO,2010,28.10000038146973,,
ROFST.MOD.2,TGO,2011,26.60000038146973,,
ROFST.MOD.2,TGO,2012,25.70000076293945,,
ROFST.MOD.2,TGO,2013,25,,
ROFST.MOD.2,TGO,2014,24.5,,
ROFST.MOD.2,TGO,2015,24.39999961853027,,
ROFST.MOD.2,TGO,2016,24,,
ROFST.MOD.2,TGO,2017,23.29999923706055,,
ROFST.MOD.2,TGO,2018,22.39999961853027,,
ROFST.MOD.2,TGO,2019,21.5,,
ROFST.MOD.2,TGO,2020,21.5,,
ROFST.MOD.2,TGO,2021,22.5,,
ROFST.MOD.2,TGO,2022,23.89999961853027,,
ROFST.MOD.2,TGO,2023,24.5,,
ROFST.MOD.2,TGO,2024,23.20000076293945,,
ROFST.MOD.2,TGO,2025,20.5,,
ROFST.MOD.2.F,TGO,2000,54.70000076293945,,
ROFST.MOD.2.F,TGO,2001,54.79999923706055,,
ROFST.MOD.2.F,TGO,2002,53.70000076293945,,
ROFST.MOD.2.F,TGO,2003,51.5,,
ROFST.MOD.2.F,TGO,2004,49.09999847412109,,
ROFST.MOD.2.F,TGO,2005,46.5,,
ROFST.MOD.2.F,TGO,2006,44.09999847412109,,
ROFST.MOD.2.F,TGO,2007,42.29999923706055,,
ROFST.MOD.2.F,TGO,2008,40.59999847412109,,
ROFST.MOD.2.F,TGO,2009,38.90000152587891,,
ROFST.MOD.2.F,TGO,2010,37.20000076293945,,
ROFST.MOD.2.F,TGO,2011,35.09999847412109,,
ROFST.MOD.2.F,TGO,2012,33.70000076293945,,
ROFST.MOD.2.F,TGO,2013,32.40000152587891,,
ROFST.MOD.2.F,TGO,2014,31,,
ROFST.MOD.2.F,TGO,2015,29.89999961853027,,
ROFST.MOD.2.F,TGO,2016,28.5,,
ROFST.MOD.2.F,TGO,2017,27,,
ROFST.MOD.2.F,TGO,2018,25.70000076293945,,
ROFST.MOD.2.F,TGO,2019,24.70000076293945,,
ROFST.MOD.2.F,TGO,2020,24.39999961853027,,
ROFST.MOD.2.F,TGO,2021,24.60000038146973,,
ROFST.MOD.2.F,TGO,2022,25,,
ROFST.MOD.2.F,TGO,2023,24.60000038146973,,
ROFST.MOD.2.F,TGO,2024,22.70000076293945,,
ROFST.MOD.2.F,TGO,2025,19.70000076293945,,
ROFST.MOD.2.GPIA,TGO,2000,1.354661822319031,,
ROFST.MOD.2.GPIA,TGO,2001,1.370437979698181,,
ROFST.MOD.2.GPIA,TGO,2002,1.396648049354553,,
ROFST.MOD.2.GPIA,TGO,2003,1.429126262664795,,
ROFST.MOD.2.GPIA,TGO,2004,1.458248496055603,,
ROFST.MOD.2.GPIA,TGO,2005,1.481720447540283,,
ROFST.MOD.2.GPIA,TGO,2006,1.489795923233032,,
ROFST.MOD.2.GPIA,TGO,2007,1.486997604370117,,
ROFST.MOD.2.GPIA,TGO,2008,1.48522162437439,,
ROFST.MOD.2.GPIA,TGO,2009,1.483290553092957,,
ROFST.MOD.2.GPIA,TGO,2010,1.483870983123779,,
ROFST.MOD.2.GPIA,TGO,2011,1.47863245010376,,
ROFST.MOD.2.GPIA,TGO,2012,1.471810102462769,,
ROFST.MOD.2.GPIA,TGO,2013,1.453703761100769,,
ROFST.MOD.2.GPIA,TGO,2014,1.416128993034363,,
ROFST.MOD.2.GPIA,TGO,2015,1.367892980575562,,
ROFST.MOD.2.GPIA,TGO,2016,1.308771848678589,,
ROFST.MOD.2.GPIA,TGO,2017,1.270370364189148,,
ROFST.MOD.2.GPIA,TGO,2018,1.25680935382843,,
ROFST.MOD.2.GPIA,TGO,2019,1.255060791969299,,
ROFST.MOD.2.GPIA,TGO,2020,1.2295081615448,,
ROFST.MOD.2.GPIA,TGO,2021,1.166666626930237,,
ROFST.MOD.2.GPIA,TGO,2022,1.083999991416931,,
ROFST.MOD.2.GPIA,TGO,2023,1.008130073547363,,
ROFST.MOD.2.GPIA,TGO,2024,.9537816047668457,,
ROFST.MOD.2.GPIA,TGO,2025,.924882709980011,,
ROFST.MOD.2.M,TGO,2000,35.29999923706055,,
ROFST.MOD.2.M,TGO,2001,34.5,,
ROFST.MOD.2.M,TGO,2002,32.40000152587891,,
ROFST.MOD.2.M,TGO,2003,29.39999961853027,,
ROFST.MOD.2.M,TGO,2004,26.60000038146973,,
ROFST.MOD.2.M,TGO,2005,24.10000038146973,,
ROFST.MOD.2.M,TGO,2006,22.5,,
ROFST.MOD.2.M,TGO,2007,21.70000076293945,,
ROFST.MOD.2.M,TGO,2008,20.89999961853027,,
ROFST.MOD.2.M,TGO,2009,20.10000038146973,,
ROFST.MOD.2.M,TGO,2010,19.20000076293945,,
ROFST.MOD.2.M,TGO,2011,18.29999923706055,,
ROFST.MOD.2.M,TGO,2012,17.79999923706055,,
ROFST.MOD.2.M,TGO,2013,17.70000076293945,,
ROFST.MOD.2.M,TGO,2014,18.10000038146973,,
ROFST.MOD.2.M,TGO,2015,18.89999961853027,,
ROFST.MOD.2.M,TGO,2016,19.70000076293945,,
ROFST.MOD.2.M,TGO,2017,19.70000076293945,,
ROFST.MOD.2.M,TGO,2018,19.10000038146973,,
ROFST.MOD.2.M,TGO,2019,18.39999961853027,,
ROFST.MOD.2.M,TGO,2020,18.79999923706055,,
ROFST.MOD.2.M,TGO,2021,20.5,,
ROFST.MOD.2.M,TGO,2022,22.89999961853027,,
ROFST.MOD.2.M,TGO,2023,24.39999961853027,,
ROFST.MOD.2.M,TGO,2024,23.79999923706055,,
ROFST.MOD.2.M,TGO,2025,21.29999923706055,,
ROFST.MOD.3,TGO,2000,62.20000076293945,,
ROFST.MOD.3,TGO,2001,63.09999847412109,,
ROFST.MOD.3,TGO,2002,64.90000152587891,,
ROFST.MOD.3,TGO,2003,66.19999694824219,,
ROFST.MOD.3,TGO,2004,66.30000305175781,,
ROFST.MOD.3,TGO,2005,65.19999694824219,,
ROFST.MOD.3,TGO,2006,63,,
ROFST.MOD.3,TGO,2007,60.20000076293945,,
ROFST.MOD.3,TGO,2008,57.40000152587891,,
ROFST.MOD.3,TGO,2009,55.20000076293945,,
ROFST.MOD.3,TGO,2010,54,,
ROFST.MOD.3,TGO,2011,53.20000076293945,,
ROFST.MOD.3,TGO,2012,52.40000152587891,,
ROFST.MOD.3,TGO,2013,51.5,,
ROFST.MOD.3,TGO,2014,50.79999923706055,,
ROFST.MOD.3,TGO,2015,50.20000076293945,,
ROFST.MOD.3,TGO,2016,50.5,,
ROFST.MOD.3,TGO,2017,51,,
ROFST.MOD.3,TGO,2018,52,,
ROFST.MOD.3,TGO,2019,53,,
ROFST.MOD.3,TGO,2020,53.5,,
ROFST.MOD.3,TGO,2021,53,,
ROFST.MOD.3,TGO,2022,51.90000152587891,,
ROFST.MOD.3,TGO,2023,51.90000152587891,,
ROFST.MOD.3,TGO,2024,53.70000076293945,,
ROFST.MOD.3,TGO,2025,56.40000152587891,,
ROFST.MOD.3.F,TGO,2000,70.80000305175781,,
ROFST.MOD.3.F,TGO,2001,71.69999694824219,,
ROFST.MOD.3.F,TGO,2002,73.59999847412109,,
ROFST.MOD.3.F,TGO,2003,75.40000152587891,,
ROFST.MOD.3.F,TGO,2004,75.90000152587891,,
ROFST.MOD.3.F,TGO,2005,75.30000305175781,,
ROFST.MOD.3.F,TGO,2006,73.90000152587891,,
ROFST.MOD.3.F,TGO,2007,72,,
ROFST.MOD.3.F,TGO,2008,69.80000305175781,,
ROFST.MOD.3.F,TGO,2009,67.80000305175781,,
ROFST.MOD.3.F,TGO,2010,66.09999847412109,,
ROFST.MOD.3.F,TGO,2011,65,,
ROFST.MOD.3.F,TGO,2012,64.09999847412109,,
ROFST.MOD.3.F,TGO,2013,63.20000076293945,,
ROFST.MOD.3.F,TGO,2014,62.20000076293945,,
ROFST.MOD.3.F,TGO,2015,61.20000076293945,,
ROFST.MOD.3.F,TGO,2016,61.09999847412109,,
ROFST.MOD.3.F,TGO,2017,61,,
ROFST.MOD.3.F,TGO,2018,60.70000076293945,,
ROFST.MOD.3.F,TGO,2019,60,,
ROFST.MOD.3.F,TGO,2020,59.5,,
ROFST.MOD.3.F,TGO,2021,58.79999923706055,,
ROFST.MOD.3.F,TGO,2022,57.79999923706055,,
ROFST.MOD.3.F,TGO,2023,57.29999923706055,,
ROFST.MOD.3.F,TGO,2024,58.29999923706055,,
ROFST.MOD.3.F,TGO,2025,59.40000152587891,,
ROFST.MOD.3.GPIA,TGO,2000,1.240113019943237,,
ROFST.MOD.3.GPIA,TGO,2001,1.238493680953979,,
ROFST.MOD.3.GPIA,TGO,2002,1.23641300201416,,
ROFST.MOD.3.GPIA,TGO,2003,1.241379261016846,,
ROFST.MOD.3.GPIA,TGO,2004,1.251646876335144,,
ROFST.MOD.3.GPIA,TGO,2005,1.266932249069214,,
ROFST.MOD.3.GPIA,TGO,2006,1.290933728218079,,
ROFST.MOD.3.GPIA,TGO,2007,1.325000047683716,,
ROFST.MOD.3.GPIA,TGO,2008,1.353868246078491,,
ROFST.MOD.3.GPIA,TGO,2009,1.367256641387939,,
ROFST.MOD.3.GPIA,TGO,2010,1.364599108695984,,
ROFST.MOD.3.GPIA,TGO,2011,1.361538410186768,,
ROFST.MOD.3.GPIA,TGO,2012,1.361934423446655,,
ROFST.MOD.3.GPIA,TGO,2013,1.365506410598755,,
ROFST.MOD.3.GPIA,TGO,2014,1.363344073295593,,
ROFST.MOD.3.GPIA,TGO,2015,1.354575157165527,,
ROFST.MOD.3.GPIA,TGO,2016,1.345335483551025,,
ROFST.MOD.3.GPIA,TGO,2017,1.32459020614624,,
ROFST.MOD.3.GPIA,TGO,2018,1.281713366508484,,
ROFST.MOD.3.GPIA,TGO,2019,1.231666684150696,,
ROFST.MOD.3.GPIA,TGO,2020,1.200000047683716,,
ROFST.MOD.3.GPIA,TGO,2021,1.195578217506409,,
ROFST.MOD.3.GPIA,TGO,2022,1.198961973190308,,
ROFST.MOD.3.GPIA,TGO,2023,1.188481688499451,,
ROFST.MOD.3.GPIA,TGO,2024,1.156089186668396,,
ROFST.MOD.3.GPIA,TGO,2025,1.101010084152222,,
ROFST.MOD.3.M,TGO,2000,53.79999923706055,,
ROFST.MOD.3.M,TGO,2001,54.59999847412109,,
ROFST.MOD.3.M,TGO,2002,56.20000076293945,,
ROFST.MOD.3.M,TGO,2003,57.20000076293945,,
ROFST.MOD.3.M,TGO,2004,56.79999923706055,,
ROFST.MOD.3.M,TGO,2005,55.20000076293945,,
ROFST.MOD.3.M,TGO,2006,52.40000152587891,,
ROFST.MOD.3.M,TGO,2007,48.59999847412109,,
ROFST.MOD.3.M,TGO,2008,45.09999847412109,,
ROFST.MOD.3.M,TGO,2009,42.90000152587891,,
ROFST.MOD.3.M,TGO,2010,42,,
ROFST.MOD.3.M,TGO,2011,41.5,,
ROFST.MOD.3.M,TGO,2012,40.90000152587891,,
ROFST.MOD.3.M,TGO,2013,40.09999847412109,,
ROFST.MOD.3.M,TGO,2014,39.59999847412109,,
ROFST.MOD.3.M,TGO,2015,39.5,,
ROFST.MOD.3.M,TGO,2016,40,,
ROFST.MOD.3.M,TGO,2017,41.20000076293945,,
ROFST.MOD.3.M,TGO,2018,43.59999847412109,,
ROFST.MOD.3.M,TGO,2019,46.09999847412109,,
ROFST.MOD.3.M,TGO,2020,47.59999847412109,,
ROFST.MOD.3.M,TGO,2021,47.29999923706055,,
ROFST.MOD.3.M,TGO,2022,46.29999923706055,,
ROFST.MOD.3.M,TGO,2023,46.5,,
ROFST.MOD.3.M,TGO,2024,49.20000076293945,,
ROFST.MOD.3.M,TGO,2025,53.40000152587891,,
SCHBSP.1.WCOMPUT,TGO,2018,2.601233574684902,,
SCHBSP.1.WCOMPUT,TGO,2020,2.280212819863187,,
SCHBSP.1.WCOMPUT,TGO,2021,2.635832400845456,,
SCHBSP.1.WCOMPUT,TGO,2022,3.282088823816496,,
SCHBSP.1.WCOMPUT,TGO,2023,2.032371911889984,,
SCHBSP.1.WCOMPUT,TGO,2024,11.41445336627548,,
SCHBSP.1.WELEC,TGO,2014,14.17134952545166,,UIS_EST
SCHBSP.1.WELEC,TGO,2017,24.18318523581681,,
SCHBSP.1.WELEC,TGO,2018,24.95307052829177,,
SCHBSP.1.WELEC,TGO,2019,22.14072262972019,,
SCHBSP.1.WELEC,TGO,2020,22.71345325563719,,
SCHBSP.1.WELEC,TGO,2021,25.02797463632972,,
SCHBSP.1.WELEC,TGO,2022,28.66032210834553,,
SCHBSP.1.WELEC,TGO,2023,35.56042351223074,,
SCHBSP.1.WELEC,TGO,2024,38.27053736874614,,
SCHBSP.1.WINFSTUDIS,TGO,2020,2.482898403851026,,
SCHBSP.1.WINFSTUDIS,TGO,2021,2.436901653611836,,
SCHBSP.1.WINFSTUDIS,TGO,2022,2.391410444119082,,
SCHBSP.1.WINFSTUDIS,TGO,2023,19.0215407082877,,
SCHBSP.1.WINFSTUDIS,TGO,2024,22.97714638665843,,
SCHBSP.1.WINTERN,TGO,2020,.4813782619711173,,
SCHBSP.1.WINTERN,TGO,2021,.7584234738281735,,
SCHBSP.1.WINTERN,TGO,2022,.8052708638360175,,
SCHBSP.1.WINTERN,TGO,2023,1.204819277108434,,
SCHBSP.1.WINTERN,TGO,2024,1.692402717726992,,
SCHBSP.1.WTOILA,TGO,2020,6.511274385609324,,
SCHBSP.1.WTOILA,TGO,2021,6.39065025488002,,
SCHBSP.1.WTOILA,TGO,2022,6.27135187896535,,
SCHBSP.1.WTOILA,TGO,2023,26.63989290495314,,
SCHBSP.1.WTOILA,TGO,2024,25.64546016059296,,
SCHBSP.1.WWASH,TGO,2019,19.45123607715295,,
SCHBSP.1.WWASH,TGO,2020,19.48315176083101,,
SCHBSP.1.WWASH,TGO,2021,47.75581250777073,,
SCHBSP.1.WWASH,TGO,2022,61.26159102000977,,
SCHBSP.1.WWASH,TGO,2023,83.69234513812826,,
SCHBSP.1.WWASH,TGO,2024,74.58925262507721,,
SCHBSP.1.WWATA,TGO,2014,17.7405891418457,,UIS_EST
SCHBSP.1.WWATA,TGO,2017,20.20505809979494,,
SCHBSP.1.WWATA,TGO,2019,39.82613420266232,,
SCHBSP.1.WWATA,TGO,2020,39.66303521662022,,
SCHBSP.1.WWATA,TGO,2021,41.81275643416635,,
SCHBSP.1.WWATA,TGO,2022,48.40165934602246,,
SCHBSP.1.WWATA,TGO,2023,56.46829743215286,,
SCHBSP.1.WWATA,TGO,2024,58.46819024088944,,
SCHBSP.2.WCOMPUT,TGO,2018,36.71388101983003,,
SCHBSP.2.WCOMPUT,TGO,2020,29.40019665683383,,
SCHBSP.2.WCOMPUT,TGO,2021,29.41449814126394,,
SCHBSP.2.WCOMPUT,TGO,2022,42.13333333333333,,
SCHBSP.2.WCOMPUT,TGO,2023,37.50537634408602,,
SCHBSP.2.WCOMPUT,TGO,2024,50.21929824561403,,
SCHBSP.2.WELEC,TGO,2017,65.56064073226545,,
SCHBSP.2.WELEC,TGO,2018,53.71104815864023,,
SCHBSP.2.WELEC,TGO,2019,43.15900686740623,,
SCHBSP.2.WELEC,TGO,2020,46.46017699115044,,
SCHBSP.2.WELEC,TGO,2021,51.20817843866171,,
SCHBSP.2.WELEC,TGO,2022,52.04444444444445,,
SCHBSP.2.WELEC,TGO,2023,64.64516129032259,,
SCHBSP.2.WELEC,TGO,2024,67.23684210526316,,
SCHBSP.2.WHIVSEXED,TGO,2021,1.20817843866171,,
SCHBSP.2.WINFSTUDIS,TGO,2020,7.571288102261553,,
SCHBSP.2.WINFSTUDIS,TGO,2021,7.156133828996282,,
SCHBSP.2.WINFSTUDIS,TGO,2022,6.844444444444445,,
SCHBSP.2.WINFSTUDIS,TGO,2023,25.11827956989247,,
SCHBSP.2.WINFSTUDIS,TGO,2024,29.42982456140351,,
SCHBSP.2.WINTERN,TGO,2020,4.277286135693215,,
SCHBSP.2.WINTERN,TGO,2021,5.018587360594796,,
SCHBSP.2.WINTERN,TGO,2022,7.244444444444445,,
SCHBSP.2.WINTERN,TGO,2023,11.6989247311828,,
SCHBSP.2.WINTERN,TGO,2024,15,,
SCHBSP.2.WTOILA,TGO,2020,26.54867256637169,,
SCHBSP.2.WTOILA,TGO,2021,25.09293680297397,,
SCHBSP.2.WTOILA,TGO,2022,24,,
SCHBSP.2.WTOILA,TGO,2023,15.87096774193549,,
SCHBSP.2.WTOILA,TGO,2024,14.73684210526316,,
SCHBSP.2.WWASH,TGO,2019,15.68938193343899,,
SCHBSP.2.WWASH,TGO,2020,16.66666666666666,,
SCHBSP.2.WWASH,TGO,2021,49.44237918215613,,
SCHBSP.2.WWASH,TGO,2022,65.82222222222222,,
SCHBSP.2.WWASH,TGO,2023,86.58064516129032,,
SCHBSP.2.WWASH,TGO,2024,72.19298245614036,,
SCHBSP.2.WWATA,TGO,2019,46.90966719492869,,
SCHBSP.2.WWATA,TGO,2020,49.36086529006883,,
SCHBSP.2.WWATA,TGO,2021,54.36802973977694,,
SCHBSP.2.WWATA,TGO,2022,58.04444444444444,,
SCHBSP.2.WWATA,TGO,2023,66.70967741935485,,
SCHBSP.2.WWATA,TGO,2024,70.74561403508773,,
SCHBSP.2T3.WCOMPUT,TGO,2018,32.36889692585896,,
SCHBSP.2T3.WCOMPUT,TGO,2020,35.07491356127545,,
SCHBSP.2T3.WCOMPUT,TGO,2021,33.15124615909867,,
SCHBSP.2T3.WCOMPUT,TGO,2022,51.59519725557461,,
SCHBSP.2T3.WCOMPUT,TGO,2023,42.98941798941799,,
SCHBSP.2T3.WCOMPUT,TGO,2024,54.67601870407481,,
SCHBSP.2T3.WINTERN,TGO,2020,6.415674222051479,,
SCHBSP.2T3.WINTERN,TGO,2021,10.68624103789689,,
SCHBSP.2T3.WINTERN,TGO,2022,10.42881646655232,,
SCHBSP.2T3.WINTERN,TGO,2023,14.15343915343915,,
SCHBSP.2T3.WINTERN,TGO,2024,18.13627254509018,,
SCHBSP.3.WCOMPUT,TGO,2018,15.21252796420582,,
SCHBSP.3.WCOMPUT,TGO,2020,55.36028119507909,,
SCHBSP.3.WCOMPUT,TGO,2021,43.5006435006435,,
SCHBSP.3.WCOMPUT,TGO,2022,83.60902255639098,,
SCHBSP.3.WCOMPUT,TGO,2023,61.23032904148784,,
SCHBSP.3.WCOMPUT,TGO,2024,68.90756302521008,,
SCHBSP.3.WELEC,TGO,2017,81.57248157248156,,
SCHBSP.3.WELEC,TGO,2018,82.77404921700223,,
SCHBSP.3.WELEC,TGO,2019,59.7560975609756,,
SCHBSP.3.WELEC,TGO,2020,66.25659050966608,,
SCHBSP.3.WELEC,TGO,2021,77.34877734877735,,
SCHBSP.3.WELEC,TGO,2022,66.16541353383458,,
SCHBSP.3.WELEC,TGO,2023,85.69384835479255,,
SCHBSP.3.WELEC,TGO,2024,87.53501400560224,,
SCHBSP.3.WHIVSEXED,TGO,2021,1.287001287001287,,
SCHBSP.3.WINFSTUDIS,TGO,2020,12.65377855887522,,
SCHBSP.3.WINFSTUDIS,TGO,2021,9.266409266409266,,
SCHBSP.3.WINFSTUDIS,TGO,2022,10.82706766917293,,
SCHBSP.3.WINFSTUDIS,TGO,2023,29.32761087267525,,
SCHBSP.3.WINFSTUDIS,TGO,2024,34.31372549019608,,
SCHBSP.3.WINTERN,TGO,2020,14.0597539543058,,
SCHBSP.3.WINTERN,TGO,2021,26.38352638352638,,
SCHBSP.3.WINTERN,TGO,2022,21.20300751879699,,
SCHBSP.3.WINTERN,TGO,2023,22.3175965665236,,
SCHBSP.3.WINTERN,TGO,2024,28.15126050420168,,
SCHBSP.3.WTOILA,TGO,2020,44.11247803163445,,
SCHBSP.3.WTOILA,TGO,2021,32.3037323037323,,
SCHBSP.3.WTOILA,TGO,2022,37.74436090225564,,
SCHBSP.3.WTOILA,TGO,2023,14.02002861230329,,
SCHBSP.3.WTOILA,TGO,2024,13.16526610644258,,
SCHBSP.3.WWASH,TGO,2020,14.93848857644991,,
SCHBSP.3.WWASH,TGO,2021,68.21106821106821,,
SCHBSP.3.WWASH,TGO,2022,71.72932330827068,,
SCHBSP.3.WWASH,TGO,2023,87.98283261802575,,
SCHBSP.3.WWASH,TGO,2024,67.64705882352942,,
SCHBSP.3.WWATA,TGO,2019,57.92682926829268,,
SCHBSP.3.WWATA,TGO,2020,65.20210896309314,,
SCHBSP.3.WWATA,TGO,2021,64.35006435006436,,
SCHBSP.3.WWATA,TGO,2022,70.37593984962406,,
SCHBSP.3.WWATA,TGO,2023,85.12160228898426,,
SCHBSP.3.WWATA,TGO,2024,85.15406162464986,,
TATTRR.02,TGO,2019,0,NIL,
TATTRR.02,TGO,2020,0,NIL,
TATTRR.02,TGO,2021,0,NIL,
TATTRR.02,TGO,2022,5.366771159874608,,
TATTRR.02,TGO,2023,18.57216098436298,,
TATTRR.02,TGO,2024,19.72198088618592,,
TATTRR.02.F,TGO,2019,0,NIL,
TATTRR.02.F,TGO,2020,0,NIL,
TATTRR.02.F,TGO,2021,0,NIL,
TATTRR.02.F,TGO,2022,5.627469682518054,,
TATTRR.02.F,TGO,2023,18.02065884980458,,
TATTRR.02.F,TGO,2024,16.95961995249406,,
TATTRR.02.GPIA,TGO,2022,1.580899953842163,,
TATTRR.02.GPIA,TGO,2023,.7276700139045715,,
TATTRR.02.GPIA,TGO,2024,.3444400131702423,,
TATTRR.02.M,TGO,2019,0,NIL,
TATTRR.02.M,TGO,2020,0,NIL,
TATTRR.02.M,TGO,2021,0,NIL,
TATTRR.02.M,TGO,2022,2.358490566037736,,
TATTRR.02.M,TGO,2023,24.76489028213166,,
TATTRR.02.M,TGO,2024,49.23857868020304,,
TATTRR.1,TGO,2014,14.44945454545455,,
TATTRR.1,TGO,2018,2.037646439383968,,
TATTRR.1,TGO,2019,0,NIL,
TATTRR.1,TGO,2020,0,NIL,
TATTRR.1,TGO,2021,0,NIL,
TATTRR.1,TGO,2022,5.384615384615385,,
TATTRR.1,TGO,2023,10.4030924827385,,
TATTRR.1,TGO,2024,9.856066859265374,,
TATTRR.1.F,TGO,2014,4.999008133306884,,
TATTRR.1.F,TGO,2018,3.307642903018625,,
TATTRR.1.F,TGO,2019,0,NIL,
TATTRR.1.F,TGO,2020,0,NIL,
TATTRR.1.F,TGO,2021,0,NIL,
TATTRR.1.F,TGO,2022,.9204044594244232,,
TATTRR.1.F,TGO,2023,1.769798828622358,,
TATTRR.1.F,TGO,2024,4.831804281345565,,
TATTRR.1.GPIA,TGO,2014,.3110100030899048,,
TATTRR.1.GPIA,TGO,2018,1.459259986877441,,
TATTRR.1.GPIA,TGO,2022,.1442199945449829,,
TATTRR.1.GPIA,TGO,2023,.1422600001096725,,
TATTRR.1.GPIA,TGO,2024,.4314599931240082,,
TATTRR.1.M,TGO,2014,16.07349832958342,,
TATTRR.1.M,TGO,2018,1.788582044903486,,
TATTRR.1.M,TGO,2019,0,NIL,
TATTRR.1.M,TGO,2020,0,NIL,
TATTRR.1.M,TGO,2021,0,NIL,
TATTRR.1.M,TGO,2022,6.381746583275423,,
TATTRR.1.M,TGO,2023,12.44065148145922,,
TATTRR.1.M,TGO,2024,11.19864021181316,,
TATTRR.2T3.GPV,TGO,2014,6.432459831237793,,
TATTRR.2T3.GPV,TGO,2018,12.17650985717773,,
TATTRR.2T3.GPV,TGO,2019,.0602600015699863,,
TATTRR.2T3.GPV,TGO,2020,0,NIL,
TATTRR.2T3.GPV,TGO,2021,0,NIL,
TATTRR.2T3.GPV,TGO,2022,7.181859970092773,,
TATTRR.2T3.GPV,TGO,2024,45.61587142944336,,
TATTRR.2T3.GPV.F,TGO,2014,45.18072128295898,,
TATTRR.2T3.GPV.F,TGO,2018,30.2607593536377,,
TATTRR.2T3.GPV.F,TGO,2019,.9406700134277344,,
TATTRR.2T3.GPV.F,TGO,2020,0,NIL,
TATTRR.2T3.GPV.F,TGO,2021,0,NIL,
TATTRR.2T3.GPV.F,TGO,2022,10.89776992797852,,
TATTRR.2T3.GPV.M,TGO,2014,4.04803991317749,,
TATTRR.2T3.GPV.M,TGO,2018,10.69332981109619,,
TATTRR.2T3.GPV.M,TGO,2019,0,NIL,
TATTRR.2T3.GPV.M,TGO,2020,0,NIL,
TATTRR.2T3.GPV.M,TGO,2021,0,NIL,
TATTRR.2T3.GPV.M,TGO,2022,6.901549816131592,,
TPROFD.1,TGO,2014,71.10643005371094,,UIS_EST
TPROFD.1.F,TGO,2014,65.81194305419922,,UIS_EST
TPROFD.1.M,TGO,2014,78.67221832275391,,UIS_EST
TRTP.02,TGO,2000,37.99282836914063,,
TRTP.02,TGO,2001,38.23529052734375,,
TRTP.02,TGO,2002,38.39778900146484,,
TRTP.02,TGO,2003,35.98265838623047,,
TRTP.02,TGO,2010,52.06561360874849,,
TRTP.02,TGO,2011,53.73961218836565,,
TRTP.02,TGO,2012,50.14851485148515,,
TRTP.02,TGO,2013,55.66801619433198,,
TRTP.02,TGO,2015,62.8731343283582,,
TRTP.02,TGO,2018,63.41062625524923,,
TRTP.02,TGO,2019,68.77770740975301,,
TRTP.02,TGO,2020,64.38536456962358,,
TRTP.02,TGO,2021,65.10344827586206,,
TRTP.02,TGO,2022,72.77621122789029,,
TRTP.02,TGO,2023,79.45264986967854,,
TRTP.02,TGO,2024,82.74418604651163,,
TRTP.02.F,TGO,2000,38.67403030395508,,
TRTP.02.F,TGO,2001,39.43428039550781,,
TRTP.02.F,TGO,2002,39.96960067749023,,
TRTP.02.F,TGO,2003,35.97463989257813,,
TRTP.02.F,TGO,2010,55.1617873651772,,
TRTP.02.F,TGO,2011,54.47585394581861,,
TRTP.02.F,TGO,2012,49.33897408778424,,
TRTP.02.F,TGO,2015,62.76983459489768,,
TRTP.02.F,TGO,2018,63.42038091498134,,
TRTP.02.F,TGO,2019,68.42287694974003,,
TRTP.02.F,TGO,2020,63.99256399256399,,
TRTP.02.F,TGO,2021,64.74996593541354,,
TRTP.02.F,TGO,2022,72.61306532663316,,
TRTP.02.F,TGO,2023,78.6381631037213,,
TRTP.02.F,TGO,2024,81.89626136746379,,
TRTP.02.GPIA,TGO,2000,1.655240058898926,,
TRTP.02.GPIA,TGO,2001,1.436470031738281,,
TRTP.02.GPIA,TGO,2002,1.431390047073364,,
TRTP.02.GPIA,TGO,2003,.9974799752235413,,
TRTP.02.GPIA,TGO,2010,1.265480041503906,,
TRTP.02.GPIA,TGO,2011,1.227990031242371,,
TRTP.02.GPIA,TGO,2012,.7955899834632874,,
TRTP.02.GPIA,TGO,2015,.9677000045776367,,
TRTP.02.GPIA,TGO,2018,1.002189993858337,,
TRTP.02.GPIA,TGO,2019,.9434099793434143,,
TRTP.02.GPIA,TGO,2020,.9284300208091736,,
TRTP.02.GPIA,TGO,2021,.9359300136566162,,
TRTP.02.GPIA,TGO,2022,.9732599854469299,,
TRTP.02.GPIA,TGO,2023,.8920400142669678,,
TRTP.02.GPIA,TGO,2024,.8846200108528137,,
TRTP.02.M,TGO,2000,13.33333015441895,,
TRTP.02.M,TGO,2001,22.22221946716309,,
TRTP.02.M,TGO,2002,22.72727012634277,,
TRTP.02.M,TGO,2003,36.06557083129883,,
TRTP.02.M,TGO,2010,40.51724137931034,,
TRTP.02.M,TGO,2011,42.05607476635514,,
TRTP.02.M,TGO,2012,62.01550387596899,,
TRTP.02.M,TGO,2015,64.86486486486487,,
TRTP.02.M,TGO,2018,63.28125,,
TRTP.02.M,TGO,2019,72.52747252747253,,
TRTP.02.M,TGO,2020,68.92561983471074,,
TRTP.02.M,TGO,2021,69.18238993710692,,
TRTP.02.M,TGO,2022,74.60815047021944,,
TRTP.02.M,TGO,2023,88.15566835871405,,
TRTP.02.M,TGO,2024,92.578125,,
TRTP.1,TGO,1999,31.12476921081543,,
TRTP.1,TGO,2010,76.70282542885974,,
TRTP.1,TGO,2011,70.7967110859087,,
TRTP.1,TGO,2012,82.13861386138613,,
TRTP.1,TGO,2013,76.06690909090909,,
TRTP.1,TGO,2015,73.32920244312649,,
TRTP.1,TGO,2019,76.70949638162753,,
TRTP.1,TGO,2020,75.71788413098237,,
TRTP.1,TGO,2021,75.79408284023668,,
TRTP.1,TGO,2022,78.53982300884957,,
TRTP.1,TGO,2023,80.12278167560875,,
TRTP.1,TGO,2024,81.02046918748471,,
TRTP.1.F,TGO,1999,45.88423919677734,,
TRTP.1.F,TGO,2010,74.15961582437686,,
TRTP.1.F,TGO,2011,67.33178654292344,,
TRTP.1.F,TGO,2012,78.42405618964004,,
TRTP.1.F,TGO,2013,69.19262051180321,,
TRTP.1.F,TGO,2015,69.9217294073798,,
TRTP.1.F,TGO,2019,68.2271348071088,,
TRTP.1.F,TGO,2020,67.34946384382732,,
TRTP.1.F,TGO,2021,66.11355976147266,,
TRTP.1.F,TGO,2022,68.83116883116884,,
TRTP.1.F,TGO,2023,68.61162079510703,,
TRTP.1.F,TGO,2024,69.63007883565797,,
TRTP.1.GPIA,TGO,1999,1.371690034866333,,
TRTP.1.GPIA,TGO,2010,.9617400169372559,,
TRTP.1.GPIA,TGO,2011,.9437999725341797,,
TRTP.1.GPIA,TGO,2012,.9478700160980225,,
TRTP.1.GPIA,TGO,2013,.8957200050354004,,
TRTP.1.GPIA,TGO,2015,.9452700018882751,,
TRTP.1.GPIA,TGO,2019,.8696799874305725,,
TRTP.1.GPIA,TGO,2020,.8691700100898743,,
TRTP.1.GPIA,TGO,2021,.8480799794197083,,
TRTP.1.GPIA,TGO,2022,.8515400290489197,,
TRTP.1.GPIA,TGO,2023,.8246700167655945,,
TRTP.1.GPIA,TGO,2024,.8258699774742126,,
TRTP.1.M,TGO,1999,28.82932090759277,,
TRTP.1.M,TGO,2010,77.10962361461648,,
TRTP.1.M,TGO,2011,71.34108555389494,,
TRTP.1.M,TGO,2012,82.73727404577453,,
TRTP.1.M,TGO,2013,77.24824435808277,,
TRTP.1.M,TGO,2015,73.97020157756354,,
TRTP.1.M,TGO,2019,78.45126835781041,,
TRTP.1.M,TGO,2020,77.48685013513122,,
TRTP.1.M,TGO,2021,77.95633541811443,,
TRTP.1.M,TGO,2022,80.83117975839895,,
TRTP.1.M,TGO,2023,83.19877096067728,,
TRTP.1.M,TGO,2024,84.31084016537032,,
TRTP.2,TGO,2021,37.90492796182436,,
TRTP.2.F,TGO,2021,44.04837683004455,,
TRTP.2.GPIA,TGO,2021,1.150310039520264,,
TRTP.2.M,TGO,2021,37.427681352915,,
TRTP.2T3,TGO,2004,56.58718109130859,,
TRTP.2T3,TGO,2005,48.46519088745117,,
TRTP.2T3,TGO,2006,50.26655960083008,,
TRTP.2T3,TGO,2021,34.45655822753906,,
TRTP.2T3.F,TGO,2021,39.16952133178711,,
TRTP.2T3.GPIA,TGO,2021,1.129510045051575,,
TRTP.2T3.M,TGO,2021,34.09648132324219,,
TRTP.3,TGO,2021,27.69632094989655,,
TRTP.3.F,TGO,2021,29.15032679738562,,
TRTP.3.GPIA,TGO,2021,1.053570032119751,,
TRTP.3.M,TGO,2021,27.58887171561051,,
TSALARY.0,TGO,2020,2.138468980789185,,
TSALARY.0,TGO,2021,2.20674204826355,,
TSALARY.0,TGO,2022,2.279517889022827,,
TSALARY.0,TGO,2023,1.786100029945374,,
TSALARY.1,TGO,2020,2.138468980789185,,
TSALARY.1,TGO,2021,2.20674204826355,,
TSALARY.1,TGO,2022,2.279517889022827,,
TSALARY.1,TGO,2023,1.786100029945374,,
TSALARY.2,TGO,2020,2.462362051010132,,
TSALARY.2,TGO,2021,2.540976047515869,,
TSALARY.2,TGO,2022,2.624774932861328,,
TSALARY.2,TGO,2023,2.246861934661865,,
TSALARY.3,TGO,2020,2.973764896392822,,
TSALARY.3,TGO,2023,2.764571905136108,,
XGDP.FSGOV,TGO,1970,1.496809959411621,,
XGDP.FSGOV,TGO,1979,4.729609966278076,,
XGDP.FSGOV,TGO,1981,4.16519021987915,,
XGDP.FSGOV,TGO,1984,3.819279909133911,,
XGDP.FSGOV,TGO,1987,3.340630054473877,,
XGDP.FSGOV,TGO,1992,4.018650054931641,,
XGDP.FSGOV,TGO,1996,3.124520063400269,,
XGDP.FSGOV,TGO,1998,2.821290016174316,,
XGDP.FSGOV,TGO,1999,2.963969945907593,,
XGDP.FSGOV,TGO,2000,2.776449918746948,,
XGDP.FSGOV,TGO,2001,2.667500019073486,,
XGDP.FSGOV,TGO,2002,2.469510078430176,,
XGDP.FSGOV,TGO,2003,2.355259895324707,,
XGDP.FSGOV,TGO,2004,2.201980113983154,,
XGDP.FSGOV,TGO,2005,2.237489938735962,,
XGDP.FSGOV,TGO,2006,2.432369947433472,,
XGDP.FSGOV,TGO,2007,2.486040115356445,,
XGDP.FSGOV,TGO,2008,2.384720087051392,,
XGDP.FSGOV,TGO,2009,2.768079996109009,,
XGDP.FSGOV,TGO,2010,2.95976996421814,,
XGDP.FSGOV,TGO,2011,3.077500104904175,,
XGDP.FSGOV,TGO,2012,3.376519918441772,,
XGDP.FSGOV,TGO,2013,3.174750089645386,,
XGDP.FSGOV,TGO,2014,3.423769950866699,,
XGDP.FSGOV,TGO,2015,3.710969924926758,,
XGDP.FSGOV,TGO,2016,3.662480115890503,,
XGDP.FSGOV,TGO,2017,3.765269994735718,,UIS_EST
XGDP.FSGOV,TGO,2018,4.091629981994629,,UIS_EST
XGDP.FSGOV,TGO,2019,4.201641966268824,,
XGDP.FSGOV,TGO,2020,4.085280173729311,,
XGDP.FSGOV,TGO,2021,4.227024424830795,,
XGDP.FSGOV,TGO,2022,3.778110832667751,,
XGDP.FSGOV,TGO,2023,4.142818851664836,,
XGDP.FSGOV.FFNTR,TGO,1970,1.496809959411621,,
XGDP.FSGOV.FFNTR,TGO,1979,4.729609966278076,,
XGDP.FSGOV.FFNTR,TGO,1981,4.16519021987915,,
XGDP.FSGOV.FFNTR,TGO,1984,3.819279909133911,,
XGDP.FSGOV.FFNTR,TGO,1987,3.340630054473877,,
XGDP.FSGOV.FFNTR,TGO,1992,4.018650054931641,,
XGDP.FSGOV.FFNTR,TGO,1996,3.124520063400269,,
XGDP.FSGOV.FFNTR,TGO,1998,2.821290016174316,,
XGDP.FSGOV.FFNTR,TGO,1999,2.963969945907593,,
XGDP.FSGOV.FFNTR,TGO,2000,2.776447057723999,,
XGDP.FSGOV.FFNTR,TGO,2001,2.667495012283325,,
XGDP.FSGOV.FFNTR,TGO,2002,2.175529956817627,,
XGDP.FSGOV.FFNTR,TGO,2003,1.954285979270935,,
XGDP.FSGOV.FFNTR,TGO,2004,1.714763998985291,,
XGDP.FSGOV.FFNTR,TGO,2005,1.732066988945007,,
XGDP.FSGOV.FFNTR,TGO,2006,1.798190951347351,,
XGDP.FSGOV.FFNTR,TGO,2007,1.9115149974823,,
XGDP.FSGOV.FFNTR,TGO,2008,1.994222044944763,,
XGDP.FSGOV.FFNTR,TGO,2009,2.362765073776245,,
XGDP.FSGOV.FFNTR,TGO,2010,3.34853985802814,,
XGDP.FSGOV.FFNTR,TGO,2011,3.077502958892007,,
XGDP.FSGOV.FFNTR,TGO,2012,3.055885018889221,,
XGDP.FSGOV.FFNTR,TGO,2013,3.174747353508488,,
XGDP.FSGOV.FFNTR,TGO,2014,3.061100959777832,,
XGDP.FSGOV.FFNTR,TGO,2015,3.265321969985962,,
XGDP.FSGOV.FFNTR,TGO,2016,3.364367961883545,,
XGDP.FSGOV.FFNTR,TGO,2017,3.394016027450562,,
XGDP.FSGOV.FFNTR,TGO,2018,3.701766014099121,,
XGDP.FSGOV.FSHH.FSODA.FFNTR,TGO,2011,8.096847534179688,,
XGDP.FSHH.FFNTR,TGO,2000,2.883840084075928,,UIS_EST
XGDP.FSHH.FFNTR,TGO,2007,3.454230070114136,,UIS_EST
XGDP.FSHH.FFNTR,TGO,2011,4.516233921051025,,
XGDP.FSHH.FFNTR,TGO,2024,0,NIL,
XGDP.FSINT.FFNTR,TGO,1998,.5486299991607666,,
XGDP.FSINT.FFNTR,TGO,2000,.0005059000104666,,
XGDP.FSINT.FFNTR,TGO,2001,0,NIL,
XGDP.FSINT.FFNTR,TGO,2002,.2939867079257965,,
XGDP.FSINT.FFNTR,TGO,2003,.4009647071361542,,
XGDP.FSINT.FFNTR,TGO,2004,.4872140884399414,,
XGDP.FSINT.FFNTR,TGO,2005,.5054221749305725,,
XGDP.FSINT.FFNTR,TGO,2006,.6341878175735474,,
XGDP.FSINT.FFNTR,TGO,2007,.5745291709899902,,
XGDP.FSINT.FFNTR,TGO,2008,.3904995024204254,,
XGDP.FSINT.FFNTR,TGO,2009,.4053129851818085,,
XGDP.FSINT.FFNTR,TGO,2010,.2427095268407985,,
XGDP.FSINT.FFNTR,TGO,2011,.1549709017956809,,
XGDP.FSINT.FFNTR,TGO,2012,.3206316205406883,,
XGDP.FSINT.FFNTR,TGO,2013,.314999908208847,,
XGDP.FSINT.FFNTR,TGO,2014,.3626756072044373,,
XGDP.FSINT.FFNTR,TGO,2015,.4456473886966705,,
XGDP.FSINT.FFNTR,TGO,2016,.2981100082397461,,
XGDP.FSINT.FFNTR,TGO,2017,.3712514936923981,,
XGDP.FSINT.FFNTR,TGO,2018,.3898737132549286,,
XGDP.FSPE.FFNTR,TGO,2000,0,NIL,
XGOVEXP.IMF,TGO,1981,0,NIL,
XGOVEXP.IMF,TGO,1984,0,NIL,
XGOVEXP.IMF,TGO,1987,0,NIL,
XGOVEXP.IMF,TGO,1992,22.54920959472656,,
XGOVEXP.IMF,TGO,1996,23.29256057739258,,
XGOVEXP.IMF,TGO,1998,20.98232078552246,,
XGOVEXP.IMF,TGO,1999,23.41876029968262,,
XGOVEXP.IMF,TGO,2000,24.42370986938477,,
XGOVEXP.IMF,TGO,2001,25.73135948181152,,
XGOVEXP.IMF,TGO,2002,30.70002937316895,,
XGOVEXP.IMF,TGO,2003,27.75642967224121,,
XGOVEXP.IMF,TGO,2004,21.83069038391113,,
XGOVEXP.IMF,TGO,2005,17.67807960510254,,
XGOVEXP.IMF,TGO,2006,17.28664970397949,,
XGOVEXP.IMF,TGO,2007,18.15452003479004,,
XGOVEXP.IMF,TGO,2008,19.24566078186035,,
XGOVEXP.IMF,TGO,2009,19.37198066711426,,
XGOVEXP.IMF,TGO,2010,19.61576080322266,,
XGOVEXP.IMF,TGO,2011,16.90378952026367,,
XGOVEXP.IMF,TGO,2012,17.68042945861816,,
XGOVEXP.IMF,TGO,2013,15.49767971038818,,
XGOVEXP.IMF,TGO,2014,15.63267993927002,,
XGOVEXP.IMF,TGO,2015,16.21163940429688,,
XGOVEXP.IMF,TGO,2016,15.99131011962891,,
XGOVEXP.IMF,TGO,2017,23.14003944396973,,UIS_EST
XGOVEXP.IMF,TGO,2018,21.76909065246582,,UIS_EST
XGOVEXP.IMF,TGO,2019,19.23478396953854,,
XGOVEXP.IMF,TGO,2020,18.14345287396986,,
XGOVEXP.IMF,TGO,2021,17.45342364551913,,
XGOVEXP.IMF,TGO,2022,14.47581978700893,,
XGOVEXP.IMF,TGO,2023,14.82360413302916,,
XGOVEXP.IMF,TGO,2024,11.64543515210437,,
XGOVEXP.IMFCALC,TGO,2023,14.51925014,,
XUNIT.GDPCAP.02.FSGOV.FFNTR,TGO,1992,0,NIL,
XUNIT.GDPCAP.02.FSGOV.FFNTR,TGO,1996,0,NIL,
XUNIT.GDPCAP.02.FSGOV.FFNTR,TGO,1998,0,NIL,
XUNIT.GDPCAP.02.FSGOV.FFNTR,TGO,1999,0,NIL,
XUNIT.GDPCAP.02.FSGOV.FFNTR,TGO,2000,0,NIL,
XUNIT.GDPCAP.02.FSGOV.FFNTR,TGO,2001,0,NIL,
XUNIT.GDPCAP.02.FSGOV.FFNTR,TGO,2007,0,NIL,
XUNIT.GDPCAP.02.FSGOV.FFNTR,TGO,2008,0,NIL,
XUNIT.GDPCAP.02.FSGOV.FFNTR,TGO,2009,0,NIL,
XUNIT.GDPCAP.02.FSGOV.FFNTR,TGO,2010,12.23176956176758,,
XUNIT.GDPCAP.02.FSGOV.FFNTR,TGO,2011,7.758679866790771,,
XUNIT.GDPCAP.02.FSGOV.FFNTR,TGO,2012,10.43803024291992,,
XUNIT.GDPCAP.02.FSGOV.FFNTR,TGO,2013,8.22754955291748,,
XUNIT.GDPCAP.02.FSGOV.FFNTR,TGO,2014,3.825720071792603,,
XUNIT.GDPCAP.02.FSGOV.FFNTR,TGO,2015,3.920739889144897,,
XUNIT.GDPCAP.02.FSGOV.FFNTR,TGO,2024,19.49002075195313,,
XUNIT.GDPCAP.1.FSGOV.FFNTR,TGO,1998,6.895259857177734,,
XUNIT.GDPCAP.1.FSGOV.FFNTR,TGO,1999,5.889570236206055,,
XUNIT.GDPCAP.1.FSGOV.FFNTR,TGO,2000,7.579050064086914,,
XUNIT.GDPCAP.1.FSGOV.FFNTR,TGO,2001,7.356500148773193,,
XUNIT.GDPCAP.1.FSGOV.FFNTR,TGO,2002,6.875790119171143,,
XUNIT.GDPCAP.1.FSGOV.FFNTR,TGO,2003,6.582359790802002,,
XUNIT.GDPCAP.1.FSGOV.FFNTR,TGO,2004,5.450689792633057,,
XUNIT.GDPCAP.1.FSGOV.FFNTR,TGO,2005,5.481550216674805,,
XUNIT.GDPCAP.1.FSGOV.FFNTR,TGO,2006,4.673699855804443,,
XUNIT.GDPCAP.1.FSGOV.FFNTR,TGO,2007,6.13263988494873,,
XUNIT.GDPCAP.1.FSGOV.FFNTR,TGO,2008,6.332620143890381,,
XUNIT.GDPCAP.1.FSGOV.FFNTR,TGO,2009,7.43310022354126,,
XUNIT.GDPCAP.1.FSGOV.FFNTR,TGO,2010,8.003299713134766,,
XUNIT.GDPCAP.1.FSGOV.FFNTR,TGO,2011,7.992219924926758,,
XUNIT.GDPCAP.1.FSGOV.FFNTR,TGO,2012,9.570280075073242,,
XUNIT.GDPCAP.1.FSGOV.FFNTR,TGO,2013,9.593979835510254,,
XUNIT.GDPCAP.1.FSGOV.FFNTR,TGO,2014,10.67148971557617,,
XUNIT.GDPCAP.1.FSGOV.FFNTR,TGO,2015,12.2368803024292,,
XUNIT.GDPCAP.1.FSGOV.FFNTR,TGO,2016,12.30576992034912,,
XUNIT.GDPCAP.1.FSGOV.FFNTR,TGO,2024,6.321869850158691,,
XUNIT.GDPCAP.1.FSHH.FFNTR,TGO,1998,7.6109299659729,,NAT_EST
XUNIT.GDPCAP.1.FSHH.FFNTR,TGO,2000,10.11569023132324,,
XUNIT.GDPCAP.1.FSHH.FFNTR,TGO,2007,10.1887903213501,,UIS_EST
XUNIT.GDPCAP.1.FSHH.FFNTR,TGO,2008,10.58802032470703,,UIS_EST
XUNIT.GDPCAP.1.FSHH.FFNTR,TGO,2009,10.20261001586914,,UIS_EST
XUNIT.GDPCAP.1.FSHH.FFNTR,TGO,2010,10.03015995025635,,UIS_EST
XUNIT.GDPCAP.1.FSHH.FFNTR,TGO,2011,10.18313980102539,,UIS_EST
XUNIT.GDPCAP.1.FSHH.FFNTR,TGO,2012,10.27015972137451,,UIS_EST
XUNIT.GDPCAP.1.FSHH.FFNTR,TGO,2013,9.619830131530762,,UIS_EST
XUNIT.GDPCAP.1.FSHH.FFNTR,TGO,2014,9.652560234069824,,UIS_EST
XUNIT.GDPCAP.1.FSHH.FFNTR,TGO,2015,8.969820022583008,,UIS_EST
XUNIT.GDPCAP.1.FSHH.FFNTR,TGO,2024,0,NIL,
XUNIT.GDPCAP.2.FSGOV.FFNTR,TGO,1999,14.29450988769531,,
XUNIT.GDPCAP.2.FSGOV.FFNTR,TGO,2000,11.6619701385498,,
XUNIT.GDPCAP.2.FSGOV.FFNTR,TGO,2011,8.377579689025879,,
XUNIT.GDPCAP.2T3.FSGOV.FFNTR,TGO,1999,21.09786033630371,,
XUNIT.GDPCAP.2T3.FSGOV.FFNTR,TGO,2000,16.17206954956055,,
XUNIT.GDPCAP.2T3.FSGOV.FFNTR,TGO,2007,12.51138019561768,,
XUNIT.GDPCAP.2T3.FSGOV.FFNTR,TGO,2011,11.42953968048096,,
XUNIT.GDPCAP.2T3.FSHH.FFNTR,TGO,2000,9.866990089416504,,
XUNIT.GDPCAP.2T3.FSHH.FFNTR,TGO,2007,22.79376029968262,,UIS_EST
XUNIT.GDPCAP.2T3.FSHH.FFNTR,TGO,2011,22.80710983276367,,UIS_EST
XUNIT.GDPCAP.2T3.FSHH.FFNTR,TGO,2024,0,NIL,
XUNIT.GDPCAP.3.FSGOV.FFNTR,TGO,1999,45.9410514831543,,
XUNIT.GDPCAP.3.FSGOV.FFNTR,TGO,2000,34.57221984863281,,UIS_EST
XUNIT.GDPCAP.3.FSGOV.FFNTR,TGO,2011,19.7724609375,,
XUNIT.GDPCAP.5T8.FSGOV.FFNTR,TGO,1998,208.5936279296875,,
XUNIT.GDPCAP.5T8.FSGOV.FFNTR,TGO,2007,101.4602432250977,,
XUNIT.GDPCAP.5T8.FSGOV.FFNTR,TGO,2010,59.58047103881836,,
XUNIT.GDPCAP.5T8.FSGOV.FFNTR,TGO,2011,54.9769287109375,,
XUNIT.GDPCAP.5T8.FSGOV.FFNTR,TGO,2012,62.76073837280273,,
XUNIT.GDPCAP.5T8.FSGOV.FFNTR,TGO,2013,70.96768951416016,,
XUNIT.GDPCAP.5T8.FSGOV.FFNTR,TGO,2014,77.30937957763672,,
XUNIT.GDPCAP.5T8.FSGOV.FFNTR,TGO,2015,65.65750122070313,,
XUNIT.GDPCAP.5T8.FSGOV.FFNTR,TGO,2016,60.39118957519531,,
XUNIT.GDPCAP.5T8.FSGOV.FFNTR,TGO,2017,60.74396896362305,,
XUNIT.GDPCAP.5T8.FSHH.FFNTR,TGO,2007,37.81373977661133,,UIS_EST
XUNIT.GDPCAP.5T8.FSHH.FFNTR,TGO,2010,51.79972839355469,,UIS_EST
XUNIT.GDPCAP.5T8.FSHH.FFNTR,TGO,2011,53.46638107299805,,UIS_EST
XUNIT.GDPCAP.5T8.FSHH.FFNTR,TGO,2012,46.05559158325195,,UIS_EST
XUNIT.GDPCAP.5T8.FSHH.FFNTR,TGO,2013,38.55128860473633,,UIS_EST
XUNIT.GDPCAP.5T8.FSHH.FFNTR,TGO,2014,32.96364974975586,,UIS_EST
XUNIT.GDPCAP.5T8.FSHH.FFNTR,TGO,2015,44.24517059326172,,UIS_EST
XUNIT.GDPCAP.5T8.FSHH.FFNTR,TGO,2024,0,NIL,
XUNIT.PPPCONST.02.FSGOV.FFNTR,TGO,1992,0,NIL,
XUNIT.PPPCONST.02.FSGOV.FFNTR,TGO,1996,0,NIL,
XUNIT.PPPCONST.02.FSGOV.FFNTR,TGO,1998,0,NIL,
XUNIT.PPPCONST.02.FSGOV.FFNTR,TGO,1999,0,NIL,
XUNIT.PPPCONST.02.FSGOV.FFNTR,TGO,2000,0,NIL,
XUNIT.PPPCONST.02.FSGOV.FFNTR,TGO,2001,0,NIL,
XUNIT.PPPCONST.02.FSGOV.FFNTR,TGO,2007,0,NIL,
XUNIT.PPPCONST.02.FSGOV.FFNTR,TGO,2008,0,NIL,
XUNIT.PPPCONST.02.FSGOV.FFNTR,TGO,2009,0,NIL,
XUNIT.PPPCONST.02.FSGOV.FFNTR,TGO,2010,270.00732421875,,
XUNIT.PPPCONST.02.FSGOV.FFNTR,TGO,2011,176.4218902587891,,
XUNIT.PPPCONST.02.FSGOV.FFNTR,TGO,2012,245.7587585449219,,
XUNIT.PPPCONST.02.FSGOV.FFNTR,TGO,2013,199.7992858886719,,
XUNIT.PPPCONST.02.FSGOV.FFNTR,TGO,2014,95.68205261230469,,
XUNIT.PPPCONST.02.FSGOV.FFNTR,TGO,2015,100.8459396362305,,
XUNIT.PPPCONST.02.FSGOV.FFNTR,TGO,2024,616.3946533203125,,
XUNIT.PPPCONST.1.FSGOV.FFNTR,TGO,1998,166.878173828125,,
XUNIT.PPPCONST.1.FSGOV.FFNTR,TGO,1999,142.0049743652344,,
XUNIT.PPPCONST.1.FSGOV.FFNTR,TGO,2000,176.3787231445313,,
XUNIT.PPPCONST.1.FSGOV.FFNTR,TGO,2001,168.1169738769531,,
XUNIT.PPPCONST.1.FSGOV.FFNTR,TGO,2002,159.0487823486328,,
XUNIT.PPPCONST.1.FSGOV.FFNTR,TGO,2003,158.4284057617188,,
XUNIT.PPPCONST.1.FSGOV.FFNTR,TGO,2004,126.615119934082,,
XUNIT.PPPCONST.1.FSGOV.FFNTR,TGO,2005,118.3138427734375,,
XUNIT.PPPCONST.1.FSGOV.FFNTR,TGO,2006,100.6902008056641,,
XUNIT.PPPCONST.1.FSGOV.FFNTR,TGO,2007,126.8202133178711,,
XUNIT.PPPCONST.1.FSGOV.FFNTR,TGO,2008,132.380126953125,,
XUNIT.PPPCONST.1.FSGOV.FFNTR,TGO,2009,159.2812042236328,,
XUNIT.PPPCONST.1.FSGOV.FFNTR,TGO,2010,176.6669769287109,,
XUNIT.PPPCONST.1.FSGOV.FFNTR,TGO,2011,181.7324066162109,,
XUNIT.PPPCONST.1.FSGOV.FFNTR,TGO,2012,225.328125,,
XUNIT.PPPCONST.1.FSGOV.FFNTR,TGO,2013,232.9819488525391,,
XUNIT.PPPCONST.1.FSGOV.FFNTR,TGO,2014,266.8958129882813,,
XUNIT.PPPCONST.1.FSGOV.FFNTR,TGO,2015,314.7469177246094,,
XUNIT.PPPCONST.1.FSGOV.FFNTR,TGO,2016,321.6705932617188,,
XUNIT.PPPCONST.1.FSGOV.FFNTR,TGO,2024,199.9363555908203,,
XUNIT.PPPCONST.1.FSHH.FFNTR,TGO,1998,184.1988983154297,,NAT_EST
XUNIT.PPPCONST.1.FSHH.FFNTR,TGO,2000,235.4109344482422,,
XUNIT.PPPCONST.1.FSHH.FFNTR,TGO,2007,210.6995086669922,,UIS_EST
XUNIT.PPPCONST.1.FSHH.FFNTR,TGO,2008,221.3368225097656,,UIS_EST
XUNIT.PPPCONST.1.FSHH.FFNTR,TGO,2009,218.6280975341797,,UIS_EST
XUNIT.PPPCONST.1.FSHH.FFNTR,TGO,2010,221.4085388183594,,UIS_EST
XUNIT.PPPCONST.1.FSHH.FFNTR,TGO,2011,231.5508880615234,,UIS_EST
XUNIT.PPPCONST.1.FSHH.FFNTR,TGO,2012,241.8063812255859,,UIS_EST
XUNIT.PPPCONST.1.FSHH.FFNTR,TGO,2013,233.6095428466797,,UIS_EST
XUNIT.PPPCONST.1.FSHH.FFNTR,TGO,2014,241.4121398925781,,UIS_EST
XUNIT.PPPCONST.1.FSHH.FFNTR,TGO,2015,230.7141418457031,,UIS_EST
XUNIT.PPPCONST.1.FSHH.FFNTR,TGO,2024,0,NIL,
XUNIT.PPPCONST.2.FSGOV.FFNTR,TGO,1999,344.658935546875,,
XUNIT.PPPCONST.2.FSGOV.FFNTR,TGO,2000,271.3957824707031,,
XUNIT.PPPCONST.2.FSGOV.FFNTR,TGO,2011,190.4950103759766,,
XUNIT.PPPCONST.2T3.FSGOV.FFNTR,TGO,1999,508.6962890625,,
XUNIT.PPPCONST.2T3.FSGOV.FFNTR,TGO,2000,376.3541870117188,,
XUNIT.PPPCONST.2T3.FSGOV.FFNTR,TGO,2007,258.7295532226563,,
XUNIT.PPPCONST.2T3.FSGOV.FFNTR,TGO,2011,259.892333984375,,
XUNIT.PPPCONST.2T3.FSHH.FFNTR,TGO,2000,229.6233367919922,,
XUNIT.PPPCONST.2T3.FSHH.FFNTR,TGO,2007,471.3644104003906,,UIS_EST
XUNIT.PPPCONST.2T3.FSHH.FFNTR,TGO,2011,518.6032104492188,,UIS_EST
XUNIT.PPPCONST.2T3.FSHH.FFNTR,TGO,2024,0,NIL,
XUNIT.PPPCONST.3.FSGOV.FFNTR,TGO,1999,1107.697143554688,,
XUNIT.PPPCONST.3.FSGOV.FFNTR,TGO,2000,804.5601196289063,,UIS_EST
XUNIT.PPPCONST.3.FSGOV.FFNTR,TGO,2011,449.5991516113281,,
XUNIT.PPPCONST.5T8.FSGOV.FFNTR,TGO,1998,5048.35791015625,,
XUNIT.PPPCONST.5T8.FSGOV.FFNTR,TGO,2007,2098.15087890625,,
XUNIT.PPPCONST.5T8.FSGOV.FFNTR,TGO,2010,1315.1953125,,
XUNIT.PPPCONST.5T8.FSGOV.FFNTR,TGO,2011,1250.101684570313,,
XUNIT.PPPCONST.5T8.FSGOV.FFNTR,TGO,2012,1477.673828125,,
XUNIT.PPPCONST.5T8.FSGOV.FFNTR,TGO,2013,1723.391357421875,,
XUNIT.PPPCONST.5T8.FSGOV.FFNTR,TGO,2014,1933.52099609375,,
XUNIT.PPPCONST.5T8.FSGOV.FFNTR,TGO,2015,1688.787841796875,,
XUNIT.PPPCONST.5T8.FSGOV.FFNTR,TGO,2016,1578.614013671875,,
XUNIT.PPPCONST.5T8.FSGOV.FFNTR,TGO,2017,1610.719604492188,,
XUNIT.PPPCONST.5T8.FSHH.FFNTR,TGO,2007,781.9707641601563,,UIS_EST
XUNIT.PPPCONST.5T8.FSHH.FFNTR,TGO,2010,1143.441162109375,,UIS_EST
XUNIT.PPPCONST.5T8.FSHH.FFNTR,TGO,2011,1215.753662109375,,UIS_EST
XUNIT.PPPCONST.5T8.FSHH.FFNTR,TGO,2012,1084.358520507813,,UIS_EST
XUNIT.PPPCONST.5T8.FSHH.FFNTR,TGO,2013,936.18603515625,,UIS_EST
XUNIT.PPPCONST.5T8.FSHH.FFNTR,TGO,2014,824.4267578125,,UIS_EST
XUNIT.PPPCONST.5T8.FSHH.FFNTR,TGO,2015,1138.037353515625,,UIS_EST
XUNIT.PPPCONST.5T8.FSHH.FFNTR,TGO,2024,0,NIL,
YEARS.FC.COMP.02,TGO,1998,0,NIL,
YEARS.FC.COMP.02,TGO,1999,0,NIL,
YEARS.FC.COMP.02,TGO,2000,0,NIL,
YEARS.FC.COMP.02,TGO,2001,0,NIL,
YEARS.FC.COMP.02,TGO,2002,0,NIL,
YEARS.FC.COMP.02,TGO,2003,0,NIL,
YEARS.FC.COMP.02,TGO,2004,0,NIL,
YEARS.FC.COMP.02,TGO,2005,0,NIL,
YEARS.FC.COMP.02,TGO,2006,0,NIL,
YEARS.FC.COMP.02,TGO,2007,0,NIL,
YEARS.FC.COMP.02,TGO,2008,0,NIL,
YEARS.FC.COMP.02,TGO,2009,0,NIL,
YEARS.FC.COMP.02,TGO,2010,0,NIL,
YEARS.FC.COMP.02,TGO,2011,0,NIL,
YEARS.FC.COMP.02,TGO,2012,0,NIL,
YEARS.FC.COMP.02,TGO,2013,0,NIL,
YEARS.FC.COMP.02,TGO,2014,0,NIL,
YEARS.FC.COMP.02,TGO,2015,0,NIL,
YEARS.FC.COMP.02,TGO,2016,0,NIL,
YEARS.FC.COMP.02,TGO,2017,0,NIL,
YEARS.FC.COMP.02,TGO,2018,0,NIL,
YEARS.FC.COMP.02,TGO,2019,0,NIL,
YEARS.FC.COMP.02,TGO,2020,0,NIL,
YEARS.FC.COMP.02,TGO,2021,0,NIL,
YEARS.FC.COMP.02,TGO,2022,0,NIL,
YEARS.FC.COMP.02,TGO,2023,0,NIL,
YEARS.FC.COMP.02,TGO,2024,0,NIL,
YEARS.FC.COMP.02,TGO,2025,0,NIL,
YEARS.FC.COMP.1T3,TGO,1998,10,,
YEARS.FC.COMP.1T3,TGO,1999,10,,
YEARS.FC.COMP.1T3,TGO,2000,10,,
YEARS.FC.COMP.1T3,TGO,2001,10,,
YEARS.FC.COMP.1T3,TGO,2002,10,,
YEARS.FC.COMP.1T3,TGO,2003,10,,
YEARS.FC.COMP.1T3,TGO,2004,10,,
YEARS.FC.COMP.1T3,TGO,2005,10,,
YEARS.FC.COMP.1T3,TGO,2006,10,,
YEARS.FC.COMP.1T3,TGO,2007,10,,
YEARS.FC.COMP.1T3,TGO,2008,10,,
YEARS.FC.COMP.1T3,TGO,2009,10,,
YEARS.FC.COMP.1T3,TGO,2010,10,,
YEARS.FC.COMP.1T3,TGO,2011,10,,
YEARS.FC.COMP.1T3,TGO,2012,10,,
YEARS.FC.COMP.1T3,TGO,2013,10,,
YEARS.FC.COMP.1T3,TGO,2014,10,,
YEARS.FC.COMP.1T3,TGO,2015,10,,
YEARS.FC.COMP.1T3,TGO,2016,10,,
YEARS.FC.COMP.1T3,TGO,2017,10,,
YEARS.FC.COMP.1T3,TGO,2018,10,,
YEARS.FC.COMP.1T3,TGO,2019,10,,
YEARS.FC.COMP.1T3,TGO,2020,10,,
YEARS.FC.COMP.1T3,TGO,2021,10,,
YEARS.FC.COMP.1T3,TGO,2022,10,,
YEARS.FC.COMP.1T3,TGO,2023,10,,
YEARS.FC.COMP.1T3,TGO,2024,10,,
YEARS.FC.COMP.1T3,TGO,2025,10,,
YEARS.FC.FREE.02,TGO,1998,0,NIL,
YEARS.FC.FREE.02,TGO,1999,0,NIL,
YEARS.FC.FREE.02,TGO,2000,0,NIL,
YEARS.FC.FREE.02,TGO,2001,0,NIL,
YEARS.FC.FREE.02,TGO,2002,0,NIL,
YEARS.FC.FREE.02,TGO,2003,0,NIL,
YEARS.FC.FREE.02,TGO,2004,0,NIL,
YEARS.FC.FREE.02,TGO,2005,0,NIL,
YEARS.FC.FREE.02,TGO,2006,0,NIL,
YEARS.FC.FREE.02,TGO,2007,0,NIL,
YEARS.FC.FREE.02,TGO,2008,0,NIL,
YEARS.FC.FREE.02,TGO,2009,0,NIL,
YEARS.FC.FREE.02,TGO,2010,0,NIL,
YEARS.FC.FREE.02,TGO,2011,0,NIL,
YEARS.FC.FREE.02,TGO,2012,0,NIL,
YEARS.FC.FREE.02,TGO,2013,0,NIL,
YEARS.FC.FREE.02,TGO,2014,0,NIL,
YEARS.FC.FREE.02,TGO,2015,0,NIL,
YEARS.FC.FREE.02,TGO,2016,0,NIL,
YEARS.FC.FREE.02,TGO,2017,0,NIL,
YEARS.FC.FREE.02,TGO,2018,0,NIL,
YEARS.FC.FREE.02,TGO,2019,0,NIL,
YEARS.FC.FREE.02,TGO,2020,0,NIL,
YEARS.FC.FREE.02,TGO,2021,0,NIL,
YEARS.FC.FREE.02,TGO,2022,0,NIL,
YEARS.FC.FREE.02,TGO,2023,0,NIL,
YEARS.FC.FREE.02,TGO,2024,0,NIL,
YEARS.FC.FREE.02,TGO,2025,0,NIL,
YEARS.FC.FREE.1T3,TGO,1998,5,,
YEARS.FC.FREE.1T3,TGO,1999,5,,
YEARS.FC.FREE.1T3,TGO,2000,5,,
YEARS.FC.FREE.1T3,TGO,2001,5,,
YEARS.FC.FREE.1T3,TGO,2002,5,,
YEARS.FC.FREE.1T3,TGO,2003,5,,
YEARS.FC.FREE.1T3,TGO,2004,5,,
YEARS.FC.FREE.1T3,TGO,2005,5,,
YEARS.FC.FREE.1T3,TGO,2006,5,,
YEARS.FC.FREE.1T3,TGO,2007,5,,
YEARS.FC.FREE.1T3,TGO,2008,5,,
YEARS.FC.FREE.1T3,TGO,2009,5,,
YEARS.FC.FREE.1T3,TGO,2010,5,,
YEARS.FC.FREE.1T3,TGO,2011,5,,
YEARS.FC.FREE.1T3,TGO,2012,5,,
YEARS.FC.FREE.1T3,TGO,2013,5,,
YEARS.FC.FREE.1T3,TGO,2014,5,,
YEARS.FC.FREE.1T3,TGO,2015,5,,
YEARS.FC.FREE.1T3,TGO,2016,5,,
YEARS.FC.FREE.1T3,TGO,2017,5,,
YEARS.FC.FREE.1T3,TGO,2018,5,,
YEARS.FC.FREE.1T3,TGO,2019,5,,
YEARS.FC.FREE.1T3,TGO,2020,5,,
YEARS.FC.FREE.1T3,TGO,2021,5,,
YEARS.FC.FREE.1T3,TGO,2022,5,,
YEARS.FC.FREE.1T3,TGO,2023,5,,
YEARS.FC.FREE.1T3,TGO,2024,5,,
YEARS.FC.FREE.1T3,TGO,2025,5,,
