indicator_id,country_id,year,value,magnitude,qualifier
10403,TGO,1998,10,,
10403,TGO,1999,10,,
10403,TGO,2000,10,,
10403,TGO,2001,10,,
10403,TGO,2002,10,,
10403,TGO,2003,10,,
10403,TGO,2004,10,,
10403,TGO,2005,10,,
10403,TGO,2006,10,,
10403,TGO,2007,10,,
10403,TGO,2008,10,,
10403,TGO,2009,10,,
10403,TGO,2010,10,,
10403,TGO,2011,9,,
10403,TGO,2012,9,,
10403,TGO,2013,10,,
10403,TGO,2014,10,,
10403,TGO,2015,10,,
10403,TGO,2016,10,,
10403,TGO,2017,10,,
10403,TGO,2018,10,,
10403,TGO,2019,10,,
10403,TGO,2020,11,,
10403,TGO,2021,12,,
10403,TGO,2022,11,,
10404,TGO,1998,6,,
10404,TGO,1999,6,,
10404,TGO,2000,6,,
10404,TGO,2001,6,,
10404,TGO,2002,6,,
10404,TGO,2003,6,,
10404,TGO,2004,6,,
10404,TGO,2005,6,,
10404,TGO,2006,6,,
10404,TGO,2007,6,,
10404,TGO,2008,6,,
10404,TGO,2009,6,,
10404,TGO,2010,6,,
10404,TGO,2011,7,,
10404,TGO,2012,7,,
10404,TGO,2013,7,,
10404,TGO,2014,8,,
10404,TGO,2015,8,,
10404,TGO,2016,8,,
10404,TGO,2017,8,,
10404,TGO,2018,8,,
10404,TGO,2019,8,,
10404,TGO,2020,8,,
10404,TGO,2021,8,,
10404,TGO,2022,8,,
10405,TGO,1970,1969,,
10405,TGO,1971,1970,,
10405,TGO,1972,1971,,
10405,TGO,1973,1972,,
10405,TGO,1974,1973,,
10405,TGO,1975,1974,,
10405,TGO,1976,1975,,
10405,TGO,1977,1976,,
10405,TGO,1978,1977,,
10405,TGO,1979,1978,,
10405,TGO,1980,1979,,
10405,TGO,1981,1980,,
10405,TGO,1982,1981,,
10405,TGO,1983,1982,,
10405,TGO,1984,1983,,
10405,TGO,1985,1984,,
10405,TGO,1986,1985,,
10405,TGO,1987,1986,,
10405,TGO,1988,1987,,
10405,TGO,1989,1988,,
10405,TGO,1990,1989,,
10405,TGO,1991,1990,,
10405,TGO,1992,1991,,
10405,TGO,1993,1992,,
10405,TGO,1994,1993,,
10405,TGO,1995,1994,,
10405,TGO,1996,1995,,
10405,TGO,1997,1996,,
10405,TGO,1998,1997,,
10405,TGO,1999,1998,,
10405,TGO,2000,1999,,
10405,TGO,2001,2000,,
10405,TGO,2002,2001,,
10405,TGO,2003,2002,,
10405,TGO,2004,2003,,
10405,TGO,2005,2004,,
10405,TGO,2006,2005,,
10405,TGO,2007,2006,,
10405,TGO,2008,2007,,
10405,TGO,2009,2008,,
10405,TGO,2010,2009,,
10405,TGO,2011,2010,,
10405,TGO,2012,2011,,
10405,TGO,2013,2012,,
10405,TGO,2014,2013,,
10405,TGO,2015,2014,,
10405,TGO,2016,2015,,
10405,TGO,2017,2016,,
10405,TGO,2018,2017,,
10405,TGO,2019,2018,,
10405,TGO,2020,2019,,
10405,TGO,2021,2020,,
10405,TGO,2022,2021,,
10406,TGO,1998,1998,,
10406,TGO,1999,1999,,
10406,TGO,2000,2000,,
10406,TGO,2001,2001,,
10406,TGO,2002,2002,,
10406,TGO,2003,2003,,
10406,TGO,2004,2004,,
10406,TGO,2005,2005,,
10406,TGO,2006,2006,,
10406,TGO,2007,2007,,
10406,TGO,2008,2008,,
10406,TGO,2009,2009,,
10406,TGO,2010,2010,,
10406,TGO,2011,2011,,
10406,TGO,2012,2012,,
10406,TGO,2013,2013,,
10406,TGO,2014,2014,,
10406,TGO,2015,2015,,
10406,TGO,2016,2016,,
10406,TGO,2017,2017,,
10406,TGO,2018,2018,,
10406,TGO,2019,2019,,
10406,TGO,2020,2020,,
10406,TGO,2021,2021,,
10406,TGO,2022,2022,,
20060,TGO,1971,9414,,
20060,TGO,1972,6129,,
20060,TGO,1973,7110,,
20060,TGO,1974,7273,,
20060,TGO,1975,6242,,
20060,TGO,1976,6723,,
20060,TGO,1977,5458,,
20060,TGO,1978,6124,,
20060,TGO,1979,6973,,
20060,TGO,1980,6484,,
20060,TGO,1981,7726,,
20060,TGO,1982,9000,,
20060,TGO,1983,9393,,
20060,TGO,1984,9248,,
20060,TGO,1985,9279,,
20060,TGO,1986,9740,,
20060,TGO,1987,9844,,
20060,TGO,1988,10483,,
20060,TGO,1989,9772,,
20060,TGO,1990,10200,,
20060,TGO,1991,10949,,
20060,TGO,1994,10526,,
20060,TGO,1995,10098,,
20060,TGO,1996,10354,,
20060,TGO,1997,10489,,
20060,TGO,1998,10532,,
20060,TGO,1999,11241,,
20060,TGO,2000,9432,,
20060,TGO,2001,10484,,
20060,TGO,2002,12094,,
20060,TGO,2003,12773,,
20060,TGO,2004,15085,,UIS_EST
20060,TGO,2006,19973,,UIS_EST
20060,TGO,2007,22559,,
20060,TGO,2008,26050,,
20060,TGO,2009,41057,,
20060,TGO,2010,42890,,
20060,TGO,2011,55120,,
20060,TGO,2012,66018,,
20060,TGO,2013,86680,,
20060,TGO,2014,96957,,
20060,TGO,2015,115105,,
20060,TGO,2017,143897,,
20060,TGO,2018,155739,,
20060,TGO,2019,172225,,
20060,TGO,2020,207503,,
20060,TGO,2021,206034,,
20060,TGO,2022,228223,,
20060,TGO,2023,240424,,
20060,TGO,2024,230771,,
20061,TGO,1971,3983,,
20061,TGO,1972,2891,,
20061,TGO,1973,3492,,
20061,TGO,1974,3395,,
20061,TGO,1975,2876,,
20061,TGO,1976,3270,,
20061,TGO,1977,2585,,
20061,TGO,1978,2873,,
20061,TGO,1979,3384,,
20061,TGO,1980,3108,,
20061,TGO,1981,3808,,
20061,TGO,1982,4381,,
20061,TGO,1983,4603,,
20061,TGO,1984,4580,,
20061,TGO,1985,4640,,
20061,TGO,1986,4733,,
20061,TGO,1987,4746,,
20061,TGO,1988,5112,,
20061,TGO,1989,4917,,
20061,TGO,1990,4877,,
20061,TGO,1991,5409,,
20061,TGO,1994,5235,,
20061,TGO,1995,4949,,
20061,TGO,1996,5074,,
20061,TGO,1997,5108,,
20061,TGO,1998,5153,,
20061,TGO,1999,5601,,
20061,TGO,2000,4829,,
20061,TGO,2001,5220,,
20061,TGO,2002,6115,,
20061,TGO,2003,6330,,
20061,TGO,2004,7542,,UIS_EST
20061,TGO,2006,9986,,UIS_EST
20061,TGO,2007,11334,,
20061,TGO,2008,13208,,
20061,TGO,2009,20920,,
20061,TGO,2010,21684,,
20061,TGO,2011,27832,,
20061,TGO,2012,33508,,
20061,TGO,2013,44092,,
20061,TGO,2014,49115,,
20061,TGO,2015,58235,,
20061,TGO,2017,73162,,
20061,TGO,2018,78782,,
20061,TGO,2019,87158,,
20061,TGO,2020,105275,,
20061,TGO,2021,104834,,
20061,TGO,2022,116380,,
20061,TGO,2023,121227,,
20061,TGO,2024,116788,,
20062,TGO,1971,228505,,
20062,TGO,1972,257875,,
20062,TGO,1973,290352,,
20062,TGO,1974,311678,,
20062,TGO,1975,329443,,
20062,TGO,1976,362895,,
20062,TGO,1977,395381,,
20062,TGO,1978,421436,,
20062,TGO,1979,458104,,
20062,TGO,1980,484272,,
20062,TGO,1981,506788,,
20062,TGO,1982,498639,,
20062,TGO,1983,492329,,
20062,TGO,1984,457376,,
20062,TGO,1985,454209,,
20062,TGO,1986,462858,,
20062,TGO,1987,511009,,
20062,TGO,1988,527853,,
20062,TGO,1989,569388,,
20062,TGO,1990,597503,,
20062,TGO,1991,646962,,
20062,TGO,1992,652548,,
20062,TGO,1994,663126,,
20062,TGO,1995,762137,,
20062,TGO,1996,824626,,
20062,TGO,1997,859574,,
20062,TGO,1998,888012,,
20062,TGO,1999,953886,,
20062,TGO,2000,914919,,
20062,TGO,2001,945103,,
20062,TGO,2002,977534,,
20062,TGO,2003,975063,,
20062,TGO,2004,984846,,
20062,TGO,2005,996707,,
20062,TGO,2006,1051872,,
20062,TGO,2007,1021617,,
20062,TGO,2008,1055372,,
20062,TGO,2009,1224916,,
20062,TGO,2010,1286653,,
20062,TGO,2011,1299802,,
20062,TGO,2012,1368074,,
20062,TGO,2013,1412356,,
20062,TGO,2014,1413208,,
20062,TGO,2015,1498312,,
20062,TGO,2016,1498314.473,,
20062,TGO,2017,1524191,,
20062,TGO,2018,1548876,,
20062,TGO,2019,1584376,,
20062,TGO,2020,1634441,,
20062,TGO,2021,1629064,,
20062,TGO,2022,1672475,,
20062,TGO,2023,1664472,,
20062,TGO,2024,1657602,,
20063,TGO,1971,70850,,
20063,TGO,1972,81675,,
20063,TGO,1973,93565,,
20063,TGO,1974,102710,,
20063,TGO,1975,110878,,
20063,TGO,1976,126041,,
20063,TGO,1977,141373,,
20063,TGO,1978,155586,,
20063,TGO,1979,173782,,
20063,TGO,1980,186668,,
20063,TGO,1981,198418,,
20063,TGO,1982,196384,,
20063,TGO,1983,194608,,
20063,TGO,1984,178837,,
20063,TGO,1985,175276,,
20063,TGO,1986,177373,,
20063,TGO,1987,195523,,
20063,TGO,1988,203745,,
20063,TGO,1989,220652,,
20063,TGO,1990,234731,,
20063,TGO,1991,255642,,
20063,TGO,1992,260853,,
20063,TGO,1994,265252,,
20063,TGO,1995,308642,,
20063,TGO,1996,337198,,
20063,TGO,1997,356702,,
20063,TGO,1998,374602,,
20063,TGO,1999,410894,,
20063,TGO,2000,400918,,
20063,TGO,2001,418519,,
20063,TGO,2002,438852,,
20063,TGO,2003,441143,,
20063,TGO,2004,449305,,
20063,TGO,2005,457915,,
20063,TGO,2006,486511,,
20063,TGO,2007,473995,,
20063,TGO,2008,493190,,
20063,TGO,2009,563444,,
20063,TGO,2010,609403,,
20063,TGO,2011,618303,,
20063,TGO,2012,655612,,
20063,TGO,2013,681241,,
20063,TGO,2014,684021,,
20063,TGO,2015,728713,,
20063,TGO,2016,728714.9230000001,,
20063,TGO,2017,742158,,
20063,TGO,2018,758299,,
20063,TGO,2019,776334,,
20063,TGO,2020,802806,,
20063,TGO,2021,797554,,
20063,TGO,2022,819971,,
20063,TGO,2023,815497,,
20063,TGO,2024,812339,,
20064,TGO,1995,124970,,
20064,TGO,1999,182084,,
20064,TGO,2000,207754,,
20064,TGO,2001,230271,,UIS_EST
20064,TGO,2002,267075,,UIS_EST
20064,TGO,2003,289892,,
20064,TGO,2004,308337,,
20064,TGO,2005,315822,,
20064,TGO,2006,333113,,
20064,TGO,2007,300284,,UIS_EST
20064,TGO,2011,399661,,
20064,TGO,2017,549330,,
20064,TGO,2021,630367,,
20064,TGO,2023,666374,,
20065,TGO,1995,35275,,
20065,TGO,1999,56073,,
20065,TGO,2000,67891,,
20065,TGO,2001,76766,,UIS_EST
20065,TGO,2002,91491,,UIS_EST
20065,TGO,2003,100205,,
20065,TGO,2004,109641,,
20065,TGO,2005,114694,,
20065,TGO,2006,123441,,
20065,TGO,2007,109352,,UIS_EST
20065,TGO,2017,240413,,
20065,TGO,2021,286679,,
20065,TGO,2023,307030,,
20070,TGO,1995,28378,,
20070,TGO,1999,49864,,
20070,TGO,2000,50923,,UIS_EST
20070,TGO,2003,65073,,UIS_EST
20070,TGO,2004,67048,,
20070,TGO,2005,88648,,
20070,TGO,2006,96951,,
20070,TGO,2007,108680,,UIS_EST
20070,TGO,2011,146200,,
20070,TGO,2017,178619,,
20070,TGO,2020,217466,,
20070,TGO,2021,221994,,
20070,TGO,2023,248840,,
20071,TGO,1995,4813,,
20071,TGO,1999,10310,,
20071,TGO,2000,12032,,UIS_EST
20071,TGO,2003,16943,,UIS_EST
20071,TGO,2004,18051,,
20071,TGO,2005,25614,,
20071,TGO,2006,28424,,
20071,TGO,2007,32123,,UIS_EST
20071,TGO,2017,64996,,
20071,TGO,2020,89247,,
20071,TGO,2021,94004,,
20071,TGO,2023,114543,,
20076,TGO,1999,331,,
20076,TGO,2000,0,NIL,
20076,TGO,2001,0,NIL,
20076,TGO,2002,0,NIL,
20076,TGO,2003,0,NIL,
20076,TGO,2004,0,NIL,
20076,TGO,2005,0,NIL,
20076,TGO,2006,0,NIL,
20076,TGO,2020,100,,
20076,TGO,2021,121,,
20077,TGO,1999,51,,
20077,TGO,2000,0,NIL,
20077,TGO,2001,0,NIL,
20077,TGO,2002,0,NIL,
20077,TGO,2003,0,NIL,
20077,TGO,2004,0,NIL,
20077,TGO,2005,0,NIL,
20077,TGO,2006,0,NIL,
20077,TGO,2020,13,,
20077,TGO,2021,12,,
20082,TGO,1971,22003,,
20082,TGO,1972,27255,,
20082,TGO,1973,31288,,
20082,TGO,1974,37546,,
20082,TGO,1975,48415,,
20082,TGO,1976,64404,,
20082,TGO,1977,81169,,
20082,TGO,1978,96065,,
20082,TGO,1979,113730,,
20082,TGO,1980,127894,,
20082,TGO,1982,130366,,
20082,TGO,1983,119106,,
20082,TGO,1984,101989,,
20082,TGO,1985,91207,,
20082,TGO,1986,97120,,
20082,TGO,1987,98490,,
20082,TGO,1988,115390,,
20082,TGO,1989,110318,,
20082,TGO,1990,127704,,
20082,TGO,1991,125545,,
20082,TGO,1992,127831,,
20082,TGO,1994,134559,,
20082,TGO,1995,153348,,
20082,TGO,1996,169481,,
20082,TGO,1997,178254,,
20082,TGO,1999,231948,,
20082,TGO,2000,258677,,
20082,TGO,2001,288347,,
20082,TGO,2002,329307,,
20082,TGO,2003,354965,,
20082,TGO,2004,375385,,
20082,TGO,2005,404470,,
20082,TGO,2006,430064,,
20082,TGO,2007,408964,,
20082,TGO,2011,545861,,
20082,TGO,2017,727949,,
20082,TGO,2021,852361,,
20082,TGO,2023,915214,,
20083,TGO,1971,4926,,
20083,TGO,1972,6743,,
20083,TGO,1973,7400,,
20083,TGO,1974,8923,,
20083,TGO,1975,11242,,
20083,TGO,1976,15330,,
20083,TGO,1977,18563,,
20083,TGO,1978,22175,,
20083,TGO,1979,27111,,
20083,TGO,1980,30924,,
20083,TGO,1982,33057,,
20083,TGO,1983,29804,,
20083,TGO,1984,25084,,
20083,TGO,1985,21918,,
20083,TGO,1986,23025,,
20083,TGO,1987,23216,,
20083,TGO,1988,28406,,
20083,TGO,1989,26335,,
20083,TGO,1990,32577,,
20083,TGO,1991,31766,,
20083,TGO,1992,31567,,
20083,TGO,1994,34397,,
20083,TGO,1995,40088,,
20083,TGO,1996,44256,,
20083,TGO,1997,47595,,
20083,TGO,1999,66383,,
20083,TGO,2000,79923,,
20083,TGO,2001,90641,,
20083,TGO,2002,106402,,
20083,TGO,2003,117148,,
20083,TGO,2004,127692,,
20083,TGO,2005,140308,,
20083,TGO,2006,151865,,
20083,TGO,2007,141475,,UIS_EST
20083,TGO,2017,305409,,
20083,TGO,2021,380683,,
20083,TGO,2023,421573,,
20160,TGO,1971,152,,
20160,TGO,1972,122,,
20160,TGO,1973,128,,
20160,TGO,1974,138,,
20160,TGO,1975,134,,
20160,TGO,1976,133,,
20160,TGO,1977,128,,
20160,TGO,1978,144,,
20160,TGO,1979,171,,
20160,TGO,1980,167,,
20160,TGO,1981,230,,
20160,TGO,1982,265,,
20160,TGO,1983,329,,
20160,TGO,1984,343,,
20160,TGO,1985,346,,
20160,TGO,1986,364,,
20160,TGO,1987,306,,
20160,TGO,1988,353,,
20160,TGO,1989,335,,
20160,TGO,1990,376,,
20160,TGO,1991,383,,
20160,TGO,1994,395,,
20160,TGO,1995,395,,
20160,TGO,1996,446,,
20160,TGO,1997,469,,
20160,TGO,1998,509,,
20160,TGO,1999,566,,
20160,TGO,2000,558,,
20160,TGO,2001,646,,
20160,TGO,2002,724,,
20160,TGO,2003,692,,
20160,TGO,2004,746,,UIS_EST
20160,TGO,2006,842,,UIS_EST
20160,TGO,2007,886,,
20160,TGO,2008,892,,
20160,TGO,2009,1629,,
20160,TGO,2010,1646,,
20160,TGO,2011,1805,,
20160,TGO,2012,2020,,
20160,TGO,2013,2964,,
20160,TGO,2014,3231,,
20160,TGO,2015,3752,,
20160,TGO,2016,4056,,
20160,TGO,2017,4929,,
20160,TGO,2018,5477,,
20160,TGO,2019,6316,,
20160,TGO,2020,7598,,
20160,TGO,2021,7975,,
20160,TGO,2022,7802,,
20160,TGO,2023,6906,,
20160,TGO,2024,6450,,
20161,TGO,1971,97,,
20161,TGO,1972,96,,
20161,TGO,1973,103,,
20161,TGO,1974,109,,
20161,TGO,1975,108,,
20161,TGO,1976,119,,
20161,TGO,1977,120,,
20161,TGO,1978,141,,
20161,TGO,1979,166,,
20161,TGO,1980,166,,
20161,TGO,1981,230,,
20161,TGO,1982,264,,
20161,TGO,1983,326,,
20161,TGO,1984,337,,
20161,TGO,1985,346,,
20161,TGO,1986,364,,
20161,TGO,1987,306,,
20161,TGO,1988,353,,
20161,TGO,1989,335,,
20161,TGO,1990,375,,
20161,TGO,1991,383,,
20161,TGO,1994,395,,
20161,TGO,1995,393,,
20161,TGO,1996,441,,
20161,TGO,1997,457,,
20161,TGO,1998,509,,
20161,TGO,1999,551,,
20161,TGO,2000,543,,
20161,TGO,2001,601,,
20161,TGO,2002,658,,
20161,TGO,2003,631,,
20161,TGO,2004,682,,UIS_EST
20161,TGO,2006,771,,UIS_EST
20161,TGO,2007,812,,
20161,TGO,2008,783,,
20161,TGO,2009,1556,,
20161,TGO,2010,1298,,
20161,TGO,2011,1698,,
20161,TGO,2012,1891,,
20161,TGO,2013,2723,,
20161,TGO,2014,3051,,
20161,TGO,2015,3567,,
20161,TGO,2016,3805,,
20161,TGO,2017,4619,,
20161,TGO,2018,5093,,
20161,TGO,2019,5770,,
20161,TGO,2020,6993,,
20161,TGO,2021,7339,,
20161,TGO,2022,7164,,
20161,TGO,2023,6315,,
20161,TGO,2024,5938,,
20162,TGO,1971,3909,,
20162,TGO,1972,4271,,
20162,TGO,1973,4881,,
20162,TGO,1974,5238,,
20162,TGO,1975,5627,,
20162,TGO,1976,6080,,
20162,TGO,1977,6528,,
20162,TGO,1978,7251,,
20162,TGO,1979,8264,,
20162,TGO,1980,8920,,
20162,TGO,1981,9201,,
20162,TGO,1982,9619,,
20162,TGO,1983,10214,,
20162,TGO,1984,10145,,
20162,TGO,1985,10225,,
20162,TGO,1986,10049,,
20162,TGO,1987,10168,,
20162,TGO,1988,10217,,
20162,TGO,1989,10426,,
20162,TGO,1990,10739,,
20162,TGO,1991,11105,,
20162,TGO,1992,10230,,
20162,TGO,1994,12487,,
20162,TGO,1995,13892,,
20162,TGO,1996,16217,,
20162,TGO,1997,18535,,
20162,TGO,1998,19512,,
20162,TGO,1999,23107,,
20162,TGO,2000,24424,,
20162,TGO,2001,27523,,
20162,TGO,2002,27770,,
20162,TGO,2003,27504,,
20162,TGO,2004,25198,,
20162,TGO,2005,29668,,
20162,TGO,2006,28003,,
20162,TGO,2007,26103,,
20162,TGO,2008,25538,,
20162,TGO,2009,28153,,
20162,TGO,2010,31712,,
20162,TGO,2011,31743,,
20162,TGO,2012,32825,,
20162,TGO,2013,34375,,
20162,TGO,2014,34354,,
20162,TGO,2015,33891,,
20162,TGO,2016,36194,,
20162,TGO,2017,37985,,
20162,TGO,2018,38582,,
20162,TGO,2019,40626,,
20162,TGO,2020,41685,,
20162,TGO,2021,42250,,
20162,TGO,2022,41132,,
20162,TGO,2023,38768,,
20162,TGO,2024,36787,,
20163,TGO,1971,758,,
20163,TGO,1972,852,,
20163,TGO,1973,973,,
20163,TGO,1974,1055,,
20163,TGO,1975,1127,,
20163,TGO,1976,1224,,
20163,TGO,1977,1281,,
20163,TGO,1978,1512,,
20163,TGO,1979,1808,,
20163,TGO,1980,1973,,
20163,TGO,1981,1972,,
20163,TGO,1982,2044,,
20163,TGO,1983,2132,,
20163,TGO,1984,2143,,
20163,TGO,1985,2074,,
20163,TGO,1986,2008,,
20163,TGO,1987,2057,,
20163,TGO,1988,2127,,
20163,TGO,1989,2102,,
20163,TGO,1990,2092,,
20163,TGO,1991,2085,,
20163,TGO,1992,1491,,
20163,TGO,1994,2007,,
20163,TGO,1995,2225,,
20163,TGO,1996,2349,,
20163,TGO,1997,2622,,
20163,TGO,1998,2365,,
20163,TGO,1999,3110,,
20163,TGO,2000,3227,,
20163,TGO,2001,3434,,
20163,TGO,2002,3408,,
20163,TGO,2003,3327,,
20163,TGO,2004,2988,,
20163,TGO,2005,3432,,
20163,TGO,2006,3408,,
20163,TGO,2007,3155,,
20163,TGO,2008,3118,,
20163,TGO,2009,3612,,
20163,TGO,2010,4373,,
20163,TGO,2011,4310,,
20163,TGO,2012,4556,,
20163,TGO,2013,5041,,
20163,TGO,2014,5507,,
20163,TGO,2015,5366,,
20163,TGO,2016,5854,,
20163,TGO,2017,6228,,
20163,TGO,2018,6389,,
20163,TGO,2019,6921,,
20163,TGO,2020,7274,,
20163,TGO,2021,7714,,
20163,TGO,2022,7854,,
20163,TGO,2023,8175,,
20163,TGO,2024,8245,,
20164,TGO,1995,3612,,
20164,TGO,1999,4105,,
20164,TGO,2011,11778,,
20164,TGO,2021,21794,,
20165,TGO,1995,401,,
20165,TGO,1999,468,,
20165,TGO,2021,1571,,
20170,TGO,1995,1235,,
20170,TGO,1999,2490,,
20170,TGO,2011,9020,,
20170,TGO,2021,11117,,
20171,TGO,1995,152,,
20171,TGO,1999,398,,
20171,TGO,2021,765,,
20176,TGO,2021,15,,
20177,TGO,2021,0,NIL,
20182,TGO,1971,880,,
20182,TGO,1972,997,,UIS_EST
20182,TGO,1973,1081,,UIS_EST
20182,TGO,1974,1162,,UIS_EST
20182,TGO,1975,1335,,UIS_EST
20182,TGO,1976,1634,,
20182,TGO,1977,2161,,
20182,TGO,1978,2377,,
20182,TGO,1979,2686,,
20182,TGO,1980,3217,,UIS_EST
20182,TGO,1982,4319,,UIS_EST
20182,TGO,1983,4438,,UIS_EST
20182,TGO,1984,4481,,UIS_EST
20182,TGO,1986,4351,,
20182,TGO,1987,4424,,
20182,TGO,1988,4374,,
20182,TGO,1989,4423,,
20182,TGO,1990,4553,,
20182,TGO,1991,4492,,
20182,TGO,1994,3513,,
20182,TGO,1995,4847,,
20182,TGO,1996,5389,,
20182,TGO,1999,6595,,
20182,TGO,2000,8203,,UIS_EST
20182,TGO,2003,10513,,UIS_EST
20182,TGO,2004,11029,,
20182,TGO,2005,13259,,
20182,TGO,2006,11067,,
20182,TGO,2007,11518,,UIS_EST
20182,TGO,2011,20798,,
20182,TGO,2020,30494,,
20182,TGO,2021,32911,,
20182,TGO,2023,51488,,
20183,TGO,1971,218,,
20183,TGO,1972,201,,UIS_EST
20183,TGO,1973,222,,UIS_EST
20183,TGO,1974,213,,UIS_EST
20183,TGO,1975,238,,UIS_EST
20183,TGO,1976,268,,UIS_EST
20183,TGO,1977,285,,
20183,TGO,1978,291,,
20183,TGO,1979,342,,
20183,TGO,1980,438,,UIS_EST
20183,TGO,1982,547,,UIS_EST
20183,TGO,1983,595,,UIS_EST
20183,TGO,1984,565,,UIS_EST
20183,TGO,1986,559,,
20183,TGO,1987,537,,
20183,TGO,1988,522,,
20183,TGO,1989,524,,
20183,TGO,1990,543,,
20183,TGO,1991,529,,
20183,TGO,1995,553,,
20183,TGO,1999,866,,
20183,TGO,2000,893,,UIS_EST
20183,TGO,2003,725,,UIS_EST
20183,TGO,2004,764,,
20183,TGO,2005,870,,
20183,TGO,2006,686,,
20183,TGO,2007,778,,UIS_EST
20183,TGO,2020,2042,,
20183,TGO,2021,2336,,
20183,TGO,2023,23389,,
21500,TGO,1971,28668,,
21500,TGO,1972,31478,,
21500,TGO,1976,39126,,
21500,TGO,1978,40908,,
21500,TGO,1979,44391,,
21500,TGO,1980,47669,,
21500,TGO,1981,49745,,
21500,TGO,1982,50030,,
21500,TGO,1983,48510,,
21500,TGO,1984,46889,,
21500,TGO,1985,45828,,
21500,TGO,1986,48937,,
21500,TGO,1987,55510,,
21500,TGO,1988,59333,,
21500,TGO,1989,65153,,
21500,TGO,1990,66740,,
21500,TGO,1991,68869,,
21500,TGO,1992,69769,,
21500,TGO,1994,92143,,
21500,TGO,1995,81994,,
21500,TGO,1996,63520,,
21500,TGO,1999,82111,,
21500,TGO,2000,69460,,
21500,TGO,2001,63143,,
21500,TGO,2003,63070,,
21500,TGO,2004,60883,,
21500,TGO,2005,58450,,
21500,TGO,2006,60510,,
21500,TGO,2008,58144,,
21500,TGO,2009,76305,,
21500,TGO,2010,82667,,
21500,TGO,2011,80554,,
21500,TGO,2012,75941,,
21500,TGO,2013,68048,,
21500,TGO,2014,12380,,
21500,TGO,2015,6297,,
21500,TGO,2016,5942,,
21500,TGO,2017,2410,,
21500,TGO,2018,10408,,
21500,TGO,2019,4285,,
21500,TGO,2020,2199,,
21500,TGO,2021,1976,,
21500,TGO,2022,1331,,
21500,TGO,2023,233,,
21500,TGO,2024,335,,
21501,TGO,1971,9618,,
21501,TGO,1972,10738,,
21501,TGO,1976,14866,,
21501,TGO,1978,16023,,
21501,TGO,1979,18143,,
21501,TGO,1980,19325,,
21501,TGO,1981,20576,,
21501,TGO,1982,20681,,
21501,TGO,1983,20323,,
21501,TGO,1984,19479,,
21501,TGO,1985,19169,,
21501,TGO,1986,20051,,
21501,TGO,1987,22858,,
21501,TGO,1988,23574,,
21501,TGO,1989,27203,,
21501,TGO,1990,28177,,
21501,TGO,1991,28854,,
21501,TGO,1992,30098,,
21501,TGO,1994,39460,,
21501,TGO,1995,35857,,
21501,TGO,1996,28045,,
21501,TGO,1999,36897,,
21501,TGO,2000,31561,,
21501,TGO,2001,28722,,
21501,TGO,2003,29077,,
21501,TGO,2004,28166,,
21501,TGO,2005,27358,,
21501,TGO,2006,28421,,
21501,TGO,2008,27788,,
21501,TGO,2009,34417,,
21501,TGO,2010,39325,,
21501,TGO,2011,38227,,
21501,TGO,2012,35720,,
21501,TGO,2013,32047,,
21501,TGO,2014,5927,,
21501,TGO,2015,2958,,
21501,TGO,2016,2811,,
21501,TGO,2017,1117,,
21501,TGO,2018,4994,,
21501,TGO,2019,2055,,
21501,TGO,2020,1080,,
21501,TGO,2021,900,,
21501,TGO,2022,599,,
21501,TGO,2023,98,,
21501,TGO,2024,141,,
21502,TGO,1971,11056,,
21502,TGO,1972,12084,,
21502,TGO,1976,17014,,
21502,TGO,1978,20577,,
21502,TGO,1979,24906,,
21502,TGO,1980,26293,,
21502,TGO,1981,30975,,
21502,TGO,1982,32327,,
21502,TGO,1983,29020,,
21502,TGO,1984,29395,,
21502,TGO,1985,29869,,
21502,TGO,1986,29471,,
21502,TGO,1987,30590,,
21502,TGO,1988,30631,,
21502,TGO,1989,37989,,
21502,TGO,1990,38579,,
21502,TGO,1991,43296,,
21502,TGO,1992,46398,,
21502,TGO,1994,58002,,
21502,TGO,1995,42716,,
21502,TGO,1996,35882,,
21502,TGO,1999,57360,,
21502,TGO,2000,49241,,
21502,TGO,2001,43785,,
21502,TGO,2003,41707,,
21502,TGO,2004,42903,,
21502,TGO,2005,41845,,
21502,TGO,2006,44714,,
21502,TGO,2008,43862,,
21502,TGO,2009,48569,,
21502,TGO,2010,52521,,
21502,TGO,2011,54434,,
21502,TGO,2012,53262,,
21502,TGO,2013,48597,,
21502,TGO,2014,36381,,
21502,TGO,2015,35258,,
21502,TGO,2016,34217,,
21502,TGO,2017,35200,,
21502,TGO,2018,32316,,
21502,TGO,2019,36893,,
21502,TGO,2020,31981,,
21502,TGO,2021,21713,,
21502,TGO,2022,23000,,
21502,TGO,2023,25669,,
21502,TGO,2024,17156,,
21503,TGO,1971,3871,,
21503,TGO,1972,4154,,
21503,TGO,1976,6478,,
21503,TGO,1978,8114,,
21503,TGO,1979,10327,,
21503,TGO,1980,10950,,
21503,TGO,1981,13121,,
21503,TGO,1982,13734,,
21503,TGO,1983,12366,,
21503,TGO,1984,12453,,
21503,TGO,1985,12661,,
21503,TGO,1986,12242,,
21503,TGO,1987,12795,,
21503,TGO,1988,12950,,
21503,TGO,1989,15785,,
21503,TGO,1990,16226,,
21503,TGO,1991,18446,,
21503,TGO,1992,20051,,
21503,TGO,1994,24836,,
21503,TGO,1995,18611,,
21503,TGO,1996,15830,,
21503,TGO,1999,26002,,
21503,TGO,2000,22230,,
21503,TGO,2001,19926,,
21503,TGO,2003,19429,,
21503,TGO,2004,19796,,
21503,TGO,2005,19514,,
21503,TGO,2006,20618,,
21503,TGO,2008,21130,,
21503,TGO,2009,23273,,
21503,TGO,2010,25402,,
21503,TGO,2011,26434,,
21503,TGO,2012,25488,,
21503,TGO,2013,22888,,
21503,TGO,2014,17277,,
21503,TGO,2015,16595,,
21503,TGO,2016,16028,,
21503,TGO,2017,17600,,
21503,TGO,2018,14908,,
21503,TGO,2019,17393,,
21503,TGO,2020,14958,,
21503,TGO,2021,10852,,
21503,TGO,2022,10406,,
21503,TGO,2023,11747,,
21503,TGO,2024,8578,,
21504,TGO,1971,10675,,
21504,TGO,1972,11167,,
21504,TGO,1976,16198,,
21504,TGO,1978,18354,,
21504,TGO,1979,22378,,
21504,TGO,1980,25262,,
21504,TGO,1981,30828,,
21504,TGO,1982,33082,,
21504,TGO,1983,32547,,
21504,TGO,1984,30972,,
21504,TGO,1985,30152,,
21504,TGO,1986,30093,,
21504,TGO,1987,31056,,
21504,TGO,1988,30316,,
21504,TGO,1989,37167,,
21504,TGO,1990,38025,,
21504,TGO,1991,43537,,
21504,TGO,1992,44666,,
21504,TGO,1994,55391,,
21504,TGO,1995,45256,,
21504,TGO,1996,36136,,
21504,TGO,1999,59738,,
21504,TGO,2000,51128,,
21504,TGO,2001,45630,,
21504,TGO,2003,43968,,
21504,TGO,2004,45654,,
21504,TGO,2005,44506,,
21504,TGO,2006,46909,,
21504,TGO,2008,43389,,
21504,TGO,2009,47582,,
21504,TGO,2010,50543,,
21504,TGO,2011,50231,,
21504,TGO,2012,48743,,
21504,TGO,2013,45896,,
21504,TGO,2014,33171,,
21504,TGO,2015,12596,,
21504,TGO,2016,9545,,
21504,TGO,2017,7420,,
21504,TGO,2018,6127,,
21504,TGO,2019,6992,,
21504,TGO,2020,5249,,
21504,TGO,2021,3421,,
21504,TGO,2022,2406,,
21504,TGO,2023,839,,
21504,TGO,2024,730,,
21505,TGO,1971,3552,,
21505,TGO,1972,3726,,
21505,TGO,1976,6183,,
21505,TGO,1978,7294,,
21505,TGO,1979,9068,,
21505,TGO,1980,10478,,
21505,TGO,1981,13176,,
21505,TGO,1982,14238,,
21505,TGO,1983,14120,,
21505,TGO,1984,13073,,
21505,TGO,1985,12740,,
21505,TGO,1986,12566,,
21505,TGO,1987,12989,,
21505,TGO,1988,12901,,
21505,TGO,1989,15403,,
21505,TGO,1990,15726,,
21505,TGO,1991,18694,,
21505,TGO,1992,19057,,
21505,TGO,1994,23025,,
21505,TGO,1995,19349,,
21505,TGO,1996,16408,,
21505,TGO,1999,27429,,
21505,TGO,2000,23533,,
21505,TGO,2001,21090,,
21505,TGO,2003,20786,,
21505,TGO,2004,21454,,
21505,TGO,2005,21044,,
21505,TGO,2006,22077,,
21505,TGO,2008,20684,,
21505,TGO,2009,22862,,
21505,TGO,2010,24474,,
21505,TGO,2011,24451,,
21505,TGO,2012,23753,,
21505,TGO,2013,22559,,
21505,TGO,2014,15854,,
21505,TGO,2015,6116,,
21505,TGO,2016,4641,,
21505,TGO,2017,3710,,
21505,TGO,2018,2919,,
21505,TGO,2019,3340,,
21505,TGO,2020,2542,,
21505,TGO,2021,1674,,
21505,TGO,2022,1165,,
21505,TGO,2023,376,,
21505,TGO,2024,311,,
21506,TGO,1971,6438,,
21506,TGO,1972,6437,,
21506,TGO,1976,9028,,
21506,TGO,1978,11414,,
21506,TGO,1979,13576,,
21506,TGO,1980,15296,,
21506,TGO,1981,19243,,
21506,TGO,1982,20317,,
21506,TGO,1983,17629,,
21506,TGO,1984,16962,,
21506,TGO,1985,18110,,
21506,TGO,1986,16972,,
21506,TGO,1987,17598,,
21506,TGO,1988,16464,,
21506,TGO,1989,21289,,
21506,TGO,1990,20906,,
21506,TGO,1991,22800,,
21506,TGO,1992,23621,,
21506,TGO,1994,33555,,
21506,TGO,1995,24531,,
21506,TGO,1996,20468,,
21506,TGO,1999,34610,,
21506,TGO,2000,31870,,
21506,TGO,2001,28707,,
21506,TGO,2003,30661,,
21506,TGO,2004,32777,,
21506,TGO,2005,32267,,
21506,TGO,2006,36795,,
21506,TGO,2008,35526,,
21506,TGO,2009,39498,,
21506,TGO,2010,41651,,
21506,TGO,2011,40577,,
21506,TGO,2012,39351,,
21506,TGO,2013,38819,,
21506,TGO,2014,29047,,
21506,TGO,2015,30649,,
21506,TGO,2016,33461,,
21506,TGO,2017,35816,,
21506,TGO,2018,32298,,
21506,TGO,2019,35424,,
21506,TGO,2020,34524,,
21506,TGO,2021,19944,,
21506,TGO,2022,22193,,
21506,TGO,2023,26778,,
21506,TGO,2024,18754,,
21507,TGO,1971,2101,,
21507,TGO,1972,2085,,
21507,TGO,1976,3281,,
21507,TGO,1978,4470,,
21507,TGO,1979,5432,,
21507,TGO,1980,6336,,
21507,TGO,1981,8206,,
21507,TGO,1982,8655,,
21507,TGO,1983,7469,,
21507,TGO,1984,6967,,
21507,TGO,1985,7610,,
21507,TGO,1986,6792,,
21507,TGO,1987,7081,,
21507,TGO,1988,6699,,
21507,TGO,1989,8504,,
21507,TGO,1990,8330,,
21507,TGO,1991,9370,,
21507,TGO,1992,9440,,
21507,TGO,1994,13092,,
21507,TGO,1995,9969,,
21507,TGO,1996,8514,,
21507,TGO,1999,14960,,
21507,TGO,2000,13805,,
21507,TGO,2001,12920,,
21507,TGO,2003,14493,,
21507,TGO,2004,15428,,
21507,TGO,2005,15297,,
21507,TGO,2006,17482,,
21507,TGO,2008,16961,,
21507,TGO,2009,18862,,
21507,TGO,2010,20312,,
21507,TGO,2011,19714,,
21507,TGO,2012,19340,,
21507,TGO,2013,19234,,
21507,TGO,2014,14141,,
21507,TGO,2015,15027,,
21507,TGO,2016,16325,,
21507,TGO,2017,17908,,
21507,TGO,2018,15663,,
21507,TGO,2019,16961,,
21507,TGO,2020,16578,,
21507,TGO,2021,9761,,
21507,TGO,2022,10406,,
21507,TGO,2023,12704,,
21507,TGO,2024,8802,,
21508,TGO,1971,8300,,
21508,TGO,1972,8039,,
21508,TGO,1976,10077,,
21508,TGO,1978,10813,,
21508,TGO,1979,12838,,
21508,TGO,1980,14927,,
21508,TGO,1981,19351,,
21508,TGO,1982,20341,,
21508,TGO,1983,18736,,
21508,TGO,1984,17283,,
21508,TGO,1985,18712,,
21508,TGO,1986,17310,,
21508,TGO,1987,19877,,
21508,TGO,1988,17260,,
21508,TGO,1989,25003,,
21508,TGO,1990,24343,,
21508,TGO,1991,27513,,
21508,TGO,1992,30814,,
21508,TGO,1994,37082,,
21508,TGO,1995,30353,,
21508,TGO,1996,25073,,
21508,TGO,1999,37069,,
21508,TGO,2000,30647,,
21508,TGO,2001,26296,,
21508,TGO,2003,29475,,
21508,TGO,2004,30558,,
21508,TGO,2005,31002,,
21508,TGO,2006,35348,,
21508,TGO,2008,35439,,
21508,TGO,2009,38240,,
21508,TGO,2010,36958,,
21508,TGO,2011,36340,,
21508,TGO,2012,36374,,
21508,TGO,2013,34359,,
21508,TGO,2014,27809,,
21508,TGO,2015,28202,,
21508,TGO,2016,10401,,
21508,TGO,2017,8134,,
21508,TGO,2018,7115,,
21508,TGO,2019,8166,,
21508,TGO,2020,6142,,
21508,TGO,2021,3629,,
21508,TGO,2022,3435,,
21508,TGO,2023,1059,,
21508,TGO,2024,777,,
21509,TGO,1971,2558,,
21509,TGO,1972,2408,,
21509,TGO,1976,3399,,
21509,TGO,1978,4049,,
21509,TGO,1979,4730,,
21509,TGO,1980,5706,,
21509,TGO,1981,7576,,
21509,TGO,1982,8003,,
21509,TGO,1983,7399,,
21509,TGO,1984,6770,,
21509,TGO,1985,7178,,
21509,TGO,1986,6433,,
21509,TGO,1987,7511,,
21509,TGO,1988,6395,,
21509,TGO,1989,9307,,
21509,TGO,1990,9088,,
21509,TGO,1991,10130,,
21509,TGO,1992,11206,,
21509,TGO,1994,13173,,
21509,TGO,1995,10940,,
21509,TGO,1996,9375,,
21509,TGO,1999,14658,,
21509,TGO,2000,12231,,
21509,TGO,2001,11247,,
21509,TGO,2003,13440,,
21509,TGO,2004,13765,,
21509,TGO,2005,14113,,
21509,TGO,2006,16085,,
21509,TGO,2008,16286,,
21509,TGO,2009,17794,,
21509,TGO,2010,17276,,
21509,TGO,2011,17121,,
21509,TGO,2012,17573,,
21509,TGO,2013,16742,,
21509,TGO,2014,13501,,
21509,TGO,2015,13853,,
21509,TGO,2016,5166,,
21509,TGO,2017,4067,,
21509,TGO,2018,3474,,
21509,TGO,2019,3912,,
21509,TGO,2020,3038,,
21509,TGO,2021,1828,,
21509,TGO,2022,1676,,
21509,TGO,2023,510,,
21509,TGO,2024,383,,
21510,TGO,1971,12318,,
21510,TGO,1972,12304,,
21510,TGO,1976,13110,,
21510,TGO,1978,15093,,
21510,TGO,1979,18456,,
21510,TGO,1980,20029,,
21510,TGO,1981,29774,,
21510,TGO,1982,27294,,
21510,TGO,1983,25287,,
21510,TGO,1984,22351,,
21510,TGO,1985,23403,,
21510,TGO,1986,18419,,
21510,TGO,1987,22736,,
21510,TGO,1988,9135,,
21510,TGO,1989,24582,,
21510,TGO,1990,12238,,
21510,TGO,1991,25451,,
21510,TGO,1992,26324,,
21510,TGO,1994,28569,,
21510,TGO,1995,27258,,
21510,TGO,1996,18620,,
21510,TGO,1999,26397,,
21510,TGO,2000,14247,,
21510,TGO,2001,19316,,
21510,TGO,2003,21973,,
21510,TGO,2004,21973,,
21510,TGO,2005,20403,,
21510,TGO,2006,25973,,
21510,TGO,2008,24722,,
21510,TGO,2009,23754,,
21510,TGO,2010,20383,,
21510,TGO,2011,17902,,
21510,TGO,2012,19767,,
21510,TGO,2013,17495,,
21510,TGO,2014,19488,,
21510,TGO,2015,19212,,
21510,TGO,2016,24922,,
21510,TGO,2017,28780,,
21510,TGO,2018,28835,,
21510,TGO,2019,30710,,
21510,TGO,2020,30622,,
21510,TGO,2021,18578,,
21510,TGO,2022,18519,,
21510,TGO,2023,9874,,
21510,TGO,2024,2625,,
21511,TGO,1971,2863,,
21511,TGO,1972,2797,,
21511,TGO,1976,3552,,
21511,TGO,1978,4768,,
21511,TGO,1979,6235,,
21511,TGO,1980,6949,,
21511,TGO,1981,10174,,
21511,TGO,1982,9387,,
21511,TGO,1983,8879,,
21511,TGO,1984,7607,,
21511,TGO,1985,7506,,
21511,TGO,1986,5671,,
21511,TGO,1987,6886,,
21511,TGO,1988,2839,,
21511,TGO,1989,7924,,
21511,TGO,1990,3838,,
21511,TGO,1991,8242,,
21511,TGO,1992,8461,,
21511,TGO,1994,9044,,
21511,TGO,1995,9187,,
21511,TGO,1996,6500,,
21511,TGO,1999,9765,,
21511,TGO,2000,5322,,
21511,TGO,2001,7676,,
21511,TGO,2003,9792,,
21511,TGO,2004,9660,,
21511,TGO,2005,9165,,
21511,TGO,2006,11461,,
21511,TGO,2008,10749,,
21511,TGO,2009,10711,,
21511,TGO,2010,8823,,
21511,TGO,2011,8484,,
21511,TGO,2012,9501,,
21511,TGO,2013,8304,,
21511,TGO,2014,9449,,
21511,TGO,2015,9604,,
21511,TGO,2016,12495,,
21511,TGO,2017,14390,,
21511,TGO,2018,14435,,
21511,TGO,2019,15296,,
21511,TGO,2020,15513,,
21511,TGO,2021,9458,,
21511,TGO,2022,9741,,
21511,TGO,2023,4978,,
21511,TGO,2024,1317,,
21514,TGO,2010,0,NIL,
21514,TGO,2013,0,NIL,
21514,TGO,2014,0,NIL,
21514,TGO,2015,0,NIL,
21514,TGO,2016,0,NIL,
21514,TGO,2017,0,NIL,
21514,TGO,2018,0,NIL,
21514,TGO,2019,0,NIL,
21514,TGO,2020,0,NIL,
21514,TGO,2021,0,NIL,
21514,TGO,2022,0,NIL,
21514,TGO,2023,0,NIL,
21514,TGO,2024,0,NIL,
21515,TGO,2010,0,NIL,
21515,TGO,2013,0,NIL,
21515,TGO,2014,0,NIL,
21515,TGO,2015,0,NIL,
21515,TGO,2016,0,NIL,
21515,TGO,2017,0,NIL,
21515,TGO,2018,0,NIL,
21515,TGO,2019,0,NIL,
21515,TGO,2020,0,NIL,
21515,TGO,2021,0,NIL,
21515,TGO,2022,0,NIL,
21515,TGO,2023,0,NIL,
21515,TGO,2024,0,NIL,
21516,TGO,1971,77455,,
21516,TGO,1972,81509,,
21516,TGO,1976,104553,,
21516,TGO,1978,117159,,
21516,TGO,1979,136545,,
21516,TGO,1980,149476,,
21516,TGO,1981,179916,,
21516,TGO,1982,183391,,
21516,TGO,1983,171729,,
21516,TGO,1984,163852,,
21516,TGO,1985,166074,,
21516,TGO,1986,161202,,
21516,TGO,1987,177367,,
21516,TGO,1988,163139,,
21516,TGO,1989,211183,,
21516,TGO,1990,200831,,
21516,TGO,1991,231466,,
21516,TGO,1992,241592,,
21516,TGO,1994,304742,,
21516,TGO,1995,252108,,
21516,TGO,1996,199699,,
21516,TGO,1999,297285,,
21516,TGO,2000,246593,,
21516,TGO,2001,226877,,
21516,TGO,2002,219688,,
21516,TGO,2003,230854,,
21516,TGO,2004,234748,,
21516,TGO,2005,228473,,
21516,TGO,2006,250249,,
21516,TGO,2007,242437,,
21516,TGO,2008,241082,,
21516,TGO,2009,273948,,
21516,TGO,2010,284723,,
21516,TGO,2011,280038,,
21516,TGO,2012,273438,,
21516,TGO,2013,253214,,
21516,TGO,2014,158276,,
21516,TGO,2015,132214,,
21516,TGO,2016,118488,,
21516,TGO,2017,117760,,
21516,TGO,2018,117099,,
21516,TGO,2019,122470,,
21516,TGO,2020,110717,,
21516,TGO,2021,69261,,
21516,TGO,2022,70884,,
21516,TGO,2023,64452,,
21516,TGO,2024,40377,,
21517,TGO,1971,24563,,
21517,TGO,1972,25908,,
21517,TGO,1976,37759,,
21517,TGO,1978,44718,,
21517,TGO,1979,53935,,
21517,TGO,1980,59744,,
21517,TGO,1981,72829,,
21517,TGO,1982,74698,,
21517,TGO,1983,70556,,
21517,TGO,1984,66349,,
21517,TGO,1985,66864,,
21517,TGO,1986,63755,,
21517,TGO,1987,70120,,
21517,TGO,1988,65358,,
21517,TGO,1989,84126,,
21517,TGO,1990,81385,,
21517,TGO,1991,93736,,
21517,TGO,1992,98313,,
21517,TGO,1994,122630,,
21517,TGO,1995,103913,,
21517,TGO,1996,84672,,
21517,TGO,1999,129711,,
21517,TGO,2000,108682,,
21517,TGO,2001,101581,,
21517,TGO,2002,101603,,
21517,TGO,2003,107017,,
21517,TGO,2004,108269,,
21517,TGO,2005,106491,,
21517,TGO,2006,116144,,
21517,TGO,2007,113816,,
21517,TGO,2008,113598,,
21517,TGO,2009,127919,,
21517,TGO,2010,135612,,
21517,TGO,2011,134431,,
21517,TGO,2012,131375,,
21517,TGO,2013,121774,,
21517,TGO,2014,76149,,
21517,TGO,2015,64153,,
21517,TGO,2016,57466,,
21517,TGO,2017,58792,,
21517,TGO,2018,56393,,
21517,TGO,2019,58957,,
21517,TGO,2020,53709,,
21517,TGO,2021,34473,,
21517,TGO,2022,33993,,
21517,TGO,2023,30413,,
21517,TGO,2024,19532,,
25003,TGO,1971,48,,UIS_EST
25003,TGO,1972,93,,
25003,TGO,1973,145,,
25003,TGO,1974,156,,
25003,TGO,1975,186,,
25003,TGO,1976,270,,UIS_EST
25003,TGO,1978,223,,
25003,TGO,1979,227,,
25003,TGO,1980,291,,
25003,TGO,1981,297,,
25003,TGO,1982,341,,
25003,TGO,1983,372,,UIS_EST
25003,TGO,1984,313,,UIS_EST
25003,TGO,1987,360,,UIS_EST
25003,TGO,1988,375,,UIS_EST
25003,TGO,1991,396,,
25003,TGO,1992,396,,
25003,TGO,1993,422,,
25003,TGO,1994,392,,
25003,TGO,1995,416,,
25003,TGO,1996,443,,
25003,TGO,1997,443,,
25003,TGO,1998,389,,
25003,TGO,1999,384,,
25003,TGO,2000,388,,UIS_EST
25003,TGO,2001,391,,
25003,TGO,2002,399,,
25003,TGO,2003,428,,
25003,TGO,2004,441,,
25003,TGO,2005,436,,
25003,TGO,2006,455,,
25003,TGO,2007,470,,
25003,TGO,2011,2644,,
25003,TGO,2012,2743,,
25003,TGO,2013,3929,,
25003,TGO,2014,4415,,
25003,TGO,2015,4245,,
25003,TGO,2016,3756,,
25003,TGO,2017,4851,,
25003,TGO,2018,5220,,
25003,TGO,2019,5290,,
25003,TGO,2020,5361,,
25003,TGO,2021,4872,,
25007,TGO,1972,19,,
25007,TGO,1973,19,,
25007,TGO,1974,14,,
25007,TGO,1975,35,,
25007,TGO,1978,18,,
25007,TGO,1979,19,,
25007,TGO,1980,30,,
25007,TGO,1981,37,,
25007,TGO,1982,57,,
25007,TGO,1991,38,,
25007,TGO,1992,38,,
25007,TGO,1993,39,,
25007,TGO,1994,37,,
25007,TGO,1995,34,,
25007,TGO,1996,36,,
25007,TGO,1997,45,,
25007,TGO,1999,40,,
25007,TGO,2000,37,,UIS_EST
25007,TGO,2001,33,,
25007,TGO,2002,35,,
25007,TGO,2003,30,,
25007,TGO,2004,40,,
25007,TGO,2005,36,,
25007,TGO,2006,49,,
25007,TGO,2007,51,,UIS_EST
25007,TGO,2011,179,,
25007,TGO,2012,184,,
25007,TGO,2013,259,,
25007,TGO,2014,278,,
25007,TGO,2015,255,,
25007,TGO,2016,241,,
25007,TGO,2017,319,,
25007,TGO,2018,339,,
25007,TGO,2019,345,,
25007,TGO,2020,351,,
25007,TGO,2021,297,,
25051,TGO,1998,936,,
25051,TGO,2006,3379,,UIS_EST
25051,TGO,2007,3912,,
25051,TGO,2010,7864,,NAT_EST
25051,TGO,2011,3556,,
25051,TGO,2012,4565,,
25051,TGO,2013,8532,,
25051,TGO,2014,9511,,
25051,TGO,2015,7873,,
25051,TGO,2016,7253,,
25051,TGO,2017,6116,,
25051,TGO,2018,5537,,
25051,TGO,2019,2660,,
25051,TGO,2020,2580,,
25052,TGO,1998,16,,
25052,TGO,1999,0,NIL,
25052,TGO,2000,0,NIL,
25052,TGO,2001,0,NIL,
25052,TGO,2002,0,NIL,
25052,TGO,2003,0,NIL,
25052,TGO,2004,0,NIL,
25052,TGO,2005,0,NIL,
25052,TGO,2006,0,NIL,
25052,TGO,2007,0,NIL,
25052,TGO,2010,288,,
25052,TGO,2011,722,,
25052,TGO,2012,803,,
25052,TGO,2013,865,,
25052,TGO,2014,887,,
25052,TGO,2015,975,,
25052,TGO,2016,1034,,
25052,TGO,2017,1210,,
25052,TGO,2018,1567,,
25052,TGO,2019,1725,,
25052,TGO,2020,1548,,
25052,TGO,2021,1427,,
25053,TGO,1971,886,,
25053,TGO,1972,1412,,
25053,TGO,1973,1469,,
25053,TGO,1974,1471,,
25053,TGO,1975,1619,,
25053,TGO,1976,2353,,
25053,TGO,1977,2777,,
25053,TGO,1978,3151,,
25053,TGO,1979,3163,,
25053,TGO,1980,3638,,
25053,TGO,1981,4750,,
25053,TGO,1982,4307,,
25053,TGO,1983,4034,,
25053,TGO,1984,4234,,
25053,TGO,1987,6223,,
25053,TGO,1988,7088,,
25053,TGO,1989,7456,,
25053,TGO,1990,7826,,
25053,TGO,1991,8969,,
25053,TGO,1992,10224,,
25053,TGO,1993,8925,,
25053,TGO,1994,9320,,
25053,TGO,1995,11173,,
25053,TGO,1996,11639,,
25053,TGO,1998,14322,,
25053,TGO,2006,28076,,UIS_EST
25053,TGO,2007,32502,,
25053,TGO,2010,55959,,
25053,TGO,2011,62034,,
25053,TGO,2012,70100,,
25053,TGO,2013,72383,,
25053,TGO,2014,71776,,
25053,TGO,2015,75045,,
25053,TGO,2016,85463,,
25053,TGO,2017,88605,,
25053,TGO,2018,94819,,
25053,TGO,2019,98910,,
25053,TGO,2020,114956,,
25055,TGO,1998,178,,
25055,TGO,2011,1544,,
25055,TGO,2012,1973,,
25055,TGO,2013,3646,,
25055,TGO,2014,4270,,
25055,TGO,2015,3658,,
25055,TGO,2016,3481,,
25055,TGO,2017,2992,,
25055,TGO,2018,2962,,
25055,TGO,2019,1541,,
25055,TGO,2020,1543,,
25056,TGO,1998,0,NIL,
25056,TGO,1999,0,NIL,
25056,TGO,2000,0,NIL,
25056,TGO,2001,0,NIL,
25056,TGO,2002,0,NIL,
25056,TGO,2003,0,NIL,
25056,TGO,2004,0,NIL,
25056,TGO,2005,0,NIL,
25056,TGO,2006,0,NIL,
25056,TGO,2007,0,NIL,
25056,TGO,2010,22,,
25056,TGO,2011,106,,
25056,TGO,2012,129,,
25056,TGO,2013,137,,
25056,TGO,2014,156,,
25056,TGO,2015,173,,
25056,TGO,2016,166,,
25056,TGO,2017,205,,
25056,TGO,2018,322,,
25056,TGO,2019,381,,
25056,TGO,2020,348,,
25056,TGO,2021,285,,
25057,TGO,1972,158,,
25057,TGO,1973,155,,
25057,TGO,1974,188,,
25057,TGO,1975,214,,
25057,TGO,1976,323,,
25057,TGO,1977,445,,
25057,TGO,1978,610,,
25057,TGO,1979,520,,
25057,TGO,1980,582,,
25057,TGO,1981,703,,
25057,TGO,1982,630,,
25057,TGO,1983,570,,
25057,TGO,1984,661,,
25057,TGO,1987,805,,
25057,TGO,1988,878,,
25057,TGO,1990,1032,,
25057,TGO,1991,1252,,
25057,TGO,1992,1219,,
25057,TGO,1993,1092,,
25057,TGO,1994,1127,,
25057,TGO,1995,1487,,
25057,TGO,1996,1745,,
25057,TGO,1998,2428,,
25057,TGO,2011,15847,,
25057,TGO,2012,18099,,
25057,TGO,2013,20311,,
25057,TGO,2014,21141,,
25057,TGO,2015,22373,,
25057,TGO,2016,26228,,
25057,TGO,2017,27792,,
25057,TGO,2018,31231,,
25057,TGO,2019,33827,,
25057,TGO,2020,41135,,
26420,TGO,1999,539,,
26420,TGO,2021,40821,,
26421,TGO,1999,0,NIL,
26421,TGO,2021,0,NIL,
26422,TGO,1999,0,NIL,
26422,TGO,2021,0,NIL,
26423,TGO,1999,66,,
26423,TGO,2021,219,,
26424,TGO,1999,0,NIL,
26424,TGO,2021,1,,
26425,TGO,1999,21,,
26425,TGO,2021,135,,
26426,TGO,1999,9,,
26426,TGO,2021,1,,
26427,TGO,1999,43,,
26427,TGO,2021,147,,
26428,TGO,1999,0,NIL,
26428,TGO,2021,0,NIL,
26429,TGO,1999,0,NIL,
26429,TGO,2021,163,,
26430,TGO,1999,33,,
26430,TGO,2021,542,,
26431,TGO,1999,5,,
26431,TGO,2021,1,,
26432,TGO,1999,25,,
26432,TGO,2021,280,,
26433,TGO,1999,27,,
26433,TGO,2021,183,,
26434,TGO,1999,12,,
26434,TGO,2021,0,NIL,
26435,TGO,1999,1,,
26435,TGO,2021,1,,
26436,TGO,1999,0,NIL,
26436,TGO,2021,0,NIL,
26437,TGO,1999,0,NIL,
26437,TGO,2021,28,,
26438,TGO,1999,0,NIL,
26438,TGO,2021,0,NIL,
26439,TGO,1999,0,NIL,
26439,TGO,2021,0,NIL,
26440,TGO,1999,29,,
26440,TGO,2021,183,,
26441,TGO,1999,0,NIL,
26441,TGO,2021,4,,
26442,TGO,1999,0,NIL,
26442,TGO,2021,92,,
26443,TGO,1999,2,,
26443,TGO,2021,35,,
26444,TGO,1999,0,NIL,
26444,TGO,2021,0,NIL,
26445,TGO,1999,0,NIL,
26445,TGO,2021,2,,
26446,TGO,1999,0,NIL,
26446,TGO,2021,0,NIL,
26447,TGO,1999,0,NIL,
26447,TGO,2021,5,,
26448,TGO,1999,0,NIL,
26448,TGO,2021,0,NIL,
26449,TGO,1999,0,NIL,
26449,TGO,2021,3,,
26450,TGO,1999,0,NIL,
26450,TGO,2021,1,,
26451,TGO,1999,4,,
26451,TGO,2021,68,,
26452,TGO,1999,1,,
26452,TGO,2021,0,NIL,
26453,TGO,1999,0,NIL,
26453,TGO,2021,0,NIL,
26454,TGO,1999,0,NIL,
26454,TGO,2021,3,,
26455,TGO,1999,0,NIL,
26455,TGO,2021,0,NIL,
26456,TGO,1999,0,NIL,
26456,TGO,2021,0,NIL,
26457,TGO,1999,234,,
26457,TGO,2021,1419,,
26458,TGO,1999,7,,
26458,TGO,2021,123,,
26459,TGO,1999,0,NIL,
26459,TGO,2021,2,,
26460,TGO,1999,12,,
26460,TGO,2021,0,NIL,
26461,TGO,1999,1,,
26461,TGO,2021,6,,
26462,TGO,1999,0,NIL,
26462,TGO,2021,0,NIL,
26463,TGO,1999,0,NIL,
26463,TGO,2021,7,,
26464,TGO,1999,0,NIL,
26464,TGO,2021,0,NIL,
26465,TGO,1999,0,NIL,
26465,TGO,2021,3,,
26466,TGO,1999,0,NIL,
26467,TGO,1999,0,NIL,
26467,TGO,2021,1,,
26468,TGO,1999,0,NIL,
26469,TGO,1999,0,NIL,
26469,TGO,2021,0,NIL,
26470,TGO,1999,0,NIL,
26470,TGO,2021,0,NIL,
26471,TGO,1999,7,,
26471,TGO,2021,0,NIL,
26472,TGO,1999,0,NIL,
26472,TGO,2021,1,,
26473,TGO,1999,0,NIL,
26473,TGO,2021,1,,
26474,TGO,1999,0,NIL,
26474,TGO,2021,37160,,
26475,TGO,1999,0,NIL,
26476,TGO,1999,0,NIL,
26476,TGO,2021,0,NIL,
26477,TGO,1999,0,NIL,
26477,TGO,2021,0,NIL,
26478,TGO,1999,0,NIL,
26478,TGO,2021,0,NIL,
26479,TGO,1999,0,NIL,
26479,TGO,2021,0,NIL,
26480,TGO,1999,0,NIL,
26480,TGO,2021,0,NIL,
26481,TGO,1999,0,NIL,
26481,TGO,2021,0,NIL,
26482,TGO,1999,0,NIL,
26482,TGO,2021,0,NIL,
26483,TGO,1999,0,NIL,
26483,TGO,2021,0,NIL,
26484,TGO,1999,0,NIL,
26484,TGO,2021,0,NIL,
26485,TGO,1999,0,NIL,
26485,TGO,2021,0,NIL,
26486,TGO,1999,0,NIL,
26486,TGO,2021,0,NIL,
26487,TGO,1999,0,NIL,
26487,TGO,2021,0,NIL,
26488,TGO,1999,0,NIL,
26488,TGO,2021,0,NIL,
26489,TGO,1999,0,NIL,
26489,TGO,2021,0,NIL,
26490,TGO,1999,0,NIL,
26490,TGO,2021,0,NIL,
26491,TGO,1999,0,NIL,
26491,TGO,2021,0,NIL,
26492,TGO,1999,0,NIL,
26492,TGO,2021,0,NIL,
26493,TGO,1999,0,NIL,
26493,TGO,2021,0,NIL,
26494,TGO,1999,0,NIL,
26494,TGO,2021,0,NIL,
26495,TGO,1999,0,NIL,
26496,TGO,1999,0,NIL,
26496,TGO,2021,0,NIL,
26497,TGO,1999,0,NIL,
26497,TGO,2021,0,NIL,
26498,TGO,1999,0,NIL,
26498,TGO,2021,0,NIL,
26499,TGO,1999,0,NIL,
26499,TGO,2021,0,NIL,
26500,TGO,1999,0,NIL,
26500,TGO,2021,0,NIL,
26501,TGO,1999,0,NIL,
26501,TGO,2021,0,NIL,
26502,TGO,1999,0,NIL,
26502,TGO,2021,0,NIL,
26503,TGO,1999,0,NIL,
26503,TGO,2021,0,NIL,
26504,TGO,1999,0,NIL,
26504,TGO,2021,0,NIL,
26505,TGO,1999,0,NIL,
26506,TGO,1999,0,NIL,
26506,TGO,2021,0,NIL,
26507,TGO,1999,0,NIL,
26507,TGO,2021,0,NIL,
26508,TGO,1999,0,NIL,
26508,TGO,2021,0,NIL,
26509,TGO,1999,0,NIL,
26509,TGO,2021,0,NIL,
26510,TGO,1999,0,NIL,
26510,TGO,2021,0,NIL,
26511,TGO,1999,0,NIL,
26511,TGO,2021,0,NIL,
26512,TGO,1999,0,NIL,
26512,TGO,2021,0,NIL,
26513,TGO,1999,0,NIL,
26513,TGO,2021,0,NIL,
26514,TGO,1999,0,NIL,
26514,TGO,2021,0,NIL,
26515,TGO,1999,0,NIL,
26515,TGO,2021,0,NIL,
26516,TGO,1999,0,NIL,
26516,TGO,2021,0,NIL,
26517,TGO,1999,0,NIL,
26517,TGO,2021,0,NIL,
26518,TGO,1999,0,NIL,
26519,TGO,1999,1,,
26519,TGO,2021,0,NIL,
26520,TGO,1999,0,NIL,
26520,TGO,2021,0,NIL,
26521,TGO,1999,0,NIL,
26521,TGO,2021,0,NIL,
26522,TGO,1999,0,NIL,
26522,TGO,2021,0,NIL,
26523,TGO,1999,0,NIL,
26523,TGO,2021,0,NIL,
26524,TGO,1999,0,NIL,
26524,TGO,2021,0,NIL,
26525,TGO,1999,0,NIL,
26525,TGO,2021,0,NIL,
26526,TGO,1999,0,NIL,
26526,TGO,2021,0,NIL,
26527,TGO,1999,0,NIL,
26527,TGO,2021,0,NIL,
26528,TGO,1999,0,NIL,
26528,TGO,2021,0,NIL,
26529,TGO,1999,0,NIL,
26529,TGO,2021,0,NIL,
26530,TGO,1999,0,NIL,
26530,TGO,2021,0,NIL,
26531,TGO,1999,0,NIL,
26531,TGO,2021,0,NIL,
26532,TGO,1999,0,NIL,
26532,TGO,2021,0,NIL,
26533,TGO,1999,0,NIL,
26533,TGO,2021,0,NIL,
26534,TGO,1999,0,NIL,
26534,TGO,2021,0,NIL,
26535,TGO,1999,0,NIL,
26535,TGO,2021,0,NIL,
26536,TGO,1999,0,NIL,
26536,TGO,2021,0,NIL,
26537,TGO,1999,0,NIL,
26537,TGO,2021,0,NIL,
26538,TGO,1999,0,NIL,
26538,TGO,2021,0,NIL,
26539,TGO,1999,0,NIL,
26539,TGO,2021,0,NIL,
26540,TGO,1999,0,NIL,
26540,TGO,2021,0,NIL,
26541,TGO,1999,0,NIL,
26541,TGO,2021,0,NIL,
26542,TGO,1999,0,NIL,
26542,TGO,2021,0,NIL,
26543,TGO,1999,0,NIL,
26543,TGO,2021,0,NIL,
26544,TGO,1999,0,NIL,
26544,TGO,2021,0,NIL,
26545,TGO,1999,0,NIL,
26545,TGO,2021,0,NIL,
26546,TGO,1999,1,,
26546,TGO,2021,0,NIL,
26547,TGO,1999,0,NIL,
26547,TGO,2021,0,NIL,
26548,TGO,1999,0,NIL,
26548,TGO,2021,0,NIL,
26549,TGO,1999,0,NIL,
26549,TGO,2021,0,NIL,
26550,TGO,1999,0,NIL,
26550,TGO,2021,0,NIL,
26551,TGO,1999,0,NIL,
26551,TGO,2021,0,NIL,
26552,TGO,1999,0,NIL,
26552,TGO,2021,0,NIL,
26553,TGO,1999,0,NIL,
26553,TGO,2021,0,NIL,
26554,TGO,1999,0,NIL,
26554,TGO,2021,0,NIL,
26555,TGO,1999,0,NIL,
26555,TGO,2021,0,NIL,
26556,TGO,1999,0,NIL,
26556,TGO,2021,0,NIL,
26557,TGO,1999,0,NIL,
26557,TGO,2021,0,NIL,
26558,TGO,1999,0,NIL,
26558,TGO,2021,0,NIL,
26559,TGO,1999,0,NIL,
26559,TGO,2021,0,NIL,
26560,TGO,1999,0,NIL,
26560,TGO,2021,0,NIL,
26561,TGO,1999,0,NIL,
26561,TGO,2021,0,NIL,
26562,TGO,1999,0,NIL,
26562,TGO,2021,0,NIL,
26563,TGO,1999,0,NIL,
26563,TGO,2021,0,NIL,
26564,TGO,1999,0,NIL,
26564,TGO,2021,0,NIL,
26565,TGO,1999,0,NIL,
26565,TGO,2021,0,NIL,
26566,TGO,1999,0,NIL,
26566,TGO,2021,0,NIL,
26567,TGO,1999,0,NIL,
26567,TGO,2021,0,NIL,
26568,TGO,1999,0,NIL,
26568,TGO,2021,0,NIL,
26569,TGO,1999,0,NIL,
26569,TGO,2021,0,NIL,
26570,TGO,1999,0,NIL,
26570,TGO,2021,0,NIL,
26571,TGO,1999,5,,
26571,TGO,2021,4,,
26572,TGO,1999,0,NIL,
26572,TGO,2021,0,NIL,
26573,TGO,1999,0,NIL,
26573,TGO,2021,0,NIL,
26574,TGO,1999,0,NIL,
26574,TGO,2021,0,NIL,
26575,TGO,1999,0,NIL,
26575,TGO,2021,0,NIL,
26576,TGO,1999,0,NIL,
26576,TGO,2021,0,NIL,
26577,TGO,1999,0,NIL,
26577,TGO,2021,0,NIL,
26578,TGO,1999,0,NIL,
26578,TGO,2021,0,NIL,
26579,TGO,1999,0,NIL,
26579,TGO,2021,0,NIL,
26580,TGO,1999,0,NIL,
26580,TGO,2021,0,NIL,
26581,TGO,1999,0,NIL,
26581,TGO,2021,0,NIL,
26582,TGO,1999,0,NIL,
26582,TGO,2021,0,NIL,
26583,TGO,1999,0,NIL,
26583,TGO,2021,0,NIL,
26584,TGO,1999,5,,
26584,TGO,2021,4,,
26585,TGO,1999,0,NIL,
26585,TGO,2021,0,NIL,
26586,TGO,1999,0,NIL,
26586,TGO,2021,0,NIL,
26587,TGO,1999,0,NIL,
26587,TGO,2021,0,NIL,
26588,TGO,1999,0,NIL,
26588,TGO,2021,0,NIL,
26589,TGO,1999,0,NIL,
26589,TGO,2021,0,NIL,
26590,TGO,1999,0,NIL,
26590,TGO,2021,0,NIL,
26591,TGO,1999,0,NIL,
26591,TGO,2021,0,NIL,
26592,TGO,1999,0,NIL,
26592,TGO,2021,0,NIL,
26593,TGO,1999,0,NIL,
26593,TGO,2021,0,NIL,
26594,TGO,1999,0,NIL,
26594,TGO,2021,0,NIL,
26595,TGO,1999,0,NIL,
26595,TGO,2021,0,NIL,
26596,TGO,1999,0,NIL,
26596,TGO,2021,0,NIL,
26597,TGO,1999,0,NIL,
26597,TGO,2021,0,NIL,
26598,TGO,1999,0,NIL,
26598,TGO,2021,0,NIL,
26599,TGO,1999,0,NIL,
26599,TGO,2021,0,NIL,
26600,TGO,1999,0,NIL,
26600,TGO,2021,0,NIL,
26601,TGO,1999,0,NIL,
26601,TGO,2021,0,NIL,
26602,TGO,1999,0,NIL,
26602,TGO,2021,0,NIL,
26603,TGO,1999,0,NIL,
26603,TGO,2021,0,NIL,
26604,TGO,1999,0,NIL,
26604,TGO,2021,0,NIL,
26605,TGO,1999,0,NIL,
26605,TGO,2021,0,NIL,
26606,TGO,1999,0,NIL,
26606,TGO,2021,0,NIL,
26607,TGO,1999,0,NIL,
26607,TGO,2021,0,NIL,
26608,TGO,1999,0,NIL,
26608,TGO,2021,0,NIL,
26609,TGO,1999,0,NIL,
26609,TGO,2021,0,NIL,
26610,TGO,1999,0,NIL,
26610,TGO,2021,0,NIL,
26611,TGO,1999,0,NIL,
26611,TGO,2021,0,NIL,
26612,TGO,1999,0,NIL,
26612,TGO,2021,0,NIL,
26613,TGO,1999,0,NIL,
26613,TGO,2021,0,NIL,
26614,TGO,1999,0,NIL,
26614,TGO,2021,0,NIL,
26615,TGO,1999,0,NIL,
26615,TGO,2021,0,NIL,
26616,TGO,1999,0,NIL,
26616,TGO,2021,0,NIL,
26617,TGO,1999,0,NIL,
26617,TGO,2021,0,NIL,
26618,TGO,1999,0,NIL,
26618,TGO,2021,0,NIL,
26619,TGO,1999,0,NIL,
26619,TGO,2021,0,NIL,
26620,TGO,1999,0,NIL,
26620,TGO,2021,0,NIL,
26621,TGO,1999,0,NIL,
26621,TGO,2021,0,NIL,
26622,TGO,1999,0,NIL,
26622,TGO,2021,0,NIL,
26623,TGO,1999,0,NIL,
26623,TGO,2021,0,NIL,
26624,TGO,1999,0,NIL,
26624,TGO,2021,0,NIL,
26625,TGO,1999,0,NIL,
26625,TGO,2021,0,NIL,
26626,TGO,1999,0,NIL,
26626,TGO,2021,0,NIL,
26627,TGO,1999,0,NIL,
26627,TGO,2021,0,NIL,
26628,TGO,1999,0,NIL,
26628,TGO,2021,0,NIL,
26629,TGO,1999,0,NIL,
26629,TGO,2021,0,NIL,
26630,TGO,1999,0,NIL,
26630,TGO,2021,0,NIL,
26631,TGO,1999,0,NIL,
26631,TGO,2021,0,NIL,
26637,TGO,1999,545,,
26637,TGO,2007,459,,
26637,TGO,2021,40825,,
26638,TGO,1999,178,,
26638,TGO,2007,149,,
26638,TGO,2021,36513,,
26640,TGO,1999,0,NIL,
26640,TGO,2021,0,NIL,
26641,TGO,1999,0,NIL,
26641,TGO,2021,0,NIL,
26642,TGO,1999,0,NIL,
26642,TGO,2021,0,NIL,
26643,TGO,1999,0,NIL,
26643,TGO,2021,0,NIL,
26644,TGO,1999,0,NIL,
26644,TGO,2021,0,NIL,
26645,TGO,1999,0,NIL,
26645,TGO,2021,0,NIL,
26646,TGO,1999,0,NIL,
26646,TGO,2021,0,NIL,
26647,TGO,1999,0,NIL,
26647,TGO,2021,0,NIL,
26648,TGO,1999,0,NIL,
26648,TGO,2021,0,NIL,
26650,TGO,1999,0,NIL,
26651,TGO,1999,0,NIL,
26652,TGO,1999,0,NIL,
26652,TGO,2021,0,NIL,
299902,TGO,1970,3,,
299902,TGO,1971,3,,
299902,TGO,1972,3,,
299902,TGO,1973,3,,
299902,TGO,1974,3,,
299902,TGO,1975,3,,
299902,TGO,1976,3,,
299902,TGO,1977,3,,
299902,TGO,1978,3,,
299902,TGO,1979,3,,
299902,TGO,1980,3,,
299902,TGO,1981,3,,
299902,TGO,1982,3,,
299902,TGO,1983,3,,
299902,TGO,1984,3,,
299902,TGO,1985,3,,
299902,TGO,1986,3,,
299902,TGO,1987,3,,
299902,TGO,1988,3,,
299902,TGO,1989,3,,
299902,TGO,1990,3,,
299902,TGO,1991,3,,
299902,TGO,1992,3,,
299902,TGO,1993,3,,
299902,TGO,1994,3,,
299902,TGO,1995,3,,
299902,TGO,1996,3,,
299902,TGO,1997,3,,
299902,TGO,1998,3,,
299902,TGO,1999,3,,
299902,TGO,2000,3,,
299902,TGO,2001,3,,
299902,TGO,2002,3,,
299902,TGO,2003,3,,
299902,TGO,2004,3,,
299902,TGO,2005,3,,
299902,TGO,2006,3,,
299902,TGO,2007,3,,
299902,TGO,2008,3,,
299902,TGO,2009,3,,
299902,TGO,2010,3,,
299902,TGO,2011,3,,
299902,TGO,2012,3,,
299902,TGO,2013,3,,
299902,TGO,2014,3,,
299902,TGO,2015,3,,
299902,TGO,2016,3,,
299902,TGO,2017,3,,
299902,TGO,2018,3,,
299902,TGO,2019,3,,
299902,TGO,2020,3,,
299902,TGO,2021,3,,
299902,TGO,2022,3,,
299902,TGO,2023,3,,
299902,TGO,2024,3,,
299902,TGO,2025,3,,
299905,TGO,1970,6,,
299905,TGO,1971,6,,
299905,TGO,1972,6,,
299905,TGO,1973,6,,
299905,TGO,1974,6,,
299905,TGO,1975,6,,
299905,TGO,1976,6,,
299905,TGO,1977,6,,
299905,TGO,1978,6,,
299905,TGO,1979,6,,
299905,TGO,1980,6,,
299905,TGO,1981,6,,
299905,TGO,1982,6,,
299905,TGO,1983,6,,
299905,TGO,1984,6,,
299905,TGO,1985,6,,
299905,TGO,1986,6,,
299905,TGO,1987,6,,
299905,TGO,1988,6,,
299905,TGO,1989,6,,
299905,TGO,1990,6,,
299905,TGO,1991,6,,
299905,TGO,1992,6,,
299905,TGO,1993,6,,
299905,TGO,1994,6,,
299905,TGO,1995,6,,
299905,TGO,1996,6,,
299905,TGO,1997,6,,
299905,TGO,1998,6,,
299905,TGO,1999,6,,
299905,TGO,2000,6,,
299905,TGO,2001,6,,
299905,TGO,2002,6,,
299905,TGO,2003,6,,
299905,TGO,2004,6,,
299905,TGO,2005,6,,
299905,TGO,2006,6,,
299905,TGO,2007,6,,
299905,TGO,2008,6,,
299905,TGO,2009,6,,
299905,TGO,2010,6,,
299905,TGO,2011,6,,
299905,TGO,2012,6,,
299905,TGO,2013,6,,
299905,TGO,2014,6,,
299905,TGO,2015,6,,
299905,TGO,2016,6,,
299905,TGO,2017,6,,
299905,TGO,2018,6,,
299905,TGO,2019,6,,
299905,TGO,2020,6,,
299905,TGO,2021,6,,
299905,TGO,2022,6,,
299905,TGO,2023,6,,
299905,TGO,2024,6,,
299905,TGO,2025,6,,
299929,TGO,1970,3,,
299929,TGO,1971,3,,
299929,TGO,1972,3,,
299929,TGO,1973,3,,
299929,TGO,1974,3,,
299929,TGO,1975,3,,
299929,TGO,1976,3,,
299929,TGO,1977,3,,
299929,TGO,1978,3,,
299929,TGO,1979,3,,
299929,TGO,1980,3,,
299929,TGO,1981,3,,
299929,TGO,1982,3,,
299929,TGO,1983,3,,
299929,TGO,1984,3,,
299929,TGO,1985,3,,
299929,TGO,1986,3,,
299929,TGO,1987,3,,
299929,TGO,1988,3,,
299929,TGO,1989,3,,
299929,TGO,1990,3,,
299929,TGO,1991,3,,
299929,TGO,1992,3,,
299929,TGO,1993,3,,
299929,TGO,1994,3,,
299929,TGO,1995,3,,
299929,TGO,1996,3,,
299929,TGO,1997,3,,
299929,TGO,1998,3,,
299929,TGO,1999,3,,
299929,TGO,2000,3,,
299929,TGO,2001,3,,
299929,TGO,2002,3,,
299929,TGO,2003,3,,
299929,TGO,2004,3,,
299929,TGO,2005,3,,
299929,TGO,2006,3,,
299929,TGO,2007,3,,
299929,TGO,2008,3,,
299929,TGO,2009,3,,
299929,TGO,2010,3,,
299929,TGO,2011,3,,
299929,TGO,2012,3,,
299929,TGO,2013,3,,
299929,TGO,2014,3,,
299929,TGO,2015,3,,
299929,TGO,2016,3,,
299929,TGO,2017,3,,
299929,TGO,2018,3,,
299929,TGO,2019,3,,
299929,TGO,2020,3,,
299929,TGO,2021,3,,
299929,TGO,2022,3,,
299929,TGO,2023,3,,
299929,TGO,2024,3,,
299929,TGO,2025,3,,
299932,TGO,1970,6,,
299932,TGO,1971,6,,
299932,TGO,1972,6,,
299932,TGO,1973,6,,
299932,TGO,1974,6,,
299932,TGO,1975,6,,
299932,TGO,1976,6,,
299932,TGO,1977,6,,
299932,TGO,1978,6,,
299932,TGO,1979,6,,
299932,TGO,1980,6,,
299932,TGO,1981,6,,
299932,TGO,1982,6,,
299932,TGO,1983,6,,
299932,TGO,1984,6,,
299932,TGO,1985,6,,
299932,TGO,1986,6,,
299932,TGO,1987,6,,
299932,TGO,1988,6,,
299932,TGO,1989,6,,
299932,TGO,1990,6,,
299932,TGO,1991,6,,
299932,TGO,1992,6,,
299932,TGO,1993,6,,
299932,TGO,1994,6,,
299932,TGO,1995,6,,
299932,TGO,1996,6,,
299932,TGO,1997,6,,
299932,TGO,1998,6,,
299932,TGO,1999,6,,
299932,TGO,2000,6,,
299932,TGO,2001,6,,
299932,TGO,2002,6,,
299932,TGO,2003,6,,
299932,TGO,2004,6,,
299932,TGO,2005,6,,
299932,TGO,2006,6,,
299932,TGO,2007,6,,
299932,TGO,2008,6,,
299932,TGO,2009,6,,
299932,TGO,2010,6,,
299932,TGO,2011,6,,
299932,TGO,2012,6,,
299932,TGO,2013,6,,
299932,TGO,2014,6,,
299932,TGO,2015,6,,
299932,TGO,2016,6,,
299932,TGO,2017,6,,
299932,TGO,2018,6,,
299932,TGO,2019,6,,
299932,TGO,2020,6,,
299932,TGO,2021,6,,
299932,TGO,2022,6,,
299932,TGO,2023,6,,
299932,TGO,2024,6,,
299932,TGO,2025,6,,
400,TGO,1998,10,,
400,TGO,1999,10,,
400,TGO,2000,10,,
400,TGO,2001,10,,
400,TGO,2002,10,,
400,TGO,2003,10,,
400,TGO,2004,10,,
400,TGO,2005,10,,
400,TGO,2006,10,,
400,TGO,2007,10,,
400,TGO,2008,10,,
400,TGO,2009,10,,
400,TGO,2010,10,,
400,TGO,2011,10,,
400,TGO,2012,10,,
400,TGO,2013,10,,
400,TGO,2014,10,,
400,TGO,2015,10,,
400,TGO,2016,10,,
400,TGO,2017,10,,
400,TGO,2018,10,,
400,TGO,2019,10,,
400,TGO,2020,10,,
400,TGO,2021,10,,
400,TGO,2022,10,,
400,TGO,2023,10,,
400,TGO,2024,10,,
400,TGO,2025,10,,
40033,TGO,1971,5431,,
40033,TGO,1972,3238,,
40033,TGO,1973,3618,,
40033,TGO,1974,3878,,
40033,TGO,1975,3366,,
40033,TGO,1976,3453,,
40033,TGO,1977,2873,,
40033,TGO,1978,3251,,
40033,TGO,1979,3589,,
40033,TGO,1980,3376,,
40033,TGO,1981,3918,,
40033,TGO,1982,4619,,
40033,TGO,1983,4790,,
40033,TGO,1984,4668,,
40033,TGO,1985,4639,,
40033,TGO,1986,5007,,
40033,TGO,1987,5098,,
40033,TGO,1988,5371,,
40033,TGO,1989,4855,,
40033,TGO,1990,5323,,
40033,TGO,1991,5540,,
40033,TGO,1994,5291,,
40033,TGO,1995,5149,,
40033,TGO,1996,5280,,
40033,TGO,1997,5381,,
40033,TGO,1998,5379,,
40033,TGO,1999,5640,,
40033,TGO,2000,4603,,
40033,TGO,2001,5264,,
40033,TGO,2002,5979,,
40033,TGO,2003,6443,,
40033,TGO,2007,11225,,
40033,TGO,2008,12842,,
40033,TGO,2009,20137,,
40033,TGO,2010,21206,,
40033,TGO,2011,27288,,
40033,TGO,2012,32510,,
40033,TGO,2013,42588,,
40033,TGO,2014,47842,,
40033,TGO,2015,56870,,
40033,TGO,2017,70735,,
40033,TGO,2018,76957,,
40033,TGO,2019,85067,,
40033,TGO,2020,102228,,
40033,TGO,2021,101200,,
40033,TGO,2022,111843,,
40033,TGO,2023,119197,,
40033,TGO,2024,113983,,
40034,TGO,1999,5640,,
40034,TGO,2000,4603,,
40034,TGO,2001,5264,,
40034,TGO,2002,5979,,
40034,TGO,2003,6443,,
40034,TGO,2007,11225,,
40034,TGO,2008,12842,,
40034,TGO,2009,20137,,
40034,TGO,2010,21206,,
40034,TGO,2011,27288,,
40034,TGO,2012,32510,,
40034,TGO,2013,42588,,
40034,TGO,2014,47842,,
40034,TGO,2015,56870,,
40034,TGO,2017,70735,,
40034,TGO,2018,76957,,
40034,TGO,2019,85067,,
40034,TGO,2020,102228,,
40034,TGO,2021,101200,,
40034,TGO,2022,111843,,
40034,TGO,2023,119197,,
40034,TGO,2024,113983,,
40035,TGO,1971,157655,,
40035,TGO,1972,176200,,
40035,TGO,1973,196787,,
40035,TGO,1974,208968,,
40035,TGO,1975,218565,,
40035,TGO,1976,236854,,
40035,TGO,1977,254008,,
40035,TGO,1978,265850,,
40035,TGO,1979,284322,,
40035,TGO,1980,297604,,
40035,TGO,1981,308370,,
40035,TGO,1982,302255,,
40035,TGO,1983,297721,,
40035,TGO,1984,278539,,
40035,TGO,1985,278933,,
40035,TGO,1986,285485,,
40035,TGO,1987,315486,,
40035,TGO,1988,324108,,
40035,TGO,1989,348736,,
40035,TGO,1990,362772,,
40035,TGO,1991,391320,,
40035,TGO,1992,391695,,
40035,TGO,1994,397874,,
40035,TGO,1995,453495,,
40035,TGO,1996,487428,,
40035,TGO,1997,502872,,
40035,TGO,1998,513410,,
40035,TGO,1999,542992,,
40035,TGO,2000,514001,,
40035,TGO,2001,526584,,
40035,TGO,2002,538682,,
40035,TGO,2003,533920,,
40035,TGO,2004,535541,,
40035,TGO,2005,538792,,
40035,TGO,2006,565361,,
40035,TGO,2007,547622,,
40035,TGO,2008,562182,,
40035,TGO,2009,661472,,
40035,TGO,2010,677250,,
40035,TGO,2011,681499,,
40035,TGO,2012,712462,,
40035,TGO,2013,731115,,
40035,TGO,2014,729187,,
40035,TGO,2015,769599,,
40035,TGO,2016,769599.5500000002,,
40035,TGO,2017,782033,,
40035,TGO,2018,790577,,
40035,TGO,2019,808042,,
40035,TGO,2020,831635,,
40035,TGO,2021,831510,,
40035,TGO,2022,852504,,
40035,TGO,2023,848975,,
40035,TGO,2024,845263,,
40038,TGO,1995,89695,,
40038,TGO,1999,126011,,
40038,TGO,2000,139863,,
40038,TGO,2001,153505,,UIS_EST
40038,TGO,2002,175584,,UIS_EST
40038,TGO,2004,198696,,
40038,TGO,2017,308917,,
40038,TGO,2021,343688,,
40038,TGO,2023,359344,,
40041,TGO,1995,23565,,
40041,TGO,1999,39554,,
40041,TGO,2000,38891,,UIS_EST
40041,TGO,2004,48997,,
40041,TGO,2017,113623,,
40041,TGO,2020,128219,,
40041,TGO,2021,127990,,
40041,TGO,2023,134297,,
40044,TGO,1971,17077,,
40044,TGO,1972,20512,,
40044,TGO,1973,23888,,
40044,TGO,1974,28623,,
40044,TGO,1975,37173,,
40044,TGO,1976,49074,,
40044,TGO,1977,62606,,
40044,TGO,1978,73890,,
40044,TGO,1979,86619,,
40044,TGO,1980,96970,,
40044,TGO,1982,97309,,
40044,TGO,1983,89302,,
40044,TGO,1984,76905,,
40044,TGO,1985,69289,,
40044,TGO,1986,74095,,
40044,TGO,1987,75274,,
40044,TGO,1988,86984,,
40044,TGO,1989,83983,,
40044,TGO,1990,95127,,
40044,TGO,1991,93779,,
40044,TGO,1992,96264,,
40044,TGO,1994,100162,,
40044,TGO,1995,113260,,
40044,TGO,1996,125225,,
40044,TGO,1997,130659,,
40044,TGO,1999,165565,,
40044,TGO,2000,178754,,
40044,TGO,2001,197706,,
40044,TGO,2002,222905,,
40044,TGO,2004,247693,,
40044,TGO,2017,422540,,
40044,TGO,2021,471678,,
40044,TGO,2023,493641,,
40047,TGO,1999,280,,
40047,TGO,2000,0,NIL,
40047,TGO,2001,0,NIL,
40047,TGO,2002,0,NIL,
40047,TGO,2020,87,,
40047,TGO,2021,109,,
40051,TGO,1999,5601,,
40051,TGO,2000,4829,,
40051,TGO,2001,5220,,
40051,TGO,2002,6115,,
40051,TGO,2003,6330,,
40051,TGO,2004,7542,,UIS_EST
40051,TGO,2006,9986,,UIS_EST
40051,TGO,2007,11334,,
40051,TGO,2008,13208,,
40051,TGO,2009,20920,,
40051,TGO,2010,21684,,
40051,TGO,2011,27832,,
40051,TGO,2012,33508,,
40051,TGO,2013,44092,,
40051,TGO,2014,49115,,
40051,TGO,2015,58235,,
40051,TGO,2017,73162,,
40051,TGO,2018,78782,,
40051,TGO,2019,87158,,
40051,TGO,2020,105275,,
40051,TGO,2021,104834,,
40051,TGO,2022,116380,,
40051,TGO,2023,121227,,
40051,TGO,2024,116788,,
40055,TGO,1999,11241,,
40055,TGO,2000,9432,,
40055,TGO,2001,10484,,
40055,TGO,2002,12094,,
40055,TGO,2003,12773,,
40055,TGO,2004,15085,,UIS_EST
40055,TGO,2006,19973,,UIS_EST
40055,TGO,2007,22559,,
40055,TGO,2008,26050,,
40055,TGO,2009,41057,,
40055,TGO,2010,42890,,
40055,TGO,2011,55120,,
40055,TGO,2012,66018,,
40055,TGO,2013,86680,,
40055,TGO,2014,96957,,
40055,TGO,2015,115105,,
40055,TGO,2017,143897,,
40055,TGO,2018,155739,,
40055,TGO,2019,172225,,
40055,TGO,2020,207503,,
40055,TGO,2021,206034,,
40055,TGO,2022,228223,,
40055,TGO,2023,240424,,
40055,TGO,2024,230771,,
401,TGO,1998,6,,
401,TGO,1999,6,,
401,TGO,2000,6,,
401,TGO,2001,6,,
401,TGO,2002,6,,
401,TGO,2003,6,,
401,TGO,2004,6,,
401,TGO,2005,6,,
401,TGO,2006,6,,
401,TGO,2007,6,,
401,TGO,2008,6,,
401,TGO,2009,6,,
401,TGO,2010,6,,
401,TGO,2011,6,,
401,TGO,2012,6,,
401,TGO,2013,6,,
401,TGO,2014,6,,
401,TGO,2015,6,,
401,TGO,2016,6,,
401,TGO,2017,6,,
401,TGO,2018,6,,
401,TGO,2019,6,,
401,TGO,2020,6,,
401,TGO,2021,6,,
401,TGO,2022,6,,
401,TGO,2023,6,,
401,TGO,2024,6,,
401,TGO,2025,6,,
403,TGO,1997,10,,
403,TGO,1998,9,,
403,TGO,1999,9,,
403,TGO,2000,9,,
403,TGO,2001,9,,
403,TGO,2002,9,,
403,TGO,2003,9,,
403,TGO,2004,9,,
403,TGO,2005,9,,
403,TGO,2006,9,,
403,TGO,2007,10,,
403,TGO,2008,9,,
403,TGO,2009,9,,
403,TGO,2010,9,,
403,TGO,2011,9,,
403,TGO,2012,9,,
403,TGO,2013,10,,
403,TGO,2014,9,,
403,TGO,2015,9,,
403,TGO,2016,10,,
403,TGO,2017,10,,
403,TGO,2018,10,,
403,TGO,2019,10,,
403,TGO,2020,9,,
403,TGO,2021,9,,
403,TGO,2022,9,,
403,TGO,2023,9,,
403,TGO,2024,9,,
403,TGO,2025,9,,
404,TGO,1997,7,,
404,TGO,1998,6,,
404,TGO,1999,6,,
404,TGO,2000,6,,
404,TGO,2001,6,,
404,TGO,2002,6,,
404,TGO,2003,6,,
404,TGO,2004,6,,
404,TGO,2005,6,,
404,TGO,2006,6,,
404,TGO,2007,7,,
404,TGO,2008,6,,
404,TGO,2009,7,,
404,TGO,2010,6,,
404,TGO,2011,6,,
404,TGO,2012,7,,
404,TGO,2013,7,,
404,TGO,2014,6,,
404,TGO,2015,6,,
404,TGO,2016,7,,
404,TGO,2017,7,,
404,TGO,2018,8,,
404,TGO,2019,8,,
404,TGO,2020,11,,
404,TGO,2021,7,,
404,TGO,2022,7,,
404,TGO,2023,7,,
404,TGO,2024,7,,
404,TGO,2025,6,,
405,TGO,1970,1969,,
405,TGO,1971,1970,,
405,TGO,1972,1971,,
405,TGO,1973,1972,,
405,TGO,1974,1973,,
405,TGO,1975,1974,,
405,TGO,1976,1975,,
405,TGO,1977,1976,,
405,TGO,1978,1977,,
405,TGO,1979,1978,,
405,TGO,1980,1979,,
405,TGO,1981,1980,,
405,TGO,1982,1981,,
405,TGO,1983,1982,,
405,TGO,1984,1983,,
405,TGO,1985,1984,,
405,TGO,1986,1985,,
405,TGO,1987,1986,,
405,TGO,1988,1987,,
405,TGO,1989,1988,,
405,TGO,1990,1989,,
405,TGO,1991,1990,,
405,TGO,1992,1991,,
405,TGO,1993,1992,,
405,TGO,1994,1993,,
405,TGO,1995,1994,,
405,TGO,1996,1995,,
405,TGO,1997,1996,,
405,TGO,1998,1997,,
405,TGO,1999,1998,,
405,TGO,2000,1999,,
405,TGO,2001,2000,,
405,TGO,2002,2001,,
405,TGO,2003,2002,,
405,TGO,2004,2003,,
405,TGO,2005,2004,,
405,TGO,2006,2005,,
405,TGO,2007,2006,,
405,TGO,2008,2007,,
405,TGO,2009,2008,,
405,TGO,2010,2009,,
405,TGO,2011,2010,,
405,TGO,2012,2011,,
405,TGO,2013,2012,,
405,TGO,2014,2013,,
405,TGO,2015,2014,,
405,TGO,2016,2015,,
405,TGO,2017,2016,,
405,TGO,2018,2017,,
405,TGO,2019,2018,,
405,TGO,2020,2019,,
405,TGO,2021,2020,,
405,TGO,2022,2021,,
405,TGO,2023,2022,,
405,TGO,2024,2023,,
405,TGO,2025,2024,,
406,TGO,1997,1997,,
406,TGO,1998,1998,,
406,TGO,1999,1999,,
406,TGO,2000,2000,,
406,TGO,2001,2001,,
406,TGO,2002,2002,,
406,TGO,2003,2003,,
406,TGO,2004,2004,,
406,TGO,2005,2005,,
406,TGO,2006,2006,,
406,TGO,2007,2007,,
406,TGO,2008,2008,,
406,TGO,2009,2009,,
406,TGO,2010,2010,,
406,TGO,2011,2011,,
406,TGO,2012,2012,,
406,TGO,2013,2013,,
406,TGO,2014,2014,,
406,TGO,2015,2015,,
406,TGO,2016,2016,,
406,TGO,2017,2017,,
406,TGO,2018,2018,,
406,TGO,2019,2019,,
406,TGO,2020,2020,,
406,TGO,2021,2021,,
406,TGO,2022,2022,,
406,TGO,2023,2023,,
406,TGO,2024,2024,,
406,TGO,2025,2025,,
41906,TGO,1971,19050,,
41906,TGO,1972,20740,,
41906,TGO,1976,24260,,
41906,TGO,1978,24885,,
41906,TGO,1979,26248,,
41906,TGO,1980,28344,,
41906,TGO,1981,29169,,
41906,TGO,1982,29349,,
41906,TGO,1983,28187,,
41906,TGO,1984,27410,,
41906,TGO,1985,26659,,
41906,TGO,1986,28886,,
41906,TGO,1987,32652,,
41906,TGO,1988,35759,,
41906,TGO,1989,37950,,
41906,TGO,1990,38563,,
41906,TGO,1991,40015,,
41906,TGO,1992,39671,,
41906,TGO,1994,52683,,
41906,TGO,1995,46137,,
41906,TGO,1996,35475,,
41906,TGO,1999,45214,,
41906,TGO,2000,37899,,
41906,TGO,2001,34421,,
41906,TGO,2003,33993,,
41906,TGO,2004,32717,,
41906,TGO,2005,31092,,
41906,TGO,2006,32089,,
41906,TGO,2008,30356,,
41906,TGO,2009,41888,,
41906,TGO,2010,43342,,
41906,TGO,2011,42327,,
41906,TGO,2012,40221,,
41906,TGO,2013,36001,,
41906,TGO,2014,6453,,
41906,TGO,2015,3339,,
41906,TGO,2016,3131,,
41906,TGO,2017,1293,,
41906,TGO,2018,5414,,
41906,TGO,2019,2230,,
41906,TGO,2020,1119,,
41906,TGO,2021,1076,,
41906,TGO,2022,732,,
41906,TGO,2023,135,,
41906,TGO,2024,194,,
41907,TGO,1971,7185,,
41907,TGO,1972,7930,,
41907,TGO,1976,10536,,
41907,TGO,1978,12463,,
41907,TGO,1979,14579,,
41907,TGO,1980,15343,,
41907,TGO,1981,17854,,
41907,TGO,1982,18593,,
41907,TGO,1983,16654,,
41907,TGO,1984,16942,,
41907,TGO,1985,17208,,
41907,TGO,1986,17229,,
41907,TGO,1987,17795,,
41907,TGO,1988,17681,,
41907,TGO,1989,22204,,
41907,TGO,1990,22353,,
41907,TGO,1991,24850,,
41907,TGO,1992,26347,,
41907,TGO,1994,33166,,
41907,TGO,1995,24105,,
41907,TGO,1996,20052,,
41907,TGO,1999,31358,,
41907,TGO,2000,27011,,
41907,TGO,2001,23859,,
41907,TGO,2003,22278,,
41907,TGO,2004,23107,,
41907,TGO,2005,22331,,
41907,TGO,2006,24096,,
41907,TGO,2008,22732,,
41907,TGO,2009,25296,,
41907,TGO,2010,27119,,
41907,TGO,2011,28000,,
41907,TGO,2012,27774,,
41907,TGO,2013,25709,,
41907,TGO,2014,19104,,
41907,TGO,2015,18663,,
41907,TGO,2016,18189,,
41907,TGO,2017,17600,,
41907,TGO,2018,17408,,
41907,TGO,2019,19500,,
41907,TGO,2020,17023,,
41907,TGO,2021,10861,,
41907,TGO,2022,12594,,
41907,TGO,2023,13922,,
41907,TGO,2024,8578,,
41908,TGO,1971,7123,,
41908,TGO,1972,7441,,
41908,TGO,1976,10015,,
41908,TGO,1978,11060,,
41908,TGO,1979,13310,,
41908,TGO,1980,14784,,
41908,TGO,1981,17652,,
41908,TGO,1982,18844,,
41908,TGO,1983,18427,,
41908,TGO,1984,17899,,
41908,TGO,1985,17412,,
41908,TGO,1986,17527,,
41908,TGO,1987,18067,,
41908,TGO,1988,17415,,
41908,TGO,1989,21764,,
41908,TGO,1990,22299,,
41908,TGO,1991,24843,,
41908,TGO,1992,25609,,
41908,TGO,1994,32366,,
41908,TGO,1995,25907,,
41908,TGO,1996,19728,,
41908,TGO,1999,32309,,
41908,TGO,2000,27595,,
41908,TGO,2001,24540,,
41908,TGO,2003,23182,,
41908,TGO,2004,24200,,
41908,TGO,2005,23462,,
41908,TGO,2006,24832,,
41908,TGO,2008,22705,,
41908,TGO,2009,24720,,
41908,TGO,2010,26069,,
41908,TGO,2011,25780,,
41908,TGO,2012,24990,,
41908,TGO,2013,23337,,
41908,TGO,2014,17317,,
41908,TGO,2015,6480,,
41908,TGO,2016,4904,,
41908,TGO,2017,3710,,
41908,TGO,2018,3208,,
41908,TGO,2019,3652,,
41908,TGO,2020,2707,,
41908,TGO,2021,1747,,
41908,TGO,2022,1241,,
41908,TGO,2023,463,,
41908,TGO,2024,419,,
41909,TGO,1971,4337,,
41909,TGO,1972,4352,,
41909,TGO,1976,5747,,
41909,TGO,1978,6944,,
41909,TGO,1979,8144,,
41909,TGO,1980,8960,,
41909,TGO,1981,11037,,
41909,TGO,1982,11662,,
41909,TGO,1983,10160,,
41909,TGO,1984,9995,,
41909,TGO,1985,10500,,
41909,TGO,1986,10180,,
41909,TGO,1987,10517,,
41909,TGO,1988,9765,,
41909,TGO,1989,12785,,
41909,TGO,1990,12576,,
41909,TGO,1991,13430,,
41909,TGO,1992,14181,,
41909,TGO,1994,20463,,
41909,TGO,1995,14562,,
41909,TGO,1996,11954,,
41909,TGO,1999,19650,,
41909,TGO,2000,18065,,
41909,TGO,2001,15787,,
41909,TGO,2003,16168,,
41909,TGO,2004,17349,,
41909,TGO,2005,16970,,
41909,TGO,2006,19313,,
41909,TGO,2008,18565,,
41909,TGO,2009,20636,,
41909,TGO,2010,21339,,
41909,TGO,2011,20863,,
41909,TGO,2012,20011,,
41909,TGO,2013,19585,,
41909,TGO,2014,14906,,
41909,TGO,2015,15622,,
41909,TGO,2016,17136,,
41909,TGO,2017,17908,,
41909,TGO,2018,16635,,
41909,TGO,2019,18463,,
41909,TGO,2020,17946,,
41909,TGO,2021,10183,,
41909,TGO,2022,11787,,
41909,TGO,2023,14074,,
41909,TGO,2024,9952,,
41910,TGO,1971,5742,,
41910,TGO,1972,5631,,
41910,TGO,1976,6678,,
41910,TGO,1978,6764,,
41910,TGO,1979,8108,,
41910,TGO,1980,9221,,
41910,TGO,1981,11775,,
41910,TGO,1982,12338,,
41910,TGO,1983,11337,,
41910,TGO,1984,10513,,
41910,TGO,1985,11534,,
41910,TGO,1986,10877,,
41910,TGO,1987,12366,,
41910,TGO,1988,10865,,
41910,TGO,1989,15696,,
41910,TGO,1990,15255,,
41910,TGO,1991,17383,,
41910,TGO,1992,19608,,
41910,TGO,1994,23909,,
41910,TGO,1995,19413,,
41910,TGO,1996,15698,,
41910,TGO,1999,22411,,
41910,TGO,2000,18416,,
41910,TGO,2001,15049,,
41910,TGO,2003,16035,,
41910,TGO,2004,16793,,
41910,TGO,2005,16889,,
41910,TGO,2006,19263,,
41910,TGO,2008,19153,,
41910,TGO,2009,20446,,
41910,TGO,2010,19682,,
41910,TGO,2011,19219,,
41910,TGO,2012,18801,,
41910,TGO,2013,17617,,
41910,TGO,2014,14308,,
41910,TGO,2015,14349,,
41910,TGO,2016,5235,,
41910,TGO,2017,4067,,
41910,TGO,2018,3641,,
41910,TGO,2019,4254,,
41910,TGO,2020,3104,,
41910,TGO,2021,1801,,
41910,TGO,2022,1759,,
41910,TGO,2023,549,,
41910,TGO,2024,394,,
41911,TGO,1971,9455,,
41911,TGO,1972,9507,,
41911,TGO,1976,9558,,
41911,TGO,1978,10325,,
41911,TGO,1979,12221,,
41911,TGO,1980,13080,,
41911,TGO,1981,19600,,
41911,TGO,1982,17907,,
41911,TGO,1983,16408,,
41911,TGO,1984,14744,,
41911,TGO,1985,15897,,
41911,TGO,1986,12748,,
41911,TGO,1987,15850,,
41911,TGO,1988,6296,,
41911,TGO,1989,16658,,
41911,TGO,1990,8400,,
41911,TGO,1991,17209,,
41911,TGO,1992,17863,,
41911,TGO,1994,19525,,
41911,TGO,1995,18071,,
41911,TGO,1996,12120,,
41911,TGO,1999,16632,,
41911,TGO,2000,8925,,
41911,TGO,2001,11640,,
41911,TGO,2003,12181,,
41911,TGO,2004,12313,,
41911,TGO,2005,11238,,
41911,TGO,2006,14512,,
41911,TGO,2008,13973,,
41911,TGO,2009,13043,,
41911,TGO,2010,11560,,
41911,TGO,2011,9418,,
41911,TGO,2012,10266,,
41911,TGO,2013,9191,,
41911,TGO,2014,10039,,
41911,TGO,2015,9608,,
41911,TGO,2016,12427,,
41911,TGO,2017,14390,,
41911,TGO,2018,14400,,
41911,TGO,2019,15414,,
41911,TGO,2020,15109,,
41911,TGO,2021,9120,,
41911,TGO,2022,8778,,
41911,TGO,2023,4896,,
41911,TGO,2024,1308,,
41913,TGO,2010,0,NIL,
41913,TGO,2013,0,NIL,
41913,TGO,2014,0,NIL,
41913,TGO,2015,0,NIL,
41913,TGO,2016,0,NIL,
41913,TGO,2017,0,NIL,
41913,TGO,2018,0,NIL,
41913,TGO,2019,0,NIL,
41913,TGO,2020,0,NIL,
41913,TGO,2021,0,NIL,
41913,TGO,2022,0,NIL,
41913,TGO,2023,0,NIL,
41913,TGO,2024,0,NIL,
41914,TGO,1971,52892,,
41914,TGO,1972,55601,,
41914,TGO,1976,66794,,
41914,TGO,1978,72441,,
41914,TGO,1979,82610,,
41914,TGO,1980,89732,,
41914,TGO,1981,107087,,
41914,TGO,1982,108693,,
41914,TGO,1983,101173,,
41914,TGO,1984,97503,,
41914,TGO,1985,99210,,
41914,TGO,1986,97447,,
41914,TGO,1987,107247,,
41914,TGO,1988,97781,,
41914,TGO,1989,127057,,
41914,TGO,1990,119446,,
41914,TGO,1991,137730,,
41914,TGO,1992,143279,,
41914,TGO,1994,182112,,
41914,TGO,1995,148195,,
41914,TGO,1996,115027,,
41914,TGO,1999,167574,,
41914,TGO,2000,137911,,
41914,TGO,2001,125296,,
41914,TGO,2002,118085,,
41914,TGO,2003,123837,,
41914,TGO,2004,126479,,
41914,TGO,2005,121982,,
41914,TGO,2006,134105,,
41914,TGO,2007,128621,,
41914,TGO,2008,127484,,
41914,TGO,2009,146029,,
41914,TGO,2010,149111,,
41914,TGO,2011,145607,,
41914,TGO,2012,142063,,
41914,TGO,2013,131440,,
41914,TGO,2014,82127,,
41914,TGO,2015,68061,,
41914,TGO,2016,61022,,
41914,TGO,2017,58968,,
41914,TGO,2018,60706,,
41914,TGO,2019,63513,,
41914,TGO,2020,57008,,
41914,TGO,2021,34788,,
41914,TGO,2022,36891,,
41914,TGO,2023,34039,,
41914,TGO,2024,20845,,
41915,TGO,1974,1010,,
41915,TGO,1975,1145,,
41915,TGO,1976,2021,,
41915,TGO,1977,2074,,
41915,TGO,1978,4184,,
41915,TGO,1979,4309,,
41915,TGO,1980,5431,,
41915,TGO,1981,6324,,
41915,TGO,1982,4293,,
41915,TGO,1983,4961,,
41915,TGO,1984,4365,,
41915,TGO,1985,4086,,
41915,TGO,1986,3754,,
41915,TGO,1987,5524,,
41915,TGO,1988,3758,,
41915,TGO,1989,8606,,
41915,TGO,1990,2922,,
41915,TGO,1991,7411,,
41915,TGO,1992,3760,,
41915,TGO,1994,7437,,
41915,TGO,1995,5435,,
41915,TGO,1996,4829,,
41915,TGO,1999,7228,,
41915,TGO,2000,7130,,
41915,TGO,2001,9543,,
41915,TGO,2002,10463,,
41915,TGO,2003,14313,,
41915,TGO,2004,13013,,
41915,TGO,2005,12876,,
41915,TGO,2006,14120,,
41915,TGO,2007,13169,,
41915,TGO,2008,13086,,
41915,TGO,2009,14624,,
41915,TGO,2010,14489,,
41915,TGO,2011,16591,,
41915,TGO,2012,16833,,
41915,TGO,2013,15329,,
41915,TGO,2014,15861,,
41915,TGO,2015,13418,,
41915,TGO,2016,15945,,
41915,TGO,2017,16483,,
41915,TGO,2018,18187,,
41915,TGO,2019,19032,,
41915,TGO,2020,17585,,
41915,TGO,2021,11197,,
41915,TGO,2022,14707,,
41915,TGO,2023,13487,,
41915,TGO,2024,11339,,
41916,TGO,1974,796,,
41916,TGO,1975,997,,
41916,TGO,1976,992,,
41916,TGO,1977,1228,,
41916,TGO,1978,2525,,
41916,TGO,1979,3037,,
41916,TGO,1980,3864,,
41916,TGO,1981,5194,,
41916,TGO,1982,4688,,
41916,TGO,1983,4083,,
41916,TGO,1984,3457,,
41916,TGO,1985,3099,,
41916,TGO,1986,2727,,
41916,TGO,1987,2521,,
41916,TGO,1988,3001,,
41916,TGO,1989,3223,,
41916,TGO,1990,3735,,
41916,TGO,1991,4728,,
41916,TGO,1992,3842,,
41916,TGO,1994,6051,,
41916,TGO,1995,3980,,
41916,TGO,1996,4540,,
41916,TGO,1999,6141,,
41916,TGO,2000,5273,,
41916,TGO,2001,5122,,
41916,TGO,2002,6560,,
41916,TGO,2003,7740,,
41916,TGO,2004,8359,,
41916,TGO,2005,8140,,
41916,TGO,2006,9046,,
41916,TGO,2007,11961,,
41916,TGO,2008,10480,,
41916,TGO,2009,10748,,
41916,TGO,2010,9832,,
41916,TGO,2011,11073,,
41916,TGO,2012,10907,,
41916,TGO,2013,10523,,
41916,TGO,2014,10564,,
41916,TGO,2015,10322,,
41916,TGO,2016,9896,,
41916,TGO,2017,10240,,
41916,TGO,2018,11551,,
41916,TGO,2019,12390,,
41916,TGO,2020,12756,,
41916,TGO,2021,4859,,
41916,TGO,2022,8244,,
41916,TGO,2023,6176,,
41916,TGO,2024,4421,,
41917,TGO,1974,708,,
41917,TGO,1975,950,,
41917,TGO,1976,1112,,
41917,TGO,1977,1077,,
41917,TGO,1978,2182,,
41917,TGO,1979,2829,,
41917,TGO,1980,4457,,
41917,TGO,1981,5115,,
41917,TGO,1982,5692,,
41917,TGO,1983,6471,,
41917,TGO,1984,4897,,
41917,TGO,1985,4606,,
41917,TGO,1986,4815,,
41917,TGO,1987,5032,,
41917,TGO,1988,5579,,
41917,TGO,1989,6123,,
41917,TGO,1990,5657,,
41917,TGO,1991,8431,,
41917,TGO,1992,6511,,
41917,TGO,1994,7724,,
41917,TGO,1995,5795,,
41917,TGO,1996,6382,,
41917,TGO,1999,7463,,
41917,TGO,2000,7288,,
41917,TGO,2001,7020,,
41917,TGO,2002,7048,,
41917,TGO,2003,9160,,
41917,TGO,2004,9963,,
41917,TGO,2005,10278,,
41917,TGO,2006,11798,,
41917,TGO,2007,9501,,
41917,TGO,2008,13880,,
41917,TGO,2009,14675,,
41917,TGO,2010,13424,,
41917,TGO,2011,15863,,
41917,TGO,2012,14980,,
41917,TGO,2013,13846,,
41917,TGO,2014,15025,,
41917,TGO,2015,14819,,
41917,TGO,2016,15074,,
41917,TGO,2017,15527,,
41917,TGO,2018,17810,,
41917,TGO,2019,17682,,
41917,TGO,2020,18172,,
41917,TGO,2021,12528,,
41917,TGO,2022,11931,,
41917,TGO,2023,8582,,
41917,TGO,2024,6768,,
41918,TGO,1974,987,,
41918,TGO,1975,1170,,
41918,TGO,1976,1490,,
41918,TGO,1977,1579,,
41918,TGO,1978,2363,,
41918,TGO,1979,3841,,
41918,TGO,1980,6069,,
41918,TGO,1981,8379,,
41918,TGO,1982,9067,,
41918,TGO,1983,9999,,
41918,TGO,1984,7590,,
41918,TGO,1985,6481,,
41918,TGO,1986,6579,,
41918,TGO,1987,4983,,
41918,TGO,1988,5184,,
41918,TGO,1989,4804,,
41918,TGO,1990,3359,,
41918,TGO,1991,5125,,
41918,TGO,1992,5599,,
41918,TGO,1994,7401,,
41918,TGO,1995,7893,,
41918,TGO,1996,7389,,
41918,TGO,1999,4454,,
41918,TGO,2000,5209,,
41918,TGO,2001,4765,,
41918,TGO,2002,5341,,
41918,TGO,2003,9000,,
41918,TGO,2004,9914,,
41918,TGO,2005,6734,,
41918,TGO,2006,12645,,
41918,TGO,2007,9501,,
41918,TGO,2008,13195,,
41918,TGO,2009,12985,,
41918,TGO,2010,10507,,
41918,TGO,2011,12361,,
41918,TGO,2012,10658,,
41918,TGO,2013,11353,,
41918,TGO,2014,11440,,
41918,TGO,2015,12113,,
41918,TGO,2016,13206,,
41918,TGO,2017,15495,,
41918,TGO,2018,14969,,
41918,TGO,2019,18661,,
41918,TGO,2020,16010,,
41918,TGO,2021,14380,,
41918,TGO,2022,15935,,
41918,TGO,2023,8344,,
41918,TGO,2024,7186,,
41921,TGO,2013,0,NIL,
41921,TGO,2014,0,NIL,
41921,TGO,2015,0,NIL,
41921,TGO,2016,0,NIL,
41921,TGO,2017,0,NIL,
41921,TGO,2018,0,NIL,
41921,TGO,2019,0,NIL,
41921,TGO,2020,0,NIL,
41921,TGO,2021,0,NIL,
41921,TGO,2022,0,NIL,
41921,TGO,2024,0,NIL,
41922,TGO,1974,3944,,
41922,TGO,1975,4888,,
41922,TGO,1976,6369,,
41922,TGO,1977,6585,,
41922,TGO,1978,12803,,
41922,TGO,1979,15262,,
41922,TGO,1980,21131,,
41922,TGO,1981,27002,,
41922,TGO,1982,26272,,
41922,TGO,1983,28729,,
41922,TGO,1984,22876,,
41922,TGO,1985,20556,,
41922,TGO,1986,20066,,
41922,TGO,1987,20602,,
41922,TGO,1988,20484,,
41922,TGO,1989,25655,,
41922,TGO,1990,18910,,
41922,TGO,1991,29862,,
41922,TGO,1992,24035,,
41922,TGO,1994,32419,,
41922,TGO,1995,27343,,
41922,TGO,1996,28245,,
41922,TGO,1999,25286,,
41922,TGO,2000,24900,,
41922,TGO,2001,26450,,
41922,TGO,2002,29412,,
41922,TGO,2003,40213,,
41922,TGO,2004,41249,,
41922,TGO,2005,38028,,
41922,TGO,2006,47609,,
41922,TGO,2007,44132,,
41922,TGO,2008,50641,,
41922,TGO,2009,53032,,
41922,TGO,2010,48252,,
41922,TGO,2011,55888,,
41922,TGO,2012,53378,,
41922,TGO,2013,51051,,
41922,TGO,2014,52890,,
41922,TGO,2015,50672,,
41922,TGO,2016,54121,,
41922,TGO,2017,57745,,
41922,TGO,2018,62517,,
41922,TGO,2019,67765,,
41922,TGO,2020,64523,,
41922,TGO,2021,42964,,
41922,TGO,2022,50817,,
41922,TGO,2023,36589,,
41922,TGO,2024,29714,,
41924,TGO,1974,533,,
41924,TGO,1975,624,,
41924,TGO,1976,980,,
41924,TGO,1977,1234,,
41924,TGO,1978,1924,,
41924,TGO,1979,1813,,
41924,TGO,1980,2486,,
41924,TGO,1981,3132,,
41924,TGO,1982,2128,,
41924,TGO,1983,2607,,
41924,TGO,1984,2131,,
41924,TGO,1985,1880,,
41924,TGO,1986,1553,,
41924,TGO,1987,2353,,
41924,TGO,1988,1568,,
41924,TGO,1989,3903,,
41924,TGO,1990,1192,,
41924,TGO,1991,3582,,
41924,TGO,1992,1701,,
41924,TGO,1994,3348,,
41924,TGO,1995,2692,,
41924,TGO,1996,2179,,
41924,TGO,1999,3902,,
41924,TGO,2000,3809,,
41924,TGO,2001,5111,,
41924,TGO,2002,5819,,
41924,TGO,2003,8316,,
41924,TGO,2004,7536,,
41924,TGO,2005,7909,,
41924,TGO,2006,9085,,
41924,TGO,2007,8569,,
41924,TGO,2008,8539,,
41924,TGO,2009,9429,,
41924,TGO,2010,9500,,
41924,TGO,2011,11244,,
41924,TGO,2012,11591,,
41924,TGO,2013,10607,,
41924,TGO,2014,11446,,
41924,TGO,2015,10082,,
41924,TGO,2016,12517,,
41924,TGO,2017,13602,,
41924,TGO,2018,15620,,
41924,TGO,2019,15309,,
41924,TGO,2020,14399,,
41924,TGO,2021,9154,,
41924,TGO,2022,11907,,
41924,TGO,2023,11019,,
41924,TGO,2024,9259,,
41925,TGO,1974,364,,
41925,TGO,1975,391,,
41925,TGO,1976,469,,
41925,TGO,1977,574,,
41925,TGO,1978,1009,,
41925,TGO,1979,1136,,
41925,TGO,1980,1560,,
41925,TGO,1981,2004,,
41925,TGO,1982,2016,,
41925,TGO,1983,1828,,
41925,TGO,1984,1639,,
41925,TGO,1985,1261,,
41925,TGO,1986,1189,,
41925,TGO,1987,1112,,
41925,TGO,1988,1248,,
41925,TGO,1989,1408,,
41925,TGO,1990,1455,,
41925,TGO,1991,1835,,
41925,TGO,1992,1710,,
41925,TGO,1994,2374,,
41925,TGO,1995,1889,,
41925,TGO,1996,2053,,
41925,TGO,1999,2737,,
41925,TGO,2000,2641,,
41925,TGO,2001,2675,,
41925,TGO,2002,3441,,
41925,TGO,2003,4090,,
41925,TGO,2004,4794,,
41925,TGO,2005,4577,,
41925,TGO,2006,5346,,
41925,TGO,2007,6013,,
41925,TGO,2008,6270,,
41925,TGO,2009,6468,,
41925,TGO,2010,5917,,
41925,TGO,2011,6991,,
41925,TGO,2012,7262,,
41925,TGO,2013,6817,,
41925,TGO,2014,7361,,
41925,TGO,2015,7233,,
41925,TGO,2016,7109,,
41925,TGO,2017,7797,,
41925,TGO,2018,8522,,
41925,TGO,2019,9132,,
41925,TGO,2020,9754,,
41925,TGO,2021,3812,,
41925,TGO,2022,6218,,
41925,TGO,2023,4818,,
41925,TGO,2024,3415,,
41926,TGO,1974,224,,
41926,TGO,1975,349,,
41926,TGO,1976,392,,
41926,TGO,1977,400,,
41926,TGO,1978,707,,
41926,TGO,1979,958,,
41926,TGO,1980,1507,,
41926,TGO,1981,1911,,
41926,TGO,1982,2094,,
41926,TGO,1983,2161,,
41926,TGO,1984,1893,,
41926,TGO,1985,1630,,
41926,TGO,1986,1600,,
41926,TGO,1987,1677,,
41926,TGO,1988,1827,,
41926,TGO,1989,1978,,
41926,TGO,1990,1869,,
41926,TGO,1991,2561,,
41926,TGO,1992,2447,,
41926,TGO,1994,2678,,
41926,TGO,1995,2249,,
41926,TGO,1996,2565,,
41926,TGO,1999,3329,,
41926,TGO,2000,3290,,
41926,TGO,2001,3285,,
41926,TGO,2002,3436,,
41926,TGO,2003,4577,,
41926,TGO,2004,5076,,
41926,TGO,2005,5302,,
41926,TGO,2006,6480,,
41926,TGO,2007,6149,,
41926,TGO,2008,7453,,
41926,TGO,2009,8054,,
41926,TGO,2010,7368,,
41926,TGO,2011,9285,,
41926,TGO,2012,8918,,
41926,TGO,2013,8584,,
41926,TGO,2014,9785,,
41926,TGO,2015,9565,,
41926,TGO,2016,10326,,
41926,TGO,2017,11518,,
41926,TGO,2018,12465,,
41926,TGO,2019,13076,,
41926,TGO,2020,14281,,
41926,TGO,2021,10465,,
41926,TGO,2022,9091,,
41926,TGO,2023,6605,,
41926,TGO,2024,5409,,
41927,TGO,1974,278,,
41927,TGO,1975,367,,
41927,TGO,1976,498,,
41927,TGO,1977,423,,
41927,TGO,1978,646,,
41927,TGO,1979,1091,,
41927,TGO,1980,1834,,
41927,TGO,1981,2452,,
41927,TGO,1982,2711,,
41927,TGO,1983,2726,,
41927,TGO,1984,2238,,
41927,TGO,1985,1757,,
41927,TGO,1986,1642,,
41927,TGO,1987,1502,,
41927,TGO,1988,1592,,
41927,TGO,1989,1463,,
41927,TGO,1990,1223,,
41927,TGO,1991,1725,,
41927,TGO,1992,2020,,
41927,TGO,1994,2580,,
41927,TGO,1995,3023,,
41927,TGO,1996,3039,,
41927,TGO,1999,2348,,
41927,TGO,2000,2838,,
41927,TGO,2001,2884,,
41927,TGO,2002,3507,,
41927,TGO,2003,5564,,
41927,TGO,2004,6083,,
41927,TGO,2005,4486,,
41927,TGO,2006,8267,,
41927,TGO,2007,6096,,
41927,TGO,2008,8719,,
41927,TGO,2009,9052,,
41927,TGO,2010,7555,,
41927,TGO,2011,8918,,
41927,TGO,2012,8255,,
41927,TGO,2013,9733,,
41927,TGO,2014,9336,,
41927,TGO,2015,9785,,
41927,TGO,2016,11484,,
41927,TGO,2017,14142,,
41927,TGO,2018,13722,,
41927,TGO,2019,17313,,
41927,TGO,2020,16422,,
41927,TGO,2021,14950,,
41927,TGO,2022,16953,,
41927,TGO,2023,9446,,
41927,TGO,2024,7994,,
41930,TGO,2013,0,NIL,
41930,TGO,2014,0,NIL,
41930,TGO,2015,0,NIL,
41930,TGO,2016,0,NIL,
41930,TGO,2017,0,NIL,
41930,TGO,2018,0,NIL,
41930,TGO,2019,0,NIL,
41930,TGO,2020,0,NIL,
41930,TGO,2021,0,NIL,
41930,TGO,2022,0,NIL,
41930,TGO,2024,0,NIL,
41931,TGO,1974,1550,,
41931,TGO,1975,1886,,
41931,TGO,1976,2542,,
41931,TGO,1977,2817,,
41931,TGO,1978,4594,,
41931,TGO,1979,5329,,
41931,TGO,1980,7849,,
41931,TGO,1981,10152,,
41931,TGO,1982,9656,,
41931,TGO,1983,10272,,
41931,TGO,1984,8541,,
41931,TGO,1985,7071,,
41931,TGO,1986,6519,,
41931,TGO,1987,7288,,
41931,TGO,1988,7044,,
41931,TGO,1989,9502,,
41931,TGO,1990,6547,,
41931,TGO,1991,10814,,
41931,TGO,1992,9001,,
41931,TGO,1994,11929,,
41931,TGO,1995,11153,,
41931,TGO,1996,11267,,
41931,TGO,1999,12316,,
41931,TGO,2000,12578,,
41931,TGO,2001,13955,,
41931,TGO,2002,16203,,
41931,TGO,2003,22547,,
41931,TGO,2004,23489,,
41931,TGO,2005,22274,,
41931,TGO,2006,29178,,
41931,TGO,2007,26827,,
41931,TGO,2008,30981,,
41931,TGO,2009,33003,,
41931,TGO,2010,30340,,
41931,TGO,2011,36438,,
41931,TGO,2012,36026,,
41931,TGO,2013,35741,,
41931,TGO,2014,37928,,
41931,TGO,2015,36665,,
41931,TGO,2016,41436,,
41931,TGO,2017,47059,,
41931,TGO,2018,50329,,
41931,TGO,2019,54830,,
41931,TGO,2020,54856,,
41931,TGO,2021,38381,,
41931,TGO,2022,44169,,
41931,TGO,2023,31888,,
41931,TGO,2024,26077,,
41933,TGO,1971,1049,,
41933,TGO,1972,1012,,
41933,TGO,1973,1393,,
41933,TGO,1974,1543,,
41933,TGO,1975,1769,,
41933,TGO,1976,3001,,
41933,TGO,1977,3308,,
41933,TGO,1978,6108,,
41933,TGO,1979,6122,,
41933,TGO,1980,7917,,
41933,TGO,1981,9456,,
41933,TGO,1982,6421,,
41933,TGO,1983,7568,,
41933,TGO,1984,6496,,
41933,TGO,1985,5966,,
41933,TGO,1986,5307,,
41933,TGO,1987,7877,,
41933,TGO,1988,5326,,
41933,TGO,1989,12509,,
41933,TGO,1990,4114,,
41933,TGO,1991,10993,,
41933,TGO,1992,5461,,
41933,TGO,1994,10785,,
41933,TGO,1995,8127,,
41933,TGO,1996,7008,,
41933,TGO,1999,11130,,
41933,TGO,2000,10939,,
41933,TGO,2001,14654,,
41933,TGO,2002,16282,,
41933,TGO,2003,22629,,
41933,TGO,2004,20549,,
41933,TGO,2005,20785,,
41933,TGO,2006,23205,,
41933,TGO,2007,21738,,
41933,TGO,2008,21625,,
41933,TGO,2009,24053,,
41933,TGO,2010,23989,,
41933,TGO,2011,27835,,
41933,TGO,2012,28424,,
41933,TGO,2013,25936,,
41933,TGO,2014,27307,,
41933,TGO,2015,23500,,
41933,TGO,2016,28462,,
41933,TGO,2017,30085,,
41933,TGO,2018,33807,,
41933,TGO,2019,34341,,
41933,TGO,2020,31984,,
41933,TGO,2021,20351,,
41933,TGO,2022,26614,,
41933,TGO,2023,24506,,
41933,TGO,2024,20598,,
41934,TGO,1971,747,,
41934,TGO,1972,668,,
41934,TGO,1973,791,,
41934,TGO,1974,1160,,
41934,TGO,1975,1388,,
41934,TGO,1976,1461,,
41934,TGO,1977,1802,,
41934,TGO,1978,3534,,
41934,TGO,1979,4173,,
41934,TGO,1980,5424,,
41934,TGO,1981,7198,,
41934,TGO,1982,6704,,
41934,TGO,1983,5911,,
41934,TGO,1984,5096,,
41934,TGO,1985,4360,,
41934,TGO,1986,3916,,
41934,TGO,1987,3633,,
41934,TGO,1988,4249,,
41934,TGO,1989,4631,,
41934,TGO,1990,5190,,
41934,TGO,1991,6563,,
41934,TGO,1992,5552,,
41934,TGO,1994,8425,,
41934,TGO,1995,5869,,
41934,TGO,1996,6593,,
41934,TGO,1999,8878,,
41934,TGO,2000,7914,,
41934,TGO,2001,7797,,
41934,TGO,2002,10001,,
41934,TGO,2003,11830,,
41934,TGO,2004,13153,,
41934,TGO,2005,12717,,
41934,TGO,2006,14392,,
41934,TGO,2007,17974,,
41934,TGO,2008,16750,,
41934,TGO,2009,17216,,
41934,TGO,2010,15749,,
41934,TGO,2011,18064,,
41934,TGO,2012,18169,,
41934,TGO,2013,17340,,
41934,TGO,2014,17925,,
41934,TGO,2015,17555,,
41934,TGO,2016,17005,,
41934,TGO,2017,18037,,
41934,TGO,2018,20073,,
41934,TGO,2019,21522,,
41934,TGO,2020,22510,,
41934,TGO,2021,8671,,
41934,TGO,2022,14462,,
41934,TGO,2023,10994,,
41934,TGO,2024,7836,,
41935,TGO,1971,787,,
41935,TGO,1972,424,,
41935,TGO,1973,590,,
41935,TGO,1974,932,,
41935,TGO,1975,1299,,
41935,TGO,1976,1504,,
41935,TGO,1977,1477,,
41935,TGO,1978,2889,,
41935,TGO,1979,3787,,
41935,TGO,1980,5964,,
41935,TGO,1981,7026,,
41935,TGO,1982,7786,,
41935,TGO,1983,8632,,
41935,TGO,1984,6790,,
41935,TGO,1985,6236,,
41935,TGO,1986,6415,,
41935,TGO,1987,6709,,
41935,TGO,1988,7406,,
41935,TGO,1989,8101,,
41935,TGO,1990,7526,,
41935,TGO,1991,10992,,
41935,TGO,1992,8958,,
41935,TGO,1994,10402,,
41935,TGO,1995,8044,,
41935,TGO,1996,8947,,
41935,TGO,1999,10792,,
41935,TGO,2000,10578,,
41935,TGO,2001,10305,,
41935,TGO,2002,10484,,
41935,TGO,2003,13737,,
41935,TGO,2004,15039,,
41935,TGO,2005,15580,,
41935,TGO,2006,18278,,
41935,TGO,2007,15650,,
41935,TGO,2008,21333,,
41935,TGO,2009,22729,,
41935,TGO,2010,20792,,
41935,TGO,2011,25148,,
41935,TGO,2012,23898,,
41935,TGO,2013,22430,,
41935,TGO,2014,24810,,
41935,TGO,2015,24384,,
41935,TGO,2016,25400,,
41935,TGO,2017,27045,,
41935,TGO,2018,30275,,
41935,TGO,2019,30758,,
41935,TGO,2020,32453,,
41935,TGO,2021,22993,,
41935,TGO,2022,21022,,
41935,TGO,2023,15187,,
41935,TGO,2024,12177,,
41936,TGO,1971,824,,
41936,TGO,1972,941,,
41936,TGO,1973,1085,,
41936,TGO,1974,1265,,
41936,TGO,1975,1537,,
41936,TGO,1976,1988,,
41936,TGO,1977,2002,,
41936,TGO,1978,3009,,
41936,TGO,1979,4932,,
41936,TGO,1980,7903,,
41936,TGO,1981,10831,,
41936,TGO,1982,11778,,
41936,TGO,1983,12725,,
41936,TGO,1984,9828,,
41936,TGO,1985,8238,,
41936,TGO,1986,8221,,
41936,TGO,1987,6485,,
41936,TGO,1988,6776,,
41936,TGO,1989,6267,,
41936,TGO,1990,4582,,
41936,TGO,1991,6850,,
41936,TGO,1992,7619,,
41936,TGO,1994,9981,,
41936,TGO,1995,10916,,
41936,TGO,1996,10428,,
41936,TGO,1999,6802,,
41936,TGO,2000,8047,,
41936,TGO,2001,7649,,
41936,TGO,2002,8848,,
41936,TGO,2003,14564,,
41936,TGO,2004,15997,,
41936,TGO,2005,11220,,
41936,TGO,2006,20912,,
41936,TGO,2007,15597,,
41936,TGO,2008,21914,,
41936,TGO,2009,22037,,
41936,TGO,2010,18062,,
41936,TGO,2011,21279,,
41936,TGO,2012,18913,,
41936,TGO,2013,21086,,
41936,TGO,2014,20776,,
41936,TGO,2015,21898,,
41936,TGO,2016,24690,,
41936,TGO,2017,29637,,
41936,TGO,2018,28691,,
41936,TGO,2019,35974,,
41936,TGO,2020,32432,,
41936,TGO,2021,29330,,
41936,TGO,2022,32888,,
41936,TGO,2023,17790,,
41936,TGO,2024,15180,,
41939,TGO,2013,0,NIL,
41939,TGO,2014,0,NIL,
41939,TGO,2015,0,NIL,
41939,TGO,2016,0,NIL,
41939,TGO,2017,0,NIL,
41939,TGO,2018,0,NIL,
41939,TGO,2019,0,NIL,
41939,TGO,2020,0,NIL,
41939,TGO,2021,0,NIL,
41939,TGO,2022,0,NIL,
41939,TGO,2024,0,NIL,
41940,TGO,1971,3839,,
41940,TGO,1972,3643,,
41940,TGO,1973,4470,,
41940,TGO,1974,5600,,
41940,TGO,1975,6963,,
41940,TGO,1976,9067,,
41940,TGO,1977,9599,,
41940,TGO,1978,17671,,
41940,TGO,1979,21106,,
41940,TGO,1980,30081,,
41940,TGO,1981,38664,,
41940,TGO,1982,37660,,
41940,TGO,1983,41378,,
41940,TGO,1984,32653,,
41940,TGO,1985,29010,,
41940,TGO,1986,28084,,
41940,TGO,1987,29704,,
41940,TGO,1988,28588,,
41940,TGO,1989,36791,,
41940,TGO,1990,27758,,
41940,TGO,1991,43040,,
41940,TGO,1992,35209,,
41940,TGO,1994,46322,,
41940,TGO,1995,40824,,
41940,TGO,1996,42403,,
41940,TGO,1999,37602,,
41940,TGO,2000,37478,,
41940,TGO,2001,40405,,
41940,TGO,2002,45615,,
41940,TGO,2003,62760,,
41940,TGO,2004,64738,,
41940,TGO,2005,60302,,
41940,TGO,2006,76787,,
41940,TGO,2007,70959,,
41940,TGO,2008,81622,,
41940,TGO,2009,86035,,
41940,TGO,2010,78592,,
41940,TGO,2011,92326,,
41940,TGO,2012,89404,,
41940,TGO,2013,86792,,
41940,TGO,2014,90818,,
41940,TGO,2015,87337,,
41940,TGO,2016,95557,,
41940,TGO,2017,104804,,
41940,TGO,2018,112846,,
41940,TGO,2019,122595,,
41940,TGO,2020,119379,,
41940,TGO,2021,81345,,
41940,TGO,2022,94986,,
41940,TGO,2023,68477,,
41940,TGO,2024,55791,,
42097,TGO,1971,55,,
42097,TGO,1972,26,,
42097,TGO,1973,25,,
42097,TGO,1974,29,,
42097,TGO,1975,26,,
42097,TGO,1976,14,,
42097,TGO,1977,8,,
42097,TGO,1978,3,,
42097,TGO,1979,5,,
42097,TGO,1980,1,,
42097,TGO,1981,0,NIL,
42097,TGO,1982,1,,
42097,TGO,1983,3,,
42097,TGO,1984,6,,
42097,TGO,1985,0,NIL,
42097,TGO,1986,0,NIL,
42097,TGO,1987,0,NIL,
42097,TGO,1988,0,NIL,
42097,TGO,1989,0,NIL,
42097,TGO,1990,1,,
42097,TGO,1991,0,NIL,
42097,TGO,1994,0,NIL,
42097,TGO,1995,2,,
42097,TGO,1996,5,,
42097,TGO,1997,12,,
42097,TGO,1998,0,NIL,
42097,TGO,1999,15,,
42097,TGO,2000,15,,
42097,TGO,2001,45,,
42097,TGO,2002,66,,
42097,TGO,2003,61,,
42097,TGO,2007,74,,
42097,TGO,2008,109,,
42097,TGO,2009,73,,
42097,TGO,2010,348,,
42097,TGO,2011,107,,
42097,TGO,2012,129,,
42097,TGO,2013,241,,
42097,TGO,2014,180,,
42097,TGO,2015,185,,
42097,TGO,2016,251,,
42097,TGO,2017,310,,
42097,TGO,2018,384,,
42097,TGO,2019,546,,
42097,TGO,2020,605,,
42097,TGO,2021,636,,
42097,TGO,2022,638,,
42097,TGO,2023,591,,
42097,TGO,2024,512,,
42099,TGO,1971,3151,,
42099,TGO,1972,3419,,
42099,TGO,1973,3908,,
42099,TGO,1974,4183,,
42099,TGO,1975,4500,,
42099,TGO,1976,4856,,
42099,TGO,1977,5247,,
42099,TGO,1978,5739,,
42099,TGO,1979,6456,,
42099,TGO,1980,6947,,
42099,TGO,1981,7229,,
42099,TGO,1982,7575,,
42099,TGO,1983,8082,,
42099,TGO,1984,8002,,
42099,TGO,1985,8151,,
42099,TGO,1986,8041,,
42099,TGO,1987,8111,,
42099,TGO,1988,8090,,
42099,TGO,1989,8324,,
42099,TGO,1990,8647,,
42099,TGO,1991,9020,,
42099,TGO,1992,8739,,
42099,TGO,1994,10480,,
42099,TGO,1995,11667,,
42099,TGO,1996,13868,,
42099,TGO,1997,15913,,
42099,TGO,1998,17147,,
42099,TGO,1999,19997,,
42099,TGO,2000,21197,,
42099,TGO,2001,24089,,
42099,TGO,2002,24362,,
42099,TGO,2003,24177,,
42099,TGO,2004,22210,,
42099,TGO,2005,26236,,
42099,TGO,2006,24595,,
42099,TGO,2007,22948,,
42099,TGO,2008,22420,,
42099,TGO,2009,24541,,
42099,TGO,2010,27339,,
42099,TGO,2011,27433,,
42099,TGO,2012,28269,,
42099,TGO,2013,29334,,
42099,TGO,2014,28847,,
42099,TGO,2015,28525,,
42099,TGO,2016,30340,,
42099,TGO,2017,31757,,
42099,TGO,2018,32193,,
42099,TGO,2019,33705,,
42099,TGO,2020,34411,,
42099,TGO,2021,34536,,
42099,TGO,2022,33278,,
42099,TGO,2023,30593,,
42099,TGO,2024,28542,,
42100,TGO,1995,3211,,
42100,TGO,1999,3637,,
42100,TGO,2021,20223,,
42101,TGO,1995,1083,,
42101,TGO,1999,2092,,
42101,TGO,2021,10352,,
42104,TGO,1971,662,,
42104,TGO,1972,796,,UIS_EST
42104,TGO,1973,859,,UIS_EST
42104,TGO,1974,949,,UIS_EST
42104,TGO,1975,1097,,UIS_EST
42104,TGO,1976,1366,,UIS_EST
42104,TGO,1977,1876,,
42104,TGO,1978,2086,,
42104,TGO,1979,2344,,
42104,TGO,1980,2779,,UIS_EST
42104,TGO,1982,3772,,UIS_EST
42104,TGO,1983,3843,,UIS_EST
42104,TGO,1984,3916,,UIS_EST
42104,TGO,1986,3792,,
42104,TGO,1987,3887,,
42104,TGO,1988,3852,,
42104,TGO,1989,3899,,
42104,TGO,1990,4010,,
42104,TGO,1991,3963,,
42104,TGO,1995,4294,,
42104,TGO,1999,5729,,
42104,TGO,2000,7310,,UIS_EST
42104,TGO,2004,10265,,
42104,TGO,2020,28452,,
42104,TGO,2021,30575,,
42104,TGO,2023,28099,,
42105,TGO,2021,15,,
42614,TGO,1998,758,,
42614,TGO,2011,2012,,
42614,TGO,2012,2592,,
42614,TGO,2013,4886,,
42614,TGO,2014,5241,,
42614,TGO,2015,4215,,
42614,TGO,2016,3772,,
42614,TGO,2017,3124,,
42614,TGO,2018,2575,,
42614,TGO,2019,1119,,
42614,TGO,2020,1037,,
42615,TGO,2011,37700,,
42615,TGO,2012,42815,,
42615,TGO,2013,43032,,
42615,TGO,2014,42206,,
42615,TGO,2015,44792,,
42615,TGO,2016,51308,,
42615,TGO,2017,53532,,
42615,TGO,2018,56906,,
42615,TGO,2019,58620,,
42615,TGO,2020,67092,,
42615,TGO,2021,64838,,
42617,TGO,2011,5859,,
42617,TGO,2012,5920,,
42617,TGO,2013,3426,,
42617,TGO,2014,2457,,
42617,TGO,2015,2863,,
42617,TGO,2016,3287,,
42617,TGO,2017,3152,,
42617,TGO,2018,2862,,
42617,TGO,2019,4000,,
42617,TGO,2020,4492,,
42617,TGO,2021,3080,,
42619,TGO,1998,16,,
42619,TGO,1999,0,NIL,
42619,TGO,2000,0,NIL,
42619,TGO,2001,0,NIL,
42619,TGO,2002,0,NIL,
42619,TGO,2003,0,NIL,
42619,TGO,2004,0,NIL,
42619,TGO,2005,0,NIL,
42619,TGO,2006,0,NIL,
42619,TGO,2007,0,NIL,
42619,TGO,2010,266,,
42619,TGO,2011,616,,
42619,TGO,2012,674,,
42619,TGO,2013,728,,
42619,TGO,2014,731,,
42619,TGO,2015,802,,
42619,TGO,2016,868,,
42619,TGO,2017,1005,,
42619,TGO,2018,1245,,
42619,TGO,2019,1344,,
42619,TGO,2020,1200,,
42619,TGO,2021,1142,,
42620,TGO,1972,1254,,
42620,TGO,1973,1314,,
42620,TGO,1974,1283,,
42620,TGO,1975,1405,,
42620,TGO,1976,2030,,
42620,TGO,1977,2332,,
42620,TGO,1978,2541,,
42620,TGO,1979,2643,,
42620,TGO,1980,3056,,
42620,TGO,1981,4047,,
42620,TGO,1982,3677,,
42620,TGO,1983,3464,,
42620,TGO,1984,3573,,
42620,TGO,1987,5418,,
42620,TGO,1988,6210,,
42620,TGO,1990,6794,,
42620,TGO,1991,7717,,
42620,TGO,1992,9005,,
42620,TGO,1993,7833,,
42620,TGO,1994,8193,,
42620,TGO,1995,9686,,
42620,TGO,1996,9894,,
42620,TGO,1998,11894,,
42620,TGO,2011,46187,,
42620,TGO,2012,52001,,
42620,TGO,2013,52072,,
42620,TGO,2014,50635,,
42620,TGO,2015,52672,,
42620,TGO,2016,59235,,
42620,TGO,2017,60813,,
42620,TGO,2018,63588,,
42620,TGO,2019,65083,,
42620,TGO,2020,73821,,
42635,TGO,2011,12662,,
42635,TGO,2012,14401,,
42635,TGO,2013,15578,,
42635,TGO,2014,15922,,
42635,TGO,2015,17660,,
42635,TGO,2016,21649,,
42635,TGO,2017,23546,,
42635,TGO,2018,26920,,
42635,TGO,2019,30175,,
42635,TGO,2020,37027,,
42635,TGO,2021,35158,,
42637,TGO,2011,1535,,
42637,TGO,2012,1596,,
42637,TGO,2013,950,,
42637,TGO,2014,793,,
42637,TGO,2015,882,,
42637,TGO,2016,932,,
42637,TGO,2017,1049,,
42637,TGO,2018,1027,,
42637,TGO,2019,1730,,
42637,TGO,2020,2217,,
42637,TGO,2021,1241,,
42654,TGO,2011,50362,,
42654,TGO,2012,57216,,
42654,TGO,2013,58610,,
42654,TGO,2014,58128,,
42654,TGO,2015,62452,,
42654,TGO,2016,72957,,
42654,TGO,2017,77078,,
42654,TGO,2018,83826,,
42654,TGO,2019,88795,,
42654,TGO,2020,104119,,
42654,TGO,2021,99996,,
42656,TGO,2011,7394,,
42656,TGO,2012,7516,,
42656,TGO,2013,4376,,
42656,TGO,2014,3250,,
42656,TGO,2015,3745,,
42656,TGO,2016,4219,,
42656,TGO,2017,4201,,
42656,TGO,2018,3889,,
42656,TGO,2019,5730,,
42656,TGO,2020,6709,,
42656,TGO,2021,4321,,
42963,TGO,2021,0,NIL,
42964,TGO,2021,0,NIL,
42965,TGO,2021,147,,
42966,TGO,2021,1,,
42967,TGO,2021,107,,
42968,TGO,2021,0,NIL,
42969,TGO,2021,0,NIL,
42970,TGO,2021,103,,
42971,TGO,2021,95,,
42972,TGO,2021,411,,
42973,TGO,2021,0,NIL,
42974,TGO,2021,211,,
42975,TGO,2021,124,,
42976,TGO,2021,0,NIL,
42977,TGO,2021,0,NIL,
42978,TGO,2021,0,NIL,
42979,TGO,2021,19,,
42980,TGO,2021,0,NIL,
42981,TGO,2021,0,NIL,
42982,TGO,2021,99,,
42983,TGO,2021,4,,
42984,TGO,2021,78,,
42985,TGO,2021,18,,
42986,TGO,2021,0,NIL,
42987,TGO,2021,2,,
42988,TGO,2021,0,NIL,
42989,TGO,2021,3,,
42990,TGO,2021,0,NIL,
42991,TGO,2021,0,NIL,
42992,TGO,2021,1,,
42993,TGO,2021,40,,
42994,TGO,2021,0,NIL,
42995,TGO,2021,0,NIL,
42996,TGO,2021,3,,
42997,TGO,2021,0,NIL,
42998,TGO,2021,0,NIL,
42999,TGO,2021,1372,,
43000,TGO,2021,87,,
43001,TGO,2021,1,,
43002,TGO,2021,0,NIL,
43003,TGO,2021,2,,
43004,TGO,2021,0,NIL,
43005,TGO,2021,5,,
43006,TGO,2021,0,NIL,
43007,TGO,2021,3,,
43008,TGO,2021,0,NIL,
43009,TGO,2021,1,,
43010,TGO,2021,1,,
43012,TGO,2021,0,NIL,
43013,TGO,2021,0,NIL,
43014,TGO,2021,0,NIL,
43015,TGO,2021,1,,
43016,TGO,2021,1,,
43017,TGO,2021,1372,,
43018,TGO,2021,4312,,
43019,TGO,2021,0,NIL,
43020,TGO,2021,0,NIL,
43021,TGO,2021,0,NIL,
43022,TGO,2021,0,NIL,
43023,TGO,2021,0,NIL,
43024,TGO,2021,0,NIL,
43025,TGO,2021,0,NIL,
43026,TGO,2021,0,NIL,
43027,TGO,2021,0,NIL,
43028,TGO,2021,0,NIL,
43029,TGO,2021,0,NIL,
43030,TGO,2021,0,NIL,
43031,TGO,2021,0,NIL,
43032,TGO,2021,0,NIL,
43033,TGO,2021,0,NIL,
43034,TGO,2021,0,NIL,
43035,TGO,2021,0,NIL,
43036,TGO,2021,0,NIL,
43037,TGO,2021,0,NIL,
43038,TGO,2021,0,NIL,
43040,TGO,2021,0,NIL,
43041,TGO,2021,0,NIL,
43042,TGO,2021,0,NIL,
43043,TGO,2021,0,NIL,
43044,TGO,2021,0,NIL,
43045,TGO,2021,0,NIL,
43046,TGO,2021,0,NIL,
43047,TGO,2021,0,NIL,
43048,TGO,2021,0,NIL,
43049,TGO,2021,0,NIL,
43050,TGO,2021,0,NIL,
43051,TGO,2021,0,NIL,
43052,TGO,2021,0,NIL,
43053,TGO,2021,0,NIL,
43054,TGO,2021,0,NIL,
43055,TGO,2021,0,NIL,
43057,TGO,2021,0,NIL,
43058,TGO,2021,0,NIL,
43059,TGO,2021,0,NIL,
43061,TGO,2021,0,NIL,
43062,TGO,2021,0,NIL,
43063,TGO,2021,0,NIL,
43064,TGO,2021,0,NIL,
43065,TGO,2021,0,NIL,
43067,TGO,2021,0,NIL,
43068,TGO,2021,0,NIL,
43069,TGO,2021,0,NIL,
43070,TGO,2021,0,NIL,
43071,TGO,2021,0,NIL,
43072,TGO,2021,0,NIL,
43073,TGO,2021,0,NIL,
43074,TGO,2021,0,NIL,
43075,TGO,2021,0,NIL,
43076,TGO,2021,0,NIL,
43077,TGO,2021,0,NIL,
43078,TGO,2021,0,NIL,
43079,TGO,2021,0,NIL,
43080,TGO,2021,0,NIL,
43081,TGO,2021,0,NIL,
43082,TGO,2021,0,NIL,
43083,TGO,2021,0,NIL,
43084,TGO,2021,0,NIL,
43085,TGO,2021,0,NIL,
43086,TGO,2021,0,NIL,
43087,TGO,2021,0,NIL,
43088,TGO,2021,0,NIL,
43089,TGO,2021,0,NIL,
43090,TGO,2021,0,NIL,
43091,TGO,2021,0,NIL,
43092,TGO,2021,0,NIL,
43093,TGO,2021,0,NIL,
43094,TGO,2021,0,NIL,
43095,TGO,2021,0,NIL,
43096,TGO,2021,0,NIL,
43097,TGO,2021,0,NIL,
43098,TGO,2021,0,NIL,
43099,TGO,2021,0,NIL,
43100,TGO,2021,0,NIL,
43101,TGO,2021,0,NIL,
43102,TGO,2021,0,NIL,
43103,TGO,2021,0,NIL,
43104,TGO,2021,0,NIL,
43105,TGO,2021,0,NIL,
43106,TGO,2021,0,NIL,
43107,TGO,2021,0,NIL,
43108,TGO,2021,0,NIL,
43109,TGO,2021,0,NIL,
43110,TGO,2021,0,NIL,
43111,TGO,2021,0,NIL,
43112,TGO,2021,0,NIL,
43113,TGO,2021,0,NIL,
43114,TGO,2021,0,NIL,
43115,TGO,2021,0,NIL,
43116,TGO,2021,0,NIL,
43117,TGO,2021,0,NIL,
43118,TGO,2021,0,NIL,
43119,TGO,2021,0,NIL,
43120,TGO,2021,0,NIL,
43121,TGO,2021,0,NIL,
43122,TGO,2021,0,NIL,
43123,TGO,2021,0,NIL,
43124,TGO,2021,0,NIL,
43125,TGO,2021,0,NIL,
43126,TGO,2021,0,NIL,
43127,TGO,2021,0,NIL,
43128,TGO,2021,0,NIL,
43129,TGO,2021,0,NIL,
43130,TGO,2021,0,NIL,
43131,TGO,2021,0,NIL,
43132,TGO,2021,0,NIL,
43133,TGO,2021,0,NIL,
43134,TGO,2021,0,NIL,
43135,TGO,2021,0,NIL,
43136,TGO,2021,0,NIL,
43137,TGO,2021,0,NIL,
43138,TGO,2021,0,NIL,
43139,TGO,2021,0,NIL,
43140,TGO,2021,0,NIL,
43141,TGO,2021,0,NIL,
43142,TGO,2021,0,NIL,
43143,TGO,2021,0,NIL,
43144,TGO,2021,0,NIL,
43145,TGO,2021,0,NIL,
43146,TGO,2021,0,NIL,
43147,TGO,2021,0,NIL,
43148,TGO,2021,0,NIL,
43149,TGO,2021,0,NIL,
43150,TGO,2021,0,NIL,
43151,TGO,2021,0,NIL,
43152,TGO,2021,0,NIL,
43153,TGO,2021,0,NIL,
43154,TGO,2021,0,NIL,
43155,TGO,2021,0,NIL,
43156,TGO,2021,0,NIL,
43157,TGO,2021,0,NIL,
43158,TGO,2021,0,NIL,
43159,TGO,2021,0,NIL,
43160,TGO,2021,0,NIL,
43161,TGO,2021,0,NIL,
43162,TGO,2021,0,NIL,
43163,TGO,2021,0,NIL,
43164,TGO,2021,0,NIL,
43165,TGO,2021,0,NIL,
43166,TGO,2021,0,NIL,
43167,TGO,2021,0,NIL,
43168,TGO,2021,0,NIL,
43169,TGO,2021,0,NIL,
43170,TGO,2021,0,NIL,
43171,TGO,2021,0,NIL,
43172,TGO,2021,0,NIL,
43173,TGO,2021,0,NIL,
43174,TGO,2021,0,NIL,
43175,TGO,2021,0,NIL,
43176,TGO,2021,0,NIL,
43177,TGO,2021,0,NIL,
43178,TGO,2021,0,NIL,
43179,TGO,2021,0,NIL,
43180,TGO,2021,0,NIL,
43181,TGO,2021,0,NIL,
43182,TGO,2021,0,NIL,
43183,TGO,2021,0,NIL,
43184,TGO,2021,0,NIL,
43185,TGO,2021,0,NIL,
43186,TGO,2021,0,NIL,
43188,TGO,1999,367,,
43188,TGO,2007,310,,
43188,TGO,2021,4312,,
43189,TGO,2021,0,NIL,
43190,TGO,2021,0,NIL,
43191,TGO,2021,72,,
43192,TGO,2021,0,NIL,
43193,TGO,2021,28,,
43194,TGO,2021,1,,
43195,TGO,2021,0,NIL,
43196,TGO,2021,44,,
43197,TGO,2021,68,,
43198,TGO,2021,131,,
43199,TGO,2021,1,,
43200,TGO,2021,69,,
43201,TGO,2021,59,,
43202,TGO,2021,0,NIL,
43203,TGO,2021,1,,
43204,TGO,2021,0,NIL,
43205,TGO,2021,9,,
43206,TGO,2021,0,NIL,
43207,TGO,2021,0,NIL,
43208,TGO,2021,84,,
43209,TGO,2021,0,NIL,
43210,TGO,2021,14,,
43211,TGO,2021,17,,
43212,TGO,2021,0,NIL,
43213,TGO,2021,0,NIL,
43214,TGO,2021,0,NIL,
43215,TGO,2021,2,,
43216,TGO,2021,0,NIL,
43217,TGO,2021,3,,
43218,TGO,2021,0,NIL,
43219,TGO,2021,28,,
43220,TGO,2021,0,NIL,
43221,TGO,2021,0,NIL,
43222,TGO,2021,0,NIL,
43223,TGO,2021,0,NIL,
43224,TGO,2021,0,NIL,
43225,TGO,2021,47,,
43226,TGO,2021,36,,
43227,TGO,2021,1,,
43228,TGO,2021,0,NIL,
43229,TGO,2021,4,,
43230,TGO,2021,0,NIL,
43231,TGO,2021,2,,
43232,TGO,2021,0,NIL,
43233,TGO,2021,0,NIL,
43234,TGO,2021,0,NIL,
43235,TGO,2021,0,NIL,
43236,TGO,2021,0,NIL,
43238,TGO,2021,0,NIL,
43239,TGO,2021,0,NIL,
43240,TGO,2021,0,NIL,
43241,TGO,2021,0,NIL,
43242,TGO,2021,0,NIL,
43243,TGO,2021,35788,,
43244,TGO,2021,36509,,
43245,TGO,2021,0,NIL,
43246,TGO,2021,0,NIL,
43247,TGO,2021,0,NIL,
43248,TGO,2021,0,NIL,
43249,TGO,2021,0,NIL,
43250,TGO,2021,0,NIL,
43251,TGO,2021,0,NIL,
43252,TGO,2021,0,NIL,
43253,TGO,2021,0,NIL,
43254,TGO,2021,0,NIL,
43255,TGO,2021,0,NIL,
43256,TGO,2021,0,NIL,
43257,TGO,2021,0,NIL,
43258,TGO,2021,0,NIL,
43259,TGO,2021,0,NIL,
43260,TGO,2021,0,NIL,
43261,TGO,2021,0,NIL,
43262,TGO,2021,0,NIL,
43263,TGO,2021,0,NIL,
43264,TGO,2021,0,NIL,
43266,TGO,2021,0,NIL,
43267,TGO,2021,0,NIL,
43268,TGO,2021,0,NIL,
43269,TGO,2021,0,NIL,
43270,TGO,2021,0,NIL,
43271,TGO,2021,0,NIL,
43272,TGO,2021,0,NIL,
43273,TGO,2021,0,NIL,
43274,TGO,2021,0,NIL,
43275,TGO,2021,0,NIL,
43276,TGO,2021,0,NIL,
43277,TGO,2021,0,NIL,
43278,TGO,2021,0,NIL,
43279,TGO,2021,0,NIL,
43280,TGO,2021,0,NIL,
43281,TGO,2021,0,NIL,
43283,TGO,2021,0,NIL,
43284,TGO,2021,0,NIL,
43285,TGO,2021,0,NIL,
43287,TGO,2021,0,NIL,
43288,TGO,2021,0,NIL,
43289,TGO,2021,0,NIL,
43290,TGO,2021,0,NIL,
43291,TGO,2021,0,NIL,
43293,TGO,2021,0,NIL,
43294,TGO,2021,0,NIL,
43295,TGO,2021,0,NIL,
43296,TGO,2021,0,NIL,
43297,TGO,2021,0,NIL,
43298,TGO,2021,0,NIL,
43299,TGO,2021,0,NIL,
43300,TGO,2021,0,NIL,
43301,TGO,2021,0,NIL,
43302,TGO,2021,0,NIL,
43303,TGO,2021,0,NIL,
43304,TGO,2021,0,NIL,
43305,TGO,2021,0,NIL,
43306,TGO,2021,0,NIL,
43307,TGO,2021,0,NIL,
43308,TGO,2021,0,NIL,
43309,TGO,2021,0,NIL,
43310,TGO,2021,0,NIL,
43311,TGO,2021,0,NIL,
43312,TGO,2021,0,NIL,
43313,TGO,2021,0,NIL,
43314,TGO,2021,0,NIL,
43315,TGO,2021,0,NIL,
43316,TGO,2021,0,NIL,
43317,TGO,2021,0,NIL,
43318,TGO,2021,0,NIL,
43319,TGO,2021,0,NIL,
43320,TGO,2021,0,NIL,
43321,TGO,2021,0,NIL,
43322,TGO,2021,0,NIL,
43323,TGO,2021,0,NIL,
43324,TGO,2021,0,NIL,
43325,TGO,2021,0,NIL,
43326,TGO,2021,0,NIL,
43327,TGO,2021,0,NIL,
43328,TGO,2021,0,NIL,
43329,TGO,2021,0,NIL,
43330,TGO,2021,0,NIL,
43331,TGO,2021,0,NIL,
43332,TGO,2021,0,NIL,
43333,TGO,2021,0,NIL,
43334,TGO,2021,0,NIL,
43335,TGO,2021,0,NIL,
43336,TGO,2021,0,NIL,
43337,TGO,2021,0,NIL,
43338,TGO,2021,0,NIL,
43339,TGO,2021,0,NIL,
43340,TGO,2021,0,NIL,
43341,TGO,2021,0,NIL,
43342,TGO,2021,0,NIL,
43343,TGO,2021,0,NIL,
43344,TGO,2021,0,NIL,
43345,TGO,2021,0,NIL,
43346,TGO,2021,0,NIL,
43347,TGO,2021,0,NIL,
43348,TGO,2021,0,NIL,
43349,TGO,2021,0,NIL,
43350,TGO,2021,0,NIL,
43351,TGO,2021,0,NIL,
43352,TGO,2021,0,NIL,
43353,TGO,2021,0,NIL,
43354,TGO,2021,0,NIL,
43355,TGO,2021,0,NIL,
43356,TGO,2021,0,NIL,
43357,TGO,2021,0,NIL,
43358,TGO,2021,4,,
43359,TGO,2021,0,NIL,
43360,TGO,2021,0,NIL,
43361,TGO,2021,0,NIL,
43362,TGO,2021,0,NIL,
43363,TGO,2021,0,NIL,
43364,TGO,2021,0,NIL,
43365,TGO,2021,0,NIL,
43366,TGO,2021,0,NIL,
43367,TGO,2021,0,NIL,
43368,TGO,2021,0,NIL,
43369,TGO,2021,0,NIL,
43370,TGO,2021,0,NIL,
43371,TGO,2021,0,NIL,
43372,TGO,2021,0,NIL,
43373,TGO,2021,0,NIL,
43374,TGO,2021,0,NIL,
43375,TGO,2021,0,NIL,
43376,TGO,2021,0,NIL,
43377,TGO,2021,0,NIL,
43378,TGO,2021,0,NIL,
43379,TGO,2021,0,NIL,
43380,TGO,2021,0,NIL,
43381,TGO,2021,0,NIL,
43382,TGO,2021,0,NIL,
43383,TGO,2021,0,NIL,
43384,TGO,2021,0,NIL,
43385,TGO,2021,0,NIL,
43386,TGO,2021,0,NIL,
43387,TGO,2021,0,NIL,
43388,TGO,2021,0,NIL,
43389,TGO,2021,0,NIL,
43390,TGO,2021,0,NIL,
43391,TGO,2021,0,NIL,
43392,TGO,2021,4,,
43393,TGO,2021,0,NIL,
43394,TGO,2021,0,NIL,
43395,TGO,2021,0,NIL,
43396,TGO,2021,0,NIL,
43397,TGO,2021,0,NIL,
43398,TGO,2021,0,NIL,
43399,TGO,2021,0,NIL,
43400,TGO,2021,0,NIL,
43401,TGO,2021,0,NIL,
43402,TGO,2021,0,NIL,
43403,TGO,2021,0,NIL,
43404,TGO,2021,0,NIL,
43405,TGO,2021,0,NIL,
43406,TGO,2021,0,NIL,
43407,TGO,2021,0,NIL,
43408,TGO,2021,0,NIL,
43409,TGO,2021,0,NIL,
43410,TGO,2021,0,NIL,
43411,TGO,2021,0,NIL,
43412,TGO,2021,0,NIL,
43418,TGO,1999,0,NIL,
43418,TGO,2021,0,NIL,
43617,TGO,1972,74,,
43617,TGO,1973,126,,
43617,TGO,1974,142,,
43617,TGO,1975,151,,
43617,TGO,1978,205,,
43617,TGO,1979,208,,
43617,TGO,1980,261,,
43617,TGO,1981,260,,
43617,TGO,1982,284,,
43617,TGO,1991,358,,
43617,TGO,1992,358,,
43617,TGO,1993,383,,
43617,TGO,1994,355,,
43617,TGO,1995,382,,
43617,TGO,1996,407,,
43617,TGO,1997,398,,
43617,TGO,1999,344,,
43617,TGO,2000,351,,UIS_EST
43617,TGO,2001,358,,
43617,TGO,2002,364,,
43617,TGO,2003,398,,
43617,TGO,2004,401,,
43617,TGO,2005,400,,
43617,TGO,2006,406,,
43617,TGO,2007,419,,UIS_EST
43617,TGO,2011,2465,,
43617,TGO,2012,2559,,
43617,TGO,2013,3670,,
43617,TGO,2014,4137,,
43617,TGO,2015,3990,,
43617,TGO,2016,3515,,
43617,TGO,2017,4532,,
43617,TGO,2018,4881,,
43617,TGO,2019,4945,,
43617,TGO,2020,5010,,
43617,TGO,2021,4575,,
901203,TGO,2021,0,NIL,
901204,TGO,2021,1,,
999973,TGO,1999,3,,
999973,TGO,2000,3,,
999973,TGO,2001,3,,
999973,TGO,2002,3,,
999973,TGO,2003,3,,
999973,TGO,2004,3,,
999973,TGO,2005,3,,
999973,TGO,2006,3,,
999973,TGO,2007,3,,
999973,TGO,2008,3,,
999973,TGO,2009,3,,
999973,TGO,2010,3,,
999973,TGO,2011,3,,
999973,TGO,2012,3,,
999973,TGO,2013,3,,
999973,TGO,2014,3,,
999973,TGO,2015,3,,
999973,TGO,2016,3,,
999973,TGO,2017,3,,
999973,TGO,2018,3,,
999973,TGO,2019,3,,
999973,TGO,2020,3,,
999973,TGO,2021,3,,
999973,TGO,2022,3,,
999973,TGO,2023,3,,
999973,TGO,2024,3,,
999973,TGO,2025,3,,
999974,TGO,1999,3,,
999974,TGO,2000,3,,
999974,TGO,2001,3,,
999974,TGO,2002,3,,
999974,TGO,2003,3,,
999974,TGO,2004,3,,
999974,TGO,2005,3,,
999974,TGO,2006,3,,
999974,TGO,2007,3,,
999974,TGO,2008,3,,
999974,TGO,2009,3,,
999974,TGO,2010,3,,
999974,TGO,2011,3,,
999974,TGO,2012,3,,
999974,TGO,2013,3,,
999974,TGO,2014,3,,
999974,TGO,2015,3,,
999974,TGO,2016,3,,
999974,TGO,2017,3,,
999974,TGO,2018,3,,
999974,TGO,2019,3,,
999974,TGO,2020,3,,
999974,TGO,2021,3,,
999974,TGO,2022,3,,
999974,TGO,2023,3,,
999974,TGO,2024,3,,
999974,TGO,2025,3,,
999975,TGO,1970,12,,
999975,TGO,1971,12,,
999975,TGO,1972,12,,
999975,TGO,1973,12,,
999975,TGO,1974,12,,
999975,TGO,1975,12,,
999975,TGO,1976,12,,
999975,TGO,1977,12,,
999975,TGO,1978,12,,
999975,TGO,1979,12,,
999975,TGO,1980,12,,
999975,TGO,1981,12,,
999975,TGO,1982,12,,
999975,TGO,1983,12,,
999975,TGO,1984,12,,
999975,TGO,1985,12,,
999975,TGO,1986,12,,
999975,TGO,1987,12,,
999975,TGO,1988,12,,
999975,TGO,1989,12,,
999975,TGO,1990,12,,
999975,TGO,1991,12,,
999975,TGO,1992,12,,
999975,TGO,1993,12,,
999975,TGO,1994,12,,
999975,TGO,1995,12,,
999975,TGO,1996,12,,
999975,TGO,1997,12,,
999975,TGO,1998,12,,
999975,TGO,1999,12,,
999975,TGO,2000,12,,
999975,TGO,2001,12,,
999975,TGO,2002,12,,
999975,TGO,2003,12,,
999975,TGO,2004,12,,
999975,TGO,2005,12,,
999975,TGO,2006,12,,
999975,TGO,2007,12,,
999975,TGO,2008,12,,
999975,TGO,2009,12,,
999975,TGO,2010,12,,
999975,TGO,2011,12,,
999975,TGO,2012,12,,
999975,TGO,2013,12,,
999975,TGO,2014,12,,
999975,TGO,2015,12,,
999975,TGO,2016,12,,
999975,TGO,2017,12,,
999975,TGO,2018,12,,
999975,TGO,2019,12,,
999975,TGO,2020,12,,
999975,TGO,2021,12,,
999975,TGO,2022,12,,
999975,TGO,2023,12,,
999975,TGO,2024,12,,
999975,TGO,2025,12,,
999976,TGO,1970,4,,
999976,TGO,1971,4,,
999976,TGO,1972,4,,
999976,TGO,1973,4,,
999976,TGO,1974,4,,
999976,TGO,1975,4,,
999976,TGO,1976,4,,
999976,TGO,1977,4,,
999976,TGO,1978,4,,
999976,TGO,1979,4,,
999976,TGO,1980,4,,
999976,TGO,1981,4,,
999976,TGO,1982,4,,
999976,TGO,1983,4,,
999976,TGO,1984,4,,
999976,TGO,1985,4,,
999976,TGO,1986,4,,
999976,TGO,1987,4,,
999976,TGO,1988,4,,
999976,TGO,1989,4,,
999976,TGO,1990,4,,
999976,TGO,1991,4,,
999976,TGO,1992,4,,
999976,TGO,1993,4,,
999976,TGO,1994,4,,
999976,TGO,1995,4,,
999976,TGO,1996,4,,
999976,TGO,1997,4,,
999976,TGO,1998,4,,
999976,TGO,1999,4,,
999976,TGO,2000,4,,
999976,TGO,2001,4,,
999976,TGO,2002,4,,
999976,TGO,2003,4,,
999976,TGO,2004,4,,
999976,TGO,2005,4,,
999976,TGO,2006,4,,
999976,TGO,2007,4,,
999976,TGO,2008,4,,
999976,TGO,2009,4,,
999976,TGO,2010,4,,
999976,TGO,2011,4,,
999976,TGO,2012,4,,
999976,TGO,2013,4,,
999976,TGO,2014,4,,
999976,TGO,2015,4,,
999976,TGO,2016,4,,
999976,TGO,2017,4,,
999976,TGO,2018,4,,
999976,TGO,2019,4,,
999976,TGO,2020,4,,
999976,TGO,2021,4,,
999976,TGO,2022,4,,
999976,TGO,2023,4,,
999976,TGO,2024,4,,
999976,TGO,2025,4,,
999977,TGO,1970,16,,
999977,TGO,1971,16,,
999977,TGO,1972,16,,
999977,TGO,1973,16,,
999977,TGO,1974,16,,
999977,TGO,1975,16,,
999977,TGO,1976,16,,
999977,TGO,1977,16,,
999977,TGO,1978,16,,
999977,TGO,1979,16,,
999977,TGO,1980,16,,
999977,TGO,1981,16,,
999977,TGO,1982,16,,
999977,TGO,1983,16,,
999977,TGO,1984,16,,
999977,TGO,1985,16,,
999977,TGO,1986,16,,
999977,TGO,1987,16,,
999977,TGO,1988,16,,
999977,TGO,1989,16,,
999977,TGO,1990,16,,
999977,TGO,1991,16,,
999977,TGO,1992,16,,
999977,TGO,1993,16,,
999977,TGO,1994,16,,
999977,TGO,1995,16,,
999977,TGO,1996,16,,
999977,TGO,1997,16,,
999977,TGO,1998,16,,
999977,TGO,1999,16,,
999977,TGO,2000,16,,
999977,TGO,2001,16,,
999977,TGO,2002,16,,
999977,TGO,2003,16,,
999977,TGO,2004,16,,
999977,TGO,2005,16,,
999977,TGO,2006,16,,
999977,TGO,2007,16,,
999977,TGO,2008,16,,
999977,TGO,2009,16,,
999977,TGO,2010,16,,
999977,TGO,2011,16,,
999977,TGO,2012,16,,
999977,TGO,2013,16,,
999977,TGO,2014,16,,
999977,TGO,2015,16,,
999977,TGO,2016,16,,
999977,TGO,2017,16,,
999977,TGO,2018,16,,
999977,TGO,2019,16,,
999977,TGO,2020,16,,
999977,TGO,2021,16,,
999977,TGO,2022,16,,
999977,TGO,2023,16,,
999977,TGO,2024,16,,
999977,TGO,2025,16,,
999978,TGO,1970,3,,
999978,TGO,1971,3,,
999978,TGO,1972,3,,
999978,TGO,1973,3,,
999978,TGO,1974,3,,
999978,TGO,1975,3,,
999978,TGO,1976,3,,
999978,TGO,1977,3,,
999978,TGO,1978,3,,
999978,TGO,1979,3,,
999978,TGO,1980,3,,
999978,TGO,1981,3,,
999978,TGO,1982,3,,
999978,TGO,1983,3,,
999978,TGO,1984,3,,
999978,TGO,1985,3,,
999978,TGO,1986,3,,
999978,TGO,1987,3,,
999978,TGO,1988,3,,
999978,TGO,1989,3,,
999978,TGO,1990,3,,
999978,TGO,1991,3,,
999978,TGO,1992,3,,
999978,TGO,1993,3,,
999978,TGO,1994,3,,
999978,TGO,1995,3,,
999978,TGO,1996,3,,
999978,TGO,1997,3,,
999978,TGO,1998,3,,
999978,TGO,1999,3,,
999978,TGO,2000,3,,
999978,TGO,2001,3,,
999978,TGO,2002,3,,
999978,TGO,2003,3,,
999978,TGO,2004,3,,
999978,TGO,2005,3,,
999978,TGO,2006,3,,
999978,TGO,2007,3,,
999978,TGO,2008,3,,
999978,TGO,2009,3,,
999978,TGO,2010,3,,
999978,TGO,2011,3,,
999978,TGO,2012,3,,
999978,TGO,2013,3,,
999978,TGO,2014,3,,
999978,TGO,2015,3,,
999978,TGO,2016,3,,
999978,TGO,2017,3,,
999978,TGO,2018,3,,
999978,TGO,2019,3,,
999978,TGO,2020,3,,
999978,TGO,2021,3,,
999978,TGO,2022,3,,
999978,TGO,2023,3,,
999978,TGO,2024,3,,
999978,TGO,2025,3,,
999987,TGO,1999,19,,
999987,TGO,2000,19,,
999987,TGO,2001,19,,
999987,TGO,2002,19,,
999987,TGO,2003,19,,
999987,TGO,2004,19,,
999987,TGO,2005,19,,
999987,TGO,2006,19,,
999987,TGO,2007,19,,
999987,TGO,2008,19,,
999987,TGO,2009,19,,
999987,TGO,2010,19,,
999987,TGO,2011,19,,
999987,TGO,2012,19,,
999987,TGO,2013,19,,
999987,TGO,2014,19,,
999987,TGO,2015,19,,
999987,TGO,2016,19,,
999987,TGO,2017,19,,
999987,TGO,2018,19,,
999987,TGO,2019,19,,
999987,TGO,2020,19,,
999987,TGO,2021,19,,
999987,TGO,2022,19,,
999987,TGO,2023,19,,
999987,TGO,2024,19,,
999987,TGO,2025,19,,
999988,TGO,1999,1,,
999988,TGO,2000,1,,
999988,TGO,2001,1,,
999988,TGO,2002,1,,
999988,TGO,2003,1,,
999988,TGO,2004,1,,
999988,TGO,2005,1,,
999988,TGO,2006,1,,
999988,TGO,2007,1,,
999988,TGO,2008,2,,
999988,TGO,2009,2,,
999988,TGO,2010,2,,
999988,TGO,2011,2,,
999988,TGO,2012,2,,
999988,TGO,2013,2,,
999988,TGO,2014,2,,
999988,TGO,2015,2,,
999988,TGO,2016,2,,
999988,TGO,2017,2,,
999988,TGO,2018,2,,
999988,TGO,2019,2,,
999988,TGO,2020,1,,
999988,TGO,2021,1,,
999988,TGO,2022,1,,
999988,TGO,2023,1,,
999988,TGO,2024,1,,
999988,TGO,2025,1,,
E.5T8.FOREIGN.ORG108.GPIA,TGO,2021,2,,
E.5T8.FOREIGN.ORG120.GPIA,TGO,2021,.4271799921989441,,
E.5T8.FOREIGN.ORG140.GPIA,TGO,2021,.7157899737358093,,
E.5T8.FOREIGN.ORG148.GPIA,TGO,2021,.3187299966812134,,
E.5T8.FOREIGN.ORG174.GPIA,TGO,2021,2,,
E.5T8.FOREIGN.ORG178.GPIA,TGO,2021,.3270100057125092,,
E.5T8.FOREIGN.ORG204.GPIA,TGO,2021,.4898000061511993,,
E.5T8.FOREIGN.ORG21000900.GPIA,TGO,2021,1.881890058517456,,
E.5T8.FOREIGN.ORG21000940.GPIA,TGO,2021,2,,
E.5T8.FOREIGN.ORG226.GPIA,TGO,2021,.4736799895763397,,
E.5T8.FOREIGN.ORG250.GPIA,TGO,2021,2,,
E.5T8.FOREIGN.ORG262.GPIA,TGO,2021,2,,
E.5T8.FOREIGN.ORG266.GPIA,TGO,2021,.8484799861907959,,
E.5T8.FOREIGN.ORG270.GPIA,TGO,2021,0,NIL,
E.5T8.FOREIGN.ORG288.GPIA,TGO,2021,.1794900000095367,,
E.5T8.FOREIGN.ORG324.GPIA,TGO,2021,.9444400072097778,,
E.5T8.FOREIGN.ORG384.GPIA,TGO,2021,.4758099913597107,,
E.5T8.FOREIGN.ORG404.GPIA,TGO,2021,0,NIL,
E.5T8.FOREIGN.ORG40500,TGO,1999,5,,
E.5T8.FOREIGN.ORG40500,TGO,2021,4,,
E.5T8.FOREIGN.ORG40500.F,TGO,2021,4,,
E.5T8.FOREIGN.ORG40500.GPIA,TGO,2021,2,,
E.5T8.FOREIGN.ORG40500.M,TGO,2021,0,NIL,
E.5T8.FOREIGN.ORG40505,TGO,1999,0,NIL,
E.5T8.FOREIGN.ORG40505,TGO,2021,0,NIL,
E.5T8.FOREIGN.ORG40505.F,TGO,2021,0,NIL,
E.5T8.FOREIGN.ORG40505.M,TGO,2021,0,NIL,
E.5T8.FOREIGN.ORG40515,TGO,1999,0,NIL,
E.5T8.FOREIGN.ORG40515,TGO,2021,0,NIL,
E.5T8.FOREIGN.ORG40515.F,TGO,2021,0,NIL,
E.5T8.FOREIGN.ORG40515.M,TGO,2021,0,NIL,
E.5T8.FOREIGN.ORG40520,TGO,1999,0,NIL,
E.5T8.FOREIGN.ORG40520,TGO,2021,0,NIL,
E.5T8.FOREIGN.ORG40525,TGO,1999,3,,
E.5T8.FOREIGN.ORG40525,TGO,2021,5,,
E.5T8.FOREIGN.ORG40525.M,TGO,2021,4,,
E.5T8.FOREIGN.ORG40530,TGO,1999,0,NIL,
E.5T8.FOREIGN.ORG40530,TGO,2021,0,NIL,
E.5T8.FOREIGN.ORG40530.F,TGO,2021,0,NIL,
E.5T8.FOREIGN.ORG40530.M,TGO,2021,0,NIL,
E.5T8.FOREIGN.ORG40535,TGO,1999,0,NIL,
E.5T8.FOREIGN.ORG40535,TGO,2021,0,NIL,
E.5T8.FOREIGN.ORG40535.F,TGO,2021,0,NIL,
E.5T8.FOREIGN.ORG40535.M,TGO,2021,0,NIL,
E.5T8.FOREIGN.ORG40540,TGO,1999,537,,
E.5T8.FOREIGN.ORG40540,TGO,2021,3656,,
E.5T8.FOREIGN.ORG40540.F,TGO,2021,720,,
E.5T8.FOREIGN.ORG40540.GPIA,TGO,2021,.2452300041913986,,
E.5T8.FOREIGN.ORG40540.M,TGO,2021,2936,,
E.5T8.FOREIGN.ORG430.GPIA,TGO,2021,.666670024394989,,
E.5T8.FOREIGN.ORG450.GPIA,TGO,2021,2,,
E.5T8.FOREIGN.ORG454.GPIA,TGO,2021,0,NIL,
E.5T8.FOREIGN.ORG466.GPIA,TGO,2021,.699999988079071,,
E.5T8.FOREIGN.ORG504.GPIA,TGO,2021,0,NIL,
E.5T8.FOREIGN.ORG562.GPIA,TGO,2021,.0342600010335445,,
E.5T8.FOREIGN.ORG566.GPIA,TGO,2021,.4137899875640869,,
E.5T8.FOREIGN.ORG646.GPIA,TGO,2021,1,,
E.5T8.FOREIGN.ORG686.GPIA,TGO,2021,1.5,,
E.5T8.FOREIGN.ORG694.GPIA,TGO,2021,.4000000059604645,,
E.5T8.FOREIGN.ORG710.GPIA,TGO,2021,0,NIL,
E.5T8.FOREIGN.ORG716.GPIA,TGO,2021,0,NIL,
E.5T8.FOREIGN.ORG72.GPIA,TGO,2021,0,NIL,
E.5T8.FOREIGN.ORG729.GPIA,TGO,2021,0,NIL,
E.5T8.FOREIGN.ORG748.GPIA,TGO,2021,0,NIL,
E.5T8.FOREIGN.ORG854.GPIA,TGO,2021,.261680006980896,,
E.5T8.FOREIGN.ORG894.GPIA,TGO,2021,0,NIL,
ETOIP.0.PR,TGO,1999,53.14474105834961,,
ETOIP.0.PR,TGO,2000,52.21585845947266,,
ETOIP.0.PR,TGO,2001,61.55093002319336,,
ETOIP.0.PR,TGO,2002,61.20389938354492,,
ETOIP.0.PR,TGO,2003,58.63932037353516,,
ETOIP.0.PR,TGO,2007,55.13542175292969,,
ETOIP.0.PR,TGO,2008,55.06718063354492,,
ETOIP.0.PR,TGO,2009,46.97372055053711,,
ETOIP.0.PR,TGO,2010,33.4296989440918,,
ETOIP.0.PR,TGO,2011,34.40311813354492,,
ETOIP.0.PR,TGO,2012,29.93425941467285,,
ETOIP.0.PR,TGO,2013,37.66267013549805,,
ETOIP.0.PR,TGO,2014,36.31713104248047,,
ETOIP.0.PR,TGO,2015,31.64068031311035,,
ETOIP.0.PR,TGO,2017,32.84363174438477,,
ETOIP.0.PR,TGO,2018,31.14698028564453,,
ETOIP.0.PR,TGO,2019,30.93568992614746,,
ETOIP.0.PR,TGO,2020,33.20241165161133,,
ETOIP.0.PR,TGO,2021,31.38122940063477,,
ETOIP.0.PR,TGO,2022,27.58311080932617,,
ETOIP.0.PR,TGO,2023,27.41282081604004,,
ETOIP.0.PR,TGO,2024,26.15276908874512,,
ETOIP.0.PR.F,TGO,1999,49.54803848266602,,
ETOIP.0.PR.F,TGO,2000,51.10660171508789,,
ETOIP.0.PR.F,TGO,2001,48.81449890136719,,
ETOIP.0.PR.F,TGO,2002,49.50014114379883,,
ETOIP.0.PR.F,TGO,2003,48.73163986206055,,
ETOIP.0.PR.F,TGO,2007,50.1768798828125,,
ETOIP.0.PR.F,TGO,2008,50.163818359375,,
ETOIP.0.PR.F,TGO,2009,50.69998931884766,,
ETOIP.0.PR.F,TGO,2010,49.9930305480957,,
ETOIP.0.PR.F,TGO,2011,49.76005935668945,,
ETOIP.0.PR.F,TGO,2012,49.89374160766602,,
ETOIP.0.PR.F,TGO,2013,50.10414886474609,,
ETOIP.0.PR.F,TGO,2014,50,,
ETOIP.0.PR.F,TGO,2015,50.14002990722656,,
ETOIP.0.PR.F,TGO,2017,50.38404083251953,,
ETOIP.0.PR.F,TGO,2018,49.60419082641602,,
ETOIP.0.PR.F,TGO,2019,49.52983093261719,,
ETOIP.0.PR.F,TGO,2020,49.59503936767578,,
ETOIP.0.PR.F,TGO,2021,49.81439971923828,,
ETOIP.0.PR.F,TGO,2022,49.79428100585938,,
ETOIP.0.PR.F,TGO,2023,49.75040817260742,,
ETOIP.0.PR.F,TGO,2024,49.75725936889648,,
ETOIP.0.PR.GPIA,TGO,1999,.9820799827575684,,
ETOIP.0.PR.GPIA,TGO,2000,1.043310046195984,,
ETOIP.0.PR.GPIA,TGO,2001,.9536799788475037,,
ETOIP.0.PR.GPIA,TGO,2002,.9801999926567078,,
ETOIP.0.PR.GPIA,TGO,2003,.9505199790000916,,
ETOIP.0.PR.GPIA,TGO,2007,1.007050037384033,,
ETOIP.0.PR.GPIA,TGO,2008,1.006530046463013,,
ETOIP.0.PR.GPIA,TGO,2009,1.027609944343567,,
ETOIP.0.PR.GPIA,TGO,2010,.9997199773788452,,
ETOIP.0.PR.GPIA,TGO,2011,.9904500246047974,,
ETOIP.0.PR.GPIA,TGO,2012,.9957600235939026,,
ETOIP.0.PR.GPIA,TGO,2013,1.004160046577454,,
ETOIP.0.PR.GPIA,TGO,2014,1,,
ETOIP.0.PR.GPIA,TGO,2015,1.005589962005615,,
ETOIP.0.PR.GPIA,TGO,2017,1.015239953994751,,
ETOIP.0.PR.GPIA,TGO,2018,.9842900037765503,,
ETOIP.0.PR.GPIA,TGO,2019,.9813699722290039,,
ETOIP.0.PR.GPIA,TGO,2020,.9839299917221069,,
ETOIP.0.PR.GPIA,TGO,2021,.9926000237464905,,
ETOIP.0.PR.GPIA,TGO,2022,.9918100237846375,,
ETOIP.0.PR.GPIA,TGO,2023,.9900699853897095,,
ETOIP.0.PR.GPIA,TGO,2024,.990339994430542,,
ETOIP.0.PR.M,TGO,1999,50.45196151733398,,
ETOIP.0.PR.M,TGO,2000,48.89339828491211,,
ETOIP.0.PR.M,TGO,2001,51.18550109863281,,
ETOIP.0.PR.M,TGO,2002,50.49985885620117,,
ETOIP.0.PR.M,TGO,2003,51.26836013793945,,
ETOIP.0.PR.M,TGO,2007,49.8231201171875,,
ETOIP.0.PR.M,TGO,2008,49.836181640625,,
ETOIP.0.PR.M,TGO,2009,49.30001068115234,,
ETOIP.0.PR.M,TGO,2010,50.0069694519043,,
ETOIP.0.PR.M,TGO,2011,50.23994064331055,,
ETOIP.0.PR.M,TGO,2012,50.10625839233398,,
ETOIP.0.PR.M,TGO,2013,49.89585113525391,,
ETOIP.0.PR.M,TGO,2014,50,,
ETOIP.0.PR.M,TGO,2015,49.85997009277344,,
ETOIP.0.PR.M,TGO,2017,49.61595916748047,,
ETOIP.0.PR.M,TGO,2018,50.39580917358398,,
ETOIP.0.PR.M,TGO,2019,50.47016906738281,,
ETOIP.0.PR.M,TGO,2020,50.40496063232422,,
ETOIP.0.PR.M,TGO,2021,50.18560028076172,,
ETOIP.0.PR.M,TGO,2022,50.20571899414063,,
ETOIP.0.PR.M,TGO,2023,50.24959182739258,,
ETOIP.0.PR.M,TGO,2024,50.24274063110352,,
ETOIP.0.PU,TGO,1999,46.85525894165039,,
ETOIP.0.PU,TGO,2000,47.78414154052734,,
ETOIP.0.PU,TGO,2001,38.44906997680664,,
ETOIP.0.PU,TGO,2002,38.79610061645508,,
ETOIP.0.PU,TGO,2003,41.36067962646484,,
ETOIP.0.PU,TGO,2007,44.86457824707031,,
ETOIP.0.PU,TGO,2008,44.93281936645508,,
ETOIP.0.PU,TGO,2009,53.02627944946289,,
ETOIP.0.PU,TGO,2010,66.57029724121094,,
ETOIP.0.PU,TGO,2011,65.59687805175781,,
ETOIP.0.PU,TGO,2012,70.06574249267578,,
ETOIP.0.PU,TGO,2013,62.33732986450195,,
ETOIP.0.PU,TGO,2014,63.68286895751953,,
ETOIP.0.PU,TGO,2015,68.35932159423828,,
ETOIP.0.PU,TGO,2017,67.1563720703125,,
ETOIP.0.PU,TGO,2018,68.85301971435547,,
ETOIP.0.PU,TGO,2019,69.06430816650391,,
ETOIP.0.PU,TGO,2020,66.79759216308594,,
ETOIP.0.PU,TGO,2021,68.61876678466797,,
ETOIP.0.PU,TGO,2022,72.41689300537109,,
ETOIP.0.PU,TGO,2023,72.58718109130859,,
ETOIP.0.PU,TGO,2024,73.84722900390625,,
ETOIP.0.PU.F,TGO,1999,50.14239883422852,,
ETOIP.0.PU.F,TGO,2000,51.29798126220703,,
ETOIP.0.PU.F,TGO,2001,51.35202026367188,,
ETOIP.0.PU.F,TGO,2002,52.23785018920898,,
ETOIP.0.PU.F,TGO,2003,50.7287483215332,,
ETOIP.0.PU.F,TGO,2007,50.32110977172852,,
ETOIP.0.PU.F,TGO,2008,51.3626708984375,,
ETOIP.0.PU.F,TGO,2009,51.17816925048828,,
ETOIP.0.PU.F,TGO,2010,50.84056854248047,,
ETOIP.0.PU.F,TGO,2011,50.87810897827148,,
ETOIP.0.PU.F,TGO,2012,51.12417984008789,,
ETOIP.0.PU.F,TGO,2013,51.32878875732422,,
ETOIP.0.PU.F,TGO,2014,51.03084945678711,,
ETOIP.0.PU.F,TGO,2015,50.80257034301758,,
ETOIP.0.PU.F,TGO,2017,51.06792068481445,,
ETOIP.0.PU.F,TGO,2018,51.03002166748047,,
ETOIP.0.PU.F,TGO,2019,51.08956909179688,,
ETOIP.0.PU.F,TGO,2020,51.30044174194336,,
ETOIP.0.PU.F,TGO,2021,51.37009048461914,,
ETOIP.0.PU.F,TGO,2022,51.4509391784668,,
ETOIP.0.PU.F,TGO,2023,50.67586898803711,,
ETOIP.0.PU.F,TGO,2024,50.90893936157227,,
ETOIP.0.PU.GPIA,TGO,1999,1.005679965019226,,
ETOIP.0.PU.GPIA,TGO,2000,1.050609946250916,,
ETOIP.0.PU.GPIA,TGO,2001,1.05265998840332,,
ETOIP.0.PU.GPIA,TGO,2002,1.08568000793457,,
ETOIP.0.PU.GPIA,TGO,2003,1.028730034828186,,
ETOIP.0.PU.GPIA,TGO,2007,1.012760043144226,,
ETOIP.0.PU.GPIA,TGO,2008,1.053060054779053,,
ETOIP.0.PU.GPIA,TGO,2009,1.046040058135986,,
ETOIP.0.PU.GPIA,TGO,2010,1.033069968223572,,
ETOIP.0.PU.GPIA,TGO,2011,1.034520030021667,,
ETOIP.0.PU.GPIA,TGO,2012,1.043980002403259,,
ETOIP.0.PU.GPIA,TGO,2013,1.051779985427856,,
ETOIP.0.PU.GPIA,TGO,2014,1.04040002822876,,
ETOIP.0.PU.GPIA,TGO,2015,1.031599998474121,,
ETOIP.0.PU.GPIA,TGO,2017,1.041820049285889,,
ETOIP.0.PU.GPIA,TGO,2018,1.040369987487793,,
ETOIP.0.PU.GPIA,TGO,2019,1.042649984359741,,
ETOIP.0.PU.GPIA,TGO,2020,1.050699949264526,,
ETOIP.0.PU.GPIA,TGO,2021,1.053339958190918,,
ETOIP.0.PU.GPIA,TGO,2022,1.056399941444397,,
ETOIP.0.PU.GPIA,TGO,2023,1.026669979095459,,
ETOIP.0.PU.GPIA,TGO,2024,1.035709977149963,,
ETOIP.0.PU.M,TGO,1999,49.85760116577148,,
ETOIP.0.PU.M,TGO,2000,48.70201873779297,,
ETOIP.0.PU.M,TGO,2001,48.64797973632813,,
ETOIP.0.PU.M,TGO,2002,47.76214981079102,,
ETOIP.0.PU.M,TGO,2003,49.2712516784668,,
ETOIP.0.PU.M,TGO,2007,49.67889022827148,,
ETOIP.0.PU.M,TGO,2008,48.6373291015625,,
ETOIP.0.PU.M,TGO,2009,48.82183074951172,,
ETOIP.0.PU.M,TGO,2010,49.15943145751953,,
ETOIP.0.PU.M,TGO,2011,49.12189102172852,,
ETOIP.0.PU.M,TGO,2012,48.87582015991211,,
ETOIP.0.PU.M,TGO,2013,48.67121124267578,,
ETOIP.0.PU.M,TGO,2014,48.96915054321289,,
ETOIP.0.PU.M,TGO,2015,49.19742965698242,,
ETOIP.0.PU.M,TGO,2017,48.93207931518555,,
ETOIP.0.PU.M,TGO,2018,48.96997833251953,,
ETOIP.0.PU.M,TGO,2019,48.91043090820313,,
ETOIP.0.PU.M,TGO,2020,48.69955825805664,,
ETOIP.0.PU.M,TGO,2021,48.62990951538086,,
ETOIP.0.PU.M,TGO,2022,48.5490608215332,,
ETOIP.0.PU.M,TGO,2023,49.32413101196289,,
ETOIP.0.PU.M,TGO,2024,49.09106063842773,,
ETOIP.02.PR,TGO,1971,71.20246124267578,,
ETOIP.02.PR,TGO,1972,65.36139678955078,,
ETOIP.02.PR,TGO,1973,72.68636322021484,,
ETOIP.02.PR,TGO,1974,69.72364044189453,,
ETOIP.02.PR,TGO,1975,61.13425064086914,,
ETOIP.02.PR,TGO,1976,64.24214935302734,,
ETOIP.02.PR,TGO,1977,56.83401107788086,,
ETOIP.02.PR,TGO,1978,58.47484970092773,,
ETOIP.02.PR,TGO,1979,49.10369110107422,,
ETOIP.02.PR,TGO,1980,48.62739181518555,,
ETOIP.02.PR,TGO,1981,52.52394866943359,,
ETOIP.02.PR,TGO,1982,45.82221984863281,,
ETOIP.02.PR,TGO,1983,50.00532150268555,,
ETOIP.02.PR,TGO,1984,49.42689895629883,,
ETOIP.02.PR,TGO,1985,47.07403945922852,,
ETOIP.02.PR,TGO,1986,47.97740936279297,,
ETOIP.02.PR,TGO,1987,50.66030120849609,,
ETOIP.02.PR,TGO,1988,54.55498886108398,,
ETOIP.02.PR,TGO,1989,51.58615875244141,,
ETOIP.02.PR,TGO,1990,55.09804153442383,,
ETOIP.02.PR,TGO,1991,50.63476181030273,,
ETOIP.02.PR,TGO,1994,44.76533889770508,,
ETOIP.02.PR,TGO,1995,58.52643966674805,,
ETOIP.02.PR,TGO,1996,51.0430793762207,,
ETOIP.02.PR,TGO,1997,51.89245986938477,,
ETOIP.02.PR,TGO,1999,53.14474105834961,,
ETOIP.02.PR,TGO,2000,52.21585845947266,,
ETOIP.02.PR,TGO,2001,61.55093002319336,,
ETOIP.02.PR,TGO,2002,61.20389938354492,,
ETOIP.02.PR,TGO,2003,58.63932037353516,,
ETOIP.02.PR,TGO,2007,55.13542175292969,,
ETOIP.02.PR,TGO,2008,55.06718063354492,,
ETOIP.02.PR,TGO,2009,46.97372055053711,,
ETOIP.02.PR,TGO,2010,33.4296989440918,,
ETOIP.02.PR,TGO,2011,34.40311813354492,,
ETOIP.02.PR,TGO,2012,29.93425941467285,,
ETOIP.02.PR,TGO,2013,37.66267013549805,,
ETOIP.02.PR,TGO,2014,36.31713104248047,,
ETOIP.02.PR,TGO,2015,31.64068031311035,,
ETOIP.02.PR,TGO,2017,32.84363174438477,,
ETOIP.02.PR,TGO,2018,31.14698028564453,,
ETOIP.02.PR,TGO,2019,30.93568992614746,,
ETOIP.02.PR,TGO,2020,33.20241165161133,,
ETOIP.02.PR,TGO,2021,31.38122940063477,,
ETOIP.02.PR,TGO,2022,27.58311080932617,,
ETOIP.02.PR,TGO,2023,27.41282081604004,,
ETOIP.02.PR,TGO,2024,26.15276908874512,,
ETOIP.02.PR.F,TGO,1999,49.54803848266602,,
ETOIP.02.PR.F,TGO,2000,51.10660171508789,,
ETOIP.02.PR.F,TGO,2001,48.81449890136719,,
ETOIP.02.PR.F,TGO,2002,49.50014114379883,,
ETOIP.02.PR.F,TGO,2003,48.73163986206055,,
ETOIP.02.PR.F,TGO,2007,50.1768798828125,,
ETOIP.02.PR.F,TGO,2008,50.163818359375,,
ETOIP.02.PR.F,TGO,2009,50.69998931884766,,
ETOIP.02.PR.F,TGO,2010,49.9930305480957,,
ETOIP.02.PR.F,TGO,2011,49.76005935668945,,
ETOIP.02.PR.F,TGO,2012,49.89374160766602,,
ETOIP.02.PR.F,TGO,2013,50.10414886474609,,
ETOIP.02.PR.F,TGO,2014,50,,
ETOIP.02.PR.F,TGO,2015,50.14002990722656,,
ETOIP.02.PR.F,TGO,2017,50.38404083251953,,
ETOIP.02.PR.F,TGO,2018,49.60419082641602,,
ETOIP.02.PR.F,TGO,2019,49.52983093261719,,
ETOIP.02.PR.F,TGO,2020,49.59503936767578,,
ETOIP.02.PR.F,TGO,2021,49.81439971923828,,
ETOIP.02.PR.F,TGO,2022,49.79428100585938,,
ETOIP.02.PR.F,TGO,2023,49.75040817260742,,
ETOIP.02.PR.F,TGO,2024,49.75725936889648,,
ETOIP.02.PR.GPIA,TGO,1999,.9820799827575684,,
ETOIP.02.PR.GPIA,TGO,2000,1.043310046195984,,
ETOIP.02.PR.GPIA,TGO,2001,.9536799788475037,,
ETOIP.02.PR.GPIA,TGO,2002,.9801999926567078,,
ETOIP.02.PR.GPIA,TGO,2003,.9505199790000916,,
ETOIP.02.PR.GPIA,TGO,2007,1.007050037384033,,
ETOIP.02.PR.GPIA,TGO,2008,1.006530046463013,,
ETOIP.02.PR.GPIA,TGO,2009,1.027609944343567,,
ETOIP.02.PR.GPIA,TGO,2010,.9997199773788452,,
ETOIP.02.PR.GPIA,TGO,2011,.9904500246047974,,
ETOIP.02.PR.GPIA,TGO,2012,.9957600235939026,,
ETOIP.02.PR.GPIA,TGO,2013,1.004160046577454,,
ETOIP.02.PR.GPIA,TGO,2014,1,,
ETOIP.02.PR.GPIA,TGO,2015,1.005589962005615,,
ETOIP.02.PR.GPIA,TGO,2017,1.015239953994751,,
ETOIP.02.PR.GPIA,TGO,2018,.9842900037765503,,
ETOIP.02.PR.GPIA,TGO,2019,.9813699722290039,,
ETOIP.02.PR.GPIA,TGO,2020,.9839299917221069,,
ETOIP.02.PR.GPIA,TGO,2021,.9926000237464905,,
ETOIP.02.PR.GPIA,TGO,2022,.9918100237846375,,
ETOIP.02.PR.GPIA,TGO,2023,.9900699853897095,,
ETOIP.02.PR.GPIA,TGO,2024,.990339994430542,,
ETOIP.02.PR.M,TGO,1999,50.45196151733398,,
ETOIP.02.PR.M,TGO,2000,48.89339828491211,,
ETOIP.02.PR.M,TGO,2001,51.18550109863281,,
ETOIP.02.PR.M,TGO,2002,50.49985885620117,,
ETOIP.02.PR.M,TGO,2003,51.26836013793945,,
ETOIP.02.PR.M,TGO,2007,49.8231201171875,,
ETOIP.02.PR.M,TGO,2008,49.836181640625,,
ETOIP.02.PR.M,TGO,2009,49.30001068115234,,
ETOIP.02.PR.M,TGO,2010,50.0069694519043,,
ETOIP.02.PR.M,TGO,2011,50.23994064331055,,
ETOIP.02.PR.M,TGO,2012,50.10625839233398,,
ETOIP.02.PR.M,TGO,2013,49.89585113525391,,
ETOIP.02.PR.M,TGO,2014,50,,
ETOIP.02.PR.M,TGO,2015,49.85997009277344,,
ETOIP.02.PR.M,TGO,2017,49.61595916748047,,
ETOIP.02.PR.M,TGO,2018,50.39580917358398,,
ETOIP.02.PR.M,TGO,2019,50.47016906738281,,
ETOIP.02.PR.M,TGO,2020,50.40496063232422,,
ETOIP.02.PR.M,TGO,2021,50.18560028076172,,
ETOIP.02.PR.M,TGO,2022,50.20571899414063,,
ETOIP.02.PR.M,TGO,2023,50.24959182739258,,
ETOIP.02.PR.M,TGO,2024,50.24274063110352,,
ETOIP.02.PU,TGO,1999,46.85525894165039,,
ETOIP.02.PU,TGO,2000,47.78414154052734,,
ETOIP.02.PU,TGO,2001,38.44906997680664,,
ETOIP.02.PU,TGO,2002,38.79610061645508,,
ETOIP.02.PU,TGO,2003,41.36067962646484,,
ETOIP.02.PU,TGO,2007,44.86457824707031,,
ETOIP.02.PU,TGO,2008,44.93281936645508,,
ETOIP.02.PU,TGO,2009,53.02627944946289,,
ETOIP.02.PU,TGO,2010,66.57029724121094,,
ETOIP.02.PU,TGO,2011,65.59687805175781,,
ETOIP.02.PU,TGO,2012,70.06574249267578,,
ETOIP.02.PU,TGO,2013,62.33732986450195,,
ETOIP.02.PU,TGO,2014,63.68286895751953,,
ETOIP.02.PU,TGO,2015,68.35932159423828,,
ETOIP.02.PU,TGO,2017,67.1563720703125,,
ETOIP.02.PU,TGO,2018,68.85301971435547,,
ETOIP.02.PU,TGO,2019,69.06430816650391,,
ETOIP.02.PU,TGO,2020,66.79759216308594,,
ETOIP.02.PU,TGO,2021,68.61876678466797,,
ETOIP.02.PU,TGO,2022,72.41689300537109,,
ETOIP.02.PU,TGO,2023,72.58718109130859,,
ETOIP.02.PU,TGO,2024,73.84722900390625,,
ETOIP.02.PU.F,TGO,1999,50.14239883422852,,
ETOIP.02.PU.F,TGO,2000,51.29798126220703,,
ETOIP.02.PU.F,TGO,2001,51.35202026367188,,
ETOIP.02.PU.F,TGO,2002,52.23785018920898,,
ETOIP.02.PU.F,TGO,2003,50.7287483215332,,
ETOIP.02.PU.F,TGO,2007,50.32110977172852,,
ETOIP.02.PU.F,TGO,2008,51.3626708984375,,
ETOIP.02.PU.F,TGO,2009,51.17816925048828,,
ETOIP.02.PU.F,TGO,2010,50.84056854248047,,
ETOIP.02.PU.F,TGO,2011,50.87810897827148,,
ETOIP.02.PU.F,TGO,2012,51.12417984008789,,
ETOIP.02.PU.F,TGO,2013,51.32878875732422,,
ETOIP.02.PU.F,TGO,2014,51.03084945678711,,
ETOIP.02.PU.F,TGO,2015,50.80257034301758,,
ETOIP.02.PU.F,TGO,2017,51.06792068481445,,
ETOIP.02.PU.F,TGO,2018,51.03002166748047,,
ETOIP.02.PU.F,TGO,2019,51.08956909179688,,
ETOIP.02.PU.F,TGO,2020,51.30044174194336,,
ETOIP.02.PU.F,TGO,2021,51.37009048461914,,
ETOIP.02.PU.F,TGO,2022,51.4509391784668,,
ETOIP.02.PU.F,TGO,2023,50.67586898803711,,
ETOIP.02.PU.F,TGO,2024,50.90893936157227,,
ETOIP.02.PU.GPIA,TGO,1999,1.005679965019226,,
ETOIP.02.PU.GPIA,TGO,2000,1.050609946250916,,
ETOIP.02.PU.GPIA,TGO,2001,1.05265998840332,,
ETOIP.02.PU.GPIA,TGO,2002,1.08568000793457,,
ETOIP.02.PU.GPIA,TGO,2003,1.028730034828186,,
ETOIP.02.PU.GPIA,TGO,2007,1.012760043144226,,
ETOIP.02.PU.GPIA,TGO,2008,1.053060054779053,,
ETOIP.02.PU.GPIA,TGO,2009,1.046040058135986,,
ETOIP.02.PU.GPIA,TGO,2010,1.033069968223572,,
ETOIP.02.PU.GPIA,TGO,2011,1.034520030021667,,
ETOIP.02.PU.GPIA,TGO,2012,1.043980002403259,,
ETOIP.02.PU.GPIA,TGO,2013,1.051779985427856,,
ETOIP.02.PU.GPIA,TGO,2014,1.04040002822876,,
ETOIP.02.PU.GPIA,TGO,2015,1.031599998474121,,
ETOIP.02.PU.GPIA,TGO,2017,1.041820049285889,,
ETOIP.02.PU.GPIA,TGO,2018,1.040369987487793,,
ETOIP.02.PU.GPIA,TGO,2019,1.042649984359741,,
ETOIP.02.PU.GPIA,TGO,2020,1.050699949264526,,
ETOIP.02.PU.GPIA,TGO,2021,1.053339958190918,,
ETOIP.02.PU.GPIA,TGO,2022,1.056399941444397,,
ETOIP.02.PU.GPIA,TGO,2023,1.026669979095459,,
ETOIP.02.PU.GPIA,TGO,2024,1.035709977149963,,
ETOIP.02.PU.M,TGO,1999,49.85760116577148,,
ETOIP.02.PU.M,TGO,2000,48.70201873779297,,
ETOIP.02.PU.M,TGO,2001,48.64797973632813,,
ETOIP.02.PU.M,TGO,2002,47.76214981079102,,
ETOIP.02.PU.M,TGO,2003,49.2712516784668,,
ETOIP.02.PU.M,TGO,2007,49.67889022827148,,
ETOIP.02.PU.M,TGO,2008,48.6373291015625,,
ETOIP.02.PU.M,TGO,2009,48.82183074951172,,
ETOIP.02.PU.M,TGO,2010,49.15943145751953,,
ETOIP.02.PU.M,TGO,2011,49.12189102172852,,
ETOIP.02.PU.M,TGO,2012,48.87582015991211,,
ETOIP.02.PU.M,TGO,2013,48.67121124267578,,
ETOIP.02.PU.M,TGO,2014,48.96915054321289,,
ETOIP.02.PU.M,TGO,2015,49.19742965698242,,
ETOIP.02.PU.M,TGO,2017,48.93207931518555,,
ETOIP.02.PU.M,TGO,2018,48.96997833251953,,
ETOIP.02.PU.M,TGO,2019,48.91043090820313,,
ETOIP.02.PU.M,TGO,2020,48.69955825805664,,
ETOIP.02.PU.M,TGO,2021,48.62990951538086,,
ETOIP.02.PU.M,TGO,2022,48.5490608215332,,
ETOIP.02.PU.M,TGO,2023,49.32413101196289,,
ETOIP.02.PU.M,TGO,2024,49.09106063842773,,
ETOIP.1.PR,TGO,1971,33.90560150146484,,
ETOIP.1.PR,TGO,1972,33.38013076782227,,
ETOIP.1.PR,TGO,1973,33.55271911621094,,
ETOIP.1.PR,TGO,1974,31.98428916931152,,
ETOIP.1.PR,TGO,1975,30.00671005249023,,
ETOIP.1.PR,TGO,1976,28.57521057128906,,
ETOIP.1.PR,TGO,1981,24.14698028564453,,
ETOIP.1.PR,TGO,1982,23.65459060668945,,
ETOIP.1.PR,TGO,1983,23.01571083068848,,
ETOIP.1.PR,TGO,1984,22.66953086853027,,
ETOIP.1.PR,TGO,1985,22.40422058105469,,
ETOIP.1.PR,TGO,1986,23.36742973327637,,
ETOIP.1.PR,TGO,1987,23.25477981567383,,
ETOIP.1.PR,TGO,1988,23.48987007141113,,
ETOIP.1.PR,TGO,1989,23.78623962402344,,
ETOIP.1.PR,TGO,1990,23.81360054016113,,
ETOIP.1.PR,TGO,1991,24.94351005554199,,
ETOIP.1.PR,TGO,1992,24.5986499786377,,
ETOIP.1.PR,TGO,1994,23.82896041870117,,
ETOIP.1.PR,TGO,1995,24.87426948547363,,
ETOIP.1.PR,TGO,1996,29.01230049133301,,
ETOIP.1.PR,TGO,1999,35.56367874145508,,
ETOIP.1.PR,TGO,2000,36.92065048217773,,
ETOIP.1.PR,TGO,2001,39.71366119384766,,
ETOIP.1.PR,TGO,2002,40.8667106628418,,
ETOIP.1.PR,TGO,2003,40.72003936767578,,
ETOIP.1.PR,TGO,2004,40.17765045166016,,
ETOIP.1.PR,TGO,2005,41.73884963989258,,
ETOIP.1.PR,TGO,2006,42.76652145385742,,
ETOIP.1.PR,TGO,2007,42.23725891113281,,
ETOIP.1.PR,TGO,2008,42.91349029541016,,
ETOIP.1.PR,TGO,2010,33.73403930664063,,
ETOIP.1.PR,TGO,2011,30.32385063171387,,
ETOIP.1.PR,TGO,2012,28.29606056213379,,
ETOIP.1.PR,TGO,2013,28.37138938903809,,
ETOIP.1.PR,TGO,2014,27.42802047729492,,
ETOIP.1.PR,TGO,2016,29.16604042053223,,
ETOIP.1.PR,TGO,2017,30.17082977294922,,
ETOIP.1.PR,TGO,2018,30.85876083374023,,
ETOIP.1.PR,TGO,2019,32.26298904418945,,
ETOIP.1.PR,TGO,2020,33.14759826660156,,
ETOIP.1.PR,TGO,2021,33.001220703125,,
ETOIP.1.PR,TGO,2022,33.13418960571289,,
ETOIP.1.PR,TGO,2023,33.7918586730957,,
ETOIP.1.PR,TGO,2024,32.49856948852539,,
ETOIP.1.PR.F,TGO,1999,43.78768157958984,,
ETOIP.1.PR.F,TGO,2000,44.31813049316406,,
ETOIP.1.PR.F,TGO,2001,44.28470993041992,,
ETOIP.1.PR.F,TGO,2002,44.53572845458984,,
ETOIP.1.PR.F,TGO,2003,45.0330696105957,,
ETOIP.1.PR.F,TGO,2004,45.31069946289063,,
ETOIP.1.PR.F,TGO,2005,45.51409149169922,,
ETOIP.1.PR.F,TGO,2006,45.76668930053711,,
ETOIP.1.PR.F,TGO,2007,45.90489959716797,,
ETOIP.1.PR.F,TGO,2008,46.22286987304688,,
ETOIP.1.PR.F,TGO,2010,47.71334075927734,,
ETOIP.1.PR.F,TGO,2011,48.49803161621094,,
ETOIP.1.PR.F,TGO,2012,49.31608963012695,,
ETOIP.1.PR.F,TGO,2013,49.52796173095703,,
ETOIP.1.PR.F,TGO,2014,49.72460174560547,,
ETOIP.1.PR.F,TGO,2016,49.73833084106445,,
ETOIP.1.PR.F,TGO,2017,49.61346817016602,,
ETOIP.1.PR.F,TGO,2018,49.66168975830078,,
ETOIP.1.PR.F,TGO,2019,49.71036911010742,,
ETOIP.1.PR.F,TGO,2020,49.65243911743164,,
ETOIP.1.PR.F,TGO,2021,49.44504165649414,,
ETOIP.1.PR.F,TGO,2022,49.56158828735352,,
ETOIP.1.PR.F,TGO,2023,49.5135612487793,,
ETOIP.1.PR.F,TGO,2024,49.53860855102539,,
ETOIP.1.PR.GPIA,TGO,1999,.7789700031280518,,
ETOIP.1.PR.GPIA,TGO,2000,.7959200143814087,,
ETOIP.1.PR.GPIA,TGO,2001,.7948399782180786,,
ETOIP.1.PR.GPIA,TGO,2002,.8029599785804749,,
ETOIP.1.PR.GPIA,TGO,2003,.8192800283432007,,
ETOIP.1.PR.GPIA,TGO,2004,.8285099864006042,,
ETOIP.1.PR.GPIA,TGO,2005,.8353400230407715,,
ETOIP.1.PR.GPIA,TGO,2006,.8438900113105774,,
ETOIP.1.PR.GPIA,TGO,2007,.8485999703407288,,
ETOIP.1.PR.GPIA,TGO,2008,.859529972076416,,
ETOIP.1.PR.GPIA,TGO,2010,.9125300049781799,,
ETOIP.1.PR.GPIA,TGO,2011,.9416700005531311,,
ETOIP.1.PR.GPIA,TGO,2012,.9730100035667419,,
ETOIP.1.PR.GPIA,TGO,2013,.9812899827957153,,
ETOIP.1.PR.GPIA,TGO,2014,.9890400171279907,,
ETOIP.1.PR.GPIA,TGO,2016,.9895899891853333,,
ETOIP.1.PR.GPIA,TGO,2017,.9846600294113159,,
ETOIP.1.PR.GPIA,TGO,2018,.9865599870681763,,
ETOIP.1.PR.GPIA,TGO,2019,.9884799718856812,,
ETOIP.1.PR.GPIA,TGO,2020,.9861900210380554,,
ETOIP.1.PR.GPIA,TGO,2021,.9780499935150146,,
ETOIP.1.PR.GPIA,TGO,2022,.9826200008392334,,
ETOIP.1.PR.GPIA,TGO,2023,.9807299971580505,,
ETOIP.1.PR.GPIA,TGO,2024,.9817100167274475,,
ETOIP.1.PR.M,TGO,1999,56.21231842041016,,
ETOIP.1.PR.M,TGO,2000,55.68186950683594,,
ETOIP.1.PR.M,TGO,2001,55.71529006958008,,
ETOIP.1.PR.M,TGO,2002,55.46427154541016,,
ETOIP.1.PR.M,TGO,2003,54.9669303894043,,
ETOIP.1.PR.M,TGO,2004,54.68930053710938,,
ETOIP.1.PR.M,TGO,2005,54.48590850830078,,
ETOIP.1.PR.M,TGO,2006,54.23331069946289,,
ETOIP.1.PR.M,TGO,2007,54.09510040283203,,
ETOIP.1.PR.M,TGO,2008,53.77713012695313,,
ETOIP.1.PR.M,TGO,2010,52.28665924072266,,
ETOIP.1.PR.M,TGO,2011,51.50196838378906,,
ETOIP.1.PR.M,TGO,2012,50.68391036987305,,
ETOIP.1.PR.M,TGO,2013,50.47203826904297,,
ETOIP.1.PR.M,TGO,2014,50.27539825439453,,
ETOIP.1.PR.M,TGO,2016,50.26166915893555,,
ETOIP.1.PR.M,TGO,2017,50.38653182983398,,
ETOIP.1.PR.M,TGO,2018,50.33831024169922,,
ETOIP.1.PR.M,TGO,2019,50.28963088989258,,
ETOIP.1.PR.M,TGO,2020,50.34756088256836,,
ETOIP.1.PR.M,TGO,2021,50.55495834350586,,
ETOIP.1.PR.M,TGO,2022,50.43841171264648,,
ETOIP.1.PR.M,TGO,2023,50.4864387512207,,
ETOIP.1.PR.M,TGO,2024,50.46139144897461,,
ETOIP.1.PU,TGO,1999,64.43631744384766,,
ETOIP.1.PU,TGO,2000,63.07934951782227,,
ETOIP.1.PU,TGO,2001,60.28633880615234,,
ETOIP.1.PU,TGO,2002,59.1332893371582,,
ETOIP.1.PU,TGO,2003,59.27996063232422,,
ETOIP.1.PU,TGO,2004,59.82234954833984,,
ETOIP.1.PU,TGO,2005,58.26115036010742,,
ETOIP.1.PU,TGO,2006,57.23347854614258,,
ETOIP.1.PU,TGO,2007,57.76274108886719,,
ETOIP.1.PU,TGO,2008,57.08650970458984,,
ETOIP.1.PU,TGO,2010,66.26596069335938,,
ETOIP.1.PU,TGO,2011,69.6761474609375,,
ETOIP.1.PU,TGO,2012,71.70394134521484,,
ETOIP.1.PU,TGO,2013,71.62860870361328,,
ETOIP.1.PU,TGO,2014,72.57198333740234,,
ETOIP.1.PU,TGO,2016,70.83396148681641,,
ETOIP.1.PU,TGO,2017,69.82917022705078,,
ETOIP.1.PU,TGO,2018,69.14124298095703,,
ETOIP.1.PU,TGO,2019,67.73700714111328,,
ETOIP.1.PU,TGO,2020,66.85240173339844,,
ETOIP.1.PU,TGO,2021,66.998779296875,,
ETOIP.1.PU,TGO,2022,66.86580657958984,,
ETOIP.1.PU,TGO,2023,66.20813751220703,,
ETOIP.1.PU,TGO,2024,67.50142669677734,,
ETOIP.1.PU.F,TGO,1999,42.68289947509766,,
ETOIP.1.PU.F,TGO,2000,43.52853012084961,,
ETOIP.1.PU.F,TGO,2001,44.28171157836914,,
ETOIP.1.PU.F,TGO,2002,45.14123153686523,,
ETOIP.1.PU.F,TGO,2003,45.38637924194336,,
ETOIP.1.PU.F,TGO,2004,45.83082962036133,,
ETOIP.1.PU.F,TGO,2005,46.24990844726563,,
ETOIP.1.PU.F,TGO,2006,46.61449813842773,,
ETOIP.1.PU.F,TGO,2007,46.75605010986328,,
ETOIP.1.PU.F,TGO,2008,47.1136589050293,,
ETOIP.1.PU.F,TGO,2010,47.18529891967773,,
ETOIP.1.PU.F,TGO,2011,47.16468811035156,,
ETOIP.1.PU.F,TGO,2012,47.37223052978516,,
ETOIP.1.PU.F,TGO,2013,47.72198867797852,,
ETOIP.1.PU.F,TGO,2014,47.90214157104492,,
ETOIP.1.PU.F,TGO,2016,48.18161010742188,,
ETOIP.1.PU.F,TGO,2017,48.29375839233398,,
ETOIP.1.PU.F,TGO,2018,48.64395904541016,,
ETOIP.1.PU.F,TGO,2019,48.66070175170898,,
ETOIP.1.PU.F,TGO,2020,48.85311889648438,,
ETOIP.1.PU.F,TGO,2021,48.71781158447266,,
ETOIP.1.PU.F,TGO,2022,48.76269149780273,,
ETOIP.1.PU.F,TGO,2023,48.72932815551758,,
ETOIP.1.PU.F,TGO,2024,48.75088119506836,,
ETOIP.1.PU.GPIA,TGO,1999,.7446799874305725,,
ETOIP.1.PU.GPIA,TGO,2000,.7708100080490112,,
ETOIP.1.PU.GPIA,TGO,2001,.7947400212287903,,
ETOIP.1.PU.GPIA,TGO,2002,.8228600025177002,,
ETOIP.1.PU.GPIA,TGO,2003,.8310499787330627,,
ETOIP.1.PU.GPIA,TGO,2004,.8460699915885925,,
ETOIP.1.PU.GPIA,TGO,2005,.8604599833488464,,
ETOIP.1.PU.GPIA,TGO,2006,.873170018196106,,
ETOIP.1.PU.GPIA,TGO,2007,.8781499862670898,,
ETOIP.1.PU.GPIA,TGO,2008,.8908500075340271,,
ETOIP.1.PU.GPIA,TGO,2010,.8934100270271301,,
ETOIP.1.PU.GPIA,TGO,2011,.8926699757575989,,
ETOIP.1.PU.GPIA,TGO,2012,.9001399874687195,,
ETOIP.1.PU.GPIA,TGO,2013,.912850022315979,,
ETOIP.1.PU.GPIA,TGO,2014,.9194599986076355,,
ETOIP.1.PU.GPIA,TGO,2016,.9298200011253357,,
ETOIP.1.PU.GPIA,TGO,2017,.9340000152587891,,
ETOIP.1.PU.GPIA,TGO,2018,.94718998670578,,
ETOIP.1.PU.GPIA,TGO,2019,.9478300213813782,,
ETOIP.1.PU.GPIA,TGO,2020,.9551500082015991,,
ETOIP.1.PU.GPIA,TGO,2021,.9499899744987488,,
ETOIP.1.PU.GPIA,TGO,2022,.95169997215271,,
ETOIP.1.PU.GPIA,TGO,2023,.9504299759864807,,
ETOIP.1.PU.GPIA,TGO,2024,.9512500166893005,,
ETOIP.1.PU.M,TGO,1999,57.31710052490234,,
ETOIP.1.PU.M,TGO,2000,56.47146987915039,,
ETOIP.1.PU.M,TGO,2001,55.71828842163086,,
ETOIP.1.PU.M,TGO,2002,54.85876846313477,,
ETOIP.1.PU.M,TGO,2003,54.61362075805664,,
ETOIP.1.PU.M,TGO,2004,54.16917037963867,,
ETOIP.1.PU.M,TGO,2005,53.75009155273438,,
ETOIP.1.PU.M,TGO,2006,53.38550186157227,,
ETOIP.1.PU.M,TGO,2007,53.24394989013672,,
ETOIP.1.PU.M,TGO,2008,52.8863410949707,,
ETOIP.1.PU.M,TGO,2010,52.81470108032227,,
ETOIP.1.PU.M,TGO,2011,52.83531188964844,,
ETOIP.1.PU.M,TGO,2012,52.62776947021484,,
ETOIP.1.PU.M,TGO,2013,52.27801132202148,,
ETOIP.1.PU.M,TGO,2014,52.09785842895508,,
ETOIP.1.PU.M,TGO,2016,51.81838989257813,,
ETOIP.1.PU.M,TGO,2017,51.70624160766602,,
ETOIP.1.PU.M,TGO,2018,51.35604095458984,,
ETOIP.1.PU.M,TGO,2019,51.33929824829102,,
ETOIP.1.PU.M,TGO,2020,51.14688110351563,,
ETOIP.1.PU.M,TGO,2021,51.28218841552734,,
ETOIP.1.PU.M,TGO,2022,51.23730850219727,,
ETOIP.1.PU.M,TGO,2023,51.27067184448242,,
ETOIP.1.PU.M,TGO,2024,51.24911880493164,,
ETOIP.2.PR,TGO,2011,21.01111030578613,,
ETOIP.2.PR,TGO,2017,25.81891059875488,,
ETOIP.2.PR,TGO,2021,29.74362945556641,,
ETOIP.2.PR,TGO,2023,29.47459030151367,,
ETOIP.2.PR.F,TGO,2017,48.60644149780273,,
ETOIP.2.PR.F,TGO,2021,49.14984130859375,,
ETOIP.2.PR.F,TGO,2023,49.16781997680664,,
ETOIP.2.PR.GPIA,TGO,2017,.9457700252532959,,
ETOIP.2.PR.GPIA,TGO,2021,.9665600061416626,,
ETOIP.2.PR.GPIA,TGO,2023,.9672600030899048,,
ETOIP.2.PR.M,TGO,2017,51.39355850219727,,
ETOIP.2.PR.M,TGO,2021,50.85015869140625,,
ETOIP.2.PR.M,TGO,2023,50.83218002319336,,
ETOIP.2.PU,TGO,2011,78.9888916015625,,
ETOIP.2.PU,TGO,2017,74.18109130859375,,
ETOIP.2.PU,TGO,2021,70.25637054443359,,
ETOIP.2.PU,TGO,2023,70.52541351318359,,
ETOIP.2.PU.F,TGO,2017,42.07960891723633,,
ETOIP.2.PU.F,TGO,2021,43.92364883422852,,
ETOIP.2.PU.F,TGO,2023,44.78203964233398,,
ETOIP.2.PU.GPIA,TGO,2017,.7265099883079529,,
ETOIP.2.PU.GPIA,TGO,2021,.7832800149917603,,
ETOIP.2.PU.GPIA,TGO,2023,.8109999895095825,,
ETOIP.2.PU.M,TGO,2017,57.92039108276367,,
ETOIP.2.PU.M,TGO,2021,56.07635116577148,,
ETOIP.2.PU.M,TGO,2023,55.21796035766602,,
ETOIP.2T3.PR,TGO,1999,17.71949005126953,,
ETOIP.2T3.PR,TGO,2005,29.19894981384277,,
ETOIP.2T3.PR,TGO,2006,31.32743072509766,,
ETOIP.2T3.PR,TGO,2011,23.27094078063965,,
ETOIP.2T3.PR,TGO,2017,27.01110076904297,,
ETOIP.2T3.PR,TGO,2021,30.85371017456055,,
ETOIP.2T3.PR,TGO,2023,30.77170944213867,,
ETOIP.2T3.PR.F,TGO,1999,37.41849136352539,,
ETOIP.2T3.PR.F,TGO,2005,41.94799041748047,,
ETOIP.2T3.PR.F,TGO,2006,42.17906188964844,,
ETOIP.2T3.PR.F,TGO,2017,48.3295783996582,,
ETOIP.2T3.PR.F,TGO,2021,49.71157836914063,,
ETOIP.2T3.PR.F,TGO,2023,50.57505035400391,,
ETOIP.2T3.PR.GPIA,TGO,1999,.5979200005531311,,
ETOIP.2T3.PR.GPIA,TGO,2005,.7225900292396545,,
ETOIP.2T3.PR.GPIA,TGO,2006,.7294800281524658,,
ETOIP.2T3.PR.GPIA,TGO,2017,.9353399872779846,,
ETOIP.2T3.PR.GPIA,TGO,2021,.9885299801826477,,
ETOIP.2T3.PR.GPIA,TGO,2023,1.022740006446838,,
ETOIP.2T3.PR.M,TGO,1999,62.58150863647461,,
ETOIP.2T3.PR.M,TGO,2005,58.05200958251953,,
ETOIP.2T3.PR.M,TGO,2006,57.82093811035156,,
ETOIP.2T3.PR.M,TGO,2017,51.6704216003418,,
ETOIP.2T3.PR.M,TGO,2021,50.28842163085938,,
ETOIP.2T3.PR.M,TGO,2023,49.42494964599609,,
ETOIP.2T3.PU,TGO,1999,82.28050994873047,,
ETOIP.2T3.PU,TGO,2005,70.80104827880859,,
ETOIP.2T3.PU,TGO,2006,68.67256927490234,,
ETOIP.2T3.PU,TGO,2011,76.72905731201172,,
ETOIP.2T3.PU,TGO,2017,72.98889923095703,,
ETOIP.2T3.PU,TGO,2021,69.14629364013672,,
ETOIP.2T3.PU,TGO,2023,69.22828674316406,,
ETOIP.2T3.PU.F,TGO,1999,26.72492980957031,,
ETOIP.2T3.PU.F,TGO,2005,31.69581985473633,,
ETOIP.2T3.PU.F,TGO,2006,32.17961883544922,,
ETOIP.2T3.PU.F,TGO,2017,39.5955696105957,,
ETOIP.2T3.PU.F,TGO,2021,42.40908813476563,,
ETOIP.2T3.PU.F,TGO,2023,44.05709075927734,,
ETOIP.2T3.PU.GPIA,TGO,1999,.3647199869155884,,
ETOIP.2T3.PU.GPIA,TGO,2005,.4640400111675262,,
ETOIP.2T3.PU.GPIA,TGO,2006,.474480003118515,,
ETOIP.2T3.PU.GPIA,TGO,2017,.6555100083351135,,
ETOIP.2T3.PU.GPIA,TGO,2021,.7363899946212769,,
ETOIP.2T3.PU.GPIA,TGO,2023,.7875400185585022,,
ETOIP.2T3.PU.M,TGO,1999,73.27507019042969,,
ETOIP.2T3.PU.M,TGO,2005,68.30417633056641,,
ETOIP.2T3.PU.M,TGO,2006,67.82038116455078,,
ETOIP.2T3.PU.M,TGO,2017,60.4044303894043,,
ETOIP.2T3.PU.M,TGO,2021,57.59091186523438,,
ETOIP.2T3.PU.M,TGO,2023,55.94290924072266,,
ETOIP.3.PR,TGO,2011,29.44849967956543,,
ETOIP.3.PR,TGO,2017,30.67758941650391,,
ETOIP.3.PR,TGO,2020,33.97819137573242,,
ETOIP.3.PR,TGO,2021,34.0058708190918,,
ETOIP.3.PR,TGO,2023,34.24530029296875,,
ETOIP.3.PR.F,TGO,2017,47.61296081542969,,
ETOIP.3.PR.F,TGO,2020,50.87223052978516,,
ETOIP.3.PR.F,TGO,2021,51.10675048828125,,
ETOIP.3.PR.F,TGO,2023,53.81853103637695,,
ETOIP.3.PR.GPIA,TGO,2017,.9088699817657471,,
ETOIP.3.PR.GPIA,TGO,2020,1.034289956092834,,
ETOIP.3.PR.GPIA,TGO,2021,1.043310046195984,,
ETOIP.3.PR.GPIA,TGO,2023,1.141899943351746,,
ETOIP.3.PR.M,TGO,2017,52.38703918457031,,
ETOIP.3.PR.M,TGO,2020,49.12776947021484,,
ETOIP.3.PR.M,TGO,2021,48.89324951171875,,
ETOIP.3.PR.M,TGO,2023,46.18146896362305,,
ETOIP.3.PU,TGO,2011,70.55149841308594,,
ETOIP.3.PU,TGO,2017,69.32241058349609,,
ETOIP.3.PU,TGO,2020,66.02181243896484,,
ETOIP.3.PU,TGO,2021,65.99413299560547,,
ETOIP.3.PU,TGO,2023,65.75469970703125,,
ETOIP.3.PU.F,TGO,2017,31.4206600189209,,
ETOIP.3.PU.F,TGO,2020,35.97909927368164,,
ETOIP.3.PU.F,TGO,2021,37.83061981201172,,
ETOIP.3.PU.F,TGO,2023,41.97489166259766,,
ETOIP.3.PU.GPIA,TGO,2017,.4581699967384338,,
ETOIP.3.PU.GPIA,TGO,2020,.5619900226593018,,
ETOIP.3.PU.GPIA,TGO,2021,.6085100173950195,,
ETOIP.3.PU.GPIA,TGO,2023,.7233899831771851,,
ETOIP.3.PU.M,TGO,2017,68.57933807373047,,
ETOIP.3.PU.M,TGO,2020,64.02089691162109,,
ETOIP.3.PU.M,TGO,2021,62.16938018798828,,
ETOIP.3.PU.M,TGO,2023,58.02510833740234,,
ETOIP.4.PR,TGO,2020,0,NIL,
ETOIP.4.PR,TGO,2021,0,NIL,
ETOIP.4.PU,TGO,1999,100,,
ETOIP.4.PU,TGO,2007,0,NIL,
ETOIP.4.PU,TGO,2020,100,,
ETOIP.4.PU,TGO,2021,100,,
ETOIP.4.PU.F,TGO,1999,15.40785026550293,,
ETOIP.4.PU.F,TGO,2020,13,,
ETOIP.4.PU.F,TGO,2021,9.917360305786133,,
ETOIP.4.PU.GPIA,TGO,1999,.1821399927139282,,
ETOIP.4.PU.GPIA,TGO,2020,.1494300067424774,,
ETOIP.4.PU.GPIA,TGO,2021,.1100900024175644,,
ETOIP.4.PU.M,TGO,1999,84.59214782714844,,
ETOIP.4.PU.M,TGO,2020,87,,
ETOIP.4.PU.M,TGO,2021,90.0826416015625,,
ETOIP.5T8.PR,TGO,2010,13.24899005889893,,
ETOIP.5T8.PR,TGO,2011,9.069219589233398,,
ETOIP.5T8.PR,TGO,2012,10.21683025360107,,
ETOIP.5T8.PR,TGO,2013,17.6616096496582,,
ETOIP.5T8.PR,TGO,2014,20.04011917114258,,
ETOIP.5T8.PR,TGO,2015,20.88479995727539,,
ETOIP.5T8.PR,TGO,2016,20.35500907897949,,
ETOIP.5T8.PR,TGO,2017,18.6535701751709,,
ETOIP.5T8.PR,TGO,2018,17.56294059753418,,
ETOIP.5T8.PR,TGO,2019,17.84855079650879,,
ETOIP.5T8.PR,TGO,2020,19.41090965270996,,
ETOIP.5T8.PR.F,TGO,2011,39.35300064086914,,
ETOIP.5T8.PR.F,TGO,2012,40.39374160766602,,
ETOIP.5T8.PR.F,TGO,2013,40.3394889831543,,
ETOIP.5T8.PR.F,TGO,2014,43.03393173217773,,
ETOIP.5T8.PR.F,TGO,2015,41.14720153808594,,
ETOIP.5T8.PR.F,TGO,2016,40.91170120239258,,
ETOIP.5T8.PR.F,TGO,2017,44.07672119140625,,
ETOIP.5T8.PR.F,TGO,2018,44.78472137451172,,
ETOIP.5T8.PR.F,TGO,2019,45.72901153564453,,
ETOIP.5T8.PR.F,TGO,2020,46.85847091674805,,
ETOIP.5T8.PR.GPIA,TGO,2011,.6488900184631348,,
ETOIP.5T8.PR.GPIA,TGO,2012,.6776800155639648,,
ETOIP.5T8.PR.GPIA,TGO,2013,.6761500239372253,,
ETOIP.5T8.PR.GPIA,TGO,2014,.7554299831390381,,
ETOIP.5T8.PR.GPIA,TGO,2015,.699150025844574,,
ETOIP.5T8.PR.GPIA,TGO,2016,.6923800110816956,,
ETOIP.5T8.PR.GPIA,TGO,2017,.7881600260734558,,
ETOIP.5T8.PR.GPIA,TGO,2018,.8110899925231934,,
ETOIP.5T8.PR.GPIA,TGO,2019,.8426100015640259,,
ETOIP.5T8.PR.GPIA,TGO,2020,.8817700147628784,,
ETOIP.5T8.PR.M,TGO,2011,60.64699935913086,,
ETOIP.5T8.PR.M,TGO,2012,59.60625839233398,,
ETOIP.5T8.PR.M,TGO,2013,59.6605110168457,,
ETOIP.5T8.PR.M,TGO,2014,56.96606826782227,,
ETOIP.5T8.PR.M,TGO,2015,58.85279846191406,,
ETOIP.5T8.PR.M,TGO,2016,59.08829879760742,,
ETOIP.5T8.PR.M,TGO,2017,55.92327880859375,,
ETOIP.5T8.PR.M,TGO,2018,55.21527862548828,,
ETOIP.5T8.PR.M,TGO,2019,54.27098846435547,,
ETOIP.5T8.PR.M,TGO,2020,53.14152908325195,,
ETOIP.5T8.PU,TGO,2010,86.75100708007813,,
ETOIP.5T8.PU,TGO,2011,90.93077850341797,,
ETOIP.5T8.PU,TGO,2012,89.78317260742188,,
ETOIP.5T8.PU,TGO,2013,82.33838653564453,,
ETOIP.5T8.PU,TGO,2014,79.95987701416016,,
ETOIP.5T8.PU,TGO,2015,79.11519622802734,,
ETOIP.5T8.PU,TGO,2016,79.64498901367188,,
ETOIP.5T8.PU,TGO,2017,81.34642791748047,,
ETOIP.5T8.PU,TGO,2018,82.43705749511719,,
ETOIP.5T8.PU,TGO,2019,82.15145111083984,,
ETOIP.5T8.PU,TGO,2020,80.58908843994141,,
ETOIP.5T8.PU.F,TGO,2010,20.51292991638184,,
ETOIP.5T8.PU.F,TGO,2011,24.16856002807617,,
ETOIP.5T8.PU.F,TGO,2012,24.16028022766113,,
ETOIP.5T8.PU.F,TGO,2013,25.42659950256348,,
ETOIP.5T8.PU.F,TGO,2014,26.0506706237793,,
ETOIP.5T8.PU.F,TGO,2015,26.82072067260742,,
ETOIP.5T8.PU.F,TGO,2016,28.07674980163574,,
ETOIP.5T8.PU.F,TGO,2017,28.4515209197998,,
ETOIP.5T8.PU.F,TGO,2018,30.41348075866699,,
ETOIP.5T8.PU.F,TGO,2019,31.69488906860352,,
ETOIP.5T8.PU.F,TGO,2020,33.11565017700195,,
ETOIP.5T8.PU.GPIA,TGO,2010,.2580699920654297,,
ETOIP.5T8.PU.GPIA,TGO,2011,.3187099993228912,,
ETOIP.5T8.PU.GPIA,TGO,2012,.3185699880123138,,
ETOIP.5T8.PU.GPIA,TGO,2013,.3409599959850311,,
ETOIP.5T8.PU.GPIA,TGO,2014,.3522799909114838,,
ETOIP.5T8.PU.GPIA,TGO,2015,.3665100038051605,,
ETOIP.5T8.PU.GPIA,TGO,2016,.3903700113296509,,
ETOIP.5T8.PU.GPIA,TGO,2017,.3976500034332275,,
ETOIP.5T8.PU.GPIA,TGO,2018,.4370599985122681,,
ETOIP.5T8.PU.GPIA,TGO,2019,.4640200138092041,,
ETOIP.5T8.PU.GPIA,TGO,2020,.4951199889183044,,
ETOIP.5T8.PU.M,TGO,2010,79.48706817626953,,
ETOIP.5T8.PU.M,TGO,2011,75.83144378662109,,
ETOIP.5T8.PU.M,TGO,2012,75.8397216796875,,
ETOIP.5T8.PU.M,TGO,2013,74.57340240478516,,
ETOIP.5T8.PU.M,TGO,2014,73.94933319091797,,
ETOIP.5T8.PU.M,TGO,2015,73.17928314208984,,
ETOIP.5T8.PU.M,TGO,2016,71.92324829101563,,
ETOIP.5T8.PU.M,TGO,2017,71.54847717285156,,
ETOIP.5T8.PU.M,TGO,2018,69.58651733398438,,
ETOIP.5T8.PU.M,TGO,2019,68.30510711669922,,
ETOIP.5T8.PU.M,TGO,2020,66.88435363769531,,
FTP.0,TGO,1999,97.34982299804688,,
FTP.0,TGO,2000,97.31182861328125,,
FTP.0,TGO,2001,93.0340576171875,,
FTP.0,TGO,2002,90.88397979736328,,
FTP.0,TGO,2003,91.18496704101563,,
FTP.0,TGO,2004,91.42091369628906,,UIS_EST
FTP.0,TGO,2006,91.56770324707031,,UIS_EST
FTP.0,TGO,2007,91.64785766601563,,
FTP.0,TGO,2008,87.7802734375,,
FTP.0,TGO,2009,95.51872253417969,,
FTP.0,TGO,2010,78.85784149169922,,
FTP.0,TGO,2011,94.072021484375,,
FTP.0,TGO,2012,93.61386108398438,,
FTP.0,TGO,2013,91.86910247802734,,
FTP.0,TGO,2014,94.42897033691406,,
FTP.0,TGO,2015,95.06929779052734,,
FTP.0,TGO,2016,93.81163787841797,,
FTP.0,TGO,2017,93.710693359375,,
FTP.0,TGO,2018,92.98886108398438,,
FTP.0,TGO,2019,91.35529327392578,,
FTP.0,TGO,2020,92.03737640380859,,
FTP.0,TGO,2021,92.02507781982422,,
FTP.0,TGO,2022,91.82260894775391,,
FTP.0,TGO,2023,91.44222259521484,,
FTP.0,TGO,2024,92.06201934814453,,
FTP.0.QUALIFIED,TGO,2015,92.84368896484375,,
FTP.0.QUALIFIED,TGO,2018,88.78021240234375,,
FTP.0.QUALIFIED,TGO,2019,84.72164154052734,,
FTP.0.QUALIFIED,TGO,2020,86.74739074707031,,
FTP.0.QUALIFIED,TGO,2021,86.82563018798828,,
FTP.0.QUALIFIED,TGO,2022,87.07022857666016,,
FTP.0.QUALIFIED,TGO,2023,85.03501892089844,,
FTP.0.QUALIFIED,TGO,2024,88.284912109375,,
FTP.0.TRAINED,TGO,2000,99.05660247802734,,
FTP.0.TRAINED,TGO,2001,95.95142364501953,,
FTP.0.TRAINED,TGO,2002,94.60431671142578,,
FTP.0.TRAINED,TGO,2003,91.16465759277344,,
FTP.0.TRAINED,TGO,2010,83.54725646972656,,
FTP.0.TRAINED,TGO,2011,95.36081695556641,,
FTP.0.TRAINED,TGO,2012,92.10266876220703,,
FTP.0.TRAINED,TGO,2015,94.91310119628906,,
FTP.0.TRAINED,TGO,2018,93.00316619873047,,
FTP.0.TRAINED,TGO,2019,90.88397979736328,,
FTP.0.TRAINED,TGO,2020,91.47588348388672,,
FTP.0.TRAINED,TGO,2021,91.52542114257813,,
FTP.0.TRAINED,TGO,2022,91.61676788330078,,
FTP.0.TRAINED,TGO,2023,90.50482940673828,,
FTP.0.TRAINED,TGO,2024,91.11860656738281,,
FTP.02,TGO,1971,63.81578826904297,,
FTP.02,TGO,1972,78.68852233886719,,
FTP.02,TGO,1973,80.46875,,
FTP.02,TGO,1974,78.98551177978516,,
FTP.02,TGO,1975,80.59700775146484,,
FTP.02,TGO,1976,89.47367858886719,,
FTP.02,TGO,1977,93.75,,
FTP.02,TGO,1978,97.91667175292969,,
FTP.02,TGO,1979,97.07601928710938,,
FTP.02,TGO,1980,99.40119934082031,,
FTP.02,TGO,1981,100,,
FTP.02,TGO,1982,99.62264251708984,,
FTP.02,TGO,1983,99.08815002441406,,
FTP.02,TGO,1984,98.250732421875,,
FTP.02,TGO,1985,100,,
FTP.02,TGO,1986,100,,
FTP.02,TGO,1987,100,,
FTP.02,TGO,1988,100,,
FTP.02,TGO,1989,100,,
FTP.02,TGO,1990,99.73403930664063,,
FTP.02,TGO,1991,100,,
FTP.02,TGO,1994,100,,
FTP.02,TGO,1995,99.49366760253906,,
FTP.02,TGO,1996,98.87892150878906,,
FTP.02,TGO,1997,97.44136047363281,,
FTP.02,TGO,1998,100,,
FTP.02,TGO,1999,97.34982299804688,,
FTP.02,TGO,2000,97.31182861328125,,
FTP.02,TGO,2001,93.0340576171875,,
FTP.02,TGO,2002,90.88397979736328,,
FTP.02,TGO,2003,91.18496704101563,,
FTP.02,TGO,2004,91.42091369628906,,UIS_EST
FTP.02,TGO,2006,91.56770324707031,,UIS_EST
FTP.02,TGO,2007,91.64785766601563,,
FTP.02,TGO,2008,87.7802734375,,
FTP.02,TGO,2009,95.51872253417969,,
FTP.02,TGO,2010,78.85783718104496,,
FTP.02,TGO,2011,94.07202216066483,,
FTP.02,TGO,2012,93.61386138613862,,
FTP.02,TGO,2013,91.86909581646424,,
FTP.02,TGO,2014,94.42896935933148,,
FTP.02,TGO,2015,95.06929637526652,,
FTP.02,TGO,2016,93.81163708086785,,
FTP.02,TGO,2017,93.71069182389937,,
FTP.02,TGO,2018,92.9888625159759,,
FTP.02,TGO,2019,91.35528815706144,,
FTP.02,TGO,2020,92.03737825743616,,
FTP.02,TGO,2021,92.02507836990596,,
FTP.02,TGO,2022,91.82260958728531,,
FTP.02,TGO,2023,91.44222415291051,,
FTP.02,TGO,2024,92.06201550387597,,
FTP.02.QUALIFIED,TGO,2015,92.84368896484375,,
FTP.02.QUALIFIED,TGO,2018,88.78021240234375,,
FTP.02.QUALIFIED,TGO,2019,84.72164154052734,,
FTP.02.QUALIFIED,TGO,2020,86.74739074707031,,
FTP.02.QUALIFIED,TGO,2021,86.82563018798828,,
FTP.02.QUALIFIED,TGO,2022,87.07022857666016,,
FTP.02.QUALIFIED,TGO,2023,85.03501892089844,,
FTP.02.QUALIFIED,TGO,2024,88.284912109375,,
FTP.02.TRAINED,TGO,2000,99.05660247802734,,
FTP.02.TRAINED,TGO,2001,95.95142364501953,,
FTP.02.TRAINED,TGO,2002,94.60431671142578,,
FTP.02.TRAINED,TGO,2003,91.16465759277344,,
FTP.02.TRAINED,TGO,2010,83.54725646972656,,
FTP.02.TRAINED,TGO,2011,95.36081695556641,,
FTP.02.TRAINED,TGO,2012,92.10266876220703,,
FTP.02.TRAINED,TGO,2015,94.91310119628906,,
FTP.02.TRAINED,TGO,2018,93.00316619873047,,
FTP.02.TRAINED,TGO,2019,90.88397979736328,,
FTP.02.TRAINED,TGO,2020,91.47588348388672,,
FTP.02.TRAINED,TGO,2021,91.52542114257813,,
FTP.02.TRAINED,TGO,2022,91.61676788330078,,
FTP.02.TRAINED,TGO,2023,90.50482940673828,,
FTP.02.TRAINED,TGO,2024,91.11860656738281,,
FTP.1,TGO,1971,19.39114952087402,,
FTP.1,TGO,1972,19.94849014282227,,
FTP.1,TGO,1973,19.93444061279297,,
FTP.1,TGO,1974,20.14127922058105,,
FTP.1,TGO,1975,20.0284309387207,,
FTP.1,TGO,1976,20.1315803527832,,
FTP.1,TGO,1977,19.62315940856934,,
FTP.1,TGO,1978,20.8523006439209,,
FTP.1,TGO,1979,21.87803077697754,,
FTP.1,TGO,1980,22.11882972717285,,
FTP.1,TGO,1981,21.43244934082031,,
FTP.1,TGO,1982,21.24961090087891,,
FTP.1,TGO,1983,20.87331008911133,,
FTP.1,TGO,1984,21.12371063232422,,
FTP.1,TGO,1985,20.28362083435059,,
FTP.1,TGO,1986,19.98208999633789,,
FTP.1,TGO,1987,20.23012924194336,,
FTP.1,TGO,1988,20.81823921203613,,
FTP.1,TGO,1989,20.16114044189453,,
FTP.1,TGO,1990,19.48040008544922,,
FTP.1,TGO,1991,18.77532958984375,,
FTP.1,TGO,1992,14.57478046417236,,
FTP.1,TGO,1994,16.07271957397461,,
FTP.1,TGO,1995,16.01641082763672,,
FTP.1,TGO,1996,14.48480033874512,,
FTP.1,TGO,1997,14.14620971679688,,
FTP.1,TGO,1998,12.12075042724609,,
FTP.1,TGO,1999,13.45911979675293,,
FTP.1,TGO,2000,13.21240997314453,,
FTP.1,TGO,2001,12.47684001922607,,
FTP.1,TGO,2002,12.27223968505859,,
FTP.1,TGO,2003,12.09642028808594,,
FTP.1,TGO,2004,11.85807991027832,,
FTP.1,TGO,2005,11.56801986694336,,
FTP.1,TGO,2006,12.17012023925781,,
FTP.1,TGO,2007,12.08673000335693,,
FTP.1,TGO,2008,12.20925998687744,,
FTP.1,TGO,2009,12.82989025115967,,
FTP.1,TGO,2010,13.78973259334006,,
FTP.1,TGO,2011,13.5777966795829,,
FTP.1,TGO,2012,13.87966488956588,,
FTP.1,TGO,2013,14.66472727272727,,
FTP.1,TGO,2014,16.03015660476218,,
FTP.1,TGO,2015,15.83311203564368,,
FTP.1,TGO,2016,16.17395148367132,,
FTP.1,TGO,2017,16.39594576806634,,
FTP.1,TGO,2018,16.5595355347053,,
FTP.1,TGO,2019,17.03588834736376,,
FTP.1,TGO,2020,17.44992203430491,,
FTP.1,TGO,2021,18.25798816568047,,
FTP.1,TGO,2022,19.09462219196732,,
FTP.1,TGO,2023,21.08697895171276,,
FTP.1,TGO,2024,22.41280887269959,,
FTP.1.QUALIFIED,TGO,2015,16.90677070617676,,
FTP.1.QUALIFIED,TGO,2019,18.02141952514648,,
FTP.1.QUALIFIED,TGO,2020,18.40221977233887,,
FTP.1.QUALIFIED,TGO,2021,19.70322036743164,,
FTP.1.QUALIFIED,TGO,2022,20.74790000915527,,
FTP.1.QUALIFIED,TGO,2023,23.13780975341797,,
FTP.1.QUALIFIED,TGO,2024,24.80513954162598,,
FTP.1.TRAINED,TGO,1999,19.84148979187012,,
FTP.1.TRAINED,TGO,2010,13.33250999450684,,
FTP.1.TRAINED,TGO,2011,12.91326999664307,,
FTP.1.TRAINED,TGO,2012,13.25197982788086,,
FTP.1.TRAINED,TGO,2013,13.33944988250732,,
FTP.1.TRAINED,TGO,2015,15.09737968444824,,
FTP.1.TRAINED,TGO,2019,15.152099609375,,
FTP.1.TRAINED,TGO,2020,15.52134037017822,,
FTP.1.TRAINED,TGO,2021,15.92605018615723,,
FTP.1.TRAINED,TGO,2022,16.73424911499023,,
FTP.1.TRAINED,TGO,2023,18.05743026733398,,
FTP.1.TRAINED,TGO,2024,19.26186943054199,,
FTP.2,TGO,1995,11.10188007354736,,
FTP.2,TGO,1999,11.40073013305664,,
FTP.2,TGO,2021,7.208405983298155,,
FTP.2.QUALIFIED,TGO,2021,8.347729682922363,,
FTP.2.TRAINED,TGO,2021,8.376709938049316,,
FTP.2T3,TGO,1971,24.77272987365723,,
FTP.2T3,TGO,1972,20.16048049926758,,UIS_EST
FTP.2T3,TGO,1973,20.53653907775879,,UIS_EST
FTP.2T3,TGO,1974,18.33045959472656,,UIS_EST
FTP.2T3,TGO,1975,17.82772064208984,,UIS_EST
FTP.2T3,TGO,1976,16.40147018432617,,UIS_EST
FTP.2T3,TGO,1977,13.18834018707275,,
FTP.2T3,TGO,1978,12.24232006072998,,
FTP.2T3,TGO,1979,12.73268985748291,,
FTP.2T3,TGO,1980,13.61516952514648,,UIS_EST
FTP.2T3,TGO,1982,12.66497039794922,,UIS_EST
FTP.2T3,TGO,1983,13.40694046020508,,UIS_EST
FTP.2T3,TGO,1984,12.60879039764404,,UIS_EST
FTP.2T3,TGO,1986,12.84762001037598,,
FTP.2T3,TGO,1987,12.13833999633789,,
FTP.2T3,TGO,1988,11.93416023254395,,
FTP.2T3,TGO,1989,11.84716033935547,,
FTP.2T3,TGO,1990,11.9261999130249,,
FTP.2T3,TGO,1991,11.77649021148682,,
FTP.2T3,TGO,1995,11.40911960601807,,
FTP.2T3,TGO,1999,13.13115978240967,,
FTP.2T3,TGO,2000,10.88626003265381,,UIS_EST
FTP.2T3,TGO,2003,6.896220207214355,,UIS_EST
FTP.2T3,TGO,2004,6.927189826965332,,
FTP.2T3,TGO,2005,6.561580181121826,,
FTP.2T3,TGO,2006,6.198609828948975,,
FTP.2T3,TGO,2007,6.754640102386475,,UIS_EST
FTP.2T3,TGO,2020,6.696399291663933,,
FTP.2T3,TGO,2021,7.097930783020874,,
FTP.2T3,TGO,2023,45.4261187072716,,
FTP.2T3.QUALIFIED,TGO,2021,7.206850051879883,,
FTP.2T3.TRAINED,TGO,2021,8.068779945373535,,
FTP.2T3.V,TGO,1999,29.99097061157227,,
FTP.2T3.V,TGO,2000,30,,UIS_EST
FTP.2T3.V,TGO,2003,6.679890155792236,,UIS_EST
FTP.2T3.V,TGO,2004,6.702410221099854,,
FTP.2T3.V,TGO,2005,5.198780059814453,,
FTP.2T3.V,TGO,2006,5.268879890441895,,
FTP.2T3.V,TGO,2007,5.270659923553467,,UIS_EST
FTP.2T3.V,TGO,2020,6.489019870758057,,
FTP.2T3.V,TGO,2021,7.519760131835938,,
FTP.2T3.V,TGO,2023,7.212940216064453,,
FTP.3,TGO,1995,12.30768966674805,,
FTP.3,TGO,1999,15.98394012451172,,
FTP.3,TGO,2021,6.881352882972025,,
FTP.3.QUALIFIED,TGO,2018,6.3921799659729,,
FTP.3.QUALIFIED,TGO,2021,5.743070125579834,,
FTP.3.TRAINED,TGO,2018,7.505360126495361,,
FTP.3.TRAINED,TGO,2021,7.242609977722168,,
FTP.4,TGO,2021,0,NIL,
FTP.4.QUALIFIED,TGO,2021,0,NIL,
FTP.5T8,TGO,1972,20.43011093139648,,
FTP.5T8,TGO,1973,13.10344982147217,,
FTP.5T8,TGO,1974,8.974360466003418,,
FTP.5T8,TGO,1975,18.81719970703125,,
FTP.5T8,TGO,1978,8.071749687194824,,
FTP.5T8,TGO,1979,8.370039939880371,,
FTP.5T8,TGO,1980,10.30928039550781,,
FTP.5T8,TGO,1981,12.45790958404541,,
FTP.5T8,TGO,1982,16.71553993225098,,
FTP.5T8,TGO,1991,9.595959663391113,,
FTP.5T8,TGO,1992,9.595959663391113,,
FTP.5T8,TGO,1993,9.24170970916748,,
FTP.5T8,TGO,1994,9.438779830932617,,
FTP.5T8,TGO,1995,8.173080444335938,,
FTP.5T8,TGO,1996,8.126409530639648,,
FTP.5T8,TGO,1997,10.15800952911377,,
FTP.5T8,TGO,1999,10.41666984558105,,
FTP.5T8,TGO,2000,9.536080360412598,,UIS_EST
FTP.5T8,TGO,2001,8.439900398254395,,
FTP.5T8,TGO,2002,8.771929740905762,,
FTP.5T8,TGO,2003,7.009349822998047,,
FTP.5T8,TGO,2004,9.070289611816406,,
FTP.5T8,TGO,2005,8.256879806518555,,
FTP.5T8,TGO,2006,10.76922988891602,,
FTP.5T8,TGO,2007,10.85105991363525,,UIS_EST
FTP.5T8,TGO,2011,6.770045385779122,,
FTP.5T8,TGO,2012,6.707983959168794,,
FTP.5T8,TGO,2013,6.592008144566047,,
FTP.5T8,TGO,2014,6.296715741789355,,
FTP.5T8,TGO,2015,6.007067137809187,,
FTP.5T8,TGO,2016,6.41640042598509,,
FTP.5T8,TGO,2017,6.575963718820861,,
FTP.5T8,TGO,2018,6.494252873563218,,
FTP.5T8,TGO,2019,6.521739130434782,,
FTP.5T8,TGO,2020,6.547285954113039,,
FTP.5T8,TGO,2021,6.096059113300493,,
GER.1,TGO,1971,61.15972900390625,,
GER.1,TGO,1972,66.70452117919922,,
GER.1,TGO,1973,72.78195953369141,,
GER.1,TGO,1974,75.83590698242188,,
GER.1,TGO,1975,77.91326904296875,,
GER.1,TGO,1976,83.45156860351563,,
GER.1,TGO,1977,88.43115997314453,,
GER.1,TGO,1978,91.62866973876953,,
GER.1,TGO,1979,96.78505706787109,,
GER.1,TGO,1980,99.14788818359375,,
GER.1,TGO,1981,100.2179183959961,,
GER.1,TGO,1982,95.04873657226563,,
GER.1,TGO,1983,90.34571075439453,,
GER.1,TGO,1984,80.93402862548828,,
GER.1,TGO,1985,77.64747619628906,,
GER.1,TGO,1986,76.70934295654297,,
GER.1,TGO,1987,82.27960205078125,,
GER.1,TGO,1988,82.63687896728516,,
GER.1,TGO,1989,86.81786346435547,,
GER.1,TGO,1990,88.82147979736328,,
GER.1,TGO,1991,93.85823822021484,,
GER.1,TGO,1992,92.47199249267578,,
GER.1,TGO,1994,96.00420379638672,,
GER.1,TGO,1995,105.588981628418,,
GER.1,TGO,1996,110.2386627197266,,
GER.1,TGO,1997,111.3146591186523,,
GER.1,TGO,1998,112.3664703369141,,
GER.1,TGO,1999,118.0319671630859,,
GER.1,TGO,2000,110.8087463378906,,
GER.1,TGO,2001,112.1054763793945,,
GER.1,TGO,2002,113.6919937133789,,
GER.1,TGO,2003,111.2947082519531,,
GER.1,TGO,2004,110.3388519287109,,
GER.1,TGO,2005,109.4781875610352,,
GER.1,TGO,2006,113.0699920654297,,
GER.1,TGO,2007,107.2362289428711,,
GER.1,TGO,2008,107.9882125854492,,
GER.1,TGO,2009,121.9909515380859,,
GER.1,TGO,2010,124.7095142092816,,
GER.1,TGO,2011,122.7840711575956,,
GER.1,TGO,2012,125.7580465169295,,
GER.1,TGO,2013,126.1050157859398,,
GER.1,TGO,2014,122.3042079263617,,
GER.1,TGO,2015,125.6026919317494,,
GER.1,TGO,2016,121.4769135286988,,
GER.1,TGO,2017,119.4056942484847,,
GER.1,TGO,2018,117.8363244904636,,
GER.1,TGO,2019,117.7477466764965,,
GER.1,TGO,2020,119.2668309487619,,
GER.1,TGO,2021,116.9713858590094,,
GER.1,TGO,2022,118.4231675289796,,
GER.1,TGO,2023,116.3354655453915,,
GER.1,TGO,2024,114.2727735242657,,
GER.1.F,TGO,1971,37.72529983520508,,
GER.1.F,TGO,1972,42.04179000854492,,
GER.1.F,TGO,1973,46.6874885559082,,
GER.1.F,TGO,1974,49.76453018188477,,
GER.1.F,TGO,1975,52.23416900634766,,
GER.1.F,TGO,1976,57.75418090820313,,
GER.1.F,TGO,1977,63.02713012695313,,
GER.1.F,TGO,1978,67.45778656005859,,
GER.1.F,TGO,1979,73.25618743896484,,
GER.1.F,TGO,1980,76.30844116210938,,
GER.1.F,TGO,1981,78.41307067871094,,
GER.1.F,TGO,1982,74.87655639648438,,
GER.1.F,TGO,1983,71.49265289306641,,
GER.1.F,TGO,1984,63.39849090576172,,
GER.1.F,TGO,1985,60.05934906005859,,
GER.1.F,TGO,1986,58.93907165527344,,
GER.1.F,TGO,1987,63.13140106201172,,
GER.1.F,TGO,1988,63.97077941894531,,
GER.1.F,TGO,1989,67.48406982421875,,
GER.1.F,TGO,1990,70.00814056396484,,
GER.1.F,TGO,1991,74.43830871582031,,
GER.1.F,TGO,1992,74.22637176513672,,
GER.1.F,TGO,1994,77.18756866455078,,
GER.1.F,TGO,1995,85.98468017578125,,
GER.1.F,TGO,1996,90.67314147949219,,
GER.1.F,TGO,1997,92.93253326416016,,
GER.1.F,TGO,1998,95.37584686279297,,
GER.1.F,TGO,1999,102.3119506835938,,
GER.1.F,TGO,2000,97.71005249023438,,
GER.1.F,TGO,2001,99.89473724365234,,
GER.1.F,TGO,2002,102.7070922851563,,
GER.1.F,TGO,2003,101.3276290893555,,
GER.1.F,TGO,2004,101.3063888549805,,
GER.1.F,TGO,2005,101.2271118164063,,
GER.1.F,TGO,2006,105.2596206665039,,
GER.1.F,TGO,2007,100.1608123779297,,
GER.1.F,TGO,2008,101.6199417114258,,
GER.1.F,TGO,2009,113.0378570556641,,
GER.1.F,TGO,2010,119.0333229158528,,
GER.1.F,TGO,2011,117.7511412264113,,
GER.1.F,TGO,2012,121.5460312869628,,
GER.1.F,TGO,2013,122.7089817856937,,
GER.1.F,TGO,2014,119.4487713219988,,
GER.1.F,TGO,2015,123.2795809888582,,
GER.1.F,TGO,2016,119.2386233923487,,
GER.1.F,TGO,2017,117.3498494699825,,
GER.1.F,TGO,2018,116.446764271389,,
GER.1.F,TGO,2019,116.4732781823583,,
GER.1.F,TGO,2020,118.2800895197375,,
GER.1.F,TGO,2021,115.6445204883566,,
GER.1.F,TGO,2022,117.2668702224574,,
GER.1.F,TGO,2023,115.1433472880147,,
GER.1.F,TGO,2024,113.1528472112916,,
GER.1.GPIA,TGO,1971,.4446400105953217,,
GER.1.GPIA,TGO,1972,.4588899910449982,,
GER.1.GPIA,TGO,1973,.4709999859333038,,
GER.1.GPIA,TGO,1974,.4872399866580963,,
GER.1.GPIA,TGO,1975,.5032200217247009,,
GER.1.GPIA,TGO,1976,.5281999707221985,,
GER.1.GPIA,TGO,1977,.552839994430542,,
GER.1.GPIA,TGO,1978,.5818300247192383,,
GER.1.GPIA,TGO,1979,.6083099842071533,,
GER.1.GPIA,TGO,1980,.6251500248908997,,
GER.1.GPIA,TGO,1981,.6424300074577332,,
GER.1.GPIA,TGO,1982,.6498799920082092,,
GER.1.GPIA,TGO,1983,.6549199819564819,,
GER.1.GPIA,TGO,1984,.6442300081253052,,
GER.1.GPIA,TGO,1985,.6311500072479248,,
GER.1.GPIA,TGO,1986,.6244099736213684,,
GER.1.GPIA,TGO,1987,.6230499744415283,,
GER.1.GPIA,TGO,1988,.6321200132369995,,
GER.1.GPIA,TGO,1989,.6363999843597412,,
GER.1.GPIA,TGO,1990,.6511399745941162,,
GER.1.GPIA,TGO,1991,.6579200029373169,,
GER.1.GPIA,TGO,1992,.6712899804115295,,
GER.1.GPIA,TGO,1994,.6733400225639343,,
GER.1.GPIA,TGO,1995,.687969982624054,,
GER.1.GPIA,TGO,1996,.6997399926185608,,
GER.1.GPIA,TGO,1997,.7177299857139587,,
GER.1.GPIA,TGO,1998,.7384700179100037,,
GER.1.GPIA,TGO,1999,.7660300135612488,,
GER.1.GPIA,TGO,2000,.7895900011062622,,
GER.1.GPIA,TGO,2001,.8045099973678589,,
GER.1.GPIA,TGO,2002,.8246700167655945,,
GER.1.GPIA,TGO,2003,.8364499807357788,,
GER.1.GPIA,TGO,2004,.8494600057601929,,
GER.1.GPIA,TGO,2005,.8605800271034241,,
GER.1.GPIA,TGO,2006,.8714799880981445,,
GER.1.GPIA,TGO,2007,.8769099712371826,,
GER.1.GPIA,TGO,2008,.8892899751663208,,
GER.1.GPIA,TGO,2009,.8640900254249573,,
GER.1.GPIA,TGO,2010,.9135291239386291,,
GER.1.GPIA,TGO,2011,.9218208700439595,,
GER.1.GPIA,TGO,2012,.9356865164443564,,
GER.1.GPIA,TGO,2013,.9479766692827853,,
GER.1.GPIA,TGO,2014,.9547521140636237,,
GER.1.GPIA,TGO,2015,.9639911902490381,,
GER.1.GPIA,TGO,2016,.9641275696103746,,
GER.1.GPIA,TGO,2017,.9664432728707457,,
GER.1.GPIA,TGO,2018,.9768968786246236,,
GER.1.GPIA,TGO,2019,.9787772909982337,,
GER.1.GPIA,TGO,2020,.9837400138098437,,
GER.1.GPIA,TGO,2021,.9777762217856151,,
GER.1.GPIA,TGO,2022,.9808443871918924,,
GER.1.GPIA,TGO,2023,.9799095900235185,,
GER.1.GPIA,TGO,2024,.9807808098531988,,
GER.1.M,TGO,1971,84.84513854980469,,
GER.1.M,TGO,1972,91.61717987060547,,
GER.1.M,TGO,1973,99.12354278564453,,
GER.1.M,TGO,1974,102.1359024047852,,
GER.1.M,TGO,1975,103.80078125,,
GER.1.M,TGO,1976,109.3407821655273,,
GER.1.M,TGO,1977,114.0066680908203,,
GER.1.M,TGO,1978,115.9413299560547,,
GER.1.M,TGO,1979,120.4264373779297,,
GER.1.M,TGO,1980,122.0634002685547,,
GER.1.M,TGO,1981,122.0571212768555,,
GER.1.M,TGO,1982,115.21630859375,,
GER.1.M,TGO,1983,109.162467956543,,
GER.1.M,TGO,1984,98.41046142578125,,
GER.1.M,TGO,1985,95.15837860107422,,
GER.1.M,TGO,1986,94.39112091064453,,
GER.1.M,TGO,1987,101.3264617919922,,
GER.1.M,TGO,1988,101.1999435424805,,
GER.1.M,TGO,1989,106.0397186279297,,
GER.1.M,TGO,1990,107.5166702270508,,
GER.1.M,TGO,1991,113.1410980224609,,
GER.1.M,TGO,1992,110.5727233886719,,
GER.1.M,TGO,1994,114.6346664428711,,
GER.1.M,TGO,1995,124.982780456543,,
GER.1.M,TGO,1996,129.58203125,,
GER.1.M,TGO,1997,129.4817047119141,,
GER.1.M,TGO,1998,129.1539001464844,,
GER.1.M,TGO,1999,133.5609436035156,,
GER.1.M,TGO,2000,123.7483062744141,,
GER.1.M,TGO,2001,124.168571472168,,
GER.1.M,TGO,2002,124.5438385009766,,
GER.1.M,TGO,2003,121.1400680541992,,
GER.1.M,TGO,2004,119.2598190307617,,
GER.1.M,TGO,2005,117.626823425293,,
GER.1.M,TGO,2006,120.7822113037109,,
GER.1.M,TGO,2007,114.2199783325195,,
GER.1.M,TGO,2008,114.2704391479492,,
GER.1.M,TGO,2009,130.8166961669922,,
GER.1.M,TGO,2010,130.3005233184547,,
GER.1.M,TGO,2011,127.7375518963853,,
GER.1.M,TGO,2012,129.9003770502563,,
GER.1.M,TGO,2013,129.4430398572279,,
GER.1.M,TGO,2014,125.1097217408611,,
GER.1.M,TGO,2015,127.8845514729342,,
GER.1.M,TGO,2016,123.675151661243,,
GER.1.M,TGO,2017,121.4244568348061,,
GER.1.M,TGO,2018,119.2006718614301,,
GER.1.M,TGO,2019,118.9987541124597,,
GER.1.M,TGO,2020,120.2351107602715,,
GER.1.M,TGO,2021,118.2729932593028,,
GER.1.M,TGO,2022,119.5570589522223,,
GER.1.M,TGO,2023,117.5040518638574,,
GER.1.M,TGO,2024,115.3701684153344,,
GER.1T2,TGO,1995,77.54147338867188,,
GER.1T2,TGO,1999,88.62663269042969,,
GER.1T2,TGO,2000,85.65602874755859,,
GER.1T2,TGO,2001,87.74334716796875,,UIS_EST
GER.1T2,TGO,2002,90.98944091796875,,UIS_EST
GER.1T2,TGO,2003,90.64185333251953,,
GER.1T2,TGO,2004,90.85540008544922,,
GER.1T2,TGO,2005,90.34900665283203,,
GER.1T2,TGO,2006,93.32443237304688,,
GER.1T2,TGO,2007,87.05152893066406,,UIS_EST
GER.1T2,TGO,2011,101.8537852435554,,
GER.1T2,TGO,2017,104.1224751120429,,
GER.1T2,TGO,2021,102.415065877177,,
GER.1T2,TGO,2023,101.2371642686945,,
GER.1T2.F,TGO,1995,60.4144287109375,,
GER.1T2.F,TGO,1999,73.31941986083984,,
GER.1T2.F,TGO,2000,71.99620056152344,,
GER.1T2.F,TGO,2001,74.43138122558594,,UIS_EST
GER.1T2.F,TGO,2002,78.05992126464844,,UIS_EST
GER.1T2.F,TGO,2003,78.10555267333984,,
GER.1T2.F,TGO,2004,79.07450103759766,,
GER.1T2.F,TGO,2005,79.36995697021484,,
GER.1T2.F,TGO,2006,82.76528167724609,,
GER.1T2.F,TGO,2007,77.36749267578125,,UIS_EST
GER.1T2.F,TGO,2017,99.62313239135018,,
GER.1T2.F,TGO,2021,99.28828164706206,,
GER.1T2.F,TGO,2023,98.52354283016003,,
GER.1T2.GPIA,TGO,1995,.6392800211906433,,
GER.1T2.GPIA,TGO,1999,.7067300081253052,,
GER.1T2.GPIA,TGO,2000,.7261899709701538,,
GER.1T2.GPIA,TGO,2001,.7378000020980835,,UIS_EST
GER.1T2.GPIA,TGO,2002,.7523900270462036,,UIS_EST
GER.1T2.GPIA,TGO,2003,.7582200169563293,,
GER.1T2.GPIA,TGO,2004,.771619975566864,,
GER.1T2.GPIA,TGO,2005,.7844399809837341,,
GER.1T2.GPIA,TGO,2006,.7978100180625916,,
GER.1T2.GPIA,TGO,2007,.8008900284767151,,UIS_EST
GER.1T2.GPIA,TGO,2017,.9178687971258495,,
GER.1T2.GPIA,TGO,2021,.9413021622224307,,
GER.1T2.GPIA,TGO,2023,.948293961425194,,
GER.1T2.M,TGO,1995,94.504150390625,,
GER.1T2.M,TGO,1999,103.7448806762695,,
GER.1T2.M,TGO,2000,99.14270782470703,,
GER.1T2.M,TGO,2001,100.8833618164063,,UIS_EST
GER.1T2.M,TGO,2002,103.7489700317383,,UIS_EST
GER.1T2.M,TGO,2003,103.0111465454102,,
GER.1T2.M,TGO,2004,102.4780807495117,,
GER.1T2.M,TGO,2005,101.1802368164063,,
GER.1T2.M,TGO,2006,103.7405166625977,,
GER.1T2.M,TGO,2007,96.60209655761719,,UIS_EST
GER.1T2.M,TGO,2017,108.5374431545153,,
GER.1T2.M,TGO,2021,105.4797127126965,,
GER.1T2.M,TGO,2023,103.8955712446894,,
GER.1T3,TGO,1971,34.62643051147461,,
GER.1T3,TGO,1972,38.19937133789063,,
GER.1T3,TGO,1973,41.87416076660156,,
GER.1T3,TGO,1974,44.2304801940918,,
GER.1T3,TGO,1975,46.58092880249023,,
GER.1T3,TGO,1976,51.2735595703125,,
GER.1T3,TGO,1977,55.66178131103516,,
GER.1T3,TGO,1978,58.80065155029297,,
GER.1T3,TGO,1979,63.15969848632813,,
GER.1T3,TGO,1980,65.56535339355469,,
GER.1T3,TGO,1982,62.77301025390625,,
GER.1T3,TGO,1983,58.73574829101563,,
GER.1T3,TGO,1984,51.74834823608398,,
GER.1T3,TGO,1985,48.65692901611328,,
GER.1T3,TGO,1986,48.30615997314453,,
GER.1T3,TGO,1987,50.90071868896484,,
GER.1T3,TGO,1988,52.01958847045898,,
GER.1T3,TGO,1989,53.30363082885742,,
GER.1T3,TGO,1990,55.21284866333008,,
GER.1T3,TGO,1991,57.17319107055664,,
GER.1T3,TGO,1992,56.20671081542969,,
GER.1T3,TGO,1994,58.38739013671875,,
GER.1T3,TGO,1995,64.01872253417969,,
GER.1T3,TGO,1996,67.00382995605469,,
GER.1T3,TGO,1997,67.71836853027344,,
GER.1T3,TGO,1999,73.79192352294922,,
GER.1T3,TGO,2000,71.38318634033203,,
GER.1T3,TGO,2001,73.40715026855469,,
GER.1T3,TGO,2002,76.18109893798828,,
GER.1T3,TGO,2003,75.98101806640625,,
GER.1T3,TGO,2004,76.13394165039063,,
GER.1T3,TGO,2005,76.77989196777344,,
GER.1T3,TGO,2006,79.47754669189453,,
GER.1T3,TGO,2007,74.93479919433594,,
GER.1T3,TGO,2011,88.18218994140625,,
GER.1T3,TGO,2017,91.01883431196747,,
GER.1T3,TGO,2021,90.42365756985316,,
GER.1T3,TGO,2023,89.76352088421567,,
GER.1T3.F,TGO,1971,20.83721923828125,,
GER.1T3.F,TGO,1972,23.56888961791992,,
GER.1T3.F,TGO,1973,26.15768051147461,,
GER.1T3.F,TGO,1974,28.14112091064453,,
GER.1T3.F,TGO,1975,29.96927070617676,,
GER.1T3.F,TGO,1976,33.776611328125,,
GER.1T3.F,TGO,1977,37.20394134521484,,
GER.1T3.F,TGO,1978,40.23871994018555,,
GER.1T3.F,TGO,1979,44.22375106811523,,
GER.1T3.F,TGO,1980,46.47406005859375,,
GER.1T3.F,TGO,1982,45.72296142578125,,
GER.1T3.F,TGO,1983,43.07572174072266,,
GER.1T3.F,TGO,1984,37.7193489074707,,
GER.1T3.F,TGO,1985,35.19121932983398,,
GER.1T3.F,TGO,1986,34.59748840332031,,
GER.1T3.F,TGO,1987,36.57482147216797,,
GER.1T3.F,TGO,1988,37.60517120361328,,
GER.1T3.F,TGO,1989,38.81301116943359,,
GER.1T3.F,TGO,1990,40.79985046386719,,
GER.1T3.F,TGO,1991,42.66397094726563,,
GER.1T3.F,TGO,1992,42.26321029663086,,
GER.1T3.F,TGO,1994,44.05178070068359,,
GER.1T3.F,TGO,1995,48.99882125854492,,
GER.1T3.F,TGO,1996,51.67884826660156,,
GER.1T3.F,TGO,1997,53.04364013671875,,
GER.1T3.F,TGO,1999,59.7559814453125,,
GER.1T3.F,TGO,2000,58.85993957519531,,
GER.1T3.F,TGO,2001,60.99916076660156,,
GER.1T3.F,TGO,2002,64.00048065185547,,
GER.1T3.F,TGO,2003,64.23213958740234,,
GER.1T3.F,TGO,2004,65.05024719238281,,
GER.1T3.F,TGO,2005,66.03391265869141,,
GER.1T3.F,TGO,2006,68.97290802001953,,
GER.1T3.F,TGO,2007,64.95114898681641,,UIS_EST
GER.1T3.F,TGO,2017,85.48810791622293,,
GER.1T3.F,TGO,2021,86.76464632108686,,
GER.1T3.F,TGO,2023,87.01049693757263,,
GER.1T3.GPIA,TGO,1971,.429069995880127,,
GER.1T3.GPIA,TGO,1972,.4448499977588654,,
GER.1T3.GPIA,TGO,1973,.4529500007629395,,
GER.1T3.GPIA,TGO,1974,.4653199911117554,,
GER.1T3.GPIA,TGO,1975,.4730899930000305,,
GER.1T3.GPIA,TGO,1976,.4900299906730652,,
GER.1T3.GPIA,TGO,1977,.5008800029754639,,
GER.1T3.GPIA,TGO,1978,.5191500186920166,,
GER.1T3.GPIA,TGO,1979,.5378199815750122,,
GER.1T3.GPIA,TGO,1980,.5482500195503235,,
GER.1T3.GPIA,TGO,1982,.5724200010299683,,
GER.1T3.GPIA,TGO,1983,.578790009021759,,
GER.1T3.GPIA,TGO,1984,.5733699798583984,,
GER.1T3.GPIA,TGO,1985,.5665299892425537,,
GER.1T3.GPIA,TGO,1986,.5580599904060364,,
GER.1T3.GPIA,TGO,1987,.5609999895095825,,
GER.1T3.GPIA,TGO,1988,.5664200186729431,,
GER.1T3.GPIA,TGO,1989,.5729799866676331,,
GER.1T3.GPIA,TGO,1990,.5865700244903564,,
GER.1T3.GPIA,TGO,1991,.5958700180053711,,
GER.1T3.GPIA,TGO,1992,.6032599806785583,,
GER.1T3.GPIA,TGO,1994,.6067500114440918,,
GER.1T3.GPIA,TGO,1995,.6210200190544128,,
GER.1T3.GPIA,TGO,1996,.6288800239562988,,
GER.1T3.GPIA,TGO,1997,.6450099945068359,,
GER.1T3.GPIA,TGO,1999,.6816700100898743,,
GER.1T3.GPIA,TGO,2000,.7027900218963623,,
GER.1T3.GPIA,TGO,2001,.712149977684021,,
GER.1T3.GPIA,TGO,2002,.7256399989128113,,
GER.1T3.GPIA,TGO,2003,.7335100173950195,,
GER.1T3.GPIA,TGO,2004,.7471699714660645,,
GER.1T3.GPIA,TGO,2005,.7557700276374817,,
GER.1T3.GPIA,TGO,2006,.7678099870681763,,
GER.1T3.GPIA,TGO,2007,.7661700248718262,,UIS_EST
GER.1T3.GPIA,TGO,2017,.8863908880602569,,
GER.1T3.GPIA,TGO,2021,.9229494477535037,,
GER.1T3.GPIA,TGO,2023,.9410715336588042,,
GER.1T3.M,TGO,1971,48.56338119506836,,
GER.1T3.M,TGO,1972,52.98226165771484,,
GER.1T3.M,TGO,1973,57.74943161010742,,
GER.1T3.M,TGO,1974,60.47650146484375,,
GER.1T3.M,TGO,1975,63.34820938110352,,
GER.1T3.M,TGO,1976,68.92755126953125,,
GER.1T3.M,TGO,1977,74.27667999267578,,
GER.1T3.M,TGO,1978,77.50817108154297,,
GER.1T3.M,TGO,1979,82.22795867919922,,
GER.1T3.M,TGO,1980,84.76857757568359,,
GER.1T3.M,TGO,1982,79.87702178955078,,
GER.1T3.M,TGO,1983,74.42434692382813,,
GER.1T3.M,TGO,1984,65.78568267822266,,
GER.1T3.M,TGO,1985,62.11682891845703,,
GER.1T3.M,TGO,1986,61.99655151367188,,
GER.1T3.M,TGO,1987,65.19534301757813,,
GER.1T3.M,TGO,1988,66.39060974121094,,
GER.1T3.M,TGO,1989,67.73851013183594,,
GER.1T3.M,TGO,1990,69.55716705322266,,
GER.1T3.M,TGO,1991,71.59973907470703,,
GER.1T3.M,TGO,1992,70.05802154541016,,
GER.1T3.M,TGO,1994,72.60275268554688,,
GER.1T3.M,TGO,1995,78.9005126953125,,
GER.1T3.M,TGO,1996,82.176513671875,,
GER.1T3.M,TGO,1997,82.23744964599609,,
GER.1T3.M,TGO,1999,87.66156005859375,,
GER.1T3.M,TGO,2000,83.75153350830078,,
GER.1T3.M,TGO,2001,85.65538787841797,,
GER.1T3.M,TGO,2002,88.19901275634766,,
GER.1T3.M,TGO,2003,87.56832122802734,,
GER.1T3.M,TGO,2004,87.06208038330078,,
GER.1T3.M,TGO,2005,87.37315368652344,,
GER.1T3.M,TGO,2006,89.83112335205078,,
GER.1T3.M,TGO,2007,84.77388000488281,,UIS_EST
GER.1T3.M,TGO,2017,96.44515649670289,,
GER.1T3.M,TGO,2021,94.00801585858848,,
GER.1T3.M,TGO,2023,92.45896175318722,,
GER.1T8,TGO,1971,27.13311004638672,,
GER.1T8,TGO,1972,29.97433090209961,,
GER.1T8,TGO,1973,32.84857177734375,,
GER.1T8,TGO,1974,34.67119979858398,,
GER.1T8,TGO,1975,36.56587982177734,,
GER.1T8,TGO,1976,40.35242080688477,,
GER.1T8,TGO,1977,43.88079071044922,,
GER.1T8,TGO,1978,46.43223190307617,,
GER.1T8,TGO,1979,49.90657043457031,,
GER.1T8,TGO,1980,51.87994003295898,,
GER.1T8,TGO,1982,49.78437042236328,,
GER.1T8,TGO,1983,46.57752990722656,,
GER.1T8,TGO,1984,41.0719108581543,,
GER.1T8,TGO,1987,40.44142913818359,,
GER.1T8,TGO,1988,41.33938980102539,,
GER.1T8,TGO,1989,42.31496047973633,,
GER.1T8,TGO,1990,43.76739883422852,,
GER.1T8,TGO,1991,45.28300857543945,,
GER.1T8,TGO,1992,44.4964714050293,,
GER.1T8,TGO,1994,45.95211029052734,,
GER.1T8,TGO,1995,50.29990005493164,,
GER.1T8,TGO,1996,52.50587844848633,,
GER.1T8,TGO,2000,55.58607864379883,,UIS_EST
GER.1T8,TGO,2003,58.96831130981445,,UIS_EST
GER.1T8,TGO,2004,59.13787078857422,,UIS_EST
GER.1T8,TGO,2005,59.70549011230469,,UIS_EST
GER.1T8,TGO,2006,62.09675979614258,,UIS_EST
GER.1T8,TGO,2007,58.67890930175781,,UIS_EST
GER.1T8,TGO,2011,69.762939453125,,
GER.1T8,TGO,2017,73.27809906005859,,
GER.1T8.F,TGO,1972,18.43551063537598,,
GER.1T8.F,TGO,1973,20.45488929748535,,
GER.1T8.F,TGO,1974,21.99753952026367,,
GER.1T8.F,TGO,1975,23.45869064331055,,
GER.1T8.F,TGO,1976,26.48669052124023,,
GER.1T8.F,TGO,1977,29.2273006439209,,
GER.1T8.F,TGO,1978,31.67391014099121,,
GER.1T8.F,TGO,1979,34.82093811035156,,
GER.1T8.F,TGO,1980,36.62899017333984,,
GER.1T8.F,TGO,1982,36.083740234375,,
GER.1T8.F,TGO,1983,33.98976898193359,,
GER.1T8.F,TGO,1984,29.77890968322754,,
GER.1T8.F,TGO,1987,28.83929061889648,,
GER.1T8.F,TGO,1988,29.63681983947754,,
GER.1T8.F,TGO,1990,32.08308029174805,,
GER.1T8.F,TGO,1991,33.51025009155273,,
GER.1T8.F,TGO,1992,33.12575912475586,,
GER.1T8.F,TGO,1994,34.36814880371094,,
GER.1T8.F,TGO,1995,38.16946029663086,,
GER.1T8.F,TGO,1996,40.18880081176758,,
GER.1T8.F,TGO,2000,45.42089080810547,,UIS_EST
GER.1T8.F,TGO,2003,49.4659309387207,,UIS_EST
GER.1T8.F,TGO,2004,50.11417007446289,,UIS_EST
GER.1T8.F,TGO,2005,50.89854049682617,,UIS_EST
GER.1T8.F,TGO,2006,53.26919174194336,,UIS_EST
GER.1T8.F,TGO,2007,50.16315078735352,,UIS_EST
GER.1T8.F,TGO,2017,67.99385833740234,,
GER.1T8.GPIA,TGO,1972,.442799985408783,,
GER.1T8.GPIA,TGO,1973,.4508399963378906,,
GER.1T8.GPIA,TGO,1974,.4633499979972839,,
GER.1T8.GPIA,TGO,1975,.4710099995136261,,
GER.1T8.GPIA,TGO,1976,.4873000085353851,,
GER.1T8.GPIA,TGO,1977,.4981400072574615,,
GER.1T8.GPIA,TGO,1978,.5165200233459473,,
GER.1T8.GPIA,TGO,1979,.5347499847412109,,
GER.1T8.GPIA,TGO,1980,.5447400212287903,,
GER.1T8.GPIA,TGO,1982,.5677800178527832,,
GER.1T8.GPIA,TGO,1983,.5740399956703186,,
GER.1T8.GPIA,TGO,1984,.5683599710464478,,
GER.1T8.GPIA,TGO,1987,.5541300177574158,,
GER.1T8.GPIA,TGO,1988,.5588399767875671,,
GER.1T8.GPIA,TGO,1990,.5788800120353699,,
GER.1T8.GPIA,TGO,1991,.5877400040626526,,
GER.1T8.GPIA,TGO,1992,.5934699773788452,,
GER.1T8.GPIA,TGO,1994,.5981299877166748,,
GER.1T8.GPIA,TGO,1995,.6123200058937073,,
GER.1T8.GPIA,TGO,1996,.6210200190544128,,
GER.1T8.GPIA,TGO,2000,.6920300126075745,,UIS_EST
GER.1T8.GPIA,TGO,2003,.7237799763679504,,UIS_EST
GER.1T8.GPIA,TGO,2004,.7365800142288208,,UIS_EST
GER.1T8.GPIA,TGO,2005,.7442899942398071,,UIS_EST
GER.1T8.GPIA,TGO,2006,.7524600028991699,,UIS_EST
GER.1T8.GPIA,TGO,2007,.7479699850082397,,UIS_EST
GER.1T8.GPIA,TGO,2017,.8666099905967712,,
GER.1T8.M,TGO,1972,41.63375091552734,,
GER.1T8.M,TGO,1973,45.37091827392578,,
GER.1T8.M,TGO,1974,47.4753303527832,,
GER.1T8.M,TGO,1975,49.80466842651367,,
GER.1T8.M,TGO,1976,54.35364151000977,,
GER.1T8.M,TGO,1977,58.67271041870117,,
GER.1T8.M,TGO,1978,61.32221984863281,,
GER.1T8.M,TGO,1979,65.11585998535156,,
GER.1T8.M,TGO,1980,67.24140167236328,,
GER.1T8.M,TGO,1982,63.55186080932617,,
GER.1T8.M,TGO,1983,59.21179962158203,,
GER.1T8.M,TGO,1984,52.39426040649414,,
GER.1T8.M,TGO,1987,52.04404067993164,,
GER.1T8.M,TGO,1988,53.03321838378906,,
GER.1T8.M,TGO,1990,55.42306137084961,,
GER.1T8.M,TGO,1991,57.01565933227539,,
GER.1T8.M,TGO,1992,55.81732940673828,,
GER.1T8.M,TGO,1994,57.45890045166016,,
GER.1T8.M,TGO,1995,62.33586883544922,,
GER.1T8.M,TGO,1996,64.71415710449219,,
GER.1T8.M,TGO,2000,65.6343994140625,,UIS_EST
GER.1T8.M,TGO,2003,68.34432220458984,,UIS_EST
GER.1T8.M,TGO,2004,68.03608703613281,,UIS_EST
GER.1T8.M,TGO,2005,68.38565826416016,,UIS_EST
GER.1T8.M,TGO,2006,70.79312133789063,,UIS_EST
GER.1T8.M,TGO,2007,67.06607818603516,,UIS_EST
GER.1T8.M,TGO,2017,78.46002197265625,,
GER.2,TGO,1995,29.59649085998535,,
GER.2,TGO,1999,38.44768142700195,,
GER.2,TGO,2000,42.83570098876953,,
GER.2,TGO,2001,46.3778190612793,,UIS_EST
GER.2,TGO,2002,52.56843948364258,,UIS_EST
GER.2,TGO,2003,55.80812835693359,,
GER.2,TGO,2004,58.09162902832031,,
GER.2,TGO,2005,58.23579025268555,,
GER.2,TGO,2006,60.15367126464844,,
GER.2,TGO,2007,53.06795883178711,,UIS_EST
GER.2,TGO,2011,65.5263606613283,,
GER.2,TGO,2017,76.83538850595292,,
GER.2,TGO,2021,77.49321407145878,,
GER.2,TGO,2023,76.45323022911623,,
GER.2.F,TGO,1995,16.77261924743652,,
GER.2.F,TGO,1999,23.83194923400879,,
GER.2.F,TGO,2000,28.18878936767578,,
GER.2.F,TGO,2001,31.14682006835938,,UIS_EST
GER.2.F,TGO,2002,36.28866958618164,,UIS_EST
GER.2.F,TGO,2003,38.87908172607422,,
GER.2.F,TGO,2004,41.63335037231445,,
GER.2.F,TGO,2005,42.62466049194336,,
GER.2.F,TGO,2006,44.92602920532227,,
GER.2.F,TGO,2007,38.94842910766602,,UIS_EST
GER.2.F,TGO,2017,67.94091381805029,,
GER.2.F,TGO,2021,71.25203494513414,,
GER.2.F,TGO,2023,71.21947372327791,,
GER.2.GPIA,TGO,1995,.3963100016117096,,
GER.2.GPIA,TGO,1999,.4506900012493134,,
GER.2.GPIA,TGO,2000,.4920899868011475,,
GER.2.GPIA,TGO,2001,.5073500275611877,,UIS_EST
GER.2.GPIA,TGO,2002,.5289499759674072,,UIS_EST
GER.2.GPIA,TGO,2003,.5364099740982056,,
GER.2.GPIA,TGO,2004,.5603500008583069,,
GER.2.GPIA,TGO,2005,.579069972038269,,
GER.2.GPIA,TGO,2006,.597819983959198,,
GER.2.GPIA,TGO,2007,.5815500020980835,,UIS_EST
GER.2.GPIA,TGO,2017,.7941501661848375,,
GER.2.GPIA,TGO,2021,.8522824574046659,,
GER.2.GPIA,TGO,2023,.8730521587099342,,
GER.2.M,TGO,1995,42.32233810424805,,
GER.2.M,TGO,1999,52.87826156616211,,
GER.2.M,TGO,2000,57.28380966186523,,
GER.2.M,TGO,2001,61.39070129394531,,UIS_EST
GER.2.M,TGO,2002,68.60572052001953,,UIS_EST
GER.2.M,TGO,2003,72.48011779785156,,
GER.2.M,TGO,2004,74.29888153076172,,
GER.2.M,TGO,2005,73.60935974121094,,
GER.2.M,TGO,2006,75.14990997314453,,
GER.2.M,TGO,2007,66.97324371337891,,UIS_EST
GER.2.M,TGO,2017,85.55172146401985,,
GER.2.M,TGO,2021,83.60143321746618,,
GER.2.M,TGO,2023,81.57527933785238,,
GER.2T3,TGO,1971,6.289460182189941,,
GER.2T3,TGO,1972,7.574349880218506,,
GER.2T3,TGO,1973,8.475069999694824,,
GER.2T3,TGO,1974,9.917980194091797,,
GER.2T3,TGO,1975,12.4667501449585,,
GER.2T3,TGO,1976,16.16103935241699,,
GER.2T3,TGO,1977,19.84343910217285,,
GER.2T3,TGO,1978,22.86417961120605,,
GER.2T3,TGO,1979,26.32291984558105,,
GER.2T3,TGO,1980,28.72480010986328,,
GER.2T3,TGO,1982,27.3065299987793,,
GER.2T3,TGO,1983,24.01069068908691,,
GER.2T3,TGO,1984,19.77255058288574,,
GER.2T3,TGO,1985,17.01689910888672,,
GER.2T3,TGO,1986,17.47281074523926,,
GER.2T3,TGO,1987,17.08819007873535,,
GER.2T3,TGO,1988,19.30315017700195,,
GER.2T3,TGO,1989,17.81285095214844,,
GER.2T3,TGO,1990,19.92964935302734,,
GER.2T3,TGO,1991,18.9681396484375,,
GER.2T3,TGO,1992,18.72328948974609,,
GER.2T3,TGO,1994,19.92085075378418,,
GER.2T3,TGO,1995,21.65225982666016,,
GER.2T3,TGO,1996,23.03920936584473,,
GER.2T3,TGO,1997,23.44327926635742,,
GER.2T3,TGO,1999,29.03566932678223,,
GER.2T3,TGO,2000,31.60746002197266,,
GER.2T3,TGO,2001,34.44026947021484,,
GER.2T3,TGO,2002,38.48703002929688,,
GER.2T3,TGO,2003,40.59688949584961,,
GER.2T3,TGO,2004,41.98637008666992,,
GER.2T3,TGO,2005,44.22800827026367,,
GER.2T3,TGO,2006,46.02996826171875,,
GER.2T3,TGO,2007,42.75978851318359,,
GER.2T3,TGO,2011,52.7706298828125,,
GER.2T3,TGO,2017,60.76947222022797,,
GER.2T3,TGO,2021,63.0669365853803,,
GER.2T3,TGO,2023,63.4192515229188,,
GER.2T3.F,TGO,1971,2.801219940185547,,
GER.2T3.F,TGO,1972,3.727969884872437,,
GER.2T3.F,TGO,1973,3.987519979476929,,
GER.2T3.F,TGO,1974,4.688960075378418,,
GER.2T3.F,TGO,1975,5.758840084075928,,
GER.2T3.F,TGO,1976,7.653140068054199,,
GER.2T3.F,TGO,1977,9.029359817504883,,
GER.2T3.F,TGO,1978,10.50331020355225,,
GER.2T3.F,TGO,1979,12.49125003814697,,
GER.2T3.F,TGO,1980,13.83141040802002,,
GER.2T3.F,TGO,1982,13.80078029632568,,
GER.2T3.F,TGO,1983,11.98083019256592,,
GER.2T3.F,TGO,1984,9.702059745788574,,
GER.2T3.F,TGO,1985,8.162759780883789,,
GER.2T3.F,TGO,1986,8.273920059204102,,
GER.2T3.F,TGO,1987,8.051300048828125,,
GER.2T3.F,TGO,1988,9.505390167236328,,
GER.2T3.F,TGO,1989,8.512129783630371,,
GER.2T3.F,TGO,1990,10.18420028686523,,
GER.2T3.F,TGO,1991,9.619440078735352,,
GER.2T3.F,TGO,1992,9.271510124206543,,
GER.2T3.F,TGO,1994,10.21973991394043,,
GER.2T3.F,TGO,1995,11.36406993865967,,
GER.2T3.F,TGO,1996,12.08384990692139,,
GER.2T3.F,TGO,1997,12.57901954650879,,
GER.2T3.F,TGO,1999,16.71690940856934,,
GER.2T3.F,TGO,2000,19.65593910217285,,
GER.2T3.F,TGO,2001,21.80233001708984,,
GER.2T3.F,TGO,2002,25.05533981323242,,
GER.2T3.F,TGO,2003,27.00419998168945,,
GER.2T3.F,TGO,2004,28.79247093200684,,
GER.2T3.F,TGO,2005,30.9342098236084,,
GER.2T3.F,TGO,2006,32.77579116821289,,
GER.2T3.F,TGO,2007,29.82471084594727,,UIS_EST
GER.2T3.F,TGO,2017,51.50557454680983,,
GER.2T3.F,TGO,2021,56.962123807999,,
GER.2T3.F,TGO,2023,59.0849653049812,,
GER.2T3.GPIA,TGO,1971,.285400003194809,,
GER.2T3.GPIA,TGO,1972,.3252499997615814,,
GER.2T3.GPIA,TGO,1973,.3064700067043304,,
GER.2T3.GPIA,TGO,1974,.3084200024604797,,
GER.2T3.GPIA,TGO,1975,.2992100119590759,,
GER.2T3.GPIA,TGO,1976,.3091000020503998,,
GER.2T3.GPIA,TGO,1977,.2934400141239166,,
GER.2T3.GPIA,TGO,1978,.2971299886703491,,
GER.2T3.GPIA,TGO,1979,.3100700080394745,,
GER.2T3.GPIA,TGO,1980,.3161700069904327,,
GER.2T3.GPIA,TGO,1982,.3373799920082092,,
GER.2T3.GPIA,TGO,1983,.3317700028419495,,
GER.2T3.GPIA,TGO,1984,.3245599865913391,,
GER.2T3.GPIA,TGO,1985,.3151000142097473,,
GER.2T3.GPIA,TGO,1986,.3099299967288971,,
GER.2T3.GPIA,TGO,1987,.3080599904060364,,
GER.2T3.GPIA,TGO,1988,.3266699910163879,,
GER.2T3.GPIA,TGO,1989,.3141399919986725,,
GER.2T3.GPIA,TGO,1990,.3435499966144562,,
GER.2T3.GPIA,TGO,1991,.3401899933815002,,
GER.2T3.GPIA,TGO,1992,.3296500146389008,,
GER.2T3.GPIA,TGO,1994,.3457799851894379,,
GER.2T3.GPIA,TGO,1995,.356660008430481,,
GER.2T3.GPIA,TGO,1996,.356440007686615,,
GER.2T3.GPIA,TGO,1997,.3677600026130676,,
GER.2T3.GPIA,TGO,1999,.4056299924850464,,
GER.2T3.GPIA,TGO,2000,.4528099894523621,,
GER.2T3.GPIA,TGO,2001,.4648100137710571,,
GER.2T3.GPIA,TGO,2002,.4844200015068054,,
GER.2T3.GPIA,TGO,2003,.500249981880188,,
GER.2T3.GPIA,TGO,2004,.5237600207328796,,
GER.2T3.GPIA,TGO,2005,.5397800207138062,,
GER.2T3.GPIA,TGO,2006,.5548700094223022,,
GER.2T3.GPIA,TGO,2007,.5375000238418579,,UIS_EST
GER.2T3.GPIA,TGO,2017,.7373717676806893,,
GER.2T3.GPIA,TGO,2021,.8250763369234771,,
GER.2T3.GPIA,TGO,2023,.8732908708156039,,
GER.2T3.M,TGO,1971,9.815099716186523,,
GER.2T3.M,TGO,1972,11.46197032928467,,
GER.2T3.M,TGO,1973,13.01103019714355,,
GER.2T3.M,TGO,1974,15.20341014862061,,
GER.2T3.M,TGO,1975,19.24666023254395,,
GER.2T3.M,TGO,1976,24.75934028625488,,
GER.2T3.M,TGO,1977,30.77036094665527,,
GER.2T3.M,TGO,1978,35.34881973266602,,
GER.2T3.M,TGO,1979,40.28472137451172,,
GER.2T3.M,TGO,1980,43.74697875976563,,
GER.2T3.M,TGO,1982,40.90555953979492,,
GER.2T3.M,TGO,1983,36.11225891113281,,
GER.2T3.M,TGO,1984,29.8929500579834,,
GER.2T3.M,TGO,1985,25.90563011169434,,
GER.2T3.M,TGO,1986,26.69598960876465,,
GER.2T3.M,TGO,1987,26.13571929931641,,
GER.2T3.M,TGO,1988,29.09777069091797,,
GER.2T3.M,TGO,1989,27.09696960449219,,
GER.2T3.M,TGO,1990,29.64418029785156,,
GER.2T3.M,TGO,1991,28.27684020996094,,
GER.2T3.M,TGO,1992,28.12557983398438,,
GER.2T3.M,TGO,1994,29.55554962158203,,
GER.2T3.M,TGO,1995,31.86203956604004,,
GER.2T3.M,TGO,1996,33.9014892578125,,
GER.2T3.M,TGO,1997,34.20436859130859,,
GER.2T3.M,TGO,1999,41.2122917175293,,
GER.2T3.M,TGO,2000,43.40848922729492,,
GER.2T3.M,TGO,2001,46.90555953979492,,
GER.2T3.M,TGO,2002,51.72254180908203,,
GER.2T3.M,TGO,2003,53.98171997070313,,
GER.2T3.M,TGO,2004,54.9728889465332,,
GER.2T3.M,TGO,2005,57.30915832519531,,
GER.2T3.M,TGO,2006,59.06961822509766,,
GER.2T3.M,TGO,2007,55.48793029785156,,UIS_EST
GER.2T3.M,TGO,2017,69.85021234107481,,
GER.2T3.M,TGO,2021,69.03861043985077,,
GER.2T3.M,TGO,2023,67.65783003067375,,
GER.3,TGO,1995,9.922900199890137,,
GER.3,TGO,1999,15.33102035522461,,
GER.3,TGO,2000,15.27371025085449,,UIS_EST
GER.3,TGO,2003,18.33449935913086,,UIS_EST
GER.3,TGO,2004,18.45593070983887,,
GER.3,TGO,2005,23.81761932373047,,
GER.3,TGO,2006,25.47702026367188,,
GER.3,TGO,2007,27.82571029663086,,UIS_EST
GER.3,TGO,2011,34.44222211228352,,
GER.3,TGO,2017,36.98560075537021,,
GER.3,TGO,2020,41.38354941778039,,
GER.3,TGO,2021,41.25745720816994,,
GER.3,TGO,2023,43.54102399445676,,
GER.3.F,TGO,1995,3.378779888153076,,
GER.3.F,TGO,1999,6.371429920196533,,
GER.3.F,TGO,2000,7.258419990539551,,UIS_EST
GER.3.F,TGO,2003,9.622389793395996,,UIS_EST
GER.3.F,TGO,2004,10.02042961120605,,
GER.3.F,TGO,2005,13.88368034362793,,
GER.3.F,TGO,2006,15.07264995574951,,
GER.3.F,TGO,2007,16.59296989440918,,UIS_EST
GER.3.F,TGO,2017,27.1828093698637,,
GER.3.F,TGO,2020,34.34928527992241,,
GER.3.F,TGO,2021,35.34463310824022,,
GER.3.F,TGO,2023,40.56069603645906,,
GER.3.GPIA,TGO,1995,.2058099955320358,,
GER.3.GPIA,TGO,1999,.2632600069046021,,
GER.3.GPIA,TGO,2000,.3128699958324432,,UIS_EST
GER.3.GPIA,TGO,2003,.3575499951839447,,UIS_EST
GER.3.GPIA,TGO,2004,.3745500147342682,,
GER.3.GPIA,TGO,2005,.4134300053119659,,
GER.3.GPIA,TGO,2006,.4222300052642822,,
GER.3.GPIA,TGO,2007,.4269300103187561,,UIS_EST
GER.3.GPIA,TGO,2017,.5833431895567549,,
GER.3.GPIA,TGO,2020,.7117097756542438,,
GER.3.GPIA,TGO,2021,.7514248563599354,,
GER.3.GPIA,TGO,2023,.8731707863696586,,
GER.3.M,TGO,1995,16.4173698425293,,
GER.3.M,TGO,1999,24.20196914672852,,
GER.3.M,TGO,2000,23.19952964782715,,UIS_EST
GER.3.M,TGO,2003,26.91201972961426,,UIS_EST
GER.3.M,TGO,2004,26.75312042236328,,
GER.3.M,TGO,2005,33.5814208984375,,
GER.3.M,TGO,2006,35.69802856445313,,
GER.3.M,TGO,2007,38.86537170410156,,UIS_EST
GER.3.M,TGO,2017,46.59831443394098,,
GER.3.M,TGO,2020,48.26305111285933,,
GER.3.M,TGO,2021,47.03681653473279,,
GER.3.M,TGO,2023,46.45219087676578,,
GER.4,TGO,1999,.3228600025177002,,
GER.4,TGO,2000,0,NIL,
GER.4,TGO,2001,0,NIL,
GER.4,TGO,2002,0,NIL,
GER.4,TGO,2003,0,NIL,
GER.4,TGO,2004,0,NIL,
GER.4,TGO,2005,0,NIL,
GER.4,TGO,2006,0,NIL,
GER.4,TGO,2020,.0607699553340828,,
GER.4,TGO,2021,.0713700092604062,,
GER.4.F,TGO,1999,.0999400019645691,,
GER.4.F,TGO,2000,0,NIL,
GER.4.F,TGO,2001,0,NIL,
GER.4.F,TGO,2002,0,NIL,
GER.4.F,TGO,2003,0,NIL,
GER.4.F,TGO,2004,0,NIL,
GER.4.F,TGO,2005,0,NIL,
GER.4.F,TGO,2006,0,NIL,
GER.4.F,TGO,2020,.0159795461808885,,
GER.4.F,TGO,2021,.0143233984650091,,
GER.4.GPIA,TGO,1999,.1837600022554398,,
GER.4.GPIA,TGO,2020,.15281772664323,,
GER.4.GPIA,TGO,2021,.1126949222347875,,
GER.4.M,TGO,1999,.5438299775123596,,
GER.4.M,TGO,2000,0,NIL,
GER.4.M,TGO,2001,0,NIL,
GER.4.M,TGO,2002,0,NIL,
GER.4.M,TGO,2003,0,NIL,
GER.4.M,TGO,2004,0,NIL,
GER.4.M,TGO,2005,0,NIL,
GER.4.M,TGO,2006,0,NIL,
GER.4.M,TGO,2020,.1045660508888114,,
GER.4.M,TGO,2021,.1270988805970149,,
GTVP.2.GPV,TGO,1999,97.93611907958984,,
GTVP.2.GPV,TGO,2000,98.23541259765625,,
GTVP.2.GPV,TGO,2001,98.04013824462891,,UIS_EST
GTVP.2.GPV,TGO,2002,98.20237731933594,,UIS_EST
GTVP.2.GPV,TGO,2003,98.43527984619141,,
GTVP.2.GPV,TGO,2004,98.54801940917969,,
GTVP.2.GPV,TGO,2005,98.92218017578125,,
GTVP.2.GPV,TGO,2006,98.89497375488281,,
GTVP.2.GPV,TGO,2007,98.59765625,,UIS_EST
GTVP.2.GPV,TGO,2011,98.82300249461419,,
GTVP.2.GPV,TGO,2017,98.47159266743122,,
GTVP.2.GPV,TGO,2021,97.15435611318486,,
GTVP.2.GPV,TGO,2023,95.74308121265236,,
GTVP.2.GPV.F,TGO,1999,98.42704772949219,,
GTVP.2.GPV.F,TGO,2000,98.447509765625,,
GTVP.2.GPV.F,TGO,2001,98.20623779296875,,UIS_EST
GTVP.2.GPV.F,TGO,2002,98.45339965820313,,UIS_EST
GTVP.2.GPV.F,TGO,2003,99.62677001953125,,
GTVP.2.GPV.F,TGO,2004,99.64521026611328,,
GTVP.2.GPV.F,TGO,2005,99.80905914306641,,
GTVP.2.GPV.F,TGO,2006,99.72699737548828,,
GTVP.2.GPV.F,TGO,2007,99.64792633056641,,UIS_EST
GTVP.2.GPV.F,TGO,2017,99.70052337646484,,
GTVP.2.GPV.F,TGO,2021,99.13910675048828,,
GTVP.2.GPV.F,TGO,2023,98.63530731201172,,
GTVP.2.GPV.GPIA,TGO,1999,1.00721001625061,,
GTVP.2.GPV.GPIA,TGO,2000,1.003200054168701,,
GTVP.2.GPV.GPIA,TGO,2001,1.002539992332458,,UIS_EST
GTVP.2.GPV.GPIA,TGO,2002,1.003880023956299,,UIS_EST
GTVP.2.GPV.GPIA,TGO,2003,1.018280029296875,,
GTVP.2.GPV.GPIA,TGO,2004,1.01708996295929,,
GTVP.2.GPV.GPIA,TGO,2005,1.013949990272522,,
GTVP.2.GPV.GPIA,TGO,2006,1.01324999332428,,
GTVP.2.GPV.GPIA,TGO,2007,1.016579985618591,,UIS_EST
GTVP.2.GPV.GPIA,TGO,2017,1.021919965744019,,
GTVP.2.GPV.GPIA,TGO,2021,1.036720037460327,,
GTVP.2.GPV.GPIA,TGO,2023,1.054380059242249,,
GTVP.2.GPV.M,TGO,1999,97.71765899658203,,
GTVP.2.GPV.M,TGO,2000,98.13246154785156,,
GTVP.2.GPV.M,TGO,2001,97.95706939697266,,UIS_EST
GTVP.2.GPV.M,TGO,2002,98.07157897949219,,UIS_EST
GTVP.2.GPV.M,TGO,2003,97.80586242675781,,
GTVP.2.GPV.M,TGO,2004,97.94258880615234,,
GTVP.2.GPV.M,TGO,2005,98.41642761230469,,
GTVP.2.GPV.M,TGO,2006,98.40512847900391,,
GTVP.2.GPV.M,TGO,2007,97.99614715576172,,UIS_EST
GTVP.2.GPV.M,TGO,2017,97.51519012451172,,
GTVP.2.GPV.M,TGO,2021,95.49881744384766,,
GTVP.2.GPV.M,TGO,2023,93.27191162109375,,
GTVP.2.V,TGO,1999,2.06387996673584,,
GTVP.2.V,TGO,2000,1.76459002494812,,UIS_EST
GTVP.2.V,TGO,2003,1.564720034599304,,UIS_EST
GTVP.2.V,TGO,2004,1.451979994773865,,
GTVP.2.V,TGO,2005,1.07781994342804,,
GTVP.2.V,TGO,2006,1.105029940605164,,
GTVP.2.V,TGO,2007,1.402340054512024,,UIS_EST
GTVP.2.V,TGO,2011,1.176997505385815,,
GTVP.2.V,TGO,2017,1.528407332568766,,
GTVP.2.V,TGO,2021,2.845643886815141,,
GTVP.2.V,TGO,2023,4.256918787347646,,
GTVP.2.V.F,TGO,1999,1.572950005531311,,
GTVP.2.V.F,TGO,2000,1.552489995956421,,UIS_EST
GTVP.2.V.F,TGO,2003,.3732300102710724,,UIS_EST
GTVP.2.V.F,TGO,2004,.3547900021076202,,
GTVP.2.V.F,TGO,2005,.1909399926662445,,
GTVP.2.V.F,TGO,2006,.2730000019073486,,
GTVP.2.V.F,TGO,2007,.3520700037479401,,UIS_EST
GTVP.2.V.F,TGO,2017,.2994799911975861,,
GTVP.2.V.F,TGO,2021,.8608899712562561,,
GTVP.2.V.F,TGO,2023,1.364689946174622,,
GTVP.2.V.GPIA,TGO,1999,.6891800165176392,,
GTVP.2.V.GPIA,TGO,2000,.8313000202178955,,UIS_EST
GTVP.2.V.GPIA,TGO,2003,.1701100021600723,,UIS_EST
GTVP.2.V.GPIA,TGO,2004,.1724500060081482,,
GTVP.2.V.GPIA,TGO,2005,.1205800026655197,,
GTVP.2.V.GPIA,TGO,2006,.1711799949407578,,
GTVP.2.V.GPIA,TGO,2007,.1756999939680099,,UIS_EST
GTVP.2.V.GPIA,TGO,2017,.1205300018191338,,
GTVP.2.V.GPIA,TGO,2021,.1912599951028824,,
GTVP.2.V.GPIA,TGO,2023,.2028300017118454,,
GTVP.2.V.M,TGO,1999,2.282340049743652,,
GTVP.2.V.M,TGO,2000,1.867540001869202,,UIS_EST
GTVP.2.V.M,TGO,2003,2.194139957427979,,UIS_EST
GTVP.2.V.M,TGO,2004,2.057410001754761,,
GTVP.2.V.M,TGO,2005,1.583570003509521,,
GTVP.2.V.M,TGO,2006,1.59486997127533,,
GTVP.2.V.M,TGO,2007,2.003849983215332,,UIS_EST
GTVP.2.V.M,TGO,2017,2.48481011390686,,
GTVP.2.V.M,TGO,2021,4.501180171966553,,
GTVP.2.V.M,TGO,2023,6.728089809417725,,
GTVP.2T3.GPV,TGO,1971,89.7423095703125,,
GTVP.2T3.GPV,TGO,1972,90.24031829833984,,
GTVP.2T3.GPV,TGO,1973,90.51393890380859,,
GTVP.2T3.GPV,TGO,1974,90.88851165771484,,
GTVP.2T3.GPV,TGO,1975,91.51296234130859,,
GTVP.2T3.GPV,TGO,1976,91.86074829101563,,
GTVP.2T3.GPV,TGO,1977,91.86634826660156,,
GTVP.2T3.GPV,TGO,1978,92.03040313720703,,
GTVP.2T3.GPV,TGO,1979,93.00096893310547,,
GTVP.2T3.GPV,TGO,1980,93.67209625244141,,
GTVP.2T3.GPV,TGO,1982,94.29222106933594,,
GTVP.2T3.GPV,TGO,1983,94.75676727294922,,
GTVP.2T3.GPV,TGO,1984,94.0699462890625,,
GTVP.2T3.GPV,TGO,1985,94.01142120361328,,
GTVP.2T3.GPV,TGO,1986,94.32557678222656,,
GTVP.2T3.GPV,TGO,1987,93.70393371582031,,
GTVP.2T3.GPV,TGO,1988,94.07833862304688,,
GTVP.2T3.GPV,TGO,1989,94.12335205078125,,
GTVP.2T3.GPV,TGO,1990,94.41520690917969,,
GTVP.2T3.GPV,TGO,1991,93.31553649902344,,
GTVP.2T3.GPV,TGO,1992,94.10002136230469,,
GTVP.2T3.GPV,TGO,1994,93.88818359375,,
GTVP.2T3.GPV,TGO,1995,95.02374267578125,,
GTVP.2T3.GPV,TGO,1996,95.39240264892578,,
GTVP.2T3.GPV,TGO,1997,94.90838623046875,,
GTVP.2T3.GPV,TGO,1999,93.33299255371094,,
GTVP.2T3.GPV,TGO,2000,94.16763305664063,,
GTVP.2T3.GPV,TGO,2001,93.55950164794922,,
GTVP.2T3.GPV,TGO,2002,94.000732421875,,
GTVP.2T3.GPV,TGO,2003,94.33718872070313,,
GTVP.2T3.GPV,TGO,2004,94.71528625488281,,
GTVP.2T3.GPV,TGO,2005,93.24697113037109,,
GTVP.2T3.GPV,TGO,2006,93.52654266357422,,
GTVP.2T3.GPV,TGO,2007,92.2130126953125,,
GTVP.2T3.GPV,TGO,2011,94.94870758056641,,
GTVP.2T3.GPV,TGO,2017,94.20124211998368,,
GTVP.2T3.GPV,TGO,2021,93.80778801470268,,
GTVP.2T3.GPV,TGO,2023,92.65931246681104,,
GTVP.2T3.GPV.F,TGO,1971,83.21153259277344,,
GTVP.2T3.GPV.F,TGO,1972,86.22274780273438,,
GTVP.2T3.GPV.F,TGO,1973,87.24324035644531,,
GTVP.2T3.GPV.F,TGO,1974,88.16542053222656,,
GTVP.2T3.GPV.F,TGO,1975,89.17452239990234,,
GTVP.2T3.GPV.F,TGO,1976,89.75863647460938,,
GTVP.2T3.GPV.F,TGO,1977,91.62312316894531,,
GTVP.2T3.GPV.F,TGO,1978,90.94927215576172,,
GTVP.2T3.GPV.F,TGO,1979,91.29505157470703,,
GTVP.2T3.GPV.F,TGO,1980,92.27461242675781,,
GTVP.2T3.GPV.F,TGO,1982,93.10887145996094,,
GTVP.2T3.GPV.F,TGO,1983,94.30948638916016,,
GTVP.2T3.GPV.F,TGO,1984,94.33901977539063,,
GTVP.2T3.GPV.F,TGO,1985,93.79048919677734,,
GTVP.2T3.GPV.F,TGO,1986,93.68077850341797,,
GTVP.2T3.GPV.F,TGO,1987,93.24172973632813,,
GTVP.2T3.GPV.F,TGO,1988,92.98739624023438,,
GTVP.2T3.GPV.F,TGO,1989,93.56749725341797,,
GTVP.2T3.GPV.F,TGO,1990,94.00496673583984,,
GTVP.2T3.GPV.F,TGO,1991,93.19712829589844,,
GTVP.2T3.GPV.F,TGO,1992,94.3548583984375,,
GTVP.2T3.GPV.F,TGO,1994,94.29019927978516,,
GTVP.2T3.GPV.F,TGO,1995,94.73409271240234,,
GTVP.2T3.GPV.F,TGO,1996,95.55088806152344,,
GTVP.2T3.GPV.F,TGO,1997,94.61077880859375,,
GTVP.2T3.GPV.F,TGO,1999,94.21388244628906,,
GTVP.2T3.GPV.F,TGO,2000,94.25572204589844,,
GTVP.2T3.GPV.F,TGO,2001,93.3848876953125,,
GTVP.2T3.GPV.F,TGO,2002,94.20781707763672,,
GTVP.2T3.GPV.F,TGO,2003,94.55731201171875,,
GTVP.2T3.GPV.F,TGO,2004,94.81330108642578,,
GTVP.2T3.GPV.F,TGO,2005,92.91059875488281,,
GTVP.2T3.GPV.F,TGO,2006,92.96150970458984,,
GTVP.2T3.GPV.F,TGO,2007,91.35748291015625,,UIS_EST
GTVP.2T3.GPV.F,TGO,2017,94.41110229492188,,
GTVP.2T3.GPV.F,TGO,2021,94.42317962646484,,
GTVP.2T3.GPV.F,TGO,2023,93.86345672607422,,
GTVP.2T3.GPV.GPIA,TGO,1971,.9081599712371826,,
GTVP.2T3.GPV.GPIA,TGO,1972,.9416999816894531,,
GTVP.2T3.GPV.GPIA,TGO,1973,.9531999826431274,,
GTVP.2T3.GPV.GPIA,TGO,1974,.9610599875450134,,
GTVP.2T3.GPV.GPIA,TGO,1975,.9669700264930725,,
GTVP.2T3.GPV.GPIA,TGO,1976,.9701799750328064,,
GTVP.2T3.GPV.GPIA,TGO,1977,.9965699911117554,,
GTVP.2T3.GPV.GPIA,TGO,1978,.9847800135612488,,
GTVP.2T3.GPV.GPIA,TGO,1979,.9760500192642212,,
GTVP.2T3.GPV.GPIA,TGO,1980,.9804199934005737,,
GTVP.2T3.GPV.GPIA,TGO,1982,.9832599759101868,,
GTVP.2T3.GPV.GPIA,TGO,1983,.9937099814414978,,
GTVP.2T3.GPV.GPIA,TGO,1984,1.003780007362366,,
GTVP.2T3.GPV.GPIA,TGO,1985,.9969099760055542,,
GTVP.2T3.GPV.GPIA,TGO,1986,.9910600185394287,,
GTVP.2T3.GPV.GPIA,TGO,1987,.9935600161552429,,
GTVP.2T3.GPV.GPIA,TGO,1988,.9846699833869934,,
GTVP.2T3.GPV.GPIA,TGO,1989,.9922599792480469,,
GTVP.2T3.GPV.GPIA,TGO,1990,.9941800236701965,,
GTVP.2T3.GPV.GPIA,TGO,1991,.9983000159263611,,
GTVP.2T3.GPV.GPIA,TGO,1992,1.003589987754822,,
GTVP.2T3.GPV.GPIA,TGO,1994,1.005730032920837,,
GTVP.2T3.GPV.GPIA,TGO,1995,.9958800077438354,,
GTVP.2T3.GPV.GPIA,TGO,1996,1.002239942550659,,
GTVP.2T3.GPV.GPIA,TGO,1997,.9957299828529358,,
GTVP.2T3.GPV.GPIA,TGO,1999,1.013100028038025,,
GTVP.2T3.GPV.GPIA,TGO,2000,1.001350045204163,,
GTVP.2T3.GPV.GPIA,TGO,2001,.9972800016403198,,
GTVP.2T3.GPV.GPIA,TGO,2002,1.003250002861023,,
GTVP.2T3.GPV.GPIA,TGO,2003,1.003469944000244,,
GTVP.2T3.GPV.GPIA,TGO,2004,1.001569986343384,,
GTVP.2T3.GPV.GPIA,TGO,2005,.9944900274276733,,
GTVP.2T3.GPV.GPIA,TGO,2006,.9906899929046631,,
GTVP.2T3.GPV.GPIA,TGO,2007,.9858800172805786,,UIS_EST
GTVP.2T3.GPV.GPIA,TGO,2017,1.003829956054688,,
GTVP.2T3.GPV.GPIA,TGO,2021,1.011780023574829,,
GTVP.2T3.GPV.GPIA,TGO,2023,1.023779988288879,,
GTVP.2T3.GPV.M,TGO,1971,91.62615966796875,,
GTVP.2T3.GPV.M,TGO,1972,91.56104278564453,,
GTVP.2T3.GPV.M,TGO,1973,91.52713012695313,,
GTVP.2T3.GPV.M,TGO,1974,91.73741149902344,,
GTVP.2T3.GPV.M,TGO,1975,92.22016143798828,,
GTVP.2T3.GPV.M,TGO,1976,92.51741790771484,,
GTVP.2T3.GPV.M,TGO,1977,91.93846893310547,,
GTVP.2T3.GPV.M,TGO,1978,92.35485076904297,,
GTVP.2T3.GPV.M,TGO,1979,93.534912109375,,
GTVP.2T3.GPV.M,TGO,1980,94.11776733398438,,
GTVP.2T3.GPV.M,TGO,1982,94.69422149658203,,
GTVP.2T3.GPV.M,TGO,1983,94.90605163574219,,
GTVP.2T3.GPV.M,TGO,1984,93.98219299316406,,
GTVP.2T3.GPV.M,TGO,1985,94.08130645751953,,
GTVP.2T3.GPV.M,TGO,1986,94.52594757080078,,
GTVP.2T3.GPV.M,TGO,1987,93.84648132324219,,
GTVP.2T3.GPV.M,TGO,1988,94.43460845947266,,
GTVP.2T3.GPV.M,TGO,1989,94.29766082763672,,
GTVP.2T3.GPV.M,TGO,1990,94.55570220947266,,
GTVP.2T3.GPV.M,TGO,1991,93.35565948486328,,
GTVP.2T3.GPV.M,TGO,1992,94.01644897460938,,
GTVP.2T3.GPV.M,TGO,1994,93.7501220703125,,
GTVP.2T3.GPV.M,TGO,1995,95.12625885009766,,
GTVP.2T3.GPV.M,TGO,1996,95.33638763427734,,
GTVP.2T3.GPV.M,TGO,1997,95.01679992675781,,
GTVP.2T3.GPV.M,TGO,1999,92.97979736328125,,
GTVP.2T3.GPV.M,TGO,2000,94.12824249267578,,
GTVP.2T3.GPV.M,TGO,2001,93.63954925537109,,
GTVP.2T3.GPV.M,TGO,2002,93.90189361572266,,
GTVP.2T3.GPV.M,TGO,2003,94.228759765625,,
GTVP.2T3.GPV.M,TGO,2004,94.66477203369141,,
GTVP.2T3.GPV.M,TGO,2005,93.42562866210938,,
GTVP.2T3.GPV.M,TGO,2006,93.83499145507813,,
GTVP.2T3.GPV.M,TGO,2007,92.66548919677734,,UIS_EST
GTVP.2T3.GPV.M,TGO,2017,94.049560546875,,
GTVP.2T3.GPV.M,TGO,2021,93.31111145019531,,
GTVP.2T3.GPV.M,TGO,2023,91.63095855712891,,
GTVP.2T3.V,TGO,1971,10.2576904296875,,
GTVP.2T3.V,TGO,1972,9.759679794311523,,
GTVP.2T3.V,TGO,1973,9.48606014251709,,
GTVP.2T3.V,TGO,1974,9.111490249633789,,
GTVP.2T3.V,TGO,1975,8.487039566040039,,
GTVP.2T3.V,TGO,1976,8.139249801635742,,
GTVP.2T3.V,TGO,1977,8.133649826049805,,
GTVP.2T3.V,TGO,1978,7.969600200653076,,
GTVP.2T3.V,TGO,1979,6.999030113220215,,
GTVP.2T3.V,TGO,1980,6.327899932861328,,
GTVP.2T3.V,TGO,1982,5.707779884338379,,
GTVP.2T3.V,TGO,1983,5.243229866027832,,
GTVP.2T3.V,TGO,1984,5.930049896240234,,
GTVP.2T3.V,TGO,1985,5.988580226898193,,
GTVP.2T3.V,TGO,1986,5.67441987991333,,
GTVP.2T3.V,TGO,1987,6.296070098876953,,
GTVP.2T3.V,TGO,1988,5.92165994644165,,
GTVP.2T3.V,TGO,1989,5.876649856567383,,
GTVP.2T3.V,TGO,1990,5.584790229797363,,
GTVP.2T3.V,TGO,1991,6.684460163116455,,
GTVP.2T3.V,TGO,1992,5.899980068206787,,
GTVP.2T3.V,TGO,1994,6.111820220947266,,
GTVP.2T3.V,TGO,1995,4.976260185241699,,
GTVP.2T3.V,TGO,1996,4.607600212097168,,
GTVP.2T3.V,TGO,1997,5.091609954833984,,
GTVP.2T3.V,TGO,1999,6.667009830474854,,
GTVP.2T3.V,TGO,2000,5.832369804382324,,
GTVP.2T3.V,TGO,2001,6.440499782562256,,
GTVP.2T3.V,TGO,2002,5.999269962310791,,
GTVP.2T3.V,TGO,2003,5.6628098487854,,
GTVP.2T3.V,TGO,2004,5.284709930419922,,
GTVP.2T3.V,TGO,2005,6.753029823303223,,
GTVP.2T3.V,TGO,2006,6.47346019744873,,
GTVP.2T3.V,TGO,2007,7.786990165710449,,
GTVP.2T3.V,TGO,2011,5.051290035247803,,
GTVP.2T3.V,TGO,2017,5.79875788001632,,
GTVP.2T3.V,TGO,2021,6.192211985297309,,
GTVP.2T3.V,TGO,2023,7.34068753318896,,
GTVP.2T3.V.F,TGO,1971,16.7884693145752,,
GTVP.2T3.V.F,TGO,1972,13.77725028991699,,
GTVP.2T3.V.F,TGO,1973,12.75675964355469,,
GTVP.2T3.V.F,TGO,1974,11.83458042144775,,
GTVP.2T3.V.F,TGO,1975,10.82548046112061,,
GTVP.2T3.V.F,TGO,1976,10.24135971069336,,
GTVP.2T3.V.F,TGO,1977,8.376879692077637,,
GTVP.2T3.V.F,TGO,1978,9.050729751586914,,
GTVP.2T3.V.F,TGO,1979,8.704950332641602,,
GTVP.2T3.V.F,TGO,1980,7.725389957427979,,
GTVP.2T3.V.F,TGO,1982,6.891129970550537,,
GTVP.2T3.V.F,TGO,1983,5.690509796142578,,
GTVP.2T3.V.F,TGO,1984,5.660980224609375,,
GTVP.2T3.V.F,TGO,1985,6.20950984954834,,
GTVP.2T3.V.F,TGO,1986,6.319220066070557,,
GTVP.2T3.V.F,TGO,1987,6.758269786834717,,
GTVP.2T3.V.F,TGO,1988,7.012599945068359,,
GTVP.2T3.V.F,TGO,1989,6.432499885559082,,
GTVP.2T3.V.F,TGO,1990,5.995029926300049,,
GTVP.2T3.V.F,TGO,1991,6.80286979675293,,
GTVP.2T3.V.F,TGO,1992,5.645140171051025,,
GTVP.2T3.V.F,TGO,1994,5.709799766540527,,
GTVP.2T3.V.F,TGO,1995,5.265910148620605,,
GTVP.2T3.V.F,TGO,1996,4.44911003112793,,
GTVP.2T3.V.F,TGO,1997,5.389220237731934,,
GTVP.2T3.V.F,TGO,1999,5.786119937896729,,
GTVP.2T3.V.F,TGO,2000,5.744279861450195,,
GTVP.2T3.V.F,TGO,2001,6.615109920501709,,
GTVP.2T3.V.F,TGO,2002,5.792180061340332,,
GTVP.2T3.V.F,TGO,2003,5.442689895629883,,
GTVP.2T3.V.F,TGO,2004,5.186699867248535,,
GTVP.2T3.V.F,TGO,2005,7.089399814605713,,
GTVP.2T3.V.F,TGO,2006,7.038489818572998,,
GTVP.2T3.V.F,TGO,2007,8.642519950866699,,UIS_EST
GTVP.2T3.V.F,TGO,2017,5.588900089263916,,
GTVP.2T3.V.F,TGO,2021,5.576819896697998,,
GTVP.2T3.V.F,TGO,2023,6.136539936065674,,
GTVP.2T3.V.GPIA,TGO,1971,1.501219987869263,,
GTVP.2T3.V.GPIA,TGO,1972,1.387470006942749,,
GTVP.2T3.V.GPIA,TGO,1973,1.335809946060181,,
GTVP.2T3.V.GPIA,TGO,1974,1.301830053329468,,
GTVP.2T3.V.GPIA,TGO,1975,1.281340003013611,,
GTVP.2T3.V.GPIA,TGO,1976,1.26937997341156,,
GTVP.2T3.V.GPIA,TGO,1977,1.037649989128113,,
GTVP.2T3.V.GPIA,TGO,1978,1.15530002117157,,
GTVP.2T3.V.GPIA,TGO,1979,1.257310032844543,,
GTVP.2T3.V.GPIA,TGO,1980,1.238579988479614,,
GTVP.2T3.V.GPIA,TGO,1982,1.23005998134613,,
GTVP.2T3.V.GPIA,TGO,1983,1.104830026626587,,
GTVP.2T3.V.GPIA,TGO,1984,.9406999945640564,,
GTVP.2T3.V.GPIA,TGO,1985,1.046830058097839,,
GTVP.2T3.V.GPIA,TGO,1986,1.133749961853027,,
GTVP.2T3.V.GPIA,TGO,1987,1.089480042457581,,
GTVP.2T3.V.GPIA,TGO,1988,1.206369996070862,,
GTVP.2T3.V.GPIA,TGO,1989,1.113510012626648,,
GTVP.2T3.V.GPIA,TGO,1990,1.091860055923462,,
GTVP.2T3.V.GPIA,TGO,1991,1.023300051689148,,
GTVP.2T3.V.GPIA,TGO,1992,.9434400200843811,,
GTVP.2T3.V.GPIA,TGO,1994,.9135900139808655,,
GTVP.2T3.V.GPIA,TGO,1995,1.074470043182373,,
GTVP.2T3.V.GPIA,TGO,1996,.954010009765625,,
GTVP.2T3.V.GPIA,TGO,1997,1.075340032577515,,
GTVP.2T3.V.GPIA,TGO,1999,.824209988117218,,
GTVP.2T3.V.GPIA,TGO,2000,.9782900214195251,,
GTVP.2T3.V.GPIA,TGO,2001,1.03849995136261,,
GTVP.2T3.V.GPIA,TGO,2002,.9498299956321716,,
GTVP.2T3.V.GPIA,TGO,2003,.9430699944496155,,
GTVP.2T3.V.GPIA,TGO,2004,.9721599817276001,,
GTVP.2T3.V.GPIA,TGO,2005,1.072649955749512,,
GTVP.2T3.V.GPIA,TGO,2006,1.124099969863892,,
GTVP.2T3.V.GPIA,TGO,2007,1.151350021362305,,UIS_EST
GTVP.2T3.V.GPIA,TGO,2017,.9392399787902832,,
GTVP.2T3.V.GPIA,TGO,2021,.8337399959564209,,
GTVP.2T3.V.GPIA,TGO,2023,.733240008354187,,
GTVP.2T3.V.M,TGO,1971,8.37384033203125,,
GTVP.2T3.V.M,TGO,1972,8.438960075378418,,
GTVP.2T3.V.M,TGO,1973,8.472869873046875,,
GTVP.2T3.V.M,TGO,1974,8.262590408325195,,
GTVP.2T3.V.M,TGO,1975,7.779839992523193,,
GTVP.2T3.V.M,TGO,1976,7.482580184936523,,
GTVP.2T3.V.M,TGO,1977,8.061530113220215,,
GTVP.2T3.V.M,TGO,1978,7.645150184631348,,
GTVP.2T3.V.M,TGO,1979,6.465089797973633,,
GTVP.2T3.V.M,TGO,1980,5.882229804992676,,
GTVP.2T3.V.M,TGO,1982,5.305779933929443,,
GTVP.2T3.V.M,TGO,1983,5.093949794769287,,
GTVP.2T3.V.M,TGO,1984,6.017809867858887,,
GTVP.2T3.V.M,TGO,1985,5.918690204620361,,
GTVP.2T3.V.M,TGO,1986,5.474050045013428,,
GTVP.2T3.V.M,TGO,1987,6.153520107269287,,
GTVP.2T3.V.M,TGO,1988,5.565390110015869,,
GTVP.2T3.V.M,TGO,1989,5.702340126037598,,
GTVP.2T3.V.M,TGO,1990,5.444300174713135,,
GTVP.2T3.V.M,TGO,1991,6.644340038299561,,
GTVP.2T3.V.M,TGO,1992,5.983550071716309,,
GTVP.2T3.V.M,TGO,1994,6.249879837036133,,
GTVP.2T3.V.M,TGO,1995,4.873740196228027,,
GTVP.2T3.V.M,TGO,1996,4.663609981536865,,
GTVP.2T3.V.M,TGO,1997,4.983200073242188,,
GTVP.2T3.V.M,TGO,1999,7.020199775695801,,
GTVP.2T3.V.M,TGO,2000,5.87175989151001,,
GTVP.2T3.V.M,TGO,2001,6.36044979095459,,
GTVP.2T3.V.M,TGO,2002,6.098110198974609,,
GTVP.2T3.V.M,TGO,2003,5.771240234375,,
GTVP.2T3.V.M,TGO,2004,5.335229873657227,,
GTVP.2T3.V.M,TGO,2005,6.57436990737915,,
GTVP.2T3.V.M,TGO,2006,6.16500997543335,,
GTVP.2T3.V.M,TGO,2007,7.33450984954834,,UIS_EST
GTVP.2T3.V.M,TGO,2017,5.950439929962158,,
GTVP.2T3.V.M,TGO,2021,6.688889980316162,,
GTVP.2T3.V.M,TGO,2023,8.369039535522461,,
GTVP.3.GPV,TGO,1999,76.52414703369141,,
GTVP.3.GPV,TGO,2000,77.572021484375,,UIS_EST
GTVP.3.GPV,TGO,2003,76.08071136474609,,UIS_EST
GTVP.3.GPV,TGO,2004,77.08954620361328,,
GTVP.3.GPV,TGO,2005,73.02816009521484,,
GTVP.3.GPV,TGO,2006,75.08123016357422,,
GTVP.3.GPV,TGO,2007,74.5721435546875,,UIS_EST
GTVP.3.GPV,TGO,2011,84.35772913816689,,
GTVP.3.GPV,TGO,2017,81.06808346256558,,
GTVP.3.GPV,TGO,2020,84.20718641074927,,
GTVP.3.GPV,TGO,2021,84.30498121570852,,
GTVP.3.GPV,TGO,2023,84.40122166854204,,
GTVP.3.GPV.F,TGO,1999,71.29971313476563,,
GTVP.3.GPV.F,TGO,2000,70.6033935546875,,UIS_EST
GTVP.3.GPV.F,TGO,2003,64.57534027099609,,UIS_EST
GTVP.3.GPV.F,TGO,2004,65.46452331542969,,
GTVP.3.GPV.F,TGO,2005,62.02077102661133,,
GTVP.3.GPV.F,TGO,2006,63.58007049560547,,
GTVP.3.GPV.F,TGO,2007,63.13544845581055,,UIS_EST
GTVP.3.GPV.F,TGO,2017,74.84613800048828,,
GTVP.3.GPV.F,TGO,2020,79.12647247314453,,
GTVP.3.GPV.F,TGO,2021,80.04126739501953,,
GTVP.3.GPV.F,TGO,2023,81.07260894775391,,
GTVP.3.GPV.GPIA,TGO,1999,.9154400229454041,,
GTVP.3.GPV.GPIA,TGO,2000,.8855500221252441,,UIS_EST
GTVP.3.GPV.GPIA,TGO,2003,.805869996547699,,UIS_EST
GTVP.3.GPV.GPIA,TGO,2004,.8045099973678589,,
GTVP.3.GPV.GPIA,TGO,2005,.8002600073814392,,
GTVP.3.GPV.GPIA,TGO,2006,.7962300181388855,,
GTVP.3.GPV.GPIA,TGO,2007,.79544997215271,,UIS_EST
GTVP.3.GPV.GPIA,TGO,2017,.8844199776649475,,
GTVP.3.GPV.GPIA,TGO,2020,.9017900228500366,,
GTVP.3.GPV.GPIA,TGO,2021,.9154199957847595,,
GTVP.3.GPV.GPIA,TGO,2023,.9293000102043152,,
GTVP.3.GPV.M,TGO,1999,77.88593292236328,,
GTVP.3.GPV.M,TGO,2000,79.72795867919922,,UIS_EST
GTVP.3.GPV.M,TGO,2003,80.13089752197266,,UIS_EST
GTVP.3.GPV.M,TGO,2004,81.37232971191406,,
GTVP.3.GPV.M,TGO,2005,77.50102996826172,,
GTVP.3.GPV.M,TGO,2006,79.85173797607422,,
GTVP.3.GPV.M,TGO,2007,79.37093353271484,,UIS_EST
GTVP.3.GPV.M,TGO,2017,84.62722778320313,,
GTVP.3.GPV.M,TGO,2020,87.74362945556641,,
GTVP.3.GPV.M,TGO,2021,87.4365234375,,
GTVP.3.GPV.M,TGO,2023,87.24021911621094,,
GTVP.3.V,TGO,1999,23.47584915161133,,
GTVP.3.V,TGO,2000,22.42798042297363,,UIS_EST
GTVP.3.V,TGO,2003,23.91929054260254,,UIS_EST
GTVP.3.V,TGO,2004,22.91044998168945,,
GTVP.3.V,TGO,2005,26.97183990478516,,
GTVP.3.V,TGO,2006,24.91876983642578,,
GTVP.3.V,TGO,2007,25.42786026000977,,UIS_EST
GTVP.3.V,TGO,2011,15.6422708618331,,
GTVP.3.V,TGO,2017,18.93191653743443,,
GTVP.3.V,TGO,2020,15.79281358925073,,
GTVP.3.V,TGO,2021,15.69501878429147,,
GTVP.3.V,TGO,2023,15.59877833145797,,
GTVP.3.V.F,TGO,1999,28.70029067993164,,
GTVP.3.V.F,TGO,2000,29.39661026000977,,UIS_EST
GTVP.3.V.F,TGO,2003,35.42465972900391,,UIS_EST
GTVP.3.V.F,TGO,2004,34.53548049926758,,
GTVP.3.V.F,TGO,2005,37.97922897338867,,
GTVP.3.V.F,TGO,2006,36.41992950439453,,
GTVP.3.V.F,TGO,2007,36.86455154418945,,UIS_EST
GTVP.3.V.F,TGO,2017,25.15386009216309,,
GTVP.3.V.F,TGO,2020,20.8735294342041,,
GTVP.3.V.F,TGO,2021,19.95873069763184,,
GTVP.3.V.F,TGO,2023,18.92738914489746,,
GTVP.3.V.GPIA,TGO,1999,1.229480028152466,,
GTVP.3.V.GPIA,TGO,2000,1.310400009155273,,UIS_EST
GTVP.3.V.GPIA,TGO,2003,1.439120054244995,,UIS_EST
GTVP.3.V.GPIA,TGO,2004,1.460620045661926,,
GTVP.3.V.GPIA,TGO,2005,1.407600045204163,,
GTVP.3.V.GPIA,TGO,2006,1.44677996635437,,
GTVP.3.V.GPIA,TGO,2007,1.440410017967224,,UIS_EST
GTVP.3.V.GPIA,TGO,2017,1.388849973678589,,
GTVP.3.V.GPIA,TGO,2020,1.412829995155334,,
GTVP.3.V.GPIA,TGO,2021,1.370530009269714,,
GTVP.3.V.GPIA,TGO,2023,1.325860023498535,,
GTVP.3.V.M,TGO,1999,22.11407089233398,,
GTVP.3.V.M,TGO,2000,20.27203941345215,,UIS_EST
GTVP.3.V.M,TGO,2003,19.86910057067871,,UIS_EST
GTVP.3.V.M,TGO,2004,18.62767028808594,,
GTVP.3.V.M,TGO,2005,22.49897003173828,,
GTVP.3.V.M,TGO,2006,20.14826011657715,,
GTVP.3.V.M,TGO,2007,20.62907028198242,,UIS_EST
GTVP.3.V.M,TGO,2017,15.37277030944824,,
GTVP.3.V.M,TGO,2020,12.25636959075928,,
GTVP.3.V.M,TGO,2021,12.56348037719727,,
GTVP.3.V.M,TGO,2023,12.75977993011475,,
GTVP.4.GPV,TGO,1999,100,,
GTVP.4.GPV.F,TGO,1999,100,,
GTVP.4.GPV.GPIA,TGO,1999,1,,
GTVP.4.GPV.M,TGO,1999,100,,
GTVP.4.V,TGO,2020,100,,
GTVP.4.V,TGO,2021,100,,
GTVP.4.V.F,TGO,2020,100,,
GTVP.4.V.F,TGO,2021,100,,
GTVP.4.V.GPIA,TGO,2020,1,,
GTVP.4.V.GPIA,TGO,2021,1,,
GTVP.4.V.M,TGO,2020,100,,
GTVP.4.V.M,TGO,2021,100,,
GTVP.5.GPV,TGO,2011,0,NIL,
GTVP.5.GPV,TGO,2012,0,NIL,
GTVP.5.GPV,TGO,2013,0,NIL,
GTVP.5.GPV,TGO,2014,0,NIL,
GTVP.5.GPV,TGO,2015,0,NIL,
GTVP.5.GPV,TGO,2016,0,NIL,
GTVP.5.GPV,TGO,2017,0,NIL,
GTVP.5.GPV,TGO,2018,0,NIL,
GTVP.5.GPV,TGO,2019,0,NIL,
GTVP.5.GPV,TGO,2020,0,NIL,
GTVP.5.GPV.F,TGO,2011,0,NIL,
GTVP.5.GPV.F,TGO,2012,0,NIL,
GTVP.5.GPV.F,TGO,2013,0,NIL,
GTVP.5.GPV.F,TGO,2014,0,NIL,
GTVP.5.GPV.F,TGO,2015,0,NIL,
GTVP.5.GPV.F,TGO,2016,0,NIL,
GTVP.5.GPV.F,TGO,2017,0,NIL,
GTVP.5.GPV.F,TGO,2018,0,NIL,
GTVP.5.GPV.F,TGO,2019,0,NIL,
GTVP.5.GPV.F,TGO,2020,0,NIL,
GTVP.5.GPV.M,TGO,2011,0,NIL,
GTVP.5.GPV.M,TGO,2012,0,NIL,
GTVP.5.GPV.M,TGO,2013,0,NIL,
GTVP.5.GPV.M,TGO,2014,0,NIL,
GTVP.5.GPV.M,TGO,2015,0,NIL,
GTVP.5.GPV.M,TGO,2016,0,NIL,
GTVP.5.GPV.M,TGO,2017,0,NIL,
GTVP.5.GPV.M,TGO,2018,0,NIL,
GTVP.5.GPV.M,TGO,2019,0,NIL,
GTVP.5.GPV.M,TGO,2020,0,NIL,
GTVP.5.V,TGO,2011,100,,
GTVP.5.V,TGO,2012,100,,
GTVP.5.V,TGO,2013,100,,
GTVP.5.V,TGO,2014,100,,
GTVP.5.V,TGO,2015,100,,
GTVP.5.V,TGO,2016,100,,
GTVP.5.V,TGO,2017,100,,
GTVP.5.V,TGO,2018,100,,
GTVP.5.V,TGO,2019,100,,
GTVP.5.V,TGO,2020,100,,
GTVP.5.V.F,TGO,2011,100,,
GTVP.5.V.F,TGO,2012,100,,
GTVP.5.V.F,TGO,2013,100,,
GTVP.5.V.F,TGO,2014,100,,
GTVP.5.V.F,TGO,2015,100,,
GTVP.5.V.F,TGO,2016,100,,
GTVP.5.V.F,TGO,2017,100,,
GTVP.5.V.F,TGO,2018,100,,
GTVP.5.V.F,TGO,2019,100,,
GTVP.5.V.F,TGO,2020,100,,
GTVP.5.V.GPIA,TGO,2011,1,,
GTVP.5.V.GPIA,TGO,2012,1,,
GTVP.5.V.GPIA,TGO,2013,1,,
GTVP.5.V.GPIA,TGO,2014,1,,
GTVP.5.V.GPIA,TGO,2015,1,,
GTVP.5.V.GPIA,TGO,2016,1,,
GTVP.5.V.GPIA,TGO,2017,1,,
GTVP.5.V.GPIA,TGO,2018,1,,
GTVP.5.V.GPIA,TGO,2019,1,,
GTVP.5.V.GPIA,TGO,2020,1,,
GTVP.5.V.M,TGO,2011,100,,
GTVP.5.V.M,TGO,2012,100,,
GTVP.5.V.M,TGO,2013,100,,
GTVP.5.V.M,TGO,2014,100,,
GTVP.5.V.M,TGO,2015,100,,
GTVP.5.V.M,TGO,2016,100,,
GTVP.5.V.M,TGO,2017,100,,
GTVP.5.V.M,TGO,2018,100,,
GTVP.5.V.M,TGO,2019,100,,
GTVP.5.V.M,TGO,2020,100,,
ILLPOP.AG15T24,TGO,2000,272418,,
ILLPOP.AG15T24,TGO,2006,279131,,
ILLPOP.AG15T24,TGO,2009,241080,,
ILLPOP.AG15T24,TGO,2010,288995,,
ILLPOP.AG15T24,TGO,2011,267927,,
ILLPOP.AG15T24,TGO,2015,229583,,
ILLPOP.AG15T24,TGO,2019,188633,,
ILLPOP.AG15T24.F,TGO,2000,187972,,
ILLPOP.AG15T24.F,TGO,2006,188604,,
ILLPOP.AG15T24.F,TGO,2009,161269,,
ILLPOP.AG15T24.F,TGO,2010,199450,,
ILLPOP.AG15T24.F,TGO,2011,180011,,
ILLPOP.AG15T24.F,TGO,2015,154394,,
ILLPOP.AG15T24.F,TGO,2019,125267,,
ILLPOP.AG15T24.M,TGO,2000,84446,,
ILLPOP.AG15T24.M,TGO,2006,90527,,
ILLPOP.AG15T24.M,TGO,2009,79811,,
ILLPOP.AG15T24.M,TGO,2010,89545,,
ILLPOP.AG15T24.M,TGO,2011,87916,,
ILLPOP.AG15T24.M,TGO,2015,75189,,
ILLPOP.AG15T24.M,TGO,2019,63366,,
ILLPOP.AG15T24.RUR,TGO,2009,180289,,
ILLPOP.AG15T24.RUR,TGO,2010,222006,,
ILLPOP.AG15T24.RUR,TGO,2011,198526,,
ILLPOP.AG15T24.RUR,TGO,2015,174240,,
ILLPOP.AG15T24.RUR,TGO,2019,153086,,
ILLPOP.AG15T24.RUR.F,TGO,2009,115743,,
ILLPOP.AG15T24.RUR.F,TGO,2010,154034,,
ILLPOP.AG15T24.RUR.F,TGO,2011,128740,,
ILLPOP.AG15T24.RUR.F,TGO,2015,110989,,
ILLPOP.AG15T24.RUR.F,TGO,2019,100605,,
ILLPOP.AG15T24.RUR.M,TGO,2009,64546,,
ILLPOP.AG15T24.RUR.M,TGO,2010,67971,,
ILLPOP.AG15T24.RUR.M,TGO,2011,69786,,
ILLPOP.AG15T24.RUR.M,TGO,2015,63251,,
ILLPOP.AG15T24.RUR.M,TGO,2019,52482,,
ILLPOP.AG15T24.URB,TGO,2009,60791,,
ILLPOP.AG15T24.URB,TGO,2010,66989,,
ILLPOP.AG15T24.URB,TGO,2011,69401,,
ILLPOP.AG15T24.URB,TGO,2015,55343,,
ILLPOP.AG15T24.URB,TGO,2019,35547,,
ILLPOP.AG15T24.URB.F,TGO,2009,45526,,
ILLPOP.AG15T24.URB.F,TGO,2010,45416,,
ILLPOP.AG15T24.URB.F,TGO,2011,51271,,
ILLPOP.AG15T24.URB.F,TGO,2015,43405,,
ILLPOP.AG15T24.URB.F,TGO,2019,24662,,
ILLPOP.AG15T24.URB.M,TGO,2009,15265,,
ILLPOP.AG15T24.URB.M,TGO,2010,21573,,
ILLPOP.AG15T24.URB.M,TGO,2011,18130,,
ILLPOP.AG15T24.URB.M,TGO,2015,11938,,
ILLPOP.AG15T24.URB.M,TGO,2019,10884,,
ILLPOP.AG15T99,TGO,2000,1351869,,
ILLPOP.AG15T99,TGO,2006,1470933,,
ILLPOP.AG15T99,TGO,2009,1611921,,
ILLPOP.AG15T99,TGO,2010,1613743,,
ILLPOP.AG15T99,TGO,2011,1554472,,
ILLPOP.AG15T99,TGO,2015,1582242,,
ILLPOP.AG15T99,TGO,2019,1600394,,
ILLPOP.AG15T99.F,TGO,2000,902093,,
ILLPOP.AG15T99.F,TGO,2006,962073,,
ILLPOP.AG15T99.F,TGO,2009,1068891,,
ILLPOP.AG15T99.F,TGO,2010,1062744,,
ILLPOP.AG15T99.F,TGO,2011,1038610,,
ILLPOP.AG15T99.F,TGO,2015,1078932,,
ILLPOP.AG15T99.F,TGO,2019,1105947,,
ILLPOP.AG15T99.M,TGO,2000,449776,,
ILLPOP.AG15T99.M,TGO,2006,508860,,
ILLPOP.AG15T99.M,TGO,2009,543030,,
ILLPOP.AG15T99.M,TGO,2010,550999,,
ILLPOP.AG15T99.M,TGO,2011,515862,,
ILLPOP.AG15T99.M,TGO,2015,503310,,
ILLPOP.AG15T99.M,TGO,2019,494447,,
ILLPOP.AG15T99.RUR,TGO,2009,1159331,,
ILLPOP.AG15T99.RUR,TGO,2010,1241348,,
ILLPOP.AG15T99.RUR,TGO,2011,1188715,,
ILLPOP.AG15T99.RUR,TGO,2015,1188616,,
ILLPOP.AG15T99.RUR,TGO,2019,1263511,,
ILLPOP.AG15T99.RUR.F,TGO,2009,729885,,
ILLPOP.AG15T99.RUR.F,TGO,2010,796725,,
ILLPOP.AG15T99.RUR.F,TGO,2011,770110,,
ILLPOP.AG15T99.RUR.F,TGO,2015,779546,,
ILLPOP.AG15T99.RUR.F,TGO,2019,834815,,
ILLPOP.AG15T99.RUR.M,TGO,2009,429447,,
ILLPOP.AG15T99.RUR.M,TGO,2010,444623,,
ILLPOP.AG15T99.RUR.M,TGO,2011,418604,,
ILLPOP.AG15T99.RUR.M,TGO,2015,409069,,
ILLPOP.AG15T99.RUR.M,TGO,2019,428696,,
ILLPOP.AG15T99.URB,TGO,2009,452589,,
ILLPOP.AG15T99.URB,TGO,2010,372396,,
ILLPOP.AG15T99.URB,TGO,2011,365757,,
ILLPOP.AG15T99.URB,TGO,2015,393626,,
ILLPOP.AG15T99.URB,TGO,2019,336883,,
ILLPOP.AG15T99.URB.F,TGO,2009,339006,,
ILLPOP.AG15T99.URB.F,TGO,2010,266019,,
ILLPOP.AG15T99.URB.F,TGO,2011,268500,,
ILLPOP.AG15T99.URB.F,TGO,2015,299386,,
ILLPOP.AG15T99.URB.F,TGO,2019,271132,,
ILLPOP.AG15T99.URB.M,TGO,2009,113583,,
ILLPOP.AG15T99.URB.M,TGO,2010,106377,,
ILLPOP.AG15T99.URB.M,TGO,2011,97258,,
ILLPOP.AG15T99.URB.M,TGO,2015,94241,,
ILLPOP.AG15T99.URB.M,TGO,2019,65751,,
ILLPOPF.AG15T24,TGO,2000,69,,
ILLPOPF.AG15T24,TGO,2006,68,,
ILLPOPF.AG15T24,TGO,2009,67,,
ILLPOPF.AG15T24,TGO,2010,69,,
ILLPOPF.AG15T24,TGO,2011,67,,
ILLPOPF.AG15T24,TGO,2015,67,,
ILLPOPF.AG15T24,TGO,2019,66,,
ILLPOPF.AG15T24.RUR,TGO,2009,64,,
ILLPOPF.AG15T24.RUR,TGO,2010,69,,
ILLPOPF.AG15T24.RUR,TGO,2011,65,,
ILLPOPF.AG15T24.RUR,TGO,2015,64,,
ILLPOPF.AG15T24.RUR,TGO,2019,66,,
ILLPOPF.AG15T24.URB,TGO,2009,75,,
ILLPOPF.AG15T24.URB,TGO,2010,68,,
ILLPOPF.AG15T24.URB,TGO,2011,74,,
ILLPOPF.AG15T24.URB,TGO,2015,78,,
ILLPOPF.AG15T24.URB,TGO,2019,69,,
ILLPOPF.AG15T99,TGO,2000,67,,
ILLPOPF.AG15T99,TGO,2006,65,,
ILLPOPF.AG15T99,TGO,2009,66,,
ILLPOPF.AG15T99,TGO,2010,66,,
ILLPOPF.AG15T99,TGO,2011,67,,
ILLPOPF.AG15T99,TGO,2015,68,,
ILLPOPF.AG15T99,TGO,2019,69,,
ILLPOPF.AG15T99.RUR,TGO,2009,63,,
ILLPOPF.AG15T99.RUR,TGO,2010,64,,
ILLPOPF.AG15T99.RUR,TGO,2011,65,,
ILLPOPF.AG15T99.RUR,TGO,2015,66,,
ILLPOPF.AG15T99.RUR,TGO,2019,66,,
ILLPOPF.AG15T99.URB,TGO,2009,75,,
ILLPOPF.AG15T99.URB,TGO,2010,71,,
ILLPOPF.AG15T99.URB,TGO,2011,73,,
ILLPOPF.AG15T99.URB,TGO,2015,76,,
ILLPOPF.AG15T99.URB,TGO,2019,80,,
MENF.5T8,TGO,1999,-3352,,UIS_EST
MENF.5T8,TGO,2007,-4692,,UIS_EST
MENF.5T8,TGO,2021,33106,,UIS_EST
MENF.5T8.F,TGO,2021,33983,,UIS_EST
MENF.5T8.GPIA,TGO,2021,2.02581000328064,,UIS_EST
MENF.5T8.M,TGO,1999,-3530,,UIS_EST
MENF.5T8.M,TGO,2007,-4841,,UIS_EST
MENF.5T8.M,TGO,2021,-877,,UIS_EST
MENFR.5T8,TGO,2007,-14.43603038787842,,UIS_EST
MOGER.5T8.40500,TGO,1998,.3432900011539459,,UIS_EST
MOGER.5T8.40500,TGO,1999,.3321000039577484,,
MOGER.5T8.40500,TGO,2000,.3125700056552887,,UIS_EST
MOGER.5T8.40500,TGO,2001,.3535700142383575,,UIS_EST
MOGER.5T8.40500,TGO,2002,.4029699862003326,,UIS_EST
MOGER.5T8.40500,TGO,2003,.4663400053977966,,UIS_EST
MOGER.5T8.40500,TGO,2004,.4538899958133698,,UIS_EST
MOGER.5T8.40500,TGO,2005,.4985699951648712,,
MOGER.5T8.40500,TGO,2006,.4894999861717224,,UIS_EST
MOGER.5T8.40500,TGO,2007,.4634799957275391,,UIS_EST
MOGER.5T8.40500,TGO,2008,.4458099901676178,,UIS_EST
MOGER.5T8.40500,TGO,2009,.3945800065994263,,UIS_EST
MOGER.5T8.40500,TGO,2010,.3798399865627289,,UIS_EST
MOGER.5T8.40500,TGO,2011,.3940300047397614,,UIS_EST
MOGER.5T8.40500,TGO,2012,.3770299851894379,,UIS_EST
MOGER.5T8.40500,TGO,2013,.3417499959468842,,
MOGER.5T8.40500,TGO,2014,.3554100096225739,,
MOGER.5T8.40500,TGO,2015,.4793500006198883,,
MOGER.5T8.40500,TGO,2016,.3821699917316437,,
MOGER.5T8.40500,TGO,2017,.4219299852848053,,
MOGER.5T8.40500,TGO,2018,.4625200033187866,,
MOGER.5T8.40500,TGO,2019,.4687300026416779,,UIS_EST
MOGER.5T8.40500,TGO,2020,.5262299776077271,,
MOGER.5T8.40500,TGO,2021,.5544099807739258,,
MOGER.5T8.40500,TGO,2022,.5565900206565857,,
MOGER.5T8.40500,TGO,2023,.6184200048446655,,
MOGER.5T8.40500.F,TGO,2012,.222900003194809,,UIS_EST
MOGER.5T8.40500.F,TGO,2013,.2037100046873093,,UIS_EST
MOGER.5T8.40500.F,TGO,2014,.2261199951171875,,UIS_EST
MOGER.5T8.40500.F,TGO,2015,.3260700106620789,,UIS_EST
MOGER.5T8.40500.F,TGO,2016,.2420399934053421,,UIS_EST
MOGER.5T8.40500.F,TGO,2017,.2705299854278564,,UIS_EST
MOGER.5T8.40500.F,TGO,2018,.2962799966335297,,UIS_EST
MOGER.5T8.40500.F,TGO,2019,.3183600008487701,,UIS_EST
MOGER.5T8.40500.F,TGO,2020,.3760600090026855,,UIS_EST
MOGER.5T8.40500.F,TGO,2021,.3925600051879883,,UIS_EST
MOGER.5T8.40500.F,TGO,2022,.4015699923038483,,UIS_EST
MOGER.5T8.40500.F,TGO,2023,.4515500068664551,,UIS_EST
MOGER.5T8.40500.GPIA,TGO,2012,.4221000075340271,,UIS_EST
MOGER.5T8.40500.GPIA,TGO,2013,.427049994468689,,UIS_EST
MOGER.5T8.40500.GPIA,TGO,2014,.4690499901771545,,UIS_EST
MOGER.5T8.40500.GPIA,TGO,2015,.5179899930953979,,UIS_EST
MOGER.5T8.40500.GPIA,TGO,2016,.4660300016403198,,UIS_EST
MOGER.5T8.40500.GPIA,TGO,2017,.4744899868965149,,UIS_EST
MOGER.5T8.40500.GPIA,TGO,2018,.4738700091838837,,UIS_EST
MOGER.5T8.40500.GPIA,TGO,2019,.5169299840927124,,UIS_EST
MOGER.5T8.40500.GPIA,TGO,2020,.558709979057312,,UIS_EST
MOGER.5T8.40500.GPIA,TGO,2021,.5509099960327148,,UIS_EST
MOGER.5T8.40500.GPIA,TGO,2022,.5672000050544739,,UIS_EST
MOGER.5T8.40500.GPIA,TGO,2023,.5779899954795837,,UIS_EST
MOGER.5T8.40500.M,TGO,1970,0,NIL,
MOGER.5T8.40500.M,TGO,1971,0,NIL,
MOGER.5T8.40500.M,TGO,1972,0,NIL,
MOGER.5T8.40500.M,TGO,1973,0,NIL,
MOGER.5T8.40500.M,TGO,1974,0,NIL,
MOGER.5T8.40500.M,TGO,1975,0,NIL,
MOGER.5T8.40500.M,TGO,1976,0,NIL,
MOGER.5T8.40500.M,TGO,1977,0,NIL,
MOGER.5T8.40500.M,TGO,1978,0,NIL,
MOGER.5T8.40500.M,TGO,1979,0,NIL,
MOGER.5T8.40500.M,TGO,1980,0,NIL,
MOGER.5T8.40500.M,TGO,1981,0,NIL,
MOGER.5T8.40500.M,TGO,1982,0,NIL,
MOGER.5T8.40500.M,TGO,1983,0,NIL,
MOGER.5T8.40500.M,TGO,1984,0,NIL,
MOGER.5T8.40500.M,TGO,1985,0,NIL,
MOGER.5T8.40500.M,TGO,1986,0,NIL,
MOGER.5T8.40500.M,TGO,1987,0,NIL,
MOGER.5T8.40500.M,TGO,1988,0,NIL,
MOGER.5T8.40500.M,TGO,1989,0,NIL,
MOGER.5T8.40500.M,TGO,1990,0,NIL,
MOGER.5T8.40500.M,TGO,1991,0,NIL,
MOGER.5T8.40500.M,TGO,1992,0,NIL,
MOGER.5T8.40500.M,TGO,1993,0,NIL,
MOGER.5T8.40500.M,TGO,1994,0,NIL,
MOGER.5T8.40500.M,TGO,1995,0,NIL,
MOGER.5T8.40500.M,TGO,1996,0,NIL,
MOGER.5T8.40500.M,TGO,1997,0,NIL,
MOGER.5T8.40500.M,TGO,1998,.6838799715042114,,UIS_EST
MOGER.5T8.40500.M,TGO,1999,.6614400148391724,,
MOGER.5T8.40500.M,TGO,2000,.6224600076675415,,UIS_EST
MOGER.5T8.40500.M,TGO,2001,.7038900256156921,,UIS_EST
MOGER.5T8.40500.M,TGO,2002,.8018100261688232,,UIS_EST
MOGER.5T8.40500.M,TGO,2003,.9271699786186218,,UIS_EST
MOGER.5T8.40500.M,TGO,2004,.9016600251197815,,UIS_EST
MOGER.5T8.40500.M,TGO,2005,.9896699786186218,,
MOGER.5T8.40500.M,TGO,2006,.9709500074386597,,UIS_EST
MOGER.5T8.40500.M,TGO,2007,.9190300107002258,,UIS_EST
MOGER.5T8.40500.M,TGO,2008,.8835600018501282,,UIS_EST
MOGER.5T8.40500.M,TGO,2009,.7818700075149536,,UIS_EST
MOGER.5T8.40500.M,TGO,2010,.7524399757385254,,UIS_EST
MOGER.5T8.40500.M,TGO,2011,.7803800106048584,,UIS_EST
MOGER.5T8.40500.M,TGO,2012,.5280900001525879,,UIS_EST
MOGER.5T8.40500.M,TGO,2013,.4770199954509735,,UIS_EST
MOGER.5T8.40500.M,TGO,2014,.4820899963378906,,UIS_EST
MOGER.5T8.40500.M,TGO,2015,.6294900178909302,,UIS_EST
MOGER.5T8.40500.M,TGO,2016,.5193799734115601,,UIS_EST
MOGER.5T8.40500.M,TGO,2017,.5701500177383423,,UIS_EST
MOGER.5T8.40500.M,TGO,2018,.6252300143241882,,UIS_EST
MOGER.5T8.40500.M,TGO,2019,.6158599853515625,,UIS_EST
MOGER.5T8.40500.M,TGO,2020,.6730899810791016,,UIS_EST
MOGER.5T8.40500.M,TGO,2021,.7125700116157532,,UIS_EST
MOGER.5T8.40500.M,TGO,2022,.7079899907112122,,UIS_EST
MOGER.5T8.40500.M,TGO,2023,.78125,,UIS_EST
MOGER.5T8.40505,TGO,1998,0,NIL,UIS_EST
MOGER.5T8.40505,TGO,1999,0,NIL,UIS_EST
MOGER.5T8.40505,TGO,2000,0,NIL,UIS_EST
MOGER.5T8.40505,TGO,2001,0,NIL,
MOGER.5T8.40505,TGO,2002,0,NIL,UIS_EST
MOGER.5T8.40505,TGO,2003,0,NIL,
MOGER.5T8.40505,TGO,2004,0,NIL,
MOGER.5T8.40505,TGO,2005,0,NIL,
MOGER.5T8.40505,TGO,2006,0,NIL,
MOGER.5T8.40505,TGO,2007,0,NIL,
MOGER.5T8.40505,TGO,2008,0,NIL,
MOGER.5T8.40505,TGO,2009,0,NIL,
MOGER.5T8.40505,TGO,2010,0,NIL,
MOGER.5T8.40505,TGO,2011,0,NIL,
MOGER.5T8.40505,TGO,2012,0,NIL,
MOGER.5T8.40505,TGO,2013,0,NIL,
MOGER.5T8.40505,TGO,2014,0,NIL,
MOGER.5T8.40505,TGO,2015,0,NIL,
MOGER.5T8.40505,TGO,2016,0,NIL,
MOGER.5T8.40505,TGO,2017,.0001400000037393,,
MOGER.5T8.40505,TGO,2018,.0001400000037393,,
MOGER.5T8.40505,TGO,2019,0,NIL,
MOGER.5T8.40505,TGO,2020,.0001300000003539,,
MOGER.5T8.40505,TGO,2021,.0000900000013644,,UIS_EST
MOGER.5T8.40505,TGO,2022,.0001800000027288,,UIS_EST
MOGER.5T8.40505,TGO,2023,.0001500000071246,,UIS_EST
MOGER.5T8.40505.F,TGO,2012,0,NIL,UIS_EST
MOGER.5T8.40505.F,TGO,2013,0,NIL,UIS_EST
MOGER.5T8.40505.F,TGO,2014,0,NIL,UIS_EST
MOGER.5T8.40505.F,TGO,2015,0,NIL,
MOGER.5T8.40505.F,TGO,2016,0,NIL,
MOGER.5T8.40505.F,TGO,2017,.0002800000074785,,
MOGER.5T8.40505.F,TGO,2018,.0002800000074785,,
MOGER.5T8.40505.F,TGO,2019,0,NIL,
MOGER.5T8.40505.F,TGO,2020,.0002600000007078,,
MOGER.5T8.40505.F,TGO,2021,.0001400000037393,,UIS_EST
MOGER.5T8.40505.F,TGO,2022,.0000599999984843,,UIS_EST
MOGER.5T8.40505.F,TGO,2023,.0000199999994948,,UIS_EST
MOGER.5T8.40505.GPIA,TGO,2017,2,,
MOGER.5T8.40505.GPIA,TGO,2018,2,,
MOGER.5T8.40505.GPIA,TGO,2020,2,,
MOGER.5T8.40505.GPIA,TGO,2021,1.67425000667572,,UIS_EST
MOGER.5T8.40505.GPIA,TGO,2022,.2047999948263168,,UIS_EST
MOGER.5T8.40505.GPIA,TGO,2023,.0539399981498718,,UIS_EST
MOGER.5T8.40505.M,TGO,1970,0,NIL,
MOGER.5T8.40505.M,TGO,1971,0,NIL,
MOGER.5T8.40505.M,TGO,1972,0,NIL,
MOGER.5T8.40505.M,TGO,1973,0,NIL,
MOGER.5T8.40505.M,TGO,1974,0,NIL,
MOGER.5T8.40505.M,TGO,1975,0,NIL,
MOGER.5T8.40505.M,TGO,1976,0,NIL,
MOGER.5T8.40505.M,TGO,1977,0,NIL,
MOGER.5T8.40505.M,TGO,1978,0,NIL,
MOGER.5T8.40505.M,TGO,1979,0,NIL,
MOGER.5T8.40505.M,TGO,1980,0,NIL,
MOGER.5T8.40505.M,TGO,1981,0,NIL,
MOGER.5T8.40505.M,TGO,1982,0,NIL,
MOGER.5T8.40505.M,TGO,1983,0,NIL,
MOGER.5T8.40505.M,TGO,1984,0,NIL,
MOGER.5T8.40505.M,TGO,1985,0,NIL,
MOGER.5T8.40505.M,TGO,1986,0,NIL,
MOGER.5T8.40505.M,TGO,1987,0,NIL,
MOGER.5T8.40505.M,TGO,1988,0,NIL,
MOGER.5T8.40505.M,TGO,1989,0,NIL,
MOGER.5T8.40505.M,TGO,1990,0,NIL,
MOGER.5T8.40505.M,TGO,1991,0,NIL,
MOGER.5T8.40505.M,TGO,1992,0,NIL,
MOGER.5T8.40505.M,TGO,1993,0,NIL,
MOGER.5T8.40505.M,TGO,1994,0,NIL,
MOGER.5T8.40505.M,TGO,1995,0,NIL,
MOGER.5T8.40505.M,TGO,1996,0,NIL,
MOGER.5T8.40505.M,TGO,1997,0,NIL,
MOGER.5T8.40505.M,TGO,1998,0,NIL,UIS_EST
MOGER.5T8.40505.M,TGO,1999,0,NIL,UIS_EST
MOGER.5T8.40505.M,TGO,2000,0,NIL,UIS_EST
MOGER.5T8.40505.M,TGO,2001,0,NIL,
MOGER.5T8.40505.M,TGO,2002,0,NIL,UIS_EST
MOGER.5T8.40505.M,TGO,2003,0,NIL,
MOGER.5T8.40505.M,TGO,2004,0,NIL,
MOGER.5T8.40505.M,TGO,2005,0,NIL,
MOGER.5T8.40505.M,TGO,2006,0,NIL,
MOGER.5T8.40505.M,TGO,2007,0,NIL,
MOGER.5T8.40505.M,TGO,2008,0,NIL,
MOGER.5T8.40505.M,TGO,2009,0,NIL,
MOGER.5T8.40505.M,TGO,2010,0,NIL,
MOGER.5T8.40505.M,TGO,2011,0,NIL,
MOGER.5T8.40505.M,TGO,2012,0,NIL,UIS_EST
MOGER.5T8.40505.M,TGO,2013,0,NIL,UIS_EST
MOGER.5T8.40505.M,TGO,2014,0,NIL,UIS_EST
MOGER.5T8.40505.M,TGO,2015,0,NIL,
MOGER.5T8.40505.M,TGO,2016,0,NIL,
MOGER.5T8.40505.M,TGO,2017,0,NIL,
MOGER.5T8.40505.M,TGO,2018,0,NIL,
MOGER.5T8.40505.M,TGO,2019,0,NIL,
MOGER.5T8.40505.M,TGO,2020,0,NIL,
MOGER.5T8.40505.M,TGO,2021,.0000499999987369,,UIS_EST
MOGER.5T8.40505.M,TGO,2022,.0003000000142492,,UIS_EST
MOGER.5T8.40505.M,TGO,2023,.0002800000074785,,UIS_EST
MOGER.5T8.40510,TGO,1998,.8361200094223022,,UIS_EST
MOGER.5T8.40510,TGO,1999,.8088700175285339,,UIS_EST
MOGER.5T8.40510,TGO,2000,.7759299874305725,,UIS_EST
MOGER.5T8.40510,TGO,2001,.8051199913024902,,UIS_EST
MOGER.5T8.40510,TGO,2002,.8451700210571289,,UIS_EST
MOGER.5T8.40510,TGO,2003,.8968200087547302,,UIS_EST
MOGER.5T8.40510,TGO,2004,.8830699920654297,,UIS_EST
MOGER.5T8.40510,TGO,2005,.9272099733352661,,UIS_EST
MOGER.5T8.40510,TGO,2006,.9158099889755249,,UIS_EST
MOGER.5T8.40510,TGO,2007,.881630003452301,,UIS_EST
MOGER.5T8.40510,TGO,2008,.8595200181007385,,UIS_EST
MOGER.5T8.40510,TGO,2009,.8037499785423279,,UIS_EST
MOGER.5T8.40510,TGO,2010,.7873899936676025,,UIS_EST
MOGER.5T8.40510,TGO,2011,.7871800065040588,,UIS_EST
MOGER.5T8.40510,TGO,2012,.7696400284767151,,UIS_EST
MOGER.5T8.40510,TGO,2013,.7601799964904785,,UIS_EST
MOGER.5T8.40510,TGO,2014,.8227900266647339,,UIS_EST
MOGER.5T8.40510,TGO,2015,.9367700219154358,,
MOGER.5T8.40510,TGO,2016,.853950023651123,,
MOGER.5T8.40510,TGO,2017,.8525199890136719,,
MOGER.5T8.40510,TGO,2018,.9345499873161316,,
MOGER.5T8.40510,TGO,2019,.8973699808120728,,UIS_EST
MOGER.5T8.40510,TGO,2020,.9513199925422668,,
MOGER.5T8.40510,TGO,2021,.9729899764060974,,UIS_EST
MOGER.5T8.40510,TGO,2022,.9936000108718872,,UIS_EST
MOGER.5T8.40510,TGO,2023,1.058869957923889,,UIS_EST
MOGER.5T8.40510.F,TGO,2012,.4415200054645538,,UIS_EST
MOGER.5T8.40510.F,TGO,2013,.4429999887943268,,UIS_EST
MOGER.5T8.40510.F,TGO,2014,.5007100105285645,,UIS_EST
MOGER.5T8.40510.F,TGO,2015,.598800003528595,,UIS_EST
MOGER.5T8.40510.F,TGO,2016,.5371500253677368,,UIS_EST
MOGER.5T8.40510.F,TGO,2017,.5511699914932251,,UIS_EST
MOGER.5T8.40510.F,TGO,2018,.5891000032424927,,UIS_EST
MOGER.5T8.40510.F,TGO,2019,.573639988899231,,UIS_EST
MOGER.5T8.40510.F,TGO,2020,.6466299891471863,,UIS_EST
MOGER.5T8.40510.F,TGO,2021,.6451399922370911,,UIS_EST
MOGER.5T8.40510.F,TGO,2022,.6606000065803528,,UIS_EST
MOGER.5T8.40510.F,TGO,2023,.7565400004386902,,UIS_EST
MOGER.5T8.40510.GPIA,TGO,2012,.4045999944210052,,UIS_EST
MOGER.5T8.40510.GPIA,TGO,2013,.4136300086975098,,UIS_EST
MOGER.5T8.40510.GPIA,TGO,2014,.4398599863052368,,UIS_EST
MOGER.5T8.40510.GPIA,TGO,2015,.4723199903964996,,UIS_EST
MOGER.5T8.40510.GPIA,TGO,2016,.4614099860191345,,UIS_EST
MOGER.5T8.40510.GPIA,TGO,2017,.4803099930286407,,UIS_EST
MOGER.5T8.40510.GPIA,TGO,2018,.4628899991512299,,UIS_EST
MOGER.5T8.40510.GPIA,TGO,2019,.4724799990653992,,UIS_EST
MOGER.5T8.40510.GPIA,TGO,2020,.5176100134849548,,UIS_EST
MOGER.5T8.40510.GPIA,TGO,2021,.4988000094890594,,UIS_EST
MOGER.5T8.40510.GPIA,TGO,2022,.5009099841117859,,UIS_EST
MOGER.5T8.40510.GPIA,TGO,2023,.5587999820709229,,UIS_EST
MOGER.5T8.40510.M,TGO,1970,0,NIL,
MOGER.5T8.40510.M,TGO,1971,0,NIL,
MOGER.5T8.40510.M,TGO,1972,0,NIL,
MOGER.5T8.40510.M,TGO,1973,0,NIL,
MOGER.5T8.40510.M,TGO,1974,0,NIL,
MOGER.5T8.40510.M,TGO,1975,0,NIL,
MOGER.5T8.40510.M,TGO,1976,0,NIL,
MOGER.5T8.40510.M,TGO,1977,0,NIL,
MOGER.5T8.40510.M,TGO,1978,0,NIL,
MOGER.5T8.40510.M,TGO,1979,0,NIL,
MOGER.5T8.40510.M,TGO,1980,0,NIL,
MOGER.5T8.40510.M,TGO,1981,0,NIL,
MOGER.5T8.40510.M,TGO,1982,0,NIL,
MOGER.5T8.40510.M,TGO,1983,0,NIL,
MOGER.5T8.40510.M,TGO,1984,0,NIL,
MOGER.5T8.40510.M,TGO,1985,0,NIL,
MOGER.5T8.40510.M,TGO,1986,0,NIL,
MOGER.5T8.40510.M,TGO,1987,0,NIL,
MOGER.5T8.40510.M,TGO,1988,0,NIL,
MOGER.5T8.40510.M,TGO,1989,0,NIL,
MOGER.5T8.40510.M,TGO,1990,0,NIL,
MOGER.5T8.40510.M,TGO,1991,0,NIL,
MOGER.5T8.40510.M,TGO,1992,0,NIL,
MOGER.5T8.40510.M,TGO,1993,0,NIL,
MOGER.5T8.40510.M,TGO,1994,0,NIL,
MOGER.5T8.40510.M,TGO,1995,0,NIL,
MOGER.5T8.40510.M,TGO,1996,0,NIL,
MOGER.5T8.40510.M,TGO,1997,0,NIL,
MOGER.5T8.40510.M,TGO,1998,1.665680050849915,,UIS_EST
MOGER.5T8.40510.M,TGO,1999,1.611019968986511,,UIS_EST
MOGER.5T8.40510.M,TGO,2000,1.545179963111877,,UIS_EST
MOGER.5T8.40510.M,TGO,2001,1.602810025215149,,UIS_EST
MOGER.5T8.40510.M,TGO,2002,1.681679964065552,,UIS_EST
MOGER.5T8.40510.M,TGO,2003,1.783049941062927,,UIS_EST
MOGER.5T8.40510.M,TGO,2004,1.754240036010742,,UIS_EST
MOGER.5T8.40510.M,TGO,2005,1.840510010719299,,UIS_EST
MOGER.5T8.40510.M,TGO,2006,1.816550016403198,,UIS_EST
MOGER.5T8.40510.M,TGO,2007,1.748160004615784,,UIS_EST
MOGER.5T8.40510.M,TGO,2008,1.703520059585571,,UIS_EST
MOGER.5T8.40510.M,TGO,2009,1.59266996383667,,UIS_EST
MOGER.5T8.40510.M,TGO,2010,1.559790015220642,,UIS_EST
MOGER.5T8.40510.M,TGO,2011,1.559020042419434,,UIS_EST
MOGER.5T8.40510.M,TGO,2012,1.091249942779541,,UIS_EST
MOGER.5T8.40510.M,TGO,2013,1.070999979972839,,UIS_EST
MOGER.5T8.40510.M,TGO,2014,1.138350009918213,,UIS_EST
MOGER.5T8.40510.M,TGO,2015,1.267779946327209,,UIS_EST
MOGER.5T8.40510.M,TGO,2016,1.164160013198853,,UIS_EST
MOGER.5T8.40510.M,TGO,2017,1.14752995967865,,UIS_EST
MOGER.5T8.40510.M,TGO,2018,1.272650003433228,,UIS_EST
MOGER.5T8.40510.M,TGO,2019,1.214110016822815,,UIS_EST
MOGER.5T8.40510.M,TGO,2020,1.249279975891113,,UIS_EST
MOGER.5T8.40510.M,TGO,2021,1.29338002204895,,UIS_EST
MOGER.5T8.40510.M,TGO,2022,1.31879997253418,,UIS_EST
MOGER.5T8.40510.M,TGO,2023,1.353870034217834,,UIS_EST
MOGER.5T8.40515,TGO,1997,0,NIL,UIS_EST
MOGER.5T8.40515,TGO,1998,0,NIL,UIS_EST
MOGER.5T8.40515,TGO,1999,0,NIL,UIS_EST
MOGER.5T8.40515,TGO,2000,.0002200000017183,,UIS_EST
MOGER.5T8.40515,TGO,2001,.0004199999966659,,UIS_EST
MOGER.5T8.40515,TGO,2002,.0006200000061654,,UIS_EST
MOGER.5T8.40515,TGO,2003,.0004299999854993,,UIS_EST
MOGER.5T8.40515,TGO,2004,.0007999999797903,,UIS_EST
MOGER.5T8.40515,TGO,2005,.0007999999797903,,UIS_EST
MOGER.5T8.40515,TGO,2006,.0011500000255182,,UIS_EST
MOGER.5T8.40515,TGO,2007,.0009500000160187,,UIS_EST
MOGER.5T8.40515,TGO,2008,.0012799999676645,,UIS_EST
MOGER.5T8.40515,TGO,2009,.0014900000533089,,UIS_EST
MOGER.5T8.40515,TGO,2010,.0013800000306219,,UIS_EST
MOGER.5T8.40515,TGO,2011,.0023699998855591,,UIS_EST
MOGER.5T8.40515,TGO,2012,.0033199999015778,,UIS_EST
MOGER.5T8.40515,TGO,2013,.0026899999938905,,UIS_EST
MOGER.5T8.40515,TGO,2014,.0019199999514967,,UIS_EST
MOGER.5T8.40515,TGO,2015,.0027699999045581,,UIS_EST
MOGER.5T8.40515,TGO,2016,.00431999983266,,UIS_EST
MOGER.5T8.40515,TGO,2017,.002610000083223,,UIS_EST
MOGER.5T8.40515,TGO,2018,.0020600000862032,,UIS_EST
MOGER.5T8.40515.M,TGO,1970,0,NIL,
MOGER.5T8.40515.M,TGO,1971,0,NIL,
MOGER.5T8.40515.M,TGO,1972,0,NIL,
MOGER.5T8.40515.M,TGO,1973,0,NIL,
MOGER.5T8.40515.M,TGO,1974,0,NIL,
MOGER.5T8.40515.M,TGO,1975,0,NIL,
MOGER.5T8.40515.M,TGO,1976,0,NIL,
MOGER.5T8.40515.M,TGO,1977,0,NIL,
MOGER.5T8.40515.M,TGO,1978,0,NIL,
MOGER.5T8.40515.M,TGO,1979,0,NIL,
MOGER.5T8.40515.M,TGO,1980,0,NIL,
MOGER.5T8.40515.M,TGO,1981,0,NIL,
MOGER.5T8.40515.M,TGO,1982,0,NIL,
MOGER.5T8.40515.M,TGO,1983,0,NIL,
MOGER.5T8.40515.M,TGO,1984,0,NIL,
MOGER.5T8.40515.M,TGO,1985,0,NIL,
MOGER.5T8.40515.M,TGO,1986,0,NIL,
MOGER.5T8.40515.M,TGO,1987,0,NIL,
MOGER.5T8.40515.M,TGO,1988,0,NIL,
MOGER.5T8.40515.M,TGO,1989,0,NIL,
MOGER.5T8.40515.M,TGO,1990,0,NIL,
MOGER.5T8.40515.M,TGO,1991,0,NIL,
MOGER.5T8.40515.M,TGO,1992,0,NIL,
MOGER.5T8.40515.M,TGO,1993,0,NIL,
MOGER.5T8.40515.M,TGO,1994,0,NIL,
MOGER.5T8.40515.M,TGO,1995,0,NIL,
MOGER.5T8.40515.M,TGO,1996,0,NIL,
MOGER.5T8.40515.M,TGO,1997,0,NIL,UIS_EST
MOGER.5T8.40515.M,TGO,1998,0,NIL,UIS_EST
MOGER.5T8.40515.M,TGO,1999,0,NIL,UIS_EST
MOGER.5T8.40515.M,TGO,2000,.0004299999854993,,UIS_EST
MOGER.5T8.40515.M,TGO,2001,.0008399999933317,,UIS_EST
MOGER.5T8.40515.M,TGO,2002,.0012300000526011,,UIS_EST
MOGER.5T8.40515.M,TGO,2003,.000850000011269,,UIS_EST
MOGER.5T8.40515.M,TGO,2004,.001589999999851,,UIS_EST
MOGER.5T8.40515.M,TGO,2005,.0015800000401214,,UIS_EST
MOGER.5T8.40515.M,TGO,2006,.0022700000554323,,UIS_EST
MOGER.5T8.40515.M,TGO,2007,.0018899999558926,,UIS_EST
MOGER.5T8.40515.M,TGO,2008,.0025299999397248,,UIS_EST
MOGER.5T8.40515.M,TGO,2009,.0029599999543279,,UIS_EST
MOGER.5T8.40515.M,TGO,2010,.0027399999089539,,UIS_EST
MOGER.5T8.40515.M,TGO,2011,.0046999999321997,,UIS_EST
MOGER.5T8.40515.M,TGO,2012,.0065799998119473,,UIS_EST
MOGER.5T8.40515.M,TGO,2013,.0053199999965727,,UIS_EST
MOGER.5T8.40515.M,TGO,2014,.003800000064075,,UIS_EST
MOGER.5T8.40515.M,TGO,2015,.0054700002074242,,UIS_EST
MOGER.5T8.40515.M,TGO,2016,.0085399998351932,,UIS_EST
MOGER.5T8.40515.M,TGO,2017,.0051699997857213,,UIS_EST
MOGER.5T8.40515.M,TGO,2018,.0040699997916818,,UIS_EST
MOGER.5T8.40515.M,TGO,2019,0,NIL,
MOGER.5T8.40515.M,TGO,2020,0,NIL,
MOGER.5T8.40515.M,TGO,2021,0,NIL,
MOGER.5T8.40515.M,TGO,2022,0,NIL,
MOGER.5T8.40516,TGO,1997,0,NIL,UIS_EST
MOGER.5T8.40516,TGO,1998,0,NIL,
MOGER.5T8.40516,TGO,1999,0,NIL,
MOGER.5T8.40516,TGO,2000,.0001999999949476,,
MOGER.5T8.40516,TGO,2001,.0001999999949476,,UIS_EST
MOGER.5T8.40516,TGO,2002,.0001900000061141,,
MOGER.5T8.40516,TGO,2003,.0003800000122283,,
MOGER.5T8.40516,TGO,2004,.000369999994291,,
MOGER.5T8.40516,TGO,2005,0,NIL,
MOGER.5T8.40516,TGO,2006,.0005300000193529,,
MOGER.5T8.40516,TGO,2007,.0003399999986868,,
MOGER.5T8.40516,TGO,2008,.0005000000237487,,
MOGER.5T8.40516,TGO,2009,.0003300000098534,,
MOGER.5T8.40516,TGO,2010,.0001599999959581,,
MOGER.5T8.40516,TGO,2011,0,NIL,
MOGER.5T8.40516,TGO,2012,.0001500000071246,,
MOGER.5T8.40516,TGO,2013,.0003000000142492,,
MOGER.5T8.40516,TGO,2014,0,NIL,
MOGER.5T8.40516,TGO,2015,0,NIL,
MOGER.5T8.40516,TGO,2016,.0015600000042468,,
MOGER.5T8.40516,TGO,2017,0,NIL,
MOGER.5T8.40516,TGO,2018,0,NIL,
MOGER.5T8.40516,TGO,2019,0,NIL,
MOGER.5T8.40516,TGO,2020,0,NIL,
MOGER.5T8.40516,TGO,2021,0,NIL,
MOGER.5T8.40516,TGO,2022,0,NIL,
MOGER.5T8.40516,TGO,2023,0,NIL,
MOGER.5T8.40516.F,TGO,2012,0,NIL,UIS_EST
MOGER.5T8.40516.F,TGO,2013,0,NIL,
MOGER.5T8.40516.F,TGO,2014,0,NIL,
MOGER.5T8.40516.F,TGO,2015,0,NIL,
MOGER.5T8.40516.F,TGO,2016,0,NIL,
MOGER.5T8.40516.F,TGO,2017,0,NIL,
MOGER.5T8.40516.F,TGO,2018,0,NIL,
MOGER.5T8.40516.F,TGO,2019,0,NIL,
MOGER.5T8.40516.F,TGO,2020,0,NIL,
MOGER.5T8.40516.F,TGO,2021,0,NIL,
MOGER.5T8.40516.F,TGO,2022,0,NIL,
MOGER.5T8.40516.F,TGO,2023,0,NIL,
MOGER.5T8.40516.GPIA,TGO,2012,0,NIL,UIS_EST
MOGER.5T8.40516.GPIA,TGO,2013,0,NIL,
MOGER.5T8.40516.GPIA,TGO,2016,0,NIL,
MOGER.5T8.40516.M,TGO,1970,0,NIL,
MOGER.5T8.40516.M,TGO,1971,0,NIL,
MOGER.5T8.40516.M,TGO,1972,0,NIL,
MOGER.5T8.40516.M,TGO,1973,0,NIL,
MOGER.5T8.40516.M,TGO,1974,0,NIL,
MOGER.5T8.40516.M,TGO,1975,0,NIL,
MOGER.5T8.40516.M,TGO,1976,0,NIL,
MOGER.5T8.40516.M,TGO,1977,0,NIL,
MOGER.5T8.40516.M,TGO,1978,0,NIL,
MOGER.5T8.40516.M,TGO,1979,0,NIL,
MOGER.5T8.40516.M,TGO,1980,0,NIL,
MOGER.5T8.40516.M,TGO,1981,0,NIL,
MOGER.5T8.40516.M,TGO,1982,0,NIL,
MOGER.5T8.40516.M,TGO,1983,0,NIL,
MOGER.5T8.40516.M,TGO,1984,0,NIL,
MOGER.5T8.40516.M,TGO,1985,0,NIL,
MOGER.5T8.40516.M,TGO,1986,0,NIL,
MOGER.5T8.40516.M,TGO,1987,0,NIL,
MOGER.5T8.40516.M,TGO,1988,0,NIL,
MOGER.5T8.40516.M,TGO,1989,0,NIL,
MOGER.5T8.40516.M,TGO,1990,0,NIL,
MOGER.5T8.40516.M,TGO,1991,0,NIL,
MOGER.5T8.40516.M,TGO,1992,0,NIL,
MOGER.5T8.40516.M,TGO,1993,0,NIL,
MOGER.5T8.40516.M,TGO,1994,0,NIL,
MOGER.5T8.40516.M,TGO,1995,0,NIL,
MOGER.5T8.40516.M,TGO,1996,0,NIL,
MOGER.5T8.40516.M,TGO,1997,0,NIL,UIS_EST
MOGER.5T8.40516.M,TGO,1998,0,NIL,
MOGER.5T8.40516.M,TGO,1999,0,NIL,
MOGER.5T8.40516.M,TGO,2000,.0003999999898952,,
MOGER.5T8.40516.M,TGO,2001,.0003900000010617,,UIS_EST
MOGER.5T8.40516.M,TGO,2002,.0003800000122283,,
MOGER.5T8.40516.M,TGO,2003,.0007500000065193,,
MOGER.5T8.40516.M,TGO,2004,.0007300000288524,,
MOGER.5T8.40516.M,TGO,2005,0,NIL,
MOGER.5T8.40516.M,TGO,2006,.0010499999625608,,
MOGER.5T8.40516.M,TGO,2007,.0006799999973737,,
MOGER.5T8.40516.M,TGO,2008,.0009899999713525,,
MOGER.5T8.40516.M,TGO,2009,.0006399999838322,,
MOGER.5T8.40516.M,TGO,2010,.0003199999919161,,
MOGER.5T8.40516.M,TGO,2011,0,NIL,
MOGER.5T8.40516.M,TGO,2012,.0003000000142492,,UIS_EST
MOGER.5T8.40516.M,TGO,2013,.0005900000105612,,
MOGER.5T8.40516.M,TGO,2014,0,NIL,
MOGER.5T8.40516.M,TGO,2015,0,NIL,
MOGER.5T8.40516.M,TGO,2016,.0030799999367446,,
MOGER.5T8.40516.M,TGO,2017,0,NIL,
MOGER.5T8.40516.M,TGO,2018,0,NIL,
MOGER.5T8.40516.M,TGO,2019,0,NIL,
MOGER.5T8.40516.M,TGO,2020,0,NIL,
MOGER.5T8.40516.M,TGO,2021,0,NIL,
MOGER.5T8.40516.M,TGO,2022,0,NIL,
MOGER.5T8.40516.M,TGO,2023,0,NIL,
MOGER.5T8.40517,TGO,1997,0,NIL,UIS_EST
MOGER.5T8.40517,TGO,1998,0,NIL,UIS_EST
MOGER.5T8.40517,TGO,1999,0,NIL,UIS_EST
MOGER.5T8.40517,TGO,2000,9.99999974738e-06,,UIS_EST
MOGER.5T8.40517,TGO,2001,.0002200000017183,,UIS_EST
MOGER.5T8.40517,TGO,2002,.0004199999966659,,UIS_EST
MOGER.5T8.40517,TGO,2003,.0000499999987369,,UIS_EST
MOGER.5T8.40517,TGO,2004,.0004299999854993,,UIS_EST
MOGER.5T8.40517,TGO,2005,.0007999999797903,,UIS_EST
MOGER.5T8.40517,TGO,2006,.0006200000061654,,UIS_EST
MOGER.5T8.40517,TGO,2007,.0006099999882281,,UIS_EST
MOGER.5T8.40517,TGO,2008,.0007800000021234,,UIS_EST
MOGER.5T8.40517,TGO,2009,.0011699999449775,,UIS_EST
MOGER.5T8.40517,TGO,2010,.0012300000526011,,UIS_EST
MOGER.5T8.40517,TGO,2011,.0023699998855591,,UIS_EST
MOGER.5T8.40517,TGO,2012,.003169999923557,,UIS_EST
MOGER.5T8.40517,TGO,2013,.0023900000378489,,UIS_EST
MOGER.5T8.40517,TGO,2014,.0019199999514967,,UIS_EST
MOGER.5T8.40517,TGO,2015,.0027699999045581,,UIS_EST
MOGER.5T8.40517,TGO,2016,.0027600000612438,,UIS_EST
MOGER.5T8.40517,TGO,2017,.002610000083223,,UIS_EST
MOGER.5T8.40517,TGO,2018,.0020600000862032,,UIS_EST
MOGER.5T8.40517.M,TGO,1970,0,NIL,
MOGER.5T8.40517.M,TGO,1971,0,NIL,
MOGER.5T8.40517.M,TGO,1972,0,NIL,
MOGER.5T8.40517.M,TGO,1973,0,NIL,
MOGER.5T8.40517.M,TGO,1974,0,NIL,
MOGER.5T8.40517.M,TGO,1975,0,NIL,
MOGER.5T8.40517.M,TGO,1976,0,NIL,
MOGER.5T8.40517.M,TGO,1977,0,NIL,
MOGER.5T8.40517.M,TGO,1978,0,NIL,
MOGER.5T8.40517.M,TGO,1979,0,NIL,
MOGER.5T8.40517.M,TGO,1980,0,NIL,
MOGER.5T8.40517.M,TGO,1981,0,NIL,
MOGER.5T8.40517.M,TGO,1982,0,NIL,
MOGER.5T8.40517.M,TGO,1983,0,NIL,
MOGER.5T8.40517.M,TGO,1984,0,NIL,
MOGER.5T8.40517.M,TGO,1985,0,NIL,
MOGER.5T8.40517.M,TGO,1986,0,NIL,
MOGER.5T8.40517.M,TGO,1987,0,NIL,
MOGER.5T8.40517.M,TGO,1988,0,NIL,
MOGER.5T8.40517.M,TGO,1989,0,NIL,
MOGER.5T8.40517.M,TGO,1990,0,NIL,
MOGER.5T8.40517.M,TGO,1991,0,NIL,
MOGER.5T8.40517.M,TGO,1992,0,NIL,
MOGER.5T8.40517.M,TGO,1993,0,NIL,
MOGER.5T8.40517.M,TGO,1994,0,NIL,
MOGER.5T8.40517.M,TGO,1995,0,NIL,
MOGER.5T8.40517.M,TGO,1996,0,NIL,
MOGER.5T8.40517.M,TGO,1997,0,NIL,UIS_EST
MOGER.5T8.40517.M,TGO,1998,0,NIL,UIS_EST
MOGER.5T8.40517.M,TGO,1999,0,NIL,UIS_EST
MOGER.5T8.40517.M,TGO,2000,.0000299999992421,,UIS_EST
MOGER.5T8.40517.M,TGO,2001,.00044999999227,,UIS_EST
MOGER.5T8.40517.M,TGO,2002,.0008399999933317,,UIS_EST
MOGER.5T8.40517.M,TGO,2003,.0001100000008591,,UIS_EST
MOGER.5T8.40517.M,TGO,2004,.0008599999709986,,UIS_EST
MOGER.5T8.40517.M,TGO,2005,.0015800000401214,,UIS_EST
MOGER.5T8.40517.M,TGO,2006,.0012199999764562,,UIS_EST
MOGER.5T8.40517.M,TGO,2007,.0012100000167266,,UIS_EST
MOGER.5T8.40517.M,TGO,2008,.0015399999683723,,UIS_EST
MOGER.5T8.40517.M,TGO,2009,.0023099998943508,,UIS_EST
MOGER.5T8.40517.M,TGO,2010,.002430000109598,,UIS_EST
MOGER.5T8.40517.M,TGO,2011,.0046999999321997,,UIS_EST
MOGER.5T8.40517.M,TGO,2012,.0062799998559058,,UIS_EST
MOGER.5T8.40517.M,TGO,2013,.0047300001606345,,UIS_EST
MOGER.5T8.40517.M,TGO,2014,.003800000064075,,UIS_EST
MOGER.5T8.40517.M,TGO,2015,.0054700002074242,,UIS_EST
MOGER.5T8.40517.M,TGO,2016,.0054600001312792,,UIS_EST
MOGER.5T8.40517.M,TGO,2017,.0051699997857213,,UIS_EST
MOGER.5T8.40517.M,TGO,2018,.0040699997916818,,UIS_EST
MOGER.5T8.40517.M,TGO,2019,0,NIL,
MOGER.5T8.40517.M,TGO,2020,0,NIL,
MOGER.5T8.40517.M,TGO,2021,0,NIL,
MOGER.5T8.40517.M,TGO,2022,0,NIL,
MOGER.5T8.40520,TGO,2000,0,NIL,UIS_EST
MOGER.5T8.40520,TGO,2001,0,NIL,UIS_EST
MOGER.5T8.40520,TGO,2002,.0005799999926239,,UIS_EST
MOGER.5T8.40520,TGO,2003,0,NIL,UIS_EST
MOGER.5T8.40520,TGO,2004,.0001800000027288,,UIS_EST
MOGER.5T8.40520,TGO,2005,.0003600000054576,,UIS_EST
MOGER.5T8.40520,TGO,2006,.0022899999748915,,UIS_EST
MOGER.5T8.40520,TGO,2007,.0017099999822676,,UIS_EST
MOGER.5T8.40520,TGO,2008,.0023399998899549,,UIS_EST
MOGER.5T8.40520,TGO,2009,.0031099999323487,,UIS_EST
MOGER.5T8.40520,TGO,2010,.0032200000714511,,UIS_EST
MOGER.5T8.40520,TGO,2011,.003169999923557,,UIS_EST
MOGER.5T8.40520,TGO,2012,.0026599999982864,,UIS_EST
MOGER.5T8.40520,TGO,2013,.003000000026077,,UIS_EST
MOGER.5T8.40520,TGO,2014,.00362000009045,,UIS_EST
MOGER.5T8.40520,TGO,2015,.0047200000844896,,UIS_EST
MOGER.5T8.40520,TGO,2016,.0054999999701977,,
MOGER.5T8.40520,TGO,2017,.0061099999584258,,
MOGER.5T8.40520,TGO,2018,.006800000090152,,
MOGER.5T8.40520,TGO,2019,.0066499998793006,,
MOGER.5T8.40520,TGO,2020,.0060899998061359,,
MOGER.5T8.40520,TGO,2021,.0055499998852611,,UIS_EST
MOGER.5T8.40520,TGO,2022,.0050800000317395,,
MOGER.5T8.40520,TGO,2023,.0045199999585748,,UIS_EST
MOGER.5T8.40520.F,TGO,2013,.0017600000137463,,UIS_EST
MOGER.5T8.40520.F,TGO,2014,.0022700000554323,,UIS_EST
MOGER.5T8.40520.F,TGO,2015,.0034300000406802,,UIS_EST
MOGER.5T8.40520.F,TGO,2016,.003969999961555,,
MOGER.5T8.40520.F,TGO,2017,.0044900001958013,,
MOGER.5T8.40520.F,TGO,2018,.0038499999791384,,
MOGER.5T8.40520.F,TGO,2019,.0037700000684708,,
MOGER.5T8.40520.F,TGO,2020,.0031500000040978,,
MOGER.5T8.40520.F,TGO,2021,.0028099999763072,,
MOGER.5T8.40520.F,TGO,2022,.0017399999778718,,
MOGER.5T8.40520.F,TGO,2023,.0019300000276417,,UIS_EST
MOGER.5T8.40520.GPIA,TGO,2013,.4174199998378754,,UIS_EST
MOGER.5T8.40520.GPIA,TGO,2014,.4602999985218048,,UIS_EST
MOGER.5T8.40520.GPIA,TGO,2015,.5726199746131897,,UIS_EST
MOGER.5T8.40520.GPIA,TGO,2016,.5673499703407288,,
MOGER.5T8.40520.GPIA,TGO,2017,.5837000012397766,,
MOGER.5T8.40520.GPIA,TGO,2018,.3973299860954285,,
MOGER.5T8.40520.GPIA,TGO,2019,.397460013628006,,
MOGER.5T8.40520.GPIA,TGO,2020,.350600004196167,,
MOGER.5T8.40520.GPIA,TGO,2021,.3410899937152863,,UIS_EST
MOGER.5T8.40520.GPIA,TGO,2022,.2084400057792664,,
MOGER.5T8.40520.GPIA,TGO,2023,.2732900083065033,,UIS_EST
MOGER.5T8.40520.M,TGO,1970,0,NIL,
MOGER.5T8.40520.M,TGO,1971,0,NIL,
MOGER.5T8.40520.M,TGO,1972,0,NIL,
MOGER.5T8.40520.M,TGO,1973,0,NIL,
MOGER.5T8.40520.M,TGO,1974,0,NIL,
MOGER.5T8.40520.M,TGO,1975,0,NIL,
MOGER.5T8.40520.M,TGO,1976,0,NIL,
MOGER.5T8.40520.M,TGO,1977,0,NIL,
MOGER.5T8.40520.M,TGO,1978,0,NIL,
MOGER.5T8.40520.M,TGO,1979,0,NIL,
MOGER.5T8.40520.M,TGO,1980,0,NIL,
MOGER.5T8.40520.M,TGO,1981,0,NIL,
MOGER.5T8.40520.M,TGO,1982,0,NIL,
MOGER.5T8.40520.M,TGO,1983,0,NIL,
MOGER.5T8.40520.M,TGO,1984,0,NIL,
MOGER.5T8.40520.M,TGO,1985,0,NIL,
MOGER.5T8.40520.M,TGO,1986,0,NIL,
MOGER.5T8.40520.M,TGO,1987,0,NIL,
MOGER.5T8.40520.M,TGO,1988,0,NIL,
MOGER.5T8.40520.M,TGO,1989,0,NIL,
MOGER.5T8.40520.M,TGO,1990,0,NIL,
MOGER.5T8.40520.M,TGO,1991,0,NIL,
MOGER.5T8.40520.M,TGO,1992,0,NIL,
MOGER.5T8.40520.M,TGO,1993,0,NIL,
MOGER.5T8.40520.M,TGO,1994,0,NIL,
MOGER.5T8.40520.M,TGO,1995,0,NIL,
MOGER.5T8.40520.M,TGO,1996,0,NIL,
MOGER.5T8.40520.M,TGO,1997,0,NIL,
MOGER.5T8.40520.M,TGO,1998,0,NIL,
MOGER.5T8.40520.M,TGO,1999,0,NIL,
MOGER.5T8.40520.M,TGO,2000,0,NIL,UIS_EST
MOGER.5T8.40520.M,TGO,2001,0,NIL,UIS_EST
MOGER.5T8.40520.M,TGO,2002,.0011399999493733,,UIS_EST
MOGER.5T8.40520.M,TGO,2003,0,NIL,UIS_EST
MOGER.5T8.40520.M,TGO,2004,.000369999994291,,UIS_EST
MOGER.5T8.40520.M,TGO,2005,.0007099999929778,,UIS_EST
MOGER.5T8.40520.M,TGO,2006,.0045500001870096,,UIS_EST
MOGER.5T8.40520.M,TGO,2007,.0033899999689311,,UIS_EST
MOGER.5T8.40520.M,TGO,2008,.0046399999409914,,UIS_EST
MOGER.5T8.40520.M,TGO,2009,.0061599998734891,,UIS_EST
MOGER.5T8.40520.M,TGO,2010,.0063800001516938,,UIS_EST
MOGER.5T8.40520.M,TGO,2011,.0062799998559058,,UIS_EST
MOGER.5T8.40520.M,TGO,2012,.0052800001576543,,UIS_EST
MOGER.5T8.40520.M,TGO,2013,.0042200000025332,,UIS_EST
MOGER.5T8.40520.M,TGO,2014,.004939999897033,,UIS_EST
MOGER.5T8.40520.M,TGO,2015,.0059899999760091,,UIS_EST
MOGER.5T8.40520.M,TGO,2016,.0070000002160668,,
MOGER.5T8.40520.M,TGO,2017,.0076999999582767,,
MOGER.5T8.40520.M,TGO,2018,.0096899997442961,,
MOGER.5T8.40520.M,TGO,2019,.0094699999317527,,
MOGER.5T8.40520.M,TGO,2020,.0089699998497963,,
MOGER.5T8.40520.M,TGO,2021,.008220000192523,,UIS_EST
MOGER.5T8.40520.M,TGO,2022,.0083400001749396,,
MOGER.5T8.40520.M,TGO,2023,.0070500001311302,,UIS_EST
MOGER.5T8.40521.M,TGO,1970,0,NIL,
MOGER.5T8.40521.M,TGO,1971,0,NIL,
MOGER.5T8.40521.M,TGO,1972,0,NIL,
MOGER.5T8.40521.M,TGO,1973,0,NIL,
MOGER.5T8.40521.M,TGO,1974,0,NIL,
MOGER.5T8.40521.M,TGO,1975,0,NIL,
MOGER.5T8.40521.M,TGO,1976,0,NIL,
MOGER.5T8.40521.M,TGO,1977,0,NIL,
MOGER.5T8.40521.M,TGO,1978,0,NIL,
MOGER.5T8.40521.M,TGO,1979,0,NIL,
MOGER.5T8.40521.M,TGO,1980,0,NIL,
MOGER.5T8.40521.M,TGO,1981,0,NIL,
MOGER.5T8.40521.M,TGO,1982,0,NIL,
MOGER.5T8.40521.M,TGO,1983,0,NIL,
MOGER.5T8.40521.M,TGO,1984,0,NIL,
MOGER.5T8.40521.M,TGO,1985,0,NIL,
MOGER.5T8.40521.M,TGO,1986,0,NIL,
MOGER.5T8.40521.M,TGO,1987,0,NIL,
MOGER.5T8.40521.M,TGO,1988,0,NIL,
MOGER.5T8.40521.M,TGO,1989,0,NIL,
MOGER.5T8.40521.M,TGO,1990,0,NIL,
MOGER.5T8.40521.M,TGO,1991,0,NIL,
MOGER.5T8.40521.M,TGO,1992,0,NIL,
MOGER.5T8.40521.M,TGO,1993,0,NIL,
MOGER.5T8.40521.M,TGO,1994,0,NIL,
MOGER.5T8.40521.M,TGO,1995,0,NIL,
MOGER.5T8.40521.M,TGO,1996,0,NIL,
MOGER.5T8.40521.M,TGO,1997,0,NIL,
MOGER.5T8.40521.M,TGO,1998,0,NIL,
MOGER.5T8.40521.M,TGO,1999,0,NIL,
MOGER.5T8.40521.M,TGO,2000,0,NIL,
MOGER.5T8.40521.M,TGO,2001,0,NIL,
MOGER.5T8.40521.M,TGO,2002,0,NIL,
MOGER.5T8.40521.M,TGO,2003,0,NIL,
MOGER.5T8.40521.M,TGO,2004,0,NIL,
MOGER.5T8.40521.M,TGO,2005,0,NIL,
MOGER.5T8.40521.M,TGO,2006,0,NIL,
MOGER.5T8.40521.M,TGO,2007,0,NIL,
MOGER.5T8.40521.M,TGO,2008,0,NIL,
MOGER.5T8.40521.M,TGO,2009,0,NIL,
MOGER.5T8.40521.M,TGO,2010,0,NIL,
MOGER.5T8.40521.M,TGO,2011,0,NIL,
MOGER.5T8.40521.M,TGO,2012,0,NIL,
MOGER.5T8.40521.M,TGO,2013,0,NIL,
MOGER.5T8.40521.M,TGO,2014,0,NIL,
MOGER.5T8.40521.M,TGO,2015,0,NIL,
MOGER.5T8.40521.M,TGO,2016,0,NIL,
MOGER.5T8.40521.M,TGO,2017,0,NIL,
MOGER.5T8.40521.M,TGO,2018,0,NIL,
MOGER.5T8.40521.M,TGO,2019,0,NIL,
MOGER.5T8.40521.M,TGO,2020,0,NIL,
MOGER.5T8.40521.M,TGO,2021,0,NIL,
MOGER.5T8.40521.M,TGO,2022,0,NIL,
MOGER.5T8.40522,TGO,2000,0,NIL,UIS_EST
MOGER.5T8.40522,TGO,2001,0,NIL,UIS_EST
MOGER.5T8.40522,TGO,2002,.0005799999926239,,UIS_EST
MOGER.5T8.40522,TGO,2003,0,NIL,UIS_EST
MOGER.5T8.40522,TGO,2004,.0001800000027288,,UIS_EST
MOGER.5T8.40522,TGO,2005,.0003600000054576,,UIS_EST
MOGER.5T8.40522,TGO,2006,.0022899999748915,,UIS_EST
MOGER.5T8.40522,TGO,2007,.0017099999822676,,UIS_EST
MOGER.5T8.40522,TGO,2008,.0023399998899549,,UIS_EST
MOGER.5T8.40522,TGO,2009,.0031099999323487,,UIS_EST
MOGER.5T8.40522,TGO,2010,.0032200000714511,,UIS_EST
MOGER.5T8.40522,TGO,2011,.003169999923557,,UIS_EST
MOGER.5T8.40522,TGO,2012,.0026599999982864,,UIS_EST
MOGER.5T8.40522,TGO,2013,.003000000026077,,UIS_EST
MOGER.5T8.40522,TGO,2014,.00362000009045,,UIS_EST
MOGER.5T8.40522,TGO,2015,.0047200000844896,,UIS_EST
MOGER.5T8.40522,TGO,2016,.0054999999701977,,
MOGER.5T8.40522,TGO,2017,.0061099999584258,,
MOGER.5T8.40522,TGO,2018,.006529999896884,,
MOGER.5T8.40522,TGO,2019,.0063800001516938,,
MOGER.5T8.40522,TGO,2020,.0058300001546741,,
MOGER.5T8.40522,TGO,2021,.0052899997681379,,
MOGER.5T8.40522,TGO,2022,.0048400000669062,,
MOGER.5T8.40522,TGO,2023,.0042799999937415,,UIS_EST
MOGER.5T8.40522.F,TGO,2013,.0017600000137463,,UIS_EST
MOGER.5T8.40522.F,TGO,2014,.0022700000554323,,UIS_EST
MOGER.5T8.40522.F,TGO,2015,.0034300000406802,,UIS_EST
MOGER.5T8.40522.F,TGO,2016,.003969999961555,,
MOGER.5T8.40522.F,TGO,2017,.0044900001958013,,
MOGER.5T8.40522.F,TGO,2018,.0038499999791384,,
MOGER.5T8.40522.F,TGO,2019,.0037700000684708,,
MOGER.5T8.40522.F,TGO,2020,.0031500000040978,,
MOGER.5T8.40522.F,TGO,2021,.0028099999763072,,
MOGER.5T8.40522.F,TGO,2022,.0017399999778718,,
MOGER.5T8.40522.F,TGO,2023,.0019300000276417,,UIS_EST
MOGER.5T8.40522.GPIA,TGO,2013,.4174199998378754,,UIS_EST
MOGER.5T8.40522.GPIA,TGO,2014,.4602999985218048,,UIS_EST
MOGER.5T8.40522.GPIA,TGO,2015,.5726199746131897,,UIS_EST
MOGER.5T8.40522.GPIA,TGO,2016,.5673499703407288,,
MOGER.5T8.40522.GPIA,TGO,2017,.5837000012397766,,
MOGER.5T8.40522.GPIA,TGO,2018,.4207000136375427,,
MOGER.5T8.40522.GPIA,TGO,2019,.4208399951457977,,
MOGER.5T8.40522.GPIA,TGO,2020,.3718500137329102,,
MOGER.5T8.40522.GPIA,TGO,2021,.363099992275238,,
MOGER.5T8.40522.GPIA,TGO,2022,.2212699949741364,,
MOGER.5T8.40522.GPIA,TGO,2023,.2928099930286407,,UIS_EST
MOGER.5T8.40522.M,TGO,1970,0,NIL,
MOGER.5T8.40522.M,TGO,1971,0,NIL,
MOGER.5T8.40522.M,TGO,1972,0,NIL,
MOGER.5T8.40522.M,TGO,1973,0,NIL,
MOGER.5T8.40522.M,TGO,1974,0,NIL,
MOGER.5T8.40522.M,TGO,1975,0,NIL,
MOGER.5T8.40522.M,TGO,1976,0,NIL,
MOGER.5T8.40522.M,TGO,1977,0,NIL,
MOGER.5T8.40522.M,TGO,1978,0,NIL,
MOGER.5T8.40522.M,TGO,1979,0,NIL,
MOGER.5T8.40522.M,TGO,1980,0,NIL,
MOGER.5T8.40522.M,TGO,1981,0,NIL,
MOGER.5T8.40522.M,TGO,1982,0,NIL,
MOGER.5T8.40522.M,TGO,1983,0,NIL,
MOGER.5T8.40522.M,TGO,1984,0,NIL,
MOGER.5T8.40522.M,TGO,1985,0,NIL,
MOGER.5T8.40522.M,TGO,1986,0,NIL,
MOGER.5T8.40522.M,TGO,1987,0,NIL,
MOGER.5T8.40522.M,TGO,1988,0,NIL,
MOGER.5T8.40522.M,TGO,1989,0,NIL,
MOGER.5T8.40522.M,TGO,1990,0,NIL,
MOGER.5T8.40522.M,TGO,1991,0,NIL,
MOGER.5T8.40522.M,TGO,1992,0,NIL,
MOGER.5T8.40522.M,TGO,1993,0,NIL,
MOGER.5T8.40522.M,TGO,1994,0,NIL,
MOGER.5T8.40522.M,TGO,1995,0,NIL,
MOGER.5T8.40522.M,TGO,1996,0,NIL,
MOGER.5T8.40522.M,TGO,1997,0,NIL,
MOGER.5T8.40522.M,TGO,1998,0,NIL,
MOGER.5T8.40522.M,TGO,1999,0,NIL,
MOGER.5T8.40522.M,TGO,2000,0,NIL,UIS_EST
MOGER.5T8.40522.M,TGO,2001,0,NIL,UIS_EST
MOGER.5T8.40522.M,TGO,2002,.0011399999493733,,UIS_EST
MOGER.5T8.40522.M,TGO,2003,0,NIL,UIS_EST
MOGER.5T8.40522.M,TGO,2004,.000369999994291,,UIS_EST
MOGER.5T8.40522.M,TGO,2005,.0007099999929778,,UIS_EST
MOGER.5T8.40522.M,TGO,2006,.0045500001870096,,UIS_EST
MOGER.5T8.40522.M,TGO,2007,.0033899999689311,,UIS_EST
MOGER.5T8.40522.M,TGO,2008,.0046399999409914,,UIS_EST
MOGER.5T8.40522.M,TGO,2009,.0061599998734891,,UIS_EST
MOGER.5T8.40522.M,TGO,2010,.0063800001516938,,UIS_EST
MOGER.5T8.40522.M,TGO,2011,.0062799998559058,,UIS_EST
MOGER.5T8.40522.M,TGO,2012,.0052800001576543,,UIS_EST
MOGER.5T8.40522.M,TGO,2013,.0042200000025332,,UIS_EST
MOGER.5T8.40522.M,TGO,2014,.004939999897033,,UIS_EST
MOGER.5T8.40522.M,TGO,2015,.0059899999760091,,UIS_EST
MOGER.5T8.40522.M,TGO,2016,.0070000002160668,,
MOGER.5T8.40522.M,TGO,2017,.0076999999582767,,
MOGER.5T8.40522.M,TGO,2018,.0091599998995662,,
MOGER.5T8.40522.M,TGO,2019,.0089499996975064,,
MOGER.5T8.40522.M,TGO,2020,.0084600001573563,,
MOGER.5T8.40522.M,TGO,2021,.0077300001867115,,
MOGER.5T8.40522.M,TGO,2022,.0078600002452731,,
MOGER.5T8.40522.M,TGO,2023,.0065799998119473,,UIS_EST
MOGER.5T8.40525,TGO,2012,.0547300018370152,,UIS_EST
MOGER.5T8.40525,TGO,2013,.0658899992704391,,UIS_EST
MOGER.5T8.40525,TGO,2014,.0912500023841858,,UIS_EST
MOGER.5T8.40525,TGO,2015,.091729998588562,,UIS_EST
MOGER.5T8.40525,TGO,2016,.0974799990653992,,UIS_EST
MOGER.5T8.40525,TGO,2017,.0912899971008301,,UIS_EST
MOGER.5T8.40525,TGO,2018,.0996799990534782,,UIS_EST
MOGER.5T8.40525,TGO,2019,.0770400017499924,,UIS_EST
MOGER.5T8.40525,TGO,2020,.0805099979043007,,UIS_EST
MOGER.5T8.40525,TGO,2021,.0887999981641769,,UIS_EST
MOGER.5T8.40525,TGO,2022,.0934600010514259,,UIS_EST
MOGER.5T8.40525,TGO,2023,.0999699980020523,,UIS_EST
MOGER.5T8.40525.F,TGO,2012,.0332500003278255,,UIS_EST
MOGER.5T8.40525.F,TGO,2013,.0456999987363815,,UIS_EST
MOGER.5T8.40525.F,TGO,2014,.0648399963974953,,UIS_EST
MOGER.5T8.40525.F,TGO,2015,.0591499991714954,,UIS_EST
MOGER.5T8.40525.F,TGO,2016,.0693399980664253,,UIS_EST
MOGER.5T8.40525.F,TGO,2017,.0623699985444546,,UIS_EST
MOGER.5T8.40525.F,TGO,2018,.0660300031304359,,UIS_EST
MOGER.5T8.40525.F,TGO,2019,.0321899987757206,,UIS_EST
MOGER.5T8.40525.F,TGO,2020,.0344300009310246,,UIS_EST
MOGER.5T8.40525.F,TGO,2021,.0350699983537197,,UIS_EST
MOGER.5T8.40525.F,TGO,2022,.0410900004208088,,UIS_EST
MOGER.5T8.40525.F,TGO,2023,.0478999987244606,,UIS_EST
MOGER.5T8.40525.GPIA,TGO,2012,.4387399852275848,,UIS_EST
MOGER.5T8.40525.GPIA,TGO,2013,.5333300232887268,,UIS_EST
MOGER.5T8.40525.GPIA,TGO,2014,.553600013256073,,UIS_EST
MOGER.5T8.40525.GPIA,TGO,2015,.4783900082111359,,UIS_EST
MOGER.5T8.40525.GPIA,TGO,2016,.5545300245285034,,UIS_EST
MOGER.5T8.40525.GPIA,TGO,2017,.5214300155639648,,UIS_EST
MOGER.5T8.40525.GPIA,TGO,2018,.4979200065135956,,UIS_EST
MOGER.5T8.40525.GPIA,TGO,2019,.266180008649826,,UIS_EST
MOGER.5T8.40525.GPIA,TGO,2020,.2741999924182892,,UIS_EST
MOGER.5T8.40525.GPIA,TGO,2021,.2481700032949448,,UIS_EST
MOGER.5T8.40525.GPIA,TGO,2022,.2842000126838684,,UIS_EST
MOGER.5T8.40525.GPIA,TGO,2023,.3177100121974945,,UIS_EST
MOGER.5T8.40525.M,TGO,1970,0,NIL,
MOGER.5T8.40525.M,TGO,1971,0,NIL,
MOGER.5T8.40525.M,TGO,1972,0,NIL,
MOGER.5T8.40525.M,TGO,1973,0,NIL,
MOGER.5T8.40525.M,TGO,1974,0,NIL,
MOGER.5T8.40525.M,TGO,1975,0,NIL,
MOGER.5T8.40525.M,TGO,1976,0,NIL,
MOGER.5T8.40525.M,TGO,1977,0,NIL,
MOGER.5T8.40525.M,TGO,1978,0,NIL,
MOGER.5T8.40525.M,TGO,1979,0,NIL,
MOGER.5T8.40525.M,TGO,1980,0,NIL,
MOGER.5T8.40525.M,TGO,1981,0,NIL,
MOGER.5T8.40525.M,TGO,1982,0,NIL,
MOGER.5T8.40525.M,TGO,1983,0,NIL,
MOGER.5T8.40525.M,TGO,1984,0,NIL,
MOGER.5T8.40525.M,TGO,1985,0,NIL,
MOGER.5T8.40525.M,TGO,1986,0,NIL,
MOGER.5T8.40525.M,TGO,1987,0,NIL,
MOGER.5T8.40525.M,TGO,1988,0,NIL,
MOGER.5T8.40525.M,TGO,1989,0,NIL,
MOGER.5T8.40525.M,TGO,1990,0,NIL,
MOGER.5T8.40525.M,TGO,1991,0,NIL,
MOGER.5T8.40525.M,TGO,1992,0,NIL,
MOGER.5T8.40525.M,TGO,1993,0,NIL,
MOGER.5T8.40525.M,TGO,1994,0,NIL,
MOGER.5T8.40525.M,TGO,1995,0,NIL,
MOGER.5T8.40525.M,TGO,1996,0,NIL,
MOGER.5T8.40525.M,TGO,1997,0,NIL,
MOGER.5T8.40525.M,TGO,1998,0,NIL,
MOGER.5T8.40525.M,TGO,1999,0,NIL,
MOGER.5T8.40525.M,TGO,2000,0,NIL,
MOGER.5T8.40525.M,TGO,2001,0,NIL,
MOGER.5T8.40525.M,TGO,2002,0,NIL,
MOGER.5T8.40525.M,TGO,2003,0,NIL,
MOGER.5T8.40525.M,TGO,2004,0,NIL,
MOGER.5T8.40525.M,TGO,2005,0,NIL,
MOGER.5T8.40525.M,TGO,2006,0,NIL,
MOGER.5T8.40525.M,TGO,2007,0,NIL,
MOGER.5T8.40525.M,TGO,2008,0,NIL,
MOGER.5T8.40525.M,TGO,2009,0,NIL,
MOGER.5T8.40525.M,TGO,2010,0,NIL,
MOGER.5T8.40525.M,TGO,2011,0,NIL,
MOGER.5T8.40525.M,TGO,2012,.0757799968123436,,UIS_EST
MOGER.5T8.40525.M,TGO,2013,.0856800004839897,,UIS_EST
MOGER.5T8.40525.M,TGO,2014,.1171299964189529,,UIS_EST
MOGER.5T8.40525.M,TGO,2015,.1236300021409988,,UIS_EST
MOGER.5T8.40525.M,TGO,2016,.1250399947166443,,UIS_EST
MOGER.5T8.40525.M,TGO,2017,.119609996676445,,UIS_EST
MOGER.5T8.40525.M,TGO,2018,.1326099932193756,,UIS_EST
MOGER.5T8.40525.M,TGO,2019,.1209300011396408,,UIS_EST
MOGER.5T8.40525.M,TGO,2020,.1255699992179871,,UIS_EST
MOGER.5T8.40525.M,TGO,2021,.1413100063800812,,UIS_EST
MOGER.5T8.40525.M,TGO,2022,.1446000039577484,,UIS_EST
MOGER.5T8.40525.M,TGO,2023,.1507699936628342,,UIS_EST
MOGER.5T8.40530,TGO,1998,.0010699999984354,,UIS_EST
MOGER.5T8.40530,TGO,1999,.0010400000028312,,UIS_EST
MOGER.5T8.40530,TGO,2000,.0009100000024773,,
MOGER.5T8.40530,TGO,2001,.0007800000021234,,
MOGER.5T8.40530,TGO,2002,.0007699999841861,,UIS_EST
MOGER.5T8.40530,TGO,2003,.000560000014957,,
MOGER.5T8.40530,TGO,2004,.0005499999970198,,UIS_EST
MOGER.5T8.40530,TGO,2005,.00089999998454,,
MOGER.5T8.40530,TGO,2006,.0005300000193529,,
MOGER.5T8.40530,TGO,2007,.0005099999834783,,
MOGER.5T8.40530,TGO,2008,.0018400000408292,,
MOGER.5T8.40530,TGO,2009,.0021100000012666,,
MOGER.5T8.40530,TGO,2010,.0019099999917671,,UIS_EST
MOGER.5T8.40530,TGO,2011,.0018700000364333,,
MOGER.5T8.40530,TGO,2012,.0030300000216812,,UIS_EST
MOGER.5T8.40530,TGO,2013,.005040000192821,,
MOGER.5T8.40530,TGO,2014,.0068999999202788,,
MOGER.5T8.40530,TGO,2015,.0086500002071261,,
MOGER.5T8.40530,TGO,2016,.0107500003650784,,
MOGER.5T8.40530,TGO,2017,.0116699999198318,,
MOGER.5T8.40530,TGO,2018,.0111600002273917,,
MOGER.5T8.40530,TGO,2019,.0129000004380941,,
MOGER.5T8.40530,TGO,2020,.0169799998402596,,
MOGER.5T8.40530,TGO,2021,.0189100001007318,,
MOGER.5T8.40530,TGO,2022,.0253999996930361,,
MOGER.5T8.40530,TGO,2023,.0273700002580881,,
MOGER.5T8.40530.F,TGO,2012,.0010999999940395,,UIS_EST
MOGER.5T8.40530.F,TGO,2013,.0021200000774115,,UIS_EST
MOGER.5T8.40530.F,TGO,2014,.0017800000496209,,UIS_EST
MOGER.5T8.40530.F,TGO,2015,.0031999999191612,,UIS_EST
MOGER.5T8.40530.F,TGO,2016,.0037199999205768,,UIS_EST
MOGER.5T8.40530.F,TGO,2017,.0042099999263883,,UIS_EST
MOGER.5T8.40530.F,TGO,2018,.0032999999821186,,
MOGER.5T8.40530.F,TGO,2019,.0029599999543279,,
MOGER.5T8.40530.F,TGO,2020,.0034099998883903,,
MOGER.5T8.40530.F,TGO,2021,.0043399999849498,,
MOGER.5T8.40530.F,TGO,2022,.0071200001984835,,
MOGER.5T8.40530.F,TGO,2023,.0067500001750886,,UIS_EST
MOGER.5T8.40530.GPIA,TGO,2012,.2246399968862534,,UIS_EST
MOGER.5T8.40530.GPIA,TGO,2013,.2678700089454651,,UIS_EST
MOGER.5T8.40530.GPIA,TGO,2014,.1493699997663498,,UIS_EST
MOGER.5T8.40530.GPIA,TGO,2015,.229200005531311,,UIS_EST
MOGER.5T8.40530.GPIA,TGO,2016,.2107300013303757,,UIS_EST
MOGER.5T8.40530.GPIA,TGO,2017,.2220599949359894,,UIS_EST
MOGER.5T8.40530.GPIA,TGO,2018,.1751500070095062,,
MOGER.5T8.40530.GPIA,TGO,2019,.130730003118515,,
MOGER.5T8.40530.GPIA,TGO,2020,.1126599982380867,,
MOGER.5T8.40530.GPIA,TGO,2021,.1307899951934814,,
MOGER.5T8.40530.GPIA,TGO,2022,.1647000014781952,,
MOGER.5T8.40530.GPIA,TGO,2023,.1420599967241287,,UIS_EST
MOGER.5T8.40530.M,TGO,1970,0,NIL,
MOGER.5T8.40530.M,TGO,1971,0,NIL,
MOGER.5T8.40530.M,TGO,1972,0,NIL,
MOGER.5T8.40530.M,TGO,1973,0,NIL,
MOGER.5T8.40530.M,TGO,1974,0,NIL,
MOGER.5T8.40530.M,TGO,1975,0,NIL,
MOGER.5T8.40530.M,TGO,1976,0,NIL,
MOGER.5T8.40530.M,TGO,1977,0,NIL,
MOGER.5T8.40530.M,TGO,1978,0,NIL,
MOGER.5T8.40530.M,TGO,1979,0,NIL,
MOGER.5T8.40530.M,TGO,1980,0,NIL,
MOGER.5T8.40530.M,TGO,1981,0,NIL,
MOGER.5T8.40530.M,TGO,1982,0,NIL,
MOGER.5T8.40530.M,TGO,1983,0,NIL,
MOGER.5T8.40530.M,TGO,1984,0,NIL,
MOGER.5T8.40530.M,TGO,1985,0,NIL,
MOGER.5T8.40530.M,TGO,1986,0,NIL,
MOGER.5T8.40530.M,TGO,1987,0,NIL,
MOGER.5T8.40530.M,TGO,1988,0,NIL,
MOGER.5T8.40530.M,TGO,1989,0,NIL,
MOGER.5T8.40530.M,TGO,1990,0,NIL,
MOGER.5T8.40530.M,TGO,1991,0,NIL,
MOGER.5T8.40530.M,TGO,1992,0,NIL,
MOGER.5T8.40530.M,TGO,1993,0,NIL,
MOGER.5T8.40530.M,TGO,1994,0,NIL,
MOGER.5T8.40530.M,TGO,1995,0,NIL,
MOGER.5T8.40530.M,TGO,1996,0,NIL,
MOGER.5T8.40530.M,TGO,1997,0,NIL,
MOGER.5T8.40530.M,TGO,1998,.0021399999968708,,UIS_EST
MOGER.5T8.40530.M,TGO,1999,.0020699999295175,,UIS_EST
MOGER.5T8.40530.M,TGO,2000,.0017999999690801,,
MOGER.5T8.40530.M,TGO,2001,.0015600000042468,,
MOGER.5T8.40530.M,TGO,2002,.0015300000086427,,UIS_EST
MOGER.5T8.40530.M,TGO,2003,.0011200000299141,,
MOGER.5T8.40530.M,TGO,2004,.0010999999940395,,UIS_EST
MOGER.5T8.40530.M,TGO,2005,.0017900000093505,,
MOGER.5T8.40530.M,TGO,2006,.0010499999625608,,
MOGER.5T8.40530.M,TGO,2007,.0010199999669567,,
MOGER.5T8.40530.M,TGO,2008,.0036400000099093,,
MOGER.5T8.40530.M,TGO,2009,.0041899997740984,,
MOGER.5T8.40530.M,TGO,2010,.0037799999117851,,UIS_EST
MOGER.5T8.40530.M,TGO,2011,.0037000000011176,,
MOGER.5T8.40530.M,TGO,2012,.0049200002104044,,UIS_EST
MOGER.5T8.40530.M,TGO,2013,.0079100001603365,,UIS_EST
MOGER.5T8.40530.M,TGO,2014,.0119200004264712,,UIS_EST
MOGER.5T8.40530.M,TGO,2015,.0139800002798438,,UIS_EST
MOGER.5T8.40530.M,TGO,2016,.0176400002092123,,UIS_EST
MOGER.5T8.40530.M,TGO,2017,.0189699996262789,,UIS_EST
MOGER.5T8.40530.M,TGO,2018,.0188500005751848,,
MOGER.5T8.40530.M,TGO,2019,.0226300004869699,,
MOGER.5T8.40530.M,TGO,2020,.0302600003778934,,
MOGER.5T8.40530.M,TGO,2021,.0331499986350536,,
MOGER.5T8.40530.M,TGO,2022,.043249998241663,,
MOGER.5T8.40530.M,TGO,2023,.0474999994039536,,UIS_EST
MOGER.5T8.40535,TGO,1999,0,NIL,UIS_EST
MOGER.5T8.40535,TGO,2000,0,NIL,
MOGER.5T8.40535,TGO,2001,0,NIL,
MOGER.5T8.40535,TGO,2002,0,NIL,
MOGER.5T8.40535,TGO,2003,0,NIL,
MOGER.5T8.40535,TGO,2004,0,NIL,UIS_EST
MOGER.5T8.40535,TGO,2005,0,NIL,
MOGER.5T8.40535,TGO,2006,0,NIL,
MOGER.5T8.40535,TGO,2007,.0000700000018696,,UIS_EST
MOGER.5T8.40535,TGO,2008,.0001300000003539,,UIS_EST
MOGER.5T8.40535,TGO,2009,.0001999999949476,,UIS_EST
MOGER.5T8.40535,TGO,2010,.0002500000118744,,UIS_EST
MOGER.5T8.40535,TGO,2011,.0003100000030827,,
MOGER.5T8.40535,TGO,2012,.0003100000030827,,
MOGER.5T8.40535,TGO,2013,.0003000000142492,,
MOGER.5T8.40535,TGO,2014,.0005900000105612,,
MOGER.5T8.40535,TGO,2015,.0011500000255182,,
MOGER.5T8.40535,TGO,2016,.0007099999929778,,
MOGER.5T8.40535,TGO,2017,.0020800000056624,,
MOGER.5T8.40535,TGO,2018,.0084400000050664,,
MOGER.5T8.40535,TGO,2019,.0132999997586012,,
MOGER.5T8.40535,TGO,2020,.0110200000926852,,
MOGER.5T8.40535,TGO,2021,.0083200000226498,,
MOGER.5T8.40535,TGO,2022,.0088099995627999,,
MOGER.5T8.40535,TGO,2023,.0085699995979667,,
MOGER.5T8.40535.F,TGO,2012,0,NIL,UIS_EST
MOGER.5T8.40535.F,TGO,2013,0,NIL,
MOGER.5T8.40535.F,TGO,2014,.0003000000142492,,
MOGER.5T8.40535.F,TGO,2015,0,NIL,
MOGER.5T8.40535.F,TGO,2016,.000289999996312,,
MOGER.5T8.40535.F,TGO,2017,.0008399999933317,,
MOGER.5T8.40535.F,TGO,2018,.0024800000246614,,
MOGER.5T8.40535.F,TGO,2019,.0059199999086559,,
MOGER.5T8.40535.F,TGO,2020,.0047200000844896,,
MOGER.5T8.40535.F,TGO,2021,.0017900000093505,,
MOGER.5T8.40535.F,TGO,2022,.001979999942705,,
MOGER.5T8.40535.F,TGO,2023,.0019300000276417,,
MOGER.5T8.40535.GPIA,TGO,2012,0,NIL,UIS_EST
MOGER.5T8.40535.GPIA,TGO,2013,0,NIL,
MOGER.5T8.40535.GPIA,TGO,2014,.3402200043201447,,
MOGER.5T8.40535.GPIA,TGO,2015,0,NIL,
MOGER.5T8.40535.GPIA,TGO,2016,.2553099989891052,,
MOGER.5T8.40535.GPIA,TGO,2017,.2553699910640717,,
MOGER.5T8.40535.GPIA,TGO,2018,.1735000014305115,,
MOGER.5T8.40535.GPIA,TGO,2019,.2882699966430664,,
MOGER.5T8.40535.GPIA,TGO,2020,.274729996919632,,
MOGER.5T8.40535.GPIA,TGO,2021,.121409997344017,,
MOGER.5T8.40535.GPIA,TGO,2022,.1280000060796738,,
MOGER.5T8.40535.GPIA,TGO,2023,.1280999928712845,,
MOGER.5T8.40535.M,TGO,1970,0,NIL,
MOGER.5T8.40535.M,TGO,1971,0,NIL,
MOGER.5T8.40535.M,TGO,1972,0,NIL,
MOGER.5T8.40535.M,TGO,1973,0,NIL,
MOGER.5T8.40535.M,TGO,1974,0,NIL,
MOGER.5T8.40535.M,TGO,1975,0,NIL,
MOGER.5T8.40535.M,TGO,1976,0,NIL,
MOGER.5T8.40535.M,TGO,1977,0,NIL,
MOGER.5T8.40535.M,TGO,1978,0,NIL,
MOGER.5T8.40535.M,TGO,1979,0,NIL,
MOGER.5T8.40535.M,TGO,1980,0,NIL,
MOGER.5T8.40535.M,TGO,1981,0,NIL,
MOGER.5T8.40535.M,TGO,1982,0,NIL,
MOGER.5T8.40535.M,TGO,1983,0,NIL,
MOGER.5T8.40535.M,TGO,1984,0,NIL,
MOGER.5T8.40535.M,TGO,1985,0,NIL,
MOGER.5T8.40535.M,TGO,1986,0,NIL,
MOGER.5T8.40535.M,TGO,1987,0,NIL,
MOGER.5T8.40535.M,TGO,1988,0,NIL,
MOGER.5T8.40535.M,TGO,1989,0,NIL,
MOGER.5T8.40535.M,TGO,1990,0,NIL,
MOGER.5T8.40535.M,TGO,1991,0,NIL,
MOGER.5T8.40535.M,TGO,1992,0,NIL,
MOGER.5T8.40535.M,TGO,1993,0,NIL,
MOGER.5T8.40535.M,TGO,1994,0,NIL,
MOGER.5T8.40535.M,TGO,1995,0,NIL,
MOGER.5T8.40535.M,TGO,1996,0,NIL,
MOGER.5T8.40535.M,TGO,1997,0,NIL,
MOGER.5T8.40535.M,TGO,1998,0,NIL,
MOGER.5T8.40535.M,TGO,1999,0,NIL,UIS_EST
MOGER.5T8.40535.M,TGO,2000,0,NIL,
MOGER.5T8.40535.M,TGO,2001,0,NIL,
MOGER.5T8.40535.M,TGO,2002,0,NIL,
MOGER.5T8.40535.M,TGO,2003,0,NIL,
MOGER.5T8.40535.M,TGO,2004,0,NIL,UIS_EST
MOGER.5T8.40535.M,TGO,2005,0,NIL,
MOGER.5T8.40535.M,TGO,2006,0,NIL,
MOGER.5T8.40535.M,TGO,2007,.0001400000037393,,UIS_EST
MOGER.5T8.40535.M,TGO,2008,.0002600000007078,,UIS_EST
MOGER.5T8.40535.M,TGO,2009,.0003900000010617,,UIS_EST
MOGER.5T8.40535.M,TGO,2010,.0005000000237487,,UIS_EST
MOGER.5T8.40535.M,TGO,2011,.0006200000061654,,
MOGER.5T8.40535.M,TGO,2012,.0006000000284985,,UIS_EST
MOGER.5T8.40535.M,TGO,2013,.0005900000105612,,
MOGER.5T8.40535.M,TGO,2014,.0008699999889359,,
MOGER.5T8.40535.M,TGO,2015,.0022799998987466,,
MOGER.5T8.40535.M,TGO,2016,.0011200000299141,,
MOGER.5T8.40535.M,TGO,2017,.0032999999821186,,
MOGER.5T8.40535.M,TGO,2018,.0142700001597404,,
MOGER.5T8.40535.M,TGO,2019,.0205199997872114,,
MOGER.5T8.40535.M,TGO,2020,.0171799995005131,,
MOGER.5T8.40535.M,TGO,2021,.0147000001743436,,
MOGER.5T8.40535.M,TGO,2022,.0154799995943904,,
MOGER.5T8.40535.M,TGO,2023,.0150499995797873,,
MOGER.5T8.40540,TGO,1998,.4595800042152405,,UIS_EST
MOGER.5T8.40540,TGO,1999,.444599986076355,,UIS_EST
MOGER.5T8.40540,TGO,2007,.3688099980354309,,UIS_EST
MOGER.5T8.40540,TGO,2008,.3619599938392639,,UIS_EST
MOGER.5T8.40540,TGO,2009,.3516600131988525,,UIS_EST
MOGER.5T8.40540,TGO,2010,.3452700078487396,,UIS_EST
MOGER.5T8.40540,TGO,2011,.3314099907875061,,UIS_EST
MOGER.5T8.40540,TGO,2012,.3285700082778931,,UIS_EST
MOGER.5T8.40540,TGO,2013,.3415000140666962,,UIS_EST
MOGER.5T8.40540,TGO,2014,.363099992275238,,UIS_EST
MOGER.5T8.40540,TGO,2015,.3483999967575073,,UIS_EST
MOGER.5T8.40540,TGO,2016,.3530200123786926,,UIS_EST
MOGER.5T8.40540,TGO,2017,.3166800141334534,,UIS_EST
MOGER.5T8.40540,TGO,2018,.34375,,UIS_EST
MOGER.5T8.40540,TGO,2019,.316430002450943,,UIS_EST
MOGER.5T8.40540,TGO,2020,.3062399923801422,,UIS_EST
MOGER.5T8.40540,TGO,2021,.2930200099945068,,UIS_EST
MOGER.5T8.40540,TGO,2022,.3002699911594391,,UIS_EST
MOGER.5T8.40540,TGO,2023,.2960900068283081,,UIS_EST
MOGER.5T8.40540.F,TGO,2012,.1810699999332428,,UIS_EST
MOGER.5T8.40540.F,TGO,2013,.1886699944734573,,UIS_EST
MOGER.5T8.40540.F,TGO,2014,.2047699987888336,,UIS_EST
MOGER.5T8.40540.F,TGO,2015,.2051199972629547,,UIS_EST
MOGER.5T8.40540.F,TGO,2016,.2162200063467026,,UIS_EST
MOGER.5T8.40540.F,TGO,2017,.2071299999952316,,UIS_EST
MOGER.5T8.40540.F,TGO,2018,.2155199944972992,,UIS_EST
MOGER.5T8.40540.F,TGO,2019,.2090999931097031,,UIS_EST
MOGER.5T8.40540.F,TGO,2020,.2224400043487549,,UIS_EST
MOGER.5T8.40540.F,TGO,2021,.2064799964427948,,UIS_EST
MOGER.5T8.40540.F,TGO,2022,.2051299959421158,,UIS_EST
MOGER.5T8.40540.F,TGO,2023,.2441000044345856,,UIS_EST
MOGER.5T8.40540.GPIA,TGO,2012,.3826900124549866,,UIS_EST
MOGER.5T8.40540.GPIA,TGO,2013,.3840399980545044,,UIS_EST
MOGER.5T8.40540.GPIA,TGO,2014,.3951300084590912,,UIS_EST
MOGER.5T8.40540.GPIA,TGO,2015,.4196900129318237,,UIS_EST
MOGER.5T8.40540.GPIA,TGO,2016,.4440000057220459,,UIS_EST
MOGER.5T8.40540.GPIA,TGO,2017,.4886099994182587,,UIS_EST
MOGER.5T8.40540.GPIA,TGO,2018,.4592899978160858,,UIS_EST
MOGER.5T8.40540.GPIA,TGO,2019,.4961499869823456,,UIS_EST
MOGER.5T8.40540.GPIA,TGO,2020,.5730400085449219,,UIS_EST
MOGER.5T8.40540.GPIA,TGO,2021,.5468400120735168,,UIS_EST
MOGER.5T8.40540.GPIA,TGO,2022,.5217400193214417,,UIS_EST
MOGER.5T8.40540.GPIA,TGO,2023,.7038099765777588,,UIS_EST
MOGER.5T8.40540.M,TGO,1970,0,NIL,
MOGER.5T8.40540.M,TGO,1971,0,NIL,
MOGER.5T8.40540.M,TGO,1972,0,NIL,
MOGER.5T8.40540.M,TGO,1973,0,NIL,
MOGER.5T8.40540.M,TGO,1974,0,NIL,
MOGER.5T8.40540.M,TGO,1975,0,NIL,
MOGER.5T8.40540.M,TGO,1976,0,NIL,
MOGER.5T8.40540.M,TGO,1977,0,NIL,
MOGER.5T8.40540.M,TGO,1978,0,NIL,
MOGER.5T8.40540.M,TGO,1979,0,NIL,
MOGER.5T8.40540.M,TGO,1980,0,NIL,
MOGER.5T8.40540.M,TGO,1981,0,NIL,
MOGER.5T8.40540.M,TGO,1982,0,NIL,
MOGER.5T8.40540.M,TGO,1983,0,NIL,
MOGER.5T8.40540.M,TGO,1984,0,NIL,
MOGER.5T8.40540.M,TGO,1985,0,NIL,
MOGER.5T8.40540.M,TGO,1986,0,NIL,
MOGER.5T8.40540.M,TGO,1987,0,NIL,
MOGER.5T8.40540.M,TGO,1988,0,NIL,
MOGER.5T8.40540.M,TGO,1989,0,NIL,
MOGER.5T8.40540.M,TGO,1990,0,NIL,
MOGER.5T8.40540.M,TGO,1991,0,NIL,
MOGER.5T8.40540.M,TGO,1992,0,NIL,
MOGER.5T8.40540.M,TGO,1993,0,NIL,
MOGER.5T8.40540.M,TGO,1994,0,NIL,
MOGER.5T8.40540.M,TGO,1995,0,NIL,
MOGER.5T8.40540.M,TGO,1996,0,NIL,
MOGER.5T8.40540.M,TGO,1997,0,NIL,
MOGER.5T8.40540.M,TGO,1998,.9155499935150146,,UIS_EST
MOGER.5T8.40540.M,TGO,1999,.8855000138282776,,UIS_EST
MOGER.5T8.40540.M,TGO,2000,0,NIL,
MOGER.5T8.40540.M,TGO,2001,0,NIL,
MOGER.5T8.40540.M,TGO,2002,0,NIL,
MOGER.5T8.40540.M,TGO,2003,0,NIL,
MOGER.5T8.40540.M,TGO,2004,0,NIL,
MOGER.5T8.40540.M,TGO,2005,0,NIL,
MOGER.5T8.40540.M,TGO,2006,0,NIL,
MOGER.5T8.40540.M,TGO,2007,.7312999963760376,,UIS_EST
MOGER.5T8.40540.M,TGO,2008,.7173699736595154,,UIS_EST
MOGER.5T8.40540.M,TGO,2009,.6968299746513367,,UIS_EST
MOGER.5T8.40540.M,TGO,2010,.6839600205421448,,UIS_EST
MOGER.5T8.40540.M,TGO,2011,.6563599705696106,,UIS_EST
MOGER.5T8.40540.M,TGO,2012,.4731400012969971,,UIS_EST
MOGER.5T8.40540.M,TGO,2013,.4912700057029724,,UIS_EST
MOGER.5T8.40540.M,TGO,2014,.5182200074195862,,UIS_EST
MOGER.5T8.40540.M,TGO,2015,.4887300133705139,,UIS_EST
MOGER.5T8.40540.M,TGO,2016,.4869799911975861,,UIS_EST
MOGER.5T8.40540.M,TGO,2017,.4239299893379211,,UIS_EST
MOGER.5T8.40540.M,TGO,2018,.4692600071430206,,UIS_EST
MOGER.5T8.40540.M,TGO,2019,.4214400053024292,,UIS_EST
MOGER.5T8.40540.M,TGO,2020,.3881799876689911,,UIS_EST
MOGER.5T8.40540.M,TGO,2021,.377590000629425,,UIS_EST
MOGER.5T8.40540.M,TGO,2022,.3931699991226196,,UIS_EST
MOGER.5T8.40540.M,TGO,2023,.3468199968338013,,UIS_EST
MOR.5T8.40500,TGO,1998,11.17162036895752,,UIS_EST
MOR.5T8.40500,TGO,2006,9.887450218200684,,UIS_EST
MOR.5T8.40500,TGO,2007,8.331789970397949,,UIS_EST
MOR.5T8.40500,TGO,2010,4.264570236206055,,UIS_EST
MOR.5T8.40500,TGO,2011,4.07489013671875,,UIS_EST
MOR.5T8.40500,TGO,2012,3.521009922027588,,UIS_EST
MOR.5T8.40500,TGO,2013,3.152740001678467,,
MOR.5T8.40500,TGO,2014,3.372529983520508,,
MOR.5T8.40500,TGO,2015,4.432459831237793,,
MOR.5T8.40500,TGO,2016,3.160680055618286,,
MOR.5T8.40500,TGO,2017,3.428440093994141,,
MOR.5T8.40500,TGO,2018,3.584549903869629,,
MOR.5T8.40500,TGO,2019,3.563110113143921,,UIS_EST
MOR.5T8.40500,TGO,2020,3.531069993972778,,
MOR.5T8.40500.F,TGO,2012,3.990900039672852,,UIS_EST
MOR.5T8.40500.F,TGO,2013,3.314779996871948,,UIS_EST
MOR.5T8.40500.F,TGO,2014,3.605149984359741,,UIS_EST
MOR.5T8.40500.F,TGO,2015,5.004119873046875,,UIS_EST
MOR.5T8.40500.F,TGO,2016,3.227149963378906,,UIS_EST
MOR.5T8.40500.F,TGO,2017,3.466880083084106,,UIS_EST
MOR.5T8.40500.F,TGO,2018,3.44825005531311,,UIS_EST
MOR.5T8.40500.F,TGO,2019,3.499469995498657,,UIS_EST
MOR.5T8.40500.F,TGO,2020,3.486550092697144,,UIS_EST
MOR.5T8.40500.GPIA,TGO,2012,1.158720016479492,,UIS_EST
MOR.5T8.40500.GPIA,TGO,2013,1.067950010299683,,UIS_EST
MOR.5T8.40500.GPIA,TGO,2014,1.091459989547729,,UIS_EST
MOR.5T8.40500.GPIA,TGO,2015,1.162760019302368,,UIS_EST
MOR.5T8.40500.GPIA,TGO,2016,1.029719948768616,,UIS_EST
MOR.5T8.40500.GPIA,TGO,2017,1.016160011291504,,UIS_EST
MOR.5T8.40500.GPIA,TGO,2018,.9443399906158447,,UIS_EST
MOR.5T8.40500.GPIA,TGO,2019,.973110020160675,,UIS_EST
MOR.5T8.40500.GPIA,TGO,2020,.9804999828338623,,UIS_EST
MOR.5T8.40500.M,TGO,1970,0,NIL,
MOR.5T8.40500.M,TGO,1971,0,NIL,
MOR.5T8.40500.M,TGO,1972,0,NIL,
MOR.5T8.40500.M,TGO,1973,0,NIL,
MOR.5T8.40500.M,TGO,1974,0,NIL,
MOR.5T8.40500.M,TGO,1975,0,NIL,
MOR.5T8.40500.M,TGO,1976,0,NIL,
MOR.5T8.40500.M,TGO,1977,0,NIL,
MOR.5T8.40500.M,TGO,1978,0,NIL,
MOR.5T8.40500.M,TGO,1979,0,NIL,
MOR.5T8.40500.M,TGO,1980,0,NIL,
MOR.5T8.40500.M,TGO,1981,0,NIL,
MOR.5T8.40500.M,TGO,1982,0,NIL,
MOR.5T8.40500.M,TGO,1983,0,NIL,
MOR.5T8.40500.M,TGO,1984,0,NIL,
MOR.5T8.40500.M,TGO,1985,0,NIL,
MOR.5T8.40500.M,TGO,1986,0,NIL,
MOR.5T8.40500.M,TGO,1987,0,NIL,
MOR.5T8.40500.M,TGO,1988,0,NIL,
MOR.5T8.40500.M,TGO,1989,0,NIL,
MOR.5T8.40500.M,TGO,1990,0,NIL,
MOR.5T8.40500.M,TGO,1991,0,NIL,
MOR.5T8.40500.M,TGO,1992,0,NIL,
MOR.5T8.40500.M,TGO,1993,0,NIL,
MOR.5T8.40500.M,TGO,1994,0,NIL,
MOR.5T8.40500.M,TGO,1995,0,NIL,
MOR.5T8.40500.M,TGO,1996,0,NIL,
MOR.5T8.40500.M,TGO,1997,0,NIL,
MOR.5T8.40500.M,TGO,1998,13.4521598815918,,UIS_EST
MOR.5T8.40500.M,TGO,2011,5.473000049591064,,UIS_EST
MOR.5T8.40500.M,TGO,2012,3.357460021972656,,UIS_EST
MOR.5T8.40500.M,TGO,2013,3.089540004730225,,UIS_EST
MOR.5T8.40500.M,TGO,2014,3.275409936904907,,UIS_EST
MOR.5T8.40500.M,TGO,2015,4.189630031585693,,UIS_EST
MOR.5T8.40500.M,TGO,2016,3.131249904632568,,UIS_EST
MOR.5T8.40500.M,TGO,2017,3.41087007522583,,UIS_EST
MOR.5T8.40500.M,TGO,2018,3.651479959487915,,UIS_EST
MOR.5T8.40500.M,TGO,2019,3.596189975738525,,UIS_EST
MOR.5T8.40500.M,TGO,2020,3.555880069732666,,UIS_EST
MOR.5T8.40505,TGO,1998,0,NIL,UIS_EST
MOR.5T8.40505,TGO,1999,0,NIL,UIS_EST
MOR.5T8.40505,TGO,2002,0,NIL,UIS_EST
MOR.5T8.40505,TGO,2006,0,NIL,UIS_EST
MOR.5T8.40505,TGO,2007,0,NIL,
MOR.5T8.40505,TGO,2008,0,NIL,
MOR.5T8.40505,TGO,2009,0,NIL,
MOR.5T8.40505,TGO,2010,0,NIL,
MOR.5T8.40505,TGO,2011,0,NIL,
MOR.5T8.40505,TGO,2012,0,NIL,
MOR.5T8.40505,TGO,2013,0,NIL,
MOR.5T8.40505,TGO,2014,0,NIL,
MOR.5T8.40505,TGO,2015,0,NIL,
MOR.5T8.40505,TGO,2016,0,NIL,
MOR.5T8.40505,TGO,2017,.0011299999896437,,
MOR.5T8.40505,TGO,2018,.0010499999625608,,
MOR.5T8.40505,TGO,2019,0,NIL,
MOR.5T8.40505,TGO,2020,.0008699999889359,,
MOR.5T8.40505.F,TGO,2012,0,NIL,UIS_EST
MOR.5T8.40505.F,TGO,2013,0,NIL,UIS_EST
MOR.5T8.40505.F,TGO,2014,0,NIL,UIS_EST
MOR.5T8.40505.F,TGO,2015,0,NIL,
MOR.5T8.40505.F,TGO,2016,0,NIL,
MOR.5T8.40505.F,TGO,2017,.0035999999381602,,
MOR.5T8.40505.F,TGO,2018,.0031999999191612,,
MOR.5T8.40505.F,TGO,2019,0,NIL,
MOR.5T8.40505.F,TGO,2020,.002430000109598,,
MOR.5T8.40505.GPIA,TGO,2017,2,,
MOR.5T8.40505.GPIA,TGO,2018,2,,
MOR.5T8.40505.GPIA,TGO,2020,2,,
MOR.5T8.40505.M,TGO,1970,0,NIL,
MOR.5T8.40505.M,TGO,1971,0,NIL,
MOR.5T8.40505.M,TGO,1972,0,NIL,
MOR.5T8.40505.M,TGO,1973,0,NIL,
MOR.5T8.40505.M,TGO,1974,0,NIL,
MOR.5T8.40505.M,TGO,1975,0,NIL,
MOR.5T8.40505.M,TGO,1976,0,NIL,
MOR.5T8.40505.M,TGO,1977,0,NIL,
MOR.5T8.40505.M,TGO,1978,0,NIL,
MOR.5T8.40505.M,TGO,1979,0,NIL,
MOR.5T8.40505.M,TGO,1980,0,NIL,
MOR.5T8.40505.M,TGO,1981,0,NIL,
MOR.5T8.40505.M,TGO,1982,0,NIL,
MOR.5T8.40505.M,TGO,1983,0,NIL,
MOR.5T8.40505.M,TGO,1984,0,NIL,
MOR.5T8.40505.M,TGO,1985,0,NIL,
MOR.5T8.40505.M,TGO,1986,0,NIL,
MOR.5T8.40505.M,TGO,1987,0,NIL,
MOR.5T8.40505.M,TGO,1988,0,NIL,
MOR.5T8.40505.M,TGO,1989,0,NIL,
MOR.5T8.40505.M,TGO,1990,0,NIL,
MOR.5T8.40505.M,TGO,1991,0,NIL,
MOR.5T8.40505.M,TGO,1992,0,NIL,
MOR.5T8.40505.M,TGO,1993,0,NIL,
MOR.5T8.40505.M,TGO,1994,0,NIL,
MOR.5T8.40505.M,TGO,1995,0,NIL,
MOR.5T8.40505.M,TGO,1996,0,NIL,
MOR.5T8.40505.M,TGO,1997,0,NIL,
MOR.5T8.40505.M,TGO,1998,0,NIL,UIS_EST
MOR.5T8.40505.M,TGO,1999,0,NIL,UIS_EST
MOR.5T8.40505.M,TGO,2002,0,NIL,UIS_EST
MOR.5T8.40505.M,TGO,2008,0,NIL,
MOR.5T8.40505.M,TGO,2009,0,NIL,
MOR.5T8.40505.M,TGO,2010,0,NIL,
MOR.5T8.40505.M,TGO,2011,0,NIL,
MOR.5T8.40505.M,TGO,2012,0,NIL,UIS_EST
MOR.5T8.40505.M,TGO,2013,0,NIL,UIS_EST
MOR.5T8.40505.M,TGO,2014,0,NIL,UIS_EST
MOR.5T8.40505.M,TGO,2015,0,NIL,
MOR.5T8.40505.M,TGO,2016,0,NIL,
MOR.5T8.40505.M,TGO,2017,0,NIL,
MOR.5T8.40505.M,TGO,2018,0,NIL,
MOR.5T8.40505.M,TGO,2019,0,NIL,
MOR.5T8.40505.M,TGO,2020,0,NIL,
MOR.5T8.40510,TGO,1998,27.20989036560059,,UIS_EST
MOR.5T8.40510,TGO,2006,18.49847030639648,,UIS_EST
MOR.5T8.40510,TGO,2007,15.84858989715576,,UIS_EST
MOR.5T8.40510,TGO,2010,8.840339660644531,,UIS_EST
MOR.5T8.40510,TGO,2011,8.140749931335449,,UIS_EST
MOR.5T8.40510,TGO,2012,7.187630176544189,,UIS_EST
MOR.5T8.40510,TGO,2013,7.012839794158936,,UIS_EST
MOR.5T8.40510,TGO,2014,7.807479858398438,,UIS_EST
MOR.5T8.40510,TGO,2015,8.662019729614258,,
MOR.5T8.40510,TGO,2016,7.0625,,
MOR.5T8.40510,TGO,2017,6.92717981338501,,
MOR.5T8.40510,TGO,2018,7.242770195007324,,
MOR.5T8.40510,TGO,2019,6.821450233459473,,UIS_EST
MOR.5T8.40510,TGO,2020,6.383419990539551,,
MOR.5T8.40510.F,TGO,2012,7.905099868774414,,UIS_EST
MOR.5T8.40510.F,TGO,2013,7.208370208740234,,UIS_EST
MOR.5T8.40510.F,TGO,2014,7.983019828796387,,UIS_EST
MOR.5T8.40510.F,TGO,2015,9.189789772033691,,UIS_EST
MOR.5T8.40510.F,TGO,2016,7.161779880523682,,UIS_EST
MOR.5T8.40510.F,TGO,2017,7.063350200653076,,UIS_EST
MOR.5T8.40510.F,TGO,2018,6.856269836425781,,UIS_EST
MOR.5T8.40510.F,TGO,2019,6.305679798126221,,UIS_EST
MOR.5T8.40510.F,TGO,2020,5.995100021362305,,UIS_EST
MOR.5T8.40510.GPIA,TGO,2012,1.122349977493286,,UIS_EST
MOR.5T8.40510.GPIA,TGO,2013,1.037709951400757,,UIS_EST
MOR.5T8.40510.GPIA,TGO,2014,1.031170010566711,,UIS_EST
MOR.5T8.40510.GPIA,TGO,2015,1.081820011138916,,UIS_EST
MOR.5T8.40510.GPIA,TGO,2016,1.019999980926514,,UIS_EST
MOR.5T8.40510.GPIA,TGO,2017,1.028090000152588,,UIS_EST
MOR.5T8.40510.GPIA,TGO,2018,.9224600195884705,,UIS_EST
MOR.5T8.40510.GPIA,TGO,2019,.8894400000572205,,UIS_EST
MOR.5T8.40510.GPIA,TGO,2020,.9083700180053711,,UIS_EST
MOR.5T8.40510.M,TGO,1970,0,NIL,
MOR.5T8.40510.M,TGO,1971,0,NIL,
MOR.5T8.40510.M,TGO,1972,0,NIL,
MOR.5T8.40510.M,TGO,1973,0,NIL,
MOR.5T8.40510.M,TGO,1974,0,NIL,
MOR.5T8.40510.M,TGO,1975,0,NIL,
MOR.5T8.40510.M,TGO,1976,0,NIL,
MOR.5T8.40510.M,TGO,1977,0,NIL,
MOR.5T8.40510.M,TGO,1978,0,NIL,
MOR.5T8.40510.M,TGO,1979,0,NIL,
MOR.5T8.40510.M,TGO,1980,0,NIL,
MOR.5T8.40510.M,TGO,1981,0,NIL,
MOR.5T8.40510.M,TGO,1982,0,NIL,
MOR.5T8.40510.M,TGO,1983,0,NIL,
MOR.5T8.40510.M,TGO,1984,0,NIL,
MOR.5T8.40510.M,TGO,1985,0,NIL,
MOR.5T8.40510.M,TGO,1986,0,NIL,
MOR.5T8.40510.M,TGO,1987,0,NIL,
MOR.5T8.40510.M,TGO,1988,0,NIL,
MOR.5T8.40510.M,TGO,1989,0,NIL,
MOR.5T8.40510.M,TGO,1990,0,NIL,
MOR.5T8.40510.M,TGO,1991,0,NIL,
MOR.5T8.40510.M,TGO,1992,0,NIL,
MOR.5T8.40510.M,TGO,1993,0,NIL,
MOR.5T8.40510.M,TGO,1994,0,NIL,
MOR.5T8.40510.M,TGO,1995,0,NIL,
MOR.5T8.40510.M,TGO,1996,0,NIL,
MOR.5T8.40510.M,TGO,1997,0,NIL,
MOR.5T8.40510.M,TGO,1998,32.76441955566406,,UIS_EST
MOR.5T8.40510.M,TGO,2011,10.93387985229492,,UIS_EST
MOR.5T8.40510.M,TGO,2012,6.937910079956055,,UIS_EST
MOR.5T8.40510.M,TGO,2013,6.936570167541504,,UIS_EST
MOR.5T8.40510.M,TGO,2014,7.734189987182617,,UIS_EST
MOR.5T8.40510.M,TGO,2015,8.437849998474121,,UIS_EST
MOR.5T8.40510.M,TGO,2016,7.018539905548096,,UIS_EST
MOR.5T8.40510.M,TGO,2017,6.864950180053711,,UIS_EST
MOR.5T8.40510.M,TGO,2018,7.432600021362305,,UIS_EST
MOR.5T8.40510.M,TGO,2019,7.08951997756958,,UIS_EST
MOR.5T8.40510.M,TGO,2020,6.599810123443604,,UIS_EST
MOR.5T8.40515,TGO,1997,0,NIL,UIS_EST
MOR.5T8.40515,TGO,1998,0,NIL,UIS_EST
MOR.5T8.40515,TGO,1999,0,NIL,UIS_EST
MOR.5T8.40515,TGO,2006,.0231500007212162,,UIS_EST
MOR.5T8.40515,TGO,2007,.0171399991959333,,UIS_EST
MOR.5T8.40515,TGO,2010,.01554000005126,,UIS_EST
MOR.5T8.40515,TGO,2011,.0245399996638298,,UIS_EST
MOR.5T8.40515,TGO,2012,.031029999256134,,UIS_EST
MOR.5T8.40515,TGO,2013,.0247900001704693,,UIS_EST
MOR.5T8.40515,TGO,2014,.0182000007480383,,UIS_EST
MOR.5T8.40515,TGO,2015,.0255699995905161,,UIS_EST
MOR.5T8.40515,TGO,2016,.0356899984180927,,UIS_EST
MOR.5T8.40515,TGO,2017,.021229999139905,,UIS_EST
MOR.5T8.40515,TGO,2018,.0159499999135733,,UIS_EST
MOR.5T8.40515.M,TGO,1970,0,NIL,
MOR.5T8.40515.M,TGO,1971,0,NIL,
MOR.5T8.40515.M,TGO,1972,0,NIL,
MOR.5T8.40515.M,TGO,1973,0,NIL,
MOR.5T8.40515.M,TGO,1974,0,NIL,
MOR.5T8.40515.M,TGO,1975,0,NIL,
MOR.5T8.40515.M,TGO,1976,0,NIL,
MOR.5T8.40515.M,TGO,1977,0,NIL,
MOR.5T8.40515.M,TGO,1978,0,NIL,
MOR.5T8.40515.M,TGO,1979,0,NIL,
MOR.5T8.40515.M,TGO,1980,0,NIL,
MOR.5T8.40515.M,TGO,1981,0,NIL,
MOR.5T8.40515.M,TGO,1982,0,NIL,
MOR.5T8.40515.M,TGO,1983,0,NIL,
MOR.5T8.40515.M,TGO,1984,0,NIL,
MOR.5T8.40515.M,TGO,1985,0,NIL,
MOR.5T8.40515.M,TGO,1986,0,NIL,
MOR.5T8.40515.M,TGO,1987,0,NIL,
MOR.5T8.40515.M,TGO,1988,0,NIL,
MOR.5T8.40515.M,TGO,1989,0,NIL,
MOR.5T8.40515.M,TGO,1990,0,NIL,
MOR.5T8.40515.M,TGO,1991,0,NIL,
MOR.5T8.40515.M,TGO,1992,0,NIL,
MOR.5T8.40515.M,TGO,1993,0,NIL,
MOR.5T8.40515.M,TGO,1994,0,NIL,
MOR.5T8.40515.M,TGO,1995,0,NIL,
MOR.5T8.40515.M,TGO,1996,0,NIL,
MOR.5T8.40515.M,TGO,1997,0,NIL,UIS_EST
MOR.5T8.40515.M,TGO,1998,0,NIL,UIS_EST
MOR.5T8.40515.M,TGO,1999,0,NIL,UIS_EST
MOR.5T8.40515.M,TGO,2011,.0329600013792515,,UIS_EST
MOR.5T8.40515.M,TGO,2012,.0418299995362759,,UIS_EST
MOR.5T8.40515.M,TGO,2013,.0344600006937981,,UIS_EST
MOR.5T8.40515.M,TGO,2014,.0258000008761883,,UIS_EST
MOR.5T8.40515.M,TGO,2015,.0364300012588501,,UIS_EST
MOR.5T8.40515.M,TGO,2016,.0514900013804436,,UIS_EST
MOR.5T8.40515.M,TGO,2017,.0309299994260073,,UIS_EST
MOR.5T8.40515.M,TGO,2018,.0237900000065565,,UIS_EST
MOR.5T8.40515.M,TGO,2019,0,NIL,
MOR.5T8.40515.M,TGO,2020,0,NIL,
MOR.5T8.40515.M,TGO,2021,0,NIL,
MOR.5T8.40515.M,TGO,2022,0,NIL,
MOR.5T8.40516,TGO,1997,0,NIL,UIS_EST
MOR.5T8.40516,TGO,1998,0,NIL,
MOR.5T8.40516,TGO,1999,0,NIL,
MOR.5T8.40516,TGO,2006,.0106899999082088,,UIS_EST
MOR.5T8.40516,TGO,2007,.0061499997973442,,
MOR.5T8.40516,TGO,2010,.0017900000093505,,
MOR.5T8.40516,TGO,2011,0,NIL,
MOR.5T8.40516,TGO,2012,.0014299999456853,,
MOR.5T8.40516,TGO,2013,.0027600000612438,,
MOR.5T8.40516,TGO,2014,0,NIL,
MOR.5T8.40516,TGO,2015,0,NIL,
MOR.5T8.40516,TGO,2016,.0128699997439981,,
MOR.5T8.40516,TGO,2017,0,NIL,
MOR.5T8.40516,TGO,2018,0,NIL,
MOR.5T8.40516,TGO,2019,0,NIL,
MOR.5T8.40516,TGO,2020,0,NIL,
MOR.5T8.40516,TGO,2021,0,NIL,
MOR.5T8.40516,TGO,2022,0,NIL,
MOR.5T8.40516,TGO,2023,0,NIL,
MOR.5T8.40516.F,TGO,2012,0,NIL,UIS_EST
MOR.5T8.40516.F,TGO,2013,0,NIL,
MOR.5T8.40516.F,TGO,2014,0,NIL,
MOR.5T8.40516.F,TGO,2015,0,NIL,
MOR.5T8.40516.F,TGO,2016,0,NIL,
MOR.5T8.40516.F,TGO,2017,0,NIL,
MOR.5T8.40516.F,TGO,2018,0,NIL,
MOR.5T8.40516.F,TGO,2019,0,NIL,
MOR.5T8.40516.F,TGO,2020,0,NIL,
MOR.5T8.40516.F,TGO,2021,0,NIL,
MOR.5T8.40516.F,TGO,2022,0,NIL,
MOR.5T8.40516.F,TGO,2023,0,NIL,
MOR.5T8.40516.GPIA,TGO,2012,0,NIL,UIS_EST
MOR.5T8.40516.GPIA,TGO,2013,0,NIL,
MOR.5T8.40516.GPIA,TGO,2016,0,NIL,
MOR.5T8.40516.M,TGO,1970,0,NIL,
MOR.5T8.40516.M,TGO,1971,0,NIL,
MOR.5T8.40516.M,TGO,1972,0,NIL,
MOR.5T8.40516.M,TGO,1973,0,NIL,
MOR.5T8.40516.M,TGO,1974,0,NIL,
MOR.5T8.40516.M,TGO,1975,0,NIL,
MOR.5T8.40516.M,TGO,1976,0,NIL,
MOR.5T8.40516.M,TGO,1977,0,NIL,
MOR.5T8.40516.M,TGO,1978,0,NIL,
MOR.5T8.40516.M,TGO,1979,0,NIL,
MOR.5T8.40516.M,TGO,1980,0,NIL,
MOR.5T8.40516.M,TGO,1981,0,NIL,
MOR.5T8.40516.M,TGO,1982,0,NIL,
MOR.5T8.40516.M,TGO,1983,0,NIL,
MOR.5T8.40516.M,TGO,1984,0,NIL,
MOR.5T8.40516.M,TGO,1985,0,NIL,
MOR.5T8.40516.M,TGO,1986,0,NIL,
MOR.5T8.40516.M,TGO,1987,0,NIL,
MOR.5T8.40516.M,TGO,1988,0,NIL,
MOR.5T8.40516.M,TGO,1989,0,NIL,
MOR.5T8.40516.M,TGO,1990,0,NIL,
MOR.5T8.40516.M,TGO,1991,0,NIL,
MOR.5T8.40516.M,TGO,1992,0,NIL,
MOR.5T8.40516.M,TGO,1993,0,NIL,
MOR.5T8.40516.M,TGO,1994,0,NIL,
MOR.5T8.40516.M,TGO,1995,0,NIL,
MOR.5T8.40516.M,TGO,1996,0,NIL,
MOR.5T8.40516.M,TGO,1997,0,NIL,UIS_EST
MOR.5T8.40516.M,TGO,1998,0,NIL,
MOR.5T8.40516.M,TGO,1999,0,NIL,
MOR.5T8.40516.M,TGO,2011,0,NIL,
MOR.5T8.40516.M,TGO,2012,.0019199999514967,,UIS_EST
MOR.5T8.40516.M,TGO,2013,.0038399999029934,,
MOR.5T8.40516.M,TGO,2014,0,NIL,
MOR.5T8.40516.M,TGO,2015,0,NIL,
MOR.5T8.40516.M,TGO,2016,.0185700003057718,,
MOR.5T8.40516.M,TGO,2017,0,NIL,
MOR.5T8.40516.M,TGO,2018,0,NIL,
MOR.5T8.40516.M,TGO,2019,0,NIL,
MOR.5T8.40516.M,TGO,2020,0,NIL,
MOR.5T8.40516.M,TGO,2021,0,NIL,
MOR.5T8.40516.M,TGO,2022,0,NIL,
MOR.5T8.40516.M,TGO,2023,0,NIL,
MOR.5T8.40517,TGO,1997,0,NIL,UIS_EST
MOR.5T8.40517,TGO,1998,0,NIL,UIS_EST
MOR.5T8.40517,TGO,1999,0,NIL,UIS_EST
MOR.5T8.40517,TGO,2006,.012470000423491,,UIS_EST
MOR.5T8.40517,TGO,2007,.0109900003299117,,UIS_EST
MOR.5T8.40517,TGO,2010,.0137499999254942,,UIS_EST
MOR.5T8.40517,TGO,2011,.0245399996638298,,UIS_EST
MOR.5T8.40517,TGO,2012,.0296000000089407,,UIS_EST
MOR.5T8.40517,TGO,2013,.0220299996435642,,UIS_EST
MOR.5T8.40517,TGO,2014,.0182000007480383,,UIS_EST
MOR.5T8.40517,TGO,2015,.0255699995905161,,UIS_EST
MOR.5T8.40517,TGO,2016,.0228199996054173,,UIS_EST
MOR.5T8.40517,TGO,2017,.021229999139905,,UIS_EST
MOR.5T8.40517,TGO,2018,.0159499999135733,,UIS_EST
MOR.5T8.40517.M,TGO,1970,0,NIL,
MOR.5T8.40517.M,TGO,1971,0,NIL,
MOR.5T8.40517.M,TGO,1972,0,NIL,
MOR.5T8.40517.M,TGO,1973,0,NIL,
MOR.5T8.40517.M,TGO,1974,0,NIL,
MOR.5T8.40517.M,TGO,1975,0,NIL,
MOR.5T8.40517.M,TGO,1976,0,NIL,
MOR.5T8.40517.M,TGO,1977,0,NIL,
MOR.5T8.40517.M,TGO,1978,0,NIL,
MOR.5T8.40517.M,TGO,1979,0,NIL,
MOR.5T8.40517.M,TGO,1980,0,NIL,
MOR.5T8.40517.M,TGO,1981,0,NIL,
MOR.5T8.40517.M,TGO,1982,0,NIL,
MOR.5T8.40517.M,TGO,1983,0,NIL,
MOR.5T8.40517.M,TGO,1984,0,NIL,
MOR.5T8.40517.M,TGO,1985,0,NIL,
MOR.5T8.40517.M,TGO,1986,0,NIL,
MOR.5T8.40517.M,TGO,1987,0,NIL,
MOR.5T8.40517.M,TGO,1988,0,NIL,
MOR.5T8.40517.M,TGO,1989,0,NIL,
MOR.5T8.40517.M,TGO,1990,0,NIL,
MOR.5T8.40517.M,TGO,1991,0,NIL,
MOR.5T8.40517.M,TGO,1992,0,NIL,
MOR.5T8.40517.M,TGO,1993,0,NIL,
MOR.5T8.40517.M,TGO,1994,0,NIL,
MOR.5T8.40517.M,TGO,1995,0,NIL,
MOR.5T8.40517.M,TGO,1996,0,NIL,
MOR.5T8.40517.M,TGO,1997,0,NIL,UIS_EST
MOR.5T8.40517.M,TGO,1998,0,NIL,UIS_EST
MOR.5T8.40517.M,TGO,1999,0,NIL,UIS_EST
MOR.5T8.40517.M,TGO,2011,.0329600013792515,,UIS_EST
MOR.5T8.40517.M,TGO,2012,.0399000011384487,,UIS_EST
MOR.5T8.40517.M,TGO,2013,.0306199993938208,,UIS_EST
MOR.5T8.40517.M,TGO,2014,.0258000008761883,,UIS_EST
MOR.5T8.40517.M,TGO,2015,.0364300012588501,,UIS_EST
MOR.5T8.40517.M,TGO,2016,.0329199992120266,,UIS_EST
MOR.5T8.40517.M,TGO,2017,.0309299994260073,,UIS_EST
MOR.5T8.40517.M,TGO,2018,.0237900000065565,,UIS_EST
MOR.5T8.40517.M,TGO,2019,0,NIL,
MOR.5T8.40517.M,TGO,2020,0,NIL,
MOR.5T8.40517.M,TGO,2021,0,NIL,
MOR.5T8.40517.M,TGO,2022,0,NIL,
MOR.5T8.40520,TGO,2006,.0463000014424324,,UIS_EST
MOR.5T8.40520,TGO,2007,.0307700000703335,,UIS_EST
MOR.5T8.40520,TGO,2010,.0361399985849857,,UIS_EST
MOR.5T8.40520,TGO,2011,.0327799990773201,,UIS_EST
MOR.5T8.40520,TGO,2012,.024890000000596,,UIS_EST
MOR.5T8.40520,TGO,2013,.0277100000530481,,UIS_EST
MOR.5T8.40520,TGO,2014,.0343700014054775,,UIS_EST
MOR.5T8.40520,TGO,2015,.0436800010502338,,UIS_EST
MOR.5T8.40520,TGO,2016,.045499999076128,,
MOR.5T8.40520,TGO,2017,.049660000950098,,
MOR.5T8.40520,TGO,2018,.0527300015091896,,
MOR.5T8.40520,TGO,2019,.0505499988794327,,
MOR.5T8.40520,TGO,2020,.0408900007605553,,
MOR.5T8.40520.F,TGO,2013,.0286699999123812,,UIS_EST
MOR.5T8.40520.F,TGO,2014,.0362600013613701,,UIS_EST
MOR.5T8.40520.F,TGO,2015,.0526399984955788,,UIS_EST
MOR.5T8.40520.F,TGO,2016,.0529499985277653,,
MOR.5T8.40520.F,TGO,2017,.0575699992477894,,
MOR.5T8.40520.F,TGO,2018,.044829998165369,,
MOR.5T8.40520.F,TGO,2019,.0413900017738342,,
MOR.5T8.40520.F,TGO,2020,.0291700009256601,,
MOR.5T8.40520.GPIA,TGO,2013,1.046450018882751,,UIS_EST
MOR.5T8.40520.GPIA,TGO,2014,1.074200034141541,,UIS_EST
MOR.5T8.40520.GPIA,TGO,2015,1.242640018463135,,UIS_EST
MOR.5T8.40520.GPIA,TGO,2016,1.202999949455261,,
MOR.5T8.40520.GPIA,TGO,2017,1.200240015983582,,
MOR.5T8.40520.GPIA,TGO,2018,.7918000221252441,,
MOR.5T8.40520.GPIA,TGO,2019,.7482200264930725,,
MOR.5T8.40520.GPIA,TGO,2020,.6152899861335754,,
MOR.5T8.40520.M,TGO,1970,0,NIL,
MOR.5T8.40520.M,TGO,1971,0,NIL,
MOR.5T8.40520.M,TGO,1972,0,NIL,
MOR.5T8.40520.M,TGO,1973,0,NIL,
MOR.5T8.40520.M,TGO,1974,0,NIL,
MOR.5T8.40520.M,TGO,1975,0,NIL,
MOR.5T8.40520.M,TGO,1976,0,NIL,
MOR.5T8.40520.M,TGO,1977,0,NIL,
MOR.5T8.40520.M,TGO,1978,0,NIL,
MOR.5T8.40520.M,TGO,1979,0,NIL,
MOR.5T8.40520.M,TGO,1980,0,NIL,
MOR.5T8.40520.M,TGO,1981,0,NIL,
MOR.5T8.40520.M,TGO,1982,0,NIL,
MOR.5T8.40520.M,TGO,1983,0,NIL,
MOR.5T8.40520.M,TGO,1984,0,NIL,
MOR.5T8.40520.M,TGO,1985,0,NIL,
MOR.5T8.40520.M,TGO,1986,0,NIL,
MOR.5T8.40520.M,TGO,1987,0,NIL,
MOR.5T8.40520.M,TGO,1988,0,NIL,
MOR.5T8.40520.M,TGO,1989,0,NIL,
MOR.5T8.40520.M,TGO,1990,0,NIL,
MOR.5T8.40520.M,TGO,1991,0,NIL,
MOR.5T8.40520.M,TGO,1992,0,NIL,
MOR.5T8.40520.M,TGO,1993,0,NIL,
MOR.5T8.40520.M,TGO,1994,0,NIL,
MOR.5T8.40520.M,TGO,1995,0,NIL,
MOR.5T8.40520.M,TGO,1996,0,NIL,
MOR.5T8.40520.M,TGO,1997,0,NIL,
MOR.5T8.40520.M,TGO,1998,0,NIL,
MOR.5T8.40520.M,TGO,1999,0,NIL,
MOR.5T8.40520.M,TGO,2011,.0440200008451939,,UIS_EST
MOR.5T8.40520.M,TGO,2012,.033550001680851,,UIS_EST
MOR.5T8.40520.M,TGO,2013,.0273299999535084,,UIS_EST
MOR.5T8.40520.M,TGO,2014,.0335699990391731,,UIS_EST
MOR.5T8.40520.M,TGO,2015,.0398700013756752,,UIS_EST
MOR.5T8.40520.M,TGO,2016,.0421999990940094,,
MOR.5T8.40520.M,TGO,2017,.0460399985313416,,
MOR.5T8.40520.M,TGO,2018,.0566099993884563,,
MOR.5T8.40520.M,TGO,2019,.0553099997341633,,
MOR.5T8.40520.M,TGO,2020,.047410000115633,,
MOR.5T8.40521.M,TGO,1970,0,NIL,
MOR.5T8.40521.M,TGO,1971,0,NIL,
MOR.5T8.40521.M,TGO,1972,0,NIL,
MOR.5T8.40521.M,TGO,1973,0,NIL,
MOR.5T8.40521.M,TGO,1974,0,NIL,
MOR.5T8.40521.M,TGO,1975,0,NIL,
MOR.5T8.40521.M,TGO,1976,0,NIL,
MOR.5T8.40521.M,TGO,1977,0,NIL,
MOR.5T8.40521.M,TGO,1978,0,NIL,
MOR.5T8.40521.M,TGO,1979,0,NIL,
MOR.5T8.40521.M,TGO,1980,0,NIL,
MOR.5T8.40521.M,TGO,1981,0,NIL,
MOR.5T8.40521.M,TGO,1982,0,NIL,
MOR.5T8.40521.M,TGO,1983,0,NIL,
MOR.5T8.40521.M,TGO,1984,0,NIL,
MOR.5T8.40521.M,TGO,1985,0,NIL,
MOR.5T8.40521.M,TGO,1986,0,NIL,
MOR.5T8.40521.M,TGO,1987,0,NIL,
MOR.5T8.40521.M,TGO,1988,0,NIL,
MOR.5T8.40521.M,TGO,1989,0,NIL,
MOR.5T8.40521.M,TGO,1990,0,NIL,
MOR.5T8.40521.M,TGO,1991,0,NIL,
MOR.5T8.40521.M,TGO,1992,0,NIL,
MOR.5T8.40521.M,TGO,1993,0,NIL,
MOR.5T8.40521.M,TGO,1994,0,NIL,
MOR.5T8.40521.M,TGO,1995,0,NIL,
MOR.5T8.40521.M,TGO,1996,0,NIL,
MOR.5T8.40521.M,TGO,1997,0,NIL,
MOR.5T8.40521.M,TGO,1998,0,NIL,
MOR.5T8.40521.M,TGO,1999,0,NIL,
MOR.5T8.40521.M,TGO,2002,0,NIL,
MOR.5T8.40521.M,TGO,2008,0,NIL,
MOR.5T8.40521.M,TGO,2009,0,NIL,
MOR.5T8.40521.M,TGO,2010,0,NIL,
MOR.5T8.40521.M,TGO,2011,0,NIL,
MOR.5T8.40521.M,TGO,2012,0,NIL,
MOR.5T8.40521.M,TGO,2013,0,NIL,
MOR.5T8.40521.M,TGO,2014,0,NIL,
MOR.5T8.40521.M,TGO,2015,0,NIL,
MOR.5T8.40521.M,TGO,2016,0,NIL,
MOR.5T8.40521.M,TGO,2017,0,NIL,
MOR.5T8.40521.M,TGO,2018,0,NIL,
MOR.5T8.40521.M,TGO,2019,0,NIL,
MOR.5T8.40521.M,TGO,2020,0,NIL,
MOR.5T8.40521.M,TGO,2021,0,NIL,
MOR.5T8.40521.M,TGO,2022,0,NIL,
MOR.5T8.40522,TGO,2006,.0463000014424324,,UIS_EST
MOR.5T8.40522,TGO,2007,.0307700000703335,,UIS_EST
MOR.5T8.40522,TGO,2010,.0361399985849857,,UIS_EST
MOR.5T8.40522,TGO,2011,.0327799990773201,,UIS_EST
MOR.5T8.40522,TGO,2012,.024890000000596,,UIS_EST
MOR.5T8.40522,TGO,2013,.0277100000530481,,UIS_EST
MOR.5T8.40522,TGO,2014,.0343700014054775,,UIS_EST
MOR.5T8.40522,TGO,2015,.0436800010502338,,UIS_EST
MOR.5T8.40522,TGO,2016,.045499999076128,,
MOR.5T8.40522,TGO,2017,.049660000950098,,
MOR.5T8.40522,TGO,2018,.0506200008094311,,
MOR.5T8.40522,TGO,2019,.048530001193285,,
MOR.5T8.40522,TGO,2020,.0391499996185303,,
MOR.5T8.40522.F,TGO,2013,.0286699999123812,,UIS_EST
MOR.5T8.40522.F,TGO,2014,.0362600013613701,,UIS_EST
MOR.5T8.40522.F,TGO,2015,.0526399984955788,,UIS_EST
MOR.5T8.40522.F,TGO,2016,.0529499985277653,,
MOR.5T8.40522.F,TGO,2017,.0575699992477894,,
MOR.5T8.40522.F,TGO,2018,.044829998165369,,
MOR.5T8.40522.F,TGO,2019,.0413900017738342,,
MOR.5T8.40522.F,TGO,2020,.0291700009256601,,
MOR.5T8.40522.GPIA,TGO,2013,1.046450018882751,,UIS_EST
MOR.5T8.40522.GPIA,TGO,2014,1.074200034141541,,UIS_EST
MOR.5T8.40522.GPIA,TGO,2015,1.242640018463135,,UIS_EST
MOR.5T8.40522.GPIA,TGO,2016,1.202999949455261,,
MOR.5T8.40522.GPIA,TGO,2017,1.200240015983582,,
MOR.5T8.40522.GPIA,TGO,2018,.838379979133606,,
MOR.5T8.40522.GPIA,TGO,2019,.7922300100326538,,
MOR.5T8.40522.GPIA,TGO,2020,.6525800228118896,,
MOR.5T8.40522.M,TGO,1970,0,NIL,
MOR.5T8.40522.M,TGO,1971,0,NIL,
MOR.5T8.40522.M,TGO,1972,0,NIL,
MOR.5T8.40522.M,TGO,1973,0,NIL,
MOR.5T8.40522.M,TGO,1974,0,NIL,
MOR.5T8.40522.M,TGO,1975,0,NIL,
MOR.5T8.40522.M,TGO,1976,0,NIL,
MOR.5T8.40522.M,TGO,1977,0,NIL,
MOR.5T8.40522.M,TGO,1978,0,NIL,
MOR.5T8.40522.M,TGO,1979,0,NIL,
MOR.5T8.40522.M,TGO,1980,0,NIL,
MOR.5T8.40522.M,TGO,1981,0,NIL,
MOR.5T8.40522.M,TGO,1982,0,NIL,
MOR.5T8.40522.M,TGO,1983,0,NIL,
MOR.5T8.40522.M,TGO,1984,0,NIL,
MOR.5T8.40522.M,TGO,1985,0,NIL,
MOR.5T8.40522.M,TGO,1986,0,NIL,
MOR.5T8.40522.M,TGO,1987,0,NIL,
MOR.5T8.40522.M,TGO,1988,0,NIL,
MOR.5T8.40522.M,TGO,1989,0,NIL,
MOR.5T8.40522.M,TGO,1990,0,NIL,
MOR.5T8.40522.M,TGO,1991,0,NIL,
MOR.5T8.40522.M,TGO,1992,0,NIL,
MOR.5T8.40522.M,TGO,1993,0,NIL,
MOR.5T8.40522.M,TGO,1994,0,NIL,
MOR.5T8.40522.M,TGO,1995,0,NIL,
MOR.5T8.40522.M,TGO,1996,0,NIL,
MOR.5T8.40522.M,TGO,1997,0,NIL,
MOR.5T8.40522.M,TGO,1998,0,NIL,
MOR.5T8.40522.M,TGO,1999,0,NIL,
MOR.5T8.40522.M,TGO,2011,.0440200008451939,,UIS_EST
MOR.5T8.40522.M,TGO,2012,.033550001680851,,UIS_EST
MOR.5T8.40522.M,TGO,2013,.0273299999535084,,UIS_EST
MOR.5T8.40522.M,TGO,2014,.0335699990391731,,UIS_EST
MOR.5T8.40522.M,TGO,2015,.0398700013756752,,UIS_EST
MOR.5T8.40522.M,TGO,2016,.0421999990940094,,
MOR.5T8.40522.M,TGO,2017,.0460399985313416,,
MOR.5T8.40522.M,TGO,2018,.0534700006246567,,
MOR.5T8.40522.M,TGO,2019,.0522399991750717,,
MOR.5T8.40522.M,TGO,2020,.0447000004351139,,
MOR.5T8.40525,TGO,2012,.5110899806022644,,UIS_EST
MOR.5T8.40525,TGO,2013,.6078799962997437,,UIS_EST
MOR.5T8.40525,TGO,2014,.8658900260925293,,UIS_EST
MOR.5T8.40525,TGO,2015,.8481600284576416,,UIS_EST
MOR.5T8.40525,TGO,2016,.8062000274658203,,UIS_EST
MOR.5T8.40525,TGO,2017,.7417799830436707,,UIS_EST
MOR.5T8.40525,TGO,2018,.7725200057029724,,UIS_EST
MOR.5T8.40525,TGO,2019,.5856299996376038,,UIS_EST
MOR.5T8.40525,TGO,2020,.5402100086212158,,UIS_EST
MOR.5T8.40525.F,TGO,2012,.5952699780464172,,UIS_EST
MOR.5T8.40525.F,TGO,2013,.7435799837112427,,UIS_EST
MOR.5T8.40525.F,TGO,2014,1.033789992332458,,UIS_EST
MOR.5T8.40525.F,TGO,2015,.9077100157737732,,UIS_EST
MOR.5T8.40525.F,TGO,2016,.9244599938392639,,UIS_EST
MOR.5T8.40525.F,TGO,2017,.7992200255393982,,UIS_EST
MOR.5T8.40525.F,TGO,2018,.7684999704360962,,UIS_EST
MOR.5T8.40525.F,TGO,2019,.3538199961185455,,UIS_EST
MOR.5T8.40525.F,TGO,2020,.3192099928855896,,UIS_EST
MOR.5T8.40525.GPIA,TGO,2012,1.190639972686768,,UIS_EST
MOR.5T8.40525.GPIA,TGO,2013,1.253679990768433,,UIS_EST
MOR.5T8.40525.GPIA,TGO,2014,1.23022997379303,,UIS_EST
MOR.5T8.40525.GPIA,TGO,2015,1.093469977378845,,UIS_EST
MOR.5T8.40525.GPIA,TGO,2016,1.184569954872131,,UIS_EST
MOR.5T8.40525.GPIA,TGO,2017,1.104730010032654,,UIS_EST
MOR.5T8.40525.GPIA,TGO,2018,.9922500252723694,,UIS_EST
MOR.5T8.40525.GPIA,TGO,2019,.5010700225830078,,UIS_EST
MOR.5T8.40525.GPIA,TGO,2020,.4812099933624268,,UIS_EST
MOR.5T8.40525.M,TGO,1970,0,NIL,
MOR.5T8.40525.M,TGO,1971,0,NIL,
MOR.5T8.40525.M,TGO,1972,0,NIL,
MOR.5T8.40525.M,TGO,1973,0,NIL,
MOR.5T8.40525.M,TGO,1974,0,NIL,
MOR.5T8.40525.M,TGO,1975,0,NIL,
MOR.5T8.40525.M,TGO,1976,0,NIL,
MOR.5T8.40525.M,TGO,1977,0,NIL,
MOR.5T8.40525.M,TGO,1978,0,NIL,
MOR.5T8.40525.M,TGO,1979,0,NIL,
MOR.5T8.40525.M,TGO,1980,0,NIL,
MOR.5T8.40525.M,TGO,1981,0,NIL,
MOR.5T8.40525.M,TGO,1982,0,NIL,
MOR.5T8.40525.M,TGO,1983,0,NIL,
MOR.5T8.40525.M,TGO,1984,0,NIL,
MOR.5T8.40525.M,TGO,1985,0,NIL,
MOR.5T8.40525.M,TGO,1986,0,NIL,
MOR.5T8.40525.M,TGO,1987,0,NIL,
MOR.5T8.40525.M,TGO,1988,0,NIL,
MOR.5T8.40525.M,TGO,1989,0,NIL,
MOR.5T8.40525.M,TGO,1990,0,NIL,
MOR.5T8.40525.M,TGO,1991,0,NIL,
MOR.5T8.40525.M,TGO,1992,0,NIL,
MOR.5T8.40525.M,TGO,1993,0,NIL,
MOR.5T8.40525.M,TGO,1994,0,NIL,
MOR.5T8.40525.M,TGO,1995,0,NIL,
MOR.5T8.40525.M,TGO,1996,0,NIL,
MOR.5T8.40525.M,TGO,1997,0,NIL,
MOR.5T8.40525.M,TGO,1998,0,NIL,
MOR.5T8.40525.M,TGO,1999,0,NIL,
MOR.5T8.40525.M,TGO,2002,0,NIL,
MOR.5T8.40525.M,TGO,2008,0,NIL,
MOR.5T8.40525.M,TGO,2009,0,NIL,
MOR.5T8.40525.M,TGO,2010,0,NIL,
MOR.5T8.40525.M,TGO,2011,0,NIL,
MOR.5T8.40525.M,TGO,2012,.4817900061607361,,UIS_EST
MOR.5T8.40525.M,TGO,2013,.5549499988555908,,UIS_EST
MOR.5T8.40525.M,TGO,2014,.7957900166511536,,UIS_EST
MOR.5T8.40525.M,TGO,2015,.8228600025177002,,UIS_EST
MOR.5T8.40525.M,TGO,2016,.7538300156593323,,UIS_EST
MOR.5T8.40525.M,TGO,2017,.7155200242996216,,UIS_EST
MOR.5T8.40525.M,TGO,2018,.7745000123977661,,UIS_EST
MOR.5T8.40525.M,TGO,2019,.7061200141906738,,UIS_EST
MOR.5T8.40525.M,TGO,2020,.663349986076355,,UIS_EST
MOR.5T8.40530,TGO,1998,.0349100008606911,,UIS_EST
MOR.5T8.40530,TGO,2006,.0106899999082088,,UIS_EST
MOR.5T8.40530,TGO,2007,.0092299999669194,,
MOR.5T8.40530,TGO,2010,.0214399993419647,,UIS_EST
MOR.5T8.40530,TGO,2011,.0193399991840124,,
MOR.5T8.40530,TGO,2012,.0282899998128414,,UIS_EST
MOR.5T8.40530,TGO,2013,.046509999781847,,
MOR.5T8.40530,TGO,2014,.065480001270771,,
MOR.5T8.40530,TGO,2015,.0799499973654747,,
MOR.5T8.40530,TGO,2016,.0889300033450127,,
MOR.5T8.40530,TGO,2017,.0948000028729439,,
MOR.5T8.40530,TGO,2018,.0864799991250038,,
MOR.5T8.40530,TGO,2019,.098070003092289,,
MOR.5T8.40530,TGO,2020,.1139599978923798,,
MOR.5T8.40530.F,TGO,2012,.0197700001299381,,UIS_EST
MOR.5T8.40530.F,TGO,2013,.0344600006937981,,UIS_EST
MOR.5T8.40530.F,TGO,2014,.028379999101162,,UIS_EST
MOR.5T8.40530.F,TGO,2015,.0491699986159801,,UIS_EST
MOR.5T8.40530.F,TGO,2016,.0495700016617775,,UIS_EST
MOR.5T8.40530.F,TGO,2017,.0539700016379356,,UIS_EST
MOR.5T8.40530.F,TGO,2018,.0384199991822243,,
MOR.5T8.40530.F,TGO,2019,.0325199998915195,,
MOR.5T8.40530.F,TGO,2020,.0315999984741211,,
MOR.5T8.40530.GPIA,TGO,2012,.6326199769973755,,UIS_EST
MOR.5T8.40530.GPIA,TGO,2013,.672980010509491,,UIS_EST
MOR.5T8.40530.GPIA,TGO,2014,.3504999876022339,,UIS_EST
MOR.5T8.40530.GPIA,TGO,2015,.5285099744796753,,UIS_EST
MOR.5T8.40530.GPIA,TGO,2016,.4660300016403198,,UIS_EST
MOR.5T8.40530.GPIA,TGO,2017,.4756799936294556,,UIS_EST
MOR.5T8.40530.GPIA,TGO,2018,.3490400016307831,,
MOR.5T8.40530.GPIA,TGO,2019,.2460899949073792,,
MOR.5T8.40530.GPIA,TGO,2020,.1977100074291229,,
MOR.5T8.40530.M,TGO,1970,0,NIL,
MOR.5T8.40530.M,TGO,1971,0,NIL,
MOR.5T8.40530.M,TGO,1972,0,NIL,
MOR.5T8.40530.M,TGO,1973,0,NIL,
MOR.5T8.40530.M,TGO,1974,0,NIL,
MOR.5T8.40530.M,TGO,1975,0,NIL,
MOR.5T8.40530.M,TGO,1976,0,NIL,
MOR.5T8.40530.M,TGO,1977,0,NIL,
MOR.5T8.40530.M,TGO,1978,0,NIL,
MOR.5T8.40530.M,TGO,1979,0,NIL,
MOR.5T8.40530.M,TGO,1980,0,NIL,
MOR.5T8.40530.M,TGO,1981,0,NIL,
MOR.5T8.40530.M,TGO,1982,0,NIL,
MOR.5T8.40530.M,TGO,1983,0,NIL,
MOR.5T8.40530.M,TGO,1984,0,NIL,
MOR.5T8.40530.M,TGO,1985,0,NIL,
MOR.5T8.40530.M,TGO,1986,0,NIL,
MOR.5T8.40530.M,TGO,1987,0,NIL,
MOR.5T8.40530.M,TGO,1988,0,NIL,
MOR.5T8.40530.M,TGO,1989,0,NIL,
MOR.5T8.40530.M,TGO,1990,0,NIL,
MOR.5T8.40530.M,TGO,1991,0,NIL,
MOR.5T8.40530.M,TGO,1992,0,NIL,
MOR.5T8.40530.M,TGO,1993,0,NIL,
MOR.5T8.40530.M,TGO,1994,0,NIL,
MOR.5T8.40530.M,TGO,1995,0,NIL,
MOR.5T8.40530.M,TGO,1996,0,NIL,
MOR.5T8.40530.M,TGO,1997,0,NIL,
MOR.5T8.40530.M,TGO,1998,.0420400016009808,,UIS_EST
MOR.5T8.40530.M,TGO,2011,.0259799994528294,,
MOR.5T8.40530.M,TGO,2012,.0312599986791611,,UIS_EST
MOR.5T8.40530.M,TGO,2013,.0512100011110306,,UIS_EST
MOR.5T8.40530.M,TGO,2014,.0809699967503548,,UIS_EST
MOR.5T8.40530.M,TGO,2015,.0930299982428551,,UIS_EST
MOR.5T8.40530.M,TGO,2016,.1063600033521652,,UIS_EST
MOR.5T8.40530.M,TGO,2017,.1134599968791008,,UIS_EST
MOR.5T8.40530.M,TGO,2018,.1100799962878227,,
MOR.5T8.40530.M,TGO,2019,.1321399956941605,,
MOR.5T8.40530.M,TGO,2020,.159850001335144,,
MOR.5T8.40535,TGO,1999,0,NIL,UIS_EST
MOR.5T8.40535,TGO,2002,0,NIL,
MOR.5T8.40535,TGO,2006,0,NIL,UIS_EST
MOR.5T8.40535,TGO,2007,.0012300000526011,,UIS_EST
MOR.5T8.40535,TGO,2010,.0028599998913705,,UIS_EST
MOR.5T8.40535,TGO,2011,.0032200000714511,,
MOR.5T8.40535,TGO,2012,.0028500000480562,,
MOR.5T8.40535,TGO,2013,.0027600000612438,,
MOR.5T8.40535,TGO,2014,.0055700000375509,,
MOR.5T8.40535,TGO,2015,.0106600001454353,,
MOR.5T8.40535,TGO,2016,.0058499998413026,,
MOR.5T8.40535,TGO,2017,.0169300008565187,,
MOR.5T8.40535,TGO,2018,.0653899982571602,,
MOR.5T8.40535,TGO,2019,.1010999977588654,,
MOR.5T8.40535,TGO,2020,.0739400014281273,,
MOR.5T8.40535.F,TGO,2012,0,NIL,UIS_EST
MOR.5T8.40535.F,TGO,2013,0,NIL,
MOR.5T8.40535.F,TGO,2014,.0047300001606345,,
MOR.5T8.40535.F,TGO,2015,0,NIL,
MOR.5T8.40535.F,TGO,2016,.0038099999073893,,
MOR.5T8.40535.F,TGO,2017,.0107899997383356,,
MOR.5T8.40535.F,TGO,2018,.0288200005888939,,
MOR.5T8.40535.F,TGO,2019,.0650399997830391,,
MOR.5T8.40535.F,TGO,2020,.0437600016593933,,
MOR.5T8.40535.GPIA,TGO,2012,0,NIL,UIS_EST
MOR.5T8.40535.GPIA,TGO,2013,0,NIL,
MOR.5T8.40535.GPIA,TGO,2014,.7983700037002563,,
MOR.5T8.40535.GPIA,TGO,2015,0,NIL,
MOR.5T8.40535.GPIA,TGO,2016,.5646200180053711,,
MOR.5T8.40535.GPIA,TGO,2017,.5470399856567383,,
MOR.5T8.40535.GPIA,TGO,2018,.3457500040531158,,
MOR.5T8.40535.GPIA,TGO,2019,.5426700115203857,,
MOR.5T8.40535.GPIA,TGO,2020,.4821299910545349,,
MOR.5T8.40535.M,TGO,1970,0,NIL,
MOR.5T8.40535.M,TGO,1971,0,NIL,
MOR.5T8.40535.M,TGO,1972,0,NIL,
MOR.5T8.40535.M,TGO,1973,0,NIL,
MOR.5T8.40535.M,TGO,1974,0,NIL,
MOR.5T8.40535.M,TGO,1975,0,NIL,
MOR.5T8.40535.M,TGO,1976,0,NIL,
MOR.5T8.40535.M,TGO,1977,0,NIL,
MOR.5T8.40535.M,TGO,1978,0,NIL,
MOR.5T8.40535.M,TGO,1979,0,NIL,
MOR.5T8.40535.M,TGO,1980,0,NIL,
MOR.5T8.40535.M,TGO,1981,0,NIL,
MOR.5T8.40535.M,TGO,1982,0,NIL,
MOR.5T8.40535.M,TGO,1983,0,NIL,
MOR.5T8.40535.M,TGO,1984,0,NIL,
MOR.5T8.40535.M,TGO,1985,0,NIL,
MOR.5T8.40535.M,TGO,1986,0,NIL,
MOR.5T8.40535.M,TGO,1987,0,NIL,
MOR.5T8.40535.M,TGO,1988,0,NIL,
MOR.5T8.40535.M,TGO,1989,0,NIL,
MOR.5T8.40535.M,TGO,1990,0,NIL,
MOR.5T8.40535.M,TGO,1991,0,NIL,
MOR.5T8.40535.M,TGO,1992,0,NIL,
MOR.5T8.40535.M,TGO,1993,0,NIL,
MOR.5T8.40535.M,TGO,1994,0,NIL,
MOR.5T8.40535.M,TGO,1995,0,NIL,
MOR.5T8.40535.M,TGO,1996,0,NIL,
MOR.5T8.40535.M,TGO,1997,0,NIL,
MOR.5T8.40535.M,TGO,1998,0,NIL,
MOR.5T8.40535.M,TGO,1999,0,NIL,UIS_EST
MOR.5T8.40535.M,TGO,2002,0,NIL,
MOR.5T8.40535.M,TGO,2011,.0043299999088049,,
MOR.5T8.40535.M,TGO,2012,.0038499999791384,,UIS_EST
MOR.5T8.40535.M,TGO,2013,.0038399999029934,,
MOR.5T8.40535.M,TGO,2014,.0059199999086559,,
MOR.5T8.40535.M,TGO,2015,.0151899997144938,,
MOR.5T8.40535.M,TGO,2016,.0067500001750886,,
MOR.5T8.40535.M,TGO,2017,.0197299998253584,,
MOR.5T8.40535.M,TGO,2018,.0833500027656555,,
MOR.5T8.40535.M,TGO,2019,.1198500022292137,,
MOR.5T8.40535.M,TGO,2020,.0907600000500679,,
MOR.5T8.40540,TGO,1998,14.95600986480713,,UIS_EST
MOR.5T8.40540,TGO,2007,6.629849910736084,,UIS_EST
MOR.5T8.40540,TGO,2010,3.876450061798096,,UIS_EST
MOR.5T8.40540,TGO,2011,3.427330017089844,,UIS_EST
MOR.5T8.40540,TGO,2012,3.068470001220703,,UIS_EST
MOR.5T8.40540,TGO,2013,3.150449991226196,,UIS_EST
MOR.5T8.40540,TGO,2014,3.445440053939819,,UIS_EST
MOR.5T8.40540,TGO,2015,3.221549987792969,,UIS_EST
MOR.5T8.40540,TGO,2016,2.919650077819824,,UIS_EST
MOR.5T8.40540,TGO,2017,2.573220014572144,,UIS_EST
MOR.5T8.40540,TGO,2018,2.664089918136597,,UIS_EST
MOR.5T8.40540,TGO,2019,2.405349969863892,,UIS_EST
MOR.5T8.40540,TGO,2020,2.054869890213013,,UIS_EST
MOR.5T8.40540.F,TGO,2012,3.241849899291992,,UIS_EST
MOR.5T8.40540.F,TGO,2013,3.069960117340088,,UIS_EST
MOR.5T8.40540.F,TGO,2014,3.264650106430054,,UIS_EST
MOR.5T8.40540.F,TGO,2015,3.147929906845093,,UIS_EST
MOR.5T8.40540.F,TGO,2016,2.882859945297241,,UIS_EST
MOR.5T8.40540.F,TGO,2017,2.654449939727783,,UIS_EST
MOR.5T8.40540.F,TGO,2018,2.508369922637939,,UIS_EST
MOR.5T8.40540.F,TGO,2019,2.298490047454834,,UIS_EST
MOR.5T8.40540.F,TGO,2020,2.062319993972778,,UIS_EST
MOR.5T8.40540.GPIA,TGO,2012,1.072090029716492,,UIS_EST
MOR.5T8.40540.GPIA,TGO,2013,.9648399949073792,,UIS_EST
MOR.5T8.40540.GPIA,TGO,2014,.9272099733352661,,UIS_EST
MOR.5T8.40540.GPIA,TGO,2015,.9677600264549255,,UIS_EST
MOR.5T8.40540.GPIA,TGO,2016,.9819200038909912,,UIS_EST
MOR.5T8.40540.GPIA,TGO,2017,1.044589996337891,,UIS_EST
MOR.5T8.40540.GPIA,TGO,2018,.9152699708938599,,UIS_EST
MOR.5T8.40540.GPIA,TGO,2019,.9340000152587891,,UIS_EST
MOR.5T8.40540.GPIA,TGO,2020,1.005620002746582,,UIS_EST
MOR.5T8.40540.M,TGO,1970,0,NIL,
MOR.5T8.40540.M,TGO,1971,0,NIL,
MOR.5T8.40540.M,TGO,1972,0,NIL,
MOR.5T8.40540.M,TGO,1973,0,NIL,
MOR.5T8.40540.M,TGO,1974,0,NIL,
MOR.5T8.40540.M,TGO,1975,0,NIL,
MOR.5T8.40540.M,TGO,1976,0,NIL,
MOR.5T8.40540.M,TGO,1977,0,NIL,
MOR.5T8.40540.M,TGO,1978,0,NIL,
MOR.5T8.40540.M,TGO,1979,0,NIL,
MOR.5T8.40540.M,TGO,1980,0,NIL,
MOR.5T8.40540.M,TGO,1981,0,NIL,
MOR.5T8.40540.M,TGO,1982,0,NIL,
MOR.5T8.40540.M,TGO,1983,0,NIL,
MOR.5T8.40540.M,TGO,1984,0,NIL,
MOR.5T8.40540.M,TGO,1985,0,NIL,
MOR.5T8.40540.M,TGO,1986,0,NIL,
MOR.5T8.40540.M,TGO,1987,0,NIL,
MOR.5T8.40540.M,TGO,1988,0,NIL,
MOR.5T8.40540.M,TGO,1989,0,NIL,
MOR.5T8.40540.M,TGO,1990,0,NIL,
MOR.5T8.40540.M,TGO,1991,0,NIL,
MOR.5T8.40540.M,TGO,1992,0,NIL,
MOR.5T8.40540.M,TGO,1993,0,NIL,
MOR.5T8.40540.M,TGO,1994,0,NIL,
MOR.5T8.40540.M,TGO,1995,0,NIL,
MOR.5T8.40540.M,TGO,1996,0,NIL,
MOR.5T8.40540.M,TGO,1997,0,NIL,
MOR.5T8.40540.M,TGO,1998,18.00908088684082,,UIS_EST
MOR.5T8.40540.M,TGO,2002,0,NIL,
MOR.5T8.40540.M,TGO,2011,4.603270053863525,,UIS_EST
MOR.5T8.40540.M,TGO,2012,3.008130073547363,,UIS_EST
MOR.5T8.40540.M,TGO,2013,3.181839942932129,,UIS_EST
MOR.5T8.40540.M,TGO,2014,3.520930051803589,,UIS_EST
MOR.5T8.40540.M,TGO,2015,3.252820014953613,,UIS_EST
MOR.5T8.40540.M,TGO,2016,2.935940027236938,,UIS_EST
MOR.5T8.40540.M,TGO,2017,2.536099910736084,,UIS_EST
MOR.5T8.40540.M,TGO,2018,2.740570068359375,,UIS_EST
MOR.5T8.40540.M,TGO,2019,2.460900068283081,,UIS_EST
MOR.5T8.40540.M,TGO,2020,2.050719976425171,,UIS_EST
MSEP.5T8,TGO,2007,1.412220001220703,,
MYS.1T8.AG25T99,TGO,1970,.4960600137710571,,
MYS.1T8.AG25T99,TGO,2009,3.342099905014038,,
MYS.1T8.AG25T99,TGO,2011,3.643120050430298,,
MYS.1T8.AG25T99,TGO,2017,4.858580112457275,,
MYS.1T8.AG25T99.F,TGO,1970,.163440003991127,,
MYS.1T8.AG25T99.F,TGO,2009,2.031650066375732,,
MYS.1T8.AG25T99.F,TGO,2011,2.174870014190674,,
MYS.1T8.AG25T99.F,TGO,2017,3.386889934539795,,
MYS.1T8.AG25T99.GPIA,TGO,1970,.179189994931221,,
MYS.1T8.AG25T99.GPIA,TGO,2009,.4175800085067749,,
MYS.1T8.AG25T99.GPIA,TGO,2011,.3908199965953827,,
MYS.1T8.AG25T99.GPIA,TGO,2017,.5134099721908569,,
MYS.1T8.AG25T99.M,TGO,1970,.9121500253677368,,
MYS.1T8.AG25T99.M,TGO,2009,4.865340232849121,,
MYS.1T8.AG25T99.M,TGO,2011,5.564859867095947,,
MYS.1T8.AG25T99.M,TGO,2017,6.596859931945801,,
NART.1,TGO,2006,79.77668762207031,,
NART.1,TGO,2010,83.70053863525391,,
NART.1,TGO,2014,88.61325073242188,,
NART.1,TGO,2017,91.81973266601563,,
NART.1,TGO,2018,91.56537628173828,,
NART.1,TGO,2021,94.17392730712891,,
NART.1.F,TGO,2006,76.55764770507813,,
NART.1.F,TGO,2010,82.29846954345703,,
NART.1.F,TGO,2014,86.90868377685547,,
NART.1.F,TGO,2017,91.21692657470703,,
NART.1.F,TGO,2018,91.32978057861328,,
NART.1.F,TGO,2021,94.12416839599609,,
NART.1.F.LPIA,TGO,2006,.8273900151252747,,
NART.1.F.LPIA,TGO,2010,.8949199914932251,,
NART.1.F.LPIA,TGO,2014,.8574000000953674,,
NART.1.F.LPIA,TGO,2017,.9172000288963318,,
NART.1.F.LPIA,TGO,2018,.9043499827384949,,
NART.1.F.LPIA,TGO,2021,.9431899785995483,,
NART.1.F.WPIA,TGO,2006,.6975600123405457,,
NART.1.F.WPIA,TGO,2010,.8140799999237061,,
NART.1.F.WPIA,TGO,2014,.7848299741744995,,
NART.1.F.WPIA,TGO,2017,.8358700275421143,,
NART.1.GPIA,TGO,2006,.9240000247955322,,
NART.1.GPIA,TGO,2010,.9676799774169922,,
NART.1.GPIA,TGO,2014,.9628499746322632,,
NART.1.GPIA,TGO,2017,.9871799945831299,,
NART.1.GPIA,TGO,2018,.9948800206184387,,
NART.1.GPIA,TGO,2021,.9989399909973145,,
NART.1.LPIA,TGO,2006,.8288699984550476,,
NART.1.LPIA,TGO,2010,.9089599847793579,,
NART.1.LPIA,TGO,2014,.8865000009536743,,
NART.1.LPIA,TGO,2017,.9156399965286255,,
NART.1.LPIA,TGO,2018,.9114400148391724,,
NART.1.LPIA,TGO,2021,.9407200217247009,,
NART.1.M,TGO,2006,82.85494232177734,,
NART.1.M,TGO,2010,85.04685211181641,,
NART.1.M,TGO,2014,90.26170349121094,,
NART.1.M,TGO,2017,92.40132141113281,,
NART.1.M,TGO,2018,91.7994384765625,,
NART.1.M,TGO,2021,94.22383880615234,,
NART.1.M.LPIA,TGO,2006,.827019989490509,,
NART.1.M.LPIA,TGO,2010,.9207299947738647,,
NART.1.M.LPIA,TGO,2014,.9139299988746643,,
NART.1.M.LPIA,TGO,2017,.9131399989128113,,
NART.1.M.LPIA,TGO,2018,.9183099865913391,,
NART.1.M.LPIA,TGO,2021,.9378299713134766,,
NART.1.M.WPIA,TGO,2006,.7587500214576721,,
NART.1.M.WPIA,TGO,2010,.8248100280761719,,
NART.1.M.WPIA,TGO,2014,.8502100110054016,,
NART.1.M.WPIA,TGO,2017,.8627200126647949,,
NART.1.Q1,TGO,2006,66.86483764648438,,
NART.1.Q1,TGO,2010,79.43196868896484,,
NART.1.Q1,TGO,2014,79.69271087646484,,
NART.1.Q1,TGO,2017,82.60369873046875,,
NART.1.Q1.F,TGO,2006,61.64339828491211,,
NART.1.Q1.F,TGO,2010,76.45963287353516,,
NART.1.Q1.F,TGO,2014,75.73660278320313,,
NART.1.Q1.F,TGO,2017,80.35401153564453,,
NART.1.Q1.GPIA,TGO,2006,.8595700263977051,,
NART.1.Q1.GPIA,TGO,2010,.9319000244140625,,
NART.1.Q1.GPIA,TGO,2014,.9104599952697754,,
NART.1.Q1.GPIA,TGO,2017,.9499099850654602,,
NART.1.Q1.LPIA,TGO,2014,1.056439995765686,,
NART.1.Q1.M,TGO,2006,71.71404266357422,,
NART.1.Q1.M,TGO,2010,82.04734802246094,,
NART.1.Q1.M,TGO,2014,83.18498992919922,,
NART.1.Q1.M,TGO,2017,84.59162139892578,,
NART.1.Q2,TGO,2006,72.95723724365234,,
NART.1.Q2,TGO,2010,86.23674011230469,,
NART.1.Q2,TGO,2014,85.10182952880859,,
NART.1.Q2,TGO,2017,89.51334381103516,,
NART.1.Q2.F,TGO,2006,70.99735260009766,,
NART.1.Q2.F,TGO,2010,82.8519287109375,,
NART.1.Q2.F,TGO,2014,81.77015686035156,,
NART.1.Q2.F,TGO,2017,89.56665802001953,,
NART.1.Q2.F.LPIA,TGO,2006,.8195099830627441,,
NART.1.Q2.GPIA,TGO,2006,.9475100040435791,,
NART.1.Q2.GPIA,TGO,2010,.9285399913787842,,
NART.1.Q2.GPIA,TGO,2014,.9260100126266479,,
NART.1.Q2.GPIA,TGO,2017,1.001099944114685,,
NART.1.Q2.LPIA,TGO,2006,.7732899785041809,,
NART.1.Q2.LPIA,TGO,2010,.909529983997345,,
NART.1.Q2.LPIA,TGO,2014,1.15120005607605,,
NART.1.Q2.M,TGO,2006,74.93039703369141,,
NART.1.Q2.M,TGO,2010,89.22850799560547,,
NART.1.Q2.M,TGO,2014,88.30381774902344,,
NART.1.Q2.M,TGO,2017,89.46787261962891,,
NART.1.Q2.M.LPIA,TGO,2006,.7340700030326843,,
NART.1.Q2.M.LPIA,TGO,2010,.965910017490387,,
NART.1.Q3,TGO,2006,84.45484924316406,,
NART.1.Q3,TGO,2010,92.23824310302734,,
NART.1.Q3,TGO,2014,90.75933074951172,,
NART.1.Q3,TGO,2017,95.82057189941406,,
NART.1.Q3.F,TGO,2006,81.59937286376953,,
NART.1.Q3.F,TGO,2010,91.27349090576172,,
NART.1.Q3.F,TGO,2014,90.21833038330078,,
NART.1.Q3.F,TGO,2017,95.25791168212891,,
NART.1.Q3.F.LPIA,TGO,2006,.9480900168418884,,
NART.1.Q3.F.LPIA,TGO,2010,.9992799758911133,,
NART.1.Q3.F.LPIA,TGO,2014,.8934999704360962,,
NART.1.Q3.F.LPIA,TGO,2017,.993910014629364,,
NART.1.Q3.GPIA,TGO,2006,.9397199749946594,,
NART.1.Q3.GPIA,TGO,2010,.9787399768829346,,
NART.1.Q3.GPIA,TGO,2014,.9883300065994263,,
NART.1.Q3.GPIA,TGO,2017,.9874899983406067,,
NART.1.Q3.LPIA,TGO,2006,.9546300172805786,,
NART.1.Q3.LPIA,TGO,2010,.9725000262260437,,
NART.1.Q3.LPIA,TGO,2014,.9413300156593323,,
NART.1.Q3.LPIA,TGO,2017,.9788500070571899,,
NART.1.Q3.M,TGO,2006,86.83344268798828,,
NART.1.Q3.M,TGO,2010,93.25585174560547,,
NART.1.Q3.M,TGO,2014,91.28365325927734,,
NART.1.Q3.M,TGO,2017,96.46482849121094,,
NART.1.Q3.M.LPIA,TGO,2006,.9603099822998047,,
NART.1.Q3.M.LPIA,TGO,2010,.9472000002861023,,
NART.1.Q3.M.LPIA,TGO,2014,.989359974861145,,
NART.1.Q3.M.LPIA,TGO,2017,.9598600268363953,,
NART.1.Q4,TGO,2006,91.26924896240234,,
NART.1.Q4,TGO,2010,94.30795288085938,,
NART.1.Q4,TGO,2014,96.72882843017578,,
NART.1.Q4,TGO,2017,97.63819122314453,,
NART.1.Q4.F,TGO,2006,87.71708679199219,,
NART.1.Q4.F,TGO,2010,92.66268920898438,,
NART.1.Q4.F,TGO,2014,96.80642700195313,,
NART.1.Q4.F,TGO,2017,97.26792144775391,,
NART.1.Q4.F.LPIA,TGO,2006,1.045830011367798,,
NART.1.Q4.F.LPIA,TGO,2010,1.059509992599487,,
NART.1.Q4.F.LPIA,TGO,2014,.995710015296936,,
NART.1.Q4.F.LPIA,TGO,2017,.9973000288009644,,
NART.1.Q4.GPIA,TGO,2006,.9275299906730652,,
NART.1.Q4.GPIA,TGO,2010,.9662200212478638,,
NART.1.Q4.GPIA,TGO,2014,1.001610040664673,,
NART.1.Q4.GPIA,TGO,2017,.9927800297737122,,
NART.1.Q4.LPIA,TGO,2006,.9853500127792358,,
NART.1.Q4.LPIA,TGO,2010,1.045549988746643,,
NART.1.Q4.LPIA,TGO,2014,1.000169992446899,,
NART.1.Q4.LPIA,TGO,2017,1.004989981651306,,
NART.1.Q4.M,TGO,2006,94.57051086425781,,
NART.1.Q4.M,TGO,2010,95.90206146240234,,
NART.1.Q4.M,TGO,2014,96.65016937255859,,
NART.1.Q4.M,TGO,2017,97.97499847412109,,
NART.1.Q4.M.LPIA,TGO,2006,.9339900016784668,,
NART.1.Q4.M.LPIA,TGO,2010,1.031049966812134,,
NART.1.Q4.M.LPIA,TGO,2014,1.004500031471252,,
NART.1.Q4.M.LPIA,TGO,2017,1.010800004005432,,
NART.1.Q5,TGO,2006,91.18631744384766,,
NART.1.Q5,TGO,2010,96.74822998046875,,
NART.1.Q5,TGO,2014,97.14533996582031,,
NART.1.Q5,TGO,2017,97.03668212890625,,
NART.1.Q5.F,TGO,2006,88.36984252929688,,
NART.1.Q5.F,TGO,2010,93.92151641845703,,
NART.1.Q5.F,TGO,2014,96.50113677978516,,
NART.1.Q5.F,TGO,2017,96.13179779052734,,
NART.1.Q5.F.LPIA,TGO,2010,1.06633996963501,,
NART.1.Q5.F.LPIA,TGO,2017,1.044780015945435,,
NART.1.Q5.GPIA,TGO,2006,.9349799752235413,,
NART.1.Q5.GPIA,TGO,2010,.9441699981689453,,
NART.1.Q5.GPIA,TGO,2014,.9863100051879883,,
NART.1.Q5.GPIA,TGO,2017,.9804199934005737,,
NART.1.Q5.LPIA,TGO,2006,1.054200053215027,,
NART.1.Q5.LPIA,TGO,2010,1.035130023956299,,
NART.1.Q5.LPIA,TGO,2017,1.03396999835968,,
NART.1.Q5.M,TGO,2006,94.51548767089844,,
NART.1.Q5.M,TGO,2010,99.47471618652344,,
NART.1.Q5.M,TGO,2014,97.84027099609375,,
NART.1.Q5.M,TGO,2017,98.05181121826172,,
NART.1.Q5.M.LPIA,TGO,2017,1.02209997177124,,
NART.1.RUR,TGO,2006,75.08170318603516,,
NART.1.RUR,TGO,2010,81.25341033935547,,
NART.1.RUR,TGO,2014,85.39418029785156,,
NART.1.RUR,TGO,2017,88.93173980712891,,
NART.1.RUR,TGO,2018,88.56758880615234,,
NART.1.RUR,TGO,2021,92.01447296142578,,
NART.1.RUR.F,TGO,2006,71.85901641845703,,
NART.1.RUR.F,TGO,2010,79.359619140625,,
NART.1.RUR.F,TGO,2014,82.69612121582031,,
NART.1.RUR.F,TGO,2017,88.28240966796875,,
NART.1.RUR.F,TGO,2018,87.96009063720703,,
NART.1.RUR.F,TGO,2021,91.94180297851563,,
NART.1.RUR.F.WPIA,TGO,2010,.761680006980896,,
NART.1.RUR.F.WPIA,TGO,2017,.8035399913787842,,
NART.1.RUR.GPIA,TGO,2006,.9204000234603882,,
NART.1.RUR.GPIA,TGO,2010,.9561600089073181,,
NART.1.RUR.GPIA,TGO,2014,.9405999779701233,,
NART.1.RUR.GPIA,TGO,2017,.9860799908638,,
NART.1.RUR.GPIA,TGO,2018,.9866999983787537,,
NART.1.RUR.GPIA,TGO,2021,.9984700083732605,,
NART.1.RUR.M,TGO,2006,78.07357788085938,,
NART.1.RUR.M,TGO,2010,82.99859619140625,,
NART.1.RUR.M,TGO,2014,87.91861724853516,,
NART.1.RUR.M,TGO,2017,89.52895355224609,,
NART.1.RUR.M,TGO,2018,89.14608001708984,,
NART.1.RUR.M,TGO,2021,92.08248138427734,,
NART.1.RUR.M.WPIA,TGO,2017,.8459200263023376,,
NART.1.RUR.Q1,TGO,2006,67.05597686767578,,
NART.1.RUR.Q1,TGO,2010,79.36805725097656,,
NART.1.RUR.Q1,TGO,2014,79.75142669677734,,
NART.1.RUR.Q1,TGO,2017,82.60369873046875,,
NART.1.RUR.Q1.F,TGO,2006,61.70814895629883,,
NART.1.RUR.Q1.F,TGO,2010,76.16847991943359,,
NART.1.RUR.Q1.F,TGO,2014,75.75361633300781,,
NART.1.RUR.Q1.F,TGO,2017,80.35401153564453,,
NART.1.RUR.Q1.GPIA,TGO,2006,.8569099903106689,,
NART.1.RUR.Q1.GPIA,TGO,2010,.9267799854278564,,
NART.1.RUR.Q1.GPIA,TGO,2014,.9093999862670898,,
NART.1.RUR.Q1.GPIA,TGO,2017,.9499099850654602,,
NART.1.RUR.Q1.M,TGO,2006,72.01238250732422,,
NART.1.RUR.Q1.M,TGO,2010,82.18624114990234,,
NART.1.RUR.Q1.M,TGO,2014,83.30081176757813,,
NART.1.RUR.Q1.M,TGO,2017,84.59162139892578,,
NART.1.RUR.Q2,TGO,2006,71.75807952880859,,
NART.1.RUR.Q2,TGO,2010,85.92375183105469,,
NART.1.RUR.Q2,TGO,2014,85.30506134033203,,
NART.1.RUR.Q2,TGO,2017,89.40071105957031,,
NART.1.RUR.Q2.F,TGO,2006,70.12171173095703,,
NART.1.RUR.Q2.F,TGO,2010,82.45556640625,,
NART.1.RUR.Q2.F,TGO,2014,81.84358978271484,,
NART.1.RUR.Q2.F,TGO,2017,89.50923919677734,,
NART.1.RUR.Q2.GPIA,TGO,2006,.9552500247955322,,
NART.1.RUR.Q2.GPIA,TGO,2010,.9256899952888489,,
NART.1.RUR.Q2.GPIA,TGO,2014,.9233899712562561,,
NART.1.RUR.Q2.GPIA,TGO,2017,1.002259969711304,,
NART.1.RUR.Q2.M,TGO,2006,73.40659332275391,,
NART.1.RUR.Q2.M,TGO,2010,89.07440185546875,,
NART.1.RUR.Q2.M,TGO,2014,88.63365936279297,,
NART.1.RUR.Q2.M,TGO,2017,89.30726623535156,,
NART.1.RUR.Q3,TGO,2006,83.80989074707031,,
NART.1.RUR.Q3,TGO,2010,91.81668853759766,,
NART.1.RUR.Q3,TGO,2014,90.28636169433594,,
NART.1.RUR.Q3,TGO,2017,95.13847351074219,,
NART.1.RUR.Q3.F,TGO,2006,80.88967132568359,,
NART.1.RUR.Q3.F,TGO,2010,91.26299285888672,,
NART.1.RUR.Q3.F,TGO,2014,89.34996032714844,,
NART.1.RUR.Q3.F,TGO,2017,95.05352783203125,,
NART.1.RUR.Q3.GPIA,TGO,2006,.9378399848937988,,
NART.1.RUR.Q3.GPIA,TGO,2010,.9876499772071838,,
NART.1.RUR.Q3.GPIA,TGO,2014,.9797300100326538,,
NART.1.RUR.Q3.GPIA,TGO,2017,.9981499910354614,,
NART.1.RUR.Q3.M,TGO,2006,86.25126647949219,,
NART.1.RUR.Q3.M,TGO,2010,92.40464782714844,,
NART.1.RUR.Q3.M,TGO,2014,91.19879913330078,,
NART.1.RUR.Q3.M,TGO,2017,95.23000335693359,,
NART.1.RUR.Q4,TGO,2006,90.33222961425781,,
NART.1.RUR.Q4,TGO,2010,97.27998352050781,,
NART.1.RUR.Q4,TGO,2014,96.74083709716797,,
NART.1.RUR.Q4,TGO,2017,98.03473663330078,,
NART.1.RUR.Q4.F,TGO,2006,90.58376312255859,,
NART.1.RUR.Q4.F,TGO,2010,96.58611297607422,,
NART.1.RUR.Q4.F,TGO,2014,96.4884033203125,,
NART.1.RUR.Q4.F,TGO,2017,97.05155181884766,,
NART.1.RUR.Q4.GPIA,TGO,2006,1.005470037460327,,
NART.1.RUR.Q4.GPIA,TGO,2010,.986519992351532,,
NART.1.RUR.Q4.GPIA,TGO,2014,.9950000047683716,,
NART.1.RUR.Q4.GPIA,TGO,2017,.9820200204849243,,
NART.1.RUR.Q4.M,TGO,2006,90.08780670166016,,
NART.1.RUR.Q4.M,TGO,2010,97.90619659423828,,
NART.1.RUR.Q4.M,TGO,2014,96.97315979003906,,
NART.1.RUR.Q4.M,TGO,2017,98.82868194580078,,
NART.1.RUR.Q5,TGO,2006,96.04477691650391,,
NART.1.RUR.Q5,TGO,2010,100,,
NART.1.RUR.Q5,TGO,2017,100,,
NART.1.RUR.Q5.F,TGO,2010,100,,
NART.1.RUR.Q5.F,TGO,2017,100,,
NART.1.RUR.Q5.GPIA,TGO,2017,1,,
NART.1.RUR.Q5.M,TGO,2017,100,,
NART.1.RUR.WPIA,TGO,2006,.698170006275177,,
NART.1.RUR.WPIA,TGO,2010,.7936800122261047,,
NART.1.RUR.WPIA,TGO,2017,.8260400295257568,,
NART.1.URB,TGO,2006,90.582763671875,,
NART.1.URB,TGO,2010,89.39140319824219,,
NART.1.URB,TGO,2014,96.32697296142578,,
NART.1.URB,TGO,2017,97.12528991699219,,
NART.1.URB,TGO,2018,97.17315673828125,,
NART.1.URB,TGO,2021,97.81234741210938,,
NART.1.URB.F,TGO,2006,86.85038757324219,,
NART.1.URB.F,TGO,2010,88.67836761474609,,
NART.1.URB.F,TGO,2014,96.44979858398438,,
NART.1.URB.F,TGO,2017,96.25160980224609,,
NART.1.URB.F,TGO,2018,97.26345062255859,,
NART.1.URB.F,TGO,2021,97.47985076904297,,
NART.1.URB.GPIA,TGO,2006,.9199900031089783,,
NART.1.URB.GPIA,TGO,2010,.9837300181388855,,
NART.1.URB.GPIA,TGO,2014,1.002609968185425,,
NART.1.URB.GPIA,TGO,2017,.9817000031471252,,
NART.1.URB.GPIA,TGO,2018,1.001929998397827,,
NART.1.URB.GPIA,TGO,2021,.9927999973297119,,
NART.1.URB.M,TGO,2006,94.40325164794922,,
NART.1.URB.M,TGO,2010,90.14472961425781,,
NART.1.URB.M,TGO,2014,96.19838714599609,,
NART.1.URB.M,TGO,2017,98.04562377929688,,
NART.1.URB.M,TGO,2018,97.07605743408203,,
NART.1.URB.M,TGO,2021,98.18695068359375,,
NART.1.URB.Q1,TGO,2014,75.25028991699219,,
NART.1.URB.Q2,TGO,2006,92.79611206054688,,
NART.1.URB.Q2,TGO,2010,94.47039031982422,,
NART.1.URB.Q2,TGO,2014,72.4066162109375,,
NART.1.URB.Q2.F,TGO,2006,85.56498718261719,,
NART.1.URB.Q2.GPIA,TGO,2006,.855650007724762,,
NART.1.URB.Q2.M,TGO,2006,100,,
NART.1.URB.Q2.M,TGO,2010,92.21798706054688,,
NART.1.URB.Q3,TGO,2006,87.79341888427734,,
NART.1.URB.Q3,TGO,2010,94.41314697265625,,
NART.1.URB.Q3,TGO,2014,95.91380310058594,,
NART.1.URB.Q3,TGO,2017,97.19413757324219,,
NART.1.URB.Q3.F,TGO,2006,85.318603515625,,
NART.1.URB.Q3.F,TGO,2010,91.32877349853516,,
NART.1.URB.Q3.F,TGO,2014,100,,
NART.1.URB.Q3.F,TGO,2017,95.63616180419922,,
NART.1.URB.Q3.GPIA,TGO,2006,.9499199986457825,,
NART.1.URB.Q3.GPIA,TGO,2010,.9361699819564819,,
NART.1.URB.Q3.GPIA,TGO,2014,1.078199982643127,,
NART.1.URB.Q3.GPIA,TGO,2017,.9639599919319153,,
NART.1.URB.Q3.M,TGO,2006,89.81638336181641,,
NART.1.URB.Q3.M,TGO,2010,97.55599975585938,,
NART.1.URB.Q3.M,TGO,2014,92.17996215820313,,
NART.1.URB.Q3.M,TGO,2017,99.21209716796875,,
NART.1.URB.Q4,TGO,2006,91.67549896240234,,
NART.1.URB.Q4,TGO,2010,92.84861755371094,,
NART.1.URB.Q4,TGO,2014,96.72486877441406,,
NART.1.URB.Q4,TGO,2017,97.54546356201172,,
NART.1.URB.Q4.F,TGO,2006,86.43264007568359,,
NART.1.URB.Q4.F,TGO,2010,90.83788299560547,,
NART.1.URB.Q4.F,TGO,2014,96.90447998046875,,
NART.1.URB.Q4.F,TGO,2017,97.314697265625,,
NART.1.URB.Q4.GPIA,TGO,2006,.8960999846458435,,
NART.1.URB.Q4.GPIA,TGO,2010,.957539975643158,,
NART.1.URB.Q4.GPIA,TGO,2014,1.003790020942688,,
NART.1.URB.Q4.GPIA,TGO,2017,.9954299926757813,,
NART.1.URB.Q4.M,TGO,2006,96.45471954345703,,
NART.1.URB.Q4.M,TGO,2010,94.86588287353516,,
NART.1.URB.Q4.M,TGO,2014,96.53695678710938,,
NART.1.URB.Q4.M,TGO,2017,97.76126861572266,,
NART.1.URB.Q5,TGO,2006,90.83910369873047,,
NART.1.URB.Q5,TGO,2010,96.48744201660156,,
NART.1.URB.Q5,TGO,2014,97.12016296386719,,
NART.1.URB.Q5,TGO,2017,96.60250854492188,,
NART.1.URB.Q5.F,TGO,2006,88.22437286376953,,
NART.1.URB.Q5.F,TGO,2010,93.36557006835938,,
NART.1.URB.Q5.F,TGO,2014,96.47606658935547,,
NART.1.URB.Q5.F,TGO,2017,95.52243804931641,,
NART.1.URB.Q5.GPIA,TGO,2006,.9383100271224976,,
NART.1.URB.Q5.GPIA,TGO,2010,.9389299750328064,,
NART.1.URB.Q5.GPIA,TGO,2014,.9862899780273438,,
NART.1.URB.Q5.GPIA,TGO,2017,.9768099784851074,,
NART.1.URB.Q5.M,TGO,2006,94.02522277832031,,
NART.1.URB.Q5.M,TGO,2010,99.43818664550781,,
NART.1.URB.Q5.M,TGO,2014,97.81733703613281,,
NART.1.URB.Q5.M,TGO,2017,97.78997039794922,,
NART.1.URB.WPIA,TGO,2014,.7748200297355652,,
NART.1.WPIA,TGO,2006,.7332800030708313,,
NART.1.WPIA,TGO,2010,.8210200071334839,,
NART.1.WPIA,TGO,2014,.8203499913215637,,
NART.1.WPIA,TGO,2017,.8512600064277649,,
NART.2,TGO,2006,74.63046264648438,,
NART.2,TGO,2010,78.52957916259766,,
NART.2,TGO,2014,84.67508697509766,,
NART.2,TGO,2017,87.85816192626953,,
NART.2,TGO,2018,83.78726959228516,,
NART.2,TGO,2021,82.95221710205078,,
NART.2.F,TGO,2006,67.81199645996094,,
NART.2.F,TGO,2010,73.66107177734375,,
NART.2.F,TGO,2014,81.13701629638672,,
NART.2.F,TGO,2017,85.6505126953125,,
NART.2.F,TGO,2018,82.58817291259766,,
NART.2.F,TGO,2021,79.36881256103516,,
NART.2.F.LPIA,TGO,2006,.8841400146484375,,
NART.2.F.LPIA,TGO,2010,.9142400026321411,,
NART.2.F.LPIA,TGO,2014,.9460499882698059,,
NART.2.F.LPIA,TGO,2017,.9744499921798706,,
NART.2.F.LPIA,TGO,2018,.9021900296211243,,
NART.2.F.LPIA,TGO,2021,.8886600136756897,,
NART.2.F.WPIA,TGO,2006,.71875,,
NART.2.F.WPIA,TGO,2010,.8309199810028076,,
NART.2.F.WPIA,TGO,2014,.901419997215271,,
NART.2.F.WPIA,TGO,2017,.9077100157737732,,
NART.2.GPIA,TGO,2006,.8397600054740906,,
NART.2.GPIA,TGO,2010,.8880699872970581,,
NART.2.GPIA,TGO,2014,.9218800067901611,,
NART.2.GPIA,TGO,2017,.9513400197029114,,
NART.2.GPIA,TGO,2018,.9721800088882446,,
NART.2.GPIA,TGO,2021,.9178000092506409,,
NART.2.LPIA,TGO,2006,.8924000263214111,,
NART.2.LPIA,TGO,2010,.9170299768447876,,
NART.2.LPIA,TGO,2014,.9470099806785583,,
NART.2.LPIA,TGO,2017,.9534800052642822,,
NART.2.LPIA,TGO,2018,.8926900029182434,,
NART.2.LPIA,TGO,2021,.8946300148963928,,
NART.2.M,TGO,2006,80.75121307373047,,
NART.2.M,TGO,2010,82.94554138183594,,
NART.2.M,TGO,2014,88.01210021972656,,
NART.2.M,TGO,2017,90.03135681152344,,
NART.2.M,TGO,2018,84.95147705078125,,
NART.2.M,TGO,2021,86.47733306884766,,
NART.2.M.LPIA,TGO,2006,.8576800227165222,,
NART.2.M.LPIA,TGO,2010,.9010999798774719,,
NART.2.M.LPIA,TGO,2014,.936710000038147,,
NART.2.M.LPIA,TGO,2017,.9215700030326843,,
NART.2.M.LPIA,TGO,2018,.8791800141334534,,
NART.2.M.LPIA,TGO,2021,.8929399847984314,,
NART.2.M.WPIA,TGO,2006,.7554900050163269,,
NART.2.M.WPIA,TGO,2010,.8299300074577332,,
NART.2.M.WPIA,TGO,2014,.8514699935913086,,
NART.2.M.WPIA,TGO,2017,.8540599942207336,,
NART.2.Q1,TGO,2006,60.48923873901367,,
NART.2.Q1,TGO,2010,75.05120849609375,,
NART.2.Q1,TGO,2014,77.70088195800781,,
NART.2.Q1,TGO,2017,79.91618347167969,,
NART.2.Q1.F,TGO,2006,48.40383911132813,,
NART.2.Q1.F,TGO,2010,71.21444702148438,,
NART.2.Q1.F,TGO,2014,74.01059722900391,,
NART.2.Q1.F,TGO,2017,78.52252197265625,,
NART.2.Q1.GPIA,TGO,2006,.6926199793815613,,
NART.2.Q1.GPIA,TGO,2010,.9159700274467468,,
NART.2.Q1.GPIA,TGO,2014,.9144899845123291,,
NART.2.Q1.GPIA,TGO,2017,.9682999849319458,,
NART.2.Q1.LPIA,TGO,2014,.9022200107574463,,
NART.2.Q1.M,TGO,2006,69.88529205322266,,
NART.2.Q1.M,TGO,2010,77.7474365234375,,
NART.2.Q1.M,TGO,2014,80.93138885498047,,
NART.2.Q1.M,TGO,2017,81.09317779541016,,
NART.2.Q2,TGO,2006,66.209716796875,,
NART.2.Q2,TGO,2010,79.19168090820313,,
NART.2.Q2,TGO,2014,82.88318634033203,,
NART.2.Q2,TGO,2017,85.82502746582031,,
NART.2.Q2.F,TGO,2006,61.89080810546875,,
NART.2.Q2.F,TGO,2010,72.06263732910156,,
NART.2.Q2.F,TGO,2014,78.9197998046875,,
NART.2.Q2.F,TGO,2017,83.87574768066406,,
NART.2.Q2.GPIA,TGO,2006,.8967900276184082,,
NART.2.Q2.GPIA,TGO,2010,.8427600264549255,,
NART.2.Q2.GPIA,TGO,2014,.9165599942207336,,
NART.2.Q2.GPIA,TGO,2017,.9593999981880188,,
NART.2.Q2.LPIA,TGO,2006,.8218600153923035,,
NART.2.Q2.M,TGO,2006,69.01365661621094,,
NART.2.Q2.M,TGO,2010,85.5074462890625,,
NART.2.Q2.M,TGO,2014,86.10430908203125,,
NART.2.Q2.M,TGO,2017,87.4256591796875,,
NART.2.Q3,TGO,2006,78.55065155029297,,
NART.2.Q3,TGO,2010,87.5723876953125,,
NART.2.Q3,TGO,2014,87.80690765380859,,
NART.2.Q3,TGO,2017,90.70638275146484,,
NART.2.Q3.F,TGO,2006,71.77366638183594,,
NART.2.Q3.F,TGO,2010,80.50343322753906,,
NART.2.Q3.F,TGO,2014,84.87432861328125,,
NART.2.Q3.F,TGO,2017,89.21869659423828,,
NART.2.Q3.F.LPIA,TGO,2006,1.147629976272583,,
NART.2.Q3.F.LPIA,TGO,2010,.982230007648468,,
NART.2.Q3.F.LPIA,TGO,2014,1.095020055770874,,
NART.2.Q3.F.LPIA,TGO,2017,1.073130011558533,,
NART.2.Q3.GPIA,TGO,2006,.8549000024795532,,
NART.2.Q3.GPIA,TGO,2010,.8636999726295471,,
NART.2.Q3.GPIA,TGO,2014,.9402499794960022,,
NART.2.Q3.GPIA,TGO,2017,.9692800045013428,,
NART.2.Q3.LPIA,TGO,2006,1.095839977264404,,
NART.2.Q3.LPIA,TGO,2010,.9721599817276001,,
NART.2.Q3.LPIA,TGO,2014,1.072829961776733,,
NART.2.Q3.LPIA,TGO,2017,1.03577995300293,,
NART.2.Q3.M,TGO,2006,83.95601654052734,,
NART.2.Q3.M,TGO,2010,93.20771789550781,,
NART.2.Q3.M,TGO,2014,90.26801300048828,,
NART.2.Q3.M,TGO,2017,92.04653167724609,,
NART.2.Q3.M.LPIA,TGO,2006,1.04993999004364,,
NART.2.Q3.M.LPIA,TGO,2010,.9779499769210815,,
NART.2.Q3.M.LPIA,TGO,2014,1.057170033454895,,
NART.2.Q3.M.LPIA,TGO,2017,.9975399971008301,,
NART.2.Q4,TGO,2006,87.08094787597656,,
NART.2.Q4,TGO,2010,85.64122772216797,,
NART.2.Q4,TGO,2014,89.92224884033203,,
NART.2.Q4,TGO,2017,93.17440795898438,,
NART.2.Q4.F,TGO,2006,83.35962677001953,,
NART.2.Q4.F,TGO,2010,77.29107666015625,,
NART.2.Q4.F,TGO,2014,87.38353729248047,,
NART.2.Q4.F,TGO,2017,89.52548217773438,,
NART.2.Q4.F.LPIA,TGO,2006,1.054530024528503,,
NART.2.Q4.F.LPIA,TGO,2010,.8793500065803528,,
NART.2.Q4.F.LPIA,TGO,2014,1.001469969749451,,
NART.2.Q4.F.LPIA,TGO,2017,.9904599785804749,,
NART.2.Q4.GPIA,TGO,2006,.9160100221633911,,
NART.2.Q4.GPIA,TGO,2010,.8188999891281128,,
NART.2.Q4.GPIA,TGO,2014,.9467700123786926,,
NART.2.Q4.GPIA,TGO,2017,.9243800044059753,,
NART.2.Q4.LPIA,TGO,2006,1.049950003623962,,
NART.2.Q4.LPIA,TGO,2010,.9757599830627441,,
NART.2.Q4.LPIA,TGO,2014,1.043540000915527,,
NART.2.Q4.LPIA,TGO,2017,1.012279987335205,,
NART.2.Q4.M,TGO,2006,91.00306701660156,,
NART.2.Q4.M,TGO,2010,94.38432312011719,,
NART.2.Q4.M,TGO,2014,92.29653167724609,,
NART.2.Q4.M,TGO,2017,96.84882354736328,,
NART.2.Q4.M.LPIA,TGO,2006,1.026550054550171,,
NART.2.Q4.M.LPIA,TGO,2010,1.065549969673157,,
NART.2.Q4.M.LPIA,TGO,2014,1.087080001831055,,
NART.2.Q4.M.LPIA,TGO,2017,1.00764000415802,,
NART.2.Q5,TGO,2006,78.22866058349609,,
NART.2.Q5,TGO,2010,88.72350311279297,,
NART.2.Q5,TGO,2014,87.29546356201172,,
NART.2.Q5,TGO,2017,89.88780212402344,,
NART.2.Q5.F,TGO,2006,67.34459686279297,,
NART.2.Q5.F,TGO,2010,85.70575714111328,,
NART.2.Q5.F,TGO,2014,82.10478973388672,,
NART.2.Q5.F,TGO,2017,86.50652313232422,,
NART.2.Q5.F.LPIA,TGO,2017,1.106490015983582,,
NART.2.Q5.GPIA,TGO,2006,.7280200123786926,,
NART.2.Q5.GPIA,TGO,2010,.9148799777030945,,
NART.2.Q5.GPIA,TGO,2014,.8638200163841248,,
NART.2.Q5.GPIA,TGO,2017,.911080002784729,,
NART.2.Q5.LPIA,TGO,2010,1.003250002861023,,
NART.2.Q5.LPIA,TGO,2017,1.079890012741089,,
NART.2.Q5.M,TGO,2006,92.50344848632813,,
NART.2.Q5.M,TGO,2010,93.67986297607422,,
NART.2.Q5.M,TGO,2014,95.04900360107422,,
NART.2.Q5.M,TGO,2017,94.94983673095703,,
NART.2.Q5.M.LPIA,TGO,2017,1.033789992332458,,
NART.2.RUR,TGO,2006,71.28720855712891,,
NART.2.RUR,TGO,2010,76.02342224121094,,
NART.2.RUR,TGO,2014,83.11128234863281,,
NART.2.RUR,TGO,2017,86.21190643310547,,
NART.2.RUR,TGO,2018,79.60713195800781,,
NART.2.RUR,TGO,2021,78.59954071044922,,
NART.2.RUR.F,TGO,2006,63.9798698425293,,
NART.2.RUR.F,TGO,2010,70.95839691162109,,
NART.2.RUR.F,TGO,2014,79.46357727050781,,
NART.2.RUR.F,TGO,2017,84.66676330566406,,
NART.2.RUR.F,TGO,2018,78.56478881835938,,
NART.2.RUR.F,TGO,2021,74.74935913085938,,
NART.2.RUR.F.WPIA,TGO,2017,.8233500123023987,,
NART.2.RUR.GPIA,TGO,2006,.8354099988937378,,
NART.2.RUR.GPIA,TGO,2010,.886139988899231,,
NART.2.RUR.GPIA,TGO,2014,.9214900135993958,,
NART.2.RUR.GPIA,TGO,2017,.9676600098609924,,
NART.2.RUR.GPIA,TGO,2018,.9759500026702881,,
NART.2.RUR.GPIA,TGO,2021,.9107599854469299,,
NART.2.RUR.M,TGO,2006,76.58524322509766,,
NART.2.RUR.M,TGO,2010,80.07553863525391,,
NART.2.RUR.M,TGO,2014,86.23404693603516,,
NART.2.RUR.M,TGO,2017,87.49614715576172,,
NART.2.RUR.M,TGO,2018,80.50061798095703,,
NART.2.RUR.M,TGO,2021,82.07351684570313,,
NART.2.RUR.M.WPIA,TGO,2017,.8302199840545654,,
NART.2.RUR.Q1,TGO,2006,60.48678970336914,,
NART.2.RUR.Q1,TGO,2010,75.40299987792969,,
NART.2.RUR.Q1,TGO,2014,77.51232147216797,,
NART.2.RUR.Q1,TGO,2017,79.91618347167969,,
NART.2.RUR.Q1.F,TGO,2006,48.36252975463867,,
NART.2.RUR.Q1.F,TGO,2010,72.23605346679688,,
NART.2.RUR.Q1.F,TGO,2014,73.75454711914063,,
NART.2.RUR.Q1.F,TGO,2017,78.52252197265625,,
NART.2.RUR.Q1.GPIA,TGO,2006,.691070020198822,,
NART.2.RUR.Q1.GPIA,TGO,2010,.9311500191688538,,
NART.2.RUR.Q1.GPIA,TGO,2014,.9128199815750122,,
NART.2.RUR.Q1.GPIA,TGO,2017,.9682999849319458,,
NART.2.RUR.Q1.M,TGO,2006,69.98169708251953,,
NART.2.RUR.Q1.M,TGO,2010,77.57756042480469,,
NART.2.RUR.Q1.M,TGO,2014,80.79862976074219,,
NART.2.RUR.Q1.M,TGO,2017,81.09317779541016,,
NART.2.RUR.Q2,TGO,2006,65.32997131347656,,
NART.2.RUR.Q2,TGO,2010,78.35269927978516,,
NART.2.RUR.Q2,TGO,2014,83.08699798583984,,
NART.2.RUR.Q2,TGO,2017,85.72283935546875,,
NART.2.RUR.Q2.F,TGO,2006,59.41458892822266,,
NART.2.RUR.Q2.F,TGO,2010,70.87265014648438,,
NART.2.RUR.Q2.F,TGO,2014,79.23430633544922,,
NART.2.RUR.Q2.F,TGO,2017,83.81572723388672,,
NART.2.RUR.Q2.GPIA,TGO,2006,.8619800209999084,,
NART.2.RUR.Q2.GPIA,TGO,2010,.8342599868774414,,
NART.2.RUR.Q2.GPIA,TGO,2014,.919219970703125,,
NART.2.RUR.Q2.GPIA,TGO,2017,.960099995136261,,
NART.2.RUR.Q2.M,TGO,2006,68.92826080322266,,
NART.2.RUR.Q2.M,TGO,2010,84.95220184326172,,
NART.2.RUR.Q2.M,TGO,2014,86.19756317138672,,
NART.2.RUR.Q2.M,TGO,2017,87.29878234863281,,
NART.2.RUR.Q3,TGO,2006,80.08007049560547,,
NART.2.RUR.Q3,TGO,2010,87.1939697265625,,
NART.2.RUR.Q3,TGO,2014,88.38687133789063,,
NART.2.RUR.Q3,TGO,2017,91.82569885253906,,
NART.2.RUR.Q3.F,TGO,2006,74.0672607421875,,
NART.2.RUR.Q3.F,TGO,2010,80.30544281005859,,
NART.2.RUR.Q3.F,TGO,2014,85.58941650390625,,
NART.2.RUR.Q3.F,TGO,2017,91.65052032470703,,
NART.2.RUR.Q3.GPIA,TGO,2006,.8737999796867371,,
NART.2.RUR.Q3.GPIA,TGO,2010,.8647500276565552,,
NART.2.RUR.Q3.GPIA,TGO,2014,.9431899785995483,,
NART.2.RUR.Q3.GPIA,TGO,2017,.9964900016784668,,
NART.2.RUR.Q3.M,TGO,2006,84.76428985595703,,
NART.2.RUR.Q3.M,TGO,2010,92.86504364013672,,
NART.2.RUR.Q3.M,TGO,2014,90.74488067626953,,
NART.2.RUR.Q3.M,TGO,2017,91.97373962402344,,
NART.2.RUR.Q4,TGO,2006,89.96737670898438,,
NART.2.RUR.Q4,TGO,2010,84.19048309326172,,
NART.2.RUR.Q4,TGO,2014,93.09915924072266,,
NART.2.RUR.Q4,TGO,2017,94.06936645507813,,
NART.2.RUR.Q4.F,TGO,2006,86.67743682861328,,
NART.2.RUR.Q4.F,TGO,2010,70.62251281738281,,
NART.2.RUR.Q4.F,TGO,2014,87.48194885253906,,
NART.2.RUR.Q4.F,TGO,2017,88.81880950927734,,
NART.2.RUR.Q4.GPIA,TGO,2006,.9378100037574768,,
NART.2.RUR.Q4.GPIA,TGO,2010,.713949978351593,,
NART.2.RUR.Q4.GPIA,TGO,2014,.881850004196167,,
NART.2.RUR.Q4.GPIA,TGO,2017,.9120299816131592,,
NART.2.RUR.Q4.M,TGO,2006,92.42498779296875,,
NART.2.RUR.Q4.M,TGO,2010,98.91864013671875,,
NART.2.RUR.Q4.M,TGO,2014,99.20243072509766,,
NART.2.RUR.Q4.M,TGO,2017,97.38636779785156,,
NART.2.RUR.Q5,TGO,2010,88.99104309082031,,
NART.2.RUR.Q5,TGO,2017,96.47023773193359,,
NART.2.RUR.Q5.F,TGO,2017,95.36968994140625,,
NART.2.RUR.Q5.GPIA,TGO,2017,.97639000415802,,
NART.2.RUR.Q5.M,TGO,2017,97.67620086669922,,
NART.2.RUR.WPIA,TGO,2010,.8473100066184998,,
NART.2.RUR.WPIA,TGO,2017,.8284000158309937,,
NART.2.URB,TGO,2006,79.88236236572266,,
NART.2.URB,TGO,2010,82.90171051025391,,
NART.2.URB,TGO,2014,87.76133728027344,,
NART.2.URB,TGO,2017,90.41799926757813,,
NART.2.URB,TGO,2018,89.17652130126953,,
NART.2.URB,TGO,2021,87.85668182373047,,
NART.2.URB.F,TGO,2006,72.36356353759766,,
NART.2.URB.F,TGO,2010,77.61482238769531,,
NART.2.URB.F,TGO,2014,83.99479675292969,,
NART.2.URB.F,TGO,2017,86.88671112060547,,
NART.2.URB.F,TGO,2018,87.08274841308594,,
NART.2.URB.F,TGO,2021,84.11463165283203,,
NART.2.URB.GPIA,TGO,2006,.8104000091552734,,
NART.2.URB.GPIA,TGO,2010,.8734099864959717,,
NART.2.URB.GPIA,TGO,2014,.9123799800872803,,
NART.2.URB.GPIA,TGO,2017,.915149986743927,,
NART.2.URB.GPIA,TGO,2018,.9510700106620789,,
NART.2.URB.GPIA,TGO,2021,.9151399731636047,,
NART.2.URB.M,TGO,2006,89.29351043701172,,
NART.2.URB.M,TGO,2010,88.86403656005859,,
NART.2.URB.M,TGO,2014,92.060791015625,,
NART.2.URB.M,TGO,2017,94.94255828857422,,
NART.2.URB.M,TGO,2018,91.56304931640625,,
NART.2.URB.M,TGO,2021,91.9140625,,
NART.2.URB.Q1,TGO,2014,85.91293334960938,,
NART.2.URB.Q2,TGO,2006,79.49006652832031,,
NART.2.URB.Q3,TGO,2006,72.40521240234375,,
NART.2.URB.Q3,TGO,2010,89.69139099121094,,
NART.2.URB.Q3,TGO,2014,81.94965362548828,,
NART.2.URB.Q3,TGO,2017,88.54042816162109,,
NART.2.URB.Q3.F,TGO,2006,63.1326904296875,,
NART.2.URB.Q3.F,TGO,2010,81.75794219970703,,
NART.2.URB.Q3.F,TGO,2014,77.45673370361328,,
NART.2.URB.Q3.F,TGO,2017,84.94818115234375,,
NART.2.URB.Q3.GPIA,TGO,2006,.7839599847793579,,
NART.2.URB.Q3.GPIA,TGO,2010,.8609799742698669,,
NART.2.URB.Q3.GPIA,TGO,2014,.9053300023078918,,
NART.2.URB.Q3.GPIA,TGO,2017,.9213399887084961,,
NART.2.URB.Q3.M,TGO,2006,80.53074645996094,,
NART.2.URB.Q3.M,TGO,2010,94.95890808105469,,
NART.2.URB.Q3.M,TGO,2014,85.55664825439453,,
NART.2.URB.Q3.M,TGO,2017,92.20066833496094,,
NART.2.URB.Q4,TGO,2006,85.47367095947266,,
NART.2.URB.Q4,TGO,2010,86.28208923339844,,
NART.2.URB.Q4,TGO,2014,89.04559326171875,,
NART.2.URB.Q4,TGO,2017,92.91393280029297,,
NART.2.URB.Q4.F,TGO,2006,81.95091247558594,,
NART.2.URB.Q4.F,TGO,2010,80.31226348876953,,
NART.2.URB.Q4.F,TGO,2014,87.35365295410156,,
NART.2.URB.Q4.F,TGO,2017,89.67430114746094,,
NART.2.URB.Q4.GPIA,TGO,2006,.910860002040863,,
NART.2.URB.Q4.GPIA,TGO,2010,.8688600063323975,,
NART.2.URB.Q4.GPIA,TGO,2014,.9645500183105469,,
NART.2.URB.Q4.GPIA,TGO,2017,.9279000163078308,,
NART.2.URB.Q4.M,TGO,2006,89.97120666503906,,
NART.2.URB.Q4.M,TGO,2010,92.43414306640625,,
NART.2.URB.Q4.M,TGO,2014,90.56371307373047,,
NART.2.URB.Q4.M,TGO,2017,96.642578125,,
NART.2.URB.Q5,TGO,2006,77.94830322265625,,
NART.2.URB.Q5,TGO,2010,88.70216369628906,,
NART.2.URB.Q5,TGO,2014,87.65461730957031,,
NART.2.URB.Q5,TGO,2017,88.76299285888672,,
NART.2.URB.Q5.F,TGO,2006,66.93097686767578,,
NART.2.URB.Q5.F,TGO,2010,85.52401733398438,,
NART.2.URB.Q5.F,TGO,2014,82.45683288574219,,
NART.2.URB.Q5.F,TGO,2017,85.21395111083984,,
NART.2.URB.Q5.GPIA,TGO,2006,.7230600118637085,,
NART.2.URB.Q5.GPIA,TGO,2010,.9089300036430359,,
NART.2.URB.Q5.GPIA,TGO,2014,.8636800050735474,,
NART.2.URB.Q5.GPIA,TGO,2017,.9029200077056885,,
NART.2.URB.Q5.M,TGO,2006,92.56607055664063,,
NART.2.URB.Q5.M,TGO,2010,94.09343719482422,,
NART.2.URB.Q5.M,TGO,2014,95.47160339355469,,
NART.2.URB.Q5.M,TGO,2017,94.37596893310547,,
NART.2.URB.WPIA,TGO,2014,.9801300168037415,,
NART.2.WPIA,TGO,2006,.7732399702072144,,
NART.2.WPIA,TGO,2010,.8458999991416931,,
NART.2.WPIA,TGO,2014,.8900899887084961,,
NART.2.WPIA,TGO,2017,.8890699744224548,,
NART.3,TGO,2006,54.28435897827148,,
NART.3,TGO,2010,58.46860122680664,,
NART.3,TGO,2014,63.92317962646484,,
NART.3,TGO,2017,70.45184326171875,,
NART.3,TGO,2018,58.72097015380859,,
NART.3,TGO,2021,61.92277145385742,,
NART.3.F,TGO,2006,39.35646057128906,,
NART.3.F,TGO,2010,46.90721130371094,,
NART.3.F,TGO,2014,52.68204879760742,,
NART.3.F,TGO,2017,59.82125091552734,,
NART.3.F,TGO,2018,50.27658843994141,,
NART.3.F,TGO,2021,57.87041854858398,,
NART.3.F.LPIA,TGO,2006,.7470999956130981,,
NART.3.F.LPIA,TGO,2010,.7540799975395203,,
NART.3.F.LPIA,TGO,2014,.8813199996948242,,
NART.3.F.LPIA,TGO,2017,.9151300191879272,,
NART.3.F.LPIA,TGO,2018,.6723300218582153,,
NART.3.F.LPIA,TGO,2021,.5562899708747864,,
NART.3.F.WPIA,TGO,2006,.3158299922943115,,
NART.3.F.WPIA,TGO,2010,.6110000014305115,,
NART.3.F.WPIA,TGO,2014,.7829499840736389,,
NART.3.F.WPIA,TGO,2017,.8307399749755859,,
NART.3.GPIA,TGO,2006,.6086800098419189,,
NART.3.GPIA,TGO,2010,.6759200096130371,,
NART.3.GPIA,TGO,2014,.7110400199890137,,
NART.3.GPIA,TGO,2017,.7502999901771545,,
NART.3.GPIA,TGO,2018,.7463200092315674,,
NART.3.GPIA,TGO,2021,.8730999827384949,,
NART.3.LPIA,TGO,2006,.8068100214004517,,
NART.3.LPIA,TGO,2010,.8362200260162354,,
NART.3.LPIA,TGO,2014,.9316499829292297,,
NART.3.LPIA,TGO,2017,.931689977645874,,
NART.3.LPIA,TGO,2018,.7562999725341797,,
NART.3.LPIA,TGO,2021,.6839799880981445,,
NART.3.M,TGO,2006,64.65886688232422,,
NART.3.M,TGO,2010,69.39762115478516,,
NART.3.M,TGO,2014,74.09187316894531,,
NART.3.M,TGO,2017,79.72988891601563,,
NART.3.M,TGO,2018,67.36578369140625,,
NART.3.M,TGO,2021,66.28186798095703,,
NART.3.M.LPIA,TGO,2006,.7975900173187256,,
NART.3.M.LPIA,TGO,2010,.8622199892997742,,
NART.3.M.LPIA,TGO,2014,.9137099981307983,,
NART.3.M.LPIA,TGO,2017,.9197800159454346,,
NART.3.M.LPIA,TGO,2018,.8306400179862976,,
NART.3.M.LPIA,TGO,2021,.8168200254440308,,
NART.3.M.WPIA,TGO,2006,.6674699783325195,,
NART.3.M.WPIA,TGO,2010,.7275999784469604,,
NART.3.M.WPIA,TGO,2014,.7671599984169006,,
NART.3.M.WPIA,TGO,2017,.7691799998283386,,
NART.3.Q1,TGO,2006,40.14345932006836,,
NART.3.Q1,TGO,2010,51.16096115112305,,
NART.3.Q1,TGO,2014,55.99039077758789,,
NART.3.Q1,TGO,2017,62.43487167358398,,
NART.3.Q1.F,TGO,2006,16.10429954528809,,
NART.3.Q1.F,TGO,2010,35.8690299987793,,
NART.3.Q1.F,TGO,2014,43.60689926147461,,
NART.3.Q1.F,TGO,2017,50.95840072631836,,
NART.3.Q1.GPIA,TGO,2006,.3079600036144257,,
NART.3.Q1.GPIA,TGO,2010,.5833799839019775,,
NART.3.Q1.GPIA,TGO,2014,.6818400025367737,,
NART.3.Q1.GPIA,TGO,2017,.7194499969482422,,
NART.3.Q1.M,TGO,2006,52.29278182983398,,
NART.3.Q1.M,TGO,2010,61.48455810546875,,
NART.3.Q1.M,TGO,2014,63.95431900024414,,
NART.3.Q1.M,TGO,2017,70.82961273193359,,
NART.3.Q2,TGO,2006,43.41246032714844,,
NART.3.Q2,TGO,2010,57.70705032348633,,
NART.3.Q2,TGO,2014,61.44482040405273,,
NART.3.Q2,TGO,2017,69.60368347167969,,
NART.3.Q2.F,TGO,2006,32.51504135131836,,
NART.3.Q2.F,TGO,2010,44.71218109130859,,
NART.3.Q2.F,TGO,2014,47.18225860595703,,
NART.3.Q2.F,TGO,2017,63.72470092773438,,
NART.3.Q2.GPIA,TGO,2006,.6419299840927124,,
NART.3.Q2.GPIA,TGO,2010,.6751599907875061,,
NART.3.Q2.GPIA,TGO,2014,.6514999866485596,,
NART.3.Q2.GPIA,TGO,2017,.8635200262069702,,
NART.3.Q2.LPIA,TGO,2006,1.016160011291504,,
NART.3.Q2.M,TGO,2006,50.65174865722656,,
NART.3.Q2.M,TGO,2010,66.22487640380859,,
NART.3.Q2.M,TGO,2014,72.42041015625,,
NART.3.Q2.M,TGO,2017,73.79615020751953,,
NART.3.Q3,TGO,2006,55.50706100463867,,
NART.3.Q3,TGO,2010,68.14644622802734,,
NART.3.Q3,TGO,2014,66.75216674804688,,
NART.3.Q3,TGO,2017,69.93154907226563,,
NART.3.Q3.F,TGO,2006,36.06406021118164,,
NART.3.Q3.F,TGO,2010,58.54880905151367,,
NART.3.Q3.F,TGO,2014,54.43330001831055,,
NART.3.Q3.F,TGO,2017,53.73966979980469,,
NART.3.Q3.F.LPIA,TGO,2006,1.381219983100891,,
NART.3.Q3.F.LPIA,TGO,2010,.7213699817657471,,
NART.3.Q3.F.LPIA,TGO,2017,.9346500039100647,,
NART.3.Q3.GPIA,TGO,2006,.5282099843025208,,
NART.3.Q3.GPIA,TGO,2010,.7515100240707397,,
NART.3.Q3.GPIA,TGO,2014,.6975600123405457,,
NART.3.Q3.GPIA,TGO,2017,.6452500224113464,,
NART.3.Q3.LPIA,TGO,2006,1.041599988937378,,
NART.3.Q3.LPIA,TGO,2010,.847029983997345,,
NART.3.Q3.LPIA,TGO,2014,1.000399947166443,,
NART.3.Q3.LPIA,TGO,2017,1.037600040435791,,
NART.3.Q3.M,TGO,2006,68.27660369873047,,
NART.3.Q3.M,TGO,2010,77.90827941894531,,
NART.3.Q3.M,TGO,2014,78.0341796875,,
NART.3.Q3.M,TGO,2017,83.28527069091797,,
NART.3.Q3.M.LPIA,TGO,2006,.9031800031661987,,
NART.3.Q3.M.LPIA,TGO,2010,.9703800082206726,,
NART.3.Q3.M.LPIA,TGO,2017,1.118370056152344,,
NART.3.Q4,TGO,2006,59.67253112792969,,
NART.3.Q4,TGO,2010,71.05773162841797,,
NART.3.Q4,TGO,2014,67.91470336914063,,
NART.3.Q4,TGO,2017,71.33985900878906,,
NART.3.Q4.F,TGO,2006,45.94086837768555,,
NART.3.Q4.F,TGO,2010,61.77772903442383,,
NART.3.Q4.F,TGO,2014,58.78834915161133,,
NART.3.Q4.F,TGO,2017,66.95390319824219,,
NART.3.Q4.F.LPIA,TGO,2006,.9922400116920471,,
NART.3.Q4.F.LPIA,TGO,2010,.8676300048828125,,
NART.3.Q4.F.LPIA,TGO,2014,1.076380014419556,,
NART.3.Q4.F.LPIA,TGO,2017,.9965100288391113,,
NART.3.Q4.GPIA,TGO,2006,.6678400039672852,,
NART.3.Q4.GPIA,TGO,2010,.7938200235366821,,
NART.3.Q4.GPIA,TGO,2014,.7774999737739563,,
NART.3.Q4.GPIA,TGO,2017,.8868499994277954,,
NART.3.Q4.LPIA,TGO,2006,1.02973997592926,,
NART.3.Q4.LPIA,TGO,2010,1.035330057144165,,
NART.3.Q4.LPIA,TGO,2014,1.072550058364868,,
NART.3.Q4.LPIA,TGO,2017,.9929900169372559,,
NART.3.Q4.M,TGO,2006,68.79020690917969,,
NART.3.Q4.M,TGO,2010,77.82292175292969,,
NART.3.Q4.M,TGO,2014,75.61181640625,,
NART.3.Q4.M,TGO,2017,75.49638366699219,,
NART.3.Q4.M.LPIA,TGO,2006,1.052279949188232,,
NART.3.Q4.M.LPIA,TGO,2010,1.162760019302368,,
NART.3.Q4.M.LPIA,TGO,2014,1.077290058135986,,
NART.3.Q4.M.LPIA,TGO,2017,.9787200093269348,,
NART.3.Q5,TGO,2006,64.94454956054688,,
NART.3.Q5,TGO,2010,69.74355316162109,,
NART.3.Q5,TGO,2014,66.73890686035156,,
NART.3.Q5,TGO,2017,75.97052001953125,,
NART.3.Q5.F,TGO,2006,50.99055099487305,,
NART.3.Q5.F,TGO,2010,58.70534896850586,,
NART.3.Q5.F,TGO,2014,55.69543075561523,,
NART.3.Q5.F,TGO,2017,61.3409309387207,,
NART.3.Q5.F.LPIA,TGO,2017,1.074810028076172,,
NART.3.Q5.GPIA,TGO,2006,.6508499979972839,,
NART.3.Q5.GPIA,TGO,2010,.6947100162506104,,
NART.3.Q5.GPIA,TGO,2014,.6680999994277954,,
NART.3.Q5.GPIA,TGO,2017,.6661400198936462,,
NART.3.Q5.LPIA,TGO,2017,.9265699982643127,,
NART.3.Q5.M,TGO,2006,78.34504699707031,,
NART.3.Q5.M,TGO,2010,84.50370788574219,,
NART.3.Q5.M,TGO,2014,83.36448669433594,,
NART.3.Q5.M,TGO,2017,92.08450317382813,,
NART.3.Q5.M.LPIA,TGO,2017,.8463699817657471,,
NART.3.RUR,TGO,2006,48.80282974243164,,
NART.3.RUR,TGO,2010,53.75785064697266,,
NART.3.RUR,TGO,2014,62.08810043334961,,
NART.3.RUR,TGO,2017,68.19669342041016,,
NART.3.RUR,TGO,2018,50.67343902587891,,
NART.3.RUR,TGO,2021,49.78654098510742,,
NART.3.RUR.F,TGO,2006,33.58348846435547,,
NART.3.RUR.F,TGO,2010,40.61301040649414,,
NART.3.RUR.F,TGO,2014,49.65451049804688,,
NART.3.RUR.F,TGO,2017,57.27899932861328,,
NART.3.RUR.F,TGO,2018,40.61143112182617,,
NART.3.RUR.F,TGO,2021,40.54085922241211,,
NART.3.RUR.F.WPIA,TGO,2017,.7775700092315674,,
NART.3.RUR.GPIA,TGO,2006,.5776799917221069,,
NART.3.RUR.GPIA,TGO,2010,.6245999932289124,,
NART.3.RUR.GPIA,TGO,2014,.6928200125694275,,
NART.3.RUR.GPIA,TGO,2017,.745169997215271,,
NART.3.RUR.GPIA,TGO,2018,.6639999747276306,,
NART.3.RUR.GPIA,TGO,2021,.6827899813652039,,
NART.3.RUR.M,TGO,2006,58.13536071777344,,
NART.3.RUR.M,TGO,2010,65.02213287353516,,
NART.3.RUR.M,TGO,2014,71.67062377929688,,
NART.3.RUR.M,TGO,2017,76.86721038818359,,
NART.3.RUR.M,TGO,2018,61.16212844848633,,
NART.3.RUR.M,TGO,2021,59.37559127807617,,
NART.3.RUR.M.WPIA,TGO,2017,.8938400149345398,,
NART.3.RUR.Q1,TGO,2006,40.43960189819336,,
NART.3.RUR.Q1,TGO,2010,51.25622177124023,,
NART.3.RUR.Q1,TGO,2014,55.61297988891602,,
NART.3.RUR.Q1,TGO,2017,62.43487167358398,,
NART.3.RUR.Q1.F,TGO,2006,16.37359046936035,,
NART.3.RUR.Q1.F,TGO,2010,35.8690299987793,,
NART.3.RUR.Q1.F,TGO,2014,42.57680892944336,,
NART.3.RUR.Q1.F,TGO,2017,50.95840072631836,,
NART.3.RUR.Q1.GPIA,TGO,2006,.3111999928951263,,
NART.3.RUR.Q1.GPIA,TGO,2010,.5776299834251404,,
NART.3.RUR.Q1.GPIA,TGO,2014,.6678500175476074,,
NART.3.RUR.Q1.GPIA,TGO,2017,.7194499969482422,,
NART.3.RUR.Q1.M,TGO,2006,52.61484146118164,,
NART.3.RUR.Q1.M,TGO,2010,62.09735107421875,,
NART.3.RUR.Q1.M,TGO,2014,63.7523193359375,,
NART.3.RUR.Q1.M,TGO,2017,70.82961273193359,,
NART.3.RUR.Q2,TGO,2006,43.47311019897461,,
NART.3.RUR.Q2,TGO,2010,57.54010009765625,,
NART.3.RUR.Q2,TGO,2014,61.77005004882813,,
NART.3.RUR.Q2,TGO,2017,70.05773162841797,,
NART.3.RUR.Q2.F,TGO,2006,32.77194976806641,,
NART.3.RUR.Q2.F,TGO,2010,44.70027160644531,,
NART.3.RUR.Q2.F,TGO,2014,47.79196929931641,,
NART.3.RUR.Q2.F,TGO,2017,62.88291168212891,,
NART.3.RUR.Q2.GPIA,TGO,2006,.6505600214004517,,
NART.3.RUR.Q2.GPIA,TGO,2010,.6760600209236145,,
NART.3.RUR.Q2.GPIA,TGO,2014,.6605499982833862,,
NART.3.RUR.Q2.GPIA,TGO,2017,.83815997838974,,
NART.3.RUR.Q2.M,TGO,2006,50.37522125244141,,
NART.3.RUR.Q2.M,TGO,2010,66.11897277832031,,
NART.3.RUR.Q2.M,TGO,2014,72.35143280029297,,
NART.3.RUR.Q2.M,TGO,2017,75.02509307861328,,
NART.3.RUR.Q3,TGO,2006,56.15631103515625,,
NART.3.RUR.Q3,TGO,2010,65.3502197265625,,
NART.3.RUR.Q3,TGO,2014,66.75475311279297,,
NART.3.RUR.Q3,TGO,2017,70.83957672119141,,
NART.3.RUR.Q3.F,TGO,2006,40.44430160522461,,
NART.3.RUR.Q3.F,TGO,2010,53.75558090209961,,
NART.3.RUR.Q3.F,TGO,2014,54.21298980712891,,
NART.3.RUR.Q3.F,TGO,2017,52.5819206237793,,
NART.3.RUR.Q3.GPIA,TGO,2006,.609749972820282,,
NART.3.RUR.Q3.GPIA,TGO,2010,.6951000094413757,,
NART.3.RUR.Q3.GPIA,TGO,2014,.692330002784729,,
NART.3.RUR.Q3.GPIA,TGO,2017,.6042699813842773,,
NART.3.RUR.Q3.M,TGO,2006,66.32952880859375,,
NART.3.RUR.Q3.M,TGO,2010,77.33447265625,,
NART.3.RUR.Q3.M,TGO,2014,78.30549621582031,,
NART.3.RUR.Q3.M,TGO,2017,87.01753234863281,,
NART.3.RUR.Q4,TGO,2006,60.97269058227539,,
NART.3.RUR.Q4,TGO,2010,72.80690002441406,,
NART.3.RUR.Q4,TGO,2014,72.1094970703125,,
NART.3.RUR.Q4,TGO,2017,70.95915222167969,,
NART.3.RUR.Q4.F,TGO,2006,45.68679046630859,,
NART.3.RUR.Q4.F,TGO,2010,56.31587982177734,,
NART.3.RUR.Q4.F,TGO,2014,62.59038925170898,,
NART.3.RUR.Q4.F,TGO,2017,66.77117919921875,,
NART.3.RUR.Q4.GPIA,TGO,2006,.6391100287437439,,
NART.3.RUR.Q4.GPIA,TGO,2010,.6397500038146973,,
NART.3.RUR.Q4.GPIA,TGO,2014,.7761300206184387,,
NART.3.RUR.Q4.GPIA,TGO,2017,.8986700177192688,,
NART.3.RUR.Q4.M,TGO,2006,71.48483276367188,,
NART.3.RUR.Q4.M,TGO,2010,88.02725982666016,,
NART.3.RUR.Q4.M,TGO,2014,80.64463043212891,,
NART.3.RUR.Q4.M,TGO,2017,74.29985809326172,,
NART.3.RUR.Q5,TGO,2017,71.05300903320313,,
NART.3.RUR.Q5.F,TGO,2017,65.53582000732422,,
NART.3.RUR.Q5.GPIA,TGO,2017,.8270400166511536,,
NART.3.RUR.Q5.M,TGO,2017,79.24172973632813,,
NART.3.RUR.WPIA,TGO,2017,.8787099719047546,,
NART.3.URB,TGO,2006,60.48834991455078,,
NART.3.URB,TGO,2010,64.28671264648438,,
NART.3.URB,TGO,2014,66.64302062988281,,
NART.3.URB,TGO,2017,73.19670104980469,,
NART.3.URB,TGO,2018,67.00216674804688,,
NART.3.URB,TGO,2021,72.78913879394531,,
NART.3.URB.F,TGO,2006,44.95183181762695,,
NART.3.URB.F,TGO,2010,53.85750961303711,,
NART.3.URB.F,TGO,2014,56.34085083007813,,
NART.3.URB.F,TGO,2017,62.59103012084961,,
NART.3.URB.F,TGO,2018,60.40425872802734,,
NART.3.URB.F,TGO,2021,72.87727355957031,,
NART.3.URB.GPIA,TGO,2006,.6167200207710266,,
NART.3.URB.GPIA,TGO,2010,.714169979095459,,
NART.3.URB.GPIA,TGO,2014,.718280017375946,,
NART.3.URB.GPIA,TGO,2017,.7489500045776367,,
NART.3.URB.GPIA,TGO,2018,.8203499913215637,,
NART.3.URB.GPIA,TGO,2021,1.002550005912781,,
NART.3.URB.M,TGO,2006,72.88858032226563,,
NART.3.URB.M,TGO,2010,75.41233062744141,,
NART.3.URB.M,TGO,2014,78.43907165527344,,
NART.3.URB.M,TGO,2017,83.57167053222656,,
NART.3.URB.M,TGO,2018,73.63226318359375,,
NART.3.URB.M,TGO,2021,72.69117736816406,,
NART.3.URB.Q2,TGO,2006,42.77077865600586,,
NART.3.URB.Q3,TGO,2006,53.82003021240234,,
NART.3.URB.Q3,TGO,2010,77.15196990966797,,
NART.3.URB.Q3,TGO,2014,66.72820281982422,,
NART.3.URB.Q3,TGO,2017,68.17601013183594,,
NART.3.URB.Q3.F,TGO,2006,25.02607917785645,,
NART.3.URB.Q3.F,TGO,2010,74.51915740966797,,
NART.3.URB.Q3.F,TGO,2017,56.25848007202148,,
NART.3.URB.Q3.GPIA,TGO,2006,.3407700061798096,,
NART.3.URB.Q3.GPIA,TGO,2010,.9350600242614746,,
NART.3.URB.Q3.GPIA,TGO,2017,.7333199977874756,,
NART.3.URB.Q3.M,TGO,2006,73.44010162353516,,
NART.3.URB.Q3.M,TGO,2010,79.69463348388672,,
NART.3.URB.Q3.M,TGO,2017,76.71746063232422,,
NART.3.URB.Q4,TGO,2006,59.15961074829102,,
NART.3.URB.Q4,TGO,2010,70.23445892333984,,
NART.3.URB.Q4,TGO,2014,66.87821960449219,,
NART.3.URB.Q4,TGO,2017,71.45977020263672,,
NART.3.URB.Q4.F,TGO,2006,46.04409027099609,,
NART.3.URB.Q4.F,TGO,2010,64.90789031982422,,
NART.3.URB.Q4.F,TGO,2014,57.80958938598633,,
NART.3.URB.Q4.F,TGO,2017,67.00496673583984,,
NART.3.URB.Q4.GPIA,TGO,2006,.679639995098114,,
NART.3.URB.Q4.GPIA,TGO,2010,.8806999921798706,,
NART.3.URB.Q4.GPIA,TGO,2014,.776889979839325,,
NART.3.URB.Q4.GPIA,TGO,2017,.8826199769973755,,
NART.3.URB.Q4.M,TGO,2006,67.74787902832031,,
NART.3.URB.Q4.M,TGO,2010,73.70021057128906,,
NART.3.URB.Q4.M,TGO,2014,74.4114990234375,,
NART.3.URB.Q4.M,TGO,2017,75.91571807861328,,
NART.3.URB.Q5,TGO,2006,64.80264282226563,,
NART.3.URB.Q5,TGO,2010,67.22537994384766,,
NART.3.URB.Q5,TGO,2014,66.66385650634766,,
NART.3.URB.Q5,TGO,2017,76.68350982666016,,
NART.3.URB.Q5.F,TGO,2006,49.98550033569336,,
NART.3.URB.Q5.F,TGO,2010,56.65584182739258,,
NART.3.URB.Q5.F,TGO,2014,55.67060089111328,,
NART.3.URB.Q5.F,TGO,2017,60.63327026367188,,
NART.3.URB.Q5.GPIA,TGO,2006,.633080005645752,,
NART.3.URB.Q5.GPIA,TGO,2010,.6870399713516235,,
NART.3.URB.Q5.GPIA,TGO,2014,.6699000000953674,,
NART.3.URB.Q5.GPIA,TGO,2017,.6476200222969055,,
NART.3.URB.Q5.M,TGO,2006,78.95614624023438,,
NART.3.URB.Q5.M,TGO,2010,82.46343231201172,,
NART.3.URB.Q5.M,TGO,2014,83.10299682617188,,
NART.3.URB.Q5.M,TGO,2017,93.62526702880859,,
NART.3.WPIA,TGO,2006,.618120014667511,,
NART.3.WPIA,TGO,2010,.7335600256919861,,
NART.3.WPIA,TGO,2014,.838949978351593,,
NART.3.WPIA,TGO,2017,.8218299746513367,,
NERT.1.CP,TGO,1971,47.14361953735352,,
NERT.1.CP,TGO,1972,48.28670120239258,,
NERT.1.CP,TGO,1978,64.76988983154297,,
NERT.1.CP,TGO,1979,65.92439270019531,,
NERT.1.CP,TGO,1980,66.1053466796875,,
NERT.1.CP,TGO,1982,63.49563980102539,,
NERT.1.CP,TGO,1983,61.53514099121094,,
NERT.1.CP,TGO,1984,55.41564178466797,,
NERT.1.CP,TGO,1985,53.96255874633789,,
NERT.1.CP,TGO,1986,50.01607894897461,,
NERT.1.CP,TGO,1987,58.97330856323242,,
NERT.1.CP,TGO,1988,59.76483154296875,,
NERT.1.CP,TGO,1989,60.37337875366211,,
NERT.1.CP,TGO,1990,61.71493911743164,,
NERT.1.CP,TGO,1991,64.11952972412109,,
NERT.1.CP,TGO,1994,65.10714721679688,,
NERT.1.CP,TGO,1995,72.56884002685547,,
NERT.1.CP,TGO,1996,78.95825958251953,,
NERT.1.CP,TGO,1997,75.71542358398438,,
NERT.1.CP,TGO,1999,87.52089691162109,,
NERT.1.CP,TGO,2000,83.46077728271484,,
NERT.1.CP,TGO,2001,85.46428680419922,,
NERT.1.CP,TGO,2002,89.39404296875,,
NERT.1.CP,TGO,2003,86.20400238037109,,
NERT.1.CP,TGO,2004,88.83767700195313,,
NERT.1.CP,TGO,2005,88.28623199462891,,
NERT.1.CP,TGO,2006,91.33393859863281,,
NERT.1.CP,TGO,2007,87.18414306640625,,
NERT.1.CP,TGO,2008,88.60404968261719,,
NERT.1.CP,TGO,2014,90.93749296832675,,
NERT.1.CP,TGO,2015,92.25918729011198,,
NERT.1.CP,TGO,2016,89.28167724609375,,UIS_EST
NERT.1.CP,TGO,2017,90.77322733358349,,
NERT.1.CP,TGO,2018,90.33101800780567,,
NERT.1.CP,TGO,2019,91.93879462056172,,
NERT.1.CP,TGO,2020,95.652751335917,,
NERT.1.CP,TGO,2021,96.46665513034725,,
NERT.1.CP,TGO,2022,99.11883060839038,,
NERT.1.CP,TGO,2023,99.23507591017811,,
NERT.1.CP,TGO,2024,99.36140389174297,,
NERT.1.F.CP,TGO,1971,29.52371025085449,,
NERT.1.F.CP,TGO,1972,31.77776908874512,,
NERT.1.F.CP,TGO,1978,49.5742301940918,,
NERT.1.F.CP,TGO,1979,51.57635116577148,,
NERT.1.F.CP,TGO,1980,52.39163970947266,,
NERT.1.F.CP,TGO,1982,50.65789031982422,,
NERT.1.F.CP,TGO,1983,50.63425827026367,,
NERT.1.F.CP,TGO,1984,44.48709869384766,,
NERT.1.F.CP,TGO,1985,43.38742828369141,,
NERT.1.F.CP,TGO,1986,40.32059097290039,,
NERT.1.F.CP,TGO,1987,46.98974990844727,,
NERT.1.F.CP,TGO,1988,48.17658996582031,,
NERT.1.F.CP,TGO,1989,48.81472015380859,,
NERT.1.F.CP,TGO,1990,50.77141952514648,,
NERT.1.F.CP,TGO,1991,53.49913024902344,,
NERT.1.F.CP,TGO,1994,54.63703918457031,,
NERT.1.F.CP,TGO,1995,61.81333923339844,,
NERT.1.F.CP,TGO,1996,67.25071716308594,,
NERT.1.F.CP,TGO,1997,64.83589935302734,,
NERT.1.F.CP,TGO,1999,76.97785949707031,,
NERT.1.F.CP,TGO,2001,76.98587036132813,,
NERT.1.F.CP,TGO,2002,81.17603302001953,,
NERT.1.F.CP,TGO,2003,78.65689086914063,,
NERT.1.F.CP,TGO,2004,81.77790069580078,,
NERT.1.F.CP,TGO,2005,81.90440368652344,,
NERT.1.F.CP,TGO,2006,85.35614776611328,,
NERT.1.F.CP,TGO,2007,81.96916961669922,,
NERT.1.F.CP,TGO,2008,83.86308288574219,,
NERT.1.F.CP,TGO,2014,88.3429261954988,,
NERT.1.F.CP,TGO,2015,89.80758104299397,,
NERT.1.F.CP,TGO,2016,86.92064666748047,,UIS_EST
NERT.1.F.CP,TGO,2017,88.55813747564956,,
NERT.1.F.CP,TGO,2018,88.52115639175796,,
NERT.1.F.CP,TGO,2019,91.68324496574817,,
NERT.1.F.CP,TGO,2020,95.09158977094086,,
NERT.1.F.CP,TGO,2021,95.50285648000464,,
NERT.1.GPIA,TGO,1971,.4545400142669678,,
NERT.1.GPIA,TGO,1972,.4891700148582458,,
NERT.1.GPIA,TGO,1978,.6192499995231628,,
NERT.1.GPIA,TGO,1979,.6419699788093567,,
NERT.1.GPIA,TGO,1980,.656000018119812,,
NERT.1.GPIA,TGO,1982,.6636700034141541,,
NERT.1.GPIA,TGO,1983,.6992200016975403,,
NERT.1.GPIA,TGO,1984,.6709200143814087,,
NERT.1.GPIA,TGO,1985,.672760009765625,,
NERT.1.GPIA,TGO,1986,.6758000254631042,,
NERT.1.GPIA,TGO,1987,.6628199815750122,,
NERT.1.GPIA,TGO,1988,.675790011882782,,
NERT.1.GPIA,TGO,1989,.6792500019073486,,
NERT.1.GPIA,TGO,1990,.699429988861084,,
NERT.1.GPIA,TGO,1991,.7165200114250183,,
NERT.1.GPIA,TGO,1994,.7239199876785278,,
NERT.1.GPIA,TGO,1995,.7428699731826782,,
NERT.1.GPIA,TGO,1996,.7428299784660339,,
NERT.1.GPIA,TGO,1997,.7498300075531006,,
NERT.1.GPIA,TGO,1999,.7860000133514404,,
NERT.1.GPIA,TGO,2001,.820389986038208,,
NERT.1.GPIA,TGO,2002,.8324699997901917,,
NERT.1.GPIA,TGO,2003,.8398200273513794,,
NERT.1.GPIA,TGO,2004,.8535400032997131,,
NERT.1.GPIA,TGO,2005,.8658999800682068,,
NERT.1.GPIA,TGO,2006,.8778200149536133,,
NERT.1.GPIA,TGO,2007,.8877699971199036,,
NERT.1.GPIA,TGO,2008,.8990399837493896,,
NERT.1.GPIA,TGO,2014,.9449785716003666,,
NERT.1.GPIA,TGO,2015,.9486656803760828,,
NERT.1.GPIA,TGO,2016,.9489099979400635,,UIS_EST
NERT.1.GPIA,TGO,2017,.9527670523184426,,
NERT.1.GPIA,TGO,2018,.9610578597786575,,
NERT.1.GPIA,TGO,2019,.994507028958063,,
NERT.1.GPIA,TGO,2020,.988442988323446,,
NERT.1.GPIA,TGO,2021,.9804002740497817,,
NERT.1.M.CP,TGO,1971,64.95223999023438,,
NERT.1.M.CP,TGO,1972,64.96292877197266,,
NERT.1.M.CP,TGO,1978,80.0546875,,
NERT.1.M.CP,TGO,1979,80.34104919433594,,
NERT.1.M.CP,TGO,1980,79.86473083496094,,
NERT.1.M.CP,TGO,1982,76.33045196533203,,
NERT.1.M.CP,TGO,1983,72.4150390625,,
NERT.1.M.CP,TGO,1984,66.30735015869141,,
NERT.1.M.CP,TGO,1985,64.49125671386719,,
NERT.1.M.CP,TGO,1986,59.66328048706055,,
NERT.1.M.CP,TGO,1987,70.89344787597656,,
NERT.1.M.CP,TGO,1988,71.28909301757813,,
NERT.1.M.CP,TGO,1989,71.86512756347656,,
NERT.1.M.CP,TGO,1990,72.58972930908203,,
NERT.1.M.CP,TGO,1991,74.66497039794922,,
NERT.1.M.CP,TGO,1994,75.47367095947266,,
NERT.1.M.CP,TGO,1995,83.20884704589844,,
NERT.1.M.CP,TGO,1996,90.53286743164063,,
NERT.1.M.CP,TGO,1997,86.4676513671875,,
NERT.1.M.CP,TGO,1999,97.93579864501953,,
NERT.1.M.CP,TGO,2001,93.84018707275391,,
NERT.1.M.CP,TGO,2002,97.51251220703125,,
NERT.1.M.CP,TGO,2003,93.65892791748047,,
NERT.1.M.CP,TGO,2004,95.810302734375,,
NERT.1.M.CP,TGO,2005,94.58882141113281,,
NERT.1.M.CP,TGO,2006,97.23660278320313,,
NERT.1.M.CP,TGO,2007,92.33155059814453,,
NERT.1.M.CP,TGO,2008,93.28096008300781,,
NERT.1.M.CP,TGO,2014,93.4866978474293,,
NERT.1.M.CP,TGO,2015,94.66726044879293,,
NERT.1.M.CP,TGO,2016,91.60045623779297,,UIS_EST
NERT.1.M.CP,TGO,2017,92.94836262458291,,
NERT.1.M.CP,TGO,2018,92.10804062530156,,
NERT.1.M.CP,TGO,2019,92.189639988572,,
NERT.1.M.CP,TGO,2020,96.20341374693858,,
NERT.1.M.CP,TGO,2021,97.41210708306605,,
NERT.2.CP,TGO,1991,53.60940170288086,,
NERT.2.CP,TGO,1999,65.08534240722656,,
NERT.2.CP,TGO,2000,59.64408111572266,,UIS_EST
NERT.2.CP,TGO,2001,61.23348999023438,,UIS_EST
NERT.2.CP,TGO,2003,63.8059196472168,,UIS_EST
NERT.2.CP,TGO,2004,63.31698989868164,,UIS_EST
NERT.2.CP,TGO,2005,63.80688858032227,,UIS_EST
NERT.2.CP,TGO,2007,58.42663955688477,,UIS_EST
NERT.2.CP,TGO,2014,59.43486561013302,,
NERT.2.CP,TGO,2015,84.01437829766493,,
NERT.2.CP,TGO,2017,77.81519317626953,,
NERT.2.CP,TGO,2018,89.4294255865432,,
NERT.2.CP,TGO,2019,88.28069693479708,,
NERT.2.CP,TGO,2020,82.18749202623052,,
NERT.2.CP,TGO,2021,79.35110787659445,,
NERT.2.CP,TGO,2022,73.70754164304739,,
NERT.2.CP,TGO,2023,72.55217356386457,,
NERT.2.CP,TGO,2024,72.89484783832073,,
NERT.2.F.CP,TGO,1991,37.40737915039063,,
NERT.2.F.CP,TGO,1999,48.76596069335938,,
NERT.2.F.CP,TGO,2001,47.48139190673828,,UIS_EST
NERT.2.F.CP,TGO,2003,50.72187042236328,,UIS_EST
NERT.2.F.CP,TGO,2004,51.06000137329102,,UIS_EST
NERT.2.F.CP,TGO,2005,51.82826995849609,,UIS_EST
NERT.2.F.CP,TGO,2007,48.04513168334961,,UIS_EST
NERT.2.F.CP,TGO,2014,55.35475704943394,,
NERT.2.F.CP,TGO,2015,79.08900106427888,,
NERT.2.F.CP,TGO,2017,72.15364074707031,,
NERT.2.F.CP,TGO,2018,85.72497661365762,,
NERT.2.F.CP,TGO,2019,83.58148785925006,,
NERT.2.F.CP,TGO,2020,78.52268155041318,,
NERT.2.F.CP,TGO,2021,77.09105369769725,,
NERT.2.F.CP,TGO,2022,71.58232673670885,,
NERT.2.F.CP,TGO,2023,70.77874480403801,,
NERT.2.F.CP,TGO,2024,71.78097437718716,,
NERT.2.GPIA,TGO,1991,.5365399718284607,,
NERT.2.GPIA,TGO,1999,.6005799770355225,,
NERT.2.GPIA,TGO,2001,.6348699927330017,,UIS_EST
NERT.2.GPIA,TGO,2003,.6613799929618835,,UIS_EST
NERT.2.GPIA,TGO,2004,.677299976348877,,UIS_EST
NERT.2.GPIA,TGO,2005,.6855300068855286,,UIS_EST
NERT.2.GPIA,TGO,2007,.6998500227928162,,UIS_EST
NERT.2.GPIA,TGO,2014,.8725084387228554,,
NERT.2.GPIA,TGO,2015,.8901519200793939,,
NERT.2.GPIA,TGO,2017,.8655300140380859,,
NERT.2.GPIA,TGO,2018,.9212031034032205,,
NERT.2.GPIA,TGO,2019,.8998725757701397,,
NERT.2.GPIA,TGO,2020,.9154527574956474,,
NERT.2.GPIA,TGO,2021,.945171706260645,,
NERT.2.GPIA,TGO,2022,.9445135671653325,,
NERT.2.GPIA,TGO,2023,.952764674419774,,
NERT.2.GPIA,TGO,2024,.9702119133299143,,
NERT.2.M.CP,TGO,1991,69.71930694580078,,
NERT.2.M.CP,TGO,1999,81.19796752929688,,
NERT.2.M.CP,TGO,2001,74.78864288330078,,UIS_EST
NERT.2.M.CP,TGO,2003,76.69129180908203,,UIS_EST
NERT.2.M.CP,TGO,2004,75.38701629638672,,UIS_EST
NERT.2.M.CP,TGO,2005,75.60323333740234,,UIS_EST
NERT.2.M.CP,TGO,2007,68.65061950683594,,UIS_EST
NERT.2.M.CP,TGO,2014,63.44323400523222,,
NERT.2.M.CP,TGO,2015,88.84887992740028,,
NERT.2.M.CP,TGO,2017,83.36334228515625,,
NERT.2.M.CP,TGO,2018,93.05762898210176,,
NERT.2.M.CP,TGO,2019,92.88147023229189,,
NERT.2.M.CP,TGO,2020,85.77469553450608,,
NERT.2.M.CP,TGO,2021,81.56301462163982,,
NERT.2.M.CP,TGO,2022,75.78750504510086,,
NERT.2.M.CP,TGO,2023,74.28775090464148,,
NERT.2.M.CP,TGO,2024,73.98484124032655,,
NERT.3.CP,TGO,1999,24.25250053405762,,
NERT.3.CP,TGO,2000,27.04055023193359,,UIS_EST
NERT.3.CP,TGO,2014,34.15284724442547,,
NERT.3.CP,TGO,2015,38.86712212793605,,
NERT.3.CP,TGO,2017,42.64031982421875,,
NERT.3.CP,TGO,2018,18.92355386854739,,
NERT.3.CP,TGO,2019,43.64705560463099,,
NERT.3.CP,TGO,2020,41.25890361168359,,
NERT.3.CP,TGO,2021,45.97728920028992,,
NERT.3.CP,TGO,2022,41.11498383819392,,
NERT.3.CP,TGO,2023,45.14082942116195,,
NERT.3.CP,TGO,2024,44.74388906457104,,
NERT.3.F.CP,TGO,1999,13.8323802947998,,
NERT.3.F.CP,TGO,2014,25.48606347257826,,
NERT.3.F.CP,TGO,2015,30.58351255746581,,
NERT.3.F.CP,TGO,2017,33.63222122192383,,
NERT.3.F.CP,TGO,2018,16.94690786774294,,
NERT.3.F.CP,TGO,2019,36.8585121472286,,
NERT.3.F.CP,TGO,2020,34.49476949603959,,
NERT.3.F.CP,TGO,2021,39.88960912003128,,
NERT.3.F.CP,TGO,2022,35.89147031602668,,
NERT.3.F.CP,TGO,2023,40.63364247040535,,
NERT.3.F.CP,TGO,2024,41.10083372767166,,
NERT.3.GPIA,TGO,1999,.4001300036907196,,
NERT.3.GPIA,TGO,2014,.5973951278100265,,
NERT.3.GPIA,TGO,2015,.6507346403442492,,
NERT.3.GPIA,TGO,2017,.6533899903297424,,
NERT.3.GPIA,TGO,2018,.3407351477535368,,
NERT.3.GPIA,TGO,2019,.7328933007453203,,
NERT.3.GPIA,TGO,2020,.7205291406054402,,
NERT.3.GPIA,TGO,2021,.7681780336038182,,
NERT.3.GPIA,TGO,2022,.7765614582984357,,
NERT.3.GPIA,TGO,2023,.8201621896570612,,
NERT.3.GPIA,TGO,2024,.850916493968076,,
NERT.3.M.CP,TGO,1999,34.56951904296875,,
NERT.3.M.CP,TGO,2014,42.66198749562435,,
NERT.3.M.CP,TGO,2015,46.99843939656667,,
NERT.3.M.CP,TGO,2017,51.47373962402344,,
NERT.3.M.CP,TGO,2018,49.73630686318604,,
NERT.3.M.CP,TGO,2019,50.29178477923746,,
NERT.3.M.CP,TGO,2020,47.87421847651383,,
NERT.3.M.CP,TGO,2021,51.92755764297738,,
NERT.3.M.CP,TGO,2022,46.21845435732845,,
NERT.3.M.CP,TGO,2023,49.54342321900466,,
NERT.3.M.CP,TGO,2024,48.30184162491231,,
OE.5T8.40500,TGO,1998,1600,,UIS_EST
OE.5T8.40500,TGO,1999,1600,,
OE.5T8.40500,TGO,2000,1552,,UIS_EST
OE.5T8.40500,TGO,2001,1803,,UIS_EST
OE.5T8.40500,TGO,2002,2102,,UIS_EST
OE.5T8.40500,TGO,2003,2483,,UIS_EST
OE.5T8.40500,TGO,2004,2468,,UIS_EST
OE.5T8.40500,TGO,2005,2770,,
OE.5T8.40500,TGO,2006,2776,,UIS_EST
OE.5T8.40500,TGO,2007,2708,,UIS_EST
OE.5T8.40500,TGO,2008,2668,,UIS_EST
OE.5T8.40500,TGO,2009,2426,,UIS_EST
OE.5T8.40500,TGO,2010,2386,,UIS_EST
OE.5T8.40500,TGO,2011,2528,,UIS_EST
OE.5T8.40500,TGO,2012,2468,,UIS_EST
OE.5T8.40500,TGO,2013,2282,,
OE.5T8.40500,TGO,2014,2421,,
OE.5T8.40500,TGO,2015,3326,,
OE.5T8.40500,TGO,2016,2701,,
OE.5T8.40500,TGO,2017,3038,,
OE.5T8.40500,TGO,2018,3399,,
OE.5T8.40500,TGO,2019,3524,,UIS_EST
OE.5T8.40500,TGO,2020,4059,,
OE.5T8.40500,TGO,2021,4398,,
OE.5T8.40500,TGO,2022,4547,,
OE.5T8.40500,TGO,2023,5196,,
OE.5T8.40500.F,TGO,2012,722,,UIS_EST
OE.5T8.40500.F,TGO,2013,673,,UIS_EST
OE.5T8.40500.F,TGO,2014,762,,UIS_EST
OE.5T8.40500.F,TGO,2015,1120,,UIS_EST
OE.5T8.40500.F,TGO,2016,846,,UIS_EST
OE.5T8.40500.F,TGO,2017,964,,UIS_EST
OE.5T8.40500.F,TGO,2018,1077,,UIS_EST
OE.5T8.40500.F,TGO,2019,1184,,UIS_EST
OE.5T8.40500.F,TGO,2020,1434,,UIS_EST
OE.5T8.40500.F,TGO,2021,1539,,UIS_EST
OE.5T8.40500.F,TGO,2022,1621,,UIS_EST
OE.5T8.40500.F,TGO,2023,1874,,UIS_EST
OE.5T8.40500.GPIA,TGO,2012,0,,UIS_EST
OE.5T8.40500.GPIA,TGO,2013,0,,UIS_EST
OE.5T8.40500.GPIA,TGO,2014,0,,UIS_EST
OE.5T8.40500.GPIA,TGO,2015,1,,UIS_EST
OE.5T8.40500.GPIA,TGO,2016,0,,UIS_EST
OE.5T8.40500.GPIA,TGO,2017,0,,UIS_EST
OE.5T8.40500.GPIA,TGO,2018,0,,UIS_EST
OE.5T8.40500.GPIA,TGO,2019,1,,UIS_EST
OE.5T8.40500.GPIA,TGO,2020,1,,UIS_EST
OE.5T8.40500.GPIA,TGO,2021,1,,UIS_EST
OE.5T8.40500.GPIA,TGO,2022,1,,UIS_EST
OE.5T8.40500.GPIA,TGO,2023,1,,UIS_EST
OE.5T8.40500.M,TGO,1970,0,NIL,
OE.5T8.40500.M,TGO,1971,0,NIL,
OE.5T8.40500.M,TGO,1972,0,NIL,
OE.5T8.40500.M,TGO,1973,0,NIL,
OE.5T8.40500.M,TGO,1974,0,NIL,
OE.5T8.40500.M,TGO,1975,0,NIL,
OE.5T8.40500.M,TGO,1976,0,NIL,
OE.5T8.40500.M,TGO,1977,0,NIL,
OE.5T8.40500.M,TGO,1978,0,NIL,
OE.5T8.40500.M,TGO,1979,0,NIL,
OE.5T8.40500.M,TGO,1980,0,NIL,
OE.5T8.40500.M,TGO,1981,0,NIL,
OE.5T8.40500.M,TGO,1982,0,NIL,
OE.5T8.40500.M,TGO,1983,0,NIL,
OE.5T8.40500.M,TGO,1984,0,NIL,
OE.5T8.40500.M,TGO,1985,0,NIL,
OE.5T8.40500.M,TGO,1986,0,NIL,
OE.5T8.40500.M,TGO,1987,0,NIL,
OE.5T8.40500.M,TGO,1988,0,NIL,
OE.5T8.40500.M,TGO,1989,0,NIL,
OE.5T8.40500.M,TGO,1990,0,NIL,
OE.5T8.40500.M,TGO,1991,0,NIL,
OE.5T8.40500.M,TGO,1992,0,NIL,
OE.5T8.40500.M,TGO,1993,0,NIL,
OE.5T8.40500.M,TGO,1994,0,NIL,
OE.5T8.40500.M,TGO,1995,0,NIL,
OE.5T8.40500.M,TGO,1996,0,NIL,
OE.5T8.40500.M,TGO,1997,0,NIL,
OE.5T8.40500.M,TGO,1998,1600,,UIS_EST
OE.5T8.40500.M,TGO,1999,1600,,
OE.5T8.40500.M,TGO,2000,1552,,UIS_EST
OE.5T8.40500.M,TGO,2001,1803,,UIS_EST
OE.5T8.40500.M,TGO,2002,2102,,UIS_EST
OE.5T8.40500.M,TGO,2003,2483,,UIS_EST
OE.5T8.40500.M,TGO,2004,2468,,UIS_EST
OE.5T8.40500.M,TGO,2005,2770,,
OE.5T8.40500.M,TGO,2006,2776,,UIS_EST
OE.5T8.40500.M,TGO,2007,2708,,UIS_EST
OE.5T8.40500.M,TGO,2008,2668,,UIS_EST
OE.5T8.40500.M,TGO,2009,2426,,UIS_EST
OE.5T8.40500.M,TGO,2010,2386,,UIS_EST
OE.5T8.40500.M,TGO,2011,2528,,UIS_EST
OE.5T8.40500.M,TGO,2012,1746,,UIS_EST
OE.5T8.40500.M,TGO,2013,1609,,UIS_EST
OE.5T8.40500.M,TGO,2014,1659,,UIS_EST
OE.5T8.40500.M,TGO,2015,2207,,UIS_EST
OE.5T8.40500.M,TGO,2016,1855,,UIS_EST
OE.5T8.40500.M,TGO,2017,2074,,UIS_EST
OE.5T8.40500.M,TGO,2018,2322,,UIS_EST
OE.5T8.40500.M,TGO,2019,2341,,UIS_EST
OE.5T8.40500.M,TGO,2020,2625,,UIS_EST
OE.5T8.40500.M,TGO,2021,2859,,UIS_EST
OE.5T8.40500.M,TGO,2022,2926,,UIS_EST
OE.5T8.40500.M,TGO,2023,3323,,UIS_EST
OE.5T8.40505,TGO,1998,0,NIL,UIS_EST
OE.5T8.40505,TGO,1999,0,NIL,UIS_EST
OE.5T8.40505,TGO,2000,0,NIL,UIS_EST
OE.5T8.40505,TGO,2001,0,NIL,
OE.5T8.40505,TGO,2002,0,NIL,UIS_EST
OE.5T8.40505,TGO,2003,0,NIL,
OE.5T8.40505,TGO,2004,0,NIL,
OE.5T8.40505,TGO,2005,0,NIL,
OE.5T8.40505,TGO,2006,0,NIL,
OE.5T8.40505,TGO,2007,0,NIL,
OE.5T8.40505,TGO,2008,0,NIL,
OE.5T8.40505,TGO,2009,0,NIL,
OE.5T8.40505,TGO,2010,0,NIL,
OE.5T8.40505,TGO,2011,0,NIL,
OE.5T8.40505,TGO,2012,0,NIL,
OE.5T8.40505,TGO,2013,0,NIL,
OE.5T8.40505,TGO,2014,0,NIL,
OE.5T8.40505,TGO,2015,0,NIL,
OE.5T8.40505,TGO,2016,0,NIL,
OE.5T8.40505,TGO,2017,1,,
OE.5T8.40505,TGO,2018,1,,
OE.5T8.40505,TGO,2019,0,NIL,
OE.5T8.40505,TGO,2020,1,,
OE.5T8.40505,TGO,2021,1,,UIS_EST
OE.5T8.40505,TGO,2022,2,,UIS_EST
OE.5T8.40505,TGO,2023,1,,UIS_EST
OE.5T8.40505.F,TGO,2012,0,NIL,UIS_EST
OE.5T8.40505.F,TGO,2013,0,NIL,UIS_EST
OE.5T8.40505.F,TGO,2014,0,NIL,UIS_EST
OE.5T8.40505.F,TGO,2015,0,NIL,
OE.5T8.40505.F,TGO,2016,0,NIL,
OE.5T8.40505.F,TGO,2017,1,,
OE.5T8.40505.F,TGO,2018,1,,
OE.5T8.40505.F,TGO,2019,0,NIL,
OE.5T8.40505.F,TGO,2020,1,,
OE.5T8.40505.F,TGO,2021,1,,UIS_EST
OE.5T8.40505.F,TGO,2022,0,,UIS_EST
OE.5T8.40505.F,TGO,2023,0,,UIS_EST
OE.5T8.40505.GPIA,TGO,2017,2,,
OE.5T8.40505.GPIA,TGO,2018,2,,
OE.5T8.40505.GPIA,TGO,2020,2,,
OE.5T8.40505.GPIA,TGO,2021,2,,UIS_EST
OE.5T8.40505.GPIA,TGO,2022,0,,UIS_EST
OE.5T8.40505.GPIA,TGO,2023,0,,UIS_EST
OE.5T8.40505.M,TGO,1970,0,NIL,
OE.5T8.40505.M,TGO,1971,0,NIL,
OE.5T8.40505.M,TGO,1972,0,NIL,
OE.5T8.40505.M,TGO,1973,0,NIL,
OE.5T8.40505.M,TGO,1974,0,NIL,
OE.5T8.40505.M,TGO,1975,0,NIL,
OE.5T8.40505.M,TGO,1976,0,NIL,
OE.5T8.40505.M,TGO,1977,0,NIL,
OE.5T8.40505.M,TGO,1978,0,NIL,
OE.5T8.40505.M,TGO,1979,0,NIL,
OE.5T8.40505.M,TGO,1980,0,NIL,
OE.5T8.40505.M,TGO,1981,0,NIL,
OE.5T8.40505.M,TGO,1982,0,NIL,
OE.5T8.40505.M,TGO,1983,0,NIL,
OE.5T8.40505.M,TGO,1984,0,NIL,
OE.5T8.40505.M,TGO,1985,0,NIL,
OE.5T8.40505.M,TGO,1986,0,NIL,
OE.5T8.40505.M,TGO,1987,0,NIL,
OE.5T8.40505.M,TGO,1988,0,NIL,
OE.5T8.40505.M,TGO,1989,0,NIL,
OE.5T8.40505.M,TGO,1990,0,NIL,
OE.5T8.40505.M,TGO,1991,0,NIL,
OE.5T8.40505.M,TGO,1992,0,NIL,
OE.5T8.40505.M,TGO,1993,0,NIL,
OE.5T8.40505.M,TGO,1994,0,NIL,
OE.5T8.40505.M,TGO,1995,0,NIL,
OE.5T8.40505.M,TGO,1996,0,NIL,
OE.5T8.40505.M,TGO,1997,0,NIL,
OE.5T8.40505.M,TGO,1998,0,NIL,UIS_EST
OE.5T8.40505.M,TGO,1999,0,NIL,UIS_EST
OE.5T8.40505.M,TGO,2000,0,NIL,UIS_EST
OE.5T8.40505.M,TGO,2001,0,NIL,
OE.5T8.40505.M,TGO,2002,0,NIL,UIS_EST
OE.5T8.40505.M,TGO,2003,0,NIL,
OE.5T8.40505.M,TGO,2004,0,NIL,
OE.5T8.40505.M,TGO,2005,0,NIL,
OE.5T8.40505.M,TGO,2006,0,NIL,
OE.5T8.40505.M,TGO,2007,0,NIL,
OE.5T8.40505.M,TGO,2008,0,NIL,
OE.5T8.40505.M,TGO,2009,0,NIL,
OE.5T8.40505.M,TGO,2010,0,NIL,
OE.5T8.40505.M,TGO,2011,0,NIL,
OE.5T8.40505.M,TGO,2012,0,NIL,UIS_EST
OE.5T8.40505.M,TGO,2013,0,NIL,UIS_EST
OE.5T8.40505.M,TGO,2014,0,NIL,UIS_EST
OE.5T8.40505.M,TGO,2015,0,NIL,
OE.5T8.40505.M,TGO,2016,0,NIL,
OE.5T8.40505.M,TGO,2017,0,NIL,
OE.5T8.40505.M,TGO,2018,0,NIL,
OE.5T8.40505.M,TGO,2019,0,NIL,
OE.5T8.40505.M,TGO,2020,0,NIL,
OE.5T8.40505.M,TGO,2021,0,,UIS_EST
OE.5T8.40505.M,TGO,2022,1,,UIS_EST
OE.5T8.40505.M,TGO,2023,1,,UIS_EST
OE.5T8.40510,TGO,1998,3897,,UIS_EST
OE.5T8.40510,TGO,1999,3897,,UIS_EST
OE.5T8.40510,TGO,2000,3854,,UIS_EST
OE.5T8.40510,TGO,2001,4105,,UIS_EST
OE.5T8.40510,TGO,2002,4409,,UIS_EST
OE.5T8.40510,TGO,2003,4775,,UIS_EST
OE.5T8.40510,TGO,2004,4802,,UIS_EST
OE.5T8.40510,TGO,2005,5151,,UIS_EST
OE.5T8.40510,TGO,2006,5194,,UIS_EST
OE.5T8.40510,TGO,2007,5151,,UIS_EST
OE.5T8.40510,TGO,2008,5145,,UIS_EST
OE.5T8.40510,TGO,2009,4941,,UIS_EST
OE.5T8.40510,TGO,2010,4947,,UIS_EST
OE.5T8.40510,TGO,2011,5050,,UIS_EST
OE.5T8.40510,TGO,2012,5039,,UIS_EST
OE.5T8.40510,TGO,2013,5076,,UIS_EST
OE.5T8.40510,TGO,2014,5604,,UIS_EST
OE.5T8.40510,TGO,2015,6500,,
OE.5T8.40510,TGO,2016,6036,,
OE.5T8.40510,TGO,2017,6138,,
OE.5T8.40510,TGO,2018,6868,,
OE.5T8.40510,TGO,2019,6747,,UIS_EST
OE.5T8.40510,TGO,2020,7338,,
OE.5T8.40510,TGO,2021,7719,,UIS_EST
OE.5T8.40510,TGO,2022,8117,,UIS_EST
OE.5T8.40510,TGO,2023,8897,,UIS_EST
OE.5T8.40510.F,TGO,2012,1431,,UIS_EST
OE.5T8.40510.F,TGO,2013,1464,,UIS_EST
OE.5T8.40510.F,TGO,2014,1688,,UIS_EST
OE.5T8.40510.F,TGO,2015,2056,,UIS_EST
OE.5T8.40510.F,TGO,2016,1878,,UIS_EST
OE.5T8.40510.F,TGO,2017,1963,,UIS_EST
OE.5T8.40510.F,TGO,2018,2141,,UIS_EST
OE.5T8.40510.F,TGO,2019,2133,,UIS_EST
OE.5T8.40510.F,TGO,2020,2466,,UIS_EST
OE.5T8.40510.F,TGO,2021,2530,,UIS_EST
OE.5T8.40510.F,TGO,2022,2666,,UIS_EST
OE.5T8.40510.F,TGO,2023,3140,,UIS_EST
OE.5T8.40510.GPIA,TGO,2012,0,,UIS_EST
OE.5T8.40510.GPIA,TGO,2013,0,,UIS_EST
OE.5T8.40510.GPIA,TGO,2014,0,,UIS_EST
OE.5T8.40510.GPIA,TGO,2015,0,,UIS_EST
OE.5T8.40510.GPIA,TGO,2016,0,,UIS_EST
OE.5T8.40510.GPIA,TGO,2017,0,,UIS_EST
OE.5T8.40510.GPIA,TGO,2018,0,,UIS_EST
OE.5T8.40510.GPIA,TGO,2019,0,,UIS_EST
OE.5T8.40510.GPIA,TGO,2020,1,,UIS_EST
OE.5T8.40510.GPIA,TGO,2021,0,,UIS_EST
OE.5T8.40510.GPIA,TGO,2022,0,,UIS_EST
OE.5T8.40510.GPIA,TGO,2023,1,,UIS_EST
OE.5T8.40510.M,TGO,1970,0,NIL,
OE.5T8.40510.M,TGO,1971,0,NIL,
OE.5T8.40510.M,TGO,1972,0,NIL,
OE.5T8.40510.M,TGO,1973,0,NIL,
OE.5T8.40510.M,TGO,1974,0,NIL,
OE.5T8.40510.M,TGO,1975,0,NIL,
OE.5T8.40510.M,TGO,1976,0,NIL,
OE.5T8.40510.M,TGO,1977,0,NIL,
OE.5T8.40510.M,TGO,1978,0,NIL,
OE.5T8.40510.M,TGO,1979,0,NIL,
OE.5T8.40510.M,TGO,1980,0,NIL,
OE.5T8.40510.M,TGO,1981,0,NIL,
OE.5T8.40510.M,TGO,1982,0,NIL,
OE.5T8.40510.M,TGO,1983,0,NIL,
OE.5T8.40510.M,TGO,1984,0,NIL,
OE.5T8.40510.M,TGO,1985,0,NIL,
OE.5T8.40510.M,TGO,1986,0,NIL,
OE.5T8.40510.M,TGO,1987,0,NIL,
OE.5T8.40510.M,TGO,1988,0,NIL,
OE.5T8.40510.M,TGO,1989,0,NIL,
OE.5T8.40510.M,TGO,1990,0,NIL,
OE.5T8.40510.M,TGO,1991,0,NIL,
OE.5T8.40510.M,TGO,1992,0,NIL,
OE.5T8.40510.M,TGO,1993,0,NIL,
OE.5T8.40510.M,TGO,1994,0,NIL,
OE.5T8.40510.M,TGO,1995,0,NIL,
OE.5T8.40510.M,TGO,1996,0,NIL,
OE.5T8.40510.M,TGO,1997,0,NIL,
OE.5T8.40510.M,TGO,1998,3897,,UIS_EST
OE.5T8.40510.M,TGO,1999,3897,,UIS_EST
OE.5T8.40510.M,TGO,2000,3854,,UIS_EST
OE.5T8.40510.M,TGO,2001,4105,,UIS_EST
OE.5T8.40510.M,TGO,2002,4409,,UIS_EST
OE.5T8.40510.M,TGO,2003,4775,,UIS_EST
OE.5T8.40510.M,TGO,2004,4802,,UIS_EST
OE.5T8.40510.M,TGO,2005,5151,,UIS_EST
OE.5T8.40510.M,TGO,2006,5194,,UIS_EST
OE.5T8.40510.M,TGO,2007,5151,,UIS_EST
OE.5T8.40510.M,TGO,2008,5145,,UIS_EST
OE.5T8.40510.M,TGO,2009,4941,,UIS_EST
OE.5T8.40510.M,TGO,2010,4947,,UIS_EST
OE.5T8.40510.M,TGO,2011,5050,,UIS_EST
OE.5T8.40510.M,TGO,2012,3608,,UIS_EST
OE.5T8.40510.M,TGO,2013,3612,,UIS_EST
OE.5T8.40510.M,TGO,2014,3916,,UIS_EST
OE.5T8.40510.M,TGO,2015,4444,,UIS_EST
OE.5T8.40510.M,TGO,2016,4157,,UIS_EST
OE.5T8.40510.M,TGO,2017,4175,,UIS_EST
OE.5T8.40510.M,TGO,2018,4726,,UIS_EST
OE.5T8.40510.M,TGO,2019,4614,,UIS_EST
OE.5T8.40510.M,TGO,2020,4872,,UIS_EST
OE.5T8.40510.M,TGO,2021,5189,,UIS_EST
OE.5T8.40510.M,TGO,2022,5451,,UIS_EST
OE.5T8.40510.M,TGO,2023,5758,,UIS_EST
OE.5T8.40515,TGO,1997,0,NIL,UIS_EST
OE.5T8.40515,TGO,1998,0,NIL,UIS_EST
OE.5T8.40515,TGO,1999,0,NIL,UIS_EST
OE.5T8.40515,TGO,2000,1,,UIS_EST
OE.5T8.40515,TGO,2001,2,,UIS_EST
OE.5T8.40515,TGO,2002,3,,UIS_EST
OE.5T8.40515,TGO,2003,2,,UIS_EST
OE.5T8.40515,TGO,2004,4,,UIS_EST
OE.5T8.40515,TGO,2005,4,,UIS_EST
OE.5T8.40515,TGO,2006,7,,UIS_EST
OE.5T8.40515,TGO,2007,6,,UIS_EST
OE.5T8.40515,TGO,2008,8,,UIS_EST
OE.5T8.40515,TGO,2009,9,,UIS_EST
OE.5T8.40515,TGO,2010,9,,UIS_EST
OE.5T8.40515,TGO,2011,15,,UIS_EST
OE.5T8.40515,TGO,2012,22,,UIS_EST
OE.5T8.40515,TGO,2013,18,,UIS_EST
OE.5T8.40515,TGO,2014,13,,UIS_EST
OE.5T8.40515,TGO,2015,19,,UIS_EST
OE.5T8.40515,TGO,2016,31,,UIS_EST
OE.5T8.40515,TGO,2017,19,,UIS_EST
OE.5T8.40515,TGO,2018,15,,UIS_EST
OE.5T8.40515.M,TGO,1970,0,NIL,
OE.5T8.40515.M,TGO,1971,0,NIL,
OE.5T8.40515.M,TGO,1972,0,NIL,
OE.5T8.40515.M,TGO,1973,0,NIL,
OE.5T8.40515.M,TGO,1974,0,NIL,
OE.5T8.40515.M,TGO,1975,0,NIL,
OE.5T8.40515.M,TGO,1976,0,NIL,
OE.5T8.40515.M,TGO,1977,0,NIL,
OE.5T8.40515.M,TGO,1978,0,NIL,
OE.5T8.40515.M,TGO,1979,0,NIL,
OE.5T8.40515.M,TGO,1980,0,NIL,
OE.5T8.40515.M,TGO,1981,0,NIL,
OE.5T8.40515.M,TGO,1982,0,NIL,
OE.5T8.40515.M,TGO,1983,0,NIL,
OE.5T8.40515.M,TGO,1984,0,NIL,
OE.5T8.40515.M,TGO,1985,0,NIL,
OE.5T8.40515.M,TGO,1986,0,NIL,
OE.5T8.40515.M,TGO,1987,0,NIL,
OE.5T8.40515.M,TGO,1988,0,NIL,
OE.5T8.40515.M,TGO,1989,0,NIL,
OE.5T8.40515.M,TGO,1990,0,NIL,
OE.5T8.40515.M,TGO,1991,0,NIL,
OE.5T8.40515.M,TGO,1992,0,NIL,
OE.5T8.40515.M,TGO,1993,0,NIL,
OE.5T8.40515.M,TGO,1994,0,NIL,
OE.5T8.40515.M,TGO,1995,0,NIL,
OE.5T8.40515.M,TGO,1996,0,NIL,
OE.5T8.40515.M,TGO,1997,0,NIL,UIS_EST
OE.5T8.40515.M,TGO,1998,0,NIL,UIS_EST
OE.5T8.40515.M,TGO,1999,0,NIL,UIS_EST
OE.5T8.40515.M,TGO,2000,1,,UIS_EST
OE.5T8.40515.M,TGO,2001,2,,UIS_EST
OE.5T8.40515.M,TGO,2002,3,,UIS_EST
OE.5T8.40515.M,TGO,2003,2,,UIS_EST
OE.5T8.40515.M,TGO,2004,4,,UIS_EST
OE.5T8.40515.M,TGO,2005,4,,UIS_EST
OE.5T8.40515.M,TGO,2006,7,,UIS_EST
OE.5T8.40515.M,TGO,2007,6,,UIS_EST
OE.5T8.40515.M,TGO,2008,8,,UIS_EST
OE.5T8.40515.M,TGO,2009,9,,UIS_EST
OE.5T8.40515.M,TGO,2010,9,,UIS_EST
OE.5T8.40515.M,TGO,2011,15,,UIS_EST
OE.5T8.40515.M,TGO,2012,22,,UIS_EST
OE.5T8.40515.M,TGO,2013,18,,UIS_EST
OE.5T8.40515.M,TGO,2014,13,,UIS_EST
OE.5T8.40515.M,TGO,2015,19,,UIS_EST
OE.5T8.40515.M,TGO,2016,31,,UIS_EST
OE.5T8.40515.M,TGO,2017,19,,UIS_EST
OE.5T8.40515.M,TGO,2018,15,,UIS_EST
OE.5T8.40515.M,TGO,2019,0,NIL,
OE.5T8.40515.M,TGO,2020,0,NIL,
OE.5T8.40515.M,TGO,2021,0,NIL,
OE.5T8.40515.M,TGO,2022,0,NIL,
OE.5T8.40516,TGO,1997,0,NIL,UIS_EST
OE.5T8.40516,TGO,1998,0,NIL,
OE.5T8.40516,TGO,1999,0,NIL,
OE.5T8.40516,TGO,2000,1,,
OE.5T8.40516,TGO,2001,1,,UIS_EST
OE.5T8.40516,TGO,2002,1,,
OE.5T8.40516,TGO,2003,2,,
OE.5T8.40516,TGO,2004,2,,
OE.5T8.40516,TGO,2005,0,NIL,
OE.5T8.40516,TGO,2006,3,,
OE.5T8.40516,TGO,2007,2,,
OE.5T8.40516,TGO,2008,3,,
OE.5T8.40516,TGO,2009,2,,
OE.5T8.40516,TGO,2010,1,,
OE.5T8.40516,TGO,2011,0,NIL,
OE.5T8.40516,TGO,2012,1,,
OE.5T8.40516,TGO,2013,2,,
OE.5T8.40516,TGO,2014,0,NIL,
OE.5T8.40516,TGO,2015,0,NIL,
OE.5T8.40516,TGO,2016,11,,
OE.5T8.40516,TGO,2017,0,NIL,
OE.5T8.40516,TGO,2018,0,NIL,
OE.5T8.40516,TGO,2019,0,NIL,
OE.5T8.40516,TGO,2020,0,NIL,
OE.5T8.40516,TGO,2021,0,NIL,
OE.5T8.40516,TGO,2022,0,NIL,
OE.5T8.40516,TGO,2023,0,NIL,
OE.5T8.40516.F,TGO,2012,0,NIL,UIS_EST
OE.5T8.40516.F,TGO,2013,0,NIL,
OE.5T8.40516.F,TGO,2014,0,NIL,
OE.5T8.40516.F,TGO,2015,0,NIL,
OE.5T8.40516.F,TGO,2016,0,NIL,
OE.5T8.40516.F,TGO,2017,0,NIL,
OE.5T8.40516.F,TGO,2018,0,NIL,
OE.5T8.40516.F,TGO,2019,0,NIL,
OE.5T8.40516.F,TGO,2020,0,NIL,
OE.5T8.40516.F,TGO,2021,0,NIL,
OE.5T8.40516.F,TGO,2022,0,NIL,
OE.5T8.40516.F,TGO,2023,0,NIL,
OE.5T8.40516.GPIA,TGO,2012,0,NIL,UIS_EST
OE.5T8.40516.GPIA,TGO,2013,0,NIL,
OE.5T8.40516.GPIA,TGO,2016,0,NIL,
OE.5T8.40516.M,TGO,1970,0,NIL,
OE.5T8.40516.M,TGO,1971,0,NIL,
OE.5T8.40516.M,TGO,1972,0,NIL,
OE.5T8.40516.M,TGO,1973,0,NIL,
OE.5T8.40516.M,TGO,1974,0,NIL,
OE.5T8.40516.M,TGO,1975,0,NIL,
OE.5T8.40516.M,TGO,1976,0,NIL,
OE.5T8.40516.M,TGO,1977,0,NIL,
OE.5T8.40516.M,TGO,1978,0,NIL,
OE.5T8.40516.M,TGO,1979,0,NIL,
OE.5T8.40516.M,TGO,1980,0,NIL,
OE.5T8.40516.M,TGO,1981,0,NIL,
OE.5T8.40516.M,TGO,1982,0,NIL,
OE.5T8.40516.M,TGO,1983,0,NIL,
OE.5T8.40516.M,TGO,1984,0,NIL,
OE.5T8.40516.M,TGO,1985,0,NIL,
OE.5T8.40516.M,TGO,1986,0,NIL,
OE.5T8.40516.M,TGO,1987,0,NIL,
OE.5T8.40516.M,TGO,1988,0,NIL,
OE.5T8.40516.M,TGO,1989,0,NIL,
OE.5T8.40516.M,TGO,1990,0,NIL,
OE.5T8.40516.M,TGO,1991,0,NIL,
OE.5T8.40516.M,TGO,1992,0,NIL,
OE.5T8.40516.M,TGO,1993,0,NIL,
OE.5T8.40516.M,TGO,1994,0,NIL,
OE.5T8.40516.M,TGO,1995,0,NIL,
OE.5T8.40516.M,TGO,1996,0,NIL,
OE.5T8.40516.M,TGO,1997,0,NIL,UIS_EST
OE.5T8.40516.M,TGO,1998,0,NIL,
OE.5T8.40516.M,TGO,1999,0,NIL,
OE.5T8.40516.M,TGO,2000,1,,
OE.5T8.40516.M,TGO,2001,1,,UIS_EST
OE.5T8.40516.M,TGO,2002,1,,
OE.5T8.40516.M,TGO,2003,2,,
OE.5T8.40516.M,TGO,2004,2,,
OE.5T8.40516.M,TGO,2005,0,NIL,
OE.5T8.40516.M,TGO,2006,3,,
OE.5T8.40516.M,TGO,2007,2,,
OE.5T8.40516.M,TGO,2008,3,,
OE.5T8.40516.M,TGO,2009,2,,
OE.5T8.40516.M,TGO,2010,1,,
OE.5T8.40516.M,TGO,2011,0,NIL,
OE.5T8.40516.M,TGO,2012,1,,UIS_EST
OE.5T8.40516.M,TGO,2013,2,,
OE.5T8.40516.M,TGO,2014,0,NIL,
OE.5T8.40516.M,TGO,2015,0,NIL,
OE.5T8.40516.M,TGO,2016,11,,
OE.5T8.40516.M,TGO,2017,0,NIL,
OE.5T8.40516.M,TGO,2018,0,NIL,
OE.5T8.40516.M,TGO,2019,0,NIL,
OE.5T8.40516.M,TGO,2020,0,NIL,
OE.5T8.40516.M,TGO,2021,0,NIL,
OE.5T8.40516.M,TGO,2022,0,NIL,
OE.5T8.40516.M,TGO,2023,0,NIL,
OE.5T8.40517,TGO,1997,0,NIL,UIS_EST
OE.5T8.40517,TGO,1998,0,NIL,UIS_EST
OE.5T8.40517,TGO,1999,0,NIL,UIS_EST
OE.5T8.40517,TGO,2000,0,,UIS_EST
OE.5T8.40517,TGO,2001,1,,UIS_EST
OE.5T8.40517,TGO,2002,2,,UIS_EST
OE.5T8.40517,TGO,2003,0,,UIS_EST
OE.5T8.40517,TGO,2004,2,,UIS_EST
OE.5T8.40517,TGO,2005,4,,UIS_EST
OE.5T8.40517,TGO,2006,4,,UIS_EST
OE.5T8.40517,TGO,2007,4,,UIS_EST
OE.5T8.40517,TGO,2008,5,,UIS_EST
OE.5T8.40517,TGO,2009,7,,UIS_EST
OE.5T8.40517,TGO,2010,8,,UIS_EST
OE.5T8.40517,TGO,2011,15,,UIS_EST
OE.5T8.40517,TGO,2012,21,,UIS_EST
OE.5T8.40517,TGO,2013,16,,UIS_EST
OE.5T8.40517,TGO,2014,13,,UIS_EST
OE.5T8.40517,TGO,2015,19,,UIS_EST
OE.5T8.40517,TGO,2016,20,,UIS_EST
OE.5T8.40517,TGO,2017,19,,UIS_EST
OE.5T8.40517,TGO,2018,15,,UIS_EST
OE.5T8.40517.M,TGO,1970,0,NIL,
OE.5T8.40517.M,TGO,1971,0,NIL,
OE.5T8.40517.M,TGO,1972,0,NIL,
OE.5T8.40517.M,TGO,1973,0,NIL,
OE.5T8.40517.M,TGO,1974,0,NIL,
OE.5T8.40517.M,TGO,1975,0,NIL,
OE.5T8.40517.M,TGO,1976,0,NIL,
OE.5T8.40517.M,TGO,1977,0,NIL,
OE.5T8.40517.M,TGO,1978,0,NIL,
OE.5T8.40517.M,TGO,1979,0,NIL,
OE.5T8.40517.M,TGO,1980,0,NIL,
OE.5T8.40517.M,TGO,1981,0,NIL,
OE.5T8.40517.M,TGO,1982,0,NIL,
OE.5T8.40517.M,TGO,1983,0,NIL,
OE.5T8.40517.M,TGO,1984,0,NIL,
OE.5T8.40517.M,TGO,1985,0,NIL,
OE.5T8.40517.M,TGO,1986,0,NIL,
OE.5T8.40517.M,TGO,1987,0,NIL,
OE.5T8.40517.M,TGO,1988,0,NIL,
OE.5T8.40517.M,TGO,1989,0,NIL,
OE.5T8.40517.M,TGO,1990,0,NIL,
OE.5T8.40517.M,TGO,1991,0,NIL,
OE.5T8.40517.M,TGO,1992,0,NIL,
OE.5T8.40517.M,TGO,1993,0,NIL,
OE.5T8.40517.M,TGO,1994,0,NIL,
OE.5T8.40517.M,TGO,1995,0,NIL,
OE.5T8.40517.M,TGO,1996,0,NIL,
OE.5T8.40517.M,TGO,1997,0,NIL,UIS_EST
OE.5T8.40517.M,TGO,1998,0,NIL,UIS_EST
OE.5T8.40517.M,TGO,1999,0,NIL,UIS_EST
OE.5T8.40517.M,TGO,2000,0,,UIS_EST
OE.5T8.40517.M,TGO,2001,1,,UIS_EST
OE.5T8.40517.M,TGO,2002,2,,UIS_EST
OE.5T8.40517.M,TGO,2003,0,,UIS_EST
OE.5T8.40517.M,TGO,2004,2,,UIS_EST
OE.5T8.40517.M,TGO,2005,4,,UIS_EST
OE.5T8.40517.M,TGO,2006,4,,UIS_EST
OE.5T8.40517.M,TGO,2007,4,,UIS_EST
OE.5T8.40517.M,TGO,2008,5,,UIS_EST
OE.5T8.40517.M,TGO,2009,7,,UIS_EST
OE.5T8.40517.M,TGO,2010,8,,UIS_EST
OE.5T8.40517.M,TGO,2011,15,,UIS_EST
OE.5T8.40517.M,TGO,2012,21,,UIS_EST
OE.5T8.40517.M,TGO,2013,16,,UIS_EST
OE.5T8.40517.M,TGO,2014,13,,UIS_EST
OE.5T8.40517.M,TGO,2015,19,,UIS_EST
OE.5T8.40517.M,TGO,2016,20,,UIS_EST
OE.5T8.40517.M,TGO,2017,19,,UIS_EST
OE.5T8.40517.M,TGO,2018,15,,UIS_EST
OE.5T8.40517.M,TGO,2019,0,NIL,
OE.5T8.40517.M,TGO,2020,0,NIL,
OE.5T8.40517.M,TGO,2021,0,NIL,
OE.5T8.40517.M,TGO,2022,0,NIL,
OE.5T8.40520,TGO,2000,0,NIL,UIS_EST
OE.5T8.40520,TGO,2001,0,NIL,UIS_EST
OE.5T8.40520,TGO,2002,3,,UIS_EST
OE.5T8.40520,TGO,2003,0,NIL,UIS_EST
OE.5T8.40520,TGO,2004,1,,UIS_EST
OE.5T8.40520,TGO,2005,2,,UIS_EST
OE.5T8.40520,TGO,2006,13,,UIS_EST
OE.5T8.40520,TGO,2007,10,,UIS_EST
OE.5T8.40520,TGO,2008,14,,UIS_EST
OE.5T8.40520,TGO,2009,19,,UIS_EST
OE.5T8.40520,TGO,2010,20,,UIS_EST
OE.5T8.40520,TGO,2011,20,,UIS_EST
OE.5T8.40520,TGO,2012,17,,UIS_EST
OE.5T8.40520,TGO,2013,20,,UIS_EST
OE.5T8.40520,TGO,2014,25,,UIS_EST
OE.5T8.40520,TGO,2015,33,,UIS_EST
OE.5T8.40520,TGO,2016,39,,
OE.5T8.40520,TGO,2017,44,,
OE.5T8.40520,TGO,2018,50,,
OE.5T8.40520,TGO,2019,50,,
OE.5T8.40520,TGO,2020,47,,
OE.5T8.40520,TGO,2021,44,,UIS_EST
OE.5T8.40520,TGO,2022,42,,
OE.5T8.40520,TGO,2023,38,,UIS_EST
OE.5T8.40520.F,TGO,2013,6,,UIS_EST
OE.5T8.40520.F,TGO,2014,8,,UIS_EST
OE.5T8.40520.F,TGO,2015,12,,UIS_EST
OE.5T8.40520.F,TGO,2016,14,,
OE.5T8.40520.F,TGO,2017,16,,
OE.5T8.40520.F,TGO,2018,14,,
OE.5T8.40520.F,TGO,2019,14,,
OE.5T8.40520.F,TGO,2020,12,,
OE.5T8.40520.F,TGO,2021,11,,
OE.5T8.40520.F,TGO,2022,7,,
OE.5T8.40520.F,TGO,2023,8,,UIS_EST
OE.5T8.40520.GPIA,TGO,2013,0,,UIS_EST
OE.5T8.40520.GPIA,TGO,2014,0,,UIS_EST
OE.5T8.40520.GPIA,TGO,2015,1,,UIS_EST
OE.5T8.40520.GPIA,TGO,2016,1,,
OE.5T8.40520.GPIA,TGO,2017,1,,
OE.5T8.40520.GPIA,TGO,2018,0,,
OE.5T8.40520.GPIA,TGO,2019,0,,
OE.5T8.40520.GPIA,TGO,2020,0,,
OE.5T8.40520.GPIA,TGO,2021,0,,UIS_EST
OE.5T8.40520.GPIA,TGO,2022,0,,
OE.5T8.40520.GPIA,TGO,2023,0,,UIS_EST
OE.5T8.40520.M,TGO,1970,0,NIL,
OE.5T8.40520.M,TGO,1971,0,NIL,
OE.5T8.40520.M,TGO,1972,0,NIL,
OE.5T8.40520.M,TGO,1973,0,NIL,
OE.5T8.40520.M,TGO,1974,0,NIL,
OE.5T8.40520.M,TGO,1975,0,NIL,
OE.5T8.40520.M,TGO,1976,0,NIL,
OE.5T8.40520.M,TGO,1977,0,NIL,
OE.5T8.40520.M,TGO,1978,0,NIL,
OE.5T8.40520.M,TGO,1979,0,NIL,
OE.5T8.40520.M,TGO,1980,0,NIL,
OE.5T8.40520.M,TGO,1981,0,NIL,
OE.5T8.40520.M,TGO,1982,0,NIL,
OE.5T8.40520.M,TGO,1983,0,NIL,
OE.5T8.40520.M,TGO,1984,0,NIL,
OE.5T8.40520.M,TGO,1985,0,NIL,
OE.5T8.40520.M,TGO,1986,0,NIL,
OE.5T8.40520.M,TGO,1987,0,NIL,
OE.5T8.40520.M,TGO,1988,0,NIL,
OE.5T8.40520.M,TGO,1989,0,NIL,
OE.5T8.40520.M,TGO,1990,0,NIL,
OE.5T8.40520.M,TGO,1991,0,NIL,
OE.5T8.40520.M,TGO,1992,0,NIL,
OE.5T8.40520.M,TGO,1993,0,NIL,
OE.5T8.40520.M,TGO,1994,0,NIL,
OE.5T8.40520.M,TGO,1995,0,NIL,
OE.5T8.40520.M,TGO,1996,0,NIL,
OE.5T8.40520.M,TGO,1997,0,NIL,
OE.5T8.40520.M,TGO,1998,0,NIL,
OE.5T8.40520.M,TGO,1999,0,NIL,
OE.5T8.40520.M,TGO,2000,0,NIL,UIS_EST
OE.5T8.40520.M,TGO,2001,0,NIL,UIS_EST
OE.5T8.40520.M,TGO,2002,3,,UIS_EST
OE.5T8.40520.M,TGO,2003,0,NIL,UIS_EST
OE.5T8.40520.M,TGO,2004,1,,UIS_EST
OE.5T8.40520.M,TGO,2005,2,,UIS_EST
OE.5T8.40520.M,TGO,2006,13,,UIS_EST
OE.5T8.40520.M,TGO,2007,10,,UIS_EST
OE.5T8.40520.M,TGO,2008,14,,UIS_EST
OE.5T8.40520.M,TGO,2009,19,,UIS_EST
OE.5T8.40520.M,TGO,2010,20,,UIS_EST
OE.5T8.40520.M,TGO,2011,20,,UIS_EST
OE.5T8.40520.M,TGO,2012,17,,UIS_EST
OE.5T8.40520.M,TGO,2013,14,,UIS_EST
OE.5T8.40520.M,TGO,2014,17,,UIS_EST
OE.5T8.40520.M,TGO,2015,21,,UIS_EST
OE.5T8.40520.M,TGO,2016,25,,
OE.5T8.40520.M,TGO,2017,28,,
OE.5T8.40520.M,TGO,2018,36,,
OE.5T8.40520.M,TGO,2019,36,,
OE.5T8.40520.M,TGO,2020,35,,
OE.5T8.40520.M,TGO,2021,33,,UIS_EST
OE.5T8.40520.M,TGO,2022,34,,
OE.5T8.40520.M,TGO,2023,30,,UIS_EST
OE.5T8.40521.M,TGO,1970,0,NIL,
OE.5T8.40521.M,TGO,1971,0,NIL,
OE.5T8.40521.M,TGO,1972,0,NIL,
OE.5T8.40521.M,TGO,1973,0,NIL,
OE.5T8.40521.M,TGO,1974,0,NIL,
OE.5T8.40521.M,TGO,1975,0,NIL,
OE.5T8.40521.M,TGO,1976,0,NIL,
OE.5T8.40521.M,TGO,1977,0,NIL,
OE.5T8.40521.M,TGO,1978,0,NIL,
OE.5T8.40521.M,TGO,1979,0,NIL,
OE.5T8.40521.M,TGO,1980,0,NIL,
OE.5T8.40521.M,TGO,1981,0,NIL,
OE.5T8.40521.M,TGO,1982,0,NIL,
OE.5T8.40521.M,TGO,1983,0,NIL,
OE.5T8.40521.M,TGO,1984,0,NIL,
OE.5T8.40521.M,TGO,1985,0,NIL,
OE.5T8.40521.M,TGO,1986,0,NIL,
OE.5T8.40521.M,TGO,1987,0,NIL,
OE.5T8.40521.M,TGO,1988,0,NIL,
OE.5T8.40521.M,TGO,1989,0,NIL,
OE.5T8.40521.M,TGO,1990,0,NIL,
OE.5T8.40521.M,TGO,1991,0,NIL,
OE.5T8.40521.M,TGO,1992,0,NIL,
OE.5T8.40521.M,TGO,1993,0,NIL,
OE.5T8.40521.M,TGO,1994,0,NIL,
OE.5T8.40521.M,TGO,1995,0,NIL,
OE.5T8.40521.M,TGO,1996,0,NIL,
OE.5T8.40521.M,TGO,1997,0,NIL,
OE.5T8.40521.M,TGO,1998,0,NIL,
OE.5T8.40521.M,TGO,1999,0,NIL,
OE.5T8.40521.M,TGO,2000,0,NIL,
OE.5T8.40521.M,TGO,2001,0,NIL,
OE.5T8.40521.M,TGO,2002,0,NIL,
OE.5T8.40521.M,TGO,2003,0,NIL,
OE.5T8.40521.M,TGO,2004,0,NIL,
OE.5T8.40521.M,TGO,2005,0,NIL,
OE.5T8.40521.M,TGO,2006,0,NIL,
OE.5T8.40521.M,TGO,2007,0,NIL,
OE.5T8.40521.M,TGO,2008,0,NIL,
OE.5T8.40521.M,TGO,2009,0,NIL,
OE.5T8.40521.M,TGO,2010,0,NIL,
OE.5T8.40521.M,TGO,2011,0,NIL,
OE.5T8.40521.M,TGO,2012,0,NIL,
OE.5T8.40521.M,TGO,2013,0,NIL,
OE.5T8.40521.M,TGO,2014,0,NIL,
OE.5T8.40521.M,TGO,2015,0,NIL,
OE.5T8.40521.M,TGO,2016,0,NIL,
OE.5T8.40521.M,TGO,2017,0,NIL,
OE.5T8.40521.M,TGO,2018,0,NIL,
OE.5T8.40521.M,TGO,2019,0,NIL,
OE.5T8.40521.M,TGO,2020,0,NIL,
OE.5T8.40521.M,TGO,2021,0,NIL,
OE.5T8.40521.M,TGO,2022,0,NIL,
OE.5T8.40522,TGO,2000,0,NIL,UIS_EST
OE.5T8.40522,TGO,2001,0,NIL,UIS_EST
OE.5T8.40522,TGO,2002,3,,UIS_EST
OE.5T8.40522,TGO,2003,0,NIL,UIS_EST
OE.5T8.40522,TGO,2004,1,,UIS_EST
OE.5T8.40522,TGO,2005,2,,UIS_EST
OE.5T8.40522,TGO,2006,13,,UIS_EST
OE.5T8.40522,TGO,2007,10,,UIS_EST
OE.5T8.40522,TGO,2008,14,,UIS_EST
OE.5T8.40522,TGO,2009,19,,UIS_EST
OE.5T8.40522,TGO,2010,20,,UIS_EST
OE.5T8.40522,TGO,2011,20,,UIS_EST
OE.5T8.40522,TGO,2012,17,,UIS_EST
OE.5T8.40522,TGO,2013,20,,UIS_EST
OE.5T8.40522,TGO,2014,25,,UIS_EST
OE.5T8.40522,TGO,2015,33,,UIS_EST
OE.5T8.40522,TGO,2016,39,,
OE.5T8.40522,TGO,2017,44,,
OE.5T8.40522,TGO,2018,48,,
OE.5T8.40522,TGO,2019,48,,
OE.5T8.40522,TGO,2020,45,,
OE.5T8.40522,TGO,2021,42,,
OE.5T8.40522,TGO,2022,40,,
OE.5T8.40522,TGO,2023,36,,UIS_EST
OE.5T8.40522.F,TGO,2013,6,,UIS_EST
OE.5T8.40522.F,TGO,2014,8,,UIS_EST
OE.5T8.40522.F,TGO,2015,12,,UIS_EST
OE.5T8.40522.F,TGO,2016,14,,
OE.5T8.40522.F,TGO,2017,16,,
OE.5T8.40522.F,TGO,2018,14,,
OE.5T8.40522.F,TGO,2019,14,,
OE.5T8.40522.F,TGO,2020,12,,
OE.5T8.40522.F,TGO,2021,11,,
OE.5T8.40522.F,TGO,2022,7,,
OE.5T8.40522.F,TGO,2023,8,,UIS_EST
OE.5T8.40522.GPIA,TGO,2013,0,,UIS_EST
OE.5T8.40522.GPIA,TGO,2014,0,,UIS_EST
OE.5T8.40522.GPIA,TGO,2015,1,,UIS_EST
OE.5T8.40522.GPIA,TGO,2016,1,,
OE.5T8.40522.GPIA,TGO,2017,1,,
OE.5T8.40522.GPIA,TGO,2018,0,,
OE.5T8.40522.GPIA,TGO,2019,0,,
OE.5T8.40522.GPIA,TGO,2020,0,,
OE.5T8.40522.GPIA,TGO,2021,0,,
OE.5T8.40522.GPIA,TGO,2022,0,,
OE.5T8.40522.GPIA,TGO,2023,0,,UIS_EST
OE.5T8.40522.M,TGO,1970,0,NIL,
OE.5T8.40522.M,TGO,1971,0,NIL,
OE.5T8.40522.M,TGO,1972,0,NIL,
OE.5T8.40522.M,TGO,1973,0,NIL,
OE.5T8.40522.M,TGO,1974,0,NIL,
OE.5T8.40522.M,TGO,1975,0,NIL,
OE.5T8.40522.M,TGO,1976,0,NIL,
OE.5T8.40522.M,TGO,1977,0,NIL,
OE.5T8.40522.M,TGO,1978,0,NIL,
OE.5T8.40522.M,TGO,1979,0,NIL,
OE.5T8.40522.M,TGO,1980,0,NIL,
OE.5T8.40522.M,TGO,1981,0,NIL,
OE.5T8.40522.M,TGO,1982,0,NIL,
OE.5T8.40522.M,TGO,1983,0,NIL,
OE.5T8.40522.M,TGO,1984,0,NIL,
OE.5T8.40522.M,TGO,1985,0,NIL,
OE.5T8.40522.M,TGO,1986,0,NIL,
OE.5T8.40522.M,TGO,1987,0,NIL,
OE.5T8.40522.M,TGO,1988,0,NIL,
OE.5T8.40522.M,TGO,1989,0,NIL,
OE.5T8.40522.M,TGO,1990,0,NIL,
OE.5T8.40522.M,TGO,1991,0,NIL,
OE.5T8.40522.M,TGO,1992,0,NIL,
OE.5T8.40522.M,TGO,1993,0,NIL,
OE.5T8.40522.M,TGO,1994,0,NIL,
OE.5T8.40522.M,TGO,1995,0,NIL,
OE.5T8.40522.M,TGO,1996,0,NIL,
OE.5T8.40522.M,TGO,1997,0,NIL,
OE.5T8.40522.M,TGO,1998,0,NIL,
OE.5T8.40522.M,TGO,1999,0,NIL,
OE.5T8.40522.M,TGO,2000,0,NIL,UIS_EST
OE.5T8.40522.M,TGO,2001,0,NIL,UIS_EST
OE.5T8.40522.M,TGO,2002,3,,UIS_EST
OE.5T8.40522.M,TGO,2003,0,NIL,UIS_EST
OE.5T8.40522.M,TGO,2004,1,,UIS_EST
OE.5T8.40522.M,TGO,2005,2,,UIS_EST
OE.5T8.40522.M,TGO,2006,13,,UIS_EST
OE.5T8.40522.M,TGO,2007,10,,UIS_EST
OE.5T8.40522.M,TGO,2008,14,,UIS_EST
OE.5T8.40522.M,TGO,2009,19,,UIS_EST
OE.5T8.40522.M,TGO,2010,20,,UIS_EST
OE.5T8.40522.M,TGO,2011,20,,UIS_EST
OE.5T8.40522.M,TGO,2012,17,,UIS_EST
OE.5T8.40522.M,TGO,2013,14,,UIS_EST
OE.5T8.40522.M,TGO,2014,17,,UIS_EST
OE.5T8.40522.M,TGO,2015,21,,UIS_EST
OE.5T8.40522.M,TGO,2016,25,,
OE.5T8.40522.M,TGO,2017,28,,
OE.5T8.40522.M,TGO,2018,34,,
OE.5T8.40522.M,TGO,2019,34,,
OE.5T8.40522.M,TGO,2020,33,,
OE.5T8.40522.M,TGO,2021,31,,
OE.5T8.40522.M,TGO,2022,32,,
OE.5T8.40522.M,TGO,2023,28,,UIS_EST
OE.5T8.40525,TGO,2012,358,,UIS_EST
OE.5T8.40525,TGO,2013,440,,UIS_EST
OE.5T8.40525,TGO,2014,622,,UIS_EST
OE.5T8.40525,TGO,2015,637,,UIS_EST
OE.5T8.40525,TGO,2016,689,,UIS_EST
OE.5T8.40525,TGO,2017,657,,UIS_EST
OE.5T8.40525,TGO,2018,733,,UIS_EST
OE.5T8.40525,TGO,2019,579,,UIS_EST
OE.5T8.40525,TGO,2020,621,,UIS_EST
OE.5T8.40525,TGO,2021,705,,UIS_EST
OE.5T8.40525,TGO,2022,764,,UIS_EST
OE.5T8.40525,TGO,2023,840,,UIS_EST
OE.5T8.40525.F,TGO,2012,108,,UIS_EST
OE.5T8.40525.F,TGO,2013,151,,UIS_EST
OE.5T8.40525.F,TGO,2014,219,,UIS_EST
OE.5T8.40525.F,TGO,2015,203,,UIS_EST
OE.5T8.40525.F,TGO,2016,242,,UIS_EST
OE.5T8.40525.F,TGO,2017,222,,UIS_EST
OE.5T8.40525.F,TGO,2018,240,,UIS_EST
OE.5T8.40525.F,TGO,2019,120,,UIS_EST
OE.5T8.40525.F,TGO,2020,131,,UIS_EST
OE.5T8.40525.F,TGO,2021,138,,UIS_EST
OE.5T8.40525.F,TGO,2022,166,,UIS_EST
OE.5T8.40525.F,TGO,2023,199,,UIS_EST
OE.5T8.40525.GPIA,TGO,2012,0,,UIS_EST
OE.5T8.40525.GPIA,TGO,2013,1,,UIS_EST
OE.5T8.40525.GPIA,TGO,2014,1,,UIS_EST
OE.5T8.40525.GPIA,TGO,2015,0,,UIS_EST
OE.5T8.40525.GPIA,TGO,2016,1,,UIS_EST
OE.5T8.40525.GPIA,TGO,2017,1,,UIS_EST
OE.5T8.40525.GPIA,TGO,2018,0,,UIS_EST
OE.5T8.40525.GPIA,TGO,2019,0,,UIS_EST
OE.5T8.40525.GPIA,TGO,2020,0,,UIS_EST
OE.5T8.40525.GPIA,TGO,2021,0,,UIS_EST
OE.5T8.40525.GPIA,TGO,2022,0,,UIS_EST
OE.5T8.40525.GPIA,TGO,2023,0,,UIS_EST
OE.5T8.40525.M,TGO,1970,0,NIL,
OE.5T8.40525.M,TGO,1971,0,NIL,
OE.5T8.40525.M,TGO,1972,0,NIL,
OE.5T8.40525.M,TGO,1973,0,NIL,
OE.5T8.40525.M,TGO,1974,0,NIL,
OE.5T8.40525.M,TGO,1975,0,NIL,
OE.5T8.40525.M,TGO,1976,0,NIL,
OE.5T8.40525.M,TGO,1977,0,NIL,
OE.5T8.40525.M,TGO,1978,0,NIL,
OE.5T8.40525.M,TGO,1979,0,NIL,
OE.5T8.40525.M,TGO,1980,0,NIL,
OE.5T8.40525.M,TGO,1981,0,NIL,
OE.5T8.40525.M,TGO,1982,0,NIL,
OE.5T8.40525.M,TGO,1983,0,NIL,
OE.5T8.40525.M,TGO,1984,0,NIL,
OE.5T8.40525.M,TGO,1985,0,NIL,
OE.5T8.40525.M,TGO,1986,0,NIL,
OE.5T8.40525.M,TGO,1987,0,NIL,
OE.5T8.40525.M,TGO,1988,0,NIL,
OE.5T8.40525.M,TGO,1989,0,NIL,
OE.5T8.40525.M,TGO,1990,0,NIL,
OE.5T8.40525.M,TGO,1991,0,NIL,
OE.5T8.40525.M,TGO,1992,0,NIL,
OE.5T8.40525.M,TGO,1993,0,NIL,
OE.5T8.40525.M,TGO,1994,0,NIL,
OE.5T8.40525.M,TGO,1995,0,NIL,
OE.5T8.40525.M,TGO,1996,0,NIL,
OE.5T8.40525.M,TGO,1997,0,NIL,
OE.5T8.40525.M,TGO,1998,0,NIL,
OE.5T8.40525.M,TGO,1999,0,NIL,
OE.5T8.40525.M,TGO,2000,0,NIL,
OE.5T8.40525.M,TGO,2001,0,NIL,
OE.5T8.40525.M,TGO,2002,0,NIL,
OE.5T8.40525.M,TGO,2003,0,NIL,
OE.5T8.40525.M,TGO,2004,0,NIL,
OE.5T8.40525.M,TGO,2005,0,NIL,
OE.5T8.40525.M,TGO,2006,0,NIL,
OE.5T8.40525.M,TGO,2007,0,NIL,
OE.5T8.40525.M,TGO,2008,0,NIL,
OE.5T8.40525.M,TGO,2009,0,NIL,
OE.5T8.40525.M,TGO,2010,0,NIL,
OE.5T8.40525.M,TGO,2011,0,NIL,
OE.5T8.40525.M,TGO,2012,251,,UIS_EST
OE.5T8.40525.M,TGO,2013,289,,UIS_EST
OE.5T8.40525.M,TGO,2014,403,,UIS_EST
OE.5T8.40525.M,TGO,2015,433,,UIS_EST
OE.5T8.40525.M,TGO,2016,447,,UIS_EST
OE.5T8.40525.M,TGO,2017,435,,UIS_EST
OE.5T8.40525.M,TGO,2018,492,,UIS_EST
OE.5T8.40525.M,TGO,2019,460,,UIS_EST
OE.5T8.40525.M,TGO,2020,490,,UIS_EST
OE.5T8.40525.M,TGO,2021,567,,UIS_EST
OE.5T8.40525.M,TGO,2022,598,,UIS_EST
OE.5T8.40525.M,TGO,2023,641,,UIS_EST
OE.5T8.40530,TGO,1998,5,,UIS_EST
OE.5T8.40530,TGO,1999,5,,UIS_EST
OE.5T8.40530,TGO,2000,5,,
OE.5T8.40530,TGO,2001,4,,
OE.5T8.40530,TGO,2002,4,,UIS_EST
OE.5T8.40530,TGO,2003,3,,
OE.5T8.40530,TGO,2004,3,,UIS_EST
OE.5T8.40530,TGO,2005,5,,
OE.5T8.40530,TGO,2006,3,,
OE.5T8.40530,TGO,2007,3,,
OE.5T8.40530,TGO,2008,11,,
OE.5T8.40530,TGO,2009,13,,
OE.5T8.40530,TGO,2010,12,,UIS_EST
OE.5T8.40530,TGO,2011,12,,
OE.5T8.40530,TGO,2012,20,,UIS_EST
OE.5T8.40530,TGO,2013,34,,
OE.5T8.40530,TGO,2014,47,,
OE.5T8.40530,TGO,2015,60,,
OE.5T8.40530,TGO,2016,76,,
OE.5T8.40530,TGO,2017,84,,
OE.5T8.40530,TGO,2018,82,,
OE.5T8.40530,TGO,2019,97,,
OE.5T8.40530,TGO,2020,131,,
OE.5T8.40530,TGO,2021,150,,
OE.5T8.40530,TGO,2022,208,,
OE.5T8.40530,TGO,2023,230,,
OE.5T8.40530.F,TGO,2012,4,,UIS_EST
OE.5T8.40530.F,TGO,2013,7,,UIS_EST
OE.5T8.40530.F,TGO,2014,6,,UIS_EST
OE.5T8.40530.F,TGO,2015,11,,UIS_EST
OE.5T8.40530.F,TGO,2016,13,,UIS_EST
OE.5T8.40530.F,TGO,2017,15,,UIS_EST
OE.5T8.40530.F,TGO,2018,12,,
OE.5T8.40530.F,TGO,2019,11,,
OE.5T8.40530.F,TGO,2020,13,,
OE.5T8.40530.F,TGO,2021,17,,
OE.5T8.40530.F,TGO,2022,29,,
OE.5T8.40530.F,TGO,2023,28,,UIS_EST
OE.5T8.40530.GPIA,TGO,2012,0,,UIS_EST
OE.5T8.40530.GPIA,TGO,2013,0,,UIS_EST
OE.5T8.40530.GPIA,TGO,2014,0,,UIS_EST
OE.5T8.40530.GPIA,TGO,2015,0,,UIS_EST
OE.5T8.40530.GPIA,TGO,2016,0,,UIS_EST
OE.5T8.40530.GPIA,TGO,2017,0,,UIS_EST
OE.5T8.40530.GPIA,TGO,2018,0,,
OE.5T8.40530.GPIA,TGO,2019,0,,
OE.5T8.40530.GPIA,TGO,2020,0,,
OE.5T8.40530.GPIA,TGO,2021,0,,
OE.5T8.40530.GPIA,TGO,2022,0,,
OE.5T8.40530.GPIA,TGO,2023,0,,UIS_EST
OE.5T8.40530.M,TGO,1970,0,NIL,
OE.5T8.40530.M,TGO,1971,0,NIL,
OE.5T8.40530.M,TGO,1972,0,NIL,
OE.5T8.40530.M,TGO,1973,0,NIL,
OE.5T8.40530.M,TGO,1974,0,NIL,
OE.5T8.40530.M,TGO,1975,0,NIL,
OE.5T8.40530.M,TGO,1976,0,NIL,
OE.5T8.40530.M,TGO,1977,0,NIL,
OE.5T8.40530.M,TGO,1978,0,NIL,
OE.5T8.40530.M,TGO,1979,0,NIL,
OE.5T8.40530.M,TGO,1980,0,NIL,
OE.5T8.40530.M,TGO,1981,0,NIL,
OE.5T8.40530.M,TGO,1982,0,NIL,
OE.5T8.40530.M,TGO,1983,0,NIL,
OE.5T8.40530.M,TGO,1984,0,NIL,
OE.5T8.40530.M,TGO,1985,0,NIL,
OE.5T8.40530.M,TGO,1986,0,NIL,
OE.5T8.40530.M,TGO,1987,0,NIL,
OE.5T8.40530.M,TGO,1988,0,NIL,
OE.5T8.40530.M,TGO,1989,0,NIL,
OE.5T8.40530.M,TGO,1990,0,NIL,
OE.5T8.40530.M,TGO,1991,0,NIL,
OE.5T8.40530.M,TGO,1992,0,NIL,
OE.5T8.40530.M,TGO,1993,0,NIL,
OE.5T8.40530.M,TGO,1994,0,NIL,
OE.5T8.40530.M,TGO,1995,0,NIL,
OE.5T8.40530.M,TGO,1996,0,NIL,
OE.5T8.40530.M,TGO,1997,0,NIL,
OE.5T8.40530.M,TGO,1998,5,,UIS_EST
OE.5T8.40530.M,TGO,1999,5,,UIS_EST
OE.5T8.40530.M,TGO,2000,5,,
OE.5T8.40530.M,TGO,2001,4,,
OE.5T8.40530.M,TGO,2002,4,,UIS_EST
OE.5T8.40530.M,TGO,2003,3,,
OE.5T8.40530.M,TGO,2004,3,,UIS_EST
OE.5T8.40530.M,TGO,2005,5,,
OE.5T8.40530.M,TGO,2006,3,,
OE.5T8.40530.M,TGO,2007,3,,
OE.5T8.40530.M,TGO,2008,11,,
OE.5T8.40530.M,TGO,2009,13,,
OE.5T8.40530.M,TGO,2010,12,,UIS_EST
OE.5T8.40530.M,TGO,2011,12,,
OE.5T8.40530.M,TGO,2012,16,,UIS_EST
OE.5T8.40530.M,TGO,2013,27,,UIS_EST
OE.5T8.40530.M,TGO,2014,41,,UIS_EST
OE.5T8.40530.M,TGO,2015,49,,UIS_EST
OE.5T8.40530.M,TGO,2016,63,,UIS_EST
OE.5T8.40530.M,TGO,2017,69,,UIS_EST
OE.5T8.40530.M,TGO,2018,70,,
OE.5T8.40530.M,TGO,2019,86,,
OE.5T8.40530.M,TGO,2020,118,,
OE.5T8.40530.M,TGO,2021,133,,
OE.5T8.40530.M,TGO,2022,179,,
OE.5T8.40530.M,TGO,2023,202,,UIS_EST
OE.5T8.40535,TGO,1999,0,NIL,UIS_EST
OE.5T8.40535,TGO,2000,0,NIL,
OE.5T8.40535,TGO,2001,0,NIL,
OE.5T8.40535,TGO,2002,0,NIL,
OE.5T8.40535,TGO,2003,0,NIL,
OE.5T8.40535,TGO,2004,0,NIL,UIS_EST
OE.5T8.40535,TGO,2005,0,NIL,
OE.5T8.40535,TGO,2006,0,NIL,
OE.5T8.40535,TGO,2007,0,,UIS_EST
OE.5T8.40535,TGO,2008,1,,UIS_EST
OE.5T8.40535,TGO,2009,1,,UIS_EST
OE.5T8.40535,TGO,2010,2,,UIS_EST
OE.5T8.40535,TGO,2011,2,,
OE.5T8.40535,TGO,2012,2,,
OE.5T8.40535,TGO,2013,2,,
OE.5T8.40535,TGO,2014,4,,
OE.5T8.40535,TGO,2015,8,,
OE.5T8.40535,TGO,2016,5,,
OE.5T8.40535,TGO,2017,15,,
OE.5T8.40535,TGO,2018,62,,
OE.5T8.40535,TGO,2019,100,,
OE.5T8.40535,TGO,2020,85,,
OE.5T8.40535,TGO,2021,66,,
OE.5T8.40535,TGO,2022,72,,
OE.5T8.40535,TGO,2023,72,,
OE.5T8.40535.F,TGO,2012,0,NIL,UIS_EST
OE.5T8.40535.F,TGO,2013,0,NIL,
OE.5T8.40535.F,TGO,2014,1,,
OE.5T8.40535.F,TGO,2015,0,NIL,
OE.5T8.40535.F,TGO,2016,1,,
OE.5T8.40535.F,TGO,2017,3,,
OE.5T8.40535.F,TGO,2018,9,,
OE.5T8.40535.F,TGO,2019,22,,
OE.5T8.40535.F,TGO,2020,18,,
OE.5T8.40535.F,TGO,2021,7,,
OE.5T8.40535.F,TGO,2022,8,,
OE.5T8.40535.F,TGO,2023,8,,
OE.5T8.40535.GPIA,TGO,2012,0,NIL,UIS_EST
OE.5T8.40535.GPIA,TGO,2013,0,NIL,
OE.5T8.40535.GPIA,TGO,2014,0,,
OE.5T8.40535.GPIA,TGO,2015,0,NIL,
OE.5T8.40535.GPIA,TGO,2016,0,,
OE.5T8.40535.GPIA,TGO,2017,0,,
OE.5T8.40535.GPIA,TGO,2018,0,,
OE.5T8.40535.GPIA,TGO,2019,0,,
OE.5T8.40535.GPIA,TGO,2020,0,,
OE.5T8.40535.GPIA,TGO,2021,0,,
OE.5T8.40535.GPIA,TGO,2022,0,,
OE.5T8.40535.GPIA,TGO,2023,0,,
OE.5T8.40535.M,TGO,1970,0,NIL,
OE.5T8.40535.M,TGO,1971,0,NIL,
OE.5T8.40535.M,TGO,1972,0,NIL,
OE.5T8.40535.M,TGO,1973,0,NIL,
OE.5T8.40535.M,TGO,1974,0,NIL,
OE.5T8.40535.M,TGO,1975,0,NIL,
OE.5T8.40535.M,TGO,1976,0,NIL,
OE.5T8.40535.M,TGO,1977,0,NIL,
OE.5T8.40535.M,TGO,1978,0,NIL,
OE.5T8.40535.M,TGO,1979,0,NIL,
OE.5T8.40535.M,TGO,1980,0,NIL,
OE.5T8.40535.M,TGO,1981,0,NIL,
OE.5T8.40535.M,TGO,1982,0,NIL,
OE.5T8.40535.M,TGO,1983,0,NIL,
OE.5T8.40535.M,TGO,1984,0,NIL,
OE.5T8.40535.M,TGO,1985,0,NIL,
OE.5T8.40535.M,TGO,1986,0,NIL,
OE.5T8.40535.M,TGO,1987,0,NIL,
OE.5T8.40535.M,TGO,1988,0,NIL,
OE.5T8.40535.M,TGO,1989,0,NIL,
OE.5T8.40535.M,TGO,1990,0,NIL,
OE.5T8.40535.M,TGO,1991,0,NIL,
OE.5T8.40535.M,TGO,1992,0,NIL,
OE.5T8.40535.M,TGO,1993,0,NIL,
OE.5T8.40535.M,TGO,1994,0,NIL,
OE.5T8.40535.M,TGO,1995,0,NIL,
OE.5T8.40535.M,TGO,1996,0,NIL,
OE.5T8.40535.M,TGO,1997,0,NIL,
OE.5T8.40535.M,TGO,1998,0,NIL,
OE.5T8.40535.M,TGO,1999,0,NIL,UIS_EST
OE.5T8.40535.M,TGO,2000,0,NIL,
OE.5T8.40535.M,TGO,2001,0,NIL,
OE.5T8.40535.M,TGO,2002,0,NIL,
OE.5T8.40535.M,TGO,2003,0,NIL,
OE.5T8.40535.M,TGO,2004,0,NIL,UIS_EST
OE.5T8.40535.M,TGO,2005,0,NIL,
OE.5T8.40535.M,TGO,2006,0,NIL,
OE.5T8.40535.M,TGO,2007,0,,UIS_EST
OE.5T8.40535.M,TGO,2008,1,,UIS_EST
OE.5T8.40535.M,TGO,2009,1,,UIS_EST
OE.5T8.40535.M,TGO,2010,2,,UIS_EST
OE.5T8.40535.M,TGO,2011,2,,
OE.5T8.40535.M,TGO,2012,2,,UIS_EST
OE.5T8.40535.M,TGO,2013,2,,
OE.5T8.40535.M,TGO,2014,3,,
OE.5T8.40535.M,TGO,2015,8,,
OE.5T8.40535.M,TGO,2016,4,,
OE.5T8.40535.M,TGO,2017,12,,
OE.5T8.40535.M,TGO,2018,53,,
OE.5T8.40535.M,TGO,2019,78,,
OE.5T8.40535.M,TGO,2020,67,,
OE.5T8.40535.M,TGO,2021,59,,
OE.5T8.40535.M,TGO,2022,64,,
OE.5T8.40535.M,TGO,2023,64,,
OE.5T8.40540,TGO,1998,2142,,UIS_EST
OE.5T8.40540,TGO,1999,2142,,UIS_EST
OE.5T8.40540,TGO,2007,2155,,UIS_EST
OE.5T8.40540,TGO,2008,2166,,UIS_EST
OE.5T8.40540,TGO,2009,2162,,UIS_EST
OE.5T8.40540,TGO,2010,2169,,UIS_EST
OE.5T8.40540,TGO,2011,2126,,UIS_EST
OE.5T8.40540,TGO,2012,2151,,UIS_EST
OE.5T8.40540,TGO,2013,2280,,UIS_EST
OE.5T8.40540,TGO,2014,2473,,UIS_EST
OE.5T8.40540,TGO,2015,2418,,UIS_EST
OE.5T8.40540,TGO,2016,2495,,UIS_EST
OE.5T8.40540,TGO,2017,2280,,UIS_EST
OE.5T8.40540,TGO,2018,2526,,UIS_EST
OE.5T8.40540,TGO,2019,2379,,UIS_EST
OE.5T8.40540,TGO,2020,2362,,UIS_EST
OE.5T8.40540,TGO,2021,2325,,UIS_EST
OE.5T8.40540,TGO,2022,2453,,UIS_EST
OE.5T8.40540,TGO,2023,2488,,UIS_EST
OE.5T8.40540.F,TGO,2012,587,,UIS_EST
OE.5T8.40540.F,TGO,2013,624,,UIS_EST
OE.5T8.40540.F,TGO,2014,690,,UIS_EST
OE.5T8.40540.F,TGO,2015,704,,UIS_EST
OE.5T8.40540.F,TGO,2016,756,,UIS_EST
OE.5T8.40540.F,TGO,2017,738,,UIS_EST
OE.5T8.40540.F,TGO,2018,783,,UIS_EST
OE.5T8.40540.F,TGO,2019,778,,UIS_EST
OE.5T8.40540.F,TGO,2020,848,,UIS_EST
OE.5T8.40540.F,TGO,2021,810,,UIS_EST
OE.5T8.40540.F,TGO,2022,828,,UIS_EST
OE.5T8.40540.F,TGO,2023,1013,,UIS_EST
OE.5T8.40540.GPIA,TGO,2012,0,,UIS_EST
OE.5T8.40540.GPIA,TGO,2013,0,,UIS_EST
OE.5T8.40540.GPIA,TGO,2014,0,,UIS_EST
OE.5T8.40540.GPIA,TGO,2015,0,,UIS_EST
OE.5T8.40540.GPIA,TGO,2016,0,,UIS_EST
OE.5T8.40540.GPIA,TGO,2017,0,,UIS_EST
OE.5T8.40540.GPIA,TGO,2018,0,,UIS_EST
OE.5T8.40540.GPIA,TGO,2019,0,,UIS_EST
OE.5T8.40540.GPIA,TGO,2020,1,,UIS_EST
OE.5T8.40540.GPIA,TGO,2021,1,,UIS_EST
OE.5T8.40540.GPIA,TGO,2022,1,,UIS_EST
OE.5T8.40540.GPIA,TGO,2023,1,,UIS_EST
OE.5T8.40540.M,TGO,1970,0,NIL,
OE.5T8.40540.M,TGO,1971,0,NIL,
OE.5T8.40540.M,TGO,1972,0,NIL,
OE.5T8.40540.M,TGO,1973,0,NIL,
OE.5T8.40540.M,TGO,1974,0,NIL,
OE.5T8.40540.M,TGO,1975,0,NIL,
OE.5T8.40540.M,TGO,1976,0,NIL,
OE.5T8.40540.M,TGO,1977,0,NIL,
OE.5T8.40540.M,TGO,1978,0,NIL,
OE.5T8.40540.M,TGO,1979,0,NIL,
OE.5T8.40540.M,TGO,1980,0,NIL,
OE.5T8.40540.M,TGO,1981,0,NIL,
OE.5T8.40540.M,TGO,1982,0,NIL,
OE.5T8.40540.M,TGO,1983,0,NIL,
OE.5T8.40540.M,TGO,1984,0,NIL,
OE.5T8.40540.M,TGO,1985,0,NIL,
OE.5T8.40540.M,TGO,1986,0,NIL,
OE.5T8.40540.M,TGO,1987,0,NIL,
OE.5T8.40540.M,TGO,1988,0,NIL,
OE.5T8.40540.M,TGO,1989,0,NIL,
OE.5T8.40540.M,TGO,1990,0,NIL,
OE.5T8.40540.M,TGO,1991,0,NIL,
OE.5T8.40540.M,TGO,1992,0,NIL,
OE.5T8.40540.M,TGO,1993,0,NIL,
OE.5T8.40540.M,TGO,1994,0,NIL,
OE.5T8.40540.M,TGO,1995,0,NIL,
OE.5T8.40540.M,TGO,1996,0,NIL,
OE.5T8.40540.M,TGO,1997,0,NIL,
OE.5T8.40540.M,TGO,1998,2142,,UIS_EST
OE.5T8.40540.M,TGO,1999,2142,,UIS_EST
OE.5T8.40540.M,TGO,2000,0,NIL,
OE.5T8.40540.M,TGO,2001,0,NIL,
OE.5T8.40540.M,TGO,2002,0,NIL,
OE.5T8.40540.M,TGO,2003,0,NIL,
OE.5T8.40540.M,TGO,2004,0,NIL,
OE.5T8.40540.M,TGO,2005,0,NIL,
OE.5T8.40540.M,TGO,2006,0,NIL,
OE.5T8.40540.M,TGO,2007,2155,,UIS_EST
OE.5T8.40540.M,TGO,2008,2166,,UIS_EST
OE.5T8.40540.M,TGO,2009,2162,,UIS_EST
OE.5T8.40540.M,TGO,2010,2169,,UIS_EST
OE.5T8.40540.M,TGO,2011,2126,,UIS_EST
OE.5T8.40540.M,TGO,2012,1564,,UIS_EST
OE.5T8.40540.M,TGO,2013,1657,,UIS_EST
OE.5T8.40540.M,TGO,2014,1783,,UIS_EST
OE.5T8.40540.M,TGO,2015,1713,,UIS_EST
OE.5T8.40540.M,TGO,2016,1739,,UIS_EST
OE.5T8.40540.M,TGO,2017,1542,,UIS_EST
OE.5T8.40540.M,TGO,2018,1743,,UIS_EST
OE.5T8.40540.M,TGO,2019,1602,,UIS_EST
OE.5T8.40540.M,TGO,2020,1514,,UIS_EST
OE.5T8.40540.M,TGO,2021,1515,,UIS_EST
OE.5T8.40540.M,TGO,2022,1625,,UIS_EST
OE.5T8.40540.M,TGO,2023,1475,,UIS_EST
OFST.1.CP,TGO,1971,197482,,
OFST.1.CP,TGO,1972,199920,,
OFST.1.CP,TGO,1978,162037,,
OFST.1.CP,TGO,1979,161287,,
OFST.1.CP,TGO,1980,165553,,
OFST.1.CP,TGO,1982,191507,,
OFST.1.CP,TGO,1983,209610,,
OFST.1.CP,TGO,1984,251956,,
OFST.1.CP,TGO,1985,269302,,
OFST.1.CP,TGO,1986,301599,,
OFST.1.CP,TGO,1987,254802,,
OFST.1.CP,TGO,1988,257007,,
OFST.1.CP,TGO,1989,259888,,
OFST.1.CP,TGO,1990,257544,,
OFST.1.CP,TGO,1991,247323,,
OFST.1.CP,TGO,1994,241014,,
OFST.1.CP,TGO,1995,197997,,
OFST.1.CP,TGO,1996,157400,,
OFST.1.CP,TGO,1997,187526,,
OFST.1.CP,TGO,1999,100851,,
OFST.1.CP,TGO,2000,136560,,
OFST.1.CP,TGO,2001,122543,,
OFST.1.CP,TGO,2002,91191,,
OFST.1.CP,TGO,2003,120868,,
OFST.1.CP,TGO,2004,99631,,
OFST.1.CP,TGO,2005,106644,,
OFST.1.CP,TGO,2006,80619,,
OFST.1.CP,TGO,2007,122094,,
OFST.1.CP,TGO,2008,111373,,
OFST.1.CP,TGO,2014,104716,,
OFST.1.CP,TGO,2015,92340,,
OFST.1.CP,TGO,2016,185309.223,,
OFST.1.CP,TGO,2017,117778,,
OFST.1.CP,TGO,2018,127092,,
OFST.1.CP,TGO,2019,108469,,
OFST.1.CP,TGO,2020,59575,,
OFST.1.CP,TGO,2021,49209,,
OFST.1.CP,TGO,2022,12444.64076568163,,
OFST.1.CP,TGO,2023,10944.16671360843,,
OFST.1.CP,TGO,2024,9263.258023699746,,
OFST.1.F.CP,TGO,1971,132358,,
OFST.1.F.CP,TGO,1972,132536,,
OFST.1.F.CP,TGO,1978,116303,,
OFST.1.F.CP,TGO,1979,114873,,
OFST.1.F.CP,TGO,1980,116461,,
OFST.1.F.CP,TGO,1982,129413,,
OFST.1.F.CP,TGO,1983,134377,,
OFST.1.F.CP,TGO,1984,156593,,
OFST.1.F.CP,TGO,1985,165217,,
OFST.1.F.CP,TGO,1986,179601,,
OFST.1.F.CP,TGO,1987,164177,,
OFST.1.F.CP,TGO,1988,165056,,
OFST.1.F.CP,TGO,1989,167360,,
OFST.1.F.CP,TGO,1990,165059,,
OFST.1.F.CP,TGO,1991,159697,,
OFST.1.F.CP,TGO,1994,155888,,
OFST.1.F.CP,TGO,1995,137071,,
OFST.1.F.CP,TGO,1996,121789,,
OFST.1.F.CP,TGO,1997,134970,,
OFST.1.F.CP,TGO,1999,92459,,
OFST.1.F.CP,TGO,2001,96420,,
OFST.1.F.CP,TGO,2002,80432,,
OFST.1.F.CP,TGO,2003,92920,,
OFST.1.F.CP,TGO,2004,80817,,
OFST.1.F.CP,TGO,2005,81858,,
OFST.1.F.CP,TGO,2006,67684,,
OFST.1.F.CP,TGO,2007,85328,,
OFST.1.F.CP,TGO,2008,78317,,
OFST.1.F.CP,TGO,2014,66754,,
OFST.1.F.CP,TGO,2015,60248,,
OFST.1.F.CP,TGO,2016,109429.317,,
OFST.1.F.CP,TGO,2017,72362,,
OFST.1.F.CP,TGO,2018,74750,,
OFST.1.F.CP,TGO,2019,55434,,
OFST.1.F.CP,TGO,2020,33315,,
OFST.1.F.CP,TGO,2021,31015,,
OFST.1.M.CP,TGO,1971,65124,,
OFST.1.M.CP,TGO,1972,67384,,
OFST.1.M.CP,TGO,1978,45734,,
OFST.1.M.CP,TGO,1979,46414,,
OFST.1.M.CP,TGO,1980,49092,,
OFST.1.M.CP,TGO,1982,62094,,
OFST.1.M.CP,TGO,1983,75233,,
OFST.1.M.CP,TGO,1984,95363,,
OFST.1.M.CP,TGO,1985,104085,,
OFST.1.M.CP,TGO,1986,121998,,
OFST.1.M.CP,TGO,1987,90625,,
OFST.1.M.CP,TGO,1988,91951,,
OFST.1.M.CP,TGO,1989,92528,,
OFST.1.M.CP,TGO,1990,92485,,
OFST.1.M.CP,TGO,1991,87626,,
OFST.1.M.CP,TGO,1994,85126,,
OFST.1.M.CP,TGO,1995,60926,,
OFST.1.M.CP,TGO,1996,35611,,
OFST.1.M.CP,TGO,1997,52556,,
OFST.1.M.CP,TGO,1999,8392,,
OFST.1.M.CP,TGO,2001,26123,,
OFST.1.M.CP,TGO,2002,10759,,
OFST.1.M.CP,TGO,2003,27948,,
OFST.1.M.CP,TGO,2004,18814,,
OFST.1.M.CP,TGO,2005,24786,,
OFST.1.M.CP,TGO,2006,12935,,
OFST.1.M.CP,TGO,2007,36766,,
OFST.1.M.CP,TGO,2008,33056,,
OFST.1.M.CP,TGO,2014,37962,,
OFST.1.M.CP,TGO,2015,32092,,
OFST.1.M.CP,TGO,2016,75879.90599999996,,
OFST.1.M.CP,TGO,2017,45416,,
OFST.1.M.CP,TGO,2018,52342,,
OFST.1.M.CP,TGO,2019,53035,,
OFST.1.M.CP,TGO,2020,26260,,
OFST.1.M.CP,TGO,2021,18194,,
OFST.1T2.CP,TGO,1991,432036,,
OFST.1T2.CP,TGO,1999,266203,,
OFST.1T2.CP,TGO,2000,332287,,UIS_EST
OFST.1T2.CP,TGO,2001,315023,,UIS_EST
OFST.1T2.CP,TGO,2003,308876,,UIS_EST
OFST.1T2.CP,TGO,2004,294336,,UIS_EST
OFST.1T2.CP,TGO,2005,302925,,UIS_EST
OFST.1T2.CP,TGO,2007,357336,,UIS_EST
OFST.1T2.CP,TGO,2014,372454,,
OFST.1T2.CP,TGO,2015,200895,,
OFST.1T2.CP,TGO,2017,188323,,
OFST.1T2.CP,TGO,2018,204739,,
OFST.1T2.CP,TGO,2019,197201,,
OFST.1T2.CP,TGO,2020,199193,,
OFST.1T2.CP,TGO,2021,217177,,
OFST.1T2.CP,TGO,2022,234152.6407656816,,
OFST.1T2.CP,TGO,2023,250182.1667136084,,
OFST.1T2.CP,TGO,2024,251534.2580236997,,
OFST.1T2.F.CP,TGO,1991,283954,,
OFST.1T2.F.CP,TGO,1999,213005,,
OFST.1T2.F.CP,TGO,2001,225860,,UIS_EST
OFST.1T2.F.CP,TGO,2003,219927,,UIS_EST
OFST.1T2.F.CP,TGO,2004,209700,,UIS_EST
OFST.1T2.F.CP,TGO,2005,211478,,UIS_EST
OFST.1T2.F.CP,TGO,2007,231197,,UIS_EST
OFST.1T2.F.CP,TGO,2014,212781,,
OFST.1T2.F.CP,TGO,2015,130588,,
OFST.1T2.F.CP,TGO,2017,124676,,
OFST.1T2.F.CP,TGO,2018,126634,,
OFST.1T2.F.CP,TGO,2019,116932,,
OFST.1T2.F.CP,TGO,2020,116586,,
OFST.1T2.F.CP,TGO,2021,123188,,
OFST.1T2.F.CP,TGO,2023,136091,,
OFST.1T2.M.CP,TGO,1991,148082,,
OFST.1T2.M.CP,TGO,1999,53198,,
OFST.1T2.M.CP,TGO,2001,89163,,UIS_EST
OFST.1T2.M.CP,TGO,2003,88949,,UIS_EST
OFST.1T2.M.CP,TGO,2004,84636,,UIS_EST
OFST.1T2.M.CP,TGO,2005,91447,,UIS_EST
OFST.1T2.M.CP,TGO,2007,126139,,UIS_EST
OFST.1T2.M.CP,TGO,2014,159673,,
OFST.1T2.M.CP,TGO,2015,70307,,
OFST.1T2.M.CP,TGO,2017,63647,,
OFST.1T2.M.CP,TGO,2018,78105,,
OFST.1T2.M.CP,TGO,2019,80269,,
OFST.1T2.M.CP,TGO,2020,82607,,
OFST.1T2.M.CP,TGO,2021,93989,,
OFST.1T2.M.CP,TGO,2023,113264,,
OFST.1T3.CP,TGO,1999,512571,,
OFST.1T3.CP,TGO,2000,575536,,UIS_EST
OFST.1T3.CP,TGO,2014,666960,,
OFST.1T3.CP,TGO,2015,480345,,
OFST.1T3.CP,TGO,2017,451702,,
OFST.1T3.CP,TGO,2018,608010,,
OFST.1T3.CP,TGO,2019,485550,,
OFST.1T3.CP,TGO,2020,507871,,
OFST.1T3.CP,TGO,2021,507857,,
OFST.1T3.CP,TGO,2022,559878.6407656816,,
OFST.1T3.CP,TGO,2023,563706.1667136084,,
OFST.1T3.CP,TGO,2024,580036.2580236997,,
OFST.1T3.F.CP,TGO,1999,352438,,
OFST.1T3.F.CP,TGO,2014,377886,,
OFST.1T3.F.CP,TGO,2015,287774,,
OFST.1T3.F.CP,TGO,2017,276290,,
OFST.1T3.F.CP,TGO,2018,331075,,
OFST.1T3.F.CP,TGO,2019,276745,,
OFST.1T3.F.CP,TGO,2020,286783,,
OFST.1T3.F.CP,TGO,2021,283060,,
OFST.1T3.F.CP,TGO,2023,303741,,
OFST.1T3.M.CP,TGO,1999,160133,,
OFST.1T3.M.CP,TGO,2014,289074,,
OFST.1T3.M.CP,TGO,2015,192571,,
OFST.1T3.M.CP,TGO,2017,175412,,
OFST.1T3.M.CP,TGO,2018,204387,,
OFST.1T3.M.CP,TGO,2019,208805,,
OFST.1T3.M.CP,TGO,2020,221088,,
OFST.1T3.M.CP,TGO,2021,224797,,
OFST.1T3.M.CP,TGO,2023,259138,,
OFST.2.CP,TGO,1991,184713,,
OFST.2.CP,TGO,1999,165352,,
OFST.2.CP,TGO,2000,195727,,UIS_EST
OFST.2.CP,TGO,2001,192480,,UIS_EST
OFST.2.CP,TGO,2003,188008,,UIS_EST
OFST.2.CP,TGO,2004,194705,,UIS_EST
OFST.2.CP,TGO,2005,196281,,UIS_EST
OFST.2.CP,TGO,2007,235242,,UIS_EST
OFST.2.CP,TGO,2014,267738,,
OFST.2.CP,TGO,2015,108555,,
OFST.2.CP,TGO,2017,70545,,
OFST.2.CP,TGO,2018,77647,,
OFST.2.CP,TGO,2019,88732,,
OFST.2.CP,TGO,2020,139618,,
OFST.2.CP,TGO,2021,167968,,
OFST.2.CP,TGO,2022,221708,,
OFST.2.CP,TGO,2023,239238,,
OFST.2.CP,TGO,2024,242271,,
OFST.2.F.CP,TGO,1991,124257,,
OFST.2.F.CP,TGO,1999,120546,,
OFST.2.F.CP,TGO,2001,129440,,UIS_EST
OFST.2.F.CP,TGO,2003,127007,,UIS_EST
OFST.2.F.CP,TGO,2004,128883,,UIS_EST
OFST.2.F.CP,TGO,2005,129620,,UIS_EST
OFST.2.F.CP,TGO,2007,145869,,UIS_EST
OFST.2.F.CP,TGO,2014,146027,,
OFST.2.F.CP,TGO,2015,70340,,
OFST.2.F.CP,TGO,2017,52314,,
OFST.2.F.CP,TGO,2018,51884,,
OFST.2.F.CP,TGO,2019,61498,,
OFST.2.F.CP,TGO,2020,83271,,
OFST.2.F.CP,TGO,2021,92173,,
OFST.2.F.CP,TGO,2022,118525,,
OFST.2.F.CP,TGO,2023,125974,,
OFST.2.F.CP,TGO,2024,124747,,
OFST.2.M.CP,TGO,1991,60456,,
OFST.2.M.CP,TGO,1999,44806,,
OFST.2.M.CP,TGO,2001,63040,,UIS_EST
OFST.2.M.CP,TGO,2003,61001,,UIS_EST
OFST.2.M.CP,TGO,2004,65822,,UIS_EST
OFST.2.M.CP,TGO,2005,66661,,UIS_EST
OFST.2.M.CP,TGO,2007,89373,,UIS_EST
OFST.2.M.CP,TGO,2014,121711,,
OFST.2.M.CP,TGO,2015,38215,,
OFST.2.M.CP,TGO,2017,18231,,
OFST.2.M.CP,TGO,2018,25763,,
OFST.2.M.CP,TGO,2019,27234,,
OFST.2.M.CP,TGO,2020,56347,,
OFST.2.M.CP,TGO,2021,75795,,
OFST.2.M.CP,TGO,2022,103183,,
OFST.2.M.CP,TGO,2023,113264,,
OFST.2.M.CP,TGO,2024,117524,,
OFST.2T3.CP,TGO,1999,411720,,
OFST.2T3.CP,TGO,2000,438976,,UIS_EST
OFST.2T3.CP,TGO,2014,562244,,
OFST.2T3.CP,TGO,2015,388005,,
OFST.2T3.CP,TGO,2017,333924,,
OFST.2T3.CP,TGO,2018,480918,,
OFST.2T3.CP,TGO,2019,377081,,
OFST.2T3.CP,TGO,2020,448296,,
OFST.2T3.CP,TGO,2021,458648,,
OFST.2T3.CP,TGO,2022,547434,,
OFST.2T3.CP,TGO,2023,552762,,
OFST.2T3.CP,TGO,2024,570773,,
OFST.2T3.F.CP,TGO,1999,259979,,
OFST.2T3.F.CP,TGO,2014,311132,,
OFST.2T3.F.CP,TGO,2015,227526,,
OFST.2T3.F.CP,TGO,2017,203928,,
OFST.2T3.F.CP,TGO,2018,256325,,
OFST.2T3.F.CP,TGO,2019,221311,,
OFST.2T3.F.CP,TGO,2020,253468,,
OFST.2T3.F.CP,TGO,2021,252045,,
OFST.2T3.F.CP,TGO,2022,293774,,
OFST.2T3.F.CP,TGO,2023,293624,,
OFST.2T3.F.CP,TGO,2024,297758,,
OFST.2T3.M.CP,TGO,1999,151741,,
OFST.2T3.M.CP,TGO,2014,251112,,
OFST.2T3.M.CP,TGO,2015,160479,,
OFST.2T3.M.CP,TGO,2017,129996,,
OFST.2T3.M.CP,TGO,2018,152045,,
OFST.2T3.M.CP,TGO,2019,155770,,
OFST.2T3.M.CP,TGO,2020,194828,,
OFST.2T3.M.CP,TGO,2021,206603,,
OFST.2T3.M.CP,TGO,2022,253660,,
OFST.2T3.M.CP,TGO,2023,259138,,
OFST.2T3.M.CP,TGO,2024,273015,,
OFST.3.CP,TGO,1999,246368,,
OFST.3.CP,TGO,2000,243249,,UIS_EST
OFST.3.CP,TGO,2014,294506,,
OFST.3.CP,TGO,2015,279450,,
OFST.3.CP,TGO,2017,263379,,
OFST.3.CP,TGO,2018,403271,,
OFST.3.CP,TGO,2019,288349,,
OFST.3.CP,TGO,2020,308678,,
OFST.3.CP,TGO,2021,290680,,
OFST.3.CP,TGO,2022,325726,,
OFST.3.CP,TGO,2023,313524,,
OFST.3.CP,TGO,2024,328502,,
OFST.3.F.CP,TGO,1999,139433,,
OFST.3.F.CP,TGO,2014,165105,,
OFST.3.F.CP,TGO,2015,157186,,
OFST.3.F.CP,TGO,2017,151614,,
OFST.3.F.CP,TGO,2018,204441,,
OFST.3.F.CP,TGO,2019,159813,,
OFST.3.F.CP,TGO,2020,170197,,
OFST.3.F.CP,TGO,2021,159872,,
OFST.3.F.CP,TGO,2022,175249,,
OFST.3.F.CP,TGO,2023,167650,,
OFST.3.F.CP,TGO,2024,173011,,
OFST.3.M.CP,TGO,1999,106935,,
OFST.3.M.CP,TGO,2014,129401,,
OFST.3.M.CP,TGO,2015,122264,,
OFST.3.M.CP,TGO,2017,111765,,
OFST.3.M.CP,TGO,2018,126282,,
OFST.3.M.CP,TGO,2019,128536,,
OFST.3.M.CP,TGO,2020,138481,,
OFST.3.M.CP,TGO,2021,130808,,
OFST.3.M.CP,TGO,2022,150477,,
OFST.3.M.CP,TGO,2023,145874,,
OFST.3.M.CP,TGO,2024,155491,,
OFST.AGM1.CP,TGO,1999,105600,,
OFST.AGM1.CP,TGO,2000,105398,,
OFST.AGM1.CP,TGO,2001,99769,,
OFST.AGM1.CP,TGO,2002,98924,,
OFST.AGM1.CP,TGO,2003,86588,,
OFST.AGM1.CP,TGO,2007,121132,,
OFST.AGM1.CP,TGO,2008,116975,,
OFST.AGM1.CP,TGO,2014,181460,,
OFST.AGM1.CP,TGO,2018,80294,,
OFST.AGM1.CP,TGO,2019,88012,,
OFST.AGM1.CP,TGO,2020,2586,,
OFST.AGM1.CP,TGO,2021,74627,,
OFST.AGM1.CP,TGO,2022,78933,,
OFST.AGM1.CP,TGO,2023,83161,,
OFST.AGM1.CP,TGO,2024,86229,,
OFST.AGM1.F.CP,TGO,1999,53534,,
OFST.AGM1.F.CP,TGO,2001,50799,,
OFST.AGM1.F.CP,TGO,2002,50385,,
OFST.AGM1.F.CP,TGO,2003,44400,,
OFST.AGM1.F.CP,TGO,2007,60739,,
OFST.AGM1.F.CP,TGO,2008,58468,,
OFST.AGM1.F.CP,TGO,2014,89852,,
OFST.AGM1.F.CP,TGO,2018,39640,,
OFST.AGM1.F.CP,TGO,2019,45413,,
OFST.AGM1.F.CP,TGO,2020,0,NIL,
OFST.AGM1.F.CP,TGO,2021,38430,,
OFST.AGM1.F.CP,TGO,2022,38879,,
OFST.AGM1.F.CP,TGO,2023,41466,,
OFST.AGM1.F.CP,TGO,2024,42546,,
OFST.AGM1.M.CP,TGO,1999,52066,,
OFST.AGM1.M.CP,TGO,2001,48970,,
OFST.AGM1.M.CP,TGO,2002,48539,,
OFST.AGM1.M.CP,TGO,2003,42188,,
OFST.AGM1.M.CP,TGO,2007,60393,,
OFST.AGM1.M.CP,TGO,2008,58507,,
OFST.AGM1.M.CP,TGO,2014,91608,,
OFST.AGM1.M.CP,TGO,2018,40654,,
OFST.AGM1.M.CP,TGO,2019,42599,,
OFST.AGM1.M.CP,TGO,2020,2586,,
OFST.AGM1.M.CP,TGO,2021,36197,,
OFST.AGM1.M.CP,TGO,2022,40054,,
OFST.AGM1.M.CP,TGO,2023,41695,,
OFST.AGM1.M.CP,TGO,2024,43683,,
REPR.1.CP,TGO,1971,35.67055130004883,,
REPR.1.CP,TGO,1975,31.73628997802734,,
REPR.1.CP,TGO,1977,29.63191986083984,,
REPR.1.CP,TGO,1978,32.39994049072266,,
REPR.1.CP,TGO,1979,32.62926864624023,,
REPR.1.CP,TGO,1980,37.15185165405273,,
REPR.1.CP,TGO,1981,36.18693161010742,,
REPR.1.CP,TGO,1982,34.43954086303711,,
REPR.1.CP,TGO,1983,33.28099822998047,,
REPR.1.CP,TGO,1984,36.3101692199707,,
REPR.1.CP,TGO,1985,35.4907112121582,,
REPR.1.CP,TGO,1986,38.31996154785156,,
REPR.1.CP,TGO,1987,31.92487907409668,,
REPR.1.CP,TGO,1988,40.00791931152344,,
REPR.1.CP,TGO,1989,35.27138137817383,,
REPR.1.CP,TGO,1990,38.7388801574707,,
REPR.1.CP,TGO,1991,37.342529296875,,
REPR.1.CP,TGO,1994,38.01810836791992,,
REPR.1.CP,TGO,1995,26.20251083374023,,
REPR.1.CP,TGO,1999,25.85140991210938,,
REPR.1.CP,TGO,2000,24.79750061035156,,
REPR.1.CP,TGO,2001,23.24486923217773,,
REPR.1.CP,TGO,2002,23.61595916748047,,
REPR.1.CP,TGO,2003,24.07515907287598,,
REPR.1.CP,TGO,2004,23.19886016845703,,
REPR.1.CP,TGO,2005,25.10758018493652,,
REPR.1.CP,TGO,2006,23.04814910888672,,
REPR.1.CP,TGO,2007,23.59807968139648,,
REPR.1.CP,TGO,2009,23.24428939819336,,
REPR.1.CP,TGO,2010,21.76484257993414,,
REPR.1.CP,TGO,2011,21.03689638883461,,
REPR.1.CP,TGO,2012,18.50879411493823,,
REPR.1.CP,TGO,2013,11.20652300128296,,
REPR.1.CP,TGO,2014,9.355589866638184,,
REPR.1.CP,TGO,2015,7.90809924768673,,
REPR.1.CP,TGO,2016,7.859498264354013,,
REPR.1.CP,TGO,2017,7.682698559432512,,
REPR.1.CP,TGO,2018,7.9070241904452,,
REPR.1.CP,TGO,2019,6.988050816220392,,
REPR.1.CP,TGO,2020,4.237595606081835,,
REPR.1.CP,TGO,2021,4.351210265526707,,
REPR.1.CP,TGO,2022,3.853689890730803,,
REPR.1.CP,TGO,2023,2.425814312286419,,
REPR.1.F.CP,TGO,1971,36.56740188598633,,
REPR.1.F.CP,TGO,1975,34.05455017089844,,
REPR.1.F.CP,TGO,1977,31.6312198638916,,
REPR.1.F.CP,TGO,1978,34.66572189331055,,
REPR.1.F.CP,TGO,1979,34.37870025634766,,
REPR.1.F.CP,TGO,1980,39.0152587890625,,
REPR.1.F.CP,TGO,1981,37.64678955078125,,
REPR.1.F.CP,TGO,1982,35.92757034301758,,
REPR.1.F.CP,TGO,1983,34.09366989135742,,
REPR.1.F.CP,TGO,1984,37.38824081420898,,
REPR.1.F.CP,TGO,1985,36.37406158447266,,
REPR.1.F.CP,TGO,1986,39.53250885009766,,
REPR.1.F.CP,TGO,1987,33.42726898193359,,
REPR.1.F.CP,TGO,1988,41.28984832763672,,
REPR.1.F.CP,TGO,1989,36.88386917114258,,
REPR.1.F.CP,TGO,1990,39.93336868286133,,
REPR.1.F.CP,TGO,1991,38.45729827880859,,
REPR.1.F.CP,TGO,1994,39.17520141601563,,
REPR.1.F.CP,TGO,1995,27.43372917175293,,
REPR.1.F.CP,TGO,1999,26.45013046264648,,
REPR.1.F.CP,TGO,2000,25.33709907531738,,
REPR.1.F.CP,TGO,2001,24.27680015563965,,
REPR.1.F.CP,TGO,2002,24.38566970825195,,
REPR.1.F.CP,TGO,2003,24.54283905029297,,
REPR.1.F.CP,TGO,2004,23.70126914978027,,
REPR.1.F.CP,TGO,2005,25.36366081237793,,
REPR.1.F.CP,TGO,2006,23.39432907104492,,
REPR.1.F.CP,TGO,2007,23.96607971191406,,
REPR.1.F.CP,TGO,2009,24.06841087341309,,
REPR.1.F.CP,TGO,2010,22.05945819104927,,
REPR.1.F.CP,TGO,2011,21.24767306644153,,
REPR.1.F.CP,TGO,2012,18.5740956541369,,
REPR.1.F.CP,TGO,2013,11.17798253481514,,
REPR.1.F.CP,TGO,2014,9.378809928894043,,
REPR.1.F.CP,TGO,2015,7.885957846230272,,
REPR.1.F.CP,TGO,2016,8.067901197626496,,
REPR.1.F.CP,TGO,2017,7.598516757887134,,
REPR.1.F.CP,TGO,2018,7.774901457076957,,
REPR.1.F.CP,TGO,2019,6.918285171073276,,
REPR.1.F.CP,TGO,2020,4.294063572021136,,
REPR.1.F.CP,TGO,2021,4.262156543632155,,
REPR.1.F.CP,TGO,2022,3.709033612164333,,
REPR.1.F.CP,TGO,2023,2.395103844649336,,
REPR.1.G1.CP,TGO,1971,43.00801849365234,,
REPR.1.G1.CP,TGO,1978,38.63714981079102,,
REPR.1.G1.CP,TGO,1979,37.96451187133789,,
REPR.1.G1.CP,TGO,1980,39.27970886230469,,UIS_EST
REPR.1.G1.CP,TGO,1981,39.84708023071289,,UIS_EST
REPR.1.G1.CP,TGO,1982,39.87604141235352,,
REPR.1.G1.CP,TGO,1983,38.36347961425781,,
REPR.1.G1.CP,TGO,1984,39.40058135986328,,
REPR.1.G1.CP,TGO,1985,40.19697189331055,,
REPR.1.G1.CP,TGO,1986,42.04888916015625,,
REPR.1.G1.CP,TGO,1987,39.60575866699219,,
REPR.1.G1.CP,TGO,1988,42.26076889038086,,
REPR.1.G1.CP,TGO,1989,41.05282974243164,,
REPR.1.G1.CP,TGO,1990,40.90700912475586,,
REPR.1.G1.CP,TGO,1991,40.16683959960938,,
REPR.1.G1.CP,TGO,1994,41.53488159179688,,
REPR.1.G1.CP,TGO,1995,29.29376029968262,,
REPR.1.G1.CP,TGO,1999,31.35692977905273,,
REPR.1.G1.CP,TGO,2000,30.72068977355957,,
REPR.1.G1.CP,TGO,2002,28.89341926574707,,
REPR.1.G1.CP,TGO,2003,28.64759063720703,,
REPR.1.G1.CP,TGO,2004,27.81995010375977,,
REPR.1.G1.CP,TGO,2005,27.61980056762695,,
REPR.1.G1.CP,TGO,2007,25.11219024658203,,
REPR.1.G1.CP,TGO,2009,26.23208045959473,,
REPR.1.G1.CP,TGO,2010,24.46717066636698,,
REPR.1.G1.CP,TGO,2011,23.82432847901516,,
REPR.1.G1.CP,TGO,2012,20.69800405151384,,
REPR.1.G1.CP,TGO,2013,3.756124941215735,,
REPR.1.G1.CP,TGO,2014,2.183239936828613,,
REPR.1.G1.CP,TGO,2016,.7782695264271914,,
REPR.1.G1.CP,TGO,2017,3.312465985799171,,
REPR.1.G1.CP,TGO,2018,1.33204429163843,,
REPR.1.G1.CP,TGO,2019,.6788943808291835,,
REPR.1.G1.CP,TGO,2020,.5926939077905055,,
REPR.1.G1.CP,TGO,2021,.4148433506626273,,
REPR.1.G1.CP,TGO,2022,.0692197772489743,,
REPR.1.G1.CP,TGO,2023,.0968045818908969,,
REPR.1.G1.F.CP,TGO,1971,43.56716918945313,,
REPR.1.G1.F.CP,TGO,1978,39.1071891784668,,
REPR.1.G1.F.CP,TGO,1979,37.50096893310547,,
REPR.1.G1.F.CP,TGO,1980,39.2357292175293,,UIS_EST
REPR.1.G1.F.CP,TGO,1981,39.39387893676758,,UIS_EST
REPR.1.G1.F.CP,TGO,1982,39.83105850219727,,
REPR.1.G1.F.CP,TGO,1983,38.17615127563477,,
REPR.1.G1.F.CP,TGO,1984,39.84825134277344,,
REPR.1.G1.F.CP,TGO,1985,40.11243057250977,,
REPR.1.G1.F.CP,TGO,1986,42.60340118408203,,
REPR.1.G1.F.CP,TGO,1987,38.88816070556641,,
REPR.1.G1.F.CP,TGO,1988,42.80498886108398,,
REPR.1.G1.F.CP,TGO,1989,41.42641067504883,,
REPR.1.G1.F.CP,TGO,1990,40.53667068481445,,
REPR.1.G1.F.CP,TGO,1991,40.68177032470703,,
REPR.1.G1.F.CP,TGO,1994,42.03929901123047,,
REPR.1.G1.F.CP,TGO,1995,29.35726928710938,,
REPR.1.G1.F.CP,TGO,1999,30.86076927185059,,
REPR.1.G1.F.CP,TGO,2000,30.12997055053711,,
REPR.1.G1.F.CP,TGO,2002,28.55277061462402,,
REPR.1.G1.F.CP,TGO,2003,28.20520973205566,,
REPR.1.G1.F.CP,TGO,2004,27.54392051696777,,
REPR.1.G1.F.CP,TGO,2005,27.11771965026855,,
REPR.1.G1.F.CP,TGO,2007,24.86956024169922,,
REPR.1.G1.F.CP,TGO,2009,25.9982795715332,,
REPR.1.G1.F.CP,TGO,2010,23.92417263305462,,
REPR.1.G1.F.CP,TGO,2011,23.19480519480519,,
REPR.1.G1.F.CP,TGO,2012,20.13685546605004,,
REPR.1.G1.F.CP,TGO,2013,3.714869506355454,,
REPR.1.G1.F.CP,TGO,2014,2.115639925003052,,
REPR.1.G1.F.CP,TGO,2016,.743109554905318,,
REPR.1.G1.F.CP,TGO,2017,3.253844149074798,,
REPR.1.G1.F.CP,TGO,2018,1.299161077007694,,
REPR.1.G1.F.CP,TGO,2019,.6843932980152594,,
REPR.1.G1.F.CP,TGO,2020,.5511295093110269,,
REPR.1.G1.F.CP,TGO,2021,.3829164296079422,,
REPR.1.G1.F.CP,TGO,2022,.0598579290378143,,
REPR.1.G1.F.CP,TGO,2023,.0839965686508126,,
REPR.1.G1.M.CP,TGO,1971,42.72412872314453,,
REPR.1.G1.M.CP,TGO,1978,38.31880950927734,,
REPR.1.G1.M.CP,TGO,1979,38.28718185424805,,
REPR.1.G1.M.CP,TGO,1980,39.310791015625,,UIS_EST
REPR.1.G1.M.CP,TGO,1981,40.1727409362793,,UIS_EST
REPR.1.G1.M.CP,TGO,1982,39.90853881835938,,
REPR.1.G1.M.CP,TGO,1983,38.49773025512695,,
REPR.1.G1.M.CP,TGO,1984,39.08486175537109,,
REPR.1.G1.M.CP,TGO,1985,40.2558708190918,,
REPR.1.G1.M.CP,TGO,1986,41.66921997070313,,
REPR.1.G1.M.CP,TGO,1987,40.09350967407227,,
REPR.1.G1.M.CP,TGO,1988,41.87910079956055,,
REPR.1.G1.M.CP,TGO,1989,40.78409957885742,,
REPR.1.G1.M.CP,TGO,1990,41.17829132080078,,
REPR.1.G1.M.CP,TGO,1991,39.7847785949707,,
REPR.1.G1.M.CP,TGO,1994,41.15113067626953,,
REPR.1.G1.M.CP,TGO,1995,29.24374008178711,,
REPR.1.G1.M.CP,TGO,1999,31.7824592590332,,
REPR.1.G1.M.CP,TGO,2000,31.23163032531738,,
REPR.1.G1.M.CP,TGO,2002,29.19132041931152,,
REPR.1.G1.M.CP,TGO,2003,29.03969955444336,,
REPR.1.G1.M.CP,TGO,2004,28.06744956970215,,
REPR.1.G1.M.CP,TGO,2005,28.08025932312012,,
REPR.1.G1.M.CP,TGO,2007,25.33847999572754,,
REPR.1.G1.M.CP,TGO,2009,26.44787979125977,,
REPR.1.G1.M.CP,TGO,2010,24.9791972805977,,
REPR.1.G1.M.CP,TGO,2011,24.41276084343931,,
REPR.1.G1.M.CP,TGO,2012,21.22450182761467,,
REPR.1.G1.M.CP,TGO,2013,3.794833193176005,,
REPR.1.G1.M.CP,TGO,2014,2.246840000152588,,
REPR.1.G1.M.CP,TGO,2016,.8114364213206332,,
REPR.1.G1.M.CP,TGO,2017,3.368444629713738,,
REPR.1.G1.M.CP,TGO,2018,1.363855981701089,,
REPR.1.G1.M.CP,TGO,2019,.6736702688058758,,
REPR.1.G1.M.CP,TGO,2020,.6325988288690826,,
REPR.1.G1.M.CP,TGO,2021,.4452202684702548,,
REPR.1.G1.M.CP,TGO,2022,.0780852343713849,,
REPR.1.G1.M.CP,TGO,2023,.1088701078599728,,
REPR.1.G2.CP,TGO,1971,28.88628959655762,,
REPR.1.G2.CP,TGO,1978,30.27975082397461,,
REPR.1.G2.CP,TGO,1979,29.75869941711426,,
REPR.1.G2.CP,TGO,1980,32.89788055419922,,UIS_EST
REPR.1.G2.CP,TGO,1981,33.39876937866211,,UIS_EST
REPR.1.G2.CP,TGO,1982,31.00724983215332,,
REPR.1.G2.CP,TGO,1983,32.2564697265625,,
REPR.1.G2.CP,TGO,1984,34.18405151367188,,
REPR.1.G2.CP,TGO,1985,33.61582946777344,,
REPR.1.G2.CP,TGO,1986,34.02328872680664,,
REPR.1.G2.CP,TGO,1987,30.8661994934082,,
REPR.1.G2.CP,TGO,1988,35.00677108764648,,
REPR.1.G2.CP,TGO,1989,33.37197113037109,,
REPR.1.G2.CP,TGO,1990,35.15370178222656,,
REPR.1.G2.CP,TGO,1991,35.16199111938477,,
REPR.1.G2.CP,TGO,1995,22.99593925476074,,
REPR.1.G2.CP,TGO,1999,26.47279930114746,,
REPR.1.G2.CP,TGO,2000,25.37849044799805,,
REPR.1.G2.CP,TGO,2002,23.08219909667969,,
REPR.1.G2.CP,TGO,2003,23.92872047424316,,
REPR.1.G2.CP,TGO,2004,23.48691940307617,,
REPR.1.G2.CP,TGO,2005,24.67781066894531,,
REPR.1.G2.CP,TGO,2007,22.7330207824707,,
REPR.1.G2.CP,TGO,2009,23.4067497253418,,
REPR.1.G2.CP,TGO,2010,22.32805014110389,,
REPR.1.G2.CP,TGO,2011,21.38022944949783,,
REPR.1.G2.CP,TGO,2012,18.71043999199174,,
REPR.1.G2.CP,TGO,2013,13.7863216770497,,
REPR.1.G2.CP,TGO,2014,12.80391025543213,,
REPR.1.G2.CP,TGO,2016,12.66831888831703,,
REPR.1.G2.CP,TGO,2017,11.31131766295456,,
REPR.1.G2.CP,TGO,2018,12.46148053087783,,
REPR.1.G2.CP,TGO,2019,10.2991341236884,,
REPR.1.G2.CP,TGO,2020,7.300638920329012,,
REPR.1.G2.CP,TGO,2021,7.498904709272091,,
REPR.1.G2.CP,TGO,2022,8.274125741003967,,
REPR.1.G2.CP,TGO,2023,5.683467060670912,,
REPR.1.G2.F.CP,TGO,1971,31.01156997680664,,
REPR.1.G2.F.CP,TGO,1978,32.17535018920898,,
REPR.1.G2.F.CP,TGO,1979,31.05326080322266,,
REPR.1.G2.F.CP,TGO,1980,34.40491104125977,,UIS_EST
REPR.1.G2.F.CP,TGO,1981,34.25791931152344,,UIS_EST
REPR.1.G2.F.CP,TGO,1982,31.89250946044922,,
REPR.1.G2.F.CP,TGO,1983,32.90092086791992,,
REPR.1.G2.F.CP,TGO,1984,35.33927154541016,,
REPR.1.G2.F.CP,TGO,1985,34.21081924438477,,
REPR.1.G2.F.CP,TGO,1986,35.36973190307617,,
REPR.1.G2.F.CP,TGO,1987,32.66654968261719,,
REPR.1.G2.F.CP,TGO,1988,36.6785888671875,,
REPR.1.G2.F.CP,TGO,1989,34.85639190673828,,
REPR.1.G2.F.CP,TGO,1990,36.34465026855469,,
REPR.1.G2.F.CP,TGO,1991,36.43384170532227,,
REPR.1.G2.F.CP,TGO,1995,23.98476982116699,,
REPR.1.G2.F.CP,TGO,1999,26.34823036193848,,
REPR.1.G2.F.CP,TGO,2000,25.18357086181641,,
REPR.1.G2.F.CP,TGO,2002,23.36087036132813,,
REPR.1.G2.F.CP,TGO,2003,23.81645965576172,,
REPR.1.G2.F.CP,TGO,2004,23.32843017578125,,
REPR.1.G2.F.CP,TGO,2005,24.23818016052246,,
REPR.1.G2.F.CP,TGO,2007,22.90118026733398,,
REPR.1.G2.F.CP,TGO,2009,23.5561408996582,,
REPR.1.G2.F.CP,TGO,2010,22.32073496132671,,
REPR.1.G2.F.CP,TGO,2011,20.89848394158788,,
REPR.1.G2.F.CP,TGO,2012,18.07556229466768,,
REPR.1.G2.F.CP,TGO,2013,13.44241632043322,,
REPR.1.G2.F.CP,TGO,2014,12.39181995391846,,
REPR.1.G2.F.CP,TGO,2016,12.99881090422979,,
REPR.1.G2.F.CP,TGO,2017,10.75132336184391,,
REPR.1.G2.F.CP,TGO,2018,12.0037820229682,,
REPR.1.G2.F.CP,TGO,2019,9.78809796543195,,
REPR.1.G2.F.CP,TGO,2020,7.44843680291019,,
REPR.1.G2.F.CP,TGO,2021,6.927521264773931,,
REPR.1.G2.F.CP,TGO,2022,7.722641174775687,,
REPR.1.G2.F.CP,TGO,2023,5.818472871319365,,
REPR.1.G2.M.CP,TGO,1971,27.88521957397461,,
REPR.1.G2.M.CP,TGO,1978,29.06673049926758,,
REPR.1.G2.M.CP,TGO,1979,28.89888954162598,,
REPR.1.G2.M.CP,TGO,1980,31.87190055847168,,UIS_EST
REPR.1.G2.M.CP,TGO,1981,32.79130935668945,,UIS_EST
REPR.1.G2.M.CP,TGO,1982,30.38109016418457,,
REPR.1.G2.M.CP,TGO,1983,31.79863929748535,,
REPR.1.G2.M.CP,TGO,1984,33.38117980957031,,
REPR.1.G2.M.CP,TGO,1985,33.20549011230469,,
REPR.1.G2.M.CP,TGO,1986,33.11682891845703,,
REPR.1.G2.M.CP,TGO,1987,29.66860008239746,,
REPR.1.G2.M.CP,TGO,1988,33.90803909301758,,
REPR.1.G2.M.CP,TGO,1989,32.37126159667969,,
REPR.1.G2.M.CP,TGO,1990,34.31893920898438,,
REPR.1.G2.M.CP,TGO,1991,34.25202178955078,,
REPR.1.G2.M.CP,TGO,1995,22.27108955383301,,
REPR.1.G2.M.CP,TGO,1999,26.57621002197266,,
REPR.1.G2.M.CP,TGO,2000,25.54360008239746,,
REPR.1.G2.M.CP,TGO,2002,22.84453964233398,,
REPR.1.G2.M.CP,TGO,2003,24.0257396697998,,
REPR.1.G2.M.CP,TGO,2004,23.62718963623047,,
REPR.1.G2.M.CP,TGO,2005,25.06683921813965,,
REPR.1.G2.M.CP,TGO,2007,22.57891082763672,,
REPR.1.G2.M.CP,TGO,2009,23.26852035522461,,
REPR.1.G2.M.CP,TGO,2010,22.33496059474809,,
REPR.1.G2.M.CP,TGO,2011,21.84228945319566,,
REPR.1.G2.M.CP,TGO,2012,19.31439132133305,,
REPR.1.G2.M.CP,TGO,2013,14.11284960773015,,
REPR.1.G2.M.CP,TGO,2014,13.19406032562256,,
REPR.1.G2.M.CP,TGO,2016,12.35421557228399,,
REPR.1.G2.M.CP,TGO,2017,11.83942576214652,,
REPR.1.G2.M.CP,TGO,2018,12.90021131278149,,
REPR.1.G2.M.CP,TGO,2019,10.79434126173884,,
REPR.1.G2.M.CP,TGO,2020,7.158707783519729,,
REPR.1.G2.M.CP,TGO,2021,8.047335765723743,,
REPR.1.G2.M.CP,TGO,2022,8.804649603784444,,
REPR.1.G2.M.CP,TGO,2023,5.5545842479813,,
REPR.1.G3.CP,TGO,1971,31.15619087219238,,
REPR.1.G3.CP,TGO,1978,31.03701972961426,,
REPR.1.G3.CP,TGO,1979,32.18498992919922,,
REPR.1.G3.CP,TGO,1980,36.30796051025391,,UIS_EST
REPR.1.G3.CP,TGO,1981,36.677490234375,,UIS_EST
REPR.1.G3.CP,TGO,1982,35.42800903320313,,
REPR.1.G3.CP,TGO,1983,34.30659866333008,,
REPR.1.G3.CP,TGO,1984,36.48154830932617,,
REPR.1.G3.CP,TGO,1985,37.29088973999023,,
REPR.1.G3.CP,TGO,1986,37.91849136352539,,
REPR.1.G3.CP,TGO,1987,34.06100845336914,,
REPR.1.G3.CP,TGO,1988,39.53683853149414,,
REPR.1.G3.CP,TGO,1989,37.31708908081055,,
REPR.1.G3.CP,TGO,1990,39.20169067382813,,
REPR.1.G3.CP,TGO,1991,37.64326858520508,,
REPR.1.G3.CP,TGO,1995,26.89451026916504,,
REPR.1.G3.CP,TGO,1999,28.27219009399414,,
REPR.1.G3.CP,TGO,2000,26.54095077514648,,
REPR.1.G3.CP,TGO,2002,25.04700088500977,,
REPR.1.G3.CP,TGO,2003,26.07622909545898,,
REPR.1.G3.CP,TGO,2004,25.01446914672852,,
REPR.1.G3.CP,TGO,2005,26.60206031799316,,
REPR.1.G3.CP,TGO,2007,24.09856986999512,,
REPR.1.G3.CP,TGO,2009,24.48978996276855,,
REPR.1.G3.CP,TGO,2010,22.66056742771815,,
REPR.1.G3.CP,TGO,2011,21.17539218113968,,
REPR.1.G3.CP,TGO,2012,19.13473444594071,,
REPR.1.G3.CP,TGO,2013,13.2446655593177,,
REPR.1.G3.CP,TGO,2014,5.089890003204346,,
REPR.1.G3.CP,TGO,2016,2.987540426414625,,
REPR.1.G3.CP,TGO,2017,2.4638386340514,,
REPR.1.G3.CP,TGO,2018,2.698092966898968,,
REPR.1.G3.CP,TGO,2019,1.973070908762856,,
REPR.1.G3.CP,TGO,2020,1.208944991412639,,
REPR.1.G3.CP,TGO,2021,.8639293344584285,,
REPR.1.G3.CP,TGO,2022,.2944851599135148,,
REPR.1.G3.CP,TGO,2023,.2572641891772832,,
REPR.1.G3.F.CP,TGO,1971,33.46807098388672,,
REPR.1.G3.F.CP,TGO,1978,33.60633850097656,,
REPR.1.G3.F.CP,TGO,1979,34.84767913818359,,
REPR.1.G3.F.CP,TGO,1980,39.41133880615234,,UIS_EST
REPR.1.G3.F.CP,TGO,1981,38.98471832275391,,UIS_EST
REPR.1.G3.F.CP,TGO,1982,37.77421188354492,,
REPR.1.G3.F.CP,TGO,1983,35.21347045898438,,
REPR.1.G3.F.CP,TGO,1984,38.02872085571289,,
REPR.1.G3.F.CP,TGO,1985,38.74927139282227,,
REPR.1.G3.F.CP,TGO,1986,39.94771957397461,,
REPR.1.G3.F.CP,TGO,1987,36.70792007446289,,
REPR.1.G3.F.CP,TGO,1988,41.7912483215332,,
REPR.1.G3.F.CP,TGO,1989,39.43627166748047,,
REPR.1.G3.F.CP,TGO,1990,42.46512985229492,,
REPR.1.G3.F.CP,TGO,1991,39.61048126220703,,
REPR.1.G3.F.CP,TGO,1995,29.51132011413574,,
REPR.1.G3.F.CP,TGO,1999,28.99724006652832,,
REPR.1.G3.F.CP,TGO,2000,26.91526985168457,,
REPR.1.G3.F.CP,TGO,2002,25.83781051635742,,
REPR.1.G3.F.CP,TGO,2003,26.66451072692871,,
REPR.1.G3.F.CP,TGO,2004,25.54224014282227,,
REPR.1.G3.F.CP,TGO,2005,26.83643913269043,,
REPR.1.G3.F.CP,TGO,2007,24.49201965332031,,
REPR.1.G3.F.CP,TGO,2009,24.93021965026855,,
REPR.1.G3.F.CP,TGO,2010,22.90684928940145,,
REPR.1.G3.F.CP,TGO,2011,21.45457173051042,,
REPR.1.G3.F.CP,TGO,2012,19.20748580234825,,
REPR.1.G3.F.CP,TGO,2013,12.90002359661185,,
REPR.1.G3.F.CP,TGO,2014,5.05689001083374,,
REPR.1.G3.F.CP,TGO,2016,3.064712773218937,,
REPR.1.G3.F.CP,TGO,2017,2.402330729916795,,
REPR.1.G3.F.CP,TGO,2018,2.63671026974967,,
REPR.1.G3.F.CP,TGO,2019,1.942786392852503,,
REPR.1.G3.F.CP,TGO,2020,1.199252079348363,,
REPR.1.G3.F.CP,TGO,2021,.8533735725221034,,
REPR.1.G3.F.CP,TGO,2022,.2690364773394009,,
REPR.1.G3.F.CP,TGO,2023,.2235914100637703,,
REPR.1.G3.M.CP,TGO,1971,30.11453056335449,,
REPR.1.G3.M.CP,TGO,1978,29.50041961669922,,
REPR.1.G3.M.CP,TGO,1979,30.53157997131348,,
REPR.1.G3.M.CP,TGO,1980,34.2923698425293,,UIS_EST
REPR.1.G3.M.CP,TGO,1981,35.10758972167969,,UIS_EST
REPR.1.G3.M.CP,TGO,1982,33.81845855712891,,
REPR.1.G3.M.CP,TGO,1983,33.67322158813477,,
REPR.1.G3.M.CP,TGO,1984,35.42697143554688,,
REPR.1.G3.M.CP,TGO,1985,36.31108856201172,,
REPR.1.G3.M.CP,TGO,1986,36.58250045776367,,
REPR.1.G3.M.CP,TGO,1987,32.33383178710938,,
REPR.1.G3.M.CP,TGO,1988,38.08290863037109,,
REPR.1.G3.M.CP,TGO,1989,35.95452880859375,,
REPR.1.G3.M.CP,TGO,1990,37.05863952636719,,
REPR.1.G3.M.CP,TGO,1991,36.30165100097656,,
REPR.1.G3.M.CP,TGO,1995,25.04729080200195,,
REPR.1.G3.M.CP,TGO,1999,27.68191909790039,,
REPR.1.G3.M.CP,TGO,2000,26.22747993469238,,
REPR.1.G3.M.CP,TGO,2002,24.37797927856445,,
REPR.1.G3.M.CP,TGO,2003,25.57599067687988,,
REPR.1.G3.M.CP,TGO,2004,24.55931091308594,,
REPR.1.G3.M.CP,TGO,2005,26.39707946777344,,
REPR.1.G3.M.CP,TGO,2007,23.75098991394043,,
REPR.1.G3.M.CP,TGO,2009,24.09023094177246,,
REPR.1.G3.M.CP,TGO,2010,22.43182569653516,,
REPR.1.G3.M.CP,TGO,2011,20.91668480171418,,
REPR.1.G3.M.CP,TGO,2012,19.0649303967061,,
REPR.1.G3.M.CP,TGO,2013,13.57674305561,,
REPR.1.G3.M.CP,TGO,2014,5.121439933776855,,
REPR.1.G3.M.CP,TGO,2016,2.914159161004938,,
REPR.1.G3.M.CP,TGO,2017,2.522607533223244,,
REPR.1.G3.M.CP,TGO,2018,2.756788175703728,,
REPR.1.G3.M.CP,TGO,2019,2.002381850594353,,
REPR.1.G3.M.CP,TGO,2020,1.218381024779094,,
REPR.1.G3.M.CP,TGO,2021,.8740790826747805,,
REPR.1.G3.M.CP,TGO,2022,.3189891557466275,,
REPR.1.G3.M.CP,TGO,2023,.2896406796532607,,
REPR.1.G4.CP,TGO,1971,23.98644065856934,,
REPR.1.G4.CP,TGO,1978,24.38349914550781,,
REPR.1.G4.CP,TGO,1979,25.45388031005859,,
REPR.1.G4.CP,TGO,1980,29.70745086669922,,UIS_EST
REPR.1.G4.CP,TGO,1981,29.87047004699707,,UIS_EST
REPR.1.G4.CP,TGO,1982,26.0248908996582,,
REPR.1.G4.CP,TGO,1983,25.52596092224121,,
REPR.1.G4.CP,TGO,1984,29.69485092163086,,
REPR.1.G4.CP,TGO,1985,28.56613922119141,,
REPR.1.G4.CP,TGO,1986,30.03224945068359,,
REPR.1.G4.CP,TGO,1987,25.65164947509766,,
REPR.1.G4.CP,TGO,1988,31.79883003234863,,
REPR.1.G4.CP,TGO,1989,29.83544921875,,
REPR.1.G4.CP,TGO,1990,29.50157928466797,,
REPR.1.G4.CP,TGO,1991,28.61972045898438,,
REPR.1.G4.CP,TGO,1995,21.96843910217285,,
REPR.1.G4.CP,TGO,1999,22.58457946777344,,
REPR.1.G4.CP,TGO,2000,20.47501945495605,,
REPR.1.G4.CP,TGO,2002,20.37464904785156,,
REPR.1.G4.CP,TGO,2003,21.88401031494141,,
REPR.1.G4.CP,TGO,2004,20.96607971191406,,
REPR.1.G4.CP,TGO,2005,23.73793983459473,,
REPR.1.G4.CP,TGO,2007,23.22780990600586,,
REPR.1.G4.CP,TGO,2009,23.3427906036377,,
REPR.1.G4.CP,TGO,2010,21.00411002867703,,
REPR.1.G4.CP,TGO,2011,20.10175777358895,,
REPR.1.G4.CP,TGO,2012,18.36394858718843,,
REPR.1.G4.CP,TGO,2013,13.18286821670245,,
REPR.1.G4.CP,TGO,2014,13.42169952392578,,
REPR.1.G4.CP,TGO,2016,13.85150801264804,,
REPR.1.G4.CP,TGO,2017,12.37593470950129,,
REPR.1.G4.CP,TGO,2020,7.435548513374965,,
REPR.1.G4.CP,TGO,2021,8.038553763012439,,
REPR.1.G4.CP,TGO,2022,9.662299423754867,,
REPR.1.G4.CP,TGO,2023,6.924357833562865,,
REPR.1.G4.F.CP,TGO,1971,25.81403923034668,,
REPR.1.G4.F.CP,TGO,1978,27.73975944519043,,
REPR.1.G4.F.CP,TGO,1979,28.6839599609375,,
REPR.1.G4.F.CP,TGO,1980,33.8754997253418,,UIS_EST
REPR.1.G4.F.CP,TGO,1981,33.16091918945313,,UIS_EST
REPR.1.G4.F.CP,TGO,1982,28.49241065979004,,
REPR.1.G4.F.CP,TGO,1983,27.05631065368652,,
REPR.1.G4.F.CP,TGO,1984,32.35543823242188,,
REPR.1.G4.F.CP,TGO,1985,30.20680046081543,,
REPR.1.G4.F.CP,TGO,1986,32.36140823364258,,
REPR.1.G4.F.CP,TGO,1987,27.5974292755127,,
REPR.1.G4.F.CP,TGO,1988,33.9752311706543,,
REPR.1.G4.F.CP,TGO,1989,31.90959930419922,,
REPR.1.G4.F.CP,TGO,1990,32.43674087524414,,
REPR.1.G4.F.CP,TGO,1991,30.37224960327148,,
REPR.1.G4.F.CP,TGO,1995,23.71389961242676,,
REPR.1.G4.F.CP,TGO,1999,23.39076995849609,,
REPR.1.G4.F.CP,TGO,2000,21.28956985473633,,
REPR.1.G4.F.CP,TGO,2002,21.41526985168457,,
REPR.1.G4.F.CP,TGO,2003,22.83769035339355,,
REPR.1.G4.F.CP,TGO,2004,21.82354927062988,,
REPR.1.G4.F.CP,TGO,2005,24.65830993652344,,
REPR.1.G4.F.CP,TGO,2007,24.01387977600098,,
REPR.1.G4.F.CP,TGO,2009,24.4737606048584,,
REPR.1.G4.F.CP,TGO,2010,21.65160184951291,,
REPR.1.G4.F.CP,TGO,2011,20.75263163542326,,
REPR.1.G4.F.CP,TGO,2012,18.97892327123461,,
REPR.1.G4.F.CP,TGO,2013,13.14756963814199,,
REPR.1.G4.F.CP,TGO,2014,13.43303966522217,,
REPR.1.G4.F.CP,TGO,2016,14.11666873235602,,
REPR.1.G4.F.CP,TGO,2017,12.22008535528303,,
REPR.1.G4.F.CP,TGO,2020,7.375587493010534,,
REPR.1.G4.F.CP,TGO,2021,7.632949460867014,,
REPR.1.G4.F.CP,TGO,2022,9.309960719939028,,
REPR.1.G4.F.CP,TGO,2023,6.605033693025769,,
REPR.1.G4.M.CP,TGO,1971,23.19952964782715,,
REPR.1.G4.M.CP,TGO,1978,22.56267929077148,,
REPR.1.G4.M.CP,TGO,1979,23.57646942138672,,
REPR.1.G4.M.CP,TGO,1980,27.21758079528809,,UIS_EST
REPR.1.G4.M.CP,TGO,1981,27.8216495513916,,UIS_EST
REPR.1.G4.M.CP,TGO,1982,24.46718978881836,,
REPR.1.G4.M.CP,TGO,1983,24.5577392578125,,
REPR.1.G4.M.CP,TGO,1984,28.02466011047363,,
REPR.1.G4.M.CP,TGO,1985,27.56715965270996,,
REPR.1.G4.M.CP,TGO,1986,28.64418983459473,,
REPR.1.G4.M.CP,TGO,1987,24.46817016601563,,
REPR.1.G4.M.CP,TGO,1988,30.49930000305176,,
REPR.1.G4.M.CP,TGO,1989,28.60391998291016,,
REPR.1.G4.M.CP,TGO,1990,27.74964904785156,,
REPR.1.G4.M.CP,TGO,1991,27.56108093261719,,
REPR.1.G4.M.CP,TGO,1995,20.87414932250977,,
REPR.1.G4.M.CP,TGO,1999,22.00498962402344,,
REPR.1.G4.M.CP,TGO,2000,19.85337066650391,,
REPR.1.G4.M.CP,TGO,2002,19.52420997619629,,
REPR.1.G4.M.CP,TGO,2003,21.10045051574707,,
REPR.1.G4.M.CP,TGO,2004,20.24891090393066,,
REPR.1.G4.M.CP,TGO,2005,22.96213912963867,,
REPR.1.G4.M.CP,TGO,2007,22.55332946777344,,
REPR.1.G4.M.CP,TGO,2009,22.35924911499023,,
REPR.1.G4.M.CP,TGO,2010,20.42688598423655,,
REPR.1.G4.M.CP,TGO,2011,19.51036405826492,,
REPR.1.G4.M.CP,TGO,2012,17.79758821551575,,
REPR.1.G4.M.CP,TGO,2013,13.21653086014736,,
REPR.1.G4.M.CP,TGO,2014,13.41082000732422,,
REPR.1.G4.M.CP,TGO,2016,13.59612493736429,,
REPR.1.G4.M.CP,TGO,2017,12.52635542168675,,
REPR.1.G4.M.CP,TGO,2020,7.493946998520787,,
REPR.1.G4.M.CP,TGO,2021,8.434226343809033,,
REPR.1.G4.M.CP,TGO,2022,10.00405166224775,,
REPR.1.G4.M.CP,TGO,2023,7.23366211413079,,
REPR.1.G5.CP,TGO,1971,31.64587020874023,,
REPR.1.G5.CP,TGO,1978,26.58246040344238,,
REPR.1.G5.CP,TGO,1979,27.96731948852539,,
REPR.1.G5.CP,TGO,1980,33.47518157958984,,UIS_EST
REPR.1.G5.CP,TGO,1981,33.01253128051758,,UIS_EST
REPR.1.G5.CP,TGO,1982,30.17992973327637,,
REPR.1.G5.CP,TGO,1983,27.94206047058105,,
REPR.1.G5.CP,TGO,1984,33.40235900878906,,
REPR.1.G5.CP,TGO,1985,32.40359115600586,,
REPR.1.G5.CP,TGO,1986,37.33401107788086,,
REPR.1.G5.CP,TGO,1987,30.06916046142578,,
REPR.1.G5.CP,TGO,1988,41.27951049804688,,
REPR.1.G5.CP,TGO,1989,37.02639007568359,,
REPR.1.G5.CP,TGO,1990,39.54040145874023,,
REPR.1.G5.CP,TGO,1991,39.62604141235352,,
REPR.1.G5.CP,TGO,1995,28.21311950683594,,
REPR.1.G5.CP,TGO,1999,24.10037040710449,,
REPR.1.G5.CP,TGO,2000,20.78636932373047,,
REPR.1.G5.CP,TGO,2002,21.53298950195313,,
REPR.1.G5.CP,TGO,2003,21.96726036071777,,
REPR.1.G5.CP,TGO,2004,21.90660095214844,,
REPR.1.G5.CP,TGO,2005,24.5296802520752,,
REPR.1.G5.CP,TGO,2007,25.03302001953125,,
REPR.1.G5.CP,TGO,2009,20.71822929382324,,
REPR.1.G5.CP,TGO,2010,21.3363081258807,,
REPR.1.G5.CP,TGO,2011,20.90423728326523,,
REPR.1.G5.CP,TGO,2012,18.54086285513855,,
REPR.1.G5.CP,TGO,2013,14.06683123242215,,
REPR.1.G5.CP,TGO,2014,13.65958976745605,,
REPR.1.G5.CP,TGO,2016,3.592555609969478,,
REPR.1.G5.CP,TGO,2017,3.095389327323826,,
REPR.1.G5.CP,TGO,2018,3.477957179302619,,
REPR.1.G5.CP,TGO,2019,2.620553123586685,,
REPR.1.G5.CP,TGO,2020,1.501224476288182,,
REPR.1.G5.CP,TGO,2021,1.40392608850252,,
REPR.1.G5.CP,TGO,2022,.413587864964929,,
REPR.1.G5.CP,TGO,2023,.3102056459822979,,
REPR.1.G5.F.CP,TGO,1971,32.72628021240234,,
REPR.1.G5.F.CP,TGO,1978,29.57913970947266,,
REPR.1.G5.F.CP,TGO,1979,31.39649963378906,,
REPR.1.G5.F.CP,TGO,1980,37.39942169189453,,UIS_EST
REPR.1.G5.F.CP,TGO,1981,36.15541076660156,,UIS_EST
REPR.1.G5.F.CP,TGO,1982,32.89468002319336,,
REPR.1.G5.F.CP,TGO,1983,29.98627090454102,,
REPR.1.G5.F.CP,TGO,1984,35.45040893554688,,
REPR.1.G5.F.CP,TGO,1985,34.17264175415039,,
REPR.1.G5.F.CP,TGO,1986,40.26266098022461,,
REPR.1.G5.F.CP,TGO,1987,31.52886962890625,,
REPR.1.G5.F.CP,TGO,1988,43.58638000488281,,
REPR.1.G5.F.CP,TGO,1989,39.06465148925781,,
REPR.1.G5.F.CP,TGO,1990,41.00717163085938,,
REPR.1.G5.F.CP,TGO,1991,40.99356079101563,,
REPR.1.G5.F.CP,TGO,1995,29.6264705657959,,
REPR.1.G5.F.CP,TGO,1999,24.83855056762695,,
REPR.1.G5.F.CP,TGO,2000,22.05727005004883,,
REPR.1.G5.F.CP,TGO,2002,22.73727035522461,,
REPR.1.G5.F.CP,TGO,2003,22.69131088256836,,
REPR.1.G5.F.CP,TGO,2004,22.73174095153809,,
REPR.1.G5.F.CP,TGO,2005,25.21633911132813,,
REPR.1.G5.F.CP,TGO,2007,25.80001068115234,,
REPR.1.G5.F.CP,TGO,2009,24.39665031433105,,
REPR.1.G5.F.CP,TGO,2010,22.01463270370704,,
REPR.1.G5.F.CP,TGO,2011,21.92404621104374,,
REPR.1.G5.F.CP,TGO,2012,19.27070144340339,,
REPR.1.G5.F.CP,TGO,2013,14.38541533478242,,
REPR.1.G5.F.CP,TGO,2014,13.88799953460693,,
REPR.1.G5.F.CP,TGO,2016,3.703969841470637,,
REPR.1.G5.F.CP,TGO,2017,3.102201187659062,,
REPR.1.G5.F.CP,TGO,2018,3.402123718333377,,
REPR.1.G5.F.CP,TGO,2019,2.641027201363111,,
REPR.1.G5.F.CP,TGO,2020,1.541029488627742,,
REPR.1.G5.F.CP,TGO,2021,1.397656673477046,,
REPR.1.G5.F.CP,TGO,2022,.4035416716120303,,
REPR.1.G5.F.CP,TGO,2023,.3100335937183794,,
REPR.1.G5.M.CP,TGO,1971,31.20532035827637,,
REPR.1.G5.M.CP,TGO,1978,25.09906005859375,,
REPR.1.G5.M.CP,TGO,1979,26.19676971435547,,
REPR.1.G5.M.CP,TGO,1980,31.35819053649902,,UIS_EST
REPR.1.G5.M.CP,TGO,1981,31.25046920776367,,UIS_EST
REPR.1.G5.M.CP,TGO,1982,28.63747024536133,,
REPR.1.G5.M.CP,TGO,1983,26.7669792175293,,
REPR.1.G5.M.CP,TGO,1984,32.24309921264648,,
REPR.1.G5.M.CP,TGO,1985,31.44095993041992,,
REPR.1.G5.M.CP,TGO,1986,35.75434875488281,,
REPR.1.G5.M.CP,TGO,1987,29.27150917053223,,
REPR.1.G5.M.CP,TGO,1988,40.02346038818359,,
REPR.1.G5.M.CP,TGO,1989,35.91017150878906,,
REPR.1.G5.M.CP,TGO,1990,38.73303985595703,,
REPR.1.G5.M.CP,TGO,1991,38.88470077514648,,
REPR.1.G5.M.CP,TGO,1995,27.43158912658691,,
REPR.1.G5.M.CP,TGO,1999,23.63389015197754,,
REPR.1.G5.M.CP,TGO,2000,19.92823028564453,,
REPR.1.G5.M.CP,TGO,2002,20.61770057678223,,
REPR.1.G5.M.CP,TGO,2003,21.4073600769043,,
REPR.1.G5.M.CP,TGO,2004,21.26168060302734,,
REPR.1.G5.M.CP,TGO,2005,23.98431015014648,,
REPR.1.G5.M.CP,TGO,2007,24.41583061218262,,
REPR.1.G5.M.CP,TGO,2009,18.29674911499023,,
REPR.1.G5.M.CP,TGO,2010,20.7662967725205,,
REPR.1.G5.M.CP,TGO,2011,20.03324489339258,,
REPR.1.G5.M.CP,TGO,2012,17.89672582463911,,
REPR.1.G5.M.CP,TGO,2013,13.7788906009245,,
REPR.1.G5.M.CP,TGO,2014,13.44608974456787,,
REPR.1.G5.M.CP,TGO,2016,3.48764826256889,,
REPR.1.G5.M.CP,TGO,2017,3.088917733492827,,
REPR.1.G5.M.CP,TGO,2018,3.5507403635878,,
REPR.1.G5.M.CP,TGO,2019,2.600819459223944,,
REPR.1.G5.M.CP,TGO,2020,1.462871809867277,,
REPR.1.G5.M.CP,TGO,2021,1.409952226746609,,
REPR.1.G5.M.CP,TGO,2022,.4233791672771862,,
REPR.1.G5.M.CP,TGO,2023,.310373077892614,,
REPR.1.G6.CP,TGO,1971,48.44094085693359,,
REPR.1.G6.CP,TGO,1978,38.27616119384766,,
REPR.1.G6.CP,TGO,1979,38.34621810913086,,
REPR.1.G6.CP,TGO,1980,53.18209838867188,,
REPR.1.G6.CP,TGO,1981,42.2429313659668,,UIS_EST
REPR.1.G6.CP,TGO,1982,40.97848129272461,,
REPR.1.G6.CP,TGO,1983,37.00864028930664,,
REPR.1.G6.CP,TGO,1984,43.31563186645508,,
REPR.1.G6.CP,TGO,1985,35.92900085449219,,
REPR.1.G6.CP,TGO,1986,48.17356872558594,,
REPR.1.G6.CP,TGO,1987,17.78170967102051,,
REPR.1.G6.CP,TGO,1988,56.32905960083008,,
REPR.1.G6.CP,TGO,1989,22.87434005737305,,
REPR.1.G6.CP,TGO,1990,52.95561981201172,,
REPR.1.G6.CP,TGO,1991,42.21498870849609,,
REPR.1.G6.CP,TGO,1995,25.44724082946777,,
REPR.1.G6.CP,TGO,1999,14.65046977996826,,
REPR.1.G6.CP,TGO,2000,19.66646003723145,,
REPR.1.G6.CP,TGO,2002,18.99972915649414,,
REPR.1.G6.CP,TGO,2003,18.42104911804199,,
REPR.1.G6.CP,TGO,2004,16.55537033081055,,
REPR.1.G6.CP,TGO,2005,21.22046089172363,,
REPR.1.G6.CP,TGO,2007,20.16921043395996,,
REPR.1.G6.CP,TGO,2009,16.68071937561035,,
REPR.1.G6.CP,TGO,2010,13.93639796037523,,
REPR.1.G6.CP,TGO,2011,14.97715580272918,,
REPR.1.G6.CP,TGO,2012,12.23281148394946,,
REPR.1.G6.CP,TGO,2013,12.95830839816477,,
REPR.1.G6.CP,TGO,2014,11.49551963806152,,
REPR.1.G6.CP,TGO,2016,14.56667239598828,,
REPR.1.G6.CP,TGO,2017,14.13321047136842,,
REPR.1.G6.CP,TGO,2018,14.98977415276781,,
REPR.1.G6.CP,TGO,2019,14.81499400085149,,
REPR.1.G6.CP,TGO,2020,8.740778380006024,,
REPR.1.G6.CP,TGO,2021,8.861995205076303,,
REPR.1.G6.CP,TGO,2022,4.60107547925928,,
REPR.1.G6.CP,TGO,2023,1.241246258529135,,
REPR.1.G6.F.CP,TGO,1971,44.8237190246582,,
REPR.1.G6.F.CP,TGO,1978,42.87876129150391,,
REPR.1.G6.F.CP,TGO,1979,41.71820068359375,,
REPR.1.G6.F.CP,TGO,1980,55.97491073608398,,
REPR.1.G6.F.CP,TGO,1981,44.54515075683594,,UIS_EST
REPR.1.G6.F.CP,TGO,1982,43.31219863891602,,
REPR.1.G6.F.CP,TGO,1983,37.50616073608398,,
REPR.1.G6.F.CP,TGO,1984,42.5606689453125,,
REPR.1.G6.F.CP,TGO,1985,35.96981048583984,,
REPR.1.G6.F.CP,TGO,1986,47.50931167602539,,
REPR.1.G6.F.CP,TGO,1987,18.24785041809082,,
REPR.1.G6.F.CP,TGO,1988,56.9334716796875,,
REPR.1.G6.F.CP,TGO,1989,22.79368019104004,,
REPR.1.G6.F.CP,TGO,1990,54.2736701965332,,
REPR.1.G6.F.CP,TGO,1991,42.10290908813477,,
REPR.1.G6.F.CP,TGO,1995,26.97430992126465,,
REPR.1.G6.F.CP,TGO,1999,15.2764196395874,,
REPR.1.G6.F.CP,TGO,2000,21.06822967529297,,
REPR.1.G6.F.CP,TGO,2002,21.00702095031738,,
REPR.1.G6.F.CP,TGO,2003,19.5202808380127,,
REPR.1.G6.F.CP,TGO,2004,17.7056999206543,,
REPR.1.G6.F.CP,TGO,2005,22.14472007751465,,
REPR.1.G6.F.CP,TGO,2007,20.75576972961426,,
REPR.1.G6.F.CP,TGO,2009,16.8474292755127,,
REPR.1.G6.F.CP,TGO,2010,15.25131228877544,,
REPR.1.G6.F.CP,TGO,2011,16.30177413266532,,
REPR.1.G6.F.CP,TGO,2012,12.94042480248087,,
REPR.1.G6.F.CP,TGO,2013,13.7220447284345,,
REPR.1.G6.F.CP,TGO,2014,12.3559103012085,,
REPR.1.G6.F.CP,TGO,2016,15.12712466589317,,
REPR.1.G6.F.CP,TGO,2017,14.76711235690683,,
REPR.1.G6.F.CP,TGO,2018,15.38415118629749,,
REPR.1.G6.F.CP,TGO,2019,15.39599047240969,,
REPR.1.G6.F.CP,TGO,2020,9.080086787888098,,
REPR.1.G6.F.CP,TGO,2021,9.603194163750185,,
REPR.1.G6.F.CP,TGO,2022,4.740636338529812,,
REPR.1.G6.F.CP,TGO,2023,1.262510065569999,,
REPR.1.G6.M.CP,TGO,1971,49.61899948120117,,
REPR.1.G6.M.CP,TGO,1978,36.28886032104492,,
REPR.1.G6.M.CP,TGO,1979,36.76739120483398,,
REPR.1.G6.M.CP,TGO,1980,51.83951187133789,,
REPR.1.G6.M.CP,TGO,1981,41.12863922119141,,UIS_EST
REPR.1.G6.M.CP,TGO,1982,39.81750869750977,,
REPR.1.G6.M.CP,TGO,1983,36.757080078125,,
REPR.1.G6.M.CP,TGO,1984,43.68148040771484,,
REPR.1.G6.M.CP,TGO,1985,35.91086959838867,,
REPR.1.G6.M.CP,TGO,1986,48.46797943115234,,
REPR.1.G6.M.CP,TGO,1987,17.5792293548584,,
REPR.1.G6.M.CP,TGO,1988,56.04602813720703,,
REPR.1.G6.M.CP,TGO,1989,22.91138076782227,,
REPR.1.G6.M.CP,TGO,1990,52.34677124023438,,
REPR.1.G6.M.CP,TGO,1991,42.26829147338867,,
REPR.1.G6.M.CP,TGO,1995,24.6973991394043,,
REPR.1.G6.M.CP,TGO,1999,14.30105018615723,,
REPR.1.G6.M.CP,TGO,2000,18.83983039855957,,
REPR.1.G6.M.CP,TGO,2002,17.6444206237793,,
REPR.1.G6.M.CP,TGO,2003,17.64166069030762,,
REPR.1.G6.M.CP,TGO,2004,15.72231960296631,,
REPR.1.G6.M.CP,TGO,2005,20.54331016540527,,
REPR.1.G6.M.CP,TGO,2007,19.74006080627441,,
REPR.1.G6.M.CP,TGO,2009,16.5556697845459,,
REPR.1.G6.M.CP,TGO,2010,12.93201697172752,,
REPR.1.G6.M.CP,TGO,2011,13.9296326951519,,
REPR.1.G6.M.CP,TGO,2012,11.65690079395277,,
REPR.1.G6.M.CP,TGO,2013,12.31325892309579,,
REPR.1.G6.M.CP,TGO,2014,10.74744033813477,,
REPR.1.G6.M.CP,TGO,2016,14.04626541135938,,
REPR.1.G6.M.CP,TGO,2017,13.55013550135501,,
REPR.1.G6.M.CP,TGO,2018,14.61790869260095,,
REPR.1.G6.M.CP,TGO,2019,14.26238483612747,,
REPR.1.G6.M.CP,TGO,2020,8.414681404661291,,
REPR.1.G6.M.CP,TGO,2021,8.162847790507364,,
REPR.1.G6.M.CP,TGO,2022,4.467357087458369,,
REPR.1.G6.M.CP,TGO,2023,1.220547753464284,,
REPR.1.M.CP,TGO,1971,35.26750946044922,,
REPR.1.M.CP,TGO,1975,30.56024932861328,,
REPR.1.M.CP,TGO,1977,28.51918029785156,,
REPR.1.M.CP,TGO,1978,31.07390975952148,,
REPR.1.M.CP,TGO,1979,31.55998992919922,,
REPR.1.M.CP,TGO,1980,35.98305130004883,,
REPR.1.M.CP,TGO,1981,35.24758911132813,,
REPR.1.M.CP,TGO,1982,33.47272872924805,,
REPR.1.M.CP,TGO,1983,32.74979019165039,,
REPR.1.M.CP,TGO,1984,35.61798858642578,,
REPR.1.M.CP,TGO,1985,34.93563079833984,,
REPR.1.M.CP,TGO,1986,37.56660079956055,,
REPR.1.M.CP,TGO,1987,30.99377059936523,,
REPR.1.M.CP,TGO,1988,39.20206069946289,,
REPR.1.M.CP,TGO,1989,34.25112152099609,,
REPR.1.M.CP,TGO,1990,37.96599960327148,,
REPR.1.M.CP,TGO,1991,36.61428070068359,,
REPR.1.M.CP,TGO,1994,37.24671936035156,,
REPR.1.M.CP,TGO,1995,25.36455917358398,,
REPR.1.M.CP,TGO,1999,25.39834976196289,,
REPR.1.M.CP,TGO,2000,24.37660980224609,,
REPR.1.M.CP,TGO,2001,22.42472076416016,,
REPR.1.M.CP,TGO,2002,22.98888969421387,,
REPR.1.M.CP,TGO,2003,23.68874931335449,,
REPR.1.M.CP,TGO,2004,22.77733993530273,,
REPR.1.M.CP,TGO,2005,24.88994026184082,,
REPR.1.M.CP,TGO,2006,22.75024032592773,,
REPR.1.M.CP,TGO,2007,23.27956008911133,,
REPR.1.M.CP,TGO,2009,22.54229927062988,,
REPR.1.M.CP,TGO,2010,21.49974160206718,,
REPR.1.M.CP,TGO,2011,20.84566521741045,,
REPR.1.M.CP,TGO,2012,18.4487032290845,,
REPR.1.M.CP,TGO,2013,11.23311654117341,,
REPR.1.M.CP,TGO,2014,9.333820343017578,,
REPR.1.M.CP,TGO,2015,7.929064356892355,,
REPR.1.M.CP,TGO,2016,7.662166642379143,,
REPR.1.M.CP,TGO,2017,7.762588023779047,,
REPR.1.M.CP,TGO,2018,8.033752563001453,,
REPR.1.M.CP,TGO,2019,7.055078820160338,,
REPR.1.M.CP,TGO,2020,4.183085127489824,,
REPR.1.M.CP,TGO,2021,4.436627340621279,,
REPR.1.M.CP,TGO,2022,3.99282584011336,,
REPR.1.M.CP,TGO,2023,2.455313760711446,,
REPR.2.CP,TGO,1999,21.01656913757324,,
REPR.2.CP,TGO,2000,19.79783058166504,,
REPR.2.CP,TGO,2001,20.20525932312012,,
REPR.2.CP,TGO,2002,23.92917060852051,,
REPR.2.CP,TGO,2003,22.6867504119873,,
REPR.2.CP,TGO,2004,19.8453197479248,,
REPR.2.CP,TGO,2005,24.57829093933105,,
REPR.2.CP,TGO,2006,21.5398006439209,,
REPR.2.CP,TGO,2007,27.56819915771484,,
REPR.2.CP,TGO,2008,26.85120010375977,,
REPR.2.CP,TGO,2010,27.1465619137788,,
REPR.2.CP,TGO,2011,22.63639068603516,,
REPR.2.CP,TGO,2013,22.54992029636839,,
REPR.2.CP,TGO,2014,21.47481527926333,,
REPR.2.CP,TGO,2015,21.36574218994553,,
REPR.2.CP,TGO,2016,22.30351628754264,,
REPR.2.CP,TGO,2017,20.86132504150229,,
REPR.2.CP,TGO,2018,22.02521684764252,,
REPR.2.CP,TGO,2019,20.53574346791715,,
REPR.2.CP,TGO,2020,13.49022872608592,,
REPR.2.CP,TGO,2021,15.50971622833014,,
REPR.2.CP,TGO,2022,10.81173680604019,,
REPR.2.CP,TGO,2023,8.744574902783199,,
REPR.2.F.CP,TGO,1999,22.78994941711426,,
REPR.2.F.CP,TGO,2000,20.879150390625,,
REPR.2.F.CP,TGO,2001,21.49253082275391,,
REPR.2.F.CP,TGO,2002,25.03108024597168,,
REPR.2.F.CP,TGO,2003,23.52876091003418,,
REPR.2.F.CP,TGO,2004,20.38772964477539,,
REPR.2.F.CP,TGO,2005,25.48852920532227,,
REPR.2.F.CP,TGO,2006,21.79213905334473,,
REPR.2.F.CP,TGO,2007,28.43153953552246,,
REPR.2.F.CP,TGO,2008,27.79105949401855,,
REPR.2.F.CP,TGO,2010,28.04497910365051,,
REPR.2.F.CP,TGO,2011,23.52304077148438,,
REPR.2.F.CP,TGO,2013,23.05317157375216,,
REPR.2.F.CP,TGO,2014,21.7480277596536,,
REPR.2.F.CP,TGO,2015,21.86100251657935,,
REPR.2.F.CP,TGO,2016,23.27141995272429,,
REPR.2.F.CP,TGO,2017,20.99727568180965,,
REPR.2.F.CP,TGO,2018,21.98714375654141,,
REPR.2.F.CP,TGO,2019,20.6977218017311,,
REPR.2.F.CP,TGO,2020,13.83597692862293,,
REPR.2.F.CP,TGO,2021,15.54091854291354,,
REPR.2.F.CP,TGO,2022,10.68253234440849,,
REPR.2.F.CP,TGO,2023,8.610817593448687,,
REPR.2.G1.CP,TGO,1971,15.90445041656494,,
REPR.2.G1.CP,TGO,1972,16.62092971801758,,
REPR.2.G1.CP,TGO,1973,17.19986915588379,,
REPR.2.G1.CP,TGO,1974,16.70759010314941,,
REPR.2.G1.CP,TGO,1975,18.45859909057617,,
REPR.2.G1.CP,TGO,1976,15.20919990539551,,
REPR.2.G1.CP,TGO,1977,23.01258087158203,,
REPR.2.G1.CP,TGO,1978,21.92929077148438,,
REPR.2.G1.CP,TGO,1979,23.48492050170898,,
REPR.2.G1.CP,TGO,1980,27.73834037780762,,
REPR.2.G1.CP,TGO,1981,21.68231010437012,,
REPR.2.G1.CP,TGO,1982,24.94149971008301,,
REPR.2.G1.CP,TGO,1983,22.0031795501709,,
REPR.2.G1.CP,TGO,1984,23.3914909362793,,
REPR.2.G1.CP,TGO,1985,24.64818000793457,,
REPR.2.G1.CP,TGO,1986,28.74712944030762,,
REPR.2.G1.CP,TGO,1987,22.25564956665039,,
REPR.2.G1.CP,TGO,1988,33.33510971069336,,
REPR.2.G1.CP,TGO,1989,16.85444068908691,,
REPR.2.G1.CP,TGO,1990,30.07085037231445,,
REPR.2.G1.CP,TGO,1991,20.11269950866699,,
REPR.2.G1.CP,TGO,1994,23.29454040527344,,
REPR.2.G1.CP,TGO,1995,20.07678031921387,,
REPR.2.G1.CP,TGO,1999,18.39259910583496,,
REPR.2.G1.CP,TGO,2000,19.11606979370117,,
REPR.2.G1.CP,TGO,2001,20.53137969970703,,
REPR.2.G1.CP,TGO,2002,23.27343940734863,,
REPR.2.G1.CP,TGO,2003,21.65788078308105,,
REPR.2.G1.CP,TGO,2004,21.35890960693359,,
REPR.2.G1.CP,TGO,2005,22.55846977233887,,
REPR.2.G1.CP,TGO,2006,21.74583053588867,,
REPR.2.G1.CP,TGO,2007,23.87577056884766,,
REPR.2.G1.CP,TGO,2008,24.52935981750488,,
REPR.2.G1.CP,TGO,2010,25.27651150542126,,
REPR.2.G1.CP,TGO,2011,22.10401916503906,,
REPR.2.G1.CP,TGO,2013,20.72763431555616,,
REPR.2.G1.CP,TGO,2014,17.7906307724919,,
REPR.2.G1.CP,TGO,2015,19.01243804357991,,
REPR.2.G1.CP,TGO,2016,19.79302359241569,,
REPR.2.G1.CP,TGO,2017,19.81664605302493,,
REPR.2.G1.CP,TGO,2018,19.35271178035255,,
REPR.2.G1.CP,TGO,2019,18.19930239042238,,
REPR.2.G1.CP,TGO,2020,11.26355988487934,,
REPR.2.G1.CP,TGO,2021,14.81221754714041,,
REPR.2.G1.CP,TGO,2022,13.3466222251269,,
REPR.2.G1.CP,TGO,2023,9.866454629061925,,
REPR.2.G1.F.CP,TGO,1973,22.66156005859375,,
REPR.2.G1.F.CP,TGO,1974,21.74216079711914,,
REPR.2.G1.F.CP,TGO,1975,23.69438934326172,,
REPR.2.G1.F.CP,TGO,1976,21.35687065124512,,
REPR.2.G1.F.CP,TGO,1977,27.57632064819336,,
REPR.2.G1.F.CP,TGO,1978,25.10733032226563,,
REPR.2.G1.F.CP,TGO,1979,26.39065933227539,,
REPR.2.G1.F.CP,TGO,1980,32.15605926513672,,
REPR.2.G1.F.CP,TGO,1981,24.28392028808594,,
REPR.2.G1.F.CP,TGO,1982,28.27548980712891,,
REPR.2.G1.F.CP,TGO,1983,24.16921997070313,,
REPR.2.G1.F.CP,TGO,1984,24.93037986755371,,
REPR.2.G1.F.CP,TGO,1985,25.79734039306641,,
REPR.2.G1.F.CP,TGO,1986,30.92797088623047,,
REPR.2.G1.F.CP,TGO,1987,23.28828048706055,,
REPR.2.G1.F.CP,TGO,1988,36.27323150634766,,
REPR.2.G1.F.CP,TGO,1989,16.94144058227539,,
REPR.2.G1.F.CP,TGO,1990,32.35771942138672,,
REPR.2.G1.F.CP,TGO,1991,20.88141059875488,,
REPR.2.G1.F.CP,TGO,1994,25.79038047790527,,
REPR.2.G1.F.CP,TGO,1995,21.2709903717041,,
REPR.2.G1.F.CP,TGO,1999,19.71940040588379,,
REPR.2.G1.F.CP,TGO,2000,19.32616996765137,,
REPR.2.G1.F.CP,TGO,2001,20.93993949890137,,
REPR.2.G1.F.CP,TGO,2002,23.29803085327148,,
REPR.2.G1.F.CP,TGO,2003,21.38599967956543,,
REPR.2.G1.F.CP,TGO,2004,21.05698013305664,,
REPR.2.G1.F.CP,TGO,2005,22.55574035644531,,
REPR.2.G1.F.CP,TGO,2006,21.66897964477539,,
REPR.2.G1.F.CP,TGO,2007,24.04471969604492,,
REPR.2.G1.F.CP,TGO,2008,24.49917984008789,,
REPR.2.G1.F.CP,TGO,2010,25.33573681838666,,
REPR.2.G1.F.CP,TGO,2011,22.06422996520996,,
REPR.2.G1.F.CP,TGO,2013,20.25123849964614,,
REPR.2.G1.F.CP,TGO,2014,17.55497901830022,,
REPR.2.G1.F.CP,TGO,2015,18.84465990183975,,
REPR.2.G1.F.CP,TGO,2016,19.86360383778495,,
REPR.2.G1.F.CP,TGO,2017,19.98311286236983,,
REPR.2.G1.F.CP,TGO,2018,18.68660360085444,,
REPR.2.G1.F.CP,TGO,2019,17.57025539651743,,
REPR.2.G1.F.CP,TGO,2020,10.83788167600014,,
REPR.2.G1.F.CP,TGO,2021,13.91199700892649,,
REPR.2.G1.F.CP,TGO,2022,12.71315504072732,,
REPR.2.G1.F.CP,TGO,2023,9.283229228285826,,
REPR.2.G1.M.CP,TGO,1973,15.25909996032715,,
REPR.2.G1.M.CP,TGO,1974,14.83545017242432,,
REPR.2.G1.M.CP,TGO,1975,16.67217063903809,,
REPR.2.G1.M.CP,TGO,1976,12.98521995544434,,
REPR.2.G1.M.CP,TGO,1977,21.38512992858887,,
REPR.2.G1.M.CP,TGO,1978,20.82044982910156,,
REPR.2.G1.M.CP,TGO,1979,22.35807991027832,,
REPR.2.G1.M.CP,TGO,1980,25.97125053405762,,
REPR.2.G1.M.CP,TGO,1981,20.58893966674805,,
REPR.2.G1.M.CP,TGO,1982,23.48624992370605,,
REPR.2.G1.M.CP,TGO,1983,21.08085060119629,,
REPR.2.G1.M.CP,TGO,1984,22.7454891204834,,
REPR.2.G1.M.CP,TGO,1985,24.20218086242676,,
REPR.2.G1.M.CP,TGO,1986,27.90885925292969,,
REPR.2.G1.M.CP,TGO,1987,21.85137939453125,,
REPR.2.G1.M.CP,TGO,1988,32.1539306640625,,
REPR.2.G1.M.CP,TGO,1989,16.81920051574707,,
REPR.2.G1.M.CP,TGO,1990,29.07756996154785,,
REPR.2.G1.M.CP,TGO,1991,19.78322982788086,,
REPR.2.G1.M.CP,TGO,1994,22.22904014587402,,
REPR.2.G1.M.CP,TGO,1995,19.58073043823242,,
REPR.2.G1.M.CP,TGO,1999,17.75443077087402,,
REPR.2.G1.M.CP,TGO,2000,19.00542068481445,,
REPR.2.G1.M.CP,TGO,2001,20.31097984313965,,
REPR.2.G1.M.CP,TGO,2002,23.25918006896973,,
REPR.2.G1.M.CP,TGO,2003,21.81851959228516,,
REPR.2.G1.M.CP,TGO,2004,21.54870986938477,,
REPR.2.G1.M.CP,TGO,2005,22.56023979187012,,
REPR.2.G1.M.CP,TGO,2006,21.79611968994141,,
REPR.2.G1.M.CP,TGO,2007,23.76679992675781,,
REPR.2.G1.M.CP,TGO,2008,24.54886054992676,,
REPR.2.G1.M.CP,TGO,2010,25.23653068053908,,
REPR.2.G1.M.CP,TGO,2011,22.13150024414063,,
REPR.2.G1.M.CP,TGO,2013,21.08558666347611,,
REPR.2.G1.M.CP,TGO,2014,17.97189965309867,,
REPR.2.G1.M.CP,TGO,2015,19.14625360230547,,
REPR.2.G1.M.CP,TGO,2016,19.73515642772476,,
REPR.2.G1.M.CP,TGO,2017,19.67587333528069,,
REPR.2.G1.M.CP,TGO,2018,19.9239973618919,,
REPR.2.G1.M.CP,TGO,2019,18.74893381098601,,
REPR.2.G1.M.CP,TGO,2020,11.63723666295977,,
REPR.2.G1.M.CP,TGO,2021,15.63111130005952,,
REPR.2.G1.M.CP,TGO,2022,13.91301656729043,,
REPR.2.G1.M.CP,TGO,2023,10.39998532500527,,
REPR.2.G2.CP,TGO,1971,15.09605026245117,,
REPR.2.G2.CP,TGO,1972,14.32452011108398,,
REPR.2.G2.CP,TGO,1973,17.01379013061523,,
REPR.2.G2.CP,TGO,1974,17.28087997436523,,
REPR.2.G2.CP,TGO,1975,15.56214046478271,,
REPR.2.G2.CP,TGO,1976,12.91571044921875,,
REPR.2.G2.CP,TGO,1977,19.76177978515625,,
REPR.2.G2.CP,TGO,1978,18.62779998779297,,
REPR.2.G2.CP,TGO,1979,22.88511085510254,,
REPR.2.G2.CP,TGO,1980,26.4156494140625,,
REPR.2.G2.CP,TGO,1981,23.23744010925293,,
REPR.2.G2.CP,TGO,1982,23.10969924926758,,
REPR.2.G2.CP,TGO,1983,21.52572059631348,,
REPR.2.G2.CP,TGO,1984,21.63772010803223,,
REPR.2.G2.CP,TGO,1985,21.82467079162598,,
REPR.2.G2.CP,TGO,1986,20.96002006530762,,
REPR.2.G2.CP,TGO,1987,21.51936912536621,,
REPR.2.G2.CP,TGO,1988,22.86574935913086,,
REPR.2.G2.CP,TGO,1989,21.10013008117676,,
REPR.2.G2.CP,TGO,1990,29.06426048278809,,
REPR.2.G2.CP,TGO,1991,20.92094039916992,,
REPR.2.G2.CP,TGO,1994,22.01259994506836,,
REPR.2.G2.CP,TGO,1995,21.1626091003418,,
REPR.2.G2.CP,TGO,1999,16.72831916809082,,
REPR.2.G2.CP,TGO,2000,16.02210998535156,,
REPR.2.G2.CP,TGO,2001,16.67638969421387,,
REPR.2.G2.CP,TGO,2002,18.37527084350586,,
REPR.2.G2.CP,TGO,2003,17.57905006408691,,
REPR.2.G2.CP,TGO,2004,16.58234024047852,,
REPR.2.G2.CP,TGO,2005,18.58062934875488,,
REPR.2.G2.CP,TGO,2006,21.7681999206543,,
REPR.2.G2.CP,TGO,2007,22.22429084777832,,
REPR.2.G2.CP,TGO,2008,22.27166938781738,,
REPR.2.G2.CP,TGO,2010,21.00322239940943,,
REPR.2.G2.CP,TGO,2011,18.53790092468262,,
REPR.2.G2.CP,TGO,2013,18.21757424233185,,
REPR.2.G2.CP,TGO,2014,17.27293300404396,,
REPR.2.G2.CP,TGO,2015,15.68206130805267,,
REPR.2.G2.CP,TGO,2016,15.51062878370941,,
REPR.2.G2.CP,TGO,2017,15.9622434454844,,
REPR.2.G2.CP,TGO,2018,15.55979698954583,,
REPR.2.G2.CP,TGO,2019,15.71674940477437,,
REPR.2.G2.CP,TGO,2020,5.821260254843777,,
REPR.2.G2.CP,TGO,2021,10.06584350682796,,
REPR.2.G2.CP,TGO,2022,7.252218081071275,,
REPR.2.G2.CP,TGO,2023,5.234923540454415,,
REPR.2.G2.F.CP,TGO,1973,22.62274932861328,,
REPR.2.G2.F.CP,TGO,1974,20.22763061523438,,
REPR.2.G2.F.CP,TGO,1975,21.41385078430176,,
REPR.2.G2.F.CP,TGO,1976,17.70512008666992,,
REPR.2.G2.F.CP,TGO,1977,24.0984001159668,,
REPR.2.G2.F.CP,TGO,1978,21.39360046386719,,
REPR.2.G2.F.CP,TGO,1979,29.01786041259766,,
REPR.2.G2.F.CP,TGO,1980,28.93026924133301,,
REPR.2.G2.F.CP,TGO,1981,27.31707000732422,,
REPR.2.G2.F.CP,TGO,1982,25.66333961486816,,
REPR.2.G2.F.CP,TGO,1983,25.37151908874512,,
REPR.2.G2.F.CP,TGO,1984,22.81940078735352,,
REPR.2.G2.F.CP,TGO,1985,24.55089950561523,,
REPR.2.G2.F.CP,TGO,1986,24.12148094177246,,
REPR.2.G2.F.CP,TGO,1987,24.3702392578125,,
REPR.2.G2.F.CP,TGO,1988,26.45622062683105,,
REPR.2.G2.F.CP,TGO,1989,22.63534927368164,,
REPR.2.G2.F.CP,TGO,1990,29.39291954040527,,
REPR.2.G2.F.CP,TGO,1991,23.06757926940918,,
REPR.2.G2.F.CP,TGO,1994,25.98707008361816,,
REPR.2.G2.F.CP,TGO,1995,23.04153060913086,,
REPR.2.G2.F.CP,TGO,1999,17.83856964111328,,
REPR.2.G2.F.CP,TGO,2000,17.04256057739258,,
REPR.2.G2.F.CP,TGO,2001,17.1219596862793,,
REPR.2.G2.F.CP,TGO,2002,19.03388023376465,,
REPR.2.G2.F.CP,TGO,2003,18.39953994750977,,
REPR.2.G2.F.CP,TGO,2004,16.71047973632813,,
REPR.2.G2.F.CP,TGO,2005,18.89714050292969,,
REPR.2.G2.F.CP,TGO,2006,19.29159927368164,,
REPR.2.G2.F.CP,TGO,2007,22.37447929382324,,
REPR.2.G2.F.CP,TGO,2008,22.45442962646484,,
REPR.2.G2.F.CP,TGO,2010,21.11456243911718,,
REPR.2.G2.F.CP,TGO,2011,19.14175987243652,,
REPR.2.G2.F.CP,TGO,2013,18.47223267836081,,
REPR.2.G2.F.CP,TGO,2014,17.08313651393481,,
REPR.2.G2.F.CP,TGO,2015,15.42785216693071,,
REPR.2.G2.F.CP,TGO,2016,15.64437488713658,,
REPR.2.G2.F.CP,TGO,2017,15.38544863693808,,
REPR.2.G2.F.CP,TGO,2018,14.6918287562141,,
REPR.2.G2.F.CP,TGO,2019,14.96976580005525,,
REPR.2.G2.F.CP,TGO,2020,5.586002754901673,,
REPR.2.G2.F.CP,TGO,2021,9.378723660990362,,
REPR.2.G2.F.CP,TGO,2022,6.726513744816899,,
REPR.2.G2.F.CP,TGO,2023,4.851058993991221,,
REPR.2.G2.M.CP,TGO,1973,15.28124046325684,,
REPR.2.G2.M.CP,TGO,1974,16.34693908691406,,
REPR.2.G2.M.CP,TGO,1975,13.78160953521729,,
REPR.2.G2.M.CP,TGO,1976,11.46592044830322,,
REPR.2.G2.M.CP,TGO,1977,18.4360408782959,,
REPR.2.G2.M.CP,TGO,1978,17.76855087280273,,
REPR.2.G2.M.CP,TGO,1979,21.08595085144043,,
REPR.2.G2.M.CP,TGO,1980,25.55850982666016,,
REPR.2.G2.M.CP,TGO,1981,21.83511924743652,,
REPR.2.G2.M.CP,TGO,1982,22.12409019470215,,
REPR.2.G2.M.CP,TGO,1983,20.08249092102051,,
REPR.2.G2.M.CP,TGO,1984,21.19119071960449,,
REPR.2.G2.M.CP,TGO,1985,20.8167896270752,,
REPR.2.G2.M.CP,TGO,1986,19.81451034545898,,
REPR.2.G2.M.CP,TGO,1987,20.52106094360352,,
REPR.2.G2.M.CP,TGO,1988,21.58596038818359,,
REPR.2.G2.M.CP,TGO,1989,20.5569896697998,,
REPR.2.G2.M.CP,TGO,1990,28.93866920471191,,
REPR.2.G2.M.CP,TGO,1991,20.08889007568359,,
REPR.2.G2.M.CP,TGO,1994,20.52286911010742,,
REPR.2.G2.M.CP,TGO,1995,20.40999984741211,,
REPR.2.G2.M.CP,TGO,1999,16.22262001037598,,
REPR.2.G2.M.CP,TGO,2000,15.53627967834473,,
REPR.2.G2.M.CP,TGO,2001,16.45182037353516,,
REPR.2.G2.M.CP,TGO,2002,18.04532051086426,,
REPR.2.G2.M.CP,TGO,2003,17.14068984985352,,
REPR.2.G2.M.CP,TGO,2004,16.51115989685059,,
REPR.2.G2.M.CP,TGO,2005,18.39851951599121,,
REPR.2.G2.M.CP,TGO,2006,23.26997947692871,,
REPR.2.G2.M.CP,TGO,2007,22.13538932800293,,
REPR.2.G2.M.CP,TGO,2008,22.16311073303223,,
REPR.2.G2.M.CP,TGO,2010,20.93352994555354,,
REPR.2.G2.M.CP,TGO,2011,18.15654945373535,,
REPR.2.G2.M.CP,TGO,2013,18.04423947390896,,
REPR.2.G2.M.CP,TGO,2014,17.40846305634729,,
REPR.2.G2.M.CP,TGO,2015,15.86991035489199,,
REPR.2.G2.M.CP,TGO,2016,15.41031467742178,,
REPR.2.G2.M.CP,TGO,2017,16.41629833861547,,
REPR.2.G2.M.CP,TGO,2018,16.2681687477843,,
REPR.2.G2.M.CP,TGO,2019,16.34022929609941,,
REPR.2.G2.M.CP,TGO,2020,6.020170482703935,,
REPR.2.G2.M.CP,TGO,2021,10.6546042003231,,
REPR.2.G2.M.CP,TGO,2022,7.723089235694277,,
REPR.2.G2.M.CP,TGO,2023,5.575734644974146,,
REPR.2.G3.CP,TGO,1971,11.3459997177124,,
REPR.2.G3.CP,TGO,1972,14.79067039489746,,
REPR.2.G3.CP,TGO,1973,18.89316940307617,,
REPR.2.G3.CP,TGO,1974,20.38606071472168,,
REPR.2.G3.CP,TGO,1975,20.15545082092285,,
REPR.2.G3.CP,TGO,1976,15.7362003326416,,
REPR.2.G3.CP,TGO,1977,22.61271095275879,,
REPR.2.G3.CP,TGO,1978,22.87940979003906,,
REPR.2.G3.CP,TGO,1979,28.39323997497559,,
REPR.2.G3.CP,TGO,1980,30.59437942504883,,
REPR.2.G3.CP,TGO,1981,30.9422607421875,,
REPR.2.G3.CP,TGO,1982,32.67097854614258,,
REPR.2.G3.CP,TGO,1983,29.22064018249512,,
REPR.2.G3.CP,TGO,1984,31.96146011352539,,
REPR.2.G3.CP,TGO,1985,35.33462142944336,,
REPR.2.G3.CP,TGO,1986,36.54737091064453,,
REPR.2.G3.CP,TGO,1987,39.07973098754883,,
REPR.2.G3.CP,TGO,1988,38.93775939941406,,
REPR.2.G3.CP,TGO,1989,33.69900894165039,,
REPR.2.G3.CP,TGO,1990,42.56010818481445,,
REPR.2.G3.CP,TGO,1991,35.34006881713867,,
REPR.2.G3.CP,TGO,1994,32.93981170654297,,
REPR.2.G3.CP,TGO,1995,31.77540016174316,,
REPR.2.G3.CP,TGO,1999,25.55566024780273,,
REPR.2.G3.CP,TGO,2000,23.04441070556641,,
REPR.2.G3.CP,TGO,2001,21.97443008422852,,
REPR.2.G3.CP,TGO,2002,24.50672912597656,,
REPR.2.G3.CP,TGO,2003,24.38783073425293,,
REPR.2.G3.CP,TGO,2004,22.19688987731934,,
REPR.2.G3.CP,TGO,2005,25.74184989929199,,
REPR.2.G3.CP,TGO,2006,20.87501907348633,,
REPR.2.G3.CP,TGO,2007,30.2047290802002,,
REPR.2.G3.CP,TGO,2008,29.86492919921875,,
REPR.2.G3.CP,TGO,2010,31.07973806693752,,
REPR.2.G3.CP,TGO,2011,26.1689395904541,,
REPR.2.G3.CP,TGO,2013,26.45920206469227,,
REPR.2.G3.CP,TGO,2014,25.74297146356141,,
REPR.2.G3.CP,TGO,2015,24.63508074293196,,
REPR.2.G3.CP,TGO,2016,25.09138478095486,,
REPR.2.G3.CP,TGO,2017,24.96001451019836,,
REPR.2.G3.CP,TGO,2018,23.86061268976859,,
REPR.2.G3.CP,TGO,2019,23.76046974755462,,
REPR.2.G3.CP,TGO,2020,15.84019950949324,,
REPR.2.G3.CP,TGO,2021,13.89094465295766,,
REPR.2.G3.CP,TGO,2022,10.66218284446566,,
REPR.2.G3.CP,TGO,2023,8.4377923292797,,
REPR.2.G3.F.CP,TGO,1973,21.35367012023926,,
REPR.2.G3.F.CP,TGO,1974,26.22089004516602,,
REPR.2.G3.F.CP,TGO,1975,24.15279960632324,,
REPR.2.G3.F.CP,TGO,1976,19.34235954284668,,
REPR.2.G3.F.CP,TGO,1977,25.86901092529297,,
REPR.2.G3.F.CP,TGO,1978,26.31867980957031,,
REPR.2.G3.F.CP,TGO,1979,31.28503036499023,,
REPR.2.G3.F.CP,TGO,1980,36.31008911132813,,
REPR.2.G3.F.CP,TGO,1981,34.30537033081055,,
REPR.2.G3.F.CP,TGO,1982,33.49868011474609,,
REPR.2.G3.F.CP,TGO,1983,32.41437911987305,,
REPR.2.G3.F.CP,TGO,1984,33.58055114746094,,
REPR.2.G3.F.CP,TGO,1985,35.14165878295898,,
REPR.2.G3.F.CP,TGO,1986,38.51631164550781,,
REPR.2.G3.F.CP,TGO,1987,40.33113098144531,,
REPR.2.G3.F.CP,TGO,1988,40.01617813110352,,
REPR.2.G3.F.CP,TGO,1989,35.5526008605957,,
REPR.2.G3.F.CP,TGO,1990,40.07825088500977,,
REPR.2.G3.F.CP,TGO,1991,38.48088836669922,,
REPR.2.G3.F.CP,TGO,1994,35.15710067749023,,
REPR.2.G3.F.CP,TGO,1995,33.87480163574219,,
REPR.2.G3.F.CP,TGO,1999,26.72190093994141,,
REPR.2.G3.F.CP,TGO,2000,23.35252952575684,,
REPR.2.G3.F.CP,TGO,2001,22.95410919189453,,
REPR.2.G3.F.CP,TGO,2002,25.01639938354492,,
REPR.2.G3.F.CP,TGO,2003,25.00616073608398,,
REPR.2.G3.F.CP,TGO,2004,22.29792022705078,,
REPR.2.G3.F.CP,TGO,2005,26.30297088623047,,
REPR.2.G3.F.CP,TGO,2006,23.14176940917969,,
REPR.2.G3.F.CP,TGO,2007,30.18264007568359,,
REPR.2.G3.F.CP,TGO,2008,30.05559921264648,,
REPR.2.G3.F.CP,TGO,2010,31.55538711788837,,
REPR.2.G3.F.CP,TGO,2011,26.51325988769531,,
REPR.2.G3.F.CP,TGO,2013,26.75032122255939,,
REPR.2.G3.F.CP,TGO,2014,25.5762340232098,,
REPR.2.G3.F.CP,TGO,2015,24.57693680828276,,
REPR.2.G3.F.CP,TGO,2016,25.89653079119545,,
REPR.2.G3.F.CP,TGO,2017,24.21187576481557,,
REPR.2.G3.F.CP,TGO,2018,23.35667333523864,,
REPR.2.G3.F.CP,TGO,2019,23.45877753502965,,
REPR.2.G3.F.CP,TGO,2020,15.97295358456584,,
REPR.2.G3.F.CP,TGO,2021,13.18453416869706,,
REPR.2.G3.F.CP,TGO,2022,10.03159077792291,,
REPR.2.G3.F.CP,TGO,2023,7.939466885861907,,
REPR.2.G3.M.CP,TGO,1973,18.22863006591797,,
REPR.2.G3.M.CP,TGO,1974,18.8454704284668,,
REPR.2.G3.M.CP,TGO,1975,19.04435920715332,,
REPR.2.G3.M.CP,TGO,1976,14.71714019775391,,
REPR.2.G3.M.CP,TGO,1977,21.7265796661377,,
REPR.2.G3.M.CP,TGO,1978,21.90984916687012,,
REPR.2.G3.M.CP,TGO,1979,27.53273963928223,,
REPR.2.G3.M.CP,TGO,1980,28.89504051208496,,
REPR.2.G3.M.CP,TGO,1981,29.86515998840332,,
REPR.2.G3.M.CP,TGO,1982,32.40361022949219,,
REPR.2.G3.M.CP,TGO,1983,28.14852905273438,,
REPR.2.G3.M.CP,TGO,1984,31.42526054382324,,
REPR.2.G3.M.CP,TGO,1985,35.39921188354492,,
REPR.2.G3.M.CP,TGO,1986,35.93516159057617,,
REPR.2.G3.M.CP,TGO,1987,38.68664169311523,,
REPR.2.G3.M.CP,TGO,1988,38.60168838500977,,
REPR.2.G3.M.CP,TGO,1989,33.12836837768555,,
REPR.2.G3.M.CP,TGO,1990,43.37604141235352,,
REPR.2.G3.M.CP,TGO,1991,34.28826904296875,,
REPR.2.G3.M.CP,TGO,1994,32.1528205871582,,
REPR.2.G3.M.CP,TGO,1995,31.00316047668457,,
REPR.2.G3.M.CP,TGO,1999,25.06189918518066,,
REPR.2.G3.M.CP,TGO,2000,22.90299987792969,,
REPR.2.G3.M.CP,TGO,2001,21.52652931213379,,
REPR.2.G3.M.CP,TGO,2002,24.2597599029541,,
REPR.2.G3.M.CP,TGO,2003,24.08441925048828,,
REPR.2.G3.M.CP,TGO,2004,22.1451301574707,,
REPR.2.G3.M.CP,TGO,2005,25.4437198638916,,
REPR.2.G3.M.CP,TGO,2006,19.63056945800781,,
REPR.2.G3.M.CP,TGO,2007,30.21660995483398,,
REPR.2.G3.M.CP,TGO,2008,29.76129913330078,,
REPR.2.G3.M.CP,TGO,2010,30.80792386871237,,
REPR.2.G3.M.CP,TGO,2011,25.96817016601563,,
REPR.2.G3.M.CP,TGO,2013,26.27299433447576,,
REPR.2.G3.M.CP,TGO,2014,25.85175235071437,,
REPR.2.G3.M.CP,TGO,2015,24.67506956948764,,
REPR.2.G3.M.CP,TGO,2016,24.52573883650034,,
REPR.2.G3.M.CP,TGO,2017,25.51173883771898,,
REPR.2.G3.M.CP,TGO,2018,24.24749393195562,,
REPR.2.G3.M.CP,TGO,2019,24.00306444582403,,
REPR.2.G3.M.CP,TGO,2020,15.73098607466191,,
REPR.2.G3.M.CP,TGO,2021,14.48218100602059,,
REPR.2.G3.M.CP,TGO,2022,11.20424043030968,,
REPR.2.G3.M.CP,TGO,2023,8.883405305367058,,
REPR.2.G4.CP,TGO,1971,31.61961936950684,,
REPR.2.G4.CP,TGO,1972,27.16575050354004,,
REPR.2.G4.CP,TGO,1973,30.98212051391602,,
REPR.2.G4.CP,TGO,1974,31.34176063537598,,
REPR.2.G4.CP,TGO,1975,32.28321075439453,,
REPR.2.G4.CP,TGO,1976,26.78619003295898,,
REPR.2.G4.CP,TGO,1977,31.85474967956543,,
REPR.2.G4.CP,TGO,1978,39.84489059448242,,
REPR.2.G4.CP,TGO,1979,47.63425827026367,,
REPR.2.G4.CP,TGO,1980,49.71540832519531,,
REPR.2.G4.CP,TGO,1981,47.44792938232422,,
REPR.2.G4.CP,TGO,1982,49.11420822143555,,
REPR.2.G4.CP,TGO,1983,40.00162887573242,,
REPR.2.G4.CP,TGO,1984,43.56655883789063,,
REPR.2.G4.CP,TGO,1985,48.975341796875,,
REPR.2.G4.CP,TGO,1986,38.64028930664063,,
REPR.2.G4.CP,TGO,1987,43.87464141845703,,
REPR.2.G4.CP,TGO,1988,40.88595962524414,,
REPR.2.G4.CP,TGO,1989,28.25082015991211,,
REPR.2.G4.CP,TGO,1990,42.39123916625977,,
REPR.2.G4.CP,TGO,1991,41.43463134765625,,
REPR.2.G4.CP,TGO,1994,50.25320053100586,,
REPR.2.G4.CP,TGO,1995,39.1030387878418,,
REPR.2.G4.CP,TGO,1999,26.68988037109375,,
REPR.2.G4.CP,TGO,2000,22.46533966064453,,
REPR.2.G4.CP,TGO,2001,22.81941986083984,,
REPR.2.G4.CP,TGO,2002,32.64812088012695,,
REPR.2.G4.CP,TGO,2003,29.63065910339355,,
REPR.2.G4.CP,TGO,2004,18.80435943603516,,
REPR.2.G4.CP,TGO,2005,34.23146057128906,,
REPR.2.G4.CP,TGO,2006,21.68417930603027,,
REPR.2.G4.CP,TGO,2007,36.82778167724609,,
REPR.2.G4.CP,TGO,2008,31.96084022521973,,
REPR.2.G4.CP,TGO,2010,31.7355445854648,,
REPR.2.G4.CP,TGO,2011,24.55182075500488,,
REPR.2.G4.CP,TGO,2013,26.35243978234123,,
REPR.2.G4.CP,TGO,2014,27.98502217280732,,
REPR.2.G4.CP,TGO,2015,28.70896850036628,,
REPR.2.G4.CP,TGO,2016,31.5868566617285,,
REPR.2.G4.CP,TGO,2017,26.58395567333173,,
REPR.2.G4.CP,TGO,2018,32.13714612422837,,
REPR.2.G4.CP,TGO,2019,25.78613851939606,,
REPR.2.G4.CP,TGO,2020,22.87795822218062,,
REPR.2.G4.CP,TGO,2021,23.87634943336504,,
REPR.2.G4.CP,TGO,2022,11.42486497594934,,
REPR.2.G4.CP,TGO,2023,11.22473879189867,,
REPR.2.G4.F.CP,TGO,1973,33.01662826538086,,
REPR.2.G4.F.CP,TGO,1974,35.45893859863281,,
REPR.2.G4.F.CP,TGO,1975,39.64968109130859,,
REPR.2.G4.F.CP,TGO,1976,26.94268035888672,,
REPR.2.G4.F.CP,TGO,1977,34.82479858398438,,
REPR.2.G4.F.CP,TGO,1978,43.22504043579102,,
REPR.2.G4.F.CP,TGO,1979,51.93996047973633,,
REPR.2.G4.F.CP,TGO,1980,53.50207138061523,,
REPR.2.G4.F.CP,TGO,1981,50.929931640625,,
REPR.2.G4.F.CP,TGO,1982,47.45822143554688,,
REPR.2.G4.F.CP,TGO,1983,42.12308883666992,,
REPR.2.G4.F.CP,TGO,1984,42.66633987426758,,
REPR.2.G4.F.CP,TGO,1985,46.00727844238281,,
REPR.2.G4.F.CP,TGO,1986,43.410400390625,,
REPR.2.G4.F.CP,TGO,1987,46.90631103515625,,
REPR.2.G4.F.CP,TGO,1988,43.28401947021484,,
REPR.2.G4.F.CP,TGO,1989,33.86872863769531,,
REPR.2.G4.F.CP,TGO,1990,44.18545150756836,,
REPR.2.G4.F.CP,TGO,1991,45.21038055419922,,
REPR.2.G4.F.CP,TGO,1994,55.24488067626953,,
REPR.2.G4.F.CP,TGO,1995,42.3790283203125,,
REPR.2.G4.F.CP,TGO,1999,32.40465927124023,,
REPR.2.G4.F.CP,TGO,2000,27.1358699798584,,
REPR.2.G4.F.CP,TGO,2001,27.97989082336426,,
REPR.2.G4.F.CP,TGO,2002,38.11481094360352,,
REPR.2.G4.F.CP,TGO,2003,33.35160827636719,,
REPR.2.G4.F.CP,TGO,2004,21.85733985900879,,
REPR.2.G4.F.CP,TGO,2005,38.86511993408203,,
REPR.2.G4.F.CP,TGO,2006,23.61051940917969,,
REPR.2.G4.F.CP,TGO,2007,42.0435905456543,,
REPR.2.G4.F.CP,TGO,2008,36.69977951049805,,
REPR.2.G4.F.CP,TGO,2010,36.36586062064185,,
REPR.2.G4.F.CP,TGO,2011,28.42141914367676,,
REPR.2.G4.F.CP,TGO,2013,29.56675956422599,,
REPR.2.G4.F.CP,TGO,2014,31.14159320199866,,
REPR.2.G4.F.CP,TGO,2015,32.78613640905587,,
REPR.2.G4.F.CP,TGO,2016,35.87064045656309,,
REPR.2.G4.F.CP,TGO,2017,29.41289949199408,,
REPR.2.G4.F.CP,TGO,2018,35.11266148822683,,
REPR.2.G4.F.CP,TGO,2019,28.78628523348759,,
REPR.2.G4.F.CP,TGO,2020,25.26276656865727,,
REPR.2.G4.F.CP,TGO,2021,26.751562204128,,
REPR.2.G4.F.CP,TGO,2022,12.70255368933475,,
REPR.2.G4.F.CP,TGO,2023,12.37921209117938,,
REPR.2.G4.M.CP,TGO,1973,30.45355987548828,,
REPR.2.G4.M.CP,TGO,1974,30.24036979675293,,
REPR.2.G4.M.CP,TGO,1975,30.39575958251953,,
REPR.2.G4.M.CP,TGO,1976,26.74457931518555,,
REPR.2.G4.M.CP,TGO,1977,31.12896919250488,,
REPR.2.G4.M.CP,TGO,1978,38.97909164428711,,
REPR.2.G4.M.CP,TGO,1979,46.47013854980469,,
REPR.2.G4.M.CP,TGO,1980,48.70661926269531,,
REPR.2.G4.M.CP,TGO,1981,46.49744033813477,,
REPR.2.G4.M.CP,TGO,1982,49.58591842651367,,
REPR.2.G4.M.CP,TGO,1983,39.41629028320313,,
REPR.2.G4.M.CP,TGO,1984,43.81718826293945,,
REPR.2.G4.M.CP,TGO,1985,49.77679824829102,,
REPR.2.G4.M.CP,TGO,1986,37.4014892578125,,
REPR.2.G4.M.CP,TGO,1987,43.02074813842773,,
REPR.2.G4.M.CP,TGO,1988,40.20756912231445,,
REPR.2.G4.M.CP,TGO,1989,26.64180946350098,,
REPR.2.G4.M.CP,TGO,1990,41.81967163085938,,
REPR.2.G4.M.CP,TGO,1991,40.22269821166992,,
REPR.2.G4.M.CP,TGO,1994,48.57231140136719,,
REPR.2.G4.M.CP,TGO,1995,37.89813995361328,,
REPR.2.G4.M.CP,TGO,1999,24.3502197265625,,
REPR.2.G4.M.CP,TGO,2000,20.34585952758789,,
REPR.2.G4.M.CP,TGO,2001,20.35441970825195,,
REPR.2.G4.M.CP,TGO,2002,29.98900032043457,,
REPR.2.G4.M.CP,TGO,2003,27.73224067687988,,
REPR.2.G4.M.CP,TGO,2004,17.20359039306641,,
REPR.2.G4.M.CP,TGO,2005,31.75620079040527,,
REPR.2.G4.M.CP,TGO,2006,20.60552024841309,,
REPR.2.G4.M.CP,TGO,2007,34.03755950927734,,
REPR.2.G4.M.CP,TGO,2008,29.32143974304199,,
REPR.2.G4.M.CP,TGO,2010,29.0655568096313,,
REPR.2.G4.M.CP,TGO,2011,22.20972061157227,,
REPR.2.G4.M.CP,TGO,2013,24.20498064024713,,
REPR.2.G4.M.CP,TGO,2014,25.86700264798839,,
REPR.2.G4.M.CP,TGO,2015,25.9073253030957,,
REPR.2.G4.M.CP,TGO,2016,28.48240873497298,,
REPR.2.G4.M.CP,TGO,2017,24.4300099554453,,
REPR.2.G4.M.CP,TGO,2018,29.79467364925278,,
REPR.2.G4.M.CP,TGO,2019,23.29574390687523,,
REPR.2.G4.M.CP,TGO,2020,20.83333333333334,,
REPR.2.G4.M.CP,TGO,2021,21.42636242621452,,
REPR.2.G4.M.CP,TGO,2022,10.25691456668715,,
REPR.2.G4.M.CP,TGO,2023,10.16968341800994,,
REPR.2.M.CP,TGO,1999,20.22171020507813,,
REPR.2.M.CP,TGO,2000,19.27125930786133,,
REPR.2.M.CP,TGO,2001,19.55987930297852,,
REPR.2.M.CP,TGO,2002,23.35276985168457,,
REPR.2.M.CP,TGO,2003,22.2336597442627,,
REPR.2.M.CP,TGO,2004,19.54081916809082,,
REPR.2.M.CP,TGO,2005,24.05187034606934,,
REPR.2.M.CP,TGO,2006,21.38924026489258,,
REPR.2.M.CP,TGO,2007,27.06541061401367,,
REPR.2.M.CP,TGO,2008,26.2977294921875,,
REPR.2.M.CP,TGO,2010,26.59117402164863,,
REPR.2.M.CP,TGO,2011,22.07481002807617,,
REPR.2.M.CP,TGO,2013,22.20235246706798,,
REPR.2.M.CP,TGO,2014,21.28136746393398,,
REPR.2.M.CP,TGO,2015,21.00147069666008,,
REPR.2.M.CP,TGO,2016,21.57231929049876,,
REPR.2.M.CP,TGO,2017,20.75315113148609,,
REPR.2.M.CP,TGO,2018,22.05611917757837,,
REPR.2.M.CP,TGO,2019,20.40001391132793,,
REPR.2.M.CP,TGO,2020,13.19565591292169,,
REPR.2.M.CP,TGO,2021,15.48269747545838,,
REPR.2.M.CP,TGO,2022,10.92691696630153,,
REPR.2.M.CP,TGO,2023,8.865431262624304,,
SAP.0,TGO,1999,453064,,
SAP.0,TGO,2000,461209,,
SAP.0,TGO,2001,469375,,
SAP.0,TGO,2002,479417,,
SAP.0,TGO,2003,491529,,
SAP.0,TGO,2004,505458,,
SAP.0,TGO,2005,520060,,
SAP.0,TGO,2006,534335,,
SAP.0,TGO,2007,548656,,
SAP.0,TGO,2008,561196,,
SAP.0,TGO,2009,576561,,
SAP.0,TGO,2010,594985,,
SAP.0,TGO,2011,618137,,
SAP.0,TGO,2012,640613,,
SAP.0,TGO,2013,662749,,
SAP.0,TGO,2014,682686,,
SAP.0,TGO,2015,698013,,
SAP.0,TGO,2016,706701,,
SAP.0,TGO,2017,711160,,
SAP.0,TGO,2018,717543,,
SAP.0,TGO,2019,727748,,
SAP.0,TGO,2020,741054,,
SAP.0,TGO,2021,753840,,
SAP.0,TGO,2022,765189,,
SAP.0,TGO,2023,774606,,
SAP.0,TGO,2024,783819,,
SAP.0,TGO,2025,792466,,
SAP.0.F,TGO,1999,225758,,
SAP.0.F,TGO,2000,229828,,
SAP.0.F,TGO,2001,233898,,
SAP.0.F,TGO,2002,238894,,
SAP.0.F,TGO,2003,244897,,
SAP.0.F,TGO,2004,251771,,
SAP.0.F,TGO,2005,258951,,
SAP.0.F,TGO,2006,265954,,
SAP.0.F,TGO,2007,272975,,
SAP.0.F,TGO,2008,279125,,
SAP.0.F,TGO,2009,286687,,
SAP.0.F,TGO,2010,295800,,
SAP.0.F,TGO,2011,307269,,
SAP.0.F,TGO,2012,318417,,
SAP.0.F,TGO,2013,329405,,
SAP.0.F,TGO,2014,339293,,
SAP.0.F,TGO,2015,346873,,
SAP.0.F,TGO,2016,351106,,
SAP.0.F,TGO,2017,353229,,
SAP.0.F,TGO,2018,356301,,
SAP.0.F,TGO,2019,361289,,
SAP.0.F,TGO,2020,367818,,
SAP.0.F,TGO,2021,374097,,
SAP.0.F,TGO,2022,379678,,
SAP.0.F,TGO,2023,384290,,
SAP.0.F,TGO,2024,388817,,
SAP.0.F,TGO,2025,393083,,
SAP.0.M,TGO,1999,227306,,
SAP.0.M,TGO,2000,231381,,
SAP.0.M,TGO,2001,235477,,
SAP.0.M,TGO,2002,240523,,
SAP.0.M,TGO,2003,246632,,
SAP.0.M,TGO,2004,253687,,
SAP.0.M,TGO,2005,261109,,
SAP.0.M,TGO,2006,268381,,
SAP.0.M,TGO,2007,275681,,
SAP.0.M,TGO,2008,282071,,
SAP.0.M,TGO,2009,289874,,
SAP.0.M,TGO,2010,299185,,
SAP.0.M,TGO,2011,310868,,
SAP.0.M,TGO,2012,322196,,
SAP.0.M,TGO,2013,333344,,
SAP.0.M,TGO,2014,343393,,
SAP.0.M,TGO,2015,351140,,
SAP.0.M,TGO,2016,355595,,
SAP.0.M,TGO,2017,357931,,
SAP.0.M,TGO,2018,361242,,
SAP.0.M,TGO,2019,366459,,
SAP.0.M,TGO,2020,373236,,
SAP.0.M,TGO,2021,379743,,
SAP.0.M,TGO,2022,385511,,
SAP.0.M,TGO,2023,390316,,
SAP.0.M,TGO,2024,395002,,
SAP.0.M,TGO,2025,399383,,
SAP.02,TGO,1970,216371,,
SAP.02,TGO,1971,224700,,
SAP.02,TGO,1972,232186,,
SAP.02,TGO,1973,239378,,
SAP.02,TGO,1974,246732,,
SAP.02,TGO,1975,254459,,
SAP.02,TGO,1976,261880,,
SAP.02,TGO,1977,269328,,
SAP.02,TGO,1978,276674,,
SAP.02,TGO,1979,284257,,
SAP.02,TGO,1980,292435,,
SAP.02,TGO,1981,301068,,
SAP.02,TGO,1982,310296,,
SAP.02,TGO,1983,319760,,
SAP.02,TGO,1984,329255,,
SAP.02,TGO,1985,338722,,
SAP.02,TGO,1986,347482,,
SAP.02,TGO,1987,356065,,
SAP.02,TGO,1988,364535,,
SAP.02,TGO,1989,372915,,
SAP.02,TGO,1990,381947,,
SAP.02,TGO,1991,391613,,
SAP.02,TGO,1992,401525,,
SAP.02,TGO,1993,410934,,
SAP.02,TGO,1994,392262,,
SAP.02,TGO,1995,409237,,
SAP.02,TGO,1996,423516,,
SAP.02,TGO,1997,435995,,
SAP.02,TGO,1998,444870,,
SAP.02,TGO,1999,453064,,
SAP.02,TGO,2000,461209,,
SAP.02,TGO,2001,469375,,
SAP.02,TGO,2002,479417,,
SAP.02,TGO,2003,491529,,
SAP.02,TGO,2004,505458,,
SAP.02,TGO,2005,520060,,
SAP.02,TGO,2006,534335,,
SAP.02,TGO,2007,548656,,
SAP.02,TGO,2008,561196,,
SAP.02,TGO,2009,576561,,
SAP.02,TGO,2010,594985,,
SAP.02,TGO,2011,618137,,
SAP.02,TGO,2012,640613,,
SAP.02,TGO,2013,662749,,
SAP.02,TGO,2014,682686,,
SAP.02,TGO,2015,698013,,
SAP.02,TGO,2016,706701,,
SAP.02,TGO,2017,711160,,
SAP.02,TGO,2018,717543,,
SAP.02,TGO,2019,727748,,
SAP.02,TGO,2020,741054,,
SAP.02,TGO,2021,753840,,
SAP.02,TGO,2022,765189,,
SAP.02,TGO,2023,774606,,
SAP.02,TGO,2024,783819,,
SAP.02,TGO,2025,792466,,
SAP.02.F,TGO,1970,108611,,
SAP.02.F,TGO,1971,112744,,
SAP.02.F,TGO,1972,116449,,
SAP.02.F,TGO,1973,120008,,
SAP.02.F,TGO,1974,123643,,
SAP.02.F,TGO,1975,127465,,
SAP.02.F,TGO,1976,131127,,
SAP.02.F,TGO,1977,134773,,
SAP.02.F,TGO,1978,138334,,
SAP.02.F,TGO,1979,141993,,
SAP.02.F,TGO,1980,145974,,
SAP.02.F,TGO,1981,150209,,
SAP.02.F,TGO,1982,154787,,
SAP.02.F,TGO,1983,159498,,
SAP.02.F,TGO,1984,164222,,
SAP.02.F,TGO,1985,168901,,
SAP.02.F,TGO,1986,173206,,
SAP.02.F,TGO,1987,177416,,
SAP.02.F,TGO,1988,181573,,
SAP.02.F,TGO,1989,185715,,
SAP.02.F,TGO,1990,190201,,
SAP.02.F,TGO,1991,195021,,
SAP.02.F,TGO,1992,199965,,
SAP.02.F,TGO,1993,204663,,
SAP.02.F,TGO,1994,195404,,
SAP.02.F,TGO,1995,203895,,
SAP.02.F,TGO,1996,211028,,
SAP.02.F,TGO,1997,217247,,
SAP.02.F,TGO,1998,221670,,
SAP.02.F,TGO,1999,225758,,
SAP.02.F,TGO,2000,229828,,
SAP.02.F,TGO,2001,233898,,
SAP.02.F,TGO,2002,238894,,
SAP.02.F,TGO,2003,244897,,
SAP.02.F,TGO,2004,251771,,
SAP.02.F,TGO,2005,258951,,
SAP.02.F,TGO,2006,265954,,
SAP.02.F,TGO,2007,272975,,
SAP.02.F,TGO,2008,279125,,
SAP.02.F,TGO,2009,286687,,
SAP.02.F,TGO,2010,295800,,
SAP.02.F,TGO,2011,307269,,
SAP.02.F,TGO,2012,318417,,
SAP.02.F,TGO,2013,329405,,
SAP.02.F,TGO,2014,339293,,
SAP.02.F,TGO,2015,346873,,
SAP.02.F,TGO,2016,351106,,
SAP.02.F,TGO,2017,353229,,
SAP.02.F,TGO,2018,356301,,
SAP.02.F,TGO,2019,361289,,
SAP.02.F,TGO,2020,367818,,
SAP.02.F,TGO,2021,374097,,
SAP.02.F,TGO,2022,379678,,
SAP.02.F,TGO,2023,384290,,
SAP.02.F,TGO,2024,388817,,
SAP.02.F,TGO,2025,393083,,
SAP.02.M,TGO,1970,107760,,
SAP.02.M,TGO,1971,111956,,
SAP.02.M,TGO,1972,115737,,
SAP.02.M,TGO,1973,119370,,
SAP.02.M,TGO,1974,123089,,
SAP.02.M,TGO,1975,126994,,
SAP.02.M,TGO,1976,130753,,
SAP.02.M,TGO,1977,134555,,
SAP.02.M,TGO,1978,138340,,
SAP.02.M,TGO,1979,142264,,
SAP.02.M,TGO,1980,146461,,
SAP.02.M,TGO,1981,150859,,
SAP.02.M,TGO,1982,155509,,
SAP.02.M,TGO,1983,160262,,
SAP.02.M,TGO,1984,165033,,
SAP.02.M,TGO,1985,169821,,
SAP.02.M,TGO,1986,174276,,
SAP.02.M,TGO,1987,178649,,
SAP.02.M,TGO,1988,182962,,
SAP.02.M,TGO,1989,187200,,
SAP.02.M,TGO,1990,191746,,
SAP.02.M,TGO,1991,196592,,
SAP.02.M,TGO,1992,201560,,
SAP.02.M,TGO,1993,206271,,
SAP.02.M,TGO,1994,196858,,
SAP.02.M,TGO,1995,205342,,
SAP.02.M,TGO,1996,212488,,
SAP.02.M,TGO,1997,218748,,
SAP.02.M,TGO,1998,223200,,
SAP.02.M,TGO,1999,227306,,
SAP.02.M,TGO,2000,231381,,
SAP.02.M,TGO,2001,235477,,
SAP.02.M,TGO,2002,240523,,
SAP.02.M,TGO,2003,246632,,
SAP.02.M,TGO,2004,253687,,
SAP.02.M,TGO,2005,261109,,
SAP.02.M,TGO,2006,268381,,
SAP.02.M,TGO,2007,275681,,
SAP.02.M,TGO,2008,282071,,
SAP.02.M,TGO,2009,289874,,
SAP.02.M,TGO,2010,299185,,
SAP.02.M,TGO,2011,310868,,
SAP.02.M,TGO,2012,322196,,
SAP.02.M,TGO,2013,333344,,
SAP.02.M,TGO,2014,343393,,
SAP.02.M,TGO,2015,351140,,
SAP.02.M,TGO,2016,355595,,
SAP.02.M,TGO,2017,357931,,
SAP.02.M,TGO,2018,361242,,
SAP.02.M,TGO,2019,366459,,
SAP.02.M,TGO,2020,373236,,
SAP.02.M,TGO,2021,379743,,
SAP.02.M,TGO,2022,385511,,
SAP.02.M,TGO,2023,390316,,
SAP.02.M,TGO,2024,395002,,
SAP.02.M,TGO,2025,399383,,
SAP.1,TGO,1970,359670,,
SAP.1,TGO,1971,373620,,
SAP.1,TGO,1972,386593,,
SAP.1,TGO,1973,398934,,
SAP.1,TGO,1974,410990,,
SAP.1,TGO,1975,422833,,
SAP.1,TGO,1976,434857,,
SAP.1,TGO,1977,447106,,
SAP.1,TGO,1978,459939,,
SAP.1,TGO,1979,473321,,
SAP.1,TGO,1980,488434,,
SAP.1,TGO,1981,505686,,
SAP.1,TGO,1982,524614,,
SAP.1,TGO,1983,544939,,
SAP.1,TGO,1984,565122,,
SAP.1,TGO,1985,584963,,
SAP.1,TGO,1986,603392,,
SAP.1,TGO,1987,621064,,
SAP.1,TGO,1988,638762,,
SAP.1,TGO,1989,655842,,
SAP.1,TGO,1990,672701,,
SAP.1,TGO,1991,689297,,
SAP.1,TGO,1992,705671,,
SAP.1,TGO,1993,722558,,
SAP.1,TGO,1994,690726,,
SAP.1,TGO,1995,721796,,
SAP.1,TGO,1996,748037,,
SAP.1,TGO,1997,772202,,
SAP.1,TGO,1998,790282,,
SAP.1,TGO,1999,808159,,
SAP.1,TGO,2000,825674,,
SAP.1,TGO,2001,843048,,
SAP.1,TGO,2002,859809,,
SAP.1,TGO,2003,876109,,
SAP.1,TGO,2004,892565,,
SAP.1,TGO,2005,910416,,
SAP.1,TGO,2006,930284,,
SAP.1,TGO,2007,952679,,
SAP.1,TGO,2008,977303,,
SAP.1,TGO,2009,1004104,,
SAP.1,TGO,2010,1031720,,
SAP.1,TGO,2011,1058608,,
SAP.1,TGO,2012,1087862,,
SAP.1,TGO,2013,1119984,,
SAP.1,TGO,2014,1155486,,
SAP.1,TGO,2015,1192898,,
SAP.1,TGO,2016,1233415,,
SAP.1,TGO,2017,1276481,,
SAP.1,TGO,2018,1314430,,
SAP.1,TGO,2019,1345568,,
SAP.1,TGO,2020,1370407,,
SAP.1,TGO,2021,1392703,,
SAP.1,TGO,2022,1412287,,
SAP.1,TGO,2023,1430752,,
SAP.1,TGO,2024,1450566,,
SAP.1,TGO,2025,1471672,,
SAP.1.AGM1,TGO,1970,68684,,
SAP.1.AGM1,TGO,1971,71410,,
SAP.1.AGM1,TGO,1972,73960,,
SAP.1.AGM1,TGO,1973,76073,,
SAP.1.AGM1,TGO,1974,78237,,
SAP.1.AGM1,TGO,1975,80792,,
SAP.1.AGM1,TGO,1976,83145,,
SAP.1.AGM1,TGO,1977,85730,,
SAP.1.AGM1,TGO,1978,88068,,
SAP.1.AGM1,TGO,1979,90599,,
SAP.1.AGM1,TGO,1980,93362,,
SAP.1.AGM1,TGO,1981,96343,,
SAP.1.AGM1,TGO,1982,99666,,
SAP.1.AGM1,TGO,1983,102785,,
SAP.1.AGM1,TGO,1984,105983,,
SAP.1.AGM1,TGO,1985,109113,,
SAP.1.AGM1,TGO,1986,111922,,
SAP.1.AGM1,TGO,1987,114931,,
SAP.1.AGM1,TGO,1988,117780,,
SAP.1.AGM1,TGO,1989,120524,,
SAP.1.AGM1,TGO,1990,123268,,
SAP.1.AGM1,TGO,1991,126038,,
SAP.1.AGM1,TGO,1992,129414,,
SAP.1.AGM1,TGO,1993,132780,,
SAP.1.AGM1,TGO,1994,126806,,
SAP.1.AGM1,TGO,1995,132227,,
SAP.1.AGM1,TGO,1996,137007,,
SAP.1.AGM1,TGO,1997,141149,,
SAP.1.AGM1,TGO,1998,144217,,
SAP.1.AGM1,TGO,1999,147072,,
SAP.1.AGM1,TGO,2000,150009,,
SAP.1.AGM1,TGO,2001,152380,,
SAP.1.AGM1,TGO,2002,155086,,
SAP.1.AGM1,TGO,2003,158047,,
SAP.1.AGM1,TGO,2004,162377,,
SAP.1.AGM1,TGO,2005,167244,,
SAP.1.AGM1,TGO,2006,171977,,
SAP.1.AGM1,TGO,2007,177104,,
SAP.1.AGM1,TGO,2008,181787,,
SAP.1.AGM1,TGO,2009,186102,,
SAP.1.AGM1,TGO,2010,189696,,
SAP.1.AGM1,TGO,2011,196883,,
SAP.1.AGM1,TGO,2012,204500,,
SAP.1.AGM1,TGO,2013,212829,,
SAP.1.AGM1,TGO,2014,219362,,
SAP.1.AGM1,TGO,2015,226660,,
SAP.1.AGM1,TGO,2016,232810,,
SAP.1.AGM1,TGO,2017,234792,,
SAP.1.AGM1,TGO,2018,235487,,
SAP.1.AGM1,TGO,2019,237402,,
SAP.1.AGM1,TGO,2020,241279,,
SAP.1.AGM1,TGO,2021,245787,,
SAP.1.AGM1,TGO,2022,250808,,
SAP.1.AGM1,TGO,2023,254150,,
SAP.1.AGM1,TGO,2024,257216,,
SAP.1.AGM1,TGO,2025,260101,,
SAP.1.AGM1.F,TGO,1970,34503,,
SAP.1.AGM1.F,TGO,1971,35855,,
SAP.1.AGM1.F,TGO,1972,37119,,
SAP.1.AGM1.F,TGO,1973,38164,,
SAP.1.AGM1.F,TGO,1974,39233,,
SAP.1.AGM1.F,TGO,1975,40502,,
SAP.1.AGM1.F,TGO,1976,41664,,
SAP.1.AGM1.F,TGO,1977,42939,,
SAP.1.AGM1.F,TGO,1978,44086,,
SAP.1.AGM1.F,TGO,1979,45299,,
SAP.1.AGM1.F,TGO,1980,46628,,
SAP.1.AGM1.F,TGO,1981,48081,,
SAP.1.AGM1.F,TGO,1982,49716,,
SAP.1.AGM1.F,TGO,1983,51258,,
SAP.1.AGM1.F,TGO,1984,52867,,
SAP.1.AGM1.F,TGO,1985,54427,,
SAP.1.AGM1.F,TGO,1986,55812,,
SAP.1.AGM1.F,TGO,1987,57294,,
SAP.1.AGM1.F,TGO,1988,58690,,
SAP.1.AGM1.F,TGO,1989,60033,,
SAP.1.AGM1.F,TGO,1990,61379,,
SAP.1.AGM1.F,TGO,1991,62755,,
SAP.1.AGM1.F,TGO,1992,64436,,
SAP.1.AGM1.F,TGO,1993,66101,,
SAP.1.AGM1.F,TGO,1994,63123,,
SAP.1.AGM1.F,TGO,1995,65832,,
SAP.1.AGM1.F,TGO,1996,68232,,
SAP.1.AGM1.F,TGO,1997,70294,,
SAP.1.AGM1.F,TGO,1998,71817,,
SAP.1.AGM1.F,TGO,1999,73243,,
SAP.1.AGM1.F,TGO,2000,74709,,
SAP.1.AGM1.F,TGO,2001,75890,,
SAP.1.AGM1.F,TGO,2002,77240,,
SAP.1.AGM1.F,TGO,2003,78707,,
SAP.1.AGM1.F,TGO,2004,80857,,
SAP.1.AGM1.F,TGO,2005,83263,,
SAP.1.AGM1.F,TGO,2006,85580,,
SAP.1.AGM1.F,TGO,2007,88093,,
SAP.1.AGM1.F,TGO,2008,90385,,
SAP.1.AGM1.F,TGO,2009,92495,,
SAP.1.AGM1.F,TGO,2010,94263,,
SAP.1.AGM1.F,TGO,2011,97810,,
SAP.1.AGM1.F,TGO,2012,101588,,
SAP.1.AGM1.F,TGO,2013,105717,,
SAP.1.AGM1.F,TGO,2014,108958,,
SAP.1.AGM1.F,TGO,2015,112583,,
SAP.1.AGM1.F,TGO,2016,115624,,
SAP.1.AGM1.F,TGO,2017,116590,,
SAP.1.AGM1.F,TGO,2018,116887,,
SAP.1.AGM1.F,TGO,2019,117815,,
SAP.1.AGM1.F,TGO,2020,119709,,
SAP.1.AGM1.F,TGO,2021,121922,,
SAP.1.AGM1.F,TGO,2022,124399,,
SAP.1.AGM1.F,TGO,2023,126033,,
SAP.1.AGM1.F,TGO,2024,127538,,
SAP.1.AGM1.F,TGO,2025,128949,,
SAP.1.AGM1.M,TGO,1970,34181,,
SAP.1.AGM1.M,TGO,1971,35555,,
SAP.1.AGM1.M,TGO,1972,36841,,
SAP.1.AGM1.M,TGO,1973,37909,,
SAP.1.AGM1.M,TGO,1974,39004,,
SAP.1.AGM1.M,TGO,1975,40290,,
SAP.1.AGM1.M,TGO,1976,41481,,
SAP.1.AGM1.M,TGO,1977,42791,,
SAP.1.AGM1.M,TGO,1978,43982,,
SAP.1.AGM1.M,TGO,1979,45300,,
SAP.1.AGM1.M,TGO,1980,46734,,
SAP.1.AGM1.M,TGO,1981,48262,,
SAP.1.AGM1.M,TGO,1982,49950,,
SAP.1.AGM1.M,TGO,1983,51527,,
SAP.1.AGM1.M,TGO,1984,53116,,
SAP.1.AGM1.M,TGO,1985,54686,,
SAP.1.AGM1.M,TGO,1986,56110,,
SAP.1.AGM1.M,TGO,1987,57637,,
SAP.1.AGM1.M,TGO,1988,59090,,
SAP.1.AGM1.M,TGO,1989,60491,,
SAP.1.AGM1.M,TGO,1990,61889,,
SAP.1.AGM1.M,TGO,1991,63283,,
SAP.1.AGM1.M,TGO,1992,64978,,
SAP.1.AGM1.M,TGO,1993,66679,,
SAP.1.AGM1.M,TGO,1994,63683,,
SAP.1.AGM1.M,TGO,1995,66395,,
SAP.1.AGM1.M,TGO,1996,68775,,
SAP.1.AGM1.M,TGO,1997,70855,,
SAP.1.AGM1.M,TGO,1998,72400,,
SAP.1.AGM1.M,TGO,1999,73829,,
SAP.1.AGM1.M,TGO,2000,75300,,
SAP.1.AGM1.M,TGO,2001,76490,,
SAP.1.AGM1.M,TGO,2002,77846,,
SAP.1.AGM1.M,TGO,2003,79340,,
SAP.1.AGM1.M,TGO,2004,81520,,
SAP.1.AGM1.M,TGO,2005,83981,,
SAP.1.AGM1.M,TGO,2006,86397,,
SAP.1.AGM1.M,TGO,2007,89011,,
SAP.1.AGM1.M,TGO,2008,91402,,
SAP.1.AGM1.M,TGO,2009,93607,,
SAP.1.AGM1.M,TGO,2010,95433,,
SAP.1.AGM1.M,TGO,2011,99073,,
SAP.1.AGM1.M,TGO,2012,102912,,
SAP.1.AGM1.M,TGO,2013,107112,,
SAP.1.AGM1.M,TGO,2014,110404,,
SAP.1.AGM1.M,TGO,2015,114077,,
SAP.1.AGM1.M,TGO,2016,117186,,
SAP.1.AGM1.M,TGO,2017,118202,,
SAP.1.AGM1.M,TGO,2018,118600,,
SAP.1.AGM1.M,TGO,2019,119587,,
SAP.1.AGM1.M,TGO,2020,121570,,
SAP.1.AGM1.M,TGO,2021,123865,,
SAP.1.AGM1.M,TGO,2022,126409,,
SAP.1.AGM1.M,TGO,2023,128117,,
SAP.1.AGM1.M,TGO,2024,129678,,
SAP.1.AGM1.M,TGO,2025,131152,,
SAP.1.F,TGO,1970,180829,,
SAP.1.F,TGO,1971,187805,,
SAP.1.F,TGO,1972,194271,,
SAP.1.F,TGO,1973,200407,,
SAP.1.F,TGO,1974,206392,,
SAP.1.F,TGO,1975,212271,,
SAP.1.F,TGO,1976,218237,,
SAP.1.F,TGO,1977,224305,,
SAP.1.F,TGO,1978,230642,,
SAP.1.F,TGO,1979,237225,,
SAP.1.F,TGO,1980,244623,,
SAP.1.F,TGO,1981,253042,,
SAP.1.F,TGO,1982,262277,,
SAP.1.F,TGO,1983,272207,,
SAP.1.F,TGO,1984,282084,,
SAP.1.F,TGO,1985,291838,,
SAP.1.F,TGO,1986,300943,,
SAP.1.F,TGO,1987,309708,,
SAP.1.F,TGO,1988,318497,,
SAP.1.F,TGO,1989,326969,,
SAP.1.F,TGO,1990,335291,,
SAP.1.F,TGO,1991,343428,,
SAP.1.F,TGO,1992,351429,,
SAP.1.F,TGO,1993,359669,,
SAP.1.F,TGO,1994,343646,,
SAP.1.F,TGO,1995,358950,,
SAP.1.F,TGO,1996,371883,,
SAP.1.F,TGO,1997,383829,,
SAP.1.F,TGO,1998,392764,,
SAP.1.F,TGO,1999,401609,,
SAP.1.F,TGO,2000,410314,,
SAP.1.F,TGO,2001,418960,,
SAP.1.F,TGO,2002,427285,,
SAP.1.F,TGO,2003,435363,,
SAP.1.F,TGO,2004,443511,,
SAP.1.F,TGO,2005,452364,,
SAP.1.F,TGO,2006,462201,,
SAP.1.F,TGO,2007,473234,,
SAP.1.F,TGO,2008,485328,,
SAP.1.F,TGO,2009,498456,,
SAP.1.F,TGO,2010,511960,,
SAP.1.F,TGO,2011,525093,,
SAP.1.F,TGO,2012,539394,,
SAP.1.F,TGO,2013,555168,,
SAP.1.F,TGO,2014,572648,,
SAP.1.F,TGO,2015,591106,,
SAP.1.F,TGO,2016,611140,,
SAP.1.F,TGO,2017,632432,,
SAP.1.F,TGO,2018,651198,,
SAP.1.F,TGO,2019,666534,,
SAP.1.F,TGO,2020,678733,,
SAP.1.F,TGO,2021,689660,,
SAP.1.F,TGO,2022,699235,,
SAP.1.F,TGO,2023,708245,,
SAP.1.F,TGO,2024,717913,,
SAP.1.F,TGO,2025,728253,,
SAP.1.G1,TGO,1970,65874,,
SAP.1.G1,TGO,1971,68461,,
SAP.1.G1,TGO,1972,70870,,
SAP.1.G1,TGO,1973,73168,,
SAP.1.G1,TGO,1974,75159,,
SAP.1.G1,TGO,1975,77233,,
SAP.1.G1,TGO,1976,79707,,
SAP.1.G1,TGO,1977,81997,,
SAP.1.G1,TGO,1978,84557,,
SAP.1.G1,TGO,1979,86930,,
SAP.1.G1,TGO,1980,89644,,
SAP.1.G1,TGO,1981,92681,,
SAP.1.G1,TGO,1982,95938,,
SAP.1.G1,TGO,1983,99438,,
SAP.1.G1,TGO,1984,102579,,
SAP.1.G1,TGO,1985,105713,,
SAP.1.G1,TGO,1986,108625,,
SAP.1.G1,TGO,1987,111376,,
SAP.1.G1,TGO,1988,114413,,
SAP.1.G1,TGO,1989,117216,,
SAP.1.G1,TGO,1990,119924,,
SAP.1.G1,TGO,1991,122630,,
SAP.1.G1,TGO,1992,125355,,
SAP.1.G1,TGO,1993,128686,,
SAP.1.G1,TGO,1994,123278,,
SAP.1.G1,TGO,1995,128700,,
SAP.1.G1,TGO,1996,133120,,
SAP.1.G1,TGO,1997,137373,,
SAP.1.G1,TGO,1998,140339,,
SAP.1.G1,TGO,1999,143388,,
SAP.1.G1,TGO,2000,146234,,
SAP.1.G1,TGO,2001,149125,,
SAP.1.G1,TGO,2002,151445,,
SAP.1.G1,TGO,2003,154120,,
SAP.1.G1,TGO,2004,157094,,
SAP.1.G1,TGO,2005,161425,,
SAP.1.G1,TGO,2006,166263,,
SAP.1.G1,TGO,2007,171134,,
SAP.1.G1,TGO,2008,176141,,
SAP.1.G1,TGO,2009,180870,,
SAP.1.G1,TGO,2010,185080,,
SAP.1.G1,TGO,2011,188675,,
SAP.1.G1,TGO,2012,195853,,
SAP.1.G1,TGO,2013,203456,,
SAP.1.G1,TGO,2014,211778,,
SAP.1.G1,TGO,2015,218315,,
SAP.1.G1,TGO,2016,225620,,
SAP.1.G1,TGO,2017,231783,,
SAP.1.G1,TGO,2018,233799,,
SAP.1.G1,TGO,2019,234532,,
SAP.1.G1,TGO,2020,236478,,
SAP.1.G1,TGO,2021,240388,,
SAP.1.G1,TGO,2022,244921,,
SAP.1.G1,TGO,2023,249953,,
SAP.1.G1,TGO,2024,253326,,
SAP.1.G1,TGO,2025,256207,,
SAP.1.G1.F,TGO,1970,33103,,
SAP.1.G1.F,TGO,1971,34393,,
SAP.1.G1.F,TGO,1972,35585,,
SAP.1.G1.F,TGO,1973,36724,,
SAP.1.G1.F,TGO,1974,37709,,
SAP.1.G1.F,TGO,1975,38735,,
SAP.1.G1.F,TGO,1976,39964,,
SAP.1.G1.F,TGO,1977,41095,,
SAP.1.G1.F,TGO,1978,42353,,
SAP.1.G1.F,TGO,1979,43513,,
SAP.1.G1.F,TGO,1980,44815,,
SAP.1.G1.F,TGO,1981,46278,,
SAP.1.G1.F,TGO,1982,47869,,
SAP.1.G1.F,TGO,1983,49593,,
SAP.1.G1.F,TGO,1984,51148,,
SAP.1.G1.F,TGO,1985,52727,,
SAP.1.G1.F,TGO,1986,54180,,
SAP.1.G1.F,TGO,1987,55538,,
SAP.1.G1.F,TGO,1988,57034,,
SAP.1.G1.F,TGO,1989,58407,,
SAP.1.G1.F,TGO,1990,59726,,
SAP.1.G1.F,TGO,1991,61049,,
SAP.1.G1.F,TGO,1992,62396,,
SAP.1.G1.F,TGO,1993,64046,,
SAP.1.G1.F,TGO,1994,61337,,
SAP.1.G1.F,TGO,1995,64025,,
SAP.1.G1.F,TGO,1996,66231,,
SAP.1.G1.F,TGO,1997,68365,,
SAP.1.G1.F,TGO,1998,69838,,
SAP.1.G1.F,TGO,1999,71349,,
SAP.1.G1.F,TGO,2000,72771,,
SAP.1.G1.F,TGO,2001,74212,,
SAP.1.G1.F,TGO,2002,75363,,
SAP.1.G1.F,TGO,2003,76695,,
SAP.1.G1.F,TGO,2004,78166,,
SAP.1.G1.F,TGO,2005,80316,,
SAP.1.G1.F,TGO,2006,82706,,
SAP.1.G1.F,TGO,2007,85084,,
SAP.1.G1.F,TGO,2008,87533,,
SAP.1.G1.F,TGO,2009,89844,,
SAP.1.G1.F,TGO,2010,91900,,
SAP.1.G1.F,TGO,2011,93667,,
SAP.1.G1.F,TGO,2012,97206,,
SAP.1.G1.F,TGO,2013,100977,,
SAP.1.G1.F,TGO,2014,105099,,
SAP.1.G1.F,TGO,2015,108340,,
SAP.1.G1.F,TGO,2016,111967,,
SAP.1.G1.F,TGO,2017,115012,,
SAP.1.G1.F,TGO,2018,115996,,
SAP.1.G1.F,TGO,2019,116311,,
SAP.1.G1.F,TGO,2020,117254,,
SAP.1.G1.F,TGO,2021,119166,,
SAP.1.G1.F,TGO,2022,121394,,
SAP.1.G1.F,TGO,2023,123873,,
SAP.1.G1.F,TGO,2024,125522,,
SAP.1.G1.F,TGO,2025,126936,,
SAP.1.G1.M,TGO,1970,32771,,
SAP.1.G1.M,TGO,1971,34068,,
SAP.1.G1.M,TGO,1972,35285,,
SAP.1.G1.M,TGO,1973,36444,,
SAP.1.G1.M,TGO,1974,37450,,
SAP.1.G1.M,TGO,1975,38498,,
SAP.1.G1.M,TGO,1976,39743,,
SAP.1.G1.M,TGO,1977,40902,,
SAP.1.G1.M,TGO,1978,42204,,
SAP.1.G1.M,TGO,1979,43417,,
SAP.1.G1.M,TGO,1980,44829,,
SAP.1.G1.M,TGO,1981,46403,,
SAP.1.G1.M,TGO,1982,48069,,
SAP.1.G1.M,TGO,1983,49845,,
SAP.1.G1.M,TGO,1984,51431,,
SAP.1.G1.M,TGO,1985,52986,,
SAP.1.G1.M,TGO,1986,54445,,
SAP.1.G1.M,TGO,1987,55838,,
SAP.1.G1.M,TGO,1988,57379,,
SAP.1.G1.M,TGO,1989,58809,,
SAP.1.G1.M,TGO,1990,60198,,
SAP.1.G1.M,TGO,1991,61581,,
SAP.1.G1.M,TGO,1992,62959,,
SAP.1.G1.M,TGO,1993,64640,,
SAP.1.G1.M,TGO,1994,61941,,
SAP.1.G1.M,TGO,1995,64675,,
SAP.1.G1.M,TGO,1996,66889,,
SAP.1.G1.M,TGO,1997,69008,,
SAP.1.G1.M,TGO,1998,70501,,
SAP.1.G1.M,TGO,1999,72039,,
SAP.1.G1.M,TGO,2000,73463,,
SAP.1.G1.M,TGO,2001,74913,,
SAP.1.G1.M,TGO,2002,76082,,
SAP.1.G1.M,TGO,2003,77425,,
SAP.1.G1.M,TGO,2004,78928,,
SAP.1.G1.M,TGO,2005,81109,,
SAP.1.G1.M,TGO,2006,83557,,
SAP.1.G1.M,TGO,2007,86050,,
SAP.1.G1.M,TGO,2008,88608,,
SAP.1.G1.M,TGO,2009,91026,,
SAP.1.G1.M,TGO,2010,93180,,
SAP.1.G1.M,TGO,2011,95008,,
SAP.1.G1.M,TGO,2012,98647,,
SAP.1.G1.M,TGO,2013,102479,,
SAP.1.G1.M,TGO,2014,106679,,
SAP.1.G1.M,TGO,2015,109975,,
SAP.1.G1.M,TGO,2016,113653,,
SAP.1.G1.M,TGO,2017,116771,,
SAP.1.G1.M,TGO,2018,117803,,
SAP.1.G1.M,TGO,2019,118221,,
SAP.1.G1.M,TGO,2020,119224,,
SAP.1.G1.M,TGO,2021,121222,,
SAP.1.G1.M,TGO,2022,123527,,
SAP.1.G1.M,TGO,2023,126080,,
SAP.1.G1.M,TGO,2024,127804,,
SAP.1.G1.M,TGO,2025,129271,,
SAP.1.GLAST,TGO,1970,54714,,
SAP.1.GLAST,TGO,1971,56694,,
SAP.1.GLAST,TGO,1972,58512,,
SAP.1.GLAST,TGO,1973,60244,,
SAP.1.GLAST,TGO,1974,62117,,
SAP.1.GLAST,TGO,1975,64053,,
SAP.1.GLAST,TGO,1976,65851,,
SAP.1.GLAST,TGO,1977,67706,,
SAP.1.GLAST,TGO,1978,69651,,
SAP.1.GLAST,TGO,1979,71422,,
SAP.1.GLAST,TGO,1980,73513,,
SAP.1.GLAST,TGO,1981,76297,,
SAP.1.GLAST,TGO,1982,79189,,
SAP.1.GLAST,TGO,1983,82554,,
SAP.1.GLAST,TGO,1984,85755,,
SAP.1.GLAST,TGO,1985,89103,,
SAP.1.GLAST,TGO,1986,92350,,
SAP.1.GLAST,TGO,1987,95504,,
SAP.1.GLAST,TGO,1988,98747,,
SAP.1.GLAST,TGO,1989,101572,,
SAP.1.GLAST,TGO,1990,104423,,
SAP.1.GLAST,TGO,1991,107240,,
SAP.1.GLAST,TGO,1992,109928,,
SAP.1.GLAST,TGO,1993,112836,,
SAP.1.GLAST,TGO,1994,107869,,
SAP.1.GLAST,TGO,1995,112598,,
SAP.1.GLAST,TGO,1996,116547,,
SAP.1.GLAST,TGO,1997,120122,,
SAP.1.GLAST,TGO,1998,123300,,
SAP.1.GLAST,TGO,1999,126463,,
SAP.1.GLAST,TGO,2000,129322,,
SAP.1.GLAST,TGO,2001,132057,,
SAP.1.GLAST,TGO,2002,135067,,
SAP.1.GLAST,TGO,2003,137917,,
SAP.1.GLAST,TGO,2004,140862,,
SAP.1.GLAST,TGO,2005,143602,,
SAP.1.GLAST,TGO,2006,146407,,
SAP.1.GLAST,TGO,2007,148780,,
SAP.1.GLAST,TGO,2008,151469,,
SAP.1.GLAST,TGO,2009,154478,,
SAP.1.GLAST,TGO,2010,158765,,
SAP.1.GLAST,TGO,2011,163574,,
SAP.1.GLAST,TGO,2012,168281,,
SAP.1.GLAST,TGO,2013,173219,,
SAP.1.GLAST,TGO,2014,177836,,
SAP.1.GLAST,TGO,2015,182041,,
SAP.1.GLAST,TGO,2016,185656,,
SAP.1.GLAST,TGO,2017,192806,,
SAP.1.GLAST,TGO,2018,200392,,
SAP.1.GLAST,TGO,2019,208700,,
SAP.1.GLAST,TGO,2020,215257,,
SAP.1.GLAST,TGO,2021,222582,,
SAP.1.GLAST,TGO,2022,228785,,
SAP.1.GLAST,TGO,2023,230894,,
SAP.1.GLAST,TGO,2024,231736,,
SAP.1.GLAST,TGO,2025,233640,,
SAP.1.GLAST.F,TGO,1970,27514,,
SAP.1.GLAST.F,TGO,1971,28509,,
SAP.1.GLAST.F,TGO,1972,29423,,
SAP.1.GLAST.F,TGO,1973,30287,,
SAP.1.GLAST.F,TGO,1974,31220,,
SAP.1.GLAST.F,TGO,1975,32186,,
SAP.1.GLAST.F,TGO,1976,33082,,
SAP.1.GLAST.F,TGO,1977,34000,,
SAP.1.GLAST.F,TGO,1978,34964,,
SAP.1.GLAST.F,TGO,1979,35839,,
SAP.1.GLAST.F,TGO,1980,36870,,
SAP.1.GLAST.F,TGO,1981,38249,,
SAP.1.GLAST.F,TGO,1982,39673,,
SAP.1.GLAST.F,TGO,1983,41328,,
SAP.1.GLAST.F,TGO,1984,42900,,
SAP.1.GLAST.F,TGO,1985,44519,,
SAP.1.GLAST.F,TGO,1986,46091,,
SAP.1.GLAST.F,TGO,1987,47634,,
SAP.1.GLAST.F,TGO,1988,49235,,
SAP.1.GLAST.F,TGO,1989,50636,,
SAP.1.GLAST.F,TGO,1990,52074,,
SAP.1.GLAST.F,TGO,1991,53477,,
SAP.1.GLAST.F,TGO,1992,54797,,
SAP.1.GLAST.F,TGO,1993,56217,,
SAP.1.GLAST.F,TGO,1994,53702,,
SAP.1.GLAST.F,TGO,1995,56013,,
SAP.1.GLAST.F,TGO,1996,57937,,
SAP.1.GLAST.F,TGO,1997,59688,,
SAP.1.GLAST.F,TGO,1998,61246,,
SAP.1.GLAST.F,TGO,1999,62789,,
SAP.1.GLAST.F,TGO,2000,64193,,
SAP.1.GLAST.F,TGO,2001,65552,,
SAP.1.GLAST.F,TGO,2002,67060,,
SAP.1.GLAST.F,TGO,2003,68469,,
SAP.1.GLAST.F,TGO,2004,69922,,
SAP.1.GLAST.F,TGO,2005,71283,,
SAP.1.GLAST.F,TGO,2006,72673,,
SAP.1.GLAST.F,TGO,2007,73845,,
SAP.1.GLAST.F,TGO,2008,75176,,
SAP.1.GLAST.F,TGO,2009,76657,,
SAP.1.GLAST.F,TGO,2010,78772,,
SAP.1.GLAST.F,TGO,2011,81133,,
SAP.1.GLAST.F,TGO,2012,83418,,
SAP.1.GLAST.F,TGO,2013,85824,,
SAP.1.GLAST.F,TGO,2014,88074,,
SAP.1.GLAST.F,TGO,2015,90123,,
SAP.1.GLAST.F,TGO,2016,91897,,
SAP.1.GLAST.F,TGO,2017,95414,,
SAP.1.GLAST.F,TGO,2018,99168,,
SAP.1.GLAST.F,TGO,2019,103273,,
SAP.1.GLAST.F,TGO,2020,106516,,
SAP.1.GLAST.F,TGO,2021,110145,,
SAP.1.GLAST.F,TGO,2022,113205,,
SAP.1.GLAST.F,TGO,2023,114234,,
SAP.1.GLAST.F,TGO,2024,114606,,
SAP.1.GLAST.F,TGO,2025,115532,,
SAP.1.GLAST.M,TGO,1970,27200,,
SAP.1.GLAST.M,TGO,1971,28185,,
SAP.1.GLAST.M,TGO,1972,29089,,
SAP.1.GLAST.M,TGO,1973,29957,,
SAP.1.GLAST.M,TGO,1974,30897,,
SAP.1.GLAST.M,TGO,1975,31867,,
SAP.1.GLAST.M,TGO,1976,32769,,
SAP.1.GLAST.M,TGO,1977,33706,,
SAP.1.GLAST.M,TGO,1978,34687,,
SAP.1.GLAST.M,TGO,1979,35583,,
SAP.1.GLAST.M,TGO,1980,36643,,
SAP.1.GLAST.M,TGO,1981,38048,,
SAP.1.GLAST.M,TGO,1982,39516,,
SAP.1.GLAST.M,TGO,1983,41226,,
SAP.1.GLAST.M,TGO,1984,42855,,
SAP.1.GLAST.M,TGO,1985,44584,,
SAP.1.GLAST.M,TGO,1986,46259,,
SAP.1.GLAST.M,TGO,1987,47870,,
SAP.1.GLAST.M,TGO,1988,49512,,
SAP.1.GLAST.M,TGO,1989,50936,,
SAP.1.GLAST.M,TGO,1990,52349,,
SAP.1.GLAST.M,TGO,1991,53763,,
SAP.1.GLAST.M,TGO,1992,55131,,
SAP.1.GLAST.M,TGO,1993,56619,,
SAP.1.GLAST.M,TGO,1994,54167,,
SAP.1.GLAST.M,TGO,1995,56585,,
SAP.1.GLAST.M,TGO,1996,58610,,
SAP.1.GLAST.M,TGO,1997,60434,,
SAP.1.GLAST.M,TGO,1998,62054,,
SAP.1.GLAST.M,TGO,1999,63674,,
SAP.1.GLAST.M,TGO,2000,65129,,
SAP.1.GLAST.M,TGO,2001,66505,,
SAP.1.GLAST.M,TGO,2002,68007,,
SAP.1.GLAST.M,TGO,2003,69448,,
SAP.1.GLAST.M,TGO,2004,70940,,
SAP.1.GLAST.M,TGO,2005,72319,,
SAP.1.GLAST.M,TGO,2006,73734,,
SAP.1.GLAST.M,TGO,2007,74935,,
SAP.1.GLAST.M,TGO,2008,76293,,
SAP.1.GLAST.M,TGO,2009,77821,,
SAP.1.GLAST.M,TGO,2010,79993,,
SAP.1.GLAST.M,TGO,2011,82441,,
SAP.1.GLAST.M,TGO,2012,84863,,
SAP.1.GLAST.M,TGO,2013,87395,,
SAP.1.GLAST.M,TGO,2014,89762,,
SAP.1.GLAST.M,TGO,2015,91918,,
SAP.1.GLAST.M,TGO,2016,93759,,
SAP.1.GLAST.M,TGO,2017,97392,,
SAP.1.GLAST.M,TGO,2018,101224,,
SAP.1.GLAST.M,TGO,2019,105427,,
SAP.1.GLAST.M,TGO,2020,108741,,
SAP.1.GLAST.M,TGO,2021,112437,,
SAP.1.GLAST.M,TGO,2022,115580,,
SAP.1.GLAST.M,TGO,2023,116660,,
SAP.1.GLAST.M,TGO,2024,117130,,
SAP.1.GLAST.M,TGO,2025,118108,,
SAP.1.M,TGO,1970,178841,,
SAP.1.M,TGO,1971,185815,,
SAP.1.M,TGO,1972,192322,,
SAP.1.M,TGO,1973,198527,,
SAP.1.M,TGO,1974,204598,,
SAP.1.M,TGO,1975,210562,,
SAP.1.M,TGO,1976,216620,,
SAP.1.M,TGO,1977,222801,,
SAP.1.M,TGO,1978,229297,,
SAP.1.M,TGO,1979,236096,,
SAP.1.M,TGO,1980,243811,,
SAP.1.M,TGO,1981,252644,,
SAP.1.M,TGO,1982,262337,,
SAP.1.M,TGO,1983,272732,,
SAP.1.M,TGO,1984,283038,,
SAP.1.M,TGO,1985,293125,,
SAP.1.M,TGO,1986,302449,,
SAP.1.M,TGO,1987,311356,,
SAP.1.M,TGO,1988,320265,,
SAP.1.M,TGO,1989,328873,,
SAP.1.M,TGO,1990,337410,,
SAP.1.M,TGO,1991,345869,,
SAP.1.M,TGO,1992,354242,,
SAP.1.M,TGO,1993,362889,,
SAP.1.M,TGO,1994,347080,,
SAP.1.M,TGO,1995,362846,,
SAP.1.M,TGO,1996,376154,,
SAP.1.M,TGO,1997,388373,,
SAP.1.M,TGO,1998,397518,,
SAP.1.M,TGO,1999,406550,,
SAP.1.M,TGO,2000,415360,,
SAP.1.M,TGO,2001,424088,,
SAP.1.M,TGO,2002,432524,,
SAP.1.M,TGO,2003,440746,,
SAP.1.M,TGO,2004,449054,,
SAP.1.M,TGO,2005,458052,,
SAP.1.M,TGO,2006,468083,,
SAP.1.M,TGO,2007,479445,,
SAP.1.M,TGO,2008,491975,,
SAP.1.M,TGO,2009,505648,,
SAP.1.M,TGO,2010,519760,,
SAP.1.M,TGO,2011,533515,,
SAP.1.M,TGO,2012,548468,,
SAP.1.M,TGO,2013,564816,,
SAP.1.M,TGO,2014,582838,,
SAP.1.M,TGO,2015,601792,,
SAP.1.M,TGO,2016,622275,,
SAP.1.M,TGO,2017,644049,,
SAP.1.M,TGO,2018,663232,,
SAP.1.M,TGO,2019,679034,,
SAP.1.M,TGO,2020,691674,,
SAP.1.M,TGO,2021,703043,,
SAP.1.M,TGO,2022,713052,,
SAP.1.M,TGO,2023,722507,,
SAP.1.M,TGO,2024,732653,,
SAP.1.M,TGO,2025,743419,,
SAP.2,TGO,1970,202397,,
SAP.2,TGO,1971,209138,,
SAP.2,TGO,1972,215408,,
SAP.2,TGO,1973,221259,,
SAP.2,TGO,1974,227157,,
SAP.2,TGO,1975,233370,,
SAP.2,TGO,1976,239899,,
SAP.2,TGO,1977,246634,,
SAP.2,TGO,1978,253667,,
SAP.2,TGO,1979,261041,,
SAP.2,TGO,1980,268894,,
SAP.2,TGO,1981,277775,,
SAP.2,TGO,1982,288074,,
SAP.2,TGO,1983,299310,,
SAP.2,TGO,1984,311525,,
SAP.2,TGO,1985,324107,,
SAP.2,TGO,1986,336285,,
SAP.2,TGO,1987,348684,,
SAP.2,TGO,1988,361207,,
SAP.2,TGO,1989,373894,,
SAP.2,TGO,1990,386225,,
SAP.2,TGO,1991,398169,,
SAP.2,TGO,1992,409738,,
SAP.2,TGO,1993,420765,,
SAP.2,TGO,1994,403348,,
SAP.2,TGO,1995,422246,,
SAP.2,TGO,1996,438050,,
SAP.2,TGO,1997,452290,,
SAP.2,TGO,1998,462717,,
SAP.2,TGO,1999,473589,,
SAP.2,TGO,2000,485002,,
SAP.2,TGO,2001,496511,,
SAP.2,TGO,2002,508052,,
SAP.2,TGO,2003,519444,,
SAP.2,TGO,2004,530777,,
SAP.2,TGO,2005,542316,,
SAP.2,TGO,2006,553770,,
SAP.2,TGO,2007,565848,,
SAP.2,TGO,2008,576607,,
SAP.2,TGO,2009,587404,,
SAP.2,TGO,2010,597864,,
SAP.2,TGO,2011,609924,,
SAP.2,TGO,2012,624580,,
SAP.2,TGO,2013,641300,,
SAP.2,TGO,2014,660020,,
SAP.2,TGO,2015,679079,,
SAP.2,TGO,2016,697552,,
SAP.2,TGO,2017,714944,,
SAP.2,TGO,2018,734558,,
SAP.2,TGO,2019,757144,,
SAP.2,TGO,2020,783820,,
SAP.2,TGO,2021,813448,,
SAP.2,TGO,2022,843238,,
SAP.2,TGO,2023,871610,,
SAP.2,TGO,2024,893819,,
SAP.2,TGO,2025,909897,,
SAP.2.F,TGO,1970,101756,,
SAP.2.F,TGO,1971,105146,,
SAP.2.F,TGO,1972,108297,,
SAP.2.F,TGO,1973,111241,,
SAP.2.F,TGO,1974,114201,,
SAP.2.F,TGO,1975,117314,,
SAP.2.F,TGO,1976,120579,,
SAP.2.F,TGO,1977,123939,,
SAP.2.F,TGO,1978,127435,,
SAP.2.F,TGO,1979,131092,,
SAP.2.F,TGO,1980,134980,,
SAP.2.F,TGO,1981,139371,,
SAP.2.F,TGO,1982,144472,,
SAP.2.F,TGO,1983,150032,,
SAP.2.F,TGO,1984,156068,,
SAP.2.F,TGO,1985,162273,,
SAP.2.F,TGO,1986,168237,,
SAP.2.F,TGO,1987,174279,,
SAP.2.F,TGO,1988,180377,,
SAP.2.F,TGO,1989,186562,,
SAP.2.F,TGO,1990,192606,,
SAP.2.F,TGO,1991,198517,,
SAP.2.F,TGO,1992,204266,,
SAP.2.F,TGO,1993,209733,,
SAP.2.F,TGO,1994,201001,,
SAP.2.F,TGO,1995,210313,,
SAP.2.F,TGO,1996,218042,,
SAP.2.F,TGO,1997,224970,,
SAP.2.F,TGO,1998,230010,,
SAP.2.F,TGO,1999,235285,,
SAP.2.F,TGO,2000,240844,,
SAP.2.F,TGO,2001,246465,,
SAP.2.F,TGO,2002,252120,,
SAP.2.F,TGO,2003,257735,,
SAP.2.F,TGO,2004,263349,,
SAP.2.F,TGO,2005,269079,,
SAP.2.F,TGO,2006,274765,,
SAP.2.F,TGO,2007,280761,,
SAP.2.F,TGO,2008,286076,,
SAP.2.F,TGO,2009,291423,,
SAP.2.F,TGO,2010,296574,,
SAP.2.F,TGO,2011,302515,,
SAP.2.F,TGO,2012,309731,,
SAP.2.F,TGO,2013,317926,,
SAP.2.F,TGO,2014,327083,,
SAP.2.F,TGO,2015,336378,,
SAP.2.F,TGO,2016,345371,,
SAP.2.F,TGO,2017,353856,,
SAP.2.F,TGO,2018,363460,,
SAP.2.F,TGO,2019,374565,,
SAP.2.F,TGO,2020,387716,,
SAP.2.F,TGO,2021,402345,,
SAP.2.F,TGO,2022,417082,,
SAP.2.F,TGO,2023,431104,,
SAP.2.F,TGO,2024,442067,,
SAP.2.F,TGO,2025,449955,,
SAP.2.G1,TGO,1970,53009,,
SAP.2.G1,TGO,1971,54811,,
SAP.2.G1,TGO,1972,56539,,
SAP.2.G1,TGO,1973,58161,,
SAP.2.G1,TGO,1974,59796,,
SAP.2.G1,TGO,1975,61596,,
SAP.2.G1,TGO,1976,63469,,
SAP.2.G1,TGO,1977,65217,,
SAP.2.G1,TGO,1978,67048,,
SAP.2.G1,TGO,1979,69012,,
SAP.2.G1,TGO,1980,70922,,
SAP.2.G1,TGO,1981,73226,,
SAP.2.G1,TGO,1982,76222,,
SAP.2.G1,TGO,1983,79254,,
SAP.2.G1,TGO,1984,82633,,
SAP.2.G1,TGO,1985,85786,,
SAP.2.G1,TGO,1986,88960,,
SAP.2.G1,TGO,1987,92160,,
SAP.2.G1,TGO,1988,95341,,
SAP.2.G1,TGO,1989,98554,,
SAP.2.G1,TGO,1990,101366,,
SAP.2.G1,TGO,1991,104203,,
SAP.2.G1,TGO,1992,107004,,
SAP.2.G1,TGO,1993,109676,,
SAP.2.G1,TGO,1994,105132,,
SAP.2.G1,TGO,1995,109874,,
SAP.2.G1,TGO,1996,113775,,
SAP.2.G1,TGO,1997,117288,,
SAP.2.G1,TGO,1998,119865,,
SAP.2.G1,TGO,1999,123033,,
SAP.2.G1,TGO,2000,126189,,
SAP.2.G1,TGO,2001,129017,,
SAP.2.G1,TGO,2002,131716,,
SAP.2.G1,TGO,2003,134703,,
SAP.2.G1,TGO,2004,137562,,
SAP.2.G1,TGO,2005,140511,,
SAP.2.G1,TGO,2006,143234,,
SAP.2.G1,TGO,2007,146144,,
SAP.2.G1,TGO,2008,148443,,
SAP.2.G1,TGO,2009,151169,,
SAP.2.G1,TGO,2010,154107,,
SAP.2.G1,TGO,2011,158388,,
SAP.2.G1,TGO,2012,163196,,
SAP.2.G1,TGO,2013,167898,,
SAP.2.G1,TGO,2014,172837,,
SAP.2.G1,TGO,2015,177454,,
SAP.2.G1,TGO,2016,181663,,
SAP.2.G1,TGO,2017,185283,,
SAP.2.G1,TGO,2018,192432,,
SAP.2.G1,TGO,2019,200018,,
SAP.2.G1,TGO,2020,208324,,
SAP.2.G1,TGO,2021,214888,,
SAP.2.G1,TGO,2022,222213,,
SAP.2.G1,TGO,2023,228415,,
SAP.2.G1,TGO,2024,230536,,
SAP.2.G1,TGO,2025,231265,,
SAP.2.G1.F,TGO,1970,26655,,
SAP.2.G1.F,TGO,1971,27561,,
SAP.2.G1.F,TGO,1972,28429,,
SAP.2.G1.F,TGO,1973,29245,,
SAP.2.G1.F,TGO,1974,30061,,
SAP.2.G1.F,TGO,1975,30958,,
SAP.2.G1.F,TGO,1976,31893,,
SAP.2.G1.F,TGO,1977,32764,,
SAP.2.G1.F,TGO,1978,33669,,
SAP.2.G1.F,TGO,1979,34641,,
SAP.2.G1.F,TGO,1980,35585,,
SAP.2.G1.F,TGO,1981,36722,,
SAP.2.G1.F,TGO,1982,38207,,
SAP.2.G1.F,TGO,1983,39702,,
SAP.2.G1.F,TGO,1984,41365,,
SAP.2.G1.F,TGO,1985,42913,,
SAP.2.G1.F,TGO,1986,44446,,
SAP.2.G1.F,TGO,1987,45995,,
SAP.2.G1.F,TGO,1988,47552,,
SAP.2.G1.F,TGO,1989,49138,,
SAP.2.G1.F,TGO,1990,50531,,
SAP.2.G1.F,TGO,1991,51961,,
SAP.2.G1.F,TGO,1992,53355,,
SAP.2.G1.F,TGO,1993,54664,,
SAP.2.G1.F,TGO,1994,52369,,
SAP.2.G1.F,TGO,1995,54691,,
SAP.2.G1.F,TGO,1996,56588,,
SAP.2.G1.F,TGO,1997,58294,,
SAP.2.G1.F,TGO,1998,59549,,
SAP.2.G1.F,TGO,1999,61102,,
SAP.2.G1.F,TGO,2000,62642,,
SAP.2.G1.F,TGO,2001,64029,,
SAP.2.G1.F,TGO,2002,65369,,
SAP.2.G1.F,TGO,2003,66865,,
SAP.2.G1.F,TGO,2004,68278,,
SAP.2.G1.F,TGO,2005,69734,,
SAP.2.G1.F,TGO,2006,71086,,
SAP.2.G1.F,TGO,2007,72529,,
SAP.2.G1.F,TGO,2008,73662,,
SAP.2.G1.F,TGO,2009,75012,,
SAP.2.G1.F,TGO,2010,76456,,
SAP.2.G1.F,TGO,2011,78568,,
SAP.2.G1.F,TGO,2012,80928,,
SAP.2.G1.F,TGO,2013,83211,,
SAP.2.G1.F,TGO,2014,85617,,
SAP.2.G1.F,TGO,2015,87867,,
SAP.2.G1.F,TGO,2016,89918,,
SAP.2.G1.F,TGO,2017,91694,,
SAP.2.G1.F,TGO,2018,95211,,
SAP.2.G1.F,TGO,2019,98963,,
SAP.2.G1.F,TGO,2020,103066,,
SAP.2.G1.F,TGO,2021,106313,,
SAP.2.G1.F,TGO,2022,109942,,
SAP.2.G1.F,TGO,2023,113000,,
SAP.2.G1.F,TGO,2024,114035,,
SAP.2.G1.F,TGO,2025,114351,,
SAP.2.G1.M,TGO,1970,26354,,
SAP.2.G1.M,TGO,1971,27250,,
SAP.2.G1.M,TGO,1972,28110,,
SAP.2.G1.M,TGO,1973,28916,,
SAP.2.G1.M,TGO,1974,29735,,
SAP.2.G1.M,TGO,1975,30638,,
SAP.2.G1.M,TGO,1976,31576,,
SAP.2.G1.M,TGO,1977,32453,,
SAP.2.G1.M,TGO,1978,33379,,
SAP.2.G1.M,TGO,1979,34371,,
SAP.2.G1.M,TGO,1980,35337,,
SAP.2.G1.M,TGO,1981,36504,,
SAP.2.G1.M,TGO,1982,38015,,
SAP.2.G1.M,TGO,1983,39552,,
SAP.2.G1.M,TGO,1984,41268,,
SAP.2.G1.M,TGO,1985,42873,,
SAP.2.G1.M,TGO,1986,44514,,
SAP.2.G1.M,TGO,1987,46165,,
SAP.2.G1.M,TGO,1988,47789,,
SAP.2.G1.M,TGO,1989,49416,,
SAP.2.G1.M,TGO,1990,50835,,
SAP.2.G1.M,TGO,1991,52242,,
SAP.2.G1.M,TGO,1992,53649,,
SAP.2.G1.M,TGO,1993,55012,,
SAP.2.G1.M,TGO,1994,52763,,
SAP.2.G1.M,TGO,1995,55183,,
SAP.2.G1.M,TGO,1996,57187,,
SAP.2.G1.M,TGO,1997,58994,,
SAP.2.G1.M,TGO,1998,60316,,
SAP.2.G1.M,TGO,1999,61931,,
SAP.2.G1.M,TGO,2000,63547,,
SAP.2.G1.M,TGO,2001,64988,,
SAP.2.G1.M,TGO,2002,66347,,
SAP.2.G1.M,TGO,2003,67838,,
SAP.2.G1.M,TGO,2004,69284,,
SAP.2.G1.M,TGO,2005,70777,,
SAP.2.G1.M,TGO,2006,72148,,
SAP.2.G1.M,TGO,2007,73615,,
SAP.2.G1.M,TGO,2008,74781,,
SAP.2.G1.M,TGO,2009,76157,,
SAP.2.G1.M,TGO,2010,77651,,
SAP.2.G1.M,TGO,2011,79820,,
SAP.2.G1.M,TGO,2012,82268,,
SAP.2.G1.M,TGO,2013,84687,,
SAP.2.G1.M,TGO,2014,87220,,
SAP.2.G1.M,TGO,2015,89587,,
SAP.2.G1.M,TGO,2016,91745,,
SAP.2.G1.M,TGO,2017,93589,,
SAP.2.G1.M,TGO,2018,97221,,
SAP.2.G1.M,TGO,2019,101055,,
SAP.2.G1.M,TGO,2020,105258,,
SAP.2.G1.M,TGO,2021,108575,,
SAP.2.G1.M,TGO,2022,112271,,
SAP.2.G1.M,TGO,2023,115415,,
SAP.2.G1.M,TGO,2024,116501,,
SAP.2.G1.M,TGO,2025,116914,,
SAP.2.M,TGO,1970,100641,,
SAP.2.M,TGO,1971,103992,,
SAP.2.M,TGO,1972,107111,,
SAP.2.M,TGO,1973,110018,,
SAP.2.M,TGO,1974,112956,,
SAP.2.M,TGO,1975,116056,,
SAP.2.M,TGO,1976,119320,,
SAP.2.M,TGO,1977,122695,,
SAP.2.M,TGO,1978,126232,,
SAP.2.M,TGO,1979,129949,,
SAP.2.M,TGO,1980,133914,,
SAP.2.M,TGO,1981,138404,,
SAP.2.M,TGO,1982,143602,,
SAP.2.M,TGO,1983,149278,,
SAP.2.M,TGO,1984,155457,,
SAP.2.M,TGO,1985,161834,,
SAP.2.M,TGO,1986,168048,,
SAP.2.M,TGO,1987,174405,,
SAP.2.M,TGO,1988,180830,,
SAP.2.M,TGO,1989,187332,,
SAP.2.M,TGO,1990,193619,,
SAP.2.M,TGO,1991,199652,,
SAP.2.M,TGO,1992,205472,,
SAP.2.M,TGO,1993,211032,,
SAP.2.M,TGO,1994,202347,,
SAP.2.M,TGO,1995,211933,,
SAP.2.M,TGO,1996,220008,,
SAP.2.M,TGO,1997,227320,,
SAP.2.M,TGO,1998,232707,,
SAP.2.M,TGO,1999,238304,,
SAP.2.M,TGO,2000,244158,,
SAP.2.M,TGO,2001,250046,,
SAP.2.M,TGO,2002,255932,,
SAP.2.M,TGO,2003,261709,,
SAP.2.M,TGO,2004,267428,,
SAP.2.M,TGO,2005,273237,,
SAP.2.M,TGO,2006,279005,,
SAP.2.M,TGO,2007,285087,,
SAP.2.M,TGO,2008,290531,,
SAP.2.M,TGO,2009,295981,,
SAP.2.M,TGO,2010,301290,,
SAP.2.M,TGO,2011,307409,,
SAP.2.M,TGO,2012,314849,,
SAP.2.M,TGO,2013,323374,,
SAP.2.M,TGO,2014,332937,,
SAP.2.M,TGO,2015,342701,,
SAP.2.M,TGO,2016,352181,,
SAP.2.M,TGO,2017,361088,,
SAP.2.M,TGO,2018,371098,,
SAP.2.M,TGO,2019,382579,,
SAP.2.M,TGO,2020,396104,,
SAP.2.M,TGO,2021,411103,,
SAP.2.M,TGO,2022,426156,,
SAP.2.M,TGO,2023,440506,,
SAP.2.M,TGO,2024,451752,,
SAP.2.M,TGO,2025,459942,,
SAP.2T3,TGO,1970,338762,,
SAP.2T3,TGO,1971,349839,,
SAP.2T3,TGO,1972,359833,,
SAP.2T3,TGO,1973,369177,,
SAP.2T3,TGO,1974,378565,,
SAP.2T3,TGO,1975,388353,,
SAP.2T3,TGO,1976,398514,,
SAP.2T3,TGO,1977,409047,,
SAP.2T3,TGO,1978,420155,,
SAP.2T3,TGO,1979,432057,,
SAP.2T3,TGO,1980,445239,,
SAP.2T3,TGO,1981,460259,,
SAP.2T3,TGO,1982,477417,,
SAP.2T3,TGO,1983,496054,,
SAP.2T3,TGO,1984,515811,,
SAP.2T3,TGO,1985,535979,,
SAP.2T3,TGO,1986,555835,,
SAP.2T3,TGO,1987,576363,,
SAP.2T3,TGO,1988,597778,,
SAP.2T3,TGO,1989,619317,,
SAP.2T3,TGO,1990,640774,,
SAP.2T3,TGO,1991,661873,,
SAP.2T3,TGO,1992,682738,,
SAP.2T3,TGO,1993,703100,,
SAP.2T3,TGO,1994,675468,,
SAP.2T3,TGO,1995,708231,,
SAP.2T3,TGO,1996,735620,,
SAP.2T3,TGO,1997,760363,,
SAP.2T3,TGO,1998,779507,,
SAP.2T3,TGO,1999,798838,,
SAP.2T3,TGO,2000,818405,,
SAP.2T3,TGO,2001,837238,,
SAP.2T3,TGO,2002,855631,,
SAP.2T3,TGO,2003,874365,,
SAP.2T3,TGO,2004,894064,,
SAP.2T3,TGO,2005,914511,,
SAP.2T3,TGO,2006,934313,,
SAP.2T3,TGO,2007,956422,,
SAP.2T3,TGO,2008,975816,,
SAP.2T3,TGO,2009,996029,,
SAP.2T3,TGO,2010,1014390,,
SAP.2T3,TGO,2011,1034403,,
SAP.2T3,TGO,2012,1056512,,
SAP.2T3,TGO,2013,1080758,,
SAP.2T3,TGO,2014,1107277,,
SAP.2T3,TGO,2015,1136198,,
SAP.2T3,TGO,2016,1166703,,
SAP.2T3,TGO,2017,1197886,,
SAP.2T3,TGO,2018,1231954,,
SAP.2T3,TGO,2019,1268828,,
SAP.2T3,TGO,2020,1309309,,
SAP.2T3,TGO,2021,1351518,,
SAP.2T3,TGO,2022,1396394,,
SAP.2T3,TGO,2023,1443117,,
SAP.2T3,TGO,2024,1488327,,
SAP.2T3,TGO,2025,1526137,,
SAP.2T3.F,TGO,1970,170282,,
SAP.2T3.F,TGO,1971,175852,,
SAP.2T3.F,TGO,1972,180876,,
SAP.2T3.F,TGO,1973,185579,,
SAP.2T3.F,TGO,1974,190298,,
SAP.2T3.F,TGO,1975,195213,,
SAP.2T3.F,TGO,1976,200310,,
SAP.2T3.F,TGO,1977,205585,,
SAP.2T3.F,TGO,1978,211124,,
SAP.2T3.F,TGO,1979,217040,,
SAP.2T3.F,TGO,1980,223578,,
SAP.2T3.F,TGO,1981,231021,,
SAP.2T3.F,TGO,1982,239530,,
SAP.2T3.F,TGO,1983,248764,,
SAP.2T3.F,TGO,1984,258543,,
SAP.2T3.F,TGO,1985,268512,,
SAP.2T3.F,TGO,1986,278284,,
SAP.2T3.F,TGO,1987,288351,,
SAP.2T3.F,TGO,1988,298841,,
SAP.2T3.F,TGO,1989,309382,,
SAP.2T3.F,TGO,1990,319878,,
SAP.2T3.F,TGO,1991,330227,,
SAP.2T3.F,TGO,1992,340473,,
SAP.2T3.F,TGO,1993,350479,,
SAP.2T3.F,TGO,1994,336574,,
SAP.2T3.F,TGO,1995,352761,,
SAP.2T3.F,TGO,1996,366241,,
SAP.2T3.F,TGO,1997,378368,,
SAP.2T3.F,TGO,1998,387700,,
SAP.2T3.F,TGO,1999,397101,,
SAP.2T3.F,TGO,2000,406610,,
SAP.2T3.F,TGO,2001,415740,,
SAP.2T3.F,TGO,2002,424668,,
SAP.2T3.F,TGO,2003,433814,,
SAP.2T3.F,TGO,2004,443491,,
SAP.2T3.F,TGO,2005,453569,,
SAP.2T3.F,TGO,2006,463345,,
SAP.2T3.F,TGO,2007,474355,,
SAP.2T3.F,TGO,2008,483959,,
SAP.2T3.F,TGO,2009,493988,,
SAP.2T3.F,TGO,2010,503021,,
SAP.2T3.F,TGO,2011,512874,,
SAP.2T3.F,TGO,2012,523757,,
SAP.2T3.F,TGO,2013,535662,,
SAP.2T3.F,TGO,2014,548659,,
SAP.2T3.F,TGO,2015,562817,,
SAP.2T3.F,TGO,2016,577728,,
SAP.2T3.F,TGO,2017,592963,,
SAP.2T3.F,TGO,2018,609617,,
SAP.2T3.F,TGO,2019,627668,,
SAP.2T3.F,TGO,2020,647538,,
SAP.2T3.F,TGO,2021,668309,,
SAP.2T3.F,TGO,2022,690445,,
SAP.2T3.F,TGO,2023,713503,,
SAP.2T3.F,TGO,2024,735808,,
SAP.2T3.F,TGO,2025,754430,,
SAP.2T3.M,TGO,1970,168480,,
SAP.2T3.M,TGO,1971,173987,,
SAP.2T3.M,TGO,1972,178957,,
SAP.2T3.M,TGO,1973,183598,,
SAP.2T3.M,TGO,1974,188267,,
SAP.2T3.M,TGO,1975,193140,,
SAP.2T3.M,TGO,1976,198204,,
SAP.2T3.M,TGO,1977,203462,,
SAP.2T3.M,TGO,1978,209031,,
SAP.2T3.M,TGO,1979,215017,,
SAP.2T3.M,TGO,1980,221661,,
SAP.2T3.M,TGO,1981,229238,,
SAP.2T3.M,TGO,1982,237887,,
SAP.2T3.M,TGO,1983,247290,,
SAP.2T3.M,TGO,1984,257268,,
SAP.2T3.M,TGO,1985,267467,,
SAP.2T3.M,TGO,1986,277551,,
SAP.2T3.M,TGO,1987,288012,,
SAP.2T3.M,TGO,1988,298937,,
SAP.2T3.M,TGO,1989,309935,,
SAP.2T3.M,TGO,1990,320896,,
SAP.2T3.M,TGO,1991,331646,,
SAP.2T3.M,TGO,1992,342265,,
SAP.2T3.M,TGO,1993,352621,,
SAP.2T3.M,TGO,1994,338894,,
SAP.2T3.M,TGO,1995,355470,,
SAP.2T3.M,TGO,1996,369379,,
SAP.2T3.M,TGO,1997,381995,,
SAP.2T3.M,TGO,1998,391807,,
SAP.2T3.M,TGO,1999,401737,,
SAP.2T3.M,TGO,2000,411795,,
SAP.2T3.M,TGO,2001,421498,,
SAP.2T3.M,TGO,2002,430963,,
SAP.2T3.M,TGO,2003,440551,,
SAP.2T3.M,TGO,2004,450573,,
SAP.2T3.M,TGO,2005,460942,,
SAP.2T3.M,TGO,2006,470968,,
SAP.2T3.M,TGO,2007,482067,,
SAP.2T3.M,TGO,2008,491857,,
SAP.2T3.M,TGO,2009,502041,,
SAP.2T3.M,TGO,2010,511369,,
SAP.2T3.M,TGO,2011,521529,,
SAP.2T3.M,TGO,2012,532755,,
SAP.2T3.M,TGO,2013,545096,,
SAP.2T3.M,TGO,2014,558618,,
SAP.2T3.M,TGO,2015,573381,,
SAP.2T3.M,TGO,2016,588975,,
SAP.2T3.M,TGO,2017,604923,,
SAP.2T3.M,TGO,2018,622337,,
SAP.2T3.M,TGO,2019,641160,,
SAP.2T3.M,TGO,2020,661771,,
SAP.2T3.M,TGO,2021,683209,,
SAP.2T3.M,TGO,2022,705949,,
SAP.2T3.M,TGO,2023,729614,,
SAP.2T3.M,TGO,2024,752519,,
SAP.2T3.M,TGO,2025,771707,,
SAP.3,TGO,1970,136365,,
SAP.3,TGO,1971,140701,,
SAP.3,TGO,1972,144425,,
SAP.3,TGO,1973,147918,,
SAP.3,TGO,1974,151408,,
SAP.3,TGO,1975,154983,,
SAP.3,TGO,1976,158615,,
SAP.3,TGO,1977,162413,,
SAP.3,TGO,1978,166488,,
SAP.3,TGO,1979,171016,,
SAP.3,TGO,1980,176345,,
SAP.3,TGO,1981,182484,,
SAP.3,TGO,1982,189343,,
SAP.3,TGO,1983,196744,,
SAP.3,TGO,1984,204286,,
SAP.3,TGO,1985,211872,,
SAP.3,TGO,1986,219550,,
SAP.3,TGO,1987,227679,,
SAP.3,TGO,1988,236571,,
SAP.3,TGO,1989,245423,,
SAP.3,TGO,1990,254549,,
SAP.3,TGO,1991,263704,,
SAP.3,TGO,1992,273000,,
SAP.3,TGO,1993,282335,,
SAP.3,TGO,1994,272120,,
SAP.3,TGO,1995,285985,,
SAP.3,TGO,1996,297570,,
SAP.3,TGO,1997,308073,,
SAP.3,TGO,1998,316790,,
SAP.3,TGO,1999,325249,,
SAP.3,TGO,2000,333403,,
SAP.3,TGO,2001,340727,,
SAP.3,TGO,2002,347579,,
SAP.3,TGO,2003,354921,,
SAP.3,TGO,2004,363287,,
SAP.3,TGO,2005,372195,,
SAP.3,TGO,2006,380543,,
SAP.3,TGO,2007,390574,,
SAP.3,TGO,2008,399209,,
SAP.3,TGO,2009,408625,,
SAP.3,TGO,2010,416526,,
SAP.3,TGO,2011,424479,,
SAP.3,TGO,2012,431932,,
SAP.3,TGO,2013,439458,,
SAP.3,TGO,2014,447257,,
SAP.3,TGO,2015,457119,,
SAP.3,TGO,2016,469151,,
SAP.3,TGO,2017,482942,,
SAP.3,TGO,2018,497396,,
SAP.3,TGO,2019,511684,,
SAP.3,TGO,2020,525489,,
SAP.3,TGO,2021,538070,,
SAP.3,TGO,2022,553156,,
SAP.3,TGO,2023,571507,,
SAP.3,TGO,2024,594508,,
SAP.3,TGO,2025,616240,,
SAP.3.F,TGO,1970,68526,,
SAP.3.F,TGO,1971,70706,,
SAP.3.F,TGO,1972,72579,,
SAP.3.F,TGO,1973,74338,,
SAP.3.F,TGO,1974,76097,,
SAP.3.F,TGO,1975,77899,,
SAP.3.F,TGO,1976,79731,,
SAP.3.F,TGO,1977,81646,,
SAP.3.F,TGO,1978,83689,,
SAP.3.F,TGO,1979,85948,,
SAP.3.F,TGO,1980,88598,,
SAP.3.F,TGO,1981,91650,,
SAP.3.F,TGO,1982,95058,,
SAP.3.F,TGO,1983,98732,,
SAP.3.F,TGO,1984,102475,,
SAP.3.F,TGO,1985,106239,,
SAP.3.F,TGO,1986,110047,,
SAP.3.F,TGO,1987,114072,,
SAP.3.F,TGO,1988,118464,,
SAP.3.F,TGO,1989,122820,,
SAP.3.F,TGO,1990,127272,,
SAP.3.F,TGO,1991,131710,,
SAP.3.F,TGO,1992,136207,,
SAP.3.F,TGO,1993,140746,,
SAP.3.F,TGO,1994,135573,,
SAP.3.F,TGO,1995,142448,,
SAP.3.F,TGO,1996,148199,,
SAP.3.F,TGO,1997,153398,,
SAP.3.F,TGO,1998,157690,,
SAP.3.F,TGO,1999,161816,,
SAP.3.F,TGO,2000,165766,,
SAP.3.F,TGO,2001,169275,,
SAP.3.F,TGO,2002,172548,,
SAP.3.F,TGO,2003,176079,,
SAP.3.F,TGO,2004,180142,,
SAP.3.F,TGO,2005,184490,,
SAP.3.F,TGO,2006,188580,,
SAP.3.F,TGO,2007,193594,,
SAP.3.F,TGO,2008,197883,,
SAP.3.F,TGO,2009,202565,,
SAP.3.F,TGO,2010,206447,,
SAP.3.F,TGO,2011,210359,,
SAP.3.F,TGO,2012,214026,,
SAP.3.F,TGO,2013,217736,,
SAP.3.F,TGO,2014,221576,,
SAP.3.F,TGO,2015,226439,,
SAP.3.F,TGO,2016,232357,,
SAP.3.F,TGO,2017,239107,,
SAP.3.F,TGO,2018,246157,,
SAP.3.F,TGO,2019,253103,,
SAP.3.F,TGO,2020,259822,,
SAP.3.F,TGO,2021,265964,,
SAP.3.F,TGO,2022,273363,,
SAP.3.F,TGO,2023,282399,,
SAP.3.F,TGO,2024,293741,,
SAP.3.F,TGO,2025,304475,,
SAP.3.M,TGO,1970,67839,,
SAP.3.M,TGO,1971,69995,,
SAP.3.M,TGO,1972,71846,,
SAP.3.M,TGO,1973,73580,,
SAP.3.M,TGO,1974,75311,,
SAP.3.M,TGO,1975,77084,,
SAP.3.M,TGO,1976,78884,,
SAP.3.M,TGO,1977,80767,,
SAP.3.M,TGO,1978,82799,,
SAP.3.M,TGO,1979,85068,,
SAP.3.M,TGO,1980,87747,,
SAP.3.M,TGO,1981,90834,,
SAP.3.M,TGO,1982,94285,,
SAP.3.M,TGO,1983,98012,,
SAP.3.M,TGO,1984,101811,,
SAP.3.M,TGO,1985,105633,,
SAP.3.M,TGO,1986,109503,,
SAP.3.M,TGO,1987,113607,,
SAP.3.M,TGO,1988,118107,,
SAP.3.M,TGO,1989,122603,,
SAP.3.M,TGO,1990,127277,,
SAP.3.M,TGO,1991,131994,,
SAP.3.M,TGO,1992,136793,,
SAP.3.M,TGO,1993,141589,,
SAP.3.M,TGO,1994,136547,,
SAP.3.M,TGO,1995,143537,,
SAP.3.M,TGO,1996,149371,,
SAP.3.M,TGO,1997,154675,,
SAP.3.M,TGO,1998,159100,,
SAP.3.M,TGO,1999,163433,,
SAP.3.M,TGO,2000,167637,,
SAP.3.M,TGO,2001,171452,,
SAP.3.M,TGO,2002,175031,,
SAP.3.M,TGO,2003,178842,,
SAP.3.M,TGO,2004,183145,,
SAP.3.M,TGO,2005,187705,,
SAP.3.M,TGO,2006,191963,,
SAP.3.M,TGO,2007,196980,,
SAP.3.M,TGO,2008,201326,,
SAP.3.M,TGO,2009,206060,,
SAP.3.M,TGO,2010,210079,,
SAP.3.M,TGO,2011,214120,,
SAP.3.M,TGO,2012,217906,,
SAP.3.M,TGO,2013,221722,,
SAP.3.M,TGO,2014,225681,,
SAP.3.M,TGO,2015,230680,,
SAP.3.M,TGO,2016,236794,,
SAP.3.M,TGO,2017,243835,,
SAP.3.M,TGO,2018,251239,,
SAP.3.M,TGO,2019,258581,,
SAP.3.M,TGO,2020,265667,,
SAP.3.M,TGO,2021,272106,,
SAP.3.M,TGO,2022,279793,,
SAP.3.M,TGO,2023,289108,,
SAP.3.M,TGO,2024,300767,,
SAP.3.M,TGO,2025,311765,,
SAP.4,TGO,1999,102520,,
SAP.4,TGO,2000,105262,,
SAP.4,TGO,2001,107981,,
SAP.4,TGO,2002,110258,,
SAP.4,TGO,2003,112341,,
SAP.4,TGO,2004,114587,,
SAP.4,TGO,2005,116972,,
SAP.4,TGO,2006,119893,,
SAP.4,TGO,2007,123667,,
SAP.4,TGO,2008,249780,,
SAP.4,TGO,2009,256017,,
SAP.4,TGO,2010,261237,,
SAP.4,TGO,2011,266600,,
SAP.4,TGO,2012,271939,,
SAP.4,TGO,2013,277216,,
SAP.4,TGO,2014,282456,,
SAP.4,TGO,2015,287376,,
SAP.4,TGO,2016,292263,,
SAP.4,TGO,2017,297877,,
SAP.4,TGO,2018,305129,,
SAP.4,TGO,2019,314225,,
SAP.4,TGO,2020,164555,,
SAP.4,TGO,2021,169539,,
SAP.4,TGO,2022,174208,,
SAP.4,TGO,2023,178439,,
SAP.4,TGO,2024,182098,,
SAP.4,TGO,2025,188778,,
SAP.4.F,TGO,1999,51033,,
SAP.4.F,TGO,2000,52378,,
SAP.4.F,TGO,2001,53698,,
SAP.4.F,TGO,2002,54781,,
SAP.4.F,TGO,2003,55759,,
SAP.4.F,TGO,2004,56825,,
SAP.4.F,TGO,2005,57979,,
SAP.4.F,TGO,2006,59401,,
SAP.4.F,TGO,2007,61258,,
SAP.4.F,TGO,2008,123695,,
SAP.4.F,TGO,2009,126783,,
SAP.4.F,TGO,2010,129366,,
SAP.4.F,TGO,2011,132015,,
SAP.4.F,TGO,2012,134629,,
SAP.4.F,TGO,2013,137222,,
SAP.4.F,TGO,2014,139803,,
SAP.4.F,TGO,2015,142222,,
SAP.4.F,TGO,2016,144629,,
SAP.4.F,TGO,2017,147393,,
SAP.4.F,TGO,2018,150962,,
SAP.4.F,TGO,2019,155429,,
SAP.4.F,TGO,2020,81354,,
SAP.4.F,TGO,2021,83779,,
SAP.4.F,TGO,2022,86054,,
SAP.4.F,TGO,2023,88114,,
SAP.4.F,TGO,2024,89907,,
SAP.4.F,TGO,2025,93185,,
SAP.4.M,TGO,1999,51487,,
SAP.4.M,TGO,2000,52884,,
SAP.4.M,TGO,2001,54283,,
SAP.4.M,TGO,2002,55477,,
SAP.4.M,TGO,2003,56582,,
SAP.4.M,TGO,2004,57762,,
SAP.4.M,TGO,2005,58993,,
SAP.4.M,TGO,2006,60492,,
SAP.4.M,TGO,2007,62409,,
SAP.4.M,TGO,2008,126085,,
SAP.4.M,TGO,2009,129234,,
SAP.4.M,TGO,2010,131871,,
SAP.4.M,TGO,2011,134585,,
SAP.4.M,TGO,2012,137310,,
SAP.4.M,TGO,2013,139994,,
SAP.4.M,TGO,2014,142653,,
SAP.4.M,TGO,2015,145154,,
SAP.4.M,TGO,2016,147634,,
SAP.4.M,TGO,2017,150484,,
SAP.4.M,TGO,2018,154167,,
SAP.4.M,TGO,2019,158796,,
SAP.4.M,TGO,2020,83201,,
SAP.4.M,TGO,2021,85760,,
SAP.4.M,TGO,2022,88154,,
SAP.4.M,TGO,2023,90325,,
SAP.4.M,TGO,2024,92191,,
SAP.4.M,TGO,2025,95593,,
SAP.5T8,TGO,1970,195803,,
SAP.5T8,TGO,1971,203062,,
SAP.5T8,TGO,1972,209532,,
SAP.5T8,TGO,1973,215521,,
SAP.5T8,TGO,1974,221933,,
SAP.5T8,TGO,1975,226604,,
SAP.5T8,TGO,1976,231378,,
SAP.5T8,TGO,1977,236186,,
SAP.5T8,TGO,1978,241222,,
SAP.5T8,TGO,1979,246769,,
SAP.5T8,TGO,1980,253306,,
SAP.5T8,TGO,1981,260992,,
SAP.5T8,TGO,1982,270079,,
SAP.5T8,TGO,1983,280393,,
SAP.5T8,TGO,1984,291292,,
SAP.5T8,TGO,1985,302580,,
SAP.5T8,TGO,1986,313836,,
SAP.5T8,TGO,1987,325076,,
SAP.5T8,TGO,1988,336611,,
SAP.5T8,TGO,1989,348763,,
SAP.5T8,TGO,1990,361363,,
SAP.5T8,TGO,1991,374590,,
SAP.5T8,TGO,1992,388368,,
SAP.5T8,TGO,1993,402731,,
SAP.5T8,TGO,1994,389993,,
SAP.5T8,TGO,1995,412239,,
SAP.5T8,TGO,1996,431835,,
SAP.5T8,TGO,1997,449925,,
SAP.5T8,TGO,1998,466079,,
SAP.5T8,TGO,1999,481784,,
SAP.5T8,TGO,2000,496660,,
SAP.5T8,TGO,2001,509895,,
SAP.5T8,TGO,2002,521701,,
SAP.5T8,TGO,2003,532493,,
SAP.5T8,TGO,2004,543778,,
SAP.5T8,TGO,2005,555499,,
SAP.5T8,TGO,2006,567111,,
SAP.5T8,TGO,2007,584270,,
SAP.5T8,TGO,2008,598539,,
SAP.5T8,TGO,2009,614749,,
SAP.5T8,TGO,2010,628274,,
SAP.5T8,TGO,2011,641531,,
SAP.5T8,TGO,2012,654656,,
SAP.5T8,TGO,2013,667753,,
SAP.5T8,TGO,2014,681084,,
SAP.5T8,TGO,2015,693920,,
SAP.5T8,TGO,2016,706812,,
SAP.5T8,TGO,2017,719964,,
SAP.5T8,TGO,2018,734851,,
SAP.5T8,TGO,2019,751873,,
SAP.5T8,TGO,2020,771362,,
SAP.5T8,TGO,2021,793325,,
SAP.5T8,TGO,2022,816935,,
SAP.5T8,TGO,2023,840280,,
SAP.5T8,TGO,2024,862502,,
SAP.5T8,TGO,2025,884435,,
SAP.5T8.F,TGO,1970,98404,,
SAP.5T8.F,TGO,1971,102044,,
SAP.5T8.F,TGO,1972,105317,,
SAP.5T8.F,TGO,1973,108370,,
SAP.5T8.F,TGO,1974,111644,,
SAP.5T8.F,TGO,1975,114003,,
SAP.5T8.F,TGO,1976,116416,,
SAP.5T8.F,TGO,1977,118847,,
SAP.5T8.F,TGO,1978,121382,,
SAP.5T8.F,TGO,1979,124160,,
SAP.5T8.F,TGO,1980,127431,,
SAP.5T8.F,TGO,1981,131264,,
SAP.5T8.F,TGO,1982,135796,,
SAP.5T8.F,TGO,1983,140940,,
SAP.5T8.F,TGO,1984,146376,,
SAP.5T8.F,TGO,1985,152001,,
SAP.5T8.F,TGO,1986,157608,,
SAP.5T8.F,TGO,1987,163208,,
SAP.5T8.F,TGO,1988,168944,,
SAP.5T8.F,TGO,1989,174981,,
SAP.5T8.F,TGO,1990,181222,,
SAP.5T8.F,TGO,1991,187753,,
SAP.5T8.F,TGO,1992,194535,,
SAP.5T8.F,TGO,1993,201543,,
SAP.5T8.F,TGO,1994,194939,,
SAP.5T8.F,TGO,1995,205821,,
SAP.5T8.F,TGO,1996,215373,,
SAP.5T8.F,TGO,1997,224177,,
SAP.5T8.F,TGO,1998,232121,,
SAP.5T8.F,TGO,1999,239888,,
SAP.5T8.F,TGO,2000,247256,,
SAP.5T8.F,TGO,2001,253767,,
SAP.5T8.F,TGO,2002,259508,,
SAP.5T8.F,TGO,2003,264666,,
SAP.5T8.F,TGO,2004,270044,,
SAP.5T8.F,TGO,2005,275651,,
SAP.5T8.F,TGO,2006,281204,,
SAP.5T8.F,TGO,2007,289612,,
SAP.5T8.F,TGO,2008,296542,,
SAP.5T8.F,TGO,2009,304511,,
SAP.5T8.F,TGO,2010,311119,,
SAP.5T8.F,TGO,2011,317608,,
SAP.5T8.F,TGO,2012,324047,,
SAP.5T8.F,TGO,2013,330496,,
SAP.5T8.F,TGO,2014,337058,,
SAP.5T8.F,TGO,2015,343356,,
SAP.5T8.F,TGO,2016,349694,,
SAP.5T8.F,TGO,2017,356158,,
SAP.5T8.F,TGO,2018,363482,,
SAP.5T8.F,TGO,2019,371837,,
SAP.5T8.F,TGO,2020,381373,,
SAP.5T8.F,TGO,2021,392099,,
SAP.5T8.F,TGO,2022,403625,,
SAP.5T8.F,TGO,2023,414987,,
SAP.5T8.F,TGO,2024,425795,,
SAP.5T8.F,TGO,2025,436476,,
SAP.5T8.M,TGO,1970,97399,,
SAP.5T8.M,TGO,1971,101018,,
SAP.5T8.M,TGO,1972,104215,,
SAP.5T8.M,TGO,1973,107151,,
SAP.5T8.M,TGO,1974,110289,,
SAP.5T8.M,TGO,1975,112601,,
SAP.5T8.M,TGO,1976,114962,,
SAP.5T8.M,TGO,1977,117339,,
SAP.5T8.M,TGO,1978,119840,,
SAP.5T8.M,TGO,1979,122609,,
SAP.5T8.M,TGO,1980,125875,,
SAP.5T8.M,TGO,1981,129728,,
SAP.5T8.M,TGO,1982,134283,,
SAP.5T8.M,TGO,1983,139453,,
SAP.5T8.M,TGO,1984,144916,,
SAP.5T8.M,TGO,1985,150579,,
SAP.5T8.M,TGO,1986,156228,,
SAP.5T8.M,TGO,1987,161868,,
SAP.5T8.M,TGO,1988,167667,,
SAP.5T8.M,TGO,1989,173782,,
SAP.5T8.M,TGO,1990,180141,,
SAP.5T8.M,TGO,1991,186837,,
SAP.5T8.M,TGO,1992,193833,,
SAP.5T8.M,TGO,1993,201188,,
SAP.5T8.M,TGO,1994,195054,,
SAP.5T8.M,TGO,1995,206418,,
SAP.5T8.M,TGO,1996,216462,,
SAP.5T8.M,TGO,1997,225748,,
SAP.5T8.M,TGO,1998,233958,,
SAP.5T8.M,TGO,1999,241896,,
SAP.5T8.M,TGO,2000,249404,,
SAP.5T8.M,TGO,2001,256128,,
SAP.5T8.M,TGO,2002,262193,,
SAP.5T8.M,TGO,2003,267827,,
SAP.5T8.M,TGO,2004,273734,,
SAP.5T8.M,TGO,2005,279848,,
SAP.5T8.M,TGO,2006,285907,,
SAP.5T8.M,TGO,2007,294658,,
SAP.5T8.M,TGO,2008,301997,,
SAP.5T8.M,TGO,2009,310238,,
SAP.5T8.M,TGO,2010,317155,,
SAP.5T8.M,TGO,2011,323923,,
SAP.5T8.M,TGO,2012,330609,,
SAP.5T8.M,TGO,2013,337257,,
SAP.5T8.M,TGO,2014,344026,,
SAP.5T8.M,TGO,2015,350564,,
SAP.5T8.M,TGO,2016,357118,,
SAP.5T8.M,TGO,2017,363806,,
SAP.5T8.M,TGO,2018,371369,,
SAP.5T8.M,TGO,2019,380036,,
SAP.5T8.M,TGO,2020,389989,,
SAP.5T8.M,TGO,2021,401226,,
SAP.5T8.M,TGO,2022,413310,,
SAP.5T8.M,TGO,2023,425293,,
SAP.5T8.M,TGO,2024,436707,,
SAP.5T8.M,TGO,2025,447959,,
SAP.CE,TGO,1998,1252999,,
SAP.CE,TGO,1999,1281748,,
SAP.CE,TGO,2000,1310676,,
SAP.CE,TGO,2001,1339559,,
SAP.CE,TGO,2002,1367861,,
SAP.CE,TGO,2003,1395553,,
SAP.CE,TGO,2004,1423342,,
SAP.CE,TGO,2005,1452732,,
SAP.CE,TGO,2006,1484054,,
SAP.CE,TGO,2007,1518527,,
SAP.CE,TGO,2008,1553910,,
SAP.CE,TGO,2009,1591508,,
SAP.CE,TGO,2010,1629584,,
SAP.CE,TGO,2011,1668532,,
SAP.CE,TGO,2012,1712442,,
SAP.CE,TGO,2013,1761284,,
SAP.CE,TGO,2014,1815506,,
SAP.CE,TGO,2015,1871977,,
SAP.CE,TGO,2016,1930967,,
SAP.CE,TGO,2017,1991425,,
SAP.CE,TGO,2018,2048988,,
SAP.CE,TGO,2019,2102712,,
SAP.CE,TGO,2020,2154227,,
SAP.CE,TGO,2021,2206151,,
SAP.CE,TGO,2022,2255525,,
SAP.CE,TGO,2023,2302362,,
SAP.CE,TGO,2024,2344385,,
SAP.CE,TGO,2025,2381569,,
SAP.CE.F,TGO,1998,622774,,
SAP.CE.F,TGO,1999,636894,,
SAP.CE.F,TGO,2000,651158,,
SAP.CE.F,TGO,2001,665425,,
SAP.CE.F,TGO,2002,679405,,
SAP.CE.F,TGO,2003,693098,,
SAP.CE.F,TGO,2004,706860,,
SAP.CE.F,TGO,2005,721443,,
SAP.CE.F,TGO,2006,736966,,
SAP.CE.F,TGO,2007,753995,,
SAP.CE.F,TGO,2008,771404,,
SAP.CE.F,TGO,2009,789879,,
SAP.CE.F,TGO,2010,808534,,
SAP.CE.F,TGO,2011,827608,,
SAP.CE.F,TGO,2012,849125,,
SAP.CE.F,TGO,2013,873094,,
SAP.CE.F,TGO,2014,899731,,
SAP.CE.F,TGO,2015,927484,,
SAP.CE.F,TGO,2016,956511,,
SAP.CE.F,TGO,2017,986288,,
SAP.CE.F,TGO,2018,1014658,,
SAP.CE.F,TGO,2019,1041099,,
SAP.CE.F,TGO,2020,1066449,,
SAP.CE.F,TGO,2021,1092005,,
SAP.CE.F,TGO,2022,1116317,,
SAP.CE.F,TGO,2023,1139349,,
SAP.CE.F,TGO,2024,1159980,,
SAP.CE.F,TGO,2025,1178208,,
SAP.CE.M,TGO,1998,630225,,
SAP.CE.M,TGO,1999,644854,,
SAP.CE.M,TGO,2000,659518,,
SAP.CE.M,TGO,2001,674134,,
SAP.CE.M,TGO,2002,688456,,
SAP.CE.M,TGO,2003,702455,,
SAP.CE.M,TGO,2004,716482,,
SAP.CE.M,TGO,2005,731289,,
SAP.CE.M,TGO,2006,747088,,
SAP.CE.M,TGO,2007,764532,,
SAP.CE.M,TGO,2008,782506,,
SAP.CE.M,TGO,2009,801629,,
SAP.CE.M,TGO,2010,821050,,
SAP.CE.M,TGO,2011,840924,,
SAP.CE.M,TGO,2012,863317,,
SAP.CE.M,TGO,2013,888190,,
SAP.CE.M,TGO,2014,915775,,
SAP.CE.M,TGO,2015,944493,,
SAP.CE.M,TGO,2016,974456,,
SAP.CE.M,TGO,2017,1005137,,
SAP.CE.M,TGO,2018,1034330,,
SAP.CE.M,TGO,2019,1061613,,
SAP.CE.M,TGO,2020,1087778,,
SAP.CE.M,TGO,2021,1114146,,
SAP.CE.M,TGO,2022,1139208,,
SAP.CE.M,TGO,2023,1163013,,
SAP.CE.M,TGO,2024,1184405,,
SAP.CE.M,TGO,2025,1203361,,
SLE.02,TGO,1971,.1256899982690811,,
SLE.02,TGO,1972,.0791900008916855,,
SLE.02,TGO,1973,.0891100019216537,,
SLE.02,TGO,1974,.0884300023317337,,
SLE.02,TGO,1975,.0735900029540062,,
SLE.02,TGO,1976,.0770199969410896,,
SLE.02,TGO,1977,.0608000010251999,,
SLE.02,TGO,1978,.0663999989628792,,
SLE.02,TGO,1979,.0735900029540062,,
SLE.02,TGO,1980,.0665199980139732,,
SLE.02,TGO,1981,.0769900009036064,,
SLE.02,TGO,1982,.0870100036263466,,
SLE.02,TGO,1983,.088129997253418,,
SLE.02,TGO,1984,.0842600017786026,,
SLE.02,TGO,1985,.0821800008416176,,
SLE.02,TGO,1986,.0840900018811226,,
SLE.02,TGO,1987,.0829399973154068,,
SLE.02,TGO,1988,.0862699970602989,,
SLE.02,TGO,1989,.0786100029945374,,
SLE.02,TGO,1990,.0801199972629547,,
SLE.02,TGO,1991,.0838799998164177,,
SLE.02,TGO,1994,.0804999992251396,,
SLE.02,TGO,1995,.0740299969911575,,
SLE.02,TGO,1996,.0733399987220764,,
SLE.02,TGO,1997,.0721699967980385,,
SLE.02,TGO,1998,.0710199996829033,,
SLE.02,TGO,1999,.0745700001716614,,
SLE.02,TGO,2000,.061379998922348,,
SLE.02,TGO,2001,.0666199997067451,,
SLE.02,TGO,2002,.0751999989151955,,
SLE.02,TGO,2003,.0771600008010864,,
SLE.02,TGO,2004,.0895299986004829,,UIS_EST
SLE.02,TGO,2006,.1121399998664856,,UIS_EST
SLE.02,TGO,2007,.1227400004863739,,
SLE.02,TGO,2008,.1385200023651123,,
SLE.02,TGO,2009,.2127300053834915,,
SLE.02,TGO,2010,.216509997844696,,
SLE.02,TGO,2011,.2670300006866455,,
SLE.02,TGO,2012,.3105100095272064,,
SLE.02,TGO,2013,.3986000120639801,,
SLE.02,TGO,2014,.4321700036525726,,
SLE.02,TGO,2015,.4947099983692169,,
SLE.02,TGO,2017,.6070200204849243,,
SLE.02,TGO,2018,.657289981842041,,
SLE.02,TGO,2019,.7181699872016907,,
SLE.02,TGO,2020,.8507999777793884,,
SLE.02,TGO,2021,.8287000060081482,,
SLE.02,TGO,2022,.9026100039482117,,
SLE.02,TGO,2023,.9406300187110901,,
SLE.02,TGO,2024,.8828700184822083,,
SLE.02.F,TGO,1971,.1059800013899803,,
SLE.02.F,TGO,1972,.0744799971580505,,
SLE.02.F,TGO,1973,.087289996445179,,
SLE.02.F,TGO,1974,.0823699980974197,,
SLE.02.F,TGO,1975,.0676899999380112,,
SLE.02.F,TGO,1976,.0748099982738495,,
SLE.02.F,TGO,1977,.0575399994850159,,
SLE.02.F,TGO,1978,.0623099990189075,,
SLE.02.F,TGO,1979,.0715000033378601,,
SLE.02.F,TGO,1980,.0638699978590012,,
SLE.02.F,TGO,1981,.0760499984025955,,
SLE.02.F,TGO,1982,.0849099978804588,,
SLE.02.F,TGO,1983,.0865800008177757,,
SLE.02.F,TGO,1984,.0836699977517128,,
SLE.02.F,TGO,1985,.0824199989438057,,
SLE.02.F,TGO,1986,.0819799974560738,,
SLE.02.F,TGO,1987,.0802500024437904,,
SLE.02.F,TGO,1988,.0844599977135658,,
SLE.02.F,TGO,1989,.0794299989938736,,
SLE.02.F,TGO,1990,.0769200026988983,,
SLE.02.F,TGO,1991,.0832099989056587,,
SLE.02.F,TGO,1994,.0803700014948845,,
SLE.02.F,TGO,1995,.0728200003504753,,
SLE.02.F,TGO,1996,.0721300020813942,,
SLE.02.F,TGO,1997,.0705400034785271,,
SLE.02.F,TGO,1998,.0697399973869324,,
SLE.02.F,TGO,1999,.0745600014925003,,
SLE.02.F,TGO,2000,.0630799978971481,,
SLE.02.F,TGO,2001,.066550001502037,,
SLE.02.F,TGO,2002,.0762899965047836,,
SLE.02.F,TGO,2003,.0767399966716766,,
SLE.02.F,TGO,2004,.089869998395443,,UIS_EST
SLE.02.F,TGO,2006,.1126400008797646,,UIS_EST
SLE.02.F,TGO,2007,.1239399984478951,,
SLE.02.F,TGO,2008,.1412000060081482,,
SLE.02.F,TGO,2009,.217960000038147,,
SLE.02.F,TGO,2010,.2201499938964844,,
SLE.02.F,TGO,2011,.2710599899291992,,
SLE.02.F,TGO,2012,.3170399963855743,,
SLE.02.F,TGO,2013,.4079900085926056,,
SLE.02.F,TGO,2014,.4405399858951569,,
SLE.02.F,TGO,2015,.5036600232124329,,
SLE.02.F,TGO,2017,.6213700175285339,,
SLE.02.F,TGO,2018,.6696699857711792,,
SLE.02.F,TGO,2019,.7321500182151794,,
SLE.02.F,TGO,2020,.8697400093078613,,
SLE.02.F,TGO,2021,.8497400283813477,,
SLE.02.F,TGO,2022,.9277499914169312,,
SLE.02.F,TGO,2023,.9562699794769287,,
SLE.02.F,TGO,2024,.9007099866867065,,
SLE.02.GPIA,TGO,1971,.7282599806785583,,
SLE.02.GPIA,TGO,1972,.8873800039291382,,
SLE.02.GPIA,TGO,1973,.9600399732589722,,
SLE.02.GPIA,TGO,1974,.8715299963951111,,
SLE.02.GPIA,TGO,1975,.8512700200080872,,
SLE.02.GPIA,TGO,1976,.9442999958992004,,
SLE.02.GPIA,TGO,1977,.8982999920845032,,
SLE.02.GPIA,TGO,1978,.8837699890136719,,
SLE.02.GPIA,TGO,1979,.9446799755096436,,
SLE.02.GPIA,TGO,1980,.9236900210380554,,
SLE.02.GPIA,TGO,1981,.9761300086975098,,
SLE.02.GPIA,TGO,1982,.9528999924659729,,
SLE.02.GPIA,TGO,1983,.9655600190162659,,
SLE.02.GPIA,TGO,1984,.9859899878501892,,
SLE.02.GPIA,TGO,1985,1.005630016326904,,
SLE.02.GPIA,TGO,1986,.9511200189590454,,
SLE.02.GPIA,TGO,1987,.9374200105667114,,
SLE.02.GPIA,TGO,1988,.95906001329422,,
SLE.02.GPIA,TGO,1989,1.020439982414246,,
SLE.02.GPIA,TGO,1990,.9236599802970886,,
SLE.02.GPIA,TGO,1991,.984220027923584,,
SLE.02.GPIA,TGO,1994,.9967799782752991,,
SLE.02.GPIA,TGO,1995,.9679800271987915,,
SLE.02.GPIA,TGO,1996,.9676300287246704,,
SLE.02.GPIA,TGO,1997,.9558200240135193,,
SLE.02.GPIA,TGO,1998,.9646000266075134,,
SLE.02.GPIA,TGO,1999,.9997299909591675,,
SLE.02.GPIA,TGO,2000,1.053599953651428,,
SLE.02.GPIA,TGO,2001,.9980599880218506,,
SLE.02.GPIA,TGO,2002,1.028589963912964,,
SLE.02.GPIA,TGO,2003,.989329993724823,,
SLE.02.GPIA,TGO,2004,1.007419943809509,,UIS_EST
SLE.02.GPIA,TGO,2006,1.008939981460571,,UIS_EST
SLE.02.GPIA,TGO,2007,1.019260048866272,,
SLE.02.GPIA,TGO,2008,1.037700057029724,,
SLE.02.GPIA,TGO,2009,1.04773998260498,,
SLE.02.GPIA,TGO,2010,1.032850027084351,,
SLE.02.GPIA,TGO,2011,1.029620051383972,,
SLE.02.GPIA,TGO,2012,1.040940046310425,,
SLE.02.GPIA,TGO,2013,1.045719981193542,,
SLE.02.GPIA,TGO,2014,1.03777003288269,,
SLE.02.GPIA,TGO,2015,1.035310029983521,,
SLE.02.GPIA,TGO,2017,1.045869946479797,,
SLE.02.GPIA,TGO,2018,1.036720037460327,,
SLE.02.GPIA,TGO,2019,1.037909984588623,,
SLE.02.GPIA,TGO,2020,1.04324996471405,,
SLE.02.GPIA,TGO,2021,1.049160003662109,,
SLE.02.GPIA,TGO,2022,1.053769946098328,,
SLE.02.GPIA,TGO,2023,1.032449960708618,,
SLE.02.GPIA,TGO,2024,1.039299964904785,,
SLE.02.M,TGO,1971,.1455300003290176,,
SLE.02.M,TGO,1972,.0839300006628036,,
SLE.02.M,TGO,1973,.0909299999475479,,
SLE.02.M,TGO,1974,.0945200026035309,,
SLE.02.M,TGO,1975,.0795200020074844,,
SLE.02.M,TGO,1976,.0792300030589104,,
SLE.02.M,TGO,1977,.0640600025653839,,
SLE.02.M,TGO,1978,.0705000013113022,,
SLE.02.M,TGO,1979,.0756800025701523,,
SLE.02.M,TGO,1980,.0691500008106232,,
SLE.02.M,TGO,1981,.0779099985957146,,
SLE.02.M,TGO,1982,.0891100019216537,,
SLE.02.M,TGO,1983,.0896700024604797,,
SLE.02.M,TGO,1984,.0848599970340729,,
SLE.02.M,TGO,1985,.0819500014185905,,
SLE.02.M,TGO,1986,.0861900001764297,,
SLE.02.M,TGO,1987,.0856100022792816,,
SLE.02.M,TGO,1988,.0880699977278709,,
SLE.02.M,TGO,1989,.0777999982237816,,
SLE.02.M,TGO,1990,.0832799971103668,,
SLE.02.M,TGO,1991,.0845400020480156,,
SLE.02.M,TGO,1994,.0806299969553947,,
SLE.02.M,TGO,1995,.0752300024032593,,
SLE.02.M,TGO,1996,.0745500028133392,,
SLE.02.M,TGO,1997,.0737999975681305,,
SLE.02.M,TGO,1998,.0723000019788742,,
SLE.02.M,TGO,1999,.0745799988508224,,
SLE.02.M,TGO,2000,.0597000010311604,,
SLE.02.M,TGO,2001,.0666799992322922,,
SLE.02.M,TGO,2002,.0741100013256073,,
SLE.02.M,TGO,2003,.0775699988007545,,
SLE.02.M,TGO,2004,.089199997484684,,UIS_EST
SLE.02.M,TGO,2006,.1116399988532066,,UIS_EST
SLE.02.M,TGO,2007,.1215500012040138,,
SLE.02.M,TGO,2008,.1358699947595596,,
SLE.02.M,TGO,2009,.2075500041246414,,
SLE.02.M,TGO,2010,.2129199951887131,,
SLE.02.M,TGO,2011,.2630400061607361,,
SLE.02.M,TGO,2012,.3040600121021271,,
SLE.02.M,TGO,2013,.3893400132656097,,
SLE.02.M,TGO,2014,.4239000082015991,,
SLE.02.M,TGO,2015,.4858700037002563,,
SLE.02.M,TGO,2017,.5928699970245361,,
SLE.02.M,TGO,2018,.6450799703598022,,
SLE.02.M,TGO,2019,.7043899893760681,,
SLE.02.M,TGO,2020,.8321300148963928,,
SLE.02.M,TGO,2021,.8079699873924255,,
SLE.02.M,TGO,2022,.8778600096702576,,
SLE.02.M,TGO,2023,.9252399802207947,,
SLE.02.M,TGO,2024,.86531001329422,,
SLE.1,TGO,1971,3.771939992904663,,
SLE.1,TGO,1972,4.17372989654541,,
SLE.1,TGO,1973,4.366919994354248,,
SLE.1,TGO,1974,4.550149917602539,,
SLE.1,TGO,1975,4.674799919128418,,
SLE.1,TGO,1976,5.007090091705322,,
SLE.1,TGO,1977,5.305870056152344,,
SLE.1,TGO,1978,5.789470195770264,,
SLE.1,TGO,1979,6.139259815216064,,
SLE.1,TGO,1980,6.335720062255859,,
SLE.1,TGO,1981,6.01308012008667,,
SLE.1,TGO,1982,6.088779926300049,,
SLE.1,TGO,1983,5.766749858856201,,
SLE.1,TGO,1984,5.155499935150146,,
SLE.1,TGO,1985,4.92303991317749,,
SLE.1,TGO,1986,4.976749897003174,,
SLE.1,TGO,1987,5.151490211486816,,
SLE.1,TGO,1988,5.162859916687012,,
SLE.1,TGO,1989,5.450530052185059,,
SLE.1,TGO,1990,5.569389820098877,,
SLE.1,TGO,1991,5.890629768371582,,
SLE.1,TGO,1992,5.548319816589355,,
SLE.1,TGO,1994,6.001130104064941,,
SLE.1,TGO,1995,6.568759918212891,,
SLE.1,TGO,1996,6.819859981536865,,
SLE.1,TGO,1997,6.915239810943604,,
SLE.1,TGO,1998,6.741990089416504,,
SLE.1,TGO,1999,7.28371000289917,,
SLE.1,TGO,2000,6.795690059661865,,
SLE.1,TGO,2001,6.867599964141846,,
SLE.1,TGO,2002,6.9374098777771,,
SLE.1,TGO,2003,6.768420219421387,,
SLE.1,TGO,2004,6.706419944763184,,
SLE.1,TGO,2005,6.6427001953125,,
SLE.1,TGO,2006,6.846930027008057,,
SLE.1,TGO,2007,6.506959915161133,,
SLE.1,TGO,2008,6.543799877166748,,
SLE.1,TGO,2009,7.384270191192627,,UIS_EST
SLE.1,TGO,2010,7.571879863739014,,UIS_EST
SLE.1,TGO,2011,7.434629917144775,,UIS_EST
SLE.1,TGO,2012,7.578489780426025,,UIS_EST
SLE.1,TGO,2013,7.696800231933594,,UIS_EST
SLE.1,TGO,2014,7.538129806518555,,
SLE.1,TGO,2015,7.667089939117432,,
SLE.1,TGO,2016,7.427800178527832,,
SLE.1,TGO,2017,7.319270133972168,,
SLE.1,TGO,2018,7.230579853057861,,
SLE.1,TGO,2019,7.216939926147461,,
SLE.1,TGO,2020,7.213290214538574,,
SLE.1,TGO,2021,7.063549995422363,,
SLE.1,TGO,2022,7.112229824066162,,
SLE.1,TGO,2023,6.964230060577393,,
SLE.1,TGO,2024,6.852950096130371,,
SLE.1.F,TGO,1971,2.308789968490601,,
SLE.1.F,TGO,1972,2.599590063095093,,
SLE.1.F,TGO,1973,2.801249980926514,,
SLE.1.F,TGO,1974,2.985869884490967,,
SLE.1.F,TGO,1975,3.134049892425537,,
SLE.1.F,TGO,1976,3.465250015258789,,
SLE.1.F,TGO,1977,3.781630039215088,,
SLE.1.F,TGO,1978,4.201809883117676,,
SLE.1.F,TGO,1979,4.601029872894287,,
SLE.1.F,TGO,1980,4.835169792175293,,
SLE.1.F,TGO,1981,4.704780101776123,,
SLE.1.F,TGO,1982,4.771180152893066,,
SLE.1.F,TGO,1983,4.52262020111084,,
SLE.1.F,TGO,1984,4.006700038909912,,
SLE.1.F,TGO,1985,3.769799947738647,,
SLE.1.F,TGO,1986,3.770519971847534,,
SLE.1.F,TGO,1987,3.914890050888062,,
SLE.1.F,TGO,1988,3.96124005317688,,
SLE.1.F,TGO,1989,4.199779987335205,,
SLE.1.F,TGO,1990,4.352530002593994,,
SLE.1.F,TGO,1991,4.623929977416992,,
SLE.1.F,TGO,1992,4.453579902648926,,
SLE.1.F,TGO,1994,4.787869930267334,,
SLE.1.F,TGO,1995,5.307779788970947,,
SLE.1.F,TGO,1996,5.573450088500977,,
SLE.1.F,TGO,1997,5.738749980926514,,
SLE.1.F,TGO,1998,5.722549915313721,,
SLE.1.F,TGO,1999,6.280330181121826,,
SLE.1.F,TGO,2000,5.96560001373291,,UIS_EST
SLE.1.F,TGO,2001,6.098639965057373,,
SLE.1.F,TGO,2002,6.250659942626953,,
SLE.1.F,TGO,2003,6.147799968719482,,
SLE.1.F,TGO,2004,6.14415979385376,,
SLE.1.F,TGO,2005,6.1284499168396,,
SLE.1.F,TGO,2006,6.358310222625732,,
SLE.1.F,TGO,2007,6.062640190124512,,
SLE.1.F,TGO,2008,6.140940189361572,,
SLE.1.F,TGO,2009,6.82804012298584,,UIS_EST
SLE.1.F,TGO,2010,7.209479808807373,,UIS_EST
SLE.1.F,TGO,2011,7.115950107574463,,UIS_EST
SLE.1.F,TGO,2012,7.312230110168457,,UIS_EST
SLE.1.F,TGO,2013,7.472919940948486,,UIS_EST
SLE.1.F,TGO,2014,7.361539840698242,,
SLE.1.F,TGO,2015,7.528379917144775,,
SLE.1.F,TGO,2016,7.294300079345703,,
SLE.1.F,TGO,2017,7.197000026702881,,
SLE.1.F,TGO,2018,7.151249885559082,,
SLE.1.F,TGO,2019,7.13886022567749,,
SLE.1.F,TGO,2020,7.149089813232422,,
SLE.1.F,TGO,2021,6.983779907226563,,
SLE.1.F,TGO,2022,7.042069911956787,,
SLE.1.F,TGO,2023,6.891839981079102,,
SLE.1.F,TGO,2024,6.784359931945801,,
SLE.1.GPIA,TGO,1971,.4400199949741364,,
SLE.1.GPIA,TGO,1972,.4509699940681458,,
SLE.1.GPIA,TGO,1973,.4709999859333038,,
SLE.1.GPIA,TGO,1974,.4872399866580963,,
SLE.1.GPIA,TGO,1975,.5032200217247009,,
SLE.1.GPIA,TGO,1976,.5281999707221985,,
SLE.1.GPIA,TGO,1977,.552839994430542,,
SLE.1.GPIA,TGO,1978,.5686200261116028,,
SLE.1.GPIA,TGO,1979,.5984799861907959,,
SLE.1.GPIA,TGO,1980,.616349995136261,,
SLE.1.GPIA,TGO,1981,.6424300074577332,,
SLE.1.GPIA,TGO,1982,.6438999772071838,,
SLE.1.GPIA,TGO,1983,.6448900103569031,,
SLE.1.GPIA,TGO,1984,.6355400085449219,,
SLE.1.GPIA,TGO,1985,.6205400228500366,,
SLE.1.GPIA,TGO,1986,.6099399924278259,,
SLE.1.GPIA,TGO,1987,.6132299900054932,,
SLE.1.GPIA,TGO,1988,.6229000091552734,,
SLE.1.GPIA,TGO,1989,.6272600293159485,,
SLE.1.GPIA,TGO,1990,.6420000195503235,,
SLE.1.GPIA,TGO,1991,.6467099785804749,,
SLE.1.GPIA,TGO,1992,.6712899804115295,,
SLE.1.GPIA,TGO,1994,.6645900011062622,,
SLE.1.GPIA,TGO,1995,.6789100170135498,,
SLE.1.GPIA,TGO,1996,.6920700073242188,,
SLE.1.GPIA,TGO,1997,.7103599905967712,,
SLE.1.GPIA,TGO,1998,.7384700179100037,,
SLE.1.GPIA,TGO,1999,.7590000033378601,,
SLE.1.GPIA,TGO,2000,.7834100127220154,,UIS_EST
SLE.1.GPIA,TGO,2001,.7996699810028076,,
SLE.1.GPIA,TGO,2002,.8208299875259399,,
SLE.1.GPIA,TGO,2003,.8329499959945679,,
SLE.1.GPIA,TGO,2004,.8461800217628479,,
SLE.1.GPIA,TGO,2005,.8571299910545349,,
SLE.1.GPIA,TGO,2006,.8675799965858459,,
SLE.1.GPIA,TGO,2007,.8729400038719177,,
SLE.1.GPIA,TGO,2008,.8847500085830688,,
SLE.1.GPIA,TGO,2009,.8607800006866455,,UIS_EST
SLE.1.GPIA,TGO,2010,.9092900156974792,,UIS_EST
SLE.1.GPIA,TGO,2011,.91839998960495,,UIS_EST
SLE.1.GPIA,TGO,2012,.9326500296592712,,UIS_EST
SLE.1.GPIA,TGO,2013,.9439200162887573,,UIS_EST
SLE.1.GPIA,TGO,2014,.9546099901199341,,
SLE.1.GPIA,TGO,2015,.9647899866104126,,
SLE.1.GPIA,TGO,2016,.9650200009346008,,
SLE.1.GPIA,TGO,2017,.9674400091171265,,
SLE.1.GPIA,TGO,2018,.9785000085830688,,
SLE.1.GPIA,TGO,2019,.9787899851799011,,
SLE.1.GPIA,TGO,2020,.9825299978256226,,
SLE.1.GPIA,TGO,2021,.977869987487793,,
SLE.1.GPIA,TGO,2022,.980650007724762,,
SLE.1.GPIA,TGO,2023,.9796199798583984,,
SLE.1.GPIA,TGO,2024,.9803799986839294,,
SLE.1.M,TGO,1971,5.246990203857422,,
SLE.1.M,TGO,1972,5.764490127563477,,
SLE.1.M,TGO,1973,5.947410106658936,,
SLE.1.M,TGO,1974,6.12814998626709,,
SLE.1.M,TGO,1975,6.228050231933594,,
SLE.1.M,TGO,1976,6.560450077056885,,
SLE.1.M,TGO,1977,6.840400218963623,,
SLE.1.M,TGO,1978,7.389440059661865,,
SLE.1.M,TGO,1979,7.687829971313477,,
SLE.1.M,TGO,1980,7.844799995422363,,
SLE.1.M,TGO,1981,7.323430061340332,,
SLE.1.M,TGO,1982,7.409820079803467,,
SLE.1.M,TGO,1983,7.012979984283447,,
SLE.1.M,TGO,1984,6.304379940032959,,
SLE.1.M,TGO,1985,6.075039863586426,,
SLE.1.M,TGO,1986,6.18179988861084,,
SLE.1.M,TGO,1987,6.38401985168457,,
SLE.1.M,TGO,1988,6.359389781951904,,
SLE.1.M,TGO,1989,6.695380210876465,,
SLE.1.M,TGO,1990,6.779669761657715,,
SLE.1.M,TGO,1991,7.149909973144531,,
SLE.1.M,TGO,1992,6.634359836578369,,
SLE.1.M,TGO,1994,7.204239845275879,,
SLE.1.M,TGO,1995,7.818029880523682,,
SLE.1.M,TGO,1996,8.053299903869629,,
SLE.1.M,TGO,1997,8.078610420227051,,
SLE.1.M,TGO,1998,7.749229907989502,,
SLE.1.M,TGO,1999,8.274430274963379,,
SLE.1.M,TGO,2000,7.614960193634033,,UIS_EST
SLE.1.M,TGO,2001,7.626440048217773,,
SLE.1.M,TGO,2002,7.61506986618042,,
SLE.1.M,TGO,2003,7.380790233612061,,
SLE.1.M,TGO,2004,7.261079788208008,,
SLE.1.M,TGO,2005,7.149940013885498,,
SLE.1.M,TGO,2006,7.328810214996338,,
SLE.1.M,TGO,2007,6.945069789886475,,
SLE.1.M,TGO,2008,6.940869808197021,,
SLE.1.M,TGO,2009,7.932360172271729,,UIS_EST
SLE.1.M,TGO,2010,7.928719997406006,,UIS_EST
SLE.1.M,TGO,2011,7.748209953308105,,UIS_EST
SLE.1.M,TGO,2012,7.8403000831604,,UIS_EST
SLE.1.M,TGO,2013,7.916920185089111,,UIS_EST
SLE.1.M,TGO,2014,7.711589813232422,,
SLE.1.M,TGO,2015,7.803140163421631,,
SLE.1.M,TGO,2016,7.558740139007568,,
SLE.1.M,TGO,2017,7.439189910888672,,
SLE.1.M,TGO,2018,7.308390140533447,,
SLE.1.M,TGO,2019,7.293540000915527,,
SLE.1.M,TGO,2020,7.276229858398438,,
SLE.1.M,TGO,2021,7.141819953918457,,
SLE.1.M,TGO,2022,7.181039810180664,,
SLE.1.M,TGO,2023,7.035210132598877,,
SLE.1.M,TGO,2024,6.920159816741943,,
SLE.1T2,TGO,1995,7.752620220184326,,
SLE.1T2,TGO,1999,8.821619987487793,,
SLE.1T2,TGO,2000,8.509110450744629,,
SLE.1T2,TGO,2001,8.722709655761719,,UIS_EST
SLE.1T2,TGO,2002,9.040149688720703,,UIS_EST
SLE.1T2,TGO,2003,9.000749588012695,,
SLE.1T2,TGO,2004,9.03007984161377,,
SLE.1T2,TGO,2005,8.972129821777344,,
SLE.1T2,TGO,2006,9.253080368041992,,
SLE.1T2,TGO,2007,8.629679679870605,,UIS_EST
SLE.1T2,TGO,2011,10.0556697845459,,UIS_EST
SLE.1T2,TGO,2017,10.48425006866455,,
SLE.1T2,TGO,2021,10.26270008087158,,
SLE.1T2,TGO,2023,10.09790992736816,,
SLE.1T2.F,TGO,1995,5.97868013381958,,
SLE.1T2.F,TGO,1999,7.23360013961792,,
SLE.1T2.F,TGO,2000,7.09315013885498,,UIS_EST
SLE.1T2.F,TGO,2001,7.344510078430176,,UIS_EST
SLE.1T2.F,TGO,2002,7.702199935913086,,UIS_EST
SLE.1T2.F,TGO,2003,7.702960014343262,,
SLE.1T2.F,TGO,2004,7.809490203857422,,
SLE.1T2.F,TGO,2005,7.833439826965332,,
SLE.1T2.F,TGO,2006,8.155349731445313,,
SLE.1T2.F,TGO,2007,7.620580196380615,,UIS_EST
SLE.1T2.F,TGO,2017,9.976129531860352,,
SLE.1T2.F,TGO,2021,9.8956298828125,,
SLE.1T2.F,TGO,2023,9.781439781188965,,
SLE.1T2.GPIA,TGO,1995,.6286100149154663,,
SLE.1T2.GPIA,TGO,1999,.6962400078773499,,
SLE.1T2.GPIA,TGO,2000,.7160199880599976,,UIS_EST
SLE.1T2.GPIA,TGO,2001,.7284700274467468,,UIS_EST
SLE.1T2.GPIA,TGO,2002,.7435100078582764,,UIS_EST
SLE.1T2.GPIA,TGO,2003,.7493199706077576,,
SLE.1T2.GPIA,TGO,2004,.7631599903106689,,
SLE.1T2.GPIA,TGO,2005,.7760199904441833,,
SLE.1T2.GPIA,TGO,2006,.789110004901886,,
SLE.1T2.GPIA,TGO,2007,.7918300032615662,,UIS_EST
SLE.1T2.GPIA,TGO,2017,.9083799719810486,,
SLE.1T2.GPIA,TGO,2021,.93163001537323,,
SLE.1T2.GPIA,TGO,2023,.9398599863052368,,
SLE.1T2.M,TGO,1995,9.510930061340332,,
SLE.1T2.M,TGO,1999,10.38955974578857,,
SLE.1T2.M,TGO,2000,9.906310081481934,,UIS_EST
SLE.1T2.M,TGO,2001,10.08207035064697,,UIS_EST
SLE.1T2.M,TGO,2002,10.35929012298584,,UIS_EST
SLE.1T2.M,TGO,2003,10.27999019622803,,
SLE.1T2.M,TGO,2004,10.23303031921387,,
SLE.1T2.M,TGO,2005,10.09430980682373,,
SLE.1T2.M,TGO,2006,10.33481025695801,,
SLE.1T2.M,TGO,2007,9.62399959564209,,UIS_EST
SLE.1T2.M,TGO,2017,10.98235034942627,,
SLE.1T2.M,TGO,2021,10.62182998657227,,
SLE.1T2.M,TGO,2023,10.40729999542236,,
SLE.1T3,TGO,1971,4.212200164794922,,
SLE.1T3,TGO,1972,4.703939914703369,,
SLE.1T3,TGO,1973,4.960169792175293,,
SLE.1T3,TGO,1974,5.244410037994385,,
SLE.1T3,TGO,1975,5.547470092773438,,
SLE.1T3,TGO,1976,6.138370037078857,,
SLE.1T3,TGO,1977,6.694910049438477,,
SLE.1T3,TGO,1978,7.389959812164307,,
SLE.1T3,TGO,1979,7.981870174407959,,
SLE.1T3,TGO,1980,8.346460342407227,,
SLE.1T3,TGO,1982,8.000240325927734,,
SLE.1T3,TGO,1983,7.447500228881836,,
SLE.1T3,TGO,1984,6.539569854736328,,
SLE.1T3,TGO,1985,6.114220142364502,,
SLE.1T3,TGO,1986,6.199850082397461,,
SLE.1T3,TGO,1987,6.347660064697266,,
SLE.1T3,TGO,1988,6.514080047607422,,
SLE.1T3,TGO,1989,6.69743013381958,,
SLE.1T3,TGO,1990,6.964459896087646,,
SLE.1T3,TGO,1991,7.303269863128662,,
SLE.1T3,TGO,1992,6.858950138092041,,
SLE.1T3,TGO,1994,7.395589828491211,,
SLE.1T3,TGO,1995,8.084420204162598,,
SLE.1T3,TGO,1996,8.432609558105469,,
SLE.1T3,TGO,1997,8.556269645690918,,
SLE.1T3,TGO,1999,9.35237979888916,,
SLE.1T3,TGO,2000,9.079910278320313,,UIS_EST
SLE.1T3,TGO,2001,9.361180305480957,,UIS_EST
SLE.1T3,TGO,2002,9.631500244140625,,
SLE.1T3,TGO,2003,9.610210418701172,,
SLE.1T3,TGO,2004,9.698169708251953,,UIS_EST
SLE.1T3,TGO,2005,9.738659858703613,,
SLE.1T3,TGO,2006,10.06902980804443,,
SLE.1T3,TGO,2007,9.500149726867676,,
SLE.1T3,TGO,2011,11.12856960296631,,UIS_EST
SLE.1T3,TGO,2017,11.64980983734131,,
SLE.1T3,TGO,2021,11.53065967559814,,
SLE.1T3,TGO,2023,11.41901969909668,,
SLE.1T3.F,TGO,1971,2.504879951477051,,
SLE.1T3.F,TGO,1972,2.860549926757813,,
SLE.1T3.F,TGO,1973,3.080379962921143,,
SLE.1T3.F,TGO,1974,3.314100027084351,,
SLE.1T3.F,TGO,1975,3.537169933319092,,
SLE.1T3.F,TGO,1976,4.000969886779785,,
SLE.1T3.F,TGO,1977,4.413680076599121,,
SLE.1T3.F,TGO,1978,4.937039852142334,,
SLE.1T3.F,TGO,1979,5.475419998168945,,
SLE.1T3.F,TGO,1980,5.803369998931885,,
SLE.1T3.F,TGO,1982,5.737239837646484,,
SLE.1T3.F,TGO,1983,5.361279964447021,,
SLE.1T3.F,TGO,1984,4.685840129852295,,
SLE.1T3.F,TGO,1985,4.341189861297607,,
SLE.1T3.F,TGO,1986,4.349699974060059,,
SLE.1T3.F,TGO,1987,4.478479862213135,,
SLE.1T3.F,TGO,1988,4.626619815826416,,
SLE.1T3.F,TGO,1989,4.795629978179932,,
SLE.1T3.F,TGO,1990,5.065420150756836,,
SLE.1T3.F,TGO,1991,5.326849937438965,,
SLE.1T3.F,TGO,1992,5.102590084075928,,
SLE.1T3.F,TGO,1994,5.503250122070313,,
SLE.1T3.F,TGO,1995,6.103260040283203,,
SLE.1T3.F,TGO,1996,6.419320106506348,,
SLE.1T3.F,TGO,1997,6.619279861450195,,
SLE.1T3.F,TGO,1999,7.451950073242188,,
SLE.1T3.F,TGO,2000,7.368750095367432,,UIS_EST
SLE.1T3.F,TGO,2001,7.65507984161377,,UIS_EST
SLE.1T3.F,TGO,2002,8.00452995300293,,
SLE.1T3.F,TGO,2003,8.038100242614746,,
SLE.1T3.F,TGO,2004,8.17411994934082,,UIS_EST
SLE.1T3.F,TGO,2005,8.293849945068359,,
SLE.1T3.F,TGO,2006,8.652620315551758,,
SLE.1T3.F,TGO,2007,8.150369644165039,,UIS_EST
SLE.1T3.F,TGO,2017,10.83827972412109,,
SLE.1T3.F,TGO,2021,10.97354030609131,,
SLE.1T3.F,TGO,2023,11.00541019439697,,
SLE.1T3.GPIA,TGO,1971,.4221200048923492,,
SLE.1T3.GPIA,TGO,1972,.4356099963188171,,
SLE.1T3.GPIA,TGO,1973,.4491499960422516,,
SLE.1T3.GPIA,TGO,1974,.460779994726181,,
SLE.1T3.GPIA,TGO,1975,.4669300019741058,,
SLE.1T3.GPIA,TGO,1976,.4824199974536896,,
SLE.1T3.GPIA,TGO,1977,.4907200038433075,,
SLE.1T3.GPIA,TGO,1978,.5005199909210205,,
SLE.1T3.GPIA,TGO,1979,.5210800170898438,,
SLE.1T3.GPIA,TGO,1980,.532069981098175,,
SLE.1T3.GPIA,TGO,1982,.5584700107574463,,
SLE.1T3.GPIA,TGO,1983,.5619300007820129,,
SLE.1T3.GPIA,TGO,1984,.5580499768257141,,
SLE.1T3.GPIA,TGO,1985,.550320029258728,,
SLE.1T3.GPIA,TGO,1986,.5403000116348267,,
SLE.1T3.GPIA,TGO,1987,.5452600121498108,,
SLE.1T3.GPIA,TGO,1988,.55103999376297,,
SLE.1T3.GPIA,TGO,1989,.558139979839325,,
SLE.1T3.GPIA,TGO,1990,.5720599889755249,,
SLE.1T3.GPIA,TGO,1991,.5745499730110168,,
SLE.1T3.GPIA,TGO,1992,.5931100249290466,,
SLE.1T3.GPIA,TGO,1994,.5934600234031677,,
SLE.1T3.GPIA,TGO,1995,.6073899865150452,,
SLE.1T3.GPIA,TGO,1996,.6156799793243408,,
SLE.1T3.GPIA,TGO,1997,.6320400238037109,,
SLE.1T3.GPIA,TGO,1999,.6635299921035767,,
SLE.1T3.GPIA,TGO,2000,.6841599941253662,,UIS_EST
SLE.1T3.GPIA,TGO,2001,.6930099725723267,,UIS_EST
SLE.1T3.GPIA,TGO,2002,.7124199867248535,,
SLE.1T3.GPIA,TGO,2003,.7202900052070618,,
SLE.1T3.GPIA,TGO,2004,.7298399806022644,,UIS_EST
SLE.1T3.GPIA,TGO,2005,.7430700063705444,,
SLE.1T3.GPIA,TGO,2006,.7547799944877625,,
SLE.1T3.GPIA,TGO,2007,.7526299953460693,,UIS_EST
SLE.1T3.GPIA,TGO,2017,.8708800077438354,,
SLE.1T3.GPIA,TGO,2021,.9087499976158142,,
SLE.1T3.GPIA,TGO,2023,.9308300018310547,,
SLE.1T3.M,TGO,1971,5.9340500831604,,
SLE.1T3.M,TGO,1972,6.566830158233643,,
SLE.1T3.M,TGO,1973,6.858190059661865,,
SLE.1T3.M,TGO,1974,7.192389965057373,,
SLE.1T3.M,TGO,1975,7.575310230255127,,
SLE.1T3.M,TGO,1976,8.293600082397461,,
SLE.1T3.M,TGO,1977,8.994330406188965,,
SLE.1T3.M,TGO,1978,9.863849639892578,,
SLE.1T3.M,TGO,1979,10.5077600479126,,
SLE.1T3.M,TGO,1980,10.90709018707275,,
SLE.1T3.M,TGO,1982,10.27320957183838,,
SLE.1T3.M,TGO,1983,9.540840148925781,,
SLE.1T3.M,TGO,1984,8.396880149841309,,
SLE.1T3.M,TGO,1985,7.888440132141113,,
SLE.1T3.M,TGO,1986,8.050519943237305,,
SLE.1T3.M,TGO,1987,8.213520050048828,,
SLE.1T3.M,TGO,1988,8.39622974395752,,
SLE.1T3.M,TGO,1989,8.592169761657715,,
SLE.1T3.M,TGO,1990,8.854769706726074,,
SLE.1T3.M,TGO,1991,9.27140998840332,,
SLE.1T3.M,TGO,1992,8.603150367736816,,
SLE.1T3.M,TGO,1994,9.273130416870117,,
SLE.1T3.M,TGO,1995,10.04837989807129,,
SLE.1T3.M,TGO,1996,10.42640972137451,,
SLE.1T3.M,TGO,1997,10.47292041778564,,
SLE.1T3.M,TGO,1999,11.23071956634521,,
SLE.1T3.M,TGO,2000,10.77046966552734,,UIS_EST
SLE.1T3.M,TGO,2001,11.04607009887695,,UIS_EST
SLE.1T3.M,TGO,2002,11.23563957214355,,
SLE.1T3.M,TGO,2003,11.15950965881348,,
SLE.1T3.M,TGO,2004,11.19989967346191,,UIS_EST
SLE.1T3.M,TGO,2005,11.16158008575439,,
SLE.1T3.M,TGO,2006,11.46368980407715,,
SLE.1T3.M,TGO,2007,10.82921981811523,,UIS_EST
SLE.1T3.M,TGO,2017,12.44521045684814,,
SLE.1T3.M,TGO,2021,12.07548046112061,,
SLE.1T3.M,TGO,2023,11.8231897354126,,
SLE.1T8,TGO,1971,4.234020233154297,,
SLE.1T8,TGO,1972,4.737629890441895,,
SLE.1T8,TGO,1973,4.994249820709229,,
SLE.1T8,TGO,1974,5.277550220489502,,
SLE.1T8,TGO,1975,5.583189964294434,,
SLE.1T8,TGO,1976,6.189209938049316,,
SLE.1T8,TGO,1977,6.753699779510498,,
SLE.1T8,TGO,1978,7.455269813537598,,
SLE.1T8,TGO,1979,8.045960426330566,,
SLE.1T8,TGO,1980,8.418270111083984,,
SLE.1T8,TGO,1982,8.079970359802246,,
SLE.1T8,TGO,1983,7.519430160522461,,
SLE.1T8,TGO,1984,6.612249851226807,,
SLE.1T8,TGO,1987,6.443379878997803,,
SLE.1T8,TGO,1988,6.619369983673096,,
SLE.1T8,TGO,1989,6.804329872131348,,
SLE.1T8,TGO,1990,7.072750091552734,,
SLE.1T8,TGO,1991,7.422979831695557,,
SLE.1T8,TGO,1992,6.990580081939697,,
SLE.1T8,TGO,1994,7.515079975128174,,
SLE.1T8,TGO,1995,8.219940185546875,,
SLE.1T8,TGO,1996,8.567370414733887,,
SLE.1T8,TGO,2000,9.244580268859863,,UIS_EST
SLE.1T8,TGO,2001,9.52517032623291,,UIS_EST
SLE.1T8,TGO,2003,9.762310028076172,,UIS_EST
SLE.1T8,TGO,2004,9.862959861755371,,UIS_EST
SLE.1T8,TGO,2005,9.919289588928223,,UIS_EST
SLE.1T8,TGO,2006,10.31655979156494,,UIS_EST
SLE.1T8,TGO,2007,9.778289794921875,,
SLE.1T8,TGO,2011,11.66405963897705,,UIS_EST
SLE.1T8,TGO,2017,12.31682014465332,,
SLE.1T8.F,TGO,1972,2.868050098419189,,
SLE.1T8.F,TGO,1973,3.087529897689819,,
SLE.1T8.F,TGO,1974,3.322520017623901,,
SLE.1T8.F,TGO,1975,3.546550035476685,,
SLE.1T8.F,TGO,1976,4.014840126037598,,
SLE.1T8.F,TGO,1977,4.432400226593018,,
SLE.1T8.F,TGO,1978,4.962160110473633,,
SLE.1T8.F,TGO,1979,5.496359825134277,,
SLE.1T8.F,TGO,1980,5.826200008392334,,
SLE.1T8.F,TGO,1982,5.760429859161377,,
SLE.1T8.F,TGO,1983,5.381499767303467,,
SLE.1T8.F,TGO,1984,4.708419799804688,,
SLE.1T8.F,TGO,1987,4.50314998626709,,
SLE.1T8.F,TGO,1988,4.652599811553955,,
SLE.1T8.F,TGO,1990,5.093900203704834,,
SLE.1T8.F,TGO,1991,5.360189914703369,,
SLE.1T8.F,TGO,1992,5.133920192718506,,
SLE.1T8.F,TGO,1994,5.532149791717529,,
SLE.1T8.F,TGO,1995,6.139379978179932,,
SLE.1T8.F,TGO,1996,6.459829807281494,,
SLE.1T8.F,TGO,2000,7.419690132141113,,UIS_EST
SLE.1T8.F,TGO,2001,7.708320140838623,,UIS_EST
SLE.1T8.F,TGO,2003,8.086739540100098,,UIS_EST
SLE.1T8.F,TGO,2004,8.226829528808594,,UIS_EST
SLE.1T8.F,TGO,2005,8.351639747619629,,UIS_EST
SLE.1T8.F,TGO,2006,8.73173999786377,,UIS_EST
SLE.1T8.F,TGO,2007,8.239270210266113,,UIS_EST
SLE.1T8.F,TGO,2017,11.25302982330322,,
SLE.1T8.GPIA,TGO,1972,.432779997587204,,
SLE.1T8.GPIA,TGO,1973,.4462099969387054,,
SLE.1T8.GPIA,TGO,1974,.4582400023937225,,
SLE.1T8.GPIA,TGO,1975,.4643499851226807,,
SLE.1T8.GPIA,TGO,1976,.4789899885654449,,
SLE.1T8.GPIA,TGO,1977,.487419992685318,,
SLE.1T8.GPIA,TGO,1978,.4977200031280518,,
SLE.1T8.GPIA,TGO,1979,.517769992351532,,
SLE.1T8.GPIA,TGO,1980,.5282899737358093,,
SLE.1T8.GPIA,TGO,1982,.5533499717712402,,
SLE.1T8.GPIA,TGO,1983,.5568000078201294,,
SLE.1T8.GPIA,TGO,1984,.552619993686676,,
SLE.1T8.GPIA,TGO,1987,.537310004234314,,
SLE.1T8.GPIA,TGO,1988,.542169988155365,,
SLE.1T8.GPIA,TGO,1990,.5632799863815308,,
SLE.1T8.GPIA,TGO,1991,.5655400156974792,,
SLE.1T8.GPIA,TGO,1992,.581059992313385,,
SLE.1T8.GPIA,TGO,1994,.5833699703216553,,
SLE.1T8.GPIA,TGO,1995,.5970399975776672,,
SLE.1T8.GPIA,TGO,1996,.6062800288200378,,
SLE.1T8.GPIA,TGO,2000,.6715899705886841,,UIS_EST
SLE.1T8.GPIA,TGO,2001,.6809599995613098,,UIS_EST
SLE.1T8.GPIA,TGO,2003,.7085000276565552,,UIS_EST
SLE.1T8.GPIA,TGO,2004,.716920018196106,,UIS_EST
SLE.1T8.GPIA,TGO,2005,.7285599708557129,,UIS_EST
SLE.1T8.GPIA,TGO,2006,.7351899743080139,,UIS_EST
SLE.1T8.GPIA,TGO,2007,.7295699715614319,,UIS_EST
SLE.1T8.GPIA,TGO,2017,.8423399925231934,,
SLE.1T8.M,TGO,1972,6.626989841461182,,
SLE.1T8.M,TGO,1973,6.91949987411499,,
SLE.1T8.M,TGO,1974,7.25055980682373,,
SLE.1T8.M,TGO,1975,7.637700080871582,,
SLE.1T8.M,TGO,1976,8.381890296936035,,
SLE.1T8.M,TGO,1977,9.093700408935547,,
SLE.1T8.M,TGO,1978,9.969869613647461,,
SLE.1T8.M,TGO,1979,10.61553955078125,,
SLE.1T8.M,TGO,1980,11.02847957611084,,
SLE.1T8.M,TGO,1982,10.41012954711914,,
SLE.1T8.M,TGO,1983,9.665040016174316,,
SLE.1T8.M,TGO,1984,8.520159721374512,,
SLE.1T8.M,TGO,1987,8.380880355834961,,
SLE.1T8.M,TGO,1988,8.581419944763184,,
SLE.1T8.M,TGO,1990,9.043339729309082,,
SLE.1T8.M,TGO,1991,9.477930068969727,,
SLE.1T8.M,TGO,1992,8.835439682006836,,
SLE.1T8.M,TGO,1994,9.483149528503418,,
SLE.1T8.M,TGO,1995,10.28299999237061,,
SLE.1T8.M,TGO,1996,10.65495014190674,,
SLE.1T8.M,TGO,2000,11.04788970947266,,UIS_EST
SLE.1T8.M,TGO,2001,11.31980037689209,,UIS_EST
SLE.1T8.M,TGO,2003,11.41384983062744,,UIS_EST
SLE.1T8.M,TGO,2004,11.47525978088379,,UIS_EST
SLE.1T8.M,TGO,2005,11.463210105896,,UIS_EST
SLE.1T8.M,TGO,2006,11.87685966491699,,UIS_EST
SLE.1T8.M,TGO,2007,11.29337024688721,,UIS_EST
SLE.1T8.M,TGO,2017,13.35919952392578,,
SLE.2T3,TGO,1971,.4402599930763245,,
SLE.2T3,TGO,1972,.5302000045776367,,
SLE.2T3,TGO,1973,.5932499766349792,,
SLE.2T3,TGO,1974,.6942600011825562,,
SLE.2T3,TGO,1975,.8726699948310852,,
SLE.2T3,TGO,1976,1.131270051002502,,
SLE.2T3,TGO,1977,1.389039993286133,,
SLE.2T3,TGO,1978,1.600489974021912,,
SLE.2T3,TGO,1979,1.842599987983704,,
SLE.2T3,TGO,1980,2.010740041732788,,
SLE.2T3,TGO,1982,1.911460041999817,,
SLE.2T3,TGO,1983,1.680750012397766,,
SLE.2T3,TGO,1984,1.384080052375793,,
SLE.2T3,TGO,1985,1.191179990768433,,
SLE.2T3,TGO,1986,1.223099946975708,,
SLE.2T3,TGO,1987,1.196169972419739,,
SLE.2T3,TGO,1988,1.351220011711121,,
SLE.2T3,TGO,1989,1.246899962425232,,
SLE.2T3,TGO,1990,1.395079970359802,,
SLE.2T3,TGO,1991,1.412629961967468,,
SLE.2T3,TGO,1992,1.310629963874817,,
SLE.2T3,TGO,1994,1.394459962844849,,
SLE.2T3,TGO,1995,1.515660047531128,,
SLE.2T3,TGO,1996,1.612740039825439,,
SLE.2T3,TGO,1997,1.641029953956604,,
SLE.2T3,TGO,1999,2.068680047988892,,
SLE.2T3,TGO,2000,2.284219980239868,,UIS_EST
SLE.2T3,TGO,2001,2.493580102920532,,UIS_EST
SLE.2T3,TGO,2002,2.694089889526367,,
SLE.2T3,TGO,2003,2.841779947280884,,
SLE.2T3,TGO,2004,2.991750001907349,,UIS_EST
SLE.2T3,TGO,2005,3.095959901809692,,
SLE.2T3,TGO,2006,3.222100019454956,,
SLE.2T3,TGO,2007,2.993190050125122,,
SLE.2T3,TGO,2011,3.693939924240112,,
SLE.2T3,TGO,2017,4.330550193786621,,
SLE.2T3,TGO,2021,4.467110157012939,,
SLE.2T3,TGO,2023,4.454790115356445,,
SLE.2T3.F,TGO,1971,.1960899978876114,,
SLE.2T3.F,TGO,1972,.2609600126743317,,
SLE.2T3.F,TGO,1973,.2791300117969513,,
SLE.2T3.F,TGO,1974,.3282299935817719,,
SLE.2T3.F,TGO,1975,.4031200110912323,,
SLE.2T3.F,TGO,1976,.5357199907302856,,
SLE.2T3.F,TGO,1977,.6320499777793884,,
SLE.2T3.F,TGO,1978,.735230028629303,,
SLE.2T3.F,TGO,1979,.8743900060653687,,
SLE.2T3.F,TGO,1980,.9682000279426575,,
SLE.2T3.F,TGO,1982,.9660500288009644,,
SLE.2T3.F,TGO,1983,.8386600017547607,,
SLE.2T3.F,TGO,1984,.6791399717330933,,
SLE.2T3.F,TGO,1985,.5713899731636047,,
SLE.2T3.F,TGO,1986,.5791699886322021,,
SLE.2T3.F,TGO,1987,.5635899901390076,,
SLE.2T3.F,TGO,1988,.6653800010681152,,
SLE.2T3.F,TGO,1989,.5958499908447266,,
SLE.2T3.F,TGO,1990,.7128900289535522,,
SLE.2T3.F,TGO,1991,.7029200196266174,,
SLE.2T3.F,TGO,1992,.6490100026130676,,
SLE.2T3.F,TGO,1994,.7153800129890442,,
SLE.2T3.F,TGO,1995,.7954800128936768,,
SLE.2T3.F,TGO,1996,.8458700180053711,,
SLE.2T3.F,TGO,1997,.8805299997329712,,
SLE.2T3.F,TGO,1999,1.171630024909973,,
SLE.2T3.F,TGO,2000,1.403149962425232,,UIS_EST
SLE.2T3.F,TGO,2001,1.556439995765686,,UIS_EST
SLE.2T3.F,TGO,2002,1.753870010375977,,
SLE.2T3.F,TGO,2003,1.890290021896362,,
SLE.2T3.F,TGO,2004,2.029959917068481,,UIS_EST
SLE.2T3.F,TGO,2005,2.165390014648438,,
SLE.2T3.F,TGO,2006,2.294310092926025,,
SLE.2T3.F,TGO,2007,2.087729930877686,,UIS_EST
SLE.2T3.F,TGO,2017,3.641289949417114,,
SLE.2T3.F,TGO,2021,3.989759922027588,,
SLE.2T3.F,TGO,2023,4.113570213317871,,
SLE.2T3.GPIA,TGO,1971,.285400003194809,,
SLE.2T3.GPIA,TGO,1972,.3252499997615814,,
SLE.2T3.GPIA,TGO,1973,.3064700067043304,,
SLE.2T3.GPIA,TGO,1974,.3084200024604797,,
SLE.2T3.GPIA,TGO,1975,.2992100119590759,,
SLE.2T3.GPIA,TGO,1976,.3091000020503998,,
SLE.2T3.GPIA,TGO,1977,.2934400141239166,,
SLE.2T3.GPIA,TGO,1978,.2971299886703491,,
SLE.2T3.GPIA,TGO,1979,.3100700080394745,,
SLE.2T3.GPIA,TGO,1980,.3161700069904327,,
SLE.2T3.GPIA,TGO,1982,.3373799920082092,,
SLE.2T3.GPIA,TGO,1983,.3317700028419495,,
SLE.2T3.GPIA,TGO,1984,.3245599865913391,,
SLE.2T3.GPIA,TGO,1985,.3151000142097473,,
SLE.2T3.GPIA,TGO,1986,.3099299967288971,,
SLE.2T3.GPIA,TGO,1987,.3080599904060364,,
SLE.2T3.GPIA,TGO,1988,.3266699910163879,,
SLE.2T3.GPIA,TGO,1989,.3141399919986725,,
SLE.2T3.GPIA,TGO,1990,.3435499966144562,,
SLE.2T3.GPIA,TGO,1991,.3313300013542175,,
SLE.2T3.GPIA,TGO,1992,.3296500146389008,,
SLE.2T3.GPIA,TGO,1994,.3457799851894379,,
SLE.2T3.GPIA,TGO,1995,.356660008430481,,
SLE.2T3.GPIA,TGO,1996,.356440007686615,,
SLE.2T3.GPIA,TGO,1997,.3677600026130676,,
SLE.2T3.GPIA,TGO,1999,.3963199853897095,,
SLE.2T3.GPIA,TGO,2000,.4446699917316437,,UIS_EST
SLE.2T3.GPIA,TGO,2001,.4551500082015991,,UIS_EST
SLE.2T3.GPIA,TGO,2002,.4844200015068054,,
SLE.2T3.GPIA,TGO,2003,.500249981880188,,
SLE.2T3.GPIA,TGO,2004,.5153700113296509,,UIS_EST
SLE.2T3.GPIA,TGO,2005,.5397800207138062,,
SLE.2T3.GPIA,TGO,2006,.5548700094223022,,
SLE.2T3.GPIA,TGO,2007,.5375000238418579,,UIS_EST
SLE.2T3.GPIA,TGO,2017,.7273799777030945,,
SLE.2T3.GPIA,TGO,2021,.80867999792099,,
SLE.2T3.GPIA,TGO,2023,.8591499924659729,,
SLE.2T3.M,TGO,1971,.6870599985122681,,
SLE.2T3.M,TGO,1972,.8023399710655212,,
SLE.2T3.M,TGO,1973,.9107699990272522,,
SLE.2T3.M,TGO,1974,1.064239978790283,,
SLE.2T3.M,TGO,1975,1.347270011901855,,
SLE.2T3.M,TGO,1976,1.733150005340576,,
SLE.2T3.M,TGO,1977,2.153929948806763,,
SLE.2T3.M,TGO,1978,2.474420070648193,,
SLE.2T3.M,TGO,1979,2.819930076599121,,
SLE.2T3.M,TGO,1980,3.062289953231812,,
SLE.2T3.M,TGO,1982,2.86338996887207,,
SLE.2T3.M,TGO,1983,2.527859926223755,,
SLE.2T3.M,TGO,1984,2.092509984970093,,
SLE.2T3.M,TGO,1985,1.813390016555786,,
SLE.2T3.M,TGO,1986,1.868720054626465,,
SLE.2T3.M,TGO,1987,1.829499959945679,,
SLE.2T3.M,TGO,1988,2.036839962005615,,
SLE.2T3.M,TGO,1989,1.896790027618408,,
SLE.2T3.M,TGO,1990,2.075089931488037,,
SLE.2T3.M,TGO,1991,2.121500015258789,,
SLE.2T3.M,TGO,1992,1.968790054321289,,
SLE.2T3.M,TGO,1994,2.06889009475708,,
SLE.2T3.M,TGO,1995,2.230340003967285,,
SLE.2T3.M,TGO,1996,2.37310004234314,,
SLE.2T3.M,TGO,1997,2.394309997558594,,
SLE.2T3.M,TGO,1999,2.956290006637573,,
SLE.2T3.M,TGO,2000,3.155519962310791,,UIS_EST
SLE.2T3.M,TGO,2001,3.41963005065918,,UIS_EST
SLE.2T3.M,TGO,2002,3.620579957962036,,
SLE.2T3.M,TGO,2003,3.778719902038574,,
SLE.2T3.M,TGO,2004,3.938819885253906,,UIS_EST
SLE.2T3.M,TGO,2005,4.011640071868896,,
SLE.2T3.M,TGO,2006,4.134870052337646,,
SLE.2T3.M,TGO,2007,3.884160041809082,,UIS_EST
SLE.2T3.M,TGO,2017,5.006020069122314,,
SLE.2T3.M,TGO,2021,4.93366003036499,,
SLE.2T3.M,TGO,2023,4.787970066070557,,
SLE.4,TGO,1999,.0038799999747425,,
SLE.4,TGO,2020,.0006699999794364,,
SLE.4,TGO,2021,.0007900000200607,,
SLE.4.F,TGO,1999,.0011800000211224,,
SLE.4.F,TGO,2020,.0001699999993434,,
SLE.4.F,TGO,2021,.0001500000071246,,
SLE.4.GPIA,TGO,1999,.1787600070238113,,
SLE.4.GPIA,TGO,2020,.148839995265007,,
SLE.4.GPIA,TGO,2021,.1047400012612343,,
SLE.4.M,TGO,1999,.0065799998119473,,
SLE.4.M,TGO,2020,.0011599999852479,,
SLE.4.M,TGO,2021,.0014199999859557,,
SLE.5T8,TGO,1971,.0218199994415045,,
SLE.5T8,TGO,1972,.0336900018155575,,
SLE.5T8,TGO,1973,.0340799987316132,,
SLE.5T8,TGO,1974,.0331399999558926,,
SLE.5T8,TGO,1975,.0357199981808662,,
SLE.5T8,TGO,1976,.0508500002324581,,
SLE.5T8,TGO,1977,.058789998292923,,
SLE.5T8,TGO,1978,.065310001373291,,
SLE.5T8,TGO,1979,.0640899986028671,,
SLE.5T8,TGO,1980,.0718099996447563,,
SLE.5T8,TGO,1981,.090999998152256,,
SLE.5T8,TGO,1982,.0797400027513504,,
SLE.5T8,TGO,1983,.0719299986958504,,
SLE.5T8,TGO,1984,.0726799964904785,,
SLE.5T8,TGO,1987,.095720000565052,,
SLE.5T8,TGO,1988,.1052799969911575,,
SLE.5T8,TGO,1989,.1068900004029274,,
SLE.5T8,TGO,1990,.1082800030708313,,
SLE.5T8,TGO,1991,.119719997048378,,
SLE.5T8,TGO,1992,.131630003452301,,
SLE.5T8,TGO,1993,.1108099967241287,,
SLE.5T8,TGO,1994,.119489997625351,,
SLE.5T8,TGO,1995,.1355199962854385,,
SLE.5T8,TGO,1996,.1347600072622299,,
SLE.5T8,TGO,1998,.1536400020122528,,
SLE.5T8,TGO,2006,.2475399971008301,,UIS_EST
SLE.5T8,TGO,2007,.2781400084495544,,
SLE.5T8,TGO,2010,.4453400075435638,,
SLE.5T8,TGO,2011,.5354899764060974,,
SLE.5T8,TGO,2012,.5932199954986572,,
SLE.5T8,TGO,2013,.5873900055885315,,
SLE.5T8,TGO,2014,.5692499876022339,,
SLE.5T8,TGO,2015,.5885199904441833,,
SLE.5T8,TGO,2016,.6563299894332886,,
SLE.5T8,TGO,2017,.6670100092887878,,
SLE.5T8,TGO,2018,.6933599710464478,,
SLE.5T8,TGO,2019,.6577600240707397,,
SLE.5T8,TGO,2020,.7451500296592712,,
SLE.5T8.F,TGO,1972,.0074999998323619,,
SLE.5T8.F,TGO,1973,.007149999961257,,
SLE.5T8.F,TGO,1974,.0084199998527765,,
SLE.5T8.F,TGO,1975,.0093900002539158,,
SLE.5T8.F,TGO,1976,.0138699999079108,,
SLE.5T8.F,TGO,1977,.0187199991196394,,
SLE.5T8.F,TGO,1978,.0251299999654293,,
SLE.5T8.F,TGO,1979,.0209400001913309,,
SLE.5T8.F,TGO,1980,.0228400006890297,,
SLE.5T8.F,TGO,1981,.0267799999564886,,
SLE.5T8.F,TGO,1982,.023199999704957,,
SLE.5T8.F,TGO,1983,.0202200002968311,,
SLE.5T8.F,TGO,1984,.022579999640584,,
SLE.5T8.F,TGO,1987,.024660000577569,,
SLE.5T8.F,TGO,1988,.0259799994528294,,
SLE.5T8.F,TGO,1990,.0284700002521276,,
SLE.5T8.F,TGO,1991,.0333399996161461,,
SLE.5T8.F,TGO,1992,.0313300006091595,,
SLE.5T8.F,TGO,1993,.0270899999886751,,
SLE.5T8.F,TGO,1994,.0289099998772144,,
SLE.5T8.F,TGO,1995,.0361200012266636,,
SLE.5T8.F,TGO,1996,.0405099987983704,,
SLE.5T8.F,TGO,1998,.0522999987006187,,
SLE.5T8.F,TGO,2011,.2694399952888489,,
SLE.5T8.F,TGO,2012,.3014599978923798,,
SLE.5T8.F,TGO,2013,.3251999914646149,,
SLE.5T8.F,TGO,2014,.3305200040340424,,
SLE.5T8.F,TGO,2015,.3476999998092651,,
SLE.5T8.F,TGO,2016,.3984799981117249,,
SLE.5T8.F,TGO,2017,.4147500097751617,,
SLE.5T8.F,TGO,2018,.4526199996471405,,
SLE.5T8.F,TGO,2019,.4548600018024445,,
SLE.5T8.F,TGO,2020,.5393000245094299,,
SLE.5T8.GPIA,TGO,1972,.1246799975633621,,
SLE.5T8.GPIA,TGO,1973,.1166300028562546,,
SLE.5T8.GPIA,TGO,1974,.1447499990463257,,
SLE.5T8.GPIA,TGO,1975,.1504400074481964,,
SLE.5T8.GPIA,TGO,1976,.1571300029754639,,
SLE.5T8.GPIA,TGO,1977,.188400000333786,,
SLE.5T8.GPIA,TGO,1978,.2370100021362305,,
SLE.5T8.GPIA,TGO,1979,.1942899972200394,,
SLE.5T8.GPIA,TGO,1980,.1881199926137924,,
SLE.5T8.GPIA,TGO,1981,.1716800034046173,,
SLE.5T8.GPIA,TGO,1982,.1694300025701523,,
SLE.5T8.GPIA,TGO,1983,.1628099977970123,,
SLE.5T8.GPIA,TGO,1984,.1831499934196472,,
SLE.5T8.GPIA,TGO,1987,.1473599970340729,,
SLE.5T8.GPIA,TGO,1988,.1403200030326843,,
SLE.5T8.GPIA,TGO,1990,.1509899944067001,,
SLE.5T8.GPIA,TGO,1991,.1614499986171722,,
SLE.5T8.GPIA,TGO,1992,.134880006313324,,
SLE.5T8.GPIA,TGO,1993,.1391600072383881,,
SLE.5T8.GPIA,TGO,1994,.1376399993896484,,
SLE.5T8.GPIA,TGO,1995,.1539700031280518,,
SLE.5T8.GPIA,TGO,1996,.1772599965333939,,
SLE.5T8.GPIA,TGO,1998,.2057500034570694,,
SLE.5T8.GPIA,TGO,2011,.3379999995231628,,
SLE.5T8.GPIA,TGO,2012,.3425999879837036,,
SLE.5T8.GPIA,TGO,2013,.3849999904632568,,
SLE.5T8.GPIA,TGO,2014,.4114199876785278,,
SLE.5T8.GPIA,TGO,2015,.421669989824295,,
SLE.5T8.GPIA,TGO,2016,.4383899867534637,,
SLE.5T8.GPIA,TGO,2017,.4537799954414368,,
SLE.5T8.GPIA,TGO,2018,.4872300028800964,,
SLE.5T8.GPIA,TGO,2019,.5312100052833557,,
SLE.5T8.GPIA,TGO,2020,.5698199868202209,,
SLE.5T8.M,TGO,1972,.0601599998772144,,
SLE.5T8.M,TGO,1973,.061319999396801,,
SLE.5T8.M,TGO,1974,.05816999822855,,
SLE.5T8.M,TGO,1975,.062389999628067,,
SLE.5T8.M,TGO,1976,.0882899984717369,,
SLE.5T8.M,TGO,1977,.099370002746582,,
SLE.5T8.M,TGO,1978,.1060200035572052,,
SLE.5T8.M,TGO,1979,.1077800020575523,,
SLE.5T8.M,TGO,1980,.1213899999856949,,
SLE.5T8.M,TGO,1981,.1559800058603287,,
SLE.5T8.M,TGO,1982,.136910006403923,,
SLE.5T8.M,TGO,1983,.1242000013589859,,
SLE.5T8.M,TGO,1984,.1232800036668777,,
SLE.5T8.M,TGO,1987,.1673599928617477,,
SLE.5T8.M,TGO,1988,.1851900070905685,,
SLE.5T8.M,TGO,1990,.1885699927806854,,
SLE.5T8.M,TGO,1991,.2065200060606003,,
SLE.5T8.M,TGO,1992,.2322899997234344,,
SLE.5T8.M,TGO,1993,.1946700066328049,,
SLE.5T8.M,TGO,1994,.2100200057029724,,
SLE.5T8.M,TGO,1995,.2346200048923492,,
SLE.5T8.M,TGO,1996,.2285400032997131,,
SLE.5T8.M,TGO,1998,.2541899979114532,,
SLE.5T8.M,TGO,2011,.7971600294113159,,
SLE.5T8.M,TGO,2012,.8799399733543396,,
SLE.5T8.M,TGO,2013,.8446800112724304,,
SLE.5T8.M,TGO,2014,.8033699989318848,,
SLE.5T8.M,TGO,2015,.8245700001716614,,
SLE.5T8.M,TGO,2016,.9089599847793579,,
SLE.5T8.M,TGO,2017,.9139900207519531,,
SLE.5T8.M,TGO,2018,.9289799928665161,,
SLE.5T8.M,TGO,2019,.8562700152397156,,
SLE.5T8.M,TGO,2020,.9464499950408936,,
SR.1.G4.CP,TGO,1971,77.74053192138672,,
SR.1.G4.CP,TGO,1978,82.38005828857422,,
SR.1.G4.CP,TGO,1979,77.83309173583984,,
SR.1.G4.CP,TGO,1980,72.53645324707031,,UIS_EST
SR.1.G4.CP,TGO,1981,61.41875076293945,,UIS_EST
SR.1.G4.CP,TGO,1982,62.48453140258789,,
SR.1.G4.CP,TGO,1983,47.82659912109375,,
SR.1.G4.CP,TGO,1984,56.7069091796875,,
SR.1.G4.CP,TGO,1985,60.78458023071289,,
SR.1.G4.CP,TGO,1986,80.31392669677734,,
SR.1.G4.CP,TGO,1987,68.74571228027344,,
SR.1.G4.CP,TGO,1988,68.67787933349609,,
SR.1.G4.CP,TGO,1989,73.87120819091797,,
SR.1.G4.CP,TGO,1990,74.15236663818359,,
SR.1.G4.CP,TGO,1991,58.65750885009766,,
SR.1.G4.CP,TGO,1995,74.77490234375,,
SR.1.G4.CP,TGO,1999,59.81021118164063,,
SR.1.G4.CP,TGO,2000,79.98040771484375,,
SR.1.G4.CP,TGO,2002,75.70487213134766,,
SR.1.G4.CP,TGO,2003,80.95195770263672,,
SR.1.G4.CP,TGO,2004,80.924560546875,,
SR.1.G4.CP,TGO,2005,87.88973999023438,,
SR.1.G4.CP,TGO,2007,80.53523254394531,,
SR.1.G4.CP,TGO,2009,79.66030883789063,,
SR.1.G4.CP,TGO,2010,67.34620666503906,,
SR.1.G4.CP,TGO,2011,78.67149353027344,,
SR.1.G4.CP,TGO,2012,74.87149047851563,,
SR.1.G4.CP,TGO,2013,65.09549713134766,,
SR.1.G4.CP,TGO,2020,76.76148986816406,,
SR.1.G4.CP,TGO,2021,80.62489318847656,,
SR.1.G4.CP,TGO,2022,70.13655090332031,,
SR.1.G4.CP,TGO,2023,75.28848266601563,,
SR.1.G4.F.CP,TGO,1971,72.89430236816406,,
SR.1.G4.F.CP,TGO,1978,79.16837310791016,,
SR.1.G4.F.CP,TGO,1979,72.77397155761719,,
SR.1.G4.F.CP,TGO,1980,69.77272033691406,,UIS_EST
SR.1.G4.F.CP,TGO,1981,54.45066070556641,,UIS_EST
SR.1.G4.F.CP,TGO,1982,56.8337287902832,,
SR.1.G4.F.CP,TGO,1983,41.0177116394043,,
SR.1.G4.F.CP,TGO,1984,48.66167068481445,,
SR.1.G4.F.CP,TGO,1985,51.46319961547852,,
SR.1.G4.F.CP,TGO,1986,72.74730682373047,,
SR.1.G4.F.CP,TGO,1987,60.06386947631836,,
SR.1.G4.F.CP,TGO,1988,62.36516952514648,,
SR.1.G4.F.CP,TGO,1989,68.83168029785156,,
SR.1.G4.F.CP,TGO,1990,67.47022247314453,,
SR.1.G4.F.CP,TGO,1991,53.70320129394531,,
SR.1.G4.F.CP,TGO,1995,66.23808288574219,,
SR.1.G4.F.CP,TGO,1999,57.75638961791992,,
SR.1.G4.F.CP,TGO,2000,76.33007049560547,,
SR.1.G4.F.CP,TGO,2002,72.88465881347656,,
SR.1.G4.F.CP,TGO,2003,79.40104675292969,,
SR.1.G4.F.CP,TGO,2004,78.00910949707031,,
SR.1.G4.F.CP,TGO,2005,84.94985961914063,,
SR.1.G4.F.CP,TGO,2007,78.09851837158203,,
SR.1.G4.F.CP,TGO,2009,79.61093902587891,,
SR.1.G4.F.CP,TGO,2010,65.79946136474609,,
SR.1.G4.F.CP,TGO,2011,78.31143951416016,,
SR.1.G4.F.CP,TGO,2012,74.82920074462891,,
SR.1.G4.F.CP,TGO,2013,65.48004150390625,,
SR.1.G4.F.CP,TGO,2020,76.89685821533203,,
SR.1.G4.F.CP,TGO,2021,81.89842987060547,,
SR.1.G4.F.CP,TGO,2022,70.88172149658203,,
SR.1.G4.F.CP,TGO,2023,76.53286743164063,,
SR.1.G4.GPIA,TGO,1971,.910040020942688,,
SR.1.G4.GPIA,TGO,1978,.9374600052833557,,
SR.1.G4.GPIA,TGO,1979,.8954600095748901,,
SR.1.G4.GPIA,TGO,1980,.9385499954223633,,UIS_EST
SR.1.G4.GPIA,TGO,1981,.8192800283432007,,UIS_EST
SR.1.G4.GPIA,TGO,1982,.8545899987220764,,
SR.1.G4.GPIA,TGO,1983,.7744600176811218,,
SR.1.G4.GPIA,TGO,1984,.779229998588562,,
SR.1.G4.GPIA,TGO,1985,.7616199851036072,,
SR.1.G4.GPIA,TGO,1986,.8511300086975098,,
SR.1.G4.GPIA,TGO,1987,.8026999831199646,,
SR.1.G4.GPIA,TGO,1988,.8554099798202515,,
SR.1.G4.GPIA,TGO,1989,.8911799788475037,,
SR.1.G4.GPIA,TGO,1990,.8552799820899963,,
SR.1.G4.GPIA,TGO,1991,.8640699982643127,,
SR.1.G4.GPIA,TGO,1995,.815060019493103,,
SR.1.G4.GPIA,TGO,1999,.9390199780464172,,
SR.1.G4.GPIA,TGO,2000,.9177600145339966,,
SR.1.G4.GPIA,TGO,2002,.9325399994850159,,
SR.1.G4.GPIA,TGO,2003,.9648900032043457,,
SR.1.G4.GPIA,TGO,2004,.9338099956512451,,
SR.1.G4.GPIA,TGO,2005,.9378200173377991,,
SR.1.G4.GPIA,TGO,2007,.943560004234314,,
SR.1.G4.GPIA,TGO,2009,.9994300007820129,,
SR.1.G4.GPIA,TGO,2010,.9564700126647949,,
SR.1.G4.GPIA,TGO,2011,.9912300109863281,,
SR.1.G4.GPIA,TGO,2012,.9989100098609924,,
SR.1.G4.GPIA,TGO,2013,1.011340022087097,,
SR.1.G4.GPIA,TGO,2020,1.003489971160889,,
SR.1.G4.GPIA,TGO,2021,1.030050039291382,,
SR.1.G4.GPIA,TGO,2022,1.020190000534058,,
SR.1.G4.GPIA,TGO,2023,1.031540036201477,,
SR.1.G4.M.CP,TGO,1971,80.09993743896484,,
SR.1.G4.M.CP,TGO,1978,84.44965362548828,,
SR.1.G4.M.CP,TGO,1979,81.27027893066406,,
SR.1.G4.M.CP,TGO,1980,74.34082794189453,,UIS_EST
SR.1.G4.M.CP,TGO,1981,66.46196746826172,,UIS_EST
SR.1.G4.M.CP,TGO,1982,66.50438690185547,,
SR.1.G4.M.CP,TGO,1983,52.96265029907227,,
SR.1.G4.M.CP,TGO,1984,62.44821166992188,,
SR.1.G4.M.CP,TGO,1985,67.57048034667969,,
SR.1.G4.M.CP,TGO,1986,85.47193908691406,,
SR.1.G4.M.CP,TGO,1987,74.82747650146484,,
SR.1.G4.M.CP,TGO,1988,72.90686798095703,,
SR.1.G4.M.CP,TGO,1989,77.23683166503906,,
SR.1.G4.M.CP,TGO,1990,78.8863525390625,,
SR.1.G4.M.CP,TGO,1991,62.1513786315918,,
SR.1.G4.M.CP,TGO,1995,81.27218627929688,,
SR.1.G4.M.CP,TGO,1999,61.50683975219727,,
SR.1.G4.M.CP,TGO,2000,83.16996002197266,,
SR.1.G4.M.CP,TGO,2002,78.15747833251953,,
SR.1.G4.M.CP,TGO,2003,82.28990173339844,,
SR.1.G4.M.CP,TGO,2004,83.53878021240234,,
SR.1.G4.M.CP,TGO,2005,90.57170104980469,,
SR.1.G4.M.CP,TGO,2007,82.76983642578125,,
SR.1.G4.M.CP,TGO,2009,79.65614318847656,,
SR.1.G4.M.CP,TGO,2010,68.79425811767578,,
SR.1.G4.M.CP,TGO,2011,79.00414276123047,,
SR.1.G4.M.CP,TGO,2012,74.91101837158203,,
SR.1.G4.M.CP,TGO,2013,64.73753356933594,,
SR.1.G4.M.CP,TGO,2020,76.62975311279297,,
SR.1.G4.M.CP,TGO,2021,79.41414642333984,,
SR.1.G4.M.CP,TGO,2022,69.42974853515625,,
SR.1.G4.M.CP,TGO,2023,74.11882019042969,,
SR.1.G5.CP,TGO,1971,75.51872253417969,,
SR.1.G5.CP,TGO,1978,79.31581878662109,,
SR.1.G5.CP,TGO,1979,74.50237274169922,,
SR.1.G5.CP,TGO,1980,67.33183288574219,,UIS_EST
SR.1.G5.CP,TGO,1981,53.74462127685547,,UIS_EST
SR.1.G5.CP,TGO,1982,53.76462936401367,,
SR.1.G5.CP,TGO,1983,37.43653106689453,,
SR.1.G5.CP,TGO,1984,45.90301895141602,,
SR.1.G5.CP,TGO,1985,51.46086883544922,,
SR.1.G5.CP,TGO,1986,73.50666046142578,,
SR.1.G5.CP,TGO,1987,62.39395141601563,,
SR.1.G5.CP,TGO,1988,61.2806396484375,,
SR.1.G5.CP,TGO,1989,67.97232818603516,,
SR.1.G5.CP,TGO,1990,68.38855743408203,,
SR.1.G5.CP,TGO,1991,51.07054901123047,,
SR.1.G5.CP,TGO,1995,70.83673095703125,,
SR.1.G5.CP,TGO,1999,52.48202896118164,,
SR.1.G5.CP,TGO,2000,74.74034118652344,,
SR.1.G5.CP,TGO,2002,69.26497650146484,,
SR.1.G5.CP,TGO,2003,76.77424621582031,,
SR.1.G5.CP,TGO,2004,75.24745941162109,,
SR.1.G5.CP,TGO,2005,84.65177917480469,,
SR.1.G5.CP,TGO,2007,75.7142333984375,,
SR.1.G5.CP,TGO,2009,77.66909790039063,,
SR.1.G5.CP,TGO,2010,60.75054931640625,,
SR.1.G5.CP,TGO,2011,74.91567230224609,,
SR.1.G5.CP,TGO,2012,70.86473083496094,,
SR.1.G5.CP,TGO,2013,60.79486083984375,,
SR.1.G5.CP,TGO,2020,74.52339172363281,,
SR.1.G5.CP,TGO,2021,80.22096252441406,,
SR.1.G5.CP,TGO,2022,69.87294006347656,,
SR.1.G5.CP,TGO,2023,73.95465850830078,,
SR.1.G5.F.CP,TGO,1971,69.67050170898438,,
SR.1.G5.F.CP,TGO,1978,75.21833801269531,,
SR.1.G5.F.CP,TGO,1979,67.22109985351563,,
SR.1.G5.F.CP,TGO,1980,63.4174690246582,,UIS_EST
SR.1.G5.F.CP,TGO,1981,45.22729110717773,,UIS_EST
SR.1.G5.F.CP,TGO,1982,46.018798828125,,
SR.1.G5.F.CP,TGO,1983,29.43283081054688,,
SR.1.G5.F.CP,TGO,1984,35.62303161621094,,
SR.1.G5.F.CP,TGO,1985,40.08049011230469,,
SR.1.G5.F.CP,TGO,1986,62.77896881103516,,
SR.1.G5.F.CP,TGO,1987,51.12007904052734,,
SR.1.G5.F.CP,TGO,1988,52.67037963867188,,
SR.1.G5.F.CP,TGO,1989,60.46731948852539,,
SR.1.G5.F.CP,TGO,1990,59.48109817504883,,
SR.1.G5.F.CP,TGO,1991,44.97808074951172,,
SR.1.G5.F.CP,TGO,1995,59.65998077392578,,
SR.1.G5.F.CP,TGO,1999,49.51076889038086,,
SR.1.G5.F.CP,TGO,2000,69.26386260986328,,
SR.1.G5.F.CP,TGO,2002,64.71540832519531,,
SR.1.G5.F.CP,TGO,2003,73.60214233398438,,
SR.1.G5.F.CP,TGO,2004,70.71742248535156,,
SR.1.G5.F.CP,TGO,2005,79.70639038085938,,
SR.1.G5.F.CP,TGO,2007,71.33188629150391,,
SR.1.G5.F.CP,TGO,2009,76.83204650878906,,
SR.1.G5.F.CP,TGO,2010,58.14006042480469,,
SR.1.G5.F.CP,TGO,2011,73.48887634277344,,
SR.1.G5.F.CP,TGO,2012,70.27255249023438,,
SR.1.G5.F.CP,TGO,2013,60.45557022094727,,
SR.1.G5.F.CP,TGO,2020,74.07771301269531,,
SR.1.G5.F.CP,TGO,2021,81.10562133789063,,
SR.1.G5.F.CP,TGO,2022,70.46530914306641,,
SR.1.G5.F.CP,TGO,2023,75.05522155761719,,
SR.1.G5.GPIA,TGO,1971,.8894299864768982,,
SR.1.G5.GPIA,TGO,1978,.9189599752426147,,
SR.1.G5.GPIA,TGO,1979,.8480100035667419,,
SR.1.G5.GPIA,TGO,1980,.9087299704551697,,UIS_EST
SR.1.G5.GPIA,TGO,1981,.7555400133132935,,UIS_EST
SR.1.G5.GPIA,TGO,1982,.7768200039863586,,
SR.1.G5.GPIA,TGO,1983,.6755499839782715,,
SR.1.G5.GPIA,TGO,1984,.6670600175857544,,
SR.1.G5.GPIA,TGO,1985,.6692000031471252,,
SR.1.G5.GPIA,TGO,1986,.7774400115013123,,
SR.1.G5.GPIA,TGO,1987,.7263500094413757,,
SR.1.G5.GPIA,TGO,1988,.7857900261878967,,
SR.1.G5.GPIA,TGO,1989,.82955002784729,,
SR.1.G5.GPIA,TGO,1990,.7979099750518799,,
SR.1.G5.GPIA,TGO,1991,.8132299780845642,,
SR.1.G5.GPIA,TGO,1995,.7525399923324585,,
SR.1.G5.GPIA,TGO,1999,.9026600122451782,,
SR.1.G5.GPIA,TGO,2000,.8722599744796753,,
SR.1.G5.GPIA,TGO,2002,.8841599822044373,,
SR.1.G5.GPIA,TGO,2003,.9262800216674805,,
SR.1.G5.GPIA,TGO,2004,.89205002784729,,
SR.1.G5.GPIA,TGO,2005,.894540011882782,,
SR.1.G5.GPIA,TGO,2007,.8952199816703796,,
SR.1.G5.GPIA,TGO,2009,.9808400273323059,,
SR.1.G5.GPIA,TGO,2010,.9203500151634216,,
SR.1.G5.GPIA,TGO,2011,.9642900228500366,,
SR.1.G5.GPIA,TGO,2012,.9841600060462952,,
SR.1.G5.GPIA,TGO,2013,.9891399741172791,,
SR.1.G5.GPIA,TGO,2020,.9883000254631042,,
SR.1.G5.GPIA,TGO,2021,1.020969986915588,,
SR.1.G5.GPIA,TGO,2022,1.016070008277893,,
SR.1.G5.GPIA,TGO,2023,1.028439998626709,,
SR.1.G5.M.CP,TGO,1971,78.33191680908203,,
SR.1.G5.M.CP,TGO,1978,81.85128784179688,,
SR.1.G5.M.CP,TGO,1979,79.26957702636719,,
SR.1.G5.M.CP,TGO,1980,69.78678131103516,,UIS_EST
SR.1.G5.M.CP,TGO,1981,59.86080932617188,,UIS_EST
SR.1.G5.M.CP,TGO,1982,59.24010848999023,,
SR.1.G5.M.CP,TGO,1983,43.56890869140625,,
SR.1.G5.M.CP,TGO,1984,53.40298080444336,,
SR.1.G5.M.CP,TGO,1985,59.89339828491211,,
SR.1.G5.M.CP,TGO,1986,80.75122833251953,,
SR.1.G5.M.CP,TGO,1987,70.37914276123047,,
SR.1.G5.M.CP,TGO,1988,67.02857971191406,,
SR.1.G5.M.CP,TGO,1989,72.89148712158203,,
SR.1.G5.M.CP,TGO,1990,74.54576110839844,,
SR.1.G5.M.CP,TGO,1991,55.30792999267578,,
SR.1.G5.M.CP,TGO,1995,79.28311157226563,,
SR.1.G5.M.CP,TGO,1999,54.84991836547852,,
SR.1.G5.M.CP,TGO,2000,79.40760040283203,,
SR.1.G5.M.CP,TGO,2002,73.19420623779297,,
SR.1.G5.M.CP,TGO,2003,79.45987701416016,,
SR.1.G5.M.CP,TGO,2004,79.27541351318359,,
SR.1.G5.M.CP,TGO,2005,89.09279632568359,,
SR.1.G5.M.CP,TGO,2007,79.68112182617188,,
SR.1.G5.M.CP,TGO,2009,78.33280944824219,,
SR.1.G5.M.CP,TGO,2010,63.1720085144043,,
SR.1.G5.M.CP,TGO,2011,76.210693359375,,
SR.1.G5.M.CP,TGO,2012,71.40387725830078,,
SR.1.G5.M.CP,TGO,2013,61.11957168579102,,
SR.1.G5.M.CP,TGO,2020,74.95632934570313,,
SR.1.G5.M.CP,TGO,2021,79.38126373291016,,
SR.1.G5.M.CP,TGO,2022,69.31239318847656,,
SR.1.G5.M.CP,TGO,2023,72.92073822021484,,
SR.1.GLAST.CP,TGO,1971,71.17391967773438,,
SR.1.GLAST.CP,TGO,1978,75.55549621582031,,
SR.1.GLAST.CP,TGO,1979,69.67713928222656,,
SR.1.GLAST.CP,TGO,1980,60.99715042114258,,UIS_EST
SR.1.GLAST.CP,TGO,1981,44.81084060668945,,UIS_EST
SR.1.GLAST.CP,TGO,1982,43.54631042480469,,
SR.1.GLAST.CP,TGO,1983,26.60791015625,,
SR.1.GLAST.CP,TGO,1984,34.28084945678711,,
SR.1.GLAST.CP,TGO,1985,41.0105094909668,,
SR.1.GLAST.CP,TGO,1986,63.09226989746094,,
SR.1.GLAST.CP,TGO,1987,53.63351821899414,,
SR.1.GLAST.CP,TGO,1988,49.82638168334961,,
SR.1.GLAST.CP,TGO,1989,58.81293106079102,,
SR.1.GLAST.CP,TGO,1990,59.99544143676758,,
SR.1.GLAST.CP,TGO,1991,42.10808181762695,,
SR.1.GLAST.CP,TGO,1995,60.85250091552734,,
SR.1.GLAST.CP,TGO,1999,45.66003036499023,,
SR.1.GLAST.CP,TGO,2000,70.23995971679688,,
SR.1.GLAST.CP,TGO,2002,62.75236129760742,,
SR.1.GLAST.CP,TGO,2003,71.62457275390625,,
SR.1.GLAST.CP,TGO,2004,69.44374084472656,,
SR.1.GLAST.CP,TGO,2005,80.58322906494141,,
SR.1.GLAST.CP,TGO,2007,69.34133911132813,,
SR.1.GLAST.CP,TGO,2009,59.35157012939453,,
SR.1.GLAST.CP,TGO,2010,51.72684097290039,,
SR.1.GLAST.CP,TGO,2011,67.08873748779297,,
SR.1.GLAST.CP,TGO,2012,62.38618850708008,,
SR.1.GLAST.CP,TGO,2013,52.83420181274414,,
SR.1.GLAST.CP,TGO,2020,59.58972930908203,,
SR.1.GLAST.CP,TGO,2021,65.20571136474609,,
SR.1.GLAST.CP,TGO,2022,55.24415969848633,,
SR.1.GLAST.CP,TGO,2023,62.60713958740234,,
SR.1.GLAST.F.CP,TGO,1971,61.6478385925293,,
SR.1.GLAST.F.CP,TGO,1978,69.61421203613281,,
SR.1.GLAST.F.CP,TGO,1979,60.53025817871094,,
SR.1.GLAST.F.CP,TGO,1980,54.50571823120117,,UIS_EST
SR.1.GLAST.F.CP,TGO,1981,35.5654411315918,,UIS_EST
SR.1.GLAST.F.CP,TGO,1982,34.76562881469727,,
SR.1.GLAST.F.CP,TGO,1983,18.67411994934082,,
SR.1.GLAST.F.CP,TGO,1984,22.51309967041016,,
SR.1.GLAST.F.CP,TGO,1985,28.53697967529297,,
SR.1.GLAST.F.CP,TGO,1986,48.85311889648438,,
SR.1.GLAST.F.CP,TGO,1987,40.78047943115234,,
SR.1.GLAST.F.CP,TGO,1988,38.97589874267578,,
SR.1.GLAST.F.CP,TGO,1989,48.40457153320313,,
SR.1.GLAST.F.CP,TGO,1990,48.38323974609375,,
SR.1.GLAST.F.CP,TGO,1991,35.07342147827148,,
SR.1.GLAST.F.CP,TGO,1995,47.22914886474609,,
SR.1.GLAST.F.CP,TGO,1999,41.61949157714844,,
SR.1.GLAST.F.CP,TGO,2000,63.12574005126953,,
SR.1.GLAST.F.CP,TGO,2002,56.24869918823242,,
SR.1.GLAST.F.CP,TGO,2003,66.07823181152344,,
SR.1.GLAST.F.CP,TGO,2004,62.78359985351563,,
SR.1.GLAST.F.CP,TGO,2005,72.72541809082031,,
SR.1.GLAST.F.CP,TGO,2007,61.99773025512695,,
SR.1.GLAST.F.CP,TGO,2009,67.17082214355469,,
SR.1.GLAST.F.CP,TGO,2010,47.73715972900391,,
SR.1.GLAST.F.CP,TGO,2011,64.19899749755859,,
SR.1.GLAST.F.CP,TGO,2012,60.67390060424805,,
SR.1.GLAST.F.CP,TGO,2013,51.3726806640625,,
SR.1.GLAST.F.CP,TGO,2020,58.3372917175293,,
SR.1.GLAST.F.CP,TGO,2021,65.34736633300781,,
SR.1.GLAST.F.CP,TGO,2022,55.61156845092773,,
SR.1.GLAST.F.CP,TGO,2023,63.52804946899414,,
SR.1.GLAST.GPIA,TGO,1971,.8151800036430359,,
SR.1.GLAST.GPIA,TGO,1978,.8811600208282471,,
SR.1.GLAST.GPIA,TGO,1979,.8021699786186218,,
SR.1.GLAST.GPIA,TGO,1980,.8409299850463867,,UIS_EST
SR.1.GLAST.GPIA,TGO,1981,.6920999884605408,,UIS_EST
SR.1.GLAST.GPIA,TGO,1982,.699429988861084,,
SR.1.GLAST.GPIA,TGO,1983,.5694599747657776,,
SR.1.GLAST.GPIA,TGO,1984,.5212699770927429,,
SR.1.GLAST.GPIA,TGO,1985,.5663400292396545,,
SR.1.GLAST.GPIA,TGO,1986,.6733099818229675,,
SR.1.GLAST.GPIA,TGO,1987,.649370014667511,,
SR.1.GLAST.GPIA,TGO,1988,.68367999792099,,
SR.1.GLAST.GPIA,TGO,1989,.7386999726295471,,
SR.1.GLAST.GPIA,TGO,1990,.7123600244522095,,
SR.1.GLAST.GPIA,TGO,1991,.7478899955749512,,
SR.1.GLAST.GPIA,TGO,1995,.6654800176620483,,
SR.1.GLAST.GPIA,TGO,1999,.8542100191116333,,
SR.1.GLAST.GPIA,TGO,2000,.8294199705123901,,
SR.1.GLAST.GPIA,TGO,2002,.8234900236129761,,
SR.1.GLAST.GPIA,TGO,2003,.8665500283241272,,
SR.1.GLAST.GPIA,TGO,2004,.8338599801063538,,
SR.1.GLAST.GPIA,TGO,2005,.8304600119590759,,
SR.1.GLAST.GPIA,TGO,2007,.8166999816894531,,
SR.1.GLAST.GPIA,TGO,2009,1.18707001209259,,
SR.1.GLAST.GPIA,TGO,2010,.8620499968528748,,
SR.1.GLAST.GPIA,TGO,2011,.9218400120735168,,
SR.1.GLAST.GPIA,TGO,2012,.9493499994277954,,
SR.1.GLAST.GPIA,TGO,2013,.9482700228691101,,
SR.1.GLAST.GPIA,TGO,2020,.9593799710273743,,
SR.1.GLAST.GPIA,TGO,2021,1.004009962081909,,
SR.1.GLAST.GPIA,TGO,2022,1.012539982795715,,
SR.1.GLAST.GPIA,TGO,2023,1.028110027313232,,
SR.1.GLAST.M.CP,TGO,1971,75.62494659423828,,
SR.1.GLAST.M.CP,TGO,1978,79.0029296875,,
SR.1.GLAST.M.CP,TGO,1979,75.45835876464844,,
SR.1.GLAST.M.CP,TGO,1980,64.81574249267578,,UIS_EST
SR.1.GLAST.M.CP,TGO,1981,51.38771057128906,,UIS_EST
SR.1.GLAST.M.CP,TGO,1982,49.70541000366211,,
SR.1.GLAST.M.CP,TGO,1983,32.79293823242188,,
SR.1.GLAST.M.CP,TGO,1984,43.1885986328125,,
SR.1.GLAST.M.CP,TGO,1985,50.38843154907227,,
SR.1.GLAST.M.CP,TGO,1986,72.55618286132813,,
SR.1.GLAST.M.CP,TGO,1987,62.80051040649414,,
SR.1.GLAST.M.CP,TGO,1988,57.00891876220703,,
SR.1.GLAST.M.CP,TGO,1989,65.52629852294922,,
SR.1.GLAST.M.CP,TGO,1990,67.91970825195313,,
SR.1.GLAST.M.CP,TGO,1991,46.89633941650391,,
SR.1.GLAST.M.CP,TGO,1995,70.97450256347656,,
SR.1.GLAST.M.CP,TGO,1999,48.72301864624023,,
SR.1.GLAST.M.CP,TGO,2000,76.10874176025391,,
SR.1.GLAST.M.CP,TGO,2002,68.30494689941406,,
SR.1.GLAST.M.CP,TGO,2003,76.25453186035156,,
SR.1.GLAST.M.CP,TGO,2004,75.29293823242188,,
SR.1.GLAST.M.CP,TGO,2005,87.56199645996094,,
SR.1.GLAST.M.CP,TGO,2007,75.91288757324219,,
SR.1.GLAST.M.CP,TGO,2009,54.60541915893555,,
SR.1.GLAST.M.CP,TGO,2010,55.37651062011719,,
SR.1.GLAST.M.CP,TGO,2011,69.64248657226563,,
SR.1.GLAST.M.CP,TGO,2012,63.91098022460938,,
SR.1.GLAST.M.CP,TGO,2013,54.17491149902344,,
SR.1.GLAST.M.CP,TGO,2020,60.80883026123047,,
SR.1.GLAST.M.CP,TGO,2021,65.06646728515625,,
SR.1.GLAST.M.CP,TGO,2022,54.89775848388672,,
SR.1.GLAST.M.CP,TGO,2023,61.74205017089844,,
THDUR.2T3,TGO,1970,7,,
THDUR.2T3,TGO,1971,7,,
THDUR.2T3,TGO,1972,7,,
THDUR.2T3,TGO,1973,7,,
THDUR.2T3,TGO,1974,7,,
THDUR.2T3,TGO,1975,7,,
THDUR.2T3,TGO,1976,7,,
THDUR.2T3,TGO,1977,7,,
THDUR.2T3,TGO,1978,7,,
THDUR.2T3,TGO,1979,7,,
THDUR.2T3,TGO,1980,7,,
THDUR.2T3,TGO,1981,7,,
THDUR.2T3,TGO,1982,7,,
THDUR.2T3,TGO,1983,7,,
THDUR.2T3,TGO,1984,7,,
THDUR.2T3,TGO,1985,7,,
THDUR.2T3,TGO,1986,7,,
THDUR.2T3,TGO,1987,7,,
THDUR.2T3,TGO,1988,7,,
THDUR.2T3,TGO,1989,7,,
THDUR.2T3,TGO,1990,7,,
THDUR.2T3,TGO,1991,7,,
THDUR.2T3,TGO,1992,7,,
THDUR.2T3,TGO,1993,7,,
THDUR.2T3,TGO,1994,7,,
THDUR.2T3,TGO,1995,7,,
THDUR.2T3,TGO,1996,7,,
THDUR.2T3,TGO,1997,7,,
THDUR.2T3,TGO,1998,7,,
THDUR.2T3,TGO,1999,7,,
THDUR.2T3,TGO,2000,7,,
THDUR.2T3,TGO,2001,7,,
THDUR.2T3,TGO,2002,7,,
THDUR.2T3,TGO,2003,7,,
THDUR.2T3,TGO,2004,7,,
THDUR.2T3,TGO,2005,7,,
THDUR.2T3,TGO,2006,7,,
THDUR.2T3,TGO,2007,7,,
THDUR.2T3,TGO,2008,7,,
THDUR.2T3,TGO,2009,7,,
THDUR.2T3,TGO,2010,7,,
THDUR.2T3,TGO,2011,7,,
THDUR.2T3,TGO,2012,7,,
THDUR.2T3,TGO,2013,7,,
THDUR.2T3,TGO,2014,7,,
THDUR.2T3,TGO,2015,7,,
THDUR.2T3,TGO,2016,7,,
THDUR.2T3,TGO,2017,7,,
THDUR.2T3,TGO,2018,7,,
THDUR.2T3,TGO,2019,7,,
THDUR.2T3,TGO,2020,7,,
THDUR.2T3,TGO,2021,7,,
THDUR.2T3,TGO,2022,7,,
THDUR.2T3,TGO,2023,7,,
THDUR.2T3,TGO,2024,7,,
THDUR.2T3,TGO,2025,7,,
X.PPP.02.FSGOV,TGO,1992,0,NIL,
X.PPP.02.FSGOV,TGO,1996,0,NIL,
X.PPP.02.FSGOV,TGO,1998,0,NIL,
X.PPP.02.FSGOV,TGO,1999,0,NIL,
X.PPP.02.FSGOV,TGO,2000,0,NIL,
X.PPP.02.FSGOV,TGO,2001,0,NIL,
X.PPP.02.FSGOV,TGO,2007,0,NIL,
X.PPP.02.FSGOV,TGO,2008,0,NIL,
X.PPP.02.FSGOV,TGO,2009,0,NIL,
X.PPP.02.FSGOV,TGO,2010,8.063699722290039,,
X.PPP.02.FSGOV,TGO,2011,6.910880088806152,,
X.PPP.02.FSGOV,TGO,2012,13.21078014373779,,
X.PPP.02.FSGOV,TGO,2013,12.23334980010986,,
X.PPP.02.FSGOV,TGO,2014,6.688439846038818,,
X.PPP.02.FSGOV,TGO,2015,8.482879638671875,,
X.PPP.02.FSGOV,TGO,2016,8.794460296630859,,
X.PPP.02.FSGOV,TGO,2024,145.6856536865234,,
X.PPP.1.FSGOV,TGO,1992,59.29534912109375,,
X.PPP.1.FSGOV,TGO,1996,85.01277923583984,,
X.PPP.1.FSGOV,TGO,1998,80.72268676757813,,
X.PPP.1.FSGOV,TGO,1999,74.83071136474609,,
X.PPP.1.FSGOV,TGO,2000,91.16677093505859,,
X.PPP.1.FSGOV,TGO,2001,91.78440093994141,,
X.PPP.1.FSGOV,TGO,2002,91.20893859863281,,
X.PPP.1.FSGOV,TGO,2003,92.41271209716797,,
X.PPP.1.FSGOV,TGO,2004,76.60272216796875,,
X.PPP.1.FSGOV,TGO,2005,74.71388244628906,,
X.PPP.1.FSGOV,TGO,2006,69.17337036132813,,
X.PPP.1.FSGOV,TGO,2007,86.91104888916016,,
X.PPP.1.FSGOV,TGO,2008,95.52449798583984,,
X.PPP.1.FSGOV,TGO,2009,134.2232360839844,,
X.PPP.1.FSGOV,TGO,2010,158.2777099609375,,
X.PPP.1.FSGOV,TGO,2011,167.8731842041016,,
X.PPP.1.FSGOV,TGO,2012,251.0048370361328,,
X.PPP.1.FSGOV,TGO,2013,232.43359375,,
X.PPP.1.FSGOV,TGO,2014,271.9335327148438,,
X.PPP.1.FSGOV,TGO,2015,344.6311340332031,,
X.PPP.1.FSGOV,TGO,2016,356.3915710449219,,
X.PPP.1.FSGOV,TGO,2024,339.4288635253906,,
X.PPP.2.FSGOV,TGO,1998,29.85375022888184,,
X.PPP.2.FSGOV,TGO,1999,34.66899108886719,,
X.PPP.2.FSGOV,TGO,2000,31.85371971130371,,
X.PPP.2.FSGOV,TGO,2008,62.22687911987305,,
X.PPP.2.FSGOV,TGO,2009,76.07142639160156,,
X.PPP.2.FSGOV,TGO,2010,39.43724060058594,,
X.PPP.2.FSGOV,TGO,2011,54.1060791015625,,
X.PPP.2.FSGOV,TGO,2012,23.42893981933594,,
X.PPP.2.FSGOV,TGO,2013,26.52515029907227,,
X.PPP.2.FSGOV,TGO,2014,39.28607940673828,,
X.PPP.2.FSGOV,TGO,2015,40.23410034179688,,
X.PPP.2.FSGOV,TGO,2016,41.48683166503906,,
X.PPP.2.FSGOV,TGO,2024,136.8605041503906,,
X.PPP.2T3.FSGOV,TGO,1992,54.04051971435547,,
X.PPP.2T3.FSGOV,TGO,1996,44.56010055541992,,
X.PPP.2T3.FSGOV,TGO,1998,51.8821907043457,,
X.PPP.2T3.FSGOV,TGO,1999,65.18219757080078,,
X.PPP.2T3.FSGOV,TGO,2000,54.99993896484375,,
X.PPP.2T3.FSGOV,TGO,2007,70.97895050048828,,
X.PPP.2T3.FSGOV,TGO,2008,77.91732025146484,,
X.PPP.2T3.FSGOV,TGO,2009,94.51299285888672,,
X.PPP.2T3.FSGOV,TGO,2010,78.345703125,,
X.PPP.2T3.FSGOV,TGO,2011,100.8201293945313,,
X.PPP.2T3.FSGOV,TGO,2012,56.57154846191406,,
X.PPP.2T3.FSGOV,TGO,2013,62.86809921264648,,
X.PPP.2T3.FSGOV,TGO,2014,80.71431732177734,,
X.PPP.2T3.FSGOV,TGO,2015,86.94249725341797,,
X.PPP.2T3.FSGOV,TGO,2016,89.10959625244141,,
X.PPP.2T3.FSGOV,TGO,2024,272.3238220214844,,
X.PPP.2T4.V.FSGOV,TGO,2012,22.25624084472656,,
X.PPP.2T4.V.FSGOV,TGO,2013,25.02046012878418,,
X.PPP.2T4.V.FSGOV,TGO,2014,28.04545974731445,,
X.PPP.2T4.V.FSGOV,TGO,2015,32.00476837158203,,
X.PPP.2T4.V.FSGOV,TGO,2016,33.24499893188477,,
X.PPP.3.FSGOV,TGO,1998,22.0284309387207,,
X.PPP.3.FSGOV,TGO,1999,30.51321983337402,,
X.PPP.3.FSGOV,TGO,2000,23.14621925354004,,
X.PPP.3.FSGOV,TGO,2008,15.69044971466064,,
X.PPP.3.FSGOV,TGO,2009,18.44156074523926,,
X.PPP.3.FSGOV,TGO,2010,38.90847015380859,,
X.PPP.3.FSGOV,TGO,2011,46.71406173706055,,
X.PPP.3.FSGOV,TGO,2012,33.14260864257813,,
X.PPP.3.FSGOV,TGO,2013,36.34294891357422,,
X.PPP.3.FSGOV,TGO,2014,41.42824172973633,,
X.PPP.3.FSGOV,TGO,2015,46.70840072631836,,
X.PPP.3.FSGOV,TGO,2016,47.62276840209961,,
X.PPP.3.FSGOV,TGO,2024,135.4633331298828,,
X.PPP.4.FSGOV,TGO,1998,0,NIL,
X.PPP.4.FSGOV,TGO,1999,0,NIL,
X.PPP.4.FSGOV,TGO,2000,0,NIL,
X.PPP.4.FSGOV,TGO,2007,0,NIL,
X.PPP.4.FSGOV,TGO,2008,0,NIL,
X.PPP.4.FSGOV,TGO,2009,0,NIL,
X.PPP.4.FSGOV,TGO,2010,.1762599945068359,,
X.PPP.4.FSGOV,TGO,2011,.2187000066041946,,
X.PPP.4.FSGOV,TGO,2012,1.303169965744019,,
X.PPP.4.FSGOV,TGO,2013,1.102830052375793,,
X.PPP.4.FSGOV,TGO,2014,1.92451000213623,,
X.PPP.4.FSGOV,TGO,2015,1.866529941558838,,
X.PPP.4.FSGOV,TGO,2016,2.254849910736084,,
X.PPP.5T8.FSGOV,TGO,1992,59.13975143432617,,
X.PPP.5T8.FSGOV,TGO,1996,40.50534820556641,,
X.PPP.5T8.FSGOV,TGO,1998,39.3850212097168,,
X.PPP.5T8.FSGOV,TGO,1999,43.41143035888672,,
X.PPP.5T8.FSGOV,TGO,2000,32.62601089477539,,
X.PPP.5T8.FSGOV,TGO,2007,45.74517059326172,,
X.PPP.5T8.FSGOV,TGO,2008,43.6390495300293,,
X.PPP.5T8.FSGOV,TGO,2009,38.62289047241211,,
X.PPP.5T8.FSGOV,TGO,2010,51.24636840820313,,
X.PPP.5T8.FSGOV,TGO,2011,55.11209106445313,,
X.PPP.5T8.FSGOV,TGO,2012,72.38603973388672,,
X.PPP.5T8.FSGOV,TGO,2013,88.11563110351563,,
X.PPP.5T8.FSGOV,TGO,2014,100.0559768676758,,
X.PPP.5T8.FSGOV,TGO,2015,92.61634063720703,,
X.PPP.5T8.FSGOV,TGO,2016,99.76246643066406,,
X.PPP.5T8.FSGOV,TGO,2017,106.865348815918,,
X.PPP.FSGOV,TGO,1992,179.8592529296875,,
X.PPP.FSGOV,TGO,1996,174.1856231689453,,
X.PPP.FSGOV,TGO,1998,180.7981109619141,,
X.PPP.FSGOV,TGO,1999,197.4089965820313,,
X.PPP.FSGOV,TGO,2000,187.6266784667969,,
X.PPP.FSGOV,TGO,2001,185.8406982421875,,
X.PPP.FSGOV,TGO,2002,181.4073638916016,,
X.PPP.FSGOV,TGO,2003,188.2857055664063,,
X.PPP.FSGOV,TGO,2004,178.9972686767578,,
X.PPP.FSGOV,TGO,2005,178.8334197998047,,
X.PPP.FSGOV,TGO,2006,205.7164459228516,,
X.PPP.FSGOV,TGO,2007,213.4138488769531,,
X.PPP.FSGOV,TGO,2008,217.0808715820313,,
X.PPP.FSGOV,TGO,2009,267.3591003417969,,
X.PPP.FSGOV,TGO,2010,306.2885131835938,,
X.PPP.FSGOV,TGO,2011,343.9694213867188,,
X.PPP.FSGOV,TGO,2012,394.4763793945313,,
X.PPP.FSGOV,TGO,2013,396.7535095214844,,
X.PPP.FSGOV,TGO,2014,461.3167724609375,,
X.PPP.FSGOV,TGO,2015,534.5393676757813,,
X.PPP.FSGOV,TGO,2016,556.3129272460938,,
X.PPP.FSGOV,TGO,2017,602.355224609375,,UIS_EST
X.PPP.FSGOV,TGO,2018,698.5083618164063,,UIS_EST
X.PPP.UK.FSGOV,TGO,1992,7.38362979888916,,
X.PPP.UK.FSGOV,TGO,1996,4.107409954071045,,
X.PPP.UK.FSGOV,TGO,1998,8.808219909667969,,
X.PPP.UK.FSGOV,TGO,1999,2.159569978713989,,
X.PPP.UK.FSGOV,TGO,2000,8.924280166625977,,
X.PPP.UK.FSGOV,TGO,2007,9.778690338134766,,
X.PPP.UK.FSGOV,TGO,2010,10.17877006530762,,
X.PPP.UK.FSGOV,TGO,2011,13.03444957733154,,
X.PPP.UK.FSGOV,TGO,2012,0,NIL,
X.PPP.UK.FSGOV,TGO,2013,0,NIL,
X.PPP.UK.FSGOV,TGO,2014,0,NIL,
X.PPP.UK.FSGOV,TGO,2015,0,NIL,
X.PPP.UK.FSGOV,TGO,2016,0,NIL,
X.PPP.UK.FSGOV,TGO,2017,0,NIL,
X.PPPCONST.02.FSGOV,TGO,1992,0,NIL,
X.PPPCONST.02.FSGOV,TGO,1996,0,NIL,
X.PPPCONST.02.FSGOV,TGO,1998,0,NIL,
X.PPPCONST.02.FSGOV,TGO,1999,0,NIL,
X.PPPCONST.02.FSGOV,TGO,2000,0,NIL,
X.PPPCONST.02.FSGOV,TGO,2001,0,NIL,
X.PPPCONST.02.FSGOV,TGO,2007,0,NIL,
X.PPPCONST.02.FSGOV,TGO,2008,0,NIL,
X.PPPCONST.02.FSGOV,TGO,2009,0,NIL,
X.PPPCONST.02.FSGOV,TGO,2010,11.58061027526855,,
X.PPPCONST.02.FSGOV,TGO,2011,9.724370002746582,,
X.PPPCONST.02.FSGOV,TGO,2012,18.90472030639648,,
X.PPPCONST.02.FSGOV,TGO,2013,17.31859970092773,,
X.PPPCONST.02.FSGOV,TGO,2014,9.277039527893066,,
X.PPPCONST.02.FSGOV,TGO,2015,11.60787010192871,,
X.PPPCONST.02.FSGOV,TGO,2016,11.89311981201172,,
X.PPPCONST.02.FSGOV,TGO,2024,142.2460174560547,,
X.PPPCONST.1.FSGOV,TGO,1992,121.7201766967773,,
X.PPPCONST.1.FSGOV,TGO,1996,160.5410308837891,,
X.PPPCONST.1.FSGOV,TGO,1998,148.1898345947266,,
X.PPPCONST.1.FSGOV,TGO,1999,135.45654296875,,
X.PPPCONST.1.FSGOV,TGO,2000,161.3722534179688,,
X.PPPCONST.1.FSGOV,TGO,2001,158.8878631591797,,
X.PPPCONST.1.FSGOV,TGO,2002,155.4755859375,,
X.PPPCONST.1.FSGOV,TGO,2003,154.4776763916016,,
X.PPPCONST.1.FSGOV,TGO,2004,124.696403503418,,
X.PPPCONST.1.FSGOV,TGO,2005,117.9242324829102,,
X.PPPCONST.1.FSGOV,TGO,2006,105.913200378418,,
X.PPPCONST.1.FSGOV,TGO,2007,129.5616760253906,,
X.PPPCONST.1.FSGOV,TGO,2008,139.7102661132813,,
X.PPPCONST.1.FSGOV,TGO,2009,195.1060943603516,,
X.PPPCONST.1.FSGOV,TGO,2010,227.3090972900391,,
X.PPPCONST.1.FSGOV,TGO,2011,236.2161254882813,,
X.PPPCONST.1.FSGOV,TGO,2012,359.189697265625,,
X.PPPCONST.1.FSGOV,TGO,2013,329.0534362792969,,
X.PPPCONST.1.FSGOV,TGO,2014,377.1792907714844,,
X.PPPCONST.1.FSGOV,TGO,2015,471.589111328125,,
X.PPPCONST.1.FSGOV,TGO,2016,481.9636840820313,,
X.PPPCONST.1.FSGOV,TGO,2024,331.4149169921875,,
X.PPPCONST.2.FSGOV,TGO,1998,54.80519104003906,,
X.PPPCONST.2.FSGOV,TGO,1999,62.75688171386719,,
X.PPPCONST.2.FSGOV,TGO,2000,56.38356018066406,,
X.PPPCONST.2.FSGOV,TGO,2008,91.01052093505859,,
X.PPPCONST.2.FSGOV,TGO,2009,110.5769805908203,,
X.PPPCONST.2.FSGOV,TGO,2010,56.63742828369141,,
X.PPPCONST.2.FSGOV,TGO,2011,76.13323211669922,,
X.PPPCONST.2.FSGOV,TGO,2012,33.52698135375977,,
X.PPPCONST.2.FSGOV,TGO,2013,37.55133819580078,,
X.PPPCONST.2.FSGOV,TGO,2014,54.49087905883789,,
X.PPPCONST.2.FSGOV,TGO,2015,55.05585861206055,,
X.PPPCONST.2.FSGOV,TGO,2016,56.10443115234375,,
X.PPPCONST.2.FSGOV,TGO,2024,133.6292266845703,,
X.PPPCONST.2T3.FSGOV,TGO,1992,110.9331893920898,,
X.PPPCONST.2T3.FSGOV,TGO,1996,84.1488037109375,,
X.PPPCONST.2T3.FSGOV,TGO,1998,95.2447509765625,,
X.PPPCONST.2T3.FSGOV,TGO,1999,117.9910888671875,,
X.PPPCONST.2T3.FSGOV,TGO,2000,97.35417175292969,,
X.PPPCONST.2T3.FSGOV,TGO,2007,105.8110809326172,,
X.PPPCONST.2T3.FSGOV,TGO,2008,113.9587326049805,,
X.PPPCONST.2T3.FSGOV,TGO,2009,137.3835296630859,,
X.PPPCONST.2T3.FSGOV,TGO,2010,112.5154724121094,,
X.PPPCONST.2T3.FSGOV,TGO,2011,141.8650817871094,,
X.PPPCONST.2T3.FSGOV,TGO,2012,80.95429229736328,,
X.PPPCONST.2T3.FSGOV,TGO,2013,89.00160980224609,,
X.PPPCONST.2T3.FSGOV,TGO,2014,111.9529876708984,,
X.PPPCONST.2T3.FSGOV,TGO,2015,118.9710693359375,,
X.PPPCONST.2T3.FSGOV,TGO,2016,120.5067520141602,,
X.PPPCONST.2T3.FSGOV,TGO,2024,265.8942565917969,,
X.PPPCONST.2T4.V.FSGOV,TGO,2012,31.84884071350098,,
X.PPPCONST.2T4.V.FSGOV,TGO,2013,35.42116165161133,,
X.PPPCONST.2T4.V.FSGOV,TGO,2014,38.89981842041016,,
X.PPPCONST.2T4.V.FSGOV,TGO,2015,43.79494094848633,,
X.PPPCONST.2T4.V.FSGOV,TGO,2016,44.95864868164063,,
X.PPPCONST.3.FSGOV,TGO,1998,40.43955993652344,,
X.PPPCONST.3.FSGOV,TGO,1999,55.23421096801758,,
X.PPPCONST.3.FSGOV,TGO,2000,40.97061157226563,,
X.PPPCONST.3.FSGOV,TGO,2008,22.94820976257324,,
X.PPPCONST.3.FSGOV,TGO,2009,26.80653953552246,,
X.PPPCONST.3.FSGOV,TGO,2010,55.8780403137207,,
X.PPPCONST.3.FSGOV,TGO,2011,65.73184967041016,,
X.PPPCONST.3.FSGOV,TGO,2012,47.42729949951172,,
X.PPPCONST.3.FSGOV,TGO,2013,51.45027160644531,,
X.PPPCONST.3.FSGOV,TGO,2014,57.46210861206055,,
X.PPPCONST.3.FSGOV,TGO,2015,63.91521072387695,,
X.PPPCONST.3.FSGOV,TGO,2016,64.40232086181641,,
X.PPPCONST.3.FSGOV,TGO,2024,132.2650299072266,,
X.PPPCONST.4.FSGOV,TGO,1998,0,NIL,
X.PPPCONST.4.FSGOV,TGO,1999,0,NIL,
X.PPPCONST.4.FSGOV,TGO,2000,0,NIL,
X.PPPCONST.4.FSGOV,TGO,2007,0,NIL,
X.PPPCONST.4.FSGOV,TGO,2008,0,NIL,
X.PPPCONST.4.FSGOV,TGO,2009,0,NIL,
X.PPPCONST.4.FSGOV,TGO,2010,.2531299889087677,,
X.PPPCONST.4.FSGOV,TGO,2011,.3077299892902374,,
X.PPPCONST.4.FSGOV,TGO,2012,1.864850044250488,,
X.PPPCONST.4.FSGOV,TGO,2013,1.561269998550415,,
X.PPPCONST.4.FSGOV,TGO,2014,2.669349908828735,,
X.PPPCONST.4.FSGOV,TGO,2015,2.554140090942383,,
X.PPPCONST.4.FSGOV,TGO,2016,3.049329996109009,,
X.PPPCONST.5T8.FSGOV,TGO,1992,121.4007797241211,,
X.PPPCONST.5T8.FSGOV,TGO,1996,76.49166870117188,,
X.PPPCONST.5T8.FSGOV,TGO,1998,72.30258941650391,,
X.PPPCONST.5T8.FSGOV,TGO,1999,78.58222198486328,,
X.PPPCONST.5T8.FSGOV,TGO,2000,57.75057983398438,,
X.PPPCONST.5T8.FSGOV,TGO,2007,68.19409942626953,,
X.PPPCONST.5T8.FSGOV,TGO,2008,63.82471084594727,,
X.PPPCONST.5T8.FSGOV,TGO,2009,56.14199829101563,,
X.PPPCONST.5T8.FSGOV,TGO,2010,73.59700775146484,,
X.PPPCONST.5T8.FSGOV,TGO,2011,77.54881286621094,,
X.PPPCONST.5T8.FSGOV,TGO,2012,103.5849304199219,,
X.PPPCONST.5T8.FSGOV,TGO,2013,124.7442398071289,,
X.PPPCONST.5T8.FSGOV,TGO,2014,138.7804107666016,,
X.PPPCONST.5T8.FSGOV,TGO,2015,126.7350769042969,,
X.PPPCONST.5T8.FSGOV,TGO,2016,134.9130859375,,
X.PPPCONST.5T8.FSGOV,TGO,2017,142.7178039550781,,
X.PPPCONST.FSGOV,TGO,1992,369.2110900878906,,
X.PPPCONST.FSGOV,TGO,1996,328.9380493164063,,
X.PPPCONST.FSGOV,TGO,1998,331.9071960449219,,
X.PPPCONST.FSGOV,TGO,1999,357.3445129394531,,
X.PPPCONST.FSGOV,TGO,2000,332.1138000488281,,
X.PPPCONST.FSGOV,TGO,2001,321.7085876464844,,
X.PPPCONST.FSGOV,TGO,2002,309.2286682128906,,
X.PPPCONST.FSGOV,TGO,2003,314.7395935058594,,
X.PPPCONST.FSGOV,TGO,2004,291.3775939941406,,
X.PPPCONST.FSGOV,TGO,2005,282.2607116699219,,
X.PPPCONST.FSGOV,TGO,2006,314.9779663085938,,
X.PPPCONST.FSGOV,TGO,2007,318.1443176269531,,
X.PPPCONST.FSGOV,TGO,2008,317.4937133789063,,
X.PPPCONST.FSGOV,TGO,2009,388.6316223144531,,
X.PPPCONST.FSGOV,TGO,2010,439.8734741210938,,
X.PPPCONST.FSGOV,TGO,2011,484.0030517578125,,
X.PPPCONST.FSGOV,TGO,2012,564.4984741210938,,
X.PPPCONST.FSGOV,TGO,2013,561.67919921875,,
X.PPPCONST.FSGOV,TGO,2014,639.8590698242188,,
X.PPPCONST.FSGOV,TGO,2015,731.457275390625,,
X.PPPCONST.FSGOV,TGO,2016,752.3259887695313,,
X.PPPCONST.FSGOV,TGO,2017,804.4405517578125,,UIS_EST
X.PPPCONST.FSGOV,TGO,2018,916.0826416015625,,UIS_EST
X.PPPCONST.UK.FSGOV,TGO,1992,15.15694999694824,,
X.PPPCONST.UK.FSGOV,TGO,1996,7.756569862365723,,
X.PPPCONST.UK.FSGOV,TGO,1998,16.17003059387207,,
X.PPPCONST.UK.FSGOV,TGO,1999,3.909199953079224,,
X.PPPCONST.UK.FSGOV,TGO,2000,15.79666996002197,,
X.PPPCONST.UK.FSGOV,TGO,2007,14.57746982574463,,
X.PPPCONST.UK.FSGOV,TGO,2010,14.61814975738525,,
X.PPPCONST.UK.FSGOV,TGO,2011,18.34090995788574,,
X.PPPCONST.UK.FSGOV,TGO,2012,0,NIL,
X.PPPCONST.UK.FSGOV,TGO,2013,0,NIL,
X.PPPCONST.UK.FSGOV,TGO,2014,0,NIL,
X.PPPCONST.UK.FSGOV,TGO,2015,0,NIL,
X.PPPCONST.UK.FSGOV,TGO,2016,0,NIL,
X.PPPCONST.UK.FSGOV,TGO,2017,0,NIL,
X.US.02.FSGOV,TGO,1970,.0656599998474121,,
X.US.02.FSGOV,TGO,1979,.4810599982738495,,
X.US.02.FSGOV,TGO,1981,.4073899984359741,,
X.US.02.FSGOV,TGO,1992,0,NIL,
X.US.02.FSGOV,TGO,1996,0,NIL,
X.US.02.FSGOV,TGO,1998,0,NIL,
X.US.02.FSGOV,TGO,1999,0,NIL,
X.US.02.FSGOV,TGO,2000,0,NIL,
X.US.02.FSGOV,TGO,2001,0,NIL,
X.US.02.FSGOV,TGO,2007,0,NIL,
X.US.02.FSGOV,TGO,2008,0,NIL,
X.US.02.FSGOV,TGO,2009,0,NIL,
X.US.02.FSGOV,TGO,2010,3.698509931564331,,
X.US.02.FSGOV,TGO,2011,3.352790117263794,,
X.US.02.FSGOV,TGO,2012,6.121500015258789,,
X.US.02.FSGOV,TGO,2013,5.894609928131104,,
X.US.02.FSGOV,TGO,2014,3.173629999160767,,
X.US.02.FSGOV,TGO,2015,3.389470100402832,,
X.US.02.FSGOV,TGO,2016,3.515100002288818,,
X.US.02.FSGOV,TGO,2024,46.91767883300781,,
X.US.1.FSGOV,TGO,1970,3.445859909057617,,
X.US.1.FSGOV,TGO,1979,14.60750961303711,,
X.US.1.FSGOV,TGO,1981,14.01099967956543,,
X.US.1.FSGOV,TGO,1984,14.16965007781982,,
X.US.1.FSGOV,TGO,1987,18.93613052368164,,
X.US.1.FSGOV,TGO,1992,31.67457008361816,,
X.US.1.FSGOV,TGO,1996,31.55883979797363,,
X.US.1.FSGOV,TGO,1998,28.2370491027832,,
X.US.1.FSGOV,TGO,1999,25.01637077331543,,
X.US.1.FSGOV,TGO,2000,28.42266082763672,,
X.US.1.FSGOV,TGO,2001,27.58064079284668,,
X.US.1.FSGOV,TGO,2002,29.92591094970703,,
X.US.1.FSGOV,TGO,2003,34.54058837890625,,
X.US.1.FSGOV,TGO,2004,30.07559013366699,,
X.US.1.FSGOV,TGO,2005,30.1180591583252,,
X.US.1.FSGOV,TGO,2006,27.1617603302002,,
X.US.1.FSGOV,TGO,2007,38.06668853759766,,
X.US.1.FSGOV,TGO,2008,48.04932022094727,,
X.US.1.FSGOV,TGO,2009,65.61860656738281,,
X.US.1.FSGOV,TGO,2010,72.59583282470703,,
X.US.1.FSGOV,TGO,2011,81.44320678710938,,
X.US.1.FSGOV,TGO,2012,116.3085708618164,,
X.US.1.FSGOV,TGO,2013,111.9976196289063,,
X.US.1.FSGOV,TGO,2014,129.0310974121094,,
X.US.1.FSGOV,TGO,2015,137.7029571533203,,
X.US.1.FSGOV,TGO,2016,142.4480133056641,,
X.US.1.FSGOV,TGO,2024,109.3121795654297,,
X.US.2.FSGOV,TGO,1998,10.44293022155762,,
X.US.2.FSGOV,TGO,1999,11.59006023406982,,
X.US.2.FSGOV,TGO,2000,9.930890083312988,,
X.US.2.FSGOV,TGO,2008,31.30044937133789,,
X.US.2.FSGOV,TGO,2009,37.18954849243164,,
X.US.2.FSGOV,TGO,2010,18.08832931518555,,
X.US.2.FSGOV,TGO,2011,26.24941062927246,,
X.US.2.FSGOV,TGO,2012,10.85630989074707,,
X.US.2.FSGOV,TGO,2013,12.78108978271484,,
X.US.2.FSGOV,TGO,2014,18.64105033874512,,
X.US.2.FSGOV,TGO,2015,16.07619094848633,,
X.US.2.FSGOV,TGO,2016,16.58209037780762,,
X.US.2.FSGOV,TGO,2024,44.07556915283203,,
X.US.2T3.FSGOV,TGO,1970,1.322960019111633,,
X.US.2T3.FSGOV,TGO,1979,20.16881942749023,,
X.US.2T3.FSGOV,TGO,1981,14.68889045715332,,
X.US.2T3.FSGOV,TGO,1984,10.27208995819092,,
X.US.2T3.FSGOV,TGO,1987,21.41169929504395,,
X.US.2T3.FSGOV,TGO,1992,28.86754035949707,,
X.US.2T3.FSGOV,TGO,1996,16.54179954528809,,
X.US.2T3.FSGOV,TGO,1998,18.14855003356934,,
X.US.2T3.FSGOV,TGO,1999,21.79080963134766,,
X.US.2T3.FSGOV,TGO,2000,17.14709091186523,,
X.US.2T3.FSGOV,TGO,2007,31.0884895324707,,
X.US.2T3.FSGOV,TGO,2008,39.19282150268555,,
X.US.2T3.FSGOV,TGO,2009,46.2052001953125,,
X.US.2T3.FSGOV,TGO,2010,35.93413162231445,,
X.US.2T3.FSGOV,TGO,2011,48.9126091003418,,
X.US.2T3.FSGOV,TGO,2012,26.21365928649902,,
X.US.2T3.FSGOV,TGO,2013,30.29286003112793,,
X.US.2T3.FSGOV,TGO,2014,38.29853820800781,,
X.US.2T3.FSGOV,TGO,2015,34.73928833007813,,
X.US.2T3.FSGOV,TGO,2016,35.61668014526367,,
X.US.2T3.FSGOV,TGO,2024,87.70117950439453,,
X.US.2T4.V.FSGOV,TGO,2012,10.31291007995605,,
X.US.2T4.V.FSGOV,TGO,2013,12.05605030059814,,
X.US.2T4.V.FSGOV,TGO,2014,13.30743026733398,,
X.US.2T4.V.FSGOV,TGO,2015,12.78802013397217,,
X.US.2T4.V.FSGOV,TGO,2016,13.28787040710449,,
X.US.3.FSGOV,TGO,1998,7.705609798431396,,
X.US.3.FSGOV,TGO,1999,10.20075988769531,,
X.US.3.FSGOV,TGO,2000,7.21619987487793,,
X.US.3.FSGOV,TGO,2008,7.892380237579346,,
X.US.3.FSGOV,TGO,2009,9.015649795532227,,
X.US.3.FSGOV,TGO,2010,17.84580039978027,,
X.US.3.FSGOV,TGO,2011,22.66320037841797,,
X.US.3.FSGOV,TGO,2012,15.35735034942627,,
X.US.3.FSGOV,TGO,2013,17.51177024841309,,
X.US.3.FSGOV,TGO,2014,19.65749931335449,,
X.US.3.FSGOV,TGO,2015,18.66309928894043,,
X.US.3.FSGOV,TGO,2016,19.03458976745605,,
X.US.3.FSGOV,TGO,2024,43.6256103515625,,
X.US.4.FSGOV,TGO,1998,0,NIL,
X.US.4.FSGOV,TGO,1999,0,NIL,
X.US.4.FSGOV,TGO,2000,0,NIL,
X.US.4.FSGOV,TGO,2007,0,NIL,
X.US.4.FSGOV,TGO,2008,0,NIL,
X.US.4.FSGOV,TGO,2009,0,NIL,
X.US.4.FSGOV,TGO,2010,.0808399990200996,,
X.US.4.FSGOV,TGO,2011,.1061000004410744,,
X.US.4.FSGOV,TGO,2012,.6038500070571899,,
X.US.4.FSGOV,TGO,2013,.5314000248908997,,
X.US.4.FSGOV,TGO,2014,.9131699800491333,,
X.US.4.FSGOV,TGO,2015,.7458000183105469,,
X.US.4.FSGOV,TGO,2016,.9012500047683716,,
X.US.5T8.FSGOV,TGO,1970,.3509399890899658,,
X.US.5T8.FSGOV,TGO,1979,14.75876045227051,,
X.US.5T8.FSGOV,TGO,1981,15.77657032012939,,
X.US.5T8.FSGOV,TGO,1984,9.949159622192383,,
X.US.5T8.FSGOV,TGO,1987,15.6353702545166,,
X.US.5T8.FSGOV,TGO,1992,31.59145927429199,,
X.US.5T8.FSGOV,TGO,1996,15.03658008575439,,
X.US.5T8.FSGOV,TGO,1998,13.77700042724609,,
X.US.5T8.FSGOV,TGO,1999,14.51270961761475,,
X.US.5T8.FSGOV,TGO,2000,10.17166996002197,,
X.US.5T8.FSGOV,TGO,2007,20.03619956970215,,
X.US.5T8.FSGOV,TGO,2008,21.95067024230957,,
X.US.5T8.FSGOV,TGO,2009,18.8818302154541,,
X.US.5T8.FSGOV,TGO,2010,23.50472068786621,,
X.US.5T8.FSGOV,TGO,2011,26.73748016357422,,
X.US.5T8.FSGOV,TGO,2012,33.54164886474609,,
X.US.5T8.FSGOV,TGO,2013,42.45832061767578,,
X.US.5T8.FSGOV,TGO,2014,47.47607040405273,,
X.US.5T8.FSGOV,TGO,2015,37.0063591003418,,
X.US.5T8.FSGOV,TGO,2016,39.87458038330078,,
X.US.5T8.FSGOV,TGO,2017,42.66838073730469,,
X.US.FSGOV,TGO,1970,5.368549823760986,,
X.US.FSGOV,TGO,1979,59.56296157836914,,
X.US.FSGOV,TGO,1981,56.60602951049805,,
X.US.FSGOV,TGO,1984,38.73392105102539,,
X.US.FSGOV,TGO,1987,58.92794036865234,,
X.US.FSGOV,TGO,1992,96.07778167724609,,
X.US.FSGOV,TGO,1996,64.6619873046875,,
X.US.FSGOV,TGO,1998,63.24374008178711,,
X.US.FSGOV,TGO,1999,65.99504852294922,,
X.US.FSGOV,TGO,2000,58.49554061889648,,
X.US.FSGOV,TGO,2001,55.84397888183594,,
X.US.FSGOV,TGO,2002,59.52027130126953,,
X.US.FSGOV,TGO,2003,70.37451171875,,
X.US.FSGOV,TGO,2004,70.27749633789063,,
X.US.FSGOV,TGO,2005,72.08988952636719,,
X.US.FSGOV,TGO,2006,80.77704620361328,,
X.US.FSGOV,TGO,2007,93.47440338134766,,
X.US.FSGOV,TGO,2008,109.1928176879883,,
X.US.FSGOV,TGO,2009,130.7056274414063,,
X.US.FSGOV,TGO,2010,140.4826354980469,,
X.US.FSGOV,TGO,2011,166.8758239746094,,
X.US.FSGOV,TGO,2012,182.7892456054688,,
X.US.FSGOV,TGO,2013,191.1748046875,,
X.US.FSGOV,TGO,2014,218.8925170898438,,
X.US.FSGOV,TGO,2015,213.5838928222656,,
X.US.FSGOV,TGO,2016,222.3556365966797,,
X.US.FSGOV,TGO,2017,240.5037841796875,,UIS_EST
X.US.FSGOV,TGO,2018,287.6128234863281,,UIS_EST
X.US.UK.FSGOV,TGO,1979,9.546810150146484,,
X.US.UK.FSGOV,TGO,1992,3.944210052490234,,
X.US.UK.FSGOV,TGO,1996,1.524770021438599,,
X.US.UK.FSGOV,TGO,1998,3.081140041351318,,
X.US.UK.FSGOV,TGO,1999,.7219600081443787,,
X.US.UK.FSGOV,TGO,2000,2.782279968261719,,
X.US.UK.FSGOV,TGO,2007,4.28302001953125,,
X.US.UK.FSGOV,TGO,2010,4.668610095977783,,
X.US.UK.FSGOV,TGO,2011,6.323629856109619,,
X.US.UK.FSGOV,TGO,2012,0,NIL,
X.US.UK.FSGOV,TGO,2013,0,NIL,
X.US.UK.FSGOV,TGO,2014,0,NIL,
X.US.UK.FSGOV,TGO,2015,0,NIL,
X.US.UK.FSGOV,TGO,2016,0,NIL,
X.US.UK.FSGOV,TGO,2017,0,NIL,
X.USCONST.02.FSGOV,TGO,1970,.3360599875450134,,
X.USCONST.02.FSGOV,TGO,1979,.928380012512207,,
X.USCONST.02.FSGOV,TGO,1981,.8070899844169617,,
X.USCONST.02.FSGOV,TGO,1992,0,NIL,
X.USCONST.02.FSGOV,TGO,1996,0,NIL,
X.USCONST.02.FSGOV,TGO,1998,0,NIL,
X.USCONST.02.FSGOV,TGO,1999,0,NIL,
X.USCONST.02.FSGOV,TGO,2000,0,NIL,
X.USCONST.02.FSGOV,TGO,2001,0,NIL,
X.USCONST.02.FSGOV,TGO,2007,0,NIL,
X.USCONST.02.FSGOV,TGO,2008,0,NIL,
X.USCONST.02.FSGOV,TGO,2009,0,NIL,
X.USCONST.02.FSGOV,TGO,2010,3.716399908065796,,
X.USCONST.02.FSGOV,TGO,2011,3.120709896087646,,
X.USCONST.02.FSGOV,TGO,2012,6.066830158233643,,
X.USCONST.02.FSGOV,TGO,2013,5.557819843292236,,
X.USCONST.02.FSGOV,TGO,2014,2.977149963378906,,
X.USCONST.02.FSGOV,TGO,2015,3.725150108337402,,
X.USCONST.02.FSGOV,TGO,2016,3.816689968109131,,
X.USCONST.02.FSGOV,TGO,2024,45.64902114868164,,
X.USCONST.1.FSGOV,TGO,1970,17.63500022888184,,
X.USCONST.1.FSGOV,TGO,1979,28.19039916992188,,
X.USCONST.1.FSGOV,TGO,1981,27.75705909729004,,
X.USCONST.1.FSGOV,TGO,1984,36.21138000488281,,
X.USCONST.1.FSGOV,TGO,1987,29.98623085021973,,
X.USCONST.1.FSGOV,TGO,1992,39.06195831298828,,
X.USCONST.1.FSGOV,TGO,1996,51.52019119262695,,
X.USCONST.1.FSGOV,TGO,1998,47.55649185180664,,
X.USCONST.1.FSGOV,TGO,1999,43.47018051147461,,
X.USCONST.1.FSGOV,TGO,2000,51.78694152832031,,
X.USCONST.1.FSGOV,TGO,2001,50.98965835571289,,
X.USCONST.1.FSGOV,TGO,2002,49.89461135864258,,
X.USCONST.1.FSGOV,TGO,2003,49.57437133789063,,
X.USCONST.1.FSGOV,TGO,2004,40.01707077026367,,
X.USCONST.1.FSGOV,TGO,2005,37.84378051757813,,
X.USCONST.1.FSGOV,TGO,2006,33.98925018310547,,
X.USCONST.1.FSGOV,TGO,2007,41.57841873168945,,
X.USCONST.1.FSGOV,TGO,2008,44.83526992797852,,
X.USCONST.1.FSGOV,TGO,2009,62.61267852783203,,
X.USCONST.1.FSGOV,TGO,2010,72.94712829589844,,
X.USCONST.1.FSGOV,TGO,2011,75.80554962158203,,
X.USCONST.1.FSGOV,TGO,2012,115.2697296142578,,
X.USCONST.1.FSGOV,TGO,2013,105.5985336303711,,
X.USCONST.1.FSGOV,TGO,2014,121.0428771972656,,
X.USCONST.1.FSGOV,TGO,2015,151.3405151367188,,
X.USCONST.1.FSGOV,TGO,2016,154.6698760986328,,
X.USCONST.1.FSGOV,TGO,2024,106.3563613891602,,
X.USCONST.2.FSGOV,TGO,1998,17.58786964416504,,
X.USCONST.2.FSGOV,TGO,1999,20.13969039916992,,
X.USCONST.2.FSGOV,TGO,2000,18.09439086914063,,
X.USCONST.2.FSGOV,TGO,2008,29.20672988891602,,
X.USCONST.2.FSGOV,TGO,2009,35.48593139648438,,
X.USCONST.2.FSGOV,TGO,2010,18.17585945129395,,
X.USCONST.2.FSGOV,TGO,2011,24.43238067626953,,
X.USCONST.2.FSGOV,TGO,2012,10.75934982299805,,
X.USCONST.2.FSGOV,TGO,2013,12.05082988739014,,
X.USCONST.2.FSGOV,TGO,2014,17.48699951171875,,
X.USCONST.2.FSGOV,TGO,2015,17.66831016540527,,
X.USCONST.2.FSGOV,TGO,2016,18.00481033325195,,
X.USCONST.2.FSGOV,TGO,2024,42.88375854492188,,
X.USCONST.2T3.FSGOV,TGO,1970,6.770549774169922,,
X.USCONST.2T3.FSGOV,TGO,1979,38.92293167114258,,
X.USCONST.2T3.FSGOV,TGO,1981,29.10001945495605,,
X.USCONST.2T3.FSGOV,TGO,1984,26.25093078613281,,
X.USCONST.2T3.FSGOV,TGO,1987,33.90641021728516,,
X.USCONST.2T3.FSGOV,TGO,1992,35.60023880004883,,
X.USCONST.2T3.FSGOV,TGO,1996,27.00469970703125,,
X.USCONST.2T3.FSGOV,TGO,1998,30.56557083129883,,
X.USCONST.2T3.FSGOV,TGO,1999,37.86523056030273,,
X.USCONST.2T3.FSGOV,TGO,2000,31.24251937866211,,
X.USCONST.2T3.FSGOV,TGO,2007,33.95647048950195,,
X.USCONST.2T3.FSGOV,TGO,2008,36.5711784362793,,
X.USCONST.2T3.FSGOV,TGO,2009,44.08858108520508,,
X.USCONST.2T3.FSGOV,TGO,2010,36.1080207824707,,
X.USCONST.2T3.FSGOV,TGO,2011,45.52677917480469,,
X.USCONST.2T3.FSGOV,TGO,2012,25.97953033447266,,
X.USCONST.2T3.FSGOV,TGO,2013,28.56204032897949,,
X.USCONST.2T3.FSGOV,TGO,2014,35.92750930786133,,
X.USCONST.2T3.FSGOV,TGO,2015,38.17972183227539,,
X.USCONST.2T3.FSGOV,TGO,2016,38.67255020141602,,
X.USCONST.2T3.FSGOV,TGO,2024,85.32972717285156,,
X.USCONST.2T4.V.FSGOV,TGO,2012,10.22080039978027,,
X.USCONST.2T4.V.FSGOV,TGO,2013,11.36721992492676,,
X.USCONST.2T4.V.FSGOV,TGO,2014,12.48357963562012,,
X.USCONST.2T4.V.FSGOV,TGO,2015,14.05449962615967,,
X.USCONST.2T4.V.FSGOV,TGO,2016,14.42794990539551,,
X.USCONST.3.FSGOV,TGO,1998,12.97770023345947,,
X.USCONST.3.FSGOV,TGO,1999,17.72554016113281,,
X.USCONST.3.FSGOV,TGO,2000,13.14813041687012,,
X.USCONST.3.FSGOV,TGO,2008,7.364449977874756,,
X.USCONST.3.FSGOV,TGO,2009,8.602649688720703,,
X.USCONST.3.FSGOV,TGO,2010,17.93215942382813,,
X.USCONST.3.FSGOV,TGO,2011,21.09440040588379,,
X.USCONST.3.FSGOV,TGO,2012,15.22017955780029,,
X.USCONST.3.FSGOV,TGO,2013,16.51122093200684,,
X.USCONST.3.FSGOV,TGO,2014,18.44050979614258,,
X.USCONST.3.FSGOV,TGO,2015,20.51141929626465,,
X.USCONST.3.FSGOV,TGO,2016,20.66773986816406,,
X.USCONST.3.FSGOV,TGO,2024,42.44596862792969,,
X.USCONST.4.FSGOV,TGO,1998,0,NIL,
X.USCONST.4.FSGOV,TGO,1999,0,NIL,
X.USCONST.4.FSGOV,TGO,2000,0,NIL,
X.USCONST.4.FSGOV,TGO,2007,0,NIL,
X.USCONST.4.FSGOV,TGO,2008,0,NIL,
X.USCONST.4.FSGOV,TGO,2009,0,NIL,
X.USCONST.4.FSGOV,TGO,2010,.0812299996614456,,
X.USCONST.4.FSGOV,TGO,2011,.0987600013613701,,
X.USCONST.4.FSGOV,TGO,2012,.5984600186347961,,
X.USCONST.4.FSGOV,TGO,2013,.501039981842041,,
X.USCONST.4.FSGOV,TGO,2014,.8566399812698364,,
X.USCONST.4.FSGOV,TGO,2015,.8196600079536438,,
X.USCONST.4.FSGOV,TGO,2016,.9785799980163574,,
X.USCONST.5T8.FSGOV,TGO,1970,1.796000003814697,,
X.USCONST.5T8.FSGOV,TGO,1979,28.48228073120117,,
X.USCONST.5T8.FSGOV,TGO,1981,31.25481986999512,,
X.USCONST.5T8.FSGOV,TGO,1984,25.4256706237793,,
X.USCONST.5T8.FSGOV,TGO,1987,24.75931930541992,,
X.USCONST.5T8.FSGOV,TGO,1992,38.9594612121582,,
X.USCONST.5T8.FSGOV,TGO,1996,24.54739952087402,,
X.USCONST.5T8.FSGOV,TGO,1998,23.20306015014648,,
X.USCONST.5T8.FSGOV,TGO,1999,25.21829986572266,,
X.USCONST.5T8.FSGOV,TGO,2000,18.53309059143066,,
X.USCONST.5T8.FSGOV,TGO,2007,21.88458061218262,,
X.USCONST.5T8.FSGOV,TGO,2008,20.48237037658691,,
X.USCONST.5T8.FSGOV,TGO,2009,18.01687049865723,,
X.USCONST.5T8.FSGOV,TGO,2010,23.61845970153809,,
X.USCONST.5T8.FSGOV,TGO,2011,24.88665962219238,,
X.USCONST.5T8.FSGOV,TGO,2012,33.24206924438477,,
X.USCONST.5T8.FSGOV,TGO,2013,40.03242874145508,,
X.USCONST.5T8.FSGOV,TGO,2014,44.53686141967773,,
X.USCONST.5T8.FSGOV,TGO,2015,40.67132186889648,,
X.USCONST.5T8.FSGOV,TGO,2016,43.29576873779297,,
X.USCONST.5T8.FSGOV,TGO,2017,45.80043029785156,,
X.USCONST.FSGOV,TGO,1970,27.47481918334961,,
X.USCONST.FSGOV,TGO,1979,114.9479598999023,,
X.USCONST.FSGOV,TGO,1981,112.1417007446289,,
X.USCONST.FSGOV,TGO,1984,98.98679351806641,,
X.USCONST.FSGOV,TGO,1987,93.31507110595703,,
X.USCONST.FSGOV,TGO,1992,118.4857635498047,,
X.USCONST.FSGOV,TGO,1996,105.5615005493164,,
X.USCONST.FSGOV,TGO,1998,106.5143432617188,,
X.USCONST.FSGOV,TGO,1999,114.6775817871094,,
X.USCONST.FSGOV,TGO,2000,106.5806427001953,,
X.USCONST.FSGOV,TGO,2001,103.2414474487305,,
X.USCONST.FSGOV,TGO,2002,99.23644256591797,,
X.USCONST.FSGOV,TGO,2003,101.0049896240234,,
X.USCONST.FSGOV,TGO,2004,93.50773620605469,,
X.USCONST.FSGOV,TGO,2005,90.58197784423828,,
X.USCONST.FSGOV,TGO,2006,101.0814819335938,,
X.USCONST.FSGOV,TGO,2007,102.0976181030273,,
X.USCONST.FSGOV,TGO,2008,101.8888168334961,,
X.USCONST.FSGOV,TGO,2009,124.7181167602539,,
X.USCONST.FSGOV,TGO,2010,141.1624450683594,,
X.USCONST.FSGOV,TGO,2011,155.3243408203125,,
X.USCONST.FSGOV,TGO,2012,181.1566162109375,,
X.USCONST.FSGOV,TGO,2013,180.2518463134766,,
X.USCONST.FSGOV,TGO,2014,205.3410339355469,,
X.USCONST.FSGOV,TGO,2015,234.7363739013672,,
X.USCONST.FSGOV,TGO,2016,241.4334716796875,,
X.USCONST.FSGOV,TGO,2017,258.1578674316406,,UIS_EST
X.USCONST.FSGOV,TGO,2018,293.985595703125,,UIS_EST
X.USCONST.UK.FSGOV,TGO,1979,18.42396926879883,,
X.USCONST.UK.FSGOV,TGO,1992,4.864109992980957,,
X.USCONST.UK.FSGOV,TGO,1996,2.489209890365601,,
X.USCONST.UK.FSGOV,TGO,1998,5.189219951629639,,
X.USCONST.UK.FSGOV,TGO,1999,1.254520058631897,,
X.USCONST.UK.FSGOV,TGO,2000,5.069399833679199,,
X.USCONST.UK.FSGOV,TGO,2007,4.678140163421631,,
X.USCONST.UK.FSGOV,TGO,2010,4.691199779510498,,
X.USCONST.UK.FSGOV,TGO,2011,5.885890007019043,,
X.USCONST.UK.FSGOV,TGO,2012,0,NIL,
X.USCONST.UK.FSGOV,TGO,2013,0,NIL,
X.USCONST.UK.FSGOV,TGO,2014,0,NIL,
X.USCONST.UK.FSGOV,TGO,2015,0,NIL,
X.USCONST.UK.FSGOV,TGO,2016,0,NIL,
X.USCONST.UK.FSGOV,TGO,2017,0,NIL,
XGDP.02.FSGOV,TGO,1970,.0183099992573261,,
XGDP.02.FSGOV,TGO,1979,.0381999984383583,,
XGDP.02.FSGOV,TGO,1981,.0299800001084805,,
XGDP.02.FSGOV,TGO,1992,0,NIL,
XGDP.02.FSGOV,TGO,1996,0,NIL,
XGDP.02.FSGOV,TGO,1998,0,NIL,
XGDP.02.FSGOV,TGO,1999,0,NIL,
XGDP.02.FSGOV,TGO,2000,0,NIL,
XGDP.02.FSGOV,TGO,2001,0,NIL,
XGDP.02.FSGOV,TGO,2007,0,NIL,
XGDP.02.FSGOV,TGO,2008,0,NIL,
XGDP.02.FSGOV,TGO,2009,0,NIL,
XGDP.02.FSGOV,TGO,2010,.0779199972748756,,
XGDP.02.FSGOV,TGO,2011,.061829999089241,,
XGDP.02.FSGOV,TGO,2012,.1130800023674965,,
XGDP.02.FSGOV,TGO,2013,.0978899970650673,,
XGDP.02.FSGOV,TGO,2014,.0496399998664856,,
XGDP.02.FSGOV,TGO,2015,.0588899999856949,,
XGDP.02.FSGOV,TGO,2016,.0579000003635883,,
XGDP.02.FSGOV,TGO,2024,.4726899862289429,,
XGDP.1.FSGOV,TGO,1970,.9607399702072144,,
XGDP.1.FSGOV,TGO,1979,1.159909963607788,,
XGDP.1.FSGOV,TGO,1981,1.030959963798523,,
XGDP.1.FSGOV,TGO,1984,1.397169947624207,,
XGDP.1.FSGOV,TGO,1987,1.073490023612976,,
XGDP.1.FSGOV,TGO,1992,1.324849963188171,,
XGDP.1.FSGOV,TGO,1996,1.52495002746582,,
XGDP.1.FSGOV,TGO,1998,1.259649991989136,,
XGDP.1.FSGOV,TGO,1999,1.123530030250549,,
XGDP.1.FSGOV,TGO,2000,1.34906005859375,,
XGDP.1.FSGOV,TGO,2001,1.317450046539307,,
XGDP.1.FSGOV,TGO,2002,1.241629958152771,,
XGDP.1.FSGOV,TGO,2003,1.15599000453949,,
XGDP.1.FSGOV,TGO,2004,.9423499703407288,,
XGDP.1.FSGOV,TGO,2005,.9347900152206421,,
XGDP.1.FSGOV,TGO,2006,.8179000020027161,,
XGDP.1.FSGOV,TGO,2007,1.012420058250427,,
XGDP.1.FSGOV,TGO,2008,1.049370050430298,,
XGDP.1.FSGOV,TGO,2009,1.389670014381409,,
XGDP.1.FSGOV,TGO,2010,1.529489994049072,,
XGDP.1.FSGOV,TGO,2011,1.501960039138794,,
XGDP.1.FSGOV,TGO,2012,2.148469924926758,,
XGDP.1.FSGOV,TGO,2013,1.859889984130859,,
XGDP.1.FSGOV,TGO,2014,2.018219947814941,,
XGDP.1.FSGOV,TGO,2015,2.392560005187988,,
XGDP.1.FSGOV,TGO,2016,2.346299886703491,,
XGDP.1.FSGOV,TGO,2024,1.101300001144409,,
XGDP.2.FSGOV,TGO,1998,.4658600091934204,,
XGDP.2.FSGOV,TGO,1999,.5205299854278564,,
XGDP.2.FSGOV,TGO,2000,.4713599979877472,,
XGDP.2.FSGOV,TGO,2008,.6835899949073792,,
XGDP.2.FSGOV,TGO,2009,.7875999808311462,,
XGDP.2.FSGOV,TGO,2010,.3810999989509583,,
XGDP.2.FSGOV,TGO,2011,.4840900003910065,,
XGDP.2.FSGOV,TGO,2012,.2005400061607361,,
XGDP.2.FSGOV,TGO,2013,.2122499942779541,,
XGDP.2.FSGOV,TGO,2014,.2915700078010559,,
XGDP.2.FSGOV,TGO,2015,.2793200016021729,,
XGDP.2.FSGOV,TGO,2016,.2731299996376038,,
XGDP.2.FSGOV,TGO,2024,.4440500140190125,,
XGDP.2T3.FSGOV,TGO,1970,.3688600063323975,,
XGDP.2T3.FSGOV,TGO,1979,1.601510047912598,,
XGDP.2T3.FSGOV,TGO,1981,1.080839991569519,,
XGDP.2T3.FSGOV,TGO,1984,1.01285994052887,,
XGDP.2T3.FSGOV,TGO,1987,1.21382999420166,,
XGDP.2T3.FSGOV,TGO,1992,1.20744001865387,,
XGDP.2T3.FSGOV,TGO,1996,.799310028553009,,
XGDP.2T3.FSGOV,TGO,1998,.8095999956130981,,
XGDP.2T3.FSGOV,TGO,1999,.9786700010299683,,
XGDP.2T3.FSGOV,TGO,2000,.8138700127601624,,
XGDP.2T3.FSGOV,TGO,2007,.8268300294876099,,
XGDP.2T3.FSGOV,TGO,2008,.8559499979019165,,
XGDP.2T3.FSGOV,TGO,2009,.9785299897193909,,
XGDP.2T3.FSGOV,TGO,2010,.7570800185203552,,
XGDP.2T3.FSGOV,TGO,2011,.9020400047302246,,
XGDP.2T3.FSGOV,TGO,2012,.4842199981212616,,
XGDP.2T3.FSGOV,TGO,2013,.503059983253479,,
XGDP.2T3.FSGOV,TGO,2014,.5990399718284607,,
XGDP.2T3.FSGOV,TGO,2015,.6035900115966797,,
XGDP.2T3.FSGOV,TGO,2016,.586650013923645,,
XGDP.2T3.FSGOV,TGO,2024,.8835700154304504,,
XGDP.2T4.V.FSGOV,TGO,2012,.1905000060796738,,
XGDP.2T4.V.FSGOV,TGO,2013,.2002100050449371,,
XGDP.2T4.V.FSGOV,TGO,2014,.2081499993801117,,
XGDP.2T4.V.FSGOV,TGO,2015,.2221899926662445,,
XGDP.2T4.V.FSGOV,TGO,2016,.2188699990510941,,
XGDP.3.FSGOV,TGO,1998,.34375,,
XGDP.3.FSGOV,TGO,1999,.4581399857997894,,
XGDP.3.FSGOV,TGO,2000,.3425100147724152,,
XGDP.3.FSGOV,TGO,2008,.1723700016736984,,
XGDP.3.FSGOV,TGO,2009,.1909299939870834,,
XGDP.3.FSGOV,TGO,2010,.3759900033473969,,
XGDP.3.FSGOV,TGO,2011,.4179500043392181,,
XGDP.3.FSGOV,TGO,2012,.2836799919605255,,
XGDP.3.FSGOV,TGO,2013,.2908099889755249,,
XGDP.3.FSGOV,TGO,2014,.3074699938297272,,
XGDP.3.FSGOV,TGO,2015,.3242700099945068,,
XGDP.3.FSGOV,TGO,2016,.3135200142860413,,
XGDP.3.FSGOV,TGO,2024,.439520001411438,,
XGDP.4.FSGOV,TGO,1998,0,NIL,
XGDP.4.FSGOV,TGO,1999,0,NIL,
XGDP.4.FSGOV,TGO,2000,0,NIL,
XGDP.4.FSGOV,TGO,2007,0,NIL,
XGDP.4.FSGOV,TGO,2008,0,NIL,
XGDP.4.FSGOV,TGO,2009,0,NIL,
XGDP.4.FSGOV,TGO,2010,.001700000022538,,
XGDP.4.FSGOV,TGO,2011,.0019600000232458,,
XGDP.4.FSGOV,TGO,2012,.0111499996855855,,
XGDP.4.FSGOV,TGO,2013,.0088200001046062,,
XGDP.4.FSGOV,TGO,2014,.0142799997702241,,
XGDP.4.FSGOV,TGO,2015,.0129599999636412,,
XGDP.4.FSGOV,TGO,2016,.0148400003090501,,
XGDP.5T8.FSGOV,TGO,1970,.097850002348423,,
XGDP.5T8.FSGOV,TGO,1979,1.171919941902161,,
XGDP.5T8.FSGOV,TGO,1981,1.160869956016541,,
XGDP.5T8.FSGOV,TGO,1984,.9810199737548828,,
XGDP.5T8.FSGOV,TGO,1987,.8863700032234192,,
XGDP.5T8.FSGOV,TGO,1992,1.321380019187927,,
XGDP.5T8.FSGOV,TGO,1996,.726580023765564,,
XGDP.5T8.FSGOV,TGO,1998,.6145899891853333,,
XGDP.5T8.FSGOV,TGO,1999,.6517900228500366,,
XGDP.5T8.FSGOV,TGO,2000,.4827899932861328,,
XGDP.5T8.FSGOV,TGO,2007,.5328800082206726,,
XGDP.5T8.FSGOV,TGO,2008,.4793899953365326,,
XGDP.5T8.FSGOV,TGO,2009,.3998799920082092,,
XGDP.5T8.FSGOV,TGO,2010,.4952099919319153,,
XGDP.5T8.FSGOV,TGO,2011,.4930900037288666,,
XGDP.5T8.FSGOV,TGO,2012,.6195899844169617,,
XGDP.5T8.FSGOV,TGO,2013,.7050899863243103,,
XGDP.5T8.FSGOV,TGO,2014,.7425900101661682,,
XGDP.5T8.FSGOV,TGO,2015,.6429799795150757,,
XGDP.5T8.FSGOV,TGO,2016,.656790018081665,,
XGDP.5T8.FSGOV,TGO,2017,.6680099964141846,,
XSPENDP.02.FDPUB.FNCAP,TGO,2009,0,NIL,
XSPENDP.02.FDPUB.FNCAP,TGO,2010,34.97267913818359,,
XSPENDP.02.FDPUB.FNCAP,TGO,2011,30.3797492980957,,
XSPENDP.02.FDPUB.FNCAP,TGO,2012,19.15543937683105,,
XSPENDP.02.FDPUB.FNCAP,TGO,2013,2.068160057067871,,
XSPENDP.02.FDPUB.FNCAP,TGO,2014,.3296500146389008,,
XSPENDP.02.FDPUB.FNCAP,TGO,2015,.7472800016403198,,
XSPENDP.02.FDPUB.FNCAP,TGO,2016,.7813699841499329,,
XSPENDP.02.FDPUB.FNCAP,TGO,2024,0,NIL,
XSPENDP.02.FDPUB.FNCUR,TGO,2010,65.02732086181641,,
XSPENDP.02.FDPUB.FNCUR,TGO,2011,69.62024688720703,,
XSPENDP.02.FDPUB.FNCUR,TGO,2012,80.84455871582031,,
XSPENDP.02.FDPUB.FNCUR,TGO,2013,97.93183898925781,,
XSPENDP.02.FDPUB.FNCUR,TGO,2014,99.67034912109375,,
XSPENDP.02.FDPUB.FNCUR,TGO,2015,99.25272369384766,,
XSPENDP.02.FDPUB.FNCUR,TGO,2016,99.2186279296875,,
XSPENDP.02.FDPUB.FNCUR,TGO,2024,100,,
XSPENDP.02.FDPUB.FNNONS,TGO,2010,8.743169784545898,,
XSPENDP.02.FDPUB.FNNONS,TGO,2011,8.860759735107422,,
XSPENDP.02.FDPUB.FNNONS,TGO,2012,7.17540979385376,,
XSPENDP.02.FDPUB.FNNONS,TGO,2013,9.493269920349121,,
XSPENDP.02.FDPUB.FNNONS,TGO,2014,4.886129856109619,,
XSPENDP.02.FDPUB.FNNONS,TGO,2015,4.329390048980713,,
XSPENDP.02.FDPUB.FNNONS,TGO,2016,4.481800079345703,,
XSPENDP.02.FDPUB.FNNONS,TGO,2024,8.801509857177734,,
XSPENDP.02.FDPUB.FNNTS,TGO,2011,2.531650066375732,,
XSPENDP.02.FDPUB.FNNTS,TGO,2012,13.20820999145508,,
XSPENDP.02.FDPUB.FNNTS,TGO,2013,18.2276496887207,,
XSPENDP.02.FDPUB.FNNTS,TGO,2014,9.661230087280273,,
XSPENDP.02.FDPUB.FNNTS,TGO,2015,9.792309761047363,,
XSPENDP.02.FDPUB.FNNTS,TGO,2016,9.308950424194336,,
XSPENDP.02.FDPUB.FNNTS,TGO,2024,9.119850158691406,,
XSPENDP.02.FDPUB.FNS,TGO,2010,56.28414916992188,,
XSPENDP.02.FDPUB.FNS,TGO,2011,60.75949096679688,,
XSPENDP.02.FDPUB.FNS,TGO,2012,73.66915130615234,,
XSPENDP.02.FDPUB.FNS,TGO,2013,88.43856811523438,,
XSPENDP.02.FDPUB.FNS,TGO,2014,94.78421783447266,,
XSPENDP.02.FDPUB.FNS,TGO,2015,94.92333221435547,,
XSPENDP.02.FDPUB.FNS,TGO,2016,94.73683929443359,,
XSPENDP.02.FDPUB.FNS,TGO,2024,91.198486328125,,
XSPENDP.02.FDPUB.FNTS,TGO,2009,0,NIL,
XSPENDP.02.FDPUB.FNTS,TGO,2011,58.22785186767578,,
XSPENDP.02.FDPUB.FNTS,TGO,2012,60.46094131469727,,
XSPENDP.02.FDPUB.FNTS,TGO,2013,70.21092224121094,,
XSPENDP.02.FDPUB.FNTS,TGO,2014,85.12299346923828,,
XSPENDP.02.FDPUB.FNTS,TGO,2015,85.13101959228516,,
XSPENDP.02.FDPUB.FNTS,TGO,2016,85.42788696289063,,
XSPENDP.02.FDPUB.FNTS,TGO,2024,82.07865142822266,,
XSPENDP.1.FDPUB.FNBOOKS,TGO,1998,.9289000034332275,,
XSPENDP.1.FDPUB.FNBOOKS,TGO,1999,3.567219972610474,,
XSPENDP.1.FDPUB.FNBOOKS,TGO,2000,1.918439984321594,,
XSPENDP.1.FDPUB.FNBOOKS,TGO,2007,1.560549974441528,,
XSPENDP.1.FDPUB.FNBOOKS,TGO,2008,.9332699775695801,,
XSPENDP.1.FDPUB.FNBOOKS,TGO,2009,.5973700284957886,,
XSPENDP.1.FDPUB.FNBOOKS,TGO,2010,2.644030094146729,,
XSPENDP.1.FDPUB.FNBOOKS,TGO,2012,.4492000043392181,,
XSPENDP.1.FDPUB.FNBOOKS,TGO,2013,.4677500128746033,,
XSPENDP.1.FDPUB.FNBOOKS,TGO,2014,.2624000012874603,,
XSPENDP.1.FDPUB.FNBOOKS,TGO,2015,.216729998588562,,
XSPENDP.1.FDPUB.FNBOOKS,TGO,2016,.2204000055789948,,
XSPENDP.1.FDPUB.FNBOOKS,TGO,2024,.1309999972581863,,
XSPENDP.1.FDPUB.FNCAP,TGO,1998,28.61849975585938,,
XSPENDP.1.FDPUB.FNCAP,TGO,1999,18.31996917724609,,
XSPENDP.1.FDPUB.FNCAP,TGO,2000,17.47863006591797,,
XSPENDP.1.FDPUB.FNCAP,TGO,2007,1.373280048370361,,
XSPENDP.1.FDPUB.FNCAP,TGO,2008,1.539899945259094,,
XSPENDP.1.FDPUB.FNCAP,TGO,2009,1.224609971046448,,
XSPENDP.1.FDPUB.FNCAP,TGO,2010,15.00139045715332,,
XSPENDP.1.FDPUB.FNCAP,TGO,2011,11.07347965240479,,
XSPENDP.1.FDPUB.FNCAP,TGO,2012,19.15543937683105,,
XSPENDP.1.FDPUB.FNCAP,TGO,2013,2.068160057067871,,
XSPENDP.1.FDPUB.FNCAP,TGO,2014,.4133000075817108,,
XSPENDP.1.FDPUB.FNCAP,TGO,2015,.7493799924850464,,
XSPENDP.1.FDPUB.FNCAP,TGO,2016,.7854700088500977,,
XSPENDP.1.FDPUB.FNCAP,TGO,2024,2.394150018692017,,
XSPENDP.1.FDPUB.FNCUR,TGO,1998,71.38150024414063,,
XSPENDP.1.FDPUB.FNCUR,TGO,1999,81.68003082275391,,
XSPENDP.1.FDPUB.FNCUR,TGO,2000,82.52136993408203,,
XSPENDP.1.FDPUB.FNCUR,TGO,2007,98.62671661376953,,
XSPENDP.1.FDPUB.FNCUR,TGO,2008,98.46009826660156,,
XSPENDP.1.FDPUB.FNCUR,TGO,2009,98.775390625,,
XSPENDP.1.FDPUB.FNCUR,TGO,2010,84.99861145019531,,
XSPENDP.1.FDPUB.FNCUR,TGO,2011,88.92652130126953,,
XSPENDP.1.FDPUB.FNCUR,TGO,2012,80.84455871582031,,
XSPENDP.1.FDPUB.FNCUR,TGO,2013,97.93183898925781,,
XSPENDP.1.FDPUB.FNCUR,TGO,2014,99.58670043945313,,
XSPENDP.1.FDPUB.FNCUR,TGO,2015,99.25061798095703,,
XSPENDP.1.FDPUB.FNCUR,TGO,2016,99.21453094482422,,
XSPENDP.1.FDPUB.FNCUR,TGO,2024,97.60585021972656,,
XSPENDP.1.FDPUB.FNNONS,TGO,1998,4.619830131530762,,
XSPENDP.1.FDPUB.FNNONS,TGO,1999,15.80296039581299,,
XSPENDP.1.FDPUB.FNNONS,TGO,2000,11.89957046508789,,
XSPENDP.1.FDPUB.FNNONS,TGO,2007,2.496880054473877,,
XSPENDP.1.FDPUB.FNNONS,TGO,2008,7.886139869689941,,
XSPENDP.1.FDPUB.FNNONS,TGO,2009,7.168920040130615,,
XSPENDP.1.FDPUB.FNNONS,TGO,2010,7.1528000831604,,
XSPENDP.1.FDPUB.FNNONS,TGO,2011,7.060969829559326,,
XSPENDP.1.FDPUB.FNNONS,TGO,2012,7.17540979385376,,
XSPENDP.1.FDPUB.FNNONS,TGO,2013,9.493269920349121,,
XSPENDP.1.FDPUB.FNNONS,TGO,2014,4.779960155487061,,
XSPENDP.1.FDPUB.FNNONS,TGO,2015,4.264080047607422,,
XSPENDP.1.FDPUB.FNNONS,TGO,2016,4.438590049743652,,
XSPENDP.1.FDPUB.FNNONS,TGO,2024,8.590780258178711,,
XSPENDP.1.FDPUB.FNNTS,TGO,1998,1.947090029716492,,
XSPENDP.1.FDPUB.FNNTS,TGO,1999,.5263699889183044,,
XSPENDP.1.FDPUB.FNNTS,TGO,2007,.8739100098609924,,
XSPENDP.1.FDPUB.FNNTS,TGO,2008,.6066300272941589,,
XSPENDP.1.FDPUB.FNNTS,TGO,2009,7.825109958648682,,
XSPENDP.1.FDPUB.FNNTS,TGO,2011,3.126630067825317,,
XSPENDP.1.FDPUB.FNNTS,TGO,2012,13.20820999145508,,
XSPENDP.1.FDPUB.FNNTS,TGO,2013,18.2276496887207,,
XSPENDP.1.FDPUB.FNNTS,TGO,2014,9.654620170593262,,
XSPENDP.1.FDPUB.FNNTS,TGO,2015,9.792300224304199,,
XSPENDP.1.FDPUB.FNNTS,TGO,2016,9.309920310974121,,
XSPENDP.1.FDPUB.FNNTS,TGO,2024,8.901510238647461,,
XSPENDP.1.FDPUB.FNS,TGO,1998,66.76167297363281,,
XSPENDP.1.FDPUB.FNS,TGO,1999,65.34494781494141,,
XSPENDP.1.FDPUB.FNS,TGO,2000,70.62180328369141,,
XSPENDP.1.FDPUB.FNS,TGO,2007,96.12983703613281,,
XSPENDP.1.FDPUB.FNS,TGO,2008,90.57395935058594,,
XSPENDP.1.FDPUB.FNS,TGO,2009,91.60646820068359,,
XSPENDP.1.FDPUB.FNS,TGO,2010,77.84580993652344,,
XSPENDP.1.FDPUB.FNS,TGO,2011,81.86554718017578,,
XSPENDP.1.FDPUB.FNS,TGO,2012,73.66915130615234,,
XSPENDP.1.FDPUB.FNS,TGO,2013,88.43856811523438,,
XSPENDP.1.FDPUB.FNS,TGO,2014,94.80673980712891,,
XSPENDP.1.FDPUB.FNS,TGO,2015,94.98654174804688,,
XSPENDP.1.FDPUB.FNS,TGO,2016,94.77593994140625,,
XSPENDP.1.FDPUB.FNS,TGO,2024,89.01506805419922,,
XSPENDP.1.FDPUB.FNTS,TGO,1998,64.81458282470703,,
XSPENDP.1.FDPUB.FNTS,TGO,1999,64.818603515625,,
XSPENDP.1.FDPUB.FNTS,TGO,2007,95.25592803955078,,
XSPENDP.1.FDPUB.FNTS,TGO,2008,89.96733856201172,,
XSPENDP.1.FDPUB.FNTS,TGO,2009,83.78135681152344,,
XSPENDP.1.FDPUB.FNTS,TGO,2011,78.73892974853516,,
XSPENDP.1.FDPUB.FNTS,TGO,2012,60.46094131469727,,
XSPENDP.1.FDPUB.FNTS,TGO,2013,70.21092224121094,,
XSPENDP.1.FDPUB.FNTS,TGO,2014,85.15212249755859,,
XSPENDP.1.FDPUB.FNTS,TGO,2015,85.19423675537109,,
XSPENDP.1.FDPUB.FNTS,TGO,2016,85.46601867675781,,
XSPENDP.1.FDPUB.FNTS,TGO,2024,80.11356353759766,,
XSPENDP.2.FDPUB.FNCAP,TGO,1998,13.16217994689941,,
XSPENDP.2.FDPUB.FNCAP,TGO,1999,1.483420014381409,,
XSPENDP.2.FDPUB.FNCAP,TGO,2000,.3234699964523315,,
XSPENDP.2.FDPUB.FNCAP,TGO,2008,3.008599996566772,,
XSPENDP.2.FDPUB.FNCAP,TGO,2009,3.636359930038452,,
XSPENDP.2.FDPUB.FNCAP,TGO,2010,2.033269882202148,,
XSPENDP.2.FDPUB.FNCAP,TGO,2011,1.050930023193359,,
XSPENDP.2.FDPUB.FNCAP,TGO,2012,.9195600152015686,,
XSPENDP.2.FDPUB.FNCAP,TGO,2013,2.096450090408325,,
XSPENDP.2.FDPUB.FNCAP,TGO,2014,1.305199980735779,,
XSPENDP.2.FDPUB.FNCAP,TGO,2015,3.153709888458252,,
XSPENDP.2.FDPUB.FNCAP,TGO,2016,2.49183988571167,,
XSPENDP.2.FDPUB.FNCAP,TGO,2024,1.92834997177124,,
XSPENDP.2.FDPUB.FNCUR,TGO,1998,86.83782196044922,,
XSPENDP.2.FDPUB.FNCUR,TGO,1999,98.51657867431641,,
XSPENDP.2.FDPUB.FNCUR,TGO,2000,99.67652893066406,,
XSPENDP.2.FDPUB.FNCUR,TGO,2008,96.99140167236328,,
XSPENDP.2.FDPUB.FNCUR,TGO,2009,96.36363983154297,,
XSPENDP.2.FDPUB.FNCUR,TGO,2010,97.96672821044922,,
XSPENDP.2.FDPUB.FNCUR,TGO,2011,98.94907379150391,,
XSPENDP.2.FDPUB.FNCUR,TGO,2012,99.08043670654297,,
XSPENDP.2.FDPUB.FNCUR,TGO,2013,97.90354919433594,,
XSPENDP.2.FDPUB.FNCUR,TGO,2014,98.69480133056641,,
XSPENDP.2.FDPUB.FNCUR,TGO,2015,96.84629058837891,,
XSPENDP.2.FDPUB.FNCUR,TGO,2016,97.50816345214844,,
XSPENDP.2.FDPUB.FNCUR,TGO,2024,98.07164764404297,,
XSPENDP.2.FDPUB.FNNONS,TGO,1998,7.126009941101074,,
XSPENDP.2.FDPUB.FNNONS,TGO,1999,14.24180030822754,,
XSPENDP.2.FDPUB.FNNONS,TGO,2000,14.07281970977783,,
XSPENDP.2.FDPUB.FNNONS,TGO,2008,3.868190050125122,,
XSPENDP.2.FDPUB.FNNONS,TGO,2009,3.54994010925293,,
XSPENDP.2.FDPUB.FNNONS,TGO,2010,6.007390022277832,,
XSPENDP.2.FDPUB.FNNONS,TGO,2011,5.09296989440918,,
XSPENDP.2.FDPUB.FNNONS,TGO,2012,14.49561977386475,,
XSPENDP.2.FDPUB.FNNONS,TGO,2013,13.28359031677246,,
XSPENDP.2.FDPUB.FNNONS,TGO,2014,14.55150985717773,,
XSPENDP.2.FDPUB.FNNONS,TGO,2015,14.01187992095947,,
XSPENDP.2.FDPUB.FNNONS,TGO,2016,12.8909797668457,,
XSPENDP.2.FDPUB.FNNONS,TGO,2024,7.840000152587891,,
XSPENDP.2.FDPUB.FNNTS,TGO,1998,2.21153998374939,,
XSPENDP.2.FDPUB.FNNTS,TGO,1999,.7477200031280518,,
XSPENDP.2.FDPUB.FNNTS,TGO,2008,.5730699896812439,,
XSPENDP.2.FDPUB.FNNTS,TGO,2009,4.108459949493408,,
XSPENDP.2.FDPUB.FNNTS,TGO,2011,4.85044002532959,,
XSPENDP.2.FDPUB.FNNTS,TGO,2012,32.33765029907227,,
XSPENDP.2.FDPUB.FNNTS,TGO,2013,34.87757873535156,,
XSPENDP.2.FDPUB.FNNTS,TGO,2014,8.802249908447266,,
XSPENDP.2.FDPUB.FNNTS,TGO,2015,9.140139579772949,,
XSPENDP.2.FDPUB.FNNTS,TGO,2016,7.865349769592285,,
XSPENDP.2.FDPUB.FNNTS,TGO,2024,9.925479888916016,,
XSPENDP.2.FDPUB.FNS,TGO,1998,79.71180725097656,,
XSPENDP.2.FDPUB.FNS,TGO,1999,84.2747802734375,,
XSPENDP.2.FDPUB.FNS,TGO,2000,85.60370635986328,,
XSPENDP.2.FDPUB.FNS,TGO,2008,93.12320709228516,,
XSPENDP.2.FDPUB.FNS,TGO,2009,92.81369781494141,,
XSPENDP.2.FDPUB.FNS,TGO,2010,91.95932769775391,,
XSPENDP.2.FDPUB.FNS,TGO,2011,93.85610198974609,,
XSPENDP.2.FDPUB.FNS,TGO,2012,84.58482360839844,,
XSPENDP.2.FDPUB.FNS,TGO,2013,84.61995697021484,,
XSPENDP.2.FDPUB.FNS,TGO,2014,84.14330291748047,,
XSPENDP.2.FDPUB.FNS,TGO,2015,82.83441162109375,,
XSPENDP.2.FDPUB.FNS,TGO,2016,84.6171875,,
XSPENDP.2.FDPUB.FNS,TGO,2024,90.23165130615234,,
XSPENDP.2.FDPUB.FNTS,TGO,1998,77.50026702880859,,
XSPENDP.2.FDPUB.FNTS,TGO,1999,83.52706146240234,,
XSPENDP.2.FDPUB.FNTS,TGO,2008,92.55014038085938,,
XSPENDP.2.FDPUB.FNTS,TGO,2009,88.70523071289063,,
XSPENDP.2.FDPUB.FNTS,TGO,2011,89.00566101074219,,
XSPENDP.2.FDPUB.FNTS,TGO,2012,52.24716949462891,,
XSPENDP.2.FDPUB.FNTS,TGO,2013,49.74237823486328,,
XSPENDP.2.FDPUB.FNTS,TGO,2014,75.34104919433594,,
XSPENDP.2.FDPUB.FNTS,TGO,2015,73.69426727294922,,
XSPENDP.2.FDPUB.FNTS,TGO,2016,76.7518310546875,,
XSPENDP.2.FDPUB.FNTS,TGO,2024,80.30616760253906,,
XSPENDP.2T3.FDPUB.FNBOOKS,TGO,1998,7.492589950561523,,
XSPENDP.2T3.FDPUB.FNBOOKS,TGO,1999,12.60958003997803,,
XSPENDP.2T3.FDPUB.FNBOOKS,TGO,2000,6.039730072021484,,
XSPENDP.2T3.FDPUB.FNBOOKS,TGO,2007,2.044610023498535,,
XSPENDP.2T3.FDPUB.FNBOOKS,TGO,2008,1.303320050239563,,
XSPENDP.2T3.FDPUB.FNBOOKS,TGO,2009,.9298400282859802,,
XSPENDP.2T3.FDPUB.FNBOOKS,TGO,2010,1.181769967079163,,
XSPENDP.2T3.FDPUB.FNBOOKS,TGO,2012,3.089770078659058,,
XSPENDP.2T3.FDPUB.FNBOOKS,TGO,2013,2.187540054321289,,
XSPENDP.2T3.FDPUB.FNBOOKS,TGO,2014,1.416149973869324,,
XSPENDP.2T3.FDPUB.FNBOOKS,TGO,2015,1.380949974060059,,
XSPENDP.2T3.FDPUB.FNBOOKS,TGO,2016,1.310340046882629,,
XSPENDP.2T3.FDPUB.FNBOOKS,TGO,2024,.1817599982023239,,
XSPENDP.2T3.FDPUB.FNCAP,TGO,1998,18.12824058532715,,
XSPENDP.2T3.FDPUB.FNCAP,TGO,1999,1.439069986343384,,
XSPENDP.2T3.FDPUB.FNCAP,TGO,2000,3.257980108261108,,
XSPENDP.2T3.FDPUB.FNCAP,TGO,2007,1.394050002098083,,
XSPENDP.2T3.FDPUB.FNCAP,TGO,2008,2.488149881362915,,
XSPENDP.2T3.FDPUB.FNCAP,TGO,2009,3.085380077362061,,
XSPENDP.2T3.FDPUB.FNCAP,TGO,2010,4.445690155029297,,
XSPENDP.2T3.FDPUB.FNCAP,TGO,2011,1.382889986038208,,
XSPENDP.2T3.FDPUB.FNCAP,TGO,2012,1.080649971961975,,
XSPENDP.2T3.FDPUB.FNCAP,TGO,2013,2.32571005821228,,
XSPENDP.2T3.FDPUB.FNCAP,TGO,2014,1.335780024528503,,
XSPENDP.2T3.FDPUB.FNCAP,TGO,2015,4.468019962310791,,
XSPENDP.2T3.FDPUB.FNCAP,TGO,2016,3.069629907608032,,
XSPENDP.2T3.FDPUB.FNCAP,TGO,2024,1.223590016365051,,
XSPENDP.2T3.FDPUB.FNCUR,TGO,1998,81.87175750732422,,
XSPENDP.2T3.FDPUB.FNCUR,TGO,1999,98.56092834472656,,
XSPENDP.2T3.FDPUB.FNCUR,TGO,2000,96.74201965332031,,
XSPENDP.2T3.FDPUB.FNCUR,TGO,2007,98.60594940185547,,
XSPENDP.2T3.FDPUB.FNCUR,TGO,2008,97.51184844970703,,
XSPENDP.2T3.FDPUB.FNCUR,TGO,2009,96.91461944580078,,
XSPENDP.2T3.FDPUB.FNCUR,TGO,2010,95.55431365966797,,
XSPENDP.2T3.FDPUB.FNCUR,TGO,2011,98.61711120605469,,
XSPENDP.2T3.FDPUB.FNCUR,TGO,2012,98.91934967041016,,
XSPENDP.2T3.FDPUB.FNCUR,TGO,2013,97.67429351806641,,
XSPENDP.2T3.FDPUB.FNCUR,TGO,2014,98.66422271728516,,
XSPENDP.2T3.FDPUB.FNCUR,TGO,2015,95.531982421875,,
XSPENDP.2T3.FDPUB.FNCUR,TGO,2016,96.93036651611328,,
XSPENDP.2T3.FDPUB.FNCUR,TGO,2024,98.77641296386719,,
XSPENDP.2T3.FDPUB.FNNONS,TGO,1998,11.56278038024902,,
XSPENDP.2T3.FDPUB.FNNONS,TGO,1999,20.13925933837891,,
XSPENDP.2T3.FDPUB.FNNONS,TGO,2000,16.25254058837891,,
XSPENDP.2T3.FDPUB.FNNONS,TGO,2007,3.345720052719116,,
XSPENDP.2T3.FDPUB.FNNONS,TGO,2008,5.035550117492676,,
XSPENDP.2T3.FDPUB.FNNONS,TGO,2009,4.476530075073242,,
XSPENDP.2T3.FDPUB.FNNONS,TGO,2010,7.709619998931885,,
XSPENDP.2T3.FDPUB.FNNONS,TGO,2011,6.352640151977539,,
XSPENDP.2T3.FDPUB.FNNONS,TGO,2012,21.9035701751709,,
XSPENDP.2T3.FDPUB.FNNONS,TGO,2013,19.92840003967285,,
XSPENDP.2T3.FDPUB.FNNONS,TGO,2014,17.06438064575195,,
XSPENDP.2T3.FDPUB.FNNONS,TGO,2015,16.14032936096191,,
XSPENDP.2T3.FDPUB.FNNONS,TGO,2016,15.86003971099854,,
XSPENDP.2T3.FDPUB.FNNONS,TGO,2024,7.896339893341064,,
XSPENDP.2T3.FDPUB.FNNTS,TGO,1998,2.800970077514648,,
XSPENDP.2T3.FDPUB.FNNTS,TGO,1999,1.760550022125244,,
XSPENDP.2T3.FDPUB.FNNTS,TGO,2007,1.115239977836609,,
XSPENDP.2T3.FDPUB.FNNTS,TGO,2008,.5924199819564819,,
XSPENDP.2T3.FDPUB.FNNTS,TGO,2009,9.344260215759277,,
XSPENDP.2T3.FDPUB.FNNTS,TGO,2011,6.006909847259521,,
XSPENDP.2T3.FDPUB.FNNTS,TGO,2012,25.08287048339844,,
XSPENDP.2T3.FDPUB.FNNTS,TGO,2013,27.5339298248291,,
XSPENDP.2T3.FDPUB.FNNTS,TGO,2014,9.116129875183105,,
XSPENDP.2T3.FDPUB.FNNTS,TGO,2015,9.108880043029785,,
XSPENDP.2T3.FDPUB.FNNTS,TGO,2016,7.920519828796387,,
XSPENDP.2T3.FDPUB.FNNTS,TGO,2024,9.996809959411621,,
XSPENDP.2T3.FDPUB.FNS,TGO,1998,70.30898284912109,,
XSPENDP.2T3.FDPUB.FNS,TGO,1999,78.42165374755859,,
XSPENDP.2T3.FDPUB.FNS,TGO,2000,80.48947906494141,,
XSPENDP.2T3.FDPUB.FNS,TGO,2007,95.26022338867188,,
XSPENDP.2T3.FDPUB.FNS,TGO,2008,92.47630310058594,,
XSPENDP.2T3.FDPUB.FNS,TGO,2009,92.43808746337891,,
XSPENDP.2T3.FDPUB.FNS,TGO,2010,87.84468078613281,,
XSPENDP.2T3.FDPUB.FNS,TGO,2011,92.26448059082031,,
XSPENDP.2T3.FDPUB.FNS,TGO,2012,77.01579284667969,,
XSPENDP.2T3.FDPUB.FNS,TGO,2013,77.74588775634766,,
XSPENDP.2T3.FDPUB.FNS,TGO,2014,81.59983825683594,,
XSPENDP.2T3.FDPUB.FNS,TGO,2015,79.39164733886719,,
XSPENDP.2T3.FDPUB.FNS,TGO,2016,81.07032012939453,,
XSPENDP.2T3.FDPUB.FNS,TGO,2024,90.88007354736328,,
XSPENDP.2T3.FDPUB.FNTS,TGO,1998,67.50801849365234,,
XSPENDP.2T3.FDPUB.FNTS,TGO,1999,76.66110229492188,,
XSPENDP.2T3.FDPUB.FNTS,TGO,2007,94.14498138427734,,
XSPENDP.2T3.FDPUB.FNTS,TGO,2008,91.88388824462891,,
XSPENDP.2T3.FDPUB.FNTS,TGO,2009,83.09382629394531,,
XSPENDP.2T3.FDPUB.FNTS,TGO,2011,86.25756072998047,,
XSPENDP.2T3.FDPUB.FNTS,TGO,2012,51.93291854858398,,
XSPENDP.2T3.FDPUB.FNTS,TGO,2013,50.21194839477539,,
XSPENDP.2T3.FDPUB.FNTS,TGO,2014,72.48371124267578,,
XSPENDP.2T3.FDPUB.FNTS,TGO,2015,70.28276062011719,,
XSPENDP.2T3.FDPUB.FNTS,TGO,2016,73.14980316162109,,
XSPENDP.2T3.FDPUB.FNTS,TGO,2024,80.88326263427734,,
XSPENDP.3.FDPUB.FNCAP,TGO,1998,24.49029922485352,,
XSPENDP.3.FDPUB.FNCAP,TGO,1999,1.386119961738586,,
XSPENDP.3.FDPUB.FNCAP,TGO,2000,7.381249904632568,,
XSPENDP.3.FDPUB.FNCAP,TGO,2009,1.270419955253601,,
XSPENDP.3.FDPUB.FNCAP,TGO,2010,8.20143985748291,,
XSPENDP.3.FDPUB.FNCAP,TGO,2011,1.76416003704071,,
XSPENDP.3.FDPUB.FNCAP,TGO,2012,1.194519996643066,,
XSPENDP.3.FDPUB.FNCAP,TGO,2013,2.487799882888794,,
XSPENDP.3.FDPUB.FNCAP,TGO,2014,1.364680051803589,,
XSPENDP.3.FDPUB.FNCAP,TGO,2015,5.5902099609375,,
XSPENDP.3.FDPUB.FNCAP,TGO,2016,3.568690061569214,,
XSPENDP.3.FDPUB.FNCAP,TGO,2024,0,NIL,
XSPENDP.3.FDPUB.FNCUR,TGO,1998,75.50969696044922,,
XSPENDP.3.FDPUB.FNCUR,TGO,1999,98.61387634277344,,
XSPENDP.3.FDPUB.FNCUR,TGO,2000,92.61875152587891,,
XSPENDP.3.FDPUB.FNCUR,TGO,2008,100,,
XSPENDP.3.FDPUB.FNCUR,TGO,2009,98.72958374023438,,
XSPENDP.3.FDPUB.FNCUR,TGO,2010,91.79856109619141,,
XSPENDP.3.FDPUB.FNCUR,TGO,2011,98.23583984375,,
XSPENDP.3.FDPUB.FNCUR,TGO,2012,98.80548095703125,,
XSPENDP.3.FDPUB.FNCUR,TGO,2013,97.51219940185547,,
XSPENDP.3.FDPUB.FNCUR,TGO,2014,98.63532257080078,,
XSPENDP.3.FDPUB.FNCUR,TGO,2015,94.4097900390625,,
XSPENDP.3.FDPUB.FNCUR,TGO,2016,96.43131256103516,,
XSPENDP.3.FDPUB.FNCUR,TGO,2024,100,,
XSPENDP.3.FDPUB.FNNONS,TGO,1998,17.24674987792969,,
XSPENDP.3.FDPUB.FNNONS,TGO,1999,27.18008041381836,,
XSPENDP.3.FDPUB.FNNONS,TGO,2000,19.31526947021484,,
XSPENDP.3.FDPUB.FNNONS,TGO,2008,10.61643981933594,,
XSPENDP.3.FDPUB.FNNONS,TGO,2009,8.286660194396973,,
XSPENDP.3.FDPUB.FNNONS,TGO,2010,10.35970973968506,,
XSPENDP.3.FDPUB.FNNONS,TGO,2011,7.799439907073975,,
XSPENDP.3.FDPUB.FNNONS,TGO,2012,27.14035034179688,,
XSPENDP.3.FDPUB.FNNONS,TGO,2013,24.62634086608887,,
XSPENDP.3.FDPUB.FNNONS,TGO,2014,19.43938064575195,,
XSPENDP.3.FDPUB.FNNONS,TGO,2015,17.9576301574707,,
XSPENDP.3.FDPUB.FNNONS,TGO,2016,18.42452049255371,,
XSPENDP.3.FDPUB.FNNONS,TGO,2024,7.994150161743164,,
XSPENDP.3.FDPUB.FNNTS,TGO,1998,3.556080102920532,,
XSPENDP.3.FDPUB.FNNTS,TGO,1999,2.96973991394043,,
XSPENDP.3.FDPUB.FNNTS,TGO,2000,2.345279932022095,,
XSPENDP.3.FDPUB.FNNTS,TGO,2008,.6849300265312195,,
XSPENDP.3.FDPUB.FNNTS,TGO,2009,25.8331298828125,,
XSPENDP.3.FDPUB.FNNTS,TGO,2011,7.335189819335938,,
XSPENDP.3.FDPUB.FNNTS,TGO,2012,19.95435905456543,,
XSPENDP.3.FDPUB.FNNTS,TGO,2013,22.34190940856934,,
XSPENDP.3.FDPUB.FNNTS,TGO,2014,9.412790298461914,,
XSPENDP.3.FDPUB.FNNTS,TGO,2015,9.082189559936523,,
XSPENDP.3.FDPUB.FNNTS,TGO,2016,7.968170166015625,,
XSPENDP.3.FDPUB.FNNTS,TGO,2024,10.12063980102539,,
XSPENDP.3.FDPUB.FNS,TGO,1998,58.2629508972168,,
XSPENDP.3.FDPUB.FNS,TGO,1999,71.43379974365234,,
XSPENDP.3.FDPUB.FNS,TGO,2000,73.30348205566406,,
XSPENDP.3.FDPUB.FNS,TGO,2008,89.38356018066406,,
XSPENDP.3.FDPUB.FNS,TGO,2009,90.44293212890625,,
XSPENDP.3.FDPUB.FNS,TGO,2010,81.43885040283203,,
XSPENDP.3.FDPUB.FNS,TGO,2011,90.4364013671875,,
XSPENDP.3.FDPUB.FNS,TGO,2012,71.66513061523438,,
XSPENDP.3.FDPUB.FNS,TGO,2013,72.88585662841797,,
XSPENDP.3.FDPUB.FNS,TGO,2014,79.19593811035156,,
XSPENDP.3.FDPUB.FNS,TGO,2015,76.45216369628906,,
XSPENDP.3.FDPUB.FNS,TGO,2016,78.00679016113281,,
XSPENDP.3.FDPUB.FNS,TGO,2024,92.00585174560547,,
XSPENDP.3.FDPUB.FNTS,TGO,1998,54.70687103271484,,
XSPENDP.3.FDPUB.FNTS,TGO,1999,68.46405792236328,,
XSPENDP.3.FDPUB.FNTS,TGO,2000,70.95819854736328,,
XSPENDP.3.FDPUB.FNTS,TGO,2008,88.69863128662109,,
XSPENDP.3.FDPUB.FNTS,TGO,2009,64.60980224609375,,
XSPENDP.3.FDPUB.FNTS,TGO,2011,83.10121154785156,,
XSPENDP.3.FDPUB.FNTS,TGO,2012,51.71076965332031,,
XSPENDP.3.FDPUB.FNTS,TGO,2013,50.54394912719727,,
XSPENDP.3.FDPUB.FNTS,TGO,2014,69.78314971923828,,
XSPENDP.3.FDPUB.FNTS,TGO,2015,67.36997222900391,,
XSPENDP.3.FDPUB.FNTS,TGO,2016,70.03862762451172,,
XSPENDP.3.FDPUB.FNTS,TGO,2024,81.88520812988281,,
XSPENDP.4.FDPUB.FNCAP,TGO,2009,0,NIL,
XSPENDP.4.FDPUB.FNCAP,TGO,2012,0,NIL,
XSPENDP.4.FDPUB.FNCAP,TGO,2013,0,NIL,
XSPENDP.4.FDPUB.FNCAP,TGO,2014,.250330001115799,,
XSPENDP.4.FDPUB.FNCAP,TGO,2015,.7434800267219543,,
XSPENDP.4.FDPUB.FNCAP,TGO,2016,.5094500184059143,,
XSPENDP.4.FDPUB.FNCUR,TGO,2012,100,,
XSPENDP.4.FDPUB.FNCUR,TGO,2013,100,,
XSPENDP.4.FDPUB.FNCUR,TGO,2014,99.74967193603516,,
XSPENDP.4.FDPUB.FNCUR,TGO,2015,99.25652313232422,,
XSPENDP.4.FDPUB.FNCUR,TGO,2016,99.49054718017578,,
XSPENDP.4.FDPUB.FNNONS,TGO,2014,75.30519104003906,,
XSPENDP.4.FDPUB.FNNONS,TGO,2015,74.50478363037109,,
XSPENDP.4.FDPUB.FNNONS,TGO,2016,80.64778900146484,,
XSPENDP.4.FDPUB.FNNTS,TGO,2014,2.443010091781616,,
XSPENDP.4.FDPUB.FNNTS,TGO,2015,2.657210111618042,,
XSPENDP.4.FDPUB.FNNTS,TGO,2016,1.955399990081787,,
XSPENDP.4.FDPUB.FNS,TGO,2014,24.44448089599609,,
XSPENDP.4.FDPUB.FNS,TGO,2015,24.75173950195313,,
XSPENDP.4.FDPUB.FNS,TGO,2016,18.84276008605957,,
XSPENDP.4.FDPUB.FNTS,TGO,2009,0,NIL,
XSPENDP.4.FDPUB.FNTS,TGO,2014,22.0014705657959,,
XSPENDP.4.FDPUB.FNTS,TGO,2015,22.09453010559082,,
XSPENDP.4.FDPUB.FNTS,TGO,2016,16.88736915588379,,
XSPENDP.5T8.FDPUB.FNCAP,TGO,1998,.553659975528717,,
XSPENDP.5T8.FDPUB.FNCAP,TGO,2000,.2768499851226807,,
XSPENDP.5T8.FDPUB.FNCAP,TGO,2010,2.407569885253906,,
XSPENDP.5T8.FDPUB.FNCAP,TGO,2011,7.222219944000244,,
XSPENDP.5T8.FDPUB.FNCAP,TGO,2014,11.6119499206543,,
XSPENDP.5T8.FDPUB.FNCAP,TGO,2015,9.016300201416016,,
XSPENDP.5T8.FDPUB.FNCAP,TGO,2016,9.696379661560059,,
XSPENDP.5T8.FDPUB.FNCAP,TGO,2017,.4113200008869171,,
XSPENDP.5T8.FDPUB.FNCUR,TGO,1998,99.44634246826172,,
XSPENDP.5T8.FDPUB.FNCUR,TGO,2000,99.72315216064453,,
XSPENDP.5T8.FDPUB.FNCUR,TGO,2010,97.59243011474609,,
XSPENDP.5T8.FDPUB.FNCUR,TGO,2011,92.77777862548828,,
XSPENDP.5T8.FDPUB.FNCUR,TGO,2012,100,,
XSPENDP.5T8.FDPUB.FNCUR,TGO,2013,100,,
XSPENDP.5T8.FDPUB.FNCUR,TGO,2014,88.38804626464844,,
XSPENDP.5T8.FDPUB.FNCUR,TGO,2015,90.98370361328125,,
XSPENDP.5T8.FDPUB.FNCUR,TGO,2016,90.30361938476563,,
XSPENDP.5T8.FDPUB.FNCUR,TGO,2017,99.58867645263672,,
XSPENDP.5T8.FDPUB.FNNONS,TGO,1998,52.63391876220703,,
XSPENDP.5T8.FDPUB.FNNONS,TGO,2000,50.31837844848633,,
XSPENDP.5T8.FDPUB.FNNONS,TGO,2010,37.05932998657227,,
XSPENDP.5T8.FDPUB.FNNONS,TGO,2011,38.88888931274414,,
XSPENDP.5T8.FDPUB.FNNONS,TGO,2014,28.78730010986328,,
XSPENDP.5T8.FDPUB.FNNONS,TGO,2015,7.302989959716797,,
XSPENDP.5T8.FDPUB.FNNONS,TGO,2016,6.980100154876709,,
XSPENDP.5T8.FDPUB.FNNONS,TGO,2017,20.3979606628418,,
XSPENDP.5T8.FDPUB.FNNTS,TGO,2014,21.90029907226563,,
XSPENDP.5T8.FDPUB.FNNTS,TGO,2015,30.30771064758301,,
XSPENDP.5T8.FDPUB.FNNTS,TGO,2016,30.12671089172363,,
XSPENDP.5T8.FDPUB.FNS,TGO,1998,46.81241989135742,,
XSPENDP.5T8.FDPUB.FNS,TGO,2000,49.40475845336914,,
XSPENDP.5T8.FDPUB.FNS,TGO,2010,60.53310012817383,,
XSPENDP.5T8.FDPUB.FNS,TGO,2011,53.88888931274414,,
XSPENDP.5T8.FDPUB.FNS,TGO,2014,59.60074996948242,,
XSPENDP.5T8.FDPUB.FNS,TGO,2015,83.68070983886719,,
XSPENDP.5T8.FDPUB.FNS,TGO,2016,83.32351684570313,,
XSPENDP.5T8.FDPUB.FNS,TGO,2017,79.19071960449219,,
XSPENDP.5T8.FDPUB.FNTS,TGO,2014,37.700439453125,,
XSPENDP.5T8.FDPUB.FNTS,TGO,2015,53.37298965454102,,
XSPENDP.5T8.FDPUB.FNTS,TGO,2016,53.19681167602539,,
XSPENDP.FDPUB.FNCAP,TGO,1998,19.20700073242188,,
XSPENDP.FDPUB.FNCAP,TGO,2000,10.02470016479492,,
XSPENDP.FDPUB.FNCAP,TGO,2009,1.957419991493225,,
XSPENDP.FDPUB.FNCAP,TGO,2010,10.60890007019043,,
XSPENDP.FDPUB.FNCAP,TGO,2011,7.778339862823486,,
XSPENDP.FDPUB.FNCAP,TGO,2012,13.00891017913818,,
XSPENDP.FDPUB.FNCAP,TGO,2013,1.694919943809509,,
XSPENDP.FDPUB.FNCAP,TGO,2014,2.304980039596558,,
XSPENDP.FDPUB.FNCAP,TGO,2015,2.517460107803345,,
XSPENDP.FDPUB.FNCAP,TGO,2016,2.421220064163208,,
XSPENDP.FDPUB.FNCUR,TGO,1998,80.79299926757813,,
XSPENDP.FDPUB.FNCUR,TGO,2000,89.97530364990234,,
XSPENDP.FDPUB.FNCUR,TGO,2009,98.04257965087891,,
XSPENDP.FDPUB.FNCUR,TGO,2010,89.39109802246094,,
XSPENDP.FDPUB.FNCUR,TGO,2011,92.22165679931641,,
XSPENDP.FDPUB.FNCUR,TGO,2012,86.9910888671875,,
XSPENDP.FDPUB.FNCUR,TGO,2013,98.30507659912109,,
XSPENDP.FDPUB.FNCUR,TGO,2014,97.69502258300781,,
XSPENDP.FDPUB.FNCUR,TGO,2015,97.48253631591797,,
XSPENDP.FDPUB.FNCUR,TGO,2016,97.57878112792969,,
XSPENDP.FDPUB.FNNONS,TGO,1998,17.86528015136719,,
XSPENDP.FDPUB.FNNONS,TGO,2000,20.92132949829102,,
XSPENDP.FDPUB.FNNONS,TGO,2009,6.059770107269287,,
XSPENDP.FDPUB.FNNONS,TGO,2010,14.72577953338623,,
XSPENDP.FDPUB.FNNONS,TGO,2011,14.90849018096924,,
XSPENDP.FDPUB.FNNONS,TGO,2014,11.13776016235352,,
XSPENDP.FDPUB.FNNONS,TGO,2015,6.982269763946533,,
XSPENDP.FDPUB.FNNONS,TGO,2016,7.06673002243042,,
XSPENDP.FDPUB.FNNTS,TGO,1998,3.315500020980835,,
XSPENDP.FDPUB.FNNTS,TGO,2009,10.06315994262695,,
XSPENDP.FDPUB.FNNTS,TGO,2014,11.39704990386963,,
XSPENDP.FDPUB.FNNTS,TGO,2015,12.45853042602539,,
XSPENDP.FDPUB.FNNTS,TGO,2016,11.96582984924316,,
XSPENDP.FDPUB.FNS,TGO,1998,62.92771911621094,,
XSPENDP.FDPUB.FNS,TGO,2000,69.05397033691406,,
XSPENDP.FDPUB.FNS,TGO,2009,91.98281097412109,,
XSPENDP.FDPUB.FNS,TGO,2010,74.66532135009766,,
XSPENDP.FDPUB.FNS,TGO,2011,77.31317138671875,,
XSPENDP.FDPUB.FNS,TGO,2014,86.55726623535156,,
XSPENDP.FDPUB.FNS,TGO,2015,90.50026702880859,,
XSPENDP.FDPUB.FNS,TGO,2016,90.51204681396484,,
XSPENDP.FDPUB.FNTS,TGO,1998,59.61222076416016,,
XSPENDP.FDPUB.FNTS,TGO,2009,81.91963958740234,,
XSPENDP.FDPUB.FNTS,TGO,2014,75.16020965576172,,
XSPENDP.FDPUB.FNTS,TGO,2015,78.04174041748047,,
XSPENDP.FDPUB.FNTS,TGO,2016,78.54622650146484,,
