riasec_R,riasec_I,riasec_A,riasec_S,riasec_E,riasec_C,notes_n2,notes_n1,notes_actuelle,tendance_notes,moyenne_generale,score_60_40,match_riasec,ecart_notes_seuil,nb_consultations,en_favori,score_similarite_recherche,domaine_declare_match_filiere,constance_ambition,nb_echanges_domaine,serie,filiere_choisie,niveau_actuel,region,ordre,sexe,annee_session,statut
1,1,0,1,0,0,8.82,6.99,8.62,1,8.62,0.8041999999999999,0.578,-0.13800000000000007,0,0,0.0,0.5,0.5,0,A,Sciences de l'Éducation,BAC_1,Centrale,public,M,2023,REORIENTE
1,1,0,1,0,0,11.8,11.59,12.06,1,12.06,0.4351999999999999,0.236,0.20600000000000004,0,0,0.0,0.5,0.5,0,D,Biologie,BAC_1,Centrale,public,F,2023,ADMIS
1,1,0,1,0,0,9.66,10.19,10.21,1,10.21,0.5642,0.494,0.021000000000000085,0,0,0.0,0.5,0.5,0,D,Génie Électrique,BAC_1,Grand Lomé,public,M,2024,REORIENTE
1,1,0,1,0,0,12.54,12.2,12.99,1,12.99,0.5546,0.386,0.29900000000000004,0,0,0.0,0.5,0.5,0,D,Génie Informatique,BAC_1,Centrale,public,M,2023,REORIENTE
1,1,0,1,0,0,9.71,9.15,10.33,1,10.33,0.5932,0.451,0.03300000000000001,0,0,0.0,0.5,0.5,0,D,Biologie,BAC_1,Plateaux Est,public,F,2023,REORIENTE
1,1,0,1,0,0,11.05,10.97,10.38,-1,10.38,0.6386000000000001,0.713,0.038000000000000075,0,0,0.0,0.5,0.5,0,D,Gestion des Entreprises,BAC_1,Grand Lomé,public,F,2024,ADMIS
1,1,0,1,0,0,6.63,6.57,7.83,1,7.83,0.5154000000000001,0.642,-0.217,0,0,0.0,0.5,0.5,0,G3,Sciences Infirmières,BAC_1,Plateaux Est,public,M,2024,REORIENTE
1,1,0,1,0,0,12.76,13.51,13.31,-1,13.31,0.5702,0.491,0.33100000000000007,0,0,0.0,0.5,0.5,0,A,Psychologie,BAC_1,Grand Lomé,public,M,2024,ADMIS
1,1,0,1,0,0,10.15,11.43,11.38,-1,11.38,0.73,0.67,0.13800000000000007,0,0,0.0,0.5,0.5,0,A,Psychologie,BAC_1,Savanes,public,F,2024,REORIENTE
1,1,0,1,0,0,8.64,9.57,9.69,1,9.69,0.4222,0.52,-0.03100000000000005,0,0,0.0,0.5,0.5,0,A,Psychologie,BAC_1,Plateaux Est,public,F,2024,REORIENTE
1,1,0,1,0,0,8.13,11.69,10.41,-1,10.41,0.7242,0.645,0.041000000000000016,0,0,0.0,0.5,0.5,0,A,Lettres Modernes,BAC_1,Plateaux Est,public,M,2023,REORIENTE
1,1,0,1,0,0,6.61,7.76,7.05,-1,7.05,0.7190000000000001,0.596,-0.29500000000000004,0,0,0.0,0.5,0.5,0,D,Informatique,BAC_1,Maritime,public,M,2023,ADMIS
1,1,0,1,0,0,10.83,10.44,11.07,1,11.07,0.7749999999999999,0.487,0.10700000000000003,0,0,0.0,0.5,0.5,0,D,Gestion des Entreprises,BAC_1,Maritime,public,M,2023,ADMIS
1,1,0,1,0,0,8.44,9.3,10.1,1,10.1,0.5496000000000001,0.531,0.009999999999999964,0,0,0.0,0.5,0.5,0,D,Génie Électrique,BAC_1,Plateaux Ouest,privé,F,2024,REORIENTE
1,1,0,1,0,0,11.42,13.18,12.37,-1,12.37,0.7313999999999999,0.57,0.23699999999999993,0,0,0.0,0.5,0.5,0,A,Anglais,BAC_1,Savanes,privé,M,2024,REORIENTE
1,1,0,1,0,0,8.85,9.39,8.8,-1,8.8,0.7076,0.797,-0.11999999999999993,0,0,0.0,0.5,0.5,0,D,Génie Électrique,BAC_1,Plateaux Est,public,F,2023,REORIENTE
1,1,0,1,0,0,12.68,12.48,13.14,1,13.14,0.8184,0.561,0.31400000000000006,0,0,0.0,0.5,0.5,0,D,Biologie,BAC_1,Maritime,public,F,2023,REORIENTE
1,1,0,1,0,0,11.89,11.12,11.65,1,11.65,0.7627999999999999,0.62,0.16500000000000004,0,0,0.0,0.5,0.5,0,D,Histoire,BAC_1,Grand Lomé,privé,F,2023,ADMIS
1,1,0,1,0,0,9.66,11.97,11.0,-1,11.0,0.7668,0.465,0.1,0,0,0.0,0.5,0.5,0,D,Enseignement Primaire,BAC_1,Plateaux Ouest,privé,F,2023,REORIENTE
1,1,0,1,0,0,11.66,11.19,11.57,1,11.57,0.431,0.422,0.15700000000000003,0,0,0.0,0.5,0.5,0,D,Biologie,BAC_1,Savanes,privé,F,2024,REORIENTE
1,1,0,1,0,0,8.24,8.69,9.53,1,9.53,0.41900000000000004,0.362,-0.04700000000000006,0,0,0.0,0.5,0.5,0,A,Droit,BAC_1,Plateaux Est,public,M,2024,ADMIS
1,1,0,1,0,0,8.19,10.36,9.94,-1,9.94,0.612,0.696,-0.0060000000000000496,0,0,0.0,0.5,0.5,0,D,Informatique,BAC_1,Plateaux Est,public,F,2023,ADMIS
1,1,0,1,0,0,9.97,10.38,10.53,1,10.53,0.5234000000000001,0.509,0.052999999999999936,0,0,0.0,0.5,0.5,0,A,Lettres Modernes,BAC_1,Centrale,public,M,2024,REORIENTE
1,1,0,1,0,0,9.66,10.06,11.38,1,11.38,0.6588,0.567,0.13800000000000007,0,0,0.0,0.5,0.5,0,B,Économie,BAC_1,Centrale,privé,M,2023,ADMIS
1,1,0,1,0,0,8.37,8.73,8.95,1,8.95,0.539,0.434,-0.10500000000000007,0,0,0.0,0.5,0.5,0,D,Géographie,BAC_1,Kara,privé,F,2024,ADMIS
1,1,0,1,0,0,7.28,8.59,8.41,-1,8.41,0.6784,0.607,-0.15899999999999997,0,0,0.0,0.5,0.5,0,A,Droit,BAC_1,Grand Lomé,public,M,2023,ADMIS
1,1,0,1,0,0,10.33,9.93,11.65,1,11.65,0.32,0.521,0.16500000000000004,0,0,0.0,0.5,0.5,0,D,Géographie,BAC_1,Kara,public,F,2024,REORIENTE
1,1,0,1,0,0,12.56,12.58,13.21,1,13.21,0.3176,0.401,0.32100000000000006,0,0,0.0,0.5,0.5,0,D,Sciences Infirmières,BAC_1,Plateaux Est,public,M,2024,REORIENTE
1,1,0,1,0,0,9.98,8.51,10.52,1,10.52,0.7996000000000001,0.601,0.051999999999999956,0,0,0.0,0.5,0.5,0,G2,Gestion des Entreprises,BAC_1,Maritime,privé,M,2023,REORIENTE
1,1,0,1,0,0,9.59,9.99,9.32,-1,9.32,0.6544,0.49,-0.06799999999999998,0,0,0.0,0.5,0.5,0,D,Informatique,BAC_1,Centrale,public,F,2023,REORIENTE
1,1,0,1,0,0,10.82,12.14,12.38,1,12.38,0.7163999999999999,0.351,0.23800000000000007,0,0,0.0,0.5,0.5,0,A,Communication et Journalisme,BAC_1,Plateaux Est,public,F,2023,ADMIS
1,1,0,1,0,0,9.78,11.28,11.81,1,11.81,0.7293999999999999,0.484,0.18100000000000005,0,0,0.0,0.5,0.5,0,C,Génie Électrique,BAC_1,Maritime,public,F,2024,ADMIS
1,1,0,1,0,0,6.13,6.99,7.21,1,7.21,0.38739999999999997,0.334,-0.279,0,0,0.0,0.5,0.5,0,D,Psychologie,BAC_1,Grand Lomé,public,M,2024,REORIENTE
1,1,0,1,0,0,9.95,10.45,10.39,-1,10.39,0.3546,0.408,0.039000000000000055,0,0,0.0,0.5,0.5,0,D,Génie Informatique,BAC_1,Plateaux Est,public,F,2024,REORIENTE
1,1,0,1,0,0,9.83,9.49,10.14,1,10.14,0.6812,0.443,0.014000000000000058,0,0,0.0,0.5,0.5,0,D,Génie Informatique,BAC_1,Grand Lomé,public,M,2023,ADMIS
1,1,0,1,0,0,7.11,7.66,7.91,1,7.91,0.6462,0.381,-0.209,0,0,0.0,0.5,0.5,0,A,Droit,BAC_1,Savanes,public,F,2023,REORIENTE
1,1,0,1,0,0,7.76,10.11,9.5,-1,9.5,0.6644,0.689,-0.05,0,0,0.0,0.5,0.5,0,A,STAPS (Activités Physiques et Sportives),BAC_1,Kara,privé,F,2024,ADMIS
1,1,0,1,0,0,8.43,7.63,7.62,-1,7.62,0.4898,0.434,-0.238,0,0,0.0,0.5,0.5,0,A,Communication et Journalisme,BAC_1,Grand Lomé,public,F,2024,REORIENTE
1,1,0,1,0,0,9.0,10.13,9.76,-1,9.76,0.6537999999999999,0.469,-0.02400000000000002,0,0,0.0,0.5,0.5,0,D,Gestion des Entreprises,BAC_1,Maritime,public,F,2023,ADMIS
1,1,0,1,0,0,10.16,11.9,11.44,-1,11.44,0.5756,0.494,0.14399999999999996,0,0,0.0,0.5,0.5,0,D,Histoire,BAC_1,Plateaux Ouest,public,F,2023,ADMIS
1,1,0,1,0,0,7.15,8.69,8.81,1,8.81,0.44299999999999995,0.482,-0.11899999999999995,0,0,0.0,0.5,0.5,0,D,Finance et Comptabilité,BAC_1,Plateaux Est,privé,F,2024,ADMIS
1,1,0,1,0,0,8.83,7.79,7.68,-1,7.68,0.5576000000000001,0.662,-0.23200000000000004,0,0,0.0,0.5,0.5,0,D,Sciences Environnementales,BAC_1,Grand Lomé,public,F,2024,REORIENTE
1,1,0,1,0,0,8.24,8.86,9.86,1,9.86,0.712,0.61,-0.014000000000000058,0,0,0.0,0.5,0.5,0,D,Génie Informatique,BAC_1,Kara,privé,F,2023,ADMIS
1,1,0,1,0,0,10.08,10.23,9.64,-1,9.64,0.6783999999999999,0.625,-0.03599999999999994,0,0,0.0,0.5,0.5,0,G2,Sciences Politiques,BAC_1,Centrale,privé,F,2024,ADMIS
1,1,0,1,0,0,7.83,7.91,9.44,1,9.44,0.4764,0.54,-0.05600000000000005,0,0,0.0,0.5,0.5,0,A,Sciences de l'Éducation,BAC_1,Kara,public,F,2024,REORIENTE
1,1,0,1,0,0,12.64,13.61,13.35,-1,13.35,0.5138,0.626,0.33499999999999996,0,0,0.0,0.5,0.5,0,A,STAPS (Activités Physiques et Sportives),BAC_1,Centrale,privé,F,2024,REORIENTE
1,1,0,1,0,0,7.79,9.44,9.61,1,9.61,0.7318,0.505,-0.039000000000000055,0,0,0.0,0.5,0.5,0,D,Histoire,BAC_1,Grand Lomé,privé,F,2023,ADMIS
1,1,0,1,0,0,10.03,10.8,11.3,1,11.3,0.6417999999999999,0.37,0.13000000000000006,0,0,0.0,0.5,0.5,0,A,Lettres Modernes,BAC_1,Grand Lomé,public,F,2023,ADMIS
1,1,0,1,0,0,9.35,10.76,11.01,1,11.01,0.6252,0.576,0.10099999999999998,0,0,0.0,0.5,0.5,0,D,Odontologie,BAC_1,Grand Lomé,public,F,2024,REORIENTE
1,1,0,1,0,0,10.48,10.06,10.83,1,10.83,0.6048,0.522,0.083,0,0,0.0,0.5,0.5,0,D,Génie Électrique,BAC_1,Kara,privé,F,2024,ADMIS
1,1,0,1,0,0,13.43,14.29,13.42,-1,13.42,0.5366,0.746,0.34199999999999997,0,0,0.0,0.5,0.5,0,D,Sciences Infirmières,BAC_1,Grand Lomé,public,F,2024,ADMIS
1,1,0,1,0,0,15.02,14.8,15.33,1,15.33,0.5238,0.558,0.533,0,0,0.0,0.5,0.5,0,G3,Finance et Comptabilité,BAC_1,Grand Lomé,privé,M,2024,ADMIS
1,1,0,1,0,0,7.81,9.72,9.17,-1,9.17,0.7023999999999999,0.499,-0.083,0,0,0.0,0.5,0.5,0,D,Sciences Environnementales,BAC_1,Grand Lomé,public,M,2023,REORIENTE
1,1,0,1,0,0,12.51,11.51,12.48,1,12.48,0.7442000000000001,0.548,0.24800000000000005,0,0,0.0,0.5,0.5,0,A,Communication et Journalisme,BAC_1,Maritime,public,F,2023,ADMIS
1,1,0,1,0,0,10.48,10.2,10.77,1,10.77,0.52,0.43,0.07699999999999996,0,0,0.0,0.5,0.5,0,A,Arts Plastiques,BAC_1,Maritime,privé,M,2024,REORIENTE
1,1,0,1,0,0,12.29,12.39,12.76,1,12.76,0.7094,0.605,0.27599999999999997,0,0,0.0,0.5,0.5,0,A,STAPS (Activités Physiques et Sportives),BAC_1,Centrale,public,M,2023,ADMIS
1,1,0,1,0,0,11.79,12.37,12.14,-1,12.14,0.7249999999999999,0.359,0.21400000000000005,0,0,0.0,0.5,0.5,0,D,Gestion des Entreprises,BAC_1,Grand Lomé,privé,F,2023,ADMIS
1,1,0,1,0,0,11.54,12.98,12.99,1,12.99,0.5773999999999999,0.59,0.29900000000000004,0,0,0.0,0.5,0.5,0,D,Médecine,BAC_1,Kara,privé,M,2024,REORIENTE
1,1,0,1,0,0,7.03,8.3,7.93,-1,7.93,0.75,0.552,-0.20700000000000002,0,0,0.0,0.5,0.5,0,A,Enseignement Primaire,BAC_1,Maritime,public,M,2023,ADMIS
1,1,0,1,0,0,13.2,14.08,15.57,1,15.57,0.7471999999999999,0.629,0.557,0,0,0.0,0.5,0.5,0,D,Sciences Infirmières,BAC_1,Grand Lomé,public,F,2023,ADMIS
1,1,0,1,0,0,12.29,13.36,13.86,1,13.86,0.6264000000000001,0.549,0.38599999999999995,0,0,0.0,0.5,0.5,0,A,Enseignement Primaire,BAC_1,Centrale,privé,M,2024,ADMIS
1,1,0,1,0,0,13.09,13.41,13.49,1,13.49,0.5651999999999999,0.534,0.34900000000000003,0,0,0.0,0.5,0.5,0,D,Sociologie,BAC_1,Plateaux Ouest,public,M,2023,ADMIS
1,1,0,1,0,0,10.06,10.8,9.94,-1,9.94,0.7698,0.606,-0.0060000000000000496,0,0,0.0,0.5,0.5,0,A,Sociologie,BAC_1,Maritime,public,F,2023,REORIENTE
1,1,0,1,0,0,8.55,8.1,8.38,1,8.38,0.7524,0.459,-0.16199999999999992,0,0,0.0,0.5,0.5,0,D,Biologie,BAC_1,Grand Lomé,public,F,2023,REORIENTE
1,1,0,1,0,0,11.36,12.49,12.69,1,12.69,0.3378,0.42,0.26899999999999996,0,0,0.0,0.5,0.5,0,D,Sciences Infirmières,BAC_1,Maritime,public,F,2024,REORIENTE
1,1,0,1,0,0,8.77,7.9,8.84,1,8.84,0.6194,0.704,-0.11600000000000002,0,0,0.0,0.5,0.5,0,D,Informatique,BAC_1,Maritime,privé,F,2024,ADMIS
1,1,0,1,0,0,8.23,7.07,7.88,1,7.88,0.7558,0.514,-0.21200000000000002,0,0,0.0,0.5,0.5,0,A,Géographie,BAC_1,Savanes,public,F,2023,REORIENTE
1,1,0,1,0,0,11.34,10.23,10.77,1,10.77,0.36540000000000006,0.525,0.07699999999999996,0,0,0.0,0.5,0.5,0,D,Informatique,BAC_1,Grand Lomé,public,F,2024,REORIENTE
1,1,0,1,0,0,11.53,10.22,11.75,1,11.75,0.4526,0.494,0.175,0,0,0.0,0.5,0.5,0,D,Gestion des Entreprises,BAC_1,Plateaux Est,privé,M,2024,REORIENTE
1,1,0,1,0,0,8.91,8.91,9.72,1,9.72,0.4204,0.472,-0.027999999999999935,0,0,0.0,0.5,0.5,0,D,Physique-Chimie,BAC_1,Plateaux Ouest,public,F,2024,REORIENTE
1,1,0,1,0,0,10.85,10.57,11.88,1,11.88,0.7476,0.384,0.18800000000000008,0,0,0.0,0.5,0.5,0,A,Communication et Journalisme,BAC_1,Plateaux Est,privé,F,2023,REORIENTE
1,1,0,1,0,0,8.67,9.08,10.23,1,10.23,0.5978,0.401,0.02300000000000004,0,0,0.0,0.5,0.5,0,A,Géographie,BAC_1,Grand Lomé,public,M,2023,REORIENTE
1,1,0,1,0,0,10.25,9.89,10.69,1,10.69,0.36260000000000003,0.542,0.06899999999999995,0,0,0.0,0.5,0.5,0,D,Histoire,BAC_1,Centrale,public,F,2024,REORIENTE
1,1,0,1,0,0,10.6,11.1,10.4,-1,10.4,0.5946,0.639,0.040000000000000036,0,0,0.0,0.5,0.5,0,G3,Sciences Infirmières,BAC_1,Grand Lomé,privé,M,2024,REORIENTE
1,1,0,1,0,0,10.06,11.05,10.94,-1,10.94,0.8752,0.703,0.09399999999999994,0,0,0.0,0.5,0.5,0,D,Sciences Infirmières,BAC_1,Maritime,privé,F,2023,ADMIS
1,1,0,1,0,0,12.38,11.47,11.71,1,11.71,0.6016,0.502,0.1710000000000001,0,0,0.0,0.5,0.5,0,D,Agronomie,BAC_1,Plateaux Ouest,public,F,2023,REORIENTE
1,1,0,1,0,0,11.05,11.88,12.17,1,12.17,0.4108,0.664,0.217,0,0,0.0,0.5,0.5,0,D,Génie Informatique,BAC_1,Plateaux Est,public,M,2024,REORIENTE
1,1,0,1,0,0,10.08,9.89,10.82,1,10.82,0.6262,0.469,0.08200000000000003,0,0,0.0,0.5,0.5,0,D,Informatique,BAC_1,Maritime,public,F,2023,ADMIS
1,1,0,1,0,0,8.85,8.73,8.87,1,8.87,0.49019999999999997,0.483,-0.11300000000000007,0,0,0.0,0.5,0.5,0,D,Histoire,BAC_1,Grand Lomé,public,M,2024,REORIENTE
1,1,0,1,0,0,14.91,13.77,14.81,1,14.81,0.583,0.586,0.48100000000000004,0,0,0.0,0.5,0.5,0,D,Pharmacie,BAC_1,Plateaux Ouest,public,F,2023,REORIENTE
1,1,0,1,0,0,7.67,10.09,9.5,-1,9.5,0.6998,0.56,-0.05,0,0,0.0,0.5,0.5,0,D,Sociologie,BAC_1,Maritime,public,M,2023,REORIENTE
1,1,0,1,0,0,7.54,6.75,7.82,1,7.82,0.4128,0.375,-0.21799999999999997,0,0,0.0,0.5,0.5,0,A,Sciences Politiques,BAC_1,Plateaux Est,privé,M,2024,REORIENTE
1,1,0,1,0,0,11.25,13.19,12.74,-1,12.74,0.6712,0.49,0.274,0,0,0.0,0.5,0.5,0,D,Génie Mécanique,BAC_1,Maritime,public,F,2023,REORIENTE
1,1,0,1,0,0,14.56,15.15,15.86,1,15.86,0.6432,0.408,0.586,0,0,0.0,0.5,0.5,0,A,Sciences de l'Éducation,BAC_1,Grand Lomé,privé,F,2023,ADMIS
1,1,0,1,0,0,6.3,8.7,8.07,-1,8.07,0.792,0.786,-0.19299999999999998,0,0,0.0,0.5,0.5,0,D,Finance et Comptabilité,BAC_1,Grand Lomé,public,F,2023,REORIENTE
1,1,0,1,0,0,7.45,7.41,8.0,1,8.0,0.7222000000000001,0.46,-0.2,0,0,0.0,0.5,0.5,0,A,Enseignement Primaire,BAC_1,Plateaux Est,public,F,2023,REORIENTE
1,1,0,1,0,0,9.9,11.66,11.54,-1,11.54,0.406,0.478,0.15399999999999991,0,0,0.0,0.5,0.5,0,D,Finance et Comptabilité,BAC_1,Grand Lomé,public,M,2024,REORIENTE
1,1,0,1,0,0,6.19,8.25,8.05,-1,8.05,0.7202,0.611,-0.19499999999999992,0,0,0.0,0.5,0.5,0,A,Sciences de l'Éducation,BAC_1,Grand Lomé,public,F,2023,ADMIS
1,1,0,1,0,0,9.9,8.34,10.03,1,10.03,0.6034,0.496,0.002999999999999936,0,0,0.0,0.5,0.5,0,A,Communication et Journalisme,BAC_1,Grand Lomé,public,M,2024,ADMIS
1,1,0,1,0,0,11.19,9.43,10.18,1,10.18,0.644,0.482,0.01799999999999997,0,0,0.0,0.5,0.5,0,A,Tourisme et Hôtellerie,BAC_1,Savanes,privé,M,2024,ADMIS
1,1,0,1,0,0,10.52,11.13,11.2,1,11.2,0.4206,0.489,0.11999999999999993,0,0,0.0,0.5,0.5,0,D,Informatique,BAC_1,Plateaux Ouest,public,F,2024,REORIENTE
1,1,0,1,0,0,8.86,8.17,8.71,1,8.71,0.7052,0.668,-0.12899999999999992,0,0,0.0,0.5,0.5,0,A,STAPS (Activités Physiques et Sportives),BAC_1,Savanes,public,F,2023,ADMIS
1,1,0,1,0,0,6.66,7.85,8.2,1,8.2,0.6222,0.447,-0.18000000000000008,0,0,0.0,0.5,0.5,0,A,Psychologie,BAC_1,Maritime,public,F,2024,REORIENTE
1,1,0,1,0,0,9.82,12.25,11.68,-1,11.68,0.6006,0.714,0.16799999999999998,0,0,0.0,0.5,0.5,0,G3,Finance et Comptabilité,BAC_1,Plateaux Ouest,public,M,2024,ADMIS
1,1,0,1,0,0,10.97,11.2,11.36,1,11.36,0.44079999999999997,0.517,0.13599999999999995,0,0,0.0,0.5,0.5,0,D,Géographie,BAC_1,Centrale,privé,F,2024,REORIENTE
1,1,0,1,0,0,15.02,14.42,15.43,1,15.43,0.2802,0.366,0.5429999999999999,0,0,0.0,0.5,0.5,0,D,Génie Informatique,BAC_1,Plateaux Est,public,M,2024,ADMIS
1,1,0,1,0,0,8.76,9.08,10.01,1,10.01,0.343,0.4,0.0009999999999999788,0,0,0.0,0.5,0.5,0,D,Génie Informatique,BAC_1,Maritime,public,M,2024,REORIENTE
1,1,0,1,0,0,13.57,13.44,13.03,-1,13.03,0.6828000000000001,0.447,0.30299999999999994,0,0,0.0,0.5,0.5,0,D,Psychologie,BAC_1,Grand Lomé,public,M,2023,REORIENTE
1,1,0,1,0,0,13.37,10.68,11.27,1,11.27,0.6444000000000001,0.531,0.12699999999999995,0,0,0.0,0.5,0.5,0,D,Génie Civil,BAC_1,Plateaux Est,privé,M,2023,ADMIS
1,1,0,1,0,0,8.58,8.57,8.88,1,8.88,0.6506000000000001,0.524,-0.11199999999999992,0,0,0.0,0.5,0.5,0,A,Droit,BAC_1,Maritime,privé,F,2024,REORIENTE
1,1,0,1,0,0,9.91,10.87,10.82,-1,10.82,0.4666,0.358,0.08200000000000003,0,0,0.0,0.5,0.5,0,D,Sociologie,BAC_1,Maritime,public,F,2024,ADMIS
1,1,0,1,0,0,13.49,12.94,13.92,1,13.92,0.6842,0.521,0.392,0,0,0.0,0.5,0.5,0,D,Psychologie,BAC_1,Grand Lomé,public,F,2023,ADMIS
1,1,0,1,0,0,5.96,6.65,7.64,1,7.64,0.5144,0.68,-0.23600000000000004,0,0,0.0,0.5,0.5,0,D,Psychologie,BAC_1,Plateaux Est,privé,M,2024,REORIENTE
1,1,0,1,0,0,9.56,10.14,11.15,1,11.15,0.5306,0.455,0.11500000000000003,0,0,0.0,0.5,0.5,0,A,Psychologie,BAC_1,Plateaux Ouest,public,F,2024,REORIENTE
1,1,0,1,0,0,8.95,10.47,10.84,1,10.84,0.642,0.609,0.08399999999999999,0,0,0.0,0.5,0.5,0,D,Informatique,BAC_1,Grand Lomé,privé,M,2024,REORIENTE
1,1,0,1,0,0,6.8,6.88,7.38,1,7.38,0.5656,0.439,-0.262,0,0,0.0,0.5,0.5,0,D,Gestion des Entreprises,BAC_1,Kara,public,M,2023,ADMIS
1,1,0,1,0,0,11.98,10.85,11.48,1,11.48,0.707,0.533,0.14800000000000005,0,0,0.0,0.5,0.5,0,A,Tourisme et Hôtellerie,BAC_1,Centrale,public,F,2023,REORIENTE
1,1,0,1,0,0,8.35,9.88,9.32,-1,9.32,0.8384,0.611,-0.06799999999999998,0,0,0.0,0.5,0.5,0,D,Géographie,BAC_1,Savanes,privé,M,2023,REORIENTE
1,1,0,1,0,0,9.73,9.87,10.77,1,10.77,0.6066,0.573,0.07699999999999996,0,0,0.0,0.5,0.5,0,D,Psychologie,BAC_1,Plateaux Est,privé,F,2024,REORIENTE
1,1,0,1,0,0,7.43,6.24,7.8,1,7.8,0.2938,0.505,-0.22000000000000003,0,0,0.0,0.5,0.5,0,D,Génie Électrique,BAC_1,Plateaux Est,public,F,2024,REORIENTE
1,1,0,1,0,0,10.01,10.83,10.69,-1,10.69,0.6554,0.314,0.06899999999999995,0,0,0.0,0.5,0.5,0,D,Sciences Forestières,BAC_1,Grand Lomé,public,F,2023,ADMIS
1,1,0,1,0,0,8.99,8.38,9.85,1,9.85,0.5720000000000001,0.545,-0.015000000000000036,0,0,0.0,0.5,0.5,0,A,Sciences de l'Éducation,BAC_1,Grand Lomé,public,F,2024,REORIENTE
1,1,0,1,0,0,10.24,9.02,9.82,1,9.82,0.8455999999999999,0.629,-0.01799999999999997,0,0,0.0,0.5,0.5,0,A,Communication et Journalisme,BAC_1,Grand Lomé,public,M,2023,ADMIS
1,1,0,1,0,0,10.33,9.56,10.58,1,10.58,0.6345999999999999,0.298,0.05800000000000001,0,0,0.0,0.5,0.5,0,D,Sociologie,BAC_1,Grand Lomé,privé,M,2023,ADMIS
1,1,0,1,0,0,6.89,8.45,8.88,1,8.88,0.6052,0.514,-0.11199999999999992,0,0,0.0,0.5,0.5,0,D,Géographie,BAC_1,Plateaux Est,public,M,2023,REORIENTE
1,1,0,1,0,0,9.45,9.02,9.88,1,9.88,0.556,0.499,-0.011999999999999922,0,0,0.0,0.5,0.5,0,A,Lettres Modernes,BAC_1,Maritime,public,F,2024,REORIENTE
1,1,0,1,0,0,9.91,12.11,10.92,-1,10.92,0.42779999999999996,0.459,0.092,0,0,0.0,0.5,0.5,0,D,Sciences Forestières,BAC_1,Centrale,privé,M,2024,ADMIS
1,1,0,1,0,0,8.33,7.48,8.14,1,8.14,0.7236,0.408,-0.18599999999999994,0,0,0.0,0.5,0.5,0,D,Génie Informatique,BAC_1,Grand Lomé,privé,F,2023,REORIENTE
1,1,0,1,0,0,8.97,8.97,10.19,1,10.19,0.8244,0.576,0.01899999999999995,0,0,0.0,0.5,0.5,0,D,Médecine,BAC_1,Grand Lomé,privé,F,2023,ADMIS
1,1,0,1,0,0,9.65,10.3,10.55,1,10.55,0.486,0.513,0.05500000000000007,0,0,0.0,0.5,0.5,0,A,Anglais,BAC_1,Maritime,public,M,2024,ADMIS
1,1,0,1,0,0,10.09,8.83,10.02,1,10.02,0.4468,0.481,0.0019999999999999575,0,0,0.0,0.5,0.5,0,D,Sciences de l'Éducation,BAC_1,Maritime,public,F,2024,ADMIS
1,1,0,1,0,0,8.31,8.02,8.84,1,8.84,0.7186,0.397,-0.11600000000000002,0,0,0.0,0.5,0.5,0,A,Psychologie,BAC_1,Grand Lomé,public,M,2023,REORIENTE
1,1,0,1,0,0,8.34,9.13,9.06,-1,9.06,0.4716,0.663,-0.09399999999999994,0,0,0.0,0.5,0.5,0,A,Sciences Politiques,BAC_1,Plateaux Ouest,public,M,2024,REORIENTE
1,1,0,1,0,0,8.92,8.85,9.87,1,9.87,0.6362,0.503,-0.013000000000000077,0,0,0.0,0.5,0.5,0,D,Gestion des Entreprises,BAC_1,Centrale,privé,M,2023,REORIENTE
1,1,0,1,0,0,12.99,12.85,13.8,1,13.8,0.7034,0.503,0.38000000000000006,0,0,0.0,0.5,0.5,0,A,Psychologie,BAC_1,Savanes,public,F,2023,ADMIS
1,1,0,1,0,0,12.58,12.04,12.66,1,12.66,0.7948,0.502,0.266,0,0,0.0,0.5,0.5,0,D,Médecine,BAC_1,Savanes,privé,F,2023,REORIENTE
1,1,0,1,0,0,10.83,10.62,11.9,1,11.9,0.7738,0.661,0.19000000000000003,0,0,0.0,0.5,0.5,0,D,Physique-Chimie,BAC_1,Grand Lomé,privé,F,2023,ADMIS
1,1,0,1,0,0,11.46,11.46,11.81,1,11.81,0.831,0.651,0.18100000000000005,0,0,0.0,0.5,0.5,0,D,Génie Civil,BAC_1,Maritime,public,M,2023,ADMIS
1,1,0,1,0,0,9.61,10.65,9.87,-1,9.87,0.7866,0.546,-0.013000000000000077,0,0,0.0,0.5,0.5,0,A,Lettres Modernes,BAC_1,Plateaux Ouest,public,F,2023,ADMIS
1,1,0,1,0,0,7.02,6.66,7.82,1,7.82,0.4142,0.377,-0.21799999999999997,0,0,0.0,0.5,0.5,0,D,Enseignement Primaire,BAC_1,Maritime,public,M,2024,REORIENTE
1,1,0,1,0,0,13.89,13.15,14.24,1,14.24,0.5982,0.636,0.42400000000000004,0,0,0.0,0.5,0.5,0,D,Gestion des Entreprises,BAC_1,Maritime,public,M,2023,ADMIS
1,1,0,1,0,0,11.2,12.1,11.62,-1,11.62,0.3588,0.351,0.16199999999999992,0,0,0.0,0.5,0.5,0,A,Sociologie,BAC_1,Plateaux Ouest,public,F,2024,REORIENTE
1,1,0,1,0,0,10.11,9.47,10.53,1,10.53,0.47219999999999995,0.702,0.052999999999999936,0,0,0.0,0.5,0.5,0,D,Histoire,BAC_1,Plateaux Est,public,F,2024,REORIENTE
1,1,0,1,0,0,7.67,9.22,8.63,-1,8.63,0.7108,0.472,-0.13699999999999993,0,0,0.0,0.5,0.5,0,D,Finance et Comptabilité,BAC_1,Centrale,privé,M,2023,REORIENTE
1,1,0,1,0,0,9.01,9.66,9.84,1,9.84,0.6951999999999999,0.613,-0.016000000000000014,0,0,0.0,0.5,0.5,0,D,Histoire,BAC_1,Grand Lomé,public,M,2024,REORIENTE
1,1,0,1,0,0,7.48,7.43,9.07,1,9.07,0.5234,0.59,-0.09299999999999997,0,0,0.0,0.5,0.5,0,A,Sciences de l'Éducation,BAC_1,Maritime,public,M,2024,REORIENTE
1,1,0,1,0,0,10.5,10.46,9.9,-1,9.9,0.41579999999999995,0.504,-0.009999999999999964,0,0,0.0,0.5,0.5,0,A,Anglais,BAC_1,Savanes,public,M,2024,ADMIS
1,1,0,1,0,0,12.79,12.71,12.26,-1,12.26,0.5117999999999999,0.573,0.22599999999999998,0,0,0.0,0.5,0.5,0,A,Communication et Journalisme,BAC_1,Savanes,public,F,2024,ADMIS
1,1,0,1,0,0,10.66,11.39,11.31,-1,11.31,0.7063999999999999,0.47,0.13100000000000006,0,0,0.0,0.5,0.5,0,A,Psychologie,BAC_1,Plateaux Ouest,public,M,2023,ADMIS
1,1,0,1,0,0,11.57,11.31,12.32,1,12.32,0.5511999999999999,0.421,0.23200000000000004,0,0,0.0,0.5,0.5,0,A,Sciences de l'Éducation,BAC_1,Kara,public,M,2024,REORIENTE
1,1,0,1,0,0,5.96,7.65,6.76,-1,6.76,0.6597999999999999,0.502,-0.324,0,0,0.0,0.5,0.5,0,A,Histoire,BAC_1,Kara,privé,M,2023,REORIENTE
1,1,0,1,0,0,14.63,14.43,14.22,-1,14.22,0.5696,0.674,0.42200000000000004,0,0,0.0,0.5,0.5,0,A,Lettres Modernes,BAC_1,Plateaux Est,privé,M,2024,REORIENTE
1,1,0,1,0,0,10.48,10.02,10.44,1,10.44,0.4474,0.448,0.04399999999999995,0,0,0.0,0.5,0.5,0,A,Arts Plastiques,BAC_1,Plateaux Est,privé,M,2024,REORIENTE
1,1,0,1,0,0,9.65,10.13,11.24,1,11.24,0.6424000000000001,0.622,0.12400000000000003,0,0,0.0,0.5,0.5,0,A,Lettres Modernes,BAC_1,Grand Lomé,public,M,2023,ADMIS
1,1,0,1,0,0,10.03,10.34,10.54,1,10.54,0.46,0.526,0.053999999999999916,0,0,0.0,0.5,0.5,0,D,Sociologie,BAC_1,Plateaux Ouest,public,F,2024,REORIENTE
1,1,0,1,0,0,12.24,13.29,13.16,-1,13.16,0.6821999999999999,0.336,0.316,0,0,0.0,0.5,0.5,0,D,Génie Informatique,BAC_1,Kara,privé,F,2023,ADMIS
1,1,0,1,0,0,12.03,12.02,12.13,1,12.13,0.695,0.599,0.21300000000000008,0,0,0.0,0.5,0.5,0,D,Informatique,BAC_1,Plateaux Est,privé,M,2023,ADMIS
1,1,0,1,0,0,15.4,14.58,15.08,1,15.08,0.6972,0.546,0.508,0,0,0.0,0.5,0.5,0,D,Sciences de l'Éducation,BAC_1,Maritime,public,M,2023,ADMIS
1,1,0,1,0,0,9.68,8.96,10.14,1,10.14,0.5338,0.463,0.014000000000000058,0,0,0.0,0.5,0.5,0,A,Sciences de l'Éducation,BAC_1,Plateaux Ouest,privé,F,2024,ADMIS
1,1,0,1,0,0,10.79,11.07,11.44,1,11.44,0.5068,0.313,0.14399999999999996,0,0,0.0,0.5,0.5,0,A,Arts Plastiques,BAC_1,Grand Lomé,public,M,2024,REORIENTE
1,1,0,1,0,0,9.28,10.77,10.52,-1,10.52,0.4744,0.448,0.051999999999999956,0,0,0.0,0.5,0.5,0,A,Arts Plastiques,BAC_1,Plateaux Ouest,public,M,2024,REORIENTE
1,1,0,1,0,0,8.35,9.6,10.67,1,10.67,0.7372000000000001,0.673,0.06699999999999999,0,0,0.0,0.5,0.5,0,A,Anglais,BAC_1,Plateaux Est,public,F,2023,REORIENTE
1,1,0,1,0,0,10.27,12.14,12.3,1,12.3,0.5436,0.747,0.23000000000000007,0,0,0.0,0.5,0.5,0,A,STAPS (Activités Physiques et Sportives),BAC_1,Plateaux Est,public,F,2024,REORIENTE
1,1,0,1,0,0,11.74,10.12,10.55,1,10.55,0.4514,0.632,0.05500000000000007,0,0,0.0,0.5,0.5,0,D,Génie Informatique,BAC_1,Plateaux Ouest,public,M,2024,REORIENTE
1,1,0,1,0,0,10.57,11.22,10.99,-1,10.99,0.5152,0.55,0.09900000000000002,0,0,0.0,0.5,0.5,0,D,Génie Électrique,BAC_1,Grand Lomé,public,F,2024,REORIENTE
1,1,0,1,0,0,6.31,9.27,8.89,-1,8.89,0.9224,0.821,-0.11099999999999995,0,0,0.0,0.5,0.5,0,D,Sciences de l'Éducation,BAC_1,Savanes,privé,M,2023,REORIENTE
1,1,0,1,0,0,9.79,8.81,9.57,1,9.57,0.453,0.618,-0.04299999999999997,0,0,0.0,0.5,0.5,0,D,Physique-Chimie,BAC_1,Plateaux Ouest,privé,M,2024,REORIENTE
1,1,0,1,0,0,7.32,7.07,8.99,1,8.99,0.604,0.643,-0.10099999999999998,0,0,0.0,0.5,0.5,0,D,Informatique,BAC_1,Centrale,privé,F,2024,ADMIS
1,1,0,1,0,0,11.52,12.74,11.91,-1,11.91,0.5820000000000001,0.495,0.191,0,0,0.0,0.5,0.5,0,A,Anglais,BAC_1,Maritime,privé,M,2024,ADMIS
1,1,0,1,0,0,6.51,7.98,7.9,-1,7.9,0.7283999999999999,0.336,-0.20999999999999996,0,0,0.0,0.5,0.5,0,A,Communication et Journalisme,BAC_1,Maritime,privé,M,2023,REORIENTE
1,1,0,1,0,0,5.28,6.77,5.66,-1,5.66,0.5176,0.361,-0.434,0,0,0.0,0.5,0.5,0,A,Arts Plastiques,BAC_1,Grand Lomé,privé,M,2024,ADMIS
1,1,0,1,0,0,10.19,9.25,10.18,1,10.18,0.5973999999999999,0.529,0.01799999999999997,0,0,0.0,0.5,0.5,0,A,Communication et Journalisme,BAC_1,Plateaux Ouest,privé,M,2024,REORIENTE
1,1,0,1,0,0,7.13,6.72,7.58,1,7.58,0.6084,0.597,-0.242,0,0,0.0,0.5,0.5,0,A,Sciences de l'Éducation,BAC_1,Plateaux Est,privé,M,2024,REORIENTE
1,1,0,1,0,0,8.05,7.83,8.92,1,8.92,0.6654,0.519,-0.10800000000000001,0,0,0.0,0.5,0.5,0,A,Sociologie,BAC_1,Plateaux Ouest,public,F,2023,REORIENTE
1,1,0,1,0,0,9.73,10.93,10.97,1,10.97,0.45399999999999996,0.514,0.09700000000000006,0,0,0.0,0.5,0.5,0,D,Pharmacie,BAC_1,Plateaux Est,public,F,2024,REORIENTE
1,1,0,1,0,0,8.31,9.25,8.99,-1,8.99,0.37460000000000004,0.332,-0.10099999999999998,0,0,0.0,0.5,0.5,0,A,Enseignement Primaire,BAC_1,Plateaux Ouest,public,F,2024,REORIENTE
1,1,0,1,0,0,6.24,8.07,8.68,1,8.68,0.7532,0.419,-0.13200000000000003,0,0,0.0,0.5,0.5,0,D,Sciences Infirmières,BAC_1,Grand Lomé,privé,F,2023,REORIENTE
1,1,0,1,0,0,10.45,10.84,10.69,-1,10.69,0.6242,0.524,0.06899999999999995,0,0,0.0,0.5,0.5,0,G2,Droit,BAC_1,Centrale,privé,M,2023,REORIENTE
1,1,0,1,0,0,11.4,13.13,13.34,1,13.34,0.40259999999999996,0.489,0.33399999999999996,0,0,0.0,0.5,0.5,0,D,Sciences Forestières,BAC_1,Maritime,public,F,2024,ADMIS
1,1,0,1,0,0,7.62,9.02,9.25,1,9.25,0.38980000000000004,0.493,-0.075,0,0,0.0,0.5,0.5,0,D,Finance et Comptabilité,BAC_1,Maritime,public,F,2024,REORIENTE
1,1,0,1,0,0,9.84,9.51,10.11,1,10.11,0.45599999999999996,0.564,0.010999999999999944,0,0,0.0,0.5,0.5,0,D,Gestion des Entreprises,BAC_1,Centrale,public,F,2024,REORIENTE
1,1,0,1,0,0,10.2,11.5,11.29,-1,11.29,0.2964,0.363,0.12899999999999992,0,0,0.0,0.5,0.5,0,D,Gestion des Entreprises,BAC_1,Plateaux Est,privé,F,2024,ADMIS
1,1,0,1,0,0,9.3,10.56,10.74,1,10.74,0.8176,0.559,0.07400000000000002,0,0,0.0,0.5,0.5,0,A,Communication et Journalisme,BAC_1,Maritime,public,F,2023,REORIENTE
1,1,0,1,0,0,8.99,8.94,9.74,1,9.74,0.5686,0.514,-0.025999999999999978,0,0,0.0,0.5,0.5,0,A,Communication et Journalisme,BAC_1,Grand Lomé,privé,M,2024,ADMIS
1,1,0,1,0,0,9.63,11.69,11.56,-1,11.56,0.2978,0.476,0.15600000000000006,0,0,0.0,0.5,0.5,0,D,Odontologie,BAC_1,Savanes,public,F,2024,REORIENTE
1,1,0,1,0,0,7.87,9.91,9.7,-1,9.7,0.5312,0.425,-0.030000000000000072,0,0,0.0,0.5,0.5,0,D,Génie Informatique,BAC_1,Grand Lomé,public,M,2024,REORIENTE
1,1,0,1,0,0,9.54,8.8,8.76,-1,8.76,0.7256,0.413,-0.12400000000000003,0,0,0.0,0.5,0.5,0,D,Génie Informatique,BAC_1,Grand Lomé,privé,F,2023,REORIENTE
1,1,0,1,0,0,7.77,8.8,10.23,1,10.23,0.755,0.617,0.02300000000000004,0,0,0.0,0.5,0.5,0,D,Gestion des Entreprises,BAC_1,Plateaux Ouest,public,M,2023,REORIENTE
1,1,0,1,0,0,6.9,7.31,8.08,1,8.08,0.3852,0.384,-0.192,0,0,0.0,0.5,0.5,0,A,Communication et Journalisme,BAC_1,Kara,public,F,2024,REORIENTE
1,1,0,1,0,0,8.94,8.97,9.59,1,9.59,0.5836,0.451,-0.041000000000000016,0,0,0.0,0.5,0.5,0,A,Psychologie,BAC_1,Maritime,privé,M,2024,ADMIS
1,1,0,1,0,0,10.41,7.83,9.84,1,9.84,0.695,0.605,-0.016000000000000014,0,0,0.0,0.5,0.5,0,A,Psychologie,BAC_1,Savanes,public,F,2024,ADMIS
1,1,0,1,0,0,8.46,8.81,10.04,1,10.04,0.7182000000000001,0.513,0.003999999999999915,0,0,0.0,0.5,0.5,0,A,Lettres Modernes,BAC_1,Grand Lomé,public,M,2024,REORIENTE
1,1,0,1,0,0,9.3,9.93,10.88,1,10.88,0.6168,0.405,0.08800000000000008,0,0,0.0,0.5,0.5,0,A,Communication et Journalisme,BAC_1,Centrale,public,M,2023,ADMIS
1,1,0,1,0,0,8.54,10.19,9.52,-1,9.52,0.34219999999999995,0.494,-0.04800000000000004,0,0,0.0,0.5,0.5,0,D,Sociologie,BAC_1,Plateaux Ouest,public,M,2024,ADMIS
1,1,0,1,0,0,14.24,14.12,13.68,-1,13.68,0.8362,0.697,0.368,0,0,0.0,0.5,0.5,0,D,Sciences Infirmières,BAC_1,Grand Lomé,public,M,2023,ADMIS
1,1,0,1,0,0,12.84,11.49,11.87,1,11.87,0.6264,0.564,0.18699999999999992,0,0,0.0,0.5,0.5,0,D,Gestion des Entreprises,BAC_1,Centrale,public,F,2023,REORIENTE
1,1,0,1,0,0,10.37,8.29,9.59,1,9.59,0.6414,0.462,-0.041000000000000016,0,0,0.0,0.5,0.5,0,D,Sciences Infirmières,BAC_1,Plateaux Ouest,public,F,2023,REORIENTE
1,1,0,1,0,0,11.96,14.36,13.72,-1,13.72,0.7084,0.583,0.37200000000000005,0,0,0.0,0.5,0.5,0,A,Enseignement Primaire,BAC_1,Plateaux Ouest,privé,M,2023,ADMIS
1,1,0,1,0,0,7.96,9.94,9.23,-1,9.23,0.554,0.545,-0.07699999999999996,0,0,0.0,0.5,0.5,0,A,Lettres Modernes,BAC_1,Kara,public,F,2024,REORIENTE
1,1,0,1,0,0,13.93,11.53,12.44,1,12.44,0.594,0.453,0.24399999999999994,0,0,0.0,0.5,0.5,0,D,Sciences de l'Éducation,BAC_1,Maritime,public,F,2023,ADMIS
1,1,0,1,0,0,5.83,6.99,6.85,-1,6.85,0.3776,0.407,-0.31500000000000006,0,0,0.0,0.5,0.5,0,A,Sciences de l'Éducation,BAC_1,Centrale,public,M,2024,ADMIS
1,1,0,1,0,0,8.59,9.28,8.48,-1,8.48,0.5948,0.437,-0.15199999999999997,0,0,0.0,0.5,0.5,0,B,Banque et Assurance,BAC_1,Plateaux Est,public,M,2024,ADMIS
1,1,0,1,0,0,13.31,16.2,15.58,-1,15.58,0.5226,0.615,0.558,0,0,0.0,0.5,0.5,0,D,Pharmacie,BAC_1,Plateaux Ouest,public,F,2024,ADMIS
1,1,0,1,0,0,5.77,6.69,7.63,1,7.63,0.5282,0.431,-0.23700000000000002,0,0,0.0,0.5,0.5,0,A,Enseignement Primaire,BAC_1,Centrale,privé,M,2024,REORIENTE
1,1,0,1,0,0,9.17,8.4,9.08,1,9.08,0.6644,0.515,-0.092,0,0,0.0,0.5,0.5,0,D,Sociologie,BAC_1,Plateaux Est,public,M,2023,REORIENTE
1,1,0,1,0,0,8.41,8.9,9.54,1,9.54,0.37660000000000005,0.547,-0.04600000000000008,0,0,0.0,0.5,0.5,0,D,Sciences Environnementales,BAC_1,Plateaux Ouest,public,F,2024,REORIENTE
1,1,0,1,0,0,5.87,5.99,6.59,1,6.59,0.5234000000000001,0.545,-0.341,0,0,0.0,0.5,0.5,0,D,Agronomie,BAC_1,Plateaux Est,public,F,2024,REORIENTE
1,1,0,1,0,0,11.14,10.15,10.75,1,10.75,0.5065999999999999,0.395,0.075,0,0,0.0,0.5,0.5,0,D,Informatique,BAC_1,Centrale,privé,M,2023,ADMIS
1,1,0,1,0,0,10.96,9.58,10.35,1,10.35,0.6619999999999999,0.485,0.03499999999999996,0,0,0.0,0.5,0.5,0,A,Droit,BAC_1,Savanes,privé,F,2024,REORIENTE
1,1,0,1,0,0,6.92,8.2,8.56,1,8.56,0.7152000000000001,0.606,-0.14399999999999996,0,0,0.0,0.5,0.5,0,A,Sciences Politiques,BAC_1,Maritime,public,M,2023,ADMIS
1,1,0,1,0,0,3.53,5.12,5.69,1,5.69,0.3084,0.501,-0.43099999999999994,0,0,0.0,0.5,0.5,0,D,Psychologie,BAC_1,Centrale,public,F,2024,REORIENTE
1,1,0,1,0,0,12.55,13.27,12.57,-1,12.57,0.5192,0.752,0.257,0,0,0.0,0.5,0.5,0,D,Médecine,BAC_1,Centrale,public,M,2024,REORIENTE
1,1,0,1,0,0,9.18,8.63,9.43,1,9.43,0.464,0.467,-0.05700000000000003,0,0,0.0,0.5,0.5,0,D,Génie Informatique,BAC_1,Centrale,public,F,2024,REORIENTE
1,1,0,1,0,0,9.0,9.67,10.38,1,10.38,0.5152,0.385,0.038000000000000075,0,0,0.0,0.5,0.5,0,D,Sciences Environnementales,BAC_1,Centrale,public,F,2023,ADMIS
1,1,0,1,0,0,6.25,6.96,8.05,1,8.05,0.593,0.533,-0.19499999999999992,0,0,0.0,0.5,0.5,0,A,Communication et Journalisme,BAC_1,Grand Lomé,public,M,2024,REORIENTE
1,1,0,1,0,0,12.99,11.96,13.1,1,13.1,0.7283999999999999,0.336,0.30999999999999994,0,0,0.0,0.5,0.5,0,D,Sciences Infirmières,BAC_1,Grand Lomé,public,M,2023,REORIENTE
1,1,0,1,0,0,10.13,11.17,11.83,1,11.83,0.6684,0.654,0.183,0,0,0.0,0.5,0.5,0,D,Histoire,BAC_1,Plateaux Ouest,public,M,2023,REORIENTE
1,1,0,1,0,0,11.42,11.79,11.21,-1,11.21,0.4272,0.423,0.12100000000000008,0,0,0.0,0.5,0.5,0,D,Génie Mécanique,BAC_1,Plateaux Est,public,F,2024,REORIENTE
1,1,0,1,0,0,8.21,9.94,9.11,-1,9.11,0.6763999999999999,0.422,-0.08900000000000005,0,0,0.0,0.5,0.5,0,D,Génie Civil,BAC_1,Plateaux Est,privé,F,2023,REORIENTE
1,1,0,1,0,0,9.26,8.85,10.12,1,10.12,0.698,0.452,0.011999999999999922,0,0,0.0,0.5,0.5,0,D,Génie Civil,BAC_1,Maritime,privé,M,2023,ADMIS
1,1,0,1,0,0,7.34,6.19,7.23,1,7.23,0.4008,0.669,-0.27699999999999997,0,0,0.0,0.5,0.5,0,D,Agronomie,BAC_1,Centrale,public,F,2024,REORIENTE
1,1,0,1,0,0,8.63,9.64,9.56,-1,9.56,0.8906,0.827,-0.04399999999999995,0,0,0.0,0.5,0.5,0,A,Psychologie,BAC_1,Plateaux Est,public,M,2023,ADMIS
1,1,0,1,0,0,8.18,8.85,9.27,1,9.27,0.497,0.467,-0.07300000000000004,0,0,0.0,0.5,0.5,0,A,Lettres Modernes,BAC_1,Plateaux Ouest,privé,F,2024,ADMIS
1,1,0,1,0,0,8.57,8.51,8.86,1,8.86,0.33199999999999996,0.302,-0.11400000000000006,0,0,0.0,0.5,0.5,0,D,Génie Électrique,BAC_1,Plateaux Ouest,public,M,2024,REORIENTE
1,1,0,1,0,0,9.16,9.59,10.03,1,10.03,0.5571999999999999,0.529,0.002999999999999936,0,0,0.0,0.5,0.5,0,A,Sciences Politiques,BAC_1,Grand Lomé,public,M,2024,REORIENTE
1,1,0,1,0,0,11.51,10.52,11.65,1,11.65,0.8304,0.591,0.16500000000000004,0,0,0.0,0.5,0.5,0,A,Sciences Politiques,BAC_1,Maritime,privé,F,2023,ADMIS
1,1,0,1,0,0,10.11,13.26,12.2,-1,12.2,0.7807999999999999,0.611,0.21999999999999992,0,0,0.0,0.5,0.5,0,A,Histoire,BAC_1,Grand Lomé,privé,F,2023,ADMIS
1,1,0,1,0,0,13.92,13.82,14.42,1,14.42,0.43899999999999995,0.484,0.442,0,0,0.0,0.5,0.5,0,D,Sciences Infirmières,BAC_1,Maritime,public,M,2024,REORIENTE
1,1,0,1,0,0,12.27,12.91,13.17,1,13.17,0.491,0.5,0.317,0,0,0.0,0.5,0.5,0,A,Droit,BAC_1,Grand Lomé,public,M,2024,ADMIS
1,1,0,1,0,0,2.78,4.66,4.75,1,4.75,0.8204,0.566,-0.525,0,0,0.0,0.5,0.5,0,A,Géographie,BAC_1,Plateaux Est,public,F,2023,REORIENTE
1,1,0,1,0,0,11.88,10.94,11.23,1,11.23,0.3952,0.496,0.12300000000000004,0,0,0.0,0.5,0.5,0,D,Tourisme et Hôtellerie,BAC_1,Plateaux Est,public,M,2024,REORIENTE
1,1,0,1,0,0,10.88,11.91,11.23,-1,11.23,0.6192,0.606,0.12300000000000004,0,0,0.0,0.5,0.5,0,G2,Économie,BAC_1,Centrale,public,M,2023,ADMIS
1,1,0,1,0,0,13.74,13.15,13.35,1,13.35,0.314,0.368,0.33499999999999996,0,0,0.0,0.5,0.5,0,D,Génie Civil,BAC_1,Maritime,public,F,2024,REORIENTE
1,1,0,1,0,0,8.6,9.89,9.89,1,9.89,0.736,0.367,-0.010999999999999944,0,0,0.0,0.5,0.5,0,A,Psychologie,BAC_1,Grand Lomé,public,M,2023,ADMIS
1,1,0,1,0,0,7.58,8.45,7.92,-1,7.92,0.4806,0.435,-0.20800000000000002,0,0,0.0,0.5,0.5,0,B,Gestion des Entreprises,BAC_1,Plateaux Ouest,public,M,2024,ADMIS
1,1,0,1,0,0,12.27,10.94,11.58,1,11.58,0.42600000000000005,0.555,0.158,0,0,0.0,0.5,0.5,0,A,Anglais,BAC_1,Plateaux Est,public,M,2024,ADMIS
1,1,0,1,0,0,7.11,6.88,7.96,1,7.96,0.6678,0.645,-0.20400000000000001,0,0,0.0,0.5,0.5,0,D,Sociologie,BAC_1,Grand Lomé,public,M,2023,ADMIS
1,1,0,1,0,0,6.55,7.87,8.05,1,8.05,0.5826,0.51,-0.19499999999999992,0,0,0.0,0.5,0.5,0,A,Sciences de l'Éducation,BAC_1,Grand Lomé,public,M,2024,ADMIS
1,1,0,1,0,0,8.9,11.27,9.82,-1,9.82,0.548,0.584,-0.01799999999999997,0,0,0.0,0.5,0.5,0,A,Lettres Modernes,BAC_1,Plateaux Ouest,public,F,2024,REORIENTE
1,1,0,1,0,0,10.86,12.42,11.53,-1,11.53,0.6204000000000001,0.471,0.15299999999999994,0,0,0.0,0.5,0.5,0,D,Enseignement Primaire,BAC_1,Grand Lomé,public,M,2023,ADMIS
1,1,0,1,0,0,6.38,7.6,7.75,1,7.75,0.7807999999999999,0.611,-0.225,0,0,0.0,0.5,0.5,0,A,Sciences de l'Éducation,BAC_1,Grand Lomé,public,M,2023,REORIENTE
1,1,0,1,0,0,8.92,8.3,10.06,1,10.06,0.8017999999999998,0.596,0.0060000000000000496,0,0,0.0,0.5,0.5,0,D,Gestion des Entreprises,BAC_1,Maritime,public,F,2023,REORIENTE
1,1,0,1,0,0,9.49,8.16,8.9,1,8.9,0.7964,0.506,-0.10999999999999996,0,0,0.0,0.5,0.5,0,A,Communication et Journalisme,BAC_1,Grand Lomé,public,F,2023,ADMIS
1,1,0,1,0,0,9.32,9.52,9.78,1,9.78,0.6983999999999999,0.492,-0.022000000000000065,0,0,0.0,0.5,0.5,0,A,Tourisme et Hôtellerie,BAC_1,Grand Lomé,public,M,2023,ADMIS
1,1,0,1,0,0,8.46,10.7,11.48,1,11.48,0.597,0.354,0.14800000000000005,0,0,0.0,0.5,0.5,0,A,Communication et Journalisme,BAC_1,Plateaux Est,public,M,2023,ADMIS
1,1,0,1,0,0,9.59,10.52,10.52,-1,10.52,0.5138,0.497,0.051999999999999956,0,0,0.0,0.5,0.5,0,D,Gestion des Entreprises,BAC_1,Plateaux Ouest,privé,F,2024,REORIENTE
1,1,0,1,0,0,11.19,9.95,11.09,1,11.09,0.5464,0.391,0.10899999999999999,0,0,0.0,0.5,0.5,0,A,Histoire,BAC_1,Grand Lomé,privé,F,2024,ADMIS
1,1,0,1,0,0,9.63,11.27,11.05,-1,11.05,0.5382,0.606,0.10500000000000007,0,0,0.0,0.5,0.5,0,A,Enseignement Primaire,BAC_1,Plateaux Ouest,public,F,2024,ADMIS
1,1,0,1,0,0,9.87,9.71,9.5,-1,9.5,0.5389999999999999,0.587,-0.05,0,0,0.0,0.5,0.5,0,D,Gestion des Entreprises,BAC_1,Grand Lomé,public,M,2024,REORIENTE
1,1,0,1,0,0,10.09,9.74,10.56,1,10.56,0.5718,0.372,0.05600000000000005,0,0,0.0,0.5,0.5,0,B,Économie,BAC_1,Kara,privé,F,2023,REORIENTE
1,1,0,1,0,0,11.11,12.22,11.97,-1,11.97,0.5606,0.482,0.19700000000000006,0,0,0.0,0.5,0.5,0,A,Géographie,BAC_1,Plateaux Ouest,privé,M,2024,REORIENTE
1,1,0,1,0,0,8.62,9.76,10.59,1,10.59,0.8076000000000001,0.636,0.05899999999999998,0,0,0.0,0.5,0.5,0,A,Sciences Politiques,BAC_1,Savanes,public,F,2023,REORIENTE
1,1,0,1,0,0,12.51,14.12,13.42,-1,13.42,0.3996,0.438,0.34199999999999997,0,0,0.0,0.5,0.5,0,D,Sciences Infirmières,BAC_1,Centrale,privé,F,2024,ADMIS
1,1,0,1,0,0,9.36,10.2,9.98,-1,9.98,0.3472,0.478,-0.0019999999999999575,0,0,0.0,0.5,0.5,0,D,Biologie,BAC_1,Kara,public,M,2024,REORIENTE
1,1,0,1,0,0,9.22,10.4,10.0,-1,10.0,0.612,0.702,0.0,0,0,0.0,0.5,0.5,0,A,Sciences Politiques,BAC_1,Plateaux Est,privé,F,2024,ADMIS
1,1,0,1,0,0,10.89,9.93,10.34,1,10.34,0.49360000000000004,0.556,0.03399999999999999,0,0,0.0,0.5,0.5,0,D,Génie Électrique,BAC_1,Plateaux Est,public,F,2024,REORIENTE
1,1,0,1,0,0,10.56,11.5,11.57,1,11.57,0.4366,0.367,0.15700000000000003,0,0,0.0,0.5,0.5,0,D,Enseignement Primaire,BAC_1,Plateaux Ouest,public,M,2023,REORIENTE
1,1,0,1,0,0,10.34,11.56,11.22,-1,11.22,0.5474,0.617,0.12200000000000007,0,0,0.0,0.5,0.5,0,D,Génie Civil,BAC_1,Maritime,privé,F,2024,REORIENTE
1,1,0,1,0,0,7.56,9.38,10.34,1,10.34,0.6828,0.645,0.03399999999999999,0,0,0.0,0.5,0.5,0,D,Finance et Comptabilité,BAC_1,Grand Lomé,public,M,2024,ADMIS
1,1,0,1,0,0,8.4,7.47,8.17,1,8.17,0.5568,0.489,-0.183,0,0,0.0,0.5,0.5,0,A,Psychologie,BAC_1,Centrale,privé,F,2024,REORIENTE
1,1,0,1,0,0,9.89,8.33,9.48,1,9.48,0.755,0.59,-0.051999999999999956,0,0,0.0,0.5,0.5,0,D,Sciences de l'Éducation,BAC_1,Maritime,public,F,2023,ADMIS
1,1,0,1,0,0,11.49,12.57,12.58,1,12.58,0.6255999999999999,0.61,0.258,0,0,0.0,0.5,0.5,0,D,Sociologie,BAC_1,Centrale,public,M,2023,REORIENTE
1,1,0,1,0,0,8.95,9.46,9.86,1,9.86,0.4064,0.554,-0.014000000000000058,0,0,0.0,0.5,0.5,0,A,Droit,BAC_1,Centrale,public,M,2024,REORIENTE
1,1,0,1,0,0,11.46,13.06,12.8,-1,12.8,0.7418,0.545,0.2800000000000001,0,0,0.0,0.5,0.5,0,A,Tourisme et Hôtellerie,BAC_1,Grand Lomé,public,F,2023,REORIENTE
1,1,0,1,0,0,9.65,9.7,10.29,1,10.29,0.6634,0.382,0.028999999999999915,0,0,0.0,0.5,0.5,0,F4,Génie Civil,BAC_1,Centrale,public,M,2023,REORIENTE
1,1,0,1,0,0,12.3,12.97,13.32,1,13.32,0.6924,0.246,0.332,0,0,0.0,0.5,0.5,0,A,Histoire,BAC_1,Plateaux Est,public,F,2023,ADMIS
1,1,0,1,0,0,11.75,11.2,12.25,1,12.25,0.7265999999999999,0.369,0.225,0,0,0.0,0.5,0.5,0,A,Droit,BAC_1,Plateaux Ouest,privé,F,2023,ADMIS
1,1,0,1,0,0,10.01,11.61,11.37,-1,11.37,0.6318,0.513,0.13699999999999993,0,0,0.0,0.5,0.5,0,A,Sociologie,BAC_1,Grand Lomé,public,F,2023,REORIENTE
1,1,0,1,0,0,5.27,7.73,6.83,-1,6.83,0.5746,0.661,-0.317,0,0,0.0,0.5,0.5,0,A,Droit,BAC_1,Grand Lomé,public,F,2024,REORIENTE
1,1,0,1,0,0,9.66,9.43,10.75,1,10.75,0.6244000000000001,0.403,0.075,0,0,0.0,0.5,0.5,0,D,Sciences Forestières,BAC_1,Grand Lomé,public,M,2023,ADMIS
1,1,0,1,0,0,11.34,10.52,10.7,1,10.7,0.5458,0.604,0.06999999999999992,0,0,0.0,0.5,0.5,0,A,Sciences Politiques,BAC_1,Maritime,public,F,2024,REORIENTE
1,1,0,1,0,0,12.11,11.26,11.21,-1,11.21,0.6074,0.866,0.12100000000000008,0,0,0.0,0.5,0.5,0,D,Gestion des Entreprises,BAC_1,Plateaux Ouest,privé,M,2024,ADMIS
1,1,0,1,0,0,12.87,11.58,12.83,1,12.83,0.4192,0.505,0.28300000000000003,0,0,0.0,0.5,0.5,0,D,Sciences Infirmières,BAC_1,Maritime,privé,F,2024,ADMIS
1,1,0,1,0,0,7.91,8.42,7.94,-1,7.94,0.7704,0.441,-0.20599999999999996,0,0,0.0,0.5,0.5,0,D,Informatique,BAC_1,Savanes,privé,F,2023,REORIENTE
1,1,0,1,0,0,10.44,9.28,11.2,1,11.2,0.3428,0.524,0.11999999999999993,0,0,0.0,0.5,0.5,0,D,Biologie,BAC_1,Plateaux Ouest,public,M,2024,REORIENTE
1,1,0,1,0,0,7.1,9.24,8.89,-1,8.89,0.4208,0.485,-0.11099999999999995,0,0,0.0,0.5,0.5,0,D,Gestion des Entreprises,BAC_1,Centrale,public,M,2023,REORIENTE
1,1,0,1,0,0,9.73,9.59,10.64,1,10.64,0.7602,0.624,0.06400000000000006,0,0,0.0,0.5,0.5,0,A,Lettres Modernes,BAC_1,Centrale,public,M,2023,REORIENTE
1,1,0,1,0,0,10.16,9.88,10.22,1,10.22,0.7511999999999999,0.576,0.022000000000000065,0,0,0.0,0.5,0.5,0,A,Sociologie,BAC_1,Plateaux Ouest,public,F,2023,ADMIS
1,1,0,1,0,0,9.88,11.41,11.22,-1,11.22,0.441,0.399,0.12200000000000007,0,0,0.0,0.5,0.5,0,A,STAPS (Activités Physiques et Sportives),BAC_1,Kara,public,M,2024,REORIENTE
1,1,0,1,0,0,8.2,9.05,9.88,1,9.88,0.4718,0.374,-0.011999999999999922,0,0,0.0,0.5,0.5,0,D,Biologie,BAC_1,Maritime,public,M,2023,REORIENTE
1,1,0,1,0,0,5.9,5.87,7.29,1,7.29,0.524,0.491,-0.271,0,0,0.0,0.5,0.5,0,A,Géographie,BAC_1,Plateaux Ouest,public,F,2024,ADMIS
1,1,0,1,0,0,9.89,9.22,9.89,1,9.89,0.6454,0.553,-0.010999999999999944,0,0,0.0,0.5,0.5,0,D,Médecine,BAC_1,Kara,public,F,2023,REORIENTE
1,1,0,1,0,0,8.14,8.07,8.26,1,8.26,0.8331999999999999,0.598,-0.17400000000000002,0,0,0.0,0.5,0.5,0,D,Sciences Forestières,BAC_1,Grand Lomé,privé,F,2023,REORIENTE
1,1,0,1,0,0,15.2,14.4,15.33,1,15.33,0.5582,0.734,0.533,0,0,0.0,0.5,0.5,0,D,Médecine,BAC_1,Plateaux Est,public,M,2024,ADMIS
1,1,0,1,0,0,11.48,10.94,11.71,1,11.71,0.504,0.549,0.1710000000000001,0,0,0.0,0.5,0.5,0,D,Physique-Chimie,BAC_1,Kara,public,M,2024,REORIENTE
1,1,0,1,0,0,11.13,9.88,10.57,1,10.57,0.8353999999999999,0.749,0.05700000000000003,0,0,0.0,0.5,0.5,0,A,Psychologie,BAC_1,Maritime,public,F,2023,ADMIS
1,1,0,1,0,0,9.86,9.94,10.39,1,10.39,0.6142000000000001,0.556,0.039000000000000055,0,0,0.0,0.5,0.5,0,A,Sciences de l'Éducation,BAC_1,Plateaux Est,public,M,2023,ADMIS
1,1,0,1,0,0,11.0,10.06,11.23,1,11.23,0.7276,0.607,0.12300000000000004,0,0,0.0,0.5,0.5,0,A,Arts Plastiques,BAC_1,Plateaux Est,public,F,2023,ADMIS
1,1,0,1,0,0,10.17,8.22,9.28,1,9.28,0.4822000000000001,0.406,-0.07200000000000006,0,0,0.0,0.5,0.5,0,D,Psychologie,BAC_1,Maritime,privé,F,2024,REORIENTE
1,1,0,1,0,0,9.37,8.24,9.52,1,9.52,0.6295999999999999,0.422,-0.04800000000000004,0,0,0.0,0.5,0.5,0,G2,Économie,BAC_1,Grand Lomé,privé,F,2023,REORIENTE
1,1,0,1,0,0,9.66,9.88,11.02,1,11.02,0.7846,0.499,0.10199999999999995,0,0,0.0,0.5,0.5,0,A,Communication et Journalisme,BAC_1,Centrale,public,M,2023,REORIENTE
1,1,0,1,0,0,10.85,11.97,12.65,1,12.65,0.416,0.608,0.265,0,0,0.0,0.5,0.5,0,D,Informatique,BAC_1,Plateaux Ouest,public,M,2024,ADMIS
1,1,0,1,0,0,12.91,12.23,13.52,1,13.52,0.39159999999999995,0.436,0.352,0,0,0.0,0.5,0.5,0,A,Sciences de l'Éducation,BAC_1,Plateaux Est,public,M,2024,REORIENTE
1,1,0,1,0,0,11.49,12.55,12.91,1,12.91,0.6386000000000001,0.608,0.29100000000000004,0,0,0.0,0.5,0.5,0,F3,Génie Mécanique,BAC_1,Savanes,public,F,2024,REORIENTE
1,1,0,1,0,0,10.19,11.95,11.63,-1,11.63,0.5347999999999999,0.737,0.1630000000000001,0,0,0.0,0.5,0.5,0,D,Sciences Infirmières,BAC_1,Grand Lomé,public,F,2024,ADMIS
1,1,0,1,0,0,7.3,5.69,7.58,1,7.58,0.6297999999999999,0.352,-0.242,0,0,0.0,0.5,0.5,0,A,Enseignement Primaire,BAC_1,Grand Lomé,public,M,2023,ADMIS
1,1,0,1,0,0,9.67,10.48,11.2,1,11.2,0.4902,0.447,0.11999999999999993,0,0,0.0,0.5,0.5,0,A,Histoire,BAC_1,Grand Lomé,public,F,2024,REORIENTE
1,1,0,1,0,0,7.89,7.75,8.94,1,8.94,0.5058,0.426,-0.10600000000000005,0,0,0.0,0.5,0.5,0,C,Gestion des Entreprises,BAC_1,Plateaux Est,public,M,2024,REORIENTE
1,1,0,1,0,0,12.43,12.35,13.2,1,13.2,0.5317999999999999,0.584,0.31999999999999995,0,0,0.0,0.5,0.5,0,G3,Sciences Infirmières,BAC_1,Savanes,public,F,2024,REORIENTE
1,1,0,1,0,0,10.43,10.21,10.6,1,10.6,0.7222,0.565,0.05999999999999996,0,0,0.0,0.5,0.5,0,D,Génie Informatique,BAC_1,Centrale,public,F,2023,REORIENTE
1,1,0,1,0,0,7.43,8.86,8.8,-1,8.8,0.6974,0.407,-0.11999999999999993,0,0,0.0,0.5,0.5,0,A,Sciences de l'Éducation,BAC_1,Savanes,privé,M,2024,ADMIS
1,1,0,1,0,0,8.84,9.11,9.35,1,9.35,0.3192,0.267,-0.06500000000000003,0,0,0.0,0.5,0.5,0,D,Psychologie,BAC_1,Savanes,public,M,2024,REORIENTE
1,1,0,1,0,0,10.86,12.95,12.66,-1,12.66,0.48039999999999994,0.346,0.266,0,0,0.0,0.5,0.5,0,D,Génie Informatique,BAC_1,Kara,public,F,2024,ADMIS
1,1,0,1,0,0,10.8,9.35,10.18,1,10.18,0.7534,0.655,0.01799999999999997,0,0,0.0,0.5,0.5,0,A,Anglais,BAC_1,Maritime,public,M,2023,REORIENTE
1,1,0,1,0,0,10.94,10.84,10.36,-1,10.36,0.4638,0.636,0.03599999999999994,0,0,0.0,0.5,0.5,0,D,Psychologie,BAC_1,Centrale,privé,M,2024,ADMIS
1,1,0,1,0,0,10.71,10.65,10.72,1,10.72,0.5251999999999999,0.446,0.07200000000000006,0,0,0.0,0.5,0.5,0,A,Sciences de l'Éducation,BAC_1,Maritime,public,M,2024,ADMIS
1,1,0,1,0,0,7.29,7.35,7.64,1,7.64,0.7904,0.5,-0.23600000000000004,0,0,0.0,0.5,0.5,0,A,Droit,BAC_1,Grand Lomé,privé,F,2023,REORIENTE
1,1,0,1,0,0,8.14,7.76,7.96,1,7.96,0.7956,0.504,-0.20400000000000001,0,0,0.0,0.5,0.5,0,D,Sciences de l'Éducation,BAC_1,Grand Lomé,privé,F,2023,REORIENTE
1,1,0,1,0,0,10.31,10.19,9.83,-1,9.83,0.5910000000000001,0.465,-0.016999999999999994,0,0,0.0,0.5,0.5,0,D,Sociologie,BAC_1,Grand Lomé,privé,M,2024,REORIENTE
1,1,0,1,0,0,8.72,9.72,9.48,-1,9.48,0.42000000000000004,0.537,-0.051999999999999956,0,0,0.0,0.5,0.5,0,D,Informatique,BAC_1,Plateaux Est,privé,F,2024,REORIENTE
1,1,0,1,0,0,11.19,11.24,10.53,-1,10.53,0.711,0.699,0.052999999999999936,0,0,0.0,0.5,0.5,0,D,Finance et Comptabilité,BAC_1,Plateaux Ouest,privé,F,2023,REORIENTE
1,1,0,1,0,0,10.65,9.25,10.25,1,10.25,0.6874,0.505,0.025,0,0,0.0,0.5,0.5,0,A,Enseignement Primaire,BAC_1,Centrale,public,F,2023,ADMIS
1,1,0,1,0,0,11.36,11.02,11.24,1,11.24,0.7293999999999999,0.562,0.12400000000000003,0,0,0.0,0.5,0.5,0,D,Sciences Environnementales,BAC_1,Maritime,public,M,2023,REORIENTE
1,1,0,1,0,0,5.79,7.15,6.59,-1,6.59,0.49119999999999997,0.613,-0.341,0,0,0.0,0.5,0.5,0,D,Gestion des Entreprises,BAC_1,Grand Lomé,public,M,2024,ADMIS
1,1,0,1,0,0,10.35,10.49,10.56,1,10.56,0.6794,0.536,0.05600000000000005,0,0,0.0,0.5,0.5,0,D,Finance et Comptabilité,BAC_1,Maritime,public,M,2023,ADMIS
1,1,0,1,0,0,11.71,9.8,10.88,1,10.88,0.5896,0.514,0.08800000000000008,0,0,0.0,0.5,0.5,0,A,Sciences Politiques,BAC_1,Grand Lomé,privé,M,2024,REORIENTE
1,1,0,1,0,0,11.98,12.27,12.32,1,12.32,0.6354,0.699,0.23200000000000004,0,0,0.0,0.5,0.5,0,D,Finance et Comptabilité,BAC_1,Grand Lomé,public,M,2024,ADMIS
1,1,0,1,0,0,6.34,9.12,8.2,-1,8.2,0.4078,0.217,-0.18000000000000008,0,0,0.0,0.5,0.5,0,A,Sciences Politiques,BAC_1,Grand Lomé,public,F,2024,REORIENTE
1,1,0,1,0,0,8.17,10.76,10.44,-1,10.44,0.35760000000000003,0.45,0.04399999999999995,0,0,0.0,0.5,0.5,0,D,Géographie,BAC_1,Plateaux Est,public,M,2024,REORIENTE
1,1,0,1,0,0,9.27,9.78,10.12,1,10.12,0.4126000000000001,0.556,0.011999999999999922,0,0,0.0,0.5,0.5,0,D,Génie Mécanique,BAC_1,Centrale,public,M,2024,REORIENTE
1,1,0,1,0,0,9.01,9.9,10.85,1,10.85,0.8635999999999999,0.674,0.08499999999999996,0,0,0.0,0.5,0.5,0,T1,Génie Mécanique,BAC_1,Maritime,privé,M,2023,ADMIS
1,1,0,1,0,0,12.81,12.43,13.08,1,13.08,0.6053999999999999,0.627,0.308,0,0,0.0,0.5,0.5,0,D,Informatique,BAC_1,Plateaux Ouest,public,F,2023,REORIENTE
1,1,0,1,0,0,11.87,11.35,12.44,1,12.44,0.6295999999999999,0.272,0.24399999999999994,0,0,0.0,0.5,0.5,0,D,Histoire,BAC_1,Grand Lomé,public,F,2023,ADMIS
1,1,0,1,0,0,12.29,9.79,11.05,1,11.05,0.6257999999999999,0.705,0.10500000000000007,0,0,0.0,0.5,0.5,0,D,Pharmacie,BAC_1,Plateaux Est,public,F,2024,ADMIS
1,1,0,1,0,0,7.99,10.54,9.05,-1,9.05,0.8166,0.657,-0.09499999999999993,0,0,0.0,0.5,0.5,0,D,Finance et Comptabilité,BAC_1,Grand Lomé,public,M,2023,ADMIS
1,1,0,1,0,0,6.32,7.58,8.05,1,8.05,0.4644,0.519,-0.19499999999999992,0,0,0.0,0.5,0.5,0,D,Sociologie,BAC_1,Maritime,public,F,2024,REORIENTE
1,1,0,1,0,0,8.88,7.56,9.33,1,9.33,0.6332,0.452,-0.06699999999999999,0,0,0.0,0.5,0.5,0,D,Génie Civil,BAC_1,Kara,public,F,2023,REORIENTE
1,1,0,1,0,0,14.39,14.69,14.74,1,14.74,0.7986,0.726,0.47400000000000003,0,0,0.0,0.5,0.5,0,A,Droit,BAC_1,Maritime,public,M,2023,ADMIS
1,1,0,1,0,0,9.07,9.59,9.86,1,9.86,0.6447999999999999,0.373,-0.014000000000000058,0,0,0.0,0.5,0.5,0,D,Biologie,BAC_1,Plateaux Est,public,F,2023,ADMIS
1,1,0,1,0,0,10.46,11.88,12.28,1,12.28,0.4818,0.528,0.22799999999999992,0,0,0.0,0.5,0.5,0,A,Arts Plastiques,BAC_1,Grand Lomé,public,F,2024,ADMIS
1,1,0,1,0,0,9.19,9.27,10.3,1,10.3,0.3186,0.339,0.030000000000000072,0,0,0.0,0.5,0.5,0,A,Enseignement Primaire,BAC_1,Kara,public,M,2024,ADMIS
1,1,0,1,0,0,10.16,11.42,12.09,1,12.09,0.5108,0.527,0.209,0,0,0.0,0.5,0.5,0,A,Sociologie,BAC_1,Savanes,public,F,2024,REORIENTE
1,1,0,1,0,0,9.03,7.61,8.68,1,8.68,0.6522,0.699,-0.13200000000000003,0,0,0.0,0.5,0.5,0,A,Lettres Modernes,BAC_1,Grand Lomé,public,M,2024,REORIENTE
1,1,0,1,0,0,7.7,7.37,7.51,1,7.51,0.6106,0.517,-0.24900000000000003,0,0,0.0,0.5,0.5,0,D,Finance et Comptabilité,BAC_1,Plateaux Est,privé,F,2024,ADMIS
1,1,0,1,0,0,9.75,9.4,9.91,1,9.91,0.5898,0.537,-0.008999999999999985,0,0,0.0,0.5,0.5,0,D,Génie Informatique,BAC_1,Kara,public,F,2024,REORIENTE
1,1,0,1,0,0,7.16,8.2,8.58,1,8.58,0.7323999999999999,0.664,-0.142,0,0,0.0,0.5,0.5,0,A,Droit,BAC_1,Plateaux Est,privé,F,2024,REORIENTE
1,1,0,1,0,0,11.37,11.92,12.15,1,12.15,0.7404000000000001,0.471,0.21500000000000002,0,0,0.0,0.5,0.5,0,A,Droit,BAC_1,Plateaux Est,public,M,2023,REORIENTE
1,1,0,1,0,0,7.06,7.77,7.53,-1,7.53,0.6302,0.536,-0.24699999999999997,0,0,0.0,0.5,0.5,0,D,STAPS (Activités Physiques et Sportives),BAC_1,Grand Lomé,public,M,2023,ADMIS
1,1,0,1,0,0,11.26,12.68,11.53,-1,11.53,0.6746,0.596,0.15299999999999994,0,0,0.0,0.5,0.5,0,D,Sciences Forestières,BAC_1,Grand Lomé,privé,M,2024,REORIENTE
1,1,0,1,0,0,10.94,11.14,11.54,1,11.54,0.6522,0.402,0.15399999999999991,0,0,0.0,0.5,0.5,0,A,Communication et Journalisme,BAC_1,Centrale,public,M,2023,ADMIS
1,1,0,1,0,0,7.92,9.98,9.56,-1,9.56,0.4932,0.462,-0.04399999999999995,0,0,0.0,0.5,0.5,0,A,Sciences de l'Éducation,BAC_1,Maritime,public,M,2024,REORIENTE
1,1,0,1,0,0,13.0,11.44,12.91,1,12.91,0.5598000000000001,0.456,0.29100000000000004,0,0,0.0,0.5,0.5,0,A,Sociologie,BAC_1,Plateaux Est,privé,F,2024,REORIENTE
1,1,0,1,0,0,8.91,9.55,9.05,-1,9.05,0.5688,0.45,-0.09499999999999993,0,0,0.0,0.5,0.5,0,D,Tourisme et Hôtellerie,BAC_1,Kara,public,M,2023,REORIENTE
1,1,0,1,0,0,11.81,11.97,11.66,-1,11.66,0.4978,0.754,0.166,0,0,0.0,0.5,0.5,0,D,Gestion des Entreprises,BAC_1,Plateaux Ouest,privé,F,2024,ADMIS
1,1,0,1,0,0,6.87,7.8,8.21,1,8.21,0.6437999999999999,0.63,-0.1789999999999999,0,0,0.0,0.5,0.5,0,A,Communication et Journalisme,BAC_1,Maritime,privé,M,2024,REORIENTE
1,1,0,1,0,0,11.38,12.26,11.64,-1,11.64,0.596,0.455,0.16400000000000006,0,0,0.0,0.5,0.5,0,A,Droit,BAC_1,Maritime,public,F,2023,ADMIS
1,1,0,1,0,0,6.13,7.11,7.35,1,7.35,0.4282,0.763,-0.265,0,0,0.0,0.5,0.5,0,D,Sciences Infirmières,BAC_1,Plateaux Est,public,M,2024,REORIENTE
1,1,0,1,0,0,11.21,11.62,11.73,1,11.73,0.72,0.516,0.17300000000000004,0,0,0.0,0.5,0.5,0,A,Sociologie,BAC_1,Grand Lomé,privé,F,2024,ADMIS
1,1,0,1,0,0,6.97,9.22,9.04,-1,9.04,0.48600000000000004,0.516,-0.09600000000000009,0,0,0.0,0.5,0.5,0,A,STAPS (Activités Physiques et Sportives),BAC_1,Grand Lomé,public,F,2024,REORIENTE
1,1,0,1,0,0,10.57,10.17,10.26,1,10.26,0.666,0.714,0.025999999999999978,0,0,0.0,0.5,0.5,0,D,Gestion des Entreprises,BAC_1,Kara,privé,M,2024,ADMIS
1,1,0,1,0,0,8.36,8.73,9.55,1,9.55,0.49560000000000004,0.213,-0.04499999999999993,0,0,0.0,0.5,0.5,0,A,Lettres Modernes,BAC_1,Centrale,public,F,2023,ADMIS
1,1,0,1,0,0,10.33,11.45,11.58,1,11.58,0.493,0.544,0.158,0,0,0.0,0.5,0.5,0,A,Communication et Journalisme,BAC_1,Savanes,privé,F,2024,REORIENTE
1,1,0,1,0,0,10.78,11.1,10.91,-1,10.91,0.5412,0.492,0.09100000000000001,0,0,0.0,0.5,0.5,0,D,Biologie,BAC_1,Grand Lomé,public,M,2024,REORIENTE
1,1,0,1,0,0,11.02,11.04,11.71,1,11.71,0.7864,0.49,0.1710000000000001,0,0,0.0,0.5,0.5,0,D,Informatique,BAC_1,Kara,privé,F,2023,REORIENTE
1,1,0,1,0,0,6.49,6.74,7.75,1,7.75,0.573,0.438,-0.225,0,0,0.0,0.5,0.5,0,D,Physique-Chimie,BAC_1,Plateaux Ouest,public,F,2023,ADMIS
1,1,0,1,0,0,11.33,8.45,10.4,1,10.4,0.5484,0.402,0.040000000000000036,0,0,0.0,0.5,0.5,0,D,Sciences Infirmières,BAC_1,Plateaux Est,public,M,2023,REORIENTE
1,1,0,1,0,0,11.53,11.86,12.77,1,12.77,0.6948,0.567,0.27699999999999997,0,0,0.0,0.5,0.5,0,A,Communication et Journalisme,BAC_1,Plateaux Est,public,F,2023,REORIENTE
1,1,0,1,0,0,10.5,9.79,9.99,1,9.99,0.372,0.57,-0.0009999999999999788,0,0,0.0,0.5,0.5,0,F2,Génie Informatique,BAC_1,Maritime,privé,F,2023,REORIENTE
1,1,0,1,0,0,11.29,13.0,12.98,-1,12.98,0.8176000000000001,0.724,0.29800000000000004,0,0,0.0,0.5,0.5,0,A,Droit,BAC_1,Maritime,public,F,2023,ADMIS
1,1,0,1,0,0,8.64,9.19,9.33,1,9.33,0.8739999999999999,0.715,-0.06699999999999999,0,0,0.0,0.5,0.5,0,D,Médecine,BAC_1,Plateaux Ouest,privé,F,2023,REORIENTE
1,1,0,1,0,0,11.19,12.07,11.34,-1,11.34,0.6224,0.371,0.13399999999999998,0,0,0.0,0.5,0.5,0,F3,Génie Mécanique,BAC_1,Plateaux Est,privé,M,2023,REORIENTE
1,1,0,1,0,0,12.93,12.96,13.68,1,13.68,0.3462,0.675,0.368,0,0,0.0,0.5,0.5,0,D,Génie Électrique,BAC_1,Plateaux Ouest,public,M,2024,ADMIS
1,1,0,1,0,0,7.7,8.91,8.43,-1,8.43,0.6040000000000001,0.484,-0.15700000000000003,0,0,0.0,0.5,0.5,0,A,Tourisme et Hôtellerie,BAC_1,Savanes,public,M,2023,REORIENTE
1,1,0,1,0,0,8.03,7.23,8.18,1,8.18,0.698,0.5,-0.18200000000000002,0,0,0.0,0.5,0.5,0,A,Anglais,BAC_1,Maritime,public,M,2023,ADMIS
1,1,0,1,0,0,10.43,11.67,11.52,-1,11.52,0.7056,0.552,0.15199999999999997,0,0,0.0,0.5,0.5,0,A,Enseignement Primaire,BAC_1,Grand Lomé,privé,F,2023,REORIENTE
1,1,0,1,0,0,10.69,9.79,10.49,1,10.49,0.3328,0.25,0.04900000000000002,0,0,0.0,0.5,0.5,0,D,STAPS (Activités Physiques et Sportives),BAC_1,Maritime,public,M,2024,REORIENTE
1,1,0,1,0,0,9.24,9.51,10.2,1,10.2,0.4708,0.532,0.019999999999999928,0,0,0.0,0.5,0.5,0,A,Droit,BAC_1,Maritime,public,F,2024,ADMIS
1,1,0,1,0,0,9.56,10.33,10.73,1,10.73,0.7432,0.454,0.07300000000000004,0,0,0.0,0.5,0.5,0,A,Communication et Journalisme,BAC_1,Kara,privé,M,2023,REORIENTE
1,1,0,1,0,0,11.24,11.52,12.0,1,12.0,0.49939999999999996,0.698,0.2,0,0,0.0,0.5,0.5,0,D,Sociologie,BAC_1,Plateaux Ouest,privé,F,2024,ADMIS
1,1,0,1,0,0,9.72,9.87,10.09,1,10.09,0.7154,0.716,0.008999999999999985,0,0,0.0,0.5,0.5,0,A,Sciences de l'Éducation,BAC_1,Maritime,public,M,2024,REORIENTE
1,1,0,1,0,0,10.55,11.2,12.03,1,12.03,0.6434,0.341,0.20299999999999993,0,0,0.0,0.5,0.5,0,A,Psychologie,BAC_1,Plateaux Ouest,public,F,2023,ADMIS
1,1,0,1,0,0,11.89,11.47,12.21,1,12.21,0.658,0.634,0.22100000000000009,0,0,0.0,0.5,0.5,0,G1,Économie,BAC_1,Plateaux Est,public,M,2023,ADMIS
1,1,0,1,0,0,9.78,10.01,10.44,1,10.44,0.6144000000000001,0.441,0.04399999999999995,0,0,0.0,0.5,0.5,0,A,Histoire,BAC_1,Plateaux Ouest,public,F,2023,REORIENTE
1,1,0,1,0,0,10.82,11.5,11.86,1,11.86,0.5564,0.566,0.18599999999999994,0,0,0.0,0.5,0.5,0,A,Droit,BAC_1,Savanes,public,M,2024,REORIENTE
1,1,0,1,0,0,8.66,7.42,8.84,1,8.84,0.431,0.596,-0.11600000000000002,0,0,0.0,0.5,0.5,0,D,Tourisme et Hôtellerie,BAC_1,Centrale,public,F,2024,ADMIS
1,1,0,1,0,0,12.78,14.16,13.45,-1,13.45,0.756,0.405,0.3449999999999999,0,0,0.0,0.5,0.5,0,A,Sociologie,BAC_1,Maritime,public,F,2023,ADMIS
1,1,0,1,0,0,8.55,6.97,7.36,1,7.36,0.3456,0.315,-0.26399999999999996,0,0,0.0,0.5,0.5,0,A,Sociologie,BAC_1,Kara,public,F,2024,ADMIS
1,1,0,1,0,0,12.47,14.67,14.02,-1,14.02,0.502,0.571,0.40199999999999997,0,0,0.0,0.5,0.5,0,D,Sciences Infirmières,BAC_1,Plateaux Ouest,public,F,2023,REORIENTE
1,1,0,1,0,0,10.98,10.77,11.88,1,11.88,0.6808,0.601,0.18800000000000008,0,0,0.0,0.5,0.5,0,G3,Banque et Assurance,BAC_1,Maritime,privé,F,2024,REORIENTE
1,1,0,1,0,0,12.02,10.69,12.3,1,12.3,0.8712,0.747,0.23000000000000007,0,0,0.0,0.5,0.5,0,A,Sciences Politiques,BAC_1,Maritime,public,F,2023,ADMIS
1,1,0,1,0,0,8.1,8.45,8.46,1,8.46,0.485,0.359,-0.15399999999999991,0,0,0.0,0.5,0.5,0,B,Enseignement Primaire,BAC_1,Grand Lomé,public,M,2024,ADMIS
1,1,0,1,0,0,9.46,10.56,11.16,1,11.16,0.5528,0.617,0.11600000000000002,0,0,0.0,0.5,0.5,0,A,Psychologie,BAC_1,Centrale,privé,F,2024,REORIENTE
1,1,0,1,0,0,11.07,12.9,12.24,-1,12.24,0.3384,0.576,0.22400000000000003,0,0,0.0,0.5,0.5,0,A,Communication et Journalisme,BAC_1,Centrale,public,F,2024,REORIENTE
1,1,0,1,0,0,12.34,11.18,11.53,1,11.53,0.4622,0.404,0.15299999999999994,0,0,0.0,0.5,0.5,0,D,Génie Informatique,BAC_1,Centrale,public,M,2023,REORIENTE
1,1,0,1,0,0,8.82,9.2,8.42,-1,8.42,0.2534,0.359,-0.158,0,0,0.0,0.5,0.5,0,D,Génie Informatique,BAC_1,Plateaux Ouest,public,F,2024,REORIENTE
1,1,0,1,0,0,8.26,8.48,8.07,-1,8.07,0.613,0.559,-0.19299999999999998,0,0,0.0,0.5,0.5,0,D,Gestion des Entreprises,BAC_1,Grand Lomé,public,F,2024,ADMIS
1,1,0,1,0,0,9.43,10.77,10.91,1,10.91,0.661,0.718,0.09100000000000001,0,0,0.0,0.5,0.5,0,A,STAPS (Activités Physiques et Sportives),BAC_1,Kara,public,F,2024,REORIENTE
1,1,0,1,0,0,8.37,10.75,10.43,-1,10.43,0.6576,0.33,0.04299999999999997,0,0,0.0,0.5,0.5,0,A,Psychologie,BAC_1,Maritime,public,M,2023,REORIENTE
1,1,0,1,0,0,4.8,4.14,6.22,1,6.22,0.4194,0.354,-0.378,0,0,0.0,0.5,0.5,0,D,Finance et Comptabilité,BAC_1,Plateaux Est,privé,F,2024,REORIENTE
1,1,0,1,0,0,11.88,12.28,12.86,1,12.86,0.8088,0.561,0.2859999999999999,0,0,0.0,0.5,0.5,0,A,Anglais,BAC_1,Plateaux Est,privé,M,2023,ADMIS
1,1,0,1,0,0,11.33,10.29,11.33,1,11.33,0.5066,0.458,0.133,0,0,0.0,0.5,0.5,0,A,Lettres Modernes,BAC_1,Savanes,privé,F,2024,REORIENTE
1,1,0,1,0,0,8.8,9.69,10.29,1,10.29,0.5018,0.515,0.028999999999999915,0,0,0.0,0.5,0.5,0,D,Biologie,BAC_1,Plateaux Ouest,public,F,2023,REORIENTE
1,1,0,1,0,0,7.78,8.78,9.24,1,9.24,0.5736,0.579,-0.07599999999999998,0,0,0.0,0.5,0.5,0,D,Biologie,BAC_1,Plateaux Ouest,public,F,2023,REORIENTE
1,1,0,1,0,0,6.62,9.86,9.32,-1,9.32,0.6774,0.459,-0.06799999999999998,0,0,0.0,0.5,0.5,0,A,Psychologie,BAC_1,Centrale,public,F,2023,REORIENTE
1,1,0,1,0,0,10.98,12.22,11.68,-1,11.68,0.7656,0.573,0.16799999999999998,0,0,0.0,0.5,0.5,0,A,Sociologie,BAC_1,Centrale,public,M,2023,REORIENTE
1,1,0,1,0,0,9.0,9.9,9.4,-1,9.4,0.6666000000000001,0.465,-0.05999999999999996,0,0,0.0,0.5,0.5,0,D,Génie Informatique,BAC_1,Plateaux Est,privé,F,2023,REORIENTE
1,1,0,1,0,0,8.75,8.88,9.28,1,9.28,0.7106,0.734,-0.07200000000000006,0,0,0.0,0.5,0.5,0,A,Sciences Politiques,BAC_1,Grand Lomé,privé,M,2024,REORIENTE
1,1,0,1,0,0,10.54,12.25,11.24,-1,11.24,0.5052,0.621,0.12400000000000003,0,0,0.0,0.5,0.5,0,A,Enseignement Primaire,BAC_1,Plateaux Ouest,privé,F,2024,REORIENTE
1,1,0,1,0,0,8.99,9.16,10.0,1,10.0,0.5588,0.644,0.0,0,0,0.0,0.5,0.5,0,D,Tourisme et Hôtellerie,BAC_1,Plateaux Ouest,public,F,2024,REORIENTE
1,1,0,1,0,0,10.64,9.75,11.04,1,11.04,0.6788000000000001,0.539,0.10399999999999991,0,0,0.0,0.5,0.5,0,A,Géographie,BAC_1,Plateaux Est,privé,F,2023,ADMIS
1,1,0,1,0,0,12.08,11.7,11.93,1,11.93,0.7809999999999999,0.499,0.19299999999999998,0,0,0.0,0.5,0.5,0,A,Lettres Modernes,BAC_1,Plateaux Est,public,M,2023,ADMIS
1,1,0,1,0,0,9.15,8.94,9.24,1,9.24,0.7502,0.641,-0.07599999999999998,0,0,0.0,0.5,0.5,0,A,Lettres Modernes,BAC_1,Grand Lomé,public,F,2023,REORIENTE
1,1,0,1,0,0,7.46,8.57,8.98,1,8.98,0.538,0.526,-0.10199999999999995,0,0,0.0,0.5,0.5,0,A,Communication et Journalisme,BAC_1,Kara,privé,M,2024,REORIENTE
1,1,0,1,0,0,9.37,10.47,10.05,-1,10.05,0.3504,0.597,0.005000000000000071,0,0,0.0,0.5,0.5,0,D,Génie Électrique,BAC_1,Maritime,privé,M,2024,REORIENTE
1,1,0,1,0,0,14.74,13.64,13.76,1,13.76,0.6968,0.656,0.376,0,0,0.0,0.5,0.5,0,A,Sociologie,BAC_1,Maritime,public,M,2023,ADMIS
1,1,0,1,0,0,9.58,10.63,10.86,1,10.86,0.6078,0.522,0.08599999999999994,0,0,0.0,0.5,0.5,0,D,Physique-Chimie,BAC_1,Grand Lomé,public,F,2024,ADMIS
1,1,0,1,0,0,13.3,13.38,14.6,1,14.6,0.26139999999999997,0.322,0.45999999999999996,0,0,0.0,0.5,0.5,0,D,Sciences Infirmières,BAC_1,Maritime,public,M,2024,ADMIS
1,1,0,1,0,0,9.77,10.71,11.21,1,11.21,0.6846,0.357,0.12100000000000008,0,0,0.0,0.5,0.5,0,A,Enseignement Primaire,BAC_1,Grand Lomé,public,M,2023,ADMIS
1,1,0,1,0,0,9.99,9.66,9.4,-1,9.4,0.4152,0.501,-0.05999999999999996,0,0,0.0,0.5,0.5,0,A,Lettres Modernes,BAC_1,Plateaux Ouest,public,M,2024,ADMIS
1,1,0,1,0,0,6.38,8.35,9.02,1,9.02,0.7452,0.585,-0.09800000000000005,0,0,0.0,0.5,0.5,0,A,STAPS (Activités Physiques et Sportives),BAC_1,Grand Lomé,public,F,2023,ADMIS
1,1,0,1,0,0,10.52,10.3,11.76,1,11.76,0.6756,0.387,0.176,0,0,0.0,0.5,0.5,0,C,Psychologie,BAC_1,Plateaux Ouest,public,M,2023,ADMIS
1,1,0,1,0,0,11.46,11.64,12.68,1,12.68,0.5696,0.608,0.26799999999999996,0,0,0.0,0.5,0.5,0,A,Sciences Politiques,BAC_1,Savanes,public,M,2024,ADMIS
1,1,0,1,0,0,16.53,14.27,15.27,1,15.27,0.7426,0.499,0.5269999999999999,0,0,0.0,0.5,0.5,0,A,Communication et Journalisme,BAC_1,Maritime,privé,F,2023,ADMIS
1,1,0,1,0,0,10.15,11.38,11.25,-1,11.25,0.5524,0.478,0.125,0,0,0.0,0.5,0.5,0,F3,Génie Civil,BAC_1,Grand Lomé,privé,M,2023,REORIENTE
1,1,0,1,0,0,8.51,9.91,9.6,-1,9.6,0.4476,0.525,-0.040000000000000036,0,0,0.0,0.5,0.5,0,D,Gestion des Entreprises,BAC_1,Kara,public,F,2024,REORIENTE
1,1,0,1,0,0,8.36,9.04,8.71,-1,8.71,0.3656,0.296,-0.12899999999999992,0,0,0.0,0.5,0.5,0,A,Tourisme et Hôtellerie,BAC_1,Maritime,public,F,2024,REORIENTE
1,1,0,1,0,0,13.14,14.43,14.03,-1,14.03,0.5312,0.449,0.4029999999999999,0,0,0.0,0.5,0.5,0,A,Lettres Modernes,BAC_1,Maritime,public,M,2024,ADMIS
1,1,0,1,0,0,11.98,13.57,12.82,-1,12.82,0.4322,0.563,0.28200000000000003,0,0,0.0,0.5,0.5,0,A,Histoire,BAC_1,Centrale,public,F,2024,REORIENTE
1,1,0,1,0,0,9.1,11.28,10.66,-1,10.66,0.6859999999999999,0.338,0.06600000000000002,0,0,0.0,0.5,0.5,0,D,Génie Électrique,BAC_1,Maritime,public,M,2023,REORIENTE
1,1,0,1,0,0,6.62,7.31,7.61,1,7.61,0.8008,0.517,-0.23899999999999996,0,0,0.0,0.5,0.5,0,A,Sciences de l'Éducation,BAC_1,Grand Lomé,public,M,2023,REORIENTE
1,1,0,1,0,0,8.15,8.83,8.58,-1,8.58,0.5206000000000001,0.487,-0.142,0,0,0.0,0.5,0.5,0,D,Génie Électrique,BAC_1,Plateaux Ouest,privé,F,2024,ADMIS
1,1,0,1,0,0,10.43,9.49,10.01,1,10.01,0.9022000000000001,0.784,0.0009999999999999788,0,0,0.0,0.5,0.5,0,A,Lettres Modernes,BAC_1,Grand Lomé,public,F,2023,ADMIS
1,1,0,1,0,0,8.36,7.7,7.85,1,7.85,0.669,0.51,-0.21500000000000002,0,0,0.0,0.5,0.5,0,A,Communication et Journalisme,BAC_1,Kara,public,F,2023,ADMIS
1,1,0,1,0,0,10.9,11.11,11.94,1,11.94,0.4932,0.249,0.19399999999999995,0,0,0.0,0.5,0.5,0,A,Lettres Modernes,BAC_1,Plateaux Est,public,M,2024,REORIENTE
1,1,0,1,0,0,11.47,10.67,11.24,1,11.24,0.5902000000000001,0.556,0.12400000000000003,0,0,0.0,0.5,0.5,0,D,Informatique,BAC_1,Plateaux Est,public,F,2023,REORIENTE
1,1,0,1,0,0,11.22,10.46,10.55,1,10.55,0.6056,0.506,0.05500000000000007,0,0,0.0,0.5,0.5,0,D,Génie Civil,BAC_1,Centrale,public,F,2023,ADMIS
1,1,0,1,0,0,11.53,10.97,11.39,1,11.39,0.3648,0.501,0.13900000000000007,0,0,0.0,0.5,0.5,0,D,Génie Mécanique,BAC_1,Plateaux Est,public,M,2024,ADMIS
1,1,0,1,0,0,9.01,7.94,8.39,1,8.39,0.6592,0.547,-0.16099999999999995,0,0,0.0,0.5,0.5,0,A,Tourisme et Hôtellerie,BAC_1,Maritime,public,M,2023,REORIENTE
1,1,0,1,0,0,10.7,10.44,10.72,1,10.72,0.4782,0.453,0.07200000000000006,0,0,0.0,0.5,0.5,0,G1,Sciences Politiques,BAC_1,Grand Lomé,public,M,2023,ADMIS
1,1,0,1,0,0,11.18,11.08,11.16,1,11.16,0.6093999999999999,0.589,0.11600000000000002,0,0,0.0,0.5,0.5,0,D,Sciences Infirmières,BAC_1,Plateaux Ouest,privé,M,2024,REORIENTE
1,1,0,1,0,0,4.47,3.97,4.75,1,4.75,0.6146,0.5,-0.525,0,0,0.0,0.5,0.5,0,A,Droit,BAC_1,Maritime,privé,F,2023,REORIENTE
1,1,0,1,0,0,7.78,8.14,8.79,1,8.79,0.3328,0.475,-0.12100000000000008,0,0,0.0,0.5,0.5,0,D,Finance et Comptabilité,BAC_1,Plateaux Ouest,public,M,2024,REORIENTE
1,1,0,1,0,0,8.51,8.82,9.52,1,9.52,0.6116,0.311,-0.04800000000000004,0,0,0.0,0.5,0.5,0,A,Anglais,BAC_1,Maritime,public,F,2023,REORIENTE
1,1,0,1,0,0,15.42,14.62,14.4,-1,14.4,0.6244,0.217,0.44000000000000006,0,0,0.0,0.5,0.5,0,A,Lettres Modernes,BAC_1,Kara,public,F,2023,ADMIS
1,1,0,1,0,0,6.88,6.5,7.17,1,7.17,0.6554,0.317,-0.28300000000000003,0,0,0.0,0.5,0.5,0,D,Génie Civil,BAC_1,Savanes,public,M,2023,ADMIS
1,1,0,1,0,0,7.88,9.43,9.48,1,9.48,0.6624,0.522,-0.051999999999999956,0,0,0.0,0.5,0.5,0,A,STAPS (Activités Physiques et Sportives),BAC_1,Kara,public,F,2023,REORIENTE
1,1,0,1,0,0,8.49,10.47,9.89,-1,9.89,0.4834,0.469,-0.010999999999999944,0,0,0.0,0.5,0.5,0,D,Génie Informatique,BAC_1,Centrale,public,F,2023,REORIENTE
1,1,0,1,0,0,10.12,8.07,8.74,1,8.74,0.6482,0.458,-0.12599999999999997,0,0,0.0,0.5,0.5,0,G3,Finance et Comptabilité,BAC_1,Centrale,public,F,2024,REORIENTE
1,1,0,1,0,0,10.32,10.31,10.42,1,10.42,0.48019999999999996,0.143,0.041999999999999996,0,0,0.0,0.5,0.5,0,D,Géographie,BAC_1,Grand Lomé,privé,F,2024,ADMIS
1,1,0,1,0,0,8.66,8.64,8.38,-1,8.38,0.7684,0.436,-0.16199999999999992,0,0,0.0,0.5,0.5,0,A,Tourisme et Hôtellerie,BAC_1,Grand Lomé,public,M,2023,REORIENTE
1,1,0,1,0,0,10.75,9.9,11.43,1,11.43,0.4244,0.422,0.14299999999999996,0,0,0.0,0.5,0.5,0,D,Finance et Comptabilité,BAC_1,Kara,public,M,2024,REORIENTE
1,1,0,1,0,0,11.12,10.91,10.79,-1,10.79,0.3224,0.395,0.07899999999999992,0,0,0.0,0.5,0.5,0,D,Psychologie,BAC_1,Maritime,public,M,2024,REORIENTE
1,1,0,1,0,0,10.63,12.44,12.11,-1,12.11,0.6492,0.702,0.21099999999999994,0,0,0.0,0.5,0.5,0,D,Odontologie,BAC_1,Plateaux Ouest,public,M,2023,REORIENTE
1,1,0,1,0,0,7.45,9.69,9.35,-1,9.35,0.8244,0.576,-0.06500000000000003,0,0,0.0,0.5,0.5,0,A,Psychologie,BAC_1,Plateaux Ouest,privé,F,2023,ADMIS
1,1,0,1,0,0,5.22,5.19,5.82,1,5.82,0.39160000000000006,0.541,-0.418,0,0,0.0,0.5,0.5,0,D,Biologie,BAC_1,Plateaux Ouest,public,M,2024,REORIENTE
1,1,0,1,0,0,6.93,7.11,7.3,1,7.3,0.421,0.373,-0.27,0,0,0.0,0.5,0.5,0,D,Génie Mécanique,BAC_1,Grand Lomé,public,F,2024,REORIENTE
1,1,0,1,0,0,6.59,5.98,6.71,1,6.71,0.5760000000000001,0.459,-0.329,0,0,0.0,0.5,0.5,0,A,Communication et Journalisme,BAC_1,Plateaux Est,public,M,2023,ADMIS
1,1,0,1,0,0,10.07,10.79,10.3,-1,10.3,0.575,0.563,0.030000000000000072,0,0,0.0,0.5,0.5,0,G1,Économie,BAC_1,Kara,privé,F,2023,REORIENTE
1,1,0,1,0,0,11.86,11.93,12.39,1,12.39,0.6741999999999999,0.634,0.23900000000000005,0,0,0.0,0.5,0.5,0,A,Sciences de l'Éducation,BAC_1,Kara,public,F,2024,REORIENTE
1,1,0,1,0,0,12.48,11.54,13.44,1,13.44,0.41859999999999997,0.421,0.344,0,0,0.0,0.5,0.5,0,D,Gestion des Entreprises,BAC_1,Centrale,public,F,2024,REORIENTE
1,1,0,1,0,0,9.84,8.67,10.33,1,10.33,0.4518,0.564,0.03300000000000001,0,0,0.0,0.5,0.5,0,D,Génie Informatique,BAC_1,Grand Lomé,public,F,2024,REORIENTE
1,1,0,1,0,0,12.59,11.33,12.96,1,12.96,0.6568,0.559,0.2960000000000001,0,0,0.0,0.5,0.5,0,A,Communication et Journalisme,BAC_1,Savanes,public,F,2024,REORIENTE
1,1,0,1,0,0,7.71,8.84,8.6,-1,8.6,0.5766,0.705,-0.14000000000000004,0,0,0.0,0.5,0.5,0,A,Sciences de l'Éducation,BAC_1,Maritime,privé,F,2024,REORIENTE
1,1,0,1,0,0,11.04,10.85,11.44,1,11.44,0.4356,0.657,0.14399999999999996,0,0,0.0,0.5,0.5,0,D,Gestion des Entreprises,BAC_1,Grand Lomé,public,M,2024,REORIENTE
1,1,0,1,0,0,14.13,15.77,15.44,-1,15.44,0.8482,0.682,0.5439999999999999,0,0,0.0,0.5,0.5,0,F4,Génie Civil,BAC_1,Grand Lomé,privé,F,2023,ADMIS
1,1,0,1,0,0,8.41,8.75,9.51,1,9.51,0.4236,0.387,-0.04900000000000002,0,0,0.0,0.5,0.5,0,D,Enseignement Primaire,BAC_1,Plateaux Ouest,privé,M,2024,REORIENTE
1,1,0,1,0,0,7.8,8.21,8.14,-1,8.14,0.6315999999999999,0.64,-0.18599999999999994,0,0,0.0,0.5,0.5,0,D,Sociologie,BAC_1,Plateaux Ouest,public,F,2023,REORIENTE
1,1,0,1,0,0,10.97,11.94,11.43,-1,11.43,0.567,0.495,0.14299999999999996,0,0,0.0,0.5,0.5,0,D,Finance et Comptabilité,BAC_1,Centrale,public,M,2023,REORIENTE
1,1,0,1,0,0,13.38,13.48,14.28,1,14.28,0.766,0.619,0.42799999999999994,0,0,0.0,0.5,0.5,0,A,Droit,BAC_1,Savanes,public,M,2023,ADMIS
1,1,0,1,0,0,12.47,12.34,12.89,1,12.89,0.8452,0.628,0.28900000000000003,0,0,0.0,0.5,0.5,0,A,Enseignement Primaire,BAC_1,Grand Lomé,public,M,2023,ADMIS
1,1,0,1,0,0,13.04,13.0,13.33,1,13.33,0.8024,0.644,0.333,0,0,0.0,0.5,0.5,0,G2,Gestion des Entreprises,BAC_1,Plateaux Ouest,public,M,2024,ADMIS
1,1,0,1,0,0,10.72,9.97,10.01,1,10.01,0.7498,0.562,0.0009999999999999788,0,0,0.0,0.5,0.5,0,A,Sociologie,BAC_1,Grand Lomé,public,M,2023,REORIENTE
1,1,0,1,0,0,10.36,10.46,11.01,1,11.01,0.248,0.428,0.10099999999999998,0,0,0.0,0.5,0.5,0,D,Médecine,BAC_1,Centrale,public,F,2024,REORIENTE
1,1,0,1,0,0,9.29,10.95,10.95,-1,10.95,0.5896,0.778,0.09499999999999993,0,0,0.0,0.5,0.5,0,D,Gestion des Entreprises,BAC_1,Plateaux Ouest,public,F,2024,REORIENTE
1,1,0,1,0,0,10.76,11.08,11.62,1,11.62,0.43720000000000003,0.496,0.16199999999999992,0,0,0.0,0.5,0.5,0,D,Psychologie,BAC_1,Maritime,public,F,2024,ADMIS
1,1,0,1,0,0,7.65,8.96,9.33,1,9.33,0.42979999999999996,0.479,-0.06699999999999999,0,0,0.0,0.5,0.5,0,D,Sciences Infirmières,BAC_1,Kara,privé,M,2024,REORIENTE
1,1,0,1,0,0,7.37,7.02,8.61,1,8.61,0.5926,0.619,-0.13900000000000007,0,0,0.0,0.5,0.5,0,A,Arts Plastiques,BAC_1,Savanes,public,M,2024,REORIENTE
1,1,0,1,0,0,9.18,10.13,10.39,1,10.39,0.558,0.636,0.039000000000000055,0,0,0.0,0.5,0.5,0,D,Gestion des Entreprises,BAC_1,Plateaux Est,public,M,2023,REORIENTE
1,1,0,1,0,0,10.49,10.75,11.34,1,11.34,0.6758,0.524,0.13399999999999998,0,0,0.0,0.5,0.5,0,D,Informatique,BAC_1,Plateaux Est,public,F,2023,ADMIS
1,1,0,1,0,0,8.56,11.5,9.7,-1,9.7,0.6137999999999999,0.645,-0.030000000000000072,0,0,0.0,0.5,0.5,0,A,Géographie,BAC_1,Maritime,privé,F,2024,ADMIS
1,1,0,1,0,0,9.7,11.01,11.35,1,11.35,0.6964,0.445,0.13499999999999995,0,0,0.0,0.5,0.5,0,B,Tourisme et Hôtellerie,BAC_1,Grand Lomé,privé,M,2024,REORIENTE
1,1,0,1,0,0,10.01,9.64,10.15,1,10.15,0.7468,0.529,0.015000000000000036,0,0,0.0,0.5,0.5,0,D,Informatique,BAC_1,Grand Lomé,public,M,2023,REORIENTE
1,1,0,1,0,0,9.9,10.22,10.94,1,10.94,0.5506,0.532,0.09399999999999994,0,0,0.0,0.5,0.5,0,D,Génie Mécanique,BAC_1,Grand Lomé,privé,F,2024,ADMIS
1,1,0,1,0,0,11.2,12.17,12.24,1,12.24,0.5660000000000001,0.545,0.22400000000000003,0,0,0.0,0.5,0.5,0,G1,Économie,BAC_1,Grand Lomé,public,M,2023,ADMIS
1,1,0,1,0,0,8.75,8.69,9.51,1,9.51,0.5306000000000001,0.488,-0.04900000000000002,0,0,0.0,0.5,0.5,0,A,Droit,BAC_1,Maritime,public,M,2024,REORIENTE
1,1,0,1,0,0,8.5,8.68,9.29,1,9.29,0.82,0.565,-0.07100000000000009,0,0,0.0,0.5,0.5,0,A,Histoire,BAC_1,Maritime,privé,F,2023,REORIENTE
1,1,0,1,0,0,10.23,9.4,10.56,1,10.56,0.5042,0.446,0.05600000000000005,0,0,0.0,0.5,0.5,0,F4,Génie Mécanique,BAC_1,Grand Lomé,public,F,2024,REORIENTE
1,1,0,1,0,0,8.27,9.7,10.0,1,10.0,0.629,0.38,0.0,0,0,0.0,0.5,0.5,0,E,Génie Informatique,BAC_1,Maritime,public,F,2023,ADMIS
1,1,0,1,0,0,9.96,8.79,9.39,1,9.39,0.7064,0.506,-0.06099999999999994,0,0,0.0,0.5,0.5,0,A,Sociologie,BAC_1,Maritime,public,F,2023,ADMIS
1,1,0,1,0,0,12.38,11.24,11.44,1,11.44,0.4032,0.429,0.14399999999999996,0,0,0.0,0.5,0.5,0,D,Génie Mécanique,BAC_1,Grand Lomé,public,M,2024,ADMIS
1,1,0,1,0,0,10.06,8.41,9.11,1,9.11,0.5558000000000001,0.566,-0.08900000000000005,0,0,0.0,0.5,0.5,0,A,Sociologie,BAC_1,Grand Lomé,public,F,2024,REORIENTE
1,1,0,1,0,0,8.25,7.61,8.58,1,8.58,0.6861999999999999,0.409,-0.142,0,0,0.0,0.5,0.5,0,D,Génie Mécanique,BAC_1,Centrale,privé,F,2023,REORIENTE
1,1,0,1,0,0,10.46,11.68,11.23,-1,11.23,0.42479999999999996,0.519,0.12300000000000004,0,0,0.0,0.5,0.5,0,A,Enseignement Primaire,BAC_1,Plateaux Est,public,F,2024,ADMIS
1,1,0,1,0,0,10.0,8.21,8.93,1,8.93,0.5476,0.781,-0.10700000000000003,0,0,0.0,0.5,0.5,0,A,Sciences de l'Éducation,BAC_1,Centrale,public,M,2024,REORIENTE
1,1,0,1,0,0,13.15,13.06,12.46,-1,12.46,0.8255999999999999,0.654,0.24600000000000008,0,0,0.0,0.5,0.5,0,D,Physique-Chimie,BAC_1,Centrale,privé,F,2023,ADMIS
1,1,0,1,0,0,12.57,12.19,12.38,1,12.38,0.6315999999999999,0.616,0.23800000000000007,0,0,0.0,0.5,0.5,0,D,Sciences Forestières,BAC_1,Kara,public,F,2023,ADMIS
1,1,0,1,0,0,12.89,12.92,13.94,1,13.94,0.4546,0.406,0.39399999999999996,0,0,0.0,0.5,0.5,0,A,Tourisme et Hôtellerie,BAC_1,Grand Lomé,public,F,2024,REORIENTE
1,1,0,1,0,0,10.38,10.23,10.51,1,10.51,0.3234,0.249,0.050999999999999976,0,0,0.0,0.5,0.5,0,D,Psychologie,BAC_1,Maritime,privé,F,2024,ADMIS
1,1,0,1,0,0,8.63,9.92,9.56,-1,9.56,0.5472,0.303,-0.04399999999999995,0,0,0.0,0.5,0.5,0,A,Sociologie,BAC_1,Grand Lomé,public,M,2024,REORIENTE
1,1,0,1,0,0,11.03,10.15,10.9,1,10.9,0.7466,0.473,0.09000000000000004,0,0,0.0,0.5,0.5,0,A,Sciences de l'Éducation,BAC_1,Grand Lomé,public,F,2023,REORIENTE
1,1,0,1,0,0,12.14,11.2,11.37,1,11.37,0.6394,0.607,0.13699999999999993,0,0,0.0,0.5,0.5,0,A,Enseignement Primaire,BAC_1,Plateaux Est,public,F,2023,ADMIS
1,1,0,1,0,0,10.86,10.43,11.36,1,11.36,0.6881999999999999,0.63,0.13599999999999995,0,0,0.0,0.5,0.5,0,A,Droit,BAC_1,Maritime,public,M,2023,REORIENTE
1,1,0,1,0,0,12.04,10.61,11.82,1,11.82,0.459,0.189,0.18200000000000002,0,0,0.0,0.5,0.5,0,D,Informatique,BAC_1,Plateaux Ouest,public,M,2023,REORIENTE
1,1,0,1,0,0,10.64,9.14,10.34,1,10.34,0.7776,0.459,0.03399999999999999,0,0,0.0,0.5,0.5,0,D,Génie Civil,BAC_1,Grand Lomé,public,M,2023,REORIENTE
1,1,0,1,0,0,7.89,9.36,9.73,1,9.73,0.7096,0.289,-0.026999999999999958,0,0,0.0,0.5,0.5,0,A,Lettres Modernes,BAC_1,Plateaux Ouest,public,F,2023,REORIENTE
1,1,0,1,0,0,9.92,10.4,10.01,-1,10.01,0.7439999999999999,0.429,0.0009999999999999788,0,0,0.0,0.5,0.5,0,A,Anglais,BAC_1,Maritime,public,F,2023,ADMIS
1,1,0,1,0,0,7.15,6.59,6.55,-1,6.55,0.5316000000000001,0.486,-0.34500000000000003,0,0,0.0,0.5,0.5,0,D,Biologie,BAC_1,Plateaux Ouest,public,M,2024,REORIENTE
1,1,0,1,0,0,9.99,10.53,10.91,1,10.91,0.3186,0.507,0.09100000000000001,0,0,0.0,0.5,0.5,0,A,Histoire,BAC_1,Centrale,public,F,2024,ADMIS
1,1,0,1,0,0,11.64,11.38,11.17,-1,11.17,0.3796,0.358,0.11699999999999999,0,0,0.0,0.5,0.5,0,D,Gestion des Entreprises,BAC_1,Kara,public,M,2024,REORIENTE
1,1,0,1,0,0,7.17,8.4,8.18,-1,8.18,0.5451999999999999,0.496,-0.18200000000000002,0,0,0.0,0.5,0.5,0,G3,Gestion des Entreprises,BAC_1,Plateaux Est,public,M,2023,REORIENTE
1,1,0,1,0,0,8.43,8.99,8.65,-1,8.65,0.5484,0.483,-0.13499999999999995,0,0,0.0,0.5,0.5,0,D,Physique-Chimie,BAC_1,Centrale,public,M,2023,ADMIS
1,1,0,1,0,0,11.69,12.27,12.59,1,12.59,0.3536,0.47,0.259,0,0,0.0,0.5,0.5,0,D,Génie Informatique,BAC_1,Maritime,public,F,2024,ADMIS
1,1,0,1,0,0,12.36,13.44,13.57,1,13.57,0.4102,0.631,0.35700000000000004,0,0,0.0,0.5,0.5,0,D,Génie Électrique,BAC_1,Maritime,public,F,2024,REORIENTE
1,1,0,1,0,0,9.81,11.56,11.3,-1,11.3,0.613,0.457,0.13000000000000006,0,0,0.0,0.5,0.5,0,D,Histoire,BAC_1,Grand Lomé,public,F,2023,ADMIS
1,1,0,1,0,0,12.64,12.57,13.3,1,13.3,0.7569999999999999,0.67,0.33000000000000007,0,0,0.0,0.5,0.5,0,D,STAPS (Activités Physiques et Sportives),BAC_1,Plateaux Ouest,public,M,2023,ADMIS
1,1,0,1,0,0,9.33,9.55,9.94,1,9.94,0.6248,0.548,-0.0060000000000000496,0,0,0.0,0.5,0.5,0,G2,Gestion des Entreprises,BAC_1,Kara,public,M,2024,REORIENTE
1,1,0,1,0,0,8.05,8.28,9.54,1,9.54,0.5448000000000001,0.54,-0.04600000000000008,0,0,0.0,0.5,0.5,0,A,Enseignement Primaire,BAC_1,Maritime,public,F,2024,REORIENTE
1,1,0,1,0,0,13.93,13.34,14.22,1,14.22,0.5604,0.471,0.42200000000000004,0,0,0.0,0.5,0.5,0,A,Communication et Journalisme,BAC_1,Maritime,public,F,2024,ADMIS
1,1,0,1,0,0,10.28,9.1,9.51,1,9.51,0.5964,0.549,-0.04900000000000002,0,0,0.0,0.5,0.5,0,D,Histoire,BAC_1,Maritime,public,F,2023,ADMIS
1,1,0,1,0,0,14.16,11.93,12.79,1,12.79,0.4506,0.507,0.2789999999999999,0,0,0.0,0.5,0.5,0,A,Tourisme et Hôtellerie,BAC_1,Kara,public,F,2024,ADMIS
1,1,0,1,0,0,11.0,10.61,12.02,1,12.02,0.4226,0.491,0.20199999999999996,0,0,0.0,0.5,0.5,0,A,Communication et Journalisme,BAC_1,Plateaux Est,public,F,2024,ADMIS
1,1,0,1,0,0,9.57,10.01,10.03,1,10.03,0.4338,0.453,0.002999999999999936,0,0,0.0,0.5,0.5,0,D,Biologie,BAC_1,Centrale,privé,F,2024,ADMIS
1,1,0,1,0,0,10.25,11.42,10.5,-1,10.5,0.3928,0.286,0.05,0,0,0.0,0.5,0.5,0,A,Géographie,BAC_1,Grand Lomé,public,M,2024,ADMIS
1,1,0,1,0,0,6.65,8.79,8.06,-1,8.06,0.724,0.688,-0.19399999999999995,0,0,0.0,0.5,0.5,0,A,Psychologie,BAC_1,Maritime,public,M,2023,ADMIS
1,1,0,1,0,0,9.92,10.4,10.98,1,10.98,0.7582,0.475,0.09800000000000005,0,0,0.0,0.5,0.5,0,A,Communication et Journalisme,BAC_1,Grand Lomé,public,M,2023,REORIENTE
1,1,0,1,0,0,10.14,10.83,10.91,1,10.91,0.6194,0.371,0.09100000000000001,0,0,0.0,0.5,0.5,0,A,Droit,BAC_1,Kara,privé,M,2023,REORIENTE
1,1,0,1,0,0,10.79,9.88,11.08,1,11.08,0.7796,0.464,0.10800000000000001,0,0,0.0,0.5,0.5,0,A,Droit,BAC_1,Grand Lomé,privé,F,2023,ADMIS
1,1,0,1,0,0,10.17,11.36,11.8,1,11.8,0.5788,0.565,0.18000000000000008,0,0,0.0,0.5,0.5,0,A,Tourisme et Hôtellerie,BAC_1,Kara,public,M,2024,REORIENTE
1,1,0,1,0,0,9.2,10.08,10.28,1,10.28,0.6788,0.413,0.027999999999999935,0,0,0.0,0.5,0.5,0,D,Biologie,BAC_1,Maritime,privé,M,2023,ADMIS
1,1,0,1,0,0,13.29,12.16,12.89,1,12.89,0.5978,0.596,0.28900000000000003,0,0,0.0,0.5,0.5,0,D,Sciences Infirmières,BAC_1,Kara,public,F,2023,ADMIS
1,1,0,1,0,0,14.43,12.52,13.77,1,13.77,0.7752,0.453,0.37699999999999995,0,0,0.0,0.5,0.5,0,F1,Génie Civil,BAC_1,Plateaux Est,privé,M,2023,ADMIS
1,1,0,1,0,0,13.28,12.47,13.49,1,13.49,0.7492,0.826,0.34900000000000003,0,0,0.0,0.5,0.5,0,A,Communication et Journalisme,BAC_1,Maritime,public,F,2023,ADMIS
1,1,0,1,0,0,11.27,11.12,10.2,-1,10.2,0.5696,0.455,0.019999999999999928,0,0,0.0,0.5,0.5,0,D,Enseignement Primaire,BAC_1,Kara,privé,M,2024,ADMIS
1,1,0,1,0,0,7.37,8.63,9.0,1,9.0,0.4734,0.555,-0.1,0,0,0.0,0.5,0.5,0,D,Sociologie,BAC_1,Plateaux Ouest,public,F,2023,ADMIS
1,1,0,1,0,0,10.7,12.11,11.14,-1,11.14,0.6842,0.623,0.11400000000000006,0,0,0.0,0.5,0.5,0,D,Informatique,BAC_1,Grand Lomé,public,F,2023,REORIENTE
1,1,0,1,0,0,6.78,6.7,7.11,1,7.11,0.8311999999999999,0.593,-0.289,0,0,0.0,0.5,0.5,0,A,Enseignement Primaire,BAC_1,Kara,privé,F,2023,REORIENTE
1,1,0,1,0,0,8.32,8.21,8.71,1,8.71,0.7928000000000001,0.599,-0.12899999999999992,0,0,0.0,0.5,0.5,0,A,Droit,BAC_1,Grand Lomé,public,F,2023,REORIENTE
1,1,0,1,0,0,11.51,11.63,11.77,1,11.77,0.7827999999999999,0.472,0.17699999999999996,0,0,0.0,0.5,0.5,0,D,Physique-Chimie,BAC_1,Maritime,public,F,2023,REORIENTE
1,1,0,1,0,0,10.37,11.83,11.18,-1,11.18,0.49139999999999995,0.618,0.11799999999999997,0,0,0.0,0.5,0.5,0,D,Génie Civil,BAC_1,Centrale,public,F,2023,REORIENTE
1,1,0,1,0,0,8.42,8.51,8.71,1,8.71,0.7485999999999999,0.649,-0.12899999999999992,0,0,0.0,0.5,0.5,0,A,Droit,BAC_1,Maritime,public,F,2023,REORIENTE
1,1,0,1,0,0,10.97,10.97,10.93,-1,10.93,0.7522000000000001,0.538,0.09299999999999997,0,0,0.0,0.5,0.5,0,D,Gestion des Entreprises,BAC_1,Plateaux Ouest,privé,F,2023,ADMIS
1,1,0,1,0,0,11.5,9.91,10.35,1,10.35,0.35000000000000003,0.458,0.03499999999999996,0,0,0.0,0.5,0.5,0,B,Psychologie,BAC_1,Plateaux Est,public,F,2024,ADMIS
1,1,0,1,0,0,12.54,11.32,12.07,1,12.07,0.741,0.585,0.20700000000000002,0,0,0.0,0.5,0.5,0,D,Psychologie,BAC_1,Grand Lomé,privé,F,2024,ADMIS
1,1,0,1,0,0,10.35,9.94,10.86,1,10.86,0.541,0.454,0.08599999999999994,0,0,0.0,0.5,0.5,0,D,Finance et Comptabilité,BAC_1,Plateaux Ouest,privé,F,2024,ADMIS
1,1,0,1,0,0,10.14,11.83,11.93,1,11.93,0.4466,0.56,0.19299999999999998,0,0,0.0,0.5,0.5,0,A,Histoire,BAC_1,Maritime,public,M,2024,REORIENTE
1,1,0,1,0,0,10.3,10.15,10.28,1,10.28,0.4324,0.553,0.027999999999999935,0,0,0.0,0.5,0.5,0,A,Tourisme et Hôtellerie,BAC_1,Savanes,public,M,2024,REORIENTE
1,1,0,1,0,0,11.7,13.17,12.91,-1,12.91,0.3942,0.411,0.29100000000000004,0,0,0.0,0.5,0.5,0,D,Sciences Infirmières,BAC_1,Plateaux Est,public,M,2024,REORIENTE
1,1,0,1,0,0,15.1,14.65,14.79,1,14.79,0.624,0.414,0.4789999999999999,0,0,0.0,0.5,0.5,0,C,Sciences Infirmières,BAC_1,Maritime,public,F,2024,ADMIS
1,1,0,1,0,0,6.81,6.34,6.79,1,6.79,0.4736,0.53,-0.321,0,0,0.0,0.5,0.5,0,A,Sciences de l'Éducation,BAC_1,Maritime,public,M,2024,REORIENTE
1,1,0,1,0,0,12.11,13.86,13.04,-1,13.04,0.6934,0.574,0.30399999999999994,0,0,0.0,0.5,0.5,0,D,Tourisme et Hôtellerie,BAC_1,Grand Lomé,public,M,2023,ADMIS
1,1,0,1,0,0,6.13,7.76,7.05,-1,7.05,0.7112,0.575,-0.29500000000000004,0,0,0.0,0.5,0.5,0,A,Psychologie,BAC_1,Grand Lomé,public,F,2023,REORIENTE
1,1,0,1,0,0,7.4,7.8,8.33,1,8.33,0.7036,0.511,-0.16699999999999998,0,0,0.0,0.5,0.5,0,A,Sciences de l'Éducation,BAC_1,Grand Lomé,public,M,2023,ADMIS
1,1,0,1,0,0,6.32,7.64,8.77,1,8.77,0.4958,0.635,-0.12300000000000004,0,0,0.0,0.5,0.5,0,A,Droit,BAC_1,Plateaux Est,public,M,2024,REORIENTE
1,1,0,1,0,0,8.36,9.44,8.8,-1,8.8,0.4058,0.374,-0.11999999999999993,0,0,0.0,0.5,0.5,0,D,Psychologie,BAC_1,Grand Lomé,public,M,2024,REORIENTE
1,1,0,1,0,0,10.15,10.59,10.82,1,10.82,0.5648,0.434,0.08200000000000003,0,0,0.0,0.5,0.5,0,A,Enseignement Primaire,BAC_1,Plateaux Ouest,public,F,2024,REORIENTE
1,1,0,1,0,0,9.8,10.29,10.4,1,10.4,0.7522,0.49,0.040000000000000036,0,0,0.0,0.5,0.5,0,D,Informatique,BAC_1,Kara,privé,F,2023,ADMIS
1,1,0,1,0,0,7.76,8.31,8.27,-1,8.27,0.6656,0.404,-0.17300000000000004,0,0,0.0,0.5,0.5,0,A,Sciences de l'Éducation,BAC_1,Plateaux Est,public,F,2023,REORIENTE
1,1,0,1,0,0,9.65,10.42,11.45,1,11.45,0.38880000000000003,0.468,0.14499999999999993,0,0,0.0,0.5,0.5,0,A,Lettres Modernes,BAC_1,Plateaux Ouest,public,F,2024,ADMIS
1,1,0,1,0,0,8.26,10.49,9.52,-1,9.52,0.6275999999999999,0.489,-0.04800000000000004,0,0,0.0,0.5,0.5,0,A,Enseignement Primaire,BAC_1,Grand Lomé,public,F,2024,REORIENTE
1,1,0,1,0,0,8.92,9.2,9.28,1,9.28,0.6662,0.68,-0.07200000000000006,0,0,0.0,0.5,0.5,0,D,Informatique,BAC_1,Plateaux Est,public,F,2023,REORIENTE
1,1,0,1,0,0,12.58,12.63,12.5,-1,12.5,0.7212000000000001,0.438,0.25,0,0,0.0,0.5,0.5,0,A,Histoire,BAC_1,Savanes,public,F,2023,REORIENTE
1,1,0,1,0,0,8.23,7.77,9.11,1,9.11,0.7591999999999999,0.566,-0.08900000000000005,0,0,0.0,0.5,0.5,0,A,Enseignement Primaire,BAC_1,Centrale,public,M,2023,REORIENTE
1,1,0,1,0,0,11.78,12.1,12.36,1,12.36,0.6988,0.403,0.23599999999999993,0,0,0.0,0.5,0.5,0,A,Droit,BAC_1,Maritime,public,M,2023,ADMIS
1,1,0,1,0,0,7.37,8.49,8.17,-1,8.17,0.4802,0.506,-0.183,0,0,0.0,0.5,0.5,0,A,Droit,BAC_1,Plateaux Ouest,privé,M,2024,REORIENTE
1,1,0,1,0,0,9.32,11.88,11.79,-1,11.79,0.44420000000000004,0.68,0.1789999999999999,0,0,0.0,0.5,0.5,0,D,Gestion des Entreprises,BAC_1,Plateaux Ouest,public,F,2024,REORIENTE
1,1,0,1,0,0,12.19,12.32,12.08,-1,12.08,0.6632,0.491,0.20800000000000002,0,0,0.0,0.5,0.5,0,A,Psychologie,BAC_1,Savanes,public,F,2023,REORIENTE
1,1,0,1,0,0,14.79,13.49,13.56,1,13.56,0.6564000000000001,0.438,0.35600000000000004,0,0,0.0,0.5,0.5,0,A,Communication et Journalisme,BAC_1,Grand Lomé,public,F,2023,ADMIS
1,1,0,1,0,0,13.37,13.84,14.62,1,14.62,0.692,0.593,0.4619999999999999,0,0,0.0,0.5,0.5,0,D,Finance et Comptabilité,BAC_1,Centrale,privé,M,2024,ADMIS
1,1,0,1,0,0,7.16,8.27,8.74,1,8.74,0.6186,0.423,-0.12599999999999997,0,0,0.0,0.5,0.5,0,A,Lettres Modernes,BAC_1,Centrale,public,F,2023,REORIENTE
1,1,0,1,0,0,7.23,9.16,8.69,-1,8.69,0.7078,0.58,-0.13100000000000006,0,0,0.0,0.5,0.5,0,A,Droit,BAC_1,Plateaux Est,public,F,2023,ADMIS
1,1,0,1,0,0,12.02,11.1,11.29,1,11.29,0.6164000000000001,0.557,0.12899999999999992,0,0,0.0,0.5,0.5,0,A,Histoire,BAC_1,Grand Lomé,public,M,2024,ADMIS
1,1,0,1,0,0,7.73,8.26,8.27,1,8.27,0.395,0.602,-0.17300000000000004,0,0,0.0,0.5,0.5,0,D,Informatique,BAC_1,Centrale,public,M,2024,REORIENTE
1,1,0,1,0,0,11.46,12.02,12.19,1,12.19,0.537,0.507,0.21899999999999994,0,0,0.0,0.5,0.5,0,B,Gestion des Entreprises,BAC_1,Plateaux Ouest,privé,F,2024,REORIENTE
1,1,0,1,0,0,11.06,10.9,11.07,1,11.07,0.2884,0.571,0.10700000000000003,0,0,0.0,0.5,0.5,0,D,STAPS (Activités Physiques et Sportives),BAC_1,Plateaux Ouest,public,M,2024,REORIENTE
1,1,0,1,0,0,11.48,9.85,11.99,1,11.99,0.6846,0.585,0.199,0,0,0.0,0.5,0.5,0,A,Anglais,BAC_1,Grand Lomé,privé,F,2024,ADMIS
1,1,0,1,0,0,14.18,14.28,14.72,1,14.72,0.4858,0.382,0.4720000000000001,0,0,0.0,0.5,0.5,0,D,Enseignement Primaire,BAC_1,Grand Lomé,public,F,2024,ADMIS
1,1,0,1,0,0,10.66,11.09,11.36,1,11.36,0.6644000000000001,0.686,0.13599999999999995,0,0,0.0,0.5,0.5,0,D,Agronomie,BAC_1,Kara,privé,M,2024,REORIENTE
1,1,0,1,0,0,11.11,9.53,10.17,1,10.17,0.42000000000000004,0.318,0.016999999999999994,0,0,0.0,0.5,0.5,0,B,Lettres Modernes,BAC_1,Maritime,public,M,2024,REORIENTE
1,1,0,1,0,0,6.31,6.43,7.42,1,7.42,0.4438,0.469,-0.258,0,0,0.0,0.5,0.5,0,A,Communication et Journalisme,BAC_1,Centrale,public,M,2024,REORIENTE
1,1,0,1,0,0,5.88,6.24,7.19,1,7.19,0.46499999999999997,0.456,-0.28099999999999997,0,0,0.0,0.5,0.5,0,A,Tourisme et Hôtellerie,BAC_1,Plateaux Est,public,M,2023,ADMIS
1,1,0,1,0,0,5.65,6.98,6.73,-1,6.73,0.582,0.597,-0.32699999999999996,0,0,0.0,0.5,0.5,0,A,Lettres Modernes,BAC_1,Maritime,public,M,2024,REORIENTE
1,1,0,1,0,0,12.16,11.44,11.66,1,11.66,0.5422,0.412,0.166,0,0,0.0,0.5,0.5,0,G3,Banque et Assurance,BAC_1,Kara,public,M,2023,REORIENTE
1,1,0,1,0,0,9.72,9.86,9.93,1,9.93,0.4226,0.428,-0.007000000000000029,0,0,0.0,0.5,0.5,0,A,Droit,BAC_1,Kara,public,F,2024,REORIENTE
1,1,0,1,0,0,12.39,10.66,11.79,1,11.79,0.6093999999999999,0.565,0.1789999999999999,0,0,0.0,0.5,0.5,0,A,Géographie,BAC_1,Savanes,public,F,2024,REORIENTE
1,1,0,1,0,0,10.85,10.04,10.4,1,10.4,0.7372,0.358,0.040000000000000036,0,0,0.0,0.5,0.5,0,A,Enseignement Primaire,BAC_1,Plateaux Ouest,privé,M,2023,REORIENTE
1,1,0,1,0,0,6.21,7.49,7.73,1,7.73,0.695,0.509,-0.22699999999999995,0,0,0.0,0.5,0.5,0,D,Sociologie,BAC_1,Maritime,privé,M,2023,ADMIS
1,1,0,1,0,0,13.49,13.87,13.12,-1,13.12,0.736,0.355,0.31199999999999994,0,0,0.0,0.5,0.5,0,A,Sociologie,BAC_1,Savanes,public,M,2023,ADMIS
1,1,0,1,0,0,12.11,12.43,12.46,1,12.46,0.55,0.697,0.24600000000000008,0,0,0.0,0.5,0.5,0,A,Lettres Modernes,BAC_1,Maritime,public,F,2024,ADMIS
1,1,0,1,0,0,8.74,7.44,9.22,1,9.22,0.7664,0.485,-0.07799999999999993,0,0,0.0,0.5,0.5,0,D,Physique-Chimie,BAC_1,Plateaux Est,privé,M,2023,REORIENTE
1,1,0,1,0,0,15.0,14.78,14.88,1,14.88,0.619,0.694,0.4880000000000001,0,0,0.0,0.5,0.5,0,A,Droit,BAC_1,Maritime,privé,M,2024,ADMIS
1,1,0,1,0,0,6.82,7.11,7.44,1,7.44,0.5067999999999999,0.61,-0.25599999999999995,0,0,0.0,0.5,0.5,0,A,Droit,BAC_1,Centrale,privé,F,2024,REORIENTE
1,1,0,1,0,0,8.82,10.87,10.15,-1,10.15,0.4194,0.723,0.015000000000000036,0,0,0.0,0.5,0.5,0,D,Génie Électrique,BAC_1,Centrale,public,F,2024,REORIENTE
1,1,0,1,0,0,12.06,13.51,13.62,1,13.62,0.7218,0.789,0.36199999999999993,0,0,0.0,0.5,0.5,0,G2,Gestion des Entreprises,BAC_1,Maritime,public,M,2024,ADMIS
1,1,0,1,0,0,8.92,9.9,10.44,1,10.44,0.6139999999999999,0.479,0.04399999999999995,0,0,0.0,0.5,0.5,0,A,Enseignement Primaire,BAC_1,Maritime,public,F,2023,ADMIS
1,1,0,1,0,0,6.43,6.23,6.66,1,6.66,0.41679999999999995,0.337,-0.33399999999999996,0,0,0.0,0.5,0.5,0,D,Psychologie,BAC_1,Plateaux Est,public,M,2024,ADMIS
1,1,0,1,0,0,12.16,13.67,12.87,-1,12.87,0.7578,0.546,0.2869999999999999,0,0,0.0,0.5,0.5,0,D,Gestion des Entreprises,BAC_1,Maritime,public,M,2023,REORIENTE
1,1,0,1,0,0,6.75,6.14,6.06,-1,6.06,0.47440000000000004,0.724,-0.394,0,0,0.0,0.5,0.5,0,D,Génie Mécanique,BAC_1,Plateaux Ouest,public,F,2024,REORIENTE
1,1,0,1,0,0,14.24,14.38,14.38,1,14.38,0.6126,0.423,0.43800000000000006,0,0,0.0,0.5,0.5,0,D,Médecine,BAC_1,Grand Lomé,public,M,2024,REORIENTE
1,1,0,1,0,0,9.58,9.35,10.21,1,10.21,0.5042,0.599,0.021000000000000085,0,0,0.0,0.5,0.5,0,G2,Droit,BAC_1,Grand Lomé,public,M,2024,ADMIS
1,1,0,1,0,0,11.09,10.08,10.75,1,10.75,0.7106,0.575,0.075,0,0,0.0,0.5,0.5,0,A,Droit,BAC_1,Grand Lomé,privé,M,2024,ADMIS
1,1,0,1,0,0,8.99,10.04,10.09,1,10.09,0.4514,0.527,0.008999999999999985,0,0,0.0,0.5,0.5,0,A,Enseignement Primaire,BAC_1,Centrale,public,F,2024,REORIENTE
1,1,0,1,0,0,8.92,9.69,10.63,1,10.63,0.44399999999999995,0.576,0.06300000000000008,0,0,0.0,0.5,0.5,0,D,Enseignement Primaire,BAC_1,Maritime,privé,M,2024,ADMIS
1,1,0,1,0,0,10.54,11.66,11.91,1,11.91,0.6464,0.446,0.191,0,0,0.0,0.5,0.5,0,A,Psychologie,BAC_1,Grand Lomé,privé,F,2024,ADMIS
1,1,0,1,0,0,10.5,10.71,11.26,1,11.26,0.3968,0.263,0.12599999999999997,0,0,0.0,0.5,0.5,0,D,Informatique,BAC_1,Grand Lomé,public,M,2024,ADMIS
1,1,0,1,0,0,14.36,12.5,13.68,1,13.68,0.6576,0.6,0.368,0,0,0.0,0.5,0.5,0,D,Psychologie,BAC_1,Plateaux Ouest,public,M,2023,ADMIS
1,1,0,1,0,0,11.21,11.6,11.11,-1,11.11,0.7684,0.481,0.11099999999999995,0,0,0.0,0.5,0.5,0,D,Génie Informatique,BAC_1,Grand Lomé,public,M,2023,REORIENTE
1,1,0,1,0,0,13.12,13.01,13.57,1,13.57,0.5354,0.569,0.35700000000000004,0,0,0.0,0.5,0.5,0,F3,Génie Électrique,BAC_1,Grand Lomé,public,M,2023,REORIENTE
1,1,0,1,0,0,9.96,10.01,9.86,-1,9.86,0.734,0.491,-0.014000000000000058,0,0,0.0,0.5,0.5,0,A,Sciences Politiques,BAC_1,Grand Lomé,public,F,2023,ADMIS
1,1,0,1,0,0,11.0,12.1,12.43,1,12.43,0.6696,0.516,0.24299999999999997,0,0,0.0,0.5,0.5,0,A,Géographie,BAC_1,Savanes,public,F,2023,ADMIS
1,1,0,1,0,0,7.66,9.83,9.32,-1,9.32,0.5598000000000001,0.561,-0.06799999999999998,0,0,0.0,0.5,0.5,0,A,Psychologie,BAC_1,Kara,public,M,2024,REORIENTE
1,1,0,1,0,0,7.41,7.58,8.5,1,8.5,0.626,0.443,-0.15,0,0,0.0,0.5,0.5,0,A,Sociologie,BAC_1,Grand Lomé,privé,M,2024,ADMIS
1,1,0,1,0,0,13.7,12.49,12.64,1,12.64,0.8894,0.848,0.26400000000000007,0,0,0.0,0.5,0.5,0,A,Sociologie,BAC_1,Maritime,privé,F,2023,ADMIS
1,1,0,1,0,0,11.44,11.18,11.47,1,11.47,0.4828,0.487,0.14700000000000008,0,0,0.0,0.5,0.5,0,D,Génie Civil,BAC_1,Centrale,public,F,2024,REORIENTE
1,1,0,1,0,0,7.63,7.19,8.64,1,8.64,0.271,0.472,-0.13599999999999995,0,0,0.0,0.5,0.5,0,A,Tourisme et Hôtellerie,BAC_1,Plateaux Est,public,F,2024,REORIENTE
1,1,0,1,0,0,13.99,14.25,14.3,1,14.3,0.5312,0.527,0.43000000000000005,0,0,0.0,0.5,0.5,0,D,Tourisme et Hôtellerie,BAC_1,Grand Lomé,public,F,2024,ADMIS
1,1,0,1,0,0,9.49,10.37,9.99,-1,9.99,0.4938,0.546,-0.0009999999999999788,0,0,0.0,0.5,0.5,0,A,Sociologie,BAC_1,Grand Lomé,public,F,2024,ADMIS
1,1,0,1,0,0,5.97,9.05,8.84,-1,8.84,0.2784,0.423,-0.11600000000000002,0,0,0.0,0.5,0.5,0,D,Finance et Comptabilité,BAC_1,Centrale,public,M,2024,REORIENTE
1,1,0,1,0,0,7.2,7.79,7.55,-1,7.55,0.38,0.437,-0.24500000000000002,0,0,0.0,0.5,0.5,0,D,Génie Civil,BAC_1,Maritime,public,F,2024,REORIENTE
1,1,0,1,0,0,8.84,9.04,9.84,1,9.84,0.6477999999999999,0.49,-0.016000000000000014,0,0,0.0,0.5,0.5,0,A,Tourisme et Hôtellerie,BAC_1,Kara,public,F,2023,REORIENTE
1,1,0,1,0,0,8.65,11.12,11.15,1,11.15,0.486,0.492,0.11500000000000003,0,0,0.0,0.5,0.5,0,D,Gestion des Entreprises,BAC_1,Centrale,public,M,2023,REORIENTE
1,1,0,1,0,0,13.63,14.69,14.23,-1,14.23,0.5404,0.703,0.42300000000000004,0,0,0.0,0.5,0.5,0,A,STAPS (Activités Physiques et Sportives),BAC_1,Grand Lomé,public,M,2024,ADMIS
1,1,0,1,0,0,9.28,8.7,9.22,1,9.22,0.5287999999999999,0.572,-0.07799999999999993,0,0,0.0,0.5,0.5,0,A,Droit,BAC_1,Plateaux Ouest,public,M,2024,REORIENTE
1,1,0,1,0,0,9.45,9.29,9.83,1,9.83,0.4888,0.418,-0.016999999999999994,0,0,0.0,0.5,0.5,0,D,Sciences de l'Éducation,BAC_1,Grand Lomé,public,F,2024,REORIENTE
1,1,0,1,0,0,10.62,10.81,11.76,1,11.76,0.858,0.66,0.176,0,0,0.0,0.5,0.5,0,A,Sciences Politiques,BAC_1,Maritime,privé,F,2023,REORIENTE
1,1,0,1,0,0,10.38,12.28,11.8,-1,11.8,0.2228,0.353,0.18000000000000008,0,0,0.0,0.5,0.5,0,A,Psychologie,BAC_1,Maritime,public,F,2024,ADMIS
1,1,0,1,0,0,10.54,10.96,10.89,-1,10.89,0.7762,0.562,0.08900000000000005,0,0,0.0,0.5,0.5,0,A,Géographie,BAC_1,Maritime,privé,M,2023,ADMIS
1,1,0,1,0,0,12.33,11.59,12.47,1,12.47,0.33940000000000003,0.661,0.24700000000000005,0,0,0.0,0.5,0.5,0,D,Sciences Infirmières,BAC_1,Plateaux Est,public,F,2024,REORIENTE
1,1,0,1,0,0,12.72,12.55,12.1,-1,12.1,0.695,0.353,0.20999999999999996,0,0,0.0,0.5,0.5,0,T1,Génie Informatique,BAC_1,Maritime,public,M,2024,ADMIS
1,1,0,1,0,0,8.12,8.51,7.77,-1,7.77,0.49539999999999995,0.37,-0.22300000000000003,0,0,0.0,0.5,0.5,0,D,Biologie,BAC_1,Plateaux Est,privé,M,2024,REORIENTE
1,1,0,1,0,0,12.73,11.88,13.29,1,13.29,0.6346,0.622,0.3289999999999999,0,0,0.0,0.5,0.5,0,G3,Banque et Assurance,BAC_1,Plateaux Est,privé,M,2023,ADMIS
1,1,0,1,0,0,13.71,13.8,13.63,-1,13.63,0.6629999999999999,0.579,0.3630000000000001,0,0,0.0,0.5,0.5,0,D,Sciences de l'Éducation,BAC_1,Centrale,public,M,2023,ADMIS
1,1,0,1,0,0,9.82,11.0,10.49,-1,10.49,0.587,0.389,0.04900000000000002,0,0,0.0,0.5,0.5,0,D,Biologie,BAC_1,Grand Lomé,public,F,2023,REORIENTE
1,1,0,1,0,0,8.89,10.26,10.08,-1,10.08,0.5546,0.581,0.008000000000000007,0,0,0.0,0.5,0.5,0,D,Biologie,BAC_1,Maritime,privé,M,2024,REORIENTE
1,1,0,1,0,0,11.37,10.84,11.89,1,11.89,0.6577999999999999,0.398,0.18900000000000006,0,0,0.0,0.5,0.5,0,D,Génie Électrique,BAC_1,Maritime,public,F,2023,REORIENTE
1,1,0,1,0,0,6.65,8.02,8.23,1,8.23,0.3806,0.599,-0.17699999999999996,0,0,0.0,0.5,0.5,0,D,Agronomie,BAC_1,Maritime,public,F,2024,ADMIS
1,1,0,1,0,0,15.43,14.91,15.01,1,15.01,0.7608,0.561,0.501,0,0,0.0,0.5,0.5,0,D,Pharmacie,BAC_1,Centrale,privé,M,2023,ADMIS
1,1,0,1,0,0,12.06,14.18,12.73,-1,12.73,0.7305999999999999,0.505,0.273,0,0,0.0,0.5,0.5,0,D,Psychologie,BAC_1,Savanes,public,M,2023,ADMIS
1,1,0,1,0,0,10.63,10.74,10.71,-1,10.71,0.5028,0.555,0.07100000000000009,0,0,0.0,0.5,0.5,0,A,Communication et Journalisme,BAC_1,Grand Lomé,public,M,2024,ADMIS
1,1,0,1,0,0,7.99,9.15,9.14,-1,9.14,0.5793999999999999,0.295,-0.08599999999999994,0,0,0.0,0.5,0.5,0,D,Génie Mécanique,BAC_1,Centrale,privé,F,2023,REORIENTE
1,1,0,1,0,0,8.24,7.83,8.18,1,8.18,0.5936,0.584,-0.18200000000000002,0,0,0.0,0.5,0.5,0,D,Agronomie,BAC_1,Savanes,public,F,2023,ADMIS
1,1,0,1,0,0,8.19,7.61,8.49,1,8.49,0.5428,0.445,-0.15099999999999997,0,0,0.0,0.5,0.5,0,D,Génie Informatique,BAC_1,Maritime,public,F,2024,REORIENTE
1,1,0,1,0,0,8.44,9.42,9.28,-1,9.28,0.5488,0.364,-0.07200000000000006,0,0,0.0,0.5,0.5,0,A,Enseignement Primaire,BAC_1,Savanes,privé,F,2024,ADMIS
1,1,0,1,0,0,10.33,11.95,11.18,-1,11.18,0.8488,0.637,0.11799999999999997,0,0,0.0,0.5,0.5,0,T1,Génie Informatique,BAC_1,Maritime,public,F,2023,REORIENTE
1,1,0,1,0,0,14.37,13.99,14.79,1,14.79,0.7647999999999999,0.475,0.4789999999999999,0,0,0.0,0.5,0.5,0,A,Histoire,BAC_1,Maritime,privé,F,2023,ADMIS
1,1,0,1,0,0,7.88,9.7,8.92,-1,8.92,0.7147999999999999,0.563,-0.10800000000000001,0,0,0.0,0.5,0.5,0,F3,Génie Mécanique,BAC_1,Maritime,public,F,2024,REORIENTE
1,1,0,1,0,0,8.48,8.02,10.07,1,10.07,0.6436,0.514,0.007000000000000029,0,0,0.0,0.5,0.5,0,D,Psychologie,BAC_1,Grand Lomé,privé,M,2024,REORIENTE
1,1,0,1,0,0,13.4,9.91,11.47,1,11.47,0.7123999999999999,0.566,0.14700000000000008,0,0,0.0,0.5,0.5,0,A,Sciences de l'Éducation,BAC_1,Grand Lomé,public,F,2023,ADMIS
1,1,0,1,0,0,6.69,6.52,7.07,1,7.07,0.652,0.352,-0.293,0,0,0.0,0.5,0.5,0,D,Sciences de l'Éducation,BAC_1,Grand Lomé,privé,M,2023,ADMIS
1,1,0,1,0,0,9.33,9.04,9.53,1,9.53,0.744,0.654,-0.04700000000000006,0,0,0.0,0.5,0.5,0,D,Médecine,BAC_1,Maritime,public,M,2023,REORIENTE
1,1,0,1,0,0,7.76,8.85,8.01,-1,8.01,0.3206,0.233,-0.199,0,0,0.0,0.5,0.5,0,D,Finance et Comptabilité,BAC_1,Maritime,privé,M,2024,REORIENTE
1,1,0,1,0,0,13.04,14.96,13.42,-1,13.42,0.6394,0.742,0.34199999999999997,0,0,0.0,0.5,0.5,0,D,Génie Civil,BAC_1,Maritime,public,M,2024,ADMIS
1,1,0,1,0,0,7.72,8.43,7.85,-1,7.85,0.8202,0.579,-0.21500000000000002,0,0,0.0,0.5,0.5,0,A,Lettres Modernes,BAC_1,Grand Lomé,public,F,2023,REORIENTE
1,1,0,1,0,0,9.44,10.38,10.72,1,10.72,0.835,0.613,0.07200000000000006,0,0,0.0,0.5,0.5,0,A,Psychologie,BAC_1,Savanes,public,F,2023,REORIENTE
1,1,0,1,0,0,13.39,14.02,13.94,-1,13.94,0.3342,0.456,0.39399999999999996,0,0,0.0,0.5,0.5,0,D,Agronomie,BAC_1,Plateaux Est,public,F,2024,REORIENTE
1,1,0,1,0,0,11.84,13.04,12.03,-1,12.03,0.7216,0.319,0.20299999999999993,0,0,0.0,0.5,0.5,0,A,Sciences de l'Éducation,BAC_1,Grand Lomé,privé,M,2023,ADMIS
1,1,0,1,0,0,10.0,9.72,10.51,1,10.51,0.6238,0.439,0.050999999999999976,0,0,0.0,0.5,0.5,0,D,Odontologie,BAC_1,Kara,public,F,2023,REORIENTE
1,1,0,1,0,0,7.84,9.08,8.66,-1,8.66,0.808,0.535,-0.13399999999999998,0,0,0.0,0.5,0.5,0,A,Communication et Journalisme,BAC_1,Plateaux Est,public,F,2023,ADMIS
1,1,0,1,0,0,9.35,9.31,10.2,1,10.2,0.44700000000000006,0.546,0.019999999999999928,0,0,0.0,0.5,0.5,0,A,Lettres Modernes,BAC_1,Kara,public,M,2024,REORIENTE
1,1,0,1,0,0,8.99,10.4,10.72,1,10.72,0.6402000000000001,0.648,0.07200000000000006,0,0,0.0,0.5,0.5,0,D,Sciences de l'Éducation,BAC_1,Kara,public,F,2023,REORIENTE
1,1,0,1,0,0,9.31,9.02,10.9,1,10.9,0.5928,0.465,0.09000000000000004,0,0,0.0,0.5,0.5,0,A,Lettres Modernes,BAC_1,Plateaux Ouest,public,F,2023,ADMIS
1,1,0,1,0,0,10.16,10.25,10.86,1,10.86,0.47840000000000005,0.614,0.08599999999999994,0,0,0.0,0.5,0.5,0,A,STAPS (Activités Physiques et Sportives),BAC_1,Plateaux Ouest,public,M,2024,ADMIS
1,1,0,1,0,0,9.94,9.17,10.32,1,10.32,0.48860000000000003,0.458,0.03200000000000003,0,0,0.0,0.5,0.5,0,A,Lettres Modernes,BAC_1,Kara,privé,M,2023,ADMIS
1,1,0,1,0,0,10.93,9.18,9.27,1,9.27,0.6779999999999999,0.462,-0.07300000000000004,0,0,0.0,0.5,0.5,0,D,Tourisme et Hôtellerie,BAC_1,Savanes,public,M,2023,REORIENTE
1,1,0,1,0,0,12.14,13.31,12.59,-1,12.59,0.5608,0.661,0.259,0,0,0.0,0.5,0.5,0,A,Sociologie,BAC_1,Kara,public,M,2024,REORIENTE
1,1,0,1,0,0,9.65,9.08,9.8,1,9.8,0.29059999999999997,0.302,-0.019999999999999928,0,0,0.0,0.5,0.5,0,A,Histoire,BAC_1,Kara,public,M,2024,ADMIS
1,1,0,1,0,0,13.26,13.95,13.91,-1,13.91,0.6669999999999999,0.568,0.391,0,0,0.0,0.5,0.5,0,A,Arts Plastiques,BAC_1,Grand Lomé,privé,F,2024,ADMIS
1,1,0,1,0,0,7.9,8.18,8.01,-1,8.01,0.6068,0.473,-0.199,0,0,0.0,0.5,0.5,0,A,Arts Plastiques,BAC_1,Kara,privé,F,2024,REORIENTE
1,1,0,1,0,0,12.13,13.47,13.03,-1,13.03,0.5198,0.452,0.30299999999999994,0,0,0.0,0.5,0.5,0,A,Communication et Journalisme,BAC_1,Plateaux Ouest,public,M,2024,REORIENTE
1,1,0,1,0,0,10.27,11.32,12.04,1,12.04,0.6399999999999999,0.361,0.2039999999999999,0,0,0.0,0.5,0.5,0,A,Communication et Journalisme,BAC_1,Savanes,public,M,2023,REORIENTE
1,1,0,1,0,0,10.26,10.28,9.89,-1,9.89,0.6542,0.422,-0.010999999999999944,0,0,0.0,0.5,0.5,0,A,Anglais,BAC_1,Plateaux Est,public,M,2023,REORIENTE
1,1,0,1,0,0,7.97,7.31,8.54,1,8.54,0.33640000000000003,0.463,-0.14600000000000007,0,0,0.0,0.5,0.5,0,D,Enseignement Primaire,BAC_1,Centrale,public,M,2024,REORIENTE
1,1,0,1,0,0,10.1,12.52,11.51,-1,11.51,0.6236,0.356,0.15099999999999997,0,0,0.0,0.5,0.5,0,D,Histoire,BAC_1,Maritime,public,F,2023,ADMIS
1,1,0,1,0,0,8.56,10.65,10.66,1,10.66,0.5058,0.57,0.06600000000000002,0,0,0.0,0.5,0.5,0,D,Psychologie,BAC_1,Plateaux Est,public,M,2024,ADMIS
1,1,0,1,0,0,12.04,10.29,11.06,1,11.06,0.37739999999999996,0.63,0.10600000000000005,0,0,0.0,0.5,0.5,0,D,Génie Électrique,BAC_1,Plateaux Est,public,M,2024,REORIENTE
1,1,0,1,0,0,8.7,8.02,8.62,1,8.62,0.3428,0.437,-0.13800000000000007,0,0,0.0,0.5,0.5,0,D,Finance et Comptabilité,BAC_1,Plateaux Ouest,public,F,2023,REORIENTE
1,1,0,1,0,0,13.37,12.07,13.94,1,13.94,0.7992,0.513,0.39399999999999996,0,0,0.0,0.5,0.5,0,A,Droit,BAC_1,Plateaux Est,privé,M,2023,ADMIS
1,1,0,1,0,0,11.41,11.38,11.82,1,11.82,0.7804,0.589,0.18200000000000002,0,0,0.0,0.5,0.5,0,C,Sciences Infirmières,BAC_1,Grand Lomé,public,M,2023,ADMIS
1,1,0,1,0,0,9.13,7.21,9.11,1,9.11,0.5064,0.522,-0.08900000000000005,0,0,0.0,0.5,0.5,0,G2,Économie,BAC_1,Kara,public,M,2024,REORIENTE
1,1,0,1,0,0,14.78,17.24,16.22,-1,16.22,0.44999999999999996,0.459,0.6219999999999999,0,0,0.0,0.5,0.5,0,D,Pharmacie,BAC_1,Grand Lomé,public,M,2024,ADMIS
1,1,0,1,0,0,8.16,9.09,8.92,-1,8.92,0.6506000000000001,0.443,-0.10800000000000001,0,0,0.0,0.5,0.5,0,A,Arts Plastiques,BAC_1,Grand Lomé,public,F,2023,ADMIS
1,1,0,1,0,0,6.38,4.64,6.17,1,6.17,0.7084,0.46,-0.383,0,0,0.0,0.5,0.5,0,A,Droit,BAC_1,Maritime,public,M,2023,REORIENTE
1,1,0,1,0,0,8.67,9.1,8.23,-1,8.23,0.6781999999999999,0.359,-0.17699999999999996,0,0,0.0,0.5,0.5,0,A,Lettres Modernes,BAC_1,Plateaux Ouest,public,F,2023,REORIENTE
1,1,0,1,0,0,9.31,8.9,9.43,1,9.43,0.6452,0.689,-0.05700000000000003,0,0,0.0,0.5,0.5,0,D,Psychologie,BAC_1,Savanes,public,F,2023,REORIENTE
1,1,0,1,0,0,9.27,11.49,11.13,-1,11.13,0.7212000000000001,0.543,0.11300000000000007,0,0,0.0,0.5,0.5,0,A,Sciences de l'Éducation,BAC_1,Grand Lomé,public,M,2023,ADMIS
1,1,0,1,0,0,9.29,9.65,10.53,1,10.53,0.37120000000000003,0.46,0.052999999999999936,0,0,0.0,0.5,0.5,0,D,Biologie,BAC_1,Plateaux Est,public,M,2024,REORIENTE
1,1,0,1,0,0,5.08,5.84,6.92,1,6.92,0.8524,0.646,-0.308,0,0,0.0,0.5,0.5,0,D,Génie Informatique,BAC_1,Kara,privé,M,2023,ADMIS
1,1,0,1,0,0,13.53,13.46,14.21,1,14.21,0.762,0.546,0.4210000000000001,0,0,0.0,0.5,0.5,0,D,Physique-Chimie,BAC_1,Maritime,privé,M,2023,ADMIS
1,1,0,1,0,0,10.79,10.35,11.25,1,11.25,0.6844,0.415,0.125,0,0,0.0,0.5,0.5,0,D,STAPS (Activités Physiques et Sportives),BAC_1,Centrale,privé,F,2023,REORIENTE
1,1,0,1,0,0,10.6,10.4,11.08,1,11.08,0.694,0.64,0.10800000000000001,0,0,0.0,0.5,0.5,0,A,Anglais,BAC_1,Plateaux Ouest,privé,F,2024,ADMIS
1,1,0,1,0,0,12.44,12.69,13.29,1,13.29,0.7147999999999999,0.695,0.3289999999999999,0,0,0.0,0.5,0.5,0,A,Sciences de l'Éducation,BAC_1,Grand Lomé,public,F,2024,ADMIS
1,1,0,1,0,0,10.89,11.89,10.88,-1,10.88,0.8615999999999999,0.72,0.08800000000000008,0,0,0.0,0.5,0.5,0,A,Droit,BAC_1,Plateaux Est,public,M,2023,ADMIS
1,1,0,1,0,0,11.96,13.4,12.56,-1,12.56,0.682,0.532,0.25600000000000006,0,0,0.0,0.5,0.5,0,D,Informatique,BAC_1,Grand Lomé,public,F,2023,ADMIS
1,1,0,1,0,0,8.78,10.24,10.13,-1,10.13,0.5134000000000001,0.676,0.013000000000000077,0,0,0.0,0.5,0.5,0,A,Histoire,BAC_1,Kara,privé,M,2024,ADMIS
1,1,0,1,0,0,9.99,11.43,11.39,-1,11.39,0.6878,0.365,0.13900000000000007,0,0,0.0,0.5,0.5,0,A,Sciences de l'Éducation,BAC_1,Maritime,privé,M,2023,ADMIS
1,1,0,1,0,0,6.17,6.76,6.65,-1,6.65,0.6024,0.498,-0.33499999999999996,0,0,0.0,0.5,0.5,0,D,Agronomie,BAC_1,Grand Lomé,public,F,2024,REORIENTE
1,1,0,1,0,0,7.34,8.85,9.49,1,9.49,0.61,0.439,-0.050999999999999976,0,0,0.0,0.5,0.5,0,D,Biologie,BAC_1,Kara,privé,M,2024,ADMIS
1,1,0,1,0,0,10.78,8.51,9.7,1,9.7,0.63,0.618,-0.030000000000000072,0,0,0.0,0.5,0.5,0,D,Sociologie,BAC_1,Plateaux Est,public,M,2023,REORIENTE
1,1,0,1,0,0,9.59,9.56,10.57,1,10.57,0.7226,0.608,0.05700000000000003,0,0,0.0,0.5,0.5,0,D,Gestion des Entreprises,BAC_1,Grand Lomé,privé,F,2023,REORIENTE
1,1,0,1,0,0,10.79,10.8,11.75,1,11.75,0.5584,0.322,0.175,0,0,0.0,0.5,0.5,0,D,Sciences Infirmières,BAC_1,Maritime,public,F,2023,REORIENTE
1,1,0,1,0,0,7.57,7.29,7.78,1,7.78,0.6686,0.395,-0.22199999999999998,0,0,0.0,0.5,0.5,0,D,Histoire,BAC_1,Savanes,public,F,2023,REORIENTE
1,1,0,1,0,0,11.21,11.38,12.11,1,12.11,0.6774,0.504,0.21099999999999994,0,0,0.0,0.5,0.5,0,A,Anglais,BAC_1,Kara,public,F,2023,REORIENTE
1,1,0,1,0,0,11.06,11.95,11.65,-1,11.65,0.36060000000000003,0.405,0.16500000000000004,0,0,0.0,0.5,0.5,0,D,Sociologie,BAC_1,Savanes,privé,M,2024,REORIENTE
1,1,0,1,0,0,10.85,10.47,10.94,1,10.94,0.42700000000000005,0.478,0.09399999999999994,0,0,0.0,0.5,0.5,0,G3,Tourisme et Hôtellerie,BAC_1,Plateaux Est,privé,F,2023,ADMIS
1,1,0,1,0,0,9.14,9.31,9.39,1,9.39,0.6856,0.502,-0.06099999999999994,0,0,0.0,0.5,0.5,0,A,Tourisme et Hôtellerie,BAC_1,Plateaux Ouest,public,F,2023,ADMIS
1,1,0,1,0,0,13.7,14.16,14.18,1,14.18,0.5775999999999999,0.403,0.418,0,0,0.0,0.5,0.5,0,A,Anglais,BAC_1,Grand Lomé,public,F,2024,ADMIS
1,1,0,1,0,0,7.51,7.75,8.32,1,8.32,0.5784,0.543,-0.16799999999999998,0,0,0.0,0.5,0.5,0,A,Communication et Journalisme,BAC_1,Plateaux Ouest,privé,M,2024,REORIENTE
1,1,0,1,0,0,10.19,10.89,11.04,1,11.04,0.667,0.487,0.10399999999999991,0,0,0.0,0.5,0.5,0,A,Lettres Modernes,BAC_1,Maritime,public,M,2023,REORIENTE
1,1,0,1,0,0,11.8,12.32,11.59,-1,11.59,0.7272000000000001,0.432,0.15899999999999997,0,0,0.0,0.5,0.5,0,A,Tourisme et Hôtellerie,BAC_1,Plateaux Ouest,privé,M,2023,REORIENTE
1,1,0,1,0,0,14.16,15.52,14.91,-1,14.91,0.86,0.665,0.491,0,0,0.0,0.5,0.5,0,C,Économie,BAC_1,Maritime,public,M,2023,ADMIS
1,1,0,1,0,0,10.9,9.74,9.61,-1,9.61,0.4034,0.458,-0.039000000000000055,0,0,0.0,0.5,0.5,0,D,Génie Mécanique,BAC_1,Maritime,public,F,2024,ADMIS
1,1,0,1,0,0,10.53,12.07,12.93,1,12.93,0.37659999999999993,0.322,0.293,0,0,0.0,0.5,0.5,0,A,Sciences de l'Éducation,BAC_1,Savanes,public,M,2024,ADMIS
1,1,0,1,0,0,11.65,10.9,11.63,1,11.63,0.6492,0.555,0.1630000000000001,0,0,0.0,0.5,0.5,0,A,Sociologie,BAC_1,Plateaux Ouest,public,M,2023,REORIENTE
1,1,0,1,0,0,14.76,12.41,14.1,1,14.1,0.5294,0.674,0.41,0,0,0.0,0.5,0.5,0,D,Sciences Infirmières,BAC_1,Plateaux Ouest,public,F,2024,ADMIS
1,1,0,1,0,0,14.63,14.35,13.09,-1,13.09,0.7205999999999999,0.51,0.309,0,0,0.0,0.5,0.5,0,A,Arts Plastiques,BAC_1,Grand Lomé,public,F,2024,REORIENTE
1,1,0,1,0,0,12.23,13.08,13.12,1,13.12,0.5698000000000001,0.592,0.31199999999999994,0,0,0.0,0.5,0.5,0,D,Sciences Infirmières,BAC_1,Grand Lomé,public,F,2024,REORIENTE
1,1,0,1,0,0,7.41,8.66,8.88,1,8.88,0.6607999999999999,0.356,-0.11199999999999992,0,0,0.0,0.5,0.5,0,E,Génie Informatique,BAC_1,Kara,public,F,2023,REORIENTE
1,1,0,1,0,0,8.52,9.56,9.6,1,9.6,0.6694,0.58,-0.040000000000000036,0,0,0.0,0.5,0.5,0,D,Agronomie,BAC_1,Plateaux Est,public,M,2023,ADMIS
1,1,0,1,0,0,7.64,9.6,8.75,-1,8.75,0.3966,0.621,-0.125,0,0,0.0,0.5,0.5,0,D,Sociologie,BAC_1,Centrale,public,F,2024,REORIENTE
1,1,0,1,0,0,9.28,10.8,10.42,-1,10.42,0.6266,0.53,0.041999999999999996,0,0,0.0,0.5,0.5,0,A,Psychologie,BAC_1,Centrale,public,M,2023,ADMIS
1,1,0,1,0,0,10.76,11.63,11.58,-1,11.58,0.5489999999999999,0.567,0.158,0,0,0.0,0.5,0.5,0,D,Histoire,BAC_1,Maritime,public,M,2024,REORIENTE
1,1,0,1,0,0,10.84,11.61,10.73,-1,10.73,0.483,0.543,0.07300000000000004,0,0,0.0,0.5,0.5,0,D,Sciences Infirmières,BAC_1,Grand Lomé,public,F,2024,ADMIS
1,1,0,1,0,0,8.77,9.68,9.37,-1,9.37,0.7266,0.414,-0.06300000000000008,0,0,0.0,0.5,0.5,0,G2,Banque et Assurance,BAC_1,Centrale,privé,M,2023,REORIENTE
1,1,0,1,0,0,10.01,10.39,10.49,1,10.49,0.47640000000000005,0.582,0.04900000000000002,0,0,0.0,0.5,0.5,0,A,Enseignement Primaire,BAC_1,Grand Lomé,public,M,2024,ADMIS
1,1,0,1,0,0,9.25,9.86,10.2,1,10.2,0.4534,0.445,0.019999999999999928,0,0,0.0,0.5,0.5,0,D,Génie Électrique,BAC_1,Grand Lomé,public,M,2024,REORIENTE
1,1,0,1,0,0,9.69,10.39,10.34,-1,10.34,0.4472,0.416,0.03399999999999999,0,0,0.0,0.5,0.5,0,A,Anglais,BAC_1,Kara,public,F,2024,REORIENTE
1,1,0,1,0,0,12.26,11.91,13.05,1,13.05,0.6886,0.487,0.30500000000000005,0,0,0.0,0.5,0.5,0,D,Psychologie,BAC_1,Plateaux Est,privé,F,2023,ADMIS
1,1,0,1,0,0,8.7,8.63,10.5,1,10.5,0.578,0.542,0.05,0,0,0.0,0.5,0.5,0,G2,Économie,BAC_1,Centrale,public,F,2024,ADMIS
1,1,0,1,0,0,10.27,10.64,10.74,1,10.74,0.6506,0.593,0.07400000000000002,0,0,0.0,0.5,0.5,0,G1,Gestion des Entreprises,BAC_1,Grand Lomé,public,F,2024,REORIENTE
1,1,0,1,0,0,10.07,10.83,10.82,-1,10.82,0.7292,0.506,0.08200000000000003,0,0,0.0,0.5,0.5,0,A,Tourisme et Hôtellerie,BAC_1,Kara,privé,M,2023,REORIENTE
1,1,0,1,0,0,12.57,12.4,12.86,1,12.86,0.638,0.545,0.2859999999999999,0,0,0.0,0.5,0.5,0,A,Sociologie,BAC_1,Grand Lomé,privé,F,2024,ADMIS
1,1,0,1,0,0,4.85,6.48,6.1,-1,6.1,0.5944,0.427,-0.39,0,0,0.0,0.5,0.5,0,D,Enseignement Primaire,BAC_1,Grand Lomé,privé,M,2024,ADMIS
1,1,0,1,0,0,6.08,7.76,6.62,-1,6.62,0.6704,0.512,-0.33799999999999997,0,0,0.0,0.5,0.5,0,A,Histoire,BAC_1,Centrale,public,F,2023,ADMIS
1,1,0,1,0,0,15.02,13.84,15.12,1,15.12,0.425,0.344,0.5119999999999999,0,0,0.0,0.5,0.5,0,A,Anglais,BAC_1,Centrale,privé,M,2024,REORIENTE
1,1,0,1,0,0,5.4,5.27,6.09,1,6.09,0.7172000000000001,0.47,-0.391,0,0,0.0,0.5,0.5,0,D,Génie Mécanique,BAC_1,Plateaux Est,public,M,2023,REORIENTE
1,1,0,1,0,0,11.46,12.63,12.03,-1,12.03,0.35840000000000005,0.485,0.20299999999999993,0,0,0.0,0.5,0.5,0,D,Sociologie,BAC_1,Maritime,public,M,2024,ADMIS
1,1,0,1,0,0,10.74,11.29,11.28,-1,11.28,0.6345999999999999,0.517,0.12799999999999995,0,0,0.0,0.5,0.5,0,D,Informatique,BAC_1,Plateaux Ouest,public,M,2023,REORIENTE
1,1,0,1,0,0,6.71,6.12,8.15,1,8.15,0.3898,0.712,-0.18499999999999997,0,0,0.0,0.5,0.5,0,D,Finance et Comptabilité,BAC_1,Plateaux Ouest,public,F,2024,REORIENTE
1,1,0,1,0,0,9.84,10.4,10.39,-1,10.39,0.5057999999999999,0.414,0.039000000000000055,0,0,0.0,0.5,0.5,0,A,Droit,BAC_1,Maritime,privé,F,2024,ADMIS
1,1,0,1,0,0,12.85,11.33,12.55,1,12.55,0.3784,0.382,0.25500000000000006,0,0,0.0,0.5,0.5,0,A,Droit,BAC_1,Plateaux Ouest,public,M,2024,ADMIS
1,1,0,1,0,0,7.27,8.05,8.79,1,8.79,0.4554,0.522,-0.12100000000000008,0,0,0.0,0.5,0.5,0,A,Droit,BAC_1,Kara,privé,F,2024,ADMIS
1,1,0,1,0,0,8.92,7.36,9.13,1,9.13,0.6138,0.216,-0.08699999999999992,0,0,0.0,0.5,0.5,0,A,Sociologie,BAC_1,Kara,public,F,2023,ADMIS
1,1,0,1,0,0,11.5,10.96,11.14,1,11.14,0.7296,0.549,0.11400000000000006,0,0,0.0,0.5,0.5,0,A,Communication et Journalisme,BAC_1,Plateaux Est,public,F,2023,ADMIS
1,1,0,1,0,0,9.57,9.11,9.58,1,9.58,0.5992,0.496,-0.041999999999999996,0,0,0.0,0.5,0.5,0,D,Sociologie,BAC_1,Grand Lomé,privé,M,2024,REORIENTE
1,1,0,1,0,0,9.17,10.06,10.79,1,10.79,0.3524,0.305,0.07899999999999992,0,0,0.0,0.5,0.5,0,D,Enseignement Primaire,BAC_1,Centrale,privé,F,2024,ADMIS
1,1,0,1,0,0,9.46,8.84,10.48,1,10.48,0.6348,0.609,0.04800000000000004,0,0,0.0,0.5,0.5,0,D,Génie Mécanique,BAC_1,Plateaux Est,public,M,2023,REORIENTE
1,1,0,1,0,0,11.91,11.55,12.5,1,12.5,0.6224,0.5,0.25,0,0,0.0,0.5,0.5,0,D,Sciences de l'Éducation,BAC_1,Kara,public,F,2023,ADMIS
1,1,0,1,0,0,10.42,11.21,11.8,1,11.8,0.6928,0.664,0.18000000000000008,0,0,0.0,0.5,0.5,0,A,Sciences de l'Éducation,BAC_1,Maritime,public,F,2023,REORIENTE
1,1,0,1,0,0,7.84,9.42,9.89,1,9.89,0.8336,0.599,-0.010999999999999944,0,0,0.0,0.5,0.5,0,C,Économie,BAC_1,Maritime,privé,F,2023,ADMIS
1,1,0,1,0,0,10.42,9.34,10.64,1,10.64,0.32280000000000003,0.399,0.06400000000000006,0,0,0.0,0.5,0.5,0,D,Sciences Infirmières,BAC_1,Plateaux Ouest,public,F,2024,REORIENTE
1,1,0,1,0,0,7.66,8.68,8.97,1,8.97,0.6912,0.501,-0.10299999999999994,0,0,0.0,0.5,0.5,0,D,Sociologie,BAC_1,Grand Lomé,public,F,2024,REORIENTE
1,1,0,1,0,0,7.93,8.49,9.08,1,9.08,0.7395999999999999,0.613,-0.092,0,0,0.0,0.5,0.5,0,D,STAPS (Activités Physiques et Sportives),BAC_1,Savanes,public,F,2023,ADMIS
1,1,0,1,0,0,10.35,10.92,10.99,1,10.99,0.6541999999999999,0.566,0.09900000000000002,0,0,0.0,0.5,0.5,0,A,Géographie,BAC_1,Kara,public,F,2023,ADMIS
1,1,0,1,0,0,9.83,10.01,9.86,-1,9.86,0.396,0.483,-0.014000000000000058,0,0,0.0,0.5,0.5,0,F4,Agronomie,BAC_1,Plateaux Est,public,M,2024,ADMIS
1,1,0,1,0,0,9.31,10.13,10.37,1,10.37,0.6236,0.608,0.03699999999999992,0,0,0.0,0.5,0.5,0,A,Tourisme et Hôtellerie,BAC_1,Grand Lomé,privé,M,2024,REORIENTE
1,1,0,1,0,0,6.13,7.08,6.83,-1,6.83,0.4414,0.46,-0.317,0,0,0.0,0.5,0.5,0,A,Communication et Journalisme,BAC_1,Plateaux Est,public,F,2024,REORIENTE
1,1,0,1,0,0,8.63,10.24,10.05,-1,10.05,0.571,0.469,0.005000000000000071,0,0,0.0,0.5,0.5,0,A,Lettres Modernes,BAC_1,Grand Lomé,public,F,2024,REORIENTE
1,1,0,1,0,0,11.07,11.01,10.64,-1,10.64,0.2358,0.387,0.06400000000000006,0,0,0.0,0.5,0.5,0,A,Lettres Modernes,BAC_1,Centrale,public,F,2024,REORIENTE
1,1,0,1,0,0,9.78,10.95,10.39,-1,10.39,0.7063999999999999,0.665,0.039000000000000055,0,0,0.0,0.5,0.5,0,D,Finance et Comptabilité,BAC_1,Kara,public,M,2023,ADMIS
1,1,0,1,0,0,10.17,10.11,10.84,1,10.84,0.8504,0.641,0.08399999999999999,0,0,0.0,0.5,0.5,0,A,Lettres Modernes,BAC_1,Plateaux Est,privé,F,2023,REORIENTE
1,1,0,1,0,0,12.49,12.44,12.63,1,12.63,0.7664,0.65,0.26300000000000007,0,0,0.0,0.5,0.5,0,D,Gestion des Entreprises,BAC_1,Grand Lomé,privé,M,2023,ADMIS
1,1,0,1,0,0,14.32,14.21,14.51,1,14.51,0.6282,0.429,0.45099999999999996,0,0,0.0,0.5,0.5,0,D,Odontologie,BAC_1,Grand Lomé,public,M,2023,ADMIS
1,1,0,1,0,0,12.77,10.6,10.76,1,10.76,0.5344,0.541,0.07599999999999998,0,0,0.0,0.5,0.5,0,D,Enseignement Primaire,BAC_1,Grand Lomé,public,F,2024,REORIENTE
1,1,0,1,0,0,9.95,10.24,10.41,1,10.41,0.7098,0.615,0.041000000000000016,0,0,0.0,0.5,0.5,0,A,Lettres Modernes,BAC_1,Kara,public,M,2023,ADMIS
1,1,0,1,0,0,7.96,8.33,9.25,1,9.25,0.711,0.489,-0.075,0,0,0.0,0.5,0.5,0,A,Sociologie,BAC_1,Maritime,public,F,2023,ADMIS
1,1,0,1,0,0,7.78,8.36,9.15,1,9.15,0.5858,0.509,-0.08499999999999996,0,0,0.0,0.5,0.5,0,A,Psychologie,BAC_1,Centrale,public,F,2023,REORIENTE
1,1,0,1,0,0,10.24,10.31,11.17,1,11.17,0.608,0.431,0.11699999999999999,0,0,0.0,0.5,0.5,0,D,Biologie,BAC_1,Centrale,privé,M,2023,ADMIS
1,1,0,1,0,0,11.12,12.2,11.79,-1,11.79,0.8288,0.782,0.1789999999999999,0,0,0.0,0.5,0.5,0,A,Enseignement Primaire,BAC_1,Maritime,public,M,2023,ADMIS
1,1,0,1,0,0,7.34,9.18,10.15,1,10.15,0.5454,0.393,0.015000000000000036,0,0,0.0,0.5,0.5,0,A,Anglais,BAC_1,Grand Lomé,privé,F,2024,ADMIS
1,1,0,1,0,0,7.06,8.48,8.71,1,8.71,0.3862,0.58,-0.12899999999999992,0,0,0.0,0.5,0.5,0,D,Informatique,BAC_1,Plateaux Ouest,public,M,2024,REORIENTE
1,1,0,1,0,0,7.47,8.83,8.76,-1,8.76,0.4724,0.47,-0.12400000000000003,0,0,0.0,0.5,0.5,0,A,Psychologie,BAC_1,Kara,public,M,2023,ADMIS
1,1,0,1,0,0,7.89,11.88,10.75,-1,10.75,0.6018,0.423,0.075,0,0,0.0,0.5,0.5,0,C,Physique-Chimie,BAC_1,Savanes,privé,F,2024,ADMIS
1,1,0,1,0,0,13.71,12.64,13.93,1,13.93,0.828,0.585,0.39299999999999996,0,0,0.0,0.5,0.5,0,A,Sociologie,BAC_1,Grand Lomé,public,M,2023,ADMIS
1,1,0,1,0,0,3.63,4.15,5.49,1,5.49,0.7358,0.359,-0.45099999999999996,0,0,0.0,0.5,0.5,0,A,Droit,BAC_1,Grand Lomé,public,F,2023,REORIENTE
1,1,0,1,0,0,7.7,7.81,8.18,1,8.18,0.5592,0.405,-0.18200000000000002,0,0,0.0,0.5,0.5,0,A,Sciences de l'Éducation,BAC_1,Grand Lomé,public,F,2024,ADMIS
1,1,0,1,0,0,7.23,7.49,7.53,1,7.53,0.37120000000000003,0.508,-0.24699999999999997,0,0,0.0,0.5,0.5,0,D,Génie Électrique,BAC_1,Savanes,public,F,2024,REORIENTE
1,1,0,1,0,0,9.63,9.64,9.91,1,9.91,0.6198,0.381,-0.008999999999999985,0,0,0.0,0.5,0.5,0,A,Lettres Modernes,BAC_1,Maritime,privé,F,2024,REORIENTE
1,1,0,1,0,0,7.21,6.02,7.8,1,7.8,0.7808,0.662,-0.22000000000000003,0,0,0.0,0.5,0.5,0,A,Communication et Journalisme,BAC_1,Grand Lomé,privé,F,2024,ADMIS
1,1,0,1,0,0,9.76,9.47,10.75,1,10.75,0.4486,0.358,0.075,0,0,0.0,0.5,0.5,0,G3,Gestion des Entreprises,BAC_1,Maritime,public,M,2024,REORIENTE
1,1,0,1,0,0,10.23,10.02,11.05,1,11.05,0.36640000000000006,0.226,0.10500000000000007,0,0,0.0,0.5,0.5,0,D,Tourisme et Hôtellerie,BAC_1,Maritime,public,M,2024,REORIENTE
1,1,0,1,0,0,11.42,10.89,10.65,-1,10.65,0.494,0.512,0.06500000000000003,0,0,0.0,0.5,0.5,0,F2,Génie Informatique,BAC_1,Kara,privé,M,2024,REORIENTE
1,1,0,1,0,0,9.82,10.23,11.34,1,11.34,0.7814,0.518,0.13399999999999998,0,0,0.0,0.5,0.5,0,A,Lettres Modernes,BAC_1,Grand Lomé,privé,M,2023,REORIENTE
1,1,0,1,0,0,11.53,11.49,12.22,1,12.22,0.7522,0.634,0.22200000000000006,0,0,0.0,0.5,0.5,0,D,Sciences Infirmières,BAC_1,Grand Lomé,privé,M,2024,REORIENTE
1,1,0,1,0,0,12.99,14.63,14.0,-1,14.0,0.595,0.637,0.4,0,0,0.0,0.5,0.5,0,A,Sciences Politiques,BAC_1,Grand Lomé,public,F,2024,ADMIS
1,1,0,1,0,0,9.97,10.55,11.6,1,11.6,0.617,0.485,0.15999999999999998,0,0,0.0,0.5,0.5,0,G3,Finance et Comptabilité,BAC_1,Grand Lomé,public,F,2024,REORIENTE
1,1,0,1,0,0,8.82,7.81,8.28,1,8.28,0.6632,0.62,-0.17200000000000007,0,0,0.0,0.5,0.5,0,A,Sciences de l'Éducation,BAC_1,Grand Lomé,public,F,2023,ADMIS
1,1,0,1,0,0,12.26,10.94,12.64,1,12.64,0.5236000000000001,0.607,0.26400000000000007,0,0,0.0,0.5,0.5,0,D,Géographie,BAC_1,Plateaux Ouest,privé,M,2024,REORIENTE
1,1,0,1,0,0,11.99,13.93,13.54,-1,13.54,0.48819999999999997,0.607,0.3539999999999999,0,0,0.0,0.5,0.5,0,D,Enseignement Primaire,BAC_1,Maritime,privé,M,2024,REORIENTE
1,1,0,1,0,0,11.79,11.81,11.91,1,11.91,0.5636,0.623,0.191,0,0,0.0,0.5,0.5,0,A,Enseignement Primaire,BAC_1,Maritime,public,F,2024,REORIENTE
1,1,0,1,0,0,11.4,11.92,13.4,1,13.4,0.5308,0.538,0.34,0,0,0.0,0.5,0.5,0,A,Communication et Journalisme,BAC_1,Grand Lomé,public,F,2024,ADMIS
1,1,0,1,0,0,6.89,7.03,7.83,1,7.83,0.5462,0.566,-0.217,0,0,0.0,0.5,0.5,0,A,Géographie,BAC_1,Kara,privé,M,2024,REORIENTE
1,1,0,1,0,0,7.35,8.46,8.63,1,8.63,0.8196,0.564,-0.13699999999999993,0,0,0.0,0.5,0.5,0,A,Psychologie,BAC_1,Savanes,public,M,2023,REORIENTE
1,1,0,1,0,0,11.38,10.96,11.89,1,11.89,0.7976,0.509,0.18900000000000006,0,0,0.0,0.5,0.5,0,C,Sciences Environnementales,BAC_1,Grand Lomé,public,M,2023,ADMIS
1,1,0,1,0,0,7.53,8.46,8.28,-1,8.28,0.6458,0.593,-0.17200000000000007,0,0,0.0,0.5,0.5,0,D,Tourisme et Hôtellerie,BAC_1,Plateaux Est,public,F,2023,REORIENTE
1,1,0,1,0,0,9.47,9.27,10.07,1,10.07,0.7362,0.696,0.007000000000000029,0,0,0.0,0.5,0.5,0,D,Génie Mécanique,BAC_1,Plateaux Ouest,privé,M,2023,ADMIS
1,1,0,1,0,0,10.23,9.57,11.25,1,11.25,0.5007999999999999,0.595,0.125,0,0,0.0,0.5,0.5,0,A,Communication et Journalisme,BAC_1,Maritime,public,F,2024,REORIENTE
1,1,0,1,0,0,9.11,9.25,9.38,1,9.38,0.6517999999999999,0.467,-0.06199999999999992,0,0,0.0,0.5,0.5,0,D,Génie Mécanique,BAC_1,Plateaux Est,public,F,2023,ADMIS
1,1,0,1,0,0,8.34,9.0,9.82,1,9.82,0.8360000000000001,0.692,-0.01799999999999997,0,0,0.0,0.5,0.5,0,D,Gestion des Entreprises,BAC_1,Maritime,public,F,2023,ADMIS
1,1,0,1,0,0,9.88,10.74,10.02,-1,10.02,0.7732,0.448,0.0019999999999999575,0,0,0.0,0.5,0.5,0,A,Communication et Journalisme,BAC_1,Grand Lomé,public,F,2023,REORIENTE
1,1,0,1,0,0,9.46,9.29,10.78,1,10.78,0.6624,0.51,0.07799999999999993,0,0,0.0,0.5,0.5,0,D,Informatique,BAC_1,Plateaux Est,public,M,2023,ADMIS
1,1,0,1,0,0,10.98,10.71,11.52,1,11.52,0.6794,0.479,0.15199999999999997,0,0,0.0,0.5,0.5,0,A,Anglais,BAC_1,Maritime,privé,M,2024,ADMIS
1,1,0,1,0,0,7.03,6.88,7.51,1,7.51,0.4894,0.544,-0.24900000000000003,0,0,0.0,0.5,0.5,0,D,STAPS (Activités Physiques et Sportives),BAC_1,Savanes,public,M,2024,REORIENTE
1,1,0,1,0,0,7.85,6.86,7.83,1,7.83,0.5312,0.746,-0.217,0,0,0.0,0.5,0.5,0,F3,Génie Civil,BAC_1,Grand Lomé,public,M,2024,REORIENTE
1,1,0,1,0,0,7.61,8.81,8.82,1,8.82,0.7088,0.65,-0.11799999999999997,0,0,0.0,0.5,0.5,0,A,Lettres Modernes,BAC_1,Grand Lomé,privé,M,2024,ADMIS
1,1,0,1,0,0,9.38,8.96,9.68,1,9.68,0.8331999999999999,0.637,-0.03200000000000003,0,0,0.0,0.5,0.5,0,A,Psychologie,BAC_1,Centrale,public,M,2023,ADMIS
1,1,0,1,0,0,11.35,10.58,11.49,1,11.49,0.7134,0.675,0.14900000000000002,0,0,0.0,0.5,0.5,0,A,Sciences Politiques,BAC_1,Grand Lomé,public,F,2024,REORIENTE
1,1,0,1,0,0,9.08,8.71,9.81,1,9.81,0.6524,0.758,-0.01899999999999995,0,0,0.0,0.5,0.5,0,D,Sciences Infirmières,BAC_1,Maritime,privé,M,2024,REORIENTE
1,1,0,1,0,0,8.73,10.88,11.28,1,11.28,0.5855999999999999,0.585,0.12799999999999995,0,0,0.0,0.5,0.5,0,D,Psychologie,BAC_1,Plateaux Ouest,public,M,2023,ADMIS
1,1,0,1,0,0,10.07,10.62,10.3,-1,10.3,0.7992,0.513,0.030000000000000072,0,0,0.0,0.5,0.5,0,A,Géographie,BAC_1,Plateaux Est,public,M,2023,ADMIS
1,1,0,1,0,0,10.22,10.23,10.67,1,10.67,0.587,0.452,0.06699999999999999,0,0,0.0,0.5,0.5,0,D,Génie Informatique,BAC_1,Centrale,public,F,2023,REORIENTE
1,1,0,1,0,0,7.8,9.52,10.01,1,10.01,0.8056,0.541,0.0009999999999999788,0,0,0.0,0.5,0.5,0,D,Agronomie,BAC_1,Savanes,public,M,2023,REORIENTE
1,1,0,1,0,0,10.26,9.83,10.52,1,10.52,0.6272,0.59,0.051999999999999956,0,0,0.0,0.5,0.5,0,D,Gestion des Entreprises,BAC_1,Centrale,public,F,2023,REORIENTE
1,1,0,1,0,0,9.3,10.32,10.23,-1,10.23,0.7158,0.48,0.02300000000000004,0,0,0.0,0.5,0.5,0,A,Communication et Journalisme,BAC_1,Maritime,public,F,2023,ADMIS
1,1,0,1,0,0,5.47,7.68,7.24,-1,7.24,0.5576000000000001,0.587,-0.27599999999999997,0,0,0.0,0.5,0.5,0,D,Génie Électrique,BAC_1,Centrale,public,F,2023,ADMIS
1,1,0,1,0,0,13.01,12.37,13.66,1,13.66,0.5882000000000001,0.404,0.366,0,0,0.0,0.5,0.5,0,F4,Génie Mécanique,BAC_1,Grand Lomé,public,F,2023,ADMIS
1,1,0,1,0,0,11.94,13.22,13.09,-1,13.09,0.5188,0.328,0.309,0,0,0.0,0.5,0.5,0,D,Biologie,BAC_1,Plateaux Ouest,public,F,2023,ADMIS
1,1,0,1,0,0,11.11,9.95,10.54,1,10.54,0.32280000000000003,0.657,0.053999999999999916,0,0,0.0,0.5,0.5,0,D,Génie Informatique,BAC_1,Centrale,public,F,2024,REORIENTE
1,1,0,1,0,0,10.99,12.77,11.76,-1,11.76,0.5124,0.408,0.176,0,0,0.0,0.5,0.5,0,D,Génie Civil,BAC_1,Plateaux Ouest,public,F,2023,REORIENTE
1,1,0,1,0,0,10.96,14.24,12.75,-1,12.75,0.8031999999999999,0.7,0.275,0,0,0.0,0.5,0.5,0,D,Gestion des Entreprises,BAC_1,Grand Lomé,public,M,2023,ADMIS
1,1,0,1,0,0,7.48,5.98,7.04,1,7.04,0.7634000000000001,0.551,-0.296,0,0,0.0,0.5,0.5,0,A,Psychologie,BAC_1,Savanes,public,F,2023,REORIENTE
1,1,0,1,0,0,6.15,3.43,5.86,1,5.86,0.6839999999999999,0.675,-0.414,0,0,0.0,0.5,0.5,0,A,Droit,BAC_1,Plateaux Ouest,public,M,2023,REORIENTE
1,1,0,1,0,0,13.01,10.72,13.19,1,13.19,0.33340000000000003,0.445,0.31899999999999995,0,0,0.0,0.5,0.5,0,D,Génie Civil,BAC_1,Plateaux Est,public,M,2024,REORIENTE
1,1,0,1,0,0,12.82,12.78,13.8,1,13.8,0.37139999999999995,0.351,0.38000000000000006,0,0,0.0,0.5,0.5,0,D,Agronomie,BAC_1,Maritime,privé,M,2024,REORIENTE
1,1,0,1,0,0,11.16,10.64,11.73,1,11.73,0.6880000000000001,0.532,0.17300000000000004,0,0,0.0,0.5,0.5,0,D,Gestion des Entreprises,BAC_1,Maritime,public,M,2023,ADMIS
1,1,0,1,0,0,10.2,10.55,10.92,1,10.92,0.7629999999999999,0.67,0.092,0,0,0.0,0.5,0.5,0,A,Géographie,BAC_1,Savanes,public,F,2023,ADMIS
1,1,0,1,0,0,12.93,14.31,14.11,-1,14.11,0.522,0.51,0.4109999999999999,0,0,0.0,0.5,0.5,0,D,Agronomie,BAC_1,Kara,privé,M,2024,REORIENTE
1,1,0,1,0,0,8.85,7.93,8.47,1,8.47,0.7125999999999999,0.457,-0.15299999999999994,0,0,0.0,0.5,0.5,0,A,Sociologie,BAC_1,Kara,public,F,2023,ADMIS
1,1,0,1,0,0,10.27,9.8,10.73,1,10.73,0.834,0.6,0.07300000000000004,0,0,0.0,0.5,0.5,0,A,STAPS (Activités Physiques et Sportives),BAC_1,Kara,privé,M,2023,REORIENTE
1,1,0,1,0,0,7.72,9.11,8.74,-1,8.74,0.5266,0.646,-0.12599999999999997,0,0,0.0,0.5,0.5,0,A,Droit,BAC_1,Plateaux Ouest,public,M,2024,ADMIS
1,1,0,1,0,0,11.2,10.54,11.72,1,11.72,0.3682,0.259,0.17200000000000007,0,0,0.0,0.5,0.5,0,D,Sociologie,BAC_1,Plateaux Ouest,privé,F,2024,REORIENTE
1,1,0,1,0,0,12.14,11.38,12.27,1,12.27,0.7038,0.597,0.22699999999999995,0,0,0.0,0.5,0.5,0,A,Sciences de l'Éducation,BAC_1,Maritime,public,M,2023,REORIENTE
1,1,0,1,0,0,9.25,9.55,9.64,1,9.64,0.7698,0.555,-0.03599999999999994,0,0,0.0,0.5,0.5,0,A,Psychologie,BAC_1,Plateaux Ouest,privé,M,2023,ADMIS
1,1,0,1,0,0,13.28,13.73,13.89,1,13.89,0.5124,0.636,0.38900000000000007,0,0,0.0,0.5,0.5,0,D,Finance et Comptabilité,BAC_1,Grand Lomé,public,M,2024,ADMIS
1,1,0,1,0,0,8.24,9.39,9.95,1,9.95,0.6910000000000001,0.607,-0.005000000000000071,0,0,0.0,0.5,0.5,0,A,Sciences Politiques,BAC_1,Plateaux Ouest,public,F,2023,ADMIS
1,1,0,1,0,0,9.66,10.54,10.38,-1,10.38,0.7514000000000001,0.671,0.038000000000000075,0,0,0.0,0.5,0.5,0,D,Histoire,BAC_1,Plateaux Est,privé,F,2023,ADMIS
1,1,0,1,0,0,6.42,6.47,5.16,-1,5.16,0.757,0.781,-0.484,0,0,0.0,0.5,0.5,0,A,Tourisme et Hôtellerie,BAC_1,Grand Lomé,public,F,2023,REORIENTE
1,1,0,1,0,0,13.45,13.39,13.19,-1,13.19,0.5668,0.595,0.31899999999999995,0,0,0.0,0.5,0.5,0,D,Finance et Comptabilité,BAC_1,Grand Lomé,public,F,2024,ADMIS
1,1,0,1,0,0,11.05,9.74,9.89,1,9.89,0.5169999999999999,0.403,-0.010999999999999944,0,0,0.0,0.5,0.5,0,A,Histoire,BAC_1,Grand Lomé,public,F,2024,REORIENTE
1,1,0,1,0,0,10.48,10.64,11.04,1,11.04,0.8682000000000001,0.768,0.10399999999999991,0,0,0.0,0.5,0.5,0,F3,Génie Électrique,BAC_1,Maritime,privé,M,2024,ADMIS
1,1,0,1,0,0,11.76,12.5,12.25,-1,12.25,0.43720000000000003,0.517,0.225,0,0,0.0,0.5,0.5,0,D,Tourisme et Hôtellerie,BAC_1,Savanes,public,M,2024,ADMIS
1,1,0,1,0,0,5.27,6.79,6.61,-1,6.61,0.5512,0.685,-0.33899999999999997,0,0,0.0,0.5,0.5,0,A,Lettres Modernes,BAC_1,Plateaux Est,public,F,2024,REORIENTE
1,1,0,1,0,0,9.38,10.42,10.4,-1,10.4,0.5554,0.523,0.040000000000000036,0,0,0.0,0.5,0.5,0,A,Lettres Modernes,BAC_1,Maritime,public,M,2024,ADMIS
1,1,0,1,0,0,5.25,4.78,5.31,1,5.31,0.6724,0.592,-0.46900000000000003,0,0,0.0,0.5,0.5,0,B,Économie,BAC_1,Centrale,public,M,2024,REORIENTE
1,1,0,1,0,0,9.86,9.9,10.53,1,10.53,0.6638,0.68,0.052999999999999936,0,0,0.0,0.5,0.5,0,D,Médecine,BAC_1,Plateaux Est,public,F,2023,REORIENTE
1,1,0,1,0,0,10.79,9.59,10.57,1,10.57,0.6020000000000001,0.521,0.05700000000000003,0,0,0.0,0.5,0.5,0,A,Droit,BAC_1,Kara,privé,M,2024,REORIENTE
1,1,0,1,0,0,12.6,13.02,12.87,-1,12.87,0.5566,0.52,0.2869999999999999,0,0,0.0,0.5,0.5,0,G2,Droit,BAC_1,Grand Lomé,public,F,2024,REORIENTE
1,1,0,1,0,0,12.28,10.94,11.35,1,11.35,0.3718,0.415,0.13499999999999995,0,0,0.0,0.5,0.5,0,D,Enseignement Primaire,BAC_1,Plateaux Ouest,privé,F,2024,REORIENTE
1,1,0,1,0,0,9.85,9.35,9.74,1,9.74,0.6612,0.612,-0.025999999999999978,0,0,0.0,0.5,0.5,0,D,Finance et Comptabilité,BAC_1,Grand Lomé,privé,F,2024,ADMIS
1,1,0,1,0,0,10.67,13.32,12.11,-1,12.11,0.4610000000000001,0.329,0.21099999999999994,0,0,0.0,0.5,0.5,0,A,STAPS (Activités Physiques et Sportives),BAC_1,Maritime,public,M,2024,REORIENTE
1,1,0,1,0,0,8.8,8.8,9.15,1,9.15,0.5766,0.534,-0.08499999999999996,0,0,0.0,0.5,0.5,0,D,Biologie,BAC_1,Plateaux Est,privé,M,2024,REORIENTE
1,1,0,1,0,0,11.32,11.24,12.16,1,12.16,0.592,0.565,0.21600000000000003,0,0,0.0,0.5,0.5,0,D,Sciences Infirmières,BAC_1,Kara,privé,F,2023,ADMIS
1,1,0,1,0,0,8.74,10.32,9.66,-1,9.66,0.4088,0.74,-0.03399999999999999,0,0,0.0,0.5,0.5,0,D,Sciences de l'Éducation,BAC_1,Maritime,public,M,2024,ADMIS
1,1,0,1,0,0,7.27,9.76,9.3,-1,9.3,0.6954,0.555,-0.06999999999999992,0,0,0.0,0.5,0.5,0,A,Communication et Journalisme,BAC_1,Maritime,public,F,2023,REORIENTE
1,1,0,1,0,0,5.99,8.28,7.29,-1,7.29,0.4256,0.497,-0.271,0,0,0.0,0.5,0.5,0,A,Sociologie,BAC_1,Grand Lomé,public,M,2024,ADMIS
1,1,0,1,0,0,8.67,8.02,8.23,1,8.23,0.4032,0.438,-0.17699999999999996,0,0,0.0,0.5,0.5,0,D,Biologie,BAC_1,Plateaux Ouest,privé,M,2024,REORIENTE
1,1,0,1,0,0,7.56,8.8,9.43,1,9.43,0.4734,0.603,-0.05700000000000003,0,0,0.0,0.5,0.5,0,D,Génie Civil,BAC_1,Maritime,public,M,2024,REORIENTE
1,1,0,1,0,0,7.7,7.83,7.87,1,7.87,0.8432,0.656,-0.213,0,0,0.0,0.5,0.5,0,A,Anglais,BAC_1,Savanes,public,M,2023,ADMIS
1,1,0,1,0,0,10.67,12.28,13.21,1,13.21,0.6597999999999999,0.583,0.32100000000000006,0,0,0.0,0.5,0.5,0,A,Géographie,BAC_1,Grand Lomé,privé,M,2024,REORIENTE
1,1,0,1,0,0,7.85,6.97,8.23,1,8.23,0.45799999999999996,0.629,-0.17699999999999996,0,0,0.0,0.5,0.5,0,D,Médecine,BAC_1,Kara,public,F,2024,REORIENTE
1,1,0,1,0,0,10.55,10.04,10.98,1,10.98,0.6672,0.792,0.09800000000000005,0,0,0.0,0.5,0.5,0,A,Droit,BAC_1,Grand Lomé,privé,M,2024,REORIENTE
1,1,0,1,0,0,6.72,7.84,7.62,-1,7.62,0.675,0.6,-0.238,0,0,0.0,0.5,0.5,0,A,Communication et Journalisme,BAC_1,Maritime,public,M,2023,ADMIS
1,1,0,1,0,0,8.3,8.01,7.71,-1,7.71,0.7485999999999999,0.625,-0.229,0,0,0.0,0.5,0.5,0,A,Lettres Modernes,BAC_1,Maritime,public,F,2023,ADMIS
1,1,0,1,0,0,10.9,11.38,12.38,1,12.38,0.7196,0.449,0.23800000000000007,0,0,0.0,0.5,0.5,0,D,Finance et Comptabilité,BAC_1,Grand Lomé,public,M,2023,ADMIS
1,1,0,1,0,0,9.86,11.43,11.14,-1,11.14,0.7374,0.63,0.11400000000000006,0,0,0.0,0.5,0.5,0,D,Génie Civil,BAC_1,Plateaux Est,public,M,2023,ADMIS
1,1,0,1,0,0,8.23,8.82,9.25,1,9.25,0.2832,0.324,-0.075,0,0,0.0,0.5,0.5,0,A,Sociologie,BAC_1,Kara,public,M,2024,REORIENTE
1,1,0,1,0,0,9.11,7.0,8.05,1,8.05,0.6284,0.344,-0.19499999999999992,0,0,0.0,0.5,0.5,0,A,Géographie,BAC_1,Grand Lomé,public,M,2023,ADMIS
1,1,0,1,0,0,9.54,10.35,10.3,-1,10.3,0.4768,0.577,0.030000000000000072,0,0,0.0,0.5,0.5,0,D,Sciences Environnementales,BAC_1,Savanes,public,M,2024,REORIENTE
1,1,0,1,0,0,12.97,12.57,14.11,1,14.11,0.3546,0.549,0.4109999999999999,0,0,0.0,0.5,0.5,0,D,Sciences Infirmières,BAC_1,Centrale,public,M,2024,REORIENTE
1,1,0,1,0,0,12.11,11.98,12.57,1,12.57,0.31920000000000004,0.465,0.257,0,0,0.0,0.5,0.5,0,D,Tourisme et Hôtellerie,BAC_1,Kara,public,F,2024,ADMIS
1,1,0,1,0,0,10.35,11.26,12.12,1,12.12,0.6788000000000001,0.359,0.2119999999999999,0,0,0.0,0.5,0.5,0,A,Arts Plastiques,BAC_1,Centrale,public,F,2023,ADMIS
1,1,0,1,0,0,7.41,10.22,9.02,-1,9.02,0.5773999999999999,0.494,-0.09800000000000005,0,0,0.0,0.5,0.5,0,D,Génie Informatique,BAC_1,Kara,public,M,2023,ADMIS
1,1,0,1,0,0,9.05,8.26,8.9,1,8.9,0.6754,0.355,-0.10999999999999996,0,0,0.0,0.5,0.5,0,A,Communication et Journalisme,BAC_1,Centrale,privé,M,2023,ADMIS
1,1,0,1,0,0,7.59,8.54,8.24,-1,8.24,0.7016,0.683,-0.176,0,0,0.0,0.5,0.5,0,D,Biologie,BAC_1,Plateaux Ouest,public,M,2023,ADMIS
1,1,0,1,0,0,12.82,12.9,12.94,1,12.94,0.7996,0.514,0.29399999999999993,0,0,0.0,0.5,0.5,0,A,Tourisme et Hôtellerie,BAC_1,Grand Lomé,public,F,2023,ADMIS
1,1,0,1,0,0,6.65,6.76,6.66,-1,6.66,0.7948,0.502,-0.33399999999999996,0,0,0.0,0.5,0.5,0,A,Communication et Journalisme,BAC_1,Maritime,public,M,2023,REORIENTE
1,1,0,1,0,0,10.22,10.23,10.17,-1,10.17,0.5232,0.381,0.016999999999999994,0,0,0.0,0.5,0.5,0,D,Biologie,BAC_1,Grand Lomé,privé,F,2024,REORIENTE
1,1,0,1,0,0,11.39,9.75,10.05,1,10.05,0.6714,0.615,0.005000000000000071,0,0,0.0,0.5,0.5,0,D,Psychologie,BAC_1,Plateaux Ouest,public,F,2023,ADMIS
1,1,0,1,0,0,11.26,11.59,12.2,1,12.2,0.7577999999999999,0.486,0.21999999999999992,0,0,0.0,0.5,0.5,0,A,STAPS (Activités Physiques et Sportives),BAC_1,Savanes,public,M,2023,REORIENTE
1,1,0,1,0,0,9.71,10.84,11.25,1,11.25,0.7032,0.633,0.125,0,0,0.0,0.5,0.5,0,A,Psychologie,BAC_1,Grand Lomé,privé,M,2023,ADMIS
1,1,0,1,0,0,8.19,8.42,8.5,1,8.5,0.6619999999999999,0.416,-0.15,0,0,0.0,0.5,0.5,0,B,Histoire,BAC_1,Kara,public,F,2024,REORIENTE
1,1,0,1,0,0,7.05,6.63,7.34,1,7.34,0.5746,0.502,-0.266,0,0,0.0,0.5,0.5,0,D,Physique-Chimie,BAC_1,Centrale,public,F,2023,REORIENTE
1,1,0,1,0,0,8.94,8.44,9.4,1,9.4,0.6813999999999999,0.409,-0.05999999999999996,0,0,0.0,0.5,0.5,0,A,Sciences de l'Éducation,BAC_1,Plateaux Est,public,M,2023,ADMIS
1,1,0,1,0,0,13.83,14.4,15.03,1,15.03,0.7584,0.411,0.5029999999999999,0,0,0.0,0.5,0.5,0,A,Lettres Modernes,BAC_1,Grand Lomé,privé,M,2023,ADMIS
1,1,0,1,0,0,6.42,8.67,6.5,-1,6.5,0.4074,0.402,-0.35,0,0,0.0,0.5,0.5,0,D,Finance et Comptabilité,BAC_1,Grand Lomé,public,M,2024,REORIENTE
1,1,0,1,0,0,10.23,9.65,9.92,1,9.92,0.42660000000000003,0.384,-0.008000000000000007,0,0,0.0,0.5,0.5,0,D,Psychologie,BAC_1,Grand Lomé,privé,M,2024,ADMIS
1,1,0,1,0,0,8.51,11.58,10.69,-1,10.69,0.7142,0.386,0.06899999999999995,0,0,0.0,0.5,0.5,0,F1,Génie Civil,BAC_1,Grand Lomé,privé,M,2023,REORIENTE
1,1,0,1,0,0,12.32,10.66,12.1,1,12.1,0.7372,0.358,0.20999999999999996,0,0,0.0,0.5,0.5,0,A,Lettres Modernes,BAC_1,Grand Lomé,privé,M,2023,ADMIS
1,1,0,1,0,0,3.96,5.59,5.73,1,5.73,0.6994,0.508,-0.42699999999999994,0,0,0.0,0.5,0.5,0,A,Sciences Politiques,BAC_1,Maritime,privé,F,2024,REORIENTE
1,1,0,1,0,0,10.75,11.2,10.05,-1,10.05,0.5646,0.417,0.005000000000000071,0,0,0.0,0.5,0.5,0,D,Sciences de l'Éducation,BAC_1,Maritime,public,M,2023,ADMIS
1,1,0,1,0,0,14.2,13.65,14.6,1,14.6,0.48500000000000004,0.458,0.45999999999999996,0,0,0.0,0.5,0.5,0,D,Sciences Environnementales,BAC_1,Centrale,public,F,2023,ADMIS
1,1,0,1,0,0,13.31,10.33,11.88,1,11.88,0.5624,0.305,0.18800000000000008,0,0,0.0,0.5,0.5,0,G3,Finance et Comptabilité,BAC_1,Grand Lomé,privé,F,2024,ADMIS
1,1,0,1,0,0,9.29,10.56,10.8,1,10.8,0.6446000000000001,0.407,0.08000000000000007,0,0,0.0,0.5,0.5,0,G3,Finance et Comptabilité,BAC_1,Plateaux Est,privé,F,2024,ADMIS
1,1,0,1,0,0,8.74,9.85,11.06,1,11.06,0.4832,0.614,0.10600000000000005,0,0,0.0,0.5,0.5,0,G2,Gestion des Entreprises,BAC_1,Grand Lomé,public,F,2023,REORIENTE
1,1,0,1,0,0,8.05,9.12,9.59,1,9.59,0.41659999999999997,0.503,-0.041000000000000016,0,0,0.0,0.5,0.5,0,A,Droit,BAC_1,Centrale,privé,F,2024,ADMIS
1,1,0,1,0,0,12.83,12.29,13.65,1,13.65,0.3408,0.432,0.36500000000000005,0,0,0.0,0.5,0.5,0,D,Sociologie,BAC_1,Centrale,public,F,2024,REORIENTE
1,1,0,1,0,0,12.14,12.01,12.69,1,12.69,0.6996,0.582,0.26899999999999996,0,0,0.0,0.5,0.5,0,A,Sciences Politiques,BAC_1,Plateaux Est,public,M,2023,ADMIS
1,1,0,1,0,0,4.06,4.62,4.64,1,4.64,0.6728,0.32,-0.536,0,0,0.0,0.5,0.5,0,D,Génie Informatique,BAC_1,Grand Lomé,public,F,2023,REORIENTE
1,1,0,1,0,0,9.93,9.57,10.2,1,10.2,0.7772,0.458,0.019999999999999928,0,0,0.0,0.5,0.5,0,A,Enseignement Primaire,BAC_1,Plateaux Ouest,privé,M,2023,ADMIS
1,1,0,1,0,0,8.42,10.86,10.2,-1,10.2,0.8096,0.539,0.019999999999999928,0,0,0.0,0.5,0.5,0,E,Génie Civil,BAC_1,Grand Lomé,privé,F,2023,REORIENTE
1,1,0,1,0,0,7.37,9.51,9.87,1,9.87,0.7094,0.56,-0.013000000000000077,0,0,0.0,0.5,0.5,0,D,Finance et Comptabilité,BAC_1,Plateaux Est,public,F,2023,REORIENTE
1,1,0,1,0,0,11.22,12.07,12.66,1,12.66,0.6876,0.435,0.266,0,0,0.0,0.5,0.5,0,D,Finance et Comptabilité,BAC_1,Maritime,privé,M,2023,REORIENTE
1,1,0,1,0,0,11.54,11.14,11.33,1,11.33,0.834,0.6,0.133,0,0,0.0,0.5,0.5,0,A,Sciences de l'Éducation,BAC_1,Maritime,privé,F,2023,REORIENTE
1,1,0,1,0,0,9.1,9.25,10.44,1,10.44,0.4696,0.487,0.04399999999999995,0,0,0.0,0.5,0.5,0,A,Histoire,BAC_1,Maritime,public,M,2024,REORIENTE
1,1,0,1,0,0,13.16,11.42,11.82,1,11.82,0.6126,0.585,0.18200000000000002,0,0,0.0,0.5,0.5,0,D,Génie Informatique,BAC_1,Plateaux Ouest,privé,F,2023,ADMIS
1,1,0,1,0,0,7.54,8.1,8.35,1,8.35,0.5656,0.352,-0.16500000000000004,0,0,0.0,0.5,0.5,0,A,Enseignement Primaire,BAC_1,Grand Lomé,public,F,2024,REORIENTE
1,1,0,1,0,0,10.5,11.56,11.19,-1,11.19,0.5516000000000001,0.536,0.11899999999999995,0,0,0.0,0.5,0.5,0,A,Enseignement Primaire,BAC_1,Centrale,privé,F,2024,REORIENTE
1,1,0,1,0,0,7.81,8.61,9.66,1,9.66,0.7264,0.628,-0.03399999999999999,0,0,0.0,0.5,0.5,0,A,Enseignement Primaire,BAC_1,Maritime,public,F,2023,ADMIS
1,1,0,1,0,0,12.68,11.55,12.35,1,12.35,0.5556000000000001,0.648,0.23499999999999996,0,0,0.0,0.5,0.5,0,D,Informatique,BAC_1,Centrale,privé,F,2024,REORIENTE
1,1,0,1,0,0,10.17,9.76,11.38,1,11.38,0.7168,0.508,0.13800000000000007,0,0,0.0,0.5,0.5,0,G1,Gestion des Entreprises,BAC_1,Centrale,public,F,2023,REORIENTE
1,1,0,1,0,0,14.46,12.2,12.89,1,12.89,0.49839999999999995,0.631,0.28900000000000003,0,0,0.0,0.5,0.5,0,D,Médecine,BAC_1,Centrale,public,M,2024,REORIENTE
1,1,0,1,0,0,9.22,10.4,9.93,-1,9.93,0.4228,0.403,-0.007000000000000029,0,0,0.0,0.5,0.5,0,A,Communication et Journalisme,BAC_1,Grand Lomé,public,F,2024,ADMIS
1,1,0,1,0,0,8.1,9.35,9.36,1,9.36,0.3944,0.602,-0.06400000000000006,0,0,0.0,0.5,0.5,0,D,Agronomie,BAC_1,Savanes,public,M,2024,REORIENTE
1,1,0,1,0,0,11.15,9.38,11.43,1,11.43,0.623,0.575,0.14299999999999996,0,0,0.0,0.5,0.5,0,D,Informatique,BAC_1,Grand Lomé,privé,M,2024,REORIENTE
1,1,0,1,0,0,11.92,11.35,12.58,1,12.58,0.5674,0.502,0.258,0,0,0.0,0.5,0.5,0,A,Enseignement Primaire,BAC_1,Kara,public,F,2023,ADMIS
1,1,0,1,0,0,9.16,8.2,8.64,1,8.64,0.517,0.469,-0.13599999999999995,0,0,0.0,0.5,0.5,0,A,Lettres Modernes,BAC_1,Grand Lomé,privé,M,2024,REORIENTE
1,1,0,1,0,0,9.55,10.06,11.22,1,11.22,0.8084,0.536,0.12200000000000007,0,0,0.0,0.5,0.5,0,A,Sciences de l'Éducation,BAC_1,Plateaux Est,privé,F,2023,ADMIS
1,1,0,1,0,0,11.89,11.75,10.78,-1,10.78,0.4882000000000001,0.382,0.07799999999999993,0,0,0.0,0.5,0.5,0,A,Lettres Modernes,BAC_1,Maritime,public,F,2024,REORIENTE
1,1,0,1,0,0,10.33,7.94,8.94,1,8.94,0.628,0.628,-0.10600000000000005,0,0,0.0,0.5,0.5,0,A,Droit,BAC_1,Plateaux Est,public,M,2023,REORIENTE
1,1,0,1,0,0,9.75,10.28,10.66,1,10.66,0.6396,0.468,0.06600000000000002,0,0,0.0,0.5,0.5,0,A,Lettres Modernes,BAC_1,Grand Lomé,public,M,2023,ADMIS
1,1,0,1,0,0,10.51,9.68,9.77,1,9.77,0.655,0.619,-0.02300000000000004,0,0,0.0,0.5,0.5,0,A,Sciences Politiques,BAC_1,Grand Lomé,privé,M,2024,REORIENTE
1,1,0,1,0,0,12.04,10.68,12.06,1,12.06,0.8764,0.706,0.20600000000000004,0,0,0.0,0.5,0.5,0,A,Histoire,BAC_1,Maritime,privé,F,2023,ADMIS
1,1,0,1,0,0,4.65,6.15,5.72,-1,5.72,0.5238,0.582,-0.42800000000000005,0,0,0.0,0.5,0.5,0,A,Communication et Journalisme,BAC_1,Kara,public,F,2024,ADMIS
1,1,0,1,0,0,5.26,5.82,7.16,1,7.16,0.671,0.539,-0.284,0,0,0.0,0.5,0.5,0,A,Droit,BAC_1,Grand Lomé,public,F,2023,REORIENTE
1,1,0,1,0,0,6.18,7.53,8.05,1,8.05,0.5762,0.536,-0.19499999999999992,0,0,0.0,0.5,0.5,0,A,Psychologie,BAC_1,Maritime,privé,F,2024,ADMIS
1,1,0,1,0,0,9.43,9.08,9.58,1,9.58,0.4988,0.542,-0.041999999999999996,0,0,0.0,0.5,0.5,0,A,Droit,BAC_1,Kara,privé,F,2024,REORIENTE
1,1,0,1,0,0,7.79,9.83,10.78,1,10.78,0.6527999999999999,0.573,0.07799999999999993,0,0,0.0,0.5,0.5,0,D,Sciences Environnementales,BAC_1,Kara,privé,F,2023,ADMIS
1,1,0,1,0,0,11.02,10.91,10.86,-1,10.86,0.7274,0.422,0.08599999999999994,0,0,0.0,0.5,0.5,0,A,Sociologie,BAC_1,Grand Lomé,privé,F,2023,REORIENTE
1,1,0,1,0,0,8.91,8.36,8.33,-1,8.33,0.4394,0.53,-0.16699999999999998,0,0,0.0,0.5,0.5,0,D,Informatique,BAC_1,Maritime,privé,F,2024,ADMIS
1,1,0,1,0,0,11.67,13.54,12.82,-1,12.82,0.41859999999999997,0.301,0.28200000000000003,0,0,0.0,0.5,0.5,0,A,Lettres Modernes,BAC_1,Maritime,public,M,2024,ADMIS
1,1,0,1,0,0,10.02,8.78,8.75,-1,8.75,0.7839999999999999,0.529,-0.125,0,0,0.0,0.5,0.5,0,A,Droit,BAC_1,Plateaux Ouest,public,F,2023,REORIENTE
1,1,0,1,0,0,13.0,13.62,13.11,-1,13.11,0.6946,0.559,0.31099999999999994,0,0,0.0,0.5,0.5,0,T1,STAPS (Activités Physiques et Sportives),BAC_1,Grand Lomé,privé,M,2024,ADMIS
1,1,0,1,0,0,13.39,12.31,12.58,1,12.58,0.529,0.265,0.258,0,0,0.0,0.5,0.5,0,A,Communication et Journalisme,BAC_1,Grand Lomé,public,F,2023,ADMIS
1,1,0,1,0,0,12.27,11.49,11.39,-1,11.39,0.5734,0.535,0.13900000000000007,0,0,0.0,0.5,0.5,0,A,Sociologie,BAC_1,Plateaux Ouest,privé,M,2024,REORIENTE
1,1,0,1,0,0,11.19,12.96,12.27,-1,12.27,0.5566,0.49,0.22699999999999995,0,0,0.0,0.5,0.5,0,A,Anglais,BAC_1,Kara,public,M,2023,ADMIS
1,1,0,1,0,0,11.85,12.04,13.82,1,13.82,0.7567999999999999,0.623,0.382,0,0,0.0,0.5,0.5,0,A,Droit,BAC_1,Kara,public,M,2023,ADMIS
1,1,0,1,0,0,6.87,6.58,7.88,1,7.88,0.7708,0.463,-0.21200000000000002,0,0,0.0,0.5,0.5,0,A,Sciences de l'Éducation,BAC_1,Centrale,privé,F,2023,ADMIS
1,1,0,1,0,0,12.09,10.61,10.9,1,10.9,0.5533999999999999,0.524,0.09000000000000004,0,0,0.0,0.5,0.5,0,G3,Finance et Comptabilité,BAC_1,Maritime,public,M,2024,ADMIS
1,1,0,1,0,0,10.88,11.86,12.08,1,12.08,0.7307999999999999,0.603,0.20800000000000002,0,0,0.0,0.5,0.5,0,A,STAPS (Activités Physiques et Sportives),BAC_1,Centrale,public,F,2023,ADMIS
1,1,0,1,0,0,10.48,9.11,9.8,1,9.8,0.47519999999999996,0.618,-0.019999999999999928,0,0,0.0,0.5,0.5,0,D,Agronomie,BAC_1,Savanes,privé,M,2024,REORIENTE
1,1,0,1,0,0,9.83,9.94,11.26,1,11.26,0.5302,0.505,0.12599999999999997,0,0,0.0,0.5,0.5,0,A,Anglais,BAC_1,Kara,privé,M,2024,REORIENTE
1,1,0,1,0,0,10.45,7.17,8.61,1,8.61,0.6048,0.642,-0.13900000000000007,0,0,0.0,0.5,0.5,0,G1,Tourisme et Hôtellerie,BAC_1,Maritime,public,F,2023,REORIENTE
1,1,0,1,0,0,9.82,7.96,9.38,1,9.38,0.6868,0.604,-0.06199999999999992,0,0,0.0,0.5,0.5,0,G2,Économie,BAC_1,Grand Lomé,public,M,2023,REORIENTE
1,1,0,1,0,0,11.54,10.81,11.0,1,11.0,0.6542,0.338,0.1,0,0,0.0,0.5,0.5,0,E,Mathématiques Appliquées,BAC_1,Maritime,public,F,2023,ADMIS
1,1,0,1,0,0,9.95,9.42,10.06,1,10.06,0.647,0.545,0.0060000000000000496,0,0,0.0,0.5,0.5,0,A,Psychologie,BAC_1,Grand Lomé,privé,M,2024,ADMIS
1,1,0,1,0,0,12.79,12.37,12.61,1,12.61,0.7856,0.479,0.26099999999999995,0,0,0.0,0.5,0.5,0,A,Anglais,BAC_1,Maritime,public,M,2023,ADMIS
1,1,0,1,0,0,11.96,13.55,13.73,1,13.73,0.5196000000000001,0.462,0.37300000000000005,0,0,0.0,0.5,0.5,0,A,Droit,BAC_1,Centrale,public,F,2023,ADMIS
1,1,0,1,0,0,10.65,10.66,10.59,-1,10.59,0.41359999999999997,0.515,0.05899999999999998,0,0,0.0,0.5,0.5,0,A,Sociologie,BAC_1,Kara,public,M,2023,REORIENTE
1,1,0,1,0,0,8.82,11.87,10.84,-1,10.84,0.8382,0.675,0.08399999999999999,0,0,0.0,0.5,0.5,0,A,Sociologie,BAC_1,Grand Lomé,public,F,2023,ADMIS
1,1,0,1,0,0,10.84,12.62,11.98,-1,11.98,0.67,0.667,0.19800000000000004,0,0,0.0,0.5,0.5,0,A,Anglais,BAC_1,Kara,public,M,2023,ADMIS
1,1,0,1,0,0,12.33,11.6,12.72,1,12.72,0.3922,0.499,0.2720000000000001,0,0,0.0,0.5,0.5,0,D,Sciences Infirmières,BAC_1,Grand Lomé,public,F,2024,REORIENTE
1,1,0,1,0,0,10.3,9.31,10.69,1,10.69,0.7972,0.511,0.06899999999999995,0,0,0.0,0.5,0.5,0,D,Gestion des Entreprises,BAC_1,Grand Lomé,privé,F,2023,ADMIS
1,1,0,1,0,0,8.95,10.63,10.73,1,10.73,0.6168,0.387,0.07300000000000004,0,0,0.0,0.5,0.5,0,D,Histoire,BAC_1,Grand Lomé,public,M,2023,ADMIS
1,1,0,1,0,0,12.01,9.83,10.39,1,10.39,0.3664,0.205,0.039000000000000055,0,0,0.0,0.5,0.5,0,D,Enseignement Primaire,BAC_1,Grand Lomé,privé,M,2024,ADMIS
1,1,0,1,0,0,9.62,8.84,9.94,1,9.94,0.5306,0.521,-0.0060000000000000496,0,0,0.0,0.5,0.5,0,G2,Droit,BAC_1,Centrale,public,M,2024,ADMIS
1,1,0,1,0,0,9.42,11.83,10.83,-1,10.83,0.5284,0.427,0.083,0,0,0.0,0.5,0.5,0,A,Sciences de l'Éducation,BAC_1,Grand Lomé,public,M,2024,ADMIS
1,1,0,1,0,0,10.94,9.23,10.39,1,10.39,0.7496,0.389,0.039000000000000055,0,0,0.0,0.5,0.5,0,C,Biologie,BAC_1,Maritime,privé,M,2023,ADMIS
1,1,0,1,0,0,7.44,7.63,7.12,-1,7.12,0.6328,0.649,-0.288,0,0,0.0,0.5,0.5,0,G2,Sciences Infirmières,BAC_1,Grand Lomé,public,F,2023,REORIENTE
1,1,0,1,0,0,12.41,9.85,10.73,1,10.73,0.4082,0.5,0.07300000000000004,0,0,0.0,0.5,0.5,0,A,Sciences de l'Éducation,BAC_1,Maritime,public,F,2024,REORIENTE
1,1,0,1,0,0,10.89,10.25,10.81,1,10.81,0.6898,0.478,0.08100000000000004,0,0,0.0,0.5,0.5,0,A,Sociologie,BAC_1,Grand Lomé,public,M,2023,ADMIS
1,1,0,1,0,0,10.02,11.36,11.25,-1,11.25,0.7498,0.757,0.125,0,0,0.0,0.5,0.5,0,D,Sciences Environnementales,BAC_1,Centrale,public,M,2023,ADMIS
1,1,0,1,0,0,8.94,9.57,9.48,-1,9.48,0.6116,0.569,-0.051999999999999956,0,0,0.0,0.5,0.5,0,G2,Gestion des Entreprises,BAC_1,Plateaux Est,privé,M,2024,REORIENTE
1,1,0,1,0,0,8.46,10.52,10.2,-1,10.2,0.5022,0.525,0.019999999999999928,0,0,0.0,0.5,0.5,0,A,Géographie,BAC_1,Kara,privé,F,2024,REORIENTE
1,1,0,1,0,0,8.26,7.78,8.54,1,8.54,0.3812,0.341,-0.14600000000000007,0,0,0.0,0.5,0.5,0,D,Sciences Environnementales,BAC_1,Plateaux Est,public,F,2024,REORIENTE
1,1,0,1,0,0,13.28,15.15,14.49,-1,14.49,0.5915999999999999,0.69,0.449,0,0,0.0,0.5,0.5,0,D,Sciences Infirmières,BAC_1,Grand Lomé,public,F,2024,ADMIS
1,1,0,1,0,0,13.81,14.78,15.11,1,15.11,0.7912,0.493,0.5109999999999999,0,0,0.0,0.5,0.5,0,A,Lettres Modernes,BAC_1,Grand Lomé,privé,M,2023,ADMIS
1,1,0,1,0,0,8.31,9.83,10.25,1,10.25,0.4864,0.475,0.025,0,0,0.0,0.5,0.5,0,A,Arts Plastiques,BAC_1,Plateaux Ouest,public,F,2024,REORIENTE
1,1,0,1,0,0,10.54,9.58,10.32,1,10.32,0.6724,0.592,0.03200000000000003,0,0,0.0,0.5,0.5,0,A,Communication et Journalisme,BAC_1,Grand Lomé,privé,F,2024,ADMIS
1,1,0,1,0,0,9.02,11.2,10.75,-1,10.75,0.8976,0.759,0.075,0,0,0.0,0.5,0.5,0,D,Sciences de l'Éducation,BAC_1,Plateaux Est,privé,F,2023,REORIENTE
1,1,0,1,0,0,10.65,11.44,12.03,1,12.03,0.6468,0.549,0.20299999999999993,0,0,0.0,0.5,0.5,0,D,Informatique,BAC_1,Grand Lomé,privé,F,2024,ADMIS
1,1,0,1,0,0,10.83,9.79,11.24,1,11.24,0.6743999999999999,0.399,0.12400000000000003,0,0,0.0,0.5,0.5,0,A,Géographie,BAC_1,Maritime,public,F,2023,ADMIS
1,1,0,1,0,0,9.42,8.18,9.84,1,9.84,0.4296,0.513,-0.016000000000000014,0,0,0.0,0.5,0.5,0,A,Sciences Politiques,BAC_1,Kara,public,M,2024,ADMIS
1,1,0,1,0,0,11.35,11.33,11.12,-1,11.12,0.6004,0.457,0.11199999999999992,0,0,0.0,0.5,0.5,0,A,Histoire,BAC_1,Plateaux Ouest,privé,M,2024,ADMIS
1,1,0,1,0,0,7.96,6.72,7.78,1,7.78,0.44920000000000004,0.463,-0.22199999999999998,0,0,0.0,0.5,0.5,0,A,Sciences Politiques,BAC_1,Kara,public,F,2024,ADMIS
1,1,0,1,0,0,5.03,6.78,7.03,1,7.03,0.6918,0.645,-0.297,0,0,0.0,0.5,0.5,0,B,Tourisme et Hôtellerie,BAC_1,Savanes,public,M,2023,ADMIS
1,1,0,1,0,0,7.13,7.35,7.71,1,7.71,0.6974,0.425,-0.229,0,0,0.0,0.5,0.5,0,D,Sciences Forestières,BAC_1,Savanes,privé,M,2023,REORIENTE
1,1,0,1,0,0,13.91,13.25,14.97,1,14.97,0.5828,0.602,0.49700000000000005,0,0,0.0,0.5,0.5,0,D,Génie Civil,BAC_1,Savanes,public,F,2023,ADMIS
1,1,0,1,0,0,12.77,12.96,13.22,1,13.22,0.7285999999999999,0.599,0.32200000000000006,0,0,0.0,0.5,0.5,0,A,Enseignement Primaire,BAC_1,Maritime,public,F,2023,ADMIS
1,1,0,1,0,0,10.36,12.02,11.8,-1,11.8,0.4712,0.611,0.18000000000000008,0,0,0.0,0.5,0.5,0,D,Odontologie,BAC_1,Maritime,public,F,2024,REORIENTE
1,1,0,1,0,0,9.36,8.15,8.76,1,8.76,0.4336,0.631,-0.12400000000000003,0,0,0.0,0.5,0.5,0,A,Communication et Journalisme,BAC_1,Maritime,public,M,2024,ADMIS
1,1,0,1,0,0,12.27,11.8,11.78,-1,11.78,0.6134,0.341,0.17799999999999994,0,0,0.0,0.5,0.5,0,A,Communication et Journalisme,BAC_1,Plateaux Ouest,public,F,2023,ADMIS
1,1,0,1,0,0,11.81,9.79,12.03,1,12.03,0.7032,0.39,0.20299999999999993,0,0,0.0,0.5,0.5,0,A,Lettres Modernes,BAC_1,Grand Lomé,privé,F,2023,ADMIS
1,1,0,1,0,0,12.02,11.84,12.78,1,12.78,0.6556,0.58,0.2779999999999999,0,0,0.0,0.5,0.5,0,D,Psychologie,BAC_1,Plateaux Ouest,privé,M,2023,REORIENTE
1,1,0,1,0,0,11.8,11.94,12.14,1,12.14,0.7759999999999999,0.608,0.21400000000000005,0,0,0.0,0.5,0.5,0,A,Anglais,BAC_1,Grand Lomé,public,M,2023,ADMIS
1,1,0,1,0,0,7.05,8.38,8.43,1,8.43,0.48040000000000005,0.622,-0.15700000000000003,0,0,0.0,0.5,0.5,0,A,Lettres Modernes,BAC_1,Plateaux Est,public,F,2024,REORIENTE
1,1,0,1,0,0,10.5,12.38,12.82,1,12.82,0.5780000000000001,0.455,0.28200000000000003,0,0,0.0,0.5,0.5,0,D,Géographie,BAC_1,Grand Lomé,public,M,2024,ADMIS
1,1,0,1,0,0,11.05,11.75,11.44,-1,11.44,0.4022,0.407,0.14399999999999996,0,0,0.0,0.5,0.5,0,D,Biologie,BAC_1,Grand Lomé,public,F,2024,REORIENTE
1,1,0,1,0,0,10.82,11.3,10.1,-1,10.1,0.38539999999999996,0.398,0.009999999999999964,0,0,0.0,0.5,0.5,0,A,Anglais,BAC_1,Plateaux Ouest,public,M,2024,REORIENTE
1,1,0,1,0,0,10.88,12.11,10.98,-1,10.98,0.5146,0.331,0.09800000000000005,0,0,0.0,0.5,0.5,0,D,Gestion des Entreprises,BAC_1,Plateaux Ouest,public,F,2023,REORIENTE
1,1,0,1,0,0,16.35,16.09,16.89,1,16.89,0.403,0.424,0.6890000000000001,0,0,0.0,0.5,0.5,0,D,Biologie,BAC_1,Savanes,public,F,2024,REORIENTE
1,1,0,1,0,0,9.65,10.33,10.42,1,10.42,0.586,0.613,0.041999999999999996,0,0,0.0,0.5,0.5,0,A,Droit,BAC_1,Maritime,privé,M,2024,ADMIS
1,1,0,1,0,0,9.33,11.12,10.56,-1,10.56,0.6462,0.549,0.05600000000000005,0,0,0.0,0.5,0.5,0,D,Sciences Infirmières,BAC_1,Grand Lomé,public,F,2023,ADMIS
1,1,0,1,0,0,10.62,9.33,9.33,1,9.33,0.8059999999999999,0.599,-0.06699999999999999,0,0,0.0,0.5,0.5,0,A,Communication et Journalisme,BAC_1,Plateaux Ouest,public,F,2023,REORIENTE
1,1,0,1,0,0,9.71,9.78,10.19,1,10.19,0.8084,0.551,0.01899999999999995,0,0,0.0,0.5,0.5,0,A,Sociologie,BAC_1,Maritime,public,F,2023,REORIENTE
1,1,0,1,0,0,10.83,8.43,10.5,1,10.5,0.4186000000000001,0.541,0.05,0,0,0.0,0.5,0.5,0,D,Génie Informatique,BAC_1,Plateaux Ouest,public,M,2024,REORIENTE
1,1,0,1,0,0,10.67,10.25,11.44,1,11.44,0.8260000000000001,0.715,0.14399999999999996,0,0,0.0,0.5,0.5,0,A,Sciences Politiques,BAC_1,Grand Lomé,privé,F,2023,ADMIS
1,1,0,1,0,0,10.99,11.4,11.4,1,11.4,0.76,0.415,0.14000000000000004,0,0,0.0,0.5,0.5,0,A,Géographie,BAC_1,Grand Lomé,public,M,2023,REORIENTE
1,1,0,1,0,0,12.36,12.17,12.96,1,12.96,0.4088,0.644,0.2960000000000001,0,0,0.0,0.5,0.5,0,D,Médecine,BAC_1,Maritime,public,F,2024,REORIENTE
1,1,0,1,0,0,5.86,6.09,5.96,-1,5.96,0.7245999999999999,0.391,-0.404,0,0,0.0,0.5,0.5,0,A,Géographie,BAC_1,Grand Lomé,public,M,2023,REORIENTE
1,1,0,1,0,0,11.44,11.15,11.97,1,11.97,0.7096,0.289,0.19700000000000006,0,0,0.0,0.5,0.5,0,A,Lettres Modernes,BAC_1,Centrale,privé,F,2023,REORIENTE
1,1,0,1,0,0,10.86,12.59,12.02,-1,12.02,0.3852,0.426,0.20199999999999996,0,0,0.0,0.5,0.5,0,A,Tourisme et Hôtellerie,BAC_1,Maritime,public,M,2024,REORIENTE
1,1,0,1,0,0,8.39,8.1,8.95,1,8.95,0.5286,0.408,-0.10500000000000007,0,0,0.0,0.5,0.5,0,D,Gestion des Entreprises,BAC_1,Grand Lomé,privé,M,2024,ADMIS
1,1,0,1,0,0,13.08,11.33,12.08,1,12.08,0.4462,0.412,0.20800000000000002,0,0,0.0,0.5,0.5,0,D,Agronomie,BAC_1,Kara,public,M,2024,REORIENTE
1,1,0,1,0,0,10.66,12.12,11.79,-1,11.79,0.7362,0.552,0.1789999999999999,0,0,0.0,0.5,0.5,0,D,Génie Civil,BAC_1,Maritime,public,M,2023,ADMIS
1,1,0,1,0,0,10.26,12.22,11.44,-1,11.44,0.4572,0.432,0.14399999999999996,0,0,0.0,0.5,0.5,0,D,Génie Civil,BAC_1,Kara,privé,F,2024,REORIENTE
1,1,0,1,0,0,7.91,8.83,8.37,-1,8.37,0.6629999999999999,0.624,-0.1630000000000001,0,0,0.0,0.5,0.5,0,A,Droit,BAC_1,Maritime,privé,M,2024,REORIENTE
1,1,0,1,0,0,7.44,8.21,8.27,1,8.27,0.7608,0.468,-0.17300000000000004,0,0,0.0,0.5,0.5,0,A,Lettres Modernes,BAC_1,Savanes,public,F,2023,ADMIS
1,1,0,1,0,0,15.17,14.68,14.29,-1,14.29,0.276,0.408,0.42899999999999994,0,0,0.0,0.5,0.5,0,D,Génie Informatique,BAC_1,Centrale,public,M,2024,REORIENTE
1,1,0,1,0,0,11.23,12.06,12.18,1,12.18,0.7014,0.48,0.21799999999999997,0,0,0.0,0.5,0.5,0,D,Tourisme et Hôtellerie,BAC_1,Maritime,public,F,2023,REORIENTE
1,1,0,1,0,0,10.37,10.17,10.73,1,10.73,0.1624,0.256,0.07300000000000004,0,0,0.0,0.5,0.5,0,D,Biologie,BAC_1,Plateaux Est,public,M,2024,REORIENTE
1,1,0,1,0,0,9.35,9.84,10.48,1,10.48,0.46759999999999996,0.725,0.04800000000000004,0,0,0.0,0.5,0.5,0,D,Informatique,BAC_1,Plateaux Est,public,F,2024,REORIENTE
1,1,0,1,0,0,7.66,9.66,8.95,-1,8.95,0.39880000000000004,0.49,-0.10500000000000007,0,0,0.0,0.5,0.5,0,A,Anglais,BAC_1,Plateaux Ouest,public,F,2024,ADMIS
1,1,0,1,0,0,13.21,13.11,13.29,1,13.29,0.7202,0.572,0.3289999999999999,0,0,0.0,0.5,0.5,0,D,Génie Civil,BAC_1,Savanes,public,M,2023,REORIENTE
1,1,0,1,0,0,6.74,7.44,8.23,1,8.23,0.6188,0.338,-0.17699999999999996,0,0,0.0,0.5,0.5,0,A,Sciences de l'Éducation,BAC_1,Plateaux Est,public,F,2023,ADMIS
1,1,0,1,0,0,10.15,11.55,11.31,-1,11.31,0.8388,0.612,0.13100000000000006,0,0,0.0,0.5,0.5,0,D,Génie Civil,BAC_1,Grand Lomé,public,M,2023,REORIENTE
1,1,0,1,0,0,8.25,8.02,9.09,1,9.09,0.5758,0.712,-0.09100000000000001,0,0,0.0,0.5,0.5,0,D,Finance et Comptabilité,BAC_1,Plateaux Ouest,privé,F,2024,ADMIS
1,1,0,1,0,0,9.55,12.33,11.4,-1,11.4,0.5946,0.6,0.14000000000000004,0,0,0.0,0.5,0.5,0,D,Agronomie,BAC_1,Kara,public,F,2023,REORIENTE
1,1,0,1,0,0,12.13,12.06,11.67,-1,11.67,0.5998,0.382,0.16699999999999998,0,0,0.0,0.5,0.5,0,A,Droit,BAC_1,Plateaux Est,public,M,2023,REORIENTE
1,1,0,1,0,0,10.41,9.27,9.55,1,9.55,0.6078,0.588,-0.04499999999999993,0,0,0.0,0.5,0.5,0,D,Agronomie,BAC_1,Plateaux Est,public,M,2023,REORIENTE
1,1,0,1,0,0,11.63,12.12,12.95,1,12.95,0.862,0.67,0.29499999999999993,0,0,0.0,0.5,0.5,0,D,Biologie,BAC_1,Grand Lomé,privé,F,2023,REORIENTE
1,1,0,1,0,0,6.0,6.69,7.25,1,7.25,0.6354,0.408,-0.275,0,0,0.0,0.5,0.5,0,D,Sciences de l'Éducation,BAC_1,Maritime,public,F,2023,REORIENTE
1,1,0,1,0,0,10.93,11.39,12.29,1,12.29,0.4444,0.346,0.22899999999999993,0,0,0.0,0.5,0.5,0,D,Géographie,BAC_1,Maritime,privé,M,2024,REORIENTE
1,1,0,1,0,0,8.88,10.7,10.35,-1,10.35,0.5138,0.371,0.03499999999999996,0,0,0.0,0.5,0.5,0,D,Psychologie,BAC_1,Grand Lomé,public,F,2023,ADMIS
1,1,0,1,0,0,8.27,7.62,8.12,1,8.12,0.3376,0.442,-0.18800000000000008,0,0,0.0,0.5,0.5,0,D,Géographie,BAC_1,Savanes,public,F,2024,REORIENTE
1,1,0,1,0,0,7.65,8.43,8.55,1,8.55,0.8868,0.882,-0.14499999999999993,0,0,0.0,0.5,0.5,0,A,Sciences Politiques,BAC_1,Kara,public,M,2023,REORIENTE
1,1,0,1,0,0,9.67,10.24,11.35,1,11.35,0.6956,0.647,0.13499999999999995,0,0,0.0,0.5,0.5,0,D,Génie Informatique,BAC_1,Plateaux Ouest,public,M,2023,ADMIS
1,1,0,1,0,0,8.21,8.34,9.8,1,9.8,0.34240000000000004,0.394,-0.019999999999999928,0,0,0.0,0.5,0.5,0,F2,Génie Mécanique,BAC_1,Grand Lomé,public,M,2024,REORIENTE
1,1,0,1,0,0,7.6,7.91,8.23,1,8.23,0.6346,0.376,-0.17699999999999996,0,0,0.0,0.5,0.5,0,D,Finance et Comptabilité,BAC_1,Maritime,public,F,2023,REORIENTE
1,1,0,1,0,0,12.53,12.52,12.13,-1,12.13,0.6496,0.454,0.21300000000000008,0,0,0.0,0.5,0.5,0,A,STAPS (Activités Physiques et Sportives),BAC_1,Grand Lomé,public,F,2023,ADMIS
1,1,0,1,0,0,7.66,8.55,8.76,1,8.76,0.7756,0.454,-0.12400000000000003,0,0,0.0,0.5,0.5,0,A,Sociologie,BAC_1,Maritime,public,F,2023,REORIENTE
1,1,0,1,0,0,10.37,9.85,10.81,1,10.81,0.5462,0.587,0.08100000000000004,0,0,0.0,0.5,0.5,0,A,Lettres Modernes,BAC_1,Plateaux Est,public,F,2024,ADMIS
1,1,0,1,0,0,12.17,11.27,11.24,-1,11.24,0.7172,0.542,0.12400000000000003,0,0,0.0,0.5,0.5,0,A,Lettres Modernes,BAC_1,Grand Lomé,public,M,2024,REORIENTE
1,1,0,1,0,0,10.99,11.95,11.86,-1,11.86,0.7367999999999999,0.51,0.18599999999999994,0,0,0.0,0.5,0.5,0,D,Médecine,BAC_1,Maritime,public,F,2023,REORIENTE
1,1,0,1,0,0,9.61,10.76,10.29,-1,10.29,0.5436,0.45,0.028999999999999915,0,0,0.0,0.5,0.5,0,A,Histoire,BAC_1,Kara,public,M,2023,REORIENTE
1,1,0,1,0,0,9.08,8.81,8.97,1,8.97,0.6092,0.566,-0.10299999999999994,0,0,0.0,0.5,0.5,0,A,STAPS (Activités Physiques et Sportives),BAC_1,Maritime,public,F,2024,REORIENTE
1,1,0,1,0,0,8.38,7.92,8.08,1,8.08,0.748,0.664,-0.192,0,0,0.0,0.5,0.5,0,A,Droit,BAC_1,Centrale,public,M,2023,REORIENTE
1,1,0,1,0,0,10.44,11.1,10.79,-1,10.79,0.772,0.448,0.07899999999999992,0,0,0.0,0.5,0.5,0,A,Enseignement Primaire,BAC_1,Maritime,public,F,2023,ADMIS
1,1,0,1,0,0,6.92,7.55,6.88,-1,6.88,0.784,0.49,-0.312,0,0,0.0,0.5,0.5,0,D,Finance et Comptabilité,BAC_1,Plateaux Est,privé,F,2023,ADMIS
1,1,0,1,0,0,6.68,7.74,7.93,1,7.93,0.7288,0.625,-0.20700000000000002,0,0,0.0,0.5,0.5,0,D,Finance et Comptabilité,BAC_1,Grand Lomé,public,M,2023,REORIENTE
1,1,0,1,0,0,10.36,10.68,11.8,1,11.8,0.5294000000000001,0.56,0.18000000000000008,0,0,0.0,0.5,0.5,0,A,Tourisme et Hôtellerie,BAC_1,Maritime,public,F,2024,REORIENTE
1,1,0,1,0,0,7.65,8.87,9.74,1,9.74,0.4988,0.401,-0.025999999999999978,0,0,0.0,0.5,0.5,0,D,Sciences Infirmières,BAC_1,Plateaux Ouest,public,M,2023,REORIENTE
1,1,0,1,0,0,9.18,9.97,9.99,1,9.99,0.7596,0.678,-0.0009999999999999788,0,0,0.0,0.5,0.5,0,F4,Génie Civil,BAC_1,Maritime,privé,F,2023,ADMIS
1,1,0,1,0,0,5.71,4.52,6.12,1,6.12,0.5058,0.738,-0.388,0,0,0.0,0.5,0.5,0,D,Finance et Comptabilité,BAC_1,Maritime,privé,M,2024,REORIENTE
1,1,0,1,0,0,15.12,15.48,14.66,-1,14.66,0.8364,0.651,0.466,0,0,0.0,0.5,0.5,0,D,Pharmacie,BAC_1,Grand Lomé,public,F,2023,REORIENTE
1,1,0,1,0,0,13.4,13.36,13.51,1,13.51,0.4604,0.524,0.351,0,0,0.0,0.5,0.5,0,D,Psychologie,BAC_1,Kara,public,F,2023,ADMIS
1,1,0,1,0,0,9.55,9.76,9.29,-1,9.29,0.8612000000000001,0.773,-0.07100000000000009,0,0,0.0,0.5,0.5,0,A,Communication et Journalisme,BAC_1,Centrale,public,M,2023,ADMIS
1,1,0,1,0,0,9.99,11.1,10.76,-1,10.76,0.5496,0.618,0.07599999999999998,0,0,0.0,0.5,0.5,0,A,Sociologie,BAC_1,Maritime,public,F,2024,REORIENTE
1,1,0,1,0,0,7.88,6.77,8.2,1,8.2,0.5196000000000001,0.462,-0.18000000000000008,0,0,0.0,0.5,0.5,0,A,Lettres Modernes,BAC_1,Maritime,public,F,2024,REORIENTE
1,1,0,1,0,0,8.37,11.27,11.5,1,11.5,0.6194,0.461,0.15,0,0,0.0,0.5,0.5,0,D,Génie Civil,BAC_1,Plateaux Est,public,M,2023,REORIENTE
1,1,0,1,0,0,12.06,11.57,12.02,1,12.02,0.608,0.596,0.20199999999999996,0,0,0.0,0.5,0.5,0,A,Communication et Journalisme,BAC_1,Grand Lomé,public,M,2024,ADMIS
1,1,0,1,0,0,9.04,8.71,8.66,-1,8.66,0.7104,0.573,-0.13399999999999998,0,0,0.0,0.5,0.5,0,A,Sciences Politiques,BAC_1,Plateaux Est,public,M,2023,REORIENTE
1,1,0,1,0,0,10.77,8.7,10.56,1,10.56,0.313,0.481,0.05600000000000005,0,0,0.0,0.5,0.5,0,D,Génie Informatique,BAC_1,Centrale,public,F,2024,REORIENTE
1,1,0,1,0,0,10.62,10.39,11.23,1,11.23,0.4392,0.441,0.12300000000000004,0,0,0.0,0.5,0.5,0,D,Génie Mécanique,BAC_1,Savanes,privé,M,2024,REORIENTE
1,1,0,1,0,0,11.66,11.81,11.98,1,11.98,0.768,0.435,0.19800000000000004,0,0,0.0,0.5,0.5,0,D,Histoire,BAC_1,Maritime,privé,F,2023,REORIENTE
1,1,0,1,0,0,11.81,10.22,10.43,1,10.43,0.3696,0.378,0.04299999999999997,0,0,0.0,0.5,0.5,0,A,Lettres Modernes,BAC_1,Centrale,public,F,2024,REORIENTE
1,1,0,1,0,0,10.9,10.61,11.3,1,11.3,0.47840000000000005,0.395,0.13000000000000006,0,0,0.0,0.5,0.5,0,G3,Banque et Assurance,BAC_1,Grand Lomé,public,F,2023,REORIENTE
1,1,0,1,0,0,11.06,11.13,10.55,-1,10.55,0.5766,0.729,0.05500000000000007,0,0,0.0,0.5,0.5,0,A,STAPS (Activités Physiques et Sportives),BAC_1,Plateaux Est,public,M,2024,REORIENTE
1,1,0,1,0,0,11.06,10.85,10.73,-1,10.73,0.43900000000000006,0.511,0.07300000000000004,0,0,0.0,0.5,0.5,0,A,Géographie,BAC_1,Centrale,privé,F,2024,ADMIS
1,1,0,1,0,0,10.48,9.8,9.95,1,9.95,0.7671999999999999,0.634,-0.005000000000000071,0,0,0.0,0.5,0.5,0,A,Droit,BAC_1,Grand Lomé,public,F,2023,ADMIS
1,1,0,1,0,0,8.37,9.82,10.17,1,10.17,0.3006,0.441,0.016999999999999994,0,0,0.0,0.5,0.5,0,D,Tourisme et Hôtellerie,BAC_1,Grand Lomé,public,F,2024,ADMIS
1,1,0,1,0,0,11.32,11.43,11.47,1,11.47,0.7098,0.519,0.14700000000000008,0,0,0.0,0.5,0.5,0,A,Sciences Politiques,BAC_1,Centrale,public,M,2023,REORIENTE
1,1,0,1,0,0,12.51,12.92,12.12,-1,12.12,0.5074,0.538,0.2119999999999999,0,0,0.0,0.5,0.5,0,D,Physique-Chimie,BAC_1,Maritime,privé,M,2024,REORIENTE
1,1,0,1,0,0,7.79,9.78,9.68,-1,9.68,0.7323999999999999,0.625,-0.03200000000000003,0,0,0.0,0.5,0.5,0,A,Droit,BAC_1,Maritime,public,M,2023,REORIENTE
1,1,0,1,0,0,8.71,8.5,9.23,1,9.23,0.5844,0.384,-0.07699999999999996,0,0,0.0,0.5,0.5,0,A,Sociologie,BAC_1,Plateaux Ouest,public,M,2023,REORIENTE
1,1,0,1,0,0,11.13,12.96,12.61,-1,12.61,0.2864,0.566,0.26099999999999995,0,0,0.0,0.5,0.5,0,D,Biologie,BAC_1,Plateaux Est,public,M,2024,REORIENTE
1,1,0,1,0,0,8.02,8.06,8.42,1,8.42,0.638,0.569,-0.158,0,0,0.0,0.5,0.5,0,A,Tourisme et Hôtellerie,BAC_1,Plateaux Est,privé,F,2024,ADMIS
1,1,0,1,0,0,8.98,9.24,9.67,1,9.67,0.6095999999999999,0.582,-0.03300000000000001,0,0,0.0,0.5,0.5,0,D,Finance et Comptabilité,BAC_1,Grand Lomé,public,M,2023,ADMIS
1,1,0,1,0,0,8.9,8.48,8.49,1,8.49,0.7796,0.716,-0.15099999999999997,0,0,0.0,0.5,0.5,0,D,Génie Informatique,BAC_1,Maritime,public,M,2023,REORIENTE
1,1,0,1,0,0,9.95,11.51,10.54,-1,10.54,0.43379999999999996,0.474,0.053999999999999916,0,0,0.0,0.5,0.5,0,D,Pharmacie,BAC_1,Centrale,privé,M,2023,REORIENTE
1,1,0,1,0,0,11.61,10.08,10.52,1,10.52,0.6462,0.435,0.051999999999999956,0,0,0.0,0.5,0.5,0,D,Biologie,BAC_1,Plateaux Est,public,M,2023,REORIENTE
1,1,0,1,0,0,11.83,9.34,10.23,1,10.23,0.5152,0.697,0.02300000000000004,0,0,0.0,0.5,0.5,0,D,Gestion des Entreprises,BAC_1,Centrale,public,M,2024,ADMIS
1,1,0,1,0,0,12.54,11.0,12.79,1,12.79,0.5366,0.482,0.2789999999999999,0,0,0.0,0.5,0.5,0,D,Physique-Chimie,BAC_1,Grand Lomé,public,F,2024,REORIENTE
1,1,0,1,0,0,9.87,9.51,10.03,1,10.03,0.505,0.592,0.002999999999999936,0,0,0.0,0.5,0.5,0,A,Sciences de l'Éducation,BAC_1,Savanes,public,M,2024,ADMIS
1,1,0,1,0,0,10.0,10.81,10.11,-1,10.11,0.5476,0.508,0.010999999999999944,0,0,0.0,0.5,0.5,0,A,Géographie,BAC_1,Maritime,public,M,2024,REORIENTE
1,1,0,1,0,0,9.02,9.37,9.68,1,9.68,0.8291999999999999,0.627,-0.03200000000000003,0,0,0.0,0.5,0.5,0,A,Psychologie,BAC_1,Savanes,public,F,2023,REORIENTE
1,1,0,1,0,0,8.7,8.99,9.43,1,9.43,0.6764,0.527,-0.05700000000000003,0,0,0.0,0.5,0.5,0,A,STAPS (Activités Physiques et Sportives),BAC_1,Maritime,public,M,2023,REORIENTE
1,1,0,1,0,0,12.06,12.24,12.28,1,12.28,0.3664,0.544,0.22799999999999992,0,0,0.0,0.5,0.5,0,A,Sciences Politiques,BAC_1,Kara,public,M,2024,ADMIS
1,1,0,1,0,0,14.11,12.58,13.24,1,13.24,0.3136,0.502,0.324,0,0,0.0,0.5,0.5,0,A,Tourisme et Hôtellerie,BAC_1,Maritime,public,M,2024,ADMIS
1,1,0,1,0,0,10.59,13.6,12.93,-1,12.93,0.5511999999999999,0.691,0.293,0,0,0.0,0.5,0.5,0,D,Sciences Infirmières,BAC_1,Grand Lomé,privé,M,2024,REORIENTE
1,1,0,1,0,0,8.52,8.9,9.29,1,9.29,0.6566,0.308,-0.07100000000000009,0,0,0.0,0.5,0.5,0,A,STAPS (Activités Physiques et Sportives),BAC_1,Grand Lomé,public,F,2023,ADMIS
1,1,0,1,0,0,11.33,10.25,10.28,1,10.28,0.5656000000000001,0.463,0.027999999999999935,0,0,0.0,0.5,0.5,0,G1,Banque et Assurance,BAC_1,Plateaux Ouest,privé,F,2024,ADMIS
1,1,0,1,0,0,9.64,10.95,11.3,1,11.3,0.6216,0.558,0.13000000000000006,0,0,0.0,0.5,0.5,0,D,Informatique,BAC_1,Grand Lomé,public,M,2023,ADMIS
1,1,0,1,0,0,8.23,8.69,10.02,1,10.02,0.5874,0.528,0.0019999999999999575,0,0,0.0,0.5,0.5,0,D,Médecine,BAC_1,Grand Lomé,public,M,2024,REORIENTE
1,1,0,1,0,0,10.75,11.23,11.34,1,11.34,0.8112,0.543,0.13399999999999998,0,0,0.0,0.5,0.5,0,A,Géographie,BAC_1,Plateaux Ouest,privé,F,2023,ADMIS
1,1,0,1,0,0,12.99,12.24,12.64,1,12.64,0.6038,0.584,0.26400000000000007,0,0,0.0,0.5,0.5,0,D,Sciences Infirmières,BAC_1,Centrale,privé,M,2024,REORIENTE
1,1,0,1,0,0,10.62,9.92,10.23,1,10.23,0.7188,0.561,0.02300000000000004,0,0,0.0,0.5,0.5,0,A,Sciences de l'Éducation,BAC_1,Plateaux Ouest,public,M,2023,ADMIS
1,1,0,1,0,0,9.48,10.43,10.7,1,10.7,0.476,0.539,0.06999999999999992,0,0,0.0,0.5,0.5,0,D,Sciences de l'Éducation,BAC_1,Centrale,public,M,2024,REORIENTE
1,1,0,1,0,0,11.04,11.82,12.17,1,12.17,0.7103999999999999,0.291,0.217,0,0,0.0,0.5,0.5,0,D,Biologie,BAC_1,Plateaux Ouest,privé,F,2023,ADMIS
1,1,0,1,0,0,11.95,11.86,11.8,-1,11.8,0.754,0.619,0.18000000000000008,0,0,0.0,0.5,0.5,0,D,Médecine,BAC_1,Grand Lomé,privé,M,2023,REORIENTE
1,1,0,1,0,0,7.62,9.45,10.06,1,10.06,0.6202,0.406,0.0060000000000000496,0,0,0.0,0.5,0.5,0,C,Informatique,BAC_1,Grand Lomé,public,F,2023,ADMIS
1,1,0,1,0,0,9.43,9.14,9.56,1,9.56,0.617,0.548,-0.04399999999999995,0,0,0.0,0.5,0.5,0,D,Agronomie,BAC_1,Maritime,public,M,2023,REORIENTE
1,1,0,1,0,0,14.17,12.33,13.89,1,13.89,0.48119999999999996,0.57,0.38900000000000007,0,0,0.0,0.5,0.5,0,D,Biologie,BAC_1,Kara,privé,M,2024,REORIENTE
1,1,0,1,0,0,13.71,12.56,12.24,-1,12.24,0.642,0.393,0.22400000000000003,0,0,0.0,0.5,0.5,0,A,Histoire,BAC_1,Centrale,public,F,2023,ADMIS
1,1,0,1,0,0,13.58,14.56,15.09,1,15.09,0.5538000000000001,0.375,0.509,0,0,0.0,0.5,0.5,0,A,Anglais,BAC_1,Plateaux Est,public,M,2023,ADMIS
1,1,0,1,0,0,10.22,8.97,10.22,1,10.22,0.5716,0.562,0.022000000000000065,0,0,0.0,0.5,0.5,0,D,Sciences Forestières,BAC_1,Grand Lomé,public,M,2024,REORIENTE
1,1,0,1,0,0,8.38,8.41,9.12,1,9.12,0.445,0.661,-0.08800000000000008,0,0,0.0,0.5,0.5,0,D,Enseignement Primaire,BAC_1,Maritime,public,M,2024,REORIENTE
1,1,0,1,0,0,8.73,9.78,9.01,-1,9.01,0.4114,0.388,-0.09900000000000002,0,0,0.0,0.5,0.5,0,D,Finance et Comptabilité,BAC_1,Savanes,public,F,2024,REORIENTE
1,1,0,1,0,0,9.44,9.09,10.67,1,10.67,0.371,0.389,0.06699999999999999,0,0,0.0,0.5,0.5,0,A,Communication et Journalisme,BAC_1,Grand Lomé,privé,F,2024,REORIENTE
1,1,0,1,0,0,12.51,12.48,12.47,-1,12.47,0.8311999999999999,0.593,0.24700000000000005,0,0,0.0,0.5,0.5,0,A,Psychologie,BAC_1,Maritime,public,F,2023,ADMIS
1,1,0,1,0,0,12.05,11.81,11.84,1,11.84,0.7747999999999999,0.452,0.184,0,0,0.0,0.5,0.5,0,D,Génie Informatique,BAC_1,Grand Lomé,privé,M,2023,REORIENTE
1,1,0,1,0,0,7.08,9.34,9.47,1,9.47,0.2724,0.285,-0.052999999999999936,0,0,0.0,0.5,0.5,0,A,Psychologie,BAC_1,Plateaux Est,privé,F,2024,ADMIS
1,1,0,1,0,0,7.44,6.91,7.41,1,7.41,0.41059999999999997,0.464,-0.259,0,0,0.0,0.5,0.5,0,A,Lettres Modernes,BAC_1,Plateaux Ouest,public,F,2024,REORIENTE
1,1,0,1,0,0,14.87,14.52,14.69,1,14.69,0.519,0.435,0.469,0,0,0.0,0.5,0.5,0,D,Médecine,BAC_1,Maritime,public,M,2024,REORIENTE
1,1,0,1,0,0,5.9,7.73,7.88,1,7.88,0.5498000000000001,0.566,-0.21200000000000002,0,0,0.0,0.5,0.5,0,D,Informatique,BAC_1,Plateaux Ouest,public,F,2023,REORIENTE
1,1,0,1,0,0,11.38,11.36,11.5,1,11.5,0.4166,0.545,0.15,0,0,0.0,0.5,0.5,0,A,Lettres Modernes,BAC_1,Kara,public,M,2024,REORIENTE
1,1,0,1,0,0,9.82,11.6,11.53,-1,11.53,0.6940000000000001,0.556,0.15299999999999994,0,0,0.0,0.5,0.5,0,A,Géographie,BAC_1,Centrale,public,M,2023,ADMIS
1,1,0,1,0,0,9.31,10.86,10.11,-1,10.11,0.6526000000000001,0.643,0.010999999999999944,0,0,0.0,0.5,0.5,0,D,Tourisme et Hôtellerie,BAC_1,Maritime,public,M,2023,REORIENTE
1,1,0,1,0,0,11.45,11.36,11.87,1,11.87,0.8014,0.574,0.18699999999999992,0,0,0.0,0.5,0.5,0,A,Communication et Journalisme,BAC_1,Kara,privé,M,2023,REORIENTE
1,1,0,1,0,0,12.3,12.12,12.27,1,12.27,0.47559999999999997,0.436,0.22699999999999995,0,0,0.0,0.5,0.5,0,A,Arts Plastiques,BAC_1,Savanes,public,M,2024,REORIENTE
1,1,0,1,0,0,11.41,12.2,11.73,-1,11.73,0.48279999999999995,0.325,0.17300000000000004,0,0,0.0,0.5,0.5,0,D,Enseignement Primaire,BAC_1,Grand Lomé,public,F,2024,REORIENTE
1,1,0,1,0,0,6.54,7.52,7.75,1,7.75,0.5354,0.398,-0.225,0,0,0.0,0.5,0.5,0,A,Lettres Modernes,BAC_1,Kara,public,F,2023,REORIENTE
1,1,0,1,0,0,6.58,6.21,7.05,1,7.05,0.7924,0.496,-0.29500000000000004,0,0,0.0,0.5,0.5,0,A,Tourisme et Hôtellerie,BAC_1,Grand Lomé,public,M,2023,REORIENTE
1,1,0,1,0,0,10.28,10.24,10.46,1,10.46,0.8524,0.646,0.04600000000000008,0,0,0.0,0.5,0.5,0,D,Génie Civil,BAC_1,Grand Lomé,public,M,2023,ADMIS
1,1,0,1,0,0,6.1,7.66,7.99,1,7.99,0.648,0.558,-0.20099999999999998,0,0,0.0,0.5,0.5,0,A,Sociologie,BAC_1,Maritime,public,M,2024,REORIENTE
1,1,0,1,0,0,12.82,11.47,11.78,1,11.78,0.629,0.497,0.17799999999999994,0,0,0.0,0.5,0.5,0,D,Géographie,BAC_1,Plateaux Est,public,F,2023,REORIENTE
1,1,0,1,0,0,10.18,11.56,11.1,-1,11.1,0.5786,0.737,0.10999999999999996,0,0,0.0,0.5,0.5,0,G2,Économie,BAC_1,Grand Lomé,public,M,2023,REORIENTE
1,1,0,1,0,0,11.2,11.98,11.88,-1,11.88,0.5448,0.321,0.18800000000000008,0,0,0.0,0.5,0.5,0,D,Psychologie,BAC_1,Grand Lomé,public,F,2023,ADMIS
1,1,0,1,0,0,8.72,10.19,10.42,1,10.42,0.7023999999999999,0.472,0.041999999999999996,0,0,0.0,0.5,0.5,0,D,Sciences de l'Éducation,BAC_1,Grand Lomé,public,F,2023,ADMIS
1,1,0,1,0,0,11.93,12.42,12.0,-1,12.0,0.5854,0.562,0.2,0,0,0.0,0.5,0.5,0,A,Communication et Journalisme,BAC_1,Grand Lomé,public,M,2024,ADMIS
1,1,0,1,0,0,10.29,10.32,11.52,1,11.52,0.5982000000000001,0.702,0.15199999999999997,0,0,0.0,0.5,0.5,0,D,Génie Mécanique,BAC_1,Grand Lomé,public,M,2024,REORIENTE
1,1,0,1,0,0,4.72,4.3,5.69,1,5.69,0.498,0.609,-0.43099999999999994,0,0,0.0,0.5,0.5,0,D,Histoire,BAC_1,Plateaux Est,privé,M,2024,REORIENTE
1,1,0,1,0,0,9.97,11.64,12.05,1,12.05,0.5681999999999999,0.69,0.20500000000000007,0,0,0.0,0.5,0.5,0,D,Gestion des Entreprises,BAC_1,Plateaux Est,privé,M,2024,REORIENTE
1,1,0,1,0,0,9.12,8.89,9.41,1,9.41,0.45740000000000003,0.584,-0.05899999999999998,0,0,0.0,0.5,0.5,0,D,Informatique,BAC_1,Centrale,public,F,2023,REORIENTE
1,1,0,1,0,0,10.25,10.33,10.53,1,10.53,0.4642,0.538,0.052999999999999936,0,0,0.0,0.5,0.5,0,A,Lettres Modernes,BAC_1,Plateaux Est,public,M,2024,ADMIS
1,1,0,1,0,0,10.58,13.14,12.12,-1,12.12,0.5244,0.624,0.2119999999999999,0,0,0.0,0.5,0.5,0,D,Sciences Infirmières,BAC_1,Plateaux Ouest,public,M,2023,ADMIS
1,1,0,1,0,0,10.5,10.97,10.89,-1,10.89,0.7516,0.394,0.08900000000000005,0,0,0.0,0.5,0.5,0,D,Gestion des Entreprises,BAC_1,Grand Lomé,privé,F,2023,REORIENTE
1,1,0,1,0,0,11.91,10.21,10.71,1,10.71,0.6034,0.505,0.07100000000000009,0,0,0.0,0.5,0.5,0,A,Sciences de l'Éducation,BAC_1,Maritime,privé,M,2024,ADMIS
1,1,0,1,0,0,11.15,12.5,11.45,-1,11.45,0.836,0.605,0.14499999999999993,0,0,0.0,0.5,0.5,0,A,Communication et Journalisme,BAC_1,Centrale,privé,M,2023,ADMIS
1,1,0,1,0,0,7.26,8.24,8.35,1,8.35,0.48100000000000004,0.418,-0.16500000000000004,0,0,0.0,0.5,0.5,0,A,Sciences de l'Éducation,BAC_1,Kara,public,F,2024,REORIENTE
1,1,0,1,0,0,10.18,10.4,10.95,1,10.95,0.8528,0.647,0.09499999999999993,0,0,0.0,0.5,0.5,0,D,Gestion des Entreprises,BAC_1,Maritime,privé,F,2023,ADMIS
1,1,0,1,0,0,10.45,11.07,10.74,-1,10.74,0.5504,0.515,0.07400000000000002,0,0,0.0,0.5,0.5,0,A,Psychologie,BAC_1,Grand Lomé,public,F,2024,REORIENTE
1,1,0,1,0,0,9.7,10.46,9.99,-1,9.99,0.6152,0.494,-0.0009999999999999788,0,0,0.0,0.5,0.5,0,A,Géographie,BAC_1,Kara,public,M,2023,REORIENTE
1,1,0,1,0,0,8.46,6.42,7.53,1,7.53,0.5626,0.526,-0.24699999999999997,0,0,0.0,0.5,0.5,0,A,Sciences de l'Éducation,BAC_1,Grand Lomé,public,F,2024,REORIENTE
1,1,0,1,0,0,6.77,7.89,8.39,1,8.39,0.39680000000000004,0.275,-0.16099999999999995,0,0,0.0,0.5,0.5,0,A,Anglais,BAC_1,Grand Lomé,public,M,2024,ADMIS
1,1,0,1,0,0,10.22,9.14,10.35,1,10.35,0.5489999999999999,0.279,0.03499999999999996,0,0,0.0,0.5,0.5,0,A,Sciences de l'Éducation,BAC_1,Plateaux Ouest,public,M,2023,ADMIS
1,1,0,1,0,0,9.62,8.82,8.85,1,8.85,0.5336000000000001,0.536,-0.11500000000000003,0,0,0.0,0.5,0.5,0,A,Sciences de l'Éducation,BAC_1,Maritime,public,M,2024,REORIENTE
1,1,0,1,0,0,10.39,9.18,10.21,1,10.21,0.3274,0.379,0.021000000000000085,0,0,0.0,0.5,0.5,0,D,Biologie,BAC_1,Centrale,public,M,2024,REORIENTE
1,1,0,1,0,0,8.41,8.74,9.25,1,9.25,0.3628,0.46,-0.075,0,0,0.0,0.5,0.5,0,D,Histoire,BAC_1,Plateaux Ouest,public,M,2024,REORIENTE
1,1,0,1,0,0,11.21,12.17,11.95,-1,11.95,0.5522,0.647,0.19499999999999992,0,0,0.0,0.5,0.5,0,D,Biologie,BAC_1,Plateaux Ouest,public,F,2023,REORIENTE
1,1,0,1,0,0,9.65,8.85,9.36,1,9.36,0.6306,0.378,-0.06400000000000006,0,0,0.0,0.5,0.5,0,A,Arts Plastiques,BAC_1,Centrale,public,M,2023,ADMIS
1,1,0,1,0,0,12.21,11.76,12.47,1,12.47,0.432,0.354,0.24700000000000005,0,0,0.0,0.5,0.5,0,D,Géographie,BAC_1,Centrale,public,F,2023,REORIENTE
1,1,0,1,0,0,9.19,9.72,10.1,1,10.1,0.7050000000000001,0.576,0.009999999999999964,0,0,0.0,0.5,0.5,0,D,STAPS (Activités Physiques et Sportives),BAC_1,Centrale,public,F,2023,REORIENTE
1,1,0,1,0,0,10.1,9.46,10.33,1,10.33,0.302,0.173,0.03300000000000001,0,0,0.0,0.5,0.5,0,D,Sciences Forestières,BAC_1,Plateaux Est,public,F,2024,ADMIS
1,1,0,1,0,0,6.96,9.42,8.88,-1,8.88,0.6886,0.637,-0.11199999999999992,0,0,0.0,0.5,0.5,0,A,Communication et Journalisme,BAC_1,Plateaux Ouest,public,F,2023,REORIENTE
1,1,0,1,0,0,12.93,12.84,12.82,-1,12.82,0.8423999999999998,0.69,0.28200000000000003,0,0,0.0,0.5,0.5,0,A,Droit,BAC_1,Grand Lomé,privé,F,2023,REORIENTE
1,1,0,1,0,0,11.35,13.12,12.17,-1,12.17,0.8408,0.716,0.217,0,0,0.0,0.5,0.5,0,A,Sociologie,BAC_1,Grand Lomé,public,M,2023,ADMIS
1,1,0,1,0,0,15.7,16.59,16.87,1,16.87,0.5266,0.352,0.687,0,0,0.0,0.5,0.5,0,D,Sciences Infirmières,BAC_1,Plateaux Ouest,public,F,2023,REORIENTE
1,1,0,1,0,0,10.91,12.06,12.39,1,12.39,0.5229999999999999,0.274,0.23900000000000005,0,0,0.0,0.5,0.5,0,D,Sciences de l'Éducation,BAC_1,Grand Lomé,public,M,2023,ADMIS
1,1,0,1,0,0,11.76,10.23,12.03,1,12.03,0.528,0.459,0.20299999999999993,0,0,0.0,0.5,0.5,0,B,Géographie,BAC_1,Grand Lomé,public,M,2024,ADMIS
1,1,0,1,0,0,12.46,12.08,12.41,1,12.41,0.40480000000000005,0.418,0.24100000000000002,0,0,0.0,0.5,0.5,0,D,Odontologie,BAC_1,Maritime,public,M,2024,REORIENTE
1,1,0,1,0,0,9.78,10.16,10.34,1,10.34,0.8331999999999999,0.598,0.03399999999999999,0,0,0.0,0.5,0.5,0,D,Sciences de l'Éducation,BAC_1,Plateaux Est,privé,F,2023,REORIENTE
1,1,0,1,0,0,12.02,11.31,11.73,1,11.73,0.4556,0.419,0.17300000000000004,0,0,0.0,0.5,0.5,0,A,STAPS (Activités Physiques et Sportives),BAC_1,Savanes,public,F,2024,REORIENTE
1,1,0,1,0,0,11.3,13.67,12.34,-1,12.34,0.6068,0.413,0.23399999999999999,0,0,0.0,0.5,0.5,0,A,Psychologie,BAC_1,Centrale,public,F,2023,ADMIS
1,1,0,1,0,0,8.56,8.34,10.04,1,10.04,0.6335999999999999,0.48,0.003999999999999915,0,0,0.0,0.5,0.5,0,D,Histoire,BAC_1,Kara,public,M,2023,ADMIS
1,1,0,1,0,0,8.62,8.81,9.19,1,9.19,0.5994,0.543,-0.08100000000000004,0,0,0.0,0.5,0.5,0,B,Économie,BAC_1,Plateaux Ouest,public,M,2024,REORIENTE
1,1,0,1,0,0,9.73,8.9,9.61,1,9.61,0.7170000000000001,0.681,-0.039000000000000055,0,0,0.0,0.5,0.5,0,D,Génie Informatique,BAC_1,Plateaux Ouest,privé,M,2023,ADMIS
1,1,0,1,0,0,9.44,9.54,9.56,1,9.56,0.5376000000000001,0.531,-0.04399999999999995,0,0,0.0,0.5,0.5,0,A,Enseignement Primaire,BAC_1,Grand Lomé,public,F,2024,ADMIS
1,1,0,1,0,0,12.4,11.3,12.0,1,12.0,0.5088,0.396,0.2,0,0,0.0,0.5,0.5,0,A,Lettres Modernes,BAC_1,Maritime,public,M,2024,ADMIS
1,1,0,1,0,0,9.22,8.17,8.94,1,8.94,0.4072,0.568,-0.10600000000000005,0,0,0.0,0.5,0.5,0,D,Informatique,BAC_1,Plateaux Ouest,public,M,2023,REORIENTE
1,1,0,1,0,0,7.3,8.22,9.19,1,9.19,0.6192,0.585,-0.08100000000000004,0,0,0.0,0.5,0.5,0,D,Tourisme et Hôtellerie,BAC_1,Grand Lomé,public,M,2024,REORIENTE
1,1,0,1,0,0,6.26,6.91,7.77,1,7.77,0.5316000000000001,0.666,-0.22300000000000003,0,0,0.0,0.5,0.5,0,G3,Finance et Comptabilité,BAC_1,Grand Lomé,privé,F,2023,ADMIS
1,1,0,1,0,0,6.2,6.08,6.68,1,6.68,0.7638,0.681,-0.332,0,0,0.0,0.5,0.5,0,D,Histoire,BAC_1,Maritime,public,F,2023,REORIENTE
1,1,0,1,0,0,10.11,11.11,11.51,1,11.51,0.5734,0.655,0.15099999999999997,0,0,0.0,0.5,0.5,0,F3,Génie Électrique,BAC_1,Plateaux Ouest,public,F,2023,REORIENTE
1,1,0,1,0,0,8.62,11.01,10.2,-1,10.2,0.6148,0.565,0.019999999999999928,0,0,0.0,0.5,0.5,0,D,Enseignement Primaire,BAC_1,Centrale,public,M,2023,ADMIS
1,1,0,1,0,0,11.74,13.43,13.59,1,13.59,0.7524,0.519,0.359,0,0,0.0,0.5,0.5,0,D,Génie Informatique,BAC_1,Maritime,public,F,2023,REORIENTE
1,1,0,1,0,0,12.29,12.99,13.49,1,13.49,0.7622,0.452,0.34900000000000003,0,0,0.0,0.5,0.5,0,A,Lettres Modernes,BAC_1,Plateaux Est,public,F,2023,ADMIS
1,1,0,1,0,0,11.3,14.03,12.44,-1,12.44,0.7163999999999999,0.525,0.24399999999999994,0,0,0.0,0.5,0.5,0,D,Informatique,BAC_1,Grand Lomé,public,F,2023,REORIENTE
1,1,0,1,0,0,6.2,6.87,7.46,1,7.46,0.698,0.677,-0.254,0,0,0.0,0.5,0.5,0,D,Finance et Comptabilité,BAC_1,Grand Lomé,public,M,2023,ADMIS
1,1,0,1,0,0,9.17,9.31,9.9,1,9.9,0.6098000000000001,0.506,-0.009999999999999964,0,0,0.0,0.5,0.5,0,D,Génie Mécanique,BAC_1,Grand Lomé,privé,M,2024,REORIENTE
1,1,0,1,0,0,10.16,9.69,11.34,1,11.34,0.447,0.522,0.13399999999999998,0,0,0.0,0.5,0.5,0,A,Communication et Journalisme,BAC_1,Centrale,public,F,2024,ADMIS
1,1,0,1,0,0,11.13,11.94,11.71,-1,11.71,0.796,0.505,0.1710000000000001,0,0,0.0,0.5,0.5,0,D,STAPS (Activités Physiques et Sportives),BAC_1,Maritime,privé,F,2023,REORIENTE
1,1,0,1,0,0,9.47,9.48,9.8,1,9.8,0.4072,0.499,-0.019999999999999928,0,0,0.0,0.5,0.5,0,D,Agronomie,BAC_1,Plateaux Est,public,F,2024,REORIENTE
1,1,0,1,0,0,11.55,11.11,11.32,1,11.32,0.5800000000000001,0.679,0.13200000000000003,0,0,0.0,0.5,0.5,0,A,Lettres Modernes,BAC_1,Kara,public,M,2024,ADMIS
1,1,0,1,0,0,13.27,10.71,12.66,1,12.66,0.3842,0.503,0.266,0,0,0.0,0.5,0.5,0,D,Finance et Comptabilité,BAC_1,Plateaux Ouest,privé,M,2024,REORIENTE
1,1,0,1,0,0,6.66,7.34,7.97,1,7.97,0.4012,0.397,-0.203,0,0,0.0,0.5,0.5,0,D,Génie Informatique,BAC_1,Plateaux Ouest,public,M,2024,REORIENTE
1,1,0,1,0,0,7.51,9.71,9.23,-1,9.23,0.49299999999999994,0.373,-0.07699999999999996,0,0,0.0,0.5,0.5,0,D,Sciences Infirmières,BAC_1,Kara,privé,F,2024,REORIENTE
1,1,0,1,0,0,8.73,10.51,11.12,1,11.12,0.7026,0.513,0.11199999999999992,0,0,0.0,0.5,0.5,0,A,Lettres Modernes,BAC_1,Plateaux Est,public,M,2023,ADMIS
1,1,0,1,0,0,8.39,10.06,10.14,1,10.14,0.4762,0.592,0.014000000000000058,0,0,0.0,0.5,0.5,0,A,Sciences de l'Éducation,BAC_1,Plateaux Ouest,public,M,2024,REORIENTE
1,1,0,1,0,0,7.58,6.23,8.47,1,8.47,0.22540000000000002,0.28,-0.15299999999999994,0,0,0.0,0.5,0.5,0,D,Sciences de l'Éducation,BAC_1,Centrale,public,M,2024,REORIENTE
1,1,0,1,0,0,13.84,13.45,13.4,-1,13.4,0.3618,0.498,0.34,0,0,0.0,0.5,0.5,0,D,Sciences Infirmières,BAC_1,Centrale,public,M,2024,REORIENTE
1,1,0,1,0,0,12.03,12.86,13.12,1,13.12,0.2142,0.336,0.31199999999999994,0,0,0.0,0.5,0.5,0,D,Génie Mécanique,BAC_1,Plateaux Est,public,M,2024,REORIENTE
1,1,0,1,0,0,12.04,11.85,13.31,1,13.31,0.6728,0.599,0.33100000000000007,0,0,0.0,0.5,0.5,0,A,Droit,BAC_1,Plateaux Est,public,F,2023,ADMIS
1,1,0,1,0,0,10.14,9.88,9.85,-1,9.85,0.7492,0.61,-0.015000000000000036,0,0,0.0,0.5,0.5,0,D,Gestion des Entreprises,BAC_1,Savanes,public,M,2023,REORIENTE
1,1,0,1,0,0,7.21,5.93,6.46,1,6.46,0.7406,0.638,-0.354,0,0,0.0,0.5,0.5,0,A,Histoire,BAC_1,Savanes,public,F,2023,ADMIS
1,1,0,1,0,0,10.7,10.26,10.52,1,10.52,0.4682,0.617,0.051999999999999956,0,0,0.0,0.5,0.5,0,D,Tourisme et Hôtellerie,BAC_1,Plateaux Ouest,public,M,2024,REORIENTE
1,1,0,1,0,0,7.98,9.77,10.25,1,10.25,0.7004,0.683,0.025,0,0,0.0,0.5,0.5,0,C,Finance et Comptabilité,BAC_1,Grand Lomé,public,M,2024,ADMIS
1,1,0,1,0,0,8.34,9.84,10.33,1,10.33,0.5362,0.475,0.03300000000000001,0,0,0.0,0.5,0.5,0,D,Génie Informatique,BAC_1,Plateaux Est,public,F,2023,REORIENTE
1,1,0,1,0,0,11.79,13.2,12.36,-1,12.36,0.5714,0.497,0.23599999999999993,0,0,0.0,0.5,0.5,0,A,Sociologie,BAC_1,Grand Lomé,privé,M,2024,REORIENTE
1,1,0,1,0,0,11.29,9.17,9.64,1,9.64,0.6466,0.409,-0.03599999999999994,0,0,0.0,0.5,0.5,0,A,Psychologie,BAC_1,Plateaux Est,public,F,2023,REORIENTE
1,1,0,1,0,0,8.94,10.58,9.81,-1,9.81,0.359,0.491,-0.01899999999999995,0,0,0.0,0.5,0.5,0,A,Droit,BAC_1,Plateaux Ouest,privé,F,2024,ADMIS
1,1,0,1,0,0,9.64,9.86,9.65,-1,9.65,0.4358,0.602,-0.03499999999999996,0,0,0.0,0.5,0.5,0,D,Sciences Forestières,BAC_1,Plateaux Est,public,M,2023,REORIENTE
1,1,0,1,0,0,9.77,11.71,11.41,-1,11.41,0.5868,0.393,0.14100000000000001,0,0,0.0,0.5,0.5,0,G2,Banque et Assurance,BAC_1,Plateaux Est,privé,M,2024,REORIENTE
1,1,0,1,0,0,9.07,9.72,9.83,1,9.83,0.741,0.639,-0.016999999999999994,0,0,0.0,0.5,0.5,0,A,Psychologie,BAC_1,Plateaux Ouest,public,F,2023,REORIENTE
1,1,0,1,0,0,9.87,10.02,10.76,1,10.76,0.5307999999999999,0.736,0.07599999999999998,0,0,0.0,0.5,0.5,0,D,Finance et Comptabilité,BAC_1,Maritime,public,F,2024,REORIENTE
1,1,0,1,0,0,7.75,9.55,9.37,-1,9.37,0.5522,0.521,-0.06300000000000008,0,0,0.0,0.5,0.5,0,A,Sociologie,BAC_1,Maritime,public,M,2024,REORIENTE
1,1,0,1,0,0,8.31,8.3,8.69,1,8.69,0.7646,0.581,-0.13100000000000006,0,0,0.0,0.5,0.5,0,A,Droit,BAC_1,Plateaux Est,public,F,2023,ADMIS
1,1,0,1,0,0,11.22,9.99,11.55,1,11.55,0.722,0.533,0.15500000000000008,0,0,0.0,0.5,0.5,0,A,Droit,BAC_1,Grand Lomé,privé,F,2024,ADMIS
1,1,0,1,0,0,11.3,11.65,12.37,1,12.37,0.8331999999999999,0.622,0.23699999999999993,0,0,0.0,0.5,0.5,0,A,Lettres Modernes,BAC_1,Grand Lomé,privé,F,2023,ADMIS
1,1,0,1,0,0,10.69,12.86,12.78,-1,12.78,0.81,0.54,0.2779999999999999,0,0,0.0,0.5,0.5,0,A,Sociologie,BAC_1,Plateaux Ouest,public,M,2023,ADMIS
1,1,0,1,0,0,7.83,9.07,8.42,-1,8.42,0.444,0.471,-0.158,0,0,0.0,0.5,0.5,0,D,Gestion des Entreprises,BAC_1,Grand Lomé,privé,F,2024,REORIENTE
1,1,0,1,0,0,11.02,10.49,10.39,-1,10.39,0.6135999999999999,0.304,0.039000000000000055,0,0,0.0,0.5,0.5,0,A,Communication et Journalisme,BAC_1,Plateaux Ouest,public,F,2023,ADMIS
1,1,0,1,0,0,8.6,8.96,10.3,1,10.3,0.5499999999999999,0.508,0.030000000000000072,0,0,0.0,0.5,0.5,0,A,Droit,BAC_1,Kara,public,M,2024,REORIENTE
1,1,0,1,0,0,6.82,6.56,7.96,1,7.96,0.8132,0.548,-0.20400000000000001,0,0,0.0,0.5,0.5,0,A,Anglais,BAC_1,Grand Lomé,privé,M,2023,ADMIS
1,1,0,1,0,0,7.91,7.97,8.07,1,8.07,0.3172,0.484,-0.19299999999999998,0,0,0.0,0.5,0.5,0,D,Sciences Infirmières,BAC_1,Plateaux Ouest,public,F,2024,REORIENTE
1,1,0,1,0,0,8.06,9.23,9.08,-1,9.08,0.7794,0.534,-0.092,0,0,0.0,0.5,0.5,0,C,Biologie,BAC_1,Plateaux Est,public,M,2023,REORIENTE
1,1,0,1,0,0,9.98,11.54,10.79,-1,10.79,0.33399999999999996,0.364,0.07899999999999992,0,0,0.0,0.5,0.5,0,D,Agronomie,BAC_1,Plateaux Est,privé,M,2024,REORIENTE
1,1,0,1,0,0,12.15,13.67,13.44,-1,13.44,0.344,0.479,0.344,0,0,0.0,0.5,0.5,0,D,Psychologie,BAC_1,Plateaux Est,public,F,2024,ADMIS
1,1,0,1,0,0,9.73,8.18,8.81,1,8.81,0.713,0.323,-0.11899999999999995,0,0,0.0,0.5,0.5,0,A,Droit,BAC_1,Plateaux Ouest,public,F,2023,ADMIS
1,1,0,1,0,0,10.75,9.2,9.9,1,9.9,0.4748,0.323,-0.009999999999999964,0,0,0.0,0.5,0.5,0,D,Finance et Comptabilité,BAC_1,Plateaux Est,public,M,2023,ADMIS
1,1,0,1,0,0,8.79,10.14,11.39,1,11.39,0.4236,0.474,0.13900000000000007,0,0,0.0,0.5,0.5,0,D,Biologie,BAC_1,Plateaux Ouest,public,M,2024,ADMIS
1,1,0,1,0,0,4.73,5.62,6.03,1,6.03,0.7018,0.433,-0.39699999999999996,0,0,0.0,0.5,0.5,0,A,Tourisme et Hôtellerie,BAC_1,Plateaux Est,public,M,2023,REORIENTE
1,1,0,1,0,0,8.85,8.75,9.01,1,9.01,0.7852,0.478,-0.09900000000000002,0,0,0.0,0.5,0.5,0,T1,Génie Civil,BAC_1,Grand Lomé,public,F,2023,REORIENTE
1,1,0,1,0,0,6.98,7.67,8.99,1,8.99,0.7752,0.453,-0.10099999999999998,0,0,0.0,0.5,0.5,0,A,Histoire,BAC_1,Grand Lomé,public,M,2023,ADMIS
1,1,0,1,0,0,13.5,13.27,13.74,1,13.74,0.5938,0.499,0.374,0,0,0.0,0.5,0.5,0,D,Sciences Environnementales,BAC_1,Kara,privé,M,2023,ADMIS
1,1,0,1,0,0,10.99,12.58,12.1,-1,12.1,0.4972,0.568,0.20999999999999996,0,0,0.0,0.5,0.5,0,D,Agronomie,BAC_1,Kara,public,F,2024,ADMIS
1,1,0,1,0,0,9.74,10.67,10.6,-1,10.6,0.5856000000000001,0.678,0.05999999999999996,0,0,0.0,0.5,0.5,0,D,Informatique,BAC_1,Kara,privé,F,2024,REORIENTE
1,1,0,1,0,0,11.12,9.82,10.6,1,10.6,0.5082,0.546,0.05999999999999996,0,0,0.0,0.5,0.5,0,D,Tourisme et Hôtellerie,BAC_1,Maritime,public,M,2023,ADMIS
1,1,0,1,0,0,9.32,10.07,10.52,1,10.52,0.4164,0.372,0.051999999999999956,0,0,0.0,0.5,0.5,0,A,Histoire,BAC_1,Plateaux Est,public,F,2024,REORIENTE
1,1,0,1,0,0,7.5,8.09,8.86,1,8.86,0.8508,0.783,-0.11400000000000006,0,0,0.0,0.5,0.5,0,F3,Génie Mécanique,BAC_1,Plateaux Ouest,privé,F,2023,REORIENTE
1,1,0,1,0,0,6.59,8.04,7.38,-1,7.38,0.7278,0.507,-0.262,0,0,0.0,0.5,0.5,0,A,Communication et Journalisme,BAC_1,Centrale,privé,F,2023,REORIENTE
1,1,0,1,0,0,12.11,11.24,11.47,1,11.47,0.5562,0.495,0.14700000000000008,0,0,0.0,0.5,0.5,0,D,Histoire,BAC_1,Plateaux Ouest,privé,M,2024,ADMIS
1,1,0,1,0,0,11.39,10.19,10.5,1,10.5,0.6890000000000001,0.374,0.05,0,0,0.0,0.5,0.5,0,A,Sociologie,BAC_1,Grand Lomé,privé,F,2024,ADMIS
1,1,0,1,0,0,7.22,7.46,9.61,1,9.61,0.36960000000000004,0.453,-0.039000000000000055,0,0,0.0,0.5,0.5,0,D,STAPS (Activités Physiques et Sportives),BAC_1,Plateaux Ouest,public,M,2024,ADMIS
1,1,0,1,0,0,9.73,9.48,9.16,-1,9.16,0.7416,0.498,-0.08399999999999999,0,0,0.0,0.5,0.5,0,A,Sciences de l'Éducation,BAC_1,Maritime,public,M,2023,ADMIS
1,1,0,1,0,0,10.98,11.6,12.51,1,12.51,0.6664000000000001,0.676,0.251,0,0,0.0,0.5,0.5,0,D,Sociologie,BAC_1,Plateaux Ouest,public,F,2023,REORIENTE
1,1,0,1,0,0,13.5,13.48,13.96,1,13.96,0.5609999999999999,0.462,0.3960000000000001,0,0,0.0,0.5,0.5,0,A,Communication et Journalisme,BAC_1,Savanes,public,F,2024,ADMIS
1,1,0,1,0,0,8.73,8.68,10.05,1,10.05,0.4466,0.353,0.005000000000000071,0,0,0.0,0.5,0.5,0,G3,Gestion des Entreprises,BAC_1,Grand Lomé,privé,F,2023,REORIENTE
1,1,0,1,0,0,8.79,10.38,9.95,-1,9.95,0.6832,0.352,-0.005000000000000071,0,0,0.0,0.5,0.5,0,A,Histoire,BAC_1,Grand Lomé,public,M,2023,REORIENTE
1,1,0,1,0,0,9.0,11.18,10.69,-1,10.69,0.4746,0.501,0.06899999999999995,0,0,0.0,0.5,0.5,0,A,Droit,BAC_1,Plateaux Ouest,public,F,2024,REORIENTE
1,1,0,1,0,0,6.93,6.24,6.94,1,6.94,0.638,0.521,-0.30599999999999994,0,0,0.0,0.5,0.5,0,A,Sociologie,BAC_1,Maritime,privé,F,2024,REORIENTE
1,1,0,1,0,0,10.25,9.57,9.0,-1,9.0,0.7896,0.585,-0.1,0,0,0.0,0.5,0.5,0,A,Sociologie,BAC_1,Grand Lomé,privé,M,2023,REORIENTE
1,1,0,1,0,0,10.94,10.88,10.94,1,10.94,0.6235999999999999,0.407,0.09399999999999994,0,0,0.0,0.5,0.5,0,A,Histoire,BAC_1,Maritime,public,F,2023,ADMIS
1,1,0,1,0,0,14.46,15.17,15.17,-1,15.17,0.7859999999999999,0.492,0.517,0,0,0.0,0.5,0.5,0,A,Sciences Politiques,BAC_1,Plateaux Ouest,public,M,2023,ADMIS
1,1,0,1,0,0,9.08,11.33,10.31,-1,10.31,0.4686,0.639,0.03100000000000005,0,0,0.0,0.5,0.5,0,G3,Finance et Comptabilité,BAC_1,Savanes,public,M,2024,REORIENTE
1,1,0,1,0,0,7.34,8.23,8.85,1,8.85,0.5656,0.505,-0.11500000000000003,0,0,0.0,0.5,0.5,0,A,Communication et Journalisme,BAC_1,Grand Lomé,privé,M,2024,REORIENTE
1,1,0,1,0,0,5.66,7.7,6.81,-1,6.81,0.7604,0.416,-0.31900000000000006,0,0,0.0,0.5,0.5,0,A,Sciences Politiques,BAC_1,Maritime,public,M,2023,REORIENTE
1,1,0,1,0,0,9.42,11.17,10.77,-1,10.77,0.4538,0.578,0.07699999999999996,0,0,0.0,0.5,0.5,0,A,STAPS (Activités Physiques et Sportives),BAC_1,Maritime,public,F,2024,REORIENTE
1,1,0,1,0,0,11.05,12.8,11.63,-1,11.63,0.6884,0.803,0.1630000000000001,0,0,0.0,0.5,0.5,0,A,Sciences Politiques,BAC_1,Centrale,privé,F,2024,REORIENTE
1,1,0,1,0,0,8.97,9.57,10.39,1,10.39,0.7452000000000001,0.666,0.039000000000000055,0,0,0.0,0.5,0.5,0,A,Anglais,BAC_1,Maritime,public,F,2023,REORIENTE
1,1,0,1,0,0,12.46,14.24,13.65,-1,13.65,0.785,0.605,0.36500000000000005,0,0,0.0,0.5,0.5,0,A,Psychologie,BAC_1,Grand Lomé,public,M,2023,ADMIS
1,1,0,1,0,0,10.81,10.33,10.71,1,10.71,0.7702,0.493,0.07100000000000009,0,0,0.0,0.5,0.5,0,G2,Banque et Assurance,BAC_1,Grand Lomé,privé,F,2023,REORIENTE
1,1,0,1,0,0,11.41,12.73,13.09,1,13.09,0.6728000000000001,0.647,0.309,0,0,0.0,0.5,0.5,0,A,Sciences de l'Éducation,BAC_1,Maritime,privé,F,2024,REORIENTE
1,1,0,1,0,0,9.84,11.0,11.32,1,11.32,0.567,0.474,0.13200000000000003,0,0,0.0,0.5,0.5,0,A,Communication et Journalisme,BAC_1,Grand Lomé,public,F,2024,REORIENTE
1,1,0,1,0,0,11.01,12.78,12.01,-1,12.01,0.48979999999999996,0.479,0.20099999999999998,0,0,0.0,0.5,0.5,0,A,Sociologie,BAC_1,Plateaux Ouest,public,M,2024,ADMIS
1,1,0,1,0,0,10.2,11.93,11.2,-1,11.2,0.5018,0.431,0.11999999999999993,0,0,0.0,0.5,0.5,0,D,Sociologie,BAC_1,Kara,privé,F,2023,REORIENTE
1,1,0,1,0,0,8.12,10.53,9.83,-1,9.83,0.7352,0.383,-0.016999999999999994,0,0,0.0,0.5,0.5,0,A,Droit,BAC_1,Kara,public,M,2023,ADMIS
1,1,0,1,0,0,9.29,9.57,10.01,1,10.01,0.7968,0.561,0.0009999999999999788,0,0,0.0,0.5,0.5,0,F4,Génie Civil,BAC_1,Grand Lomé,privé,M,2024,REORIENTE
1,1,0,1,0,0,4.81,5.77,5.92,1,5.92,0.6636,0.687,-0.40800000000000003,0,0,0.0,0.5,0.5,0,A,Communication et Journalisme,BAC_1,Maritime,public,F,2023,REORIENTE
1,1,0,1,0,0,7.18,6.69,6.68,-1,6.68,0.5766,0.474,-0.332,0,0,0.0,0.5,0.5,0,D,Génie Informatique,BAC_1,Plateaux Ouest,privé,M,2023,REORIENTE
1,1,0,1,0,0,7.33,7.85,8.2,1,8.2,0.7802,0.788,-0.18000000000000008,0,0,0.0,0.5,0.5,0,D,Gestion des Entreprises,BAC_1,Kara,privé,M,2023,REORIENTE
1,1,0,1,0,0,12.29,11.63,11.54,-1,11.54,0.49539999999999995,0.619,0.15399999999999991,0,0,0.0,0.5,0.5,0,D,Sociologie,BAC_1,Plateaux Est,public,F,2023,ADMIS
1,1,0,1,0,0,10.81,8.36,10.14,1,10.14,0.4336,0.343,0.014000000000000058,0,0,0.0,0.5,0.5,0,A,Communication et Journalisme,BAC_1,Grand Lomé,public,F,2024,REORIENTE
1,1,0,1,0,0,5.84,4.59,6.03,1,6.03,0.46420000000000006,0.562,-0.39699999999999996,0,0,0.0,0.5,0.5,0,A,STAPS (Activités Physiques et Sportives),BAC_1,Maritime,public,F,2024,ADMIS
1,1,0,1,0,0,10.93,11.77,11.48,-1,11.48,0.635,0.443,0.14800000000000005,0,0,0.0,0.5,0.5,0,D,Physique-Chimie,BAC_1,Savanes,public,F,2023,REORIENTE
1,1,0,1,0,0,10.1,9.26,9.35,1,9.35,0.5453999999999999,0.315,-0.06500000000000003,0,0,0.0,0.5,0.5,0,A,Arts Plastiques,BAC_1,Savanes,public,F,2023,ADMIS
1,1,0,1,0,0,14.19,14.22,13.48,-1,13.48,0.7582,0.559,0.34800000000000003,0,0,0.0,0.5,0.5,0,D,Sciences Infirmières,BAC_1,Grand Lomé,public,M,2023,ADMIS
1,1,0,1,0,0,12.74,13.46,13.47,1,13.47,0.7548,0.708,0.3470000000000001,0,0,0.0,0.5,0.5,0,D,Génie Informatique,BAC_1,Grand Lomé,public,F,2023,ADMIS
1,1,0,1,0,0,8.32,7.78,8.82,1,8.82,0.7372,0.358,-0.11799999999999997,0,0,0.0,0.5,0.5,0,A,Sciences Politiques,BAC_1,Savanes,privé,F,2023,REORIENTE
1,1,0,1,0,0,10.18,10.21,9.58,-1,9.58,0.8416,0.619,-0.041999999999999996,0,0,0.0,0.5,0.5,0,A,Droit,BAC_1,Grand Lomé,privé,M,2023,REORIENTE
1,1,0,1,0,0,11.08,10.59,10.76,1,10.76,0.6786,0.45,0.07599999999999998,0,0,0.0,0.5,0.5,0,C,Enseignement Primaire,BAC_1,Plateaux Est,public,F,2024,REORIENTE
1,1,0,1,0,0,11.79,10.41,11.58,1,11.58,0.6664,0.493,0.158,0,0,0.0,0.5,0.5,0,A,Droit,BAC_1,Plateaux Est,public,M,2023,ADMIS
1,1,0,1,0,0,9.9,9.72,10.47,1,10.47,0.5768,0.542,0.04700000000000006,0,0,0.0,0.5,0.5,0,D,Informatique,BAC_1,Maritime,public,F,2024,REORIENTE
1,1,0,1,0,0,8.81,11.6,10.73,-1,10.73,0.5028,0.468,0.07300000000000004,0,0,0.0,0.5,0.5,0,A,Psychologie,BAC_1,Centrale,public,F,2024,ADMIS
1,1,0,1,0,0,10.01,8.7,9.95,1,9.95,0.7063999999999999,0.524,-0.005000000000000071,0,0,0.0,0.5,0.5,0,A,Lettres Modernes,BAC_1,Grand Lomé,public,M,2023,REORIENTE
1,1,0,1,0,0,11.52,10.59,10.88,1,10.88,0.6872,0.485,0.08800000000000008,0,0,0.0,0.5,0.5,0,A,Lettres Modernes,BAC_1,Centrale,public,F,2023,REORIENTE
1,1,0,1,0,0,9.76,11.05,11.0,-1,11.0,0.6962,0.545,0.1,0,0,0.0,0.5,0.5,0,A,Anglais,BAC_1,Grand Lomé,public,F,2023,ADMIS
1,1,0,1,0,0,11.85,11.97,11.7,-1,11.7,0.6986,0.629,0.16999999999999993,0,0,0.0,0.5,0.5,0,D,Sciences Forestières,BAC_1,Maritime,public,M,2023,REORIENTE
1,1,0,1,0,0,10.85,12.6,12.47,-1,12.47,0.6277999999999999,0.59,0.24700000000000005,0,0,0.0,0.5,0.5,0,D,Pharmacie,BAC_1,Kara,privé,M,2024,ADMIS
1,1,0,1,0,0,8.46,8.15,7.93,-1,7.93,0.656,0.377,-0.20700000000000002,0,0,0.0,0.5,0.5,0,D,Biologie,BAC_1,Grand Lomé,public,F,2023,ADMIS
1,1,0,1,0,0,9.09,8.46,9.79,1,9.79,0.5846,0.389,-0.021000000000000085,0,0,0.0,0.5,0.5,0,A,Anglais,BAC_1,Grand Lomé,public,M,2024,REORIENTE
1,1,0,1,0,0,10.51,12.54,13.08,1,13.08,0.27280000000000004,0.532,0.308,0,0,0.0,0.5,0.5,0,D,Génie Mécanique,BAC_1,Centrale,public,M,2024,REORIENTE
1,1,0,1,0,0,9.41,10.89,11.02,1,11.02,0.5104,0.595,0.10199999999999995,0,0,0.0,0.5,0.5,0,G2,Gestion des Entreprises,BAC_1,Centrale,public,M,2024,REORIENTE
1,1,0,1,0,0,7.65,7.26,8.62,1,8.62,0.6819999999999999,0.637,-0.13800000000000007,0,0,0.0,0.5,0.5,0,D,Informatique,BAC_1,Grand Lomé,public,F,2023,REORIENTE
1,1,0,1,0,0,7.8,7.43,7.95,1,7.95,0.7787999999999999,0.462,-0.205,0,0,0.0,0.5,0.5,0,A,Psychologie,BAC_1,Grand Lomé,public,M,2023,ADMIS
1,1,0,1,0,0,11.42,10.62,11.98,1,11.98,0.6053999999999999,0.366,0.19800000000000004,0,0,0.0,0.5,0.5,0,A,Lettres Modernes,BAC_1,Grand Lomé,privé,M,2024,ADMIS
1,1,0,1,0,0,7.23,8.55,8.97,1,8.97,0.5815999999999999,0.581,-0.10299999999999994,0,0,0.0,0.5,0.5,0,A,Sciences de l'Éducation,BAC_1,Plateaux Ouest,privé,M,2024,REORIENTE
1,1,0,1,0,0,6.74,8.93,8.98,1,8.98,0.49239999999999995,0.343,-0.10199999999999995,0,0,0.0,0.5,0.5,0,D,Génie Civil,BAC_1,Kara,privé,F,2024,REORIENTE
1,1,0,1,0,0,10.51,9.16,10.42,1,10.42,0.6154000000000001,0.547,0.041999999999999996,0,0,0.0,0.5,0.5,0,D,Génie Informatique,BAC_1,Savanes,public,F,2023,REORIENTE
1,1,0,1,0,0,10.21,11.91,12.35,1,12.35,0.47719999999999996,0.488,0.23499999999999996,0,0,0.0,0.5,0.5,0,D,Finance et Comptabilité,BAC_1,Grand Lomé,privé,M,2024,REORIENTE
1,1,0,1,0,0,10.36,11.76,11.02,-1,11.02,0.7236,0.606,0.10199999999999995,0,0,0.0,0.5,0.5,0,D,Finance et Comptabilité,BAC_1,Maritime,public,M,2023,ADMIS
1,1,0,1,0,0,9.65,9.68,9.94,1,9.94,0.5126000000000001,0.683,-0.0060000000000000496,0,0,0.0,0.5,0.5,0,D,Médecine,BAC_1,Savanes,public,M,2024,REORIENTE
1,1,0,1,0,0,8.06,7.09,8.89,1,8.89,0.7332000000000001,0.528,-0.11099999999999995,0,0,0.0,0.5,0.5,0,D,Agronomie,BAC_1,Grand Lomé,public,F,2023,ADMIS
1,1,0,1,0,0,10.27,10.16,10.6,1,10.6,0.7849999999999999,0.623,0.05999999999999996,0,0,0.0,0.5,0.5,0,A,Enseignement Primaire,BAC_1,Grand Lomé,privé,M,2024,REORIENTE
1,1,0,1,0,0,11.53,14.39,13.02,-1,13.02,0.6174,0.639,0.30199999999999994,0,0,0.0,0.5,0.5,0,A,Sciences de l'Éducation,BAC_1,Kara,public,F,2023,ADMIS
1,1,0,1,0,0,10.0,9.74,10.27,1,10.27,0.7764,0.456,0.026999999999999958,0,0,0.0,0.5,0.5,0,A,Lettres Modernes,BAC_1,Plateaux Est,privé,F,2023,REORIENTE
1,1,0,1,0,0,13.25,11.88,12.83,1,12.83,0.4928,0.473,0.28300000000000003,0,0,0.0,0.5,0.5,0,B,Gestion des Entreprises,BAC_1,Maritime,public,F,2023,REORIENTE
1,1,0,1,0,0,10.5,11.06,11.76,1,11.76,0.7854,0.483,0.176,0,0,0.0,0.5,0.5,0,A,Sociologie,BAC_1,Grand Lomé,public,M,2023,ADMIS
1,1,0,1,0,0,6.08,6.72,6.92,1,6.92,0.5995999999999999,0.431,-0.308,0,0,0.0,0.5,0.5,0,A,Sociologie,BAC_1,Kara,public,F,2023,REORIENTE
1,1,0,1,0,0,14.34,13.57,14.19,1,14.19,0.5956,0.49,0.41899999999999993,0,0,0.0,0.5,0.5,0,D,Pharmacie,BAC_1,Plateaux Ouest,public,F,2023,REORIENTE
1,1,0,1,0,0,7.33,9.16,7.77,-1,7.77,0.42479999999999996,0.426,-0.22300000000000003,0,0,0.0,0.5,0.5,0,A,Enseignement Primaire,BAC_1,Plateaux Est,public,M,2024,REORIENTE
1,1,0,1,0,0,12.5,11.38,11.94,1,11.94,0.6053999999999999,0.414,0.19399999999999995,0,0,0.0,0.5,0.5,0,D,Sciences Infirmières,BAC_1,Plateaux Ouest,public,M,2023,REORIENTE
1,1,0,1,0,0,6.79,8.18,8.29,1,8.29,0.6834,0.642,-0.1710000000000001,0,0,0.0,0.5,0.5,0,A,Tourisme et Hôtellerie,BAC_1,Grand Lomé,public,F,2023,ADMIS
1,1,0,1,0,0,13.68,10.46,12.28,1,12.28,0.5612,0.434,0.22799999999999992,0,0,0.0,0.5,0.5,0,A,Géographie,BAC_1,Grand Lomé,public,M,2024,REORIENTE
1,1,0,1,0,0,12.22,13.97,13.31,-1,13.31,0.5748,0.465,0.33100000000000007,0,0,0.0,0.5,0.5,0,D,Tourisme et Hôtellerie,BAC_1,Plateaux Est,privé,F,2024,ADMIS
1,1,0,1,0,0,9.34,10.24,10.07,-1,10.07,0.6994,0.574,0.007000000000000029,0,0,0.0,0.5,0.5,0,A,Lettres Modernes,BAC_1,Centrale,public,F,2023,REORIENTE
1,1,0,1,0,0,7.2,8.33,9.04,1,9.04,0.5498,0.494,-0.09600000000000009,0,0,0.0,0.5,0.5,0,G2,Économie,BAC_1,Grand Lomé,public,F,2024,ADMIS
1,1,0,1,0,0,7.94,8.67,8.21,-1,8.21,0.7076,0.617,-0.1789999999999999,0,0,0.0,0.5,0.5,0,A,STAPS (Activités Physiques et Sportives),BAC_1,Grand Lomé,privé,F,2024,REORIENTE
1,1,0,1,0,0,7.78,9.47,8.7,-1,8.7,0.519,0.543,-0.13000000000000006,0,0,0.0,0.5,0.5,0,D,Histoire,BAC_1,Maritime,public,M,2024,ADMIS
1,1,0,1,0,0,13.28,11.76,12.56,1,12.56,0.8036,0.524,0.25600000000000006,0,0,0.0,0.5,0.5,0,A,Enseignement Primaire,BAC_1,Maritime,public,M,2023,ADMIS
1,1,0,1,0,0,9.64,7.51,9.35,1,9.35,0.6664,0.493,-0.06500000000000003,0,0,0.0,0.5,0.5,0,D,Tourisme et Hôtellerie,BAC_1,Grand Lomé,public,F,2024,REORIENTE
1,1,0,1,0,0,11.65,11.22,10.05,-1,10.05,0.42160000000000003,0.562,0.005000000000000071,0,0,0.0,0.5,0.5,0,A,Géographie,BAC_1,Maritime,public,M,2024,REORIENTE
1,1,0,1,0,0,7.42,7.56,8.34,1,8.34,0.677,0.59,-0.166,0,0,0.0,0.5,0.5,0,A,Anglais,BAC_1,Maritime,privé,F,2023,REORIENTE
1,1,0,1,0,0,12.39,10.32,11.03,1,11.03,0.39020000000000005,0.56,0.10299999999999994,0,0,0.0,0.5,0.5,0,D,Psychologie,BAC_1,Plateaux Ouest,public,M,2024,REORIENTE
1,1,0,1,0,0,11.74,11.53,12.03,1,12.03,0.38280000000000003,0.408,0.20299999999999993,0,0,0.0,0.5,0.5,0,D,Sociologie,BAC_1,Centrale,public,M,2024,ADMIS
1,1,0,1,0,0,5.5,7.22,7.74,1,7.74,0.716,0.38,-0.22599999999999998,0,0,0.0,0.5,0.5,0,A,Sociologie,BAC_1,Maritime,privé,M,2024,REORIENTE
1,1,0,1,0,0,11.17,13.4,11.52,-1,11.52,0.48939999999999995,0.472,0.15199999999999997,0,0,0.0,0.5,0.5,0,D,Sciences Forestières,BAC_1,Maritime,privé,M,2024,REORIENTE
1,1,0,1,0,0,10.34,11.68,11.56,-1,11.56,0.28200000000000003,0.339,0.15600000000000006,0,0,0.0,0.5,0.5,0,D,Finance et Comptabilité,BAC_1,Plateaux Est,public,M,2024,REORIENTE
1,1,0,1,0,0,6.83,6.45,7.0,1,7.0,0.7756000000000001,0.556,-0.3,0,0,0.0,0.5,0.5,0,D,Biologie,BAC_1,Plateaux Est,privé,F,2023,REORIENTE
1,1,0,1,0,0,8.29,7.1,7.5,1,7.5,0.4244,0.479,-0.25,0,0,0.0,0.5,0.5,0,A,Sociologie,BAC_1,Plateaux Ouest,public,M,2024,REORIENTE
1,1,0,1,0,0,10.38,11.8,11.72,-1,11.72,0.6788,0.212,0.17200000000000007,0,0,0.0,0.5,0.5,0,A,Géographie,BAC_1,Maritime,privé,M,2023,ADMIS
1,1,0,1,0,0,10.66,10.43,9.57,-1,9.57,0.823,0.616,-0.04299999999999997,0,0,0.0,0.5,0.5,0,A,Arts Plastiques,BAC_1,Grand Lomé,privé,M,2023,REORIENTE
1,1,0,1,0,0,13.87,12.27,12.7,1,12.7,0.661,0.616,0.2699999999999999,0,0,0.0,0.5,0.5,0,D,Biologie,BAC_1,Grand Lomé,public,F,2024,ADMIS
1,1,0,1,0,0,10.59,9.56,10.78,1,10.78,0.5778,0.603,0.07799999999999993,0,0,0.0,0.5,0.5,0,A,Communication et Journalisme,BAC_1,Plateaux Ouest,public,M,2024,REORIENTE
1,1,0,1,0,0,8.66,10.73,10.58,-1,10.58,0.6923999999999999,0.693,0.05800000000000001,0,0,0.0,0.5,0.5,0,A,Sciences Politiques,BAC_1,Plateaux Ouest,public,F,2023,ADMIS
1,1,0,1,0,0,6.62,8.19,8.79,1,8.79,0.4512,0.411,-0.12100000000000008,0,0,0.0,0.5,0.5,0,B,Psychologie,BAC_1,Maritime,public,F,2023,REORIENTE
1,1,0,1,0,0,8.0,7.75,8.27,1,8.27,0.7608,0.744,-0.17300000000000004,0,0,0.0,0.5,0.5,0,B,Psychologie,BAC_1,Maritime,public,F,2024,REORIENTE
1,1,0,1,0,0,4.82,6.71,7.06,1,7.06,0.3024,0.348,-0.29400000000000004,0,0,0.0,0.5,0.5,0,A,Enseignement Primaire,BAC_1,Kara,public,M,2024,REORIENTE
1,1,0,1,0,0,6.03,8.51,8.64,1,8.64,0.4726,0.454,-0.13599999999999995,0,0,0.0,0.5,0.5,0,D,Sociologie,BAC_1,Maritime,public,M,2024,REORIENTE
1,1,0,1,0,0,11.55,10.29,10.72,1,10.72,0.5464,0.613,0.07200000000000006,0,0,0.0,0.5,0.5,0,A,Communication et Journalisme,BAC_1,Kara,privé,F,2024,REORIENTE
1,1,0,1,0,0,9.61,9.33,10.53,1,10.53,0.7667999999999999,0.432,0.052999999999999936,0,0,0.0,0.5,0.5,0,A,Sciences de l'Éducation,BAC_1,Grand Lomé,privé,M,2023,REORIENTE
1,1,0,1,0,0,7.33,8.22,8.75,1,8.75,0.5596,0.535,-0.125,0,0,0.0,0.5,0.5,0,A,Droit,BAC_1,Plateaux Est,public,M,2023,ADMIS
1,1,0,1,0,0,8.39,7.49,8.98,1,8.98,0.724,0.523,-0.10199999999999995,0,0,0.0,0.5,0.5,0,A,Communication et Journalisme,BAC_1,Kara,privé,F,2023,ADMIS
1,1,0,1,0,0,8.54,7.91,7.79,-1,7.79,0.7353999999999999,0.409,-0.221,0,0,0.0,0.5,0.5,0,A,Sciences Politiques,BAC_1,Maritime,privé,F,2023,REORIENTE
1,1,0,1,0,0,10.3,10.41,11.59,1,11.59,0.7988,0.512,0.15899999999999997,0,0,0.0,0.5,0.5,0,A,Sciences de l'Éducation,BAC_1,Plateaux Ouest,privé,F,2023,ADMIS
1,1,0,1,0,0,8.54,8.59,8.65,1,8.65,0.2994,0.45,-0.13499999999999995,0,0,0.0,0.5,0.5,0,A,Lettres Modernes,BAC_1,Plateaux Est,public,M,2024,REORIENTE
1,1,0,1,0,0,5.99,6.7,7.08,1,7.08,0.6402,0.531,-0.292,0,0,0.0,0.5,0.5,0,A,Psychologie,BAC_1,Centrale,public,M,2023,ADMIS
1,1,0,1,0,0,10.57,11.89,12.06,1,12.06,0.8016000000000001,0.816,0.20600000000000004,0,0,0.0,0.5,0.5,0,G2,Sciences Politiques,BAC_1,Grand Lomé,privé,F,2024,REORIENTE
1,1,0,1,0,0,12.18,12.26,12.96,1,12.96,0.6372,0.486,0.2960000000000001,0,0,0.0,0.5,0.5,0,A,Anglais,BAC_1,Centrale,public,M,2023,ADMIS
1,1,0,1,0,0,9.11,9.4,9.86,1,9.86,0.4292,0.524,-0.014000000000000058,0,0,0.0,0.5,0.5,0,A,Psychologie,BAC_1,Plateaux Est,public,F,2024,REORIENTE
1,1,0,1,0,0,10.64,11.02,12.13,1,12.13,0.4132,0.364,0.21300000000000008,0,0,0.0,0.5,0.5,0,A,Communication et Journalisme,BAC_1,Kara,privé,M,2024,REORIENTE
1,1,0,1,0,0,11.18,12.11,11.93,-1,11.93,0.6054,0.555,0.19299999999999998,0,0,0.0,0.5,0.5,0,D,Biologie,BAC_1,Grand Lomé,public,F,2024,ADMIS
1,1,0,1,0,0,8.81,9.7,10.66,1,10.66,0.4158,0.522,0.06600000000000002,0,0,0.0,0.5,0.5,0,A,Psychologie,BAC_1,Grand Lomé,public,F,2024,ADMIS
1,1,0,1,0,0,7.37,8.51,7.93,-1,7.93,0.5035999999999999,0.332,-0.20700000000000002,0,0,0.0,0.5,0.5,0,A,Sciences de l'Éducation,BAC_1,Grand Lomé,public,M,2024,REORIENTE
1,1,0,1,0,0,8.4,9.38,10.15,1,10.15,0.6829999999999999,0.578,0.015000000000000036,0,0,0.0,0.5,0.5,0,A,Histoire,BAC_1,Grand Lomé,public,M,2024,REORIENTE
1,1,0,1,0,0,10.97,10.8,11.54,1,11.54,0.771,0.645,0.15399999999999991,0,0,0.0,0.5,0.5,0,D,Informatique,BAC_1,Plateaux Est,public,M,2023,ADMIS
1,1,0,1,0,0,9.28,8.85,9.52,1,9.52,0.6526000000000001,0.652,-0.04800000000000004,0,0,0.0,0.5,0.5,0,D,Géographie,BAC_1,Centrale,public,F,2023,ADMIS
1,1,0,1,0,0,9.2,9.86,9.93,1,9.93,0.5696,0.743,-0.007000000000000029,0,0,0.0,0.5,0.5,0,D,Informatique,BAC_1,Plateaux Est,public,F,2024,REORIENTE
1,1,0,1,0,0,9.85,9.02,10.76,1,10.76,0.5636,0.449,0.07599999999999998,0,0,0.0,0.5,0.5,0,A,Anglais,BAC_1,Grand Lomé,public,F,2024,REORIENTE
1,1,0,1,0,0,8.2,7.73,7.68,-1,7.68,0.6126,0.381,-0.23200000000000004,0,0,0.0,0.5,0.5,0,D,Génie Mécanique,BAC_1,Grand Lomé,public,F,2023,ADMIS
1,1,0,1,0,0,9.21,9.01,9.19,1,9.19,0.6839999999999999,0.675,-0.08100000000000004,0,0,0.0,0.5,0.5,0,D,Gestion des Entreprises,BAC_1,Grand Lomé,public,M,2024,REORIENTE
1,1,0,1,0,0,9.29,7.89,7.68,-1,7.68,0.8492,0.638,-0.23200000000000004,0,0,0.0,0.5,0.5,0,A,Sciences Politiques,BAC_1,Maritime,privé,F,2023,ADMIS
1,1,0,1,0,0,9.77,10.23,10.37,1,10.37,0.6254,0.428,0.03699999999999992,0,0,0.0,0.5,0.5,0,D,Sciences Forestières,BAC_1,Maritime,public,F,2023,REORIENTE
1,1,0,1,0,0,10.09,11.65,10.83,-1,10.83,0.6564000000000001,0.546,0.083,0,0,0.0,0.5,0.5,0,A,Tourisme et Hôtellerie,BAC_1,Plateaux Est,public,F,2023,REORIENTE
1,1,0,1,0,0,10.1,10.61,10.24,-1,10.24,0.8184,0.672,0.02400000000000002,0,0,0.0,0.5,0.5,0,A,Droit,BAC_1,Maritime,public,M,2023,ADMIS
1,1,0,1,0,0,7.06,6.75,7.85,1,7.85,0.5044,0.547,-0.21500000000000002,0,0,0.0,0.5,0.5,0,D,Gestion des Entreprises,BAC_1,Grand Lomé,public,F,2024,ADMIS
1,1,0,1,0,0,6.83,9.08,8.48,-1,8.48,0.8932,0.751,-0.15199999999999997,0,0,0.0,0.5,0.5,0,A,STAPS (Activités Physiques et Sportives),BAC_1,Maritime,privé,F,2023,REORIENTE
1,1,0,1,0,0,4.84,4.58,6.0,1,6.0,0.477,0.576,-0.4,0,0,0.0,0.5,0.5,0,D,Physique-Chimie,BAC_1,Grand Lomé,public,F,2024,ADMIS
1,1,0,1,0,0,6.91,7.49,8.28,1,8.28,0.6624000000000001,0.636,-0.17200000000000007,0,0,0.0,0.5,0.5,0,D,Psychologie,BAC_1,Kara,public,M,2023,ADMIS
1,1,0,1,0,0,9.37,10.26,10.8,1,10.8,0.7289999999999999,0.576,0.08000000000000007,0,0,0.0,0.5,0.5,0,A,Droit,BAC_1,Maritime,public,M,2023,REORIENTE
1,1,0,1,0,0,6.34,6.59,6.02,-1,6.02,0.2564,0.491,-0.398,0,0,0.0,0.5,0.5,0,A,Anglais,BAC_1,Plateaux Est,public,F,2024,ADMIS
1,1,0,1,0,0,12.08,12.83,12.73,-1,12.73,0.36139999999999994,0.383,0.273,0,0,0.0,0.5,0.5,0,D,Sciences de l'Éducation,BAC_1,Savanes,public,F,2024,REORIENTE
1,1,0,1,0,0,13.73,15.2,15.25,1,15.25,0.5024,0.398,0.525,0,0,0.0,0.5,0.5,0,D,Sciences Infirmières,BAC_1,Plateaux Ouest,public,M,2023,ADMIS
1,1,0,1,0,0,8.59,8.62,10.13,1,10.13,0.612,0.441,0.013000000000000077,0,0,0.0,0.5,0.5,0,A,Psychologie,BAC_1,Kara,public,F,2023,ADMIS
1,1,0,1,0,0,8.46,9.41,8.23,-1,8.23,0.7173999999999999,0.472,-0.17699999999999996,0,0,0.0,0.5,0.5,0,D,Agronomie,BAC_1,Grand Lomé,public,F,2023,ADMIS
1,1,0,1,0,0,10.49,10.87,10.83,-1,10.83,0.5327999999999999,0.627,0.083,0,0,0.0,0.5,0.5,0,D,Psychologie,BAC_1,Grand Lomé,privé,F,2024,REORIENTE
1,1,0,1,0,0,11.32,12.57,12.38,-1,12.38,0.8166,0.594,0.23800000000000007,0,0,0.0,0.5,0.5,0,A,Tourisme et Hôtellerie,BAC_1,Centrale,public,F,2023,REORIENTE
1,1,0,1,0,0,9.92,10.57,11.05,1,11.05,0.317,0.275,0.10500000000000007,0,0,0.0,0.5,0.5,0,A,Anglais,BAC_1,Plateaux Ouest,public,F,2024,ADMIS
1,1,0,1,0,0,13.58,13.51,12.81,-1,12.81,0.6586,0.568,0.281,0,0,0.0,0.5,0.5,0,B,Communication et Journalisme,BAC_1,Grand Lomé,public,M,2023,REORIENTE
1,1,0,1,0,0,11.49,12.2,11.62,-1,11.62,0.4238,0.335,0.16199999999999992,0,0,0.0,0.5,0.5,0,A,Histoire,BAC_1,Plateaux Ouest,privé,M,2024,REORIENTE
1,1,0,1,0,0,11.12,9.21,10.47,1,10.47,0.6942,0.609,0.04700000000000006,0,0,0.0,0.5,0.5,0,D,Gestion des Entreprises,BAC_1,Grand Lomé,public,M,2023,ADMIS
1,1,0,1,0,0,8.51,8.64,9.07,1,9.07,0.6950000000000001,0.347,-0.09299999999999997,0,0,0.0,0.5,0.5,0,A,Communication et Journalisme,BAC_1,Maritime,privé,M,2023,ADMIS
1,1,0,1,0,0,11.64,11.7,11.54,-1,11.54,0.5522,0.674,0.15399999999999991,0,0,0.0,0.5,0.5,0,A,Histoire,BAC_1,Maritime,public,M,2024,REORIENTE
1,1,0,1,0,0,11.33,10.85,10.42,-1,10.42,0.3736,0.313,0.041999999999999996,0,0,0.0,0.5,0.5,0,D,Enseignement Primaire,BAC_1,Maritime,privé,F,2024,ADMIS
1,1,0,1,0,0,10.93,11.2,11.65,1,11.65,0.6853999999999999,0.305,0.16500000000000004,0,0,0.0,0.5,0.5,0,A,Géographie,BAC_1,Grand Lomé,public,F,2023,ADMIS
1,1,0,1,0,0,9.95,9.63,9.84,1,9.84,0.6006,0.546,-0.016000000000000014,0,0,0.0,0.5,0.5,0,D,Enseignement Primaire,BAC_1,Grand Lomé,privé,M,2024,REORIENTE
1,1,0,1,0,0,10.5,11.83,12.13,1,12.13,0.6094,0.562,0.21300000000000008,0,0,0.0,0.5,0.5,0,A,Communication et Journalisme,BAC_1,Plateaux Est,public,F,2024,REORIENTE
1,1,0,1,0,0,15.92,15.03,16.79,1,16.79,0.3932,0.566,0.6789999999999999,0,0,0.0,0.5,0.5,0,D,Médecine,BAC_1,Kara,public,F,2024,REORIENTE
1,1,0,1,0,0,8.2,8.88,9.28,1,9.28,0.5866,0.838,-0.07200000000000006,0,0,0.0,0.5,0.5,0,B,Communication et Journalisme,BAC_1,Grand Lomé,public,F,2024,REORIENTE
1,1,0,1,0,0,9.25,10.82,11.13,1,11.13,0.5444,0.659,0.11300000000000007,0,0,0.0,0.5,0.5,0,D,Génie Informatique,BAC_1,Grand Lomé,privé,F,2024,REORIENTE
1,1,0,1,0,0,8.91,9.53,10.58,1,10.58,0.8752,0.703,0.05800000000000001,0,0,0.0,0.5,0.5,0,A,Droit,BAC_1,Centrale,public,M,2023,REORIENTE
1,1,0,1,0,0,11.47,11.07,10.76,-1,10.76,0.528,0.447,0.07599999999999998,0,0,0.0,0.5,0.5,0,A,Droit,BAC_1,Maritime,privé,F,2024,REORIENTE
1,1,0,1,0,0,9.25,11.2,10.75,-1,10.75,0.778,0.478,0.075,0,0,0.0,0.5,0.5,0,A,Sciences Politiques,BAC_1,Grand Lomé,public,M,2023,ADMIS
1,1,0,1,0,0,9.45,8.76,8.85,1,8.85,0.5114,0.386,-0.11500000000000003,0,0,0.0,0.5,0.5,0,A,Arts Plastiques,BAC_1,Plateaux Ouest,public,M,2024,REORIENTE
1,1,0,1,0,0,11.5,11.75,11.55,-1,11.55,0.48,0.417,0.15500000000000008,0,0,0.0,0.5,0.5,0,D,Psychologie,BAC_1,Grand Lomé,privé,F,2024,ADMIS
1,1,0,1,0,0,11.18,12.07,11.66,-1,11.66,0.597,0.648,0.166,0,0,0.0,0.5,0.5,0,D,Pharmacie,BAC_1,Grand Lomé,public,F,2024,REORIENTE
1,1,0,1,0,0,10.21,10.67,10.99,1,10.99,0.6414,0.783,0.09900000000000002,0,0,0.0,0.5,0.5,0,D,Pharmacie,BAC_1,Grand Lomé,public,F,2024,REORIENTE
1,1,0,1,0,0,10.33,9.85,10.25,1,10.25,0.4696,0.604,0.025,0,0,0.0,0.5,0.5,0,G2,Banque et Assurance,BAC_1,Maritime,public,M,2023,REORIENTE
1,1,0,1,0,0,11.36,11.02,11.15,1,11.15,0.6901999999999999,0.503,0.11500000000000003,0,0,0.0,0.5,0.5,0,A,STAPS (Activités Physiques et Sportives),BAC_1,Grand Lomé,privé,F,2024,ADMIS
1,1,0,1,0,0,7.22,8.08,8.74,1,8.74,0.4572,0.624,-0.12599999999999997,0,0,0.0,0.5,0.5,0,D,Gestion des Entreprises,BAC_1,Plateaux Est,public,M,2024,REORIENTE
1,1,0,1,0,0,9.8,10.75,10.55,-1,10.55,0.638,0.482,0.05500000000000007,0,0,0.0,0.5,0.5,0,D,Génie Civil,BAC_1,Plateaux Ouest,public,M,2023,ADMIS
1,1,0,1,0,0,7.71,8.16,8.59,1,8.59,0.75,0.462,-0.14100000000000001,0,0,0.0,0.5,0.5,0,A,Enseignement Primaire,BAC_1,Grand Lomé,public,F,2023,ADMIS
1,1,0,1,0,0,13.26,14.57,13.89,-1,13.89,0.3276,0.516,0.38900000000000007,0,0,0.0,0.5,0.5,0,D,Génie Informatique,BAC_1,Grand Lomé,public,M,2024,REORIENTE
1,1,0,1,0,0,10.17,11.44,11.48,1,11.48,0.419,0.578,0.14800000000000005,0,0,0.0,0.5,0.5,0,A,Droit,BAC_1,Maritime,public,F,2024,REORIENTE
1,1,0,1,0,0,6.53,7.59,7.83,1,7.83,0.41080000000000005,0.562,-0.217,0,0,0.0,0.5,0.5,0,G2,Gestion des Entreprises,BAC_1,Plateaux Ouest,public,F,2023,REORIENTE
1,1,0,1,0,0,9.33,8.81,9.44,1,9.44,0.4746,0.507,-0.05600000000000005,0,0,0.0,0.5,0.5,0,A,Anglais,BAC_1,Maritime,public,M,2024,ADMIS
1,1,0,1,0,0,6.86,6.56,7.66,1,7.66,0.6759999999999999,0.205,-0.23399999999999999,0,0,0.0,0.5,0.5,0,D,Biologie,BAC_1,Grand Lomé,public,F,2023,ADMIS
1,1,0,1,0,0,10.42,10.94,11.08,1,11.08,0.5634,0.525,0.10800000000000001,0,0,0.0,0.5,0.5,0,A,Lettres Modernes,BAC_1,Plateaux Est,public,M,2023,ADMIS
1,1,0,1,0,0,11.76,10.71,10.88,1,10.88,0.5604,0.459,0.08800000000000008,0,0,0.0,0.5,0.5,0,A,Communication et Journalisme,BAC_1,Grand Lomé,public,F,2024,REORIENTE
1,1,0,1,0,0,8.2,8.45,8.22,-1,8.22,0.4456,0.724,-0.17799999999999994,0,0,0.0,0.5,0.5,0,D,Physique-Chimie,BAC_1,Maritime,public,M,2024,ADMIS
1,1,0,1,0,0,12.44,12.04,13.22,1,13.22,0.4394,0.59,0.32200000000000006,0,0,0.0,0.5,0.5,0,D,Agronomie,BAC_1,Maritime,public,M,2024,REORIENTE
1,1,0,1,0,0,10.69,10.58,11.66,1,11.66,0.2972,0.377,0.166,0,0,0.0,0.5,0.5,0,A,Sciences de l'Éducation,BAC_1,Kara,public,F,2024,ADMIS
1,1,0,1,0,0,11.72,9.39,10.08,1,10.08,0.4204,0.268,0.008000000000000007,0,0,0.0,0.5,0.5,0,D,Gestion des Entreprises,BAC_1,Grand Lomé,public,M,2024,REORIENTE
1,1,0,1,0,0,12.31,10.16,11.04,1,11.04,0.7302,0.693,0.10399999999999991,0,0,0.0,0.5,0.5,0,D,Agronomie,BAC_1,Maritime,public,F,2023,REORIENTE
1,1,0,1,0,0,9.81,11.55,11.39,-1,11.39,0.5888,0.302,0.13900000000000007,0,0,0.0,0.5,0.5,0,D,Sciences Infirmières,BAC_1,Savanes,public,M,2023,REORIENTE
1,1,0,1,0,0,6.76,8.69,8.36,-1,8.36,0.5276,0.44,-0.16400000000000006,0,0,0.0,0.5,0.5,0,A,Droit,BAC_1,Maritime,public,F,2024,REORIENTE
1,1,0,1,0,0,13.47,12.79,13.69,1,13.69,0.7377999999999999,0.613,0.36899999999999994,0,0,0.0,0.5,0.5,0,A,Droit,BAC_1,Grand Lomé,public,M,2023,ADMIS
1,1,0,1,0,0,8.05,9.61,8.87,-1,8.87,0.47059999999999996,0.32,-0.11300000000000007,0,0,0.0,0.5,0.5,0,D,Informatique,BAC_1,Plateaux Est,public,M,2023,REORIENTE
1,1,0,1,0,0,5.95,8.16,8.13,-1,8.13,0.7136,0.428,-0.18699999999999992,0,0,0.0,0.5,0.5,0,A,Lettres Modernes,BAC_1,Maritime,privé,M,2023,ADMIS
1,1,0,1,0,0,9.58,9.24,10.86,1,10.86,0.48140000000000005,0.755,0.08599999999999994,0,0,0.0,0.5,0.5,0,D,Gestion des Entreprises,BAC_1,Plateaux Est,privé,F,2024,REORIENTE
1,1,0,1,0,0,14.78,16.41,16.32,-1,16.32,0.6517999999999999,0.554,0.632,0,0,0.0,0.5,0.5,0,D,Pharmacie,BAC_1,Centrale,public,M,2023,ADMIS
1,1,0,1,0,0,8.9,9.11,9.34,1,9.34,0.5618000000000001,0.431,-0.06600000000000002,0,0,0.0,0.5,0.5,0,D,Enseignement Primaire,BAC_1,Savanes,public,F,2023,ADMIS
1,1,0,1,0,0,8.02,9.11,9.97,1,9.97,0.264,0.432,-0.002999999999999936,0,0,0.0,0.5,0.5,0,D,Psychologie,BAC_1,Plateaux Ouest,public,F,2024,REORIENTE
1,1,0,1,0,0,8.43,9.25,10.76,1,10.76,0.4006,0.532,0.07599999999999998,0,0,0.0,0.5,0.5,0,A,Anglais,BAC_1,Grand Lomé,public,F,2024,ADMIS
1,1,0,1,0,0,11.3,13.35,13.06,-1,13.06,0.659,0.629,0.30600000000000005,0,0,0.0,0.5,0.5,0,A,Enseignement Primaire,BAC_1,Kara,privé,F,2023,ADMIS
1,1,0,1,0,0,10.09,11.05,10.33,-1,10.33,0.7230000000000001,0.666,0.03300000000000001,0,0,0.0,0.5,0.5,0,A,Psychologie,BAC_1,Maritime,public,M,2024,REORIENTE
1,1,0,1,0,0,7.91,8.23,7.85,-1,7.85,0.7536,0.399,-0.21500000000000002,0,0,0.0,0.5,0.5,0,A,Psychologie,BAC_1,Centrale,privé,F,2023,REORIENTE
1,1,0,1,0,0,9.27,9.39,10.39,1,10.39,0.29059999999999997,0.374,0.039000000000000055,0,0,0.0,0.5,0.5,0,D,Finance et Comptabilité,BAC_1,Plateaux Ouest,public,F,2024,REORIENTE
1,1,0,1,0,0,10.3,10.97,11.71,1,11.71,0.641,0.557,0.1710000000000001,0,0,0.0,0.5,0.5,0,D,Physique-Chimie,BAC_1,Plateaux Est,public,M,2023,ADMIS
1,1,0,1,0,0,7.46,8.52,8.22,-1,8.22,0.7958000000000001,0.641,-0.17799999999999994,0,0,0.0,0.5,0.5,0,A,Histoire,BAC_1,Grand Lomé,public,F,2023,REORIENTE
1,1,0,1,0,0,13.36,14.6,14.03,-1,14.03,0.6086,0.44,0.4029999999999999,0,0,0.0,0.5,0.5,0,D,Pharmacie,BAC_1,Plateaux Est,public,F,2023,REORIENTE
1,1,0,1,0,0,7.34,8.49,8.51,1,8.51,0.512,0.488,-0.14900000000000002,0,0,0.0,0.5,0.5,0,D,Gestion des Entreprises,BAC_1,Centrale,public,F,2023,REORIENTE
1,1,0,1,0,0,10.21,10.06,10.77,1,10.77,0.46140000000000003,0.456,0.07699999999999996,0,0,0.0,0.5,0.5,0,D,Enseignement Primaire,BAC_1,Plateaux Est,public,F,2024,REORIENTE
1,1,0,1,0,0,12.76,14.77,13.98,-1,13.98,0.3024,0.366,0.398,0,0,0.0,0.5,0.5,0,D,Sociologie,BAC_1,Plateaux Est,privé,M,2024,REORIENTE
1,1,0,1,0,0,9.46,10.56,10.36,-1,10.36,0.7152000000000001,0.48,0.03599999999999994,0,0,0.0,0.5,0.5,0,A,Anglais,BAC_1,Savanes,privé,F,2023,REORIENTE
1,1,0,1,0,0,10.68,9.45,10.9,1,10.9,0.6980000000000001,0.557,0.09000000000000004,0,0,0.0,0.5,0.5,0,D,Informatique,BAC_1,Maritime,public,F,2023,REORIENTE
1,1,0,1,0,0,10.4,8.93,10.25,1,10.25,0.32480000000000003,0.632,0.025,0,0,0.0,0.5,0.5,0,D,Génie Mécanique,BAC_1,Plateaux Ouest,public,M,2024,REORIENTE
1,1,0,1,0,0,8.69,9.62,9.43,-1,9.43,0.4586,0.419,-0.05700000000000003,0,0,0.0,0.5,0.5,0,D,Biologie,BAC_1,Plateaux Ouest,privé,M,2024,ADMIS
1,1,0,1,0,0,13.23,13.31,12.9,-1,12.9,0.6724,0.544,0.29000000000000004,0,0,0.0,0.5,0.5,0,A,Droit,BAC_1,Plateaux Est,public,M,2023,ADMIS
1,1,0,1,0,0,8.97,7.4,8.73,1,8.73,0.6970000000000001,0.55,-0.12699999999999995,0,0,0.0,0.5,0.5,0,A,Sciences de l'Éducation,BAC_1,Centrale,public,F,2023,REORIENTE
1,1,0,1,0,0,11.17,12.02,11.13,-1,11.13,0.476,0.548,0.11300000000000007,0,0,0.0,0.5,0.5,0,A,Psychologie,BAC_1,Plateaux Est,public,F,2024,REORIENTE
1,1,0,1,0,0,10.3,11.23,10.74,-1,10.74,0.8502,0.66,0.07400000000000002,0,0,0.0,0.5,0.5,0,T1,Génie Informatique,BAC_1,Plateaux Ouest,public,F,2024,REORIENTE
1,1,0,1,0,0,8.68,9.08,8.64,-1,8.64,0.79,0.49,-0.13599999999999995,0,0,0.0,0.5,0.5,0,D,Génie Électrique,BAC_1,Grand Lomé,public,F,2023,REORIENTE
1,1,0,1,0,0,10.35,9.57,10.56,1,10.56,0.4454,0.536,0.05600000000000005,0,0,0.0,0.5,0.5,0,D,Gestion des Entreprises,BAC_1,Centrale,public,M,2024,REORIENTE
1,1,0,1,0,0,9.55,10.1,10.77,1,10.77,0.6452,0.482,0.07699999999999996,0,0,0.0,0.5,0.5,0,A,Géographie,BAC_1,Kara,privé,F,2024,REORIENTE
1,1,0,1,0,0,5.92,6.57,7.03,1,7.03,0.39640000000000003,0.478,-0.297,0,0,0.0,0.5,0.5,0,D,Informatique,BAC_1,Centrale,public,F,2024,ADMIS
1,1,0,1,0,0,4.63,6.7,7.1,1,7.1,0.7816,0.469,-0.29000000000000004,0,0,0.0,0.5,0.5,0,D,Géographie,BAC_1,Plateaux Ouest,privé,F,2023,ADMIS
1,1,0,1,0,0,5.81,5.66,6.36,1,6.36,0.4394,0.287,-0.364,0,0,0.0,0.5,0.5,0,A,Sociologie,BAC_1,Savanes,public,M,2024,ADMIS
1,1,0,1,0,0,8.39,9.31,10.29,1,10.29,0.6072000000000001,0.513,0.028999999999999915,0,0,0.0,0.5,0.5,0,A,Anglais,BAC_1,Savanes,privé,M,2024,REORIENTE
1,1,0,1,0,0,11.24,11.93,10.93,-1,10.93,0.862,0.67,0.09299999999999997,0,0,0.0,0.5,0.5,0,D,Génie Électrique,BAC_1,Maritime,privé,F,2023,ADMIS
1,1,0,1,0,0,8.64,10.07,10.55,1,10.55,0.615,0.477,0.05500000000000007,0,0,0.0,0.5,0.5,0,D,Génie Mécanique,BAC_1,Plateaux Ouest,privé,F,2023,REORIENTE
1,1,0,1,0,0,11.95,11.83,11.59,-1,11.59,0.8282,0.641,0.15899999999999997,0,0,0.0,0.5,0.5,0,D,STAPS (Activités Physiques et Sportives),BAC_1,Kara,public,M,2023,REORIENTE
1,1,0,1,0,0,8.48,8.63,10.1,1,10.1,0.6456,0.486,0.009999999999999964,0,0,0.0,0.5,0.5,0,A,Sociologie,BAC_1,Centrale,public,M,2023,REORIENTE
1,1,0,1,0,0,10.64,11.59,10.63,-1,10.63,0.4012,0.409,0.06300000000000008,0,0,0.0,0.5,0.5,0,A,Anglais,BAC_1,Plateaux Ouest,public,M,2024,REORIENTE
1,1,0,1,0,0,5.76,8.22,7.25,-1,7.25,0.6272,0.5,-0.275,0,0,0.0,0.5,0.5,0,A,Géographie,BAC_1,Kara,public,M,2023,REORIENTE
1,1,0,1,0,0,12.42,11.0,11.67,1,11.67,0.7116,0.483,0.16699999999999998,0,0,0.0,0.5,0.5,0,A,Tourisme et Hôtellerie,BAC_1,Grand Lomé,public,F,2023,REORIENTE
1,1,0,1,0,0,8.67,9.56,10.57,1,10.57,0.634,0.412,0.05700000000000003,0,0,0.0,0.5,0.5,0,A,Géographie,BAC_1,Maritime,public,F,2023,REORIENTE
1,1,0,1,0,0,10.41,10.87,10.63,-1,10.63,0.7648,0.529,0.06300000000000008,0,0,0.0,0.5,0.5,0,D,Informatique,BAC_1,Grand Lomé,privé,F,2023,REORIENTE
1,1,0,1,0,0,12.93,13.02,13.44,1,13.44,0.6783999999999999,0.595,0.344,0,0,0.0,0.5,0.5,0,B,Psychologie,BAC_1,Plateaux Est,public,M,2024,ADMIS
1,1,0,1,0,0,9.64,13.0,13.07,1,13.07,0.3278,0.332,0.30700000000000005,0,0,0.0,0.5,0.5,0,D,Sciences Infirmières,BAC_1,Plateaux Est,privé,F,2024,REORIENTE
1,1,0,1,0,0,12.55,12.42,13.09,1,13.09,0.6884,0.287,0.309,0,0,0.0,0.5,0.5,0,A,Anglais,BAC_1,Maritime,public,M,2023,ADMIS
1,1,0,1,0,0,11.57,12.6,13.41,1,13.41,0.545,0.335,0.341,0,0,0.0,0.5,0.5,0,F3,Génie Électrique,BAC_1,Kara,public,F,2023,REORIENTE
1,1,0,1,0,0,8.45,8.83,10.31,1,10.31,0.6268,0.658,0.03100000000000005,0,0,0.0,0.5,0.5,0,A,Sciences Politiques,BAC_1,Maritime,public,F,2024,REORIENTE
1,1,0,1,0,0,11.48,13.26,12.0,-1,12.0,0.5814,0.849,0.2,0,0,0.0,0.5,0.5,0,D,Génie Civil,BAC_1,Savanes,public,M,2024,REORIENTE
1,1,0,1,0,0,12.08,12.73,13.01,1,13.01,0.3742,0.28,0.301,0,0,0.0,0.5,0.5,0,D,Psychologie,BAC_1,Savanes,public,F,2024,ADMIS
1,1,0,1,0,0,6.17,8.43,8.93,1,8.93,0.4908,0.336,-0.10700000000000003,0,0,0.0,0.5,0.5,0,D,Agronomie,BAC_1,Maritime,public,F,2023,ADMIS
1,1,0,1,0,0,12.45,11.61,12.5,1,12.5,0.5924,0.605,0.25,0,0,0.0,0.5,0.5,0,D,Sciences Infirmières,BAC_1,Centrale,public,F,2023,REORIENTE
1,1,0,1,0,0,12.06,12.4,12.34,-1,12.34,0.4718,0.476,0.23399999999999999,0,0,0.0,0.5,0.5,0,D,Génie Mécanique,BAC_1,Plateaux Ouest,public,M,2023,REORIENTE
1,1,0,1,0,0,6.03,6.57,6.85,1,6.85,0.34500000000000003,0.453,-0.31500000000000006,0,0,0.0,0.5,0.5,0,D,Agronomie,BAC_1,Plateaux Est,public,F,2024,REORIENTE
1,1,0,1,0,0,8.02,7.93,8.26,1,8.26,0.8072,0.533,-0.17400000000000002,0,0,0.0,0.5,0.5,0,A,Géographie,BAC_1,Grand Lomé,privé,M,2023,REORIENTE
1,1,0,1,0,0,8.31,10.54,10.14,-1,10.14,0.6863999999999999,0.48,0.014000000000000058,0,0,0.0,0.5,0.5,0,A,Anglais,BAC_1,Centrale,public,F,2023,ADMIS
1,1,0,1,0,0,12.6,14.17,14.03,-1,14.03,0.6204000000000001,0.336,0.4029999999999999,0,0,0.0,0.5,0.5,0,A,Sciences Politiques,BAC_1,Grand Lomé,public,F,2023,ADMIS
1,1,0,1,0,0,10.99,10.72,11.0,1,11.0,0.6208,0.517,0.1,0,0,0.0,0.5,0.5,0,B,Psychologie,BAC_1,Grand Lomé,public,M,2023,REORIENTE
1,1,0,1,0,0,5.77,4.79,5.04,1,5.04,0.626,0.53,-0.496,0,0,0.0,0.5,0.5,0,A,Géographie,BAC_1,Grand Lomé,public,M,2024,REORIENTE
1,1,0,1,0,0,6.53,6.18,7.1,1,7.1,0.745,0.544,-0.29000000000000004,0,0,0.0,0.5,0.5,0,D,Enseignement Primaire,BAC_1,Grand Lomé,privé,F,2023,REORIENTE
1,1,0,1,0,0,12.2,13.91,14.46,1,14.46,0.6052,0.496,0.44600000000000006,0,0,0.0,0.5,0.5,0,D,Finance et Comptabilité,BAC_1,Plateaux Ouest,public,F,2023,ADMIS
1,1,0,1,0,0,7.57,6.99,7.6,1,7.6,0.7103999999999999,0.621,-0.24000000000000005,0,0,0.0,0.5,0.5,0,A,Psychologie,BAC_1,Maritime,public,F,2024,REORIENTE
1,1,0,1,0,0,10.47,11.04,12.09,1,12.09,0.47500000000000003,0.496,0.209,0,0,0.0,0.5,0.5,0,A,Enseignement Primaire,BAC_1,Grand Lomé,public,F,2024,REORIENTE
1,1,0,1,0,0,11.97,12.13,12.87,1,12.87,0.7515999999999999,0.64,0.2869999999999999,0,0,0.0,0.5,0.5,0,D,Génie Électrique,BAC_1,Grand Lomé,privé,M,2023,ADMIS
1,1,0,1,0,0,7.2,8.49,7.97,-1,7.97,0.492,0.759,-0.203,0,0,0.0,0.5,0.5,0,A,Sciences Politiques,BAC_1,Plateaux Est,public,M,2024,REORIENTE
1,1,0,1,0,0,9.06,10.86,11.28,1,11.28,0.8699999999999999,0.69,0.12799999999999995,0,0,0.0,0.5,0.5,0,F1,Génie Civil,BAC_1,Grand Lomé,public,F,2023,REORIENTE
1,1,0,1,0,0,6.01,6.84,7.34,1,7.34,0.347,0.506,-0.266,0,0,0.0,0.5,0.5,0,A,Anglais,BAC_1,Kara,public,M,2024,REORIENTE
1,1,0,1,0,0,7.8,6.63,7.63,1,7.63,0.5036,0.536,-0.23700000000000002,0,0,0.0,0.5,0.5,0,D,Génie Mécanique,BAC_1,Plateaux Est,privé,M,2024,REORIENTE
1,1,0,1,0,0,6.17,7.71,7.24,-1,7.24,0.778,0.496,-0.27599999999999997,0,0,0.0,0.5,0.5,0,D,Enseignement Primaire,BAC_1,Savanes,public,M,2023,ADMIS
1,1,0,1,0,0,9.0,8.96,10.4,1,10.4,0.739,0.655,0.040000000000000036,0,0,0.0,0.5,0.5,0,A,Communication et Journalisme,BAC_1,Maritime,public,F,2023,ADMIS
1,1,0,1,0,0,10.5,11.78,11.38,-1,11.38,0.701,0.53,0.13800000000000007,0,0,0.0,0.5,0.5,0,D,Psychologie,BAC_1,Centrale,privé,M,2023,ADMIS
1,1,0,1,0,0,9.81,11.31,11.09,-1,11.09,0.8006,0.56,0.10899999999999999,0,0,0.0,0.5,0.5,0,A,Droit,BAC_1,Grand Lomé,public,M,2023,ADMIS
1,1,0,1,0,0,9.73,9.3,9.58,1,9.58,0.6374,0.473,-0.041999999999999996,0,0,0.0,0.5,0.5,0,A,Sciences de l'Éducation,BAC_1,Grand Lomé,public,M,2023,ADMIS
1,1,0,1,0,0,12.03,13.1,12.33,-1,12.33,0.6134,0.659,0.233,0,0,0.0,0.5,0.5,0,G2,Gestion des Entreprises,BAC_1,Maritime,public,F,2024,REORIENTE
1,1,0,1,0,0,15.3,13.98,14.67,1,14.67,0.6626,0.563,0.46699999999999997,0,0,0.0,0.5,0.5,0,B,Gestion des Entreprises,BAC_1,Grand Lomé,public,M,2024,ADMIS
1,1,0,1,0,0,13.78,13.54,13.71,1,13.71,0.7587999999999999,0.412,0.3710000000000001,0,0,0.0,0.5,0.5,0,A,Sociologie,BAC_1,Savanes,privé,M,2023,ADMIS
1,1,0,1,0,0,11.67,12.87,12.85,-1,12.85,0.7162,0.454,0.285,0,0,0.0,0.5,0.5,0,A,Lettres Modernes,BAC_1,Maritime,public,M,2023,ADMIS
1,1,0,1,0,0,8.93,10.56,9.71,-1,9.71,0.6286,0.61,-0.028999999999999915,0,0,0.0,0.5,0.5,0,D,Informatique,BAC_1,Centrale,public,M,2023,REORIENTE
1,1,0,1,0,0,11.09,12.04,12.5,1,12.5,0.503,0.431,0.25,0,0,0.0,0.5,0.5,0,D,Biologie,BAC_1,Grand Lomé,public,M,2024,ADMIS
1,1,0,1,0,0,12.5,12.39,12.52,1,12.52,0.24400000000000002,0.46,0.25199999999999995,0,0,0.0,0.5,0.5,0,D,Génie Civil,BAC_1,Plateaux Est,public,M,2024,REORIENTE
1,1,0,1,0,0,9.41,9.83,10.29,1,10.29,0.344,0.383,0.028999999999999915,0,0,0.0,0.5,0.5,0,A,Communication et Journalisme,BAC_1,Maritime,public,F,2024,REORIENTE
1,1,0,1,0,0,9.61,9.33,9.27,-1,9.27,0.3536,0.548,-0.07300000000000004,0,0,0.0,0.5,0.5,0,D,Informatique,BAC_1,Plateaux Est,public,F,2024,REORIENTE
1,1,0,1,0,0,8.61,10.17,8.96,-1,8.96,0.5611999999999999,0.524,-0.10399999999999991,0,0,0.0,0.5,0.5,0,A,Lettres Modernes,BAC_1,Maritime,privé,F,2024,REORIENTE
1,1,0,1,0,0,8.27,9.43,10.02,1,10.02,0.7784,0.563,0.0019999999999999575,0,0,0.0,0.5,0.5,0,A,Lettres Modernes,BAC_1,Centrale,public,F,2023,ADMIS
1,1,0,1,0,0,11.23,11.95,12.03,1,12.03,0.6789999999999999,0.436,0.20299999999999993,0,0,0.0,0.5,0.5,0,A,Droit,BAC_1,Savanes,public,F,2023,REORIENTE
1,1,0,1,0,0,10.78,9.93,11.38,1,11.38,0.6068,0.524,0.13800000000000007,0,0,0.0,0.5,0.5,0,A,Droit,BAC_1,Maritime,public,M,2024,REORIENTE
1,1,0,1,0,0,8.82,9.73,10.43,1,10.43,0.5372,0.425,0.04299999999999997,0,0,0.0,0.5,0.5,0,A,Lettres Modernes,BAC_1,Maritime,public,F,2024,REORIENTE
1,1,0,1,0,0,5.95,8.75,8.22,-1,8.22,0.8595999999999999,0.7,-0.17799999999999994,0,0,0.0,0.5,0.5,0,A,Lettres Modernes,BAC_1,Grand Lomé,privé,M,2023,ADMIS
1,1,0,1,0,0,9.64,9.85,9.69,-1,9.69,0.6389999999999999,0.303,-0.03100000000000005,0,0,0.0,0.5,0.5,0,D,Sciences Infirmières,BAC_1,Kara,public,M,2023,ADMIS
1,1,0,1,0,0,6.99,6.4,7.11,1,7.11,0.41759999999999997,0.342,-0.289,0,0,0.0,0.5,0.5,0,A,Anglais,BAC_1,Maritime,public,F,2024,REORIENTE
1,1,0,1,0,0,12.13,12.48,12.51,1,12.51,0.634,0.613,0.251,0,0,0.0,0.5,0.5,0,D,Pharmacie,BAC_1,Plateaux Est,public,F,2023,ADMIS
1,1,0,1,0,0,9.36,9.63,11.31,1,11.31,0.3176,0.377,0.13100000000000006,0,0,0.0,0.5,0.5,0,A,Tourisme et Hôtellerie,BAC_1,Maritime,public,M,2024,REORIENTE
1,1,0,1,0,0,11.2,10.52,10.54,1,10.54,0.3246,0.477,0.053999999999999916,0,0,0.0,0.5,0.5,0,D,Tourisme et Hôtellerie,BAC_1,Plateaux Est,public,M,2024,REORIENTE
1,1,0,1,0,0,12.27,11.75,12.04,1,12.04,0.6902,0.557,0.2039999999999999,0,0,0.0,0.5,0.5,0,A,Histoire,BAC_1,Maritime,public,M,2023,ADMIS
1,1,0,1,0,0,9.77,9.56,10.55,1,10.55,0.7672,0.529,0.05500000000000007,0,0,0.0,0.5,0.5,0,A,Sciences de l'Éducation,BAC_1,Grand Lomé,public,M,2023,REORIENTE
1,1,0,1,0,0,10.02,10.45,10.42,-1,10.42,0.6033999999999999,0.661,0.041999999999999996,0,0,0.0,0.5,0.5,0,A,Arts Plastiques,BAC_1,Grand Lomé,public,F,2024,REORIENTE
1,1,0,1,0,0,7.0,8.91,7.91,-1,7.91,0.5228,0.548,-0.209,0,0,0.0,0.5,0.5,0,A,Géographie,BAC_1,Grand Lomé,public,M,2024,REORIENTE
1,1,0,1,0,0,10.13,11.71,12.23,1,12.23,0.7972,0.556,0.22300000000000003,0,0,0.0,0.5,0.5,0,A,Sociologie,BAC_1,Savanes,public,M,2023,ADMIS
1,1,0,1,0,0,4.61,7.21,7.28,1,7.28,0.6634,0.544,-0.27199999999999996,0,0,0.0,0.5,0.5,0,D,Gestion des Entreprises,BAC_1,Grand Lomé,privé,M,2024,ADMIS
1,1,0,1,0,0,10.73,8.98,10.6,1,10.6,0.6846,0.522,0.05999999999999996,0,0,0.0,0.5,0.5,0,A,Géographie,BAC_1,Savanes,public,M,2023,ADMIS
1,1,0,1,0,0,13.74,14.26,14.71,1,14.71,0.8782000000000001,0.739,0.4710000000000001,0,0,0.0,0.5,0.5,0,A,Communication et Journalisme,BAC_1,Grand Lomé,public,F,2023,ADMIS
1,1,0,1,0,0,7.59,9.26,8.65,-1,8.65,0.6898,0.349,-0.13499999999999995,0,0,0.0,0.5,0.5,0,A,Sociologie,BAC_1,Plateaux Ouest,public,M,2023,REORIENTE
1,1,0,1,0,0,9.1,9.15,10.34,1,10.34,0.7134,0.51,0.03399999999999999,0,0,0.0,0.5,0.5,0,A,Lettres Modernes,BAC_1,Plateaux Est,privé,M,2023,ADMIS
1,1,0,1,0,0,10.77,11.32,12.12,1,12.12,0.5924,0.458,0.2119999999999999,0,0,0.0,0.5,0.5,0,F4,Agronomie,BAC_1,Savanes,public,F,2023,ADMIS
1,1,0,1,0,0,9.72,8.79,9.25,1,9.25,0.6796,0.388,-0.075,0,0,0.0,0.5,0.5,0,A,Sciences de l'Éducation,BAC_1,Grand Lomé,public,M,2023,REORIENTE
1,1,0,1,0,0,8.88,8.28,9.26,1,9.26,0.4878,0.492,-0.07400000000000002,0,0,0.0,0.5,0.5,0,A,Lettres Modernes,BAC_1,Plateaux Est,public,M,2024,REORIENTE
1,1,0,1,0,0,8.27,7.38,8.74,1,8.74,0.707,0.323,-0.12599999999999997,0,0,0.0,0.5,0.5,0,D,Informatique,BAC_1,Kara,privé,F,2023,REORIENTE
1,1,0,1,0,0,8.92,8.99,9.42,1,9.42,0.5934,0.456,-0.05800000000000001,0,0,0.0,0.5,0.5,0,A,Communication et Journalisme,BAC_1,Savanes,public,M,2023,REORIENTE
1,1,0,1,0,0,8.76,10.38,10.32,-1,10.32,0.403,0.328,0.03200000000000003,0,0,0.0,0.5,0.5,0,D,Génie Informatique,BAC_1,Grand Lomé,public,M,2024,REORIENTE
1,1,0,1,0,0,9.85,10.56,10.58,1,10.58,0.8130000000000001,0.642,0.05800000000000001,0,0,0.0,0.5,0.5,0,A,Droit,BAC_1,Centrale,privé,M,2023,ADMIS
1,1,0,1,0,0,13.62,11.83,12.63,1,12.63,0.5828,0.578,0.26300000000000007,0,0,0.0,0.5,0.5,0,D,Génie Civil,BAC_1,Plateaux Ouest,public,M,2023,REORIENTE
1,1,0,1,0,0,8.8,8.83,8.69,-1,8.69,0.4526,0.512,-0.13100000000000006,0,0,0.0,0.5,0.5,0,A,Communication et Journalisme,BAC_1,Centrale,privé,M,2024,ADMIS
1,1,0,1,0,0,13.1,13.11,13.72,1,13.72,0.45999999999999996,0.439,0.37200000000000005,0,0,0.0,0.5,0.5,0,D,Génie Informatique,BAC_1,Grand Lomé,public,F,2024,REORIENTE
1,1,0,1,0,0,10.92,11.9,11.87,-1,11.87,0.3272,0.239,0.18699999999999992,0,0,0.0,0.5,0.5,0,A,Psychologie,BAC_1,Plateaux Ouest,public,M,2024,REORIENTE
1,1,0,1,0,0,10.17,7.77,9.8,1,9.8,0.5402,0.485,-0.019999999999999928,0,0,0.0,0.5,0.5,0,F3,Génie Civil,BAC_1,Maritime,public,M,2023,ADMIS
1,1,0,1,0,0,11.98,11.9,12.44,1,12.44,0.7766,0.68,0.24399999999999994,0,0,0.0,0.5,0.5,0,A,Histoire,BAC_1,Plateaux Ouest,public,F,2023,ADMIS
1,1,0,1,0,0,6.9,8.85,9.08,1,9.08,0.7866,0.621,-0.092,0,0,0.0,0.5,0.5,0,A,Droit,BAC_1,Centrale,public,F,2023,REORIENTE
1,1,0,1,0,0,8.29,8.19,8.67,1,8.67,0.46240000000000003,0.265,-0.133,0,0,0.0,0.5,0.5,0,D,Sciences de l'Éducation,BAC_1,Kara,public,M,2024,ADMIS
1,1,0,1,0,0,8.81,10.85,10.74,-1,10.74,0.765,0.483,0.07400000000000002,0,0,0.0,0.5,0.5,0,D,Gestion des Entreprises,BAC_1,Grand Lomé,public,F,2023,ADMIS
1,1,0,1,0,0,8.61,9.26,9.93,1,9.93,0.47540000000000004,0.536,-0.007000000000000029,0,0,0.0,0.5,0.5,0,A,Droit,BAC_1,Plateaux Est,privé,F,2024,REORIENTE
1,1,0,1,0,0,11.42,9.35,10.75,1,10.75,0.5748,0.63,0.075,0,0,0.0,0.5,0.5,0,D,Psychologie,BAC_1,Grand Lomé,public,M,2024,ADMIS
1,1,0,1,0,0,12.07,11.35,12.35,1,12.35,0.768,0.435,0.23499999999999996,0,0,0.0,0.5,0.5,0,A,Communication et Journalisme,BAC_1,Plateaux Ouest,public,M,2023,ADMIS
1,1,0,1,0,0,7.6,7.48,7.59,1,7.59,0.5626,0.535,-0.24100000000000002,0,0,0.0,0.5,0.5,0,A,Enseignement Primaire,BAC_1,Grand Lomé,public,F,2024,REORIENTE
1,1,0,1,0,0,9.27,9.68,10.29,1,10.29,0.4708,0.592,0.028999999999999915,0,0,0.0,0.5,0.5,0,A,Droit,BAC_1,Centrale,public,F,2024,REORIENTE
1,1,0,1,0,0,10.8,11.26,10.97,-1,10.97,0.43679999999999997,0.696,0.09700000000000006,0,0,0.0,0.5,0.5,0,D,Psychologie,BAC_1,Plateaux Est,public,F,2024,REORIENTE
1,1,0,1,0,0,9.96,8.07,10.11,1,10.11,0.5598000000000001,0.702,0.010999999999999944,0,0,0.0,0.5,0.5,0,D,Sciences Forestières,BAC_1,Maritime,public,F,2024,REORIENTE
1,1,0,1,0,0,9.23,8.56,9.72,1,9.72,0.8444,0.626,-0.027999999999999935,0,0,0.0,0.5,0.5,0,D,Gestion des Entreprises,BAC_1,Maritime,privé,F,2023,REORIENTE
1,1,0,1,0,0,14.36,14.33,14.03,-1,14.03,0.4064,0.491,0.4029999999999999,0,0,0.0,0.5,0.5,0,D,Gestion des Entreprises,BAC_1,Centrale,public,F,2023,REORIENTE
1,1,0,1,0,0,7.77,8.0,7.98,-1,7.98,0.6764,0.206,-0.20199999999999996,0,0,0.0,0.5,0.5,0,A,Sociologie,BAC_1,Maritime,public,F,2023,REORIENTE
1,1,0,1,0,0,8.15,6.48,7.37,1,7.37,0.4538,0.539,-0.263,0,0,0.0,0.5,0.5,0,D,Sciences Infirmières,BAC_1,Grand Lomé,public,M,2024,REORIENTE
1,1,0,1,0,0,10.36,11.53,11.1,-1,11.1,0.6332,0.359,0.10999999999999996,0,0,0.0,0.5,0.5,0,A,Tourisme et Hôtellerie,BAC_1,Plateaux Ouest,public,F,2023,REORIENTE
1,1,0,1,0,0,11.17,9.37,10.47,1,10.47,0.7332000000000001,0.555,0.04700000000000006,0,0,0.0,0.5,0.5,0,D,Finance et Comptabilité,BAC_1,Grand Lomé,public,M,2023,REORIENTE
1,1,0,1,0,0,9.67,9.04,8.59,-1,8.59,0.5052000000000001,0.456,-0.14100000000000001,0,0,0.0,0.5,0.5,0,D,Biologie,BAC_1,Plateaux Est,privé,F,2024,REORIENTE
1,1,0,1,0,0,7.83,7.35,8.13,1,8.13,0.6396,0.462,-0.18699999999999992,0,0,0.0,0.5,0.5,0,D,Génie Informatique,BAC_1,Grand Lomé,public,M,2023,REORIENTE
1,1,0,1,0,0,6.9,6.11,7.64,1,7.64,0.7924,0.496,-0.23600000000000004,0,0,0.0,0.5,0.5,0,A,Droit,BAC_1,Maritime,privé,M,2023,REORIENTE
1,1,0,1,0,0,10.63,11.25,12.42,1,12.42,0.6696,0.366,0.242,0,0,0.0,0.5,0.5,0,F3,Génie Électrique,BAC_1,Plateaux Ouest,privé,F,2023,REORIENTE
1,1,0,1,0,0,10.36,10.1,10.21,1,10.21,0.7406,0.551,0.021000000000000085,0,0,0.0,0.5,0.5,0,A,Lettres Modernes,BAC_1,Plateaux Est,privé,F,2023,ADMIS
1,1,0,1,0,0,9.47,9.52,9.55,1,9.55,0.59,0.35,-0.04499999999999993,0,0,0.0,0.5,0.5,0,A,Géographie,BAC_1,Plateaux Ouest,public,M,2023,ADMIS
1,1,0,1,0,0,11.94,12.25,13.0,1,13.0,0.7836,0.474,0.3,0,0,0.0,0.5,0.5,0,D,Tourisme et Hôtellerie,BAC_1,Grand Lomé,privé,M,2023,ADMIS
1,1,0,1,0,0,8.38,8.22,8.08,-1,8.08,0.5317999999999999,0.593,-0.192,0,0,0.0,0.5,0.5,0,G3,Sciences Infirmières,BAC_1,Grand Lomé,public,F,2023,ADMIS
1,1,0,1,0,0,7.95,9.56,9.43,-1,9.43,0.3638,0.305,-0.05700000000000003,0,0,0.0,0.5,0.5,0,A,Tourisme et Hôtellerie,BAC_1,Grand Lomé,public,F,2024,ADMIS
1,1,0,1,0,0,14.23,12.82,13.36,1,13.36,0.7464,0.495,0.33599999999999997,0,0,0.0,0.5,0.5,0,D,Sciences Infirmières,BAC_1,Maritime,public,M,2023,REORIENTE
1,1,0,1,0,0,11.04,11.3,11.69,1,11.69,0.388,0.28,0.16899999999999996,0,0,0.0,0.5,0.5,0,A,Droit,BAC_1,Maritime,public,F,2024,REORIENTE
1,1,0,1,0,0,11.47,12.53,12.64,1,12.64,0.6836,0.392,0.26400000000000007,0,0,0.0,0.5,0.5,0,D,Sciences de l'Éducation,BAC_1,Centrale,public,M,2023,REORIENTE
1,1,0,1,0,0,10.72,11.03,11.28,1,11.28,0.7485999999999999,0.616,0.12799999999999995,0,0,0.0,0.5,0.5,0,A,Anglais,BAC_1,Grand Lomé,public,F,2023,ADMIS
1,1,0,1,0,0,12.02,12.44,13.7,1,13.7,0.8524,0.646,0.36999999999999994,0,0,0.0,0.5,0.5,0,A,Histoire,BAC_1,Maritime,public,M,2023,ADMIS
1,1,0,1,0,0,11.24,11.24,10.75,-1,10.75,0.3476,0.437,0.075,0,0,0.0,0.5,0.5,0,D,Enseignement Primaire,BAC_1,Plateaux Ouest,public,M,2024,REORIENTE
1,1,0,1,0,0,13.99,11.88,12.97,1,12.97,0.7394000000000001,0.842,0.29700000000000004,0,0,0.0,0.5,0.5,0,A,Géographie,BAC_1,Maritime,public,F,2023,ADMIS
1,1,0,1,0,0,8.85,8.94,9.88,1,9.88,0.7714000000000001,0.763,-0.011999999999999922,0,0,0.0,0.5,0.5,0,T1,Génie Électrique,BAC_1,Plateaux Est,privé,M,2024,REORIENTE
1,1,0,1,0,0,9.77,11.73,11.34,-1,11.34,0.6172,0.529,0.13399999999999998,0,0,0.0,0.5,0.5,0,A,STAPS (Activités Physiques et Sportives),BAC_1,Plateaux Ouest,privé,F,2024,REORIENTE
1,1,0,1,0,0,9.94,11.51,12.29,1,12.29,0.5122,0.643,0.22899999999999993,0,0,0.0,0.5,0.5,0,A,Droit,BAC_1,Centrale,privé,M,2024,REORIENTE
1,1,0,1,0,0,11.76,13.36,13.65,1,13.65,0.5347999999999999,0.434,0.36500000000000005,0,0,0.0,0.5,0.5,0,D,Sciences Infirmières,BAC_1,Plateaux Ouest,public,F,2023,ADMIS
1,1,0,1,0,0,8.26,9.82,9.93,1,9.93,0.6142,0.358,-0.007000000000000029,0,0,0.0,0.5,0.5,0,A,Géographie,BAC_1,Maritime,privé,F,2024,ADMIS
1,1,0,1,0,0,12.18,12.37,12.8,1,12.8,0.665,0.497,0.2800000000000001,0,0,0.0,0.5,0.5,0,D,Finance et Comptabilité,BAC_1,Maritime,public,M,2023,ADMIS
1,1,0,1,0,0,10.25,10.19,10.71,1,10.71,0.6198,0.552,0.07100000000000009,0,0,0.0,0.5,0.5,0,A,Droit,BAC_1,Plateaux Est,public,M,2023,ADMIS
1,1,0,1,0,0,10.67,10.23,11.29,1,11.29,0.6998,0.464,0.12899999999999992,0,0,0.0,0.5,0.5,0,A,Psychologie,BAC_1,Grand Lomé,public,M,2023,REORIENTE
1,1,0,1,0,0,7.48,9.09,8.65,-1,8.65,0.5052,0.213,-0.13499999999999995,0,0,0.0,0.5,0.5,0,A,Enseignement Primaire,BAC_1,Grand Lomé,public,M,2023,ADMIS
1,1,0,1,0,0,10.59,10.08,11.25,1,11.25,0.45159999999999995,0.7,0.125,0,0,0.0,0.5,0.5,0,D,Odontologie,BAC_1,Maritime,public,M,2024,REORIENTE
1,1,0,1,0,0,14.1,13.2,13.63,1,13.63,0.35840000000000005,0.341,0.3630000000000001,0,0,0.0,0.5,0.5,0,A,Tourisme et Hôtellerie,BAC_1,Kara,public,M,2024,ADMIS
1,1,0,1,0,0,9.37,9.99,10.86,1,10.86,0.7684,0.664,0.08599999999999994,0,0,0.0,0.5,0.5,0,D,Physique-Chimie,BAC_1,Plateaux Est,public,F,2023,ADMIS
1,1,0,1,0,0,9.63,8.89,9.0,1,9.0,0.6602,0.671,-0.1,0,0,0.0,0.5,0.5,0,D,Psychologie,BAC_1,Maritime,public,F,2024,REORIENTE
1,1,0,1,0,0,10.36,11.38,11.8,1,11.8,0.6834,0.339,0.18000000000000008,0,0,0.0,0.5,0.5,0,D,Enseignement Primaire,BAC_1,Savanes,privé,F,2023,ADMIS
1,1,0,1,0,0,7.29,11.03,9.7,-1,9.7,0.7310000000000001,0.44,-0.030000000000000072,0,0,0.0,0.5,0.5,0,A,Lettres Modernes,BAC_1,Centrale,public,F,2023,REORIENTE
1,1,0,1,0,0,11.9,11.2,12.03,1,12.03,0.7065999999999999,0.52,0.20299999999999993,0,0,0.0,0.5,0.5,0,D,Gestion des Entreprises,BAC_1,Maritime,privé,M,2024,ADMIS
1,1,0,1,0,0,11.25,12.0,12.5,1,12.5,0.6066,0.585,0.25,0,0,0.0,0.5,0.5,0,A,Tourisme et Hôtellerie,BAC_1,Grand Lomé,public,M,2024,ADMIS
1,1,0,1,0,0,9.9,10.68,11.8,1,11.8,0.6704,0.506,0.18000000000000008,0,0,0.0,0.5,0.5,0,D,Enseignement Primaire,BAC_1,Kara,public,M,2023,ADMIS
1,1,0,1,0,0,15.3,14.26,13.32,-1,13.32,0.7524,0.48,0.332,0,0,0.0,0.5,0.5,0,A,Tourisme et Hôtellerie,BAC_1,Maritime,privé,M,2023,ADMIS
1,1,0,1,0,0,11.41,11.44,11.28,-1,11.28,0.8024,0.65,0.12799999999999995,0,0,0.0,0.5,0.5,0,A,Droit,BAC_1,Maritime,public,M,2023,REORIENTE
1,1,0,1,0,0,11.34,11.81,12.39,1,12.39,0.5834,0.485,0.23900000000000005,0,0,0.0,0.5,0.5,0,A,Droit,BAC_1,Plateaux Ouest,privé,M,2024,ADMIS
1,1,0,1,0,0,11.87,11.49,12.47,1,12.47,0.8128000000000001,0.682,0.24700000000000005,0,0,0.0,0.5,0.5,0,A,Sciences Politiques,BAC_1,Grand Lomé,privé,F,2023,ADMIS
1,1,0,1,0,0,7.76,7.76,8.34,1,8.34,0.589,0.379,-0.166,0,0,0.0,0.5,0.5,0,D,Enseignement Primaire,BAC_1,Grand Lomé,public,M,2023,ADMIS
1,1,0,1,0,0,7.33,7.8,8.74,1,8.74,0.4786,0.4,-0.12599999999999997,0,0,0.0,0.5,0.5,0,D,Informatique,BAC_1,Kara,public,M,2024,REORIENTE
1,1,0,1,0,0,10.7,12.61,12.02,-1,12.02,0.5068,0.331,0.20199999999999996,0,0,0.0,0.5,0.5,0,A,Psychologie,BAC_1,Plateaux Ouest,public,F,2024,REORIENTE
1,1,0,1,0,0,14.63,14.05,14.2,1,14.2,0.3628,0.346,0.41999999999999993,0,0,0.0,0.5,0.5,0,A,Sciences Politiques,BAC_1,Centrale,public,M,2024,REORIENTE
1,1,0,1,0,0,7.63,9.52,10.21,1,10.21,0.3954,0.408,0.021000000000000085,0,0,0.0,0.5,0.5,0,A,STAPS (Activités Physiques et Sportives),BAC_1,Plateaux Est,public,F,2024,ADMIS
1,1,0,1,0,0,9.65,11.2,11.29,1,11.29,0.37060000000000004,0.421,0.12899999999999992,0,0,0.0,0.5,0.5,0,D,Médecine,BAC_1,Plateaux Ouest,public,F,2024,REORIENTE
1,1,0,1,0,0,9.18,10.25,10.93,1,10.93,0.788,0.485,0.09299999999999997,0,0,0.0,0.5,0.5,0,A,Communication et Journalisme,BAC_1,Savanes,public,F,2023,REORIENTE
1,1,0,1,0,0,13.59,13.08,14.63,1,14.63,0.5358,0.531,0.4630000000000001,0,0,0.0,0.5,0.5,0,D,Sciences de l'Éducation,BAC_1,Plateaux Ouest,privé,M,2024,ADMIS
1,1,0,1,0,0,10.38,11.47,11.9,1,11.9,0.3116,0.437,0.19000000000000003,0,0,0.0,0.5,0.5,0,A,Droit,BAC_1,Plateaux Est,public,F,2024,ADMIS
1,1,0,1,0,0,8.49,9.29,9.4,1,9.4,0.532,0.622,-0.05999999999999996,0,0,0.0,0.5,0.5,0,A,Communication et Journalisme,BAC_1,Plateaux Est,public,F,2024,REORIENTE
1,1,0,1,0,0,9.32,10.6,11.3,1,11.3,0.6714,0.417,0.13000000000000006,0,0,0.0,0.5,0.5,0,A,Droit,BAC_1,Grand Lomé,privé,M,2024,ADMIS
1,1,0,1,0,0,11.71,11.59,12.11,1,12.11,0.5065999999999999,0.515,0.21099999999999994,0,0,0.0,0.5,0.5,0,B,Psychologie,BAC_1,Kara,public,M,2024,ADMIS
1,1,0,1,0,0,9.65,8.41,9.58,1,9.58,0.6398,0.314,-0.041999999999999996,0,0,0.0,0.5,0.5,0,F4,Génie Mécanique,BAC_1,Maritime,public,F,2024,REORIENTE
1,1,0,1,0,0,8.2,8.57,7.77,-1,7.77,0.585,0.606,-0.22300000000000003,0,0,0.0,0.5,0.5,0,A,Lettres Modernes,BAC_1,Plateaux Est,public,M,2024,REORIENTE
1,1,0,1,0,0,10.45,9.34,9.9,1,9.9,0.648,0.648,-0.009999999999999964,0,0,0.0,0.5,0.5,0,B,Droit,BAC_1,Plateaux Ouest,privé,M,2024,ADMIS
1,1,0,1,0,0,9.41,8.94,10.11,1,10.11,0.6970000000000001,0.529,0.010999999999999944,0,0,0.0,0.5,0.5,0,C,Informatique,BAC_1,Plateaux Ouest,public,F,2023,REORIENTE
1,1,0,1,0,0,11.18,12.5,11.51,-1,11.51,0.707,0.563,0.15099999999999997,0,0,0.0,0.5,0.5,0,D,Sciences Infirmières,BAC_1,Plateaux Ouest,privé,M,2023,REORIENTE
1,1,0,1,0,0,12.58,14.0,13.14,-1,13.14,0.6428,0.452,0.31400000000000006,0,0,0.0,0.5,0.5,0,D,Génie Mécanique,BAC_1,Grand Lomé,public,F,2023,ADMIS
1,1,0,1,0,0,6.96,7.14,8.07,1,8.07,0.7482,0.597,-0.19299999999999998,0,0,0.0,0.5,0.5,0,A,Lettres Modernes,BAC_1,Centrale,public,F,2023,REORIENTE
1,1,0,1,0,0,12.06,11.77,11.92,1,11.92,0.456,0.453,0.192,0,0,0.0,0.5,0.5,0,D,STAPS (Activités Physiques et Sportives),BAC_1,Plateaux Ouest,public,M,2023,REORIENTE
1,1,0,1,0,0,10.59,11.26,11.47,1,11.47,0.5913999999999999,0.565,0.14700000000000008,0,0,0.0,0.5,0.5,0,A,Enseignement Primaire,BAC_1,Grand Lomé,public,M,2024,REORIENTE
1,1,0,1,0,0,9.53,10.56,11.24,1,11.24,0.6297999999999999,0.496,0.12400000000000003,0,0,0.0,0.5,0.5,0,A,Droit,BAC_1,Savanes,privé,M,2024,ADMIS
1,1,0,1,0,0,8.46,8.01,8.72,1,8.72,0.6358,0.598,-0.12799999999999995,0,0,0.0,0.5,0.5,0,A,Sciences de l'Éducation,BAC_1,Centrale,public,M,2023,REORIENTE
1,1,0,1,0,0,5.76,8.08,7.56,-1,7.56,0.512,0.5,-0.24400000000000005,0,0,0.0,0.5,0.5,0,A,Lettres Modernes,BAC_1,Grand Lomé,privé,F,2024,ADMIS
1,1,0,1,0,0,7.21,7.33,6.99,-1,6.99,0.604,0.355,-0.301,0,0,0.0,0.5,0.5,0,G3,Gestion des Entreprises,BAC_1,Grand Lomé,privé,F,2023,ADMIS
1,1,0,1,0,0,9.04,8.36,9.43,1,9.43,0.7218,0.495,-0.05700000000000003,0,0,0.0,0.5,0.5,0,A,Droit,BAC_1,Plateaux Ouest,public,M,2023,ADMIS
1,1,0,1,0,0,8.2,7.64,8.16,1,8.16,0.5364,0.741,-0.184,0,0,0.0,0.5,0.5,0,A,Enseignement Primaire,BAC_1,Kara,public,F,2024,REORIENTE
1,1,0,1,0,0,12.41,13.03,13.33,1,13.33,0.8048,0.527,0.333,0,0,0.0,0.5,0.5,0,D,Pharmacie,BAC_1,Maritime,privé,F,2023,REORIENTE
1,1,0,1,0,0,9.11,9.1,9.7,1,9.7,0.615,0.402,-0.030000000000000072,0,0,0.0,0.5,0.5,0,D,Finance et Comptabilité,BAC_1,Centrale,public,M,2023,REORIENTE
1,1,0,1,0,0,8.13,9.57,9.67,1,9.67,0.6212,0.581,-0.03300000000000001,0,0,0.0,0.5,0.5,0,A,Droit,BAC_1,Maritime,privé,F,2024,ADMIS
1,1,0,1,0,0,9.64,7.52,9.24,1,9.24,0.7584,0.663,-0.07599999999999998,0,0,0.0,0.5,0.5,0,A,Communication et Journalisme,BAC_1,Maritime,public,M,2023,ADMIS
1,1,0,1,0,0,14.31,13.93,14.5,1,14.5,0.6292,0.55,0.45,0,0,0.0,0.5,0.5,0,D,Génie Informatique,BAC_1,Maritime,public,F,2023,REORIENTE
1,1,0,1,0,0,10.43,8.53,9.28,1,9.28,0.6648000000000001,0.696,-0.07200000000000006,0,0,0.0,0.5,0.5,0,D,Psychologie,BAC_1,Grand Lomé,privé,F,2024,ADMIS
1,1,0,1,0,0,9.14,8.95,8.6,-1,8.6,0.5791999999999999,0.302,-0.14000000000000004,0,0,0.0,0.5,0.5,0,A,STAPS (Activités Physiques et Sportives),BAC_1,Plateaux Est,privé,M,2023,ADMIS
1,1,0,1,0,0,9.71,10.42,10.56,1,10.56,0.5871999999999999,0.49,0.05600000000000005,0,0,0.0,0.5,0.5,0,G2,Finance et Comptabilité,BAC_1,Plateaux Ouest,public,F,2023,REORIENTE
1,1,0,1,0,0,9.58,9.25,10.34,1,10.34,0.6526,0.502,0.03399999999999999,0,0,0.0,0.5,0.5,0,A,Sciences Politiques,BAC_1,Maritime,public,F,2023,REORIENTE
1,1,0,1,0,0,10.25,10.84,10.92,1,10.92,0.5262,0.549,0.092,0,0,0.0,0.5,0.5,0,A,Anglais,BAC_1,Maritime,public,F,2024,ADMIS
1,1,0,1,0,0,9.0,8.8,9.59,1,9.59,0.6779999999999999,0.591,-0.041000000000000016,0,0,0.0,0.5,0.5,0,D,Gestion des Entreprises,BAC_1,Savanes,public,M,2023,ADMIS
1,1,0,1,0,0,8.06,7.67,7.58,-1,7.58,0.5651999999999999,0.501,-0.242,0,0,0.0,0.5,0.5,0,D,Sciences Infirmières,BAC_1,Grand Lomé,public,M,2024,ADMIS
1,1,0,1,0,0,7.24,6.39,7.8,1,7.8,0.42000000000000004,0.396,-0.22000000000000003,0,0,0.0,0.5,0.5,0,D,Psychologie,BAC_1,Maritime,public,F,2024,ADMIS
1,1,0,1,0,0,10.69,9.59,10.08,1,10.08,0.44320000000000004,0.718,0.008000000000000007,0,0,0.0,0.5,0.5,0,D,Finance et Comptabilité,BAC_1,Maritime,public,F,2024,REORIENTE
1,1,0,1,0,0,8.56,7.44,7.87,1,7.87,0.8009999999999999,0.654,-0.213,0,0,0.0,0.5,0.5,0,D,Psychologie,BAC_1,Plateaux Est,privé,F,2023,ADMIS
1,1,0,1,0,0,8.66,9.5,9.34,-1,9.34,0.43899999999999995,0.355,-0.06600000000000002,0,0,0.0,0.5,0.5,0,G3,Finance et Comptabilité,BAC_1,Grand Lomé,public,M,2023,REORIENTE
1,1,0,1,0,0,11.13,10.76,12.02,1,12.02,0.774,0.45,0.20199999999999996,0,0,0.0,0.5,0.5,0,D,Finance et Comptabilité,BAC_1,Savanes,privé,F,2023,ADMIS
1,1,0,1,0,0,7.08,7.35,8.15,1,8.15,0.7968,0.507,-0.18499999999999997,0,0,0.0,0.5,0.5,0,D,Finance et Comptabilité,BAC_1,Savanes,public,M,2023,REORIENTE
1,1,0,1,0,0,9.51,10.42,10.72,1,10.72,0.7548,0.402,0.07200000000000006,0,0,0.0,0.5,0.5,0,A,Sciences de l'Éducation,BAC_1,Maritime,privé,M,2023,ADMIS
1,1,0,1,0,0,10.38,10.37,10.48,1,10.48,0.7036,0.403,0.04800000000000004,0,0,0.0,0.5,0.5,0,F3,Génie Mécanique,BAC_1,Centrale,privé,F,2024,ADMIS
1,1,0,1,0,0,8.51,9.67,9.84,1,9.84,0.5868,0.627,-0.016000000000000014,0,0,0.0,0.5,0.5,0,D,Génie Civil,BAC_1,Maritime,privé,F,2024,REORIENTE
1,1,0,1,0,0,14.81,14.4,14.66,1,14.66,0.8248,0.595,0.466,0,0,0.0,0.5,0.5,0,D,Finance et Comptabilité,BAC_1,Grand Lomé,public,F,2023,REORIENTE
1,1,0,1,0,0,8.45,9.23,8.98,-1,8.98,0.32480000000000003,0.53,-0.10199999999999995,0,0,0.0,0.5,0.5,0,D,Tourisme et Hôtellerie,BAC_1,Savanes,public,F,2024,ADMIS
1,1,0,1,0,0,10.21,11.19,11.44,1,11.44,0.37560000000000004,0.555,0.14399999999999996,0,0,0.0,0.5,0.5,0,D,Sciences Infirmières,BAC_1,Maritime,public,M,2024,REORIENTE
1,1,0,1,0,0,13.38,12.93,12.7,-1,12.7,0.4926,0.57,0.2699999999999999,0,0,0.0,0.5,0.5,0,D,Sciences Infirmières,BAC_1,Savanes,public,M,2024,REORIENTE
1,1,0,1,0,0,10.22,11.16,10.68,-1,10.68,0.6456,0.444,0.06799999999999998,0,0,0.0,0.5,0.5,0,A,Lettres Modernes,BAC_1,Maritime,public,M,2023,REORIENTE
1,1,0,1,0,0,6.61,6.43,7.03,1,7.03,0.5634,0.513,-0.297,0,0,0.0,0.5,0.5,0,A,Communication et Journalisme,BAC_1,Grand Lomé,public,M,2024,REORIENTE
1,1,0,1,0,0,12.51,14.73,13.91,-1,13.91,0.6724,0.577,0.391,0,0,0.0,0.5,0.5,0,D,Psychologie,BAC_1,Plateaux Est,privé,F,2023,ADMIS
1,1,0,1,0,0,9.51,9.74,9.97,1,9.97,0.4056,0.468,-0.002999999999999936,0,0,0.0,0.5,0.5,0,D,Sociologie,BAC_1,Plateaux Ouest,public,M,2024,REORIENTE
1,1,0,1,0,0,12.77,11.48,12.21,1,12.21,0.6427999999999999,0.566,0.22100000000000009,0,0,0.0,0.5,0.5,0,D,Gestion des Entreprises,BAC_1,Centrale,public,M,2023,REORIENTE
1,1,0,1,0,0,10.62,9.6,10.26,1,10.26,0.5678000000000001,0.611,0.025999999999999978,0,0,0.0,0.5,0.5,0,G3,Finance et Comptabilité,BAC_1,Maritime,privé,F,2024,REORIENTE
1,1,0,1,0,0,8.18,9.2,8.75,-1,8.75,0.4986,0.519,-0.125,0,0,0.0,0.5,0.5,0,A,Géographie,BAC_1,Kara,public,F,2024,REORIENTE
1,1,0,1,0,0,6.48,5.89,7.22,1,7.22,0.5594,0.431,-0.278,0,0,0.0,0.5,0.5,0,A,Histoire,BAC_1,Grand Lomé,public,F,2024,REORIENTE
1,1,0,1,0,0,10.18,7.5,8.77,1,8.77,0.5974,0.472,-0.12300000000000004,0,0,0.0,0.5,0.5,0,A,Droit,BAC_1,Grand Lomé,public,M,2024,REORIENTE
1,1,0,1,0,0,10.59,10.43,10.25,-1,10.25,0.7226,0.491,0.025,0,0,0.0,0.5,0.5,0,A,Psychologie,BAC_1,Savanes,public,M,2023,ADMIS
1,1,0,1,0,0,8.82,9.01,10.51,1,10.51,0.4034,0.335,0.050999999999999976,0,0,0.0,0.5,0.5,0,A,Lettres Modernes,BAC_1,Savanes,public,M,2024,REORIENTE
1,1,0,1,0,0,11.88,12.43,13.15,1,13.15,0.7704,0.441,0.31500000000000006,0,0,0.0,0.5,0.5,0,D,Génie Informatique,BAC_1,Grand Lomé,privé,M,2023,ADMIS
1,1,0,1,0,0,12.61,11.64,12.72,1,12.72,0.46959999999999996,0.289,0.2720000000000001,0,0,0.0,0.5,0.5,0,D,Histoire,BAC_1,Grand Lomé,public,M,2024,REORIENTE
1,1,0,1,0,0,7.81,8.62,9.05,1,9.05,0.34920000000000007,0.468,-0.09499999999999993,0,0,0.0,0.5,0.5,0,D,Sciences Forestières,BAC_1,Maritime,public,M,2024,REORIENTE
1,1,0,1,0,0,11.58,11.07,11.49,1,11.49,0.702,0.432,0.14900000000000002,0,0,0.0,0.5,0.5,0,A,Sciences de l'Éducation,BAC_1,Plateaux Est,public,F,2023,REORIENTE
1,1,0,1,0,0,8.37,9.84,9.61,-1,9.61,0.729,0.519,-0.039000000000000055,0,0,0.0,0.5,0.5,0,D,Informatique,BAC_1,Maritime,public,M,2023,REORIENTE
1,1,0,1,0,0,9.98,11.45,11.79,1,11.79,0.5962,0.169,0.1789999999999999,0,0,0.0,0.5,0.5,0,A,Anglais,BAC_1,Grand Lomé,public,M,2023,ADMIS
1,1,0,1,0,0,10.73,11.16,10.8,-1,10.8,0.7422,0.618,0.08000000000000007,0,0,0.0,0.5,0.5,0,D,Finance et Comptabilité,BAC_1,Centrale,public,M,2023,REORIENTE
1,1,0,1,0,0,10.76,11.38,11.59,1,11.59,0.5036,0.62,0.15899999999999997,0,0,0.0,0.5,0.5,0,A,Enseignement Primaire,BAC_1,Centrale,public,M,2024,REORIENTE
1,1,0,1,0,0,11.05,10.93,11.02,1,11.02,0.5801999999999999,0.342,0.10199999999999995,0,0,0.0,0.5,0.5,0,A,Anglais,BAC_1,Kara,public,F,2023,REORIENTE
1,1,0,1,0,0,15.17,13.16,13.9,1,13.9,0.35740000000000005,0.547,0.39,0,0,0.0,0.5,0.5,0,D,Histoire,BAC_1,Savanes,public,M,2024,ADMIS
1,1,0,1,0,0,12.86,12.39,12.02,-1,12.02,0.6706,0.457,0.20199999999999996,0,0,0.0,0.5,0.5,0,A,Sciences Politiques,BAC_1,Centrale,public,F,2023,REORIENTE
1,1,0,1,0,0,11.12,9.68,9.82,1,9.82,0.48739999999999994,0.329,-0.01799999999999997,0,0,0.0,0.5,0.5,0,A,Droit,BAC_1,Grand Lomé,public,F,2024,ADMIS
1,1,0,1,0,0,12.89,12.53,12.26,-1,12.26,0.4132,0.358,0.22599999999999998,0,0,0.0,0.5,0.5,0,G2,Sciences Infirmières,BAC_1,Grand Lomé,public,F,2024,ADMIS
1,1,0,1,0,0,7.49,7.84,8.18,1,8.18,0.6222,0.435,-0.18200000000000002,0,0,0.0,0.5,0.5,0,A,Enseignement Primaire,BAC_1,Grand Lomé,public,F,2023,ADMIS
1,1,0,1,0,0,8.66,8.62,8.42,-1,8.42,0.7624,0.478,-0.158,0,0,0.0,0.5,0.5,0,D,Finance et Comptabilité,BAC_1,Grand Lomé,public,F,2023,REORIENTE
1,1,0,1,0,0,12.08,10.13,11.68,1,11.68,0.3946,0.427,0.16799999999999998,0,0,0.0,0.5,0.5,0,G2,Gestion des Entreprises,BAC_1,Plateaux Ouest,public,M,2023,ADMIS
1,1,0,1,0,0,9.78,8.57,10.18,1,10.18,0.3752,0.305,0.01799999999999997,0,0,0.0,0.5,0.5,0,A,Sciences de l'Éducation,BAC_1,Centrale,public,M,2024,REORIENTE
1,1,0,1,0,0,8.88,10.44,10.15,-1,10.15,0.4442,0.593,0.015000000000000036,0,0,0.0,0.5,0.5,0,D,Finance et Comptabilité,BAC_1,Plateaux Ouest,public,F,2024,REORIENTE
1,1,0,1,0,0,11.99,10.1,10.83,1,10.83,0.646,0.487,0.083,0,0,0.0,0.5,0.5,0,A,Enseignement Primaire,BAC_1,Maritime,public,F,2024,REORIENTE
1,1,0,1,0,0,10.62,10.79,11.17,1,11.17,0.8416,0.619,0.11699999999999999,0,0,0.0,0.5,0.5,0,A,Sciences de l'Éducation,BAC_1,Savanes,public,F,2023,ADMIS
1,1,0,1,0,0,13.8,12.79,14.07,1,14.07,0.42600000000000005,0.558,0.40700000000000003,0,0,0.0,0.5,0.5,0,D,Odontologie,BAC_1,Plateaux Ouest,public,M,2024,REORIENTE
1,1,0,1,0,0,8.64,9.74,8.84,-1,8.84,0.7046,0.425,-0.11600000000000002,0,0,0.0,0.5,0.5,0,A,Droit,BAC_1,Grand Lomé,privé,F,2023,ADMIS
1,1,0,1,0,0,10.44,11.06,9.81,-1,9.81,0.7492,0.388,-0.01899999999999995,0,0,0.0,0.5,0.5,0,A,Droit,BAC_1,Grand Lomé,public,M,2023,ADMIS
1,1,0,1,0,0,9.52,10.67,9.9,-1,9.9,0.5671999999999999,0.65,-0.009999999999999964,0,0,0.0,0.5,0.5,0,F2,Génie Informatique,BAC_1,Grand Lomé,public,M,2024,REORIENTE
1,1,0,1,0,0,11.4,9.82,10.43,1,10.43,0.3128,0.437,0.04299999999999997,0,0,0.0,0.5,0.5,0,D,Génie Informatique,BAC_1,Kara,public,M,2024,REORIENTE
1,1,0,1,0,0,10.01,11.71,12.12,1,12.12,0.6084,0.615,0.2119999999999999,0,0,0.0,0.5,0.5,0,D,Génie Informatique,BAC_1,Plateaux Ouest,public,F,2023,ADMIS
1,1,0,1,0,0,13.43,12.97,12.36,-1,12.36,0.7363999999999999,0.368,0.23599999999999993,0,0,0.0,0.5,0.5,0,A,Arts Plastiques,BAC_1,Grand Lomé,public,F,2023,ADMIS
1,1,0,1,0,0,7.14,9.16,8.8,-1,8.8,0.7392,0.363,-0.11999999999999993,0,0,0.0,0.5,0.5,0,D,Génie Mécanique,BAC_1,Grand Lomé,privé,M,2023,REORIENTE
1,1,0,1,0,0,12.18,12.39,12.42,1,12.42,0.5908,0.568,0.242,0,0,0.0,0.5,0.5,0,A,Communication et Journalisme,BAC_1,Maritime,public,F,2024,REORIENTE
1,1,0,1,0,0,11.48,11.58,10.91,-1,10.91,0.6128,0.62,0.09100000000000001,0,0,0.0,0.5,0.5,0,D,Tourisme et Hôtellerie,BAC_1,Kara,public,M,2023,ADMIS
1,1,0,1,0,0,11.4,10.51,11.21,1,11.21,0.7494,0.573,0.12100000000000008,0,0,0.0,0.5,0.5,0,A,Droit,BAC_1,Grand Lomé,public,F,2023,ADMIS
1,1,0,1,0,0,8.48,7.82,9.34,1,9.34,0.5808,0.708,-0.06600000000000002,0,0,0.0,0.5,0.5,0,A,Communication et Journalisme,BAC_1,Maritime,public,F,2024,REORIENTE
1,1,0,1,0,0,4.85,5.58,5.36,-1,5.36,0.7918000000000001,0.631,-0.46399999999999997,0,0,0.0,0.5,0.5,0,A,Lettres Modernes,BAC_1,Plateaux Est,public,M,2023,ADMIS
1,1,0,1,0,0,12.39,11.72,11.61,-1,11.61,0.628,0.508,0.16099999999999995,0,0,0.0,0.5,0.5,0,G1,Économie,BAC_1,Kara,public,M,2023,REORIENTE
1,1,0,1,0,0,11.5,11.77,12.21,1,12.21,0.3902,0.479,0.22100000000000009,0,0,0.0,0.5,0.5,0,A,Droit,BAC_1,Maritime,public,F,2024,ADMIS
1,1,0,1,0,0,9.77,9.81,10.48,1,10.48,0.3332,0.509,0.04800000000000004,0,0,0.0,0.5,0.5,0,D,Sciences de l'Éducation,BAC_1,Savanes,public,M,2024,REORIENTE
1,1,0,1,0,0,9.26,9.68,9.57,-1,9.57,0.7686,0.657,-0.04299999999999997,0,0,0.0,0.5,0.5,0,B,Gestion des Entreprises,BAC_1,Maritime,public,F,2023,REORIENTE
1,1,0,1,0,0,9.49,10.45,10.59,1,10.59,0.2836,0.367,0.05899999999999998,0,0,0.0,0.5,0.5,0,D,Tourisme et Hôtellerie,BAC_1,Centrale,public,F,2024,REORIENTE
1,1,0,1,0,0,10.03,8.54,10.14,1,10.14,0.6636,0.468,0.014000000000000058,0,0,0.0,0.5,0.5,0,A,Tourisme et Hôtellerie,BAC_1,Plateaux Ouest,public,F,2023,ADMIS
1,1,0,1,0,0,7.24,7.86,8.26,1,8.26,0.4728,0.51,-0.17400000000000002,0,0,0.0,0.5,0.5,0,A,Psychologie,BAC_1,Plateaux Est,public,M,2024,REORIENTE
1,1,0,1,0,0,10.45,10.5,11.16,1,11.16,0.5740000000000001,0.655,0.11600000000000002,0,0,0.0,0.5,0.5,0,G3,Banque et Assurance,BAC_1,Plateaux Est,public,F,2023,ADMIS
1,1,0,1,0,0,7.36,6.95,8.05,1,8.05,0.8160000000000001,0.555,-0.19499999999999992,0,0,0.0,0.5,0.5,0,A,Lettres Modernes,BAC_1,Maritime,public,M,2023,REORIENTE
1,1,0,1,0,0,10.61,7.99,9.06,1,9.06,0.4272,0.546,-0.09399999999999994,0,0,0.0,0.5,0.5,0,D,STAPS (Activités Physiques et Sportives),BAC_1,Plateaux Ouest,privé,F,2024,REORIENTE
1,1,0,1,0,0,9.76,10.93,10.82,-1,10.82,0.576,0.576,0.08200000000000003,0,0,0.0,0.5,0.5,0,D,Génie Civil,BAC_1,Plateaux Ouest,public,M,2023,REORIENTE
1,1,0,1,0,0,12.32,11.07,11.92,1,11.92,0.5005999999999999,0.596,0.192,0,0,0.0,0.5,0.5,0,A,Sciences Politiques,BAC_1,Kara,public,F,2024,ADMIS
1,1,0,1,0,0,9.39,9.53,10.47,1,10.47,0.4406,0.65,0.04700000000000006,0,0,0.0,0.5,0.5,0,D,Informatique,BAC_1,Maritime,privé,F,2024,REORIENTE
1,1,0,1,0,0,8.17,9.57,9.6,1,9.6,0.618,0.429,-0.040000000000000036,0,0,0.0,0.5,0.5,0,D,Informatique,BAC_1,Maritime,privé,F,2023,REORIENTE
1,1,0,1,0,0,7.92,9.07,8.28,-1,8.28,0.4842,0.408,-0.17200000000000007,0,0,0.0,0.5,0.5,0,A,Sciences de l'Éducation,BAC_1,Plateaux Ouest,privé,F,2024,ADMIS
1,1,0,1,0,0,8.72,8.44,9.13,1,9.13,0.744,0.594,-0.08699999999999992,0,0,0.0,0.5,0.5,0,D,Histoire,BAC_1,Plateaux Ouest,public,F,2023,ADMIS
1,1,0,1,0,0,8.71,9.35,9.39,1,9.39,0.3388,0.385,-0.06099999999999994,0,0,0.0,0.5,0.5,0,A,Anglais,BAC_1,Plateaux Est,public,M,2024,REORIENTE
1,1,0,1,0,0,11.3,10.74,11.37,1,11.37,0.5196,0.402,0.13699999999999993,0,0,0.0,0.5,0.5,0,G3,Sciences Infirmières,BAC_1,Centrale,public,F,2023,REORIENTE
1,1,0,1,0,0,10.48,8.76,9.5,1,9.5,0.5282,0.59,-0.05,0,0,0.0,0.5,0.5,0,A,Psychologie,BAC_1,Grand Lomé,privé,F,2024,REORIENTE
1,1,0,1,0,0,10.0,9.61,10.48,1,10.48,0.5976,0.474,0.04800000000000004,0,0,0.0,0.5,0.5,0,A,Communication et Journalisme,BAC_1,Grand Lomé,privé,M,2024,REORIENTE
1,1,0,1,0,0,3.67,3.58,4.15,1,4.15,0.398,0.494,-0.585,0,0,0.0,0.5,0.5,0,D,Gestion des Entreprises,BAC_1,Kara,public,F,2024,REORIENTE
1,1,0,1,0,0,9.44,8.68,9.64,1,9.64,0.5386,0.541,-0.03599999999999994,0,0,0.0,0.5,0.5,0,A,Sciences de l'Éducation,BAC_1,Savanes,public,F,2024,REORIENTE
1,1,0,1,0,0,12.72,12.79,13.75,1,13.75,0.5252,0.512,0.375,0,0,0.0,0.5,0.5,0,G2,Gestion des Entreprises,BAC_1,Grand Lomé,public,M,2023,ADMIS
1,1,0,1,0,0,4.18,4.75,5.11,1,5.11,0.716,0.569,-0.489,0,0,0.0,0.5,0.5,0,D,Sciences Forestières,BAC_1,Maritime,public,F,2023,ADMIS
1,1,0,1,0,0,9.24,8.81,9.15,1,9.15,0.6275999999999999,0.681,-0.08499999999999996,0,0,0.0,0.5,0.5,0,D,Géographie,BAC_1,Grand Lomé,public,F,2024,REORIENTE
1,1,0,1,0,0,11.7,11.06,12.02,1,12.02,0.6604,0.469,0.20199999999999996,0,0,0.0,0.5,0.5,0,D,Génie Civil,BAC_1,Grand Lomé,public,M,2023,REORIENTE
1,1,0,1,0,0,8.79,6.62,8.19,1,8.19,0.6315999999999999,0.577,-0.18100000000000005,0,0,0.0,0.5,0.5,0,G2,Économie,BAC_1,Grand Lomé,privé,F,2024,ADMIS
1,1,0,1,0,0,13.39,14.71,13.53,-1,13.53,0.46919999999999995,0.69,0.3529999999999999,0,0,0.0,0.5,0.5,0,D,Pharmacie,BAC_1,Plateaux Ouest,public,M,2024,REORIENTE
1,1,0,1,0,0,7.95,7.47,8.31,1,8.31,0.7156,0.706,-0.16899999999999996,0,0,0.0,0.5,0.5,0,A,Droit,BAC_1,Grand Lomé,privé,M,2024,ADMIS
1,1,0,1,0,0,9.29,11.94,11.26,-1,11.26,0.6920000000000001,0.542,0.12599999999999997,0,0,0.0,0.5,0.5,0,A,Lettres Modernes,BAC_1,Plateaux Est,public,F,2023,ADMIS
1,1,0,1,0,0,4.84,6.6,6.4,-1,6.4,0.7797999999999999,0.517,-0.36,0,0,0.0,0.5,0.5,0,E,Mathématiques Appliquées,BAC_1,Savanes,public,F,2023,REORIENTE
1,1,0,1,0,0,6.46,6.47,6.65,1,6.65,0.7398,0.723,-0.33499999999999996,0,0,0.0,0.5,0.5,0,D,Gestion des Entreprises,BAC_1,Centrale,privé,F,2023,ADMIS
1,1,0,1,0,0,11.24,12.77,13.01,1,13.01,0.47240000000000004,0.419,0.301,0,0,0.0,0.5,0.5,0,D,Médecine,BAC_1,Maritime,public,M,2024,REORIENTE
1,1,0,1,0,0,10.07,9.08,10.22,1,10.22,0.4698,0.378,0.022000000000000065,0,0,0.0,0.5,0.5,0,D,Enseignement Primaire,BAC_1,Plateaux Est,privé,M,2024,REORIENTE
1,1,0,1,0,0,7.66,8.43,9.73,1,9.73,0.6864,0.366,-0.026999999999999958,0,0,0.0,0.5,0.5,0,A,Psychologie,BAC_1,Kara,privé,M,2023,REORIENTE
1,1,0,1,0,0,5.82,6.47,7.43,1,7.43,0.6886,0.544,-0.257,0,0,0.0,0.5,0.5,0,A,Lettres Modernes,BAC_1,Grand Lomé,public,F,2023,ADMIS
1,1,0,1,0,0,7.51,8.76,9.64,1,9.64,0.45840000000000003,0.459,-0.03599999999999994,0,0,0.0,0.5,0.5,0,A,Droit,BAC_1,Kara,public,M,2024,REORIENTE
1,1,0,1,0,0,6.46,7.3,7.54,1,7.54,0.8393999999999999,0.732,-0.246,0,0,0.0,0.5,0.5,0,A,STAPS (Activités Physiques et Sportives),BAC_1,Maritime,privé,M,2023,ADMIS
1,1,0,1,0,0,11.19,10.3,9.96,-1,9.96,0.7372,0.598,-0.003999999999999915,0,0,0.0,0.5,0.5,0,A,Lettres Modernes,BAC_1,Maritime,public,F,2023,REORIENTE
1,1,0,1,0,0,10.96,10.35,11.52,1,11.52,0.4592,0.731,0.15199999999999997,0,0,0.0,0.5,0.5,0,D,Informatique,BAC_1,Savanes,public,F,2024,ADMIS
1,1,0,1,0,0,7.79,8.91,9.07,1,9.07,0.417,0.378,-0.09299999999999997,0,0,0.0,0.5,0.5,0,D,Psychologie,BAC_1,Maritime,public,M,2024,ADMIS
1,1,0,1,0,0,12.28,11.74,12.5,1,12.5,0.4474,0.61,0.25,0,0,0.0,0.5,0.5,0,D,Pharmacie,BAC_1,Plateaux Ouest,public,M,2024,REORIENTE
1,1,0,1,0,0,8.21,8.97,9.72,1,9.72,0.46240000000000003,0.703,-0.027999999999999935,0,0,0.0,0.5,0.5,0,A,Droit,BAC_1,Plateaux Est,public,M,2024,REORIENTE
1,1,0,1,0,0,12.24,11.75,12.91,1,12.91,0.3982,0.652,0.29100000000000004,0,0,0.0,0.5,0.5,0,D,Agronomie,BAC_1,Maritime,public,F,2024,REORIENTE
1,1,0,1,0,0,10.22,9.25,10.73,1,10.73,0.3182,0.173,0.07300000000000004,0,0,0.0,0.5,0.5,0,A,Géographie,BAC_1,Kara,public,F,2024,REORIENTE
1,1,0,1,0,0,15.47,16.7,16.15,-1,16.15,0.41359999999999997,0.497,0.6149999999999999,0,0,0.0,0.5,0.5,0,D,Sciences Infirmières,BAC_1,Plateaux Est,public,F,2024,REORIENTE
1,1,0,1,0,0,8.46,9.8,10.15,1,10.15,0.5882,0.563,0.015000000000000036,0,0,0.0,0.5,0.5,0,D,Sciences de l'Éducation,BAC_1,Maritime,public,M,2023,ADMIS
1,1,0,1,0,0,7.7,6.37,7.72,1,7.72,0.8384,0.611,-0.22800000000000004,0,0,0.0,0.5,0.5,0,D,Histoire,BAC_1,Grand Lomé,public,M,2023,REORIENTE
1,1,0,1,0,0,14.01,14.86,15.28,1,15.28,0.629,0.461,0.5279999999999999,0,0,0.0,0.5,0.5,0,A,Communication et Journalisme,BAC_1,Plateaux Est,privé,F,2023,ADMIS
1,1,0,1,0,0,11.39,10.99,11.7,1,11.7,0.45740000000000003,0.452,0.16999999999999993,0,0,0.0,0.5,0.5,0,D,Informatique,BAC_1,Centrale,public,F,2024,REORIENTE
1,1,0,1,0,0,10.3,11.11,10.91,-1,10.91,0.625,0.514,0.09100000000000001,0,0,0.0,0.5,0.5,0,A,Sociologie,BAC_1,Maritime,public,M,2024,REORIENTE
1,1,0,1,0,0,9.99,10.08,11.05,1,11.05,0.46919999999999995,0.537,0.10500000000000007,0,0,0.0,0.5,0.5,0,D,Sociologie,BAC_1,Plateaux Est,public,F,2023,REORIENTE
1,1,0,1,0,0,7.35,6.96,7.86,1,7.86,0.48,0.513,-0.21399999999999997,0,0,0.0,0.5,0.5,0,B,Banque et Assurance,BAC_1,Maritime,public,M,2024,REORIENTE
1,1,0,1,0,0,12.42,11.74,12.64,1,12.64,0.6222,0.393,0.26400000000000007,0,0,0.0,0.5,0.5,0,A,Anglais,BAC_1,Grand Lomé,public,M,2023,ADMIS
1,1,0,1,0,0,7.87,8.84,9.15,1,9.15,0.5236000000000001,0.508,-0.08499999999999996,0,0,0.0,0.5,0.5,0,G3,Banque et Assurance,BAC_1,Grand Lomé,public,F,2023,ADMIS
1,1,0,1,0,0,10.24,11.48,11.04,-1,11.04,0.7962,0.618,0.10399999999999991,0,0,0.0,0.5,0.5,0,A,Sciences de l'Éducation,BAC_1,Maritime,public,F,2023,REORIENTE
1,1,0,1,0,0,13.81,13.17,14.51,1,14.51,0.5012,0.383,0.45099999999999996,0,0,0.0,0.5,0.5,0,A,Sociologie,BAC_1,Kara,public,M,2024,REORIENTE
1,1,0,1,0,0,16.05,15.0,15.22,1,15.22,0.4718,0.497,0.522,0,0,0.0,0.5,0.5,0,D,Biologie,BAC_1,Grand Lomé,public,F,2024,REORIENTE
1,1,0,1,0,0,10.24,10.87,10.75,-1,10.75,0.6562,0.583,0.075,0,0,0.0,0.5,0.5,0,D,Psychologie,BAC_1,Plateaux Est,public,F,2023,ADMIS
1,1,0,1,0,0,12.47,11.54,12.4,1,12.4,0.4206,0.456,0.24000000000000005,0,0,0.0,0.5,0.5,0,G3,Banque et Assurance,BAC_1,Grand Lomé,public,F,2024,REORIENTE
1,1,0,1,0,0,13.44,13.59,13.38,-1,13.38,0.48019999999999996,0.494,0.3380000000000001,0,0,0.0,0.5,0.5,0,D,Informatique,BAC_1,Grand Lomé,public,M,2024,ADMIS
1,1,0,1,0,0,6.93,9.45,9.31,-1,9.31,0.3348,0.438,-0.06899999999999995,0,0,0.0,0.5,0.5,0,A,Communication et Journalisme,BAC_1,Centrale,public,M,2024,REORIENTE
1,1,0,1,0,0,9.51,9.36,9.54,1,9.54,0.8428,0.622,-0.04600000000000008,0,0,0.0,0.5,0.5,0,A,Sciences de l'Éducation,BAC_1,Centrale,privé,M,2023,REORIENTE
1,1,0,1,0,0,9.5,9.14,8.91,-1,8.91,0.852,0.645,-0.10899999999999999,0,0,0.0,0.5,0.5,0,A,Droit,BAC_1,Plateaux Ouest,public,F,2023,ADMIS
1,1,0,1,0,0,7.82,8.58,9.03,1,9.03,0.6274,0.478,-0.09700000000000006,0,0,0.0,0.5,0.5,0,B,Anglais,BAC_1,Centrale,privé,M,2024,ADMIS
1,1,0,1,0,0,9.7,9.86,9.76,-1,9.76,0.7307999999999999,0.591,-0.02400000000000002,0,0,0.0,0.5,0.5,0,F4,Sciences Forestières,BAC_1,Savanes,privé,F,2024,ADMIS
1,1,0,1,0,0,10.78,10.26,11.22,1,11.22,0.6016,0.535,0.12200000000000007,0,0,0.0,0.5,0.5,0,A,Histoire,BAC_1,Grand Lomé,public,M,2024,REORIENTE
1,1,0,1,0,0,8.34,7.85,8.9,1,8.9,0.6604,0.616,-0.10999999999999996,0,0,0.0,0.5,0.5,0,D,Informatique,BAC_1,Kara,public,M,2023,REORIENTE
1,1,0,1,0,0,8.44,8.4,9.39,1,9.39,0.42979999999999996,0.419,-0.06099999999999994,0,0,0.0,0.5,0.5,0,C,Mathématiques Appliquées,BAC_1,Centrale,privé,F,2024,REORIENTE
1,1,0,1,0,0,9.9,8.43,9.58,1,9.58,0.7218,0.633,-0.041999999999999996,0,0,0.0,0.5,0.5,0,A,Anglais,BAC_1,Grand Lomé,privé,F,2024,ADMIS
1,1,0,1,0,0,8.52,9.43,9.16,-1,9.16,0.4298,0.458,-0.08399999999999999,0,0,0.0,0.5,0.5,0,D,Informatique,BAC_1,Maritime,public,M,2024,ADMIS
1,1,0,1,0,0,10.54,11.08,12.11,1,12.11,0.6626,0.602,0.21099999999999994,0,0,0.0,0.5,0.5,0,G2,Droit,BAC_1,Savanes,public,F,2024,REORIENTE
1,1,0,1,0,0,8.15,9.72,9.98,1,9.98,0.5978,0.377,-0.0019999999999999575,0,0,0.0,0.5,0.5,0,A,Droit,BAC_1,Grand Lomé,public,M,2024,REORIENTE
1,1,0,1,0,0,12.36,13.03,12.33,-1,12.33,0.7018,0.568,0.233,0,0,0.0,0.5,0.5,0,D,Odontologie,BAC_1,Grand Lomé,public,M,2023,ADMIS
1,1,0,1,0,0,7.44,7.69,8.15,1,8.15,0.5569999999999999,0.428,-0.18499999999999997,0,0,0.0,0.5,0.5,0,D,Sociologie,BAC_1,Plateaux Est,public,M,2023,REORIENTE
1,1,0,1,0,0,6.11,7.82,7.34,-1,7.34,0.4704,0.408,-0.266,0,0,0.0,0.5,0.5,0,A,Géographie,BAC_1,Plateaux Est,public,M,2024,ADMIS
1,1,0,1,0,0,8.08,8.11,9.74,1,9.74,0.6108,0.621,-0.025999999999999978,0,0,0.0,0.5,0.5,0,B,Gestion des Entreprises,BAC_1,Savanes,public,M,2024,REORIENTE
1,1,0,1,0,0,10.51,11.0,10.79,-1,10.79,0.36560000000000004,0.536,0.07899999999999992,0,0,0.0,0.5,0.5,0,F2,Génie Mécanique,BAC_1,Grand Lomé,public,F,2023,ADMIS
1,1,0,1,0,0,6.36,7.4,6.99,-1,6.99,0.7028000000000001,0.56,-0.301,0,0,0.0,0.5,0.5,0,A,Anglais,BAC_1,Plateaux Ouest,public,F,2023,REORIENTE
1,1,0,1,0,0,9.41,10.0,10.56,1,10.56,0.5564,0.629,0.05600000000000005,0,0,0.0,0.5,0.5,0,A,Droit,BAC_1,Centrale,public,F,2024,ADMIS
1,1,0,1,0,0,9.94,8.89,9.57,1,9.57,0.6532,0.463,-0.04299999999999997,0,0,0.0,0.5,0.5,0,D,Sciences Environnementales,BAC_1,Plateaux Est,public,F,2023,REORIENTE
1,1,0,1,0,0,13.51,12.99,13.19,1,13.19,0.332,0.521,0.31899999999999995,0,0,0.0,0.5,0.5,0,D,Pharmacie,BAC_1,Plateaux Est,public,M,2024,REORIENTE
1,1,0,1,0,0,8.15,8.51,8.11,-1,8.11,0.4908,0.372,-0.18900000000000006,0,0,0.0,0.5,0.5,0,G3,Gestion des Entreprises,BAC_1,Grand Lomé,public,M,2023,ADMIS
1,1,0,1,0,0,10.91,10.75,10.98,1,10.98,0.40800000000000003,0.486,0.09800000000000005,0,0,0.0,0.5,0.5,0,D,Psychologie,BAC_1,Kara,public,F,2024,ADMIS
1,1,0,1,0,0,7.69,8.24,8.49,1,8.49,0.5354,0.485,-0.15099999999999997,0,0,0.0,0.5,0.5,0,D,Sociologie,BAC_1,Grand Lomé,public,M,2023,ADMIS
1,1,0,1,0,0,14.75,12.81,13.57,1,13.57,0.3422,0.266,0.35700000000000004,0,0,0.0,0.5,0.5,0,A,Anglais,BAC_1,Maritime,public,M,2024,REORIENTE
1,1,0,1,0,0,11.03,10.31,11.89,1,11.89,0.5262,0.732,0.18900000000000006,0,0,0.0,0.5,0.5,0,A,Sciences Politiques,BAC_1,Centrale,public,F,2024,ADMIS
1,1,0,1,0,0,11.08,11.46,11.22,-1,11.22,0.4032,0.543,0.12200000000000007,0,0,0.0,0.5,0.5,0,D,Génie Informatique,BAC_1,Plateaux Ouest,public,M,2024,REORIENTE
1,1,0,1,0,0,7.35,7.01,7.6,1,7.6,0.2886,0.54,-0.24000000000000005,0,0,0.0,0.5,0.5,0,D,Finance et Comptabilité,BAC_1,Savanes,public,F,2024,REORIENTE
1,1,0,1,0,0,11.18,10.86,10.79,-1,10.79,0.5735999999999999,0.696,0.07899999999999992,0,0,0.0,0.5,0.5,0,D,Tourisme et Hôtellerie,BAC_1,Plateaux Ouest,privé,M,2024,REORIENTE
1,1,0,1,0,0,9.43,9.56,10.25,1,10.25,0.6108,0.546,0.025,0,0,0.0,0.5,0.5,0,A,STAPS (Activités Physiques et Sportives),BAC_1,Grand Lomé,privé,F,2023,ADMIS
1,1,0,1,0,0,7.84,8.55,8.63,1,8.63,0.46240000000000003,0.547,-0.13699999999999993,0,0,0.0,0.5,0.5,0,A,Droit,BAC_1,Grand Lomé,public,F,2024,REORIENTE
1,1,0,1,0,0,11.8,11.37,12.17,1,12.17,0.8592,0.663,0.217,0,0,0.0,0.5,0.5,0,E,Génie Électrique,BAC_1,Plateaux Est,privé,M,2024,ADMIS
1,1,0,1,0,0,11.3,9.92,11.43,1,11.43,0.7072,0.49,0.14299999999999996,0,0,0.0,0.5,0.5,0,A,Sciences Politiques,BAC_1,Plateaux Ouest,privé,F,2023,REORIENTE
1,1,0,1,0,0,11.66,11.88,11.36,-1,11.36,0.5438000000000001,0.653,0.13599999999999995,0,0,0.0,0.5,0.5,0,D,Génie Informatique,BAC_1,Centrale,public,M,2024,REORIENTE
1,1,0,1,0,0,9.0,12.06,10.86,-1,10.86,0.381,0.435,0.08599999999999994,0,0,0.0,0.5,0.5,0,D,Sociologie,BAC_1,Grand Lomé,public,M,2024,REORIENTE
1,1,0,1,0,0,12.04,10.42,12.56,1,12.56,0.6022000000000001,0.31,0.25600000000000006,0,0,0.0,0.5,0.5,0,A,Anglais,BAC_1,Grand Lomé,public,F,2023,ADMIS
1,1,0,1,0,0,11.77,10.96,11.35,1,11.35,0.31920000000000004,0.408,0.13499999999999995,0,0,0.0,0.5,0.5,0,A,Sociologie,BAC_1,Centrale,public,F,2024,REORIENTE
1,1,0,1,0,0,11.28,10.43,11.1,1,11.1,0.5632,0.589,0.10999999999999996,0,0,0.0,0.5,0.5,0,B,Économie,BAC_1,Maritime,public,F,2023,REORIENTE
1,1,0,1,0,0,9.81,10.11,11.1,1,11.1,0.4436,0.506,0.10999999999999996,0,0,0.0,0.5,0.5,0,D,Tourisme et Hôtellerie,BAC_1,Maritime,public,M,2024,REORIENTE
1,1,0,1,0,0,6.45,5.75,5.68,-1,5.68,0.6686,0.725,-0.43200000000000005,0,0,0.0,0.5,0.5,0,A,Sciences de l'Éducation,BAC_1,Maritime,privé,F,2024,ADMIS
1,1,0,1,0,0,11.87,10.6,11.39,1,11.39,0.771,0.486,0.13900000000000007,0,0,0.0,0.5,0.5,0,A,Sciences de l'Éducation,BAC_1,Savanes,public,F,2023,ADMIS
1,1,0,1,0,0,14.36,13.79,15.49,1,15.49,0.5024,0.689,0.549,0,0,0.0,0.5,0.5,0,D,STAPS (Activités Physiques et Sportives),BAC_1,Kara,public,M,2024,REORIENTE
1,1,0,1,0,0,11.79,12.64,13.27,1,13.27,0.511,0.304,0.32699999999999996,0,0,0.0,0.5,0.5,0,D,Génie Informatique,BAC_1,Centrale,public,M,2023,ADMIS
1,1,0,1,0,0,10.06,8.95,9.58,1,9.58,0.6736,0.412,-0.041999999999999996,0,0,0.0,0.5,0.5,0,A,Communication et Journalisme,BAC_1,Plateaux Ouest,public,F,2023,ADMIS
1,1,0,1,0,0,7.58,8.71,7.93,-1,7.93,0.756,0.534,-0.20700000000000002,0,0,0.0,0.5,0.5,0,D,Informatique,BAC_1,Grand Lomé,public,F,2023,ADMIS
1,1,0,1,0,0,8.76,12.41,10.94,-1,10.94,0.5486,0.464,0.09399999999999994,0,0,0.0,0.5,0.5,0,A,Droit,BAC_1,Centrale,public,M,2023,REORIENTE
1,1,0,1,0,0,9.08,8.66,8.71,1,8.71,0.449,0.431,-0.12899999999999992,0,0,0.0,0.5,0.5,0,D,Gestion des Entreprises,BAC_1,Plateaux Est,public,F,2024,REORIENTE
1,1,0,1,0,0,10.3,11.54,11.48,-1,11.48,0.671,0.332,0.14800000000000005,0,0,0.0,0.5,0.5,0,A,Lettres Modernes,BAC_1,Maritime,public,F,2023,ADMIS
1,1,0,1,0,0,12.62,12.93,12.98,1,12.98,0.6608,0.347,0.29800000000000004,0,0,0.0,0.5,0.5,0,D,Géographie,BAC_1,Savanes,privé,F,2023,ADMIS
1,1,0,1,0,0,8.79,9.45,10.67,1,10.67,0.7314,0.672,0.06699999999999999,0,0,0.0,0.5,0.5,0,A,Histoire,BAC_1,Maritime,privé,F,2023,ADMIS
1,1,0,1,0,0,12.77,14.4,14.2,-1,14.2,0.6839999999999999,0.654,0.41999999999999993,0,0,0.0,0.5,0.5,0,D,Génie Informatique,BAC_1,Maritime,public,F,2023,ADMIS
1,1,0,1,0,0,14.79,14.89,13.77,-1,13.77,0.4376,0.512,0.37699999999999995,0,0,0.0,0.5,0.5,0,A,Tourisme et Hôtellerie,BAC_1,Plateaux Est,public,M,2024,REORIENTE
1,1,0,1,0,0,7.65,9.22,8.92,-1,8.92,0.73,0.466,-0.10800000000000001,0,0,0.0,0.5,0.5,0,A,Communication et Journalisme,BAC_1,Centrale,public,F,2023,ADMIS
1,1,0,1,0,0,11.52,11.94,12.51,1,12.51,0.5568,0.39,0.251,0,0,0.0,0.5,0.5,0,A,Lettres Modernes,BAC_1,Savanes,privé,M,2024,ADMIS
1,1,0,1,0,0,9.51,9.19,9.4,1,9.4,0.6024,0.468,-0.05999999999999996,0,0,0.0,0.5,0.5,0,D,Histoire,BAC_1,Maritime,public,F,2023,REORIENTE
1,1,0,1,0,0,7.97,7.73,7.81,1,7.81,0.7574,0.671,-0.21900000000000003,0,0,0.0,0.5,0.5,0,A,Droit,BAC_1,Centrale,public,M,2023,REORIENTE
1,1,0,1,0,0,10.25,10.84,10.92,1,10.92,0.7667999999999999,0.432,0.092,0,0,0.0,0.5,0.5,0,A,Lettres Modernes,BAC_1,Grand Lomé,privé,F,2023,REORIENTE
1,1,0,1,0,0,12.39,13.56,12.65,-1,12.65,0.5138,0.536,0.265,0,0,0.0,0.5,0.5,0,A,Communication et Journalisme,BAC_1,Kara,public,F,2024,ADMIS
1,1,0,1,0,0,6.7,5.66,6.82,1,6.82,0.7072,0.616,-0.31799999999999995,0,0,0.0,0.5,0.5,0,A,Droit,BAC_1,Centrale,public,F,2023,ADMIS
1,1,0,1,0,0,11.26,11.47,11.82,1,11.82,0.6366,0.375,0.18200000000000002,0,0,0.0,0.5,0.5,0,A,Sociologie,BAC_1,Grand Lomé,privé,F,2024,REORIENTE
1,1,0,1,0,0,8.86,10.83,9.84,-1,9.84,0.4882000000000001,0.523,-0.016000000000000014,0,0,0.0,0.5,0.5,0,A,Droit,BAC_1,Centrale,privé,F,2024,REORIENTE
1,1,0,1,0,0,8.68,9.52,9.46,-1,9.46,0.5466,0.771,-0.053999999999999916,0,0,0.0,0.5,0.5,0,G3,Gestion des Entreprises,BAC_1,Grand Lomé,public,M,2024,ADMIS
1,1,0,1,0,0,8.55,8.12,8.98,1,8.98,0.3956,0.518,-0.10199999999999995,0,0,0.0,0.5,0.5,0,A,Enseignement Primaire,BAC_1,Kara,public,M,2024,REORIENTE
1,1,0,1,0,0,13.17,12.1,12.61,1,12.61,0.5522,0.62,0.26099999999999995,0,0,0.0,0.5,0.5,0,D,Sciences Infirmières,BAC_1,Maritime,public,M,2024,REORIENTE
1,1,0,1,0,0,8.31,8.48,9.34,1,9.34,0.6881999999999999,0.573,-0.06600000000000002,0,0,0.0,0.5,0.5,0,A,Enseignement Primaire,BAC_1,Plateaux Ouest,privé,F,2024,ADMIS
1,1,0,1,0,0,8.96,10.27,10.39,1,10.39,0.6928000000000001,0.523,0.039000000000000055,0,0,0.0,0.5,0.5,0,D,Sociologie,BAC_1,Maritime,public,M,2023,REORIENTE
1,1,0,1,0,0,9.51,9.79,10.67,1,10.67,0.5451999999999999,0.514,0.06699999999999999,0,0,0.0,0.5,0.5,0,A,STAPS (Activités Physiques et Sportives),BAC_1,Plateaux Ouest,privé,M,2024,REORIENTE
1,1,0,1,0,0,12.57,11.97,13.18,1,13.18,0.4528,0.256,0.31799999999999995,0,0,0.0,0.5,0.5,0,D,Médecine,BAC_1,Kara,public,F,2024,REORIENTE
1,1,0,1,0,0,8.76,7.04,8.72,1,8.72,0.7664,0.62,-0.12799999999999995,0,0,0.0,0.5,0.5,0,A,Sciences Politiques,BAC_1,Centrale,public,M,2023,REORIENTE
1,1,0,1,0,0,11.95,12.64,12.51,-1,12.51,0.5088,0.594,0.251,0,0,0.0,0.5,0.5,0,A,Anglais,BAC_1,Maritime,public,F,2024,REORIENTE
1,1,0,1,0,0,7.85,6.94,7.42,1,7.42,0.3704,0.587,-0.258,0,0,0.0,0.5,0.5,0,D,Sciences Environnementales,BAC_1,Plateaux Ouest,public,F,2024,REORIENTE
1,1,0,1,0,0,10.21,11.23,10.82,-1,10.82,0.4224,0.516,0.08200000000000003,0,0,0.0,0.5,0.5,0,A,Psychologie,BAC_1,Centrale,public,M,2024,ADMIS
1,1,0,1,0,0,11.71,9.46,11.58,1,11.58,0.6324,0.429,0.158,0,0,0.0,0.5,0.5,0,G2,Gestion des Entreprises,BAC_1,Savanes,privé,F,2024,ADMIS
1,1,0,1,0,0,8.57,9.32,9.01,-1,9.01,0.539,0.506,-0.09900000000000002,0,0,0.0,0.5,0.5,0,D,Finance et Comptabilité,BAC_1,Maritime,public,M,2023,REORIENTE
1,1,0,1,0,0,10.14,11.31,11.97,1,11.97,0.31479999999999997,0.364,0.19700000000000006,0,0,0.0,0.5,0.5,0,D,Gestion des Entreprises,BAC_1,Maritime,public,M,2024,ADMIS
1,1,0,1,0,0,11.62,11.73,12.13,1,12.13,0.8828,0.722,0.21300000000000008,0,0,0.0,0.5,0.5,0,D,Enseignement Primaire,BAC_1,Grand Lomé,public,M,2023,REORIENTE
1,1,0,1,0,0,13.03,11.31,11.53,1,11.53,0.546,0.726,0.15299999999999994,0,0,0.0,0.5,0.5,0,G2,Finance et Comptabilité,BAC_1,Maritime,public,F,2024,REORIENTE
1,1,0,1,0,0,6.86,7.74,8.28,1,8.28,0.49700000000000005,0.458,-0.17200000000000007,0,0,0.0,0.5,0.5,0,A,Psychologie,BAC_1,Savanes,public,M,2024,REORIENTE
1,1,0,1,0,0,5.94,8.96,8.78,-1,8.78,0.522,0.573,-0.12200000000000007,0,0,0.0,0.5,0.5,0,A,Lettres Modernes,BAC_1,Kara,public,F,2024,REORIENTE
1,1,0,1,0,0,6.85,8.29,8.53,1,8.53,0.7528,0.397,-0.14700000000000008,0,0,0.0,0.5,0.5,0,F1,Génie Civil,BAC_1,Grand Lomé,privé,F,2024,REORIENTE
1,1,0,1,0,0,12.18,11.23,12.34,1,12.34,0.5559999999999999,0.538,0.23399999999999999,0,0,0.0,0.5,0.5,0,G3,Finance et Comptabilité,BAC_1,Grand Lomé,public,F,2024,REORIENTE
1,1,0,1,0,0,6.91,7.91,7.92,1,7.92,0.478,0.586,-0.20800000000000002,0,0,0.0,0.5,0.5,0,A,Communication et Journalisme,BAC_1,Savanes,public,F,2024,ADMIS
1,1,0,1,0,0,11.56,12.21,12.44,1,12.44,0.8113999999999999,0.74,0.24399999999999994,0,0,0.0,0.5,0.5,0,F4,Génie Mécanique,BAC_1,Kara,privé,M,2023,REORIENTE
1,1,0,1,0,0,13.86,14.1,12.94,-1,12.94,0.788,0.734,0.29399999999999993,0,0,0.0,0.5,0.5,0,D,Sciences Environnementales,BAC_1,Grand Lomé,public,M,2023,ADMIS
1,1,0,1,0,0,10.74,11.49,10.7,-1,10.7,0.4994,0.572,0.06999999999999992,0,0,0.0,0.5,0.5,0,D,Biologie,BAC_1,Plateaux Est,privé,F,2024,REORIENTE
1,1,0,1,0,0,13.57,14.52,14.14,-1,14.14,0.534,0.348,0.41400000000000003,0,0,0.0,0.5,0.5,0,D,Sciences Forestières,BAC_1,Savanes,public,M,2023,ADMIS
1,1,0,1,0,0,10.25,9.54,9.83,1,9.83,0.4836,0.57,-0.016999999999999994,0,0,0.0,0.5,0.5,0,D,Informatique,BAC_1,Centrale,privé,F,2024,ADMIS
1,1,0,1,0,0,13.36,13.32,13.06,-1,13.06,0.4636,0.424,0.30600000000000005,0,0,0.0,0.5,0.5,0,A,Géographie,BAC_1,Kara,public,F,2024,REORIENTE
1,1,0,1,0,0,12.67,13.15,13.18,1,13.18,0.7802,0.47,0.31799999999999995,0,0,0.0,0.5,0.5,0,D,Sciences Infirmières,BAC_1,Maritime,privé,F,2023,ADMIS
1,1,0,1,0,0,8.84,9.13,9.71,1,9.71,0.6013999999999999,0.623,-0.028999999999999915,0,0,0.0,0.5,0.5,0,A,Sciences Politiques,BAC_1,Maritime,public,F,2024,REORIENTE
1,1,0,1,0,0,8.8,7.52,9.49,1,9.49,0.562,0.412,-0.050999999999999976,0,0,0.0,0.5,0.5,0,A,Droit,BAC_1,Kara,public,M,2023,REORIENTE
1,1,0,1,0,0,4.89,5.86,6.85,1,6.85,0.3336,0.48,-0.31500000000000006,0,0,0.0,0.5,0.5,0,A,Enseignement Primaire,BAC_1,Maritime,public,F,2024,REORIENTE
1,1,0,1,0,0,8.63,8.74,8.48,-1,8.48,0.6668,0.563,-0.15199999999999997,0,0,0.0,0.5,0.5,0,D,Gestion des Entreprises,BAC_1,Maritime,privé,F,2024,REORIENTE
1,1,0,1,0,0,2.73,3.76,4.08,1,4.08,0.2982,0.387,-0.592,0,0,0.0,0.5,0.5,0,D,Finance et Comptabilité,BAC_1,Plateaux Ouest,public,F,2024,REORIENTE
1,1,0,1,0,0,13.55,13.73,13.56,-1,13.56,0.5242,0.739,0.35600000000000004,0,0,0.0,0.5,0.5,0,D,Génie Informatique,BAC_1,Plateaux Ouest,privé,F,2024,ADMIS
1,1,0,1,0,0,11.64,10.71,11.41,1,11.41,0.6988,0.451,0.14100000000000001,0,0,0.0,0.5,0.5,0,A,Droit,BAC_1,Centrale,public,M,2023,ADMIS
1,1,0,1,0,0,8.32,8.67,9.79,1,9.79,0.5838000000000001,0.561,-0.021000000000000085,0,0,0.0,0.5,0.5,0,A,Anglais,BAC_1,Maritime,privé,F,2024,ADMIS
1,1,0,1,0,0,10.16,10.79,12.02,1,12.02,0.7624,0.487,0.20199999999999996,0,0,0.0,0.5,0.5,0,F1,Génie Civil,BAC_1,Plateaux Ouest,public,M,2024,REORIENTE
1,1,0,1,0,0,7.36,8.97,9.05,1,9.05,0.7184,0.428,-0.09499999999999993,0,0,0.0,0.5,0.5,0,D,Sciences Forestières,BAC_1,Plateaux Ouest,privé,M,2023,REORIENTE
1,1,0,1,0,0,9.82,8.78,10.02,1,10.02,0.4778,0.434,0.0019999999999999575,0,0,0.0,0.5,0.5,0,D,Gestion des Entreprises,BAC_1,Grand Lomé,public,F,2024,REORIENTE
1,1,0,1,0,0,12.19,11.89,12.41,1,12.41,0.274,0.292,0.24100000000000002,0,0,0.0,0.5,0.5,0,D,Génie Civil,BAC_1,Centrale,privé,M,2024,REORIENTE
1,1,0,1,0,0,8.93,9.14,9.22,1,9.22,0.3752,0.431,-0.07799999999999993,0,0,0.0,0.5,0.5,0,A,Sociologie,BAC_1,Plateaux Ouest,public,M,2024,REORIENTE
1,1,0,1,0,0,7.6,7.7,8.48,1,8.48,0.7248,0.543,-0.15199999999999997,0,0,0.0,0.5,0.5,0,A,Arts Plastiques,BAC_1,Grand Lomé,public,F,2024,ADMIS
1,1,0,1,0,0,6.51,6.48,7.89,1,7.89,0.6739999999999999,0.44,-0.21100000000000002,0,0,0.0,0.5,0.5,0,D,Enseignement Primaire,BAC_1,Kara,public,M,2023,ADMIS
1,1,0,1,0,0,10.62,10.99,11.87,1,11.87,0.7727999999999999,0.447,0.18699999999999992,0,0,0.0,0.5,0.5,0,A,Droit,BAC_1,Plateaux Ouest,privé,M,2023,ADMIS
1,1,0,1,0,0,7.76,8.82,8.84,1,8.84,0.81,0.54,-0.11600000000000002,0,0,0.0,0.5,0.5,0,A,Sociologie,BAC_1,Plateaux Est,public,M,2023,REORIENTE
1,1,0,1,0,0,8.5,8.43,8.42,-1,8.42,0.549,0.444,-0.158,0,0,0.0,0.5,0.5,0,A,Géographie,BAC_1,Kara,public,M,2023,ADMIS
1,1,0,1,0,0,10.28,9.44,10.06,1,10.06,0.6236,0.728,0.0060000000000000496,0,0,0.0,0.5,0.5,0,D,Sciences Forestières,BAC_1,Kara,public,M,2023,REORIENTE
1,1,0,1,0,0,7.09,8.59,8.25,-1,8.25,0.6300000000000001,0.549,-0.175,0,0,0.0,0.5,0.5,0,G2,Banque et Assurance,BAC_1,Plateaux Ouest,public,M,2024,ADMIS
1,1,0,1,0,0,11.2,10.27,10.61,1,10.61,0.5933999999999999,0.6,0.06099999999999994,0,0,0.0,0.5,0.5,0,D,Histoire,BAC_1,Grand Lomé,public,M,2024,REORIENTE
1,1,0,1,0,0,10.09,11.42,10.87,-1,10.87,0.6306,0.66,0.08699999999999992,0,0,0.0,0.5,0.5,0,F3,Génie Électrique,BAC_1,Plateaux Est,public,F,2024,REORIENTE
1,1,0,1,0,0,7.21,8.66,8.54,-1,8.54,0.5908,0.583,-0.14600000000000007,0,0,0.0,0.5,0.5,0,G1,Économie,BAC_1,Maritime,public,F,2024,REORIENTE
1,1,0,1,0,0,8.13,9.51,8.81,-1,8.81,0.6606,0.582,-0.11899999999999995,0,0,0.0,0.5,0.5,0,D,Histoire,BAC_1,Kara,privé,F,2024,REORIENTE
1,1,0,1,0,0,7.76,9.2,8.79,-1,8.79,0.5589999999999999,0.685,-0.12100000000000008,0,0,0.0,0.5,0.5,0,A,Sciences de l'Éducation,BAC_1,Plateaux Est,public,F,2024,REORIENTE
1,1,0,1,0,0,9.29,8.81,9.28,1,9.28,0.4988,0.5,-0.07200000000000006,0,0,0.0,0.5,0.5,0,D,Physique-Chimie,BAC_1,Maritime,public,F,2024,REORIENTE
1,1,0,1,0,0,10.23,10.81,10.67,-1,10.67,0.5012,0.479,0.06699999999999999,0,0,0.0,0.5,0.5,0,A,Sociologie,BAC_1,Maritime,public,F,2024,REORIENTE
1,1,0,1,0,0,9.2,9.64,10.08,1,10.08,0.6134,0.434,0.008000000000000007,0,0,0.0,0.5,0.5,0,B,Économie,BAC_1,Savanes,public,M,2024,REORIENTE
1,1,0,1,0,0,10.39,11.68,11.99,1,11.99,0.5034000000000001,0.42,0.199,0,0,0.0,0.5,0.5,0,A,Lettres Modernes,BAC_1,Plateaux Ouest,public,F,2024,REORIENTE
1,1,0,1,0,0,7.12,10.05,9.56,-1,9.56,0.6125999999999999,0.492,-0.04399999999999995,0,0,0.0,0.5,0.5,0,A,Géographie,BAC_1,Kara,public,M,2023,REORIENTE
1,1,0,1,0,0,11.5,11.99,11.69,-1,11.69,0.6334,0.373,0.16899999999999996,0,0,0.0,0.5,0.5,0,A,Tourisme et Hôtellerie,BAC_1,Maritime,public,M,2023,REORIENTE
1,1,0,1,0,0,11.03,11.03,11.85,1,11.85,0.6508,0.508,0.18499999999999997,0,0,0.0,0.5,0.5,0,C,Génie Électrique,BAC_1,Grand Lomé,public,M,2024,ADMIS
1,1,0,1,0,0,10.19,14.2,12.86,-1,12.86,0.26139999999999997,0.301,0.2859999999999999,0,0,0.0,0.5,0.5,0,D,Finance et Comptabilité,BAC_1,Centrale,privé,F,2024,ADMIS
1,1,0,1,0,0,13.02,11.6,13.44,1,13.44,0.3236,0.326,0.344,0,0,0.0,0.5,0.5,0,A,Lettres Modernes,BAC_1,Centrale,public,M,2024,REORIENTE
1,1,0,1,0,0,9.85,10.1,10.69,1,10.69,0.6766,0.595,0.06899999999999995,0,0,0.0,0.5,0.5,0,D,Finance et Comptabilité,BAC_1,Savanes,public,M,2023,ADMIS
1,1,0,1,0,0,7.6,7.41,8.52,1,8.52,0.5862,0.504,-0.14800000000000005,0,0,0.0,0.5,0.5,0,A,Enseignement Primaire,BAC_1,Grand Lomé,public,M,2024,REORIENTE
1,1,0,1,0,0,11.69,13.47,13.08,-1,13.08,0.6998,0.524,0.308,0,0,0.0,0.5,0.5,0,A,Arts Plastiques,BAC_1,Plateaux Ouest,privé,M,2023,ADMIS
1,1,0,1,0,0,9.55,10.23,9.95,-1,9.95,0.5472,0.558,-0.005000000000000071,0,0,0.0,0.5,0.5,0,A,Sciences Politiques,BAC_1,Kara,privé,M,2024,REORIENTE
1,1,0,1,0,0,10.32,9.24,9.43,1,9.43,0.7691999999999999,0.696,-0.05700000000000003,0,0,0.0,0.5,0.5,0,C,Finance et Comptabilité,BAC_1,Savanes,privé,M,2023,REORIENTE
1,1,0,1,0,0,12.8,12.91,12.53,-1,12.53,0.6342000000000001,0.369,0.25299999999999995,0,0,0.0,0.5,0.5,0,A,Lettres Modernes,BAC_1,Plateaux Ouest,public,M,2023,ADMIS
1,1,0,1,0,0,10.02,12.14,11.95,-1,11.95,0.7,0.583,0.19499999999999992,0,0,0.0,0.5,0.5,0,A,Droit,BAC_1,Maritime,privé,M,2024,ADMIS
1,1,0,1,0,0,8.47,9.43,9.53,1,9.53,0.8140000000000001,0.55,-0.04700000000000006,0,0,0.0,0.5,0.5,0,A,Sciences de l'Éducation,BAC_1,Centrale,privé,F,2023,REORIENTE
1,1,0,1,0,0,8.83,10.54,9.82,-1,9.82,0.4194,0.435,-0.01799999999999997,0,0,0.0,0.5,0.5,0,A,Enseignement Primaire,BAC_1,Plateaux Est,public,F,2024,REORIENTE
1,1,0,1,0,0,7.36,8.67,8.96,1,8.96,0.5958,0.444,-0.10399999999999991,0,0,0.0,0.5,0.5,0,D,Génie Électrique,BAC_1,Maritime,public,F,2023,REORIENTE
1,1,0,1,0,0,7.04,8.42,8.45,1,8.45,0.669,0.576,-0.15500000000000008,0,0,0.0,0.5,0.5,0,A,Tourisme et Hôtellerie,BAC_1,Maritime,public,M,2023,ADMIS
1,1,0,1,0,0,12.3,10.78,11.78,1,11.78,0.7878000000000001,0.681,0.17799999999999994,0,0,0.0,0.5,0.5,0,A,Tourisme et Hôtellerie,BAC_1,Centrale,public,F,2023,REORIENTE
1,1,0,1,0,0,9.93,10.51,10.16,-1,10.16,0.46819999999999995,0.482,0.016000000000000014,0,0,0.0,0.5,0.5,0,D,Sociologie,BAC_1,Grand Lomé,public,M,2024,REORIENTE
1,1,0,1,0,0,6.73,6.78,8.6,1,8.6,0.42200000000000004,0.65,-0.14000000000000004,0,0,0.0,0.5,0.5,0,D,Génie Informatique,BAC_1,Plateaux Ouest,public,M,2024,REORIENTE
1,1,0,1,0,0,10.6,10.59,10.18,-1,10.18,0.496,0.301,0.01799999999999997,0,0,0.0,0.5,0.5,0,A,Anglais,BAC_1,Maritime,public,M,2024,REORIENTE
1,1,0,1,0,0,14.19,14.69,15.15,1,15.15,0.6954,0.558,0.515,0,0,0.0,0.5,0.5,0,D,Génie Mécanique,BAC_1,Grand Lomé,public,M,2023,REORIENTE
1,1,0,1,0,0,10.09,10.92,11.22,1,11.22,0.6908,0.62,0.12200000000000007,0,0,0.0,0.5,0.5,0,D,Pharmacie,BAC_1,Grand Lomé,privé,F,2023,REORIENTE
1,1,0,1,0,0,7.37,7.94,7.73,-1,7.73,0.6722,0.551,-0.22699999999999995,0,0,0.0,0.5,0.5,0,B,Finance et Comptabilité,BAC_1,Centrale,public,M,2023,REORIENTE
1,1,0,1,0,0,8.9,8.47,9.38,1,9.38,0.31520000000000004,0.548,-0.06199999999999992,0,0,0.0,0.5,0.5,0,A,Géographie,BAC_1,Centrale,public,M,2024,REORIENTE
1,1,0,1,0,0,10.27,11.24,10.11,-1,10.11,0.776,0.746,0.010999999999999944,0,0,0.0,0.5,0.5,0,A,Droit,BAC_1,Maritime,public,M,2023,ADMIS
1,1,0,1,0,0,9.31,10.58,10.21,-1,10.21,0.6682,0.457,0.021000000000000085,0,0,0.0,0.5,0.5,0,D,Génie Informatique,BAC_1,Grand Lomé,public,F,2023,ADMIS
1,1,0,1,0,0,8.52,9.89,10.48,1,10.48,0.6506000000000001,0.749,0.04800000000000004,0,0,0.0,0.5,0.5,0,A,Lettres Modernes,BAC_1,Savanes,public,F,2024,ADMIS
1,1,0,1,0,0,11.19,10.4,9.8,-1,9.8,0.437,0.467,-0.019999999999999928,0,0,0.0,0.5,0.5,0,A,Communication et Journalisme,BAC_1,Centrale,privé,M,2024,REORIENTE
1,1,0,1,0,0,11.47,11.89,11.73,-1,11.73,0.707,0.629,0.17300000000000004,0,0,0.0,0.5,0.5,0,A,Anglais,BAC_1,Grand Lomé,public,M,2023,ADMIS
1,1,0,1,0,0,8.13,9.05,9.36,1,9.36,0.7968,0.579,-0.06400000000000006,0,0,0.0,0.5,0.5,0,A,Droit,BAC_1,Maritime,privé,M,2023,ADMIS
1,1,0,1,0,0,9.59,9.33,10.32,1,10.32,0.6644,0.593,0.03200000000000003,0,0,0.0,0.5,0.5,0,F3,Génie Civil,BAC_1,Grand Lomé,public,F,2023,REORIENTE
1,1,0,1,0,0,11.92,13.55,13.29,-1,13.29,0.4486,0.658,0.3289999999999999,0,0,0.0,0.5,0.5,0,D,Informatique,BAC_1,Savanes,public,M,2024,REORIENTE
1,1,0,1,0,0,10.16,8.17,8.97,1,8.97,0.5826,0.471,-0.10299999999999994,0,0,0.0,0.5,0.5,0,A,Tourisme et Hôtellerie,BAC_1,Kara,public,F,2023,ADMIS
1,1,0,1,0,0,7.24,6.66,7.83,1,7.83,0.7856,0.494,-0.217,0,0,0.0,0.5,0.5,0,A,Sciences de l'Éducation,BAC_1,Grand Lomé,public,F,2023,ADMIS
1,1,0,1,0,0,11.59,10.59,11.02,1,11.02,0.365,0.482,0.10199999999999995,0,0,0.0,0.5,0.5,0,A,Enseignement Primaire,BAC_1,Kara,public,M,2024,REORIENTE
1,1,0,1,0,0,9.89,11.2,11.06,-1,11.06,0.30360000000000004,0.261,0.10600000000000005,0,0,0.0,0.5,0.5,0,A,Histoire,BAC_1,Kara,public,F,2024,REORIENTE
1,1,0,1,0,0,8.41,8.35,8.78,1,8.78,0.7116,0.48,-0.12200000000000007,0,0,0.0,0.5,0.5,0,A,Communication et Journalisme,BAC_1,Maritime,public,M,2023,ADMIS
1,1,0,1,0,0,8.47,8.81,9.43,1,9.43,0.3594,0.522,-0.05700000000000003,0,0,0.0,0.5,0.5,0,D,Informatique,BAC_1,Plateaux Ouest,public,F,2024,ADMIS
1,1,0,1,0,0,10.31,10.56,11.12,1,11.12,0.8256,0.579,0.11199999999999992,0,0,0.0,0.5,0.5,0,A,Psychologie,BAC_1,Maritime,privé,F,2023,ADMIS
1,1,0,1,0,0,16.56,14.5,15.78,1,15.78,0.3418,0.43,0.578,0,0,0.0,0.5,0.5,0,D,Sciences Infirmières,BAC_1,Maritime,public,F,2024,REORIENTE
1,1,0,1,0,0,11.21,10.41,11.35,1,11.35,0.5178,0.489,0.13499999999999995,0,0,0.0,0.5,0.5,0,A,Sciences de l'Éducation,BAC_1,Grand Lomé,privé,F,2024,REORIENTE
1,1,0,1,0,0,10.18,9.85,10.84,1,10.84,0.49579999999999996,0.575,0.08399999999999999,0,0,0.0,0.5,0.5,0,D,Génie Civil,BAC_1,Plateaux Ouest,public,F,2024,REORIENTE
1,1,0,1,0,0,6.34,8.0,7.72,-1,7.72,0.5544,0.603,-0.22800000000000004,0,0,0.0,0.5,0.5,0,D,Génie Informatique,BAC_1,Grand Lomé,privé,M,2024,REORIENTE
1,1,0,1,0,0,10.34,10.79,11.06,1,11.06,0.48140000000000005,0.362,0.10600000000000005,0,0,0.0,0.5,0.5,0,A,Sciences de l'Éducation,BAC_1,Grand Lomé,public,M,2024,REORIENTE
1,1,0,1,0,0,10.97,11.04,11.25,1,11.25,0.7282,0.598,0.125,0,0,0.0,0.5,0.5,0,B,Psychologie,BAC_1,Maritime,public,M,2024,REORIENTE
1,1,0,1,0,0,10.29,10.34,10.82,1,10.82,0.524,0.635,0.08200000000000003,0,0,0.0,0.5,0.5,0,A,Communication et Journalisme,BAC_1,Maritime,public,F,2024,REORIENTE
1,1,0,1,0,0,7.1,8.85,9.03,1,9.03,0.3196,0.433,-0.09700000000000006,0,0,0.0,0.5,0.5,0,D,Gestion des Entreprises,BAC_1,Centrale,public,F,2024,REORIENTE
1,1,0,1,0,0,8.61,9.47,9.45,-1,9.45,0.509,0.617,-0.05500000000000007,0,0,0.0,0.5,0.5,0,A,Droit,BAC_1,Maritime,public,M,2024,REORIENTE
1,1,0,1,0,0,8.77,9.16,9.37,1,9.37,0.8183999999999999,0.588,-0.06300000000000008,0,0,0.0,0.5,0.5,0,A,Sciences de l'Éducation,BAC_1,Savanes,public,F,2023,ADMIS
1,1,0,1,0,0,9.46,12.39,10.59,-1,10.59,0.6454,0.556,0.05899999999999998,0,0,0.0,0.5,0.5,0,A,Géographie,BAC_1,Grand Lomé,privé,F,2024,REORIENTE
1,1,0,1,0,0,12.25,12.06,12.58,1,12.58,0.4476,0.456,0.258,0,0,0.0,0.5,0.5,0,A,Sciences de l'Éducation,BAC_1,Plateaux Ouest,public,M,2024,REORIENTE
1,1,0,1,0,0,8.98,9.41,9.9,1,9.9,0.41459999999999997,0.456,-0.009999999999999964,0,0,0.0,0.5,0.5,0,D,Géographie,BAC_1,Plateaux Ouest,public,M,2024,REORIENTE
1,1,0,1,0,0,13.6,13.77,14.27,1,14.27,0.7334,0.404,0.42699999999999994,0,0,0.0,0.5,0.5,0,A,Enseignement Primaire,BAC_1,Grand Lomé,public,F,2023,ADMIS
1,1,0,1,0,0,9.8,9.11,10.38,1,10.38,0.7394,0.584,0.038000000000000075,0,0,0.0,0.5,0.5,0,A,Tourisme et Hôtellerie,BAC_1,Kara,public,F,2023,ADMIS
1,1,0,1,0,0,9.99,10.99,9.94,-1,9.94,0.8485999999999999,0.701,-0.0060000000000000496,0,0,0.0,0.5,0.5,0,A,Psychologie,BAC_1,Plateaux Est,privé,M,2023,REORIENTE
1,1,0,1,0,0,12.38,11.81,11.37,-1,11.37,0.3768,0.489,0.13699999999999993,0,0,0.0,0.5,0.5,0,D,Génie Informatique,BAC_1,Maritime,public,M,2024,ADMIS
1,1,0,1,0,0,11.79,11.79,11.7,-1,11.7,0.4576,0.514,0.16999999999999993,0,0,0.0,0.5,0.5,0,D,Géographie,BAC_1,Savanes,public,M,2024,ADMIS
1,1,0,1,0,0,11.46,12.03,11.84,-1,11.84,0.5724,0.588,0.184,0,0,0.0,0.5,0.5,0,A,Anglais,BAC_1,Plateaux Ouest,public,F,2024,ADMIS
1,1,0,1,0,0,8.65,8.26,8.18,-1,8.18,0.5202,0.465,-0.18200000000000002,0,0,0.0,0.5,0.5,0,A,Communication et Journalisme,BAC_1,Plateaux Ouest,privé,M,2024,REORIENTE
1,1,0,1,0,0,11.16,12.34,11.8,-1,11.8,0.5224,0.592,0.18000000000000008,0,0,0.0,0.5,0.5,0,D,Informatique,BAC_1,Grand Lomé,privé,F,2024,REORIENTE
1,1,0,1,0,0,12.12,12.34,12.59,1,12.59,0.6267999999999999,0.265,0.259,0,0,0.0,0.5,0.5,0,A,Communication et Journalisme,BAC_1,Plateaux Est,public,F,2023,ADMIS
1,1,0,1,0,0,10.49,11.36,11.62,1,11.62,0.7984,0.511,0.16199999999999992,0,0,0.0,0.5,0.5,0,D,Génie Civil,BAC_1,Maritime,privé,F,2023,REORIENTE
1,1,0,1,0,0,9.45,9.77,10.04,1,10.04,0.5474,0.386,0.003999999999999915,0,0,0.0,0.5,0.5,0,D,Géographie,BAC_1,Grand Lomé,public,M,2024,ADMIS
1,1,0,1,0,0,13.23,14.44,13.26,-1,13.26,0.39680000000000004,0.548,0.32599999999999996,0,0,0.0,0.5,0.5,0,D,Psychologie,BAC_1,Maritime,public,M,2024,REORIENTE
1,1,0,1,0,0,12.74,11.78,12.43,1,12.43,0.5402,0.599,0.24299999999999997,0,0,0.0,0.5,0.5,0,A,Droit,BAC_1,Kara,public,M,2024,REORIENTE
1,1,0,1,0,0,8.44,9.79,9.34,-1,9.34,0.6944,0.617,-0.06600000000000002,0,0,0.0,0.5,0.5,0,D,Tourisme et Hôtellerie,BAC_1,Grand Lomé,public,M,2023,REORIENTE
1,1,0,1,0,0,10.68,12.06,11.31,-1,11.31,0.7807999999999999,0.56,0.13100000000000006,0,0,0.0,0.5,0.5,0,A,Droit,BAC_1,Plateaux Ouest,public,M,2023,ADMIS
1,1,0,1,0,0,12.61,13.24,13.09,-1,13.09,0.7248,0.471,0.309,0,0,0.0,0.5,0.5,0,A,Psychologie,BAC_1,Maritime,public,F,2023,ADMIS
1,1,0,1,0,0,7.58,8.09,8.22,1,8.22,0.7750000000000001,0.55,-0.17799999999999994,0,0,0.0,0.5,0.5,0,E,Mathématiques Appliquées,BAC_1,Grand Lomé,public,M,2023,REORIENTE
1,1,0,1,0,0,8.32,6.39,7.19,1,7.19,0.5892000000000001,0.492,-0.28099999999999997,0,0,0.0,0.5,0.5,0,A,Communication et Journalisme,BAC_1,Kara,public,F,2024,REORIENTE
1,1,0,1,0,0,11.99,12.16,13.53,1,13.53,0.5012,0.5,0.3529999999999999,0,0,0.0,0.5,0.5,0,D,Informatique,BAC_1,Centrale,privé,F,2024,REORIENTE
1,1,0,1,0,0,8.31,6.65,8.73,1,8.73,0.44599999999999995,0.674,-0.12699999999999995,0,0,0.0,0.5,0.5,0,D,Génie Électrique,BAC_1,Maritime,public,M,2024,REORIENTE
1,1,0,1,0,0,11.23,8.7,9.79,1,9.79,0.7050000000000001,0.648,-0.021000000000000085,0,0,0.0,0.5,0.5,0,A,Sociologie,BAC_1,Grand Lomé,public,F,2024,ADMIS
1,1,0,1,0,0,12.4,12.03,12.44,1,12.44,0.6829999999999999,0.482,0.24399999999999994,0,0,0.0,0.5,0.5,0,A,Psychologie,BAC_1,Grand Lomé,public,F,2023,ADMIS
1,1,0,1,0,0,9.75,10.56,11.21,1,11.21,0.6766,0.361,0.12100000000000008,0,0,0.0,0.5,0.5,0,A,Lettres Modernes,BAC_1,Maritime,public,F,2023,REORIENTE
1,1,0,1,0,0,7.05,7.42,8.71,1,8.71,0.6459999999999999,0.358,-0.12899999999999992,0,0,0.0,0.5,0.5,0,A,Lettres Modernes,BAC_1,Savanes,privé,F,2024,REORIENTE
1,1,0,1,0,0,8.08,8.32,9.45,1,9.45,0.7410000000000001,0.51,-0.05500000000000007,0,0,0.0,0.5,0.5,0,A,Tourisme et Hôtellerie,BAC_1,Maritime,privé,F,2023,REORIENTE
1,1,0,1,0,0,9.74,11.25,11.76,1,11.76,0.5628,0.507,0.176,0,0,0.0,0.5,0.5,0,G3,Finance et Comptabilité,BAC_1,Kara,public,M,2023,REORIENTE
1,1,0,1,0,0,12.78,11.52,11.62,1,11.62,0.5434,0.505,0.16199999999999992,0,0,0.0,0.5,0.5,0,A,Anglais,BAC_1,Grand Lomé,privé,F,2024,ADMIS
1,1,0,1,0,0,8.7,10.33,9.64,-1,9.64,0.8542,0.667,-0.03599999999999994,0,0,0.0,0.5,0.5,0,A,Droit,BAC_1,Centrale,privé,F,2023,REORIENTE
1,1,0,1,0,0,14.42,13.95,14.28,1,14.28,0.577,0.487,0.42799999999999994,0,0,0.0,0.5,0.5,0,D,Sciences Infirmières,BAC_1,Maritime,public,F,2024,REORIENTE
1,1,0,1,0,0,10.05,9.75,10.17,1,10.17,0.46019999999999994,0.585,0.016999999999999994,0,0,0.0,0.5,0.5,0,D,Sociologie,BAC_1,Grand Lomé,public,F,2024,REORIENTE
1,1,0,1,0,0,9.23,10.09,10.12,1,10.12,0.498,0.579,0.011999999999999922,0,0,0.0,0.5,0.5,0,A,Anglais,BAC_1,Plateaux Est,public,M,2024,REORIENTE
1,1,0,1,0,0,13.54,11.28,11.43,1,11.43,0.6936,0.663,0.14299999999999996,0,0,0.0,0.5,0.5,0,D,Agronomie,BAC_1,Centrale,privé,M,2023,REORIENTE
1,1,0,1,0,0,9.31,12.68,11.95,-1,11.95,0.3896,0.455,0.19499999999999992,0,0,0.0,0.5,0.5,0,A,Enseignement Primaire,BAC_1,Plateaux Est,public,F,2024,REORIENTE
1,1,0,1,0,0,9.51,9.62,10.57,1,10.57,0.41400000000000003,0.381,0.05700000000000003,0,0,0.0,0.5,0.5,0,A,Psychologie,BAC_1,Plateaux Ouest,public,F,2024,REORIENTE
1,1,0,1,0,0,10.45,11.05,11.14,1,11.14,0.8288,0.587,0.11400000000000006,0,0,0.0,0.5,0.5,0,D,Histoire,BAC_1,Grand Lomé,privé,F,2023,ADMIS
1,1,0,1,0,0,9.58,8.79,9.1,1,9.1,0.8675999999999999,0.684,-0.09000000000000004,0,0,0.0,0.5,0.5,0,D,Gestion des Entreprises,BAC_1,Maritime,privé,M,2023,ADMIS
1,1,0,1,0,0,7.21,8.6,9.15,1,9.15,0.7298,0.383,-0.08499999999999996,0,0,0.0,0.5,0.5,0,A,Sciences de l'Éducation,BAC_1,Grand Lomé,privé,M,2024,ADMIS
1,1,0,1,0,0,9.75,11.34,11.16,-1,11.16,0.6412,0.406,0.11600000000000002,0,0,0.0,0.5,0.5,0,A,Lettres Modernes,BAC_1,Grand Lomé,privé,M,2023,REORIENTE
1,1,0,1,0,0,11.73,13.15,12.11,-1,12.11,0.41680000000000006,0.55,0.21099999999999994,0,0,0.0,0.5,0.5,0,D,Géographie,BAC_1,Savanes,public,F,2024,REORIENTE
1,1,0,1,0,0,9.05,10.66,9.78,-1,9.78,0.5226000000000001,0.543,-0.022000000000000065,0,0,0.0,0.5,0.5,0,F3,Génie Électrique,BAC_1,Grand Lomé,public,M,2023,REORIENTE
1,1,0,1,0,0,14.55,14.62,14.57,-1,14.57,0.4224,0.6,0.457,0,0,0.0,0.5,0.5,0,D,Pharmacie,BAC_1,Centrale,public,F,2024,REORIENTE
1,1,0,1,0,0,11.16,10.21,10.58,1,10.58,0.5875999999999999,0.413,0.05800000000000001,0,0,0.0,0.5,0.5,0,D,Sociologie,BAC_1,Grand Lomé,public,F,2023,REORIENTE
1,1,0,1,0,0,12.08,12.67,13.55,1,13.55,0.4726,0.523,0.3550000000000001,0,0,0.0,0.5,0.5,0,D,Sciences Infirmières,BAC_1,Centrale,public,F,2023,REORIENTE
1,1,0,1,0,0,7.09,8.71,9.49,1,9.49,0.5915999999999999,0.408,-0.050999999999999976,0,0,0.0,0.5,0.5,0,D,Finance et Comptabilité,BAC_1,Maritime,public,F,2023,ADMIS
1,1,0,1,0,0,6.01,8.48,8.25,-1,8.25,0.7911999999999999,0.616,-0.175,0,0,0.0,0.5,0.5,0,D,Psychologie,BAC_1,Centrale,privé,M,2023,ADMIS
1,1,0,1,0,0,8.34,9.37,9.34,-1,9.34,0.7632,0.468,-0.06600000000000002,0,0,0.0,0.5,0.5,0,A,Communication et Journalisme,BAC_1,Savanes,public,M,2023,ADMIS
1,1,0,1,0,0,7.92,7.96,8.88,1,8.88,0.545,0.554,-0.11199999999999992,0,0,0.0,0.5,0.5,0,A,Enseignement Primaire,BAC_1,Grand Lomé,public,F,2024,REORIENTE
1,1,0,1,0,0,10.43,9.34,9.71,1,9.71,0.7070000000000001,0.566,-0.028999999999999915,0,0,0.0,0.5,0.5,0,D,Médecine,BAC_1,Grand Lomé,public,F,2023,REORIENTE
1,1,0,1,0,0,12.7,13.37,13.52,1,13.52,0.7302000000000001,0.624,0.352,0,0,0.0,0.5,0.5,0,D,Sciences Infirmières,BAC_1,Kara,privé,M,2024,REORIENTE
1,1,0,1,0,0,13.98,14.36,13.76,-1,13.76,0.6562,0.457,0.376,0,0,0.0,0.5,0.5,0,D,Pharmacie,BAC_1,Plateaux Est,public,M,2023,REORIENTE
1,1,0,1,0,0,10.65,11.26,10.28,-1,10.28,0.4962,0.465,0.027999999999999935,0,0,0.0,0.5,0.5,0,D,Génie Informatique,BAC_1,Grand Lomé,public,F,2024,REORIENTE
1,1,0,1,0,0,12.32,11.87,12.18,1,12.18,0.683,0.59,0.21799999999999997,0,0,0.0,0.5,0.5,0,A,Histoire,BAC_1,Centrale,public,M,2023,REORIENTE
1,1,0,1,0,0,13.38,14.33,14.06,-1,14.06,0.45300000000000007,0.561,0.406,0,0,0.0,0.5,0.5,0,D,Sciences Forestières,BAC_1,Grand Lomé,public,M,2024,ADMIS
1,1,0,1,0,0,14.16,13.96,15.04,1,15.04,0.7476,0.384,0.5039999999999999,0,0,0.0,0.5,0.5,0,D,Histoire,BAC_1,Grand Lomé,public,F,2023,ADMIS
1,1,0,1,0,0,9.36,10.34,9.94,-1,9.94,0.7232000000000001,0.389,-0.0060000000000000496,0,0,0.0,0.5,0.5,0,A,Enseignement Primaire,BAC_1,Savanes,public,F,2023,REORIENTE
1,1,0,1,0,0,11.31,11.41,10.93,-1,10.93,0.6184,0.415,0.09299999999999997,0,0,0.0,0.5,0.5,0,A,Droit,BAC_1,Plateaux Ouest,public,F,2023,REORIENTE
1,1,0,1,0,0,12.98,11.65,12.63,1,12.63,0.675,0.597,0.26300000000000007,0,0,0.0,0.5,0.5,0,A,Psychologie,BAC_1,Grand Lomé,public,F,2023,ADMIS
1,1,0,1,0,0,10.9,9.99,10.81,1,10.81,0.7416,0.513,0.08100000000000004,0,0,0.0,0.5,0.5,0,A,Enseignement Primaire,BAC_1,Maritime,privé,M,2023,REORIENTE
1,1,0,1,0,0,11.82,12.08,12.3,1,12.3,0.5282,0.494,0.23000000000000007,0,0,0.0,0.5,0.5,0,A,Droit,BAC_1,Maritime,privé,M,2024,REORIENTE
1,1,0,1,0,0,11.02,10.55,11.62,1,11.62,0.486,0.48,0.16199999999999992,0,0,0.0,0.5,0.5,0,A,Sciences Politiques,BAC_1,Maritime,public,M,2024,ADMIS
1,1,0,1,0,0,7.15,8.77,8.56,-1,8.56,0.7115999999999999,0.522,-0.14399999999999996,0,0,0.0,0.5,0.5,0,A,Enseignement Primaire,BAC_1,Plateaux Ouest,privé,M,2024,ADMIS
1,1,0,1,0,0,5.97,7.34,7.57,1,7.57,0.4644,0.51,-0.24299999999999997,0,0,0.0,0.5,0.5,0,D,Génie Informatique,BAC_1,Centrale,privé,F,2024,ADMIS
1,1,0,1,0,0,7.91,8.43,7.92,-1,7.92,0.5820000000000001,0.468,-0.20800000000000002,0,0,0.0,0.5,0.5,0,D,Génie Électrique,BAC_1,Maritime,privé,F,2024,REORIENTE
1,1,0,1,0,0,8.94,8.62,9.32,1,9.32,0.7267999999999999,0.59,-0.06799999999999998,0,0,0.0,0.5,0.5,0,A,Anglais,BAC_1,Centrale,privé,F,2023,REORIENTE
1,1,0,1,0,0,10.5,11.57,11.22,-1,11.22,0.5812,0.646,0.12200000000000007,0,0,0.0,0.5,0.5,0,G2,Économie,BAC_1,Kara,public,M,2024,REORIENTE
1,1,0,1,0,0,12.99,13.41,13.97,1,13.97,0.2862,0.288,0.3970000000000001,0,0,0.0,0.5,0.5,0,D,Informatique,BAC_1,Plateaux Est,public,M,2024,ADMIS
1,1,0,1,0,0,11.02,9.13,10.06,1,10.06,0.599,0.575,0.0060000000000000496,0,0,0.0,0.5,0.5,0,D,Génie Informatique,BAC_1,Kara,public,M,2023,REORIENTE
1,1,0,1,0,0,7.33,8.05,7.97,-1,7.97,0.45239999999999997,0.489,-0.203,0,0,0.0,0.5,0.5,0,D,Sciences de l'Éducation,BAC_1,Maritime,public,F,2024,ADMIS
1,1,0,1,0,0,10.48,10.6,10.93,1,10.93,0.6166,0.457,0.09299999999999997,0,0,0.0,0.5,0.5,0,A,Sociologie,BAC_1,Centrale,public,M,2023,ADMIS
1,1,0,1,0,0,13.37,13.47,12.65,-1,12.65,0.5122,0.307,0.265,0,0,0.0,0.5,0.5,0,D,Géographie,BAC_1,Grand Lomé,public,F,2023,REORIENTE
1,1,0,1,0,0,10.23,10.81,11.01,1,11.01,0.4494,0.384,0.10099999999999998,0,0,0.0,0.5,0.5,0,D,Gestion des Entreprises,BAC_1,Plateaux Est,privé,M,2024,REORIENTE
1,1,0,1,0,0,9.87,9.14,9.95,1,9.95,0.6144000000000001,0.453,-0.005000000000000071,0,0,0.0,0.5,0.5,0,D,Sciences Environnementales,BAC_1,Maritime,public,M,2023,ADMIS
1,1,0,1,0,0,4.05,5.15,4.74,-1,4.74,0.3306,0.48,-0.526,0,0,0.0,0.5,0.5,0,D,Biologie,BAC_1,Savanes,public,F,2024,REORIENTE
1,1,0,1,0,0,9.96,9.19,9.4,1,9.4,0.6938,0.431,-0.05999999999999996,0,0,0.0,0.5,0.5,0,D,Psychologie,BAC_1,Maritime,public,M,2023,REORIENTE
1,1,0,1,0,0,8.8,10.35,11.26,1,11.26,0.5184,0.51,0.12599999999999997,0,0,0.0,0.5,0.5,0,A,Sociologie,BAC_1,Maritime,public,F,2024,ADMIS
1,1,0,1,0,0,13.06,12.89,13.01,1,13.01,0.5832,0.447,0.301,0,0,0.0,0.5,0.5,0,D,Génie Mécanique,BAC_1,Centrale,privé,F,2023,ADMIS
1,1,0,1,0,0,7.13,7.54,8.72,1,8.72,0.5926,0.55,-0.12799999999999995,0,0,0.0,0.5,0.5,0,A,Histoire,BAC_1,Grand Lomé,public,M,2023,ADMIS
1,1,0,1,0,0,10.48,11.08,10.92,-1,10.92,0.7464,0.381,0.092,0,0,0.0,0.5,0.5,0,A,Psychologie,BAC_1,Savanes,privé,M,2023,ADMIS
1,1,0,1,0,0,15.9,15.09,15.29,1,15.29,0.6154,0.679,0.5289999999999999,0,0,0.0,0.5,0.5,0,A,STAPS (Activités Physiques et Sportives),BAC_1,Savanes,public,F,2024,ADMIS
1,1,0,1,0,0,10.59,10.73,11.41,1,11.41,0.5042,0.47,0.14100000000000001,0,0,0.0,0.5,0.5,0,D,Finance et Comptabilité,BAC_1,Grand Lomé,public,F,2024,REORIENTE
1,1,0,1,0,0,8.95,8.71,9.27,1,9.27,0.5054,0.374,-0.07300000000000004,0,0,0.0,0.5,0.5,0,A,Psychologie,BAC_1,Kara,public,M,2024,REORIENTE
1,1,0,1,0,0,8.58,10.46,10.09,-1,10.09,0.9012,0.768,0.008999999999999985,0,0,0.0,0.5,0.5,0,A,Droit,BAC_1,Grand Lomé,public,F,2023,REORIENTE
1,1,0,1,0,0,10.15,10.8,10.04,-1,10.04,0.6557999999999999,0.63,0.003999999999999915,0,0,0.0,0.5,0.5,0,D,Informatique,BAC_1,Plateaux Ouest,privé,M,2023,REORIENTE
1,1,0,1,0,0,8.22,7.84,8.21,1,8.21,0.4412,0.659,-0.1789999999999999,0,0,0.0,0.5,0.5,0,D,Agronomie,BAC_1,Plateaux Ouest,privé,M,2024,ADMIS
1,1,0,1,0,0,12.4,10.48,11.32,1,11.32,0.6704,0.473,0.13200000000000003,0,0,0.0,0.5,0.5,0,D,Génie Informatique,BAC_1,Grand Lomé,public,M,2023,REORIENTE
1,1,0,1,0,0,12.27,8.67,11.72,1,11.72,0.5624,0.77,0.17200000000000007,0,0,0.0,0.5,0.5,0,D,Tourisme et Hôtellerie,BAC_1,Centrale,public,M,2024,REORIENTE
1,1,0,1,0,0,10.04,8.85,10.05,1,10.05,0.46180000000000004,0.658,0.005000000000000071,0,0,0.0,0.5,0.5,0,D,Psychologie,BAC_1,Grand Lomé,public,M,2024,ADMIS
1,1,0,1,0,0,10.65,10.41,10.43,1,10.43,0.6245999999999999,0.312,0.04299999999999997,0,0,0.0,0.5,0.5,0,D,Biologie,BAC_1,Grand Lomé,privé,M,2023,ADMIS
1,1,0,1,0,0,12.03,11.91,12.61,1,12.61,0.694,0.463,0.26099999999999995,0,0,0.0,0.5,0.5,0,A,Lettres Modernes,BAC_1,Grand Lomé,privé,F,2023,ADMIS
1,1,0,1,0,0,14.95,14.05,14.42,1,14.42,0.6901999999999999,0.65,0.442,0,0,0.0,0.5,0.5,0,D,STAPS (Activités Physiques et Sportives),BAC_1,Grand Lomé,public,M,2023,ADMIS
1,1,0,1,0,0,8.59,7.41,8.98,1,8.98,0.434,0.461,-0.10199999999999995,0,0,0.0,0.5,0.5,0,D,Géographie,BAC_1,Grand Lomé,public,F,2024,ADMIS
1,1,0,1,0,0,7.97,8.26,9.0,1,9.0,0.3628,0.415,-0.1,0,0,0.0,0.5,0.5,0,D,Informatique,BAC_1,Plateaux Est,public,M,2024,REORIENTE
1,1,0,1,0,0,11.94,8.82,10.21,1,10.21,0.7522,0.637,0.021000000000000085,0,0,0.0,0.5,0.5,0,C,Génie Civil,BAC_1,Maritime,public,F,2023,REORIENTE
1,1,0,1,0,0,10.12,9.76,10.21,1,10.21,0.6057999999999999,0.451,0.021000000000000085,0,0,0.0,0.5,0.5,0,B,Banque et Assurance,BAC_1,Plateaux Est,privé,M,2023,ADMIS
1,1,0,1,0,0,12.5,11.5,11.7,1,11.7,0.6446000000000001,0.644,0.16999999999999993,0,0,0.0,0.5,0.5,0,D,Finance et Comptabilité,BAC_1,Kara,public,F,2023,REORIENTE
1,1,0,1,0,0,10.91,9.02,10.42,1,10.42,0.41200000000000003,0.613,0.041999999999999996,0,0,0.0,0.5,0.5,0,G3,Finance et Comptabilité,BAC_1,Centrale,public,F,2024,ADMIS
1,1,0,1,0,0,14.33,13.47,14.43,1,14.43,0.5606,0.491,0.44299999999999995,0,0,0.0,0.5,0.5,0,C,Génie Civil,BAC_1,Centrale,public,F,2024,REORIENTE
1,1,0,1,0,0,8.96,8.13,9.14,1,9.14,0.5804,0.641,-0.08599999999999994,0,0,0.0,0.5,0.5,0,A,STAPS (Activités Physiques et Sportives),BAC_1,Maritime,public,F,2024,ADMIS
1,1,0,1,0,0,9.79,9.03,10.57,1,10.57,0.43579999999999997,0.314,0.05700000000000003,0,0,0.0,0.5,0.5,0,D,Sciences de l'Éducation,BAC_1,Kara,public,F,2024,REORIENTE
1,1,0,1,0,0,8.93,9.87,9.86,-1,9.86,0.3204,0.624,-0.014000000000000058,0,0,0.0,0.5,0.5,0,D,Génie Civil,BAC_1,Plateaux Ouest,public,M,2024,REORIENTE
1,1,0,1,0,0,7.48,8.0,8.38,1,8.38,0.4312,0.28,-0.16199999999999992,0,0,0.0,0.5,0.5,0,D,Histoire,BAC_1,Maritime,public,M,2024,REORIENTE
1,1,0,1,0,0,11.17,11.55,12.03,1,12.03,0.7227999999999999,0.331,0.20299999999999993,0,0,0.0,0.5,0.5,0,A,Sciences Politiques,BAC_1,Centrale,privé,F,2023,REORIENTE
1,1,0,1,0,0,8.06,8.61,9.77,1,9.77,0.4102,0.493,-0.02300000000000004,0,0,0.0,0.5,0.5,0,A,Géographie,BAC_1,Centrale,public,F,2024,REORIENTE
1,1,0,1,0,0,11.0,11.9,11.63,-1,11.63,0.4864,0.67,0.1630000000000001,0,0,0.0,0.5,0.5,0,D,Médecine,BAC_1,Grand Lomé,public,M,2024,REORIENTE
1,1,0,1,0,0,11.06,10.92,10.85,-1,10.85,0.7626,0.711,0.08499999999999996,0,0,0.0,0.5,0.5,0,D,Gestion des Entreprises,BAC_1,Grand Lomé,public,F,2023,REORIENTE
1,1,0,1,0,0,7.95,7.3,7.34,1,7.34,0.7312000000000001,0.394,-0.266,0,0,0.0,0.5,0.5,0,D,Biologie,BAC_1,Grand Lomé,public,F,2023,REORIENTE
1,1,0,1,0,0,7.64,9.39,8.51,-1,8.51,0.6324,0.699,-0.14900000000000002,0,0,0.0,0.5,0.5,0,A,Enseignement Primaire,BAC_1,Grand Lomé,public,M,2024,REORIENTE
1,1,0,1,0,0,11.01,9.56,9.95,1,9.95,0.5866,0.571,-0.005000000000000071,0,0,0.0,0.5,0.5,0,D,Sociologie,BAC_1,Plateaux Est,public,F,2023,ADMIS
1,1,0,1,0,0,8.65,8.9,8.67,-1,8.67,0.6462,0.435,-0.133,0,0,0.0,0.5,0.5,0,A,Lettres Modernes,BAC_1,Grand Lomé,public,M,2023,REORIENTE
1,1,0,1,0,0,16.9,17.23,17.41,1,17.41,0.5182,0.568,0.741,0,0,0.0,0.5,0.5,0,D,Médecine,BAC_1,Maritime,public,F,2024,REORIENTE
1,1,0,1,0,0,8.38,9.95,10.71,1,10.71,0.7978,0.685,0.07100000000000009,0,0,0.0,0.5,0.5,0,A,Communication et Journalisme,BAC_1,Plateaux Ouest,public,M,2023,ADMIS
1,1,0,1,0,0,9.52,10.29,10.47,1,10.47,0.5682,0.39,0.04700000000000006,0,0,0.0,0.5,0.5,0,D,STAPS (Activités Physiques et Sportives),BAC_1,Maritime,public,F,2023,ADMIS
1,1,0,1,0,0,7.35,8.67,7.91,-1,7.91,0.6339999999999999,0.208,-0.209,0,0,0.0,0.5,0.5,0,D,Géographie,BAC_1,Maritime,public,M,2023,REORIENTE
1,1,0,1,0,0,8.6,8.4,8.41,1,8.41,0.5368,0.406,-0.15899999999999997,0,0,0.0,0.5,0.5,0,D,Gestion des Entreprises,BAC_1,Centrale,public,F,2023,REORIENTE
1,1,0,1,0,0,12.01,12.93,13.17,1,13.17,0.7498,0.493,0.317,0,0,0.0,0.5,0.5,0,A,Arts Plastiques,BAC_1,Maritime,privé,M,2023,ADMIS
1,1,0,1,0,0,10.42,11.18,11.29,1,11.29,0.2626,0.379,0.12899999999999992,0,0,0.0,0.5,0.5,0,D,Gestion des Entreprises,BAC_1,Plateaux Est,public,F,2024,REORIENTE
1,1,0,1,0,0,8.06,9.74,9.75,1,9.75,0.38560000000000005,0.466,-0.025,0,0,0.0,0.5,0.5,0,A,Communication et Journalisme,BAC_1,Plateaux Est,public,M,2024,ADMIS
1,1,0,1,0,0,11.04,11.21,11.72,1,11.72,0.769,0.496,0.17200000000000007,0,0,0.0,0.5,0.5,0,D,Sciences Infirmières,BAC_1,Grand Lomé,public,M,2023,ADMIS
1,1,0,1,0,0,11.25,9.18,9.52,1,9.52,0.3366,0.411,-0.04800000000000004,0,0,0.0,0.5,0.5,0,D,Biologie,BAC_1,Maritime,public,M,2024,REORIENTE
1,1,0,1,0,0,11.63,10.07,10.28,1,10.28,0.4466,0.491,0.027999999999999935,0,0,0.0,0.5,0.5,0,D,Sociologie,BAC_1,Grand Lomé,public,F,2024,REORIENTE
1,1,0,1,0,0,10.06,9.69,10.51,1,10.51,0.7170000000000001,0.51,0.050999999999999976,0,0,0.0,0.5,0.5,0,A,Lettres Modernes,BAC_1,Grand Lomé,privé,F,2024,REORIENTE
1,1,0,1,0,0,10.85,11.44,11.73,1,11.73,0.5894,0.503,0.17300000000000004,0,0,0.0,0.5,0.5,0,F3,Génie Civil,BAC_1,Kara,public,M,2024,ADMIS
1,1,0,1,0,0,12.04,11.67,12.46,1,12.46,0.6448,0.505,0.24600000000000008,0,0,0.0,0.5,0.5,0,C,Économie,BAC_1,Grand Lomé,public,F,2024,ADMIS
1,1,0,1,0,0,8.63,9.07,10.05,1,10.05,0.7387999999999999,0.611,0.005000000000000071,0,0,0.0,0.5,0.5,0,D,Gestion des Entreprises,BAC_1,Plateaux Est,privé,F,2023,REORIENTE
1,1,0,1,0,0,8.93,9.87,11.08,1,11.08,0.6568,0.526,0.10800000000000001,0,0,0.0,0.5,0.5,0,A,Lettres Modernes,BAC_1,Grand Lomé,privé,F,2024,ADMIS
1,1,0,1,0,0,13.44,12.29,13.72,1,13.72,0.673,0.475,0.37200000000000005,0,0,0.0,0.5,0.5,0,D,Odontologie,BAC_1,Maritime,public,F,2023,REORIENTE
1,1,0,1,0,0,13.29,13.7,13.96,1,13.96,0.6641999999999999,0.621,0.3960000000000001,0,0,0.0,0.5,0.5,0,D,Médecine,BAC_1,Plateaux Ouest,privé,M,2023,ADMIS
1,1,0,1,0,0,8.92,8.66,9.3,1,9.3,0.4788,0.642,-0.06999999999999992,0,0,0.0,0.5,0.5,0,D,Biologie,BAC_1,Plateaux Ouest,public,F,2023,REORIENTE
1,1,0,1,0,0,12.25,11.99,11.81,-1,11.81,0.5888,0.359,0.18100000000000005,0,0,0.0,0.5,0.5,0,D,Géographie,BAC_1,Maritime,public,M,2023,REORIENTE
1,1,0,1,0,0,12.15,10.24,11.58,1,11.58,0.5478,0.51,0.158,0,0,0.0,0.5,0.5,0,A,Histoire,BAC_1,Grand Lomé,public,F,2024,ADMIS
1,1,0,1,0,0,7.07,9.25,9.42,1,9.42,0.6672,0.564,-0.05800000000000001,0,0,0.0,0.5,0.5,0,D,Sociologie,BAC_1,Plateaux Ouest,privé,F,2023,ADMIS
1,1,0,1,0,0,8.57,9.93,10.15,1,10.15,0.873,0.699,0.015000000000000036,0,0,0.0,0.5,0.5,0,A,Anglais,BAC_1,Maritime,public,F,2023,REORIENTE
1,1,0,1,0,0,5.43,6.27,7.3,1,7.3,0.409,0.571,-0.27,0,0,0.0,0.5,0.5,0,A,Communication et Journalisme,BAC_1,Maritime,public,F,2024,REORIENTE
1,1,0,1,0,0,13.91,12.02,13.55,1,13.55,0.5398000000000001,0.61,0.3550000000000001,0,0,0.0,0.5,0.5,0,A,Psychologie,BAC_1,Plateaux Ouest,public,F,2024,ADMIS
1,1,0,1,0,0,11.09,10.28,10.97,1,10.97,0.7366,0.436,0.09700000000000006,0,0,0.0,0.5,0.5,0,A,Sciences de l'Éducation,BAC_1,Maritime,public,M,2023,REORIENTE
1,1,0,1,0,0,9.4,8.34,9.47,1,9.47,0.752,0.461,-0.052999999999999936,0,0,0.0,0.5,0.5,0,C,Enseignement Primaire,BAC_1,Grand Lomé,public,M,2023,ADMIS
1,1,0,1,0,0,8.68,9.62,10.11,1,10.11,0.6066,0.534,0.010999999999999944,0,0,0.0,0.5,0.5,0,A,Sociologie,BAC_1,Maritime,public,M,2023,ADMIS
1,1,0,1,0,0,12.12,11.9,12.04,1,12.04,0.3864,0.372,0.2039999999999999,0,0,0.0,0.5,0.5,0,D,Informatique,BAC_1,Kara,public,M,2024,REORIENTE
1,1,0,1,0,0,10.07,10.52,10.78,1,10.78,0.5304,0.66,0.07799999999999993,0,0,0.0,0.5,0.5,0,D,Finance et Comptabilité,BAC_1,Maritime,privé,F,2024,REORIENTE
1,1,0,1,0,0,7.46,5.32,6.96,1,6.96,0.7296,0.543,-0.304,0,0,0.0,0.5,0.5,0,A,Communication et Journalisme,BAC_1,Centrale,public,M,2023,ADMIS
1,1,0,1,0,0,8.97,9.59,10.03,1,10.03,0.5376,0.45,0.002999999999999936,0,0,0.0,0.5,0.5,0,A,Tourisme et Hôtellerie,BAC_1,Plateaux Ouest,public,M,2023,REORIENTE
1,1,0,1,0,0,7.7,8.38,8.57,1,8.57,0.6355999999999999,0.515,-0.14299999999999996,0,0,0.0,0.5,0.5,0,D,Sciences Infirmières,BAC_1,Plateaux Ouest,public,M,2023,REORIENTE
1,1,0,1,0,0,7.17,6.81,7.86,1,7.86,0.592,0.562,-0.21399999999999997,0,0,0.0,0.5,0.5,0,A,Lettres Modernes,BAC_1,Maritime,public,F,2023,REORIENTE
1,1,0,1,0,0,7.91,9.13,9.59,1,9.59,0.3764,0.554,-0.041000000000000016,0,0,0.0,0.5,0.5,0,D,Informatique,BAC_1,Plateaux Ouest,public,F,2024,ADMIS
1,1,0,1,0,0,9.31,9.67,9.74,1,9.74,0.8433999999999999,0.697,-0.025999999999999978,0,0,0.0,0.5,0.5,0,A,Géographie,BAC_1,Kara,privé,M,2023,ADMIS
1,1,0,1,0,0,8.02,8.27,7.83,-1,7.83,0.7088,0.521,-0.217,0,0,0.0,0.5,0.5,0,A,Psychologie,BAC_1,Grand Lomé,public,F,2023,ADMIS
1,1,0,1,0,0,8.87,9.65,9.25,-1,9.25,0.4006,0.67,-0.075,0,0,0.0,0.5,0.5,0,A,Droit,BAC_1,Plateaux Est,public,M,2024,REORIENTE
1,1,0,1,0,0,11.35,12.71,13.22,1,13.22,0.4086,0.507,0.32200000000000006,0,0,0.0,0.5,0.5,0,A,Lettres Modernes,BAC_1,Centrale,public,F,2024,REORIENTE
1,1,0,1,0,0,7.04,6.49,6.83,1,6.83,0.6838,0.589,-0.317,0,0,0.0,0.5,0.5,0,D,Génie Mécanique,BAC_1,Grand Lomé,public,F,2023,ADMIS
1,1,0,1,0,0,9.3,10.05,9.85,-1,9.85,0.5538000000000001,0.558,-0.015000000000000036,0,0,0.0,0.5,0.5,0,A,Communication et Journalisme,BAC_1,Plateaux Ouest,public,F,2024,REORIENTE
1,1,0,1,0,0,10.91,12.92,12.48,-1,12.48,0.40480000000000005,0.457,0.24800000000000005,0,0,0.0,0.5,0.5,0,D,Génie Mécanique,BAC_1,Grand Lomé,public,M,2024,REORIENTE
1,1,0,1,0,0,11.02,11.1,11.33,1,11.33,0.5626,0.478,0.133,0,0,0.0,0.5,0.5,0,D,Sciences Infirmières,BAC_1,Kara,public,M,2023,ADMIS
1,1,0,1,0,0,8.29,8.99,10.03,1,10.03,0.5842,0.385,0.002999999999999936,0,0,0.0,0.5,0.5,0,A,Sociologie,BAC_1,Grand Lomé,public,F,2023,ADMIS
1,1,0,1,0,0,8.82,9.94,10.7,1,10.7,0.33140000000000003,0.257,0.06999999999999992,0,0,0.0,0.5,0.5,0,D,Finance et Comptabilité,BAC_1,Plateaux Ouest,public,F,2024,REORIENTE
1,1,0,1,0,0,10.44,10.84,10.71,-1,10.71,0.6406000000000001,0.619,0.07100000000000009,0,0,0.0,0.5,0.5,0,A,Communication et Journalisme,BAC_1,Maritime,privé,F,2024,ADMIS
1,1,0,1,0,0,11.35,10.54,11.05,1,11.05,0.7742,0.551,0.10500000000000007,0,0,0.0,0.5,0.5,0,A,Communication et Journalisme,BAC_1,Grand Lomé,privé,F,2023,REORIENTE
1,1,0,1,0,0,7.14,8.95,9.71,1,9.71,0.4956,0.51,-0.028999999999999915,0,0,0.0,0.5,0.5,0,G3,Banque et Assurance,BAC_1,Grand Lomé,public,M,2024,REORIENTE
1,1,0,1,0,0,11.94,11.21,11.42,1,11.42,0.45840000000000003,0.45,0.142,0,0,0.0,0.5,0.5,0,D,Génie Informatique,BAC_1,Grand Lomé,public,F,2024,REORIENTE
1,1,0,1,0,0,11.07,9.97,10.77,1,10.77,0.8138,0.569,0.07699999999999996,0,0,0.0,0.5,0.5,0,D,Physique-Chimie,BAC_1,Savanes,privé,F,2023,REORIENTE
1,1,0,1,0,0,8.68,8.43,8.64,1,8.64,0.6502,0.676,-0.13599999999999995,0,0,0.0,0.5,0.5,0,D,STAPS (Activités Physiques et Sportives),BAC_1,Plateaux Ouest,public,M,2023,REORIENTE
1,1,0,1,0,0,10.94,11.68,11.17,-1,11.17,0.7534000000000001,0.682,0.11699999999999999,0,0,0.0,0.5,0.5,0,A,Psychologie,BAC_1,Maritime,privé,F,2023,ADMIS
1,1,0,1,0,0,13.15,14.38,14.83,1,14.83,0.4326,0.525,0.483,0,0,0.0,0.5,0.5,0,A,Communication et Journalisme,BAC_1,Maritime,public,M,2024,ADMIS
1,1,0,1,0,0,8.77,10.74,10.67,-1,10.67,0.5491999999999999,0.71,0.06699999999999999,0,0,0.0,0.5,0.5,0,B,Histoire,BAC_1,Maritime,public,M,2023,REORIENTE
1,1,0,1,0,0,6.09,6.56,7.15,1,7.15,0.3426,0.369,-0.285,0,0,0.0,0.5,0.5,0,D,Physique-Chimie,BAC_1,Kara,public,F,2024,REORIENTE
1,1,0,1,0,0,9.86,8.73,9.48,1,9.48,0.534,0.543,-0.051999999999999956,0,0,0.0,0.5,0.5,0,D,Sociologie,BAC_1,Kara,privé,F,2023,REORIENTE
1,1,0,1,0,0,13.36,13.01,13.37,1,13.37,0.6100000000000001,0.505,0.3369999999999999,0,0,0.0,0.5,0.5,0,D,Histoire,BAC_1,Grand Lomé,privé,M,2024,ADMIS
1,1,0,1,0,0,5.02,5.82,5.3,-1,5.3,0.663,0.537,-0.47000000000000003,0,0,0.0,0.5,0.5,0,F3,Génie Mécanique,BAC_1,Kara,public,F,2023,REORIENTE
1,1,0,1,0,0,8.08,7.39,7.52,1,7.52,0.6397999999999999,0.515,-0.24800000000000005,0,0,0.0,0.5,0.5,0,A,Droit,BAC_1,Grand Lomé,public,M,2023,REORIENTE
1,1,0,1,0,0,11.29,10.14,11.37,1,11.37,0.7278,0.594,0.13699999999999993,0,0,0.0,0.5,0.5,0,A,Sociologie,BAC_1,Kara,public,F,2023,ADMIS
1,1,0,1,0,0,7.97,9.13,9.05,-1,9.05,0.6416,0.536,-0.09499999999999993,0,0,0.0,0.5,0.5,0,D,Physique-Chimie,BAC_1,Kara,public,F,2023,ADMIS
1,1,0,1,0,0,8.64,7.54,8.52,1,8.52,0.45099999999999996,0.322,-0.14800000000000005,0,0,0.0,0.5,0.5,0,A,Enseignement Primaire,BAC_1,Grand Lomé,public,M,2024,REORIENTE
1,1,0,1,0,0,8.42,9.75,8.44,-1,8.44,0.7376,0.5,-0.15600000000000006,0,0,0.0,0.5,0.5,0,A,STAPS (Activités Physiques et Sportives),BAC_1,Centrale,public,M,2023,ADMIS
1,1,0,1,0,0,10.79,10.8,10.19,-1,10.19,0.8276,0.584,0.01899999999999995,0,0,0.0,0.5,0.5,0,A,Enseignement Primaire,BAC_1,Grand Lomé,privé,F,2023,REORIENTE
1,1,0,1,0,0,13.09,13.43,14.16,1,14.16,0.6536,0.272,0.41600000000000004,0,0,0.0,0.5,0.5,0,D,Sciences Infirmières,BAC_1,Savanes,privé,M,2023,REORIENTE
1,1,0,1,0,0,6.21,7.82,6.94,-1,6.94,0.734,0.521,-0.30599999999999994,0,0,0.0,0.5,0.5,0,A,Psychologie,BAC_1,Grand Lomé,privé,M,2023,REORIENTE
1,1,0,1,0,0,8.26,9.01,9.04,1,9.04,0.6838,0.772,-0.09600000000000009,0,0,0.0,0.5,0.5,0,D,Informatique,BAC_1,Centrale,privé,M,2024,REORIENTE
1,1,0,1,0,0,12.4,12.23,12.25,1,12.25,0.5666,0.578,0.225,0,0,0.0,0.5,0.5,0,A,Arts Plastiques,BAC_1,Maritime,public,M,2024,REORIENTE
1,1,0,1,0,0,9.71,8.92,8.93,1,8.93,0.6258,0.543,-0.10700000000000003,0,0,0.0,0.5,0.5,0,D,Sciences Forestières,BAC_1,Plateaux Ouest,public,M,2023,REORIENTE
1,1,0,1,0,0,11.4,13.23,11.62,-1,11.62,0.358,0.616,0.16199999999999992,0,0,0.0,0.5,0.5,0,A,Communication et Journalisme,BAC_1,Centrale,public,F,2024,REORIENTE
1,1,0,1,0,0,9.52,9.78,9.04,-1,9.04,0.48740000000000006,0.425,-0.09600000000000009,0,0,0.0,0.5,0.5,0,D,Psychologie,BAC_1,Plateaux Est,public,F,2023,REORIENTE
1,1,0,1,0,0,8.32,7.82,8.91,1,8.91,0.7856,0.719,-0.10899999999999999,0,0,0.0,0.5,0.5,0,A,Communication et Journalisme,BAC_1,Grand Lomé,public,M,2024,REORIENTE
1,1,0,1,0,0,9.11,7.81,8.42,1,8.42,0.46840000000000004,0.502,-0.158,0,0,0.0,0.5,0.5,0,D,Informatique,BAC_1,Kara,public,M,2024,REORIENTE
1,1,0,1,0,0,11.05,11.69,11.76,1,11.76,0.4158,0.378,0.176,0,0,0.0,0.5,0.5,0,A,Sciences Politiques,BAC_1,Plateaux Ouest,privé,F,2024,ADMIS
1,1,0,1,0,0,9.89,7.95,9.73,1,9.73,0.7126,0.511,-0.026999999999999958,0,0,0.0,0.5,0.5,0,D,Psychologie,BAC_1,Maritime,public,F,2023,REORIENTE
1,1,0,1,0,0,5.89,7.89,7.97,1,7.97,0.8288,0.587,-0.203,0,0,0.0,0.5,0.5,0,A,Enseignement Primaire,BAC_1,Centrale,privé,M,2023,ADMIS
1,1,0,1,0,0,9.27,9.27,9.48,1,9.48,0.651,0.462,-0.051999999999999956,0,0,0.0,0.5,0.5,0,D,Génie Civil,BAC_1,Kara,public,F,2023,REORIENTE
1,1,0,1,0,0,8.2,10.28,10.39,1,10.39,0.5732,0.677,0.039000000000000055,0,0,0.0,0.5,0.5,0,B,Droit,BAC_1,Centrale,public,F,2023,REORIENTE
1,1,0,1,0,0,7.95,6.3,7.78,1,7.78,0.4854,0.3,-0.22199999999999998,0,0,0.0,0.5,0.5,0,D,Agronomie,BAC_1,Savanes,public,F,2023,REORIENTE
1,1,0,1,0,0,11.18,9.63,10.25,1,10.25,0.8337999999999999,0.616,0.025,0,0,0.0,0.5,0.5,0,D,Génie Électrique,BAC_1,Grand Lomé,public,F,2023,ADMIS
1,1,0,1,0,0,11.16,11.23,11.04,-1,11.04,0.8136,0.549,0.10399999999999991,0,0,0.0,0.5,0.5,0,D,Psychologie,BAC_1,Maritime,privé,F,2023,REORIENTE
1,1,0,1,0,0,8.62,9.79,9.11,-1,9.11,0.6941999999999999,0.684,-0.08900000000000005,0,0,0.0,0.5,0.5,0,B,Lettres Modernes,BAC_1,Grand Lomé,privé,F,2023,REORIENTE
1,1,0,1,0,0,11.27,10.87,11.28,1,11.28,0.4894,0.466,0.12799999999999995,0,0,0.0,0.5,0.5,0,G3,Sciences Infirmières,BAC_1,Plateaux Est,public,F,2024,REORIENTE
1,1,0,1,0,0,6.75,6.62,7.35,1,7.35,0.5092000000000001,0.481,-0.265,0,0,0.0,0.5,0.5,0,F4,Agronomie,BAC_1,Maritime,public,F,2023,ADMIS
1,1,0,1,0,0,8.49,12.07,11.66,-1,11.66,0.5796,0.747,0.166,0,0,0.0,0.5,0.5,0,D,Pharmacie,BAC_1,Grand Lomé,public,M,2024,REORIENTE
1,1,0,1,0,0,6.12,6.75,7.51,1,7.51,0.7438,0.559,-0.24900000000000003,0,0,0.0,0.5,0.5,0,D,Sciences de l'Éducation,BAC_1,Grand Lomé,public,M,2023,REORIENTE
1,1,0,1,0,0,8.8,9.73,8.8,-1,8.8,0.4204,0.505,-0.11999999999999993,0,0,0.0,0.5,0.5,0,A,Lettres Modernes,BAC_1,Plateaux Est,public,F,2024,REORIENTE
1,1,0,1,0,0,14.83,15.8,16.12,1,16.12,0.6332,0.371,0.6120000000000001,0,0,0.0,0.5,0.5,0,A,Communication et Journalisme,BAC_1,Grand Lomé,public,M,2023,ADMIS
1,1,0,1,0,0,10.72,11.28,10.87,-1,10.87,0.44099999999999995,0.57,0.08699999999999992,0,0,0.0,0.5,0.5,0,A,Communication et Journalisme,BAC_1,Centrale,public,M,2024,ADMIS
1,1,0,1,0,0,10.64,10.62,10.13,-1,10.13,0.5984,0.53,0.013000000000000077,0,0,0.0,0.5,0.5,0,A,Sociologie,BAC_1,Savanes,public,F,2024,ADMIS
1,1,0,1,0,0,11.83,13.55,12.6,-1,12.6,0.5936,0.758,0.25999999999999995,0,0,0.0,0.5,0.5,0,D,Gestion des Entreprises,BAC_1,Plateaux Ouest,public,M,2024,REORIENTE
1,1,0,1,0,0,10.81,11.24,11.76,1,11.76,0.38139999999999996,0.373,0.176,0,0,0.0,0.5,0.5,0,D,Sciences de l'Éducation,BAC_1,Plateaux Ouest,public,F,2023,ADMIS
1,1,0,1,0,0,13.12,13.13,14.19,1,14.19,0.6588,0.438,0.41899999999999993,0,0,0.0,0.5,0.5,0,A,STAPS (Activités Physiques et Sportives),BAC_1,Grand Lomé,privé,F,2024,ADMIS
1,1,0,1,0,0,10.89,10.39,10.9,1,10.9,0.7014,0.576,0.09000000000000004,0,0,0.0,0.5,0.5,0,A,Enseignement Primaire,BAC_1,Kara,public,M,2023,REORIENTE
1,1,0,1,0,0,12.75,13.23,13.37,1,13.37,0.4788,0.483,0.3369999999999999,0,0,0.0,0.5,0.5,0,A,Lettres Modernes,BAC_1,Savanes,public,M,2024,ADMIS
1,1,0,1,0,0,15.03,17.37,16.99,-1,16.99,0.7888,0.487,0.6989999999999998,0,0,0.0,0.5,0.5,0,D,Sciences Infirmières,BAC_1,Maritime,public,F,2023,REORIENTE
1,1,0,1,0,0,11.1,11.57,11.79,1,11.79,0.5396000000000001,0.668,0.1789999999999999,0,0,0.0,0.5,0.5,0,A,Anglais,BAC_1,Plateaux Est,public,M,2024,ADMIS
1,1,0,1,0,0,12.75,11.91,12.97,1,12.97,0.5444,0.602,0.29700000000000004,0,0,0.0,0.5,0.5,0,D,Psychologie,BAC_1,Grand Lomé,public,M,2024,ADMIS
1,1,0,1,0,0,12.77,12.0,12.62,1,12.62,0.5114,0.482,0.2619999999999999,0,0,0.0,0.5,0.5,0,A,Lettres Modernes,BAC_1,Maritime,public,M,2024,REORIENTE
1,1,0,1,0,0,10.2,7.11,9.31,1,9.31,0.6726000000000001,0.468,-0.06899999999999995,0,0,0.0,0.5,0.5,0,G1,Gestion des Entreprises,BAC_1,Centrale,privé,M,2024,ADMIS
1,1,0,1,0,0,9.44,8.66,10.22,1,10.22,0.5274,0.6,0.022000000000000065,0,0,0.0,0.5,0.5,0,B,Gestion des Entreprises,BAC_1,Maritime,public,M,2024,REORIENTE
1,1,0,1,0,0,8.96,9.38,8.96,-1,8.96,0.7562,0.566,-0.10399999999999991,0,0,0.0,0.5,0.5,0,A,Enseignement Primaire,BAC_1,Plateaux Est,public,F,2023,ADMIS
1,1,0,1,0,0,9.17,10.31,10.92,1,10.92,0.7363999999999999,0.386,0.092,0,0,0.0,0.5,0.5,0,D,Génie Civil,BAC_1,Grand Lomé,privé,M,2023,REORIENTE
1,1,0,1,0,0,12.43,11.65,13.17,1,13.17,0.7838,0.785,0.317,0,0,0.0,0.5,0.5,0,D,Sciences Infirmières,BAC_1,Grand Lomé,privé,F,2024,REORIENTE
1,1,0,1,0,0,9.24,10.84,11.31,1,11.31,0.5606,0.461,0.13100000000000006,0,0,0.0,0.5,0.5,0,A,Psychologie,BAC_1,Maritime,privé,F,2024,REORIENTE
1,1,0,1,0,0,11.85,10.94,10.71,-1,10.71,0.3256,0.424,0.07100000000000009,0,0,0.0,0.5,0.5,0,A,STAPS (Activités Physiques et Sportives),BAC_1,Centrale,public,M,2024,REORIENTE
1,1,0,1,0,0,13.14,11.16,11.81,1,11.81,0.7470000000000001,0.54,0.18100000000000005,0,0,0.0,0.5,0.5,0,D,Informatique,BAC_1,Maritime,privé,F,2023,ADMIS
1,1,0,1,0,0,8.96,8.5,9.08,1,9.08,0.5246,0.623,-0.092,0,0,0.0,0.5,0.5,0,A,Communication et Journalisme,BAC_1,Plateaux Est,public,F,2024,REORIENTE
1,1,0,1,0,0,13.12,11.69,12.52,1,12.52,0.4012,0.616,0.25199999999999995,0,0,0.0,0.5,0.5,0,A,Sciences Politiques,BAC_1,Plateaux Ouest,public,F,2024,REORIENTE
1,1,0,1,0,0,12.65,12.51,12.85,1,12.85,0.3128,0.506,0.285,0,0,0.0,0.5,0.5,0,D,Physique-Chimie,BAC_1,Plateaux Est,public,M,2024,ADMIS
1,1,0,1,0,0,12.45,12.93,12.86,-1,12.86,0.6926,0.611,0.2859999999999999,0,0,0.0,0.5,0.5,0,A,Psychologie,BAC_1,Plateaux Ouest,public,F,2023,ADMIS
1,1,0,1,0,0,9.65,9.61,10.48,1,10.48,0.5704,0.622,0.04800000000000004,0,0,0.0,0.5,0.5,0,A,Communication et Journalisme,BAC_1,Grand Lomé,public,F,2024,REORIENTE
1,1,0,1,0,0,10.66,11.93,11.58,-1,11.58,0.5638,0.544,0.158,0,0,0.0,0.5,0.5,0,B,Sciences Politiques,BAC_1,Grand Lomé,public,M,2024,ADMIS
1,1,0,1,0,0,9.37,8.79,9.52,1,9.52,0.8759999999999999,0.705,-0.04800000000000004,0,0,0.0,0.5,0.5,0,A,Communication et Journalisme,BAC_1,Plateaux Ouest,privé,F,2023,REORIENTE
1,1,0,1,0,0,8.64,8.5,9.25,1,9.25,0.5032000000000001,0.463,-0.075,0,0,0.0,0.5,0.5,0,A,Histoire,BAC_1,Grand Lomé,public,F,2024,REORIENTE
1,1,0,1,0,0,7.07,8.0,7.97,-1,7.97,0.6816,0.336,-0.203,0,0,0.0,0.5,0.5,0,A,Sciences Politiques,BAC_1,Grand Lomé,public,F,2023,REORIENTE
1,1,0,1,0,0,10.4,11.95,11.5,-1,11.5,0.6332,0.377,0.15,0,0,0.0,0.5,0.5,0,D,Informatique,BAC_1,Plateaux Est,privé,F,2023,ADMIS
1,1,0,1,0,0,8.83,10.61,9.78,-1,9.78,0.649,0.454,-0.022000000000000065,0,0,0.0,0.5,0.5,0,D,Enseignement Primaire,BAC_1,Maritime,public,F,2023,REORIENTE
1,1,0,1,0,0,10.16,11.47,11.17,-1,11.17,0.374,0.482,0.11699999999999999,0,0,0.0,0.5,0.5,0,A,STAPS (Activités Physiques et Sportives),BAC_1,Centrale,public,M,2024,REORIENTE
1,1,0,1,0,0,12.79,14.11,13.0,-1,13.0,0.6063999999999999,0.46,0.3,0,0,0.0,0.5,0.5,0,D,Sciences Infirmières,BAC_1,Maritime,public,F,2023,ADMIS
1,1,0,1,0,0,11.62,12.51,13.19,1,13.19,0.7088,0.617,0.31899999999999995,0,0,0.0,0.5,0.5,0,G2,Sciences Infirmières,BAC_1,Grand Lomé,privé,F,2024,ADMIS
1,1,0,1,0,0,13.14,15.7,15.41,-1,15.41,0.5658,0.372,0.541,0,0,0.0,0.5,0.5,0,D,Sciences Infirmières,BAC_1,Kara,public,F,2023,ADMIS
1,1,0,1,0,0,13.81,14.98,14.4,-1,14.4,0.6921999999999999,0.625,0.44000000000000006,0,0,0.0,0.5,0.5,0,F4,Génie Civil,BAC_1,Maritime,privé,M,2024,REORIENTE
1,1,0,1,0,0,10.14,8.3,8.88,1,8.88,0.8317999999999999,0.71,-0.11199999999999992,0,0,0.0,0.5,0.5,0,A,Communication et Journalisme,BAC_1,Kara,privé,M,2023,ADMIS
1,1,0,1,0,0,14.67,14.52,15.52,1,15.52,0.42500000000000004,0.53,0.5519999999999999,0,0,0.0,0.5,0.5,0,D,Médecine,BAC_1,Plateaux Ouest,public,F,2024,ADMIS
1,1,0,1,0,0,10.55,12.43,12.21,-1,12.21,0.5704,0.553,0.22100000000000009,0,0,0.0,0.5,0.5,0,D,Génie Mécanique,BAC_1,Grand Lomé,public,F,2024,REORIENTE
1,1,0,1,0,0,11.47,9.28,10.26,1,10.26,0.5458,0.73,0.025999999999999978,0,0,0.0,0.5,0.5,0,A,Sociologie,BAC_1,Kara,public,M,2024,REORIENTE
1,1,0,1,0,0,9.26,9.95,10.08,1,10.08,0.5216000000000001,0.656,0.008000000000000007,0,0,0.0,0.5,0.5,0,D,Informatique,BAC_1,Centrale,public,M,2024,REORIENTE
1,1,0,1,0,0,10.69,11.17,11.21,1,11.21,0.624,0.636,0.12100000000000008,0,0,0.0,0.5,0.5,0,A,Communication et Journalisme,BAC_1,Grand Lomé,public,F,2024,REORIENTE
1,1,0,1,0,0,8.11,8.33,8.49,1,8.49,0.48339999999999994,0.487,-0.15099999999999997,0,0,0.0,0.5,0.5,0,A,Communication et Journalisme,BAC_1,Plateaux Ouest,public,M,2024,ADMIS
1,1,0,1,0,0,5.95,8.77,8.98,1,8.98,0.373,0.319,-0.10199999999999995,0,0,0.0,0.5,0.5,0,D,Gestion des Entreprises,BAC_1,Savanes,public,M,2024,REORIENTE
1,1,0,1,0,0,8.72,10.19,10.38,1,10.38,0.558,0.588,0.038000000000000075,0,0,0.0,0.5,0.5,0,D,Enseignement Primaire,BAC_1,Centrale,public,M,2023,ADMIS
1,1,0,1,0,0,8.3,9.45,8.98,-1,8.98,0.3408,0.477,-0.10199999999999995,0,0,0.0,0.5,0.5,0,D,Histoire,BAC_1,Plateaux Ouest,public,M,2024,ADMIS
1,1,0,1,0,0,9.83,10.44,10.67,1,10.67,0.48160000000000003,0.505,0.06699999999999999,0,0,0.0,0.5,0.5,0,D,Génie Électrique,BAC_1,Maritime,public,M,2024,REORIENTE
1,1,0,1,0,0,11.42,11.44,12.39,1,12.39,0.7414,0.403,0.23900000000000005,0,0,0.0,0.5,0.5,0,A,Histoire,BAC_1,Grand Lomé,privé,F,2023,ADMIS
1,1,0,1,0,0,9.58,11.85,12.23,1,12.23,0.7894,0.604,0.22300000000000003,0,0,0.0,0.5,0.5,0,A,Anglais,BAC_1,Kara,public,M,2023,REORIENTE
1,1,0,1,0,0,12.54,12.47,13.54,1,13.54,0.5996,0.563,0.3539999999999999,0,0,0.0,0.5,0.5,0,A,Enseignement Primaire,BAC_1,Plateaux Ouest,privé,F,2024,ADMIS
1,1,0,1,0,0,10.24,9.95,10.74,1,10.74,0.4494,0.357,0.07400000000000002,0,0,0.0,0.5,0.5,0,D,Histoire,BAC_1,Maritime,privé,M,2024,REORIENTE
1,1,0,1,0,0,10.07,10.83,10.46,-1,10.46,0.5802,0.483,0.04600000000000008,0,0,0.0,0.5,0.5,0,D,Enseignement Primaire,BAC_1,Grand Lomé,public,F,2024,ADMIS
1,1,0,1,0,0,10.24,10.37,10.32,-1,10.32,0.37800000000000006,0.795,0.03200000000000003,0,0,0.0,0.5,0.5,0,D,Gestion des Entreprises,BAC_1,Plateaux Est,public,M,2024,REORIENTE
1,1,0,1,0,0,8.08,10.08,9.74,-1,9.74,0.4508,0.506,-0.025999999999999978,0,0,0.0,0.5,0.5,0,A,Sciences Politiques,BAC_1,Plateaux Est,public,M,2024,REORIENTE
1,1,0,1,0,0,11.82,13.7,13.39,-1,13.39,0.7492,0.625,0.3390000000000001,0,0,0.0,0.5,0.5,0,B,Gestion des Entreprises,BAC_1,Grand Lomé,public,M,2024,REORIENTE
1,1,0,1,0,0,9.74,10.51,10.72,1,10.72,0.44820000000000004,0.318,0.07200000000000006,0,0,0.0,0.5,0.5,0,A,Enseignement Primaire,BAC_1,Plateaux Est,privé,F,2024,REORIENTE
1,1,0,1,0,0,8.39,9.83,10.8,1,10.8,0.6452,0.542,0.08000000000000007,0,0,0.0,0.5,0.5,0,D,Finance et Comptabilité,BAC_1,Centrale,public,F,2023,REORIENTE
1,1,0,1,0,0,10.02,10.93,11.15,1,11.15,0.8220000000000001,0.621,0.11500000000000003,0,0,0.0,0.5,0.5,0,A,Sociologie,BAC_1,Savanes,public,F,2023,ADMIS
1,1,0,1,0,0,7.68,7.99,7.83,-1,7.83,0.37060000000000004,0.496,-0.217,0,0,0.0,0.5,0.5,0,A,Lettres Modernes,BAC_1,Plateaux Est,public,M,2024,REORIENTE
1,1,0,1,0,0,9.54,10.77,11.22,1,11.22,0.49700000000000005,0.683,0.12200000000000007,0,0,0.0,0.5,0.5,0,A,Sciences de l'Éducation,BAC_1,Kara,public,F,2024,ADMIS
1,1,0,1,0,0,12.29,11.17,11.46,1,11.46,0.7524,0.396,0.14600000000000007,0,0,0.0,0.5,0.5,0,D,Finance et Comptabilité,BAC_1,Grand Lomé,public,M,2023,REORIENTE
1,1,0,1,0,0,10.59,11.16,12.24,1,12.24,0.8708,0.692,0.22400000000000003,0,0,0.0,0.5,0.5,0,C,Pharmacie,BAC_1,Grand Lomé,public,F,2024,ADMIS
1,1,0,1,0,0,4.42,4.05,5.75,1,5.75,0.6073999999999999,0.359,-0.425,0,0,0.0,0.5,0.5,0,A,Droit,BAC_1,Grand Lomé,public,M,2023,ADMIS
1,1,0,1,0,0,11.93,12.26,11.67,-1,11.67,0.4922000000000001,0.683,0.16699999999999998,0,0,0.0,0.5,0.5,0,D,STAPS (Activités Physiques et Sportives),BAC_1,Grand Lomé,public,F,2024,REORIENTE
1,1,0,1,0,0,10.37,12.36,11.74,-1,11.74,0.6499999999999999,0.524,0.17400000000000002,0,0,0.0,0.5,0.5,0,D,Génie Civil,BAC_1,Plateaux Ouest,public,F,2023,ADMIS
1,1,0,1,0,0,8.05,10.94,10.12,-1,10.12,0.5816,0.512,0.011999999999999922,0,0,0.0,0.5,0.5,0,A,Psychologie,BAC_1,Grand Lomé,public,M,2024,REORIENTE
1,1,0,1,0,0,7.01,7.41,7.41,1,7.41,0.7749999999999999,0.52,-0.259,0,0,0.0,0.5,0.5,0,A,Tourisme et Hôtellerie,BAC_1,Grand Lomé,public,F,2023,REORIENTE
1,1,0,1,0,0,9.47,9.97,10.36,1,10.36,0.3456,0.576,0.03599999999999994,0,0,0.0,0.5,0.5,0,D,Gestion des Entreprises,BAC_1,Plateaux Ouest,public,M,2024,ADMIS
1,1,0,1,0,0,6.2,5.6,5.76,1,5.76,0.4798,0.499,-0.42400000000000004,0,0,0.0,0.5,0.5,0,A,Arts Plastiques,BAC_1,Maritime,public,M,2024,REORIENTE
1,1,0,1,0,0,6.05,7.74,8.02,1,8.02,0.5015999999999999,0.639,-0.19800000000000004,0,0,0.0,0.5,0.5,0,D,Enseignement Primaire,BAC_1,Plateaux Ouest,public,F,2024,REORIENTE
1,1,0,1,0,0,8.04,9.74,9.38,-1,9.38,0.5369999999999999,0.636,-0.06199999999999992,0,0,0.0,0.5,0.5,0,D,Histoire,BAC_1,Kara,privé,F,2024,ADMIS
1,1,0,1,0,0,11.46,12.09,11.53,-1,11.53,0.5344,0.544,0.15299999999999994,0,0,0.0,0.5,0.5,0,A,Sciences Politiques,BAC_1,Grand Lomé,public,F,2024,REORIENTE
1,1,0,1,0,0,2.96,4.13,4.77,1,4.77,0.7026,0.357,-0.523,0,0,0.0,0.5,0.5,0,A,Communication et Journalisme,BAC_1,Centrale,public,M,2023,ADMIS
1,1,0,1,0,0,8.49,9.45,9.23,-1,9.23,0.5956,0.4,-0.07699999999999996,0,0,0.0,0.5,0.5,0,D,Informatique,BAC_1,Maritime,privé,F,2023,REORIENTE
1,1,0,1,0,0,10.46,10.31,11.26,1,11.26,0.4598,0.695,0.12599999999999997,0,0,0.0,0.5,0.5,0,A,Droit,BAC_1,Plateaux Ouest,public,M,2024,REORIENTE
1,1,0,1,0,0,12.08,11.21,11.72,1,11.72,0.39659999999999995,0.456,0.17200000000000007,0,0,0.0,0.5,0.5,0,A,Arts Plastiques,BAC_1,Maritime,public,F,2024,REORIENTE
1,1,0,1,0,0,6.68,8.12,9.18,1,9.18,0.7607999999999999,0.417,-0.08200000000000003,0,0,0.0,0.5,0.5,0,F1,Génie Civil,BAC_1,Plateaux Ouest,privé,M,2023,REORIENTE
1,1,0,1,0,0,7.04,7.13,7.64,1,7.64,0.6441999999999999,0.751,-0.23600000000000004,0,0,0.0,0.5,0.5,0,D,Informatique,BAC_1,Kara,privé,M,2024,ADMIS
1,1,0,1,0,0,7.42,7.2,8.45,1,8.45,0.7038,0.483,-0.15500000000000008,0,0,0.0,0.5,0.5,0,A,Enseignement Primaire,BAC_1,Savanes,public,F,2023,REORIENTE
1,1,0,1,0,0,12.02,12.64,11.69,-1,11.69,0.6908000000000001,0.392,0.16899999999999996,0,0,0.0,0.5,0.5,0,A,Enseignement Primaire,BAC_1,Grand Lomé,public,F,2023,REORIENTE
1,1,0,1,0,0,7.85,6.6,7.13,1,7.13,0.5851999999999999,0.308,-0.28700000000000003,0,0,0.0,0.5,0.5,0,D,Sciences de l'Éducation,BAC_1,Maritime,public,F,2023,REORIENTE
1,1,0,1,0,0,11.07,11.62,10.82,-1,10.82,0.4412,0.431,0.08200000000000003,0,0,0.0,0.5,0.5,0,A,Lettres Modernes,BAC_1,Plateaux Ouest,public,F,2024,REORIENTE
1,1,0,1,0,0,7.42,7.78,9.6,1,9.6,0.6166,0.448,-0.040000000000000036,0,0,0.0,0.5,0.5,0,G2,Finance et Comptabilité,BAC_1,Maritime,public,F,2024,REORIENTE
1,1,0,1,0,0,10.25,11.88,11.44,-1,11.44,0.6963999999999999,0.313,0.14399999999999996,0,0,0.0,0.5,0.5,0,A,Lettres Modernes,BAC_1,Grand Lomé,public,F,2023,REORIENTE
1,1,0,1,0,0,8.67,7.84,7.97,1,7.97,0.6972,0.357,-0.203,0,0,0.0,0.5,0.5,0,A,Communication et Journalisme,BAC_1,Plateaux Est,public,M,2023,REORIENTE
1,1,0,1,0,0,9.5,9.7,9.97,1,9.97,0.5972,0.26,-0.002999999999999936,0,0,0.0,0.5,0.5,0,A,Communication et Journalisme,BAC_1,Grand Lomé,public,F,2023,ADMIS
1,1,0,1,0,0,8.8,7.56,9.1,1,9.1,0.6722,0.512,-0.09000000000000004,0,0,0.0,0.5,0.5,0,D,Génie Électrique,BAC_1,Maritime,privé,M,2024,REORIENTE
1,1,0,1,0,0,7.54,8.21,8.29,1,8.29,0.8336,0.599,-0.1710000000000001,0,0,0.0,0.5,0.5,0,T1,Génie Informatique,BAC_1,Plateaux Est,privé,M,2024,REORIENTE
1,1,0,1,0,0,13.44,16.28,15.14,-1,15.14,0.2612,0.503,0.514,0,0,0.0,0.5,0.5,0,D,Médecine,BAC_1,Plateaux Ouest,public,M,2024,REORIENTE
1,1,0,1,0,0,10.05,10.35,11.04,1,11.04,0.316,0.451,0.10399999999999991,0,0,0.0,0.5,0.5,0,D,Finance et Comptabilité,BAC_1,Maritime,public,M,2024,REORIENTE
1,1,0,1,0,0,7.05,7.14,6.68,-1,6.68,0.73,0.679,-0.332,0,0,0.0,0.5,0.5,0,D,Informatique,BAC_1,Grand Lomé,privé,M,2023,REORIENTE
1,1,0,1,0,0,8.07,6.63,7.47,1,7.47,0.5846,0.551,-0.253,0,0,0.0,0.5,0.5,0,D,Sociologie,BAC_1,Grand Lomé,public,M,2024,REORIENTE
1,1,0,1,0,0,10.46,11.96,11.5,-1,11.5,0.6452,0.512,0.15,0,0,0.0,0.5,0.5,0,A,Sciences de l'Éducation,BAC_1,Grand Lomé,privé,M,2023,ADMIS
1,1,0,1,0,0,12.65,11.92,11.31,-1,11.31,0.8004,0.675,0.13100000000000006,0,0,0.0,0.5,0.5,0,G2,Finance et Comptabilité,BAC_1,Maritime,privé,M,2023,REORIENTE
1,1,0,1,0,0,11.63,11.96,12.82,1,12.82,0.5074,0.589,0.28200000000000003,0,0,0.0,0.5,0.5,0,A,Sciences Politiques,BAC_1,Plateaux Ouest,privé,F,2024,ADMIS
1,1,0,1,0,0,10.37,11.04,10.38,-1,10.38,0.26539999999999997,0.317,0.038000000000000075,0,0,0.0,0.5,0.5,0,D,Sociologie,BAC_1,Grand Lomé,public,M,2024,REORIENTE
1,1,0,1,0,0,13.15,12.81,13.65,1,13.65,0.3852,0.366,0.36500000000000005,0,0,0.0,0.5,0.5,0,D,Finance et Comptabilité,BAC_1,Grand Lomé,public,F,2024,ADMIS
1,1,0,1,0,0,11.86,9.62,11.52,1,11.52,0.5913999999999999,0.244,0.15199999999999997,0,0,0.0,0.5,0.5,0,B,Enseignement Primaire,BAC_1,Plateaux Est,public,F,2023,ADMIS
1,1,0,1,0,0,13.45,12.85,13.37,1,13.37,0.4696,0.529,0.3369999999999999,0,0,0.0,0.5,0.5,0,D,Sciences de l'Éducation,BAC_1,Maritime,public,F,2024,REORIENTE
1,1,0,1,0,0,9.53,10.83,10.77,-1,10.77,0.41200000000000003,0.547,0.07699999999999996,0,0,0.0,0.5,0.5,0,D,Gestion des Entreprises,BAC_1,Plateaux Ouest,public,F,2024,REORIENTE
1,1,0,1,0,0,9.91,10.03,9.59,-1,9.59,0.6502,0.61,-0.041000000000000016,0,0,0.0,0.5,0.5,0,D,Génie Civil,BAC_1,Centrale,privé,F,2023,REORIENTE
1,1,0,1,0,0,12.39,14.35,14.02,-1,14.02,0.5356000000000001,0.667,0.40199999999999997,0,0,0.0,0.5,0.5,0,A,Communication et Journalisme,BAC_1,Plateaux Est,privé,M,2024,REORIENTE
1,1,0,1,0,0,10.21,9.99,10.08,1,10.08,0.6554,0.605,0.008000000000000007,0,0,0.0,0.5,0.5,0,D,Gestion des Entreprises,BAC_1,Grand Lomé,privé,F,2024,REORIENTE
1,1,0,1,0,0,10.0,10.56,10.14,-1,10.14,0.5136000000000001,0.3,0.014000000000000058,0,0,0.0,0.5,0.5,0,D,Finance et Comptabilité,BAC_1,Savanes,public,F,2023,ADMIS
1,1,0,1,0,0,6.77,8.11,8.54,1,8.54,0.7108,0.292,-0.14600000000000007,0,0,0.0,0.5,0.5,0,A,Sociologie,BAC_1,Centrale,public,F,2023,REORIENTE
1,1,0,1,0,0,15.33,16.16,14.96,-1,14.96,0.4768,0.541,0.4960000000000001,0,0,0.0,0.5,0.5,0,A,Anglais,BAC_1,Plateaux Est,public,F,2024,ADMIS
1,1,0,1,0,0,5.02,7.3,6.68,-1,6.68,0.4628,0.392,-0.332,0,0,0.0,0.5,0.5,0,A,Sciences de l'Éducation,BAC_1,Plateaux Est,privé,M,2024,ADMIS
1,1,0,1,0,0,7.48,6.51,7.11,1,7.11,0.8912,0.743,-0.289,0,0,0.0,0.5,0.5,0,D,Gestion des Entreprises,BAC_1,Grand Lomé,public,F,2023,REORIENTE
1,1,0,1,0,0,9.39,9.41,10.76,1,10.76,0.5842,0.331,0.07599999999999998,0,0,0.0,0.5,0.5,0,A,Lettres Modernes,BAC_1,Maritime,public,F,2023,REORIENTE
1,1,0,1,0,0,15.46,14.79,15.17,1,15.17,0.6636,0.621,0.517,0,0,0.0,0.5,0.5,0,A,Psychologie,BAC_1,Centrale,public,M,2023,ADMIS
1,1,0,1,0,0,11.91,11.88,12.32,1,12.32,0.6428,0.47,0.23200000000000004,0,0,0.0,0.5,0.5,0,D,Génie Informatique,BAC_1,Centrale,privé,M,2023,REORIENTE
1,1,0,1,0,0,10.65,10.59,10.9,1,10.9,0.4974,0.606,0.09000000000000004,0,0,0.0,0.5,0.5,0,D,Génie Civil,BAC_1,Plateaux Ouest,public,F,2024,REORIENTE
1,1,0,1,0,0,8.84,7.55,8.45,1,8.45,0.45499999999999996,0.512,-0.15500000000000008,0,0,0.0,0.5,0.5,0,D,Tourisme et Hôtellerie,BAC_1,Kara,public,F,2024,REORIENTE
1,1,0,1,0,0,8.74,9.05,10.44,1,10.44,0.7834,0.481,0.04399999999999995,0,0,0.0,0.5,0.5,0,G1,Économie,BAC_1,Plateaux Ouest,privé,M,2024,ADMIS
1,1,0,1,0,0,10.27,11.07,11.36,1,11.36,0.43999999999999995,0.563,0.13599999999999995,0,0,0.0,0.5,0.5,0,A,Psychologie,BAC_1,Plateaux Est,public,M,2024,REORIENTE
1,1,0,1,0,0,8.57,9.28,8.95,-1,8.95,0.4642,0.616,-0.10500000000000007,0,0,0.0,0.5,0.5,0,D,Génie Électrique,BAC_1,Savanes,privé,M,2024,ADMIS
1,1,0,1,0,0,8.51,7.96,8.6,1,8.6,0.8216,0.569,-0.14000000000000004,0,0,0.0,0.5,0.5,0,D,Gestion des Entreprises,BAC_1,Grand Lomé,privé,F,2023,REORIENTE
1,1,0,1,0,0,7.44,7.43,7.57,1,7.57,0.7070000000000001,0.596,-0.24299999999999997,0,0,0.0,0.5,0.5,0,B,Gestion des Entreprises,BAC_1,Maritime,public,M,2023,REORIENTE
1,1,0,1,0,0,8.37,10.2,10.6,1,10.6,0.6592,0.646,0.05999999999999996,0,0,0.0,0.5,0.5,0,D,Odontologie,BAC_1,Plateaux Ouest,public,F,2023,REORIENTE
1,1,0,1,0,0,11.76,11.03,10.75,-1,10.75,0.6434,0.539,0.075,0,0,0.0,0.5,0.5,0,A,STAPS (Activités Physiques et Sportives),BAC_1,Kara,privé,F,2024,REORIENTE
1,1,0,1,0,0,8.41,7.96,8.12,1,8.12,0.5234,0.41,-0.18800000000000008,0,0,0.0,0.5,0.5,0,A,Histoire,BAC_1,Grand Lomé,privé,F,2024,REORIENTE
1,1,0,1,0,0,11.55,10.8,11.71,1,11.71,0.8238000000000001,0.657,0.1710000000000001,0,0,0.0,0.5,0.5,0,D,Médecine,BAC_1,Kara,privé,F,2023,REORIENTE
1,1,0,1,0,0,8.77,10.06,10.71,1,10.71,0.6834,0.411,0.07100000000000009,0,0,0.0,0.5,0.5,0,D,Psychologie,BAC_1,Maritime,privé,F,2023,REORIENTE
1,1,0,1,0,0,8.01,8.11,9.13,1,9.13,0.5408,0.473,-0.08699999999999992,0,0,0.0,0.5,0.5,0,D,Tourisme et Hôtellerie,BAC_1,Plateaux Ouest,public,F,2023,REORIENTE
1,1,0,1,0,0,7.54,8.41,9.2,1,9.2,0.3254,0.521,-0.08000000000000007,0,0,0.0,0.5,0.5,0,D,Sociologie,BAC_1,Centrale,public,M,2024,REORIENTE
1,1,0,1,0,0,12.48,14.3,13.79,-1,13.79,0.7692,0.438,0.3789999999999999,0,0,0.0,0.5,0.5,0,D,Gestion des Entreprises,BAC_1,Savanes,privé,F,2023,ADMIS
1,1,0,1,0,0,10.72,10.97,11.02,1,11.02,0.5148,0.537,0.10199999999999995,0,0,0.0,0.5,0.5,0,A,Enseignement Primaire,BAC_1,Centrale,public,F,2024,REORIENTE
1,1,0,1,0,0,13.24,11.71,12.69,1,12.69,0.6328,0.34,0.26899999999999996,0,0,0.0,0.5,0.5,0,D,Génie Électrique,BAC_1,Kara,privé,M,2023,ADMIS
1,1,0,1,0,0,14.08,15.0,14.35,-1,14.35,0.7168,0.529,0.43499999999999994,0,0,0.0,0.5,0.5,0,A,Sciences Politiques,BAC_1,Centrale,public,F,2023,ADMIS
1,1,0,1,0,0,10.86,11.0,11.9,1,11.9,0.5831999999999999,0.66,0.19000000000000003,0,0,0.0,0.5,0.5,0,D,Psychologie,BAC_1,Grand Lomé,public,M,2024,REORIENTE
1,1,0,1,0,0,11.76,11.88,12.14,1,12.14,0.546,0.555,0.21400000000000005,0,0,0.0,0.5,0.5,0,A,Géographie,BAC_1,Kara,public,M,2024,ADMIS
1,1,0,1,0,0,8.54,10.59,10.86,1,10.86,0.43320000000000003,0.399,0.08599999999999994,0,0,0.0,0.5,0.5,0,D,Gestion des Entreprises,BAC_1,Plateaux Ouest,public,M,2023,REORIENTE
1,1,0,1,0,0,11.23,12.41,11.89,-1,11.89,0.608,0.497,0.18900000000000006,0,0,0.0,0.5,0.5,0,D,Agronomie,BAC_1,Maritime,public,F,2023,REORIENTE
1,1,0,1,0,0,8.82,10.01,10.07,1,10.07,0.7246,0.646,0.007000000000000029,0,0,0.0,0.5,0.5,0,A,Sociologie,BAC_1,Grand Lomé,public,F,2023,REORIENTE
1,1,0,1,0,0,12.94,11.07,12.07,1,12.07,0.7898,0.509,0.20700000000000002,0,0,0.0,0.5,0.5,0,D,Informatique,BAC_1,Grand Lomé,public,F,2023,REORIENTE
1,1,0,1,0,0,12.25,11.94,12.48,1,12.48,0.589,0.433,0.24800000000000005,0,0,0.0,0.5,0.5,0,A,Psychologie,BAC_1,Centrale,public,M,2023,ADMIS
1,1,0,1,0,0,11.13,10.56,10.2,-1,10.2,0.582,0.399,0.019999999999999928,0,0,0.0,0.5,0.5,0,A,Communication et Journalisme,BAC_1,Centrale,public,F,2023,REORIENTE
1,1,0,1,0,0,10.76,8.89,10.74,1,10.74,0.42680000000000007,0.683,0.07400000000000002,0,0,0.0,0.5,0.5,0,D,Gestion des Entreprises,BAC_1,Centrale,public,M,2024,REORIENTE
1,1,0,1,0,0,13.16,12.49,12.88,1,12.88,0.5896,0.613,0.2880000000000001,0,0,0.0,0.5,0.5,0,D,Biologie,BAC_1,Maritime,privé,F,2024,ADMIS
1,1,0,1,0,0,10.32,8.99,10.29,1,10.29,0.2688,0.504,0.028999999999999915,0,0,0.0,0.5,0.5,0,A,Géographie,BAC_1,Centrale,public,F,2024,REORIENTE
1,1,0,1,0,0,9.68,9.81,10.41,1,10.41,0.6534,0.546,0.041000000000000016,0,0,0.0,0.5,0.5,0,A,Psychologie,BAC_1,Centrale,public,F,2023,ADMIS
1,1,0,1,0,0,14.36,12.95,12.94,-1,12.94,0.49820000000000003,0.287,0.29399999999999993,0,0,0.0,0.5,0.5,0,D,Tourisme et Hôtellerie,BAC_1,Maritime,privé,M,2024,ADMIS
1,1,0,1,0,0,12.5,12.51,12.68,1,12.68,0.5358,0.54,0.26799999999999996,0,0,0.0,0.5,0.5,0,A,Sciences de l'Éducation,BAC_1,Maritime,public,M,2024,ADMIS
1,1,0,1,0,0,8.06,9.29,8.27,-1,8.27,0.4566,0.564,-0.17300000000000004,0,0,0.0,0.5,0.5,0,A,Anglais,BAC_1,Centrale,public,M,2024,REORIENTE
1,1,0,1,0,0,9.41,9.67,9.91,1,9.91,0.386,0.53,-0.008999999999999985,0,0,0.0,0.5,0.5,0,A,STAPS (Activités Physiques et Sportives),BAC_1,Plateaux Ouest,public,M,2024,REORIENTE
1,1,0,1,0,0,11.75,10.23,11.66,1,11.66,0.715,0.649,0.166,0,0,0.0,0.5,0.5,0,D,Physique-Chimie,BAC_1,Plateaux Ouest,public,F,2023,REORIENTE
1,1,0,1,0,0,13.46,11.26,11.74,1,11.74,0.5184,0.486,0.17400000000000002,0,0,0.0,0.5,0.5,0,F3,Génie Mécanique,BAC_1,Maritime,public,M,2024,REORIENTE
1,1,0,1,0,0,10.79,10.67,11.45,1,11.45,0.5282,0.587,0.14499999999999993,0,0,0.0,0.5,0.5,0,D,Gestion des Entreprises,BAC_1,Maritime,public,M,2024,ADMIS
1,1,0,1,0,0,12.44,11.9,13.13,1,13.13,0.7862,0.491,0.31300000000000006,0,0,0.0,0.5,0.5,0,D,Histoire,BAC_1,Maritime,privé,M,2023,ADMIS
1,1,0,1,0,0,10.64,11.16,12.13,1,12.13,0.47039999999999993,0.69,0.21300000000000008,0,0,0.0,0.5,0.5,0,D,Psychologie,BAC_1,Plateaux Est,public,F,2024,REORIENTE
1,1,0,1,0,0,10.35,11.02,11.34,1,11.34,0.7458,0.555,0.13399999999999998,0,0,0.0,0.5,0.5,0,G2,Gestion des Entreprises,BAC_1,Plateaux Ouest,privé,M,2024,REORIENTE
1,1,0,1,0,0,11.15,11.58,11.23,-1,11.23,0.5358,0.336,0.12300000000000004,0,0,0.0,0.5,0.5,0,A,Géographie,BAC_1,Plateaux Ouest,public,F,2024,REORIENTE
1,1,0,1,0,0,10.82,11.17,11.73,1,11.73,0.537,0.402,0.17300000000000004,0,0,0.0,0.5,0.5,0,A,STAPS (Activités Physiques et Sportives),BAC_1,Maritime,public,F,2024,REORIENTE
1,1,0,1,0,0,12.92,11.66,12.25,1,12.25,0.6272,0.521,0.225,0,0,0.0,0.5,0.5,0,D,Médecine,BAC_1,Plateaux Ouest,public,F,2023,REORIENTE
1,1,0,1,0,0,7.86,9.38,8.81,-1,8.81,0.7607999999999999,0.603,-0.11899999999999995,0,0,0.0,0.5,0.5,0,A,Droit,BAC_1,Savanes,public,F,2023,REORIENTE
1,1,0,1,0,0,10.32,10.94,9.46,-1,9.46,0.3972,0.363,-0.053999999999999916,0,0,0.0,0.5,0.5,0,A,Anglais,BAC_1,Plateaux Est,public,M,2024,REORIENTE
1,1,0,1,0,0,7.34,7.4,7.84,1,7.84,0.5369999999999999,0.468,-0.21600000000000003,0,0,0.0,0.5,0.5,0,A,Enseignement Primaire,BAC_1,Grand Lomé,public,M,2024,REORIENTE
1,1,0,1,0,0,7.15,7.0,8.1,1,8.1,0.6826,0.523,-0.19000000000000003,0,0,0.0,0.5,0.5,0,B,Lettres Modernes,BAC_1,Plateaux Ouest,privé,F,2023,ADMIS
1,1,0,1,0,0,6.54,7.01,7.73,1,7.73,0.507,0.537,-0.22699999999999995,0,0,0.0,0.5,0.5,0,A,Droit,BAC_1,Centrale,privé,F,2024,REORIENTE
1,1,0,1,0,0,8.62,10.51,10.36,-1,10.36,0.6906,0.573,0.03599999999999994,0,0,0.0,0.5,0.5,0,A,Psychologie,BAC_1,Plateaux Est,public,M,2023,ADMIS
1,1,0,1,0,0,10.71,12.23,11.55,-1,11.55,0.7712,0.569,0.15500000000000008,0,0,0.0,0.5,0.5,0,D,Sociologie,BAC_1,Grand Lomé,privé,F,2023,ADMIS
1,1,0,1,0,0,7.62,8.29,8.47,1,8.47,0.5386,0.376,-0.15299999999999994,0,0,0.0,0.5,0.5,0,A,STAPS (Activités Physiques et Sportives),BAC_1,Grand Lomé,public,F,2024,ADMIS
1,1,0,1,0,0,15.96,15.11,16.24,1,16.24,0.4556,0.479,0.6239999999999999,0,0,0.0,0.5,0.5,0,D,Finance et Comptabilité,BAC_1,Plateaux Ouest,privé,F,2024,REORIENTE
1,1,0,1,0,0,9.62,11.7,11.33,-1,11.33,0.37460000000000004,0.704,0.133,0,0,0.0,0.5,0.5,0,D,Tourisme et Hôtellerie,BAC_1,Plateaux Est,public,M,2024,REORIENTE
1,1,0,1,0,0,3.19,4.05,4.23,1,4.23,0.54,0.687,-0.577,0,0,0.0,0.5,0.5,0,D,Génie Informatique,BAC_1,Plateaux Est,public,M,2024,REORIENTE
1,1,0,1,0,0,9.67,9.91,9.81,-1,9.81,0.6968,0.641,-0.01899999999999995,0,0,0.0,0.5,0.5,0,D,Génie Informatique,BAC_1,Maritime,public,F,2023,REORIENTE
1,1,0,1,0,0,6.91,8.54,8.34,-1,8.34,0.7308,0.342,-0.166,0,0,0.0,0.5,0.5,0,T1,Génie Informatique,BAC_1,Centrale,public,F,2024,REORIENTE
1,1,0,1,0,0,10.95,10.64,11.37,1,11.37,0.5227999999999999,0.479,0.13699999999999993,0,0,0.0,0.5,0.5,0,D,Physique-Chimie,BAC_1,Centrale,public,F,2023,REORIENTE
1,1,0,1,0,0,10.81,10.61,10.92,1,10.92,0.6779999999999999,0.378,0.092,0,0,0.0,0.5,0.5,0,A,Histoire,BAC_1,Maritime,public,M,2023,ADMIS
1,1,0,1,0,0,8.1,8.56,8.59,1,8.59,0.7826,0.557,-0.14100000000000001,0,0,0.0,0.5,0.5,0,F1,Génie Mécanique,BAC_1,Maritime,public,M,2023,REORIENTE
1,1,0,1,0,0,7.9,6.67,7.15,1,7.15,0.5134000000000001,0.445,-0.285,0,0,0.0,0.5,0.5,0,D,Biologie,BAC_1,Centrale,public,F,2023,REORIENTE
1,1,0,1,0,0,13.46,13.18,12.11,-1,12.11,0.7585999999999999,0.632,0.21099999999999994,0,0,0.0,0.5,0.5,0,A,Histoire,BAC_1,Grand Lomé,privé,F,2024,ADMIS
1,1,0,1,0,0,12.75,12.83,13.59,1,13.59,0.4296,0.402,0.359,0,0,0.0,0.5,0.5,0,D,Sciences Infirmières,BAC_1,Centrale,privé,M,2024,ADMIS
1,1,0,1,0,0,12.8,12.05,12.03,-1,12.03,0.598,0.493,0.20299999999999993,0,0,0.0,0.5,0.5,0,A,Lettres Modernes,BAC_1,Kara,public,M,2023,ADMIS
1,1,0,1,0,0,12.38,11.96,12.79,1,12.79,0.5880000000000001,0.678,0.2789999999999999,0,0,0.0,0.5,0.5,0,D,Médecine,BAC_1,Plateaux Ouest,public,F,2024,REORIENTE
1,1,0,1,0,0,13.77,12.82,13.61,1,13.61,0.4496,0.551,0.36099999999999993,0,0,0.0,0.5,0.5,0,D,Sciences de l'Éducation,BAC_1,Maritime,public,M,2024,ADMIS
1,1,0,1,0,0,10.42,10.98,10.52,-1,10.52,0.5196000000000001,0.555,0.051999999999999956,0,0,0.0,0.5,0.5,0,A,Géographie,BAC_1,Grand Lomé,public,F,2024,ADMIS
1,1,0,1,0,0,11.99,11.63,12.04,1,12.04,0.7608,0.558,0.2039999999999999,0,0,0.0,0.5,0.5,0,D,Sciences Infirmières,BAC_1,Grand Lomé,public,F,2023,REORIENTE
1,1,0,1,0,0,9.59,9.41,10.02,1,10.02,0.3872,0.503,0.0019999999999999575,0,0,0.0,0.5,0.5,0,D,Informatique,BAC_1,Plateaux Est,public,M,2024,REORIENTE
1,1,0,1,0,0,11.27,12.53,12.55,1,12.55,0.7686,0.618,0.25500000000000006,0,0,0.0,0.5,0.5,0,D,Odontologie,BAC_1,Savanes,privé,F,2023,ADMIS
1,1,0,1,0,0,9.51,9.16,9.14,-1,9.14,0.5508,0.498,-0.08599999999999994,0,0,0.0,0.5,0.5,0,B,Anglais,BAC_1,Maritime,public,M,2024,REORIENTE
1,1,0,1,0,0,7.15,8.61,9.04,1,9.04,0.6278,0.599,-0.09600000000000009,0,0,0.0,0.5,0.5,0,D,Génie Informatique,BAC_1,Maritime,privé,M,2024,ADMIS
1,1,0,1,0,0,10.13,11.93,11.99,1,11.99,0.6048,0.615,0.199,0,0,0.0,0.5,0.5,0,A,Sociologie,BAC_1,Maritime,public,M,2024,REORIENTE
1,1,0,1,0,0,10.22,11.84,12.02,1,12.02,0.8088,0.537,0.20199999999999996,0,0,0.0,0.5,0.5,0,A,Arts Plastiques,BAC_1,Maritime,privé,M,2023,ADMIS
1,1,0,1,0,0,11.54,11.42,11.18,-1,11.18,0.7456,0.379,0.11799999999999997,0,0,0.0,0.5,0.5,0,A,Histoire,BAC_1,Grand Lomé,privé,M,2023,ADMIS
1,1,0,1,0,0,8.46,9.54,9.4,-1,9.4,0.37459999999999993,0.575,-0.05999999999999996,0,0,0.0,0.5,0.5,0,D,Sciences Infirmières,BAC_1,Plateaux Est,public,F,2024,ADMIS
1,1,0,1,0,0,8.84,9.0,8.92,-1,8.92,0.5204,0.626,-0.10800000000000001,0,0,0.0,0.5,0.5,0,A,Histoire,BAC_1,Maritime,public,F,2024,REORIENTE
1,1,0,1,0,0,9.83,9.59,9.94,1,9.94,0.45399999999999996,0.355,-0.0060000000000000496,0,0,0.0,0.5,0.5,0,A,Droit,BAC_1,Grand Lomé,public,F,2024,REORIENTE
1,1,0,1,0,0,7.96,8.92,8.78,-1,8.78,0.4456,0.613,-0.12200000000000007,0,0,0.0,0.5,0.5,0,A,Communication et Journalisme,BAC_1,Kara,public,F,2024,REORIENTE
1,1,0,1,0,0,8.61,9.37,10.04,1,10.04,0.6026,0.725,0.003999999999999915,0,0,0.0,0.5,0.5,0,F4,Agronomie,BAC_1,Maritime,public,F,2023,REORIENTE
1,1,0,1,0,0,9.46,10.34,10.71,1,10.71,0.5992,0.328,0.07100000000000009,0,0,0.0,0.5,0.5,0,A,Histoire,BAC_1,Centrale,privé,F,2023,ADMIS
1,1,0,1,0,0,8.05,9.38,9.73,1,9.73,0.3016,0.337,-0.026999999999999958,0,0,0.0,0.5,0.5,0,A,Lettres Modernes,BAC_1,Centrale,public,F,2024,REORIENTE
1,1,0,1,0,0,11.35,13.52,13.38,-1,13.38,0.5634,0.528,0.3380000000000001,0,0,0.0,0.5,0.5,0,A,Communication et Journalisme,BAC_1,Maritime,public,M,2024,REORIENTE
1,1,0,1,0,0,7.89,9.32,8.54,-1,8.54,0.5382,0.294,-0.14600000000000007,0,0,0.0,0.5,0.5,0,B,Tourisme et Hôtellerie,BAC_1,Maritime,privé,M,2023,REORIENTE
1,1,0,1,0,0,9.38,9.97,10.03,1,10.03,0.5708,0.275,0.002999999999999936,0,0,0.0,0.5,0.5,0,D,Gestion des Entreprises,BAC_1,Centrale,privé,F,2023,REORIENTE
1,1,0,1,0,0,9.04,9.8,9.8,1,9.8,0.37,0.478,-0.019999999999999928,0,0,0.0,0.5,0.5,0,A,Sociologie,BAC_1,Centrale,privé,F,2024,REORIENTE
1,1,0,1,0,0,7.44,9.99,8.6,-1,8.6,0.7522,0.604,-0.14000000000000004,0,0,0.0,0.5,0.5,0,D,Génie Informatique,BAC_1,Grand Lomé,public,M,2023,REORIENTE
1,1,0,1,0,0,9.65,11.72,10.57,-1,10.57,0.6708,0.33,0.05700000000000003,0,0,0.0,0.5,0.5,0,A,Géographie,BAC_1,Plateaux Est,privé,M,2023,ADMIS
1,1,0,1,0,0,8.98,8.94,7.92,-1,7.92,0.7916,0.494,-0.20800000000000002,0,0,0.0,0.5,0.5,0,A,Anglais,BAC_1,Kara,privé,F,2023,ADMIS
1,1,0,1,0,0,8.44,9.52,10.08,1,10.08,0.621,0.6,0.008000000000000007,0,0,0.0,0.5,0.5,0,D,Informatique,BAC_1,Grand Lomé,public,F,2023,ADMIS
1,1,0,1,0,0,12.44,13.92,14.12,1,14.12,0.5768,0.425,0.4119999999999999,0,0,0.0,0.5,0.5,0,D,Gestion des Entreprises,BAC_1,Kara,public,M,2023,REORIENTE
1,1,0,1,0,0,12.36,11.04,12.34,1,12.34,0.5056,0.658,0.23399999999999999,0,0,0.0,0.5,0.5,0,D,Médecine,BAC_1,Maritime,public,F,2024,REORIENTE
1,1,0,1,0,0,8.74,10.46,10.88,1,10.88,0.7138,0.517,0.08800000000000008,0,0,0.0,0.5,0.5,0,D,STAPS (Activités Physiques et Sportives),BAC_1,Grand Lomé,public,F,2023,ADMIS
1,1,0,1,0,0,9.5,11.45,10.26,-1,10.26,0.368,0.482,0.025999999999999978,0,0,0.0,0.5,0.5,0,A,Histoire,BAC_1,Plateaux Ouest,public,M,2024,ADMIS
1,1,0,1,0,0,11.75,12.12,12.11,-1,12.11,0.7678,0.562,0.21099999999999994,0,0,0.0,0.5,0.5,0,D,Tourisme et Hôtellerie,BAC_1,Maritime,public,M,2023,ADMIS
1,1,0,1,0,0,9.7,9.82,10.27,1,10.27,0.8168,0.632,0.026999999999999958,0,0,0.0,0.5,0.5,0,A,Droit,BAC_1,Grand Lomé,public,F,2023,REORIENTE
1,1,0,1,0,0,8.18,10.35,9.43,-1,9.43,0.48200000000000004,0.521,-0.05700000000000003,0,0,0.0,0.5,0.5,0,A,Arts Plastiques,BAC_1,Savanes,public,M,2024,REORIENTE
1,1,0,1,0,0,12.22,12.17,12.55,1,12.55,0.7192000000000001,0.589,0.25500000000000006,0,0,0.0,0.5,0.5,0,A,Sciences de l'Éducation,BAC_1,Grand Lomé,public,F,2023,REORIENTE
1,1,0,1,0,0,9.28,8.29,9.26,1,9.26,0.5988,0.333,-0.07400000000000002,0,0,0.0,0.5,0.5,0,A,Droit,BAC_1,Grand Lomé,privé,M,2023,ADMIS
1,1,0,1,0,0,11.04,11.51,11.75,1,11.75,0.47500000000000003,0.658,0.175,0,0,0.0,0.5,0.5,0,D,Gestion des Entreprises,BAC_1,Plateaux Ouest,privé,F,2024,REORIENTE
1,1,0,1,0,0,7.94,7.61,8.07,1,8.07,0.7158,0.516,-0.19299999999999998,0,0,0.0,0.5,0.5,0,D,Sciences Environnementales,BAC_1,Plateaux Ouest,privé,M,2023,ADMIS
1,1,0,1,0,0,11.33,11.91,12.44,1,12.44,0.6292,0.463,0.24399999999999994,0,0,0.0,0.5,0.5,0,A,Sciences Politiques,BAC_1,Centrale,public,M,2023,ADMIS
1,1,0,1,0,0,12.94,13.99,13.86,-1,13.86,0.7305999999999999,0.688,0.38599999999999995,0,0,0.0,0.5,0.5,0,C,Gestion des Entreprises,BAC_1,Kara,privé,M,2023,ADMIS
1,1,0,1,0,0,9.39,7.8,9.51,1,9.51,0.5678000000000001,0.653,-0.04900000000000002,0,0,0.0,0.5,0.5,0,D,Psychologie,BAC_1,Savanes,public,M,2024,REORIENTE
1,1,0,1,0,0,13.61,12.59,12.33,-1,12.33,0.6745999999999999,0.422,0.233,0,0,0.0,0.5,0.5,0,A,Sociologie,BAC_1,Grand Lomé,public,F,2023,ADMIS
1,1,0,1,0,0,9.14,8.88,10.81,1,10.81,0.5277999999999999,0.43,0.08100000000000004,0,0,0.0,0.5,0.5,0,A,Droit,BAC_1,Centrale,public,F,2024,REORIENTE
1,1,0,1,0,0,8.09,9.94,9.55,-1,9.55,0.5942,0.257,-0.04499999999999993,0,0,0.0,0.5,0.5,0,A,Anglais,BAC_1,Plateaux Ouest,privé,F,2024,ADMIS
1,1,0,1,0,0,10.97,11.67,11.86,1,11.86,0.6636,0.531,0.18599999999999994,0,0,0.0,0.5,0.5,0,A,Sciences de l'Éducation,BAC_1,Centrale,public,M,2023,REORIENTE
1,1,0,1,0,0,9.17,10.08,8.94,-1,8.94,0.31120000000000003,0.505,-0.10600000000000005,0,0,0.0,0.5,0.5,0,D,Informatique,BAC_1,Plateaux Ouest,public,M,2024,REORIENTE
1,1,0,1,0,0,9.6,9.87,10.47,1,10.47,0.526,0.595,0.04700000000000006,0,0,0.0,0.5,0.5,0,A,Géographie,BAC_1,Maritime,public,M,2024,ADMIS
1,1,0,1,0,0,12.59,10.85,10.4,-1,10.4,0.7594,0.499,0.040000000000000036,0,0,0.0,0.5,0.5,0,A,Lettres Modernes,BAC_1,Savanes,privé,F,2023,ADMIS
1,1,0,1,0,0,8.82,10.14,10.3,1,10.3,0.5432,0.587,0.030000000000000072,0,0,0.0,0.5,0.5,0,A,Psychologie,BAC_1,Maritime,privé,M,2024,ADMIS
1,1,0,1,0,0,7.64,8.23,8.75,1,8.75,0.4466,0.428,-0.125,0,0,0.0,0.5,0.5,0,A,Histoire,BAC_1,Maritime,public,M,2024,ADMIS
1,1,0,1,0,0,11.89,12.19,12.03,-1,12.03,0.38539999999999996,0.335,0.20299999999999993,0,0,0.0,0.5,0.5,0,A,Lettres Modernes,BAC_1,Savanes,public,M,2024,REORIENTE
1,1,0,1,0,0,10.55,11.96,11.85,-1,11.85,0.7103999999999999,0.549,0.18499999999999997,0,0,0.0,0.5,0.5,0,A,Droit,BAC_1,Plateaux Ouest,public,M,2023,ADMIS
1,1,0,1,0,0,10.41,9.68,10.16,1,10.16,0.2994,0.417,0.016000000000000014,0,0,0.0,0.5,0.5,0,D,Sciences Infirmières,BAC_1,Plateaux Est,public,M,2024,REORIENTE
1,1,0,1,0,0,9.78,9.34,10.5,1,10.5,0.6923999999999999,0.585,0.05,0,0,0.0,0.5,0.5,0,F3,Génie Mécanique,BAC_1,Grand Lomé,public,M,2023,REORIENTE
1,1,0,1,0,0,9.04,8.43,9.42,1,9.42,0.5406,0.51,-0.05800000000000001,0,0,0.0,0.5,0.5,0,D,Physique-Chimie,BAC_1,Centrale,public,M,2023,REORIENTE
1,1,0,1,0,0,8.36,8.33,8.34,1,8.34,0.6943999999999999,0.485,-0.166,0,0,0.0,0.5,0.5,0,D,Biologie,BAC_1,Grand Lomé,public,F,2023,REORIENTE
1,1,0,1,0,0,9.63,9.99,11.65,1,11.65,0.5394000000000001,0.54,0.16500000000000004,0,0,0.0,0.5,0.5,0,A,Droit,BAC_1,Kara,public,M,2024,REORIENTE
1,1,0,1,0,0,10.78,12.38,13.58,1,13.58,0.7192000000000001,0.676,0.358,0,0,0.0,0.5,0.5,0,D,Médecine,BAC_1,Plateaux Est,public,F,2023,ADMIS
1,1,0,1,0,0,9.58,9.87,10.18,1,10.18,0.43779999999999997,0.64,0.01799999999999997,0,0,0.0,0.5,0.5,0,D,Histoire,BAC_1,Plateaux Est,privé,M,2024,REORIENTE
1,1,0,1,0,0,12.93,12.38,12.77,1,12.77,0.692,0.524,0.27699999999999997,0,0,0.0,0.5,0.5,0,A,Droit,BAC_1,Kara,public,M,2023,ADMIS
1,1,0,1,0,0,10.27,10.25,10.53,1,10.53,0.45539999999999997,0.48,0.052999999999999936,0,0,0.0,0.5,0.5,0,D,STAPS (Activités Physiques et Sportives),BAC_1,Savanes,privé,M,2024,REORIENTE
1,1,0,1,0,0,9.08,10.72,11.34,1,11.34,0.7108,0.469,0.13399999999999998,0,0,0.0,0.5,0.5,0,A,Sciences Politiques,BAC_1,Plateaux Est,public,M,2023,REORIENTE
1,1,0,1,0,0,11.84,11.61,12.54,1,12.54,0.7498,0.643,0.2539999999999999,0,0,0.0,0.5,0.5,0,A,STAPS (Activités Physiques et Sportives),BAC_1,Maritime,public,F,2023,ADMIS
1,1,0,1,0,0,9.44,8.68,9.91,1,9.91,0.7454000000000001,0.518,-0.008999999999999985,0,0,0.0,0.5,0.5,0,A,Droit,BAC_1,Plateaux Ouest,public,M,2023,REORIENTE
1,1,0,1,0,0,12.49,10.65,11.09,1,11.09,0.3518,0.572,0.10899999999999999,0,0,0.0,0.5,0.5,0,D,Enseignement Primaire,BAC_1,Centrale,public,M,2024,REORIENTE
1,1,0,1,0,0,7.73,8.12,8.5,1,8.5,0.6484,0.49,-0.15,0,0,0.0,0.5,0.5,0,D,Sciences Forestières,BAC_1,Kara,public,F,2023,ADMIS
1,1,0,1,0,0,6.96,7.85,8.96,1,8.96,0.5568,0.696,-0.10399999999999991,0,0,0.0,0.5,0.5,0,A,Communication et Journalisme,BAC_1,Kara,public,F,2024,ADMIS
1,1,0,1,0,0,11.23,10.61,11.35,1,11.35,0.8028,0.522,0.13499999999999995,0,0,0.0,0.5,0.5,0,A,Lettres Modernes,BAC_1,Maritime,public,M,2023,ADMIS
1,1,0,1,0,0,11.98,12.83,13.6,1,13.6,0.8215999999999999,0.638,0.36,0,0,0.0,0.5,0.5,0,B,Droit,BAC_1,Grand Lomé,privé,F,2024,REORIENTE
1,1,0,1,0,0,9.58,10.01,10.54,1,10.54,0.6818,0.587,0.053999999999999916,0,0,0.0,0.5,0.5,0,A,Droit,BAC_1,Grand Lomé,privé,M,2024,ADMIS
1,1,0,1,0,0,11.63,11.05,11.89,1,11.89,0.7113999999999999,0.31,0.18900000000000006,0,0,0.0,0.5,0.5,0,A,Géographie,BAC_1,Grand Lomé,privé,F,2023,ADMIS
1,1,0,1,0,0,10.93,10.92,11.68,1,11.68,0.37,0.307,0.16799999999999998,0,0,0.0,0.5,0.5,0,A,Arts Plastiques,BAC_1,Maritime,public,F,2024,REORIENTE
1,1,0,1,0,0,8.75,9.77,9.62,-1,9.62,0.8191999999999999,0.563,-0.038000000000000075,0,0,0.0,0.5,0.5,0,A,Communication et Journalisme,BAC_1,Grand Lomé,public,F,2023,ADMIS
1,1,0,1,0,0,12.08,12.84,12.9,1,12.9,0.45139999999999997,0.422,0.29000000000000004,0,0,0.0,0.5,0.5,0,A,Lettres Modernes,BAC_1,Maritime,public,F,2024,REORIENTE
1,1,0,1,0,0,11.97,10.92,11.39,1,11.39,0.44500000000000006,0.28,0.13900000000000007,0,0,0.0,0.5,0.5,0,A,Lettres Modernes,BAC_1,Grand Lomé,public,M,2024,REORIENTE
1,1,0,1,0,0,5.65,4.69,5.52,1,5.52,0.5708,0.491,-0.44800000000000006,0,0,0.0,0.5,0.5,0,A,Enseignement Primaire,BAC_1,Savanes,public,M,2024,REORIENTE
1,1,0,1,0,0,9.06,10.42,9.99,-1,9.99,0.4224,0.615,-0.0009999999999999788,0,0,0.0,0.5,0.5,0,D,Sciences Infirmières,BAC_1,Plateaux Est,public,M,2024,REORIENTE
1,1,0,1,0,0,8.94,9.69,10.11,1,10.11,0.5820000000000001,0.699,0.010999999999999944,0,0,0.0,0.5,0.5,0,A,Sciences de l'Éducation,BAC_1,Centrale,privé,F,2024,REORIENTE
1,1,0,1,0,0,6.2,8.11,8.08,-1,8.08,0.6448,0.604,-0.192,0,0,0.0,0.5,0.5,0,F4,Sciences Forestières,BAC_1,Maritime,public,F,2024,REORIENTE
1,1,0,1,0,0,9.66,8.54,10.93,1,10.93,0.587,0.371,0.09299999999999997,0,0,0.0,0.5,0.5,0,A,Sciences de l'Éducation,BAC_1,Plateaux Ouest,public,F,2023,ADMIS
1,1,0,1,0,0,11.57,13.49,13.05,-1,13.05,0.4718,0.572,0.30500000000000005,0,0,0.0,0.5,0.5,0,A,Lettres Modernes,BAC_1,Centrale,public,F,2024,REORIENTE
1,1,0,1,0,0,6.98,8.23,7.67,-1,7.67,0.5612,0.41,-0.233,0,0,0.0,0.5,0.5,0,A,Enseignement Primaire,BAC_1,Savanes,privé,M,2023,ADMIS
1,1,0,1,0,0,10.54,10.52,10.89,1,10.89,0.7478,0.713,0.08900000000000005,0,0,0.0,0.5,0.5,0,D,Gestion des Entreprises,BAC_1,Maritime,public,M,2023,ADMIS
1,1,0,1,0,0,9.67,9.97,10.85,1,10.85,0.7298,0.407,0.08499999999999996,0,0,0.0,0.5,0.5,0,D,Géographie,BAC_1,Maritime,public,F,2023,ADMIS
1,1,0,1,0,0,12.06,12.16,12.26,1,12.26,0.6728000000000001,0.503,0.22599999999999998,0,0,0.0,0.5,0.5,0,F4,Sciences Forestières,BAC_1,Centrale,privé,F,2024,ADMIS
1,1,0,1,0,0,12.75,12.76,13.19,1,13.19,0.625,0.559,0.31899999999999995,0,0,0.0,0.5,0.5,0,D,Sciences de l'Éducation,BAC_1,Plateaux Est,public,F,2023,ADMIS
1,1,0,1,0,0,9.65,11.43,12.52,1,12.52,0.3548,0.506,0.25199999999999995,0,0,0.0,0.5,0.5,0,A,Droit,BAC_1,Plateaux Est,public,F,2024,ADMIS
1,1,0,1,0,0,13.48,13.62,13.16,-1,13.16,0.41100000000000003,0.357,0.316,0,0,0.0,0.5,0.5,0,A,Anglais,BAC_1,Maritime,privé,F,2024,ADMIS
1,1,0,1,0,0,11.31,11.19,11.0,-1,11.0,0.3196,0.511,0.1,0,0,0.0,0.5,0.5,0,D,Génie Civil,BAC_1,Plateaux Ouest,public,M,2024,REORIENTE
1,1,0,1,0,0,10.75,10.64,10.76,1,10.76,0.6729999999999999,0.574,0.07599999999999998,0,0,0.0,0.5,0.5,0,A,STAPS (Activités Physiques et Sportives),BAC_1,Plateaux Ouest,privé,M,2023,REORIENTE
1,1,0,1,0,0,9.67,9.61,10.32,1,10.32,0.6699999999999999,0.43,0.03200000000000003,0,0,0.0,0.5,0.5,0,D,Biologie,BAC_1,Maritime,public,F,2023,REORIENTE
1,1,0,1,0,0,9.69,9.27,9.55,1,9.55,0.6044,0.491,-0.04499999999999993,0,0,0.0,0.5,0.5,0,A,Histoire,BAC_1,Plateaux Ouest,public,F,2023,ADMIS
1,1,0,1,0,0,6.14,4.86,5.58,1,5.58,0.423,0.306,-0.442,0,0,0.0,0.5,0.5,0,A,Tourisme et Hôtellerie,BAC_1,Centrale,public,F,2024,ADMIS
1,1,0,1,0,0,13.61,13.56,14.35,1,14.35,0.3972,0.456,0.43499999999999994,0,0,0.0,0.5,0.5,0,A,Droit,BAC_1,Kara,public,M,2024,ADMIS
1,1,0,1,0,0,10.96,11.3,11.06,-1,11.06,0.4331999999999999,0.36,0.10600000000000005,0,0,0.0,0.5,0.5,0,D,Géographie,BAC_1,Maritime,public,F,2024,ADMIS
1,1,0,1,0,0,5.81,8.81,7.19,-1,7.19,0.704,0.599,-0.28099999999999997,0,0,0.0,0.5,0.5,0,D,Génie Civil,BAC_1,Savanes,public,F,2023,REORIENTE
1,1,0,1,0,0,9.59,10.75,10.38,-1,10.38,0.6634,0.532,0.038000000000000075,0,0,0.0,0.5,0.5,0,A,STAPS (Activités Physiques et Sportives),BAC_1,Maritime,public,M,2023,ADMIS
1,1,0,1,0,0,10.98,11.28,10.97,-1,10.97,0.6682,0.613,0.09700000000000006,0,0,0.0,0.5,0.5,0,A,Anglais,BAC_1,Plateaux Ouest,public,F,2023,REORIENTE
1,1,0,1,0,0,8.34,9.61,9.23,-1,9.23,0.8316,0.594,-0.07699999999999996,0,0,0.0,0.5,0.5,0,A,Sciences de l'Éducation,BAC_1,Grand Lomé,public,M,2023,REORIENTE
1,1,0,1,0,0,9.7,10.35,11.27,1,11.27,0.37260000000000004,0.399,0.12699999999999995,0,0,0.0,0.5,0.5,0,D,Génie Informatique,BAC_1,Kara,public,F,2024,REORIENTE
1,1,0,1,0,0,10.64,10.15,10.46,1,10.46,0.6102000000000001,0.495,0.04600000000000008,0,0,0.0,0.5,0.5,0,D,Sciences Environnementales,BAC_1,Grand Lomé,public,M,2024,REORIENTE
1,1,0,1,0,0,9.73,12.64,12.14,-1,12.14,0.40559999999999996,0.567,0.21400000000000005,0,0,0.0,0.5,0.5,0,A,STAPS (Activités Physiques et Sportives),BAC_1,Centrale,public,M,2024,REORIENTE
1,1,0,1,0,0,9.18,9.94,9.83,-1,9.83,0.7736,0.488,-0.016999999999999994,0,0,0.0,0.5,0.5,0,A,Enseignement Primaire,BAC_1,Centrale,privé,M,2023,REORIENTE
1,1,0,1,0,0,9.52,10.78,10.75,-1,10.75,0.6708000000000001,0.468,0.075,0,0,0.0,0.5,0.5,0,D,Psychologie,BAC_1,Grand Lomé,privé,M,2023,ADMIS
1,1,0,1,0,0,8.54,10.52,10.07,-1,10.07,0.7846,0.502,0.007000000000000029,0,0,0.0,0.5,0.5,0,A,Sciences de l'Éducation,BAC_1,Savanes,public,M,2023,REORIENTE
1,1,0,1,0,0,11.42,11.7,11.63,-1,11.63,0.6859999999999999,0.407,0.1630000000000001,0,0,0.0,0.5,0.5,0,A,Sciences de l'Éducation,BAC_1,Plateaux Est,public,M,2023,ADMIS
1,1,0,1,0,0,10.21,9.98,10.52,1,10.52,0.9404,0.881,0.051999999999999956,0,0,0.0,0.5,0.5,0,A,Communication et Journalisme,BAC_1,Maritime,privé,M,2023,ADMIS
1,1,0,1,0,0,13.12,14.01,13.97,-1,13.97,0.5288,0.491,0.3970000000000001,0,0,0.0,0.5,0.5,0,A,Droit,BAC_1,Kara,public,M,2024,ADMIS
1,1,0,1,0,0,10.42,10.47,10.27,-1,10.27,0.6932,0.527,0.026999999999999958,0,0,0.0,0.5,0.5,0,D,Génie Informatique,BAC_1,Maritime,public,F,2023,ADMIS
1,1,0,1,0,0,9.23,9.38,10.1,1,10.1,0.576,0.558,0.009999999999999964,0,0,0.0,0.5,0.5,0,A,Droit,BAC_1,Grand Lomé,public,F,2024,REORIENTE
1,1,0,1,0,0,11.18,12.23,11.2,-1,11.2,0.46640000000000004,0.491,0.11999999999999993,0,0,0.0,0.5,0.5,0,G2,Sciences Politiques,BAC_1,Plateaux Ouest,public,F,2024,REORIENTE
1,1,0,1,0,0,8.67,7.24,8.2,1,8.2,0.6094,0.523,-0.18000000000000008,0,0,0.0,0.5,0.5,0,A,Droit,BAC_1,Kara,public,F,2023,REORIENTE
1,1,0,1,0,0,8.7,7.12,8.02,1,8.02,0.5428,0.37,-0.19800000000000004,0,0,0.0,0.5,0.5,0,G2,Sciences Infirmières,BAC_1,Centrale,privé,F,2023,REORIENTE
1,1,0,1,0,0,12.2,11.73,12.58,1,12.58,0.4476,0.369,0.258,0,0,0.0,0.5,0.5,0,D,Finance et Comptabilité,BAC_1,Kara,public,M,2024,REORIENTE
1,1,0,1,0,0,10.62,10.87,11.1,1,11.1,0.4466,0.308,0.10999999999999996,0,0,0.0,0.5,0.5,0,D,Agronomie,BAC_1,Maritime,public,F,2024,REORIENTE
1,1,0,1,0,0,10.46,9.38,10.03,1,10.03,0.5531999999999999,0.696,0.002999999999999936,0,0,0.0,0.5,0.5,0,A,Droit,BAC_1,Maritime,public,M,2024,REORIENTE
1,1,0,1,0,0,10.88,10.38,11.29,1,11.29,0.6528,0.432,0.12899999999999992,0,0,0.0,0.5,0.5,0,A,Sociologie,BAC_1,Plateaux Est,privé,M,2023,ADMIS
1,1,0,1,0,0,10.72,11.67,11.9,1,11.9,0.5512,0.199,0.19000000000000003,0,0,0.0,0.5,0.5,0,G2,Finance et Comptabilité,BAC_1,Plateaux Ouest,privé,M,2024,ADMIS
1,1,0,1,0,0,7.67,8.54,9.35,1,9.35,0.6016,0.664,-0.06500000000000003,0,0,0.0,0.5,0.5,0,A,Histoire,BAC_1,Kara,public,M,2024,ADMIS
1,1,0,1,0,0,9.65,10.53,10.63,1,10.63,0.5258,0.341,0.06300000000000008,0,0,0.0,0.5,0.5,0,D,Finance et Comptabilité,BAC_1,Plateaux Ouest,public,M,2023,REORIENTE
1,1,0,1,0,0,8.52,10.84,10.36,-1,10.36,0.7686,0.507,0.03599999999999994,0,0,0.0,0.5,0.5,0,D,Sciences Infirmières,BAC_1,Grand Lomé,public,M,2023,ADMIS
1,1,0,1,0,0,9.16,10.28,10.84,1,10.84,0.7997999999999998,0.69,0.08399999999999999,0,0,0.0,0.5,0.5,0,A,Lettres Modernes,BAC_1,Plateaux Est,public,F,2023,REORIENTE
1,1,0,1,0,0,9.78,10.86,11.6,1,11.6,0.38160000000000005,0.561,0.15999999999999998,0,0,0.0,0.5,0.5,0,A,Lettres Modernes,BAC_1,Centrale,public,F,2024,REORIENTE
1,1,0,1,0,0,10.27,9.43,9.18,-1,9.18,0.774,0.45,-0.08200000000000003,0,0,0.0,0.5,0.5,0,A,Sociologie,BAC_1,Maritime,public,F,2023,REORIENTE
1,1,0,1,0,0,14.25,13.88,13.82,-1,13.82,0.7322,0.605,0.382,0,0,0.0,0.5,0.5,0,D,Gestion des Entreprises,BAC_1,Grand Lomé,public,M,2023,ADMIS
1,1,0,1,0,0,9.26,8.6,9.73,1,9.73,0.5306000000000001,0.503,-0.026999999999999958,0,0,0.0,0.5,0.5,0,A,Anglais,BAC_1,Plateaux Ouest,public,M,2024,REORIENTE
1,1,0,1,0,0,11.7,11.22,11.81,1,11.81,0.5619999999999999,0.697,0.18100000000000005,0,0,0.0,0.5,0.5,0,D,Sciences Infirmières,BAC_1,Plateaux Ouest,public,F,2024,REORIENTE
1,1,0,1,0,0,12.5,10.73,11.94,1,11.94,0.7787999999999999,0.462,0.19399999999999995,0,0,0.0,0.5,0.5,0,D,Sciences Infirmières,BAC_1,Kara,privé,F,2023,REORIENTE
1,1,0,1,0,0,6.12,7.53,8.06,1,8.06,0.357,0.399,-0.19399999999999995,0,0,0.0,0.5,0.5,0,A,Sciences Politiques,BAC_1,Maritime,public,M,2024,REORIENTE
1,1,0,1,0,0,11.55,13.76,12.93,-1,12.93,0.7462,0.445,0.293,0,0,0.0,0.5,0.5,0,D,Sciences Infirmières,BAC_1,Savanes,public,M,2023,ADMIS
1,1,0,1,0,0,6.34,7.35,6.64,-1,6.64,0.508,0.691,-0.336,0,0,0.0,0.5,0.5,0,D,Génie Électrique,BAC_1,Savanes,public,F,2024,REORIENTE
1,1,0,1,0,0,8.6,7.91,8.78,1,8.78,0.6982,0.382,-0.12200000000000007,0,0,0.0,0.5,0.5,0,A,Psychologie,BAC_1,Maritime,privé,F,2023,ADMIS
1,1,0,1,0,0,6.16,8.07,8.69,1,8.69,0.3174,0.477,-0.13100000000000006,0,0,0.0,0.5,0.5,0,D,Génie Électrique,BAC_1,Maritime,public,F,2024,REORIENTE
1,1,0,1,0,0,12.19,11.9,11.38,-1,11.38,0.7654000000000001,0.646,0.13800000000000007,0,0,0.0,0.5,0.5,0,A,STAPS (Activités Physiques et Sportives),BAC_1,Plateaux Ouest,privé,F,2023,ADMIS
1,1,0,1,0,0,9.49,8.47,9.74,1,9.74,0.43579999999999997,0.581,-0.025999999999999978,0,0,0.0,0.5,0.5,0,D,Informatique,BAC_1,Maritime,public,M,2024,REORIENTE
1,1,0,1,0,0,7.81,7.29,8.54,1,8.54,0.65,0.428,-0.14600000000000007,0,0,0.0,0.5,0.5,0,D,Physique-Chimie,BAC_1,Grand Lomé,public,F,2023,ADMIS
1,1,0,1,0,0,13.64,13.4,13.69,1,13.69,0.6936,0.447,0.36899999999999994,0,0,0.0,0.5,0.5,0,A,Anglais,BAC_1,Plateaux Est,public,F,2023,ADMIS
1,1,0,1,0,0,8.31,8.92,8.19,-1,8.19,0.6698,0.446,-0.18100000000000005,0,0,0.0,0.5,0.5,0,A,Droit,BAC_1,Grand Lomé,public,F,2024,REORIENTE
1,1,0,1,0,0,6.29,7.03,7.51,1,7.51,0.5008,0.517,-0.24900000000000003,0,0,0.0,0.5,0.5,0,D,Informatique,BAC_1,Grand Lomé,public,F,2024,REORIENTE
1,1,0,1,0,0,10.3,11.8,11.5,-1,11.5,0.47519999999999996,0.483,0.15,0,0,0.0,0.5,0.5,0,A,Communication et Journalisme,BAC_1,Grand Lomé,public,M,2024,ADMIS
1,1,0,1,0,0,12.39,11.79,12.39,1,12.39,0.5464,0.643,0.23900000000000005,0,0,0.0,0.5,0.5,0,D,Génie Électrique,BAC_1,Maritime,public,F,2024,ADMIS
1,1,0,1,0,0,8.56,9.66,9.63,-1,9.63,0.4978,0.415,-0.03699999999999992,0,0,0.0,0.5,0.5,0,G3,Gestion des Entreprises,BAC_1,Maritime,privé,M,2024,REORIENTE
1,1,0,1,0,0,12.04,11.05,11.51,1,11.51,0.4976,0.566,0.15099999999999997,0,0,0.0,0.5,0.5,0,D,Génie Informatique,BAC_1,Maritime,public,M,2024,REORIENTE
1,1,0,1,0,0,8.62,6.45,7.57,1,7.57,0.6984,0.453,-0.24299999999999997,0,0,0.0,0.5,0.5,0,A,Communication et Journalisme,BAC_1,Savanes,public,F,2023,REORIENTE
1,1,0,1,0,0,5.88,7.05,7.88,1,7.88,0.46940000000000004,0.506,-0.21200000000000002,0,0,0.0,0.5,0.5,0,D,Biologie,BAC_1,Savanes,public,F,2024,REORIENTE
1,1,0,1,0,0,6.14,5.41,6.92,1,6.92,0.6376000000000001,0.391,-0.308,0,0,0.0,0.5,0.5,0,A,Tourisme et Hôtellerie,BAC_1,Plateaux Ouest,public,F,2023,ADMIS
1,1,0,1,0,0,6.68,8.26,8.71,1,8.71,0.709,0.493,-0.12899999999999992,0,0,0.0,0.5,0.5,0,A,Sciences de l'Éducation,BAC_1,Maritime,public,F,2023,REORIENTE
1,1,0,1,0,0,9.52,10.57,11.46,1,11.46,0.46440000000000003,0.405,0.14600000000000007,0,0,0.0,0.5,0.5,0,A,Géographie,BAC_1,Plateaux Ouest,privé,M,2024,REORIENTE
1,1,0,1,0,0,4.48,5.52,5.4,-1,5.4,0.5296000000000001,0.349,-0.45999999999999996,0,0,0.0,0.5,0.5,0,A,Sciences Politiques,BAC_1,Savanes,public,M,2024,REORIENTE
1,1,0,1,0,0,9.1,8.52,8.64,1,8.64,0.41879999999999995,0.711,-0.13599999999999995,0,0,0.0,0.5,0.5,0,D,Biologie,BAC_1,Plateaux Ouest,public,F,2024,REORIENTE
1,1,0,1,0,0,9.54,8.48,10.59,1,10.59,0.5458000000000001,0.646,0.05899999999999998,0,0,0.0,0.5,0.5,0,A,Enseignement Primaire,BAC_1,Grand Lomé,public,F,2024,REORIENTE
1,1,0,1,0,0,11.6,11.07,11.78,1,11.78,0.4998,0.531,0.17799999999999994,0,0,0.0,0.5,0.5,0,D,Sciences Infirmières,BAC_1,Grand Lomé,public,F,2024,REORIENTE
1,1,0,1,0,0,10.23,8.74,10.17,1,10.17,0.7342,0.499,0.016999999999999994,0,0,0.0,0.5,0.5,0,D,Psychologie,BAC_1,Grand Lomé,public,F,2023,REORIENTE
1,1,0,1,0,0,8.46,8.7,9.77,1,9.77,0.3176,0.536,-0.02300000000000004,0,0,0.0,0.5,0.5,0,D,Génie Électrique,BAC_1,Plateaux Est,public,F,2024,REORIENTE
1,1,0,1,0,0,10.6,10.01,12.08,1,12.08,0.5868,0.654,0.20800000000000002,0,0,0.0,0.5,0.5,0,D,Gestion des Entreprises,BAC_1,Maritime,public,F,2023,ADMIS
1,1,0,1,0,0,6.31,7.23,7.93,1,7.93,0.7545999999999999,0.658,-0.20700000000000002,0,0,0.0,0.5,0.5,0,D,Histoire,BAC_1,Grand Lomé,privé,F,2023,REORIENTE
1,1,0,1,0,0,8.13,9.63,9.31,-1,9.31,0.6288,0.627,-0.06899999999999995,0,0,0.0,0.5,0.5,0,A,Sciences de l'Éducation,BAC_1,Grand Lomé,public,M,2024,ADMIS
1,1,0,1,0,0,10.32,9.32,11.3,1,11.3,0.5802,0.597,0.13000000000000006,0,0,0.0,0.5,0.5,0,D,Agronomie,BAC_1,Centrale,public,M,2023,REORIENTE
1,1,0,1,0,0,9.33,7.9,9.19,1,9.19,0.7804,0.739,-0.08100000000000004,0,0,0.0,0.5,0.5,0,A,STAPS (Activités Physiques et Sportives),BAC_1,Maritime,public,M,2023,ADMIS
1,1,0,1,0,0,8.74,10.55,10.23,-1,10.23,0.5760000000000001,0.648,0.02300000000000004,0,0,0.0,0.5,0.5,0,A,STAPS (Activités Physiques et Sportives),BAC_1,Grand Lomé,public,M,2024,REORIENTE
1,1,0,1,0,0,8.62,8.59,9.37,1,9.37,0.5314,0.523,-0.06300000000000008,0,0,0.0,0.5,0.5,0,D,Informatique,BAC_1,Kara,public,M,2023,ADMIS
1,1,0,1,0,0,12.89,12.08,13.18,1,13.18,0.5988,0.69,0.31799999999999995,0,0,0.0,0.5,0.5,0,A,Droit,BAC_1,Centrale,public,M,2023,ADMIS
1,1,0,1,0,0,8.56,10.96,10.82,-1,10.82,0.8058000000000001,0.639,0.08200000000000003,0,0,0.0,0.5,0.5,0,A,Droit,BAC_1,Grand Lomé,public,F,2023,ADMIS
1,1,0,1,0,0,7.88,8.96,9.6,1,9.6,0.7338,0.534,-0.040000000000000036,0,0,0.0,0.5,0.5,0,D,Sciences Infirmières,BAC_1,Centrale,public,F,2023,REORIENTE
1,1,0,1,0,0,8.1,8.76,9.43,1,9.43,0.6174,0.606,-0.05700000000000003,0,0,0.0,0.5,0.5,0,A,Géographie,BAC_1,Grand Lomé,public,M,2024,REORIENTE
1,1,0,1,0,0,8.97,11.96,9.96,-1,9.96,0.3834000000000001,0.561,-0.003999999999999915,0,0,0.0,0.5,0.5,0,D,Psychologie,BAC_1,Plateaux Est,public,F,2024,REORIENTE
1,1,0,1,0,0,9.58,8.78,9.21,1,9.21,0.3302,0.554,-0.07899999999999992,0,0,0.0,0.5,0.5,0,D,Sciences de l'Éducation,BAC_1,Plateaux Est,public,M,2024,REORIENTE
1,1,0,1,0,0,11.59,13.8,12.33,-1,12.33,0.7784,0.461,0.233,0,0,0.0,0.5,0.5,0,A,Droit,BAC_1,Grand Lomé,privé,F,2023,ADMIS
1,1,0,1,0,0,11.05,9.64,10.28,1,10.28,0.7564,0.547,0.027999999999999935,0,0,0.0,0.5,0.5,0,A,Anglais,BAC_1,Grand Lomé,public,F,2023,ADMIS
1,1,0,1,0,0,14.35,13.69,13.73,1,13.73,0.5542,0.343,0.37300000000000005,0,0,0.0,0.5,0.5,0,D,Pharmacie,BAC_1,Plateaux Est,public,M,2023,REORIENTE
1,1,0,1,0,0,11.1,10.96,11.06,1,11.06,0.521,0.386,0.10600000000000005,0,0,0.0,0.5,0.5,0,A,Sciences de l'Éducation,BAC_1,Grand Lomé,public,F,2023,ADMIS
1,1,0,1,0,0,5.76,5.73,6.18,1,6.18,0.7556,0.404,-0.382,0,0,0.0,0.5,0.5,0,A,Géographie,BAC_1,Maritime,privé,F,2023,ADMIS
1,1,0,1,0,0,6.88,5.19,7.1,1,7.1,0.5042,0.62,-0.29000000000000004,0,0,0.0,0.5,0.5,0,D,Gestion des Entreprises,BAC_1,Plateaux Est,public,M,2024,REORIENTE
1,1,0,1,0,0,15.11,13.38,13.62,1,13.62,0.8552,0.653,0.36199999999999993,0,0,0.0,0.5,0.5,0,A,Histoire,BAC_1,Savanes,public,M,2023,ADMIS
1,1,0,1,0,0,10.07,9.77,9.86,1,9.86,0.4006,0.301,-0.014000000000000058,0,0,0.0,0.5,0.5,0,A,Enseignement Primaire,BAC_1,Plateaux Est,privé,M,2024,ADMIS
1,1,0,1,0,0,11.75,12.13,11.82,-1,11.82,0.5196000000000001,0.654,0.18200000000000002,0,0,0.0,0.5,0.5,0,A,Anglais,BAC_1,Plateaux Ouest,public,F,2024,ADMIS
1,1,0,1,0,0,8.54,10.24,10.36,1,10.36,0.5614,0.409,0.03599999999999994,0,0,0.0,0.5,0.5,0,A,Lettres Modernes,BAC_1,Maritime,public,M,2024,REORIENTE
1,1,0,1,0,0,11.59,11.06,11.33,1,11.33,0.7736000000000001,0.56,0.133,0,0,0.0,0.5,0.5,0,A,Lettres Modernes,BAC_1,Kara,privé,F,2023,REORIENTE
1,1,0,1,0,0,8.66,8.41,9.33,1,9.33,0.7342,0.457,-0.06699999999999999,0,0,0.0,0.5,0.5,0,D,Informatique,BAC_1,Grand Lomé,privé,F,2023,REORIENTE
1,1,0,1,0,0,13.85,13.02,14.17,1,14.17,0.4914,0.591,0.417,0,0,0.0,0.5,0.5,0,D,Médecine,BAC_1,Centrale,public,M,2024,ADMIS
1,1,0,1,0,0,10.6,9.65,10.92,1,10.92,0.6676,0.676,0.092,0,0,0.0,0.5,0.5,0,D,Sociologie,BAC_1,Kara,public,F,2023,ADMIS
1,1,0,1,0,0,11.75,10.12,10.89,1,10.89,0.6958,0.634,0.08900000000000005,0,0,0.0,0.5,0.5,0,A,Géographie,BAC_1,Plateaux Ouest,public,M,2023,REORIENTE
1,1,0,1,0,0,9.85,9.14,10.06,1,10.06,0.40759999999999996,0.377,0.0060000000000000496,0,0,0.0,0.5,0.5,0,A,Psychologie,BAC_1,Plateaux Est,public,M,2024,ADMIS
1,1,0,1,0,0,10.83,12.9,12.0,-1,12.0,0.5386,0.418,0.2,0,0,0.0,0.5,0.5,0,A,Sociologie,BAC_1,Grand Lomé,public,F,2024,ADMIS
1,1,0,1,0,0,13.9,14.34,14.05,-1,14.05,0.5832,0.537,0.4050000000000001,0,0,0.0,0.5,0.5,0,D,Gestion des Entreprises,BAC_1,Plateaux Ouest,public,F,2023,ADMIS
1,1,0,1,0,0,11.41,11.84,11.95,1,11.95,0.6676,0.379,0.19499999999999992,0,0,0.0,0.5,0.5,0,A,Sociologie,BAC_1,Plateaux Ouest,public,M,2023,ADMIS
1,1,0,1,0,0,8.4,10.39,9.64,-1,9.64,0.3402,0.444,-0.03599999999999994,0,0,0.0,0.5,0.5,0,A,Psychologie,BAC_1,Maritime,public,F,2024,ADMIS
1,1,0,1,0,0,7.71,8.45,9.23,1,9.23,0.3684,0.366,-0.07699999999999996,0,0,0.0,0.5,0.5,0,A,Sciences de l'Éducation,BAC_1,Centrale,public,F,2024,ADMIS
1,1,0,1,0,0,10.36,9.8,10.64,1,10.64,0.4778,0.488,0.06400000000000006,0,0,0.0,0.5,0.5,0,G3,Gestion des Entreprises,BAC_1,Grand Lomé,public,M,2024,REORIENTE
1,1,0,1,0,0,7.29,8.54,8.83,1,8.83,0.40659999999999996,0.664,-0.11699999999999999,0,0,0.0,0.5,0.5,0,D,Enseignement Primaire,BAC_1,Plateaux Ouest,public,M,2024,REORIENTE
1,1,0,1,0,0,9.66,10.32,9.75,-1,9.75,0.8548,0.718,-0.025,0,0,0.0,0.5,0.5,0,A,Droit,BAC_1,Grand Lomé,public,M,2023,ADMIS
1,1,0,1,0,0,9.5,10.9,10.9,1,10.9,0.5934,0.342,0.09000000000000004,0,0,0.0,0.5,0.5,0,A,Lettres Modernes,BAC_1,Grand Lomé,public,M,2023,ADMIS
1,1,0,1,0,0,9.69,10.5,10.15,-1,10.15,0.7125999999999999,0.517,0.015000000000000036,0,0,0.0,0.5,0.5,0,D,Gestion des Entreprises,BAC_1,Centrale,privé,F,2023,ADMIS
1,1,0,1,0,0,12.07,12.59,12.44,-1,12.44,0.6506000000000001,0.683,0.24399999999999994,0,0,0.0,0.5,0.5,0,D,Sciences Infirmières,BAC_1,Grand Lomé,privé,M,2024,REORIENTE
1,1,0,1,0,0,10.48,10.8,11.36,1,11.36,0.5116,0.388,0.13599999999999995,0,0,0.0,0.5,0.5,0,A,Lettres Modernes,BAC_1,Grand Lomé,public,F,2024,REORIENTE
1,1,0,1,0,0,8.87,10.31,9.77,-1,9.77,0.6284000000000001,0.278,-0.02300000000000004,0,0,0.0,0.5,0.5,0,F1,Génie Électrique,BAC_1,Plateaux Est,public,M,2024,ADMIS
1,1,0,1,0,0,9.87,8.28,9.43,1,9.43,0.7988,0.545,-0.05700000000000003,0,0,0.0,0.5,0.5,0,A,Anglais,BAC_1,Grand Lomé,public,M,2023,REORIENTE
1,1,0,1,0,0,7.86,8.02,8.54,1,8.54,0.7834,0.526,-0.14600000000000007,0,0,0.0,0.5,0.5,0,D,Finance et Comptabilité,BAC_1,Grand Lomé,public,F,2023,ADMIS
1,1,0,1,0,0,7.15,8.28,7.71,-1,7.71,0.5876,0.473,-0.229,0,0,0.0,0.5,0.5,0,A,Droit,BAC_1,Grand Lomé,public,F,2024,REORIENTE
1,1,0,1,0,0,9.41,12.38,11.79,-1,11.79,0.7844,0.617,0.1789999999999999,0,0,0.0,0.5,0.5,0,D,Enseignement Primaire,BAC_1,Centrale,public,M,2023,REORIENTE
1,1,0,1,0,0,12.25,11.13,11.83,1,11.83,0.4268,0.428,0.183,0,0,0.0,0.5,0.5,0,D,Gestion des Entreprises,BAC_1,Maritime,public,F,2024,REORIENTE
1,1,0,1,0,0,12.13,10.38,11.71,1,11.71,0.7814,0.677,0.1710000000000001,0,0,0.0,0.5,0.5,0,D,Médecine,BAC_1,Plateaux Est,public,F,2023,ADMIS
1,1,0,1,0,0,9.43,10.31,10.56,1,10.56,0.6268,0.601,0.05600000000000005,0,0,0.0,0.5,0.5,0,D,Sciences Infirmières,BAC_1,Maritime,privé,F,2023,REORIENTE
1,1,0,1,0,0,9.39,10.16,10.89,1,10.89,0.6854,0.272,0.08900000000000005,0,0,0.0,0.5,0.5,0,A,Lettres Modernes,BAC_1,Savanes,public,F,2023,ADMIS
1,1,0,1,0,0,12.25,13.8,13.71,-1,13.71,0.6477999999999999,0.706,0.3710000000000001,0,0,0.0,0.5,0.5,0,D,Informatique,BAC_1,Plateaux Ouest,public,F,2023,ADMIS
1,1,0,1,0,0,8.51,8.19,8.36,1,8.36,0.4434,0.54,-0.16400000000000006,0,0,0.0,0.5,0.5,0,D,Génie Électrique,BAC_1,Grand Lomé,public,M,2024,REORIENTE
1,1,0,1,0,0,9.89,8.75,10.71,1,10.71,0.6256,0.658,0.07100000000000009,0,0,0.0,0.5,0.5,0,D,Géographie,BAC_1,Maritime,public,M,2024,ADMIS
1,1,0,1,0,0,13.26,13.66,13.76,1,13.76,0.8508,0.642,0.376,0,0,0.0,0.5,0.5,0,D,Sociologie,BAC_1,Kara,privé,F,2023,ADMIS
1,1,0,1,0,0,9.67,9.36,9.34,-1,9.34,0.6002,0.59,-0.06600000000000002,0,0,0.0,0.5,0.5,0,D,Génie Informatique,BAC_1,Grand Lomé,public,F,2024,ADMIS
1,1,0,1,0,0,10.33,8.89,9.86,1,9.86,0.5846,0.506,-0.014000000000000058,0,0,0.0,0.5,0.5,0,D,Physique-Chimie,BAC_1,Kara,public,F,2023,REORIENTE
1,1,0,1,0,0,11.29,10.34,11.19,1,11.19,0.4738,0.616,0.11899999999999995,0,0,0.0,0.5,0.5,0,A,Arts Plastiques,BAC_1,Centrale,privé,M,2024,ADMIS
1,1,0,1,0,0,11.24,10.65,10.24,-1,10.24,0.5267999999999999,0.567,0.02400000000000002,0,0,0.0,0.5,0.5,0,A,Droit,BAC_1,Grand Lomé,public,M,2024,REORIENTE
1,1,0,1,0,0,3.22,5.33,6.44,1,6.44,0.4768,0.436,-0.356,0,0,0.0,0.5,0.5,0,D,Sciences Environnementales,BAC_1,Kara,public,F,2024,REORIENTE
1,1,0,1,0,0,8.67,9.54,10.3,1,10.3,0.5398,0.454,0.030000000000000072,0,0,0.0,0.5,0.5,0,D,Sociologie,BAC_1,Grand Lomé,public,F,2024,REORIENTE
1,1,0,1,0,0,8.16,6.98,8.29,1,8.29,0.6932,0.443,-0.1710000000000001,0,0,0.0,0.5,0.5,0,A,Droit,BAC_1,Grand Lomé,public,M,2023,ADMIS
1,1,0,1,0,0,11.47,11.2,10.61,-1,10.61,0.491,0.509,0.06099999999999994,0,0,0.0,0.5,0.5,0,A,Anglais,BAC_1,Grand Lomé,public,M,2024,REORIENTE
1,1,0,1,0,0,14.09,15.1,14.91,-1,14.91,0.7265999999999999,0.654,0.491,0,0,0.0,0.5,0.5,0,D,Sciences Infirmières,BAC_1,Plateaux Ouest,public,M,2023,REORIENTE
1,1,0,1,0,0,11.89,10.01,11.15,1,11.15,0.6093999999999999,0.529,0.11500000000000003,0,0,0.0,0.5,0.5,0,A,Droit,BAC_1,Savanes,public,M,2023,ADMIS
1,1,0,1,0,0,7.32,7.46,8.08,1,8.08,0.7932,0.609,-0.192,0,0,0.0,0.5,0.5,0,G1,Économie,BAC_1,Plateaux Est,public,F,2023,REORIENTE
1,1,0,1,0,0,8.0,8.01,8.39,1,8.39,0.31320000000000003,0.396,-0.16099999999999995,0,0,0.0,0.5,0.5,0,A,Lettres Modernes,BAC_1,Centrale,public,F,2024,REORIENTE
1,1,0,1,0,0,13.14,12.71,12.99,1,12.99,0.6088,0.499,0.29900000000000004,0,0,0.0,0.5,0.5,0,A,Lettres Modernes,BAC_1,Plateaux Est,public,M,2023,ADMIS
1,1,0,1,0,0,9.45,10.97,11.18,1,11.18,0.5774,0.533,0.11799999999999997,0,0,0.0,0.5,0.5,0,A,Sciences Politiques,BAC_1,Savanes,public,F,2024,REORIENTE
1,1,0,1,0,0,11.88,13.58,13.01,-1,13.01,0.6354,0.489,0.301,0,0,0.0,0.5,0.5,0,D,Sciences de l'Éducation,BAC_1,Grand Lomé,public,F,2024,ADMIS
1,1,0,1,0,0,7.85,9.75,9.5,-1,9.5,0.5654,0.605,-0.05,0,0,0.0,0.5,0.5,0,A,Anglais,BAC_1,Grand Lomé,public,F,2024,ADMIS
1,1,0,1,0,0,10.48,10.79,10.77,-1,10.77,0.822,0.57,0.07699999999999996,0,0,0.0,0.5,0.5,0,A,Sciences de l'Éducation,BAC_1,Plateaux Est,public,F,2023,REORIENTE
1,1,0,1,0,0,8.28,8.16,8.51,1,8.51,0.5988,0.573,-0.14900000000000002,0,0,0.0,0.5,0.5,0,D,Gestion des Entreprises,BAC_1,Plateaux Ouest,public,F,2023,REORIENTE
1,1,0,1,0,0,6.9,7.71,8.73,1,8.73,0.565,0.334,-0.12699999999999995,0,0,0.0,0.5,0.5,0,A,Lettres Modernes,BAC_1,Centrale,public,F,2023,REORIENTE
1,1,0,1,0,0,8.57,8.63,9.74,1,9.74,0.4566,0.483,-0.025999999999999978,0,0,0.0,0.5,0.5,0,A,Communication et Journalisme,BAC_1,Centrale,public,M,2024,REORIENTE
1,1,0,1,0,0,10.69,11.21,12.16,1,12.16,0.778,0.46,0.21600000000000003,0,0,0.0,0.5,0.5,0,E,Génie Informatique,BAC_1,Grand Lomé,public,F,2023,REORIENTE
1,1,0,1,0,0,8.64,8.46,8.59,1,8.59,0.3456,0.519,-0.14100000000000001,0,0,0.0,0.5,0.5,0,D,Génie Mécanique,BAC_1,Plateaux Ouest,public,M,2024,REORIENTE
1,1,0,1,0,0,13.36,13.91,13.42,-1,13.42,0.8088,0.537,0.34199999999999997,0,0,0.0,0.5,0.5,0,A,STAPS (Activités Physiques et Sportives),BAC_1,Plateaux Ouest,privé,F,2023,ADMIS
1,1,0,1,0,0,12.25,13.18,12.91,-1,12.91,0.7708,0.553,0.29100000000000004,0,0,0.0,0.5,0.5,0,D,Sciences de l'Éducation,BAC_1,Grand Lomé,public,M,2023,ADMIS
1,1,0,1,0,0,8.1,7.15,7.48,1,7.48,0.747,0.519,-0.25199999999999995,0,0,0.0,0.5,0.5,0,D,Génie Mécanique,BAC_1,Maritime,public,F,2023,ADMIS
1,1,0,1,0,0,9.81,9.5,9.04,-1,9.04,0.71,0.29,-0.09600000000000009,0,0,0.0,0.5,0.5,0,D,Enseignement Primaire,BAC_1,Savanes,privé,F,2023,REORIENTE
1,1,0,1,0,0,7.84,8.87,8.31,-1,8.31,0.4436,0.602,-0.16899999999999996,0,0,0.0,0.5,0.5,0,D,Informatique,BAC_1,Kara,privé,F,2024,ADMIS
1,1,0,1,0,0,12.02,14.66,13.4,-1,13.4,0.5389999999999999,0.482,0.34,0,0,0.0,0.5,0.5,0,G3,Finance et Comptabilité,BAC_1,Centrale,public,F,2023,ADMIS
1,1,0,1,0,0,13.92,14.71,14.42,-1,14.42,0.7116,0.525,0.442,0,0,0.0,0.5,0.5,0,D,Sciences Environnementales,BAC_1,Grand Lomé,public,M,2023,ADMIS
1,1,0,1,0,0,11.58,11.69,12.53,1,12.53,0.3584,0.497,0.25299999999999995,0,0,0.0,0.5,0.5,0,A,Communication et Journalisme,BAC_1,Centrale,public,F,2024,REORIENTE
1,1,0,1,0,0,9.93,11.22,10.73,-1,10.73,0.8775999999999999,0.709,0.07300000000000004,0,0,0.0,0.5,0.5,0,A,Sciences Politiques,BAC_1,Plateaux Est,privé,F,2023,REORIENTE
1,1,0,1,0,0,8.97,8.83,9.07,1,9.07,0.7402,0.403,-0.09299999999999997,0,0,0.0,0.5,0.5,0,D,Enseignement Primaire,BAC_1,Maritime,public,M,2023,REORIENTE
1,1,0,1,0,0,6.87,6.85,7.49,1,7.49,0.32439999999999997,0.595,-0.251,0,0,0.0,0.5,0.5,0,D,Finance et Comptabilité,BAC_1,Plateaux Ouest,public,M,2024,REORIENTE
1,1,0,1,0,0,10.06,10.52,10.16,-1,10.16,0.40260000000000007,0.324,0.016000000000000014,0,0,0.0,0.5,0.5,0,D,Informatique,BAC_1,Kara,public,F,2024,REORIENTE
1,1,0,1,0,0,11.78,11.93,12.56,1,12.56,0.7964,0.506,0.25600000000000006,0,0,0.0,0.5,0.5,0,A,Histoire,BAC_1,Maritime,privé,F,2023,ADMIS
1,1,0,1,0,0,9.16,10.4,11.24,1,11.24,0.7372,0.562,0.12400000000000003,0,0,0.0,0.5,0.5,0,E,Mathématiques Appliquées,BAC_1,Centrale,public,F,2023,REORIENTE
1,1,0,1,0,0,9.29,10.27,10.24,-1,10.24,0.7991999999999999,0.588,0.02400000000000002,0,0,0.0,0.5,0.5,0,D,Sciences Infirmières,BAC_1,Grand Lomé,public,F,2023,REORIENTE
1,1,0,1,0,0,11.99,12.29,12.86,1,12.86,0.544,0.526,0.2859999999999999,0,0,0.0,0.5,0.5,0,G3,Sciences Infirmières,BAC_1,Maritime,public,F,2024,REORIENTE
1,1,0,1,0,0,9.31,12.31,11.81,-1,11.81,0.7124,0.401,0.18100000000000005,0,0,0.0,0.5,0.5,0,D,Sciences Infirmières,BAC_1,Maritime,public,M,2023,REORIENTE
1,1,0,1,0,0,6.26,5.57,6.64,1,6.64,0.6679999999999999,0.773,-0.336,0,0,0.0,0.5,0.5,0,G2,Gestion des Entreprises,BAC_1,Kara,public,F,2024,REORIENTE
1,1,0,1,0,0,9.95,9.81,10.32,1,10.32,0.4808,0.467,0.03200000000000003,0,0,0.0,0.5,0.5,0,A,Droit,BAC_1,Maritime,public,F,2024,REORIENTE
1,1,0,1,0,0,8.69,9.02,9.62,1,9.62,0.45339999999999997,0.427,-0.038000000000000075,0,0,0.0,0.5,0.5,0,A,Enseignement Primaire,BAC_1,Maritime,public,F,2024,REORIENTE
1,1,0,1,0,0,10.76,9.9,11.63,1,11.63,0.53,0.527,0.1630000000000001,0,0,0.0,0.5,0.5,0,D,Médecine,BAC_1,Kara,public,F,2024,REORIENTE
1,1,0,1,0,0,11.42,10.76,11.53,1,11.53,0.631,0.271,0.15299999999999994,0,0,0.0,0.5,0.5,0,D,Sociologie,BAC_1,Savanes,public,F,2023,ADMIS
1,1,0,1,0,0,9.84,10.32,10.55,1,10.55,0.49,0.454,0.05500000000000007,0,0,0.0,0.5,0.5,0,A,Anglais,BAC_1,Grand Lomé,public,F,2024,ADMIS
1,1,0,1,0,0,9.84,8.85,9.65,1,9.65,0.5652,0.681,-0.03499999999999996,0,0,0.0,0.5,0.5,0,D,Informatique,BAC_1,Grand Lomé,privé,M,2024,ADMIS
1,1,0,1,0,0,9.09,10.36,9.75,-1,9.75,0.19180000000000003,0.28,-0.025,0,0,0.0,0.5,0.5,0,A,Communication et Journalisme,BAC_1,Centrale,public,M,2024,ADMIS
1,1,0,1,0,0,8.08,9.65,8.98,-1,8.98,0.4286,0.746,-0.10199999999999995,0,0,0.0,0.5,0.5,0,A,Sciences Politiques,BAC_1,Plateaux Est,public,F,2024,REORIENTE
1,1,0,1,0,0,9.11,9.13,9.61,1,9.61,0.5064,0.48,-0.039000000000000055,0,0,0.0,0.5,0.5,0,D,Sociologie,BAC_1,Kara,public,F,2024,REORIENTE
1,1,0,1,0,0,7.91,8.4,8.18,-1,8.18,0.2768,0.464,-0.18200000000000002,0,0,0.0,0.5,0.5,0,D,Informatique,BAC_1,Savanes,public,F,2024,REORIENTE
1,1,0,1,0,0,10.66,9.86,9.94,1,9.94,0.6577999999999999,0.395,-0.0060000000000000496,0,0,0.0,0.5,0.5,0,D,Psychologie,BAC_1,Maritime,public,M,2023,REORIENTE
1,1,0,1,0,0,9.48,11.52,11.06,-1,11.06,0.4496,0.518,0.10600000000000005,0,0,0.0,0.5,0.5,0,D,Sociologie,BAC_1,Grand Lomé,privé,F,2024,REORIENTE
1,1,0,1,0,0,12.06,9.93,11.15,1,11.15,0.579,0.627,0.11500000000000003,0,0,0.0,0.5,0.5,0,D,Génie Électrique,BAC_1,Centrale,public,M,2023,REORIENTE
1,1,0,1,0,0,5.28,6.75,6.94,1,6.94,0.6474,0.531,-0.30599999999999994,0,0,0.0,0.5,0.5,0,D,Géographie,BAC_1,Plateaux Est,public,F,2023,ADMIS
1,1,0,1,0,0,6.59,6.89,7.12,1,7.12,0.5609999999999999,0.69,-0.288,0,0,0.0,0.5,0.5,0,D,Biologie,BAC_1,Centrale,privé,M,2024,ADMIS
1,1,0,1,0,0,10.11,10.28,10.27,-1,10.27,0.6728000000000001,0.494,0.026999999999999958,0,0,0.0,0.5,0.5,0,A,Sciences Politiques,BAC_1,Plateaux Ouest,public,M,2023,REORIENTE
1,1,0,1,0,0,8.31,9.03,9.25,1,9.25,0.8392,0.613,-0.075,0,0,0.0,0.5,0.5,0,A,Sciences de l'Éducation,BAC_1,Savanes,privé,M,2023,REORIENTE
1,1,0,1,0,0,12.51,12.03,12.33,1,12.33,0.6148,0.715,0.233,0,0,0.0,0.5,0.5,0,D,Finance et Comptabilité,BAC_1,Grand Lomé,public,F,2024,ADMIS
1,1,0,1,0,0,12.27,12.28,11.83,-1,11.83,0.4918,0.343,0.183,0,0,0.0,0.5,0.5,0,A,Lettres Modernes,BAC_1,Maritime,public,F,2024,REORIENTE
1,1,0,1,0,0,6.58,7.53,7.88,1,7.88,0.5654,0.389,-0.21200000000000002,0,0,0.0,0.5,0.5,0,A,Psychologie,BAC_1,Plateaux Ouest,privé,M,2024,REORIENTE
1,1,0,1,0,0,8.18,8.61,8.7,1,8.7,0.6788,0.578,-0.13000000000000006,0,0,0.0,0.5,0.5,0,D,Psychologie,BAC_1,Grand Lomé,privé,F,2024,REORIENTE
1,1,0,1,0,0,10.65,11.76,12.83,1,12.83,0.7909999999999999,0.746,0.28300000000000003,0,0,0.0,0.5,0.5,0,D,Biologie,BAC_1,Maritime,public,F,2023,ADMIS
1,1,0,1,0,0,5.63,5.44,6.82,1,6.82,0.2928,0.459,-0.31799999999999995,0,0,0.0,0.5,0.5,0,A,Sociologie,BAC_1,Grand Lomé,public,M,2024,REORIENTE
1,1,0,1,0,0,10.22,10.2,10.5,1,10.5,0.8795999999999999,0.714,0.05,0,0,0.0,0.5,0.5,0,A,STAPS (Activités Physiques et Sportives),BAC_1,Grand Lomé,privé,M,2023,REORIENTE
1,1,0,1,0,0,12.92,13.13,13.11,-1,13.11,0.748,0.502,0.31099999999999994,0,0,0.0,0.5,0.5,0,F1,Génie Mécanique,BAC_1,Grand Lomé,public,F,2024,ADMIS
1,1,0,1,0,0,8.33,8.66,7.69,-1,7.69,0.7004,0.476,-0.23099999999999996,0,0,0.0,0.5,0.5,0,A,Psychologie,BAC_1,Plateaux Est,privé,M,2023,REORIENTE
1,1,0,1,0,0,10.43,9.98,11.18,1,11.18,0.6088,0.514,0.11799999999999997,0,0,0.0,0.5,0.5,0,D,Sciences Forestières,BAC_1,Plateaux Est,public,M,2023,ADMIS
1,1,0,1,0,0,8.59,7.78,9.08,1,9.08,0.4536,0.384,-0.092,0,0,0.0,0.5,0.5,0,A,Lettres Modernes,BAC_1,Grand Lomé,public,F,2024,ADMIS
1,1,0,1,0,0,9.08,9.29,9.51,1,9.51,0.6337999999999999,0.335,-0.04900000000000002,0,0,0.0,0.5,0.5,0,D,Tourisme et Hôtellerie,BAC_1,Grand Lomé,public,M,2023,ADMIS
1,1,0,1,0,0,6.88,9.07,8.64,-1,8.64,0.7629999999999999,0.568,-0.13599999999999995,0,0,0.0,0.5,0.5,0,F3,Génie Mécanique,BAC_1,Plateaux Est,public,M,2023,REORIENTE
1,1,0,1,0,0,8.26,8.84,8.53,-1,8.53,0.733,0.649,-0.14700000000000008,0,0,0.0,0.5,0.5,0,A,Droit,BAC_1,Maritime,public,F,2023,REORIENTE
1,1,0,1,0,0,12.05,13.03,13.53,1,13.53,0.7262,0.653,0.3529999999999999,0,0,0.0,0.5,0.5,0,G1,Économie,BAC_1,Grand Lomé,public,M,2023,ADMIS
1,1,0,1,0,0,4.75,5.49,6.62,1,6.62,0.3024,0.507,-0.33799999999999997,0,0,0.0,0.5,0.5,0,D,Génie Informatique,BAC_1,Maritime,public,F,2024,REORIENTE
1,1,0,1,0,0,9.66,9.31,9.76,1,9.76,0.9348,0.852,-0.02400000000000002,0,0,0.0,0.5,0.5,0,D,Physique-Chimie,BAC_1,Maritime,privé,M,2023,REORIENTE
1,1,0,1,0,0,12.5,13.61,13.63,1,13.63,0.7565999999999999,0.636,0.3630000000000001,0,0,0.0,0.5,0.5,0,A,Droit,BAC_1,Grand Lomé,public,M,2023,ADMIS
1,1,0,1,0,0,7.29,8.39,7.6,-1,7.6,0.3144,0.303,-0.24000000000000005,0,0,0.0,0.5,0.5,0,D,Physique-Chimie,BAC_1,Maritime,public,M,2024,REORIENTE
1,1,0,1,0,0,6.52,8.21,7.92,-1,7.92,0.41859999999999997,0.499,-0.20800000000000002,0,0,0.0,0.5,0.5,0,A,Droit,BAC_1,Maritime,privé,F,2024,REORIENTE
1,1,0,1,0,0,7.22,9.08,8.67,-1,8.67,0.6869999999999999,0.495,-0.133,0,0,0.0,0.5,0.5,0,A,STAPS (Activités Physiques et Sportives),BAC_1,Plateaux Ouest,public,F,2023,REORIENTE
1,1,0,1,0,0,7.86,9.08,8.28,-1,8.28,0.6804,0.597,-0.17200000000000007,0,0,0.0,0.5,0.5,0,F1,Génie Civil,BAC_1,Savanes,public,M,2024,ADMIS
1,1,0,1,0,0,6.96,6.74,7.83,1,7.83,0.5337999999999999,0.175,-0.217,0,0,0.0,0.5,0.5,0,A,Communication et Journalisme,BAC_1,Grand Lomé,public,F,2023,ADMIS
1,1,0,1,0,0,8.6,9.54,10.6,1,10.6,0.616,0.403,0.05999999999999996,0,0,0.0,0.5,0.5,0,A,Psychologie,BAC_1,Grand Lomé,public,F,2023,ADMIS
1,1,0,1,0,0,7.51,7.77,8.49,1,8.49,0.4066,0.538,-0.15099999999999997,0,0,0.0,0.5,0.5,0,D,Gestion des Entreprises,BAC_1,Grand Lomé,public,F,2024,REORIENTE
1,1,0,1,0,0,7.18,8.84,8.72,-1,8.72,0.6086,0.578,-0.12799999999999995,0,0,0.0,0.5,0.5,0,D,Gestion des Entreprises,BAC_1,Plateaux Est,public,F,2023,REORIENTE
1,1,0,1,0,0,10.0,9.39,9.57,1,9.57,0.4162,0.448,-0.04299999999999997,0,0,0.0,0.5,0.5,0,A,Sciences Politiques,BAC_1,Plateaux Ouest,public,M,2024,ADMIS
1,1,0,1,0,0,9.66,9.07,10.04,1,10.04,0.7158000000000001,0.402,0.003999999999999915,0,0,0.0,0.5,0.5,0,A,Droit,BAC_1,Grand Lomé,privé,M,2024,ADMIS
1,1,0,1,0,0,11.72,11.7,12.2,1,12.2,0.469,0.421,0.21999999999999992,0,0,0.0,0.5,0.5,0,A,Anglais,BAC_1,Plateaux Ouest,public,M,2024,ADMIS
1,1,0,1,0,0,7.58,8.04,8.47,1,8.47,0.5571999999999999,0.52,-0.15299999999999994,0,0,0.0,0.5,0.5,0,D,Gestion des Entreprises,BAC_1,Grand Lomé,public,F,2023,REORIENTE
1,1,0,1,0,0,7.13,8.56,8.3,-1,8.3,0.6642,0.477,-0.16999999999999993,0,0,0.0,0.5,0.5,0,D,Informatique,BAC_1,Maritime,public,M,2023,REORIENTE
1,1,0,1,0,0,11.61,9.64,11.19,1,11.19,0.7053999999999999,0.454,0.11899999999999995,0,0,0.0,0.5,0.5,0,D,Sciences Forestières,BAC_1,Grand Lomé,public,M,2023,REORIENTE
1,1,0,1,0,0,13.21,14.55,14.13,-1,14.13,0.7068000000000001,0.432,0.4130000000000001,0,0,0.0,0.5,0.5,0,A,STAPS (Activités Physiques et Sportives),BAC_1,Grand Lomé,public,M,2023,ADMIS
1,1,0,1,0,0,12.95,13.71,13.39,-1,13.39,0.6362,0.53,0.3390000000000001,0,0,0.0,0.5,0.5,0,A,Lettres Modernes,BAC_1,Kara,public,M,2023,ADMIS
1,1,0,1,0,0,14.93,14.22,13.97,-1,13.97,0.40080000000000005,0.45,0.3970000000000001,0,0,0.0,0.5,0.5,0,D,Biologie,BAC_1,Plateaux Ouest,public,M,2024,REORIENTE
1,1,0,1,0,0,9.11,10.76,10.21,-1,10.21,0.722,0.593,0.021000000000000085,0,0,0.0,0.5,0.5,0,B,Communication et Journalisme,BAC_1,Centrale,privé,M,2023,ADMIS
1,1,0,1,0,0,8.37,9.89,9.44,-1,9.44,0.5700000000000001,0.594,-0.05600000000000005,0,0,0.0,0.5,0.5,0,G3,Gestion des Entreprises,BAC_1,Maritime,public,M,2023,REORIENTE
1,1,0,1,0,0,10.8,11.95,11.53,-1,11.53,0.5578000000000001,0.463,0.15299999999999994,0,0,0.0,0.5,0.5,0,A,Psychologie,BAC_1,Maritime,public,F,2024,ADMIS
1,1,0,1,0,0,8.26,7.74,9.3,1,9.3,0.299,0.218,-0.06999999999999992,0,0,0.0,0.5,0.5,0,D,Odontologie,BAC_1,Maritime,public,F,2024,REORIENTE
1,1,0,1,0,0,13.31,12.57,13.06,1,13.06,0.6568,0.523,0.30600000000000005,0,0,0.0,0.5,0.5,0,D,STAPS (Activités Physiques et Sportives),BAC_1,Savanes,privé,F,2024,REORIENTE
1,1,0,1,0,0,12.05,11.46,12.18,1,12.18,0.776,0.455,0.21799999999999997,0,0,0.0,0.5,0.5,0,C,Biologie,BAC_1,Plateaux Est,public,M,2023,ADMIS
1,1,0,1,0,0,10.73,9.73,9.56,-1,9.56,0.572,0.569,-0.04399999999999995,0,0,0.0,0.5,0.5,0,D,Psychologie,BAC_1,Plateaux Ouest,privé,F,2024,REORIENTE
1,1,0,1,0,0,12.8,11.64,12.01,1,12.01,0.7656000000000001,0.564,0.20099999999999998,0,0,0.0,0.5,0.5,0,B,Économie,BAC_1,Kara,privé,M,2024,REORIENTE
1,1,0,1,0,0,10.06,10.27,10.52,1,10.52,0.22500000000000003,0.306,0.051999999999999956,0,0,0.0,0.5,0.5,0,D,Agronomie,BAC_1,Plateaux Est,public,F,2024,ADMIS
1,1,0,1,0,0,10.37,10.87,10.98,1,10.98,0.4442,0.374,0.09800000000000005,0,0,0.0,0.5,0.5,0,D,Agronomie,BAC_1,Savanes,privé,M,2024,ADMIS
1,1,0,1,0,0,9.09,7.85,7.83,-1,7.83,0.552,0.627,-0.217,0,0,0.0,0.5,0.5,0,A,Tourisme et Hôtellerie,BAC_1,Grand Lomé,public,M,2024,ADMIS
1,1,0,1,0,0,11.31,12.13,11.81,-1,11.81,0.764,0.521,0.18100000000000005,0,0,0.0,0.5,0.5,0,A,Droit,BAC_1,Grand Lomé,public,F,2023,ADMIS
1,1,0,1,0,0,10.78,11.49,10.8,-1,10.8,0.594,0.639,0.08000000000000007,0,0,0.0,0.5,0.5,0,G2,Économie,BAC_1,Grand Lomé,privé,F,2023,REORIENTE
1,1,0,1,0,0,11.03,9.87,11.17,1,11.17,0.6262,0.634,0.11699999999999999,0,0,0.0,0.5,0.5,0,A,Lettres Modernes,BAC_1,Centrale,public,F,2023,REORIENTE
1,1,0,1,0,0,8.17,9.59,9.44,-1,9.44,0.7032,0.525,-0.05600000000000005,0,0,0.0,0.5,0.5,0,D,Agronomie,BAC_1,Plateaux Est,privé,F,2023,REORIENTE
1,1,0,1,0,0,9.53,9.45,8.84,-1,8.84,0.7732,0.592,-0.11600000000000002,0,0,0.0,0.5,0.5,0,F1,Génie Mécanique,BAC_1,Plateaux Est,public,M,2024,ADMIS
1,1,0,1,0,0,11.19,11.94,12.12,1,12.12,0.38739999999999997,0.52,0.2119999999999999,0,0,0.0,0.5,0.5,0,D,Enseignement Primaire,BAC_1,Maritime,public,M,2024,REORIENTE
1,1,0,1,0,0,12.56,12.15,12.79,1,12.79,0.6868000000000001,0.508,0.2789999999999999,0,0,0.0,0.5,0.5,0,A,Sciences de l'Éducation,BAC_1,Centrale,public,M,2023,ADMIS
1,1,0,1,0,0,13.63,13.21,13.51,1,13.51,0.5528,0.509,0.351,0,0,0.0,0.5,0.5,0,D,Biologie,BAC_1,Centrale,privé,F,2024,REORIENTE
1,1,0,1,0,0,11.1,11.2,12.03,1,12.03,0.6874,0.655,0.20299999999999993,0,0,0.0,0.5,0.5,0,A,Géographie,BAC_1,Maritime,public,F,2023,ADMIS
1,1,0,1,0,0,10.25,10.94,11.5,1,11.5,0.5878,0.622,0.15,0,0,0.0,0.5,0.5,0,D,Biologie,BAC_1,Kara,public,M,2024,REORIENTE
1,1,0,1,0,0,10.35,11.59,10.88,-1,10.88,0.3008,0.371,0.08800000000000008,0,0,0.0,0.5,0.5,0,D,Physique-Chimie,BAC_1,Maritime,public,F,2024,REORIENTE
1,1,0,1,0,0,9.42,10.26,10.28,1,10.28,0.4756,0.706,0.027999999999999935,0,0,0.0,0.5,0.5,0,G3,Finance et Comptabilité,BAC_1,Kara,public,F,2024,REORIENTE
1,1,0,1,0,0,11.9,11.56,11.82,1,11.82,0.8328,0.624,0.18200000000000002,0,0,0.0,0.5,0.5,0,A,Communication et Journalisme,BAC_1,Plateaux Est,public,F,2023,ADMIS
1,1,0,1,0,0,7.54,5.46,6.96,1,6.96,0.6012000000000001,0.492,-0.304,0,0,0.0,0.5,0.5,0,D,Génie Mécanique,BAC_1,Kara,public,F,2023,REORIENTE
1,1,0,1,0,0,12.62,12.17,13.24,1,13.24,0.2816,0.554,0.324,0,0,0.0,0.5,0.5,0,D,Agronomie,BAC_1,Plateaux Est,public,F,2024,ADMIS
1,1,0,1,0,0,8.64,8.22,8.54,1,8.54,0.542,0.665,-0.14600000000000007,0,0,0.0,0.5,0.5,0,A,Psychologie,BAC_1,Grand Lomé,public,F,2024,REORIENTE
1,1,0,1,0,0,11.04,11.75,12.28,1,12.28,0.4968,0.513,0.22799999999999992,0,0,0.0,0.5,0.5,0,A,Sociologie,BAC_1,Plateaux Est,public,F,2024,ADMIS
1,1,0,1,0,0,8.37,10.65,9.63,-1,9.63,0.5146,0.637,-0.03699999999999992,0,0,0.0,0.5,0.5,0,A,Sociologie,BAC_1,Plateaux Ouest,public,F,2024,REORIENTE
1,1,0,1,0,0,7.63,7.58,7.91,1,7.91,0.7636000000000001,0.574,-0.209,0,0,0.0,0.5,0.5,0,D,Finance et Comptabilité,BAC_1,Grand Lomé,public,M,2023,ADMIS
1,1,0,1,0,0,6.5,6.98,7.42,1,7.42,0.639,0.597,-0.258,0,0,0.0,0.5,0.5,0,A,Droit,BAC_1,Maritime,public,M,2024,REORIENTE
1,1,0,1,0,0,9.28,10.94,11.1,1,11.1,0.38239999999999996,0.716,0.10999999999999996,0,0,0.0,0.5,0.5,0,D,Gestion des Entreprises,BAC_1,Maritime,public,M,2024,REORIENTE
1,1,0,1,0,0,12.39,12.48,12.32,-1,12.32,0.42679999999999996,0.509,0.23200000000000004,0,0,0.0,0.5,0.5,0,A,Anglais,BAC_1,Plateaux Ouest,public,F,2024,REORIENTE
1,1,0,1,0,0,10.17,10.76,10.73,-1,10.73,0.6716,0.401,0.07300000000000004,0,0,0.0,0.5,0.5,0,A,STAPS (Activités Physiques et Sportives),BAC_1,Grand Lomé,privé,M,2023,REORIENTE
1,1,0,1,0,0,13.2,13.76,13.16,-1,13.16,0.4732,0.754,0.316,0,0,0.0,0.5,0.5,0,A,Géographie,BAC_1,Plateaux Ouest,public,F,2024,REORIENTE
1,1,0,1,0,0,9.18,9.8,9.7,-1,9.7,0.379,0.466,-0.030000000000000072,0,0,0.0,0.5,0.5,0,D,Histoire,BAC_1,Grand Lomé,public,F,2024,REORIENTE
1,1,0,1,0,0,10.7,12.69,11.99,-1,11.99,0.2818,0.154,0.199,0,0,0.0,0.5,0.5,0,A,Lettres Modernes,BAC_1,Plateaux Est,public,F,2024,REORIENTE
1,1,0,1,0,0,8.74,9.77,10.27,1,10.27,0.566,0.512,0.026999999999999958,0,0,0.0,0.5,0.5,0,A,Sciences Politiques,BAC_1,Kara,public,F,2024,REORIENTE
1,1,0,1,0,0,12.59,13.29,12.75,-1,12.75,0.6892,0.514,0.275,0,0,0.0,0.5,0.5,0,D,Gestion des Entreprises,BAC_1,Centrale,public,F,2023,ADMIS
1,1,0,1,0,0,13.32,14.61,13.58,-1,13.58,0.4852,0.496,0.358,0,0,0.0,0.5,0.5,0,D,Géographie,BAC_1,Plateaux Ouest,public,F,2024,REORIENTE
1,1,0,1,0,0,7.53,10.14,9.15,-1,9.15,0.3548,0.191,-0.08499999999999996,0,0,0.0,0.5,0.5,0,D,Gestion des Entreprises,BAC_1,Kara,public,F,2024,REORIENTE
1,1,0,1,0,0,11.01,10.85,11.39,1,11.39,0.6015999999999999,0.649,0.13900000000000007,0,0,0.0,0.5,0.5,0,A,Histoire,BAC_1,Grand Lomé,privé,M,2024,REORIENTE
1,1,0,1,0,0,8.09,7.75,8.58,1,8.58,0.48579999999999995,0.571,-0.142,0,0,0.0,0.5,0.5,0,A,Communication et Journalisme,BAC_1,Plateaux Est,public,F,2024,REORIENTE
1,1,0,1,0,0,14.77,15.66,15.25,-1,15.25,0.5096,0.539,0.525,0,0,0.0,0.5,0.5,0,D,Pharmacie,BAC_1,Grand Lomé,privé,F,2024,REORIENTE
1,1,0,1,0,0,13.5,13.59,13.49,-1,13.49,0.9192,0.816,0.34900000000000003,0,0,0.0,0.5,0.5,0,D,Finance et Comptabilité,BAC_1,Maritime,privé,M,2023,ADMIS
1,1,0,1,0,0,10.03,10.33,10.14,-1,10.14,0.632,0.47,0.014000000000000058,0,0,0.0,0.5,0.5,0,A,Droit,BAC_1,Maritime,public,F,2023,REORIENTE
1,1,0,1,0,0,10.99,12.55,12.59,1,12.59,0.6168,0.597,0.259,0,0,0.0,0.5,0.5,0,A,STAPS (Activités Physiques et Sportives),BAC_1,Savanes,public,M,2024,ADMIS
1,1,0,1,0,0,11.97,10.18,10.84,1,10.84,0.4846,0.286,0.08399999999999999,0,0,0.0,0.5,0.5,0,D,Génie Électrique,BAC_1,Plateaux Est,public,M,2023,ADMIS
1,1,0,1,0,0,7.41,7.9,8.18,1,8.18,0.5558000000000001,0.581,-0.18200000000000002,0,0,0.0,0.5,0.5,0,D,Sciences de l'Éducation,BAC_1,Grand Lomé,public,M,2024,REORIENTE
1,1,0,1,0,0,11.2,10.5,10.11,-1,10.11,0.6416,0.146,0.010999999999999944,0,0,0.0,0.5,0.5,0,A,Communication et Journalisme,BAC_1,Grand Lomé,public,M,2023,ADMIS
1,1,0,1,0,0,12.25,10.95,12.61,1,12.61,0.7054,0.508,0.26099999999999995,0,0,0.0,0.5,0.5,0,F4,Génie Mécanique,BAC_1,Plateaux Ouest,privé,F,2024,REORIENTE
1,1,0,1,0,0,13.04,12.66,13.08,1,13.08,0.7504,0.577,0.308,0,0,0.0,0.5,0.5,0,D,Enseignement Primaire,BAC_1,Maritime,public,F,2023,ADMIS
1,1,0,1,0,0,11.79,9.59,10.05,1,10.05,0.5646,0.354,0.005000000000000071,0,0,0.0,0.5,0.5,0,D,Gestion des Entreprises,BAC_1,Savanes,public,M,2023,REORIENTE
1,1,0,1,0,0,10.51,10.93,10.81,-1,10.81,0.369,0.429,0.08100000000000004,0,0,0.0,0.5,0.5,0,D,Finance et Comptabilité,BAC_1,Plateaux Ouest,public,F,2024,REORIENTE
1,1,0,1,0,0,13.23,12.38,13.56,1,13.56,0.4208,0.521,0.35600000000000004,0,0,0.0,0.5,0.5,0,D,Psychologie,BAC_1,Maritime,public,F,2024,ADMIS
1,1,0,1,0,0,10.04,11.59,10.64,-1,10.64,0.6302,0.35,0.06400000000000006,0,0,0.0,0.5,0.5,0,A,Lettres Modernes,BAC_1,Grand Lomé,public,M,2023,ADMIS
1,1,0,1,0,0,11.33,11.68,11.13,-1,11.13,0.6556,0.493,0.11300000000000007,0,0,0.0,0.5,0.5,0,A,Sociologie,BAC_1,Grand Lomé,public,F,2024,REORIENTE
1,1,0,1,0,0,7.01,7.52,8.44,1,8.44,0.6554,0.329,-0.15600000000000006,0,0,0.0,0.5,0.5,0,D,Enseignement Primaire,BAC_1,Maritime,public,M,2023,ADMIS
1,1,0,1,0,0,11.74,12.12,11.74,-1,11.74,0.5646,0.372,0.17400000000000002,0,0,0.0,0.5,0.5,0,D,Sciences de l'Éducation,BAC_1,Centrale,public,F,2023,ADMIS
1,1,0,1,0,0,10.61,12.46,12.08,-1,12.08,0.558,0.258,0.20800000000000002,0,0,0.0,0.5,0.5,0,D,Sociologie,BAC_1,Plateaux Est,public,F,2023,ADMIS
1,1,0,1,0,0,7.7,8.39,8.15,-1,8.15,0.2974,0.367,-0.18499999999999997,0,0,0.0,0.5,0.5,0,A,Communication et Journalisme,BAC_1,Plateaux Est,public,F,2024,REORIENTE
1,1,0,1,0,0,9.51,8.31,9.22,1,9.22,0.5184000000000001,0.27,-0.07799999999999993,0,0,0.0,0.5,0.5,0,A,Droit,BAC_1,Plateaux Est,privé,M,2024,ADMIS
1,1,0,1,0,0,8.1,7.81,8.38,1,8.38,0.6232,0.499,-0.16199999999999992,0,0,0.0,0.5,0.5,0,A,Lettres Modernes,BAC_1,Grand Lomé,public,M,2023,ADMIS
1,1,0,1,0,0,10.4,10.82,11.89,1,11.89,0.5118,0.462,0.18900000000000006,0,0,0.0,0.5,0.5,0,A,Psychologie,BAC_1,Savanes,public,F,2024,REORIENTE
1,1,0,1,0,0,6.62,7.73,8.47,1,8.47,0.28040000000000004,0.551,-0.15299999999999994,0,0,0.0,0.5,0.5,0,D,Finance et Comptabilité,BAC_1,Centrale,public,M,2024,REORIENTE
1,1,0,1,0,0,10.47,10.24,10.96,1,10.96,0.5242,0.361,0.09600000000000009,0,0,0.0,0.5,0.5,0,D,Médecine,BAC_1,Grand Lomé,privé,F,2024,ADMIS
1,1,0,1,0,0,10.38,10.87,11.67,1,11.67,0.5292,0.444,0.16699999999999998,0,0,0.0,0.5,0.5,0,A,Sociologie,BAC_1,Grand Lomé,public,M,2024,REORIENTE
1,1,0,1,0,0,9.06,9.12,9.91,1,9.91,0.3508,0.334,-0.008999999999999985,0,0,0.0,0.5,0.5,0,D,Psychologie,BAC_1,Maritime,privé,F,2024,ADMIS
1,1,0,1,0,0,12.85,12.16,12.22,1,12.22,0.7192,0.421,0.22200000000000006,0,0,0.0,0.5,0.5,0,A,Enseignement Primaire,BAC_1,Centrale,public,M,2023,REORIENTE
1,1,0,1,0,0,13.52,13.0,12.89,-1,12.89,0.5592,0.369,0.28900000000000003,0,0,0.0,0.5,0.5,0,D,Sciences Infirmières,BAC_1,Grand Lomé,public,F,2023,REORIENTE
1,1,0,1,0,0,10.66,12.24,12.18,-1,12.18,0.311,0.266,0.21799999999999997,0,0,0.0,0.5,0.5,0,D,Génie Mécanique,BAC_1,Plateaux Ouest,privé,M,2024,ADMIS
1,1,0,1,0,0,9.71,9.57,9.85,1,9.85,0.6308,0.566,-0.015000000000000036,0,0,0.0,0.5,0.5,0,B,Lettres Modernes,BAC_1,Grand Lomé,privé,M,2024,REORIENTE
1,1,0,1,0,0,9.3,10.28,10.62,1,10.62,0.6936,0.504,0.06199999999999992,0,0,0.0,0.5,0.5,0,D,Finance et Comptabilité,BAC_1,Maritime,public,F,2023,REORIENTE
1,1,0,1,0,0,9.1,9.16,10.32,1,10.32,0.7776,0.717,0.03200000000000003,0,0,0.0,0.5,0.5,0,D,Gestion des Entreprises,BAC_1,Maritime,public,F,2023,REORIENTE
1,1,0,1,0,0,11.76,12.43,13.11,1,13.11,0.8437999999999999,0.656,0.31099999999999994,0,0,0.0,0.5,0.5,0,A,Communication et Journalisme,BAC_1,Grand Lomé,privé,M,2024,REORIENTE
1,1,0,1,0,0,13.43,12.38,12.61,1,12.61,0.5456000000000001,0.395,0.26099999999999995,0,0,0.0,0.5,0.5,0,D,Sciences Infirmières,BAC_1,Plateaux Ouest,public,F,2023,REORIENTE
1,1,0,1,0,0,7.05,7.44,8.59,1,8.59,0.584,0.503,-0.14100000000000001,0,0,0.0,0.5,0.5,0,A,Enseignement Primaire,BAC_1,Savanes,privé,M,2024,REORIENTE
1,1,0,1,0,0,11.61,12.66,12.08,-1,12.08,0.47640000000000005,0.492,0.20800000000000002,0,0,0.0,0.5,0.5,0,A,Anglais,BAC_1,Kara,public,M,2024,REORIENTE
1,1,0,1,0,0,11.66,10.22,11.37,1,11.37,0.5634,0.699,0.13699999999999993,0,0,0.0,0.5,0.5,0,A,Droit,BAC_1,Grand Lomé,public,M,2024,REORIENTE
1,1,0,1,0,0,9.72,11.46,11.83,1,11.83,0.6208,0.655,0.183,0,0,0.0,0.5,0.5,0,D,Génie Informatique,BAC_1,Kara,public,M,2023,ADMIS
1,1,0,1,0,0,9.96,8.27,10.34,1,10.34,0.4962,0.606,0.03399999999999999,0,0,0.0,0.5,0.5,0,A,Psychologie,BAC_1,Savanes,public,F,2024,ADMIS
1,1,0,1,0,0,7.5,5.95,8.15,1,8.15,0.5108,0.284,-0.18499999999999997,0,0,0.0,0.5,0.5,0,D,Génie Informatique,BAC_1,Kara,privé,M,2024,REORIENTE
1,1,0,1,0,0,8.15,6.96,8.18,1,8.18,0.7572,0.504,-0.18200000000000002,0,0,0.0,0.5,0.5,0,D,Histoire,BAC_1,Maritime,public,M,2023,ADMIS
1,1,0,1,0,0,7.06,8.73,7.98,-1,7.98,0.3562,0.415,-0.20199999999999996,0,0,0.0,0.5,0.5,0,A,Géographie,BAC_1,Kara,public,F,2024,REORIENTE
1,1,0,1,0,0,10.92,13.9,13.1,-1,13.1,0.7824,0.471,0.30999999999999994,0,0,0.0,0.5,0.5,0,A,Sciences de l'Éducation,BAC_1,Plateaux Ouest,public,F,2023,ADMIS
1,1,0,1,0,0,14.4,14.32,15.0,1,15.0,0.8056,0.814,0.5,0,0,0.0,0.5,0.5,0,D,Médecine,BAC_1,Plateaux Est,public,F,2023,REORIENTE
1,1,0,1,0,0,12.47,12.44,12.87,1,12.87,0.695,0.698,0.2869999999999999,0,0,0.0,0.5,0.5,0,D,Génie Informatique,BAC_1,Plateaux Est,public,F,2023,REORIENTE
1,1,0,1,0,0,12.86,12.98,13.7,1,13.7,0.7358,0.389,0.36999999999999994,0,0,0.0,0.5,0.5,0,D,Gestion des Entreprises,BAC_1,Grand Lomé,public,F,2023,ADMIS
1,1,0,1,0,0,6.71,8.81,8.69,-1,8.69,0.7242,0.63,-0.13100000000000006,0,0,0.0,0.5,0.5,0,D,Gestion des Entreprises,BAC_1,Plateaux Est,public,F,2023,ADMIS
1,1,0,1,0,0,13.18,14.67,13.69,-1,13.69,0.5726,0.44,0.36899999999999994,0,0,0.0,0.5,0.5,0,A,Anglais,BAC_1,Grand Lomé,public,M,2024,ADMIS
1,1,0,1,0,0,15.0,13.31,13.94,1,13.94,0.7472,0.383,0.39399999999999996,0,0,0.0,0.5,0.5,0,A,Psychologie,BAC_1,Maritime,privé,M,2023,REORIENTE
1,1,0,1,0,0,9.68,10.58,10.62,1,10.62,0.814,0.574,0.06199999999999992,0,0,0.0,0.5,0.5,0,D,Finance et Comptabilité,BAC_1,Maritime,public,F,2023,REORIENTE
1,1,0,1,0,0,6.0,6.12,6.78,1,6.78,0.6396,0.534,-0.32199999999999995,0,0,0.0,0.5,0.5,0,A,Sciences de l'Éducation,BAC_1,Plateaux Ouest,public,F,2023,REORIENTE
1,1,0,1,0,0,8.49,7.0,9.2,1,9.2,0.6078,0.513,-0.08000000000000007,0,0,0.0,0.5,0.5,0,A,Enseignement Primaire,BAC_1,Centrale,public,F,2023,ADMIS
1,1,0,1,0,0,6.88,8.04,9.2,1,9.2,0.6798,0.573,-0.08000000000000007,0,0,0.0,0.5,0.5,0,A,Communication et Journalisme,BAC_1,Plateaux Ouest,public,F,2023,REORIENTE
1,1,0,1,0,0,9.67,9.92,9.74,-1,9.74,0.8291999999999999,0.588,-0.025999999999999978,0,0,0.0,0.5,0.5,0,A,Histoire,BAC_1,Centrale,privé,M,2023,REORIENTE
1,1,0,1,0,0,10.05,9.77,9.68,-1,9.68,0.4452,0.48,-0.03200000000000003,0,0,0.0,0.5,0.5,0,A,Sciences de l'Éducation,BAC_1,Plateaux Ouest,privé,M,2024,REORIENTE
1,1,0,1,0,0,8.77,8.24,8.34,1,8.34,0.555,0.558,-0.166,0,0,0.0,0.5,0.5,0,D,Finance et Comptabilité,BAC_1,Grand Lomé,public,M,2024,ADMIS
1,1,0,1,0,0,10.42,11.14,11.5,1,11.5,0.6496,0.592,0.15,0,0,0.0,0.5,0.5,0,A,STAPS (Activités Physiques et Sportives),BAC_1,Maritime,public,F,2023,ADMIS
1,1,0,1,0,0,12.05,11.25,11.83,1,11.83,0.346,0.406,0.183,0,0,0.0,0.5,0.5,0,D,Finance et Comptabilité,BAC_1,Plateaux Est,public,M,2024,REORIENTE
1,1,0,1,0,0,9.26,11.69,11.24,-1,11.24,0.6956,0.749,0.12400000000000003,0,0,0.0,0.5,0.5,0,A,Lettres Modernes,BAC_1,Grand Lomé,privé,F,2024,REORIENTE
1,1,0,1,0,0,9.89,9.51,10.29,1,10.29,0.3158,0.275,0.028999999999999915,0,0,0.0,0.5,0.5,0,A,Lettres Modernes,BAC_1,Centrale,public,F,2024,REORIENTE
1,1,0,1,0,0,10.67,11.63,10.98,-1,10.98,0.6308,0.62,0.09800000000000005,0,0,0.0,0.5,0.5,0,D,Enseignement Primaire,BAC_1,Plateaux Ouest,public,F,2023,REORIENTE
1,1,0,1,0,0,11.41,11.93,11.83,-1,11.83,0.6013999999999999,0.695,0.183,0,0,0.0,0.5,0.5,0,G2,Droit,BAC_1,Centrale,privé,M,2023,ADMIS
1,1,0,1,0,0,10.88,10.22,11.39,1,11.39,0.7238,0.692,0.13900000000000007,0,0,0.0,0.5,0.5,0,D,Physique-Chimie,BAC_1,Maritime,public,F,2023,ADMIS
1,1,0,1,0,0,8.79,10.0,10.13,1,10.13,0.5858,0.482,0.013000000000000077,0,0,0.0,0.5,0.5,0,A,Psychologie,BAC_1,Maritime,public,F,2023,REORIENTE
1,1,0,1,0,0,8.45,8.91,9.88,1,9.88,0.7682,0.8,-0.011999999999999922,0,0,0.0,0.5,0.5,0,A,Tourisme et Hôtellerie,BAC_1,Grand Lomé,public,F,2023,ADMIS
1,1,0,1,0,0,7.84,8.21,8.7,1,8.7,0.4604,0.539,-0.13000000000000006,0,0,0.0,0.5,0.5,0,A,Lettres Modernes,BAC_1,Grand Lomé,public,F,2024,ADMIS
1,1,0,1,0,0,8.0,8.09,8.89,1,8.89,0.44500000000000006,0.445,-0.11099999999999995,0,0,0.0,0.5,0.5,0,A,Histoire,BAC_1,Grand Lomé,public,M,2024,REORIENTE
1,1,0,1,0,0,9.38,10.63,9.14,-1,9.14,0.8029999999999999,0.596,-0.08599999999999994,0,0,0.0,0.5,0.5,0,D,Finance et Comptabilité,BAC_1,Savanes,privé,M,2023,ADMIS
1,1,0,1,0,0,11.1,11.02,11.55,1,11.55,0.6582,0.534,0.15500000000000008,0,0,0.0,0.5,0.5,0,D,Agronomie,BAC_1,Kara,privé,F,2024,REORIENTE
1,1,0,1,0,0,9.85,10.69,10.77,1,10.77,0.5364,0.69,0.07699999999999996,0,0,0.0,0.5,0.5,0,D,Physique-Chimie,BAC_1,Plateaux Est,public,F,2024,REORIENTE
1,1,0,1,0,0,12.41,12.71,12.93,1,12.93,0.4786,0.508,0.293,0,0,0.0,0.5,0.5,0,D,Sciences Infirmières,BAC_1,Grand Lomé,public,M,2024,REORIENTE
1,1,0,1,0,0,10.7,10.47,10.36,-1,10.36,0.4686,0.495,0.03599999999999994,0,0,0.0,0.5,0.5,0,D,Génie Informatique,BAC_1,Grand Lomé,privé,F,2024,REORIENTE
1,1,0,1,0,0,13.16,12.74,12.77,1,12.77,0.6020000000000001,0.515,0.27699999999999997,0,0,0.0,0.5,0.5,0,D,Psychologie,BAC_1,Plateaux Ouest,public,M,2023,ADMIS
1,1,0,1,0,0,8.91,10.35,10.24,-1,10.24,0.6542,0.536,0.02400000000000002,0,0,0.0,0.5,0.5,0,D,Gestion des Entreprises,BAC_1,Grand Lomé,public,M,2023,ADMIS
1,1,0,1,0,0,10.38,10.92,10.35,-1,10.35,0.483,0.258,0.03499999999999996,0,0,0.0,0.5,0.5,0,A,Lettres Modernes,BAC_1,Maritime,public,F,2023,REORIENTE
1,1,0,1,0,0,7.11,7.56,8.22,1,8.22,0.8158,0.751,-0.17799999999999994,0,0,0.0,0.5,0.5,0,A,Sciences Politiques,BAC_1,Centrale,public,F,2023,REORIENTE
1,1,0,1,0,0,8.76,8.99,9.09,1,9.09,0.7653999999999999,0.691,-0.09100000000000001,0,0,0.0,0.5,0.5,0,A,Droit,BAC_1,Grand Lomé,public,F,2023,ADMIS
1,1,0,1,0,0,7.81,10.06,9.42,-1,9.42,0.7032,0.462,-0.05800000000000001,0,0,0.0,0.5,0.5,0,A,Sociologie,BAC_1,Plateaux Est,public,F,2023,REORIENTE
1,1,0,1,0,0,10.84,11.4,12.08,1,12.08,0.7578,0.519,0.20800000000000002,0,0,0.0,0.5,0.5,0,A,Sociologie,BAC_1,Grand Lomé,public,M,2023,ADMIS
1,1,0,1,0,0,10.98,10.28,10.67,1,10.67,0.479,0.392,0.06699999999999999,0,0,0.0,0.5,0.5,0,A,Anglais,BAC_1,Grand Lomé,public,F,2024,ADMIS
1,1,0,1,0,0,12.63,10.89,11.45,1,11.45,0.47619999999999996,0.469,0.14499999999999993,0,0,0.0,0.5,0.5,0,A,Sociologie,BAC_1,Plateaux Est,public,M,2024,ADMIS
1,1,0,1,0,0,7.18,8.58,9.8,1,9.8,0.8418000000000001,0.678,-0.019999999999999928,0,0,0.0,0.5,0.5,0,D,Finance et Comptabilité,BAC_1,Centrale,privé,F,2023,REORIENTE
1,1,0,1,0,0,13.38,12.64,13.33,1,13.33,0.49639999999999995,0.608,0.333,0,0,0.0,0.5,0.5,0,G3,Tourisme et Hôtellerie,BAC_1,Maritime,public,M,2023,ADMIS
1,1,0,1,0,0,9.53,11.44,10.34,-1,10.34,0.5364,0.606,0.03399999999999999,0,0,0.0,0.5,0.5,0,D,Finance et Comptabilité,BAC_1,Grand Lomé,public,M,2024,REORIENTE
1,1,0,1,0,0,8.51,7.91,8.14,1,8.14,0.6274,0.535,-0.18599999999999994,0,0,0.0,0.5,0.5,0,G2,Droit,BAC_1,Savanes,privé,F,2024,REORIENTE
1,1,0,1,0,0,6.2,6.46,7.23,1,7.23,0.7384,0.424,-0.27699999999999997,0,0,0.0,0.5,0.5,0,D,Finance et Comptabilité,BAC_1,Grand Lomé,public,M,2023,ADMIS
1,1,0,1,0,0,8.4,8.61,7.55,-1,7.55,0.37839999999999996,0.358,-0.24500000000000002,0,0,0.0,0.5,0.5,0,D,Géographie,BAC_1,Grand Lomé,public,F,2024,REORIENTE
1,1,0,1,0,0,9.56,9.52,10.97,1,10.97,0.5893999999999999,0.437,0.09700000000000006,0,0,0.0,0.5,0.5,0,G3,Sciences Infirmières,BAC_1,Plateaux Est,public,F,2023,REORIENTE
1,1,0,1,0,0,11.58,10.3,11.93,1,11.93,0.4366,0.544,0.19299999999999998,0,0,0.0,0.5,0.5,0,D,Génie Civil,BAC_1,Kara,public,F,2024,ADMIS
1,1,0,1,0,0,8.59,7.82,9.36,1,9.36,0.6496,0.424,-0.06400000000000006,0,0,0.0,0.5,0.5,0,B,Communication et Journalisme,BAC_1,Grand Lomé,public,F,2023,ADMIS
1,1,0,1,0,0,13.56,12.41,12.97,1,12.97,0.5416000000000001,0.541,0.29700000000000004,0,0,0.0,0.5,0.5,0,D,Psychologie,BAC_1,Plateaux Est,public,F,2023,ADMIS
1,1,0,1,0,0,9.35,8.41,8.9,1,8.9,0.6388,0.439,-0.10999999999999996,0,0,0.0,0.5,0.5,0,G2,Sciences Infirmières,BAC_1,Plateaux Est,public,M,2024,REORIENTE
1,1,0,1,0,0,13.55,13.14,13.02,-1,13.02,0.6652,0.415,0.30199999999999994,0,0,0.0,0.5,0.5,0,A,Sociologie,BAC_1,Kara,privé,M,2023,ADMIS
1,1,0,1,0,0,4.19,2.11,3.84,1,3.84,0.7362,0.588,-0.616,0,0,0.0,0.5,0.5,0,A,Communication et Journalisme,BAC_1,Centrale,public,F,2023,REORIENTE
1,1,0,1,0,0,11.16,10.73,11.45,1,11.45,0.6838,0.544,0.14499999999999993,0,0,0.0,0.5,0.5,0,A,Anglais,BAC_1,Centrale,public,F,2023,REORIENTE
1,1,0,1,0,0,11.99,13.8,13.06,-1,13.06,0.32080000000000003,0.508,0.30600000000000005,0,0,0.0,0.5,0.5,0,D,Odontologie,BAC_1,Kara,public,F,2024,REORIENTE
1,1,0,1,0,0,10.61,11.6,11.66,1,11.66,0.701,0.356,0.166,0,0,0.0,0.5,0.5,0,A,Communication et Journalisme,BAC_1,Plateaux Est,public,F,2023,REORIENTE
1,1,0,1,0,0,10.56,10.01,10.99,1,10.99,0.736,0.748,0.09900000000000002,0,0,0.0,0.5,0.5,0,D,Informatique,BAC_1,Maritime,public,F,2023,REORIENTE
1,1,0,1,0,0,13.06,11.4,12.77,1,12.77,0.7704,0.51,0.27699999999999997,0,0,0.0,0.5,0.5,0,D,Gestion des Entreprises,BAC_1,Grand Lomé,privé,M,2023,ADMIS
1,1,0,1,0,0,14.2,13.53,13.72,1,13.72,0.5542,0.628,0.37200000000000005,0,0,0.0,0.5,0.5,0,A,Psychologie,BAC_1,Kara,public,F,2024,ADMIS
1,1,0,1,0,0,4.83,6.0,6.79,1,6.79,0.3006,0.486,-0.321,0,0,0.0,0.5,0.5,0,D,Sociologie,BAC_1,Plateaux Ouest,public,F,2024,REORIENTE
1,1,0,1,0,0,12.07,8.87,9.95,1,9.95,0.7796,0.464,-0.005000000000000071,0,0,0.0,0.5,0.5,0,A,Sciences de l'Éducation,BAC_1,Savanes,public,M,2023,REORIENTE
1,1,0,1,0,0,7.73,10.05,9.51,-1,9.51,0.5948,0.65,-0.04900000000000002,0,0,0.0,0.5,0.5,0,D,Histoire,BAC_1,Centrale,public,M,2023,REORIENTE
1,1,0,1,0,0,11.75,13.05,13.23,1,13.23,0.41600000000000004,0.638,0.32300000000000006,0,0,0.0,0.5,0.5,0,D,Pharmacie,BAC_1,Centrale,public,M,2024,ADMIS
1,1,0,1,0,0,9.19,9.3,9.93,1,9.93,0.238,0.331,-0.007000000000000029,0,0,0.0,0.5,0.5,0,D,Psychologie,BAC_1,Centrale,public,F,2024,REORIENTE
1,1,0,1,0,0,10.02,9.66,9.68,1,9.68,0.8224,0.856,-0.03200000000000003,0,0,0.0,0.5,0.5,0,A,Droit,BAC_1,Centrale,privé,F,2023,ADMIS
1,1,0,1,0,0,11.32,11.93,12.47,1,12.47,0.7010000000000001,0.602,0.24700000000000005,0,0,0.0,0.5,0.5,0,A,Tourisme et Hôtellerie,BAC_1,Grand Lomé,public,F,2023,REORIENTE
1,1,0,1,0,0,11.05,10.65,11.65,1,11.65,0.55,0.694,0.16500000000000004,0,0,0.0,0.5,0.5,0,A,Géographie,BAC_1,Grand Lomé,privé,F,2024,REORIENTE
1,1,0,1,0,0,12.75,13.07,13.68,1,13.68,0.7989999999999999,0.745,0.368,0,0,0.0,0.5,0.5,0,D,Odontologie,BAC_1,Maritime,privé,F,2023,REORIENTE
1,1,0,1,0,0,9.31,9.79,10.54,1,10.54,0.7356,0.354,0.053999999999999916,0,0,0.0,0.5,0.5,0,A,Histoire,BAC_1,Plateaux Est,public,M,2023,ADMIS
1,1,0,1,0,0,7.03,7.4,8.31,1,8.31,0.29400000000000004,0.42,-0.16899999999999996,0,0,0.0,0.5,0.5,0,A,Enseignement Primaire,BAC_1,Centrale,public,M,2024,REORIENTE
1,1,0,1,0,0,8.34,8.27,9.27,1,9.27,0.6202000000000001,0.553,-0.07300000000000004,0,0,0.0,0.5,0.5,0,A,Histoire,BAC_1,Maritime,public,M,2024,REORIENTE
1,1,0,1,0,0,8.71,9.68,9.48,-1,9.48,0.5858,0.512,-0.051999999999999956,0,0,0.0,0.5,0.5,0,A,Enseignement Primaire,BAC_1,Grand Lomé,privé,F,2024,REORIENTE
1,1,0,1,0,0,12.33,13.96,13.04,-1,13.04,0.3942,0.435,0.30399999999999994,0,0,0.0,0.5,0.5,0,A,Histoire,BAC_1,Plateaux Ouest,public,M,2024,ADMIS
1,1,0,1,0,0,12.95,13.37,14.06,1,14.06,0.4278,0.39,0.406,0,0,0.0,0.5,0.5,0,D,Sciences Infirmières,BAC_1,Grand Lomé,public,M,2024,ADMIS
1,1,0,1,0,0,7.65,9.59,9.45,-1,9.45,0.6854,0.668,-0.05500000000000007,0,0,0.0,0.5,0.5,0,G1,Gestion des Entreprises,BAC_1,Plateaux Ouest,public,M,2024,ADMIS
1,1,0,1,0,0,8.83,9.98,9.9,-1,9.9,0.4742,0.656,-0.009999999999999964,0,0,0.0,0.5,0.5,0,A,Anglais,BAC_1,Maritime,public,F,2024,REORIENTE
1,1,0,1,0,0,9.62,7.65,8.35,1,8.35,0.7682,0.575,-0.16500000000000004,0,0,0.0,0.5,0.5,0,D,Biologie,BAC_1,Grand Lomé,privé,M,2024,REORIENTE
1,1,0,1,0,0,14.3,14.39,14.01,-1,14.01,0.7386,0.486,0.40099999999999997,0,0,0.0,0.5,0.5,0,D,Histoire,BAC_1,Savanes,public,M,2023,ADMIS
1,1,0,1,0,0,9.62,10.8,10.48,-1,10.48,0.37960000000000005,0.799,0.04800000000000004,0,0,0.0,0.5,0.5,0,F2,Génie Électrique,BAC_1,Grand Lomé,public,M,2024,REORIENTE
1,1,0,1,0,0,7.46,7.44,7.47,1,7.47,0.5184,0.699,-0.253,0,0,0.0,0.5,0.5,0,A,Droit,BAC_1,Savanes,public,F,2024,REORIENTE
1,1,0,1,0,0,10.6,9.74,9.82,1,9.82,0.5228,0.503,-0.01799999999999997,0,0,0.0,0.5,0.5,0,A,Histoire,BAC_1,Maritime,public,M,2024,REORIENTE
1,1,0,1,0,0,13.13,11.71,12.12,1,12.12,0.7892,0.761,0.2119999999999999,0,0,0.0,0.5,0.5,0,D,Enseignement Primaire,BAC_1,Grand Lomé,privé,F,2023,ADMIS
1,1,0,1,0,0,11.32,10.86,11.41,1,11.41,0.5272,0.568,0.14100000000000001,0,0,0.0,0.5,0.5,0,B,Communication et Journalisme,BAC_1,Grand Lomé,public,F,2024,REORIENTE
1,1,0,1,0,0,11.33,12.19,11.53,-1,11.53,0.6859999999999999,0.74,0.15299999999999994,0,0,0.0,0.5,0.5,0,D,Sociologie,BAC_1,Maritime,privé,M,2024,REORIENTE
1,1,0,1,0,0,11.28,10.88,10.74,-1,10.74,0.399,0.39,0.07400000000000002,0,0,0.0,0.5,0.5,0,D,Gestion des Entreprises,BAC_1,Kara,public,F,2024,ADMIS
1,1,0,1,0,0,6.32,8.6,7.96,-1,7.96,0.4236,0.354,-0.20400000000000001,0,0,0.0,0.5,0.5,0,A,Sociologie,BAC_1,Centrale,public,F,2024,REORIENTE
1,1,0,1,0,0,11.97,11.31,11.68,1,11.68,0.5766,0.45,0.16799999999999998,0,0,0.0,0.5,0.5,0,A,Psychologie,BAC_1,Maritime,public,M,2024,REORIENTE
1,1,0,1,0,0,11.18,10.43,10.76,1,10.76,0.5632,0.631,0.07599999999999998,0,0,0.0,0.5,0.5,0,D,Informatique,BAC_1,Grand Lomé,public,F,2024,REORIENTE
1,1,0,1,0,0,14.33,13.05,13.29,1,13.29,0.42180000000000006,0.549,0.3289999999999999,0,0,0.0,0.5,0.5,0,A,Sciences Politiques,BAC_1,Plateaux Ouest,public,F,2024,ADMIS
1,1,0,1,0,0,13.2,14.37,14.09,-1,14.09,0.2706,0.282,0.409,0,0,0.0,0.5,0.5,0,D,Physique-Chimie,BAC_1,Maritime,public,M,2024,REORIENTE
1,1,0,1,0,0,13.35,15.67,15.57,-1,15.57,0.5446,0.364,0.557,0,0,0.0,0.5,0.5,0,D,Sciences Infirmières,BAC_1,Grand Lomé,public,F,2024,REORIENTE
1,1,0,1,0,0,10.4,11.12,11.79,1,11.79,0.615,0.279,0.1789999999999999,0,0,0.0,0.5,0.5,0,A,Sociologie,BAC_1,Maritime,public,M,2023,ADMIS
1,1,0,1,0,0,10.99,11.38,11.34,-1,11.34,0.5242,0.667,0.13399999999999998,0,0,0.0,0.5,0.5,0,G2,Économie,BAC_1,Centrale,privé,M,2023,ADMIS
1,1,0,1,0,0,10.47,11.49,10.91,-1,10.91,0.3886,0.469,0.09100000000000001,0,0,0.0,0.5,0.5,0,A,Communication et Journalisme,BAC_1,Maritime,public,F,2024,REORIENTE
1,1,0,1,0,0,6.43,8.13,8.53,1,8.53,0.2626,0.226,-0.14700000000000008,0,0,0.0,0.5,0.5,0,D,Sociologie,BAC_1,Plateaux Est,public,F,2024,REORIENTE
1,1,0,1,0,0,10.51,10.76,11.76,1,11.76,0.7308,0.618,0.176,0,0,0.0,0.5,0.5,0,C,Génie Informatique,BAC_1,Grand Lomé,public,M,2023,ADMIS
1,1,0,1,0,0,8.88,9.42,8.42,-1,8.42,0.3468,0.474,-0.158,0,0,0.0,0.5,0.5,0,A,Communication et Journalisme,BAC_1,Kara,public,F,2024,ADMIS
1,1,0,1,0,0,8.06,7.49,9.0,1,9.0,0.666,0.555,-0.1,0,0,0.0,0.5,0.5,0,D,Finance et Comptabilité,BAC_1,Kara,public,M,2023,ADMIS
1,1,0,1,0,0,9.52,8.47,9.78,1,9.78,0.7462,0.61,-0.022000000000000065,0,0,0.0,0.5,0.5,0,A,Enseignement Primaire,BAC_1,Plateaux Est,public,M,2023,ADMIS
1,1,0,1,0,0,7.77,9.55,10.37,1,10.37,0.5738,0.593,0.03699999999999992,0,0,0.0,0.5,0.5,0,A,Psychologie,BAC_1,Plateaux Est,privé,F,2024,REORIENTE
1,1,0,1,0,0,8.46,7.34,9.36,1,9.36,0.8104,0.688,-0.06400000000000006,0,0,0.0,0.5,0.5,0,D,Génie Mécanique,BAC_1,Savanes,privé,F,2023,ADMIS
1,1,0,1,0,0,11.41,10.61,11.18,1,11.18,0.7762,0.505,0.11799999999999997,0,0,0.0,0.5,0.5,0,A,Communication et Journalisme,BAC_1,Maritime,privé,M,2023,ADMIS
1,1,0,1,0,0,6.06,7.47,7.76,1,7.76,0.5686,0.532,-0.22400000000000003,0,0,0.0,0.5,0.5,0,C,Informatique,BAC_1,Grand Lomé,public,F,2024,ADMIS
1,1,0,1,0,0,13.52,13.47,13.81,1,13.81,0.679,0.556,0.38100000000000006,0,0,0.0,0.5,0.5,0,A,Sciences de l'Éducation,BAC_1,Grand Lomé,public,M,2024,ADMIS
1,1,0,1,0,0,10.61,10.09,10.5,1,10.5,0.5801999999999999,0.6,0.05,0,0,0.0,0.5,0.5,0,D,Sciences de l'Éducation,BAC_1,Maritime,public,M,2024,REORIENTE
1,1,0,1,0,0,10.42,12.0,11.52,-1,11.52,0.7058,0.446,0.15199999999999997,0,0,0.0,0.5,0.5,0,D,Géographie,BAC_1,Grand Lomé,public,F,2023,REORIENTE
1,1,0,1,0,0,10.65,8.65,10.01,1,10.01,0.36519999999999997,0.325,0.0009999999999999788,0,0,0.0,0.5,0.5,0,A,Histoire,BAC_1,Maritime,public,F,2024,ADMIS
1,1,0,1,0,0,7.2,7.44,7.55,1,7.55,0.8031999999999999,0.586,-0.24500000000000002,0,0,0.0,0.5,0.5,0,A,STAPS (Activités Physiques et Sportives),BAC_1,Kara,privé,M,2023,ADMIS
1,1,0,1,0,0,13.4,12.37,12.95,1,12.95,0.4414,0.667,0.29499999999999993,0,0,0.0,0.5,0.5,0,D,Odontologie,BAC_1,Grand Lomé,public,M,2024,REORIENTE
1,1,0,1,0,0,7.76,8.68,8.48,-1,8.48,0.5392,0.583,-0.15199999999999997,0,0,0.0,0.5,0.5,0,A,Droit,BAC_1,Plateaux Est,public,F,2024,REORIENTE
1,1,0,1,0,0,11.26,12.17,11.38,-1,11.38,0.5242,0.334,0.13800000000000007,0,0,0.0,0.5,0.5,0,B,Tourisme et Hôtellerie,BAC_1,Kara,public,M,2024,REORIENTE
1,1,0,1,0,0,6.89,8.55,8.25,-1,8.25,0.4544,0.482,-0.175,0,0,0.0,0.5,0.5,0,A,Anglais,BAC_1,Kara,public,F,2024,ADMIS
1,1,0,1,0,0,10.41,10.82,9.99,-1,9.99,0.5284,0.49,-0.0009999999999999788,0,0,0.0,0.5,0.5,0,A,Sociologie,BAC_1,Centrale,public,F,2023,REORIENTE
1,1,0,1,0,0,12.8,13.11,13.43,1,13.43,0.406,0.604,0.34299999999999997,0,0,0.0,0.5,0.5,0,D,Biologie,BAC_1,Centrale,public,M,2024,REORIENTE
1,1,0,1,0,0,13.47,14.05,13.31,-1,13.31,0.7831999999999999,0.482,0.33100000000000007,0,0,0.0,0.5,0.5,0,A,Enseignement Primaire,BAC_1,Grand Lomé,public,F,2023,ADMIS
1,1,0,1,0,0,10.83,11.85,11.83,-1,11.83,0.6234,0.567,0.183,0,0,0.0,0.5,0.5,0,G3,Banque et Assurance,BAC_1,Plateaux Ouest,privé,F,2024,ADMIS
1,1,0,1,0,0,8.47,8.15,9.2,1,9.2,0.7556,0.737,-0.08000000000000007,0,0,0.0,0.5,0.5,0,D,Gestion des Entreprises,BAC_1,Centrale,privé,M,2023,ADMIS
1,1,0,1,0,0,8.42,9.16,9.14,-1,9.14,0.8331999999999999,0.598,-0.08599999999999994,0,0,0.0,0.5,0.5,0,D,Biologie,BAC_1,Savanes,public,M,2023,REORIENTE
1,1,0,1,0,0,8.27,8.93,9.19,1,9.19,0.838,0.61,-0.08100000000000004,0,0,0.0,0.5,0.5,0,A,Enseignement Primaire,BAC_1,Grand Lomé,privé,F,2023,REORIENTE
1,1,0,1,0,0,10.79,10.13,10.52,1,10.52,0.7402,0.388,0.051999999999999956,0,0,0.0,0.5,0.5,0,A,Sociologie,BAC_1,Plateaux Ouest,public,F,2023,REORIENTE
1,1,0,1,0,0,12.09,12.41,12.59,1,12.59,0.45000000000000007,0.648,0.259,0,0,0.0,0.5,0.5,0,D,Sciences de l'Éducation,BAC_1,Maritime,public,M,2024,REORIENTE
1,1,0,1,0,0,9.75,12.39,11.22,-1,11.22,0.5388,0.618,0.12200000000000007,0,0,0.0,0.5,0.5,0,A,Géographie,BAC_1,Plateaux Ouest,public,F,2024,REORIENTE
1,1,0,1,0,0,10.24,10.52,11.57,1,11.57,0.6778,0.361,0.15700000000000003,0,0,0.0,0.5,0.5,0,A,Lettres Modernes,BAC_1,Centrale,public,M,2023,ADMIS
1,1,0,1,0,0,9.36,10.86,12.46,1,12.46,0.5988,0.639,0.24600000000000008,0,0,0.0,0.5,0.5,0,D,Agronomie,BAC_1,Grand Lomé,privé,M,2024,ADMIS
1,1,0,1,0,0,10.35,9.42,9.98,1,9.98,0.8382,0.672,-0.0019999999999999575,0,0,0.0,0.5,0.5,0,A,Droit,BAC_1,Savanes,privé,M,2023,ADMIS
1,1,0,1,0,0,8.68,7.38,7.69,1,7.69,0.4938,0.531,-0.23099999999999996,0,0,0.0,0.5,0.5,0,D,Finance et Comptabilité,BAC_1,Savanes,public,M,2024,REORIENTE
1,1,0,1,0,0,9.52,11.39,10.46,-1,10.46,0.6116,0.509,0.04600000000000008,0,0,0.0,0.5,0.5,0,A,Enseignement Primaire,BAC_1,Kara,public,M,2023,REORIENTE
1,1,0,1,0,0,10.27,8.59,10.04,1,10.04,0.43520000000000003,0.671,0.003999999999999915,0,0,0.0,0.5,0.5,0,D,Informatique,BAC_1,Maritime,public,F,2024,REORIENTE
1,1,0,1,0,0,5.6,8.46,9.07,1,9.07,0.4238,0.473,-0.09299999999999997,0,0,0.0,0.5,0.5,0,A,Communication et Journalisme,BAC_1,Plateaux Est,privé,M,2024,ADMIS
1,1,0,1,0,0,8.51,7.59,8.32,1,8.32,0.46419999999999995,0.517,-0.16799999999999998,0,0,0.0,0.5,0.5,0,A,Sciences de l'Éducation,BAC_1,Maritime,public,F,2024,ADMIS
1,1,0,1,0,0,7.51,8.55,8.43,-1,8.43,0.6234,0.444,-0.15700000000000003,0,0,0.0,0.5,0.5,0,D,Odontologie,BAC_1,Grand Lomé,public,F,2024,REORIENTE
1,1,0,1,0,0,8.39,8.8,9.17,1,9.17,0.5342,0.497,-0.083,0,0,0.0,0.5,0.5,0,A,Sciences de l'Éducation,BAC_1,Kara,public,F,2023,REORIENTE
1,1,0,1,0,0,5.41,5.32,6.08,1,6.08,0.46240000000000003,0.619,-0.392,0,0,0.0,0.5,0.5,0,D,Sociologie,BAC_1,Maritime,public,M,2024,ADMIS
1,1,0,1,0,0,15.47,12.92,14.52,1,14.52,0.36060000000000003,0.552,0.45199999999999996,0,0,0.0,0.5,0.5,0,D,Gestion des Entreprises,BAC_1,Centrale,privé,M,2024,ADMIS
1,1,0,1,0,0,8.51,8.24,9.85,1,9.85,0.5904,0.393,-0.015000000000000036,0,0,0.0,0.5,0.5,0,D,Géographie,BAC_1,Centrale,public,M,2023,REORIENTE
1,1,0,1,0,0,11.26,11.37,12.22,1,12.22,0.34400000000000003,0.455,0.22200000000000006,0,0,0.0,0.5,0.5,0,A,Géographie,BAC_1,Kara,public,F,2024,ADMIS
1,1,0,1,0,0,8.05,8.11,9.43,1,9.43,0.5444,0.593,-0.05700000000000003,0,0,0.0,0.5,0.5,0,G3,Sciences Infirmières,BAC_1,Plateaux Ouest,public,M,2023,REORIENTE
1,1,0,1,0,0,9.39,9.12,9.45,1,9.45,0.4032,0.375,-0.05500000000000007,0,0,0.0,0.5,0.5,0,A,Histoire,BAC_1,Maritime,public,M,2024,ADMIS
1,1,0,1,0,0,11.48,9.66,10.11,1,10.11,0.746,0.38,0.010999999999999944,0,0,0.0,0.5,0.5,0,A,Géographie,BAC_1,Grand Lomé,public,M,2023,ADMIS
1,1,0,1,0,0,10.23,10.1,10.82,1,10.82,0.35740000000000005,0.538,0.08200000000000003,0,0,0.0,0.5,0.5,0,A,Anglais,BAC_1,Kara,public,F,2024,ADMIS
1,1,0,1,0,0,12.09,12.08,11.72,-1,11.72,0.77,0.689,0.17200000000000007,0,0,0.0,0.5,0.5,0,D,Sciences Infirmières,BAC_1,Grand Lomé,public,M,2023,REORIENTE
1,1,0,1,0,0,10.84,10.77,11.88,1,11.88,0.3396,0.36,0.18800000000000008,0,0,0.0,0.5,0.5,0,A,Histoire,BAC_1,Plateaux Est,public,F,2024,REORIENTE
1,1,0,1,0,0,7.53,7.1,7.85,1,7.85,0.40259999999999996,0.471,-0.21500000000000002,0,0,0.0,0.5,0.5,0,D,Sciences Forestières,BAC_1,Plateaux Ouest,public,F,2024,ADMIS
1,1,0,1,0,0,11.09,11.81,11.93,1,11.93,0.586,0.604,0.19299999999999998,0,0,0.0,0.5,0.5,0,A,Psychologie,BAC_1,Grand Lomé,public,M,2024,REORIENTE
1,1,0,1,0,0,11.62,12.03,11.94,-1,11.94,0.6881999999999999,0.66,0.19399999999999995,0,0,0.0,0.5,0.5,0,D,Sciences Environnementales,BAC_1,Centrale,public,M,2023,REORIENTE
1,1,0,1,0,0,10.47,10.85,11.38,1,11.38,0.4032,0.552,0.13800000000000007,0,0,0.0,0.5,0.5,0,D,Psychologie,BAC_1,Centrale,public,M,2024,ADMIS
1,1,0,1,0,0,8.54,9.29,9.58,1,9.58,0.8064,0.531,-0.041999999999999996,0,0,0.0,0.5,0.5,0,F1,Génie Civil,BAC_1,Kara,public,M,2023,REORIENTE
1,1,0,1,0,0,9.31,9.33,9.16,-1,9.16,0.37,0.388,-0.08399999999999999,0,0,0.0,0.5,0.5,0,D,Physique-Chimie,BAC_1,Grand Lomé,public,M,2024,REORIENTE
1,1,0,1,0,0,11.78,13.84,13.43,-1,13.43,0.788,0.485,0.34299999999999997,0,0,0.0,0.5,0.5,0,D,Sociologie,BAC_1,Grand Lomé,privé,F,2023,ADMIS
1,1,0,1,0,0,10.81,10.64,9.57,-1,9.57,0.7626,0.552,-0.04299999999999997,0,0,0.0,0.5,0.5,0,D,Enseignement Primaire,BAC_1,Plateaux Est,public,M,2023,REORIENTE
1,1,0,1,0,0,9.67,11.33,11.19,-1,11.19,0.7182,0.459,0.11899999999999995,0,0,0.0,0.5,0.5,0,A,Sciences de l'Éducation,BAC_1,Savanes,public,M,2023,ADMIS
1,1,0,1,0,0,8.15,8.7,8.85,1,8.85,0.45219999999999994,0.487,-0.11500000000000003,0,0,0.0,0.5,0.5,0,A,Droit,BAC_1,Maritime,public,F,2024,REORIENTE
1,1,0,1,0,0,6.26,6.97,7.61,1,7.61,0.2838,0.441,-0.23899999999999996,0,0,0.0,0.5,0.5,0,D,Informatique,BAC_1,Maritime,public,F,2024,ADMIS
1,1,0,1,0,0,9.38,8.34,9.28,1,9.28,0.7232,0.323,-0.07200000000000006,0,0,0.0,0.5,0.5,0,A,Lettres Modernes,BAC_1,Plateaux Ouest,public,M,2023,ADMIS
1,1,0,1,0,0,11.89,10.96,11.95,1,11.95,0.6648,0.405,0.19499999999999992,0,0,0.0,0.5,0.5,0,A,Communication et Journalisme,BAC_1,Maritime,public,F,2023,REORIENTE
1,1,0,1,0,0,8.4,9.72,9.57,-1,9.57,0.7194,0.525,-0.04299999999999997,0,0,0.0,0.5,0.5,0,D,Génie Civil,BAC_1,Grand Lomé,privé,F,2023,ADMIS
1,1,0,1,0,0,7.7,6.54,7.38,1,7.38,0.8032,0.523,-0.262,0,0,0.0,0.5,0.5,0,A,Enseignement Primaire,BAC_1,Plateaux Est,privé,M,2023,ADMIS
1,1,0,1,0,0,8.51,9.82,10.21,1,10.21,0.6447999999999999,0.127,0.021000000000000085,0,0,0.0,0.5,0.5,0,A,Psychologie,BAC_1,Grand Lomé,privé,M,2023,ADMIS
1,1,0,1,0,0,8.86,8.97,8.32,-1,8.32,0.34640000000000004,0.56,-0.16799999999999998,0,0,0.0,0.5,0.5,0,D,Biologie,BAC_1,Plateaux Est,public,M,2024,REORIENTE
1,1,0,1,0,0,12.12,12.16,12.19,1,12.19,0.5453999999999999,0.474,0.21899999999999994,0,0,0.0,0.5,0.5,0,A,Histoire,BAC_1,Centrale,public,M,2023,REORIENTE
1,1,0,1,0,0,11.03,12.39,12.02,-1,12.02,0.43220000000000003,0.611,0.20199999999999996,0,0,0.0,0.5,0.5,0,D,Génie Électrique,BAC_1,Maritime,public,M,2024,REORIENTE
1,1,0,1,0,0,8.74,7.95,8.62,1,8.62,0.35760000000000003,0.453,-0.13800000000000007,0,0,0.0,0.5,0.5,0,D,Physique-Chimie,BAC_1,Plateaux Ouest,privé,F,2024,ADMIS
1,1,0,1,0,0,11.89,11.24,11.04,-1,11.04,0.6092,0.776,0.10399999999999991,0,0,0.0,0.5,0.5,0,B,Enseignement Primaire,BAC_1,Maritime,public,M,2023,ADMIS
1,1,0,1,0,0,9.58,9.84,9.81,-1,9.81,0.55,0.499,-0.01899999999999995,0,0,0.0,0.5,0.5,0,D,Physique-Chimie,BAC_1,Grand Lomé,public,F,2024,REORIENTE
1,1,0,1,0,0,8.16,9.05,8.92,-1,8.92,0.464,0.506,-0.10800000000000001,0,0,0.0,0.5,0.5,0,A,Lettres Modernes,BAC_1,Plateaux Ouest,public,F,2024,REORIENTE
1,1,0,1,0,0,10.03,10.43,10.18,-1,10.18,0.6842,0.68,0.01799999999999997,0,0,0.0,0.5,0.5,0,D,Génie Civil,BAC_1,Grand Lomé,public,F,2023,REORIENTE
1,1,0,1,0,0,11.65,12.93,13.74,1,13.74,0.6636,0.675,0.374,0,0,0.0,0.5,0.5,0,D,Médecine,BAC_1,Maritime,public,F,2024,ADMIS
1,1,0,1,0,0,6.97,8.09,8.75,1,8.75,0.5524,0.679,-0.125,0,0,0.0,0.5,0.5,0,A,Droit,BAC_1,Plateaux Est,public,M,2024,REORIENTE
1,1,0,1,0,0,12.06,12.56,12.85,1,12.85,0.3868,0.409,0.285,0,0,0.0,0.5,0.5,0,A,Sociologie,BAC_1,Centrale,public,M,2024,ADMIS
1,1,0,1,0,0,11.87,12.05,12.24,1,12.24,0.5898,0.555,0.22400000000000003,0,0,0.0,0.5,0.5,0,D,Enseignement Primaire,BAC_1,Centrale,public,F,2023,ADMIS
1,1,0,1,0,0,6.54,6.66,7.03,1,7.03,0.40380000000000005,0.627,-0.297,0,0,0.0,0.5,0.5,0,A,Psychologie,BAC_1,Kara,public,M,2024,REORIENTE
1,1,0,1,0,0,11.45,12.88,13.04,1,13.04,0.6836,0.491,0.30399999999999994,0,0,0.0,0.5,0.5,0,A,Sciences de l'Éducation,BAC_1,Grand Lomé,public,F,2023,ADMIS
1,1,0,1,0,0,10.21,10.81,11.82,1,11.82,0.556,0.664,0.18200000000000002,0,0,0.0,0.5,0.5,0,A,Enseignement Primaire,BAC_1,Centrale,public,F,2023,ADMIS
1,1,0,1,0,0,8.51,9.76,9.55,-1,9.55,0.4328,0.584,-0.04499999999999993,0,0,0.0,0.5,0.5,0,D,Physique-Chimie,BAC_1,Maritime,public,F,2024,REORIENTE
1,1,0,1,0,0,12.14,11.58,12.05,1,12.05,0.497,0.263,0.20500000000000007,0,0,0.0,0.5,0.5,0,D,Agronomie,BAC_1,Plateaux Ouest,public,F,2023,ADMIS
1,1,0,1,0,0,9.69,9.86,11.17,1,11.17,0.40800000000000003,0.429,0.11699999999999999,0,0,0.0,0.5,0.5,0,D,Tourisme et Hôtellerie,BAC_1,Centrale,privé,M,2024,REORIENTE
1,1,0,1,0,0,8.79,9.44,9.01,-1,9.01,0.34040000000000004,0.338,-0.09900000000000002,0,0,0.0,0.5,0.5,0,D,Sciences Forestières,BAC_1,Plateaux Ouest,public,F,2024,REORIENTE
1,1,0,1,0,0,10.82,9.55,10.57,1,10.57,0.8695999999999999,0.689,0.05700000000000003,0,0,0.0,0.5,0.5,0,D,Gestion des Entreprises,BAC_1,Grand Lomé,privé,M,2023,REORIENTE
1,1,0,1,0,0,11.78,11.87,11.8,-1,11.8,0.5144,0.545,0.18000000000000008,0,0,0.0,0.5,0.5,0,D,Tourisme et Hôtellerie,BAC_1,Grand Lomé,public,M,2024,REORIENTE
1,1,0,1,0,0,12.48,13.03,13.57,1,13.57,0.747,0.729,0.35700000000000004,0,0,0.0,0.5,0.5,0,D,Médecine,BAC_1,Plateaux Ouest,public,M,2023,REORIENTE
1,1,0,1,0,0,10.95,9.87,9.52,-1,9.52,0.6859999999999999,0.485,-0.04800000000000004,0,0,0.0,0.5,0.5,0,D,Gestion des Entreprises,BAC_1,Grand Lomé,public,F,2023,REORIENTE
1,1,0,1,0,0,8.16,9.48,9.73,1,9.73,0.7335999999999999,0.361,-0.026999999999999958,0,0,0.0,0.5,0.5,0,A,Arts Plastiques,BAC_1,Maritime,public,F,2023,REORIENTE
1,1,0,1,0,0,8.68,10.91,11.64,1,11.64,0.8504,0.641,0.16400000000000006,0,0,0.0,0.5,0.5,0,D,Sciences de l'Éducation,BAC_1,Grand Lomé,privé,M,2023,ADMIS
1,1,0,1,0,0,9.86,8.42,9.05,1,9.05,0.648,0.423,-0.09499999999999993,0,0,0.0,0.5,0.5,0,A,Communication et Journalisme,BAC_1,Grand Lomé,public,M,2023,ADMIS
1,1,0,1,0,0,6.24,8.09,7.01,-1,7.01,0.6036,0.531,-0.29900000000000004,0,0,0.0,0.5,0.5,0,A,Lettres Modernes,BAC_1,Plateaux Est,public,M,2023,ADMIS
1,1,0,1,0,0,7.48,8.49,8.57,1,8.57,0.5424,0.45,-0.14299999999999996,0,0,0.0,0.5,0.5,0,A,STAPS (Activités Physiques et Sportives),BAC_1,Maritime,public,M,2023,REORIENTE
1,1,0,1,0,0,9.21,8.05,8.85,1,8.85,0.6536,0.548,-0.11500000000000003,0,0,0.0,0.5,0.5,0,F3,Génie Mécanique,BAC_1,Grand Lomé,public,M,2023,REORIENTE
1,1,0,1,0,0,10.98,10.63,11.33,1,11.33,0.7449999999999999,0.601,0.133,0,0,0.0,0.5,0.5,0,D,Enseignement Primaire,BAC_1,Centrale,privé,F,2023,ADMIS
1,1,0,1,0,0,10.42,12.0,12.18,1,12.18,0.4218,0.732,0.21799999999999997,0,0,0.0,0.5,0.5,0,D,Sciences Infirmières,BAC_1,Maritime,public,F,2024,REORIENTE
1,1,0,1,0,0,7.66,6.05,6.73,1,6.73,0.599,0.185,-0.32699999999999996,0,0,0.0,0.5,0.5,0,A,Lettres Modernes,BAC_1,Maritime,public,M,2023,ADMIS
1,1,0,1,0,0,10.81,12.38,11.8,-1,11.8,0.4686,0.477,0.18000000000000008,0,0,0.0,0.5,0.5,0,D,Histoire,BAC_1,Plateaux Est,public,F,2023,ADMIS
1,1,0,1,0,0,9.93,11.86,11.08,-1,11.08,0.373,0.337,0.10800000000000001,0,0,0.0,0.5,0.5,0,D,Biologie,BAC_1,Plateaux Ouest,public,M,2024,REORIENTE
1,1,0,1,0,0,7.47,8.07,8.94,1,8.94,0.6454,0.607,-0.10600000000000005,0,0,0.0,0.5,0.5,0,A,Sciences Politiques,BAC_1,Savanes,public,M,2024,ADMIS
1,1,0,1,0,0,10.04,11.64,11.02,-1,11.02,0.4596,0.651,0.10199999999999995,0,0,0.0,0.5,0.5,0,D,Histoire,BAC_1,Maritime,public,F,2024,ADMIS
1,1,0,1,0,0,8.78,8.21,9.31,1,9.31,0.32780000000000004,0.53,-0.06899999999999995,0,0,0.0,0.5,0.5,0,D,Finance et Comptabilité,BAC_1,Plateaux Est,public,M,2024,REORIENTE
1,1,0,1,0,0,13.54,11.99,12.65,1,12.65,0.5568,0.588,0.265,0,0,0.0,0.5,0.5,0,D,Biologie,BAC_1,Plateaux Ouest,public,M,2023,REORIENTE
1,1,0,1,0,0,7.08,8.68,8.59,-1,8.59,0.6258,0.492,-0.14100000000000001,0,0,0.0,0.5,0.5,0,A,Droit,BAC_1,Plateaux Est,public,F,2023,ADMIS
1,1,0,1,0,0,11.53,10.93,11.75,1,11.75,0.44720000000000004,0.308,0.175,0,0,0.0,0.5,0.5,0,A,Lettres Modernes,BAC_1,Centrale,privé,M,2024,ADMIS
1,1,0,1,0,0,11.25,9.2,9.82,1,9.82,0.5781999999999999,0.382,-0.01799999999999997,0,0,0.0,0.5,0.5,0,A,Droit,BAC_1,Maritime,privé,F,2024,ADMIS
1,1,0,1,0,0,12.43,13.87,12.88,-1,12.88,0.7182,0.597,0.2880000000000001,0,0,0.0,0.5,0.5,0,D,Finance et Comptabilité,BAC_1,Plateaux Est,public,M,2023,REORIENTE
1,1,0,1,0,0,10.41,11.09,11.08,-1,11.08,0.481,0.442,0.10800000000000001,0,0,0.0,0.5,0.5,0,D,Odontologie,BAC_1,Plateaux Est,public,M,2024,REORIENTE
1,1,0,1,0,0,9.79,9.88,9.79,-1,9.79,0.5378000000000001,0.512,-0.021000000000000085,0,0,0.0,0.5,0.5,0,D,Génie Électrique,BAC_1,Grand Lomé,public,M,2024,ADMIS
1,1,0,1,0,0,9.72,10.85,10.83,-1,10.83,0.5242,0.505,0.083,0,0,0.0,0.5,0.5,0,A,Lettres Modernes,BAC_1,Maritime,public,M,2024,REORIENTE
1,1,0,1,0,0,14.34,13.98,14.28,1,14.28,0.5516,0.464,0.42799999999999994,0,0,0.0,0.5,0.5,0,D,Médecine,BAC_1,Savanes,privé,F,2024,ADMIS
1,1,0,1,0,0,7.96,7.81,8.78,1,8.78,0.5662,0.547,-0.12200000000000007,0,0,0.0,0.5,0.5,0,G3,Banque et Assurance,BAC_1,Savanes,privé,M,2023,REORIENTE
1,1,0,1,0,0,11.86,13.86,11.91,-1,11.91,0.652,0.655,0.191,0,0,0.0,0.5,0.5,0,A,Sciences Politiques,BAC_1,Savanes,public,M,2024,REORIENTE
1,1,0,1,0,0,9.63,10.38,9.49,-1,9.49,0.467,0.398,-0.050999999999999976,0,0,0.0,0.5,0.5,0,B,Sociologie,BAC_1,Grand Lomé,public,F,2023,ADMIS
1,1,0,1,0,0,10.57,12.94,12.09,-1,12.09,0.7234,0.712,0.209,0,0,0.0,0.5,0.5,0,G2,Finance et Comptabilité,BAC_1,Maritime,privé,M,2023,REORIENTE
1,1,0,1,0,0,8.73,8.81,9.78,1,9.78,0.35319999999999996,0.337,-0.022000000000000065,0,0,0.0,0.5,0.5,0,D,Informatique,BAC_1,Centrale,privé,F,2024,REORIENTE
1,1,0,1,0,0,11.06,9.6,10.96,1,10.96,0.31579999999999997,0.611,0.09600000000000009,0,0,0.0,0.5,0.5,0,D,Génie Électrique,BAC_1,Plateaux Est,public,F,2024,REORIENTE
1,1,0,1,0,0,9.49,10.48,10.04,-1,10.04,0.8096,0.584,0.003999999999999915,0,0,0.0,0.5,0.5,0,C,Sciences de l'Éducation,BAC_1,Kara,public,F,2023,REORIENTE
1,1,0,1,0,0,6.01,7.48,7.89,1,7.89,0.573,0.534,-0.21100000000000002,0,0,0.0,0.5,0.5,0,A,Sociologie,BAC_1,Plateaux Ouest,public,M,2024,REORIENTE
1,1,0,1,0,0,12.99,13.65,12.58,-1,12.58,0.7568,0.551,0.258,0,0,0.0,0.5,0.5,0,A,Droit,BAC_1,Maritime,public,M,2023,ADMIS
1,1,0,1,0,0,6.31,10.0,9.56,-1,9.56,0.48660000000000003,0.579,-0.04399999999999995,0,0,0.0,0.5,0.5,0,D,Physique-Chimie,BAC_1,Maritime,public,F,2024,REORIENTE
1,1,0,1,0,0,11.14,12.43,12.6,1,12.6,0.6556,0.403,0.25999999999999995,0,0,0.0,0.5,0.5,0,A,Psychologie,BAC_1,Kara,privé,F,2023,ADMIS
1,1,0,1,0,0,7.63,8.49,9.39,1,9.39,0.5788,0.523,-0.06099999999999994,0,0,0.0,0.5,0.5,0,G2,Finance et Comptabilité,BAC_1,Grand Lomé,public,M,2023,REORIENTE
1,1,0,1,0,0,10.47,10.33,11.16,1,11.16,0.7876,0.484,0.11600000000000002,0,0,0.0,0.5,0.5,0,T1,Génie Électrique,BAC_1,Grand Lomé,privé,F,2024,ADMIS
1,1,0,1,0,0,9.63,10.92,9.61,-1,9.61,0.5706,0.66,-0.039000000000000055,0,0,0.0,0.5,0.5,0,A,Géographie,BAC_1,Plateaux Ouest,privé,M,2024,REORIENTE
1,1,0,1,0,0,9.78,11.56,11.61,1,11.61,0.383,0.566,0.16099999999999995,0,0,0.0,0.5,0.5,0,D,Gestion des Entreprises,BAC_1,Savanes,public,M,2024,REORIENTE
1,1,0,1,0,0,8.61,9.87,10.15,1,10.15,0.6002000000000001,0.5,0.015000000000000036,0,0,0.0,0.5,0.5,0,G3,Sciences Infirmières,BAC_1,Plateaux Ouest,public,M,2023,ADMIS
1,1,0,1,0,0,9.05,8.69,9.11,1,9.11,0.842,0.62,-0.08900000000000005,0,0,0.0,0.5,0.5,0,A,Anglais,BAC_1,Plateaux Ouest,privé,M,2023,REORIENTE
1,1,0,1,0,0,9.4,8.75,9.5,1,9.5,0.6258,0.549,-0.05,0,0,0.0,0.5,0.5,0,D,Gestion des Entreprises,BAC_1,Plateaux Est,public,M,2023,REORIENTE
1,1,0,1,0,0,13.35,13.9,12.95,-1,12.95,0.586,0.421,0.29499999999999993,0,0,0.0,0.5,0.5,0,A,Sociologie,BAC_1,Grand Lomé,privé,M,2024,ADMIS
1,1,0,1,0,0,8.55,10.74,10.2,-1,10.2,0.5196,0.579,0.019999999999999928,0,0,0.0,0.5,0.5,0,A,Droit,BAC_1,Grand Lomé,public,F,2024,REORIENTE
1,1,0,1,0,0,10.15,9.79,10.82,1,10.82,0.7096,0.52,0.08200000000000003,0,0,0.0,0.5,0.5,0,D,Gestion des Entreprises,BAC_1,Grand Lomé,public,F,2023,REORIENTE
1,1,0,1,0,0,11.44,10.67,12.71,1,12.71,0.7022,0.458,0.2710000000000001,0,0,0.0,0.5,0.5,0,D,Odontologie,BAC_1,Grand Lomé,privé,F,2024,ADMIS
1,1,0,1,0,0,13.3,12.46,13.26,1,13.26,0.48500000000000004,0.404,0.32599999999999996,0,0,0.0,0.5,0.5,0,D,Gestion des Entreprises,BAC_1,Centrale,public,M,2023,ADMIS
1,1,0,1,0,0,12.3,12.16,11.74,-1,11.74,0.6769999999999999,0.428,0.17400000000000002,0,0,0.0,0.5,0.5,0,A,Communication et Journalisme,BAC_1,Centrale,public,M,2023,ADMIS
1,1,0,1,0,0,7.92,8.51,9.29,1,9.29,0.7512,0.504,-0.07100000000000009,0,0,0.0,0.5,0.5,0,A,Sociologie,BAC_1,Grand Lomé,public,M,2023,ADMIS
1,1,0,1,0,0,5.68,6.14,6.36,1,6.36,0.577,0.577,-0.364,0,0,0.0,0.5,0.5,0,D,Gestion des Entreprises,BAC_1,Plateaux Ouest,public,M,2023,REORIENTE
1,1,0,1,0,0,9.8,10.09,10.73,1,10.73,0.7678,0.559,0.07300000000000004,0,0,0.0,0.5,0.5,0,D,Gestion des Entreprises,BAC_1,Grand Lomé,public,F,2023,REORIENTE
1,1,0,1,0,0,10.6,12.74,12.14,-1,12.14,0.5128,0.451,0.21400000000000005,0,0,0.0,0.5,0.5,0,A,Lettres Modernes,BAC_1,Grand Lomé,public,M,2024,ADMIS
1,1,0,1,0,0,9.71,9.17,9.76,1,9.76,0.3288,0.426,-0.02400000000000002,0,0,0.0,0.5,0.5,0,D,Psychologie,BAC_1,Kara,public,F,2024,REORIENTE
1,1,0,1,0,0,7.22,5.65,6.53,1,6.53,0.5973999999999999,0.25,-0.347,0,0,0.0,0.5,0.5,0,A,Enseignement Primaire,BAC_1,Grand Lomé,privé,F,2023,ADMIS
1,1,0,1,0,0,12.37,12.64,12.59,-1,12.59,0.5700000000000001,0.633,0.259,0,0,0.0,0.5,0.5,0,D,Génie Informatique,BAC_1,Kara,public,F,2024,ADMIS
1,1,0,1,0,0,9.31,10.63,10.56,-1,10.56,0.6798,0.615,0.05600000000000005,0,0,0.0,0.5,0.5,0,D,Génie Civil,BAC_1,Plateaux Est,public,F,2023,REORIENTE
1,1,0,1,0,0,12.14,12.09,12.11,1,12.11,0.7112,0.374,0.21099999999999994,0,0,0.0,0.5,0.5,0,A,Lettres Modernes,BAC_1,Grand Lomé,public,M,2023,ADMIS
1,1,0,1,0,0,6.75,8.38,7.98,-1,7.98,0.5716,0.277,-0.20199999999999996,0,0,0.0,0.5,0.5,0,A,Lettres Modernes,BAC_1,Grand Lomé,public,M,2024,REORIENTE
1,1,0,1,0,0,11.22,10.94,10.94,-1,10.94,0.5704,0.463,0.09399999999999994,0,0,0.0,0.5,0.5,0,A,Sociologie,BAC_1,Maritime,privé,F,2024,REORIENTE
1,1,0,1,0,0,12.74,13.68,13.08,-1,13.08,0.7622000000000001,0.548,0.308,0,0,0.0,0.5,0.5,0,A,STAPS (Activités Physiques et Sportives),BAC_1,Grand Lomé,public,F,2023,ADMIS
1,1,0,1,0,0,8.82,10.6,10.32,-1,10.32,0.665,0.482,0.03200000000000003,0,0,0.0,0.5,0.5,0,D,Tourisme et Hôtellerie,BAC_1,Grand Lomé,public,M,2023,REORIENTE
1,1,0,1,0,0,8.37,10.03,9.66,-1,9.66,0.3598,0.307,-0.03399999999999999,0,0,0.0,0.5,0.5,0,A,Droit,BAC_1,Centrale,privé,F,2024,ADMIS
1,1,0,1,0,0,14.14,12.52,12.96,1,12.96,0.7554000000000001,0.513,0.2960000000000001,0,0,0.0,0.5,0.5,0,A,Droit,BAC_1,Maritime,privé,M,2023,ADMIS
1,1,0,1,0,0,13.79,13.08,13.66,1,13.66,0.447,0.51,0.366,0,0,0.0,0.5,0.5,0,G2,Finance et Comptabilité,BAC_1,Grand Lomé,public,F,2023,REORIENTE
1,1,0,1,0,0,11.55,11.86,11.37,-1,11.37,0.4256,0.596,0.13699999999999993,0,0,0.0,0.5,0.5,0,A,Psychologie,BAC_1,Centrale,public,F,2024,REORIENTE
1,1,0,1,0,0,6.28,7.35,8.34,1,8.34,0.7656,0.429,-0.166,0,0,0.0,0.5,0.5,0,D,Gestion des Entreprises,BAC_1,Grand Lomé,public,M,2023,ADMIS
1,1,0,1,0,0,5.71,6.49,7.06,1,7.06,0.2974,0.328,-0.29400000000000004,0,0,0.0,0.5,0.5,0,A,Tourisme et Hôtellerie,BAC_1,Grand Lomé,public,F,2024,ADMIS
1,1,0,1,0,0,6.82,9.12,8.42,-1,8.42,0.7554,0.651,-0.158,0,0,0.0,0.5,0.5,0,A,Sciences de l'Éducation,BAC_1,Plateaux Est,privé,F,2023,REORIENTE
1,1,0,1,0,0,11.23,11.74,11.35,-1,11.35,0.5743999999999999,0.569,0.13499999999999995,0,0,0.0,0.5,0.5,0,G2,Économie,BAC_1,Kara,privé,M,2023,ADMIS
1,1,0,1,0,0,9.37,11.69,11.26,-1,11.26,0.5780000000000001,0.524,0.12599999999999997,0,0,0.0,0.5,0.5,0,B,Sciences de l'Éducation,BAC_1,Centrale,public,M,2023,REORIENTE
1,1,0,1,0,0,7.8,8.35,8.36,1,8.36,0.4086,0.42,-0.16400000000000006,0,0,0.0,0.5,0.5,0,D,Finance et Comptabilité,BAC_1,Maritime,public,F,2024,REORIENTE
1,1,0,1,0,0,10.63,11.99,11.85,-1,11.85,0.8156,0.665,0.18499999999999997,0,0,0.0,0.5,0.5,0,A,Arts Plastiques,BAC_1,Grand Lomé,public,M,2023,ADMIS
1,1,0,1,0,0,8.05,10.29,8.72,-1,8.72,0.6930000000000001,0.738,-0.12799999999999995,0,0,0.0,0.5,0.5,0,A,Lettres Modernes,BAC_1,Grand Lomé,privé,F,2024,REORIENTE
1,1,0,1,0,0,7.5,8.94,9.58,1,9.58,0.7132,0.496,-0.041999999999999996,0,0,0.0,0.5,0.5,0,D,STAPS (Activités Physiques et Sportives),BAC_1,Plateaux Est,privé,F,2023,REORIENTE
1,1,0,1,0,0,11.53,10.62,11.03,1,11.03,0.6541999999999999,0.581,0.10299999999999994,0,0,0.0,0.5,0.5,0,D,Biologie,BAC_1,Maritime,public,M,2023,REORIENTE
1,1,0,1,0,0,9.09,10.17,10.89,1,10.89,0.5922000000000001,0.423,0.08900000000000005,0,0,0.0,0.5,0.5,0,A,Anglais,BAC_1,Maritime,public,F,2023,ADMIS
1,1,0,1,0,0,6.95,8.16,8.34,1,8.34,0.4996,0.571,-0.166,0,0,0.0,0.5,0.5,0,A,Sciences Politiques,BAC_1,Plateaux Ouest,public,F,2024,REORIENTE
1,1,0,1,0,0,11.6,11.22,11.7,1,11.7,0.8180000000000001,0.56,0.16999999999999993,0,0,0.0,0.5,0.5,0,A,Lettres Modernes,BAC_1,Plateaux Est,privé,F,2023,ADMIS
1,1,0,1,0,0,12.17,11.3,12.5,1,12.5,0.4808,0.593,0.25,0,0,0.0,0.5,0.5,0,D,Sciences Infirmières,BAC_1,Savanes,public,F,2024,REORIENTE
1,1,0,1,0,0,8.79,9.12,9.07,-1,9.07,0.5688,0.444,-0.09299999999999997,0,0,0.0,0.5,0.5,0,G1,Tourisme et Hôtellerie,BAC_1,Centrale,public,F,2024,REORIENTE
1,1,0,1,0,0,10.09,8.46,9.52,1,9.52,0.7729999999999999,0.563,-0.04800000000000004,0,0,0.0,0.5,0.5,0,D,Sciences Environnementales,BAC_1,Grand Lomé,public,F,2023,REORIENTE
1,1,0,1,0,0,11.36,10.48,10.78,1,10.78,0.622,0.415,0.07799999999999993,0,0,0.0,0.5,0.5,0,D,Sciences Environnementales,BAC_1,Grand Lomé,privé,M,2023,REORIENTE
1,1,0,1,0,0,10.98,9.77,10.71,1,10.71,0.8739999999999999,0.7,0.07100000000000009,0,0,0.0,0.5,0.5,0,A,Communication et Journalisme,BAC_1,Savanes,privé,M,2023,REORIENTE
1,1,0,1,0,0,6.57,6.16,7.22,1,7.22,0.6586000000000001,0.619,-0.278,0,0,0.0,0.5,0.5,0,A,Droit,BAC_1,Maritime,privé,M,2024,REORIENTE
1,1,0,1,0,0,11.45,13.25,11.45,-1,11.45,0.7548,0.714,0.14499999999999993,0,0,0.0,0.5,0.5,0,A,Droit,BAC_1,Maritime,public,F,2023,REORIENTE
1,1,0,1,0,0,13.76,14.35,14.16,-1,14.16,0.3912,0.438,0.41600000000000004,0,0,0.0,0.5,0.5,0,D,Odontologie,BAC_1,Plateaux Ouest,public,F,2024,REORIENTE
1,1,0,1,0,0,10.54,10.96,11.36,1,11.36,0.6252,0.585,0.13599999999999995,0,0,0.0,0.5,0.5,0,F3,Génie Mécanique,BAC_1,Savanes,public,F,2023,REORIENTE
1,1,0,1,0,0,8.6,9.08,10.02,1,10.02,0.6851999999999999,0.459,0.0019999999999999575,0,0,0.0,0.5,0.5,0,A,Communication et Journalisme,BAC_1,Grand Lomé,public,M,2023,REORIENTE
1,1,0,1,0,0,11.44,10.24,10.56,1,10.56,0.6921999999999999,0.667,0.05600000000000005,0,0,0.0,0.5,0.5,0,G3,Sciences Infirmières,BAC_1,Grand Lomé,public,M,2024,REORIENTE
1,1,0,1,0,0,8.61,10.41,9.86,-1,9.86,0.8008,0.517,-0.014000000000000058,0,0,0.0,0.5,0.5,0,A,Droit,BAC_1,Savanes,privé,M,2023,REORIENTE
1,1,0,1,0,0,7.58,6.97,8.26,1,8.26,0.5428,0.637,-0.17400000000000002,0,0,0.0,0.5,0.5,0,D,Tourisme et Hôtellerie,BAC_1,Grand Lomé,public,M,2024,ADMIS
1,1,0,1,0,0,6.24,7.15,7.39,1,7.39,0.6838,0.475,-0.261,0,0,0.0,0.5,0.5,0,C,Économie,BAC_1,Savanes,public,F,2023,REORIENTE
1,1,0,1,0,0,11.56,10.1,9.97,-1,9.97,0.5978,0.548,-0.002999999999999936,0,0,0.0,0.5,0.5,0,D,Informatique,BAC_1,Grand Lomé,public,F,2024,REORIENTE
1,1,0,1,0,0,10.69,10.73,10.86,1,10.86,0.8892,0.738,0.08599999999999994,0,0,0.0,0.5,0.5,0,A,Sciences Politiques,BAC_1,Plateaux Ouest,privé,F,2023,REORIENTE
1,1,0,1,0,0,9.16,10.34,10.4,1,10.4,0.6906,0.663,0.040000000000000036,0,0,0.0,0.5,0.5,0,A,Arts Plastiques,BAC_1,Maritime,privé,F,2024,ADMIS
1,1,0,1,0,0,12.57,12.61,12.68,1,12.68,0.7438,0.655,0.26799999999999996,0,0,0.0,0.5,0.5,0,A,Anglais,BAC_1,Centrale,public,M,2023,ADMIS
1,1,0,1,0,0,9.83,10.12,10.03,-1,10.03,0.3462,0.645,0.002999999999999936,0,0,0.0,0.5,0.5,0,D,Gestion des Entreprises,BAC_1,Maritime,public,F,2024,REORIENTE
1,1,0,1,0,0,8.6,7.91,9.47,1,9.47,0.6832,0.667,-0.052999999999999936,0,0,0.0,0.5,0.5,0,A,Anglais,BAC_1,Grand Lomé,public,M,2024,ADMIS
1,1,0,1,0,0,14.12,14.5,14.59,1,14.59,0.4492,0.598,0.45899999999999996,0,0,0.0,0.5,0.5,0,D,Génie Civil,BAC_1,Plateaux Est,public,M,2024,REORIENTE
1,1,0,1,0,0,9.76,11.7,11.61,-1,11.61,0.7789999999999999,0.683,0.16099999999999995,0,0,0.0,0.5,0.5,0,D,Médecine,BAC_1,Grand Lomé,privé,M,2023,REORIENTE
1,1,0,1,0,0,12.28,10.2,11.66,1,11.66,0.6558,0.357,0.166,0,0,0.0,0.5,0.5,0,A,Lettres Modernes,BAC_1,Kara,privé,F,2023,ADMIS
1,1,0,1,0,0,12.39,10.85,11.57,1,11.57,0.4008,0.414,0.15700000000000003,0,0,0.0,0.5,0.5,0,D,Psychologie,BAC_1,Savanes,public,F,2024,REORIENTE
1,1,0,1,0,0,12.6,12.69,13.52,1,13.52,0.7209999999999999,0.571,0.352,0,0,0.0,0.5,0.5,0,G2,Sciences Infirmières,BAC_1,Centrale,privé,F,2024,REORIENTE
1,1,0,1,0,0,8.0,8.15,9.89,1,9.89,0.6686000000000001,0.668,-0.010999999999999944,0,0,0.0,0.5,0.5,0,D,Sciences de l'Éducation,BAC_1,Grand Lomé,privé,F,2024,REORIENTE
1,1,0,1,0,0,10.16,10.56,10.23,-1,10.23,0.3538,0.574,0.02300000000000004,0,0,0.0,0.5,0.5,0,D,Informatique,BAC_1,Centrale,public,F,2024,REORIENTE
1,1,0,1,0,0,10.68,10.24,11.26,1,11.26,0.8046,0.72,0.12599999999999997,0,0,0.0,0.5,0.5,0,D,Informatique,BAC_1,Grand Lomé,public,F,2023,REORIENTE
1,1,0,1,0,0,11.98,10.82,11.17,1,11.17,0.7764,0.456,0.11699999999999999,0,0,0.0,0.5,0.5,0,A,Lettres Modernes,BAC_1,Maritime,privé,F,2023,REORIENTE
1,1,0,1,0,0,11.79,11.13,11.61,1,11.61,0.5863999999999999,0.608,0.16099999999999995,0,0,0.0,0.5,0.5,0,D,Gestion des Entreprises,BAC_1,Grand Lomé,public,M,2024,REORIENTE
1,1,0,1,0,0,11.18,9.96,11.8,1,11.8,0.46180000000000004,0.553,0.18000000000000008,0,0,0.0,0.5,0.5,0,A,Communication et Journalisme,BAC_1,Grand Lomé,public,M,2024,ADMIS
1,1,0,1,0,0,7.71,9.3,8.18,-1,8.18,0.7724,0.638,-0.18200000000000002,0,0,0.0,0.5,0.5,0,A,Lettres Modernes,BAC_1,Plateaux Est,public,M,2023,REORIENTE
1,1,0,1,0,0,9.83,10.97,10.9,-1,10.9,0.2832,0.51,0.09000000000000004,0,0,0.0,0.5,0.5,0,D,Génie Informatique,BAC_1,Savanes,public,F,2024,ADMIS
1,1,0,1,0,0,9.28,10.09,10.58,1,10.58,0.6062000000000001,0.647,0.05800000000000001,0,0,0.0,0.5,0.5,0,A,Droit,BAC_1,Kara,privé,F,2024,ADMIS
1,1,0,1,0,0,9.35,9.21,10.15,1,10.15,0.4862,0.428,0.015000000000000036,0,0,0.0,0.5,0.5,0,A,Sociologie,BAC_1,Grand Lomé,public,F,2024,ADMIS
1,1,0,1,0,0,10.43,10.34,10.48,1,10.48,0.8699999999999999,0.69,0.04800000000000004,0,0,0.0,0.5,0.5,0,A,Enseignement Primaire,BAC_1,Grand Lomé,privé,F,2023,ADMIS
1,1,0,1,0,0,9.81,9.58,10.26,1,10.26,0.8555999999999999,0.654,0.025999999999999978,0,0,0.0,0.5,0.5,0,A,Communication et Journalisme,BAC_1,Plateaux Est,privé,F,2023,ADMIS
1,1,0,1,0,0,6.37,7.21,7.79,1,7.79,0.5528,0.491,-0.221,0,0,0.0,0.5,0.5,0,A,Communication et Journalisme,BAC_1,Savanes,public,M,2024,REORIENTE
1,1,0,1,0,0,7.81,8.91,8.52,-1,8.52,0.4366,0.409,-0.14800000000000005,0,0,0.0,0.5,0.5,0,A,Anglais,BAC_1,Plateaux Est,public,M,2024,REORIENTE
1,1,0,1,0,0,11.68,10.88,11.92,1,11.92,0.583,0.508,0.192,0,0,0.0,0.5,0.5,0,A,Lettres Modernes,BAC_1,Plateaux Ouest,public,F,2024,REORIENTE
1,1,0,1,0,0,8.48,8.47,8.81,1,8.81,0.8180000000000001,0.686,-0.11899999999999995,0,0,0.0,0.5,0.5,0,D,Biologie,BAC_1,Grand Lomé,public,F,2023,REORIENTE
1,1,0,1,0,0,11.24,15.0,13.12,-1,13.12,0.482,0.434,0.31199999999999994,0,0,0.0,0.5,0.5,0,A,Droit,BAC_1,Plateaux Ouest,public,F,2024,ADMIS
1,1,0,1,0,0,9.2,9.63,8.73,-1,8.73,0.495,0.657,-0.12699999999999995,0,0,0.0,0.5,0.5,0,A,Communication et Journalisme,BAC_1,Grand Lomé,public,M,2024,REORIENTE
1,1,0,1,0,0,10.41,12.1,11.61,-1,11.61,0.37760000000000005,0.506,0.16099999999999995,0,0,0.0,0.5,0.5,0,A,Sociologie,BAC_1,Savanes,public,F,2024,REORIENTE
1,1,0,1,0,0,10.34,11.24,10.75,-1,10.75,0.8236,0.574,0.075,0,0,0.0,0.5,0.5,0,A,Communication et Journalisme,BAC_1,Plateaux Ouest,privé,M,2023,REORIENTE
1,1,0,1,0,0,13.91,13.58,13.99,1,13.99,0.5548,0.496,0.399,0,0,0.0,0.5,0.5,0,D,Gestion des Entreprises,BAC_1,Grand Lomé,privé,F,2024,ADMIS
1,1,0,1,0,0,7.84,7.91,9.23,1,9.23,0.5668,0.589,-0.07699999999999996,0,0,0.0,0.5,0.5,0,G2,Finance et Comptabilité,BAC_1,Savanes,public,M,2024,ADMIS
1,1,0,1,0,0,11.55,12.22,11.97,-1,11.97,0.4814,0.53,0.19700000000000006,0,0,0.0,0.5,0.5,0,D,Biologie,BAC_1,Kara,public,F,2024,ADMIS
1,1,0,1,0,0,9.3,8.8,8.94,1,8.94,0.6096,0.564,-0.10600000000000005,0,0,0.0,0.5,0.5,0,D,Génie Mécanique,BAC_1,Plateaux Est,public,M,2023,ADMIS
1,1,0,1,0,0,8.55,7.66,9.69,1,9.69,0.6306,0.567,-0.03100000000000005,0,0,0.0,0.5,0.5,0,D,Finance et Comptabilité,BAC_1,Plateaux Ouest,public,F,2023,REORIENTE
1,1,0,1,0,0,8.99,9.8,9.16,-1,9.16,0.5589999999999999,0.466,-0.08399999999999999,0,0,0.0,0.5,0.5,0,D,Tourisme et Hôtellerie,BAC_1,Plateaux Est,public,F,2023,REORIENTE
1,1,0,1,0,0,5.92,5.53,6.02,1,6.02,0.5569999999999999,0.506,-0.398,0,0,0.0,0.5,0.5,0,D,Histoire,BAC_1,Centrale,public,F,2023,REORIENTE
1,1,0,1,0,0,10.06,10.6,10.61,1,10.61,0.7224,0.465,0.06099999999999994,0,0,0.0,0.5,0.5,0,A,Arts Plastiques,BAC_1,Maritime,public,F,2023,ADMIS
1,1,0,1,0,0,8.91,9.82,10.35,1,10.35,0.3256,0.481,0.03499999999999996,0,0,0.0,0.5,0.5,0,D,Tourisme et Hôtellerie,BAC_1,Maritime,public,F,2024,REORIENTE
1,1,0,1,0,0,5.8,7.25,7.2,-1,7.2,0.6983999999999999,0.444,-0.27999999999999997,0,0,0.0,0.5,0.5,0,A,Sciences de l'Éducation,BAC_1,Centrale,public,F,2023,ADMIS
1,1,0,1,0,0,13.88,12.41,13.21,1,13.21,0.7912,0.493,0.32100000000000006,0,0,0.0,0.5,0.5,0,A,Géographie,BAC_1,Maritime,public,M,2023,REORIENTE
1,1,0,1,0,0,6.64,7.93,8.05,1,8.05,0.7398,0.555,-0.19499999999999992,0,0,0.0,0.5,0.5,0,A,Psychologie,BAC_1,Centrale,public,M,2023,ADMIS
1,1,0,1,0,0,10.59,12.14,11.41,-1,11.41,0.7776,0.537,0.14100000000000001,0,0,0.0,0.5,0.5,0,A,Lettres Modernes,BAC_1,Grand Lomé,privé,F,2024,REORIENTE
1,1,0,1,0,0,7.29,7.51,8.02,1,8.02,0.7816,0.469,-0.19800000000000004,0,0,0.0,0.5,0.5,0,A,Lettres Modernes,BAC_1,Plateaux Est,privé,M,2023,REORIENTE
1,1,0,1,0,0,7.55,7.5,8.35,1,8.35,0.3496,0.583,-0.16500000000000004,0,0,0.0,0.5,0.5,0,D,Informatique,BAC_1,Plateaux Est,public,F,2024,REORIENTE
1,1,0,1,0,0,15.42,15.38,14.81,-1,14.81,0.37760000000000005,0.542,0.48100000000000004,0,0,0.0,0.5,0.5,0,A,Histoire,BAC_1,Kara,public,F,2024,ADMIS
1,1,0,1,0,0,10.3,10.91,10.69,-1,10.69,0.728,0.554,0.06899999999999995,0,0,0.0,0.5,0.5,0,A,Communication et Journalisme,BAC_1,Grand Lomé,public,M,2023,ADMIS
1,1,0,1,0,0,11.28,12.0,12.92,1,12.92,0.7156,0.52,0.292,0,0,0.0,0.5,0.5,0,A,Sociologie,BAC_1,Plateaux Ouest,privé,F,2024,REORIENTE
1,1,0,1,0,0,10.06,11.24,11.88,1,11.88,0.7575999999999999,0.613,0.18800000000000008,0,0,0.0,0.5,0.5,0,G1,Gestion des Entreprises,BAC_1,Grand Lomé,privé,F,2023,REORIENTE
1,1,0,1,0,0,13.63,12.18,13.32,1,13.32,0.706,0.736,0.332,0,0,0.0,0.5,0.5,0,D,Biologie,BAC_1,Grand Lomé,public,M,2023,ADMIS
1,1,0,1,0,0,8.15,9.1,9.37,1,9.37,0.5820000000000001,0.273,-0.06300000000000008,0,0,0.0,0.5,0.5,0,A,Anglais,BAC_1,Centrale,public,F,2023,REORIENTE
1,1,0,1,0,0,9.05,10.21,10.58,1,10.58,0.7094,0.374,0.05800000000000001,0,0,0.0,0.5,0.5,0,A,Droit,BAC_1,Plateaux Ouest,public,F,2023,ADMIS
1,1,0,1,0,0,13.2,14.39,13.73,-1,13.73,0.391,0.424,0.37300000000000005,0,0,0.0,0.5,0.5,0,A,Sociologie,BAC_1,Maritime,public,F,2024,ADMIS
1,1,0,1,0,0,12.92,13.56,12.24,-1,12.24,0.4256,0.416,0.22400000000000003,0,0,0.0,0.5,0.5,0,A,Sociologie,BAC_1,Plateaux Ouest,public,F,2024,REORIENTE
1,1,0,1,0,0,9.81,10.55,10.66,1,10.66,0.6844,0.433,0.06600000000000002,0,0,0.0,0.5,0.5,0,A,Histoire,BAC_1,Centrale,public,M,2023,REORIENTE
1,1,0,1,0,0,9.24,10.62,10.03,-1,10.03,0.8012,0.518,0.002999999999999936,0,0,0.0,0.5,0.5,0,A,Enseignement Primaire,BAC_1,Plateaux Ouest,privé,F,2023,ADMIS
1,1,0,1,0,0,6.28,6.34,7.11,1,7.11,0.6166,0.412,-0.289,0,0,0.0,0.5,0.5,0,D,Enseignement Primaire,BAC_1,Grand Lomé,privé,M,2024,REORIENTE
1,1,0,1,0,0,11.21,11.18,11.45,1,11.45,0.6962,0.56,0.14499999999999993,0,0,0.0,0.5,0.5,0,D,Histoire,BAC_1,Kara,public,M,2023,ADMIS
1,1,0,1,0,0,10.13,10.56,11.3,1,11.3,0.48600000000000004,0.468,0.13000000000000006,0,0,0.0,0.5,0.5,0,B,Arts Plastiques,BAC_1,Grand Lomé,public,M,2024,REORIENTE
1,1,0,1,0,0,8.7,8.98,9.0,1,9.0,0.34700000000000003,0.632,-0.1,0,0,0.0,0.5,0.5,0,D,Génie Informatique,BAC_1,Maritime,public,F,2024,REORIENTE
1,1,0,1,0,0,11.76,10.53,11.09,1,11.09,0.7617999999999999,0.595,0.10899999999999999,0,0,0.0,0.5,0.5,0,A,Droit,BAC_1,Plateaux Ouest,public,F,2023,REORIENTE
1,1,0,1,0,0,12.73,12.65,13.02,1,13.02,0.804,0.525,0.30199999999999994,0,0,0.0,0.5,0.5,0,A,Sciences Politiques,BAC_1,Savanes,public,M,2023,REORIENTE
1,1,0,1,0,0,8.33,8.14,9.26,1,9.26,0.7652,0.428,-0.07400000000000002,0,0,0.0,0.5,0.5,0,A,Arts Plastiques,BAC_1,Grand Lomé,privé,F,2023,ADMIS
1,1,0,1,0,0,13.53,12.32,12.42,1,12.42,0.612,0.495,0.242,0,0,0.0,0.5,0.5,0,A,Communication et Journalisme,BAC_1,Maritime,public,M,2023,ADMIS
1,1,0,1,0,0,8.0,7.62,8.48,1,8.48,0.7752,0.453,-0.15199999999999997,0,0,0.0,0.5,0.5,0,D,Génie Informatique,BAC_1,Grand Lomé,privé,F,2023,ADMIS
1,1,0,1,0,0,12.83,11.74,12.66,1,12.66,0.46480000000000005,0.658,0.266,0,0,0.0,0.5,0.5,0,A,Droit,BAC_1,Centrale,public,M,2024,REORIENTE
1,1,0,1,0,0,12.04,12.29,12.68,1,12.68,0.48319999999999996,0.542,0.26799999999999996,0,0,0.0,0.5,0.5,0,A,Communication et Journalisme,BAC_1,Savanes,public,F,2024,ADMIS
1,1,0,1,0,0,13.32,12.47,13.18,1,13.18,0.46540000000000004,0.367,0.31799999999999995,0,0,0.0,0.5,0.5,0,D,Géographie,BAC_1,Plateaux Est,public,F,2023,REORIENTE
1,1,0,1,0,0,10.09,9.2,10.28,1,10.28,0.7532,0.398,0.027999999999999935,0,0,0.0,0.5,0.5,0,A,Sciences de l'Éducation,BAC_1,Maritime,privé,M,2023,ADMIS
1,1,0,1,0,0,8.54,6.83,8.48,1,8.48,0.7205999999999999,0.582,-0.15199999999999997,0,0,0.0,0.5,0.5,0,D,Génie Électrique,BAC_1,Maritime,public,F,2023,REORIENTE
1,1,0,1,0,0,12.05,12.08,12.51,1,12.51,0.6506000000000001,0.446,0.251,0,0,0.0,0.5,0.5,0,A,Anglais,BAC_1,Grand Lomé,public,F,2023,REORIENTE
1,1,0,1,0,0,12.97,12.48,12.67,1,12.67,0.8184,0.633,0.267,0,0,0.0,0.5,0.5,0,G1,Banque et Assurance,BAC_1,Centrale,privé,F,2024,ADMIS
1,1,0,1,0,0,8.21,9.25,9.11,-1,9.11,0.6464000000000001,0.437,-0.08900000000000005,0,0,0.0,0.5,0.5,0,D,Biologie,BAC_1,Grand Lomé,privé,M,2023,REORIENTE
1,1,0,1,0,0,9.59,10.04,9.84,-1,9.84,0.751,0.484,-0.016000000000000014,0,0,0.0,0.5,0.5,0,A,Psychologie,BAC_1,Plateaux Est,privé,M,2023,ADMIS
1,1,0,1,0,0,8.67,9.61,9.46,-1,9.46,0.5115999999999999,0.346,-0.053999999999999916,0,0,0.0,0.5,0.5,0,D,Physique-Chimie,BAC_1,Centrale,public,M,2023,REORIENTE
1,1,0,1,0,0,14.33,14.07,13.61,-1,13.61,0.6348,0.639,0.36099999999999993,0,0,0.0,0.5,0.5,0,B,Banque et Assurance,BAC_1,Plateaux Est,public,F,2024,ADMIS
1,1,0,1,0,0,10.2,8.97,10.05,1,10.05,0.7212,0.72,0.005000000000000071,0,0,0.0,0.5,0.5,0,A,Sciences Politiques,BAC_1,Grand Lomé,public,F,2024,REORIENTE
1,1,0,1,0,0,9.42,8.89,9.02,1,9.02,0.6154,0.484,-0.09800000000000005,0,0,0.0,0.5,0.5,0,A,Droit,BAC_1,Savanes,privé,M,2024,REORIENTE
1,1,0,1,0,0,10.36,11.95,11.55,-1,11.55,0.7904,0.491,0.15500000000000008,0,0,0.0,0.5,0.5,0,D,Sciences Infirmières,BAC_1,Grand Lomé,privé,M,2023,ADMIS
1,1,0,1,0,0,8.43,8.91,9.2,1,9.2,0.7063999999999999,0.545,-0.08000000000000007,0,0,0.0,0.5,0.5,0,A,Arts Plastiques,BAC_1,Maritime,public,M,2023,ADMIS
1,1,0,1,0,0,7.05,6.83,8.68,1,8.68,0.5244,0.345,-0.13200000000000003,0,0,0.0,0.5,0.5,0,A,Sociologie,BAC_1,Grand Lomé,public,M,2024,REORIENTE
1,1,0,1,0,0,7.17,6.91,8.01,1,8.01,0.746,0.38,-0.199,0,0,0.0,0.5,0.5,0,F1,Génie Mécanique,BAC_1,Kara,privé,F,2023,REORIENTE
1,1,0,1,0,0,9.73,8.85,9.85,1,9.85,0.6184000000000001,0.616,-0.015000000000000036,0,0,0.0,0.5,0.5,0,D,Génie Informatique,BAC_1,Maritime,privé,M,2024,REORIENTE
1,1,0,1,0,0,7.81,8.33,9.59,1,9.59,0.7124,0.473,-0.041000000000000016,0,0,0.0,0.5,0.5,0,A,Sciences Politiques,BAC_1,Maritime,public,M,2023,ADMIS
1,1,0,1,0,0,8.0,7.08,8.01,1,8.01,0.856,0.655,-0.199,0,0,0.0,0.5,0.5,0,T1,STAPS (Activités Physiques et Sportives),BAC_1,Savanes,public,F,2023,ADMIS
1,1,0,1,0,0,10.97,11.8,11.15,-1,11.15,0.5409999999999999,0.403,0.11500000000000003,0,0,0.0,0.5,0.5,0,A,Psychologie,BAC_1,Plateaux Ouest,public,M,2023,ADMIS
1,1,0,1,0,0,7.99,7.55,9.03,1,9.03,0.619,0.442,-0.09700000000000006,0,0,0.0,0.5,0.5,0,A,Anglais,BAC_1,Grand Lomé,privé,M,2024,ADMIS
1,1,0,1,0,0,8.26,8.44,9.3,1,9.3,0.6122,0.227,-0.06999999999999992,0,0,0.0,0.5,0.5,0,D,Sciences Environnementales,BAC_1,Grand Lomé,privé,F,2023,ADMIS
1,1,0,1,0,0,9.98,10.3,11.05,1,11.05,0.5974,0.694,0.10500000000000007,0,0,0.0,0.5,0.5,0,D,Gestion des Entreprises,BAC_1,Centrale,public,F,2023,ADMIS
1,1,0,1,0,0,12.9,12.27,12.12,-1,12.12,0.625,0.394,0.2119999999999999,0,0,0.0,0.5,0.5,0,D,Finance et Comptabilité,BAC_1,Grand Lomé,privé,M,2023,ADMIS
1,1,0,1,0,0,9.4,9.11,9.13,1,9.13,0.4796,0.596,-0.08699999999999992,0,0,0.0,0.5,0.5,0,A,Communication et Journalisme,BAC_1,Kara,public,M,2024,REORIENTE
1,1,0,1,0,0,12.85,13.73,14.09,1,14.09,0.7174,0.709,0.409,0,0,0.0,0.5,0.5,0,A,Sociologie,BAC_1,Grand Lomé,public,F,2024,ADMIS
1,1,0,1,0,0,8.22,7.95,8.7,1,8.7,0.5188,0.463,-0.13000000000000006,0,0,0.0,0.5,0.5,0,A,Sociologie,BAC_1,Plateaux Ouest,public,M,2024,REORIENTE
1,1,0,1,0,0,9.61,9.74,10.42,1,10.42,0.317,0.593,0.041999999999999996,0,0,0.0,0.5,0.5,0,A,Sciences Politiques,BAC_1,Centrale,public,F,2024,REORIENTE
1,1,0,1,0,0,13.59,14.64,13.84,-1,13.84,0.6756,0.465,0.384,0,0,0.0,0.5,0.5,0,D,Agronomie,BAC_1,Maritime,public,M,2023,ADMIS
1,1,0,1,0,0,9.9,9.8,9.73,-1,9.73,0.5592,0.627,-0.026999999999999958,0,0,0.0,0.5,0.5,0,A,Droit,BAC_1,Centrale,public,M,2024,ADMIS
1,1,0,1,0,0,11.07,11.33,12.24,1,12.24,0.6117999999999999,0.49,0.22400000000000003,0,0,0.0,0.5,0.5,0,A,Droit,BAC_1,Savanes,public,M,2024,REORIENTE
1,1,0,1,0,0,7.71,7.94,8.77,1,8.77,0.4606,0.451,-0.12300000000000004,0,0,0.0,0.5,0.5,0,A,Psychologie,BAC_1,Centrale,public,M,2024,REORIENTE
1,1,0,1,0,0,8.77,10.16,10.27,1,10.27,0.6648000000000001,0.447,0.026999999999999958,0,0,0.0,0.5,0.5,0,D,Finance et Comptabilité,BAC_1,Plateaux Est,privé,F,2023,REORIENTE
1,1,0,1,0,0,8.33,8.68,8.64,-1,8.64,0.7248,0.654,-0.13599999999999995,0,0,0.0,0.5,0.5,0,D,Génie Électrique,BAC_1,Grand Lomé,public,M,2024,ADMIS
1,1,0,1,0,0,8.87,7.73,8.24,1,8.24,0.4356,0.588,-0.176,0,0,0.0,0.5,0.5,0,D,Tourisme et Hôtellerie,BAC_1,Kara,public,M,2024,REORIENTE
1,1,0,1,0,0,10.85,10.58,10.87,1,10.87,0.2128,0.358,0.08699999999999992,0,0,0.0,0.5,0.5,0,D,Sciences Environnementales,BAC_1,Centrale,public,F,2024,REORIENTE
1,1,0,1,0,0,13.85,10.33,12.12,1,12.12,0.6559999999999999,0.539,0.2119999999999999,0,0,0.0,0.5,0.5,0,A,Arts Plastiques,BAC_1,Centrale,privé,F,2024,ADMIS
1,1,0,1,0,0,8.58,10.49,9.81,-1,9.81,0.8674000000000001,0.763,-0.01899999999999995,0,0,0.0,0.5,0.5,0,D,Informatique,BAC_1,Grand Lomé,privé,M,2023,REORIENTE
1,1,0,1,0,0,10.44,8.94,9.41,1,9.41,0.768,0.435,-0.05899999999999998,0,0,0.0,0.5,0.5,0,A,Histoire,BAC_1,Maritime,public,M,2023,REORIENTE
1,1,0,1,0,0,8.17,10.49,10.56,1,10.56,0.6306,0.582,0.05600000000000005,0,0,0.0,0.5,0.5,0,D,Biologie,BAC_1,Savanes,privé,M,2024,ADMIS
1,1,0,1,0,0,6.8,7.2,7.82,1,7.82,0.7587999999999999,0.412,-0.21799999999999997,0,0,0.0,0.5,0.5,0,D,Sciences Forestières,BAC_1,Centrale,privé,F,2023,ADMIS
1,1,0,1,0,0,7.99,8.87,9.49,1,9.49,0.7942,0.736,-0.050999999999999976,0,0,0.0,0.5,0.5,0,A,Psychologie,BAC_1,Plateaux Ouest,privé,F,2023,REORIENTE
1,1,0,1,0,0,6.67,8.27,7.59,-1,7.59,0.3362,0.401,-0.24100000000000002,0,0,0.0,0.5,0.5,0,A,Lettres Modernes,BAC_1,Plateaux Est,public,F,2024,REORIENTE
1,1,0,1,0,0,8.07,6.02,7.24,1,7.24,0.7954000000000001,0.643,-0.27599999999999997,0,0,0.0,0.5,0.5,0,A,Tourisme et Hôtellerie,BAC_1,Plateaux Est,privé,M,2023,ADMIS
1,1,0,1,0,0,11.67,10.54,10.58,1,10.58,0.43,0.394,0.05800000000000001,0,0,0.0,0.5,0.5,0,C,Finance et Comptabilité,BAC_1,Centrale,public,F,2024,ADMIS
1,1,0,1,0,0,9.63,10.29,9.96,-1,9.96,0.5628,0.537,-0.003999999999999915,0,0,0.0,0.5,0.5,0,A,Enseignement Primaire,BAC_1,Maritime,public,F,2023,REORIENTE
1,1,0,1,0,0,6.61,7.57,8.44,1,8.44,0.8086,0.616,-0.15600000000000006,0,0,0.0,0.5,0.5,0,A,Géographie,BAC_1,Grand Lomé,public,F,2023,REORIENTE
1,1,0,1,0,0,11.67,12.27,12.7,1,12.7,0.366,0.459,0.2699999999999999,0,0,0.0,0.5,0.5,0,D,Biologie,BAC_1,Maritime,public,F,2024,REORIENTE
1,1,0,1,0,0,10.29,11.22,11.37,1,11.37,0.7382,0.542,0.13699999999999993,0,0,0.0,0.5,0.5,0,A,Psychologie,BAC_1,Grand Lomé,privé,F,2023,ADMIS
1,1,0,1,0,0,10.7,9.56,11.04,1,11.04,0.7027999999999999,0.695,0.10399999999999991,0,0,0.0,0.5,0.5,0,F3,Génie Électrique,BAC_1,Grand Lomé,public,F,2023,REORIENTE
1,1,0,1,0,0,8.89,9.79,9.77,-1,9.77,0.5594,0.719,-0.02300000000000004,0,0,0.0,0.5,0.5,0,A,Psychologie,BAC_1,Plateaux Ouest,public,F,2024,ADMIS
1,1,0,1,0,0,8.16,6.95,8.17,1,8.17,0.6208,0.58,-0.183,0,0,0.0,0.5,0.5,0,A,Communication et Journalisme,BAC_1,Grand Lomé,privé,F,2024,ADMIS
1,1,0,1,0,0,14.11,13.98,14.34,1,14.34,0.824,0.575,0.434,0,0,0.0,0.5,0.5,0,A,Arts Plastiques,BAC_1,Maritime,privé,F,2023,ADMIS
1,1,0,1,0,0,12.33,12.44,11.31,-1,11.31,0.6142000000000001,0.727,0.13100000000000006,0,0,0.0,0.5,0.5,0,D,Médecine,BAC_1,Kara,public,F,2024,REORIENTE
1,1,0,1,0,0,10.33,10.58,10.89,1,10.89,0.4904,0.545,0.08900000000000005,0,0,0.0,0.5,0.5,0,A,Psychologie,BAC_1,Grand Lomé,public,M,2024,REORIENTE
1,1,0,1,0,0,10.01,9.86,10.72,1,10.72,0.3326,0.419,0.07200000000000006,0,0,0.0,0.5,0.5,0,A,STAPS (Activités Physiques et Sportives),BAC_1,Plateaux Est,public,M,2024,REORIENTE
1,1,0,1,0,0,12.16,11.3,11.77,1,11.77,0.7836,0.474,0.17699999999999996,0,0,0.0,0.5,0.5,0,T1,Génie Mécanique,BAC_1,Centrale,public,F,2024,REORIENTE
1,1,0,1,0,0,8.83,7.74,8.85,1,8.85,0.5178,0.675,-0.11500000000000003,0,0,0.0,0.5,0.5,0,D,Pharmacie,BAC_1,Plateaux Ouest,public,F,2024,REORIENTE
1,1,0,1,0,0,8.71,9.71,10.41,1,10.41,0.8455999999999999,0.641,0.041000000000000016,0,0,0.0,0.5,0.5,0,A,Psychologie,BAC_1,Maritime,public,M,2023,ADMIS
1,1,0,1,0,0,11.49,12.12,12.12,-1,12.12,0.5548,0.862,0.2119999999999999,0,0,0.0,0.5,0.5,0,A,Sciences Politiques,BAC_1,Maritime,public,F,2024,REORIENTE
1,1,0,1,0,0,9.74,10.37,10.01,-1,10.01,0.79,0.49,0.0009999999999999788,0,0,0.0,0.5,0.5,0,A,Lettres Modernes,BAC_1,Kara,privé,F,2023,REORIENTE
1,1,0,1,0,0,10.71,10.92,11.28,1,11.28,0.5027999999999999,0.369,0.12799999999999995,0,0,0.0,0.5,0.5,0,A,Sciences de l'Éducation,BAC_1,Kara,public,F,2023,ADMIS
1,1,0,1,0,0,13.95,13.25,13.3,1,13.3,0.48619999999999997,0.593,0.33000000000000007,0,0,0.0,0.5,0.5,0,D,Psychologie,BAC_1,Savanes,public,M,2024,REORIENTE
1,1,0,1,0,0,10.45,10.25,10.28,1,10.28,0.3366,0.552,0.027999999999999935,0,0,0.0,0.5,0.5,0,D,Enseignement Primaire,BAC_1,Savanes,public,M,2024,REORIENTE
1,1,0,1,0,0,5.42,6.17,6.48,1,6.48,0.48,0.504,-0.352,0,0,0.0,0.5,0.5,0,A,Communication et Journalisme,BAC_1,Grand Lomé,public,M,2024,ADMIS
1,1,0,1,0,0,10.27,10.2,11.31,1,11.31,0.5634,0.699,0.13100000000000006,0,0,0.0,0.5,0.5,0,A,Droit,BAC_1,Maritime,public,M,2024,REORIENTE
1,1,0,1,0,0,13.74,13.35,12.67,-1,12.67,0.5594,0.596,0.267,0,0,0.0,0.5,0.5,0,A,Tourisme et Hôtellerie,BAC_1,Plateaux Ouest,privé,F,2024,REORIENTE
1,1,0,1,0,0,10.53,7.55,8.63,1,8.63,0.6626000000000001,0.458,-0.13699999999999993,0,0,0.0,0.5,0.5,0,D,Génie Électrique,BAC_1,Maritime,public,M,2023,ADMIS
1,1,0,1,0,0,9.04,10.83,10.3,-1,10.3,0.6584000000000001,0.683,0.030000000000000072,0,0,0.0,0.5,0.5,0,A,Enseignement Primaire,BAC_1,Centrale,public,M,2023,REORIENTE
1,1,0,1,0,0,9.79,9.79,10.36,1,10.36,0.5096,0.476,0.03599999999999994,0,0,0.0,0.5,0.5,0,D,Sciences de l'Éducation,BAC_1,Centrale,privé,M,2024,REORIENTE
1,1,0,1,0,0,8.94,10.24,11.7,1,11.7,0.3644,0.455,0.16999999999999993,0,0,0.0,0.5,0.5,0,D,Histoire,BAC_1,Grand Lomé,public,F,2024,REORIENTE
1,1,0,1,0,0,11.9,9.21,10.64,1,10.64,0.776,0.704,0.06400000000000006,0,0,0.0,0.5,0.5,0,A,Sociologie,BAC_1,Maritime,privé,F,2023,ADMIS
1,1,0,1,0,0,13.79,13.44,14.26,1,14.26,0.7552,0.403,0.426,0,0,0.0,0.5,0.5,0,A,Communication et Journalisme,BAC_1,Maritime,public,F,2023,ADMIS
1,1,0,1,0,0,9.36,8.46,9.57,1,9.57,0.4528,0.571,-0.04299999999999997,0,0,0.0,0.5,0.5,0,D,Finance et Comptabilité,BAC_1,Maritime,public,F,2024,REORIENTE
1,1,0,1,0,0,9.79,8.28,9.8,1,9.8,0.6446,0.503,-0.019999999999999928,0,0,0.0,0.5,0.5,0,B,Communication et Journalisme,BAC_1,Plateaux Est,privé,F,2024,REORIENTE
1,1,0,1,0,0,10.82,10.93,11.74,1,11.74,0.756,0.405,0.17400000000000002,0,0,0.0,0.5,0.5,0,D,Sciences de l'Éducation,BAC_1,Grand Lomé,privé,M,2023,ADMIS
1,1,0,1,0,0,14.24,13.48,13.0,-1,13.0,0.4466,0.467,0.3,0,0,0.0,0.5,0.5,0,A,Enseignement Primaire,BAC_1,Plateaux Ouest,public,F,2024,REORIENTE
1,1,0,1,0,0,10.31,10.26,11.08,1,11.08,0.4926,0.48,0.10800000000000001,0,0,0.0,0.5,0.5,0,A,Arts Plastiques,BAC_1,Grand Lomé,public,F,2024,REORIENTE
1,1,0,1,0,0,12.85,11.09,13.08,1,13.08,0.509,0.647,0.308,0,0,0.0,0.5,0.5,0,A,Psychologie,BAC_1,Centrale,privé,F,2024,ADMIS
1,1,0,1,0,0,8.61,8.61,9.62,1,9.62,0.6402,0.675,-0.038000000000000075,0,0,0.0,0.5,0.5,0,D,Gestion des Entreprises,BAC_1,Grand Lomé,public,M,2023,ADMIS
1,1,0,1,0,0,10.36,10.97,11.75,1,11.75,0.673,0.535,0.175,0,0,0.0,0.5,0.5,0,G2,Sciences Politiques,BAC_1,Plateaux Ouest,public,F,2023,REORIENTE
1,1,0,1,0,0,10.17,9.03,9.6,1,9.6,0.3352,0.337,-0.040000000000000036,0,0,0.0,0.5,0.5,0,A,Sciences de l'Éducation,BAC_1,Maritime,public,F,2024,REORIENTE
1,1,0,1,0,0,14.11,14.39,14.67,1,14.67,0.7063999999999999,0.527,0.46699999999999997,0,0,0.0,0.5,0.5,0,A,Communication et Journalisme,BAC_1,Grand Lomé,public,M,2024,ADMIS
1,1,0,1,0,0,9.9,10.81,10.89,1,10.89,0.4754,0.53,0.08900000000000005,0,0,0.0,0.5,0.5,0,D,Finance et Comptabilité,BAC_1,Centrale,privé,M,2024,REORIENTE
1,1,0,1,0,0,10.33,10.44,11.38,1,11.38,0.6776,0.545,0.13800000000000007,0,0,0.0,0.5,0.5,0,A,Communication et Journalisme,BAC_1,Plateaux Ouest,public,F,2023,REORIENTE
1,1,0,1,0,0,10.97,10.52,11.65,1,11.65,0.7416,0.708,0.16500000000000004,0,0,0.0,0.5,0.5,0,D,Sciences Environnementales,BAC_1,Plateaux Ouest,privé,M,2023,REORIENTE
1,1,0,1,0,0,11.17,11.29,11.86,1,11.86,0.6682000000000001,0.658,0.18599999999999994,0,0,0.0,0.5,0.5,0,A,Enseignement Primaire,BAC_1,Savanes,public,F,2024,ADMIS
1,1,0,1,0,0,12.35,12.23,12.81,1,12.81,0.5458000000000001,0.421,0.281,0,0,0.0,0.5,0.5,0,D,Sciences Forestières,BAC_1,Savanes,public,F,2023,REORIENTE
1,1,0,1,0,0,5.1,6.5,7.73,1,7.73,0.563,0.416,-0.22699999999999995,0,0,0.0,0.5,0.5,0,D,Géographie,BAC_1,Grand Lomé,public,F,2024,REORIENTE
1,1,0,1,0,0,7.34,6.68,7.6,1,7.6,0.8308,0.592,-0.24000000000000005,0,0,0.0,0.5,0.5,0,A,Géographie,BAC_1,Maritime,public,M,2023,ADMIS
1,1,0,1,0,0,10.03,10.93,11.0,1,11.0,0.6871999999999999,0.497,0.1,0,0,0.0,0.5,0.5,0,D,Gestion des Entreprises,BAC_1,Grand Lomé,privé,M,2024,REORIENTE
1,1,0,1,0,0,10.35,11.93,11.9,-1,11.9,0.2334,0.354,0.19000000000000003,0,0,0.0,0.5,0.5,0,A,Tourisme et Hôtellerie,BAC_1,Centrale,public,F,2024,REORIENTE
1,1,0,1,0,0,10.85,12.0,11.06,-1,11.06,0.741,0.618,0.10600000000000005,0,0,0.0,0.5,0.5,0,A,Droit,BAC_1,Centrale,public,F,2023,REORIENTE
1,1,0,1,0,0,9.55,11.31,10.77,-1,10.77,0.6466000000000001,0.649,0.07699999999999996,0,0,0.0,0.5,0.5,0,G2,Droit,BAC_1,Plateaux Est,privé,F,2024,ADMIS
1,1,0,1,0,0,9.67,9.86,10.93,1,10.93,0.4358,0.404,0.09299999999999997,0,0,0.0,0.5,0.5,0,D,Géographie,BAC_1,Grand Lomé,public,F,2024,REORIENTE
1,1,0,1,0,0,12.46,13.25,13.21,-1,13.21,0.7352,0.614,0.32100000000000006,0,0,0.0,0.5,0.5,0,D,Génie Électrique,BAC_1,Maritime,public,M,2023,ADMIS
1,1,0,1,0,0,12.21,12.45,11.65,-1,11.65,0.7258,0.562,0.16500000000000004,0,0,0.0,0.5,0.5,0,A,Lettres Modernes,BAC_1,Grand Lomé,public,M,2023,ADMIS
1,1,0,1,0,0,8.83,10.76,10.56,-1,10.56,0.7687999999999999,0.5,0.05600000000000005,0,0,0.0,0.5,0.5,0,A,Psychologie,BAC_1,Plateaux Ouest,public,M,2023,REORIENTE
1,1,0,1,0,0,11.05,9.77,10.13,1,10.13,0.48360000000000003,0.396,0.013000000000000077,0,0,0.0,0.5,0.5,0,D,Informatique,BAC_1,Plateaux Est,public,F,2023,REORIENTE
1,1,0,1,0,0,12.83,11.49,13.16,1,13.16,0.7932,0.498,0.316,0,0,0.0,0.5,0.5,0,A,Psychologie,BAC_1,Grand Lomé,public,M,2023,ADMIS
1,1,0,1,0,0,10.77,8.55,9.84,1,9.84,0.6819999999999999,0.64,-0.016000000000000014,0,0,0.0,0.5,0.5,0,D,Génie Civil,BAC_1,Grand Lomé,public,F,2023,REORIENTE
1,1,0,1,0,0,10.04,9.59,11.26,1,11.26,0.5786,0.647,0.12599999999999997,0,0,0.0,0.5,0.5,0,D,Enseignement Primaire,BAC_1,Maritime,public,M,2024,ADMIS
1,1,0,1,0,0,8.73,8.17,8.63,1,8.63,0.6728000000000001,0.755,-0.13699999999999993,0,0,0.0,0.5,0.5,0,A,Sciences de l'Éducation,BAC_1,Savanes,privé,M,2024,REORIENTE
1,1,0,1,0,0,9.82,11.39,10.99,-1,10.99,0.472,0.493,0.09900000000000002,0,0,0.0,0.5,0.5,0,A,Sciences de l'Éducation,BAC_1,Centrale,public,F,2024,REORIENTE
1,1,0,1,0,0,11.71,10.76,12.3,1,12.3,0.46399999999999997,0.242,0.23000000000000007,0,0,0.0,0.5,0.5,0,B,Finance et Comptabilité,BAC_1,Maritime,public,M,2024,ADMIS
1,1,0,1,0,0,11.37,11.54,12.23,1,12.23,0.4632,0.369,0.22300000000000003,0,0,0.0,0.5,0.5,0,A,Sociologie,BAC_1,Savanes,public,M,2024,REORIENTE
1,1,0,1,0,0,11.82,11.83,11.13,-1,11.13,0.6892,0.415,0.11300000000000007,0,0,0.0,0.5,0.5,0,A,Lettres Modernes,BAC_1,Plateaux Est,public,M,2023,REORIENTE
1,1,0,1,0,0,8.38,9.81,9.82,1,9.82,0.5146,0.397,-0.01799999999999997,0,0,0.0,0.5,0.5,0,A,Géographie,BAC_1,Grand Lomé,public,M,2024,ADMIS
1,1,0,1,0,0,8.72,8.74,10.16,1,10.16,0.5482,0.619,0.016000000000000014,0,0,0.0,0.5,0.5,0,D,Enseignement Primaire,BAC_1,Grand Lomé,public,F,2024,ADMIS
1,1,0,1,0,0,10.33,11.32,11.87,1,11.87,0.7108,0.67,0.18699999999999992,0,0,0.0,0.5,0.5,0,G2,Gestion des Entreprises,BAC_1,Plateaux Ouest,privé,F,2024,ADMIS
1,1,0,1,0,0,6.74,6.85,7.61,1,7.61,0.6352,0.415,-0.23899999999999996,0,0,0.0,0.5,0.5,0,A,Communication et Journalisme,BAC_1,Grand Lomé,public,F,2023,REORIENTE
1,1,0,1,0,0,6.43,5.95,6.96,1,6.96,0.40559999999999996,0.27,-0.304,0,0,0.0,0.5,0.5,0,A,Sociologie,BAC_1,Centrale,public,M,2023,REORIENTE
1,1,0,1,0,0,8.32,10.25,9.76,-1,9.76,0.7554,0.642,-0.02400000000000002,0,0,0.0,0.5,0.5,0,D,Génie Informatique,BAC_1,Savanes,public,M,2023,REORIENTE
1,1,0,1,0,0,5.56,7.76,7.31,-1,7.31,0.5828,0.674,-0.269,0,0,0.0,0.5,0.5,0,A,Lettres Modernes,BAC_1,Maritime,privé,M,2024,REORIENTE
1,1,0,1,0,0,8.45,10.06,10.23,1,10.23,0.5644,0.565,0.02300000000000004,0,0,0.0,0.5,0.5,0,D,Sciences de l'Éducation,BAC_1,Plateaux Est,public,M,2023,REORIENTE
1,1,0,1,0,0,10.3,8.82,9.86,1,9.86,0.474,0.396,-0.014000000000000058,0,0,0.0,0.5,0.5,0,B,Géographie,BAC_1,Grand Lomé,public,F,2023,REORIENTE
1,1,0,1,0,0,12.14,11.48,11.75,1,11.75,0.523,0.544,0.175,0,0,0.0,0.5,0.5,0,G3,Gestion des Entreprises,BAC_1,Kara,public,F,2023,ADMIS
1,1,0,1,0,0,10.21,10.93,11.22,1,11.22,0.7454000000000001,0.461,0.12200000000000007,0,0,0.0,0.5,0.5,0,E,Informatique,BAC_1,Grand Lomé,public,M,2023,ADMIS
1,1,0,1,0,0,10.74,11.37,10.65,-1,10.65,0.734,0.635,0.06500000000000003,0,0,0.0,0.5,0.5,0,A,Sciences de l'Éducation,BAC_1,Grand Lomé,public,M,2023,ADMIS
1,1,0,1,0,0,7.46,6.89,7.09,1,7.09,0.4178,0.437,-0.29100000000000004,0,0,0.0,0.5,0.5,0,A,Droit,BAC_1,Centrale,public,F,2024,REORIENTE
1,1,0,1,0,0,6.43,7.46,7.81,1,7.81,0.3324,0.474,-0.21900000000000003,0,0,0.0,0.5,0.5,0,D,Génie Informatique,BAC_1,Centrale,public,F,2024,REORIENTE
1,1,0,1,0,0,13.67,11.62,11.7,1,11.7,0.5882000000000001,0.461,0.16999999999999993,0,0,0.0,0.5,0.5,0,G3,Banque et Assurance,BAC_1,Plateaux Est,public,F,2024,REORIENTE
1,1,0,1,0,0,9.68,9.99,10.49,1,10.49,0.6818,0.608,0.04900000000000002,0,0,0.0,0.5,0.5,0,A,Psychologie,BAC_1,Grand Lomé,privé,M,2024,REORIENTE
1,1,0,1,0,0,12.83,13.24,13.27,1,13.27,0.6852,0.513,0.32699999999999996,0,0,0.0,0.5,0.5,0,A,Sciences Politiques,BAC_1,Maritime,privé,M,2024,REORIENTE
1,1,0,1,0,0,10.31,10.13,11.01,1,11.01,0.5748,0.6,0.10099999999999998,0,0,0.0,0.5,0.5,0,B,Sciences de l'Éducation,BAC_1,Kara,public,F,2024,REORIENTE
1,1,0,1,0,0,12.43,12.37,12.32,-1,12.32,0.6022,0.616,0.23200000000000004,0,0,0.0,0.5,0.5,0,D,Sciences Infirmières,BAC_1,Plateaux Est,public,F,2023,ADMIS
1,1,0,1,0,0,14.58,14.57,14.77,1,14.77,0.5504,0.671,0.477,0,0,0.0,0.5,0.5,0,D,Pharmacie,BAC_1,Plateaux Ouest,public,M,2024,REORIENTE
1,1,0,1,0,0,10.68,11.44,12.37,1,12.37,0.4306,0.514,0.23699999999999993,0,0,0.0,0.5,0.5,0,A,Communication et Journalisme,BAC_1,Plateaux Est,public,F,2024,REORIENTE
1,1,0,1,0,0,12.96,11.39,12.31,1,12.31,0.37839999999999996,0.427,0.23100000000000004,0,0,0.0,0.5,0.5,0,D,Génie Informatique,BAC_1,Plateaux Est,public,M,2024,ADMIS
1,1,0,1,0,0,12.26,13.27,13.02,-1,13.02,0.4916,0.431,0.30199999999999994,0,0,0.0,0.5,0.5,0,D,Sciences Infirmières,BAC_1,Plateaux Ouest,public,F,2023,REORIENTE
1,1,0,1,0,0,9.49,10.24,9.84,-1,9.84,0.45020000000000004,0.62,-0.016000000000000014,0,0,0.0,0.5,0.5,0,G3,Gestion des Entreprises,BAC_1,Grand Lomé,public,M,2024,REORIENTE
1,1,0,1,0,0,13.81,12.26,12.74,1,12.74,0.529,0.115,0.274,0,0,0.0,0.5,0.5,0,A,Communication et Journalisme,BAC_1,Plateaux Est,public,F,2023,ADMIS
1,1,0,1,0,0,6.35,5.64,6.01,1,6.01,0.6758,0.476,-0.399,0,0,0.0,0.5,0.5,0,D,Gestion des Entreprises,BAC_1,Kara,privé,F,2023,REORIENTE
1,1,0,1,0,0,10.28,11.46,11.77,1,11.77,0.725,0.464,0.17699999999999996,0,0,0.0,0.5,0.5,0,A,Lettres Modernes,BAC_1,Kara,public,F,2023,REORIENTE
1,1,0,1,0,0,11.14,14.23,12.9,-1,12.9,0.5035999999999999,0.578,0.29000000000000004,0,0,0.0,0.5,0.5,0,D,Médecine,BAC_1,Plateaux Est,privé,M,2024,REORIENTE
1,1,0,1,0,0,9.51,8.81,9.73,1,9.73,0.36440000000000006,0.413,-0.026999999999999958,0,0,0.0,0.5,0.5,0,A,Anglais,BAC_1,Kara,public,F,2024,REORIENTE
1,1,0,1,0,0,7.88,7.87,9.44,1,9.44,0.5409999999999999,0.73,-0.05600000000000005,0,0,0.0,0.5,0.5,0,A,Psychologie,BAC_1,Maritime,public,M,2024,ADMIS
1,1,0,1,0,0,8.25,9.16,8.87,-1,8.87,0.5676,0.429,-0.11300000000000007,0,0,0.0,0.5,0.5,0,A,Lettres Modernes,BAC_1,Kara,privé,F,2024,ADMIS
1,1,0,1,0,0,10.51,9.31,9.7,1,9.7,0.7272,0.531,-0.030000000000000072,0,0,0.0,0.5,0.5,0,D,Génie Informatique,BAC_1,Grand Lomé,public,F,2023,REORIENTE
1,1,0,1,0,0,11.17,12.1,12.52,1,12.52,0.8416,0.619,0.25199999999999995,0,0,0.0,0.5,0.5,0,A,Histoire,BAC_1,Savanes,public,M,2023,ADMIS
1,1,0,1,0,0,7.84,10.58,9.53,-1,9.53,0.7664000000000001,0.536,-0.04700000000000006,0,0,0.0,0.5,0.5,0,A,Sciences de l'Éducation,BAC_1,Savanes,public,F,2023,REORIENTE
1,1,0,1,0,0,12.26,13.86,13.13,-1,13.13,0.6248,0.407,0.31300000000000006,0,0,0.0,0.5,0.5,0,D,Psychologie,BAC_1,Grand Lomé,public,M,2023,ADMIS
1,1,0,1,0,0,11.82,11.65,12.42,1,12.42,0.5752,0.553,0.242,0,0,0.0,0.5,0.5,0,A,Enseignement Primaire,BAC_1,Kara,public,M,2023,ADMIS
1,1,0,1,0,0,11.21,10.39,10.4,1,10.4,0.5098,0.496,0.040000000000000036,0,0,0.0,0.5,0.5,0,A,Géographie,BAC_1,Plateaux Est,privé,F,2024,REORIENTE
1,1,0,1,0,0,9.96,8.85,9.29,1,9.29,0.8236,0.574,-0.07100000000000009,0,0,0.0,0.5,0.5,0,A,Psychologie,BAC_1,Grand Lomé,public,F,2023,REORIENTE
1,1,0,1,0,0,12.58,10.39,11.87,1,11.87,0.7914000000000001,0.621,0.18699999999999992,0,0,0.0,0.5,0.5,0,A,Droit,BAC_1,Grand Lomé,public,F,2023,ADMIS
1,1,0,1,0,0,11.53,8.91,10.6,1,10.6,0.5382,0.423,0.05999999999999996,0,0,0.0,0.5,0.5,0,A,STAPS (Activités Physiques et Sportives),BAC_1,Savanes,public,F,2024,ADMIS
1,1,0,1,0,0,6.51,7.34,6.46,-1,6.46,0.46140000000000003,0.444,-0.354,0,0,0.0,0.5,0.5,0,D,Informatique,BAC_1,Grand Lomé,public,F,2024,ADMIS
1,1,0,1,0,0,12.66,14.33,13.07,-1,13.07,0.6716,0.488,0.30700000000000005,0,0,0.0,0.5,0.5,0,D,Sciences Forestières,BAC_1,Kara,privé,F,2023,ADMIS
1,1,0,1,0,0,11.93,12.45,12.69,1,12.69,0.5844,0.516,0.26899999999999996,0,0,0.0,0.5,0.5,0,D,Génie Informatique,BAC_1,Centrale,privé,M,2024,REORIENTE
1,1,0,1,0,0,5.64,6.59,7.56,1,7.56,0.6557999999999999,0.456,-0.24400000000000005,0,0,0.0,0.5,0.5,0,D,Finance et Comptabilité,BAC_1,Plateaux Ouest,privé,M,2023,REORIENTE
1,1,0,1,0,0,6.99,8.9,8.92,1,8.92,0.4414,0.457,-0.10800000000000001,0,0,0.0,0.5,0.5,0,A,Psychologie,BAC_1,Kara,public,M,2024,REORIENTE
1,1,0,1,0,0,12.31,14.19,13.96,-1,13.96,0.4986,0.597,0.3960000000000001,0,0,0.0,0.5,0.5,0,A,Lettres Modernes,BAC_1,Plateaux Ouest,public,F,2024,ADMIS
1,1,0,1,0,0,11.97,11.6,11.11,-1,11.11,0.8488,0.637,0.11099999999999995,0,0,0.0,0.5,0.5,0,A,Géographie,BAC_1,Maritime,privé,F,2023,ADMIS
1,1,0,1,0,0,10.26,9.63,10.51,1,10.51,0.7372000000000001,0.673,0.050999999999999976,0,0,0.0,0.5,0.5,0,A,STAPS (Activités Physiques et Sportives),BAC_1,Grand Lomé,privé,M,2024,ADMIS
1,1,0,1,0,0,8.62,9.37,8.87,-1,8.87,0.5204,0.632,-0.11300000000000007,0,0,0.0,0.5,0.5,0,A,STAPS (Activités Physiques et Sportives),BAC_1,Grand Lomé,public,M,2024,REORIENTE
1,1,0,1,0,0,10.71,10.62,10.01,-1,10.01,0.6976,0.589,0.0009999999999999788,0,0,0.0,0.5,0.5,0,B,Communication et Journalisme,BAC_1,Maritime,public,F,2023,REORIENTE
1,1,0,1,0,0,8.13,9.68,9.64,-1,9.64,0.5402,0.542,-0.03599999999999994,0,0,0.0,0.5,0.5,0,A,Géographie,BAC_1,Grand Lomé,public,M,2024,REORIENTE
1,1,0,1,0,0,10.42,9.72,10.69,1,10.69,0.4222,0.517,0.06899999999999995,0,0,0.0,0.5,0.5,0,G3,Gestion des Entreprises,BAC_1,Grand Lomé,public,F,2023,ADMIS
1,1,0,1,0,0,8.24,7.66,7.89,1,7.89,0.611,0.461,-0.21100000000000002,0,0,0.0,0.5,0.5,0,F3,Génie Électrique,BAC_1,Kara,privé,F,2024,REORIENTE
1,1,0,1,0,0,8.71,7.89,9.82,1,9.82,0.7018,0.421,-0.01799999999999997,0,0,0.0,0.5,0.5,0,A,Sciences Politiques,BAC_1,Grand Lomé,public,F,2023,REORIENTE
1,1,0,1,0,0,10.04,10.22,10.23,1,10.23,0.5351999999999999,0.585,0.02300000000000004,0,0,0.0,0.5,0.5,0,D,STAPS (Activités Physiques et Sportives),BAC_1,Grand Lomé,public,F,2024,REORIENTE
1,1,0,1,0,0,8.29,8.72,9.28,1,9.28,0.692,0.503,-0.07200000000000006,0,0,0.0,0.5,0.5,0,D,Informatique,BAC_1,Maritime,public,F,2023,ADMIS
1,1,0,1,0,0,11.6,14.07,14.15,1,14.15,0.712,0.295,0.41500000000000004,0,0,0.0,0.5,0.5,0,D,Génie Informatique,BAC_1,Grand Lomé,privé,F,2023,ADMIS
1,1,0,1,0,0,8.7,12.49,11.64,-1,11.64,0.5334,0.564,0.16400000000000006,0,0,0.0,0.5,0.5,0,A,Sciences Politiques,BAC_1,Plateaux Ouest,public,F,2024,REORIENTE
1,1,0,1,0,0,7.59,7.97,7.58,-1,7.58,0.7502,0.689,-0.242,0,0,0.0,0.5,0.5,0,A,STAPS (Activités Physiques et Sportives),BAC_1,Maritime,privé,F,2024,REORIENTE
1,1,0,1,0,0,12.32,12.68,12.43,-1,12.43,0.6804,0.531,0.24299999999999997,0,0,0.0,0.5,0.5,0,A,Sciences Politiques,BAC_1,Plateaux Ouest,public,M,2023,REORIENTE
1,1,0,1,0,0,8.53,10.49,10.35,-1,10.35,0.7468,0.592,0.03499999999999996,0,0,0.0,0.5,0.5,0,D,Biologie,BAC_1,Maritime,privé,M,2023,REORIENTE
1,1,0,1,0,0,7.37,8.83,9.1,1,9.1,0.5538,0.537,-0.09000000000000004,0,0,0.0,0.5,0.5,0,A,Droit,BAC_1,Centrale,privé,F,2024,REORIENTE
1,1,0,1,0,0,9.06,7.61,9.21,1,9.21,0.5908,0.505,-0.07899999999999992,0,0,0.0,0.5,0.5,0,D,Génie Civil,BAC_1,Plateaux Ouest,public,F,2023,REORIENTE
1,1,0,1,0,0,10.44,11.42,10.83,-1,10.83,0.6268,0.463,0.083,0,0,0.0,0.5,0.5,0,D,Gestion des Entreprises,BAC_1,Plateaux Ouest,public,F,2023,REORIENTE
1,1,0,1,0,0,11.39,10.58,10.83,1,10.83,0.7223999999999999,0.417,0.083,0,0,0.0,0.5,0.5,0,A,Enseignement Primaire,BAC_1,Plateaux Ouest,public,M,2023,REORIENTE
1,1,0,1,0,0,11.25,10.13,10.62,1,10.62,0.5514,0.444,0.06199999999999992,0,0,0.0,0.5,0.5,0,A,Psychologie,BAC_1,Maritime,public,F,2024,REORIENTE
1,1,0,1,0,0,9.66,8.79,8.77,-1,8.77,0.7204,0.658,-0.12300000000000004,0,0,0.0,0.5,0.5,0,B,Finance et Comptabilité,BAC_1,Maritime,public,F,2024,REORIENTE
1,1,0,1,0,0,9.01,8.06,9.46,1,9.46,0.7669999999999999,0.464,-0.053999999999999916,0,0,0.0,0.5,0.5,0,A,Sociologie,BAC_1,Grand Lomé,public,M,2023,ADMIS
1,1,0,1,0,0,10.54,8.78,10.83,1,10.83,0.6564,0.54,0.083,0,0,0.0,0.5,0.5,0,G2,Économie,BAC_1,Plateaux Ouest,public,M,2024,REORIENTE
1,1,0,1,0,0,9.54,7.73,8.25,1,8.25,0.9319999999999999,0.845,-0.175,0,0,0.0,0.5,0.5,0,A,Droit,BAC_1,Maritime,privé,M,2023,ADMIS
1,1,0,1,0,0,9.23,9.69,10.19,1,10.19,0.5474,0.455,0.01899999999999995,0,0,0.0,0.5,0.5,0,A,Communication et Journalisme,BAC_1,Centrale,public,F,2023,ADMIS
1,1,0,1,0,0,10.54,12.0,11.85,-1,11.85,0.42179999999999995,0.606,0.18499999999999997,0,0,0.0,0.5,0.5,0,D,Psychologie,BAC_1,Centrale,public,F,2024,ADMIS
1,1,0,1,0,0,11.97,12.83,13.29,1,13.29,0.3352,0.688,0.3289999999999999,0,0,0.0,0.5,0.5,0,A,Lettres Modernes,BAC_1,Plateaux Est,public,F,2024,ADMIS
1,1,0,1,0,0,11.28,11.47,11.42,-1,11.42,0.5674,0.421,0.142,0,0,0.0,0.5,0.5,0,B,Finance et Comptabilité,BAC_1,Savanes,privé,F,2024,REORIENTE
1,1,0,1,0,0,13.82,11.31,12.53,1,12.53,0.7654000000000001,0.673,0.25299999999999995,0,0,0.0,0.5,0.5,0,A,Lettres Modernes,BAC_1,Grand Lomé,public,M,2023,ADMIS
1,1,0,1,0,0,9.74,10.21,10.61,1,10.61,0.671,0.476,0.06099999999999994,0,0,0.0,0.5,0.5,0,G3,Gestion des Entreprises,BAC_1,Grand Lomé,public,F,2024,REORIENTE
1,1,0,1,0,0,9.08,7.94,8.13,1,8.13,0.5912,0.491,-0.18699999999999992,0,0,0.0,0.5,0.5,0,A,Droit,BAC_1,Grand Lomé,public,M,2024,ADMIS
1,1,0,1,0,0,8.26,9.76,9.53,-1,9.53,0.7091999999999999,0.459,-0.04700000000000006,0,0,0.0,0.5,0.5,0,D,Gestion des Entreprises,BAC_1,Grand Lomé,public,F,2023,REORIENTE
1,1,0,1,0,0,14.47,13.4,13.4,1,13.4,0.4546,0.397,0.34,0,0,0.0,0.5,0.5,0,D,Sciences de l'Éducation,BAC_1,Grand Lomé,public,F,2024,ADMIS
1,1,0,1,0,0,8.06,9.36,9.38,1,9.38,0.7748,0.533,-0.06199999999999992,0,0,0.0,0.5,0.5,0,D,Psychologie,BAC_1,Plateaux Ouest,privé,F,2023,REORIENTE
1,1,0,1,0,0,10.29,9.67,10.37,1,10.37,0.7525999999999999,0.59,0.03699999999999992,0,0,0.0,0.5,0.5,0,D,Gestion des Entreprises,BAC_1,Grand Lomé,privé,F,2023,ADMIS
1,1,0,1,0,0,8.2,11.18,10.87,-1,10.87,0.48260000000000003,0.515,0.08699999999999992,0,0,0.0,0.5,0.5,0,A,Géographie,BAC_1,Plateaux Est,public,M,2024,REORIENTE
1,1,0,1,0,0,11.77,10.77,12.52,1,12.52,0.40800000000000003,0.396,0.25199999999999995,0,0,0.0,0.5,0.5,0,A,Lettres Modernes,BAC_1,Centrale,public,M,2024,ADMIS
1,1,0,1,0,0,9.18,7.49,8.93,1,8.93,0.43040000000000006,0.254,-0.10700000000000003,0,0,0.0,0.5,0.5,0,A,Sociologie,BAC_1,Maritime,privé,F,2024,ADMIS
1,1,0,1,0,0,5.32,9.66,8.58,-1,8.58,0.474,0.45,-0.142,0,0,0.0,0.5,0.5,0,F4,Génie Mécanique,BAC_1,Plateaux Est,public,M,2024,ADMIS
1,1,0,1,0,0,11.28,12.31,12.04,-1,12.04,0.6943999999999999,0.467,0.2039999999999999,0,0,0.0,0.5,0.5,0,A,Histoire,BAC_1,Maritime,public,F,2023,ADMIS
1,1,0,1,0,0,8.1,8.39,9.46,1,9.46,0.8338,0.865,-0.053999999999999916,0,0,0.0,0.5,0.5,0,C,Économie,BAC_1,Plateaux Ouest,public,F,2023,ADMIS
1,1,0,1,0,0,7.93,8.59,9.35,1,9.35,0.6548,0.65,-0.06500000000000003,0,0,0.0,0.5,0.5,0,A,Sciences de l'Éducation,BAC_1,Grand Lomé,privé,F,2024,REORIENTE
1,1,0,1,0,0,13.68,13.58,13.7,1,13.7,0.762,0.72,0.36999999999999994,0,0,0.0,0.5,0.5,0,A,Sciences Politiques,BAC_1,Kara,public,M,2023,ADMIS
1,1,0,1,0,0,12.75,12.95,14.28,1,14.28,0.3166,0.313,0.42799999999999994,0,0,0.0,0.5,0.5,0,D,Enseignement Primaire,BAC_1,Plateaux Ouest,public,M,2024,REORIENTE
1,1,0,1,0,0,8.97,7.91,8.73,1,8.73,0.47519999999999996,0.564,-0.12699999999999995,0,0,0.0,0.5,0.5,0,D,Finance et Comptabilité,BAC_1,Savanes,privé,M,2024,ADMIS
1,1,0,1,0,0,8.18,8.04,9.32,1,9.32,0.5268,0.486,-0.06799999999999998,0,0,0.0,0.5,0.5,0,G1,Gestion des Entreprises,BAC_1,Grand Lomé,public,M,2024,ADMIS
1,1,0,1,0,0,11.87,10.63,12.02,1,12.02,0.8371999999999999,0.608,0.20199999999999996,0,0,0.0,0.5,0.5,0,A,Anglais,BAC_1,Grand Lomé,privé,F,2023,ADMIS
1,1,0,1,0,0,11.29,11.22,10.84,-1,10.84,0.2534,0.287,0.08399999999999999,0,0,0.0,0.5,0.5,0,A,Communication et Journalisme,BAC_1,Plateaux Est,public,F,2024,REORIENTE
1,1,0,1,0,0,9.39,9.81,9.57,-1,9.57,0.7046,0.473,-0.04299999999999997,0,0,0.0,0.5,0.5,0,A,Géographie,BAC_1,Grand Lomé,public,M,2023,ADMIS
1,1,0,1,0,0,9.6,10.52,11.39,1,11.39,0.4874,0.5,0.13900000000000007,0,0,0.0,0.5,0.5,0,D,Gestion des Entreprises,BAC_1,Plateaux Est,privé,M,2024,ADMIS
1,1,0,1,0,0,11.3,11.42,11.17,-1,11.17,0.5955999999999999,0.625,0.11699999999999999,0,0,0.0,0.5,0.5,0,A,Droit,BAC_1,Centrale,public,F,2024,REORIENTE
1,1,0,1,0,0,14.79,12.97,14.44,1,14.44,0.617,0.473,0.44399999999999995,0,0,0.0,0.5,0.5,0,A,Tourisme et Hôtellerie,BAC_1,Grand Lomé,public,M,2023,ADMIS
1,1,0,1,0,0,8.68,8.04,7.84,-1,7.84,0.8084,0.536,-0.21600000000000003,0,0,0.0,0.5,0.5,0,A,Géographie,BAC_1,Maritime,privé,M,2023,ADMIS
1,1,0,1,0,0,12.04,12.21,12.24,1,12.24,0.5551999999999999,0.461,0.22400000000000003,0,0,0.0,0.5,0.5,0,D,Psychologie,BAC_1,Grand Lomé,privé,M,2024,ADMIS
1,1,0,1,0,0,10.08,10.86,10.79,-1,10.79,0.7992,0.603,0.07899999999999992,0,0,0.0,0.5,0.5,0,A,Droit,BAC_1,Grand Lomé,public,M,2023,ADMIS
1,1,0,1,0,0,9.03,8.68,9.1,1,9.1,0.647,0.359,-0.09000000000000004,0,0,0.0,0.5,0.5,0,A,Sociologie,BAC_1,Maritime,privé,M,2023,ADMIS
1,1,0,1,0,0,9.92,8.65,9.35,1,9.35,0.5214,0.624,-0.06500000000000003,0,0,0.0,0.5,0.5,0,G3,Gestion des Entreprises,BAC_1,Kara,public,F,2024,ADMIS
1,1,0,1,0,0,7.56,7.98,9.01,1,9.01,0.332,0.38,-0.09900000000000002,0,0,0.0,0.5,0.5,0,D,Informatique,BAC_1,Grand Lomé,public,F,2024,REORIENTE
1,1,0,1,0,0,12.3,10.44,10.82,1,10.82,0.8094,0.63,0.08200000000000003,0,0,0.0,0.5,0.5,0,D,Sciences de l'Éducation,BAC_1,Savanes,public,F,2023,REORIENTE
1,1,0,1,0,0,12.31,11.66,11.59,-1,11.59,0.5631999999999999,0.715,0.15899999999999997,0,0,0.0,0.5,0.5,0,D,Informatique,BAC_1,Plateaux Ouest,public,M,2023,REORIENTE
1,1,0,1,0,0,14.0,14.25,13.88,-1,13.88,0.5888,0.428,0.38800000000000007,0,0,0.0,0.5,0.5,0,A,Sciences de l'Éducation,BAC_1,Savanes,public,M,2023,ADMIS
1,1,0,1,0,0,9.77,12.47,12.77,1,12.77,0.6884,0.563,0.27699999999999997,0,0,0.0,0.5,0.5,0,D,Informatique,BAC_1,Maritime,privé,M,2024,ADMIS
1,1,0,1,0,0,7.82,8.21,8.76,1,8.76,0.21200000000000002,0.38,-0.12400000000000003,0,0,0.0,0.5,0.5,0,D,Histoire,BAC_1,Plateaux Est,public,M,2024,REORIENTE
1,1,0,1,0,0,11.65,11.28,11.56,1,11.56,0.6477999999999999,0.412,0.15600000000000006,0,0,0.0,0.5,0.5,0,A,Droit,BAC_1,Maritime,public,F,2023,REORIENTE
1,1,0,1,0,0,12.06,11.65,11.88,1,11.88,0.4048,0.61,0.18800000000000008,0,0,0.0,0.5,0.5,0,D,Informatique,BAC_1,Grand Lomé,public,F,2024,REORIENTE
1,1,0,1,0,0,9.07,9.96,10.44,1,10.44,0.4468,0.46,0.04399999999999995,0,0,0.0,0.5,0.5,0,A,Enseignement Primaire,BAC_1,Centrale,public,M,2023,ADMIS
1,1,0,1,0,0,11.18,11.0,12.53,1,12.53,0.7392,0.471,0.25299999999999995,0,0,0.0,0.5,0.5,0,E,Informatique,BAC_1,Plateaux Est,public,F,2024,REORIENTE
1,1,0,1,0,0,9.81,8.6,10.18,1,10.18,0.7252000000000001,0.412,0.01799999999999997,0,0,0.0,0.5,0.5,0,A,Enseignement Primaire,BAC_1,Maritime,public,M,2023,ADMIS
1,1,0,1,0,0,8.88,10.02,10.28,1,10.28,0.40599999999999997,0.277,0.027999999999999935,0,0,0.0,0.5,0.5,0,A,Lettres Modernes,BAC_1,Maritime,public,F,2024,REORIENTE
1,1,0,1,0,0,8.84,10.29,10.23,-1,10.23,0.6868,0.589,0.02300000000000004,0,0,0.0,0.5,0.5,0,D,Informatique,BAC_1,Centrale,public,M,2023,ADMIS
1,1,0,1,0,0,10.33,10.73,11.16,1,11.16,0.638,0.386,0.11600000000000002,0,0,0.0,0.5,0.5,0,D,Physique-Chimie,BAC_1,Centrale,privé,F,2023,ADMIS
1,1,0,1,0,0,5.66,7.29,6.95,-1,6.95,0.5084,0.518,-0.305,0,0,0.0,0.5,0.5,0,A,Tourisme et Hôtellerie,BAC_1,Centrale,public,M,2024,ADMIS
1,1,0,1,0,0,10.12,10.7,10.8,1,10.8,0.7454000000000001,0.566,0.08000000000000007,0,0,0.0,0.5,0.5,0,D,Biologie,BAC_1,Plateaux Est,public,M,2023,REORIENTE
1,1,0,1,0,0,13.13,11.89,12.37,1,12.37,0.48839999999999995,0.483,0.23699999999999993,0,0,0.0,0.5,0.5,0,A,Psychologie,BAC_1,Maritime,privé,F,2024,REORIENTE
1,1,0,1,0,0,12.47,12.85,12.77,-1,12.77,0.5988,0.48,0.27699999999999997,0,0,0.0,0.5,0.5,0,B,Économie,BAC_1,Plateaux Est,privé,M,2024,REORIENTE
1,1,0,1,0,0,8.83,8.65,9.45,1,9.45,0.754,0.535,-0.05500000000000007,0,0,0.0,0.5,0.5,0,D,Génie Mécanique,BAC_1,Grand Lomé,privé,M,2023,REORIENTE
1,1,0,1,0,0,12.15,12.66,13.1,1,13.1,0.8637999999999999,0.709,0.30999999999999994,0,0,0.0,0.5,0.5,0,A,Enseignement Primaire,BAC_1,Plateaux Ouest,privé,M,2023,ADMIS
1,1,0,1,0,0,10.36,9.89,10.08,1,10.08,0.36660000000000004,0.384,0.008000000000000007,0,0,0.0,0.5,0.5,0,D,Sciences Forestières,BAC_1,Maritime,public,F,2024,REORIENTE
1,1,0,1,0,0,13.02,13.3,13.67,1,13.67,0.6046,0.556,0.367,0,0,0.0,0.5,0.5,0,D,STAPS (Activités Physiques et Sportives),BAC_1,Plateaux Ouest,public,F,2023,ADMIS
1,1,0,1,0,0,12.44,10.36,11.28,1,11.28,0.8512,0.643,0.12799999999999995,0,0,0.0,0.5,0.5,0,A,Communication et Journalisme,BAC_1,Maritime,public,F,2023,ADMIS
1,1,0,1,0,0,6.26,8.36,7.84,-1,7.84,0.6418,0.487,-0.21600000000000003,0,0,0.0,0.5,0.5,0,D,Informatique,BAC_1,Centrale,public,F,2023,REORIENTE
1,1,0,1,0,0,11.54,13.25,12.69,-1,12.69,0.7056,0.765,0.26899999999999996,0,0,0.0,0.5,0.5,0,D,Informatique,BAC_1,Grand Lomé,public,F,2024,REORIENTE
1,1,0,1,0,0,9.63,9.4,9.29,-1,9.29,0.41000000000000003,0.44,-0.07100000000000009,0,0,0.0,0.5,0.5,0,D,Biologie,BAC_1,Maritime,public,M,2024,REORIENTE
1,1,0,1,0,0,9.57,8.08,9.98,1,9.98,0.6536,0.689,-0.0019999999999999575,0,0,0.0,0.5,0.5,0,D,Génie Mécanique,BAC_1,Maritime,privé,F,2024,REORIENTE
1,1,0,1,0,0,11.71,11.37,11.33,-1,11.33,0.5162,0.47,0.133,0,0,0.0,0.5,0.5,0,C,Finance et Comptabilité,BAC_1,Centrale,public,M,2024,REORIENTE
1,1,0,1,0,0,7.57,6.48,7.55,1,7.55,0.6196,0.613,-0.24500000000000002,0,0,0.0,0.5,0.5,0,D,Génie Électrique,BAC_1,Plateaux Est,privé,M,2023,ADMIS
1,1,0,1,0,0,11.91,11.16,10.87,-1,10.87,0.5840000000000001,0.515,0.08699999999999992,0,0,0.0,0.5,0.5,0,D,Génie Informatique,BAC_1,Plateaux Est,public,M,2023,REORIENTE
1,1,0,1,0,0,7.81,7.47,8.09,1,8.09,0.3214,0.484,-0.191,0,0,0.0,0.5,0.5,0,D,Gestion des Entreprises,BAC_1,Plateaux Ouest,public,F,2024,REORIENTE
1,1,0,1,0,0,12.32,11.3,12.22,1,12.22,0.5948,0.611,0.22200000000000006,0,0,0.0,0.5,0.5,0,D,Gestion des Entreprises,BAC_1,Centrale,public,M,2023,REORIENTE
1,1,0,1,0,0,7.68,7.58,8.92,1,8.92,0.5098,0.646,-0.10800000000000001,0,0,0.0,0.5,0.5,0,D,Génie Civil,BAC_1,Plateaux Est,privé,M,2024,REORIENTE
1,1,0,1,0,0,8.77,7.91,8.8,1,8.8,0.3998,0.368,-0.11999999999999993,0,0,0.0,0.5,0.5,0,D,Sciences Infirmières,BAC_1,Maritime,public,F,2024,ADMIS
1,1,0,1,0,0,8.12,8.87,8.43,-1,8.43,0.3756,0.396,-0.15700000000000003,0,0,0.0,0.5,0.5,0,A,Sociologie,BAC_1,Centrale,public,F,2024,ADMIS
1,1,0,1,0,0,7.71,8.83,8.79,-1,8.79,0.7749999999999999,0.472,-0.12100000000000008,0,0,0.0,0.5,0.5,0,A,Tourisme et Hôtellerie,BAC_1,Plateaux Ouest,privé,F,2023,REORIENTE
1,1,0,1,0,0,8.89,7.78,9.09,1,9.09,0.3296,0.431,-0.09100000000000001,0,0,0.0,0.5,0.5,0,D,Psychologie,BAC_1,Plateaux Est,public,F,2024,REORIENTE
1,1,0,1,0,0,7.37,9.57,10.05,1,10.05,0.7592,0.413,0.005000000000000071,0,0,0.0,0.5,0.5,0,D,Tourisme et Hôtellerie,BAC_1,Grand Lomé,privé,F,2023,ADMIS
1,1,0,1,0,0,13.73,13.38,13.88,1,13.88,0.7596,0.762,0.38800000000000007,0,0,0.0,0.5,0.5,0,A,Droit,BAC_1,Maritime,privé,F,2024,REORIENTE
1,1,0,1,0,0,8.36,9.07,8.46,-1,8.46,0.3708,0.369,-0.15399999999999991,0,0,0.0,0.5,0.5,0,D,Tourisme et Hôtellerie,BAC_1,Savanes,public,M,2024,REORIENTE
1,1,0,1,0,0,10.82,10.84,11.94,1,11.94,0.6178,0.637,0.19399999999999995,0,0,0.0,0.5,0.5,0,F3,Génie Mécanique,BAC_1,Grand Lomé,public,F,2023,REORIENTE
1,1,0,1,0,0,9.15,10.11,10.15,1,10.15,0.3798,0.522,0.015000000000000036,0,0,0.0,0.5,0.5,0,D,Génie Électrique,BAC_1,Plateaux Est,public,F,2024,REORIENTE
1,1,0,1,0,0,7.77,7.68,8.44,1,8.44,0.563,0.527,-0.15600000000000006,0,0,0.0,0.5,0.5,0,G3,Banque et Assurance,BAC_1,Kara,privé,M,2024,REORIENTE
1,1,0,1,0,0,13.12,13.35,13.94,1,13.94,0.537,0.624,0.39399999999999996,0,0,0.0,0.5,0.5,0,D,Génie Informatique,BAC_1,Plateaux Est,public,M,2024,REORIENTE
1,1,0,1,0,0,11.31,11.18,11.25,1,11.25,0.6718000000000001,0.478,0.125,0,0,0.0,0.5,0.5,0,A,Sociologie,BAC_1,Grand Lomé,public,M,2023,ADMIS
1,1,0,1,0,0,9.99,10.59,11.05,1,11.05,0.7028,0.365,0.10500000000000007,0,0,0.0,0.5,0.5,0,A,Géographie,BAC_1,Kara,privé,F,2023,ADMIS
1,1,0,1,0,0,13.38,13.15,12.42,-1,12.42,0.37199999999999994,0.294,0.242,0,0,0.0,0.5,0.5,0,D,Informatique,BAC_1,Savanes,public,F,2024,ADMIS
1,1,0,1,0,0,11.18,13.22,12.05,-1,12.05,0.5158,0.505,0.20500000000000007,0,0,0.0,0.5,0.5,0,D,Finance et Comptabilité,BAC_1,Maritime,privé,M,2024,ADMIS
1,1,0,1,0,0,7.1,6.04,6.52,1,6.52,0.8116,0.544,-0.34800000000000003,0,0,0.0,0.5,0.5,0,D,Psychologie,BAC_1,Grand Lomé,privé,M,2023,REORIENTE
1,1,0,1,0,0,6.2,7.52,7.05,-1,7.05,0.6212,0.626,-0.29500000000000004,0,0,0.0,0.5,0.5,0,D,Sciences Environnementales,BAC_1,Maritime,privé,F,2024,REORIENTE
1,1,0,1,0,0,8.47,8.54,9.09,1,9.09,0.6504,0.888,-0.09100000000000001,0,0,0.0,0.5,0.5,0,D,Agronomie,BAC_1,Kara,privé,M,2024,REORIENTE
1,1,0,1,0,0,11.55,11.14,11.3,1,11.3,0.464,0.5,0.13000000000000006,0,0,0.0,0.5,0.5,0,D,Sociologie,BAC_1,Plateaux Ouest,public,M,2023,REORIENTE
1,1,0,1,0,0,10.42,10.31,10.9,1,10.9,0.49160000000000004,0.755,0.09000000000000004,0,0,0.0,0.5,0.5,0,A,Psychologie,BAC_1,Plateaux Est,public,F,2024,REORIENTE
1,1,0,1,0,0,10.88,10.89,11.2,1,11.2,0.6779999999999999,0.456,0.11999999999999993,0,0,0.0,0.5,0.5,0,A,Communication et Journalisme,BAC_1,Plateaux Est,public,M,2023,REORIENTE
1,1,0,1,0,0,9.28,8.92,9.54,1,9.54,0.8298,0.597,-0.04600000000000008,0,0,0.0,0.5,0.5,0,D,Informatique,BAC_1,Savanes,public,F,2023,ADMIS
1,1,0,1,0,0,8.37,8.21,9.18,1,9.18,0.735,0.618,-0.08200000000000003,0,0,0.0,0.5,0.5,0,A,Anglais,BAC_1,Plateaux Ouest,public,M,2023,ADMIS
1,1,0,1,0,0,9.91,9.1,10.32,1,10.32,0.6544,0.445,0.03200000000000003,0,0,0.0,0.5,0.5,0,A,Enseignement Primaire,BAC_1,Maritime,public,M,2023,REORIENTE
1,1,0,1,0,0,10.78,10.34,10.45,1,10.45,0.7188,0.693,0.04499999999999993,0,0,0.0,0.5,0.5,0,F4,Génie Civil,BAC_1,Kara,public,M,2024,REORIENTE
1,1,0,1,0,0,9.76,10.27,9.58,-1,9.58,0.44320000000000004,0.535,-0.041999999999999996,0,0,0.0,0.5,0.5,0,G3,Finance et Comptabilité,BAC_1,Grand Lomé,public,F,2023,REORIENTE
1,1,0,1,0,0,11.36,11.0,11.89,1,11.89,0.5005999999999999,0.485,0.18900000000000006,0,0,0.0,0.5,0.5,0,D,Sciences de l'Éducation,BAC_1,Plateaux Ouest,privé,F,2024,REORIENTE
1,1,0,1,0,0,13.42,13.94,14.91,1,14.91,0.675,0.462,0.491,0,0,0.0,0.5,0.5,0,A,Tourisme et Hôtellerie,BAC_1,Grand Lomé,public,F,2024,ADMIS
1,1,0,1,0,0,11.02,12.73,12.18,-1,12.18,0.736,0.388,0.21799999999999997,0,0,0.0,0.5,0.5,0,D,Histoire,BAC_1,Grand Lomé,public,F,2023,ADMIS
1,1,0,1,0,0,11.54,10.69,11.23,1,11.23,0.3778,0.43,0.12300000000000004,0,0,0.0,0.5,0.5,0,D,Enseignement Primaire,BAC_1,Centrale,public,F,2024,REORIENTE
1,1,0,1,0,0,9.4,11.38,11.02,-1,11.02,0.76,0.415,0.10199999999999995,0,0,0.0,0.5,0.5,0,A,Psychologie,BAC_1,Centrale,privé,F,2023,ADMIS
1,1,0,1,0,0,10.15,9.59,9.71,1,9.71,0.4232,0.434,-0.028999999999999915,0,0,0.0,0.5,0.5,0,D,Informatique,BAC_1,Plateaux Ouest,public,F,2023,ADMIS
1,1,0,1,0,0,10.58,9.74,10.8,1,10.8,0.5624,0.596,0.08000000000000007,0,0,0.0,0.5,0.5,0,D,Médecine,BAC_1,Centrale,public,F,2023,REORIENTE
1,1,0,1,0,0,11.22,10.26,11.0,1,11.0,0.7962,0.561,0.1,0,0,0.0,0.5,0.5,0,D,Physique-Chimie,BAC_1,Grand Lomé,public,F,2023,REORIENTE
1,1,0,1,0,0,11.47,12.02,12.14,1,12.14,0.6681999999999999,0.607,0.21400000000000005,0,0,0.0,0.5,0.5,0,D,Psychologie,BAC_1,Grand Lomé,public,M,2023,REORIENTE
1,1,0,1,0,0,12.22,11.27,11.75,1,11.75,0.647,0.641,0.175,0,0,0.0,0.5,0.5,0,D,Histoire,BAC_1,Grand Lomé,privé,M,2024,REORIENTE
1,1,0,1,0,0,10.66,9.65,10.44,1,10.44,0.6786,0.585,0.04399999999999995,0,0,0.0,0.5,0.5,0,A,Droit,BAC_1,Maritime,privé,F,2024,ADMIS
1,1,0,1,0,0,6.29,6.28,5.91,-1,5.91,0.3352,0.424,-0.409,0,0,0.0,0.5,0.5,0,D,Génie Informatique,BAC_1,Plateaux Est,privé,F,2024,REORIENTE
1,1,0,1,0,0,8.14,8.27,8.21,-1,8.21,0.41380000000000006,0.529,-0.1789999999999999,0,0,0.0,0.5,0.5,0,G3,Sciences Infirmières,BAC_1,Maritime,public,F,2024,REORIENTE
1,1,0,1,0,0,11.92,11.11,11.83,1,11.83,0.6414,0.561,0.183,0,0,0.0,0.5,0.5,0,A,Sociologie,BAC_1,Grand Lomé,privé,M,2024,REORIENTE
1,1,0,1,0,0,7.38,6.65,7.92,1,7.92,0.5224,0.232,-0.20800000000000002,0,0,0.0,0.5,0.5,0,A,Communication et Journalisme,BAC_1,Maritime,public,F,2023,ADMIS
1,1,0,1,0,0,9.32,10.15,10.33,1,10.33,0.675,0.462,0.03300000000000001,0,0,0.0,0.5,0.5,0,D,Pharmacie,BAC_1,Plateaux Ouest,privé,F,2023,REORIENTE
1,1,0,1,0,0,7.56,9.44,9.65,1,9.65,0.7372000000000001,0.634,-0.03499999999999996,0,0,0.0,0.5,0.5,0,A,Sociologie,BAC_1,Grand Lomé,public,F,2024,REORIENTE
1,1,0,1,0,0,5.76,9.79,9.72,-1,9.72,0.39180000000000004,0.216,-0.027999999999999935,0,0,0.0,0.5,0.5,0,A,Anglais,BAC_1,Maritime,public,M,2024,REORIENTE
1,1,0,1,0,0,11.05,11.5,11.67,1,11.67,0.7684,0.463,0.16699999999999998,0,0,0.0,0.5,0.5,0,A,Sciences de l'Éducation,BAC_1,Savanes,public,F,2023,REORIENTE
1,1,0,1,0,0,8.63,10.2,9.33,-1,9.33,0.7142,0.572,-0.06699999999999999,0,0,0.0,0.5,0.5,0,D,Génie Informatique,BAC_1,Plateaux Ouest,public,M,2023,ADMIS
1,1,0,1,0,0,9.95,9.45,9.53,1,9.53,0.6841999999999999,0.629,-0.04700000000000006,0,0,0.0,0.5,0.5,0,D,Sciences de l'Éducation,BAC_1,Grand Lomé,public,F,2023,ADMIS
1,1,0,1,0,0,8.4,7.89,8.18,1,8.18,0.798,0.51,-0.18200000000000002,0,0,0.0,0.5,0.5,0,F1,Génie Mécanique,BAC_1,Plateaux Ouest,privé,M,2024,ADMIS
1,1,0,1,0,0,4.91,7.5,6.77,-1,6.77,0.42500000000000004,0.455,-0.32300000000000006,0,0,0.0,0.5,0.5,0,D,Biologie,BAC_1,Grand Lomé,public,F,2024,REORIENTE
1,1,0,1,0,0,7.35,9.33,9.67,1,9.67,0.7976,0.758,-0.03300000000000001,0,0,0.0,0.5,0.5,0,A,Lettres Modernes,BAC_1,Maritime,public,M,2023,REORIENTE
1,1,0,1,0,0,10.29,10.34,10.66,1,10.66,0.7112,0.605,0.06600000000000002,0,0,0.0,0.5,0.5,0,D,Histoire,BAC_1,Grand Lomé,public,M,2023,REORIENTE
1,1,0,1,0,0,14.29,13.99,13.77,-1,13.77,0.6678000000000001,0.459,0.37699999999999995,0,0,0.0,0.5,0.5,0,A,Géographie,BAC_1,Savanes,public,F,2023,ADMIS
1,1,0,1,0,0,10.94,10.93,11.26,1,11.26,0.6562,0.688,0.12599999999999997,0,0,0.0,0.5,0.5,0,A,Communication et Journalisme,BAC_1,Savanes,public,M,2024,REORIENTE
1,1,0,1,0,0,14.26,13.62,15.33,1,15.33,0.5062,0.304,0.533,0,0,0.0,0.5,0.5,0,D,Sociologie,BAC_1,Plateaux Est,public,M,2023,ADMIS
1,1,0,1,0,0,9.45,9.77,9.59,-1,9.59,0.607,0.313,-0.041000000000000016,0,0,0.0,0.5,0.5,0,D,Psychologie,BAC_1,Grand Lomé,public,M,2023,REORIENTE
1,1,0,1,0,0,8.95,10.44,10.1,-1,10.1,0.6142,0.646,0.009999999999999964,0,0,0.0,0.5,0.5,0,G3,Sciences Infirmières,BAC_1,Grand Lomé,public,F,2023,REORIENTE
1,1,0,1,0,0,11.15,8.99,9.18,1,9.18,0.38439999999999996,0.418,-0.08200000000000003,0,0,0.0,0.5,0.5,0,A,Droit,BAC_1,Kara,public,F,2024,REORIENTE
1,1,0,1,0,0,10.45,14.05,12.16,-1,12.16,0.7792,0.463,0.21600000000000003,0,0,0.0,0.5,0.5,0,D,Génie Mécanique,BAC_1,Grand Lomé,privé,M,2023,ADMIS
1,1,0,1,0,0,10.31,10.22,10.97,1,10.97,0.5754,0.513,0.09700000000000006,0,0,0.0,0.5,0.5,0,A,Histoire,BAC_1,Kara,public,F,2023,ADMIS
1,1,0,1,0,0,11.36,12.14,12.22,1,12.22,0.457,0.526,0.22200000000000006,0,0,0.0,0.5,0.5,0,D,Psychologie,BAC_1,Plateaux Ouest,privé,M,2024,ADMIS
1,1,0,1,0,0,6.85,6.53,8.3,1,8.3,0.814,0.574,-0.16999999999999993,0,0,0.0,0.5,0.5,0,A,Sociologie,BAC_1,Maritime,privé,F,2023,REORIENTE
1,1,0,1,0,0,7.66,8.11,8.39,1,8.39,0.7598,0.53,-0.16099999999999995,0,0,0.0,0.5,0.5,0,A,Tourisme et Hôtellerie,BAC_1,Grand Lomé,public,M,2023,REORIENTE
1,1,0,1,0,0,10.31,10.43,10.16,-1,10.16,0.3498,0.576,0.016000000000000014,0,0,0.0,0.5,0.5,0,A,Sciences de l'Éducation,BAC_1,Plateaux Est,public,F,2024,REORIENTE
1,1,0,1,0,0,11.05,11.05,11.21,1,11.21,0.5502,0.693,0.12100000000000008,0,0,0.0,0.5,0.5,0,D,Médecine,BAC_1,Grand Lomé,public,F,2024,ADMIS
1,1,0,1,0,0,8.06,9.98,10.84,1,10.84,0.6492,0.567,0.08399999999999999,0,0,0.0,0.5,0.5,0,A,Arts Plastiques,BAC_1,Plateaux Est,privé,M,2024,ADMIS
1,1,0,1,0,0,6.78,7.33,7.76,1,7.76,0.361,0.622,-0.22400000000000003,0,0,0.0,0.5,0.5,0,D,Pharmacie,BAC_1,Maritime,public,M,2024,REORIENTE
1,1,0,1,0,0,11.0,9.5,10.53,1,10.53,0.298,0.295,0.052999999999999936,0,0,0.0,0.5,0.5,0,D,Biologie,BAC_1,Plateaux Est,public,M,2024,REORIENTE
1,1,0,1,0,0,11.82,11.18,12.32,1,12.32,0.5404,0.274,0.23200000000000004,0,0,0.0,0.5,0.5,0,A,Arts Plastiques,BAC_1,Centrale,privé,F,2024,REORIENTE
1,1,0,1,0,0,12.62,14.23,14.61,1,14.61,0.663,0.762,0.46099999999999997,0,0,0.0,0.5,0.5,0,D,Gestion des Entreprises,BAC_1,Grand Lomé,privé,M,2024,ADMIS
1,1,0,1,0,0,9.65,9.17,9.98,1,9.98,0.3216,0.42,-0.0019999999999999575,0,0,0.0,0.5,0.5,0,D,Psychologie,BAC_1,Plateaux Ouest,public,M,2024,REORIENTE
1,1,0,1,0,0,8.55,8.88,8.64,-1,8.64,0.7744000000000001,0.556,-0.13599999999999995,0,0,0.0,0.5,0.5,0,A,Tourisme et Hôtellerie,BAC_1,Centrale,public,M,2023,ADMIS
1,1,0,1,0,0,13.58,12.79,12.75,-1,12.75,0.5660000000000001,0.611,0.275,0,0,0.0,0.5,0.5,0,D,Sciences Infirmières,BAC_1,Maritime,public,M,2024,REORIENTE
1,1,0,1,0,0,5.23,7.88,7.23,-1,7.23,0.5025999999999999,0.745,-0.27699999999999997,0,0,0.0,0.5,0.5,0,A,Sociologie,BAC_1,Kara,public,F,2024,REORIENTE
1,1,0,1,0,0,13.21,13.03,12.7,-1,12.7,0.5146,0.349,0.2699999999999999,0,0,0.0,0.5,0.5,0,D,Psychologie,BAC_1,Plateaux Est,privé,F,2024,REORIENTE
1,1,0,1,0,0,11.12,11.27,11.54,1,11.54,0.45799999999999996,0.623,0.15399999999999991,0,0,0.0,0.5,0.5,0,F2,Génie Électrique,BAC_1,Grand Lomé,public,M,2023,ADMIS
1,1,0,1,0,0,4.87,5.59,6.58,1,6.58,0.754,0.505,-0.34199999999999997,0,0,0.0,0.5,0.5,0,F3,Génie Civil,BAC_1,Maritime,public,M,2024,REORIENTE
1,1,0,1,0,0,8.44,8.44,8.15,-1,8.15,0.7081999999999999,0.482,-0.18499999999999997,0,0,0.0,0.5,0.5,0,A,Histoire,BAC_1,Plateaux Ouest,public,M,2023,ADMIS
1,1,0,1,0,0,8.06,6.88,8.45,1,8.45,0.4636,0.64,-0.15500000000000008,0,0,0.0,0.5,0.5,0,A,Enseignement Primaire,BAC_1,Kara,public,F,2024,REORIENTE
1,1,0,1,0,0,8.41,8.29,9.02,1,9.02,0.4144,0.433,-0.09800000000000005,0,0,0.0,0.5,0.5,0,D,Informatique,BAC_1,Savanes,public,F,2024,REORIENTE
1,1,0,1,0,0,11.15,7.32,8.76,1,8.76,0.7138,0.634,-0.12400000000000003,0,0,0.0,0.5,0.5,0,G3,Banque et Assurance,BAC_1,Maritime,privé,M,2024,ADMIS
1,1,0,1,0,0,7.94,9.01,9.36,1,9.36,0.613,0.559,-0.06400000000000006,0,0,0.0,0.5,0.5,0,A,Sciences Politiques,BAC_1,Maritime,privé,M,2024,REORIENTE
1,1,0,1,0,0,11.58,11.05,11.45,1,11.45,0.8672,0.683,0.14499999999999993,0,0,0.0,0.5,0.5,0,D,Informatique,BAC_1,Savanes,privé,M,2023,ADMIS
1,1,0,1,0,0,7.66,7.1,7.09,-1,7.09,0.792,0.495,-0.29100000000000004,0,0,0.0,0.5,0.5,0,D,Génie Informatique,BAC_1,Grand Lomé,public,F,2023,REORIENTE
1,1,0,1,0,0,12.39,10.75,10.96,1,10.96,0.47959999999999997,0.344,0.09600000000000009,0,0,0.0,0.5,0.5,0,A,Sociologie,BAC_1,Kara,privé,F,2024,REORIENTE
1,1,0,1,0,0,12.15,12.11,12.53,1,12.53,0.25160000000000005,0.374,0.25299999999999995,0,0,0.0,0.5,0.5,0,D,Gestion des Entreprises,BAC_1,Plateaux Ouest,public,F,2024,REORIENTE
1,1,0,1,0,0,12.1,12.61,12.44,-1,12.44,0.733,0.376,0.24399999999999994,0,0,0.0,0.5,0.5,0,D,Gestion des Entreprises,BAC_1,Plateaux Est,privé,F,2023,ADMIS
1,1,0,1,0,0,11.31,10.49,10.75,1,10.75,0.552,0.435,0.075,0,0,0.0,0.5,0.5,0,D,Informatique,BAC_1,Maritime,privé,M,2024,REORIENTE
1,1,0,1,0,0,14.36,13.93,14.28,1,14.28,0.6806,0.539,0.42799999999999994,0,0,0.0,0.5,0.5,0,B,Enseignement Primaire,BAC_1,Maritime,privé,M,2023,ADMIS
1,1,0,1,0,0,10.19,10.14,10.37,1,10.37,0.25680000000000003,0.492,0.03699999999999992,0,0,0.0,0.5,0.5,0,D,Enseignement Primaire,BAC_1,Maritime,public,M,2024,REORIENTE
1,1,0,1,0,0,11.83,11.66,11.97,1,11.97,0.5004000000000001,0.45,0.19700000000000006,0,0,0.0,0.5,0.5,0,B,Sciences Politiques,BAC_1,Grand Lomé,public,M,2023,ADMIS
1,1,0,1,0,0,11.0,11.88,11.3,-1,11.3,0.6948,0.603,0.13000000000000006,0,0,0.0,0.5,0.5,0,A,Géographie,BAC_1,Grand Lomé,public,F,2023,REORIENTE
1,1,0,1,0,0,9.37,11.43,11.41,-1,11.41,0.6461999999999999,0.582,0.14100000000000001,0,0,0.0,0.5,0.5,0,A,Psychologie,BAC_1,Maritime,public,M,2023,REORIENTE
1,1,0,1,0,0,9.69,10.31,10.06,-1,10.06,0.6849999999999999,0.391,0.0060000000000000496,0,0,0.0,0.5,0.5,0,D,Sciences Forestières,BAC_1,Grand Lomé,public,F,2023,REORIENTE
1,1,0,1,0,0,8.98,10.27,10.25,-1,10.25,0.4652,0.416,0.025,0,0,0.0,0.5,0.5,0,D,Sciences Environnementales,BAC_1,Kara,public,F,2023,REORIENTE
1,1,0,1,0,0,7.01,8.29,8.57,1,8.57,0.5082,0.543,-0.14299999999999996,0,0,0.0,0.5,0.5,0,D,Génie Informatique,BAC_1,Savanes,public,F,2024,REORIENTE
1,1,0,1,0,0,11.83,13.01,12.87,-1,12.87,0.469,0.382,0.2869999999999999,0,0,0.0,0.5,0.5,0,A,Anglais,BAC_1,Kara,privé,F,2023,ADMIS
1,1,0,1,0,0,7.57,7.57,7.91,1,7.91,0.44880000000000003,0.516,-0.209,0,0,0.0,0.5,0.5,0,D,Sciences Forestières,BAC_1,Savanes,public,M,2024,REORIENTE
1,1,0,1,0,0,9.0,9.63,9.68,1,9.68,0.4566,0.48,-0.03200000000000003,0,0,0.0,0.5,0.5,0,D,Agronomie,BAC_1,Centrale,privé,F,2024,REORIENTE
1,1,0,1,0,0,9.8,10.17,10.36,1,10.36,0.8008,0.52,0.03599999999999994,0,0,0.0,0.5,0.5,0,A,Anglais,BAC_1,Grand Lomé,privé,F,2023,ADMIS
1,1,0,1,0,0,12.1,11.19,12.0,1,12.0,0.6032,0.452,0.2,0,0,0.0,0.5,0.5,0,D,Biologie,BAC_1,Centrale,public,F,2023,REORIENTE
1,1,0,1,0,0,8.83,11.2,10.5,-1,10.5,0.5646,0.582,0.05,0,0,0.0,0.5,0.5,0,A,Lettres Modernes,BAC_1,Savanes,public,M,2024,REORIENTE
1,1,0,1,0,0,11.18,13.04,12.74,-1,12.74,0.5788,0.655,0.274,0,0,0.0,0.5,0.5,0,D,Gestion des Entreprises,BAC_1,Centrale,public,F,2024,REORIENTE
1,1,0,1,0,0,10.42,10.2,10.67,1,10.67,0.7707999999999999,0.568,0.06699999999999999,0,0,0.0,0.5,0.5,0,A,Sciences de l'Éducation,BAC_1,Maritime,public,F,2023,ADMIS
1,1,0,1,0,0,11.46,11.09,12.24,1,12.24,0.6034,0.478,0.22400000000000003,0,0,0.0,0.5,0.5,0,D,Informatique,BAC_1,Plateaux Ouest,public,M,2023,REORIENTE
1,1,0,1,0,0,9.81,9.42,10.33,1,10.33,0.7867999999999999,0.482,0.03300000000000001,0,0,0.0,0.5,0.5,0,A,Sciences Politiques,BAC_1,Grand Lomé,public,M,2023,ADMIS
1,1,0,1,0,0,10.1,9.82,9.47,-1,9.47,0.8264,0.839,-0.052999999999999936,0,0,0.0,0.5,0.5,0,A,Sciences Politiques,BAC_1,Grand Lomé,public,F,2023,REORIENTE
1,1,0,1,0,0,7.66,7.06,8.18,1,8.18,0.565,0.421,-0.18200000000000002,0,0,0.0,0.5,0.5,0,G2,Droit,BAC_1,Centrale,public,M,2023,REORIENTE
1,1,0,1,0,0,12.0,12.84,12.68,-1,12.68,0.6880000000000001,0.541,0.26799999999999996,0,0,0.0,0.5,0.5,0,D,Sciences Forestières,BAC_1,Maritime,public,M,2023,REORIENTE
1,1,0,1,0,0,10.83,10.3,10.9,1,10.9,0.6641999999999999,0.585,0.09000000000000004,0,0,0.0,0.5,0.5,0,A,Anglais,BAC_1,Grand Lomé,public,M,2024,ADMIS
1,1,0,1,0,0,6.09,6.15,6.38,1,6.38,0.5973999999999999,0.325,-0.362,0,0,0.0,0.5,0.5,0,A,Arts Plastiques,BAC_1,Plateaux Ouest,public,M,2023,ADMIS
1,1,0,1,0,0,8.14,9.18,10.11,1,10.11,0.7544,0.401,0.010999999999999944,0,0,0.0,0.5,0.5,0,A,Lettres Modernes,BAC_1,Plateaux Est,privé,M,2023,ADMIS
1,1,0,1,0,0,9.7,10.08,9.79,-1,9.79,0.7402,0.499,-0.021000000000000085,0,0,0.0,0.5,0.5,0,D,Sociologie,BAC_1,Grand Lomé,privé,M,2023,REORIENTE
1,1,0,1,0,0,10.29,11.17,11.57,1,11.57,0.8146,0.721,0.15700000000000003,0,0,0.0,0.5,0.5,0,D,Médecine,BAC_1,Savanes,public,F,2023,REORIENTE
1,1,0,1,0,0,11.3,12.65,11.9,-1,11.9,0.79,0.697,0.19000000000000003,0,0,0.0,0.5,0.5,0,A,Droit,BAC_1,Kara,public,F,2023,ADMIS
1,1,0,1,0,0,10.08,10.05,10.34,1,10.34,0.8328,0.597,0.03399999999999999,0,0,0.0,0.5,0.5,0,A,Tourisme et Hôtellerie,BAC_1,Centrale,privé,F,2023,ADMIS
1,1,0,1,0,0,9.48,9.51,10.74,1,10.74,0.5458000000000001,0.655,0.07400000000000002,0,0,0.0,0.5,0.5,0,A,Sciences Politiques,BAC_1,Maritime,public,M,2024,REORIENTE
1,1,0,1,0,0,6.9,8.01,8.83,1,8.83,0.6122,0.485,-0.11699999999999999,0,0,0.0,0.5,0.5,0,A,Enseignement Primaire,BAC_1,Kara,public,M,2023,REORIENTE
1,1,0,1,0,0,11.02,11.84,12.41,1,12.41,0.7308,0.342,0.24100000000000002,0,0,0.0,0.5,0.5,0,A,Droit,BAC_1,Grand Lomé,public,F,2023,REORIENTE
1,1,0,1,0,0,8.17,9.28,9.35,1,9.35,0.5638,0.514,-0.06500000000000003,0,0,0.0,0.5,0.5,0,D,Informatique,BAC_1,Maritime,public,M,2024,ADMIS
1,1,0,1,0,0,5.7,6.81,7.26,1,7.26,0.6981999999999999,0.526,-0.274,0,0,0.0,0.5,0.5,0,D,Enseignement Primaire,BAC_1,Maritime,public,F,2023,REORIENTE
1,1,0,1,0,0,9.35,7.07,8.24,1,8.24,0.7989999999999999,0.646,-0.176,0,0,0.0,0.5,0.5,0,D,Gestion des Entreprises,BAC_1,Maritime,public,M,2023,ADMIS
1,1,0,1,0,0,10.68,10.01,9.92,-1,9.92,0.471,0.507,-0.008000000000000007,0,0,0.0,0.5,0.5,0,A,Sciences de l'Éducation,BAC_1,Maritime,public,F,2024,REORIENTE
1,1,0,1,0,0,6.48,5.98,6.42,1,6.42,0.5489999999999999,0.693,-0.358,0,0,0.0,0.5,0.5,0,A,Lettres Modernes,BAC_1,Maritime,public,M,2024,ADMIS
1,1,0,1,0,0,9.1,8.79,9.88,1,9.88,0.6746,0.416,-0.011999999999999922,0,0,0.0,0.5,0.5,0,A,Géographie,BAC_1,Plateaux Est,public,F,2023,ADMIS
1,1,0,1,0,0,8.73,7.44,8.2,1,8.2,0.5764,0.565,-0.18000000000000008,0,0,0.0,0.5,0.5,0,A,Communication et Journalisme,BAC_1,Savanes,privé,F,2024,ADMIS
1,1,0,1,0,0,7.49,8.01,9.3,1,9.3,0.7224,0.498,-0.06999999999999992,0,0,0.0,0.5,0.5,0,A,Droit,BAC_1,Kara,privé,M,2023,REORIENTE
1,1,0,1,0,0,8.38,9.95,10.05,1,10.05,0.4204,0.379,0.005000000000000071,0,0,0.0,0.5,0.5,0,A,Arts Plastiques,BAC_1,Maritime,public,F,2024,REORIENTE
1,1,0,1,0,0,9.48,11.81,11.34,-1,11.34,0.7268,0.455,0.13399999999999998,0,0,0.0,0.5,0.5,0,A,Lettres Modernes,BAC_1,Savanes,public,F,2023,REORIENTE
1,1,0,1,0,0,6.78,6.7,7.28,1,7.28,0.525,0.507,-0.27199999999999996,0,0,0.0,0.5,0.5,0,D,Gestion des Entreprises,BAC_1,Plateaux Ouest,privé,M,2024,REORIENTE
1,1,0,1,0,0,11.58,11.48,11.37,-1,11.37,0.42479999999999996,0.603,0.13699999999999993,0,0,0.0,0.5,0.5,0,D,Gestion des Entreprises,BAC_1,Plateaux Ouest,public,M,2024,REORIENTE
1,1,0,1,0,0,8.46,9.98,9.53,-1,9.53,0.6328,0.691,-0.04700000000000006,0,0,0.0,0.5,0.5,0,A,Droit,BAC_1,Grand Lomé,public,M,2024,REORIENTE
1,1,0,1,0,0,9.08,7.5,9.4,1,9.4,0.5094000000000001,0.561,-0.05999999999999996,0,0,0.0,0.5,0.5,0,D,Génie Civil,BAC_1,Maritime,public,F,2024,REORIENTE
1,1,0,1,0,0,12.28,11.97,11.98,1,11.98,0.6506000000000001,0.422,0.19800000000000004,0,0,0.0,0.5,0.5,0,A,Tourisme et Hôtellerie,BAC_1,Plateaux Ouest,public,F,2023,REORIENTE
1,1,0,1,0,0,10.36,11.86,11.52,-1,11.52,0.548,0.557,0.15199999999999997,0,0,0.0,0.5,0.5,0,D,Sciences de l'Éducation,BAC_1,Plateaux Ouest,public,M,2023,ADMIS
1,1,0,1,0,0,10.42,12.34,11.94,-1,11.94,0.854,0.65,0.19399999999999995,0,0,0.0,0.5,0.5,0,A,Lettres Modernes,BAC_1,Maritime,privé,F,2023,REORIENTE
1,1,0,1,0,0,10.26,10.86,11.09,1,11.09,0.4746,0.432,0.10899999999999999,0,0,0.0,0.5,0.5,0,D,Psychologie,BAC_1,Grand Lomé,privé,M,2024,REORIENTE
1,1,0,1,0,0,10.03,11.28,11.55,1,11.55,0.7046,0.632,0.15500000000000008,0,0,0.0,0.5,0.5,0,D,Informatique,BAC_1,Maritime,public,M,2023,ADMIS
1,1,0,1,0,0,8.94,10.44,10.22,-1,10.22,0.6146,0.377,0.022000000000000065,0,0,0.0,0.5,0.5,0,A,Géographie,BAC_1,Plateaux Est,public,M,2023,REORIENTE
1,1,0,1,0,0,12.22,13.28,12.78,-1,12.78,0.4212,0.669,0.2779999999999999,0,0,0.0,0.5,0.5,0,D,Génie Informatique,BAC_1,Plateaux Est,public,F,2024,REORIENTE
1,1,0,1,0,0,7.84,7.68,8.5,1,8.5,0.5464,0.595,-0.15,0,0,0.0,0.5,0.5,0,A,Sciences de l'Éducation,BAC_1,Maritime,public,M,2024,ADMIS
1,1,0,1,0,0,8.69,10.35,10.09,-1,10.09,0.8455999999999999,0.71,0.008999999999999985,0,0,0.0,0.5,0.5,0,A,Droit,BAC_1,Maritime,public,F,2023,REORIENTE
1,1,0,1,0,0,8.52,10.23,10.14,-1,10.14,0.46240000000000003,0.538,0.014000000000000058,0,0,0.0,0.5,0.5,0,A,Géographie,BAC_1,Maritime,public,M,2024,REORIENTE
1,1,0,1,0,0,11.45,14.07,13.31,-1,13.31,0.7664,0.431,0.33100000000000007,0,0,0.0,0.5,0.5,0,D,Gestion des Entreprises,BAC_1,Grand Lomé,privé,M,2023,ADMIS
1,1,0,1,0,0,12.59,12.42,12.99,1,12.99,0.5588,0.62,0.29900000000000004,0,0,0.0,0.5,0.5,0,A,Sociologie,BAC_1,Grand Lomé,public,M,2024,ADMIS
1,1,0,1,0,0,8.65,9.67,10.38,1,10.38,0.5935999999999999,0.827,0.038000000000000075,0,0,0.0,0.5,0.5,0,A,Lettres Modernes,BAC_1,Plateaux Est,public,M,2024,REORIENTE
1,1,0,1,0,0,9.8,9.73,9.99,1,9.99,0.4498,0.598,-0.0009999999999999788,0,0,0.0,0.5,0.5,0,D,Informatique,BAC_1,Grand Lomé,public,F,2024,REORIENTE
1,1,0,1,0,0,7.87,9.25,8.8,-1,8.8,0.6886000000000001,0.556,-0.11999999999999993,0,0,0.0,0.5,0.5,0,A,STAPS (Activités Physiques et Sportives),BAC_1,Grand Lomé,public,M,2023,REORIENTE
1,1,0,1,0,0,14.85,16.83,16.3,-1,16.3,0.7372,0.61,0.6300000000000001,0,0,0.0,0.5,0.5,0,D,Pharmacie,BAC_1,Grand Lomé,public,F,2023,ADMIS
1,1,0,1,0,0,8.67,11.39,10.9,-1,10.9,0.7827999999999999,0.568,0.09000000000000004,0,0,0.0,0.5,0.5,0,A,Lettres Modernes,BAC_1,Centrale,privé,M,2023,REORIENTE
1,1,0,1,0,0,10.56,10.8,11.66,1,11.66,0.6142000000000001,0.448,0.166,0,0,0.0,0.5,0.5,0,D,Biologie,BAC_1,Kara,public,F,2023,REORIENTE
1,1,0,1,0,0,7.95,9.65,9.63,-1,9.63,0.7978,0.547,-0.03699999999999992,0,0,0.0,0.5,0.5,0,D,Génie Électrique,BAC_1,Plateaux Est,privé,M,2023,REORIENTE
1,1,0,1,0,0,12.43,12.18,12.87,1,12.87,0.8240000000000001,0.851,0.2869999999999999,0,0,0.0,0.5,0.5,0,B,Économie,BAC_1,Grand Lomé,privé,M,2023,ADMIS
1,1,0,1,0,0,8.77,7.58,7.76,1,7.76,0.3688,0.601,-0.22400000000000003,0,0,0.0,0.5,0.5,0,D,Informatique,BAC_1,Maritime,public,F,2024,REORIENTE
1,1,0,1,0,0,9.3,10.48,10.71,1,10.71,0.623,0.437,0.07100000000000009,0,0,0.0,0.5,0.5,0,D,Tourisme et Hôtellerie,BAC_1,Grand Lomé,public,F,2023,REORIENTE
1,1,0,1,0,0,12.45,12.94,12.47,-1,12.47,0.5486,0.731,0.24700000000000005,0,0,0.0,0.5,0.5,0,D,Psychologie,BAC_1,Maritime,public,F,2024,REORIENTE
1,1,0,1,0,0,8.74,8.63,10.89,1,10.89,0.6974,0.647,0.08900000000000005,0,0,0.0,0.5,0.5,0,D,Agronomie,BAC_1,Grand Lomé,public,F,2023,REORIENTE
1,1,0,1,0,0,13.1,12.51,12.71,1,12.71,0.6184000000000001,0.595,0.2710000000000001,0,0,0.0,0.5,0.5,0,F4,Génie Mécanique,BAC_1,Savanes,public,F,2024,REORIENTE
1,1,0,1,0,0,13.02,11.82,13.01,1,13.01,0.7918,0.496,0.301,0,0,0.0,0.5,0.5,0,A,Lettres Modernes,BAC_1,Plateaux Ouest,public,F,2023,ADMIS
1,1,0,1,0,0,15.2,15.32,15.38,1,15.38,0.6766000000000001,0.52,0.538,0,0,0.0,0.5,0.5,0,A,Sciences de l'Éducation,BAC_1,Centrale,public,M,2023,ADMIS
1,1,0,1,0,0,11.73,13.45,13.41,-1,13.41,0.5584,0.592,0.341,0,0,0.0,0.5,0.5,0,G3,Gestion des Entreprises,BAC_1,Maritime,public,M,2023,ADMIS
1,1,0,1,0,0,8.86,8.43,9.1,1,9.1,0.45499999999999996,0.593,-0.09000000000000004,0,0,0.0,0.5,0.5,0,D,Informatique,BAC_1,Kara,public,M,2024,REORIENTE
1,1,0,1,0,0,10.33,10.34,10.56,1,10.56,0.5095999999999999,0.71,0.05600000000000005,0,0,0.0,0.5,0.5,0,D,Médecine,BAC_1,Kara,public,M,2024,REORIENTE
1,1,0,1,0,0,10.35,11.25,10.84,-1,10.84,0.759,0.585,0.08399999999999999,0,0,0.0,0.5,0.5,0,A,Enseignement Primaire,BAC_1,Plateaux Est,privé,F,2023,REORIENTE
1,1,0,1,0,0,7.12,8.07,8.51,1,8.51,0.6646000000000001,0.556,-0.14900000000000002,0,0,0.0,0.5,0.5,0,A,Géographie,BAC_1,Kara,public,F,2023,REORIENTE
1,1,0,1,0,0,14.34,13.8,14.23,1,14.23,0.8228,0.572,0.42300000000000004,0,0,0.0,0.5,0.5,0,A,Lettres Modernes,BAC_1,Savanes,privé,M,2023,ADMIS
1,1,0,1,0,0,11.91,11.11,11.82,1,11.82,0.838,0.61,0.18200000000000002,0,0,0.0,0.5,0.5,0,A,Sciences Politiques,BAC_1,Grand Lomé,privé,F,2023,ADMIS
1,1,0,1,0,0,13.02,10.88,12.59,1,12.59,0.6108,0.474,0.259,0,0,0.0,0.5,0.5,0,A,Histoire,BAC_1,Grand Lomé,public,F,2024,ADMIS
1,1,0,1,0,0,10.09,12.78,12.44,-1,12.44,0.5556,0.327,0.24399999999999994,0,0,0.0,0.5,0.5,0,D,Finance et Comptabilité,BAC_1,Kara,public,F,2024,REORIENTE
1,1,0,1,0,0,7.69,9.28,9.4,1,9.4,0.3456,0.342,-0.05999999999999996,0,0,0.0,0.5,0.5,0,D,Génie Informatique,BAC_1,Plateaux Ouest,public,F,2024,REORIENTE
1,1,0,1,0,0,8.14,8.82,9.01,1,9.01,0.33499999999999996,0.572,-0.09900000000000002,0,0,0.0,0.5,0.5,0,D,Sciences de l'Éducation,BAC_1,Plateaux Est,public,F,2024,REORIENTE
1,1,0,1,0,0,10.18,11.75,12.28,1,12.28,0.7724,0.446,0.22799999999999992,0,0,0.0,0.5,0.5,0,A,Sciences de l'Éducation,BAC_1,Plateaux Est,public,F,2023,ADMIS
1,1,0,1,0,0,10.95,11.15,10.93,-1,10.93,0.8226,0.597,0.09299999999999997,0,0,0.0,0.5,0.5,0,D,Histoire,BAC_1,Grand Lomé,public,M,2023,REORIENTE
1,1,0,1,0,0,9.8,9.99,11.55,1,11.55,0.5044,0.385,0.15500000000000008,0,0,0.0,0.5,0.5,0,A,Droit,BAC_1,Kara,public,F,2024,REORIENTE
1,1,0,1,0,0,13.94,12.6,13.14,1,13.14,0.6154,0.631,0.31400000000000006,0,0,0.0,0.5,0.5,0,D,Sciences de l'Éducation,BAC_1,Savanes,public,M,2024,REORIENTE
1,1,0,1,0,0,9.79,12.29,11.89,-1,11.89,0.4482,0.384,0.18900000000000006,0,0,0.0,0.5,0.5,0,A,Droit,BAC_1,Centrale,privé,M,2024,ADMIS
1,1,0,1,0,0,10.4,9.04,9.71,1,9.71,0.4978,0.598,-0.028999999999999915,0,0,0.0,0.5,0.5,0,D,Gestion des Entreprises,BAC_1,Plateaux Est,public,M,2024,ADMIS
1,1,0,1,0,0,8.49,10.65,10.43,-1,10.43,0.7476,0.546,0.04299999999999997,0,0,0.0,0.5,0.5,0,A,Droit,BAC_1,Plateaux Ouest,public,M,2023,REORIENTE
1,1,0,1,0,0,11.58,12.76,12.7,-1,12.7,0.5688,0.45,0.2699999999999999,0,0,0.0,0.5,0.5,0,A,Lettres Modernes,BAC_1,Grand Lomé,public,F,2024,ADMIS
1,1,0,1,0,0,8.13,9.39,8.42,-1,8.42,0.8224,0.571,-0.158,0,0,0.0,0.5,0.5,0,A,Anglais,BAC_1,Plateaux Ouest,privé,M,2023,ADMIS
1,1,0,1,0,0,13.51,14.0,14.53,1,14.53,0.663,0.492,0.45299999999999996,0,0,0.0,0.5,0.5,0,A,Sociologie,BAC_1,Grand Lomé,public,M,2024,ADMIS
1,1,0,1,0,0,9.2,9.97,10.58,1,10.58,0.6186,0.591,0.05800000000000001,0,0,0.0,0.5,0.5,0,D,Sciences de l'Éducation,BAC_1,Centrale,public,F,2023,ADMIS
1,1,0,1,0,0,6.41,7.52,8.29,1,8.29,0.6052,0.382,-0.1710000000000001,0,0,0.0,0.5,0.5,0,C,Finance et Comptabilité,BAC_1,Maritime,public,M,2024,ADMIS
1,1,0,1,0,0,5.27,5.83,6.59,1,6.59,0.7992,0.513,-0.341,0,0,0.0,0.5,0.5,0,A,Lettres Modernes,BAC_1,Grand Lomé,privé,M,2024,REORIENTE
1,1,0,1,0,0,10.14,9.43,10.46,1,10.46,0.6748,0.34,0.04600000000000008,0,0,0.0,0.5,0.5,0,D,Sciences Forestières,BAC_1,Grand Lomé,public,F,2023,ADMIS
1,1,0,1,0,0,9.52,9.74,11.39,1,11.39,0.7572,0.72,0.13900000000000007,0,0,0.0,0.5,0.5,0,D,Informatique,BAC_1,Maritime,privé,M,2024,REORIENTE
1,1,0,1,0,0,11.63,13.01,11.59,-1,11.59,0.5933999999999999,0.573,0.15899999999999997,0,0,0.0,0.5,0.5,0,A,Enseignement Primaire,BAC_1,Maritime,public,F,2024,REORIENTE
1,1,0,1,0,0,10.15,10.34,10.31,-1,10.31,0.6698000000000001,0.686,0.03100000000000005,0,0,0.0,0.5,0.5,0,G1,Économie,BAC_1,Centrale,public,M,2023,REORIENTE
1,1,0,1,0,0,7.95,8.28,9.44,1,9.44,0.6738,0.477,-0.05600000000000005,0,0,0.0,0.5,0.5,0,A,Lettres Modernes,BAC_1,Plateaux Ouest,public,M,2023,REORIENTE
1,1,0,1,0,0,13.94,12.95,13.79,1,13.79,0.6946,0.673,0.3789999999999999,0,0,0.0,0.5,0.5,0,A,Droit,BAC_1,Grand Lomé,public,M,2023,ADMIS
1,1,0,1,0,0,8.39,10.03,9.86,-1,9.86,0.634,0.46,-0.014000000000000058,0,0,0.0,0.5,0.5,0,A,Communication et Journalisme,BAC_1,Centrale,public,M,2023,ADMIS
1,1,0,1,0,0,8.5,10.47,9.33,-1,9.33,0.6566000000000001,0.617,-0.06699999999999999,0,0,0.0,0.5,0.5,0,D,Informatique,BAC_1,Maritime,public,F,2023,ADMIS
1,1,0,1,0,0,8.92,8.89,9.52,1,9.52,0.4652,0.542,-0.04800000000000004,0,0,0.0,0.5,0.5,0,A,Histoire,BAC_1,Kara,public,F,2024,REORIENTE
1,1,0,1,0,0,7.79,9.02,8.57,-1,8.57,0.5882000000000001,0.443,-0.14299999999999996,0,0,0.0,0.5,0.5,0,A,Psychologie,BAC_1,Savanes,privé,M,2024,REORIENTE
1,1,0,1,0,0,11.43,13.64,13.76,1,13.76,0.6204,0.639,0.376,0,0,0.0,0.5,0.5,0,A,Tourisme et Hôtellerie,BAC_1,Kara,public,M,2024,REORIENTE
1,1,0,1,0,0,9.05,8.65,8.49,-1,8.49,0.866,0.68,-0.15099999999999997,0,0,0.0,0.5,0.5,0,D,Informatique,BAC_1,Grand Lomé,public,F,2023,ADMIS
1,1,0,1,0,0,9.78,8.24,9.04,1,9.04,0.6304,0.715,-0.09600000000000009,0,0,0.0,0.5,0.5,0,D,Agronomie,BAC_1,Grand Lomé,public,F,2024,REORIENTE
1,1,0,1,0,0,12.15,11.37,12.14,1,12.14,0.5136000000000001,0.48,0.21400000000000005,0,0,0.0,0.5,0.5,0,A,Anglais,BAC_1,Maritime,public,F,2024,ADMIS
1,1,0,1,0,0,6.86,8.42,8.66,1,8.66,0.4626,0.447,-0.13399999999999998,0,0,0.0,0.5,0.5,0,D,Biologie,BAC_1,Kara,public,M,2024,REORIENTE
1,1,0,1,0,0,6.27,5.19,5.73,1,5.73,0.8164,0.556,-0.42699999999999994,0,0,0.0,0.5,0.5,0,A,Sciences de l'Éducation,BAC_1,Plateaux Ouest,privé,M,2023,ADMIS
1,1,0,1,0,0,5.65,7.44,7.81,1,7.81,0.7155999999999999,0.487,-0.21900000000000003,0,0,0.0,0.5,0.5,0,G2,Gestion des Entreprises,BAC_1,Plateaux Ouest,privé,F,2023,REORIENTE
1,1,0,1,0,0,10.19,10.69,10.53,-1,10.53,0.566,0.488,0.052999999999999936,0,0,0.0,0.5,0.5,0,B,Sciences de l'Éducation,BAC_1,Centrale,public,M,2023,REORIENTE
1,1,0,1,0,0,11.57,12.61,12.67,1,12.67,0.536,0.584,0.267,0,0,0.0,0.5,0.5,0,D,Sciences Infirmières,BAC_1,Kara,public,M,2024,ADMIS
1,1,0,1,0,0,8.76,8.19,8.37,1,8.37,0.4434,0.468,-0.1630000000000001,0,0,0.0,0.5,0.5,0,D,Sciences Environnementales,BAC_1,Maritime,public,F,2024,ADMIS
1,1,0,1,0,0,9.78,11.28,12.17,1,12.17,0.5306000000000001,0.527,0.217,0,0,0.0,0.5,0.5,0,A,Tourisme et Hôtellerie,BAC_1,Maritime,public,M,2024,ADMIS
1,1,0,1,0,0,8.93,10.55,10.71,1,10.71,0.7198,0.895,0.07100000000000009,0,0,0.0,0.5,0.5,0,D,Sciences de l'Éducation,BAC_1,Centrale,public,M,2023,REORIENTE
1,1,0,1,0,0,8.05,7.73,8.92,1,8.92,0.5556,0.309,-0.10800000000000001,0,0,0.0,0.5,0.5,0,A,Droit,BAC_1,Grand Lomé,public,M,2023,REORIENTE
1,1,0,1,0,0,7.67,8.01,8.71,1,8.71,0.8396,0.614,-0.12899999999999992,0,0,0.0,0.5,0.5,0,A,Droit,BAC_1,Maritime,privé,F,2023,REORIENTE
1,1,0,1,0,0,12.09,11.41,11.86,1,11.86,0.3316,0.496,0.18599999999999994,0,0,0.0,0.5,0.5,0,D,Biologie,BAC_1,Plateaux Est,public,F,2024,REORIENTE
1,1,0,1,0,0,10.49,8.93,10.24,1,10.24,0.5746,0.463,0.02400000000000002,0,0,0.0,0.5,0.5,0,D,Informatique,BAC_1,Plateaux Ouest,public,M,2023,REORIENTE
1,1,0,1,0,0,8.7,9.5,10.24,1,10.24,0.7465999999999999,0.644,0.02400000000000002,0,0,0.0,0.5,0.5,0,A,Anglais,BAC_1,Grand Lomé,privé,M,2024,REORIENTE
1,1,0,1,0,0,8.89,9.2,9.84,1,9.84,0.4404,0.468,-0.016000000000000014,0,0,0.0,0.5,0.5,0,A,Lettres Modernes,BAC_1,Grand Lomé,public,M,2024,REORIENTE
1,1,0,1,0,0,15.15,14.6,13.93,-1,13.93,0.6686,0.725,0.39299999999999996,0,0,0.0,0.5,0.5,0,D,Finance et Comptabilité,BAC_1,Centrale,public,F,2023,REORIENTE
1,1,0,1,0,0,13.75,12.13,11.3,-1,11.3,0.7658,0.641,0.13000000000000006,0,0,0.0,0.5,0.5,0,D,Géographie,BAC_1,Maritime,public,M,2023,ADMIS
1,1,0,1,0,0,10.76,11.04,11.18,1,11.18,0.5598,0.465,0.11799999999999997,0,0,0.0,0.5,0.5,0,D,Sciences Environnementales,BAC_1,Kara,public,F,2023,REORIENTE
1,1,0,1,0,0,10.02,10.78,10.61,-1,10.61,0.4824,0.639,0.06099999999999994,0,0,0.0,0.5,0.5,0,D,Odontologie,BAC_1,Savanes,public,F,2024,REORIENTE
1,1,0,1,0,0,11.56,11.96,11.93,-1,11.93,0.6359999999999999,0.243,0.19299999999999998,0,0,0.0,0.5,0.5,0,D,Sciences Forestières,BAC_1,Grand Lomé,public,M,2023,REORIENTE
1,1,0,1,0,0,8.74,8.47,10.07,1,10.07,0.6546000000000001,0.462,0.007000000000000029,0,0,0.0,0.5,0.5,0,D,Gestion des Entreprises,BAC_1,Kara,public,M,2023,ADMIS
1,1,0,1,0,0,10.06,12.18,12.61,1,12.61,0.7298,0.653,0.26099999999999995,0,0,0.0,0.5,0.5,0,C,Gestion des Entreprises,BAC_1,Grand Lomé,public,F,2023,REORIENTE
1,1,0,1,0,0,8.2,8.73,9.91,1,9.91,0.5898000000000001,0.789,-0.008999999999999985,0,0,0.0,0.5,0.5,0,G3,Gestion des Entreprises,BAC_1,Centrale,public,F,2023,ADMIS
1,1,0,1,0,0,10.49,11.19,11.34,1,11.34,0.5327999999999999,0.414,0.13399999999999998,0,0,0.0,0.5,0.5,0,D,Finance et Comptabilité,BAC_1,Centrale,privé,M,2023,REORIENTE
1,1,0,1,0,0,7.09,10.07,8.55,-1,8.55,0.4522,0.499,-0.14499999999999993,0,0,0.0,0.5,0.5,0,A,Enseignement Primaire,BAC_1,Savanes,public,M,2024,ADMIS
1,1,0,1,0,0,9.65,9.7,10.39,1,10.39,0.7857999999999999,0.532,0.039000000000000055,0,0,0.0,0.5,0.5,0,A,Sciences de l'Éducation,BAC_1,Grand Lomé,public,F,2023,ADMIS
1,1,0,1,0,0,9.7,8.73,9.98,1,9.98,0.7112,0.404,-0.0019999999999999575,0,0,0.0,0.5,0.5,0,D,Sciences de l'Éducation,BAC_1,Grand Lomé,public,F,2023,ADMIS
1,1,0,1,0,0,12.16,11.49,12.78,1,12.78,0.9272,0.833,0.2779999999999999,0,0,0.0,0.5,0.5,0,A,Histoire,BAC_1,Plateaux Est,privé,M,2023,ADMIS
1,1,0,1,0,0,12.86,12.18,11.73,-1,11.73,0.4516,0.298,0.17300000000000004,0,0,0.0,0.5,0.5,0,A,Droit,BAC_1,Grand Lomé,public,M,2024,REORIENTE
1,1,0,1,0,0,13.87,12.91,13.09,1,13.09,0.5162,0.452,0.309,0,0,0.0,0.5,0.5,0,D,Génie Électrique,BAC_1,Plateaux Est,privé,M,2024,REORIENTE
1,1,0,1,0,0,9.57,9.85,8.9,-1,8.9,0.6416,0.611,-0.10999999999999996,0,0,0.0,0.5,0.5,0,D,Enseignement Primaire,BAC_1,Grand Lomé,public,F,2024,REORIENTE
1,1,0,1,0,0,12.22,10.94,12.14,1,12.14,0.7766,0.698,0.21400000000000005,0,0,0.0,0.5,0.5,0,A,Anglais,BAC_1,Plateaux Est,public,M,2023,REORIENTE
1,1,0,1,0,0,11.26,11.3,12.28,1,12.28,0.7378,0.577,0.22799999999999992,0,0,0.0,0.5,0.5,0,A,Sociologie,BAC_1,Maritime,privé,F,2023,REORIENTE
1,1,0,1,0,0,11.1,11.47,12.07,1,12.07,0.4394,0.293,0.20700000000000002,0,0,0.0,0.5,0.5,0,D,Géographie,BAC_1,Plateaux Ouest,public,F,2023,REORIENTE
1,1,0,1,0,0,7.33,8.07,8.24,1,8.24,0.5426,0.461,-0.176,0,0,0.0,0.5,0.5,0,A,Communication et Journalisme,BAC_1,Savanes,privé,M,2024,REORIENTE
1,1,0,1,0,0,9.31,9.28,9.82,1,9.82,0.36260000000000003,0.467,-0.01799999999999997,0,0,0.0,0.5,0.5,0,A,Communication et Journalisme,BAC_1,Centrale,public,M,2024,REORIENTE
1,1,0,1,0,0,7.54,8.13,7.88,-1,7.88,0.3378,0.519,-0.21200000000000002,0,0,0.0,0.5,0.5,0,A,Enseignement Primaire,BAC_1,Plateaux Ouest,public,F,2024,REORIENTE
1,1,0,1,0,0,9.17,9.67,10.1,1,10.1,0.449,0.623,0.009999999999999964,0,0,0.0,0.5,0.5,0,D,Psychologie,BAC_1,Maritime,privé,M,2024,REORIENTE
1,1,0,1,0,0,12.23,13.13,14.05,1,14.05,0.7086,0.537,0.4050000000000001,0,0,0.0,0.5,0.5,0,D,Pharmacie,BAC_1,Maritime,public,M,2023,REORIENTE
1,1,0,1,0,0,13.17,13.22,13.86,1,13.86,0.7966,0.553,0.38599999999999995,0,0,0.0,0.5,0.5,0,A,Sciences de l'Éducation,BAC_1,Plateaux Ouest,privé,M,2023,ADMIS
1,1,0,1,0,0,7.73,9.99,9.78,-1,9.78,0.6164000000000001,0.731,-0.022000000000000065,0,0,0.0,0.5,0.5,0,G2,Droit,BAC_1,Grand Lomé,public,F,2024,REORIENTE
1,1,0,1,0,0,7.4,8.6,8.44,-1,8.44,0.3464,0.716,-0.15600000000000006,0,0,0.0,0.5,0.5,0,D,Informatique,BAC_1,Centrale,public,F,2024,ADMIS
1,1,0,1,0,0,9.91,9.62,11.06,1,11.06,0.5516,0.563,0.10600000000000005,0,0,0.0,0.5,0.5,0,A,Anglais,BAC_1,Plateaux Ouest,public,M,2024,REORIENTE
1,1,0,1,0,0,5.17,6.47,6.74,1,6.74,0.5608000000000001,0.376,-0.32599999999999996,0,0,0.0,0.5,0.5,0,A,Communication et Journalisme,BAC_1,Plateaux Ouest,public,F,2023,ADMIS
1,1,0,1,0,0,9.1,7.21,8.25,1,8.25,0.7061999999999999,0.546,-0.175,0,0,0.0,0.5,0.5,0,D,Sciences de l'Éducation,BAC_1,Maritime,public,F,2023,REORIENTE
1,1,0,1,0,0,6.75,7.89,7.46,-1,7.46,0.7719999999999999,0.706,-0.254,0,0,0.0,0.5,0.5,0,D,Enseignement Primaire,BAC_1,Grand Lomé,public,M,2023,ADMIS
1,1,0,1,0,0,8.24,8.17,7.98,-1,7.98,0.5216000000000001,0.743,-0.20199999999999996,0,0,0.0,0.5,0.5,0,A,Histoire,BAC_1,Plateaux Est,public,F,2024,REORIENTE
1,1,0,1,0,0,8.6,9.58,9.37,-1,9.37,0.7183999999999999,0.674,-0.06300000000000008,0,0,0.0,0.5,0.5,0,D,Gestion des Entreprises,BAC_1,Grand Lomé,privé,F,2024,REORIENTE
1,1,0,1,0,0,6.52,5.81,7.58,1,7.58,0.3816,0.369,-0.242,0,0,0.0,0.5,0.5,0,D,Gestion des Entreprises,BAC_1,Plateaux Est,public,M,2024,REORIENTE
1,1,0,1,0,0,8.06,6.91,8.68,1,8.68,0.7283999999999999,0.882,-0.13200000000000003,0,0,0.0,0.5,0.5,0,D,Finance et Comptabilité,BAC_1,Maritime,public,M,2023,ADMIS
1,1,0,1,0,0,8.91,8.8,10.0,1,10.0,0.609,0.582,0.0,0,0,0.0,0.5,0.5,0,A,Droit,BAC_1,Plateaux Ouest,public,M,2024,REORIENTE
1,1,0,1,0,0,9.83,10.37,10.87,1,10.87,0.6868000000000001,0.556,0.08699999999999992,0,0,0.0,0.5,0.5,0,A,Sciences Politiques,BAC_1,Plateaux Ouest,privé,M,2023,REORIENTE
1,1,0,1,0,0,10.36,11.11,11.89,1,11.89,0.7792,0.499,0.18900000000000006,0,0,0.0,0.5,0.5,0,A,Sciences de l'Éducation,BAC_1,Centrale,privé,M,2023,ADMIS
1,1,0,1,0,0,7.85,8.39,9.38,1,9.38,0.4568,0.479,-0.06199999999999992,0,0,0.0,0.5,0.5,0,A,Lettres Modernes,BAC_1,Maritime,public,F,2024,ADMIS
1,1,0,1,0,0,9.09,9.33,9.83,1,9.83,0.6004,0.532,-0.016999999999999994,0,0,0.0,0.5,0.5,0,A,Droit,BAC_1,Maritime,public,M,2024,ADMIS
1,1,0,1,0,0,10.09,10.82,11.38,1,11.38,0.7936,0.499,0.13800000000000007,0,0,0.0,0.5,0.5,0,A,Psychologie,BAC_1,Maritime,privé,M,2023,REORIENTE
1,1,0,1,0,0,9.83,9.07,10.56,1,10.56,0.5794,0.646,0.05600000000000005,0,0,0.0,0.5,0.5,0,D,Gestion des Entreprises,BAC_1,Plateaux Est,public,F,2023,REORIENTE
1,1,0,1,0,0,12.94,12.02,12.01,-1,12.01,0.79,0.49,0.20099999999999998,0,0,0.0,0.5,0.5,0,D,Gestion des Entreprises,BAC_1,Maritime,public,F,2023,ADMIS
1,1,0,1,0,0,7.82,8.38,8.22,-1,8.22,0.642,0.324,-0.17799999999999994,0,0,0.0,0.5,0.5,0,D,Psychologie,BAC_1,Grand Lomé,public,M,2023,REORIENTE
1,1,0,1,0,0,11.91,13.12,12.05,-1,12.05,0.4034,0.482,0.20500000000000007,0,0,0.0,0.5,0.5,0,D,Finance et Comptabilité,BAC_1,Maritime,privé,F,2024,ADMIS
1,1,0,1,0,0,8.8,9.2,9.11,-1,9.11,0.3478,0.277,-0.08900000000000005,0,0,0.0,0.5,0.5,0,A,Sociologie,BAC_1,Maritime,public,F,2024,REORIENTE
1,1,0,1,0,0,8.36,10.67,10.01,-1,10.01,0.8692,0.688,0.0009999999999999788,0,0,0.0,0.5,0.5,0,A,Tourisme et Hôtellerie,BAC_1,Savanes,public,F,2023,REORIENTE
1,1,0,1,0,0,12.35,10.48,11.42,1,11.42,0.7484,0.563,0.142,0,0,0.0,0.5,0.5,0,A,Droit,BAC_1,Centrale,privé,M,2023,ADMIS
1,1,0,1,0,0,6.4,6.66,6.33,-1,6.33,0.5726,0.494,-0.367,0,0,0.0,0.5,0.5,0,A,Droit,BAC_1,Centrale,public,M,2023,REORIENTE
1,1,0,1,0,0,12.43,11.59,12.8,1,12.8,0.866,0.68,0.2800000000000001,0,0,0.0,0.5,0.5,0,A,Sciences de l'Éducation,BAC_1,Grand Lomé,public,F,2023,ADMIS
1,1,0,1,0,0,6.71,8.44,7.94,-1,7.94,0.6084,0.39,-0.20599999999999996,0,0,0.0,0.5,0.5,0,D,Tourisme et Hôtellerie,BAC_1,Kara,privé,M,2023,ADMIS
1,1,0,1,0,0,9.99,11.37,11.44,1,11.44,0.43500000000000005,0.396,0.14399999999999996,0,0,0.0,0.5,0.5,0,A,Psychologie,BAC_1,Plateaux Est,public,M,2024,ADMIS
1,1,0,1,0,0,12.54,11.15,11.42,1,11.42,0.57,0.576,0.142,0,0,0.0,0.5,0.5,0,A,Droit,BAC_1,Maritime,public,M,2024,ADMIS
1,1,0,1,0,0,8.18,8.26,9.25,1,9.25,0.847,0.727,-0.075,0,0,0.0,0.5,0.5,0,D,Gestion des Entreprises,BAC_1,Grand Lomé,public,F,2023,REORIENTE
1,1,0,1,0,0,7.74,9.53,9.9,1,9.9,0.8204,0.566,-0.009999999999999964,0,0,0.0,0.5,0.5,0,A,Enseignement Primaire,BAC_1,Plateaux Est,privé,F,2023,ADMIS
1,1,0,1,0,0,12.14,12.52,12.98,1,12.98,0.41000000000000003,0.437,0.29800000000000004,0,0,0.0,0.5,0.5,0,D,Finance et Comptabilité,BAC_1,Grand Lomé,public,M,2024,ADMIS
1,1,0,1,0,0,9.59,10.56,10.04,-1,10.04,0.3316,0.421,0.003999999999999915,0,0,0.0,0.5,0.5,0,D,Géographie,BAC_1,Plateaux Est,public,F,2024,ADMIS
1,1,0,1,0,0,13.89,13.91,13.69,-1,13.69,0.4084,0.439,0.36899999999999994,0,0,0.0,0.5,0.5,0,D,Histoire,BAC_1,Maritime,public,F,2024,REORIENTE
1,1,0,1,0,0,12.01,9.79,11.61,1,11.61,0.5156,0.581,0.16099999999999995,0,0,0.0,0.5,0.5,0,A,Géographie,BAC_1,Kara,public,M,2024,REORIENTE
1,1,0,1,0,0,12.23,12.67,11.65,-1,11.65,0.4214,0.464,0.16500000000000004,0,0,0.0,0.5,0.5,0,D,Génie Électrique,BAC_1,Kara,public,M,2024,REORIENTE
1,1,0,1,0,0,10.22,10.24,10.58,1,10.58,0.6809999999999999,0.279,0.05800000000000001,0,0,0.0,0.5,0.5,0,A,Sociologie,BAC_1,Maritime,privé,M,2023,ADMIS
1,1,0,1,0,0,7.34,9.82,10.54,1,10.54,0.3478,0.496,0.053999999999999916,0,0,0.0,0.5,0.5,0,A,Droit,BAC_1,Kara,public,M,2024,REORIENTE
1,1,0,1,0,0,9.78,11.77,11.39,-1,11.39,0.591,0.51,0.13900000000000007,0,0,0.0,0.5,0.5,0,A,Sciences de l'Éducation,BAC_1,Kara,public,F,2023,ADMIS
1,1,0,1,0,0,5.48,6.75,7.21,1,7.21,0.8056,0.589,-0.279,0,0,0.0,0.5,0.5,0,D,Sociologie,BAC_1,Grand Lomé,public,M,2023,ADMIS
1,1,0,1,0,0,9.59,9.0,10.23,1,10.23,0.6664,0.586,0.02300000000000004,0,0,0.0,0.5,0.5,0,F3,Génie Mécanique,BAC_1,Centrale,public,F,2023,REORIENTE
1,1,0,1,0,0,12.85,11.71,13.0,1,13.0,0.8165999999999999,0.618,0.3,0,0,0.0,0.5,0.5,0,D,Sociologie,BAC_1,Grand Lomé,privé,F,2023,ADMIS
1,1,0,1,0,0,6.79,6.75,7.81,1,7.81,0.5494,0.574,-0.21900000000000003,0,0,0.0,0.5,0.5,0,A,Sciences Politiques,BAC_1,Kara,privé,F,2024,REORIENTE
1,1,0,1,0,0,8.62,8.58,9.81,1,9.81,0.6398,0.383,-0.01899999999999995,0,0,0.0,0.5,0.5,0,D,Informatique,BAC_1,Maritime,privé,M,2023,REORIENTE
1,1,0,1,0,0,10.16,10.11,10.25,1,10.25,0.7831999999999999,0.596,0.025,0,0,0.0,0.5,0.5,0,D,Sciences Infirmières,BAC_1,Maritime,public,M,2023,ADMIS
1,1,0,1,0,0,10.13,10.81,10.81,-1,10.81,0.6508,0.592,0.08100000000000004,0,0,0.0,0.5,0.5,0,D,Sciences Environnementales,BAC_1,Plateaux Est,public,F,2023,REORIENTE
1,1,0,1,0,0,13.04,12.97,13.13,1,13.13,0.7273999999999999,0.74,0.31300000000000006,0,0,0.0,0.5,0.5,0,A,Droit,BAC_1,Plateaux Ouest,public,M,2024,ADMIS
1,1,0,1,0,0,12.22,12.74,12.5,-1,12.5,0.6308,0.548,0.25,0,0,0.0,0.5,0.5,0,D,Biologie,BAC_1,Grand Lomé,public,F,2023,ADMIS
1,1,0,1,0,0,7.83,9.76,10.01,1,10.01,0.7178,0.584,0.0009999999999999788,0,0,0.0,0.5,0.5,0,A,STAPS (Activités Physiques et Sportives),BAC_1,Centrale,public,M,2023,ADMIS
1,1,0,1,0,0,8.03,9.8,9.8,-1,9.8,0.5871999999999999,0.217,-0.019999999999999928,0,0,0.0,0.5,0.5,0,D,Histoire,BAC_1,Grand Lomé,public,F,2023,ADMIS
1,1,0,1,0,0,10.64,10.46,10.93,1,10.93,0.5078,0.596,0.09299999999999997,0,0,0.0,0.5,0.5,0,D,STAPS (Activités Physiques et Sportives),BAC_1,Savanes,public,M,2024,REORIENTE
1,1,0,1,0,0,10.37,10.59,9.69,-1,9.69,0.6532,0.562,-0.03100000000000005,0,0,0.0,0.5,0.5,0,G2,Sciences Infirmières,BAC_1,Maritime,public,F,2024,REORIENTE
1,1,0,1,0,0,9.6,10.61,10.45,-1,10.45,0.6242000000000001,0.785,0.04499999999999993,0,0,0.0,0.5,0.5,0,D,Médecine,BAC_1,Plateaux Est,public,F,2024,REORIENTE
1,1,0,1,0,0,10.89,11.18,11.09,-1,11.09,0.5888,0.749,0.10899999999999999,0,0,0.0,0.5,0.5,0,A,Communication et Journalisme,BAC_1,Plateaux Ouest,public,M,2024,REORIENTE
1,1,0,1,0,0,7.89,8.6,9.3,1,9.3,0.5932,0.421,-0.06999999999999992,0,0,0.0,0.5,0.5,0,A,Lettres Modernes,BAC_1,Grand Lomé,public,F,2023,REORIENTE
1,1,0,1,0,0,11.32,9.41,11.03,1,11.03,0.7948,0.502,0.10299999999999994,0,0,0.0,0.5,0.5,0,D,Finance et Comptabilité,BAC_1,Grand Lomé,privé,M,2023,ADMIS
1,1,0,1,0,0,12.68,13.92,14.68,1,14.68,0.4748,0.443,0.46799999999999997,0,0,0.0,0.5,0.5,0,D,Finance et Comptabilité,BAC_1,Maritime,public,M,2024,REORIENTE
1,1,0,1,0,0,7.66,9.12,10.08,1,10.08,0.418,0.418,0.008000000000000007,0,0,0.0,0.5,0.5,0,G2,Banque et Assurance,BAC_1,Plateaux Ouest,public,F,2023,REORIENTE
1,1,0,1,0,0,9.6,9.59,10.42,1,10.42,0.5938,0.631,0.041999999999999996,0,0,0.0,0.5,0.5,0,D,Sciences Forestières,BAC_1,Plateaux Est,public,F,2023,REORIENTE
1,1,0,1,0,0,9.1,8.13,9.5,1,9.5,0.6716,0.563,-0.05,0,0,0.0,0.5,0.5,0,A,Droit,BAC_1,Grand Lomé,privé,M,2023,ADMIS
1,1,0,1,0,0,7.92,8.38,8.47,1,8.47,0.6496,0.427,-0.15299999999999994,0,0,0.0,0.5,0.5,0,G1,Économie,BAC_1,Grand Lomé,public,F,2024,REORIENTE
1,1,0,1,0,0,10.97,10.75,11.95,1,11.95,0.7024,0.271,0.19499999999999992,0,0,0.0,0.5,0.5,0,A,Anglais,BAC_1,Grand Lomé,public,M,2023,ADMIS
1,1,0,1,0,0,8.39,9.26,8.75,-1,8.75,0.4224,0.507,-0.125,0,0,0.0,0.5,0.5,0,D,Génie Électrique,BAC_1,Grand Lomé,public,F,2024,ADMIS
1,1,0,1,0,0,7.01,7.64,8.18,1,8.18,0.4326,0.6,-0.18200000000000002,0,0,0.0,0.5,0.5,0,A,Arts Plastiques,BAC_1,Plateaux Est,public,M,2024,REORIENTE
1,1,0,1,0,0,7.39,6.87,7.22,1,7.22,0.6596,0.557,-0.278,0,0,0.0,0.5,0.5,0,A,Lettres Modernes,BAC_1,Kara,public,F,2023,ADMIS
1,1,0,1,0,0,9.12,9.71,9.15,-1,9.15,0.5998,0.403,-0.08499999999999996,0,0,0.0,0.5,0.5,0,A,Géographie,BAC_1,Grand Lomé,public,M,2023,REORIENTE
1,1,0,1,0,0,10.08,11.87,11.19,-1,11.19,0.5791999999999999,0.539,0.11899999999999995,0,0,0.0,0.5,0.5,0,A,Psychologie,BAC_1,Savanes,public,M,2023,REORIENTE
1,1,0,1,0,0,10.48,11.95,11.99,1,11.99,0.8472,0.786,0.199,0,0,0.0,0.5,0.5,0,A,Histoire,BAC_1,Savanes,public,M,2023,ADMIS
1,1,0,1,0,0,11.74,14.05,14.66,1,14.66,0.4504,0.319,0.466,0,0,0.0,0.5,0.5,0,A,Histoire,BAC_1,Maritime,public,M,2024,ADMIS
1,1,0,1,0,0,12.86,13.73,13.15,-1,13.15,0.8336,0.599,0.31500000000000006,0,0,0.0,0.5,0.5,0,D,Sciences de l'Éducation,BAC_1,Grand Lomé,privé,F,2023,ADMIS
1,1,0,1,0,0,9.57,11.55,11.64,1,11.64,0.5818,0.577,0.16400000000000006,0,0,0.0,0.5,0.5,0,A,Psychologie,BAC_1,Grand Lomé,public,M,2024,ADMIS
1,1,0,1,0,0,13.33,14.36,14.51,1,14.51,0.323,0.434,0.45099999999999996,0,0,0.0,0.5,0.5,0,D,Sciences Infirmières,BAC_1,Plateaux Ouest,public,M,2024,REORIENTE
1,1,0,1,0,0,5.32,7.25,7.61,1,7.61,0.6322,0.565,-0.23899999999999996,0,0,0.0,0.5,0.5,0,A,Géographie,BAC_1,Plateaux Ouest,public,M,2024,REORIENTE
1,1,0,1,0,0,7.26,6.11,7.45,1,7.45,0.6235999999999999,0.485,-0.255,0,0,0.0,0.5,0.5,0,A,Psychologie,BAC_1,Plateaux Ouest,privé,M,2023,ADMIS
1,1,0,1,0,0,11.05,8.81,10.04,1,10.04,0.5678,0.308,0.003999999999999915,0,0,0.0,0.5,0.5,0,D,Biologie,BAC_1,Grand Lomé,public,M,2024,REORIENTE
1,1,0,1,0,0,8.77,8.01,8.44,1,8.44,0.7465999999999999,0.419,-0.15600000000000006,0,0,0.0,0.5,0.5,0,D,Histoire,BAC_1,Grand Lomé,public,F,2023,REORIENTE
1,1,0,1,0,0,11.61,11.96,12.59,1,12.59,0.3922,0.439,0.259,0,0,0.0,0.5,0.5,0,A,Anglais,BAC_1,Maritime,public,F,2024,ADMIS
1,1,0,1,0,0,9.24,8.46,9.12,1,9.12,0.5386,0.622,-0.08800000000000008,0,0,0.0,0.5,0.5,0,A,Géographie,BAC_1,Grand Lomé,public,F,2024,ADMIS
1,1,0,1,0,0,8.62,9.01,8.95,-1,8.95,0.6872,0.521,-0.10500000000000007,0,0,0.0,0.5,0.5,0,A,Géographie,BAC_1,Grand Lomé,public,M,2023,REORIENTE
1,1,0,1,0,0,9.45,8.58,8.82,1,8.82,0.44220000000000004,0.528,-0.11799999999999997,0,0,0.0,0.5,0.5,0,D,Génie Civil,BAC_1,Savanes,privé,M,2024,REORIENTE
1,1,0,1,0,0,8.62,10.31,10.47,1,10.47,0.7123999999999999,0.575,0.04700000000000006,0,0,0.0,0.5,0.5,0,A,Anglais,BAC_1,Maritime,public,F,2023,ADMIS
1,1,0,1,0,0,6.96,7.93,8.66,1,8.66,0.575,0.533,-0.13399999999999998,0,0,0.0,0.5,0.5,0,B,Lettres Modernes,BAC_1,Plateaux Est,public,F,2024,REORIENTE
1,1,0,1,0,0,14.35,12.98,13.08,1,13.08,0.7248,0.39,0.308,0,0,0.0,0.5,0.5,0,A,Enseignement Primaire,BAC_1,Plateaux Est,public,F,2023,ADMIS
1,1,0,1,0,0,13.29,14.04,14.16,1,14.16,0.6406000000000001,0.61,0.41600000000000004,0,0,0.0,0.5,0.5,0,D,Génie Électrique,BAC_1,Grand Lomé,public,M,2024,ADMIS
1,1,0,1,0,0,10.15,9.63,10.0,1,10.0,0.5786,0.533,0.0,0,0,0.0,0.5,0.5,0,D,Sciences Forestières,BAC_1,Grand Lomé,public,F,2024,ADMIS
1,1,0,1,0,0,8.72,9.36,9.14,-1,9.14,0.4588,0.499,-0.08599999999999994,0,0,0.0,0.5,0.5,0,A,Sciences Politiques,BAC_1,Kara,public,F,2024,ADMIS
1,1,0,1,0,0,7.96,8.29,9.0,1,9.0,0.754,0.667,-0.1,0,0,0.0,0.5,0.5,0,C,Psychologie,BAC_1,Maritime,public,M,2024,REORIENTE
1,1,0,1,0,0,7.55,7.49,8.18,1,8.18,0.736,0.502,-0.18200000000000002,0,0,0.0,0.5,0.5,0,B,Économie,BAC_1,Plateaux Est,privé,F,2023,REORIENTE
1,1,0,1,0,0,8.65,7.92,8.72,1,8.72,0.6608,0.56,-0.12799999999999995,0,0,0.0,0.5,0.5,0,D,Tourisme et Hôtellerie,BAC_1,Centrale,public,M,2023,ADMIS
1,1,0,1,0,0,8.51,8.58,9.62,1,9.62,0.7682,0.44,-0.038000000000000075,0,0,0.0,0.5,0.5,0,D,Sciences Forestières,BAC_1,Grand Lomé,privé,F,2023,ADMIS
1,1,0,1,0,0,9.22,7.61,9.54,1,9.54,0.5712,0.537,-0.04600000000000008,0,0,0.0,0.5,0.5,0,D,Génie Civil,BAC_1,Savanes,public,F,2024,REORIENTE
1,1,0,1,0,0,5.51,5.69,6.36,1,6.36,0.39139999999999997,0.635,-0.364,0,0,0.0,0.5,0.5,0,D,Finance et Comptabilité,BAC_1,Kara,public,M,2024,REORIENTE
1,1,0,1,0,0,10.64,12.1,12.07,-1,12.07,0.4466,0.263,0.20700000000000002,0,0,0.0,0.5,0.5,0,A,Lettres Modernes,BAC_1,Kara,public,M,2023,REORIENTE
1,1,0,1,0,0,13.45,14.56,14.47,-1,14.47,0.6502,0.763,0.44700000000000006,0,0,0.0,0.5,0.5,0,D,Médecine,BAC_1,Grand Lomé,public,M,2024,ADMIS
1,1,0,1,0,0,14.63,14.34,13.88,-1,13.88,0.41459999999999997,0.459,0.38800000000000007,0,0,0.0,0.5,0.5,0,A,Tourisme et Hôtellerie,BAC_1,Plateaux Est,privé,M,2024,ADMIS
1,1,0,1,0,0,10.0,9.21,9.38,1,9.38,0.44420000000000004,0.419,-0.06199999999999992,0,0,0.0,0.5,0.5,0,A,Anglais,BAC_1,Maritime,public,M,2024,REORIENTE
1,1,0,1,0,0,8.6,9.04,8.64,-1,8.64,0.634,0.289,-0.13599999999999995,0,0,0.0,0.5,0.5,0,A,Sociologie,BAC_1,Savanes,privé,M,2024,REORIENTE
1,1,0,1,0,0,11.14,11.26,11.15,-1,11.15,0.8448,0.627,0.11500000000000003,0,0,0.0,0.5,0.5,0,D,Finance et Comptabilité,BAC_1,Grand Lomé,privé,F,2023,REORIENTE
1,1,0,1,0,0,12.3,11.19,12.11,1,12.11,0.5349999999999999,0.451,0.21099999999999994,0,0,0.0,0.5,0.5,0,A,Psychologie,BAC_1,Grand Lomé,public,M,2024,REORIENTE
1,1,0,1,0,0,7.97,9.0,8.21,-1,8.21,0.7918000000000001,0.634,-0.1789999999999999,0,0,0.0,0.5,0.5,0,A,Sociologie,BAC_1,Plateaux Est,public,F,2023,ADMIS
1,1,0,1,0,0,13.03,13.46,13.53,1,13.53,0.46920000000000006,0.543,0.3529999999999999,0,0,0.0,0.5,0.5,0,D,Médecine,BAC_1,Maritime,privé,F,2024,REORIENTE
1,1,0,1,0,0,10.52,11.59,11.88,1,11.88,0.6744,0.501,0.18800000000000008,0,0,0.0,0.5,0.5,0,A,Arts Plastiques,BAC_1,Plateaux Est,public,F,2023,ADMIS
1,1,0,1,0,0,5.43,6.36,5.85,-1,5.85,0.6816,0.441,-0.41500000000000004,0,0,0.0,0.5,0.5,0,A,Communication et Journalisme,BAC_1,Centrale,public,M,2023,REORIENTE
1,1,0,1,0,0,8.09,6.59,7.5,1,7.5,0.8346,0.702,-0.25,0,0,0.0,0.5,0.5,0,C,Économie,BAC_1,Kara,privé,M,2024,REORIENTE
1,1,0,1,0,0,4.63,5.8,5.53,-1,5.53,0.648,0.522,-0.44699999999999995,0,0,0.0,0.5,0.5,0,A,Enseignement Primaire,BAC_1,Centrale,public,M,2023,REORIENTE
1,1,0,1,0,0,7.5,9.96,8.49,-1,8.49,0.5975999999999999,0.582,-0.15099999999999997,0,0,0.0,0.5,0.5,0,A,Communication et Journalisme,BAC_1,Plateaux Ouest,privé,F,2024,REORIENTE
1,1,0,1,0,0,8.55,8.33,9.32,1,9.32,0.6532,0.391,-0.06799999999999998,0,0,0.0,0.5,0.5,0,D,Génie Informatique,BAC_1,Grand Lomé,public,M,2023,ADMIS
1,1,0,1,0,0,9.49,9.76,10.0,1,10.0,0.83,0.59,0.0,0,0,0.0,0.5,0.5,0,A,Enseignement Primaire,BAC_1,Grand Lomé,privé,F,2023,REORIENTE
1,1,0,1,0,0,11.92,12.88,12.84,-1,12.84,0.43620000000000003,0.537,0.284,0,0,0.0,0.5,0.5,0,D,Histoire,BAC_1,Centrale,public,M,2024,REORIENTE
1,1,0,1,0,0,11.17,10.18,10.77,1,10.77,0.6844,0.607,0.07699999999999996,0,0,0.0,0.5,0.5,0,A,Psychologie,BAC_1,Maritime,public,F,2023,ADMIS
1,1,0,1,0,0,10.87,9.1,10.44,1,10.44,0.677,0.581,0.04399999999999995,0,0,0.0,0.5,0.5,0,A,Lettres Modernes,BAC_1,Plateaux Est,public,M,2023,ADMIS
1,1,0,1,0,0,11.03,10.21,11.7,1,11.7,0.532,0.394,0.16999999999999993,0,0,0.0,0.5,0.5,0,A,Géographie,BAC_1,Plateaux Ouest,public,F,2024,ADMIS
1,1,0,1,0,0,10.34,11.41,11.08,-1,11.08,0.48140000000000005,0.38,0.10800000000000001,0,0,0.0,0.5,0.5,0,A,Histoire,BAC_1,Plateaux Ouest,public,F,2024,REORIENTE
1,1,0,1,0,0,10.49,11.98,11.26,-1,11.26,0.592,0.421,0.12599999999999997,0,0,0.0,0.5,0.5,0,A,Psychologie,BAC_1,Plateaux Est,privé,F,2024,REORIENTE
1,1,0,1,0,0,9.96,10.13,9.68,-1,9.68,0.6826,0.451,-0.03200000000000003,0,0,0.0,0.5,0.5,0,G2,Gestion des Entreprises,BAC_1,Maritime,privé,M,2023,REORIENTE
1,1,0,1,0,0,11.51,11.18,11.47,1,11.47,0.6152,0.569,0.14700000000000008,0,0,0.0,0.5,0.5,0,D,Biologie,BAC_1,Centrale,privé,F,2023,REORIENTE
1,1,0,1,0,0,7.97,7.93,8.41,1,8.41,0.7114,0.337,-0.15899999999999997,0,0,0.0,0.5,0.5,0,D,Sociologie,BAC_1,Savanes,privé,M,2023,REORIENTE
1,1,0,1,0,0,4.73,5.24,5.95,1,5.95,0.7356,0.534,-0.40499999999999997,0,0,0.0,0.5,0.5,0,D,Tourisme et Hôtellerie,BAC_1,Maritime,public,M,2023,ADMIS
1,1,0,1,0,0,11.86,12.67,12.53,-1,12.53,0.6981999999999999,0.58,0.25299999999999995,0,0,0.0,0.5,0.5,0,A,Arts Plastiques,BAC_1,Plateaux Ouest,public,F,2023,ADMIS
1,1,0,1,0,0,11.91,12.55,12.86,1,12.86,0.36,0.483,0.2859999999999999,0,0,0.0,0.5,0.5,0,D,Enseignement Primaire,BAC_1,Plateaux Ouest,public,M,2024,ADMIS
1,1,0,1,0,0,8.87,7.17,9.58,1,9.58,0.6836,0.497,-0.041999999999999996,0,0,0.0,0.5,0.5,0,A,Sciences Politiques,BAC_1,Centrale,public,F,2023,ADMIS
1,1,0,1,0,0,9.63,9.52,10.0,1,10.0,0.6628000000000001,0.508,0.0,0,0,0.0,0.5,0.5,0,A,Enseignement Primaire,BAC_1,Grand Lomé,public,M,2023,ADMIS
1,1,0,1,0,0,11.23,12.74,12.54,-1,12.54,0.8236,0.577,0.2539999999999999,0,0,0.0,0.5,0.5,0,A,Lettres Modernes,BAC_1,Grand Lomé,public,M,2023,REORIENTE
1,1,0,1,0,0,9.92,9.69,10.67,1,10.67,0.3076,0.619,0.06699999999999999,0,0,0.0,0.5,0.5,0,D,Tourisme et Hôtellerie,BAC_1,Plateaux Est,public,M,2024,REORIENTE
1,1,0,1,0,0,9.68,9.0,9.9,1,9.9,0.6178,0.637,-0.009999999999999964,0,0,0.0,0.5,0.5,0,G1,Gestion des Entreprises,BAC_1,Maritime,privé,F,2024,ADMIS
1,1,0,1,0,0,7.87,8.68,9.08,1,9.08,0.7086,0.648,-0.092,0,0,0.0,0.5,0.5,0,A,Communication et Journalisme,BAC_1,Savanes,public,M,2023,REORIENTE
1,1,0,1,0,0,13.21,12.93,12.99,1,12.99,0.6714,0.525,0.29900000000000004,0,0,0.0,0.5,0.5,0,D,Finance et Comptabilité,BAC_1,Kara,public,M,2023,ADMIS
1,1,0,1,0,0,12.13,12.05,13.45,1,13.45,0.4308,0.513,0.3449999999999999,0,0,0.0,0.5,0.5,0,D,Gestion des Entreprises,BAC_1,Plateaux Est,public,F,2024,REORIENTE
1,1,0,1,0,0,10.12,9.06,9.59,1,9.59,0.6477999999999999,0.373,-0.041000000000000016,0,0,0.0,0.5,0.5,0,D,Sciences Forestières,BAC_1,Centrale,public,M,2023,ADMIS
1,1,0,1,0,0,10.32,10.36,11.28,1,11.28,0.2318,0.392,0.12799999999999995,0,0,0.0,0.5,0.5,0,A,Anglais,BAC_1,Plateaux Est,public,F,2024,REORIENTE
1,1,0,1,0,0,14.26,13.58,14.49,1,14.49,0.7372,0.358,0.449,0,0,0.0,0.5,0.5,0,A,Histoire,BAC_1,Grand Lomé,privé,M,2023,ADMIS
1,1,0,1,0,0,7.01,7.17,7.12,-1,7.12,0.4208,0.449,-0.288,0,0,0.0,0.5,0.5,0,A,Sociologie,BAC_1,Kara,public,M,2024,REORIENTE
1,1,0,1,0,0,7.8,9.78,9.25,-1,9.25,0.5816,0.371,-0.075,0,0,0.0,0.5,0.5,0,A,Sciences Politiques,BAC_1,Grand Lomé,privé,F,2024,REORIENTE
1,1,0,1,0,0,10.01,11.84,11.18,-1,11.18,0.5307999999999999,0.655,0.11799999999999997,0,0,0.0,0.5,0.5,0,A,Droit,BAC_1,Kara,privé,M,2024,ADMIS
1,1,0,1,0,0,10.92,11.12,12.0,1,12.0,0.41880000000000006,0.549,0.2,0,0,0.0,0.5,0.5,0,D,Finance et Comptabilité,BAC_1,Grand Lomé,public,F,2024,ADMIS
1,1,0,1,0,0,6.57,7.57,8.26,1,8.26,0.5252,0.335,-0.17400000000000002,0,0,0.0,0.5,0.5,0,D,Sociologie,BAC_1,Savanes,public,M,2023,REORIENTE
1,1,0,1,0,0,11.35,10.95,10.96,1,10.96,0.7574,0.569,0.09600000000000009,0,0,0.0,0.5,0.5,0,D,Biologie,BAC_1,Maritime,public,F,2023,REORIENTE
1,1,0,1,0,0,13.03,11.06,11.6,1,11.6,0.405,0.402,0.15999999999999998,0,0,0.0,0.5,0.5,0,A,Lettres Modernes,BAC_1,Centrale,public,M,2024,REORIENTE
1,1,0,1,0,0,8.32,8.65,9.31,1,9.31,0.631,0.739,-0.06899999999999995,0,0,0.0,0.5,0.5,0,D,Informatique,BAC_1,Grand Lomé,public,M,2024,REORIENTE
1,1,0,1,0,0,7.43,7.01,7.49,1,7.49,0.817,0.583,-0.251,0,0,0.0,0.5,0.5,0,A,Enseignement Primaire,BAC_1,Kara,public,M,2023,REORIENTE
1,1,0,1,0,0,10.13,10.42,9.6,-1,9.6,0.301,0.598,-0.040000000000000036,0,0,0.0,0.5,0.5,0,D,Agronomie,BAC_1,Plateaux Ouest,public,F,2024,REORIENTE
1,1,0,1,0,0,8.62,10.43,10.32,-1,10.32,0.7876,0.484,0.03200000000000003,0,0,0.0,0.5,0.5,0,D,Biologie,BAC_1,Kara,privé,F,2023,REORIENTE
1,1,0,1,0,0,9.81,9.74,9.79,1,9.79,0.8392,0.613,-0.021000000000000085,0,0,0.0,0.5,0.5,0,D,Psychologie,BAC_1,Grand Lomé,public,F,2023,ADMIS
1,1,0,1,0,0,8.73,10.72,10.78,1,10.78,0.7208,0.482,0.07799999999999993,0,0,0.0,0.5,0.5,0,D,Odontologie,BAC_1,Plateaux Est,public,F,2023,REORIENTE
1,1,0,1,0,0,11.6,13.36,13.02,-1,13.02,0.4438,0.61,0.30199999999999994,0,0,0.0,0.5,0.5,0,D,Informatique,BAC_1,Plateaux Est,privé,F,2024,REORIENTE
1,1,0,1,0,0,7.16,9.2,8.68,-1,8.68,0.7366,0.481,-0.13200000000000003,0,0,0.0,0.5,0.5,0,C,Biologie,BAC_1,Plateaux Ouest,privé,M,2024,ADMIS
1,1,0,1,0,0,10.91,10.04,9.83,-1,9.83,0.718,0.487,-0.016999999999999994,0,0,0.0,0.5,0.5,0,D,STAPS (Activités Physiques et Sportives),BAC_1,Plateaux Est,privé,F,2023,REORIENTE
1,1,0,1,0,0,11.38,11.17,11.75,1,11.75,0.5456000000000001,0.524,0.175,0,0,0.0,0.5,0.5,0,A,Lettres Modernes,BAC_1,Grand Lomé,public,F,2024,REORIENTE
1,1,0,1,0,0,9.54,9.83,9.44,-1,9.44,0.4396,0.295,-0.05600000000000005,0,0,0.0,0.5,0.5,0,A,Communication et Journalisme,BAC_1,Plateaux Ouest,public,F,2024,REORIENTE
1,1,0,1,0,0,5.7,6.26,6.0,-1,6.0,0.6849999999999999,0.679,-0.4,0,0,0.0,0.5,0.5,0,D,Génie Civil,BAC_1,Plateaux Ouest,public,F,2023,REORIENTE
1,1,0,1,0,0,9.53,9.41,9.53,1,9.53,0.3946,0.418,-0.04700000000000006,0,0,0.0,0.5,0.5,0,G3,Banque et Assurance,BAC_1,Grand Lomé,public,M,2024,ADMIS
1,1,0,1,0,0,8.87,9.47,9.58,1,9.58,0.6248,0.272,-0.041999999999999996,0,0,0.0,0.5,0.5,0,F4,Agronomie,BAC_1,Plateaux Ouest,privé,M,2023,REORIENTE
1,1,0,1,0,0,11.33,11.45,11.72,1,11.72,0.6826,0.655,0.17200000000000007,0,0,0.0,0.5,0.5,0,G3,Sciences Infirmières,BAC_1,Kara,privé,F,2023,REORIENTE
1,1,0,1,0,0,7.67,9.15,8.46,-1,8.46,0.4386,0.741,-0.15399999999999991,0,0,0.0,0.5,0.5,0,A,Sciences Politiques,BAC_1,Plateaux Est,public,F,2024,REORIENTE
1,1,0,1,0,0,11.17,11.2,11.84,1,11.84,0.5382,0.429,0.184,0,0,0.0,0.5,0.5,0,A,Géographie,BAC_1,Maritime,public,F,2024,REORIENTE
1,1,0,1,0,0,11.77,11.07,12.85,1,12.85,0.7482,0.438,0.285,0,0,0.0,0.5,0.5,0,D,Gestion des Entreprises,BAC_1,Savanes,public,M,2023,ADMIS
1,1,0,1,0,0,10.6,10.34,10.1,-1,10.1,0.6432,0.42,0.009999999999999964,0,0,0.0,0.5,0.5,0,A,Géographie,BAC_1,Maritime,public,M,2023,ADMIS
1,1,0,1,0,0,9.71,12.38,12.08,-1,12.08,0.7674000000000001,0.54,0.20800000000000002,0,0,0.0,0.5,0.5,0,D,Sciences Infirmières,BAC_1,Maritime,privé,F,2023,REORIENTE
1,1,0,1,0,0,14.38,13.77,13.81,1,13.81,0.407,0.344,0.38100000000000006,0,0,0.0,0.5,0.5,0,A,Psychologie,BAC_1,Savanes,public,F,2024,ADMIS
1,1,0,1,0,0,11.28,9.77,10.37,1,10.37,0.4696,0.685,0.03699999999999992,0,0,0.0,0.5,0.5,0,D,Génie Mécanique,BAC_1,Maritime,public,M,2024,REORIENTE
1,1,0,1,0,0,11.16,12.76,12.37,-1,12.37,0.4184,0.419,0.23699999999999993,0,0,0.0,0.5,0.5,0,D,Génie Informatique,BAC_1,Maritime,public,M,2024,REORIENTE
1,1,0,1,0,0,9.06,7.5,8.54,1,8.54,0.8484,0.648,-0.14600000000000007,0,0,0.0,0.5,0.5,0,D,Physique-Chimie,BAC_1,Grand Lomé,public,M,2023,ADMIS
1,1,0,1,0,0,9.13,9.48,9.94,1,9.94,0.593,0.614,-0.0060000000000000496,0,0,0.0,0.5,0.5,0,D,Informatique,BAC_1,Grand Lomé,privé,F,2024,REORIENTE
1,1,0,1,0,0,8.76,9.78,9.35,-1,9.35,0.48340000000000005,0.517,-0.06500000000000003,0,0,0.0,0.5,0.5,0,A,Droit,BAC_1,Centrale,public,F,2024,REORIENTE
1,1,0,1,0,0,10.36,9.34,10.36,1,10.36,0.7043999999999999,0.492,0.03599999999999994,0,0,0.0,0.5,0.5,0,F4,Agronomie,BAC_1,Grand Lomé,public,M,2023,ADMIS
1,1,0,1,0,0,12.36,12.46,12.26,-1,12.26,0.3438,0.378,0.22599999999999998,0,0,0.0,0.5,0.5,0,A,Arts Plastiques,BAC_1,Kara,public,F,2024,ADMIS
1,1,0,1,0,0,8.15,8.44,8.63,1,8.63,0.6714,0.333,-0.13699999999999993,0,0,0.0,0.5,0.5,0,A,Lettres Modernes,BAC_1,Maritime,public,M,2023,ADMIS
1,1,0,1,0,0,12.9,14.28,13.67,-1,13.67,0.577,0.562,0.367,0,0,0.0,0.5,0.5,0,D,Génie Mécanique,BAC_1,Plateaux Ouest,public,F,2023,ADMIS
1,1,0,1,0,0,6.15,8.11,8.44,1,8.44,0.3668,0.443,-0.15600000000000006,0,0,0.0,0.5,0.5,0,A,Droit,BAC_1,Centrale,public,M,2024,REORIENTE
1,1,0,1,0,0,6.12,7.09,6.69,-1,6.69,0.5047999999999999,0.494,-0.33099999999999996,0,0,0.0,0.5,0.5,0,D,Enseignement Primaire,BAC_1,Savanes,public,F,2024,REORIENTE
1,1,0,1,0,0,11.84,11.83,12.73,1,12.73,0.5462,0.491,0.273,0,0,0.0,0.5,0.5,0,A,Psychologie,BAC_1,Plateaux Est,public,M,2024,REORIENTE
1,1,0,1,0,0,9.43,8.48,10.22,1,10.22,0.509,0.722,0.022000000000000065,0,0,0.0,0.5,0.5,0,A,Droit,BAC_1,Plateaux Est,public,F,2024,REORIENTE
1,1,0,1,0,0,6.21,7.49,8.38,1,8.38,0.6836,0.617,-0.16199999999999992,0,0,0.0,0.5,0.5,0,D,Sociologie,BAC_1,Grand Lomé,privé,M,2023,ADMIS
1,1,0,1,0,0,7.84,8.57,8.63,1,8.63,0.3932,0.551,-0.13699999999999993,0,0,0.0,0.5,0.5,0,A,Anglais,BAC_1,Plateaux Est,public,M,2024,REORIENTE
1,1,0,1,0,0,7.47,7.27,7.87,1,7.87,0.4566,0.627,-0.213,0,0,0.0,0.5,0.5,0,D,Génie Électrique,BAC_1,Maritime,public,M,2024,REORIENTE
1,1,0,1,0,0,9.95,10.24,9.75,-1,9.75,0.5502,0.507,-0.025,0,0,0.0,0.5,0.5,0,D,Enseignement Primaire,BAC_1,Plateaux Est,public,M,2023,REORIENTE
1,1,0,1,0,0,9.62,9.9,10.74,1,10.74,0.499,0.547,0.07400000000000002,0,0,0.0,0.5,0.5,0,A,STAPS (Activités Physiques et Sportives),BAC_1,Plateaux Est,public,M,2024,REORIENTE
1,1,0,1,0,0,11.45,10.61,11.76,1,11.76,0.7806,0.57,0.176,0,0,0.0,0.5,0.5,0,A,Anglais,BAC_1,Plateaux Ouest,public,F,2023,REORIENTE
1,1,0,1,0,0,9.66,8.55,9.54,1,9.54,0.47859999999999997,0.466,-0.04600000000000008,0,0,0.0,0.5,0.5,0,A,Lettres Modernes,BAC_1,Plateaux Est,public,M,2024,REORIENTE
1,1,0,1,0,0,11.33,10.78,11.56,1,11.56,0.47319999999999995,0.478,0.15600000000000006,0,0,0.0,0.5,0.5,0,A,Lettres Modernes,BAC_1,Plateaux Ouest,public,F,2024,ADMIS
1,1,0,1,0,0,9.28,11.26,12.23,1,12.23,0.8140000000000001,0.649,0.22300000000000003,0,0,0.0,0.5,0.5,0,A,Géographie,BAC_1,Savanes,public,M,2023,ADMIS
1,1,0,1,0,0,6.27,6.46,7.17,1,7.17,0.768,0.585,-0.28300000000000003,0,0,0.0,0.5,0.5,0,A,Anglais,BAC_1,Savanes,public,M,2023,REORIENTE
1,1,0,1,0,0,9.41,10.76,9.96,-1,9.96,0.7268000000000001,0.653,-0.003999999999999915,0,0,0.0,0.5,0.5,0,D,Gestion des Entreprises,BAC_1,Grand Lomé,public,F,2023,REORIENTE
1,1,0,1,0,0,8.92,8.94,10.06,1,10.06,0.42500000000000004,0.602,0.0060000000000000496,0,0,0.0,0.5,0.5,0,D,Psychologie,BAC_1,Plateaux Ouest,public,M,2024,REORIENTE
1,1,0,1,0,0,9.19,9.87,9.61,-1,9.61,0.5047999999999999,0.494,-0.039000000000000055,0,0,0.0,0.5,0.5,0,D,Génie Civil,BAC_1,Grand Lomé,privé,F,2024,ADMIS
1,1,0,1,0,0,3.7,5.27,6.03,1,6.03,0.5994,0.471,-0.39699999999999996,0,0,0.0,0.5,0.5,0,G2,Sciences Infirmières,BAC_1,Plateaux Ouest,public,M,2024,REORIENTE
1,1,0,1,0,0,9.67,9.38,9.91,1,9.91,0.7776,0.459,-0.008999999999999985,0,0,0.0,0.5,0.5,0,D,Génie Électrique,BAC_1,Grand Lomé,public,M,2023,ADMIS
1,1,0,1,0,0,8.37,8.38,9.39,1,9.39,0.71,0.515,-0.06099999999999994,0,0,0.0,0.5,0.5,0,D,Sciences de l'Éducation,BAC_1,Kara,privé,M,2023,ADMIS
1,1,0,1,0,0,10.69,10.29,10.7,1,10.7,0.6272,0.569,0.06999999999999992,0,0,0.0,0.5,0.5,0,D,Odontologie,BAC_1,Centrale,public,F,2023,REORIENTE
1,1,0,1,0,0,10.06,11.86,11.09,-1,11.09,0.7767999999999999,0.457,0.10899999999999999,0,0,0.0,0.5,0.5,0,A,Lettres Modernes,BAC_1,Grand Lomé,privé,F,2023,REORIENTE
1,1,0,1,0,0,14.28,13.95,14.73,1,14.73,0.5406,0.759,0.47300000000000003,0,0,0.0,0.5,0.5,0,D,Médecine,BAC_1,Centrale,privé,F,2024,REORIENTE
1,1,0,1,0,0,11.09,11.78,12.35,1,12.35,0.7308000000000001,0.648,0.23499999999999996,0,0,0.0,0.5,0.5,0,A,Histoire,BAC_1,Kara,privé,F,2023,REORIENTE
1,1,0,1,0,0,8.76,9.89,10.89,1,10.89,0.5189999999999999,0.408,0.08900000000000005,0,0,0.0,0.5,0.5,0,D,Finance et Comptabilité,BAC_1,Plateaux Ouest,privé,F,2023,REORIENTE
1,1,0,1,0,0,10.86,12.3,11.89,-1,11.89,0.625,0.61,0.18900000000000006,0,0,0.0,0.5,0.5,0,A,Tourisme et Hôtellerie,BAC_1,Grand Lomé,public,M,2024,REORIENTE
1,1,0,1,0,0,9.85,12.36,11.57,-1,11.57,0.8188,0.592,0.15700000000000003,0,0,0.0,0.5,0.5,0,A,Anglais,BAC_1,Centrale,public,M,2023,ADMIS
1,1,0,1,0,0,12.99,13.12,13.37,1,13.37,0.7958,0.701,0.3369999999999999,0,0,0.0,0.5,0.5,0,A,STAPS (Activités Physiques et Sportives),BAC_1,Maritime,public,M,2023,ADMIS
1,1,0,1,0,0,12.19,12.24,12.6,1,12.6,0.5588,0.431,0.25999999999999995,0,0,0.0,0.5,0.5,0,G2,Gestion des Entreprises,BAC_1,Plateaux Est,public,M,2023,REORIENTE
1,1,0,1,0,0,9.88,11.76,12.17,1,12.17,0.667,0.625,0.217,0,0,0.0,0.5,0.5,0,G2,Sciences Infirmières,BAC_1,Plateaux Est,public,F,2023,REORIENTE
1,1,0,1,0,0,8.43,7.5,7.89,1,7.89,0.3044,0.287,-0.21100000000000002,0,0,0.0,0.5,0.5,0,A,Psychologie,BAC_1,Centrale,public,M,2024,REORIENTE
1,1,0,1,0,0,12.59,13.88,13.76,-1,13.76,0.6095999999999999,0.411,0.376,0,0,0.0,0.5,0.5,0,A,Sciences Politiques,BAC_1,Plateaux Ouest,public,F,2023,ADMIS
1,1,0,1,0,0,12.21,12.8,13.01,1,13.01,0.4668,0.423,0.301,0,0,0.0,0.5,0.5,0,D,Gestion des Entreprises,BAC_1,Grand Lomé,privé,M,2024,ADMIS
1,1,0,1,0,0,10.58,11.45,10.78,-1,10.78,0.5972,0.47,0.07799999999999993,0,0,0.0,0.5,0.5,0,A,Géographie,BAC_1,Plateaux Est,privé,M,2023,ADMIS
1,1,0,1,0,0,11.53,14.38,14.28,-1,14.28,0.5454,0.768,0.42799999999999994,0,0,0.0,0.5,0.5,0,D,Médecine,BAC_1,Maritime,public,M,2024,REORIENTE
1,1,0,1,0,0,9.01,9.12,9.98,1,9.98,0.469,0.697,-0.0019999999999999575,0,0,0.0,0.5,0.5,0,A,Droit,BAC_1,Maritime,public,F,2024,REORIENTE
1,1,0,1,0,0,9.81,8.92,8.96,1,8.96,0.8008,0.517,-0.10399999999999991,0,0,0.0,0.5,0.5,0,A,Droit,BAC_1,Centrale,privé,F,2023,REORIENTE
1,1,0,1,0,0,10.11,9.99,10.05,1,10.05,0.6984,0.39,0.005000000000000071,0,0,0.0,0.5,0.5,0,A,Tourisme et Hôtellerie,BAC_1,Plateaux Est,public,F,2023,ADMIS
1,1,0,1,0,0,7.42,7.95,8.52,1,8.52,0.5696,0.419,-0.14800000000000005,0,0,0.0,0.5,0.5,0,D,Psychologie,BAC_1,Centrale,privé,F,2023,ADMIS
1,1,0,1,0,0,7.91,9.37,8.91,-1,8.91,0.5594,0.563,-0.10899999999999999,0,0,0.0,0.5,0.5,0,A,Communication et Journalisme,BAC_1,Maritime,privé,F,2024,REORIENTE
1,1,0,1,0,0,5.85,6.09,5.92,-1,5.92,0.668,0.68,-0.40800000000000003,0,0,0.0,0.5,0.5,0,F4,Génie Mécanique,BAC_1,Maritime,public,M,2023,ADMIS
1,1,0,1,0,0,9.56,8.32,9.55,1,9.55,0.7692,0.672,-0.04499999999999993,0,0,0.0,0.5,0.5,0,A,Droit,BAC_1,Maritime,public,F,2023,ADMIS
1,1,0,1,0,0,9.58,8.65,10.07,1,10.07,0.5232,0.543,0.007000000000000029,0,0,0.0,0.5,0.5,0,A,Histoire,BAC_1,Plateaux Ouest,public,M,2024,REORIENTE
1,1,0,1,0,0,11.64,12.58,12.56,-1,12.56,0.7882,0.592,0.25600000000000006,0,0,0.0,0.5,0.5,0,A,Sciences Politiques,BAC_1,Grand Lomé,public,M,2023,ADMIS
1,1,0,1,0,0,9.25,8.27,8.64,1,8.64,0.6414,0.465,-0.13599999999999995,0,0,0.0,0.5,0.5,0,D,Génie Informatique,BAC_1,Savanes,public,M,2023,REORIENTE
1,1,0,1,0,0,13.35,13.62,13.57,-1,13.57,0.6524,0.479,0.35700000000000004,0,0,0.0,0.5,0.5,0,A,Enseignement Primaire,BAC_1,Savanes,public,M,2023,ADMIS
1,1,0,1,0,0,10.1,9.8,10.18,1,10.18,0.6642,0.462,0.01799999999999997,0,0,0.0,0.5,0.5,0,A,Anglais,BAC_1,Grand Lomé,public,F,2023,ADMIS
1,1,0,1,0,0,9.98,9.81,11.35,1,11.35,0.44020000000000004,0.631,0.13499999999999995,0,0,0.0,0.5,0.5,0,A,Droit,BAC_1,Savanes,public,F,2024,REORIENTE
1,1,0,1,0,0,10.17,8.48,9.26,1,9.26,0.41940000000000005,0.663,-0.07400000000000002,0,0,0.0,0.5,0.5,0,D,Sociologie,BAC_1,Plateaux Est,public,F,2024,REORIENTE
1,1,0,1,0,0,4.73,5.06,5.68,1,5.68,0.5763999999999999,0.583,-0.43200000000000005,0,0,0.0,0.5,0.5,0,D,Sciences de l'Éducation,BAC_1,Maritime,public,M,2024,ADMIS
1,1,0,1,0,0,8.38,9.92,10.82,1,10.82,0.6988,0.292,0.08200000000000003,0,0,0.0,0.5,0.5,0,A,Sociologie,BAC_1,Plateaux Ouest,privé,F,2023,REORIENTE
1,1,0,1,0,0,9.1,8.15,8.9,1,8.9,0.7667999999999999,0.525,-0.10999999999999996,0,0,0.0,0.5,0.5,0,A,Psychologie,BAC_1,Grand Lomé,public,M,2023,ADMIS
1,1,0,1,0,0,9.68,8.95,9.46,1,9.46,0.4748,0.581,-0.053999999999999916,0,0,0.0,0.5,0.5,0,D,Informatique,BAC_1,Maritime,public,M,2024,REORIENTE
1,1,0,1,0,0,12.57,12.83,13.69,1,13.69,0.6268,0.682,0.36899999999999994,0,0,0.0,0.5,0.5,0,A,Sciences de l'Éducation,BAC_1,Maritime,public,M,2024,ADMIS
1,1,0,1,0,0,9.87,9.25,9.61,1,9.61,0.5764,0.463,-0.039000000000000055,0,0,0.0,0.5,0.5,0,D,Histoire,BAC_1,Plateaux Est,public,M,2023,REORIENTE
1,1,0,1,0,0,8.63,7.85,8.61,1,8.61,0.4296,0.456,-0.13900000000000007,0,0,0.0,0.5,0.5,0,D,Sociologie,BAC_1,Maritime,public,F,2024,ADMIS
1,1,0,1,0,0,14.48,13.3,14.69,1,14.69,0.6956,0.254,0.469,0,0,0.0,0.5,0.5,0,A,Géographie,BAC_1,Plateaux Ouest,privé,F,2023,ADMIS
1,1,0,1,0,0,8.78,8.95,9.3,1,9.3,0.524,0.41,-0.06999999999999992,0,0,0.0,0.5,0.5,0,D,Agronomie,BAC_1,Grand Lomé,public,F,2024,REORIENTE
1,1,0,1,0,0,6.26,5.63,6.35,1,6.35,0.6392,0.557,-0.36500000000000005,0,0,0.0,0.5,0.5,0,A,Droit,BAC_1,Plateaux Ouest,public,F,2023,REORIENTE
1,1,0,1,0,0,11.0,11.21,11.65,1,11.65,0.5858,0.485,0.16500000000000004,0,0,0.0,0.5,0.5,0,A,Lettres Modernes,BAC_1,Grand Lomé,public,M,2024,REORIENTE
1,1,0,1,0,0,8.95,8.04,9.44,1,9.44,0.774,0.648,-0.05600000000000005,0,0,0.0,0.5,0.5,0,A,Droit,BAC_1,Plateaux Est,public,M,2023,REORIENTE
1,1,0,1,0,0,8.51,8.17,8.61,1,8.61,0.8794000000000001,0.856,-0.13900000000000007,0,0,0.0,0.5,0.5,0,A,Anglais,BAC_1,Maritime,public,M,2023,REORIENTE
1,1,0,1,0,0,9.59,9.72,9.97,1,9.97,0.5926,0.445,-0.002999999999999936,0,0,0.0,0.5,0.5,0,G2,Finance et Comptabilité,BAC_1,Plateaux Est,privé,M,2024,ADMIS
1,1,0,1,0,0,10.01,9.33,10.57,1,10.57,0.6218,0.554,0.05700000000000003,0,0,0.0,0.5,0.5,0,D,Géographie,BAC_1,Centrale,public,M,2023,REORIENTE
1,1,0,1,0,0,6.08,7.06,7.43,1,7.43,0.6824,0.5,-0.257,0,0,0.0,0.5,0.5,0,F3,Génie Électrique,BAC_1,Plateaux Est,public,F,2023,REORIENTE
1,1,0,1,0,0,8.09,9.64,9.13,-1,9.13,0.48560000000000003,0.404,-0.08699999999999992,0,0,0.0,0.5,0.5,0,D,Histoire,BAC_1,Grand Lomé,public,M,2024,REORIENTE
1,1,0,1,0,0,9.59,12.1,11.31,-1,11.31,0.7346,0.521,0.13100000000000006,0,0,0.0,0.5,0.5,0,A,Droit,BAC_1,Plateaux Ouest,public,M,2023,ADMIS
1,1,0,1,0,0,12.9,11.8,13.0,1,13.0,0.7272,0.573,0.3,0,0,0.0,0.5,0.5,0,A,Géographie,BAC_1,Kara,public,F,2023,ADMIS
1,1,0,1,0,0,10.03,9.72,10.53,1,10.53,0.6052,0.526,0.052999999999999936,0,0,0.0,0.5,0.5,0,D,Psychologie,BAC_1,Kara,public,M,2023,REORIENTE
1,1,0,1,0,0,9.54,10.45,10.88,1,10.88,0.6282,0.426,0.08800000000000008,0,0,0.0,0.5,0.5,0,A,Sociologie,BAC_1,Plateaux Ouest,public,M,2023,ADMIS
1,1,0,1,0,0,10.51,10.53,10.79,1,10.79,0.6746,0.446,0.07899999999999992,0,0,0.0,0.5,0.5,0,A,Lettres Modernes,BAC_1,Grand Lomé,public,M,2023,ADMIS
1,1,0,1,0,0,12.62,13.62,13.6,-1,13.6,0.6654,0.435,0.36,0,0,0.0,0.5,0.5,0,G3,Gestion des Entreprises,BAC_1,Grand Lomé,privé,M,2023,REORIENTE
1,1,0,1,0,0,10.58,9.41,10.17,1,10.17,0.47719999999999996,0.62,0.016999999999999994,0,0,0.0,0.5,0.5,0,D,Finance et Comptabilité,BAC_1,Grand Lomé,privé,F,2024,REORIENTE
1,1,0,1,0,0,12.16,13.22,11.76,-1,11.76,0.3402,0.579,0.176,0,0,0.0,0.5,0.5,0,A,Sciences de l'Éducation,BAC_1,Plateaux Est,public,M,2024,ADMIS
1,1,0,1,0,0,16.06,16.2,16.34,1,16.34,0.4698,0.576,0.634,0,0,0.0,0.5,0.5,0,D,Psychologie,BAC_1,Maritime,public,F,2024,REORIENTE
1,1,0,1,0,0,10.12,12.23,11.11,-1,11.11,0.6184,0.25,0.11099999999999995,0,0,0.0,0.5,0.5,0,D,Sciences de l'Éducation,BAC_1,Kara,privé,M,2023,ADMIS
1,1,0,1,0,0,10.28,13.22,12.38,-1,12.38,0.8206,0.574,0.23800000000000007,0,0,0.0,0.5,0.5,0,C,Finance et Comptabilité,BAC_1,Grand Lomé,privé,M,2023,ADMIS
1,1,0,1,0,0,9.75,10.29,10.47,1,10.47,0.5591999999999999,0.6,0.04700000000000006,0,0,0.0,0.5,0.5,0,A,Sociologie,BAC_1,Maritime,public,F,2024,REORIENTE
1,1,0,1,0,0,9.4,9.34,10.29,1,10.29,0.41,0.482,0.028999999999999915,0,0,0.0,0.5,0.5,0,A,Droit,BAC_1,Plateaux Est,privé,M,2024,REORIENTE
1,1,0,1,0,0,10.2,8.82,9.38,1,9.38,0.47340000000000004,0.528,-0.06199999999999992,0,0,0.0,0.5,0.5,0,A,Enseignement Primaire,BAC_1,Maritime,public,F,2024,ADMIS
1,1,0,1,0,0,5.53,6.46,6.88,1,6.88,0.5005999999999999,0.689,-0.312,0,0,0.0,0.5,0.5,0,A,Géographie,BAC_1,Centrale,public,M,2024,REORIENTE
1,1,0,1,0,0,11.34,10.33,10.83,1,10.83,0.7578,0.423,0.083,0,0,0.0,0.5,0.5,0,A,Anglais,BAC_1,Centrale,public,M,2023,REORIENTE
1,1,0,1,0,0,12.66,12.0,12.01,1,12.01,0.46240000000000003,0.643,0.20099999999999998,0,0,0.0,0.5,0.5,0,A,Anglais,BAC_1,Plateaux Est,public,M,2024,REORIENTE
1,1,0,1,0,0,7.42,7.95,8.59,1,8.59,0.358,0.388,-0.14100000000000001,0,0,0.0,0.5,0.5,0,A,Lettres Modernes,BAC_1,Plateaux Ouest,public,M,2024,REORIENTE
1,1,0,1,0,0,7.47,8.04,7.98,-1,7.98,0.6652,0.394,-0.20199999999999996,0,0,0.0,0.5,0.5,0,D,Enseignement Primaire,BAC_1,Plateaux Est,privé,F,2023,ADMIS
1,1,0,1,0,0,12.09,12.02,12.77,1,12.77,0.5695999999999999,0.383,0.27699999999999997,0,0,0.0,0.5,0.5,0,A,Histoire,BAC_1,Grand Lomé,public,F,2024,REORIENTE
1,1,0,1,0,0,9.84,8.34,8.6,1,8.6,0.4698,0.585,-0.14000000000000004,0,0,0.0,0.5,0.5,0,D,Finance et Comptabilité,BAC_1,Maritime,public,M,2024,ADMIS
1,1,0,1,0,0,11.63,11.8,11.72,-1,11.72,0.6546000000000001,0.471,0.17200000000000007,0,0,0.0,0.5,0.5,0,D,Informatique,BAC_1,Plateaux Est,privé,M,2023,ADMIS
1,1,0,1,0,0,8.08,8.95,9.8,1,9.8,0.436,0.595,-0.019999999999999928,0,0,0.0,0.5,0.5,0,A,Psychologie,BAC_1,Plateaux Est,public,M,2024,ADMIS
1,1,0,1,0,0,10.09,9.23,10.59,1,10.59,0.5364,0.525,0.05899999999999998,0,0,0.0,0.5,0.5,0,D,Biologie,BAC_1,Grand Lomé,public,F,2024,REORIENTE
1,1,0,1,0,0,12.19,10.93,11.86,1,11.86,0.7827999999999999,0.472,0.18599999999999994,0,0,0.0,0.5,0.5,0,A,Communication et Journalisme,BAC_1,Grand Lomé,privé,M,2023,ADMIS
1,1,0,1,0,0,8.74,7.88,9.01,1,9.01,0.5302,0.943,-0.09900000000000002,0,0,0.0,0.5,0.5,0,D,Enseignement Primaire,BAC_1,Plateaux Est,public,F,2024,REORIENTE
1,1,0,1,0,0,3.99,6.31,6.83,1,6.83,0.7262,0.545,-0.317,0,0,0.0,0.5,0.5,0,C,Sciences de l'Éducation,BAC_1,Plateaux Est,public,M,2023,REORIENTE
1,1,0,1,0,0,12.15,13.76,13.22,-1,13.22,0.6838,0.631,0.32200000000000006,0,0,0.0,0.5,0.5,0,D,Génie Mécanique,BAC_1,Centrale,privé,F,2024,REORIENTE
1,1,0,1,0,0,10.47,11.34,11.39,1,11.39,0.8493999999999999,0.673,0.13900000000000007,0,0,0.0,0.5,0.5,0,A,Droit,BAC_1,Grand Lomé,public,M,2023,REORIENTE
1,1,0,1,0,0,7.51,7.8,7.63,-1,7.63,0.4338,0.699,-0.23700000000000002,0,0,0.0,0.5,0.5,0,D,Informatique,BAC_1,Plateaux Ouest,public,M,2024,REORIENTE
1,1,0,1,0,0,10.26,11.94,11.39,-1,11.39,0.7168,0.307,0.13900000000000007,0,0,0.0,0.5,0.5,0,A,Lettres Modernes,BAC_1,Maritime,privé,M,2023,REORIENTE
1,1,0,1,0,0,9.19,10.94,11.27,1,11.27,0.5278,0.559,0.12699999999999995,0,0,0.0,0.5,0.5,0,D,Psychologie,BAC_1,Centrale,public,M,2023,REORIENTE
1,1,0,1,0,0,10.23,11.84,11.43,-1,11.43,0.5422,0.415,0.14299999999999996,0,0,0.0,0.5,0.5,0,D,Histoire,BAC_1,Grand Lomé,privé,M,2024,ADMIS
1,1,0,1,0,0,10.98,10.88,12.12,1,12.12,0.472,0.265,0.2119999999999999,0,0,0.0,0.5,0.5,0,A,Lettres Modernes,BAC_1,Plateaux Ouest,privé,F,2024,REORIENTE
1,1,0,1,0,0,12.09,12.51,13.33,1,13.33,0.5529999999999999,0.622,0.333,0,0,0.0,0.5,0.5,0,D,Gestion des Entreprises,BAC_1,Maritime,public,M,2024,REORIENTE
1,1,0,1,0,0,10.67,10.99,11.09,1,11.09,0.686,0.347,0.10899999999999999,0,0,0.0,0.5,0.5,0,A,Droit,BAC_1,Grand Lomé,public,M,2023,REORIENTE
1,1,0,1,0,0,12.05,11.04,12.3,1,12.3,0.5158,0.517,0.23000000000000007,0,0,0.0,0.5,0.5,0,D,Génie Mécanique,BAC_1,Grand Lomé,public,M,2024,ADMIS
1,1,0,1,0,0,8.42,11.05,10.29,-1,10.29,0.3298,0.481,0.028999999999999915,0,0,0.0,0.5,0.5,0,D,Histoire,BAC_1,Kara,public,F,2024,REORIENTE
1,1,0,1,0,0,8.72,8.62,10.07,1,10.07,0.502,0.502,0.007000000000000029,0,0,0.0,0.5,0.5,0,A,Tourisme et Hôtellerie,BAC_1,Plateaux Ouest,public,F,2024,REORIENTE
1,1,0,1,0,0,10.93,11.94,11.81,-1,11.81,0.6668,0.62,0.18100000000000005,0,0,0.0,0.5,0.5,0,A,Lettres Modernes,BAC_1,Savanes,privé,F,2024,REORIENTE
1,1,0,1,0,0,11.37,12.61,13.16,1,13.16,0.4808,0.587,0.316,0,0,0.0,0.5,0.5,0,A,Anglais,BAC_1,Kara,public,F,2024,REORIENTE
1,1,0,1,0,0,11.25,12.95,11.94,-1,11.94,0.7704,0.441,0.19399999999999995,0,0,0.0,0.5,0.5,0,A,Anglais,BAC_1,Grand Lomé,public,F,2023,REORIENTE
1,1,0,1,0,0,10.41,9.17,10.01,1,10.01,0.4366,0.427,0.0009999999999999788,0,0,0.0,0.5,0.5,0,A,Lettres Modernes,BAC_1,Plateaux Est,public,M,2024,ADMIS
1,1,0,1,0,0,11.71,10.5,10.82,1,10.82,0.431,0.413,0.08200000000000003,0,0,0.0,0.5,0.5,0,A,Communication et Journalisme,BAC_1,Maritime,public,M,2024,REORIENTE
1,1,0,1,0,0,10.01,11.51,11.29,-1,11.29,0.512,0.35,0.12899999999999992,0,0,0.0,0.5,0.5,0,A,Enseignement Primaire,BAC_1,Kara,public,M,2023,ADMIS
1,1,0,1,0,0,11.24,13.54,13.1,-1,13.1,0.7184,0.44,0.30999999999999994,0,0,0.0,0.5,0.5,0,A,Anglais,BAC_1,Centrale,public,M,2023,ADMIS
1,1,0,1,0,0,10.37,9.92,9.96,1,9.96,0.4012,0.412,-0.003999999999999915,0,0,0.0,0.5,0.5,0,A,Sciences de l'Éducation,BAC_1,Maritime,public,M,2024,ADMIS
1,1,0,1,0,0,8.74,7.39,7.76,1,7.76,0.48719999999999997,0.564,-0.22400000000000003,0,0,0.0,0.5,0.5,0,A,Psychologie,BAC_1,Savanes,public,F,2024,REORIENTE
1,1,0,1,0,0,10.3,9.18,10.14,1,10.14,0.5226,0.501,0.014000000000000058,0,0,0.0,0.5,0.5,0,D,STAPS (Activités Physiques et Sportives),BAC_1,Maritime,privé,F,2024,REORIENTE
1,1,0,1,0,0,7.35,7.93,8.35,1,8.35,0.4556,0.596,-0.16500000000000004,0,0,0.0,0.5,0.5,0,G3,Tourisme et Hôtellerie,BAC_1,Plateaux Est,public,F,2023,REORIENTE
1,1,0,1,0,0,8.97,9.2,9.8,1,9.8,0.4726,0.478,-0.019999999999999928,0,0,0.0,0.5,0.5,0,D,Finance et Comptabilité,BAC_1,Plateaux Ouest,public,F,2023,ADMIS
1,1,0,1,0,0,14.08,12.73,13.87,1,13.87,0.4798,0.586,0.3869999999999999,0,0,0.0,0.5,0.5,0,G3,Tourisme et Hôtellerie,BAC_1,Plateaux Est,public,F,2024,ADMIS
1,1,0,1,0,0,12.44,11.59,12.52,1,12.52,0.7776000000000001,0.561,0.25199999999999995,0,0,0.0,0.5,0.5,0,A,Tourisme et Hôtellerie,BAC_1,Grand Lomé,public,F,2023,ADMIS
1,1,0,1,0,0,10.3,10.42,11.2,1,11.2,0.77,0.44,0.11999999999999993,0,0,0.0,0.5,0.5,0,A,Géographie,BAC_1,Plateaux Est,privé,M,2023,REORIENTE
1,1,0,1,0,0,4.85,6.89,6.96,1,6.96,0.2736,0.534,-0.304,0,0,0.0,0.5,0.5,0,D,Enseignement Primaire,BAC_1,Plateaux Est,public,F,2024,REORIENTE
1,1,0,1,0,0,9.23,10.35,10.55,1,10.55,0.2938,0.436,0.05500000000000007,0,0,0.0,0.5,0.5,0,D,Informatique,BAC_1,Maritime,public,F,2024,REORIENTE
1,1,0,1,0,0,11.79,13.67,13.03,-1,13.03,0.5612,0.497,0.30299999999999994,0,0,0.0,0.5,0.5,0,A,Arts Plastiques,BAC_1,Grand Lomé,public,M,2024,REORIENTE
1,1,0,1,0,0,9.19,11.16,10.96,-1,10.96,0.506,0.299,0.09600000000000009,0,0,0.0,0.5,0.5,0,A,Histoire,BAC_1,Grand Lomé,public,M,2024,REORIENTE
1,1,0,1,0,0,9.68,9.9,9.66,-1,9.66,0.31120000000000003,0.433,-0.03399999999999999,0,0,0.0,0.5,0.5,0,A,Sciences Politiques,BAC_1,Centrale,public,M,2024,ADMIS
1,1,0,1,0,0,8.58,8.58,9.82,1,9.82,0.5007999999999999,0.514,-0.01799999999999997,0,0,0.0,0.5,0.5,0,A,Histoire,BAC_1,Grand Lomé,public,F,2024,REORIENTE
1,1,0,1,0,0,9.17,9.47,9.69,1,9.69,0.6544,0.544,-0.03100000000000005,0,0,0.0,0.5,0.5,0,A,Droit,BAC_1,Grand Lomé,privé,M,2024,ADMIS
1,1,0,1,0,0,10.18,10.17,11.38,1,11.38,0.8296,0.589,0.13800000000000007,0,0,0.0,0.5,0.5,0,D,Médecine,BAC_1,Grand Lomé,public,M,2023,REORIENTE
1,1,0,1,0,0,7.33,6.93,7.43,1,7.43,0.8193999999999999,0.631,-0.257,0,0,0.0,0.5,0.5,0,A,Histoire,BAC_1,Plateaux Est,public,F,2023,REORIENTE
1,1,0,1,0,0,12.21,13.86,12.4,-1,12.4,0.8879999999999999,0.735,0.24000000000000005,0,0,0.0,0.5,0.5,0,A,Anglais,BAC_1,Maritime,public,M,2023,ADMIS
1,1,0,1,0,0,8.59,10.54,9.59,-1,9.59,0.6701999999999999,0.6,-0.041000000000000016,0,0,0.0,0.5,0.5,0,D,Tourisme et Hôtellerie,BAC_1,Plateaux Est,public,F,2023,REORIENTE
1,1,0,1,0,0,7.19,7.73,8.0,1,8.0,0.5158,0.595,-0.2,0,0,0.0,0.5,0.5,0,A,Droit,BAC_1,Kara,privé,F,2024,REORIENTE
1,1,0,1,0,0,5.13,7.33,6.9,-1,6.9,0.6517999999999999,0.326,-0.30999999999999994,0,0,0.0,0.5,0.5,0,D,Gestion des Entreprises,BAC_1,Plateaux Est,public,F,2023,REORIENTE
1,1,0,1,0,0,12.38,12.62,12.59,-1,12.59,0.6162,0.303,0.259,0,0,0.0,0.5,0.5,0,A,Sciences Politiques,BAC_1,Grand Lomé,privé,M,2023,ADMIS
1,1,0,1,0,0,12.45,12.51,12.88,1,12.88,0.6806,0.347,0.2880000000000001,0,0,0.0,0.5,0.5,0,A,Arts Plastiques,BAC_1,Grand Lomé,public,F,2023,ADMIS
1,1,0,1,0,0,13.64,13.78,14.24,1,14.24,0.6607999999999999,0.425,0.42400000000000004,0,0,0.0,0.5,0.5,0,D,Agronomie,BAC_1,Kara,privé,F,2023,REORIENTE
1,1,0,1,0,0,9.58,11.8,10.54,-1,10.54,0.6339999999999999,0.706,0.053999999999999916,0,0,0.0,0.5,0.5,0,A,Droit,BAC_1,Grand Lomé,public,M,2024,ADMIS
1,1,0,1,0,0,10.74,9.56,10.98,1,10.98,0.4994,0.452,0.09800000000000005,0,0,0.0,0.5,0.5,0,D,Agronomie,BAC_1,Maritime,public,M,2023,ADMIS
1,1,0,1,0,0,8.89,10.55,10.55,-1,10.55,0.794,0.5,0.05500000000000007,0,0,0.0,0.5,0.5,0,A,Sciences Politiques,BAC_1,Grand Lomé,public,F,2023,ADMIS
1,1,0,1,0,0,11.79,12.7,12.42,-1,12.42,0.5996,0.563,0.242,0,0,0.0,0.5,0.5,0,D,Enseignement Primaire,BAC_1,Kara,public,M,2023,REORIENTE
1,1,0,1,0,0,10.21,9.9,10.4,1,10.4,0.5206,0.433,0.040000000000000036,0,0,0.0,0.5,0.5,0,D,Génie Informatique,BAC_1,Grand Lomé,public,M,2023,REORIENTE
1,1,0,1,0,0,6.84,7.13,7.42,1,7.42,0.5428,0.463,-0.258,0,0,0.0,0.5,0.5,0,A,Psychologie,BAC_1,Maritime,public,M,2024,ADMIS
1,1,0,1,0,0,10.31,10.2,10.39,1,10.39,0.6776,0.581,0.039000000000000055,0,0,0.0,0.5,0.5,0,D,Finance et Comptabilité,BAC_1,Centrale,public,M,2023,REORIENTE
1,1,0,1,0,0,10.09,10.44,9.8,-1,9.8,0.705,0.414,-0.019999999999999928,0,0,0.0,0.5,0.5,0,A,Tourisme et Hôtellerie,BAC_1,Maritime,public,F,2023,REORIENTE
1,1,0,1,0,0,9.2,11.05,11.39,1,11.39,0.667,0.475,0.13900000000000007,0,0,0.0,0.5,0.5,0,A,Lettres Modernes,BAC_1,Savanes,privé,M,2023,REORIENTE
1,1,0,1,0,0,10.92,10.27,10.56,1,10.56,0.8104,0.541,0.05600000000000005,0,0,0.0,0.5,0.5,0,A,STAPS (Activités Physiques et Sportives),BAC_1,Centrale,public,F,2023,ADMIS
1,1,0,1,0,0,7.71,8.92,8.81,-1,8.81,0.6015999999999999,0.421,-0.11899999999999995,0,0,0.0,0.5,0.5,0,A,Droit,BAC_1,Maritime,privé,M,2024,ADMIS
1,1,0,1,0,0,12.68,13.93,13.16,-1,13.16,0.5628,0.642,0.316,0,0,0.0,0.5,0.5,0,D,Gestion des Entreprises,BAC_1,Maritime,privé,M,2024,REORIENTE
1,1,0,1,0,0,10.71,11.67,11.76,1,11.76,0.6853999999999999,0.482,0.176,0,0,0.0,0.5,0.5,0,A,Psychologie,BAC_1,Grand Lomé,public,F,2023,ADMIS
1,1,0,1,0,0,9.15,8.12,8.75,1,8.75,0.5468,0.719,-0.125,0,0,0.0,0.5,0.5,0,D,Gestion des Entreprises,BAC_1,Plateaux Ouest,public,M,2024,REORIENTE
1,1,0,1,0,0,10.2,8.86,9.84,1,9.84,0.6778,0.652,-0.016000000000000014,0,0,0.0,0.5,0.5,0,A,Sciences Politiques,BAC_1,Grand Lomé,privé,M,2024,ADMIS
1,1,0,1,0,0,8.39,6.97,8.08,1,8.08,0.732,0.528,-0.192,0,0,0.0,0.5,0.5,0,A,Sciences Politiques,BAC_1,Maritime,public,M,2023,ADMIS
1,1,0,1,0,0,7.8,8.89,9.0,1,9.0,0.5762,0.53,-0.1,0,0,0.0,0.5,0.5,0,D,Gestion des Entreprises,BAC_1,Centrale,public,F,2023,REORIENTE
1,1,0,1,0,0,8.18,10.54,9.48,-1,9.48,0.862,0.67,-0.051999999999999956,0,0,0.0,0.5,0.5,0,E,Physique-Chimie,BAC_1,Savanes,privé,M,2023,REORIENTE
1,1,0,1,0,0,13.48,13.63,14.47,1,14.47,0.7884,0.546,0.44700000000000006,0,0,0.0,0.5,0.5,0,T1,Génie Mécanique,BAC_1,Grand Lomé,public,M,2024,ADMIS
1,1,0,1,0,0,10.6,11.36,11.73,1,11.73,0.48960000000000004,0.522,0.17300000000000004,0,0,0.0,0.5,0.5,0,A,Lettres Modernes,BAC_1,Kara,privé,M,2024,REORIENTE
1,1,0,1,0,0,9.61,10.93,10.89,-1,10.89,0.33440000000000003,0.5,0.08900000000000005,0,0,0.0,0.5,0.5,0,D,Informatique,BAC_1,Centrale,privé,F,2024,ADMIS
1,1,0,1,0,0,10.32,11.32,11.26,-1,11.26,0.6442,0.526,0.12599999999999997,0,0,0.0,0.5,0.5,0,D,Informatique,BAC_1,Centrale,public,M,2023,REORIENTE
1,1,0,1,0,0,11.99,12.11,12.07,-1,12.07,0.8216000000000001,0.683,0.20700000000000002,0,0,0.0,0.5,0.5,0,A,Enseignement Primaire,BAC_1,Plateaux Est,privé,F,2023,ADMIS
1,1,0,1,0,0,7.68,7.83,9.31,1,9.31,0.4718,0.65,-0.06899999999999995,0,0,0.0,0.5,0.5,0,A,Histoire,BAC_1,Plateaux Est,public,M,2024,REORIENTE
1,1,0,1,0,0,6.45,7.14,7.91,1,7.91,0.7318,0.553,-0.209,0,0,0.0,0.5,0.5,0,A,Enseignement Primaire,BAC_1,Centrale,public,F,2023,REORIENTE
1,1,0,1,0,0,10.76,11.09,11.51,1,11.51,0.6414,0.456,0.15099999999999997,0,0,0.0,0.5,0.5,0,D,Informatique,BAC_1,Maritime,public,F,2023,REORIENTE
1,1,0,1,0,0,7.69,7.55,8.73,1,8.73,0.5262,0.606,-0.12699999999999995,0,0,0.0,0.5,0.5,0,B,Psychologie,BAC_1,Kara,public,M,2023,REORIENTE
1,1,0,1,0,0,10.64,10.03,9.68,-1,9.68,0.5922000000000001,0.597,-0.03200000000000003,0,0,0.0,0.5,0.5,0,D,Informatique,BAC_1,Centrale,privé,M,2024,REORIENTE
1,1,0,1,0,0,10.14,10.73,11.08,1,11.08,0.4226,0.419,0.10800000000000001,0,0,0.0,0.5,0.5,0,A,STAPS (Activités Physiques et Sportives),BAC_1,Centrale,public,F,2024,REORIENTE
1,1,0,1,0,0,11.05,11.29,11.29,1,11.29,0.7168,0.484,0.12899999999999992,0,0,0.0,0.5,0.5,0,D,Enseignement Primaire,BAC_1,Maritime,public,M,2023,ADMIS
1,1,0,1,0,0,9.29,9.91,10.11,1,10.11,0.69,0.426,0.010999999999999944,0,0,0.0,0.5,0.5,0,F3,Génie Civil,BAC_1,Plateaux Est,privé,F,2023,ADMIS
1,1,0,1,0,0,10.18,11.24,11.36,1,11.36,0.41559999999999997,0.598,0.13599999999999995,0,0,0.0,0.5,0.5,0,D,Psychologie,BAC_1,Plateaux Ouest,public,F,2024,ADMIS
1,1,0,1,0,0,8.05,9.45,9.54,1,9.54,0.6838,0.709,-0.04600000000000008,0,0,0.0,0.5,0.5,0,D,Informatique,BAC_1,Plateaux Est,privé,M,2023,REORIENTE
1,1,0,1,0,0,10.74,11.4,11.3,-1,11.3,0.48519999999999996,0.577,0.13000000000000006,0,0,0.0,0.5,0.5,0,A,Droit,BAC_1,Plateaux Est,public,M,2024,REORIENTE
1,1,0,1,0,0,11.36,10.96,11.04,1,11.04,0.4925999999999999,0.573,0.10399999999999991,0,0,0.0,0.5,0.5,0,D,Génie Civil,BAC_1,Grand Lomé,public,M,2024,REORIENTE
1,1,0,1,0,0,9.1,8.65,8.98,1,8.98,0.5196000000000001,0.468,-0.10199999999999995,0,0,0.0,0.5,0.5,0,A,Droit,BAC_1,Plateaux Ouest,public,M,2024,REORIENTE
1,1,0,1,0,0,8.11,9.26,8.72,-1,8.72,0.33,0.675,-0.12799999999999995,0,0,0.0,0.5,0.5,0,D,Génie Mécanique,BAC_1,Plateaux Ouest,public,F,2024,REORIENTE
1,1,0,1,0,0,10.26,8.91,10.42,1,10.42,0.6834,0.372,0.041999999999999996,0,0,0.0,0.5,0.5,0,A,Sociologie,BAC_1,Kara,privé,F,2023,REORIENTE
1,1,0,1,0,0,13.56,13.24,13.8,1,13.8,0.587,0.482,0.38000000000000006,0,0,0.0,0.5,0.5,0,A,STAPS (Activités Physiques et Sportives),BAC_1,Grand Lomé,public,F,2024,ADMIS
1,1,0,1,0,0,13.09,11.24,11.7,1,11.7,0.7252,0.424,0.16999999999999993,0,0,0.0,0.5,0.5,0,A,Sociologie,BAC_1,Plateaux Est,public,M,2023,REORIENTE
1,1,0,1,0,0,12.0,11.82,11.84,1,11.84,0.7121999999999999,0.654,0.184,0,0,0.0,0.5,0.5,0,D,Gestion des Entreprises,BAC_1,Maritime,public,M,2023,REORIENTE
1,1,0,1,0,0,9.16,8.53,9.96,1,9.96,0.5726,0.365,-0.003999999999999915,0,0,0.0,0.5,0.5,0,D,Sociologie,BAC_1,Grand Lomé,public,M,2023,ADMIS
1,1,0,1,0,0,9.05,10.25,10.01,-1,10.01,0.5608,0.469,0.0009999999999999788,0,0,0.0,0.5,0.5,0,A,Sociologie,BAC_1,Grand Lomé,privé,F,2024,REORIENTE
1,1,0,1,0,0,15.62,16.93,16.9,-1,16.9,0.7936,0.577,0.6899999999999998,0,0,0.0,0.5,0.5,0,A,Droit,BAC_1,Grand Lomé,public,M,2023,ADMIS
1,1,0,1,0,0,12.76,11.09,12.28,1,12.28,0.5316000000000001,0.522,0.22799999999999992,0,0,0.0,0.5,0.5,0,A,Sociologie,BAC_1,Maritime,public,F,2024,ADMIS
1,1,0,1,0,0,8.03,8.02,9.02,1,9.02,0.3126,0.537,-0.09800000000000005,0,0,0.0,0.5,0.5,0,G3,Banque et Assurance,BAC_1,Centrale,public,F,2023,REORIENTE
1,1,0,1,0,0,12.94,10.9,11.8,1,11.8,0.622,0.277,0.18000000000000008,0,0,0.0,0.5,0.5,0,A,Anglais,BAC_1,Grand Lomé,public,F,2023,ADMIS
1,1,0,1,0,0,10.8,11.19,10.78,-1,10.78,0.4224,0.357,0.07799999999999993,0,0,0.0,0.5,0.5,0,A,Sciences Politiques,BAC_1,Plateaux Ouest,public,F,2024,REORIENTE
1,1,0,1,0,0,10.68,9.82,10.1,1,10.1,0.5284,0.529,0.009999999999999964,0,0,0.0,0.5,0.5,0,A,Droit,BAC_1,Maritime,public,F,2024,REORIENTE
1,1,0,1,0,0,8.26,9.82,9.29,-1,9.29,0.3202,0.469,-0.07100000000000009,0,0,0.0,0.5,0.5,0,D,Pharmacie,BAC_1,Centrale,public,F,2024,REORIENTE
1,1,0,1,0,0,10.66,12.34,12.09,-1,12.09,0.48560000000000003,0.422,0.209,0,0,0.0,0.5,0.5,0,D,Sciences Infirmières,BAC_1,Grand Lomé,public,M,2024,ADMIS
1,1,0,1,0,0,12.93,12.21,12.66,1,12.66,0.6796,0.544,0.266,0,0,0.0,0.5,0.5,0,D,Sciences Infirmières,BAC_1,Maritime,public,M,2023,ADMIS
1,1,0,1,0,0,10.54,10.8,10.85,1,10.85,0.7778,0.638,0.08499999999999996,0,0,0.0,0.5,0.5,0,A,Sciences de l'Éducation,BAC_1,Grand Lomé,public,M,2023,REORIENTE
1,1,0,1,0,0,10.48,10.66,11.25,1,11.25,0.5578000000000001,0.673,0.125,0,0,0.0,0.5,0.5,0,D,Génie Informatique,BAC_1,Plateaux Ouest,public,M,2024,REORIENTE
1,1,0,1,0,0,8.67,7.88,8.35,1,8.35,0.5266000000000001,0.508,-0.16500000000000004,0,0,0.0,0.5,0.5,0,A,Enseignement Primaire,BAC_1,Centrale,public,F,2024,REORIENTE
1,1,0,1,0,0,15.31,14.9,15.11,1,15.11,0.41580000000000006,0.468,0.5109999999999999,0,0,0.0,0.5,0.5,0,A,Droit,BAC_1,Centrale,privé,F,2024,ADMIS
1,1,0,1,0,0,9.56,10.22,10.76,1,10.76,0.583,0.499,0.07599999999999998,0,0,0.0,0.5,0.5,0,G3,Gestion des Entreprises,BAC_1,Maritime,public,F,2024,REORIENTE
1,1,0,1,0,0,12.75,13.34,13.89,1,13.89,0.3976,0.43,0.38900000000000007,0,0,0.0,0.5,0.5,0,D,Informatique,BAC_1,Maritime,public,F,2024,ADMIS
1,1,0,1,0,0,12.38,11.67,12.25,1,12.25,0.5672,0.458,0.225,0,0,0.0,0.5,0.5,0,D,Sciences Infirmières,BAC_1,Centrale,public,M,2023,REORIENTE
1,1,0,1,0,0,14.81,13.14,14.11,1,14.11,0.7051999999999999,0.578,0.4109999999999999,0,0,0.0,0.5,0.5,0,D,Odontologie,BAC_1,Grand Lomé,public,M,2023,REORIENTE
1,1,0,1,0,0,8.66,10.4,10.88,1,10.88,0.856,0.655,0.08800000000000008,0,0,0.0,0.5,0.5,0,D,Gestion des Entreprises,BAC_1,Grand Lomé,public,M,2023,REORIENTE
1,1,0,1,0,0,12.25,11.68,12.55,1,12.55,0.7327999999999999,0.401,0.25500000000000006,0,0,0.0,0.5,0.5,0,D,Sciences Infirmières,BAC_1,Grand Lomé,public,F,2023,REORIENTE
1,1,0,1,0,0,10.57,10.88,10.78,-1,10.78,0.6577999999999999,0.398,0.07799999999999993,0,0,0.0,0.5,0.5,0,A,Tourisme et Hôtellerie,BAC_1,Maritime,public,M,2023,ADMIS
1,1,0,1,0,0,8.84,9.09,9.09,-1,9.09,0.6033999999999999,0.268,-0.09100000000000001,0,0,0.0,0.5,0.5,0,A,Lettres Modernes,BAC_1,Maritime,public,M,2023,ADMIS
1,1,0,1,0,0,8.33,8.3,8.7,1,8.7,0.62,0.686,-0.13000000000000006,0,0,0.0,0.5,0.5,0,A,Lettres Modernes,BAC_1,Kara,public,F,2024,REORIENTE
1,1,0,1,0,0,11.86,13.22,13.45,1,13.45,0.3816,0.717,0.3449999999999999,0,0,0.0,0.5,0.5,0,D,Pharmacie,BAC_1,Maritime,public,F,2024,ADMIS
1,1,0,1,0,0,10.97,10.79,10.55,-1,10.55,0.8072,0.662,0.05500000000000007,0,0,0.0,0.5,0.5,0,A,Droit,BAC_1,Centrale,public,M,2023,REORIENTE
1,1,0,1,0,0,8.02,7.16,8.07,1,8.07,0.6202000000000001,0.856,-0.19299999999999998,0,0,0.0,0.5,0.5,0,B,Tourisme et Hôtellerie,BAC_1,Plateaux Ouest,public,F,2024,REORIENTE
1,1,0,1,0,0,11.44,9.69,11.08,1,11.08,0.7247999999999999,0.525,0.10800000000000001,0,0,0.0,0.5,0.5,0,A,Lettres Modernes,BAC_1,Plateaux Est,public,F,2023,REORIENTE
1,1,0,1,0,0,10.83,11.38,11.81,1,11.81,0.5196000000000001,0.624,0.18100000000000005,0,0,0.0,0.5,0.5,0,D,Physique-Chimie,BAC_1,Centrale,privé,M,2024,ADMIS
1,1,0,1,0,0,7.11,9.1,9.29,1,9.29,0.3514,0.232,-0.07100000000000009,0,0,0.0,0.5,0.5,0,A,Sociologie,BAC_1,Grand Lomé,public,F,2024,ADMIS
1,1,0,1,0,0,10.02,10.88,11.01,1,11.01,0.4286,0.458,0.10099999999999998,0,0,0.0,0.5,0.5,0,A,Anglais,BAC_1,Maritime,public,M,2024,ADMIS
1,1,0,1,0,0,9.65,9.44,9.63,1,9.63,0.6628,0.565,-0.03699999999999992,0,0,0.0,0.5,0.5,0,A,Enseignement Primaire,BAC_1,Plateaux Est,public,F,2023,REORIENTE
1,1,0,1,0,0,8.57,8.89,9.56,1,9.56,0.6792,0.489,-0.04399999999999995,0,0,0.0,0.5,0.5,0,A,Lettres Modernes,BAC_1,Plateaux Est,public,M,2023,ADMIS
1,1,0,1,0,0,9.19,8.63,9.23,1,9.23,0.48839999999999995,0.477,-0.07699999999999996,0,0,0.0,0.5,0.5,0,G2,Économie,BAC_1,Grand Lomé,public,F,2023,ADMIS
1,1,0,1,0,0,9.13,8.67,10.26,1,10.26,0.7183999999999999,0.704,0.025999999999999978,0,0,0.0,0.5,0.5,0,D,Psychologie,BAC_1,Plateaux Est,public,M,2023,REORIENTE
1,1,0,1,0,0,13.13,13.07,13.09,1,13.09,0.844,0.625,0.309,0,0,0.0,0.5,0.5,0,D,Enseignement Primaire,BAC_1,Grand Lomé,public,F,2023,ADMIS
1,1,0,1,0,0,7.21,7.26,7.65,1,7.65,0.4532,0.596,-0.23499999999999996,0,0,0.0,0.5,0.5,0,D,STAPS (Activités Physiques et Sportives),BAC_1,Grand Lomé,public,M,2024,REORIENTE
1,1,0,1,0,0,11.72,11.92,12.31,1,12.31,0.636,0.462,0.23100000000000004,0,0,0.0,0.5,0.5,0,A,Tourisme et Hôtellerie,BAC_1,Plateaux Ouest,public,F,2023,ADMIS
1,1,0,1,0,0,10.81,11.68,11.66,-1,11.66,0.6392,0.518,0.166,0,0,0.0,0.5,0.5,0,A,Lettres Modernes,BAC_1,Maritime,privé,M,2024,ADMIS
1,1,0,1,0,0,13.45,12.13,13.54,1,13.54,0.7404,0.366,0.3539999999999999,0,0,0.0,0.5,0.5,0,A,Droit,BAC_1,Grand Lomé,privé,F,2023,ADMIS
1,1,0,1,0,0,10.49,9.58,9.88,1,9.88,0.6864,0.519,-0.011999999999999922,0,0,0.0,0.5,0.5,0,G2,Économie,BAC_1,Maritime,public,M,2024,REORIENTE
1,1,0,1,0,0,10.77,10.72,11.01,1,11.01,0.49860000000000004,0.678,0.10099999999999998,0,0,0.0,0.5,0.5,0,D,Génie Civil,BAC_1,Kara,public,M,2024,REORIENTE
1,1,0,1,0,0,6.07,6.38,7.01,1,7.01,0.609,0.615,-0.29900000000000004,0,0,0.0,0.5,0.5,0,D,Informatique,BAC_1,Grand Lomé,public,F,2023,ADMIS
1,1,0,1,0,0,13.21,12.24,13.47,1,13.47,0.6974,0.302,0.3470000000000001,0,0,0.0,0.5,0.5,0,A,Anglais,BAC_1,Plateaux Est,public,M,2023,ADMIS
1,1,0,1,0,0,8.18,8.08,8.72,1,8.72,0.6016,0.508,-0.12799999999999995,0,0,0.0,0.5,0.5,0,A,Communication et Journalisme,BAC_1,Grand Lomé,public,F,2024,REORIENTE
1,1,0,1,0,0,11.74,9.54,10.48,1,10.48,0.6532,0.496,0.04800000000000004,0,0,0.0,0.5,0.5,0,F4,Génie Mécanique,BAC_1,Plateaux Ouest,privé,M,2023,ADMIS
1,1,0,1,0,0,5.84,7.87,7.4,-1,7.4,0.3706,0.616,-0.25999999999999995,0,0,0.0,0.5,0.5,0,D,Finance et Comptabilité,BAC_1,Plateaux Est,public,M,2024,REORIENTE
1,1,0,1,0,0,9.68,9.47,8.9,-1,8.9,0.57,0.282,-0.10999999999999996,0,0,0.0,0.5,0.5,0,A,Tourisme et Hôtellerie,BAC_1,Grand Lomé,public,F,2023,REORIENTE
1,1,0,1,0,0,10.82,12.09,11.68,-1,11.68,0.5478000000000001,0.486,0.16799999999999998,0,0,0.0,0.5,0.5,0,G3,Finance et Comptabilité,BAC_1,Plateaux Ouest,public,M,2023,REORIENTE
1,1,0,1,0,0,12.32,12.24,12.82,1,12.82,0.6828,0.474,0.28200000000000003,0,0,0.0,0.5,0.5,0,D,Informatique,BAC_1,Grand Lomé,public,F,2023,ADMIS
1,1,0,1,0,0,9.01,8.46,9.27,1,9.27,0.5287999999999999,0.458,-0.07300000000000004,0,0,0.0,0.5,0.5,0,A,Psychologie,BAC_1,Plateaux Est,public,M,2023,ADMIS
1,1,0,1,0,0,11.77,13.88,13.45,-1,13.45,0.6834,0.597,0.3449999999999999,0,0,0.0,0.5,0.5,0,D,Sciences Infirmières,BAC_1,Grand Lomé,public,F,2024,REORIENTE
1,1,0,1,0,0,9.39,10.13,10.5,1,10.5,0.5198,0.479,0.05,0,0,0.0,0.5,0.5,0,A,Sociologie,BAC_1,Savanes,public,M,2024,REORIENTE
1,1,0,1,0,0,9.75,12.02,11.56,-1,11.56,0.4026,0.435,0.15600000000000006,0,0,0.0,0.5,0.5,0,D,Informatique,BAC_1,Centrale,public,F,2024,REORIENTE
1,1,0,1,0,0,7.51,9.05,9.25,1,9.25,0.6304,0.43,-0.075,0,0,0.0,0.5,0.5,0,C,Économie,BAC_1,Grand Lomé,public,F,2024,REORIENTE
1,1,0,1,0,0,7.4,9.81,9.77,-1,9.77,0.8868,0.732,-0.02300000000000004,0,0,0.0,0.5,0.5,0,A,Histoire,BAC_1,Grand Lomé,public,M,2023,ADMIS
1,1,0,1,0,0,9.57,9.44,9.59,1,9.59,0.4028,0.374,-0.041000000000000016,0,0,0.0,0.5,0.5,0,A,Géographie,BAC_1,Plateaux Est,public,M,2024,REORIENTE
1,1,0,1,0,0,11.86,13.71,13.04,-1,13.04,0.51,0.492,0.30399999999999994,0,0,0.0,0.5,0.5,0,D,Enseignement Primaire,BAC_1,Kara,public,F,2023,REORIENTE
1,1,0,1,0,0,12.95,11.83,11.95,1,11.95,0.5014,0.568,0.19499999999999992,0,0,0.0,0.5,0.5,0,D,Informatique,BAC_1,Plateaux Ouest,privé,F,2024,REORIENTE
1,1,0,1,0,0,8.47,9.19,10.09,1,10.09,0.7508,0.506,0.008999999999999985,0,0,0.0,0.5,0.5,0,D,Physique-Chimie,BAC_1,Maritime,public,F,2023,REORIENTE
1,1,0,1,0,0,13.64,14.09,14.14,1,14.14,0.7528,0.541,0.41400000000000003,0,0,0.0,0.5,0.5,0,A,Psychologie,BAC_1,Savanes,public,F,2023,ADMIS
1,1,0,1,0,0,11.23,9.87,10.09,1,10.09,0.6086,0.593,0.008999999999999985,0,0,0.0,0.5,0.5,0,D,Sciences Environnementales,BAC_1,Plateaux Ouest,public,F,2023,ADMIS
1,1,0,1,0,0,12.1,12.62,12.27,-1,12.27,0.5998,0.358,0.22699999999999995,0,0,0.0,0.5,0.5,0,A,Arts Plastiques,BAC_1,Savanes,public,F,2023,ADMIS
1,1,0,1,0,0,9.82,8.7,9.41,1,9.41,0.43620000000000003,0.396,-0.05899999999999998,0,0,0.0,0.5,0.5,0,A,Anglais,BAC_1,Plateaux Ouest,public,F,2024,ADMIS
1,1,0,1,0,0,13.13,13.35,14.08,1,14.08,0.6506,0.737,0.40800000000000003,0,0,0.0,0.5,0.5,0,D,Agronomie,BAC_1,Grand Lomé,privé,F,2024,REORIENTE
1,1,0,1,0,0,12.55,11.44,12.12,1,12.12,0.2004,0.351,0.2119999999999999,0,0,0.0,0.5,0.5,0,D,Sociologie,BAC_1,Centrale,public,F,2024,REORIENTE
1,1,0,1,0,0,9.2,8.86,9.3,1,9.3,0.7092,0.531,-0.06999999999999992,0,0,0.0,0.5,0.5,0,A,Anglais,BAC_1,Savanes,public,M,2023,ADMIS
1,1,0,1,0,0,9.21,11.07,10.91,-1,10.91,0.7836000000000001,0.555,0.09100000000000001,0,0,0.0,0.5,0.5,0,A,Psychologie,BAC_1,Grand Lomé,privé,M,2024,REORIENTE
1,1,0,1,0,0,7.1,6.94,7.98,1,7.98,0.5918,0.473,-0.20199999999999996,0,0,0.0,0.5,0.5,0,A,Droit,BAC_1,Grand Lomé,public,M,2024,REORIENTE
1,1,0,1,0,0,10.62,10.6,10.03,-1,10.03,0.3936,0.549,0.002999999999999936,0,0,0.0,0.5,0.5,0,A,Lettres Modernes,BAC_1,Plateaux Ouest,public,F,2024,REORIENTE
1,1,0,1,0,0,11.02,11.13,11.43,1,11.43,0.6144,0.828,0.14299999999999996,0,0,0.0,0.5,0.5,0,A,Communication et Journalisme,BAC_1,Savanes,public,M,2024,REORIENTE
1,1,0,1,0,0,9.01,10.3,9.7,-1,9.7,0.6558,0.528,-0.030000000000000072,0,0,0.0,0.5,0.5,0,D,Génie Électrique,BAC_1,Maritime,public,F,2023,REORIENTE
1,1,0,1,0,0,12.85,11.47,12.95,1,12.95,0.5589999999999999,0.664,0.29499999999999993,0,0,0.0,0.5,0.5,0,A,Psychologie,BAC_1,Centrale,privé,F,2024,ADMIS
1,1,0,1,0,0,5.49,7.38,7.19,-1,7.19,0.7402,0.52,-0.28099999999999997,0,0,0.0,0.5,0.5,0,A,Droit,BAC_1,Kara,public,M,2023,ADMIS
1,1,0,1,0,0,7.83,9.14,9.54,1,9.54,0.35319999999999996,0.355,-0.04600000000000008,0,0,0.0,0.5,0.5,0,A,Sciences de l'Éducation,BAC_1,Plateaux Est,privé,F,2024,REORIENTE
1,1,0,1,0,0,11.52,12.56,12.48,-1,12.48,0.5664,0.633,0.24800000000000005,0,0,0.0,0.5,0.5,0,A,Psychologie,BAC_1,Grand Lomé,public,F,2024,REORIENTE
1,1,0,1,0,0,6.99,10.11,9.15,-1,9.15,0.7185999999999999,0.577,-0.08499999999999996,0,0,0.0,0.5,0.5,0,A,Lettres Modernes,BAC_1,Plateaux Ouest,public,F,2023,ADMIS
1,1,0,1,0,0,7.57,9.15,10.44,1,10.44,0.6678,0.75,0.04399999999999995,0,0,0.0,0.5,0.5,0,D,Informatique,BAC_1,Maritime,privé,M,2024,REORIENTE
1,1,0,1,0,0,6.18,8.42,8.31,-1,8.31,0.649,0.541,-0.16899999999999996,0,0,0.0,0.5,0.5,0,D,Finance et Comptabilité,BAC_1,Plateaux Est,public,F,2023,REORIENTE
1,1,0,1,0,0,9.23,8.95,9.12,1,9.12,0.741,0.612,-0.08800000000000008,0,0,0.0,0.5,0.5,0,A,Sciences Politiques,BAC_1,Savanes,public,M,2023,REORIENTE
1,1,0,1,0,0,10.05,10.64,10.73,1,10.73,0.5368,0.391,0.07300000000000004,0,0,0.0,0.5,0.5,0,A,Anglais,BAC_1,Kara,privé,M,2024,REORIENTE
1,1,0,1,0,0,7.25,9.07,8.07,-1,8.07,0.8388,0.612,-0.19299999999999998,0,0,0.0,0.5,0.5,0,D,Finance et Comptabilité,BAC_1,Grand Lomé,privé,F,2023,REORIENTE
1,1,0,1,0,0,7.64,8.93,9.63,1,9.63,0.6484,0.421,-0.03699999999999992,0,0,0.0,0.5,0.5,0,A,Sociologie,BAC_1,Grand Lomé,privé,M,2024,REORIENTE
1,1,0,1,0,0,10.37,10.0,10.35,1,10.35,0.6402,0.525,0.03499999999999996,0,0,0.0,0.5,0.5,0,G1,Économie,BAC_1,Kara,public,M,2023,REORIENTE
1,1,0,1,0,0,10.87,10.93,11.41,1,11.41,0.754,0.649,0.14100000000000001,0,0,0.0,0.5,0.5,0,D,Pharmacie,BAC_1,Plateaux Est,privé,M,2023,REORIENTE
1,1,0,1,0,0,11.76,13.13,12.5,-1,12.5,0.7428,0.372,0.25,0,0,0.0,0.5,0.5,0,A,Anglais,BAC_1,Savanes,public,M,2023,ADMIS
1,1,0,1,0,0,11.97,11.63,11.45,-1,11.45,0.7132000000000001,0.601,0.14499999999999993,0,0,0.0,0.5,0.5,0,D,Génie Informatique,BAC_1,Grand Lomé,public,F,2023,REORIENTE
1,1,0,1,0,0,9.81,9.46,8.9,-1,8.9,0.7196,0.428,-0.10999999999999996,0,0,0.0,0.5,0.5,0,D,Enseignement Primaire,BAC_1,Maritime,public,F,2023,REORIENTE
1,1,0,1,0,0,7.34,7.09,7.74,1,7.74,0.7263999999999999,0.577,-0.22599999999999998,0,0,0.0,0.5,0.5,0,D,Agronomie,BAC_1,Maritime,public,F,2023,ADMIS
1,1,0,1,0,0,13.36,11.73,12.28,1,12.28,0.4636,0.454,0.22799999999999992,0,0,0.0,0.5,0.5,0,G3,Finance et Comptabilité,BAC_1,Grand Lomé,public,M,2024,REORIENTE
1,1,0,1,0,0,7.14,8.7,8.49,-1,8.49,0.30100000000000005,0.496,-0.15099999999999997,0,0,0.0,0.5,0.5,0,D,Génie Informatique,BAC_1,Kara,public,F,2024,REORIENTE
1,1,0,1,0,0,6.36,8.87,9.25,1,9.25,0.704,0.593,-0.075,0,0,0.0,0.5,0.5,0,A,Communication et Journalisme,BAC_1,Plateaux Est,public,M,2023,ADMIS
1,1,0,1,0,0,6.66,7.67,8.02,1,8.02,0.7235999999999999,0.579,-0.19800000000000004,0,0,0.0,0.5,0.5,0,T1,STAPS (Activités Physiques et Sportives),BAC_1,Centrale,public,M,2023,ADMIS
1,1,0,1,0,0,10.24,10.4,10.15,-1,10.15,0.6497999999999999,0.546,0.015000000000000036,0,0,0.0,0.5,0.5,0,D,STAPS (Activités Physiques et Sportives),BAC_1,Maritime,public,F,2023,ADMIS
1,1,0,1,0,0,11.25,12.76,11.78,-1,11.78,0.5294,0.473,0.17799999999999994,0,0,0.0,0.5,0.5,0,A,Enseignement Primaire,BAC_1,Plateaux Ouest,privé,M,2024,REORIENTE
1,1,0,1,0,0,6.57,6.22,5.68,-1,5.68,0.4502,0.515,-0.43200000000000005,0,0,0.0,0.5,0.5,0,A,Enseignement Primaire,BAC_1,Kara,public,F,2024,REORIENTE
1,1,0,1,0,0,10.91,11.14,10.38,-1,10.38,0.7226,0.686,0.038000000000000075,0,0,0.0,0.5,0.5,0,D,Médecine,BAC_1,Kara,public,M,2023,REORIENTE
1,1,0,1,0,0,4.8,6.6,5.73,-1,5.73,0.7812,0.468,-0.42699999999999994,0,0,0.0,0.5,0.5,0,D,Génie Informatique,BAC_1,Grand Lomé,public,M,2023,REORIENTE
1,1,0,1,0,0,9.66,10.12,10.52,1,10.52,0.3618,0.429,0.051999999999999956,0,0,0.0,0.5,0.5,0,A,Sciences Politiques,BAC_1,Plateaux Est,public,M,2024,REORIENTE
1,1,0,1,0,0,9.64,10.16,9.84,-1,9.84,0.4852,0.541,-0.016000000000000014,0,0,0.0,0.5,0.5,0,B,Droit,BAC_1,Maritime,public,F,2024,REORIENTE
1,1,0,1,0,0,9.63,9.84,10.81,1,10.81,0.634,0.595,0.08100000000000004,0,0,0.0,0.5,0.5,0,A,Droit,BAC_1,Grand Lomé,public,F,2024,REORIENTE
1,1,0,1,0,0,8.55,9.41,9.83,1,9.83,0.5608,0.283,-0.016999999999999994,0,0,0.0,0.5,0.5,0,A,Lettres Modernes,BAC_1,Grand Lomé,privé,F,2024,REORIENTE
1,1,0,1,0,0,11.34,11.38,10.85,-1,10.85,0.5702,0.56,0.08499999999999996,0,0,0.0,0.5,0.5,0,D,Génie Civil,BAC_1,Kara,public,M,2023,REORIENTE
1,1,0,1,0,0,11.41,12.22,11.96,-1,11.96,0.6262000000000001,0.577,0.1960000000000001,0,0,0.0,0.5,0.5,0,B,Économie,BAC_1,Kara,public,F,2024,REORIENTE
1,1,0,1,0,0,14.22,13.92,13.94,1,13.94,0.6214,0.436,0.39399999999999996,0,0,0.0,0.5,0.5,0,D,Sciences Infirmières,BAC_1,Grand Lomé,privé,M,2024,ADMIS
1,1,0,1,0,0,8.51,9.9,9.28,-1,9.28,0.3548,0.455,-0.07200000000000006,0,0,0.0,0.5,0.5,0,D,Gestion des Entreprises,BAC_1,Maritime,public,M,2024,REORIENTE
1,1,0,1,0,0,11.35,10.27,10.6,1,10.6,0.8865999999999999,0.751,0.05999999999999996,0,0,0.0,0.5,0.5,0,A,Tourisme et Hôtellerie,BAC_1,Plateaux Ouest,privé,M,2023,ADMIS
1,1,0,1,0,0,11.36,10.41,11.34,1,11.34,0.6536,0.383,0.13399999999999998,0,0,0.0,0.5,0.5,0,D,Génie Informatique,BAC_1,Plateaux Est,public,M,2023,ADMIS
1,1,0,1,0,0,9.02,6.85,8.28,1,8.28,0.757,0.556,-0.17200000000000007,0,0,0.0,0.5,0.5,0,C,Gestion des Entreprises,BAC_1,Grand Lomé,public,F,2024,REORIENTE
1,1,0,1,0,0,11.32,10.65,11.05,1,11.05,0.44499999999999995,0.502,0.10500000000000007,0,0,0.0,0.5,0.5,0,A,Lettres Modernes,BAC_1,Maritime,public,M,2024,ADMIS
1,1,0,1,0,0,8.29,7.62,8.82,1,8.82,0.8336000000000001,0.734,-0.11799999999999997,0,0,0.0,0.5,0.5,0,A,Lettres Modernes,BAC_1,Plateaux Ouest,privé,M,2023,ADMIS
1,1,0,1,0,0,7.26,6.59,6.66,1,6.66,0.5558,0.527,-0.33399999999999996,0,0,0.0,0.5,0.5,0,D,Biologie,BAC_1,Centrale,public,F,2023,ADMIS
1,1,0,1,0,0,13.34,13.45,14.18,1,14.18,0.45920000000000005,0.458,0.418,0,0,0.0,0.5,0.5,0,D,Pharmacie,BAC_1,Plateaux Ouest,public,M,2024,REORIENTE
1,1,0,1,0,0,8.65,9.78,10.52,1,10.52,0.4278,0.546,0.051999999999999956,0,0,0.0,0.5,0.5,0,A,Histoire,BAC_1,Centrale,public,M,2024,REORIENTE
1,1,0,1,0,0,11.29,12.04,12.41,1,12.41,0.3298,0.4,0.24100000000000002,0,0,0.0,0.5,0.5,0,A,Lettres Modernes,BAC_1,Plateaux Est,public,M,2024,ADMIS
1,1,0,1,0,0,9.62,10.0,9.96,-1,9.96,0.31220000000000003,0.476,-0.003999999999999915,0,0,0.0,0.5,0.5,0,D,Enseignement Primaire,BAC_1,Centrale,public,M,2024,REORIENTE
1,1,0,1,0,0,10.22,13.45,12.78,-1,12.78,0.6212,0.362,0.2779999999999999,0,0,0.0,0.5,0.5,0,D,Agronomie,BAC_1,Kara,privé,F,2023,REORIENTE
1,1,0,1,0,0,11.36,11.43,11.4,-1,11.4,0.42919999999999997,0.437,0.14000000000000004,0,0,0.0,0.5,0.5,0,A,Droit,BAC_1,Grand Lomé,public,F,2024,REORIENTE
1,1,0,1,0,0,10.08,9.51,10.28,1,10.28,0.6204000000000001,0.657,0.027999999999999935,0,0,0.0,0.5,0.5,0,D,Odontologie,BAC_1,Plateaux Est,public,M,2023,REORIENTE
1,1,0,1,0,0,11.02,8.81,10.73,1,10.73,0.4302,0.534,0.07300000000000004,0,0,0.0,0.5,0.5,0,D,Gestion des Entreprises,BAC_1,Centrale,public,F,2024,REORIENTE
1,1,0,1,0,0,5.76,6.54,6.47,-1,6.47,0.7427999999999999,0.612,-0.35300000000000004,0,0,0.0,0.5,0.5,0,G1,Sciences Politiques,BAC_1,Plateaux Est,privé,M,2024,ADMIS
1,1,0,1,0,0,10.53,11.02,11.59,1,11.59,0.8504,0.779,0.15899999999999997,0,0,0.0,0.5,0.5,0,D,Histoire,BAC_1,Grand Lomé,public,F,2023,ADMIS
1,1,0,1,0,0,7.06,7.36,8.22,1,8.22,0.8444,0.626,-0.17799999999999994,0,0,0.0,0.5,0.5,0,A,Sciences de l'Éducation,BAC_1,Kara,public,M,2023,REORIENTE
1,1,0,1,0,0,13.59,13.95,13.91,-1,13.91,0.7081999999999999,0.509,0.391,0,0,0.0,0.5,0.5,0,D,Génie Informatique,BAC_1,Plateaux Ouest,public,M,2023,REORIENTE
1,1,0,1,0,0,7.03,6.15,7.22,1,7.22,0.42900000000000005,0.555,-0.278,0,0,0.0,0.5,0.5,0,D,Tourisme et Hôtellerie,BAC_1,Maritime,public,M,2024,REORIENTE
1,1,0,1,0,0,11.95,12.37,12.02,-1,12.02,0.8384,0.611,0.20199999999999996,0,0,0.0,0.5,0.5,0,D,STAPS (Activités Physiques et Sportives),BAC_1,Savanes,public,F,2023,ADMIS
1,1,0,1,0,0,13.14,13.2,14.16,1,14.16,0.7166,0.641,0.41600000000000004,0,0,0.0,0.5,0.5,0,D,Informatique,BAC_1,Grand Lomé,privé,F,2023,ADMIS
1,1,0,1,0,0,13.05,13.44,13.98,1,13.98,0.519,0.615,0.398,0,0,0.0,0.5,0.5,0,G3,Tourisme et Hôtellerie,BAC_1,Maritime,public,M,2023,ADMIS
1,1,0,1,0,0,10.43,10.85,11.85,1,11.85,0.6683999999999999,0.384,0.18499999999999997,0,0,0.0,0.5,0.5,0,D,Sociologie,BAC_1,Maritime,public,M,2023,ADMIS
1,1,0,1,0,0,8.45,11.89,11.22,-1,11.22,0.5331999999999999,0.292,0.12200000000000007,0,0,0.0,0.5,0.5,0,D,Psychologie,BAC_1,Savanes,public,F,2023,ADMIS
1,1,0,1,0,0,10.67,10.12,10.5,1,10.5,0.5154,0.567,0.05,0,0,0.0,0.5,0.5,0,A,Tourisme et Hôtellerie,BAC_1,Centrale,privé,M,2024,REORIENTE
1,1,0,1,0,0,9.97,8.75,11.14,1,11.14,0.5522,0.596,0.11400000000000006,0,0,0.0,0.5,0.5,0,D,Sociologie,BAC_1,Grand Lomé,public,M,2024,ADMIS
1,1,0,1,0,0,11.56,13.85,14.11,1,14.11,0.5484,0.3,0.4109999999999999,0,0,0.0,0.5,0.5,0,D,Tourisme et Hôtellerie,BAC_1,Plateaux Est,public,M,2023,ADMIS
1,1,0,1,0,0,10.55,11.74,11.54,-1,11.54,0.5988,0.612,0.15399999999999991,0,0,0.0,0.5,0.5,0,D,Génie Informatique,BAC_1,Centrale,public,F,2023,ADMIS
1,1,0,1,0,0,9.12,10.45,10.5,1,10.5,0.8351999999999999,0.603,0.05,0,0,0.0,0.5,0.5,0,A,Communication et Journalisme,BAC_1,Plateaux Est,privé,M,2023,REORIENTE
1,1,0,1,0,0,13.11,12.18,13.28,1,13.28,0.7777999999999999,0.593,0.32799999999999996,0,0,0.0,0.5,0.5,0,A,Sciences Politiques,BAC_1,Plateaux Est,public,F,2023,ADMIS
1,1,0,1,0,0,12.19,13.54,14.32,1,14.32,0.5788,0.556,0.43200000000000005,0,0,0.0,0.5,0.5,0,D,Génie Informatique,BAC_1,Grand Lomé,public,M,2024,ADMIS
1,1,0,1,0,0,9.83,9.24,9.8,1,9.8,0.7627999999999999,0.422,-0.019999999999999928,0,0,0.0,0.5,0.5,0,D,Psychologie,BAC_1,Grand Lomé,privé,F,2023,REORIENTE
1,1,0,1,0,0,8.85,9.02,10.0,1,10.0,0.7884,0.486,0.0,0,0,0.0,0.5,0.5,0,D,Biologie,BAC_1,Maritime,privé,F,2023,ADMIS
1,1,0,1,0,0,6.67,7.24,8.31,1,8.31,0.47459999999999997,0.57,-0.16899999999999996,0,0,0.0,0.5,0.5,0,D,Tourisme et Hôtellerie,BAC_1,Grand Lomé,public,M,2024,REORIENTE
1,1,0,1,0,0,11.82,10.78,11.62,1,11.62,0.5768,0.392,0.16199999999999992,0,0,0.0,0.5,0.5,0,A,Enseignement Primaire,BAC_1,Plateaux Est,public,F,2023,REORIENTE
1,1,0,1,0,0,11.19,11.17,13.05,1,13.05,0.682,0.445,0.30500000000000005,0,0,0.0,0.5,0.5,0,G3,Finance et Comptabilité,BAC_1,Grand Lomé,privé,F,2024,REORIENTE
1,1,0,1,0,0,7.41,8.43,8.78,1,8.78,0.345,0.381,-0.12200000000000007,0,0,0.0,0.5,0.5,0,D,Sciences de l'Éducation,BAC_1,Centrale,public,M,2024,ADMIS
1,1,0,1,0,0,11.58,13.64,13.51,-1,13.51,0.5694,0.726,0.351,0,0,0.0,0.5,0.5,0,D,Pharmacie,BAC_1,Grand Lomé,public,M,2024,ADMIS
1,1,0,1,0,0,11.78,11.94,11.83,-1,11.83,0.8122,0.697,0.183,0,0,0.0,0.5,0.5,0,B,Sciences de l'Éducation,BAC_1,Plateaux Ouest,privé,F,2023,ADMIS
1,1,0,1,0,0,9.83,10.46,10.68,1,10.68,0.5708,0.515,0.06799999999999998,0,0,0.0,0.5,0.5,0,G3,Sciences Infirmières,BAC_1,Maritime,public,M,2024,REORIENTE
1,1,0,1,0,0,11.67,11.24,12.44,1,12.44,0.37,0.262,0.24399999999999994,0,0,0.0,0.5,0.5,0,A,Droit,BAC_1,Kara,public,F,2024,ADMIS
1,1,0,1,0,0,10.66,11.72,12.52,1,12.52,0.577,0.655,0.25199999999999995,0,0,0.0,0.5,0.5,0,A,Droit,BAC_1,Plateaux Ouest,public,M,2023,REORIENTE
1,1,0,1,0,0,7.03,8.42,9.73,1,9.73,0.426,0.621,-0.026999999999999958,0,0,0.0,0.5,0.5,0,D,Finance et Comptabilité,BAC_1,Plateaux Est,privé,M,2024,REORIENTE
1,1,0,1,0,0,13.03,13.61,13.16,-1,13.16,0.4338,0.432,0.316,0,0,0.0,0.5,0.5,0,A,Histoire,BAC_1,Plateaux Est,public,F,2024,ADMIS
1,1,0,1,0,0,12.52,12.26,12.69,1,12.69,0.7592,0.458,0.26899999999999996,0,0,0.0,0.5,0.5,0,A,Sciences Politiques,BAC_1,Grand Lomé,privé,F,2023,ADMIS
1,1,0,1,0,0,12.49,11.08,11.67,1,11.67,0.5164,0.724,0.16699999999999998,0,0,0.0,0.5,0.5,0,D,Gestion des Entreprises,BAC_1,Maritime,public,F,2024,ADMIS
1,1,0,1,0,0,14.0,13.38,13.57,1,13.57,0.5162,0.512,0.35700000000000004,0,0,0.0,0.5,0.5,0,A,Lettres Modernes,BAC_1,Kara,public,F,2024,ADMIS
1,1,0,1,0,0,15.43,15.62,15.76,1,15.76,0.7104,0.597,0.576,0,0,0.0,0.5,0.5,0,A,Psychologie,BAC_1,Grand Lomé,public,M,2023,ADMIS
1,1,0,1,0,0,15.89,14.4,14.22,-1,14.22,0.7802,0.533,0.42200000000000004,0,0,0.0,0.5,0.5,0,D,Géographie,BAC_1,Grand Lomé,public,M,2023,ADMIS
1,1,0,1,0,0,7.19,8.63,8.02,-1,8.02,0.6548,0.533,-0.19800000000000004,0,0,0.0,0.5,0.5,0,A,Sciences de l'Éducation,BAC_1,Plateaux Est,public,M,2023,ADMIS
1,1,0,1,0,0,10.97,11.16,10.93,-1,10.93,0.6268,0.568,0.09299999999999997,0,0,0.0,0.5,0.5,0,D,Biologie,BAC_1,Grand Lomé,public,F,2024,REORIENTE
1,1,0,1,0,0,8.91,9.41,9.55,1,9.55,0.2822,0.539,-0.04499999999999993,0,0,0.0,0.5,0.5,0,A,Droit,BAC_1,Centrale,public,F,2024,REORIENTE
1,1,0,1,0,0,7.78,11.61,11.16,-1,11.16,0.7308,0.657,0.11600000000000002,0,0,0.0,0.5,0.5,0,D,Physique-Chimie,BAC_1,Maritime,public,F,2023,ADMIS
1,1,0,1,0,0,12.63,13.59,14.54,1,14.54,0.378,0.432,0.4539999999999999,0,0,0.0,0.5,0.5,0,A,Psychologie,BAC_1,Plateaux Ouest,public,M,2024,REORIENTE
1,1,0,1,0,0,9.26,9.23,9.65,1,9.65,0.5784,0.528,-0.03499999999999996,0,0,0.0,0.5,0.5,0,B,Sciences de l'Éducation,BAC_1,Centrale,public,M,2023,ADMIS
1,1,0,1,0,0,10.84,9.69,9.61,-1,9.61,0.5714,0.503,-0.039000000000000055,0,0,0.0,0.5,0.5,0,D,Finance et Comptabilité,BAC_1,Plateaux Est,privé,M,2024,REORIENTE
1,1,0,1,0,0,9.53,10.94,10.17,-1,10.17,0.5228,0.482,0.016999999999999994,0,0,0.0,0.5,0.5,0,D,Génie Civil,BAC_1,Grand Lomé,public,M,2024,ADMIS
1,1,0,1,0,0,6.77,8.27,8.43,1,8.43,0.44220000000000004,0.516,-0.15700000000000003,0,0,0.0,0.5,0.5,0,D,Biologie,BAC_1,Plateaux Est,public,M,2024,REORIENTE
1,1,0,1,0,0,7.97,7.71,8.78,1,8.78,0.5498000000000001,0.581,-0.12200000000000007,0,0,0.0,0.5,0.5,0,A,Enseignement Primaire,BAC_1,Kara,public,F,2024,ADMIS
1,1,0,1,0,0,5.53,5.4,7.5,1,7.5,0.798,0.51,-0.25,0,0,0.0,0.5,0.5,0,D,Finance et Comptabilité,BAC_1,Grand Lomé,privé,M,2023,ADMIS
1,1,0,1,0,0,8.61,7.47,9.16,1,9.16,0.6534,0.558,-0.08399999999999999,0,0,0.0,0.5,0.5,0,A,Droit,BAC_1,Plateaux Ouest,public,M,2024,REORIENTE
1,1,0,1,0,0,9.32,10.02,9.7,-1,9.7,0.4178,0.263,-0.030000000000000072,0,0,0.0,0.5,0.5,0,A,Sciences de l'Éducation,BAC_1,Maritime,public,M,2024,REORIENTE
1,1,0,1,0,0,6.44,6.98,7.68,1,7.68,0.7138,0.463,-0.23200000000000004,0,0,0.0,0.5,0.5,0,D,Finance et Comptabilité,BAC_1,Centrale,privé,M,2023,ADMIS
1,1,0,1,0,0,12.69,13.46,13.85,1,13.85,0.4378,0.385,0.38499999999999995,0,0,0.0,0.5,0.5,0,D,Sciences Infirmières,BAC_1,Kara,public,F,2024,ADMIS
1,1,0,1,0,0,12.79,13.41,13.49,1,13.49,0.4386,0.435,0.34900000000000003,0,0,0.0,0.5,0.5,0,D,Sociologie,BAC_1,Plateaux Ouest,public,F,2023,ADMIS
1,1,0,1,0,0,9.06,10.39,11.35,1,11.35,0.519,0.42,0.13499999999999995,0,0,0.0,0.5,0.5,0,A,Histoire,BAC_1,Grand Lomé,public,F,2024,REORIENTE
1,1,0,1,0,0,11.03,12.1,11.57,-1,11.57,0.46720000000000006,0.655,0.15700000000000003,0,0,0.0,0.5,0.5,0,A,Anglais,BAC_1,Plateaux Est,public,F,2024,REORIENTE
1,1,0,1,0,0,8.26,8.48,8.12,-1,8.12,0.6506000000000001,0.452,-0.18800000000000008,0,0,0.0,0.5,0.5,0,A,Droit,BAC_1,Maritime,public,M,2023,ADMIS
1,1,0,1,0,0,5.69,6.23,6.72,1,6.72,0.5056,0.502,-0.328,0,0,0.0,0.5,0.5,0,D,Finance et Comptabilité,BAC_1,Kara,public,M,2023,REORIENTE
1,1,0,1,0,0,9.73,9.04,10.26,1,10.26,0.5062,0.358,0.025999999999999978,0,0,0.0,0.5,0.5,0,A,Sciences Politiques,BAC_1,Maritime,public,M,2024,ADMIS
1,1,0,1,0,0,9.43,9.85,10.5,1,10.5,0.5526,0.639,0.05,0,0,0.0,0.5,0.5,0,A,Communication et Journalisme,BAC_1,Plateaux Est,privé,M,2024,REORIENTE
1,1,0,1,0,0,10.26,8.64,9.89,1,9.89,0.8168000000000001,0.677,-0.010999999999999944,0,0,0.0,0.5,0.5,0,D,Génie Informatique,BAC_1,Grand Lomé,public,M,2024,REORIENTE
1,1,0,1,0,0,10.24,10.04,9.94,-1,9.94,0.6547999999999999,0.356,-0.0060000000000000496,0,0,0.0,0.5,0.5,0,A,Anglais,BAC_1,Maritime,public,F,2023,REORIENTE
1,1,0,1,0,0,12.9,12.53,13.35,1,13.35,0.48460000000000003,0.556,0.33499999999999996,0,0,0.0,0.5,0.5,0,B,Communication et Journalisme,BAC_1,Plateaux Est,public,M,2023,REORIENTE
1,1,0,1,0,0,9.89,11.91,11.34,-1,11.34,0.4408,0.643,0.13399999999999998,0,0,0.0,0.5,0.5,0,G3,Banque et Assurance,BAC_1,Grand Lomé,public,M,2024,REORIENTE
1,1,0,1,0,0,6.31,6.49,6.9,1,6.9,0.627,0.249,-0.30999999999999994,0,0,0.0,0.5,0.5,0,A,Lettres Modernes,BAC_1,Maritime,public,F,2023,ADMIS
1,1,0,1,0,0,8.69,7.85,7.74,-1,7.74,0.6996,0.597,-0.22599999999999998,0,0,0.0,0.5,0.5,0,A,Droit,BAC_1,Centrale,public,M,2023,ADMIS
1,1,0,1,0,0,11.37,11.74,12.12,1,12.12,0.8388,0.612,0.2119999999999999,0,0,0.0,0.5,0.5,0,A,Droit,BAC_1,Grand Lomé,privé,F,2023,REORIENTE
1,1,0,1,0,0,12.41,12.18,11.87,-1,11.87,0.4768,0.364,0.18699999999999992,0,0,0.0,0.5,0.5,0,A,Sociologie,BAC_1,Maritime,public,M,2024,ADMIS
1,1,0,1,0,0,7.24,8.43,8.6,1,8.6,0.45640000000000003,0.478,-0.14000000000000004,0,0,0.0,0.5,0.5,0,B,Finance et Comptabilité,BAC_1,Centrale,public,F,2023,REORIENTE
1,1,0,1,0,0,13.47,15.17,14.91,-1,14.91,0.4954,0.436,0.491,0,0,0.0,0.5,0.5,0,D,Génie Électrique,BAC_1,Plateaux Ouest,public,M,2024,ADMIS
1,1,0,1,0,0,8.71,8.27,8.42,1,8.42,0.7542,0.66,-0.158,0,0,0.0,0.5,0.5,0,T1,Génie Civil,BAC_1,Maritime,public,F,2023,REORIENTE
1,1,0,1,0,0,8.55,9.7,9.99,1,9.99,0.6666000000000001,0.849,-0.0009999999999999788,0,0,0.0,0.5,0.5,0,D,Informatique,BAC_1,Grand Lomé,public,M,2024,REORIENTE
1,1,0,1,0,0,11.28,12.82,12.64,-1,12.64,0.5409999999999999,0.436,0.26400000000000007,0,0,0.0,0.5,0.5,0,D,Génie Civil,BAC_1,Maritime,privé,F,2024,REORIENTE
1,1,0,1,0,0,12.72,13.51,13.75,1,13.75,0.683,0.548,0.375,0,0,0.0,0.5,0.5,0,A,Tourisme et Hôtellerie,BAC_1,Plateaux Est,public,M,2023,ADMIS
1,1,0,1,0,0,11.12,9.91,10.64,1,10.64,0.8444,0.626,0.06400000000000006,0,0,0.0,0.5,0.5,0,A,Tourisme et Hôtellerie,BAC_1,Maritime,privé,F,2023,ADMIS
1,1,0,1,0,0,14.68,14.31,14.18,-1,14.18,0.648,0.513,0.418,0,0,0.0,0.5,0.5,0,D,Médecine,BAC_1,Plateaux Est,public,M,2023,ADMIS
1,1,0,1,0,0,11.36,10.08,11.08,1,11.08,0.7263999999999999,0.574,0.10800000000000001,0,0,0.0,0.5,0.5,0,A,Communication et Journalisme,BAC_1,Centrale,public,F,2023,REORIENTE
1,1,0,1,0,0,13.04,11.28,12.12,1,12.12,0.6741999999999999,0.586,0.2119999999999999,0,0,0.0,0.5,0.5,0,D,Gestion des Entreprises,BAC_1,Grand Lomé,privé,F,2024,ADMIS
1,1,0,1,0,0,11.16,12.77,11.88,-1,11.88,0.5292000000000001,0.663,0.18800000000000008,0,0,0.0,0.5,0.5,0,D,Psychologie,BAC_1,Plateaux Ouest,public,M,2024,REORIENTE
1,1,0,1,0,0,8.87,9.01,10.11,1,10.11,0.8340000000000001,0.606,0.010999999999999944,0,0,0.0,0.5,0.5,0,A,Enseignement Primaire,BAC_1,Grand Lomé,public,M,2023,ADMIS
1,1,0,1,0,0,8.42,8.34,9.29,1,9.29,0.6557999999999999,0.48,-0.07100000000000009,0,0,0.0,0.5,0.5,0,G1,Banque et Assurance,BAC_1,Plateaux Est,privé,F,2024,REORIENTE
1,1,0,1,0,0,12.62,10.76,11.52,1,11.52,0.6075999999999999,0.58,0.15199999999999997,0,0,0.0,0.5,0.5,0,A,Psychologie,BAC_1,Maritime,public,M,2024,REORIENTE
1,1,0,1,0,0,7.36,7.93,8.65,1,8.65,0.5532,0.36,-0.13499999999999995,0,0,0.0,0.5,0.5,0,D,Psychologie,BAC_1,Grand Lomé,privé,F,2024,REORIENTE
1,1,0,1,0,0,7.57,8.13,8.61,1,8.61,0.7622,0.554,-0.13900000000000007,0,0,0.0,0.5,0.5,0,D,Agronomie,BAC_1,Kara,privé,F,2023,REORIENTE
1,1,0,1,0,0,13.6,13.54,13.7,1,13.7,0.6896,0.416,0.36999999999999994,0,0,0.0,0.5,0.5,0,F1,Génie Mécanique,BAC_1,Grand Lomé,public,M,2023,ADMIS
1,1,0,1,0,0,7.48,9.64,9.53,-1,9.53,0.6306,0.54,-0.04700000000000006,0,0,0.0,0.5,0.5,0,D,Biologie,BAC_1,Grand Lomé,public,F,2024,REORIENTE
1,1,0,1,0,0,10.99,10.99,11.66,1,11.66,0.6326,0.524,0.166,0,0,0.0,0.5,0.5,0,A,Sociologie,BAC_1,Plateaux Est,privé,F,2024,REORIENTE
1,1,0,1,0,0,12.1,11.5,12.44,1,12.44,0.5444,0.587,0.24399999999999994,0,0,0.0,0.5,0.5,0,G2,Économie,BAC_1,Maritime,public,M,2023,ADMIS
1,1,0,1,0,0,14.25,14.72,15.05,1,15.05,0.3096,0.258,0.5050000000000001,0,0,0.0,0.5,0.5,0,A,Lettres Modernes,BAC_1,Plateaux Est,public,M,2024,ADMIS
1,1,0,1,0,0,7.6,7.01,7.39,1,7.39,0.5332,0.415,-0.261,0,0,0.0,0.5,0.5,0,A,Lettres Modernes,BAC_1,Savanes,public,F,2023,ADMIS
1,1,0,1,0,0,11.74,12.05,12.53,1,12.53,0.616,0.337,0.25299999999999995,0,0,0.0,0.5,0.5,0,D,Psychologie,BAC_1,Kara,privé,F,2023,REORIENTE
1,1,0,1,0,0,8.9,10.92,10.57,-1,10.57,0.5598,0.33,0.05700000000000003,0,0,0.0,0.5,0.5,0,D,Agronomie,BAC_1,Plateaux Ouest,privé,M,2023,ADMIS
1,1,0,1,0,0,9.05,11.99,11.42,-1,11.42,0.374,0.521,0.142,0,0,0.0,0.5,0.5,0,D,Biologie,BAC_1,Plateaux Est,public,M,2024,REORIENTE
1,1,0,1,0,0,9.09,9.82,9.35,-1,9.35,0.581,0.641,-0.06500000000000003,0,0,0.0,0.5,0.5,0,A,Droit,BAC_1,Kara,public,F,2024,REORIENTE
1,1,0,1,0,0,6.55,8.3,8.05,-1,8.05,0.7202000000000001,0.503,-0.19499999999999992,0,0,0.0,0.5,0.5,0,A,Lettres Modernes,BAC_1,Centrale,public,M,2023,ADMIS
1,1,0,1,0,0,13.47,13.06,12.86,-1,12.86,0.6394,0.565,0.2859999999999999,0,0,0.0,0.5,0.5,0,A,Droit,BAC_1,Kara,privé,F,2023,ADMIS
1,1,0,1,0,0,8.47,8.79,8.7,-1,8.7,0.5836000000000001,0.667,-0.13000000000000006,0,0,0.0,0.5,0.5,0,D,Agronomie,BAC_1,Savanes,public,F,2024,ADMIS
1,1,0,1,0,0,9.31,10.16,10.64,1,10.64,0.5873999999999999,0.549,0.06400000000000006,0,0,0.0,0.5,0.5,0,A,Arts Plastiques,BAC_1,Plateaux Ouest,privé,F,2024,REORIENTE
1,1,0,1,0,0,11.08,11.91,12.25,1,12.25,0.4378,0.493,0.225,0,0,0.0,0.5,0.5,0,D,Histoire,BAC_1,Maritime,public,M,2024,REORIENTE
1,1,0,1,0,0,7.77,10.7,10.53,-1,10.53,0.591,0.519,0.052999999999999936,0,0,0.0,0.5,0.5,0,D,Gestion des Entreprises,BAC_1,Maritime,public,M,2023,REORIENTE
1,1,0,1,0,0,11.2,11.87,12.25,1,12.25,0.373,0.295,0.225,0,0,0.0,0.5,0.5,0,A,Tourisme et Hôtellerie,BAC_1,Centrale,public,M,2024,REORIENTE
1,1,0,1,0,0,6.98,7.46,8.99,1,8.99,0.5704,0.31,-0.10099999999999998,0,0,0.0,0.5,0.5,0,A,Anglais,BAC_1,Plateaux Est,public,F,2023,ADMIS
1,1,0,1,0,0,11.97,11.93,12.06,1,12.06,0.7592,0.413,0.20600000000000004,0,0,0.0,0.5,0.5,0,A,Droit,BAC_1,Maritime,privé,M,2023,ADMIS
1,1,0,1,0,0,8.82,9.68,9.78,1,9.78,0.45499999999999996,0.434,-0.022000000000000065,0,0,0.0,0.5,0.5,0,A,STAPS (Activités Physiques et Sportives),BAC_1,Grand Lomé,public,M,2024,ADMIS
1,1,0,1,0,0,9.41,10.16,9.63,-1,9.63,0.4358,0.287,-0.03699999999999992,0,0,0.0,0.5,0.5,0,D,Géographie,BAC_1,Grand Lomé,privé,M,2024,ADMIS
1,1,0,1,0,0,11.47,9.99,11.19,1,11.19,0.7826,0.602,0.11899999999999995,0,0,0.0,0.5,0.5,0,D,Gestion des Entreprises,BAC_1,Maritime,privé,F,2023,REORIENTE
1,1,0,1,0,0,12.27,11.96,12.35,1,12.35,0.5878000000000001,0.661,0.23499999999999996,0,0,0.0,0.5,0.5,0,A,STAPS (Activités Physiques et Sportives),BAC_1,Kara,public,F,2024,REORIENTE
1,1,0,1,0,0,11.97,13.99,13.2,-1,13.2,0.5451999999999999,0.481,0.31999999999999995,0,0,0.0,0.5,0.5,0,A,Communication et Journalisme,BAC_1,Plateaux Est,privé,M,2024,REORIENTE
1,1,0,1,0,0,10.12,10.09,10.7,1,10.7,0.8231999999999999,0.573,0.06999999999999992,0,0,0.0,0.5,0.5,0,F1,Génie Civil,BAC_1,Grand Lomé,privé,M,2024,REORIENTE
1,1,0,1,0,0,10.53,11.45,11.44,-1,11.44,0.4562,0.584,0.14399999999999996,0,0,0.0,0.5,0.5,0,A,Droit,BAC_1,Maritime,public,F,2024,REORIENTE
1,1,0,1,0,0,12.52,13.82,13.45,-1,13.45,0.5876,0.569,0.3449999999999999,0,0,0.0,0.5,0.5,0,A,Sciences de l'Éducation,BAC_1,Plateaux Ouest,public,M,2024,REORIENTE
1,1,0,1,0,0,14.17,12.77,13.91,1,13.91,0.6894,0.372,0.391,0,0,0.0,0.5,0.5,0,A,Droit,BAC_1,Maritime,public,M,2023,ADMIS
1,1,0,1,0,0,7.38,7.38,7.95,1,7.95,0.541,0.538,-0.205,0,0,0.0,0.5,0.5,0,D,Génie Informatique,BAC_1,Grand Lomé,public,M,2024,ADMIS
1,1,0,1,0,0,10.14,10.09,9.94,-1,9.94,0.36240000000000006,0.453,-0.0060000000000000496,0,0,0.0,0.5,0.5,0,A,Anglais,BAC_1,Centrale,public,F,2024,REORIENTE
1,1,0,1,0,0,12.97,12.39,13.5,1,13.5,0.6056,0.539,0.35,0,0,0.0,0.5,0.5,0,D,Finance et Comptabilité,BAC_1,Grand Lomé,public,F,2024,REORIENTE
1,1,0,1,0,0,11.72,8.38,10.62,1,10.62,0.42679999999999996,0.539,0.06199999999999992,0,0,0.0,0.5,0.5,0,A,Sociologie,BAC_1,Plateaux Est,public,F,2024,ADMIS
1,1,0,1,0,0,13.27,13.34,13.68,1,13.68,0.5762,0.446,0.368,0,0,0.0,0.5,0.5,0,D,Informatique,BAC_1,Centrale,public,M,2023,ADMIS
1,1,0,1,0,0,11.87,12.21,12.14,-1,12.14,0.5478,0.51,0.21400000000000005,0,0,0.0,0.5,0.5,0,D,Biologie,BAC_1,Grand Lomé,public,M,2024,REORIENTE
1,1,0,1,0,0,13.47,12.85,13.41,1,13.41,0.5758,0.415,0.341,0,0,0.0,0.5,0.5,0,D,Sociologie,BAC_1,Maritime,public,F,2023,ADMIS
1,1,0,1,0,0,10.7,11.34,11.72,1,11.72,0.7296,0.339,0.17200000000000007,0,0,0.0,0.5,0.5,0,A,Enseignement Primaire,BAC_1,Grand Lomé,public,F,2023,REORIENTE
1,1,0,1,0,0,10.28,10.92,10.31,-1,10.31,0.5691999999999999,0.688,0.03100000000000005,0,0,0.0,0.5,0.5,0,D,Gestion des Entreprises,BAC_1,Kara,public,M,2024,REORIENTE
1,1,0,1,0,0,9.25,10.18,9.65,-1,9.65,0.6654,0.561,-0.03499999999999996,0,0,0.0,0.5,0.5,0,A,Sciences de l'Éducation,BAC_1,Plateaux Ouest,public,M,2023,ADMIS
1,1,0,1,0,0,8.58,10.72,10.47,-1,10.47,0.8515999999999999,0.644,0.04700000000000006,0,0,0.0,0.5,0.5,0,D,Génie Informatique,BAC_1,Grand Lomé,public,M,2023,REORIENTE
1,1,0,1,0,0,10.37,12.9,12.15,-1,12.15,0.7072,0.478,0.21500000000000002,0,0,0.0,0.5,0.5,0,A,Lettres Modernes,BAC_1,Plateaux Ouest,privé,F,2023,ADMIS
1,1,0,1,0,0,9.11,7.45,8.92,1,8.92,0.6064,0.667,-0.10800000000000001,0,0,0.0,0.5,0.5,0,G3,Banque et Assurance,BAC_1,Grand Lomé,public,M,2023,ADMIS
1,1,0,1,0,0,10.46,10.58,11.47,1,11.47,0.41240000000000004,0.551,0.14700000000000008,0,0,0.0,0.5,0.5,0,D,Finance et Comptabilité,BAC_1,Centrale,public,F,2024,ADMIS
1,1,0,1,0,0,8.02,8.91,9.08,1,9.08,0.628,0.376,-0.092,0,0,0.0,0.5,0.5,0,D,Histoire,BAC_1,Grand Lomé,public,F,2023,REORIENTE
1,1,0,1,0,0,6.42,8.52,7.77,-1,7.77,0.45940000000000003,0.589,-0.22300000000000003,0,0,0.0,0.5,0.5,0,D,Sciences Environnementales,BAC_1,Maritime,public,F,2024,ADMIS
1,1,0,1,0,0,11.43,13.23,13.04,-1,13.04,0.529,0.562,0.30399999999999994,0,0,0.0,0.5,0.5,0,D,Gestion des Entreprises,BAC_1,Savanes,privé,F,2024,REORIENTE
1,1,0,1,0,0,12.84,13.08,13.1,1,13.1,0.8052,0.528,0.30999999999999994,0,0,0.0,0.5,0.5,0,A,Arts Plastiques,BAC_1,Maritime,privé,F,2023,ADMIS
1,1,0,1,0,0,9.52,9.99,9.91,-1,9.91,0.395,0.305,-0.008999999999999985,0,0,0.0,0.5,0.5,0,A,Lettres Modernes,BAC_1,Kara,privé,F,2024,ADMIS
1,1,0,1,0,0,11.28,11.92,11.66,-1,11.66,0.5286,0.525,0.166,0,0,0.0,0.5,0.5,0,A,Droit,BAC_1,Maritime,public,M,2023,REORIENTE
1,1,0,1,0,0,8.36,8.92,8.48,-1,8.48,0.3588,0.213,-0.15199999999999997,0,0,0.0,0.5,0.5,0,D,Tourisme et Hôtellerie,BAC_1,Centrale,public,F,2024,REORIENTE
1,1,0,1,0,0,10.81,11.2,10.38,-1,10.38,0.743,0.638,0.038000000000000075,0,0,0.0,0.5,0.5,0,D,STAPS (Activités Physiques et Sportives),BAC_1,Grand Lomé,public,F,2023,REORIENTE
1,1,0,1,0,0,12.71,13.41,13.53,1,13.53,0.5806,0.559,0.3529999999999999,0,0,0.0,0.5,0.5,0,D,Biologie,BAC_1,Centrale,public,F,2023,ADMIS
1,1,0,1,0,0,11.04,11.56,11.79,1,11.79,0.49360000000000004,0.409,0.1789999999999999,0,0,0.0,0.5,0.5,0,D,Informatique,BAC_1,Savanes,public,F,2024,ADMIS
1,1,0,1,0,0,9.44,9.11,9.73,1,9.73,0.5536000000000001,0.592,-0.026999999999999958,0,0,0.0,0.5,0.5,0,D,Gestion des Entreprises,BAC_1,Centrale,public,F,2023,REORIENTE
1,1,0,1,0,0,8.62,9.38,10.02,1,10.02,0.6022,0.457,0.0019999999999999575,0,0,0.0,0.5,0.5,0,A,Sciences Politiques,BAC_1,Plateaux Ouest,public,F,2023,ADMIS
1,1,0,1,0,0,11.28,11.18,11.7,1,11.7,0.5946,0.714,0.16999999999999993,0,0,0.0,0.5,0.5,0,D,Agronomie,BAC_1,Grand Lomé,public,F,2024,REORIENTE
1,1,0,1,0,0,12.51,11.79,11.08,-1,11.08,0.605,0.266,0.10800000000000001,0,0,0.0,0.5,0.5,0,A,Sciences de l'Éducation,BAC_1,Kara,privé,M,2023,ADMIS
1,1,0,1,0,0,9.58,9.0,10.43,1,10.43,0.5042,0.497,0.04299999999999997,0,0,0.0,0.5,0.5,0,A,Sociologie,BAC_1,Plateaux Est,public,F,2024,REORIENTE
1,1,0,1,0,0,11.01,12.11,12.59,1,12.59,0.4264,0.319,0.259,0,0,0.0,0.5,0.5,0,D,Biologie,BAC_1,Plateaux Ouest,public,M,2023,ADMIS
1,1,0,1,0,0,10.3,10.2,10.09,-1,10.09,0.628,0.472,0.008999999999999985,0,0,0.0,0.5,0.5,0,A,Psychologie,BAC_1,Maritime,public,F,2024,ADMIS
1,1,0,1,0,0,11.37,11.9,12.01,1,12.01,0.6036,0.738,0.20099999999999998,0,0,0.0,0.5,0.5,0,A,Sciences Politiques,BAC_1,Plateaux Ouest,privé,M,2024,ADMIS
1,1,0,1,0,0,4.87,6.36,6.54,1,6.54,0.6722,0.521,-0.346,0,0,0.0,0.5,0.5,0,D,Odontologie,BAC_1,Kara,privé,M,2024,REORIENTE
1,1,0,1,0,0,9.51,9.76,10.14,1,10.14,0.5012,0.542,0.014000000000000058,0,0,0.0,0.5,0.5,0,D,Histoire,BAC_1,Plateaux Ouest,public,M,2024,REORIENTE
1,1,0,1,0,0,15.01,13.82,14.22,1,14.22,0.5496000000000001,0.54,0.42200000000000004,0,0,0.0,0.5,0.5,0,A,Sciences Politiques,BAC_1,Kara,public,F,2024,REORIENTE
1,1,0,1,0,0,6.84,7.14,7.37,1,7.37,0.579,0.585,-0.263,0,0,0.0,0.5,0.5,0,A,Psychologie,BAC_1,Plateaux Ouest,privé,M,2024,REORIENTE
1,1,0,1,0,0,5.78,6.45,7.25,1,7.25,0.7132,0.514,-0.275,0,0,0.0,0.5,0.5,0,A,Droit,BAC_1,Plateaux Est,public,M,2023,ADMIS
1,1,0,1,0,0,9.12,10.03,10.31,1,10.31,0.7303999999999999,0.581,0.03100000000000005,0,0,0.0,0.5,0.5,0,D,Informatique,BAC_1,Plateaux Est,public,F,2023,REORIENTE
1,1,0,1,0,0,12.44,12.66,12.99,1,12.99,0.6164,0.569,0.29900000000000004,0,0,0.0,0.5,0.5,0,D,Génie Informatique,BAC_1,Kara,public,F,2023,REORIENTE
1,1,0,1,0,0,10.65,9.12,10.19,1,10.19,0.469,0.604,0.01899999999999995,0,0,0.0,0.5,0.5,0,D,Psychologie,BAC_1,Maritime,privé,F,2024,REORIENTE
1,1,0,1,0,0,10.26,10.65,11.01,1,11.01,0.6020000000000001,0.476,0.10099999999999998,0,0,0.0,0.5,0.5,0,D,Finance et Comptabilité,BAC_1,Grand Lomé,public,M,2023,ADMIS
1,1,0,1,0,0,10.35,9.99,9.84,-1,9.84,0.683,0.653,-0.016000000000000014,0,0,0.0,0.5,0.5,0,D,Génie Informatique,BAC_1,Kara,privé,M,2024,REORIENTE
1,1,0,1,0,0,9.99,9.97,10.2,1,10.2,0.5016,0.537,0.019999999999999928,0,0,0.0,0.5,0.5,0,D,Biologie,BAC_1,Grand Lomé,public,F,2024,REORIENTE
1,1,0,1,0,0,9.22,8.78,9.33,1,9.33,0.6135999999999999,0.67,-0.06699999999999999,0,0,0.0,0.5,0.5,0,D,Sciences de l'Éducation,BAC_1,Grand Lomé,privé,M,2024,ADMIS
1,1,0,1,0,0,12.12,12.42,12.51,1,12.51,0.5322,0.675,0.251,0,0,0.0,0.5,0.5,0,G3,Tourisme et Hôtellerie,BAC_1,Grand Lomé,public,M,2023,REORIENTE
1,1,0,1,0,0,9.18,9.27,9.8,1,9.8,0.6214,0.481,-0.019999999999999928,0,0,0.0,0.5,0.5,0,A,Géographie,BAC_1,Grand Lomé,public,M,2024,REORIENTE
1,1,0,1,0,0,4.37,5.75,6.07,1,6.07,0.7088,0.524,-0.39299999999999996,0,0,0.0,0.5,0.5,0,A,Sciences de l'Éducation,BAC_1,Plateaux Ouest,public,M,2023,ADMIS
1,1,0,1,0,0,11.69,12.33,12.62,1,12.62,0.5674,0.421,0.2619999999999999,0,0,0.0,0.5,0.5,0,A,Enseignement Primaire,BAC_1,Plateaux Ouest,public,M,2023,ADMIS
1,1,0,1,0,0,8.97,10.03,10.14,1,10.14,0.7772000000000001,0.734,0.014000000000000058,0,0,0.0,0.5,0.5,0,D,Informatique,BAC_1,Maritime,public,F,2023,ADMIS
1,1,0,1,0,0,12.92,12.63,13.19,1,13.19,0.5938,0.343,0.31899999999999995,0,0,0.0,0.5,0.5,0,D,Histoire,BAC_1,Maritime,public,F,2023,ADMIS
1,1,0,1,0,0,10.23,10.73,11.59,1,11.59,0.45840000000000003,0.336,0.15899999999999997,0,0,0.0,0.5,0.5,0,A,Psychologie,BAC_1,Maritime,public,M,2024,REORIENTE
1,1,0,1,0,0,10.96,10.9,11.36,1,11.36,0.8281999999999999,0.59,0.13599999999999995,0,0,0.0,0.5,0.5,0,A,Arts Plastiques,BAC_1,Savanes,privé,M,2023,ADMIS
1,1,0,1,0,0,14.54,13.92,15.08,1,15.08,0.5202,0.684,0.508,0,0,0.0,0.5,0.5,0,D,Génie Informatique,BAC_1,Centrale,public,F,2023,ADMIS
1,1,0,1,0,0,9.94,10.79,11.26,1,11.26,0.7334,0.662,0.12599999999999997,0,0,0.0,0.5,0.5,0,D,Finance et Comptabilité,BAC_1,Maritime,public,F,2023,ADMIS
1,1,0,1,0,0,6.2,7.46,7.54,1,7.54,0.6146,0.512,-0.246,0,0,0.0,0.5,0.5,0,A,STAPS (Activités Physiques et Sportives),BAC_1,Grand Lomé,public,F,2024,REORIENTE
1,1,0,1,0,0,13.46,14.48,13.84,-1,13.84,0.5392,0.271,0.384,0,0,0.0,0.5,0.5,0,A,Anglais,BAC_1,Grand Lomé,public,F,2024,REORIENTE
1,1,0,1,0,0,9.53,10.84,10.37,-1,10.37,0.3508,0.52,0.03699999999999992,0,0,0.0,0.5,0.5,0,D,Génie Informatique,BAC_1,Centrale,public,M,2024,ADMIS
1,1,0,1,0,0,9.64,10.34,10.87,1,10.87,0.5562,0.57,0.08699999999999992,0,0,0.0,0.5,0.5,0,A,Tourisme et Hôtellerie,BAC_1,Plateaux Est,privé,M,2024,ADMIS
1,1,0,1,0,0,8.68,8.56,8.7,1,8.7,0.64,0.526,-0.13000000000000006,0,0,0.0,0.5,0.5,0,A,Géographie,BAC_1,Grand Lomé,public,M,2024,ADMIS
1,1,0,1,0,0,8.88,10.45,9.81,-1,9.81,0.5532,0.54,-0.01899999999999995,0,0,0.0,0.5,0.5,0,D,Médecine,BAC_1,Savanes,privé,F,2024,REORIENTE
1,1,0,1,0,0,4.5,4.08,4.42,1,4.42,0.7268,0.332,-0.558,0,0,0.0,0.5,0.5,0,A,Sociologie,BAC_1,Maritime,public,M,2023,ADMIS
1,1,0,1,0,0,14.45,13.98,14.76,1,14.76,0.4222,0.439,0.476,0,0,0.0,0.5,0.5,0,D,Médecine,BAC_1,Plateaux Ouest,public,F,2024,REORIENTE
1,1,0,1,0,0,6.82,7.16,8.05,1,8.05,0.6514,0.406,-0.19499999999999992,0,0,0.0,0.5,0.5,0,A,Enseignement Primaire,BAC_1,Grand Lomé,privé,M,2024,REORIENTE
1,1,0,1,0,0,8.36,8.46,9.42,1,9.42,0.43279999999999996,0.338,-0.05800000000000001,0,0,0.0,0.5,0.5,0,A,Lettres Modernes,BAC_1,Maritime,public,F,2024,REORIENTE
1,1,0,1,0,0,8.51,10.41,9.77,-1,9.77,0.7816000000000001,0.646,-0.02300000000000004,0,0,0.0,0.5,0.5,0,D,Agronomie,BAC_1,Savanes,privé,F,2023,ADMIS
1,1,0,1,0,0,14.69,14.11,13.91,-1,13.91,0.6990000000000001,0.495,0.391,0,0,0.0,0.5,0.5,0,F4,Génie Mécanique,BAC_1,Grand Lomé,public,M,2024,ADMIS
1,1,0,1,0,0,10.56,8.78,9.97,1,9.97,0.8144,0.569,-0.002999999999999936,0,0,0.0,0.5,0.5,0,A,Droit,BAC_1,Grand Lomé,public,F,2023,ADMIS
1,1,0,1,0,0,11.67,12.76,12.9,1,12.9,0.7968,0.666,0.29000000000000004,0,0,0.0,0.5,0.5,0,D,Génie Informatique,BAC_1,Grand Lomé,privé,M,2023,ADMIS
1,1,0,1,0,0,10.19,10.52,10.56,1,10.56,0.6619999999999999,0.479,0.05600000000000005,0,0,0.0,0.5,0.5,0,A,Psychologie,BAC_1,Maritime,public,M,2023,ADMIS
1,1,0,1,0,0,7.55,7.8,8.56,1,8.56,0.6242,0.599,-0.14399999999999996,0,0,0.0,0.5,0.5,0,G1,Économie,BAC_1,Plateaux Ouest,public,F,2024,REORIENTE
1,1,0,1,0,0,12.3,10.69,11.53,1,11.53,0.5184,0.555,0.15299999999999994,0,0,0.0,0.5,0.5,0,D,Sciences Forestières,BAC_1,Grand Lomé,public,F,2024,REORIENTE
1,1,0,1,0,0,12.25,12.79,12.91,1,12.91,0.4746,0.837,0.29100000000000004,0,0,0.0,0.5,0.5,0,D,Médecine,BAC_1,Plateaux Ouest,public,F,2024,REORIENTE
1,1,0,1,0,0,6.65,8.78,8.32,-1,8.32,0.5544,0.621,-0.16799999999999998,0,0,0.0,0.5,0.5,0,A,Droit,BAC_1,Grand Lomé,public,F,2024,REORIENTE
1,1,0,1,0,0,9.73,9.91,10.82,1,10.82,0.6888000000000001,0.711,0.08200000000000003,0,0,0.0,0.5,0.5,0,D,Génie Civil,BAC_1,Grand Lomé,privé,M,2024,ADMIS
1,1,0,1,0,0,10.83,10.46,10.46,-1,10.46,0.5489999999999999,0.495,0.04600000000000008,0,0,0.0,0.5,0.5,0,A,Tourisme et Hôtellerie,BAC_1,Centrale,privé,F,2024,REORIENTE
1,1,0,1,0,0,10.83,9.94,10.98,1,10.98,0.7225999999999999,0.371,0.09800000000000005,0,0,0.0,0.5,0.5,0,D,Biologie,BAC_1,Savanes,privé,M,2023,REORIENTE
1,1,0,1,0,0,10.74,10.35,10.53,1,10.53,0.5814,0.765,0.052999999999999936,0,0,0.0,0.5,0.5,0,D,Gestion des Entreprises,BAC_1,Grand Lomé,public,F,2024,ADMIS
1,1,0,1,0,0,10.36,10.22,11.26,1,11.26,0.5138,0.545,0.12599999999999997,0,0,0.0,0.5,0.5,0,D,Géographie,BAC_1,Grand Lomé,public,F,2024,REORIENTE
1,1,0,1,0,0,9.72,10.86,10.89,1,10.89,0.523,0.43,0.08900000000000005,0,0,0.0,0.5,0.5,0,A,Communication et Journalisme,BAC_1,Grand Lomé,public,F,2024,REORIENTE
1,1,0,1,0,0,10.48,8.45,10.01,1,10.01,0.6734,0.548,0.0009999999999999788,0,0,0.0,0.5,0.5,0,D,Sciences de l'Éducation,BAC_1,Plateaux Est,public,F,2023,ADMIS
1,1,0,1,0,0,11.08,11.17,11.7,1,11.7,0.5374,0.397,0.16999999999999993,0,0,0.0,0.5,0.5,0,D,Gestion des Entreprises,BAC_1,Grand Lomé,public,F,2024,REORIENTE
1,1,0,1,0,0,11.3,10.61,11.65,1,11.65,0.6552,0.537,0.16500000000000004,0,0,0.0,0.5,0.5,0,D,Pharmacie,BAC_1,Plateaux Ouest,public,M,2023,ADMIS
1,1,0,1,0,0,11.44,11.13,11.26,1,11.26,0.6858,0.816,0.12599999999999997,0,0,0.0,0.5,0.5,0,D,Informatique,BAC_1,Maritime,privé,F,2024,ADMIS
1,1,0,1,0,0,12.63,13.89,14.59,1,14.59,0.6841999999999999,0.359,0.45899999999999996,0,0,0.0,0.5,0.5,0,A,Histoire,BAC_1,Grand Lomé,public,M,2023,ADMIS
1,1,0,1,0,0,9.63,8.07,8.82,1,8.82,0.6477999999999999,0.421,-0.11799999999999997,0,0,0.0,0.5,0.5,0,A,Sciences Politiques,BAC_1,Savanes,privé,M,2024,REORIENTE
1,1,0,1,0,0,9.16,10.96,11.03,1,11.03,0.5731999999999999,0.563,0.10299999999999994,0,0,0.0,0.5,0.5,0,D,Gestion des Entreprises,BAC_1,Plateaux Est,public,F,2023,ADMIS
1,1,0,1,0,0,5.7,7.85,7.4,-1,7.4,0.5404,0.763,-0.25999999999999995,0,0,0.0,0.5,0.5,0,A,Communication et Journalisme,BAC_1,Savanes,public,M,2024,REORIENTE
1,1,0,1,0,0,6.45,9.02,8.55,-1,8.55,0.7796,0.464,-0.14499999999999993,0,0,0.0,0.5,0.5,0,A,Communication et Journalisme,BAC_1,Grand Lomé,public,F,2023,REORIENTE
1,1,0,1,0,0,11.38,11.83,11.73,-1,11.73,0.6496,0.499,0.17300000000000004,0,0,0.0,0.5,0.5,0,D,Sciences Infirmières,BAC_1,Grand Lomé,public,M,2023,REORIENTE
1,1,0,1,0,0,10.07,8.61,9.1,1,9.1,0.8351999999999999,0.603,-0.09000000000000004,0,0,0.0,0.5,0.5,0,D,Informatique,BAC_1,Grand Lomé,public,F,2023,ADMIS
1,1,0,1,0,0,11.88,10.73,11.51,1,11.51,0.4726,0.514,0.15099999999999997,0,0,0.0,0.5,0.5,0,D,Biologie,BAC_1,Grand Lomé,public,M,2024,REORIENTE
1,1,0,1,0,0,12.32,11.95,12.43,1,12.43,0.6689999999999999,0.381,0.24299999999999997,0,0,0.0,0.5,0.5,0,D,Finance et Comptabilité,BAC_1,Plateaux Est,privé,M,2023,REORIENTE
1,1,0,1,0,0,12.48,12.77,12.5,-1,12.5,0.5372,0.572,0.25,0,0,0.0,0.5,0.5,0,D,Génie Électrique,BAC_1,Grand Lomé,public,F,2024,ADMIS
1,1,0,1,0,0,8.31,8.99,9.69,1,9.69,0.2158,0.319,-0.03100000000000005,0,0,0.0,0.5,0.5,0,F2,Génie Informatique,BAC_1,Centrale,public,F,2023,REORIENTE
1,1,0,1,0,0,14.11,13.23,14.06,1,14.06,0.458,0.665,0.406,0,0,0.0,0.5,0.5,0,D,Pharmacie,BAC_1,Plateaux Ouest,privé,M,2024,ADMIS
1,1,0,1,0,0,9.19,10.73,10.39,-1,10.39,0.4784,0.56,0.039000000000000055,0,0,0.0,0.5,0.5,0,G2,Économie,BAC_1,Grand Lomé,public,M,2023,REORIENTE
1,1,0,1,0,0,12.2,13.09,13.09,-1,13.09,0.5176000000000001,0.604,0.309,0,0,0.0,0.5,0.5,0,D,Sciences Infirmières,BAC_1,Kara,public,F,2023,REORIENTE
1,1,0,1,0,0,8.71,10.55,10.33,-1,10.33,0.503,0.764,0.03300000000000001,0,0,0.0,0.5,0.5,0,D,Médecine,BAC_1,Plateaux Ouest,public,M,2024,REORIENTE
1,1,0,1,0,0,7.23,9.42,9.26,-1,9.26,0.4934,0.485,-0.07400000000000002,0,0,0.0,0.5,0.5,0,D,Tourisme et Hôtellerie,BAC_1,Maritime,privé,M,2024,ADMIS
1,1,0,1,0,0,9.42,8.68,10.13,1,10.13,0.7422,0.381,0.013000000000000077,0,0,0.0,0.5,0.5,0,A,Communication et Journalisme,BAC_1,Savanes,public,F,2023,REORIENTE
1,1,0,1,0,0,8.44,9.03,8.41,-1,8.41,0.5146,0.247,-0.15899999999999997,0,0,0.0,0.5,0.5,0,A,Communication et Journalisme,BAC_1,Maritime,public,F,2023,ADMIS
1,1,0,1,0,0,4.83,5.77,5.47,-1,5.47,0.5036,0.728,-0.453,0,0,0.0,0.5,0.5,0,D,Informatique,BAC_1,Plateaux Ouest,public,F,2024,ADMIS
1,1,0,1,0,0,8.87,8.65,8.56,-1,8.56,0.7204,0.508,-0.14399999999999996,0,0,0.0,0.5,0.5,0,A,Communication et Journalisme,BAC_1,Plateaux Est,privé,M,2024,REORIENTE
1,1,0,1,0,0,11.3,11.23,10.81,-1,10.81,0.46320000000000006,0.657,0.08100000000000004,0,0,0.0,0.5,0.5,0,A,Arts Plastiques,BAC_1,Plateaux Ouest,public,M,2024,REORIENTE
1,1,0,1,0,0,8.45,10.19,10.74,1,10.74,0.8188,0.61,0.07400000000000002,0,0,0.0,0.5,0.5,0,A,Communication et Journalisme,BAC_1,Grand Lomé,privé,M,2023,ADMIS
1,1,0,1,0,0,10.23,10.62,10.25,-1,10.25,0.6699999999999999,0.238,0.025,0,0,0.0,0.5,0.5,0,T1,Génie Mécanique,BAC_1,Plateaux Ouest,public,F,2024,ADMIS
1,1,0,1,0,0,7.63,7.97,8.84,1,8.84,0.5464,0.667,-0.11600000000000002,0,0,0.0,0.5,0.5,0,A,Sciences de l'Éducation,BAC_1,Plateaux Est,public,M,2024,REORIENTE
1,1,0,1,0,0,8.7,9.52,9.04,-1,9.04,0.3274,0.463,-0.09600000000000009,0,0,0.0,0.5,0.5,0,D,Informatique,BAC_1,Centrale,public,F,2024,REORIENTE
1,1,0,1,0,0,9.99,10.88,10.83,-1,10.83,0.45480000000000004,0.558,0.083,0,0,0.0,0.5,0.5,0,D,Sciences de l'Éducation,BAC_1,Savanes,public,M,2024,REORIENTE
1,1,0,1,0,0,14.66,13.09,14.25,1,14.25,0.6834,0.564,0.425,0,0,0.0,0.5,0.5,0,D,Enseignement Primaire,BAC_1,Maritime,public,F,2023,ADMIS
1,1,0,1,0,0,11.29,13.02,12.94,-1,12.94,0.6246,0.609,0.29399999999999993,0,0,0.0,0.5,0.5,0,G3,Finance et Comptabilité,BAC_1,Plateaux Ouest,public,F,2023,REORIENTE
1,1,0,1,0,0,9.13,9.6,10.52,1,10.52,0.8106,0.663,0.051999999999999956,0,0,0.0,0.5,0.5,0,D,Génie Civil,BAC_1,Grand Lomé,public,F,2023,REORIENTE
1,1,0,1,0,0,11.22,9.44,10.17,1,10.17,0.5436,0.483,0.016999999999999994,0,0,0.0,0.5,0.5,0,A,Enseignement Primaire,BAC_1,Kara,public,F,2024,ADMIS
1,1,0,1,0,0,13.32,12.19,12.67,1,12.67,0.5972,0.452,0.267,0,0,0.0,0.5,0.5,0,D,Sciences Infirmières,BAC_1,Maritime,public,M,2023,REORIENTE
1,1,0,1,0,0,11.45,10.43,10.56,1,10.56,0.4838,0.578,0.05600000000000005,0,0,0.0,0.5,0.5,0,A,Géographie,BAC_1,Plateaux Ouest,public,M,2024,REORIENTE
1,1,0,1,0,0,8.56,9.43,9.66,1,9.66,0.29700000000000004,0.372,-0.03399999999999999,0,0,0.0,0.5,0.5,0,D,Génie Civil,BAC_1,Maritime,public,M,2024,ADMIS
1,1,0,1,0,0,12.79,14.29,13.9,-1,13.9,0.8029999999999999,0.719,0.39,0,0,0.0,0.5,0.5,0,A,Histoire,BAC_1,Centrale,public,F,2023,ADMIS
1,1,0,1,0,0,10.45,10.08,11.54,1,11.54,0.419,0.707,0.15399999999999991,0,0,0.0,0.5,0.5,0,D,Sciences de l'Éducation,BAC_1,Plateaux Ouest,public,M,2024,ADMIS
1,1,0,1,0,0,7.63,8.32,8.43,1,8.43,0.5142,0.42,-0.15700000000000003,0,0,0.0,0.5,0.5,0,A,Sciences de l'Éducation,BAC_1,Grand Lomé,public,M,2024,REORIENTE
1,1,0,1,0,0,14.63,14.92,14.07,-1,14.07,0.728,0.335,0.40700000000000003,0,0,0.0,0.5,0.5,0,A,Lettres Modernes,BAC_1,Grand Lomé,privé,M,2023,ADMIS
1,1,0,1,0,0,7.81,8.31,8.38,1,8.38,0.4632,0.375,-0.16199999999999992,0,0,0.0,0.5,0.5,0,A,Psychologie,BAC_1,Grand Lomé,public,F,2024,REORIENTE
1,1,0,1,0,0,9.46,10.05,11.49,1,11.49,0.7114,0.64,0.14900000000000002,0,0,0.0,0.5,0.5,0,A,Anglais,BAC_1,Grand Lomé,public,M,2023,ADMIS
1,1,0,1,0,0,13.48,12.77,12.58,-1,12.58,0.5864,0.53,0.258,0,0,0.0,0.5,0.5,0,A,Psychologie,BAC_1,Grand Lomé,public,F,2024,REORIENTE
1,1,0,1,0,0,9.18,10.59,10.48,-1,10.48,0.6512,0.641,0.04800000000000004,0,0,0.0,0.5,0.5,0,B,Tourisme et Hôtellerie,BAC_1,Maritime,privé,M,2023,REORIENTE
1,1,0,1,0,0,7.39,8.82,8.94,1,8.94,0.637,0.499,-0.10600000000000005,0,0,0.0,0.5,0.5,0,A,Communication et Journalisme,BAC_1,Grand Lomé,public,F,2024,REORIENTE
1,1,0,1,0,0,9.22,8.93,9.28,1,9.28,0.514,0.565,-0.07200000000000006,0,0,0.0,0.5,0.5,0,A,Communication et Journalisme,BAC_1,Plateaux Ouest,privé,M,2024,REORIENTE
1,1,0,1,0,0,9.26,9.47,10.45,1,10.45,0.7464000000000001,0.528,0.04499999999999993,0,0,0.0,0.5,0.5,0,D,STAPS (Activités Physiques et Sportives),BAC_1,Grand Lomé,public,F,2023,REORIENTE
1,1,0,1,0,0,10.92,9.99,11.06,1,11.06,0.4623999999999999,0.715,0.10600000000000005,0,0,0.0,0.5,0.5,0,D,Génie Civil,BAC_1,Plateaux Ouest,public,M,2024,REORIENTE
1,1,0,1,0,0,11.15,12.99,13.65,1,13.65,0.4606,0.451,0.36500000000000005,0,0,0.0,0.5,0.5,0,D,Informatique,BAC_1,Maritime,public,F,2024,REORIENTE
1,1,0,1,0,0,8.33,7.39,8.06,1,8.06,0.7136,0.557,-0.19399999999999995,0,0,0.0,0.5,0.5,0,A,Anglais,BAC_1,Centrale,public,M,2023,REORIENTE
1,1,0,1,0,0,9.75,12.49,12.13,-1,12.13,0.6364000000000001,0.58,0.21300000000000008,0,0,0.0,0.5,0.5,0,A,Arts Plastiques,BAC_1,Kara,privé,F,2024,ADMIS
1,1,0,1,0,0,15.51,13.63,15.38,1,15.38,0.7328,0.413,0.538,0,0,0.0,0.5,0.5,0,A,Arts Plastiques,BAC_1,Plateaux Ouest,privé,F,2023,ADMIS
1,1,0,1,0,0,7.4,9.49,9.9,1,9.9,0.25660000000000005,0.433,-0.009999999999999964,0,0,0.0,0.5,0.5,0,D,Informatique,BAC_1,Kara,public,F,2024,REORIENTE
1,1,0,1,0,0,8.77,7.31,9.03,1,9.03,0.4164,0.336,-0.09700000000000006,0,0,0.0,0.5,0.5,0,A,Géographie,BAC_1,Savanes,public,M,2024,REORIENTE
1,1,0,1,0,0,5.78,6.7,7.69,1,7.69,0.6854,0.515,-0.23099999999999996,0,0,0.0,0.5,0.5,0,D,Gestion des Entreprises,BAC_1,Plateaux Est,public,F,2023,REORIENTE
1,1,0,1,0,0,8.86,8.85,9.06,1,9.06,0.2944,0.586,-0.09399999999999994,0,0,0.0,0.5,0.5,0,D,Gestion des Entreprises,BAC_1,Plateaux Est,public,F,2024,REORIENTE
1,1,0,1,0,0,11.64,8.21,9.92,1,9.92,0.6392,0.338,-0.008000000000000007,0,0,0.0,0.5,0.5,0,D,Psychologie,BAC_1,Grand Lomé,public,M,2023,ADMIS
1,1,0,1,0,0,9.84,10.48,9.95,-1,9.95,0.7789999999999999,0.722,-0.005000000000000071,0,0,0.0,0.5,0.5,0,A,Lettres Modernes,BAC_1,Plateaux Est,public,F,2023,REORIENTE
1,1,0,1,0,0,9.19,10.44,9.62,-1,9.62,0.7144,0.445,-0.038000000000000075,0,0,0.0,0.5,0.5,0,A,Communication et Journalisme,BAC_1,Grand Lomé,privé,M,2023,REORIENTE
1,1,0,1,0,0,7.51,6.31,6.84,1,6.84,0.7203999999999999,0.34,-0.316,0,0,0.0,0.5,0.5,0,A,Lettres Modernes,BAC_1,Centrale,privé,M,2023,ADMIS
1,1,0,1,0,0,10.3,11.32,10.67,-1,10.67,0.8300000000000001,0.707,0.06699999999999999,0,0,0.0,0.5,0.5,0,D,Tourisme et Hôtellerie,BAC_1,Grand Lomé,privé,M,2023,REORIENTE
1,1,0,1,0,0,7.06,8.51,7.78,-1,7.78,0.6338,0.425,-0.22199999999999998,0,0,0.0,0.5,0.5,0,D,Génie Électrique,BAC_1,Savanes,privé,M,2024,REORIENTE
1,1,0,1,0,0,9.21,11.18,10.48,-1,10.48,0.7092,0.336,0.04800000000000004,0,0,0.0,0.5,0.5,0,A,Lettres Modernes,BAC_1,Kara,privé,F,2023,ADMIS
1,1,0,1,0,0,11.55,10.92,11.01,1,11.01,0.5064,0.543,0.10099999999999998,0,0,0.0,0.5,0.5,0,A,Communication et Journalisme,BAC_1,Maritime,public,M,2024,REORIENTE
1,1,0,1,0,0,8.63,7.36,8.17,1,8.17,0.6332,0.728,-0.183,0,0,0.0,0.5,0.5,0,G2,Économie,BAC_1,Grand Lomé,public,M,2024,ADMIS
1,1,0,1,0,0,3.95,7.06,7.04,-1,7.04,0.5548,0.532,-0.296,0,0,0.0,0.5,0.5,0,A,Droit,BAC_1,Savanes,public,F,2024,REORIENTE
1,1,0,1,0,0,11.6,11.74,12.12,1,12.12,0.7118,0.515,0.2119999999999999,0,0,0.0,0.5,0.5,0,D,Gestion des Entreprises,BAC_1,Maritime,public,F,2023,ADMIS
1,1,0,1,0,0,8.09,8.95,9.38,1,9.38,0.6414,0.585,-0.06199999999999992,0,0,0.0,0.5,0.5,0,A,Tourisme et Hôtellerie,BAC_1,Centrale,public,M,2023,ADMIS
1,1,0,1,0,0,12.47,13.08,13.23,1,13.23,0.5706,0.426,0.32300000000000006,0,0,0.0,0.5,0.5,0,D,Pharmacie,BAC_1,Maritime,public,F,2023,ADMIS
1,1,0,1,0,0,9.79,9.48,9.22,-1,9.22,0.38539999999999996,0.512,-0.07799999999999993,0,0,0.0,0.5,0.5,0,D,Psychologie,BAC_1,Maritime,privé,F,2024,ADMIS
1,1,0,1,0,0,9.26,7.92,8.25,1,8.25,0.3378,0.501,-0.175,0,0,0.0,0.5,0.5,0,D,Psychologie,BAC_1,Centrale,public,F,2024,REORIENTE
1,1,0,1,0,0,8.36,9.4,10.08,1,10.08,0.2832,0.555,0.008000000000000007,0,0,0.0,0.5,0.5,0,A,Sociologie,BAC_1,Centrale,public,F,2024,ADMIS
1,1,0,1,0,0,7.03,7.55,8.17,1,8.17,0.7152,0.567,-0.183,0,0,0.0,0.5,0.5,0,D,Gestion des Entreprises,BAC_1,Maritime,public,F,2023,REORIENTE
1,1,0,1,0,0,12.49,13.48,13.13,-1,13.13,0.704,0.518,0.31300000000000006,0,0,0.0,0.5,0.5,0,D,Informatique,BAC_1,Grand Lomé,public,M,2023,REORIENTE
1,1,0,1,0,0,8.62,10.11,10.19,1,10.19,0.79,0.694,0.01899999999999995,0,0,0.0,0.5,0.5,0,D,Biologie,BAC_1,Grand Lomé,public,F,2023,ADMIS
1,1,0,1,0,0,11.36,11.39,11.97,1,11.97,0.5306,0.539,0.19700000000000006,0,0,0.0,0.5,0.5,0,D,Agronomie,BAC_1,Plateaux Est,public,F,2023,REORIENTE
1,1,0,1,0,0,13.27,14.12,14.06,-1,14.06,0.761,0.677,0.406,0,0,0.0,0.5,0.5,0,D,Informatique,BAC_1,Plateaux Ouest,privé,M,2023,ADMIS
1,1,0,1,0,0,11.13,13.04,12.98,-1,12.98,0.524,0.413,0.29800000000000004,0,0,0.0,0.5,0.5,0,D,Histoire,BAC_1,Kara,privé,M,2024,ADMIS
1,1,0,1,0,0,8.19,9.23,9.61,1,9.61,0.6437999999999999,0.555,-0.039000000000000055,0,0,0.0,0.5,0.5,0,A,Lettres Modernes,BAC_1,Kara,privé,M,2024,ADMIS
1,1,0,1,0,0,5.85,5.19,5.99,1,5.99,0.5871999999999999,0.361,-0.40099999999999997,0,0,0.0,0.5,0.5,0,D,Sciences de l'Éducation,BAC_1,Grand Lomé,public,F,2024,REORIENTE
1,1,0,1,0,0,5.38,6.48,7.47,1,7.47,0.64,0.685,-0.253,0,0,0.0,0.5,0.5,0,D,Psychologie,BAC_1,Maritime,public,M,2023,REORIENTE
1,1,0,1,0,0,10.44,10.05,10.23,1,10.23,0.6078,0.591,0.02300000000000004,0,0,0.0,0.5,0.5,0,D,Finance et Comptabilité,BAC_1,Grand Lomé,public,F,2023,ADMIS
1,1,0,1,0,0,13.03,12.98,13.22,1,13.22,0.4486,0.529,0.32200000000000006,0,0,0.0,0.5,0.5,0,A,Droit,BAC_1,Centrale,public,F,2024,REORIENTE
1,1,0,1,0,0,9.34,7.84,9.24,1,9.24,0.4646,0.827,-0.07599999999999998,0,0,0.0,0.5,0.5,0,D,Finance et Comptabilité,BAC_1,Centrale,privé,M,2024,REORIENTE
1,1,0,1,0,0,10.9,12.14,12.41,1,12.41,0.8171999999999999,0.588,0.24100000000000002,0,0,0.0,0.5,0.5,0,D,Médecine,BAC_1,Savanes,public,M,2023,ADMIS
1,1,0,1,0,0,10.91,10.85,12.08,1,12.08,0.6459999999999999,0.907,0.20800000000000002,0,0,0.0,0.5,0.5,0,A,STAPS (Activités Physiques et Sportives),BAC_1,Maritime,public,M,2024,REORIENTE
1,1,0,1,0,0,8.04,8.08,9.48,1,9.48,0.482,0.587,-0.051999999999999956,0,0,0.0,0.5,0.5,0,A,Sciences de l'Éducation,BAC_1,Plateaux Est,public,F,2024,REORIENTE
1,1,0,1,0,0,10.0,9.38,9.91,1,9.91,0.4764,0.504,-0.008999999999999985,0,0,0.0,0.5,0.5,0,G2,Gestion des Entreprises,BAC_1,Plateaux Ouest,public,M,2023,ADMIS
1,1,0,1,0,0,10.08,10.57,10.9,1,10.9,0.5118,0.555,0.09000000000000004,0,0,0.0,0.5,0.5,0,D,Informatique,BAC_1,Maritime,public,M,2024,REORIENTE
1,1,0,1,0,0,8.67,7.18,7.99,1,7.99,0.5392,0.517,-0.20099999999999998,0,0,0.0,0.5,0.5,0,A,Sciences de l'Éducation,BAC_1,Grand Lomé,public,M,2024,ADMIS
1,1,0,1,0,0,7.48,7.78,8.39,1,8.39,0.6861999999999999,0.595,-0.16099999999999995,0,0,0.0,0.5,0.5,0,A,Communication et Journalisme,BAC_1,Grand Lomé,public,M,2024,REORIENTE
1,1,0,1,0,0,9.66,11.09,11.13,1,11.13,0.5724,0.519,0.11300000000000007,0,0,0.0,0.5,0.5,0,A,Communication et Journalisme,BAC_1,Plateaux Ouest,privé,M,2024,REORIENTE
1,1,0,1,0,0,9.81,9.8,8.87,-1,8.87,0.8448,0.627,-0.11300000000000007,0,0,0.0,0.5,0.5,0,A,Lettres Modernes,BAC_1,Grand Lomé,privé,M,2024,ADMIS
1,1,0,1,0,0,12.3,12.08,12.9,1,12.9,0.6998,0.488,0.29000000000000004,0,0,0.0,0.5,0.5,0,A,Droit,BAC_1,Grand Lomé,public,M,2023,ADMIS
1,1,0,1,0,0,10.42,12.84,12.75,-1,12.75,0.724,0.586,0.275,0,0,0.0,0.5,0.5,0,A,Histoire,BAC_1,Grand Lomé,public,F,2023,ADMIS
1,1,0,1,0,0,10.96,11.63,11.79,1,11.79,0.6686,0.425,0.1789999999999999,0,0,0.0,0.5,0.5,0,A,Sociologie,BAC_1,Kara,public,M,2023,ADMIS
1,1,0,1,0,0,12.86,11.83,13.47,1,13.47,0.4494,0.477,0.3470000000000001,0,0,0.0,0.5,0.5,0,A,Sciences Politiques,BAC_1,Plateaux Est,privé,F,2024,REORIENTE
1,1,0,1,0,0,9.65,9.61,9.65,1,9.65,0.5852,0.512,-0.03499999999999996,0,0,0.0,0.5,0.5,0,A,Anglais,BAC_1,Kara,privé,F,2024,REORIENTE
1,1,0,1,0,0,8.25,10.72,11.24,1,11.24,0.5882,0.566,0.12400000000000003,0,0,0.0,0.5,0.5,0,A,Sciences de l'Éducation,BAC_1,Kara,public,F,2024,ADMIS
1,1,0,1,0,0,8.12,7.23,8.34,1,8.34,0.48,0.579,-0.166,0,0,0.0,0.5,0.5,0,D,Informatique,BAC_1,Plateaux Est,public,M,2024,REORIENTE
1,1,0,1,0,0,6.81,6.8,8.32,1,8.32,0.47359999999999997,0.461,-0.16799999999999998,0,0,0.0,0.5,0.5,0,A,Lettres Modernes,BAC_1,Kara,privé,F,2024,REORIENTE
1,1,0,1,0,0,8.97,9.4,9.3,-1,9.3,0.7516,0.394,-0.06999999999999992,0,0,0.0,0.5,0.5,0,D,Histoire,BAC_1,Grand Lomé,privé,M,2023,ADMIS
1,1,0,1,0,0,10.62,10.41,10.66,1,10.66,0.7134,0.468,0.06600000000000002,0,0,0.0,0.5,0.5,0,D,Agronomie,BAC_1,Grand Lomé,public,M,2023,ADMIS
1,1,0,1,0,0,9.08,9.64,9.94,1,9.94,0.772,0.445,-0.0060000000000000496,0,0,0.0,0.5,0.5,0,A,Enseignement Primaire,BAC_1,Grand Lomé,public,F,2023,REORIENTE
1,1,0,1,0,0,6.52,6.45,7.53,1,7.53,0.7416,0.714,-0.24699999999999997,0,0,0.0,0.5,0.5,0,A,Communication et Journalisme,BAC_1,Grand Lomé,privé,F,2024,REORIENTE
1,1,0,1,0,0,13.52,12.62,12.83,1,12.83,0.5896,0.55,0.28300000000000003,0,0,0.0,0.5,0.5,0,A,Arts Plastiques,BAC_1,Grand Lomé,public,F,2024,ADMIS
1,1,0,1,0,0,12.91,13.33,13.09,-1,13.09,0.4804,0.286,0.309,0,0,0.0,0.5,0.5,0,A,Sciences de l'Éducation,BAC_1,Plateaux Ouest,public,M,2024,ADMIS
1,1,0,1,0,0,10.13,10.07,10.45,1,10.45,0.5733999999999999,0.484,0.04499999999999993,0,0,0.0,0.5,0.5,0,G3,Gestion des Entreprises,BAC_1,Plateaux Est,public,M,2024,REORIENTE
1,1,0,1,0,0,10.25,12.65,12.71,1,12.71,0.2894,0.254,0.2710000000000001,0,0,0.0,0.5,0.5,0,D,Histoire,BAC_1,Kara,public,M,2024,ADMIS
1,1,0,1,0,0,7.61,8.99,8.62,-1,8.62,0.6088,0.796,-0.13800000000000007,0,0,0.0,0.5,0.5,0,D,Gestion des Entreprises,BAC_1,Savanes,public,F,2024,REORIENTE
1,1,0,1,0,0,7.29,9.37,9.48,1,9.48,0.3582,0.501,-0.051999999999999956,0,0,0.0,0.5,0.5,0,A,Droit,BAC_1,Savanes,public,F,2024,REORIENTE
1,1,0,1,0,0,9.82,10.3,9.94,-1,9.94,0.5347999999999999,0.488,-0.0060000000000000496,0,0,0.0,0.5,0.5,0,D,Agronomie,BAC_1,Kara,public,F,2024,REORIENTE
1,1,0,1,0,0,5.0,4.26,5.55,1,5.55,0.8404,0.616,-0.445,0,0,0.0,0.5,0.5,0,D,Sciences de l'Éducation,BAC_1,Grand Lomé,public,M,2023,REORIENTE
1,1,0,1,0,0,8.01,8.53,8.83,1,8.83,0.48119999999999996,0.354,-0.11699999999999999,0,0,0.0,0.5,0.5,0,A,Enseignement Primaire,BAC_1,Plateaux Ouest,public,M,2023,REORIENTE
1,1,0,1,0,0,7.17,7.29,8.07,1,8.07,0.4806,0.375,-0.19299999999999998,0,0,0.0,0.5,0.5,0,D,Sociologie,BAC_1,Plateaux Ouest,public,F,2023,ADMIS
1,1,0,1,0,0,8.15,7.01,8.08,1,8.08,0.612,0.324,-0.192,0,0,0.0,0.5,0.5,0,A,Communication et Journalisme,BAC_1,Grand Lomé,privé,M,2024,ADMIS
1,1,0,1,0,0,8.06,10.47,9.9,-1,9.9,0.661,0.553,-0.009999999999999964,0,0,0.0,0.5,0.5,0,A,Droit,BAC_1,Grand Lomé,privé,F,2024,ADMIS
1,1,0,1,0,0,8.97,9.38,9.67,1,9.67,0.49100000000000005,0.536,-0.03300000000000001,0,0,0.0,0.5,0.5,0,A,Sciences de l'Éducation,BAC_1,Plateaux Est,public,M,2024,ADMIS
1,1,0,1,0,0,12.38,11.71,12.38,1,12.38,0.2868,0.408,0.23800000000000007,0,0,0.0,0.5,0.5,0,D,Tourisme et Hôtellerie,BAC_1,Grand Lomé,public,F,2024,ADMIS
1,1,0,1,0,0,8.43,8.68,8.66,-1,8.66,0.706,0.634,-0.13399999999999998,0,0,0.0,0.5,0.5,0,C,Informatique,BAC_1,Maritime,public,F,2024,ADMIS
1,1,0,1,0,0,10.28,10.44,10.39,-1,10.39,0.4674,0.606,0.039000000000000055,0,0,0.0,0.5,0.5,0,D,Sciences Infirmières,BAC_1,Centrale,privé,F,2024,ADMIS
1,1,0,1,0,0,10.3,9.36,10.9,1,10.9,0.587,0.47,0.09000000000000004,0,0,0.0,0.5,0.5,0,C,Économie,BAC_1,Plateaux Ouest,public,F,2024,REORIENTE
1,1,0,1,0,0,12.89,12.07,13.44,1,13.44,0.6084,0.783,0.344,0,0,0.0,0.5,0.5,0,G3,Finance et Comptabilité,BAC_1,Maritime,public,F,2023,ADMIS
1,1,0,1,0,0,10.25,11.65,11.96,1,11.96,0.5062,0.556,0.1960000000000001,0,0,0.0,0.5,0.5,0,A,Psychologie,BAC_1,Centrale,public,F,2024,REORIENTE
1,1,0,1,0,0,5.17,7.16,7.31,1,7.31,0.6766,0.403,-0.269,0,0,0.0,0.5,0.5,0,A,Communication et Journalisme,BAC_1,Plateaux Ouest,public,M,2023,REORIENTE
1,1,0,1,0,0,9.67,8.73,9.86,1,9.86,0.7556,0.455,-0.014000000000000058,0,0,0.0,0.5,0.5,0,D,Gestion des Entreprises,BAC_1,Grand Lomé,privé,F,2023,ADMIS
1,1,0,1,0,0,9.13,9.17,10.25,1,10.25,0.4324,0.472,0.025,0,0,0.0,0.5,0.5,0,D,Géographie,BAC_1,Plateaux Ouest,privé,M,2024,REORIENTE
1,1,0,1,0,0,8.92,7.71,7.62,-1,7.62,0.4524,0.381,-0.238,0,0,0.0,0.5,0.5,0,D,Biologie,BAC_1,Plateaux Est,public,F,2023,REORIENTE
1,1,0,1,0,0,8.23,8.83,9.96,1,9.96,0.5282,0.509,-0.003999999999999915,0,0,0.0,0.5,0.5,0,A,Sociologie,BAC_1,Maritime,public,F,2024,REORIENTE
1,1,0,1,0,0,12.83,13.15,13.09,-1,13.09,0.5922,0.417,0.309,0,0,0.0,0.5,0.5,0,D,Gestion des Entreprises,BAC_1,Plateaux Est,privé,M,2023,ADMIS
1,1,0,1,0,0,10.94,12.53,12.42,-1,12.42,0.5668,0.529,0.242,0,0,0.0,0.5,0.5,0,D,Sciences Infirmières,BAC_1,Grand Lomé,privé,F,2024,ADMIS
1,1,0,1,0,0,13.74,12.82,12.63,-1,12.63,0.7478,0.602,0.26300000000000007,0,0,0.0,0.5,0.5,0,A,Enseignement Primaire,BAC_1,Kara,privé,M,2023,ADMIS
1,1,0,1,0,0,3.44,3.44,4.01,1,4.01,0.6396,0.489,-0.599,0,0,0.0,0.5,0.5,0,A,Anglais,BAC_1,Grand Lomé,privé,M,2024,REORIENTE
1,1,0,1,0,0,8.72,8.73,9.11,1,9.11,0.4038,0.432,-0.08900000000000005,0,0,0.0,0.5,0.5,0,D,Génie Informatique,BAC_1,Plateaux Ouest,public,F,2024,ADMIS
1,1,0,1,0,0,6.62,7.6,7.78,1,7.78,0.5636000000000001,0.587,-0.22199999999999998,0,0,0.0,0.5,0.5,0,G2,Économie,BAC_1,Grand Lomé,public,F,2023,REORIENTE
1,1,0,1,0,0,13.73,12.88,13.08,1,13.08,0.6286,0.574,0.308,0,0,0.0,0.5,0.5,0,D,Gestion des Entreprises,BAC_1,Centrale,public,F,2023,ADMIS
1,1,0,1,0,0,11.32,9.72,9.63,-1,9.63,0.4888,0.466,-0.03699999999999992,0,0,0.0,0.5,0.5,0,A,Enseignement Primaire,BAC_1,Maritime,public,M,2024,REORIENTE
1,1,0,1,0,0,10.66,10.01,11.41,1,11.41,0.651,0.753,0.14100000000000001,0,0,0.0,0.5,0.5,0,D,Finance et Comptabilité,BAC_1,Kara,public,F,2024,ADMIS
1,1,0,1,0,0,15.01,14.4,14.71,1,14.71,0.6808,0.445,0.4710000000000001,0,0,0.0,0.5,0.5,0,A,STAPS (Activités Physiques et Sportives),BAC_1,Centrale,public,M,2023,ADMIS
1,1,0,1,0,0,11.78,12.59,13.14,1,13.14,0.5264,0.524,0.31400000000000006,0,0,0.0,0.5,0.5,0,D,Tourisme et Hôtellerie,BAC_1,Grand Lomé,public,M,2024,ADMIS
1,1,0,1,0,0,6.72,7.34,8.44,1,8.44,0.6946,0.745,-0.15600000000000006,0,0,0.0,0.5,0.5,0,A,Droit,BAC_1,Centrale,public,F,2023,REORIENTE
1,1,0,1,0,0,8.05,9.23,8.85,-1,8.85,0.394,0.475,-0.11500000000000003,0,0,0.0,0.5,0.5,0,D,Sociologie,BAC_1,Maritime,public,M,2024,REORIENTE
1,1,0,1,0,0,11.37,12.25,12.84,1,12.84,0.7125999999999999,0.52,0.284,0,0,0.0,0.5,0.5,0,D,Génie Informatique,BAC_1,Plateaux Ouest,public,M,2023,REORIENTE
1,1,0,1,0,0,9.97,9.53,10.03,1,10.03,0.4154,0.437,0.002999999999999936,0,0,0.0,0.5,0.5,0,D,Agronomie,BAC_1,Savanes,privé,M,2024,REORIENTE
1,1,0,1,0,0,12.96,12.97,13.58,1,13.58,0.6890000000000001,0.395,0.358,0,0,0.0,0.5,0.5,0,A,Anglais,BAC_1,Plateaux Ouest,public,M,2023,ADMIS
1,1,0,1,0,0,8.02,8.21,8.32,1,8.32,0.656,0.452,-0.16799999999999998,0,0,0.0,0.5,0.5,0,B,Histoire,BAC_1,Plateaux Est,privé,M,2024,ADMIS
1,1,0,1,0,0,12.26,12.56,12.83,1,12.83,0.2902,0.265,0.28300000000000003,0,0,0.0,0.5,0.5,0,A,Lettres Modernes,BAC_1,Grand Lomé,public,M,2024,ADMIS
1,1,0,1,0,0,12.87,15.21,14.49,-1,14.49,0.7894,0.562,0.449,0,0,0.0,0.5,0.5,0,F4,Génie Civil,BAC_1,Maritime,privé,M,2023,ADMIS
1,1,0,1,0,0,13.68,14.7,14.25,-1,14.25,0.5544,0.417,0.425,0,0,0.0,0.5,0.5,0,D,Médecine,BAC_1,Plateaux Ouest,privé,M,2023,REORIENTE
1,1,0,1,0,0,9.55,9.7,10.11,1,10.11,0.8196,0.564,0.010999999999999944,0,0,0.0,0.5,0.5,0,D,Médecine,BAC_1,Grand Lomé,privé,M,2023,REORIENTE
1,1,0,1,0,0,10.93,9.96,11.57,1,11.57,0.5348,0.683,0.15700000000000003,0,0,0.0,0.5,0.5,0,A,Tourisme et Hôtellerie,BAC_1,Maritime,public,F,2024,REORIENTE
1,1,0,1,0,0,12.28,13.02,13.12,1,13.12,0.4644,0.417,0.31199999999999994,0,0,0.0,0.5,0.5,0,G2,Banque et Assurance,BAC_1,Savanes,public,F,2024,REORIENTE
1,1,0,1,0,0,9.84,10.13,10.78,1,10.78,0.5576,0.566,0.07799999999999993,0,0,0.0,0.5,0.5,0,A,Histoire,BAC_1,Kara,public,F,2024,REORIENTE
1,1,0,1,0,0,9.23,9.26,11.09,1,11.09,0.6576,0.486,0.10899999999999999,0,0,0.0,0.5,0.5,0,D,Sociologie,BAC_1,Centrale,public,F,2023,REORIENTE
1,1,0,1,0,0,8.81,8.88,9.5,1,9.5,0.7001999999999999,0.399,-0.05,0,0,0.0,0.5,0.5,0,A,Sciences de l'Éducation,BAC_1,Plateaux Ouest,public,M,2023,ADMIS
1,1,0,1,0,0,10.85,9.67,10.76,1,10.76,0.623,0.416,0.07599999999999998,0,0,0.0,0.5,0.5,0,A,Géographie,BAC_1,Centrale,public,M,2023,ADMIS
1,1,0,1,0,0,15.21,14.16,14.17,1,14.17,0.635,0.317,0.417,0,0,0.0,0.5,0.5,0,A,Lettres Modernes,BAC_1,Grand Lomé,public,M,2023,ADMIS
1,1,0,1,0,0,11.53,13.98,12.79,-1,12.79,0.8286,0.84,0.2789999999999999,0,0,0.0,0.5,0.5,0,D,Sciences Infirmières,BAC_1,Kara,public,M,2023,REORIENTE
1,1,0,1,0,0,7.04,9.39,9.45,1,9.45,0.5158,0.334,-0.05500000000000007,0,0,0.0,0.5,0.5,0,G3,Banque et Assurance,BAC_1,Grand Lomé,privé,M,2023,REORIENTE
1,1,0,1,0,0,8.22,7.75,8.5,1,8.5,0.6006,0.636,-0.15,0,0,0.0,0.5,0.5,0,A,Droit,BAC_1,Grand Lomé,public,F,2024,REORIENTE
1,1,0,1,0,0,8.25,8.51,9.31,1,9.31,0.7644,0.498,-0.06899999999999995,0,0,0.0,0.5,0.5,0,A,Droit,BAC_1,Maritime,public,F,2023,ADMIS
1,1,0,1,0,0,5.71,8.19,7.28,-1,7.28,0.3734,0.641,-0.27199999999999996,0,0,0.0,0.5,0.5,0,D,Informatique,BAC_1,Savanes,privé,F,2024,REORIENTE
1,1,0,1,0,0,8.29,8.77,8.7,-1,8.7,0.4438,0.661,-0.13000000000000006,0,0,0.0,0.5,0.5,0,D,Sciences Environnementales,BAC_1,Kara,public,F,2024,REORIENTE
1,1,0,1,0,0,9.55,9.04,9.02,-1,9.02,0.5372,0.557,-0.09800000000000005,0,0,0.0,0.5,0.5,0,A,Lettres Modernes,BAC_1,Grand Lomé,public,F,2024,REORIENTE
1,1,0,1,0,0,7.26,10.16,9.13,-1,9.13,0.29560000000000003,0.505,-0.08699999999999992,0,0,0.0,0.5,0.5,0,D,STAPS (Activités Physiques et Sportives),BAC_1,Plateaux Ouest,public,F,2024,REORIENTE
1,1,0,1,0,0,10.95,10.48,11.99,1,11.99,0.3316,0.469,0.199,0,0,0.0,0.5,0.5,0,D,Agronomie,BAC_1,Plateaux Est,public,M,2024,REORIENTE
1,1,0,1,0,0,7.44,8.86,9.22,1,9.22,0.5254,0.574,-0.07799999999999993,0,0,0.0,0.5,0.5,0,A,Enseignement Primaire,BAC_1,Maritime,public,M,2024,ADMIS
1,1,0,1,0,0,11.02,10.34,11.83,1,11.83,0.7063999999999999,0.5,0.183,0,0,0.0,0.5,0.5,0,A,Communication et Journalisme,BAC_1,Savanes,public,M,2023,ADMIS
1,1,0,1,0,0,9.88,9.59,10.08,1,10.08,0.6852,0.48,0.008000000000000007,0,0,0.0,0.5,0.5,0,A,Anglais,BAC_1,Plateaux Est,public,F,2023,ADMIS
1,1,0,1,0,0,7.45,10.76,10.12,-1,10.12,0.5408,0.497,0.011999999999999922,0,0,0.0,0.5,0.5,0,D,Enseignement Primaire,BAC_1,Plateaux Ouest,privé,F,2024,REORIENTE
1,1,0,1,0,0,9.2,8.1,9.38,1,9.38,0.6268,0.655,-0.06199999999999992,0,0,0.0,0.5,0.5,0,A,Droit,BAC_1,Grand Lomé,public,M,2024,REORIENTE
1,1,0,1,0,0,11.84,11.48,11.38,-1,11.38,0.5558000000000001,0.491,0.13800000000000007,0,0,0.0,0.5,0.5,0,D,STAPS (Activités Physiques et Sportives),BAC_1,Grand Lomé,public,M,2024,ADMIS
1,1,0,1,0,0,8.47,8.5,8.14,-1,8.14,0.524,0.491,-0.18599999999999994,0,0,0.0,0.5,0.5,0,A,Géographie,BAC_1,Kara,public,M,2024,ADMIS
1,1,0,1,0,0,12.87,12.75,12.37,-1,12.37,0.6654,0.444,0.23699999999999993,0,0,0.0,0.5,0.5,0,D,Médecine,BAC_1,Grand Lomé,public,M,2023,REORIENTE
1,1,0,1,0,0,9.01,8.98,8.55,-1,8.55,0.667,0.466,-0.14499999999999993,0,0,0.0,0.5,0.5,0,F1,Génie Civil,BAC_1,Plateaux Ouest,public,M,2024,REORIENTE
1,1,0,1,0,0,10.78,12.39,12.04,-1,12.04,0.45820000000000005,0.646,0.2039999999999999,0,0,0.0,0.5,0.5,0,A,Géographie,BAC_1,Plateaux Ouest,public,M,2024,REORIENTE
1,1,0,1,0,0,12.14,12.83,13.43,1,13.43,0.7238,0.599,0.34299999999999997,0,0,0.0,0.5,0.5,0,A,Enseignement Primaire,BAC_1,Kara,public,F,2023,ADMIS
1,1,0,1,0,0,9.66,11.62,11.85,1,11.85,0.7156,0.625,0.18499999999999997,0,0,0.0,0.5,0.5,0,A,STAPS (Activités Physiques et Sportives),BAC_1,Kara,privé,F,2023,ADMIS
1,1,0,1,0,0,9.5,9.65,10.91,1,10.91,0.6544,0.535,0.09100000000000001,0,0,0.0,0.5,0.5,0,D,Gestion des Entreprises,BAC_1,Centrale,privé,M,2023,ADMIS
1,1,0,1,0,0,7.6,7.91,8.67,1,8.67,0.6372,0.408,-0.133,0,0,0.0,0.5,0.5,0,D,Informatique,BAC_1,Kara,public,M,2023,ADMIS
1,1,0,1,0,0,9.19,8.59,8.86,1,8.86,0.44260000000000005,0.292,-0.11400000000000006,0,0,0.0,0.5,0.5,0,A,Droit,BAC_1,Centrale,privé,M,2024,REORIENTE
1,1,0,1,0,0,10.87,11.81,12.56,1,12.56,0.21200000000000002,0.38,0.25600000000000006,0,0,0.0,0.5,0.5,0,D,Gestion des Entreprises,BAC_1,Plateaux Ouest,public,M,2024,ADMIS
1,1,0,1,0,0,11.07,12.15,12.02,-1,12.02,0.5824,0.565,0.20199999999999996,0,0,0.0,0.5,0.5,0,D,Sciences Infirmières,BAC_1,Maritime,public,F,2023,ADMIS
1,1,0,1,0,0,8.08,8.42,9.33,1,9.33,0.7536,0.399,-0.06699999999999999,0,0,0.0,0.5,0.5,0,D,Biologie,BAC_1,Grand Lomé,privé,M,2023,ADMIS
1,1,0,1,0,0,12.46,13.84,14.11,1,14.11,0.3794,0.446,0.4109999999999999,0,0,0.0,0.5,0.5,0,D,Sciences Environnementales,BAC_1,Plateaux Est,public,F,2024,ADMIS
1,1,0,1,0,0,11.2,12.17,11.53,-1,11.53,0.396,0.426,0.15299999999999994,0,0,0.0,0.5,0.5,0,A,Géographie,BAC_1,Kara,public,M,2024,REORIENTE
1,1,0,1,0,0,8.51,8.09,8.08,-1,8.08,0.6136,0.574,-0.192,0,0,0.0,0.5,0.5,0,D,Sciences Environnementales,BAC_1,Centrale,privé,F,2023,REORIENTE
1,1,0,1,0,0,8.61,8.15,8.8,1,8.8,0.2572,0.493,-0.11999999999999993,0,0,0.0,0.5,0.5,0,D,Gestion des Entreprises,BAC_1,Plateaux Est,public,M,2024,REORIENTE
1,1,0,1,0,0,7.53,7.73,8.74,1,8.74,0.38880000000000003,0.567,-0.12599999999999997,0,0,0.0,0.5,0.5,0,D,Informatique,BAC_1,Centrale,public,M,2024,REORIENTE
1,1,0,1,0,0,8.84,8.29,9.68,1,9.68,0.586,0.517,-0.03200000000000003,0,0,0.0,0.5,0.5,0,D,Gestion des Entreprises,BAC_1,Kara,public,M,2023,ADMIS
1,1,0,1,0,0,11.52,10.4,11.22,1,11.22,0.6941999999999999,0.462,0.12200000000000007,0,0,0.0,0.5,0.5,0,D,Histoire,BAC_1,Savanes,public,M,2023,ADMIS
1,1,0,1,0,0,8.95,9.9,10.0,1,10.0,0.6262000000000001,0.268,0.0,0,0,0.0,0.5,0.5,0,A,Histoire,BAC_1,Kara,public,F,2023,REORIENTE
1,1,0,1,0,0,8.61,8.82,9.71,1,9.71,0.5126000000000001,0.503,-0.028999999999999915,0,0,0.0,0.5,0.5,0,G3,Sciences Infirmières,BAC_1,Plateaux Est,public,F,2024,REORIENTE
1,1,0,1,0,0,10.4,10.14,11.47,1,11.47,0.7988,0.512,0.14700000000000008,0,0,0.0,0.5,0.5,0,A,Sciences Politiques,BAC_1,Savanes,privé,F,2023,REORIENTE
1,1,0,1,0,0,17.45,16.93,17.61,1,17.61,0.4192,0.457,0.7609999999999999,0,0,0.0,0.5,0.5,0,D,Sciences Infirmières,BAC_1,Grand Lomé,public,F,2024,REORIENTE
1,1,0,1,0,0,8.69,7.58,8.74,1,8.74,0.768,0.435,-0.12599999999999997,0,0,0.0,0.5,0.5,0,D,Enseignement Primaire,BAC_1,Savanes,privé,M,2023,REORIENTE
1,1,0,1,0,0,10.38,9.82,10.57,1,10.57,0.33640000000000003,0.538,0.05700000000000003,0,0,0.0,0.5,0.5,0,A,Sciences Politiques,BAC_1,Centrale,public,F,2024,REORIENTE
1,1,0,1,0,0,10.51,11.0,11.13,1,11.13,0.5468000000000001,0.53,0.11300000000000007,0,0,0.0,0.5,0.5,0,A,Droit,BAC_1,Grand Lomé,public,F,2024,REORIENTE
1,1,0,1,0,0,7.02,9.12,8.7,-1,8.7,0.5414,0.587,-0.13000000000000006,0,0,0.0,0.5,0.5,0,A,Sciences de l'Éducation,BAC_1,Plateaux Ouest,public,F,2024,ADMIS
1,1,0,1,0,0,7.22,7.73,8.11,1,8.11,0.49600000000000005,0.418,-0.18900000000000006,0,0,0.0,0.5,0.5,0,D,Informatique,BAC_1,Grand Lomé,public,M,2024,REORIENTE
1,1,0,1,0,0,12.15,9.26,11.71,1,11.71,0.7832,0.473,0.1710000000000001,0,0,0.0,0.5,0.5,0,A,Enseignement Primaire,BAC_1,Maritime,public,F,2023,REORIENTE
1,1,0,1,0,0,12.14,11.06,12.49,1,12.49,0.7527999999999999,0.451,0.24900000000000003,0,0,0.0,0.5,0.5,0,D,Génie Informatique,BAC_1,Savanes,public,M,2023,ADMIS
1,1,0,1,0,0,10.02,11.18,11.61,1,11.61,0.704,0.479,0.16099999999999995,0,0,0.0,0.5,0.5,0,A,Histoire,BAC_1,Maritime,public,M,2023,REORIENTE
1,1,0,1,0,0,10.63,9.7,11.42,1,11.42,0.7288,0.337,0.142,0,0,0.0,0.5,0.5,0,A,Psychologie,BAC_1,Plateaux Est,privé,M,2023,ADMIS
1,1,0,1,0,0,10.11,10.92,11.14,1,11.14,0.6699999999999999,0.802,0.11400000000000006,0,0,0.0,0.5,0.5,0,A,Géographie,BAC_1,Centrale,public,M,2023,ADMIS
1,1,0,1,0,0,12.51,13.36,13.53,1,13.53,0.649,0.547,0.3529999999999999,0,0,0.0,0.5,0.5,0,A,Sciences de l'Éducation,BAC_1,Maritime,public,M,2023,ADMIS
1,1,0,1,0,0,9.05,8.92,9.41,1,9.41,0.342,0.435,-0.05899999999999998,0,0,0.0,0.5,0.5,0,D,Agronomie,BAC_1,Centrale,public,F,2024,REORIENTE
1,1,0,1,0,0,6.73,8.18,8.67,1,8.67,0.625,0.616,-0.133,0,0,0.0,0.5,0.5,0,D,Gestion des Entreprises,BAC_1,Centrale,public,F,2023,ADMIS
1,1,0,1,0,0,11.25,11.89,11.77,-1,11.77,0.4618,0.478,0.17699999999999996,0,0,0.0,0.5,0.5,0,A,Enseignement Primaire,BAC_1,Kara,public,M,2023,REORIENTE
1,1,0,1,0,0,9.04,9.92,9.47,-1,9.47,0.6337999999999999,0.521,-0.052999999999999936,0,0,0.0,0.5,0.5,0,B,Enseignement Primaire,BAC_1,Grand Lomé,public,F,2024,ADMIS
1,1,0,1,0,0,7.85,9.4,9.09,-1,9.09,0.5926,0.571,-0.09100000000000001,0,0,0.0,0.5,0.5,0,A,Communication et Journalisme,BAC_1,Maritime,privé,F,2024,ADMIS
1,1,0,1,0,0,6.92,7.32,7.62,1,7.62,0.5554,0.415,-0.238,0,0,0.0,0.5,0.5,0,G3,Finance et Comptabilité,BAC_1,Maritime,public,F,2024,ADMIS
1,1,0,1,0,0,7.7,8.07,8.17,1,8.17,0.379,0.439,-0.183,0,0,0.0,0.5,0.5,0,A,Anglais,BAC_1,Plateaux Est,public,F,2024,REORIENTE
1,1,0,1,0,0,9.96,9.63,10.61,1,10.61,0.7041999999999999,0.586,0.06099999999999994,0,0,0.0,0.5,0.5,0,D,Agronomie,BAC_1,Grand Lomé,public,F,2023,REORIENTE
1,1,0,1,0,0,7.33,7.36,8.12,1,8.12,0.6719999999999999,0.591,-0.18800000000000008,0,0,0.0,0.5,0.5,0,A,Sociologie,BAC_1,Plateaux Ouest,privé,F,2024,REORIENTE
1,1,0,1,0,0,13.82,14.89,14.41,-1,14.41,0.425,0.497,0.441,0,0,0.0,0.5,0.5,0,D,Biologie,BAC_1,Maritime,public,M,2024,REORIENTE
1,1,0,1,0,0,9.99,10.49,11.27,1,11.27,0.6752,0.389,0.12699999999999995,0,0,0.0,0.5,0.5,0,A,Communication et Journalisme,BAC_1,Kara,public,M,2023,REORIENTE
1,1,0,1,0,0,12.18,10.27,11.38,1,11.38,0.495,0.129,0.13800000000000007,0,0,0.0,0.5,0.5,0,B,Psychologie,BAC_1,Centrale,privé,M,2024,ADMIS
1,1,0,1,0,0,11.54,12.44,12.89,1,12.89,0.8324,0.596,0.28900000000000003,0,0,0.0,0.5,0.5,0,A,STAPS (Activités Physiques et Sportives),BAC_1,Plateaux Ouest,privé,M,2023,ADMIS
1,1,0,1,0,0,9.63,10.77,9.93,-1,9.93,0.7063999999999999,0.452,-0.007000000000000029,0,0,0.0,0.5,0.5,0,A,Lettres Modernes,BAC_1,Kara,privé,M,2023,REORIENTE
1,1,0,1,0,0,8.61,7.39,7.98,1,7.98,0.71,0.623,-0.20199999999999996,0,0,0.0,0.5,0.5,0,D,Génie Civil,BAC_1,Maritime,privé,F,2024,REORIENTE
1,1,0,1,0,0,10.51,10.79,11.03,1,11.03,0.4666,0.4,0.10299999999999994,0,0,0.0,0.5,0.5,0,A,Histoire,BAC_1,Plateaux Ouest,public,F,2024,REORIENTE
1,1,0,1,0,0,4.99,5.81,6.57,1,6.57,0.4925999999999999,0.372,-0.34299999999999997,0,0,0.0,0.5,0.5,0,D,Sciences de l'Éducation,BAC_1,Grand Lomé,public,F,2024,REORIENTE
1,1,0,1,0,0,11.36,11.93,12.48,1,12.48,0.3094,0.424,0.24800000000000005,0,0,0.0,0.5,0.5,0,D,Informatique,BAC_1,Plateaux Ouest,public,F,2024,REORIENTE
1,1,0,1,0,0,9.59,11.28,11.63,1,11.63,0.44100000000000006,0.339,0.1630000000000001,0,0,0.0,0.5,0.5,0,A,Sociologie,BAC_1,Savanes,public,F,2024,REORIENTE
1,1,0,1,0,0,11.37,10.95,11.19,1,11.19,0.68,0.482,0.11899999999999995,0,0,0.0,0.5,0.5,0,D,Finance et Comptabilité,BAC_1,Plateaux Est,public,M,2023,REORIENTE
1,1,0,1,0,0,11.52,10.49,11.44,1,11.44,0.6839999999999999,0.549,0.14399999999999996,0,0,0.0,0.5,0.5,0,A,Droit,BAC_1,Kara,public,M,2023,ADMIS
1,1,0,1,0,0,7.75,6.97,7.5,1,7.5,0.7352000000000001,0.5,-0.25,0,0,0.0,0.5,0.5,0,D,Finance et Comptabilité,BAC_1,Grand Lomé,public,F,2023,ADMIS
1,1,0,1,0,0,10.63,10.06,10.67,1,10.67,0.5246,0.326,0.06699999999999999,0,0,0.0,0.5,0.5,0,D,Sciences Environnementales,BAC_1,Plateaux Est,public,F,2023,REORIENTE
1,1,0,1,0,0,8.41,7.96,9.02,1,9.02,0.6108,0.285,-0.09800000000000005,0,0,0.0,0.5,0.5,0,A,Histoire,BAC_1,Plateaux Est,public,F,2023,REORIENTE
1,1,0,1,0,0,8.59,8.39,9.17,1,9.17,0.6392,0.575,-0.083,0,0,0.0,0.5,0.5,0,B,Histoire,BAC_1,Centrale,public,M,2023,REORIENTE
1,1,0,1,0,0,8.87,10.13,10.19,1,10.19,0.5127999999999999,0.601,0.01899999999999995,0,0,0.0,0.5,0.5,0,A,Tourisme et Hôtellerie,BAC_1,Kara,public,F,2024,REORIENTE
1,1,0,1,0,0,8.99,10.87,11.22,1,11.22,0.8224,0.577,0.12200000000000007,0,0,0.0,0.5,0.5,0,A,Droit,BAC_1,Grand Lomé,public,M,2023,REORIENTE
1,1,0,1,0,0,8.68,8.71,10.06,1,10.06,0.3904,0.397,0.0060000000000000496,0,0,0.0,0.5,0.5,0,D,Tourisme et Hôtellerie,BAC_1,Savanes,public,M,2024,ADMIS
1,1,0,1,0,0,11.52,10.97,10.53,-1,10.53,0.772,0.622,0.052999999999999936,0,0,0.0,0.5,0.5,0,A,Sciences de l'Éducation,BAC_1,Maritime,public,M,2023,ADMIS
1,1,0,1,0,0,10.29,10.82,11.61,1,11.61,0.6842,0.698,0.16099999999999995,0,0,0.0,0.5,0.5,0,D,Géographie,BAC_1,Plateaux Ouest,public,F,2023,ADMIS
1,1,0,1,0,0,10.9,12.33,12.12,-1,12.12,0.5549999999999999,0.498,0.2119999999999999,0,0,0.0,0.5,0.5,0,A,Communication et Journalisme,BAC_1,Kara,public,F,2023,ADMIS
1,1,0,1,0,0,10.64,10.3,11.74,1,11.74,0.48219999999999996,0.58,0.17400000000000002,0,0,0.0,0.5,0.5,0,D,Biologie,BAC_1,Grand Lomé,public,M,2024,REORIENTE
1,1,0,1,0,0,9.56,8.43,8.76,1,8.76,0.404,0.485,-0.12400000000000003,0,0,0.0,0.5,0.5,0,A,Droit,BAC_1,Maritime,public,F,2024,ADMIS
1,1,0,1,0,0,8.93,10.6,10.1,-1,10.1,0.6856,0.589,0.009999999999999964,0,0,0.0,0.5,0.5,0,A,STAPS (Activités Physiques et Sportives),BAC_1,Plateaux Est,public,M,2023,ADMIS
1,1,0,1,0,0,13.0,15.01,14.66,-1,14.66,0.8222,0.707,0.466,0,0,0.0,0.5,0.5,0,F1,Génie Mécanique,BAC_1,Maritime,privé,F,2023,ADMIS
1,1,0,1,0,0,8.45,10.73,11.09,1,11.09,0.5574,0.339,0.10899999999999999,0,0,0.0,0.5,0.5,0,D,Géographie,BAC_1,Plateaux Est,privé,M,2023,REORIENTE
1,1,0,1,0,0,10.52,9.94,10.15,1,10.15,0.6564,0.528,0.015000000000000036,0,0,0.0,0.5,0.5,0,A,Psychologie,BAC_1,Grand Lomé,public,M,2024,REORIENTE
1,1,0,1,0,0,11.44,12.68,13.08,1,13.08,0.6256,0.544,0.308,0,0,0.0,0.5,0.5,0,A,Lettres Modernes,BAC_1,Grand Lomé,public,F,2023,ADMIS
1,1,0,1,0,0,11.99,12.69,12.56,-1,12.56,0.5826,0.387,0.25600000000000006,0,0,0.0,0.5,0.5,0,A,Anglais,BAC_1,Maritime,privé,F,2023,ADMIS
1,1,0,1,0,0,12.86,14.26,14.6,1,14.6,0.6716,0.548,0.45999999999999996,0,0,0.0,0.5,0.5,0,D,Odontologie,BAC_1,Grand Lomé,public,M,2023,REORIENTE
1,1,0,1,0,0,9.38,11.68,11.71,1,11.71,0.4364,0.722,0.1710000000000001,0,0,0.0,0.5,0.5,0,D,Sciences Environnementales,BAC_1,Plateaux Est,public,F,2024,REORIENTE
1,1,0,1,0,0,9.0,7.57,8.78,1,8.78,0.7182000000000001,0.423,-0.12200000000000007,0,0,0.0,0.5,0.5,0,D,Sociologie,BAC_1,Grand Lomé,privé,F,2023,ADMIS
1,1,0,1,0,0,14.11,12.07,14.26,1,14.26,0.9,0.765,0.426,0,0,0.0,0.5,0.5,0,D,Géographie,BAC_1,Grand Lomé,privé,F,2023,ADMIS
1,1,0,1,0,0,10.62,11.98,12.37,1,12.37,0.8081999999999999,0.57,0.23699999999999993,0,0,0.0,0.5,0.5,0,D,Médecine,BAC_1,Maritime,public,M,2023,REORIENTE
1,1,0,1,0,0,11.11,12.4,12.17,-1,12.17,0.7284,0.471,0.217,0,0,0.0,0.5,0.5,0,A,Histoire,BAC_1,Maritime,public,F,2023,ADMIS
1,1,0,1,0,0,8.31,9.75,9.66,-1,9.66,0.8042,0.629,-0.03399999999999999,0,0,0.0,0.5,0.5,0,A,Sciences de l'Éducation,BAC_1,Centrale,public,F,2023,ADMIS
1,1,0,1,0,0,6.4,6.01,6.15,1,6.15,0.6224,0.365,-0.38499999999999995,0,0,0.0,0.5,0.5,0,D,Psychologie,BAC_1,Maritime,public,F,2023,ADMIS
1,1,0,1,0,0,9.31,9.68,10.33,1,10.33,0.37420000000000003,0.331,0.03300000000000001,0,0,0.0,0.5,0.5,0,A,Sociologie,BAC_1,Maritime,public,M,2024,ADMIS
1,1,0,1,0,0,11.69,10.48,10.91,1,10.91,0.7048,0.277,0.09100000000000001,0,0,0.0,0.5,0.5,0,D,Biologie,BAC_1,Plateaux Est,privé,F,2023,ADMIS
1,1,0,1,0,0,7.65,9.03,9.3,1,9.3,0.8012,0.518,-0.06999999999999992,0,0,0.0,0.5,0.5,0,D,Gestion des Entreprises,BAC_1,Grand Lomé,public,F,2023,ADMIS
1,1,0,1,0,0,12.09,12.67,12.58,-1,12.58,0.7966,0.751,0.258,0,0,0.0,0.5,0.5,0,A,Géographie,BAC_1,Centrale,privé,M,2023,ADMIS
1,1,0,1,0,0,9.99,10.92,10.36,-1,10.36,0.5369999999999999,0.606,0.03599999999999994,0,0,0.0,0.5,0.5,0,A,Enseignement Primaire,BAC_1,Savanes,privé,F,2024,ADMIS
1,1,0,1,0,0,10.3,10.04,9.92,-1,9.92,0.4434,0.45,-0.008000000000000007,0,0,0.0,0.5,0.5,0,G2,Banque et Assurance,BAC_1,Grand Lomé,public,F,2024,REORIENTE
1,1,0,1,0,0,11.84,10.5,11.14,1,11.14,0.521,0.641,0.11400000000000006,0,0,0.0,0.5,0.5,0,A,Sociologie,BAC_1,Grand Lomé,public,M,2024,REORIENTE
1,1,0,1,0,0,13.15,10.99,11.02,1,11.02,0.371,0.377,0.10199999999999995,0,0,0.0,0.5,0.5,0,D,Tourisme et Hôtellerie,BAC_1,Plateaux Est,public,F,2024,ADMIS
1,1,0,1,0,0,9.65,9.67,10.13,1,10.13,0.5022,0.381,0.013000000000000077,0,0,0.0,0.5,0.5,0,D,Gestion des Entreprises,BAC_1,Kara,privé,M,2024,ADMIS
1,1,0,1,0,0,10.19,11.57,11.48,-1,11.48,0.6773999999999999,0.27,0.14800000000000005,0,0,0.0,0.5,0.5,0,D,Finance et Comptabilité,BAC_1,Maritime,privé,F,2023,REORIENTE
1,1,0,1,0,0,9.44,9.13,10.34,1,10.34,0.7083999999999999,0.286,0.03399999999999999,0,0,0.0,0.5,0.5,0,D,Tourisme et Hôtellerie,BAC_1,Maritime,public,F,2023,REORIENTE
1,1,0,1,0,0,8.38,7.52,8.69,1,8.69,0.5549999999999999,0.309,-0.13100000000000006,0,0,0.0,0.5,0.5,0,A,Enseignement Primaire,BAC_1,Maritime,public,M,2023,REORIENTE
1,1,0,1,0,0,7.99,10.41,10.3,-1,10.3,0.3854,0.326,0.030000000000000072,0,0,0.0,0.5,0.5,0,A,Arts Plastiques,BAC_1,Centrale,public,F,2024,REORIENTE
1,1,0,1,0,0,11.99,11.67,11.56,-1,11.56,0.528,0.36,0.15600000000000006,0,0,0.0,0.5,0.5,0,D,Sciences Infirmières,BAC_1,Grand Lomé,public,F,2024,REORIENTE
1,1,0,1,0,0,10.32,11.38,11.37,-1,11.37,0.9192,0.813,0.13699999999999993,0,0,0.0,0.5,0.5,0,D,Agronomie,BAC_1,Plateaux Est,privé,F,2023,ADMIS
1,1,0,1,0,0,7.24,8.83,9.8,1,9.8,0.7922,0.752,-0.019999999999999928,0,0,0.0,0.5,0.5,0,D,Gestion des Entreprises,BAC_1,Centrale,privé,M,2023,ADMIS
1,1,0,1,0,0,8.74,9.09,9.64,1,9.64,0.6295999999999999,0.509,-0.03599999999999994,0,0,0.0,0.5,0.5,0,A,Histoire,BAC_1,Maritime,privé,M,2024,REORIENTE
1,1,0,1,0,0,6.41,5.03,6.63,1,6.63,0.7856,0.557,-0.337,0,0,0.0,0.5,0.5,0,D,Tourisme et Hôtellerie,BAC_1,Grand Lomé,public,F,2023,ADMIS
1,1,0,1,0,0,12.57,12.27,12.77,1,12.77,0.7288,0.709,0.27699999999999997,0,0,0.0,0.5,0.5,0,A,Enseignement Primaire,BAC_1,Plateaux Ouest,public,F,2023,ADMIS
1,1,0,1,0,0,8.33,9.36,8.99,-1,8.99,0.54,0.396,-0.10099999999999998,0,0,0.0,0.5,0.5,0,D,Finance et Comptabilité,BAC_1,Kara,public,F,2023,REORIENTE
1,1,0,1,0,0,8.9,9.15,9.93,1,9.93,0.815,0.557,-0.007000000000000029,0,0,0.0,0.5,0.5,0,D,Géographie,BAC_1,Kara,privé,M,2023,REORIENTE
1,1,0,1,0,0,7.59,8.0,8.44,1,8.44,0.6295999999999999,0.509,-0.15600000000000006,0,0,0.0,0.5,0.5,0,D,Physique-Chimie,BAC_1,Kara,public,F,2023,REORIENTE
1,1,0,1,0,0,12.76,12.66,13.85,1,13.85,0.6315999999999999,0.418,0.38499999999999995,0,0,0.0,0.5,0.5,0,D,Agronomie,BAC_1,Grand Lomé,public,M,2023,ADMIS
1,1,0,1,0,0,7.3,6.34,7.63,1,7.63,0.5902000000000001,0.559,-0.23700000000000002,0,0,0.0,0.5,0.5,0,A,Droit,BAC_1,Plateaux Est,public,F,2023,REORIENTE
1,1,0,1,0,0,10.98,11.84,11.71,-1,11.71,0.748,0.562,0.1710000000000001,0,0,0.0,0.5,0.5,0,D,Sciences Infirmières,BAC_1,Grand Lomé,public,F,2023,REORIENTE
1,1,0,1,0,0,6.96,7.02,6.72,-1,6.72,0.722,0.428,-0.328,0,0,0.0,0.5,0.5,0,A,Enseignement Primaire,BAC_1,Maritime,privé,F,2023,REORIENTE
1,1,0,1,0,0,14.7,14.3,14.18,-1,14.18,0.7263999999999999,0.514,0.418,0,0,0.0,0.5,0.5,0,D,Sciences de l'Éducation,BAC_1,Maritime,privé,F,2023,ADMIS
1,1,0,1,0,0,12.81,12.62,13.35,1,13.35,0.6124,0.676,0.33499999999999996,0,0,0.0,0.5,0.5,0,D,Génie Informatique,BAC_1,Kara,privé,F,2024,ADMIS
1,1,0,1,0,0,8.13,9.55,9.96,1,9.96,0.6872,0.626,-0.003999999999999915,0,0,0.0,0.5,0.5,0,G2,Finance et Comptabilité,BAC_1,Kara,privé,F,2023,REORIENTE
1,1,0,1,0,0,13.2,13.84,14.87,1,14.87,0.6154,0.409,0.48699999999999993,0,0,0.0,0.5,0.5,0,A,Tourisme et Hôtellerie,BAC_1,Kara,public,F,2023,ADMIS
1,1,0,1,0,0,11.52,11.55,12.17,1,12.17,0.6872,0.74,0.217,0,0,0.0,0.5,0.5,0,D,Gestion des Entreprises,BAC_1,Plateaux Ouest,public,M,2023,REORIENTE
1,1,0,1,0,0,9.61,9.48,9.87,1,9.87,0.23399999999999999,0.15,-0.013000000000000077,0,0,0.0,0.5,0.5,0,F2,Génie Informatique,BAC_1,Centrale,public,M,2023,REORIENTE
1,1,0,1,0,0,7.48,8.65,7.85,-1,7.85,0.7702,0.574,-0.21500000000000002,0,0,0.0,0.5,0.5,0,A,Droit,BAC_1,Maritime,privé,F,2023,ADMIS
1,1,0,1,0,0,13.3,14.32,14.53,1,14.53,0.4802,0.554,0.45299999999999996,0,0,0.0,0.5,0.5,0,D,Médecine,BAC_1,Plateaux Est,privé,M,2024,REORIENTE
1,1,0,1,0,0,8.93,9.63,10.66,1,10.66,0.7252,0.592,0.06600000000000002,0,0,0.0,0.5,0.5,0,A,Droit,BAC_1,Plateaux Ouest,public,M,2023,ADMIS
1,1,0,1,0,0,8.08,10.65,10.83,1,10.83,0.3644,0.626,0.083,0,0,0.0,0.5,0.5,0,D,Géographie,BAC_1,Savanes,public,M,2024,REORIENTE
1,1,0,1,0,0,12.73,12.56,13.04,1,13.04,0.6454,0.514,0.30399999999999994,0,0,0.0,0.5,0.5,0,D,Physique-Chimie,BAC_1,Grand Lomé,public,M,2023,ADMIS
1,1,0,1,0,0,10.13,8.85,10.7,1,10.7,0.38059999999999994,0.416,0.06999999999999992,0,0,0.0,0.5,0.5,0,A,Arts Plastiques,BAC_1,Grand Lomé,public,F,2024,REORIENTE
1,1,0,1,0,0,11.88,14.58,13.26,-1,13.26,0.7791999999999999,0.571,0.32599999999999996,0,0,0.0,0.5,0.5,0,A,Anglais,BAC_1,Centrale,privé,M,2023,ADMIS
1,1,0,1,0,0,9.77,10.52,10.21,-1,10.21,0.615,0.615,0.021000000000000085,0,0,0.0,0.5,0.5,0,A,Droit,BAC_1,Kara,public,M,2024,ADMIS
1,1,0,1,0,0,9.38,9.53,9.68,1,9.68,0.5831999999999999,0.546,-0.03200000000000003,0,0,0.0,0.5,0.5,0,D,Agronomie,BAC_1,Kara,public,F,2023,REORIENTE
1,1,0,1,0,0,6.19,9.04,8.06,-1,8.06,0.3476,0.542,-0.19399999999999995,0,0,0.0,0.5,0.5,0,D,Génie Mécanique,BAC_1,Centrale,public,F,2024,REORIENTE
1,1,0,1,0,0,13.41,13.65,14.23,1,14.23,0.667,0.721,0.42300000000000004,0,0,0.0,0.5,0.5,0,A,Enseignement Primaire,BAC_1,Grand Lomé,public,M,2024,REORIENTE
1,1,0,1,0,0,8.73,11.51,10.91,-1,10.91,0.40499999999999997,0.384,0.09100000000000001,0,0,0.0,0.5,0.5,0,D,Enseignement Primaire,BAC_1,Grand Lomé,public,M,2024,REORIENTE
1,1,0,1,0,0,8.26,9.5,9.75,1,9.75,0.7591999999999999,0.482,-0.025,0,0,0.0,0.5,0.5,0,A,Sociologie,BAC_1,Maritime,public,F,2023,ADMIS
1,1,0,1,0,0,10.44,12.64,12.56,-1,12.56,0.7807999999999999,0.467,0.25600000000000006,0,0,0.0,0.5,0.5,0,D,Enseignement Primaire,BAC_1,Savanes,privé,F,2023,ADMIS
1,1,0,1,0,0,7.0,8.32,7.66,-1,7.66,0.426,0.276,-0.23399999999999999,0,0,0.0,0.5,0.5,0,D,Histoire,BAC_1,Grand Lomé,public,M,2024,REORIENTE
1,1,0,1,0,0,8.73,10.27,9.48,-1,9.48,0.40800000000000003,0.603,-0.051999999999999956,0,0,0.0,0.5,0.5,0,D,Tourisme et Hôtellerie,BAC_1,Savanes,public,M,2024,REORIENTE
1,1,0,1,0,0,9.97,9.03,10.31,1,10.31,0.7108,0.439,0.03100000000000005,0,0,0.0,0.5,0.5,0,D,Gestion des Entreprises,BAC_1,Maritime,public,F,2023,ADMIS
1,1,0,1,0,0,14.95,13.95,14.42,1,14.42,0.4436,0.437,0.442,0,0,0.0,0.5,0.5,0,A,Droit,BAC_1,Grand Lomé,public,F,2024,ADMIS
1,1,0,1,0,0,9.28,9.99,9.58,-1,9.58,0.4402,0.289,-0.041999999999999996,0,0,0.0,0.5,0.5,0,A,Sciences de l'Éducation,BAC_1,Kara,public,F,2024,REORIENTE
1,1,0,1,0,0,11.34,11.53,12.87,1,12.87,0.392,0.533,0.2869999999999999,0,0,0.0,0.5,0.5,0,D,Gestion des Entreprises,BAC_1,Maritime,public,F,2024,REORIENTE
1,1,0,1,0,0,10.36,11.24,10.88,-1,10.88,0.7196,0.62,0.08800000000000008,0,0,0.0,0.5,0.5,0,D,Finance et Comptabilité,BAC_1,Grand Lomé,public,M,2023,REORIENTE
1,1,0,1,0,0,12.07,11.02,12.3,1,12.3,0.6912,0.531,0.23000000000000007,0,0,0.0,0.5,0.5,0,A,Sciences de l'Éducation,BAC_1,Kara,privé,F,2023,ADMIS
1,1,0,1,0,0,10.26,11.09,10.2,-1,10.2,0.6849999999999999,0.679,0.019999999999999928,0,0,0.0,0.5,0.5,0,A,Communication et Journalisme,BAC_1,Grand Lomé,public,M,2024,ADMIS
1,1,0,1,0,0,12.44,11.2,12.17,1,12.17,0.5733999999999999,0.823,0.217,0,0,0.0,0.5,0.5,0,D,Finance et Comptabilité,BAC_1,Centrale,public,F,2023,REORIENTE
1,1,0,1,0,0,9.78,8.31,9.42,1,9.42,0.6478,0.628,-0.05800000000000001,0,0,0.0,0.5,0.5,0,A,Tourisme et Hôtellerie,BAC_1,Kara,privé,M,2024,REORIENTE
1,1,0,1,0,0,10.23,7.45,9.69,1,9.69,0.486,0.333,-0.03100000000000005,0,0,0.0,0.5,0.5,0,D,Enseignement Primaire,BAC_1,Centrale,public,M,2023,REORIENTE
1,1,0,1,0,0,6.87,8.47,7.87,-1,7.87,0.6528,0.498,-0.213,0,0,0.0,0.5,0.5,0,D,Psychologie,BAC_1,Kara,public,F,2023,REORIENTE
1,1,0,1,0,0,10.27,9.84,10.15,1,10.15,0.7060000000000001,0.4,0.015000000000000036,0,0,0.0,0.5,0.5,0,A,Lettres Modernes,BAC_1,Grand Lomé,public,M,2023,REORIENTE
1,1,0,1,0,0,5.42,6.56,6.19,-1,6.19,0.3782,0.47,-0.38099999999999995,0,0,0.0,0.5,0.5,0,D,Génie Informatique,BAC_1,Plateaux Ouest,public,F,2024,REORIENTE
1,1,0,1,0,0,8.63,8.66,8.68,1,8.68,0.5332,0.37,-0.13200000000000003,0,0,0.0,0.5,0.5,0,D,Gestion des Entreprises,BAC_1,Plateaux Est,public,F,2023,REORIENTE
1,1,0,1,0,0,6.12,8.94,8.88,-1,8.88,0.46,0.385,-0.11199999999999992,0,0,0.0,0.5,0.5,0,A,Enseignement Primaire,BAC_1,Grand Lomé,public,F,2024,REORIENTE
1,1,0,1,0,0,8.05,9.34,9.54,1,9.54,0.6444000000000001,0.642,-0.04600000000000008,0,0,0.0,0.5,0.5,0,G3,Sciences Infirmières,BAC_1,Plateaux Est,public,M,2023,REORIENTE
1,1,0,1,0,0,10.46,10.88,10.99,1,10.99,0.8512,0.646,0.09900000000000002,0,0,0.0,0.5,0.5,0,A,Lettres Modernes,BAC_1,Plateaux Est,privé,M,2023,ADMIS
1,1,0,1,0,0,7.89,9.42,9.69,1,9.69,0.6004,0.874,-0.03100000000000005,0,0,0.0,0.5,0.5,0,G3,Banque et Assurance,BAC_1,Grand Lomé,public,F,2024,REORIENTE
1,1,0,1,0,0,14.23,14.2,13.91,-1,13.91,0.399,0.555,0.391,0,0,0.0,0.5,0.5,0,F2,Informatique,BAC_1,Grand Lomé,public,F,2024,REORIENTE
1,1,0,1,0,0,13.24,12.55,12.46,-1,12.46,0.4482,0.471,0.24600000000000008,0,0,0.0,0.5,0.5,0,A,Géographie,BAC_1,Kara,privé,M,2024,ADMIS
1,1,0,1,0,0,5.43,6.23,6.73,1,6.73,0.7928,0.659,-0.32699999999999996,0,0,0.0,0.5,0.5,0,D,Enseignement Primaire,BAC_1,Grand Lomé,privé,M,2023,ADMIS
1,1,0,1,0,0,9.8,9.41,9.43,1,9.43,0.5718,0.552,-0.05700000000000003,0,0,0.0,0.5,0.5,0,A,Histoire,BAC_1,Centrale,public,M,2023,ADMIS
1,1,0,1,0,0,8.29,10.4,9.87,-1,9.87,0.49060000000000004,0.418,-0.013000000000000077,0,0,0.0,0.5,0.5,0,D,Génie Mécanique,BAC_1,Grand Lomé,public,M,2024,REORIENTE
1,1,0,1,0,0,7.18,7.52,7.99,1,7.99,0.7482,0.555,-0.20099999999999998,0,0,0.0,0.5,0.5,0,A,Géographie,BAC_1,Grand Lomé,public,M,2023,ADMIS
1,1,0,1,0,0,10.16,12.42,12.09,-1,12.09,0.5556,0.387,0.209,0,0,0.0,0.5,0.5,0,D,Psychologie,BAC_1,Maritime,public,M,2023,ADMIS
1,1,0,1,0,0,12.21,14.14,13.43,-1,13.43,0.626,0.704,0.34299999999999997,0,0,0.0,0.5,0.5,0,A,Droit,BAC_1,Kara,privé,F,2024,ADMIS
1,1,0,1,0,0,5.36,5.13,5.95,1,5.95,0.5698,0.532,-0.40499999999999997,0,0,0.0,0.5,0.5,0,D,Gestion des Entreprises,BAC_1,Grand Lomé,privé,M,2024,REORIENTE
1,1,0,1,0,0,10.24,8.72,9.11,1,9.11,0.4304,0.62,-0.08900000000000005,0,0,0.0,0.5,0.5,0,D,Psychologie,BAC_1,Kara,public,M,2024,REORIENTE
1,1,0,1,0,0,9.34,8.8,9.24,1,9.24,0.6272,0.533,-0.07599999999999998,0,0,0.0,0.5,0.5,0,A,Droit,BAC_1,Maritime,public,M,2024,REORIENTE
1,1,0,1,0,0,15.07,14.81,15.54,1,15.54,0.8104,0.541,0.5539999999999999,0,0,0.0,0.5,0.5,0,D,Sciences Infirmières,BAC_1,Maritime,privé,M,2023,REORIENTE
1,1,0,1,0,0,9.58,7.53,9.12,1,9.12,0.6886000000000001,0.793,-0.08800000000000008,0,0,0.0,0.5,0.5,0,D,Gestion des Entreprises,BAC_1,Grand Lomé,privé,M,2024,ADMIS
1,1,0,1,0,0,8.23,8.66,8.23,-1,8.23,0.3928,0.454,-0.17699999999999996,0,0,0.0,0.5,0.5,0,A,Tourisme et Hôtellerie,BAC_1,Plateaux Est,public,F,2024,REORIENTE
1,1,0,1,0,0,10.38,11.97,11.88,-1,11.88,0.584,0.599,0.18800000000000008,0,0,0.0,0.5,0.5,0,D,Informatique,BAC_1,Grand Lomé,privé,F,2024,ADMIS
1,1,0,1,0,0,8.06,8.73,8.69,-1,8.69,0.6264,0.444,-0.13100000000000006,0,0,0.0,0.5,0.5,0,A,Lettres Modernes,BAC_1,Centrale,public,F,2023,REORIENTE
1,1,0,1,0,0,9.18,9.24,10.32,1,10.32,0.6972,0.402,0.03200000000000003,0,0,0.0,0.5,0.5,0,A,Sociologie,BAC_1,Kara,public,F,2023,ADMIS
1,1,0,1,0,0,7.83,8.41,8.58,1,8.58,0.6072,0.459,-0.142,0,0,0.0,0.5,0.5,0,C,Génie Informatique,BAC_1,Savanes,privé,M,2024,ADMIS
1,1,0,1,0,0,14.57,14.3,14.75,1,14.75,0.8328,0.597,0.475,0,0,0.0,0.5,0.5,0,A,Sciences Politiques,BAC_1,Maritime,privé,M,2023,ADMIS
1,1,0,1,0,0,11.88,12.48,13.13,1,13.13,0.7043999999999999,0.636,0.31300000000000006,0,0,0.0,0.5,0.5,0,A,Enseignement Primaire,BAC_1,Maritime,privé,F,2024,REORIENTE
1,1,0,1,0,0,10.57,9.68,10.3,1,10.3,0.5336000000000001,0.515,0.030000000000000072,0,0,0.0,0.5,0.5,0,D,Génie Mécanique,BAC_1,Grand Lomé,privé,F,2024,ADMIS
1,1,0,1,0,0,9.05,8.56,9.36,1,9.36,0.4384,0.628,-0.06400000000000006,0,0,0.0,0.5,0.5,0,D,Enseignement Primaire,BAC_1,Kara,public,M,2024,ADMIS
1,1,0,1,0,0,9.65,12.31,11.5,-1,11.5,0.5508,0.525,0.15,0,0,0.0,0.5,0.5,0,A,Sciences de l'Éducation,BAC_1,Grand Lomé,public,M,2024,REORIENTE
1,1,0,1,0,0,8.75,8.23,7.87,-1,7.87,0.7285999999999999,0.572,-0.213,0,0,0.0,0.5,0.5,0,A,Droit,BAC_1,Grand Lomé,privé,F,2024,ADMIS
1,1,0,1,0,0,8.29,8.36,8.91,1,8.91,0.5906,0.419,-0.10899999999999999,0,0,0.0,0.5,0.5,0,A,Lettres Modernes,BAC_1,Maritime,public,M,2024,REORIENTE
1,1,0,1,0,0,11.84,10.97,12.96,1,12.96,0.833,0.716,0.2960000000000001,0,0,0.0,0.5,0.5,0,D,Odontologie,BAC_1,Savanes,public,M,2023,REORIENTE
1,1,0,1,0,0,11.79,10.88,12.0,1,12.0,0.2926,0.445,0.2,0,0,0.0,0.5,0.5,0,A,Arts Plastiques,BAC_1,Kara,public,F,2024,ADMIS
1,1,0,1,0,0,9.04,8.03,9.05,1,9.05,0.4626,0.369,-0.09499999999999993,0,0,0.0,0.5,0.5,0,D,Sociologie,BAC_1,Grand Lomé,public,F,2024,REORIENTE
1,1,0,1,0,0,7.75,7.21,8.53,1,8.53,0.3262,0.508,-0.14700000000000008,0,0,0.0,0.5,0.5,0,A,Anglais,BAC_1,Kara,public,M,2024,REORIENTE
1,1,0,1,0,0,11.49,11.16,11.22,1,11.22,0.34440000000000004,0.534,0.12200000000000007,0,0,0.0,0.5,0.5,0,A,Droit,BAC_1,Centrale,public,M,2024,ADMIS
1,1,0,1,0,0,11.51,11.56,11.77,1,11.77,0.4706,0.557,0.17699999999999996,0,0,0.0,0.5,0.5,0,D,Informatique,BAC_1,Maritime,public,M,2024,REORIENTE
1,1,0,1,0,0,10.16,10.32,10.85,1,10.85,0.7001999999999999,0.471,0.08499999999999996,0,0,0.0,0.5,0.5,0,A,Droit,BAC_1,Plateaux Ouest,privé,F,2023,ADMIS
1,1,0,1,0,0,9.71,11.86,10.86,-1,10.86,0.7318,0.439,0.08599999999999994,0,0,0.0,0.5,0.5,0,A,Psychologie,BAC_1,Grand Lomé,public,M,2023,ADMIS
1,1,0,1,0,0,9.97,10.94,10.52,-1,10.52,0.6132,0.612,0.051999999999999956,0,0,0.0,0.5,0.5,0,D,Tourisme et Hôtellerie,BAC_1,Plateaux Ouest,public,M,2024,REORIENTE
1,1,0,1,0,0,11.22,11.38,10.74,-1,10.74,0.7158,0.522,0.07400000000000002,0,0,0.0,0.5,0.5,0,D,Odontologie,BAC_1,Plateaux Ouest,public,F,2023,REORIENTE
1,1,0,1,0,0,8.75,11.57,11.58,1,11.58,0.323,0.428,0.158,0,0,0.0,0.5,0.5,0,A,Géographie,BAC_1,Plateaux Est,public,F,2024,ADMIS
1,1,0,1,0,0,4.75,5.99,6.88,1,6.88,0.7475999999999999,0.537,-0.312,0,0,0.0,0.5,0.5,0,A,Enseignement Primaire,BAC_1,Centrale,public,F,2023,REORIENTE
1,1,0,1,0,0,8.51,8.02,8.83,1,8.83,0.47859999999999997,0.58,-0.11699999999999999,0,0,0.0,0.5,0.5,0,D,Finance et Comptabilité,BAC_1,Maritime,public,F,2024,REORIENTE
1,1,0,1,0,0,11.72,10.45,11.39,1,11.39,0.62,0.347,0.13900000000000007,0,0,0.0,0.5,0.5,0,A,Sciences de l'Éducation,BAC_1,Grand Lomé,public,F,2023,REORIENTE
1,1,0,1,0,0,9.4,9.75,9.89,1,9.89,0.5816,0.614,-0.010999999999999944,0,0,0.0,0.5,0.5,0,A,Anglais,BAC_1,Plateaux Ouest,privé,M,2024,ADMIS
1,1,0,1,0,0,11.7,11.04,11.86,1,11.86,0.5852,0.458,0.18599999999999994,0,0,0.0,0.5,0.5,0,D,Pharmacie,BAC_1,Grand Lomé,privé,M,2023,REORIENTE
1,1,0,1,0,0,11.48,12.26,11.34,-1,11.34,0.8884,0.736,0.13399999999999998,0,0,0.0,0.5,0.5,0,D,Médecine,BAC_1,Grand Lomé,privé,F,2023,ADMIS
1,1,0,1,0,0,8.22,8.17,8.62,1,8.62,0.7370000000000001,0.437,-0.13800000000000007,0,0,0.0,0.5,0.5,0,D,Histoire,BAC_1,Grand Lomé,privé,F,2023,REORIENTE
1,1,0,1,0,0,10.19,11.08,10.35,-1,10.35,0.4650000000000001,0.465,0.03499999999999996,0,0,0.0,0.5,0.5,0,D,Sociologie,BAC_1,Plateaux Ouest,public,M,2024,REORIENTE
1,1,0,1,0,0,12.04,11.14,11.64,1,11.64,0.5482,0.388,0.16400000000000006,0,0,0.0,0.5,0.5,0,D,Gestion des Entreprises,BAC_1,Centrale,public,M,2023,REORIENTE
1,1,0,1,0,0,6.73,8.32,8.15,-1,8.15,0.5816,0.44,-0.18499999999999997,0,0,0.0,0.5,0.5,0,D,Génie Mécanique,BAC_1,Plateaux Ouest,public,M,2023,ADMIS
1,1,0,1,0,0,11.08,10.34,9.75,-1,9.75,0.8156,0.554,-0.025,0,0,0.0,0.5,0.5,0,D,Sciences Forestières,BAC_1,Maritime,privé,F,2023,ADMIS
1,1,0,1,0,0,9.51,8.84,9.59,1,9.59,0.7242,0.555,-0.041000000000000016,0,0,0.0,0.5,0.5,0,A,Anglais,BAC_1,Plateaux Est,public,F,2023,ADMIS
1,1,0,1,0,0,6.17,8.71,8.62,-1,8.62,0.3756,0.507,-0.13800000000000007,0,0,0.0,0.5,0.5,0,D,Sciences de l'Éducation,BAC_1,Savanes,public,M,2024,ADMIS
1,1,0,1,0,0,9.59,9.67,10.28,1,10.28,0.6244,0.295,0.027999999999999935,0,0,0.0,0.5,0.5,0,D,Histoire,BAC_1,Grand Lomé,public,F,2023,ADMIS
1,1,0,1,0,0,9.41,9.71,10.22,1,10.22,0.548,0.431,0.022000000000000065,0,0,0.0,0.5,0.5,0,G3,Finance et Comptabilité,BAC_1,Grand Lomé,public,F,2023,REORIENTE
1,1,0,1,0,0,10.57,10.09,12.05,1,12.05,0.6106,0.358,0.20500000000000007,0,0,0.0,0.5,0.5,0,A,Tourisme et Hôtellerie,BAC_1,Centrale,public,F,2023,ADMIS
1,1,0,1,0,0,5.78,7.97,8.51,1,8.51,0.44920000000000004,0.523,-0.14900000000000002,0,0,0.0,0.5,0.5,0,D,Géographie,BAC_1,Grand Lomé,public,M,2024,REORIENTE
1,1,0,1,0,0,9.37,11.53,11.29,-1,11.29,0.619,0.541,0.12899999999999992,0,0,0.0,0.5,0.5,0,F3,Génie Civil,BAC_1,Plateaux Est,public,M,2024,REORIENTE
1,1,0,1,0,0,11.89,11.17,11.04,-1,11.04,0.6904,0.583,0.10399999999999991,0,0,0.0,0.5,0.5,0,A,Histoire,BAC_1,Maritime,public,F,2023,REORIENTE
1,1,0,1,0,0,7.03,7.32,9.08,1,9.08,0.4826,0.59,-0.092,0,0,0.0,0.5,0.5,0,D,Gestion des Entreprises,BAC_1,Maritime,privé,M,2024,REORIENTE
1,1,0,1,0,0,8.25,7.9,8.85,1,8.85,0.31020000000000003,0.498,-0.11500000000000003,0,0,0.0,0.5,0.5,0,D,Tourisme et Hôtellerie,BAC_1,Plateaux Ouest,public,F,2024,REORIENTE
1,1,0,1,0,0,11.73,10.82,11.33,1,11.33,0.594,0.57,0.133,0,0,0.0,0.5,0.5,0,D,Physique-Chimie,BAC_1,Plateaux Est,public,F,2023,REORIENTE
1,1,0,1,0,0,10.1,9.56,10.5,1,10.5,0.6234,0.378,0.05,0,0,0.0,0.5,0.5,0,A,Sciences Politiques,BAC_1,Maritime,public,M,2023,ADMIS
1,1,0,1,0,0,7.12,7.59,8.04,1,8.04,0.7787999999999999,0.462,-0.1960000000000001,0,0,0.0,0.5,0.5,0,A,Communication et Journalisme,BAC_1,Plateaux Est,public,F,2023,ADMIS
1,1,0,1,0,0,12.42,14.39,14.29,-1,14.29,0.6956,0.527,0.42899999999999994,0,0,0.0,0.5,0.5,0,C,Sciences Infirmières,BAC_1,Savanes,privé,F,2024,REORIENTE
1,1,0,1,0,0,11.34,12.11,12.15,1,12.15,0.7215999999999999,0.583,0.21500000000000002,0,0,0.0,0.5,0.5,0,D,Informatique,BAC_1,Kara,privé,F,2023,REORIENTE
1,1,0,1,0,0,11.51,12.21,11.91,-1,11.91,0.8236,0.574,0.191,0,0,0.0,0.5,0.5,0,A,Sciences Politiques,BAC_1,Maritime,privé,F,2023,ADMIS
1,1,0,1,0,0,9.71,8.89,9.06,1,9.06,0.6015999999999999,0.265,-0.09399999999999994,0,0,0.0,0.5,0.5,0,A,Sciences Politiques,BAC_1,Maritime,public,M,2023,REORIENTE
1,1,0,1,0,0,12.35,10.46,11.58,1,11.58,0.6965999999999999,0.477,0.158,0,0,0.0,0.5,0.5,0,A,Sciences Politiques,BAC_1,Maritime,public,M,2024,REORIENTE
1,1,0,1,0,0,6.94,6.14,8.31,1,8.31,0.6808000000000001,0.49,-0.16899999999999996,0,0,0.0,0.5,0.5,0,D,Sociologie,BAC_1,Plateaux Est,privé,F,2023,ADMIS
1,1,0,1,0,0,9.06,11.29,11.61,1,11.61,0.6026,0.566,0.16099999999999995,0,0,0.0,0.5,0.5,0,D,Informatique,BAC_1,Grand Lomé,privé,F,2024,REORIENTE
1,1,0,1,0,0,5.8,7.97,8.66,1,8.66,0.44399999999999995,0.492,-0.13399999999999998,0,0,0.0,0.5,0.5,0,D,Gestion des Entreprises,BAC_1,Kara,public,M,2024,REORIENTE
1,1,0,1,0,0,10.63,12.42,11.97,-1,11.97,0.7752,0.453,0.19700000000000006,0,0,0.0,0.5,0.5,0,A,Communication et Journalisme,BAC_1,Grand Lomé,public,M,2023,REORIENTE
1,1,0,1,0,0,7.59,8.29,7.74,-1,7.74,0.7844,0.476,-0.22599999999999998,0,0,0.0,0.5,0.5,0,A,Géographie,BAC_1,Grand Lomé,public,F,2023,ADMIS
1,1,0,1,0,0,13.84,13.35,14.16,1,14.16,0.5474,0.512,0.41600000000000004,0,0,0.0,0.5,0.5,0,B,Droit,BAC_1,Plateaux Est,public,F,2023,ADMIS
1,1,0,1,0,0,8.73,9.08,8.72,-1,8.72,0.6974,0.626,-0.12799999999999995,0,0,0.0,0.5,0.5,0,A,Communication et Journalisme,BAC_1,Plateaux Ouest,public,F,2023,ADMIS
1,1,0,1,0,0,10.09,9.59,9.55,-1,9.55,0.5893999999999999,0.593,-0.04499999999999993,0,0,0.0,0.5,0.5,0,F4,Génie Mécanique,BAC_1,Grand Lomé,public,M,2023,REORIENTE
1,1,0,1,0,0,10.11,8.68,9.5,1,9.5,0.3124,0.427,-0.05,0,0,0.0,0.5,0.5,0,D,Sciences Forestières,BAC_1,Plateaux Est,public,F,2024,ADMIS
1,1,0,1,0,0,8.17,7.47,8.19,1,8.19,0.8755999999999999,0.704,-0.18100000000000005,0,0,0.0,0.5,0.5,0,D,Pharmacie,BAC_1,Grand Lomé,privé,F,2023,REORIENTE
1,1,0,1,0,0,7.18,7.64,7.74,1,7.74,0.746,0.626,-0.22599999999999998,0,0,0.0,0.5,0.5,0,D,Génie Mécanique,BAC_1,Savanes,public,F,2023,REORIENTE
1,1,0,1,0,0,7.14,9.56,10.15,1,10.15,0.7498,0.682,0.015000000000000036,0,0,0.0,0.5,0.5,0,A,Communication et Journalisme,BAC_1,Grand Lomé,privé,F,2023,REORIENTE
1,1,0,1,0,0,10.38,8.77,9.93,1,9.93,0.8231999999999999,0.645,-0.007000000000000029,0,0,0.0,0.5,0.5,0,A,Droit,BAC_1,Maritime,public,F,2023,ADMIS
1,1,0,1,0,0,8.0,6.51,8.56,1,8.56,0.5883999999999999,0.415,-0.14399999999999996,0,0,0.0,0.5,0.5,0,D,Physique-Chimie,BAC_1,Plateaux Est,public,M,2023,REORIENTE
1,1,0,1,0,0,10.71,11.57,12.0,1,12.0,0.3902,0.395,0.2,0,0,0.0,0.5,0.5,0,D,Sciences de l'Éducation,BAC_1,Maritime,public,F,2024,REORIENTE
1,1,0,1,0,0,13.06,11.61,11.52,-1,11.52,0.5066,0.428,0.15199999999999997,0,0,0.0,0.5,0.5,0,F3,Génie Mécanique,BAC_1,Plateaux Est,public,F,2024,ADMIS
1,1,0,1,0,0,7.8,8.88,9.93,1,9.93,0.776,0.671,-0.007000000000000029,0,0,0.0,0.5,0.5,0,E,Physique-Chimie,BAC_1,Savanes,public,F,2024,REORIENTE
1,1,0,1,0,0,9.76,10.89,11.57,1,11.57,0.7668,0.537,0.15700000000000003,0,0,0.0,0.5,0.5,0,A,Sciences Politiques,BAC_1,Plateaux Est,public,M,2023,REORIENTE
1,1,0,1,0,0,7.74,8.18,8.89,1,8.89,0.2958,0.54,-0.11099999999999995,0,0,0.0,0.5,0.5,0,D,Finance et Comptabilité,BAC_1,Plateaux Ouest,public,M,2024,REORIENTE
1,1,0,1,0,0,11.07,10.72,11.69,1,11.69,0.4444,0.679,0.16899999999999996,0,0,0.0,0.5,0.5,0,D,Agronomie,BAC_1,Plateaux Ouest,public,F,2024,REORIENTE
1,1,0,1,0,0,11.17,12.4,11.46,-1,11.46,0.6100000000000001,0.55,0.14600000000000007,0,0,0.0,0.5,0.5,0,D,Odontologie,BAC_1,Grand Lomé,public,F,2023,ADMIS
1,1,0,1,0,0,8.77,9.69,9.71,1,9.71,0.5025999999999999,0.403,-0.028999999999999915,0,0,0.0,0.5,0.5,0,G2,Finance et Comptabilité,BAC_1,Savanes,public,M,2024,ADMIS
1,1,0,1,0,0,9.55,8.66,10.01,1,10.01,0.2916,0.333,0.0009999999999999788,0,0,0.0,0.5,0.5,0,A,Sociologie,BAC_1,Plateaux Est,public,M,2024,REORIENTE
1,1,0,1,0,0,10.06,10.5,10.67,1,10.67,0.7268,0.44,0.06699999999999999,0,0,0.0,0.5,0.5,0,D,Gestion des Entreprises,BAC_1,Grand Lomé,public,F,2023,REORIENTE
1,1,0,1,0,0,10.63,10.74,11.65,1,11.65,0.6078,0.699,0.16500000000000004,0,0,0.0,0.5,0.5,0,D,Médecine,BAC_1,Grand Lomé,public,M,2024,REORIENTE
1,1,0,1,0,0,9.92,8.35,9.53,1,9.53,0.4948,0.538,-0.04700000000000006,0,0,0.0,0.5,0.5,0,G3,Finance et Comptabilité,BAC_1,Plateaux Est,public,F,2023,REORIENTE
1,1,0,1,0,0,5.13,8.24,6.79,-1,6.79,0.625,0.472,-0.321,0,0,0.0,0.5,0.5,0,A,Psychologie,BAC_1,Grand Lomé,privé,M,2024,REORIENTE
1,1,0,1,0,0,12.05,12.31,11.54,-1,11.54,0.6782,0.41,0.15399999999999991,0,0,0.0,0.5,0.5,0,A,Psychologie,BAC_1,Maritime,public,M,2023,ADMIS
1,1,0,1,0,0,10.13,10.62,11.85,1,11.85,0.5726,0.557,0.18499999999999997,0,0,0.0,0.5,0.5,0,D,Pharmacie,BAC_1,Plateaux Est,public,M,2023,REORIENTE
1,1,0,1,0,0,9.68,9.48,11.39,1,11.39,0.43999999999999995,0.434,0.13900000000000007,0,0,0.0,0.5,0.5,0,G2,Gestion des Entreprises,BAC_1,Grand Lomé,public,F,2024,ADMIS
1,1,0,1,0,0,9.73,9.56,9.53,-1,9.53,0.3914,0.491,-0.04700000000000006,0,0,0.0,0.5,0.5,0,D,Psychologie,BAC_1,Plateaux Est,privé,F,2024,REORIENTE
1,1,0,1,0,0,10.39,10.67,10.77,1,10.77,0.7918000000000001,0.577,0.07699999999999996,0,0,0.0,0.5,0.5,0,D,Physique-Chimie,BAC_1,Grand Lomé,privé,F,2023,REORIENTE
1,1,0,1,0,0,8.35,9.34,9.41,1,9.41,0.5648,0.779,-0.05899999999999998,0,0,0.0,0.5,0.5,0,A,Sciences Politiques,BAC_1,Kara,public,F,2024,REORIENTE
1,1,0,1,0,0,8.09,8.52,8.98,1,8.98,0.5336,0.434,-0.10199999999999995,0,0,0.0,0.5,0.5,0,A,Sciences de l'Éducation,BAC_1,Kara,privé,F,2024,ADMIS
1,1,0,1,0,0,6.93,6.94,7.85,1,7.85,0.6192,0.594,-0.21500000000000002,0,0,0.0,0.5,0.5,0,A,Psychologie,BAC_1,Plateaux Est,public,M,2023,ADMIS
1,1,0,1,0,0,14.8,13.07,14.39,1,14.39,0.718,0.409,0.43900000000000006,0,0,0.0,0.5,0.5,0,A,Psychologie,BAC_1,Maritime,public,M,2023,ADMIS
1,1,0,1,0,0,8.14,7.03,7.91,1,7.91,0.658,0.28,-0.209,0,0,0.0,0.5,0.5,0,D,Tourisme et Hôtellerie,BAC_1,Savanes,public,F,2023,REORIENTE
1,1,0,1,0,0,7.76,7.5,8.72,1,8.72,0.7055999999999999,0.507,-0.12799999999999995,0,0,0.0,0.5,0.5,0,D,Génie Mécanique,BAC_1,Kara,public,M,2023,REORIENTE
1,1,0,1,0,0,7.96,6.29,7.81,1,7.81,0.6492,0.537,-0.21900000000000003,0,0,0.0,0.5,0.5,0,D,Psychologie,BAC_1,Grand Lomé,public,F,2023,REORIENTE
1,1,0,1,0,0,7.09,7.33,7.79,1,7.79,0.5568,0.279,-0.221,0,0,0.0,0.5,0.5,0,B,Sciences de l'Éducation,BAC_1,Savanes,public,F,2023,REORIENTE
1,1,0,1,0,0,12.04,13.1,13.93,1,13.93,0.875,0.722,0.39299999999999996,0,0,0.0,0.5,0.5,0,T1,STAPS (Activités Physiques et Sportives),BAC_1,Grand Lomé,public,F,2023,ADMIS
1,1,0,1,0,0,7.83,7.4,7.88,1,7.88,0.528,0.384,-0.21200000000000002,0,0,0.0,0.5,0.5,0,A,Enseignement Primaire,BAC_1,Maritime,public,F,2024,ADMIS
1,1,0,1,0,0,6.97,6.77,8.64,1,8.64,0.6587999999999999,0.6,-0.13599999999999995,0,0,0.0,0.5,0.5,0,A,Anglais,BAC_1,Centrale,privé,M,2024,REORIENTE
1,1,0,1,0,0,13.69,14.28,14.35,1,14.35,0.5354,0.416,0.43499999999999994,0,0,0.0,0.5,0.5,0,B,Tourisme et Hôtellerie,BAC_1,Grand Lomé,public,M,2023,ADMIS
1,1,0,1,0,0,12.3,11.04,11.47,1,11.47,0.4244,0.422,0.14700000000000008,0,0,0.0,0.5,0.5,0,D,Génie Mécanique,BAC_1,Plateaux Ouest,privé,F,2024,ADMIS
1,1,0,1,0,0,11.09,11.66,12.55,1,12.55,0.4844,0.659,0.25500000000000006,0,0,0.0,0.5,0.5,0,D,Informatique,BAC_1,Maritime,privé,F,2024,REORIENTE
1,1,0,1,0,0,9.34,10.82,10.56,-1,10.56,0.7085999999999999,0.48,0.05600000000000005,0,0,0.0,0.5,0.5,0,A,Psychologie,BAC_1,Grand Lomé,privé,F,2024,ADMIS
1,1,0,1,0,0,13.46,12.82,12.67,-1,12.67,0.49219999999999997,0.299,0.267,0,0,0.0,0.5,0.5,0,A,Lettres Modernes,BAC_1,Plateaux Ouest,public,F,2023,REORIENTE
1,1,0,1,0,0,7.07,7.72,8.68,1,8.68,0.5908,0.616,-0.13200000000000003,0,0,0.0,0.5,0.5,0,D,Sciences Environnementales,BAC_1,Grand Lomé,public,F,2024,ADMIS
1,1,0,1,0,0,6.76,7.43,8.19,1,8.19,0.537,0.528,-0.18100000000000005,0,0,0.0,0.5,0.5,0,D,Gestion des Entreprises,BAC_1,Centrale,public,F,2023,ADMIS
1,1,0,1,0,0,9.58,8.99,10.04,1,10.04,0.7772,0.593,0.003999999999999915,0,0,0.0,0.5,0.5,0,A,Tourisme et Hôtellerie,BAC_1,Savanes,public,F,2023,REORIENTE
1,1,0,1,0,0,9.39,11.26,10.76,-1,10.76,0.5831999999999999,0.714,0.07599999999999998,0,0,0.0,0.5,0.5,0,D,Pharmacie,BAC_1,Centrale,public,M,2024,REORIENTE
1,1,0,1,0,0,12.43,12.47,11.66,-1,11.66,0.4718,0.44,0.166,0,0,0.0,0.5,0.5,0,A,Communication et Journalisme,BAC_1,Plateaux Ouest,privé,M,2024,REORIENTE
1,1,0,1,0,0,8.69,9.01,9.3,1,9.3,0.8275999999999999,0.611,-0.06999999999999992,0,0,0.0,0.5,0.5,0,A,Droit,BAC_1,Centrale,privé,F,2023,REORIENTE
1,1,0,1,0,0,6.59,7.84,8.07,1,8.07,0.778,0.46,-0.19299999999999998,0,0,0.0,0.5,0.5,0,A,Histoire,BAC_1,Maritime,public,F,2023,ADMIS
1,1,0,1,0,0,11.97,13.45,12.94,-1,12.94,0.549,0.549,0.29399999999999993,0,0,0.0,0.5,0.5,0,D,Finance et Comptabilité,BAC_1,Plateaux Ouest,public,F,2023,ADMIS
1,1,0,1,0,0,6.8,9.43,8.27,-1,8.27,0.5676,0.411,-0.17300000000000004,0,0,0.0,0.5,0.5,0,D,Gestion des Entreprises,BAC_1,Maritime,privé,M,2023,ADMIS
1,1,0,1,0,0,8.69,10.59,10.47,-1,10.47,0.6958,0.577,0.04700000000000006,0,0,0.0,0.5,0.5,0,D,Agronomie,BAC_1,Plateaux Ouest,privé,M,2023,REORIENTE
1,1,0,1,0,0,8.5,7.75,8.58,1,8.58,0.6592,0.556,-0.142,0,0,0.0,0.5,0.5,0,D,Finance et Comptabilité,BAC_1,Centrale,privé,F,2023,ADMIS
1,1,0,1,0,0,8.5,9.29,9.56,1,9.56,0.5262,0.42,-0.04399999999999995,0,0,0.0,0.5,0.5,0,A,Tourisme et Hôtellerie,BAC_1,Maritime,public,M,2024,REORIENTE
1,1,0,1,0,0,13.44,14.07,13.84,-1,13.84,0.4548,0.273,0.384,0,0,0.0,0.5,0.5,0,D,Informatique,BAC_1,Grand Lomé,privé,M,2024,ADMIS
1,1,0,1,0,0,9.89,10.32,10.09,-1,10.09,0.6902,0.44,0.008999999999999985,0,0,0.0,0.5,0.5,0,A,Lettres Modernes,BAC_1,Grand Lomé,public,M,2024,REORIENTE
1,1,0,1,0,0,6.77,8.46,8.1,-1,8.1,0.7112,0.686,-0.19000000000000003,0,0,0.0,0.5,0.5,0,A,STAPS (Activités Physiques et Sportives),BAC_1,Grand Lomé,public,F,2023,REORIENTE
1,1,0,1,0,0,12.13,12.01,12.56,1,12.56,0.406,0.562,0.25600000000000006,0,0,0.0,0.5,0.5,0,A,Lettres Modernes,BAC_1,Centrale,public,M,2024,REORIENTE
1,1,0,1,0,0,9.02,9.33,8.73,-1,8.73,0.398,0.506,-0.12699999999999995,0,0,0.0,0.5,0.5,0,D,Génie Informatique,BAC_1,Grand Lomé,public,F,2024,REORIENTE
1,1,0,1,0,0,8.37,8.28,8.43,1,8.43,0.3852,0.462,-0.15700000000000003,0,0,0.0,0.5,0.5,0,D,Sciences Environnementales,BAC_1,Centrale,public,M,2024,REORIENTE
1,1,0,1,0,0,10.21,9.77,10.89,1,10.89,0.7444,0.607,0.08900000000000005,0,0,0.0,0.5,0.5,0,F1,Génie Civil,BAC_1,Maritime,public,M,2024,REORIENTE
1,1,0,1,0,0,9.61,8.86,9.48,1,9.48,0.362,0.407,-0.051999999999999956,0,0,0.0,0.5,0.5,0,A,Lettres Modernes,BAC_1,Maritime,privé,M,2024,REORIENTE
1,1,0,1,0,0,10.27,11.7,10.84,-1,10.84,0.7751999999999999,0.507,0.08399999999999999,0,0,0.0,0.5,0.5,0,D,Sciences Environnementales,BAC_1,Maritime,public,M,2023,REORIENTE
1,1,0,1,0,0,10.29,10.16,10.36,1,10.36,0.5534000000000001,0.683,0.03599999999999994,0,0,0.0,0.5,0.5,0,G3,Gestion des Entreprises,BAC_1,Grand Lomé,privé,M,2023,REORIENTE
1,1,0,1,0,0,9.42,9.83,9.88,1,9.88,0.5236,0.247,-0.011999999999999922,0,0,0.0,0.5,0.5,0,B,Histoire,BAC_1,Centrale,privé,F,2024,REORIENTE
1,1,0,1,0,0,8.68,10.49,11.02,1,11.02,0.5996,0.578,0.10199999999999995,0,0,0.0,0.5,0.5,0,D,Gestion des Entreprises,BAC_1,Plateaux Est,privé,F,2024,REORIENTE
1,1,0,1,0,0,9.8,10.03,10.82,1,10.82,0.4996,0.565,0.08200000000000003,0,0,0.0,0.5,0.5,0,D,Tourisme et Hôtellerie,BAC_1,Grand Lomé,public,F,2024,REORIENTE
1,1,0,1,0,0,9.64,9.13,10.14,1,10.14,0.7438,0.505,0.014000000000000058,0,0,0.0,0.5,0.5,0,A,Droit,BAC_1,Maritime,public,M,2023,ADMIS
1,1,0,1,0,0,8.29,7.31,7.06,-1,7.06,0.74,0.662,-0.29400000000000004,0,0,0.0,0.5,0.5,0,F1,Génie Civil,BAC_1,Grand Lomé,public,M,2024,ADMIS
1,1,0,1,0,0,10.71,10.55,10.58,1,10.58,0.584,0.347,0.05800000000000001,0,0,0.0,0.5,0.5,0,A,Lettres Modernes,BAC_1,Maritime,public,F,2023,REORIENTE
1,1,0,1,0,0,10.63,11.17,10.26,-1,10.26,0.416,0.422,0.025999999999999978,0,0,0.0,0.5,0.5,0,D,Sciences de l'Éducation,BAC_1,Plateaux Est,public,F,2024,REORIENTE
1,1,0,1,0,0,10.5,9.04,10.07,1,10.07,0.6108,0.555,0.007000000000000029,0,0,0.0,0.5,0.5,0,A,Anglais,BAC_1,Grand Lomé,privé,M,2024,ADMIS
1,1,0,1,0,0,8.32,10.77,9.37,-1,9.37,0.48539999999999994,0.354,-0.06300000000000008,0,0,0.0,0.5,0.5,0,D,Enseignement Primaire,BAC_1,Plateaux Est,privé,M,2024,REORIENTE
1,1,0,1,0,0,10.36,9.96,11.42,1,11.42,0.2672,0.251,0.142,0,0,0.0,0.5,0.5,0,A,Lettres Modernes,BAC_1,Centrale,public,F,2024,REORIENTE
1,1,0,1,0,0,11.96,9.87,10.81,1,10.81,0.615,0.702,0.08100000000000004,0,0,0.0,0.5,0.5,0,A,STAPS (Activités Physiques et Sportives),BAC_1,Maritime,public,M,2024,REORIENTE
1,1,0,1,0,0,10.56,10.46,10.69,1,10.69,0.8808,0.717,0.06899999999999995,0,0,0.0,0.5,0.5,0,D,Sciences Infirmières,BAC_1,Maritime,privé,M,2023,REORIENTE
1,1,0,1,0,0,12.24,10.64,11.64,1,11.64,0.6792,0.546,0.16400000000000006,0,0,0.0,0.5,0.5,0,D,Finance et Comptabilité,BAC_1,Grand Lomé,public,M,2023,REORIENTE
1,1,0,1,0,0,11.6,13.49,12.99,-1,12.99,0.4454,0.554,0.29900000000000004,0,0,0.0,0.5,0.5,0,A,Psychologie,BAC_1,Grand Lomé,public,M,2024,ADMIS
1,1,0,1,0,0,9.56,9.64,9.6,-1,9.6,0.6577999999999999,0.431,-0.040000000000000036,0,0,0.0,0.5,0.5,0,A,Sociologie,BAC_1,Plateaux Ouest,public,M,2023,REORIENTE
1,1,0,1,0,0,12.45,13.05,12.86,-1,12.86,0.392,0.662,0.2859999999999999,0,0,0.0,0.5,0.5,0,A,Droit,BAC_1,Centrale,public,F,2024,REORIENTE
1,1,0,1,0,0,11.69,11.77,12.34,1,12.34,0.5774,0.323,0.23399999999999999,0,0,0.0,0.5,0.5,0,D,Sciences Infirmières,BAC_1,Grand Lomé,public,M,2023,REORIENTE
1,1,0,1,0,0,10.71,11.07,11.13,1,11.13,0.4628,0.422,0.11300000000000007,0,0,0.0,0.5,0.5,0,D,Biologie,BAC_1,Grand Lomé,privé,F,2024,ADMIS
1,1,0,1,0,0,12.45,10.94,12.53,1,12.53,0.49660000000000004,0.406,0.25299999999999995,0,0,0.0,0.5,0.5,0,D,Pharmacie,BAC_1,Plateaux Est,privé,M,2024,REORIENTE
1,1,0,1,0,0,7.26,7.44,8.84,1,8.84,0.7214,0.662,-0.11600000000000002,0,0,0.0,0.5,0.5,0,D,Gestion des Entreprises,BAC_1,Grand Lomé,public,F,2024,REORIENTE
1,1,0,1,0,0,7.29,7.09,7.51,1,7.51,0.4948,0.49,-0.24900000000000003,0,0,0.0,0.5,0.5,0,A,Psychologie,BAC_1,Grand Lomé,public,M,2024,ADMIS
1,1,0,1,0,0,10.16,10.59,11.41,1,11.41,0.7052,0.626,0.14100000000000001,0,0,0.0,0.5,0.5,0,B,Sciences de l'Éducation,BAC_1,Maritime,public,F,2024,REORIENTE
1,1,0,1,0,0,8.21,7.78,9.83,1,9.83,0.3972,0.393,-0.016999999999999994,0,0,0.0,0.5,0.5,0,D,Finance et Comptabilité,BAC_1,Plateaux Ouest,public,M,2024,REORIENTE
1,1,0,1,0,0,7.98,9.48,10.08,1,10.08,0.6736,0.67,0.008000000000000007,0,0,0.0,0.5,0.5,0,D,Biologie,BAC_1,Centrale,privé,F,2023,REORIENTE
1,1,0,1,0,0,11.54,9.58,10.04,1,10.04,0.7066,0.772,0.003999999999999915,0,0,0.0,0.5,0.5,0,A,Tourisme et Hôtellerie,BAC_1,Kara,privé,F,2024,REORIENTE
1,1,0,1,0,0,12.53,12.05,13.15,1,13.15,0.5954,0.482,0.31500000000000006,0,0,0.0,0.5,0.5,0,G2,Droit,BAC_1,Centrale,public,M,2023,REORIENTE
1,1,0,1,0,0,12.78,12.73,12.13,-1,12.13,0.7918,0.511,0.21300000000000008,0,0,0.0,0.5,0.5,0,A,Tourisme et Hôtellerie,BAC_1,Maritime,privé,M,2023,ADMIS
1,1,0,1,0,0,10.38,9.41,10.88,1,10.88,0.44980000000000003,0.433,0.08800000000000008,0,0,0.0,0.5,0.5,0,D,Sciences Environnementales,BAC_1,Plateaux Est,privé,M,2024,REORIENTE
1,1,0,1,0,0,11.95,11.68,11.87,1,11.87,0.5532,0.603,0.18699999999999992,0,0,0.0,0.5,0.5,0,A,Droit,BAC_1,Grand Lomé,public,M,2024,REORIENTE
1,1,0,1,0,0,7.15,5.57,7.05,1,7.05,0.489,0.351,-0.29500000000000004,0,0,0.0,0.5,0.5,0,G2,Sciences Infirmières,BAC_1,Grand Lomé,public,M,2023,ADMIS
1,1,0,1,0,0,8.74,9.67,9.62,-1,9.62,0.6504000000000001,0.66,-0.038000000000000075,0,0,0.0,0.5,0.5,0,A,Arts Plastiques,BAC_1,Grand Lomé,public,F,2024,REORIENTE
1,1,0,1,0,0,8.35,9.91,10.28,1,10.28,0.6357999999999999,0.364,0.027999999999999935,0,0,0.0,0.5,0.5,0,A,Sociologie,BAC_1,Maritime,privé,M,2023,ADMIS
1,1,0,1,0,0,9.19,8.4,8.76,1,8.76,0.4376,0.635,-0.12400000000000003,0,0,0.0,0.5,0.5,0,A,Psychologie,BAC_1,Centrale,public,M,2024,REORIENTE
1,1,0,1,0,0,9.67,9.99,10.64,1,10.64,0.6204,0.513,0.06400000000000006,0,0,0.0,0.5,0.5,0,A,Sciences de l'Éducation,BAC_1,Maritime,privé,F,2024,REORIENTE
1,1,0,1,0,0,8.44,9.56,10.02,1,10.02,0.671,0.611,0.0019999999999999575,0,0,0.0,0.5,0.5,0,D,Gestion des Entreprises,BAC_1,Plateaux Est,privé,M,2023,ADMIS
1,1,0,1,0,0,11.58,13.73,13.11,-1,13.11,0.5496,0.654,0.31099999999999994,0,0,0.0,0.5,0.5,0,D,Finance et Comptabilité,BAC_1,Plateaux Est,public,F,2023,ADMIS
1,1,0,1,0,0,9.41,10.38,10.35,-1,10.35,0.5556,0.666,0.03499999999999996,0,0,0.0,0.5,0.5,0,G3,Banque et Assurance,BAC_1,Grand Lomé,public,M,2023,ADMIS
1,1,0,1,0,0,9.05,9.06,8.73,-1,8.73,0.3742,0.607,-0.12699999999999995,0,0,0.0,0.5,0.5,0,A,Droit,BAC_1,Centrale,public,F,2024,ADMIS
1,1,0,1,0,0,9.16,10.8,9.92,-1,9.92,0.4124,0.437,-0.008000000000000007,0,0,0.0,0.5,0.5,0,A,Géographie,BAC_1,Grand Lomé,public,F,2024,REORIENTE
1,1,0,1,0,0,10.09,11.51,11.36,-1,11.36,0.612,0.609,0.13599999999999995,0,0,0.0,0.5,0.5,0,D,Génie Informatique,BAC_1,Plateaux Ouest,privé,F,2024,REORIENTE
1,1,0,1,0,0,9.43,9.52,8.89,-1,8.89,0.5668,0.451,-0.11099999999999995,0,0,0.0,0.5,0.5,0,A,Psychologie,BAC_1,Plateaux Est,privé,F,2024,ADMIS
1,1,0,1,0,0,11.75,12.88,12.92,1,12.92,0.719,0.857,0.292,0,0,0.0,0.5,0.5,0,A,Droit,BAC_1,Plateaux Ouest,privé,M,2024,REORIENTE
1,1,0,1,0,0,12.68,11.31,11.18,-1,11.18,0.5638,0.55,0.11799999999999997,0,0,0.0,0.5,0.5,0,A,Sciences de l'Éducation,BAC_1,Maritime,public,M,2024,ADMIS
1,1,0,1,0,0,11.41,11.93,12.38,1,12.38,0.6664,0.514,0.23800000000000007,0,0,0.0,0.5,0.5,0,A,Communication et Journalisme,BAC_1,Plateaux Est,public,F,2023,ADMIS
1,1,0,1,0,0,8.81,7.9,8.84,1,8.84,0.5572,0.472,-0.11600000000000002,0,0,0.0,0.5,0.5,0,D,Biologie,BAC_1,Grand Lomé,public,F,2024,REORIENTE
1,1,0,1,0,0,10.45,10.54,11.4,1,11.4,0.7812,0.468,0.14000000000000004,0,0,0.0,0.5,0.5,0,A,Tourisme et Hôtellerie,BAC_1,Grand Lomé,public,M,2023,ADMIS
1,1,0,1,0,0,11.48,11.02,11.63,1,11.63,0.7732000000000001,0.658,0.1630000000000001,0,0,0.0,0.5,0.5,0,D,Informatique,BAC_1,Plateaux Est,public,M,2023,REORIENTE
1,1,0,1,0,0,8.12,8.18,7.85,-1,7.85,0.8852,0.728,-0.21500000000000002,0,0,0.0,0.5,0.5,0,D,Gestion des Entreprises,BAC_1,Maritime,privé,M,2023,ADMIS
1,1,0,1,0,0,8.67,8.27,8.76,1,8.76,0.7123999999999999,0.32,-0.12400000000000003,0,0,0.0,0.5,0.5,0,D,Géographie,BAC_1,Maritime,public,F,2023,ADMIS
1,1,0,1,0,0,9.73,9.32,9.33,1,9.33,0.4078,0.331,-0.06699999999999999,0,0,0.0,0.5,0.5,0,D,Biologie,BAC_1,Grand Lomé,public,F,2024,REORIENTE
1,1,0,1,0,0,10.27,9.88,9.88,1,9.88,0.5662,0.43,-0.011999999999999922,0,0,0.0,0.5,0.5,0,A,Lettres Modernes,BAC_1,Plateaux Est,public,F,2023,ADMIS
1,1,0,1,0,0,14.36,13.7,13.86,1,13.86,0.5852,0.764,0.38599999999999995,0,0,0.0,0.5,0.5,0,D,Génie Informatique,BAC_1,Grand Lomé,public,F,2024,REORIENTE
1,1,0,1,0,0,6.96,9.94,10.54,1,10.54,0.7071999999999999,0.436,0.053999999999999916,0,0,0.0,0.5,0.5,0,A,Psychologie,BAC_1,Kara,public,M,2023,ADMIS
1,1,0,1,0,0,5.22,6.14,6.99,1,6.99,0.3928,0.277,-0.301,0,0,0.0,0.5,0.5,0,D,Agronomie,BAC_1,Plateaux Ouest,privé,F,2024,ADMIS
1,1,0,1,0,0,11.55,10.74,11.72,1,11.72,0.7654,0.448,0.17200000000000007,0,0,0.0,0.5,0.5,0,D,Agronomie,BAC_1,Maritime,privé,F,2023,ADMIS
1,1,0,1,0,0,10.8,10.17,10.76,1,10.76,0.6688000000000001,0.535,0.07599999999999998,0,0,0.0,0.5,0.5,0,G1,Gestion des Entreprises,BAC_1,Plateaux Ouest,privé,F,2024,REORIENTE
1,1,0,1,0,0,7.8,8.96,9.27,1,9.27,0.6557999999999999,0.717,-0.07300000000000004,0,0,0.0,0.5,0.5,0,A,Droit,BAC_1,Grand Lomé,privé,M,2024,ADMIS
1,1,0,1,0,0,7.5,9.71,9.34,-1,9.34,0.362,0.449,-0.06600000000000002,0,0,0.0,0.5,0.5,0,A,Géographie,BAC_1,Plateaux Ouest,public,F,2024,REORIENTE
1,1,0,1,0,0,13.99,11.88,12.95,1,12.95,0.36219999999999997,0.388,0.29499999999999993,0,0,0.0,0.5,0.5,0,A,Arts Plastiques,BAC_1,Grand Lomé,public,M,2024,ADMIS
1,1,0,1,0,0,6.41,7.39,7.78,1,7.78,0.4132,0.475,-0.22199999999999998,0,0,0.0,0.5,0.5,0,D,Sciences Environnementales,BAC_1,Maritime,public,F,2024,REORIENTE
1,1,0,1,0,0,8.9,9.53,9.48,-1,9.48,0.596,0.611,-0.051999999999999956,0,0,0.0,0.5,0.5,0,D,Génie Civil,BAC_1,Grand Lomé,public,F,2024,ADMIS
1,1,0,1,0,0,9.75,10.24,10.33,1,10.33,0.7676,0.434,0.03300000000000001,0,0,0.0,0.5,0.5,0,A,Tourisme et Hôtellerie,BAC_1,Grand Lomé,privé,M,2023,REORIENTE
1,1,0,1,0,0,7.77,9.38,9.45,1,9.45,0.3216,0.411,-0.05500000000000007,0,0,0.0,0.5,0.5,0,D,Biologie,BAC_1,Savanes,privé,F,2024,REORIENTE
1,1,0,1,0,0,10.41,9.7,9.95,1,9.95,0.4282,0.448,-0.005000000000000071,0,0,0.0,0.5,0.5,0,D,Gestion des Entreprises,BAC_1,Plateaux Ouest,public,F,2024,REORIENTE
1,1,0,1,0,0,9.11,11.7,10.56,-1,10.56,0.5292,0.594,0.05600000000000005,0,0,0.0,0.5,0.5,0,D,Sciences Environnementales,BAC_1,Grand Lomé,public,M,2024,REORIENTE
1,1,0,1,0,0,9.79,11.29,11.34,1,11.34,0.8098,0.547,0.13399999999999998,0,0,0.0,0.5,0.5,0,D,Génie Civil,BAC_1,Maritime,privé,F,2023,ADMIS
1,1,0,1,0,0,9.11,9.55,8.52,-1,8.52,0.5834,0.503,-0.14800000000000005,0,0,0.0,0.5,0.5,0,A,Communication et Journalisme,BAC_1,Grand Lomé,public,F,2024,REORIENTE
1,1,0,1,0,0,8.54,8.27,8.26,-1,8.26,0.7487999999999999,0.459,-0.17400000000000002,0,0,0.0,0.5,0.5,0,A,Tourisme et Hôtellerie,BAC_1,Maritime,privé,F,2023,REORIENTE
1,1,0,1,0,0,9.85,11.67,10.5,-1,10.5,0.7498,0.529,0.05,0,0,0.0,0.5,0.5,0,A,Histoire,BAC_1,Centrale,public,M,2023,REORIENTE
1,1,0,1,0,0,4.81,6.6,6.48,-1,6.48,0.442,0.505,-0.352,0,0,0.0,0.5,0.5,0,D,Géographie,BAC_1,Grand Lomé,public,F,2024,ADMIS
1,1,0,1,0,0,12.68,14.43,14.04,-1,14.04,0.7554,0.588,0.4039999999999999,0,0,0.0,0.5,0.5,0,A,Lettres Modernes,BAC_1,Kara,public,F,2023,ADMIS
1,1,0,1,0,0,7.67,7.84,8.9,1,8.9,0.7496,0.632,-0.10999999999999996,0,0,0.0,0.5,0.5,0,A,STAPS (Activités Physiques et Sportives),BAC_1,Maritime,public,F,2023,ADMIS
1,1,0,1,0,0,9.74,10.32,10.73,1,10.73,0.4858,0.67,0.07300000000000004,0,0,0.0,0.5,0.5,0,A,STAPS (Activités Physiques et Sportives),BAC_1,Centrale,public,M,2024,ADMIS
1,1,0,1,0,0,10.94,11.04,11.6,1,11.6,0.5036,0.569,0.15999999999999998,0,0,0.0,0.5,0.5,0,A,Arts Plastiques,BAC_1,Savanes,public,M,2024,REORIENTE
1,1,0,1,0,0,10.3,8.46,9.68,1,9.68,0.4732,0.349,-0.03200000000000003,0,0,0.0,0.5,0.5,0,G2,Finance et Comptabilité,BAC_1,Kara,public,F,2023,REORIENTE
1,1,0,1,0,0,9.53,9.73,10.7,1,10.7,0.7294,0.421,0.06999999999999992,0,0,0.0,0.5,0.5,0,A,Communication et Journalisme,BAC_1,Grand Lomé,public,F,2023,REORIENTE
1,1,0,1,0,0,14.22,14.55,13.71,-1,13.71,0.4952,0.563,0.3710000000000001,0,0,0.0,0.5,0.5,0,A,Communication et Journalisme,BAC_1,Plateaux Ouest,public,M,2024,ADMIS
1,1,0,1,0,0,5.59,7.26,7.75,1,7.75,0.4928,0.392,-0.225,0,0,0.0,0.5,0.5,0,A,Enseignement Primaire,BAC_1,Grand Lomé,public,M,2024,REORIENTE
1,1,0,1,0,0,8.39,10.69,10.08,-1,10.08,0.4652,0.452,0.008000000000000007,0,0,0.0,0.5,0.5,0,A,Psychologie,BAC_1,Grand Lomé,public,F,2024,ADMIS
1,1,0,1,0,0,11.8,11.39,12.21,1,12.21,0.6679999999999999,0.584,0.22100000000000009,0,0,0.0,0.5,0.5,0,D,Sciences Forestières,BAC_1,Grand Lomé,public,M,2024,ADMIS
1,1,0,1,0,0,7.68,6.86,7.27,1,7.27,0.6262,0.58,-0.273,0,0,0.0,0.5,0.5,0,D,Génie Mécanique,BAC_1,Maritime,privé,F,2024,ADMIS
1,1,0,1,0,0,7.29,7.4,7.76,1,7.76,0.451,0.52,-0.22400000000000003,0,0,0.0,0.5,0.5,0,D,Agronomie,BAC_1,Plateaux Est,privé,M,2024,REORIENTE
1,1,0,1,0,0,5.72,7.34,8.38,1,8.38,0.6626000000000001,0.389,-0.16199999999999992,0,0,0.0,0.5,0.5,0,D,Gestion des Entreprises,BAC_1,Kara,privé,M,2023,ADMIS
1,1,0,1,0,0,15.77,11.81,12.87,1,12.87,0.8412,0.618,0.2869999999999999,0,0,0.0,0.5,0.5,0,A,Sciences Politiques,BAC_1,Grand Lomé,public,F,2023,ADMIS
1,1,0,1,0,0,11.03,9.96,9.9,-1,9.9,0.794,0.581,-0.009999999999999964,0,0,0.0,0.5,0.5,0,B,Droit,BAC_1,Plateaux Est,privé,F,2023,ADMIS
1,1,0,1,0,0,10.99,11.03,10.21,-1,10.21,0.6474,0.558,0.021000000000000085,0,0,0.0,0.5,0.5,0,B,Enseignement Primaire,BAC_1,Plateaux Est,public,M,2024,REORIENTE
1,1,0,1,0,0,11.19,10.63,11.33,1,11.33,0.4426,0.376,0.133,0,0,0.0,0.5,0.5,0,A,Sciences Politiques,BAC_1,Savanes,public,F,2024,ADMIS
1,1,0,1,0,0,14.89,13.49,14.71,1,14.71,0.48000000000000004,0.378,0.4710000000000001,0,0,0.0,0.5,0.5,0,D,Sciences Infirmières,BAC_1,Centrale,public,F,2024,REORIENTE
1,1,0,1,0,0,9.71,9.83,10.15,1,10.15,0.5808,0.534,0.015000000000000036,0,0,0.0,0.5,0.5,0,D,Enseignement Primaire,BAC_1,Plateaux Ouest,public,M,2023,REORIENTE
1,1,0,1,0,0,9.89,9.57,10.41,1,10.41,0.5344,0.439,0.041000000000000016,0,0,0.0,0.5,0.5,0,A,Droit,BAC_1,Plateaux Est,public,F,2023,ADMIS
1,1,0,1,0,0,7.83,8.26,9.29,1,9.29,0.6564000000000001,0.531,-0.07100000000000009,0,0,0.0,0.5,0.5,0,A,Droit,BAC_1,Grand Lomé,public,M,2024,REORIENTE
1,1,0,1,0,0,10.43,10.55,10.85,1,10.85,0.46699999999999997,0.608,0.08499999999999996,0,0,0.0,0.5,0.5,0,D,Informatique,BAC_1,Plateaux Ouest,privé,M,2024,REORIENTE
1,1,0,1,0,0,11.28,11.68,11.23,-1,11.23,0.7307999999999999,0.48,0.12300000000000004,0,0,0.0,0.5,0.5,0,A,Psychologie,BAC_1,Kara,privé,M,2023,ADMIS
1,1,0,1,0,0,7.48,7.73,8.58,1,8.58,0.39840000000000003,0.546,-0.142,0,0,0.0,0.5,0.5,0,A,Droit,BAC_1,Plateaux Est,public,M,2024,ADMIS
1,1,0,1,0,0,11.24,11.53,11.04,-1,11.04,0.5138,0.623,0.10399999999999991,0,0,0.0,0.5,0.5,0,A,Sciences de l'Éducation,BAC_1,Centrale,privé,F,2024,REORIENTE
1,1,0,1,0,0,11.49,10.29,11.76,1,11.76,0.3264,0.465,0.176,0,0,0.0,0.5,0.5,0,A,Tourisme et Hôtellerie,BAC_1,Plateaux Ouest,public,M,2024,REORIENTE
1,1,0,1,0,0,10.03,9.98,11.32,1,11.32,0.6950000000000001,0.47,0.13200000000000003,0,0,0.0,0.5,0.5,0,A,Arts Plastiques,BAC_1,Maritime,privé,F,2023,ADMIS
1,1,0,1,0,0,9.08,8.91,9.19,1,9.19,0.5556,0.462,-0.08100000000000004,0,0,0.0,0.5,0.5,0,A,Communication et Journalisme,BAC_1,Grand Lomé,public,M,2024,ADMIS
1,1,0,1,0,0,7.67,8.43,9.89,1,9.89,0.7636,0.655,-0.010999999999999944,0,0,0.0,0.5,0.5,0,A,Communication et Journalisme,BAC_1,Plateaux Ouest,privé,F,2023,ADMIS
1,1,0,1,0,0,10.18,13.03,12.13,-1,12.13,0.6938000000000001,0.377,0.21300000000000008,0,0,0.0,0.5,0.5,0,A,Anglais,BAC_1,Savanes,privé,F,2023,ADMIS
1,1,0,1,0,0,11.52,11.46,12.27,1,12.27,0.72,0.618,0.22699999999999995,0,0,0.0,0.5,0.5,0,A,Droit,BAC_1,Plateaux Est,public,F,2023,REORIENTE
1,1,0,1,0,0,7.12,8.62,7.85,-1,7.85,0.5509999999999999,0.428,-0.21500000000000002,0,0,0.0,0.5,0.5,0,A,Arts Plastiques,BAC_1,Centrale,public,F,2023,REORIENTE
1,1,0,1,0,0,10.92,10.6,10.63,1,10.63,0.41080000000000005,0.544,0.06300000000000008,0,0,0.0,0.5,0.5,0,D,Sciences Infirmières,BAC_1,Centrale,public,F,2024,REORIENTE
1,1,0,1,0,0,10.79,11.55,11.92,1,11.92,0.4286,0.308,0.192,0,0,0.0,0.5,0.5,0,D,Finance et Comptabilité,BAC_1,Plateaux Est,privé,F,2024,ADMIS
1,1,0,1,0,0,11.18,11.81,12.09,1,12.09,0.6198,0.447,0.209,0,0,0.0,0.5,0.5,0,A,Tourisme et Hôtellerie,BAC_1,Plateaux Ouest,privé,M,2023,ADMIS
1,1,0,1,0,0,10.46,10.93,10.75,-1,10.75,0.4582,0.511,0.075,0,0,0.0,0.5,0.5,0,A,Sciences de l'Éducation,BAC_1,Plateaux Est,public,F,2024,REORIENTE
1,1,0,1,0,0,7.64,8.04,8.2,1,8.2,0.5218,0.4,-0.18000000000000008,0,0,0.0,0.5,0.5,0,A,Psychologie,BAC_1,Grand Lomé,public,F,2024,ADMIS
1,1,0,1,0,0,13.9,12.11,14.0,1,14.0,0.6056,0.623,0.4,0,0,0.0,0.5,0.5,0,G2,Finance et Comptabilité,BAC_1,Kara,public,M,2023,ADMIS
1,1,0,1,0,0,6.04,7.91,8.13,1,8.13,0.4318,0.574,-0.18699999999999992,0,0,0.0,0.5,0.5,0,D,Informatique,BAC_1,Maritime,public,F,2024,REORIENTE
1,1,0,1,0,0,10.84,12.06,11.53,-1,11.53,0.5602,0.664,0.15299999999999994,0,0,0.0,0.5,0.5,0,D,Gestion des Entreprises,BAC_1,Kara,public,M,2024,ADMIS
1,1,0,1,0,0,10.3,11.01,10.82,-1,10.82,0.7548,0.549,0.08200000000000003,0,0,0.0,0.5,0.5,0,D,Finance et Comptabilité,BAC_1,Grand Lomé,privé,F,2023,REORIENTE
1,1,0,1,0,0,11.65,11.91,12.17,1,12.17,0.5964,0.627,0.217,0,0,0.0,0.5,0.5,0,B,Sciences de l'Éducation,BAC_1,Plateaux Est,public,M,2023,ADMIS
1,1,0,1,0,0,7.4,8.11,8.56,1,8.56,0.45759999999999995,0.436,-0.14399999999999996,0,0,0.0,0.5,0.5,0,D,Biologie,BAC_1,Grand Lomé,public,F,2024,ADMIS
1,1,0,1,0,0,10.89,10.56,11.1,1,11.1,0.6552,0.486,0.10999999999999996,0,0,0.0,0.5,0.5,0,D,Sociologie,BAC_1,Grand Lomé,privé,M,2023,ADMIS
1,1,0,1,0,0,12.66,12.67,12.46,-1,12.46,0.6891999999999999,0.499,0.24600000000000008,0,0,0.0,0.5,0.5,0,A,Communication et Journalisme,BAC_1,Kara,public,M,2023,ADMIS
1,1,0,1,0,0,12.66,12.19,13.44,1,13.44,0.7203999999999999,0.514,0.344,0,0,0.0,0.5,0.5,0,A,Arts Plastiques,BAC_1,Kara,public,M,2023,ADMIS
1,1,0,1,0,0,10.2,9.14,9.84,1,9.84,0.5624,0.614,-0.016000000000000014,0,0,0.0,0.5,0.5,0,D,Sociologie,BAC_1,Maritime,public,F,2024,REORIENTE
1,1,0,1,0,0,8.27,8.99,8.86,-1,8.86,0.6402,0.645,-0.11400000000000006,0,0,0.0,0.5,0.5,0,G2,Gestion des Entreprises,BAC_1,Maritime,public,M,2024,REORIENTE
1,1,0,1,0,0,12.92,13.67,12.65,-1,12.65,0.5142,0.621,0.265,0,0,0.0,0.5,0.5,0,D,Génie Électrique,BAC_1,Maritime,privé,F,2024,REORIENTE
1,1,0,1,0,0,10.08,12.34,12.62,1,12.62,0.26080000000000003,0.31,0.2619999999999999,0,0,0.0,0.5,0.5,0,A,Lettres Modernes,BAC_1,Plateaux Est,public,F,2024,REORIENTE
1,1,0,1,0,0,11.26,11.06,10.82,-1,10.82,0.7888,0.817,0.08200000000000003,0,0,0.0,0.5,0.5,0,D,Finance et Comptabilité,BAC_1,Maritime,public,M,2023,REORIENTE
1,1,0,1,0,0,8.72,9.22,9.31,1,9.31,0.6534,0.465,-0.06899999999999995,0,0,0.0,0.5,0.5,0,D,Génie Informatique,BAC_1,Savanes,public,F,2023,ADMIS
1,1,0,1,0,0,7.68,6.45,6.89,1,6.89,0.5484,0.705,-0.31100000000000005,0,0,0.0,0.5,0.5,0,A,Droit,BAC_1,Maritime,public,M,2024,ADMIS
1,1,0,1,0,0,7.94,9.52,9.54,1,9.54,0.694,0.511,-0.04600000000000008,0,0,0.0,0.5,0.5,0,D,Génie Informatique,BAC_1,Kara,public,M,2023,ADMIS
1,1,0,1,0,0,6.56,8.91,8.86,-1,8.86,0.6294,0.456,-0.11400000000000006,0,0,0.0,0.5,0.5,0,A,Sociologie,BAC_1,Grand Lomé,public,F,2023,REORIENTE
1,1,0,1,0,0,11.51,10.88,11.94,1,11.94,0.7867999999999999,0.482,0.19399999999999995,0,0,0.0,0.5,0.5,0,A,Anglais,BAC_1,Grand Lomé,public,M,2023,ADMIS
1,1,0,1,0,0,9.03,9.22,9.07,-1,9.07,0.6884,0.677,-0.09299999999999997,0,0,0.0,0.5,0.5,0,D,STAPS (Activités Physiques et Sportives),BAC_1,Maritime,public,F,2023,ADMIS
1,1,0,1,0,0,8.74,9.39,9.23,-1,9.23,0.6873999999999999,0.409,-0.07699999999999996,0,0,0.0,0.5,0.5,0,D,Biologie,BAC_1,Plateaux Ouest,privé,M,2023,REORIENTE
1,1,0,1,0,0,10.0,12.04,11.11,-1,11.11,0.7629999999999999,0.439,0.11099999999999995,0,0,0.0,0.5,0.5,0,A,STAPS (Activités Physiques et Sportives),BAC_1,Grand Lomé,public,M,2023,REORIENTE
1,1,0,1,0,0,10.75,11.2,11.27,1,11.27,0.7626,0.489,0.12699999999999995,0,0,0.0,0.5,0.5,0,A,Communication et Journalisme,BAC_1,Centrale,public,F,2023,REORIENTE
1,1,0,1,0,0,10.4,9.87,10.73,1,10.73,0.571,0.526,0.07300000000000004,0,0,0.0,0.5,0.5,0,A,Sciences de l'Éducation,BAC_1,Grand Lomé,public,M,2024,REORIENTE
1,1,0,1,0,0,13.16,13.29,12.82,-1,12.82,0.7891999999999999,0.704,0.28200000000000003,0,0,0.0,0.5,0.5,0,D,Sciences Infirmières,BAC_1,Grand Lomé,public,M,2023,REORIENTE
1,1,0,1,0,0,8.97,9.35,10.36,1,10.36,0.722,0.593,0.03599999999999994,0,0,0.0,0.5,0.5,0,D,Enseignement Primaire,BAC_1,Centrale,privé,F,2023,REORIENTE
1,1,0,1,0,0,10.62,9.98,11.28,1,11.28,0.378,0.51,0.12799999999999995,0,0,0.0,0.5,0.5,0,A,Sociologie,BAC_1,Grand Lomé,public,M,2024,ADMIS
1,1,0,1,0,0,12.37,12.01,11.88,-1,11.88,0.8076,0.612,0.18800000000000008,0,0,0.0,0.5,0.5,0,D,Sciences Infirmières,BAC_1,Grand Lomé,public,M,2023,ADMIS
1,1,0,1,0,0,11.36,10.27,11.73,1,11.73,0.7615999999999999,0.446,0.17300000000000004,0,0,0.0,0.5,0.5,0,D,Sciences Infirmières,BAC_1,Grand Lomé,privé,F,2023,ADMIS
1,1,0,1,0,0,11.83,11.41,11.25,-1,11.25,0.33340000000000003,0.592,0.125,0,0,0.0,0.5,0.5,0,A,Anglais,BAC_1,Kara,public,M,2024,REORIENTE
1,1,0,1,0,0,14.75,12.4,14.37,1,14.37,0.5871999999999999,0.664,0.43699999999999994,0,0,0.0,0.5,0.5,0,A,Droit,BAC_1,Grand Lomé,public,M,2024,REORIENTE
1,1,0,1,0,0,8.3,10.29,10.24,-1,10.24,0.5078,0.428,0.02400000000000002,0,0,0.0,0.5,0.5,0,D,Gestion des Entreprises,BAC_1,Grand Lomé,public,M,2023,REORIENTE
1,1,0,1,0,0,8.32,7.67,7.85,1,7.85,0.2654,0.401,-0.21500000000000002,0,0,0.0,0.5,0.5,0,A,Géographie,BAC_1,Centrale,public,M,2024,ADMIS
1,1,0,1,0,0,8.8,8.68,9.04,1,9.04,0.4436,0.518,-0.09600000000000009,0,0,0.0,0.5,0.5,0,D,Informatique,BAC_1,Plateaux Ouest,public,M,2023,REORIENTE
1,1,0,1,0,0,7.8,7.88,8.89,1,8.89,0.569,0.437,-0.11099999999999995,0,0,0.0,0.5,0.5,0,A,Communication et Journalisme,BAC_1,Savanes,public,F,2024,REORIENTE
1,1,0,1,0,0,11.62,10.23,11.17,1,11.17,0.7762,0.49,0.11699999999999999,0,0,0.0,0.5,0.5,0,A,Sociologie,BAC_1,Grand Lomé,privé,F,2023,ADMIS
1,1,0,1,0,0,7.98,7.58,7.43,-1,7.43,0.825,0.594,-0.257,0,0,0.0,0.5,0.5,0,A,Anglais,BAC_1,Maritime,public,M,2023,ADMIS
1,1,0,1,0,0,11.03,9.53,10.66,1,10.66,0.7092,0.546,0.06600000000000002,0,0,0.0,0.5,0.5,0,A,Sciences de l'Éducation,BAC_1,Plateaux Est,public,M,2023,ADMIS
1,1,0,1,0,0,4.95,4.97,6.26,1,6.26,0.6326,0.53,-0.374,0,0,0.0,0.5,0.5,0,B,Finance et Comptabilité,BAC_1,Grand Lomé,public,M,2024,REORIENTE
1,1,0,1,0,0,9.39,8.63,9.76,1,9.76,0.7552,0.403,-0.02400000000000002,0,0,0.0,0.5,0.5,0,A,Sciences Politiques,BAC_1,Grand Lomé,privé,F,2023,ADMIS
1,1,0,1,0,0,8.33,10.36,8.73,-1,8.73,0.456,0.666,-0.12699999999999995,0,0,0.0,0.5,0.5,0,A,Enseignement Primaire,BAC_1,Plateaux Est,public,F,2024,REORIENTE
1,1,0,1,0,0,8.69,8.13,8.79,1,8.79,0.7772,0.458,-0.12100000000000008,0,0,0.0,0.5,0.5,0,A,Sciences Politiques,BAC_1,Plateaux Ouest,privé,F,2023,REORIENTE
1,1,0,1,0,0,10.7,11.05,11.05,-1,11.05,0.49319999999999997,0.597,0.10500000000000007,0,0,0.0,0.5,0.5,0,D,Histoire,BAC_1,Maritime,public,F,2024,ADMIS
1,1,0,1,0,0,6.78,8.04,7.65,-1,7.65,0.7436,0.374,-0.23499999999999996,0,0,0.0,0.5,0.5,0,A,Géographie,BAC_1,Grand Lomé,public,F,2023,ADMIS
1,1,0,1,0,0,7.6,8.61,9.08,1,9.08,0.6721999999999999,0.641,-0.092,0,0,0.0,0.5,0.5,0,A,Lettres Modernes,BAC_1,Centrale,public,M,2023,REORIENTE
1,1,0,1,0,0,10.58,11.69,11.7,1,11.7,0.704,0.446,0.16999999999999993,0,0,0.0,0.5,0.5,0,A,Géographie,BAC_1,Centrale,public,M,2023,ADMIS
1,1,0,1,0,0,7.65,8.35,8.14,-1,8.14,0.567,0.552,-0.18599999999999994,0,0,0.0,0.5,0.5,0,D,Informatique,BAC_1,Maritime,public,M,2024,REORIENTE
1,1,0,1,0,0,8.17,10.7,10.58,-1,10.58,0.7544,0.401,0.05800000000000001,0,0,0.0,0.5,0.5,0,A,Sciences de l'Éducation,BAC_1,Grand Lomé,public,F,2023,ADMIS
1,1,0,1,0,0,10.19,10.04,9.98,-1,9.98,0.5112,0.591,-0.0019999999999999575,0,0,0.0,0.5,0.5,0,A,Enseignement Primaire,BAC_1,Plateaux Est,privé,F,2024,REORIENTE
1,1,0,1,0,0,11.63,11.72,11.3,-1,11.3,0.26060000000000005,0.404,0.13000000000000006,0,0,0.0,0.5,0.5,0,D,Finance et Comptabilité,BAC_1,Maritime,public,F,2024,REORIENTE
1,1,0,1,0,0,4.51,6.15,6.13,-1,6.13,0.4964,0.581,-0.387,0,0,0.0,0.5,0.5,0,D,Psychologie,BAC_1,Centrale,public,M,2024,REORIENTE
1,1,0,1,0,0,11.7,10.17,11.56,1,11.56,0.3364,0.469,0.15600000000000006,0,0,0.0,0.5,0.5,0,A,Sociologie,BAC_1,Centrale,public,M,2024,REORIENTE
1,1,0,1,0,0,6.75,8.26,7.57,-1,7.57,0.5484,0.39,-0.24299999999999997,0,0,0.0,0.5,0.5,0,A,Communication et Journalisme,BAC_1,Maritime,public,F,2023,REORIENTE
1,1,0,1,0,0,10.02,10.91,10.65,-1,10.65,0.4416,0.618,0.06500000000000003,0,0,0.0,0.5,0.5,0,A,Psychologie,BAC_1,Kara,public,F,2024,ADMIS
1,1,0,1,0,0,9.4,10.95,11.46,1,11.46,0.6388,0.421,0.14600000000000007,0,0,0.0,0.5,0.5,0,A,Histoire,BAC_1,Kara,public,F,2023,REORIENTE
1,1,0,1,0,0,9.53,8.68,9.05,1,9.05,0.5722,0.616,-0.09499999999999993,0,0,0.0,0.5,0.5,0,D,Génie Mécanique,BAC_1,Maritime,privé,M,2024,REORIENTE
1,1,0,1,0,0,7.08,7.41,6.95,-1,6.95,0.7874000000000001,0.911,-0.305,0,0,0.0,0.5,0.5,0,A,Communication et Journalisme,BAC_1,Plateaux Ouest,public,F,2023,REORIENTE
1,1,0,1,0,0,8.0,8.78,8.73,-1,8.73,0.7798,0.853,-0.12699999999999995,0,0,0.0,0.5,0.5,0,D,Géographie,BAC_1,Centrale,public,M,2023,REORIENTE
1,1,0,1,0,0,8.59,9.44,10.52,1,10.52,0.8124,0.546,0.051999999999999956,0,0,0.0,0.5,0.5,0,A,Communication et Journalisme,BAC_1,Plateaux Ouest,public,F,2023,REORIENTE
1,1,0,1,0,0,6.64,7.24,8.21,1,8.21,0.5894,0.371,-0.1789999999999999,0,0,0.0,0.5,0.5,0,A,Enseignement Primaire,BAC_1,Maritime,privé,M,2024,ADMIS
1,1,0,1,0,0,7.42,8.37,7.74,-1,7.74,0.7394,0.428,-0.22599999999999998,0,0,0.0,0.5,0.5,0,A,Lettres Modernes,BAC_1,Plateaux Ouest,public,F,2023,REORIENTE
1,1,0,1,0,0,10.26,9.58,10.13,1,10.13,0.7232000000000001,0.533,0.013000000000000077,0,0,0.0,0.5,0.5,0,D,Tourisme et Hôtellerie,BAC_1,Plateaux Est,public,F,2023,REORIENTE
1,1,0,1,0,0,15.0,15.97,16.06,1,16.06,0.3578,0.56,0.6059999999999999,0,0,0.0,0.5,0.5,0,D,Sciences Infirmières,BAC_1,Plateaux Est,public,M,2024,ADMIS
1,1,0,1,0,0,7.76,7.69,8.38,1,8.38,0.5934,0.684,-0.16199999999999992,0,0,0.0,0.5,0.5,0,A,Droit,BAC_1,Centrale,privé,M,2024,REORIENTE
1,1,0,1,0,0,12.63,12.54,12.97,1,12.97,0.6459999999999999,0.475,0.29700000000000004,0,0,0.0,0.5,0.5,0,A,Communication et Journalisme,BAC_1,Centrale,public,M,2023,ADMIS
1,1,0,1,0,0,5.95,4.69,5.75,1,5.75,0.663,0.552,-0.425,0,0,0.0,0.5,0.5,0,D,Gestion des Entreprises,BAC_1,Plateaux Est,public,M,2023,REORIENTE
1,1,0,1,0,0,9.54,10.93,10.05,-1,10.05,0.611,0.608,0.005000000000000071,0,0,0.0,0.5,0.5,0,D,Sociologie,BAC_1,Centrale,public,M,2024,REORIENTE
1,1,0,1,0,0,11.15,10.23,10.7,1,10.7,0.45399999999999996,0.223,0.06999999999999992,0,0,0.0,0.5,0.5,0,A,Droit,BAC_1,Savanes,public,M,2024,REORIENTE
1,1,0,1,0,0,8.85,9.68,10.23,1,10.23,0.7028000000000001,0.377,0.02300000000000004,0,0,0.0,0.5,0.5,0,A,Lettres Modernes,BAC_1,Centrale,public,M,2023,REORIENTE
1,1,0,1,0,0,11.84,11.83,11.76,-1,11.76,0.7588,0.448,0.176,0,0,0.0,0.5,0.5,0,A,Lettres Modernes,BAC_1,Maritime,public,M,2023,ADMIS
1,1,0,1,0,0,9.08,9.51,9.71,1,9.71,0.7061999999999999,0.525,-0.028999999999999915,0,0,0.0,0.5,0.5,0,A,Sciences de l'Éducation,BAC_1,Grand Lomé,public,F,2023,REORIENTE
1,1,0,1,0,0,5.9,7.09,6.7,-1,6.7,0.6548,0.542,-0.32999999999999996,0,0,0.0,0.5,0.5,0,D,Gestion des Entreprises,BAC_1,Plateaux Est,public,M,2023,ADMIS
1,1,0,1,0,0,9.85,8.27,9.09,1,9.09,0.35059999999999997,0.353,-0.09100000000000001,0,0,0.0,0.5,0.5,0,D,Biologie,BAC_1,Grand Lomé,public,F,2024,REORIENTE
1,1,0,1,0,0,8.46,9.48,9.82,1,9.82,0.7575999999999999,0.421,-0.01799999999999997,0,0,0.0,0.5,0.5,0,A,Lettres Modernes,BAC_1,Centrale,privé,M,2023,ADMIS
1,1,0,1,0,0,8.4,7.94,8.73,1,8.73,0.7931999999999999,0.606,-0.12699999999999995,0,0,0.0,0.5,0.5,0,A,Droit,BAC_1,Grand Lomé,public,M,2023,REORIENTE
1,1,0,1,0,0,8.22,6.95,8.06,1,8.06,0.306,0.615,-0.19399999999999995,0,0,0.0,0.5,0.5,0,D,Biologie,BAC_1,Plateaux Ouest,public,F,2024,REORIENTE
1,1,0,1,0,0,7.6,7.65,8.52,1,8.52,0.45,0.285,-0.14800000000000005,0,0,0.0,0.5,0.5,0,A,STAPS (Activités Physiques et Sportives),BAC_1,Plateaux Ouest,privé,M,2024,ADMIS
1,1,0,1,0,0,10.0,12.48,11.78,-1,11.78,0.4758,0.477,0.17799999999999994,0,0,0.0,0.5,0.5,0,A,Communication et Journalisme,BAC_1,Maritime,public,F,2024,ADMIS
1,1,0,1,0,0,10.92,11.26,11.07,-1,11.07,0.5614,0.619,0.10700000000000003,0,0,0.0,0.5,0.5,0,D,Sciences Infirmières,BAC_1,Kara,privé,F,2024,REORIENTE
1,1,0,1,0,0,10.44,10.77,10.68,-1,10.68,0.28879999999999995,0.563,0.06799999999999998,0,0,0.0,0.5,0.5,0,A,Sciences de l'Éducation,BAC_1,Centrale,public,F,2024,REORIENTE
1,1,0,1,0,0,7.45,9.52,10.36,1,10.36,0.5784,0.39,0.03599999999999994,0,0,0.0,0.5,0.5,0,D,Sociologie,BAC_1,Plateaux Est,public,F,2023,REORIENTE
1,1,0,1,0,0,8.93,7.68,8.31,1,8.31,0.4992,0.495,-0.16899999999999996,0,0,0.0,0.5,0.5,0,A,Sciences Politiques,BAC_1,Plateaux Ouest,public,M,2024,REORIENTE
1,1,0,1,0,0,6.59,7.76,7.83,1,7.83,0.477,0.519,-0.217,0,0,0.0,0.5,0.5,0,A,Psychologie,BAC_1,Maritime,public,F,2024,REORIENTE
1,1,0,1,0,0,11.78,11.1,11.5,1,11.5,0.5232,0.483,0.15,0,0,0.0,0.5,0.5,0,A,Psychologie,BAC_1,Grand Lomé,public,F,2024,ADMIS
1,1,0,1,0,0,9.08,10.19,10.87,1,10.87,0.7303999999999999,0.707,0.08699999999999992,0,0,0.0,0.5,0.5,0,A,Arts Plastiques,BAC_1,Savanes,privé,F,2024,REORIENTE
1,1,0,1,0,0,12.5,14.17,13.17,-1,13.17,0.5596,0.553,0.317,0,0,0.0,0.5,0.5,0,A,STAPS (Activités Physiques et Sportives),BAC_1,Plateaux Est,privé,M,2024,REORIENTE
1,1,0,1,0,0,7.29,9.91,8.92,-1,8.92,0.7041999999999999,0.379,-0.10800000000000001,0,0,0.0,0.5,0.5,0,D,Histoire,BAC_1,Grand Lomé,public,M,2023,REORIENTE
1,1,0,1,0,0,6.99,7.21,8.27,1,8.27,0.7664,0.464,-0.17300000000000004,0,0,0.0,0.5,0.5,0,A,Droit,BAC_1,Maritime,privé,F,2023,REORIENTE
1,1,0,1,0,0,8.1,10.39,9.24,-1,9.24,0.49119999999999997,0.454,-0.07599999999999998,0,0,0.0,0.5,0.5,0,D,Génie Électrique,BAC_1,Kara,privé,F,2024,REORIENTE
1,1,0,1,0,0,9.91,10.42,10.61,1,10.61,0.5780000000000001,0.551,0.06099999999999994,0,0,0.0,0.5,0.5,0,A,Psychologie,BAC_1,Maritime,public,F,2024,REORIENTE
1,1,0,1,0,0,9.15,9.59,10.04,1,10.04,0.4062,0.375,0.003999999999999915,0,0,0.0,0.5,0.5,0,F2,Biologie,BAC_1,Plateaux Ouest,public,M,2024,REORIENTE
1,1,0,1,0,0,9.94,9.64,9.44,-1,9.44,0.4366,0.538,-0.05600000000000005,0,0,0.0,0.5,0.5,0,D,Finance et Comptabilité,BAC_1,Maritime,public,M,2024,REORIENTE
1,1,0,1,0,0,8.94,8.22,9.94,1,9.94,0.7716,0.522,-0.0060000000000000496,0,0,0.0,0.5,0.5,0,C,Informatique,BAC_1,Maritime,public,M,2023,ADMIS
1,1,0,1,0,0,9.95,10.77,11.33,1,11.33,0.25780000000000003,0.397,0.133,0,0,0.0,0.5,0.5,0,D,Finance et Comptabilité,BAC_1,Centrale,public,F,2024,REORIENTE
1,1,0,1,0,0,7.99,8.68,8.71,1,8.71,0.7303999999999999,0.341,-0.12899999999999992,0,0,0.0,0.5,0.5,0,A,Enseignement Primaire,BAC_1,Maritime,privé,F,2023,ADMIS
1,1,0,1,0,0,10.48,11.28,11.6,1,11.6,0.5636,0.737,0.15999999999999998,0,0,0.0,0.5,0.5,0,A,Sciences Politiques,BAC_1,Grand Lomé,public,F,2024,REORIENTE
1,1,0,1,0,0,11.82,9.63,11.23,1,11.23,0.6898,0.463,0.12300000000000004,0,0,0.0,0.5,0.5,0,G2,Sciences Infirmières,BAC_1,Maritime,privé,M,2023,REORIENTE
1,1,0,1,0,0,10.69,9.54,10.32,1,10.32,0.6822,0.555,0.03200000000000003,0,0,0.0,0.5,0.5,0,A,Sciences Politiques,BAC_1,Centrale,public,M,2023,ADMIS
1,1,0,1,0,0,10.78,10.21,10.74,1,10.74,0.3254,0.23,0.07400000000000002,0,0,0.0,0.5,0.5,0,D,Sociologie,BAC_1,Plateaux Ouest,privé,M,2024,REORIENTE
1,1,0,1,0,0,8.31,9.33,10.13,1,10.13,0.35180000000000006,0.683,0.013000000000000077,0,0,0.0,0.5,0.5,0,D,Génie Informatique,BAC_1,Centrale,public,F,2024,REORIENTE
1,1,0,1,0,0,9.16,9.39,10.1,1,10.1,0.79,0.511,0.009999999999999964,0,0,0.0,0.5,0.5,0,A,Lettres Modernes,BAC_1,Plateaux Est,public,M,2023,REORIENTE
1,1,0,1,0,0,8.62,12.6,10.9,-1,10.9,0.6526,0.517,0.09000000000000004,0,0,0.0,0.5,0.5,0,F3,Génie Électrique,BAC_1,Centrale,privé,M,2024,ADMIS
1,1,0,1,0,0,9.17,8.49,8.78,1,8.78,0.7084,0.415,-0.12200000000000007,0,0,0.0,0.5,0.5,0,A,Sociologie,BAC_1,Savanes,public,F,2023,ADMIS
1,1,0,1,0,0,10.12,10.52,10.22,-1,10.22,0.3216,0.363,0.022000000000000065,0,0,0.0,0.5,0.5,0,A,Histoire,BAC_1,Maritime,public,M,2024,REORIENTE
1,1,0,1,0,0,8.96,8.12,9.12,1,9.12,0.49860000000000004,0.333,-0.08800000000000008,0,0,0.0,0.5,0.5,0,D,Biologie,BAC_1,Plateaux Est,public,M,2023,ADMIS
1,1,0,1,0,0,8.59,9.51,9.15,-1,9.15,0.533,0.497,-0.08499999999999996,0,0,0.0,0.5,0.5,0,A,Droit,BAC_1,Grand Lomé,public,M,2024,REORIENTE
1,1,0,1,0,0,9.7,12.39,12.18,-1,12.18,0.6688000000000001,0.49,0.21799999999999997,0,0,0.0,0.5,0.5,0,A,Psychologie,BAC_1,Grand Lomé,privé,F,2024,REORIENTE
1,1,0,1,0,0,11.63,11.17,11.38,1,11.38,0.6883999999999999,0.497,0.13800000000000007,0,0,0.0,0.5,0.5,0,A,Sciences de l'Éducation,BAC_1,Maritime,public,F,2023,ADMIS
1,1,0,1,0,0,11.38,11.62,12.15,1,12.15,0.7836,0.474,0.21500000000000002,0,0,0.0,0.5,0.5,0,A,Anglais,BAC_1,Plateaux Ouest,privé,M,2023,ADMIS
1,1,0,1,0,0,8.74,11.38,10.42,-1,10.42,0.7081999999999999,0.308,0.041999999999999996,0,0,0.0,0.5,0.5,0,A,Tourisme et Hôtellerie,BAC_1,Grand Lomé,public,M,2023,ADMIS
1,1,0,1,0,0,8.23,7.82,8.32,1,8.32,0.4578,0.483,-0.16799999999999998,0,0,0.0,0.5,0.5,0,A,Lettres Modernes,BAC_1,Maritime,public,F,2023,ADMIS
1,1,0,1,0,0,13.05,13.35,13.68,1,13.68,0.8228,0.572,0.368,0,0,0.0,0.5,0.5,0,D,Biologie,BAC_1,Grand Lomé,privé,F,2023,ADMIS
1,1,0,1,0,0,12.69,10.59,11.72,1,11.72,0.4224,0.624,0.17200000000000007,0,0,0.0,0.5,0.5,0,D,Gestion des Entreprises,BAC_1,Centrale,public,F,2024,REORIENTE
1,1,0,1,0,0,10.83,8.69,10.23,1,10.23,0.5890000000000001,0.673,0.02300000000000004,0,0,0.0,0.5,0.5,0,D,Finance et Comptabilité,BAC_1,Kara,privé,M,2024,REORIENTE
1,1,0,1,0,0,12.51,13.99,13.98,-1,13.98,0.4736,0.545,0.398,0,0,0.0,0.5,0.5,0,D,Informatique,BAC_1,Kara,public,M,2024,ADMIS
1,1,0,1,0,0,8.61,8.47,9.08,1,9.08,0.5611999999999999,0.695,-0.092,0,0,0.0,0.5,0.5,0,A,Sociologie,BAC_1,Maritime,public,M,2024,REORIENTE
1,1,0,1,0,0,12.69,10.66,11.87,1,11.87,0.6336,0.603,0.18699999999999992,0,0,0.0,0.5,0.5,0,D,Génie Mécanique,BAC_1,Plateaux Est,public,F,2023,REORIENTE
1,1,0,1,0,0,9.87,10.48,10.51,1,10.51,0.6172,0.424,0.050999999999999976,0,0,0.0,0.5,0.5,0,D,Géographie,BAC_1,Grand Lomé,public,M,2023,ADMIS
1,1,0,1,0,0,13.31,11.72,12.52,1,12.52,0.5308,0.517,0.25199999999999995,0,0,0.0,0.5,0.5,0,A,Psychologie,BAC_1,Kara,public,F,2024,REORIENTE
1,1,0,1,0,0,9.2,9.99,11.26,1,11.26,0.5444,0.68,0.12599999999999997,0,0,0.0,0.5,0.5,0,D,Génie Électrique,BAC_1,Kara,public,F,2024,ADMIS
1,1,0,1,0,0,10.88,11.14,11.29,1,11.29,0.8144,0.551,0.12899999999999992,0,0,0.0,0.5,0.5,0,A,Sciences de l'Éducation,BAC_1,Maritime,privé,F,2023,ADMIS
1,1,0,1,0,0,10.13,12.0,11.4,-1,11.4,0.676,0.532,0.14000000000000004,0,0,0.0,0.5,0.5,0,A,Communication et Journalisme,BAC_1,Centrale,public,F,2023,REORIENTE
1,1,0,1,0,0,11.23,11.5,11.96,1,11.96,0.5384,0.488,0.1960000000000001,0,0,0.0,0.5,0.5,0,A,Droit,BAC_1,Maritime,privé,M,2024,ADMIS
1,1,0,1,0,0,10.93,10.09,10.35,1,10.35,0.507,0.432,0.03499999999999996,0,0,0.0,0.5,0.5,0,D,Psychologie,BAC_1,Maritime,privé,M,2024,ADMIS
1,1,0,1,0,0,8.83,9.86,10.05,1,10.05,0.798,0.51,0.005000000000000071,0,0,0.0,0.5,0.5,0,A,Sociologie,BAC_1,Plateaux Ouest,public,F,2023,REORIENTE
1,1,0,1,0,0,10.82,11.47,11.15,-1,11.15,0.3874,0.331,0.11500000000000003,0,0,0.0,0.5,0.5,0,A,Droit,BAC_1,Grand Lomé,public,M,2024,REORIENTE
1,1,0,1,0,0,4.75,6.34,5.95,-1,5.95,0.6768,0.567,-0.40499999999999997,0,0,0.0,0.5,0.5,0,F4,Agronomie,BAC_1,Maritime,public,F,2024,REORIENTE
1,1,0,1,0,0,12.58,11.94,11.62,-1,11.62,0.5378000000000001,0.611,0.16199999999999992,0,0,0.0,0.5,0.5,0,D,Sciences Environnementales,BAC_1,Plateaux Est,public,M,2023,REORIENTE
1,1,0,1,0,0,12.5,12.56,12.34,-1,12.34,0.5488,0.61,0.23399999999999999,0,0,0.0,0.5,0.5,0,A,Psychologie,BAC_1,Maritime,public,F,2023,ADMIS
1,1,0,1,0,0,8.08,8.51,8.42,-1,8.42,0.7358,0.566,-0.158,0,0,0.0,0.5,0.5,0,F4,Agronomie,BAC_1,Grand Lomé,public,M,2024,REORIENTE
1,1,0,1,0,0,8.26,9.42,10.13,1,10.13,0.5588,0.548,0.013000000000000077,0,0,0.0,0.5,0.5,0,A,Psychologie,BAC_1,Centrale,public,M,2023,ADMIS
1,1,0,1,0,0,7.71,8.22,8.94,1,8.94,0.6295999999999999,0.434,-0.10600000000000005,0,0,0.0,0.5,0.5,0,D,Finance et Comptabilité,BAC_1,Kara,public,M,2023,REORIENTE
1,1,0,1,0,0,7.39,6.32,7.81,1,7.81,0.7565999999999999,0.51,-0.21900000000000003,0,0,0.0,0.5,0.5,0,A,Tourisme et Hôtellerie,BAC_1,Plateaux Est,public,M,2023,REORIENTE
1,1,0,1,0,0,12.46,10.21,10.71,1,10.71,0.8252,0.662,0.07100000000000009,0,0,0.0,0.5,0.5,0,D,Génie Informatique,BAC_1,Grand Lomé,public,M,2023,REORIENTE
1,1,0,1,0,0,13.28,12.94,12.95,1,12.95,0.5656,0.556,0.29499999999999993,0,0,0.0,0.5,0.5,0,D,Psychologie,BAC_1,Kara,public,M,2024,ADMIS
1,1,0,1,0,0,7.71,8.58,8.56,-1,8.56,0.37660000000000005,0.553,-0.14399999999999996,0,0,0.0,0.5,0.5,0,A,Psychologie,BAC_1,Kara,public,F,2024,ADMIS
1,1,0,1,0,0,7.98,8.71,8.7,-1,8.7,0.5344,0.319,-0.13000000000000006,0,0,0.0,0.5,0.5,0,A,Anglais,BAC_1,Plateaux Ouest,public,M,2023,ADMIS
1,1,0,1,0,0,14.33,14.82,14.54,-1,14.54,0.7832,0.473,0.4539999999999999,0,0,0.0,0.5,0.5,0,A,Anglais,BAC_1,Maritime,privé,F,2023,REORIENTE
1,1,0,1,0,0,7.11,8.91,8.39,-1,8.39,0.6135999999999999,0.475,-0.16099999999999995,0,0,0.0,0.5,0.5,0,A,Lettres Modernes,BAC_1,Grand Lomé,public,F,2024,REORIENTE
1,1,0,1,0,0,8.8,11.83,10.83,-1,10.83,0.6402000000000001,0.384,0.083,0,0,0.0,0.5,0.5,0,D,Gestion des Entreprises,BAC_1,Plateaux Est,public,F,2023,REORIENTE
1,1,0,1,0,0,3.89,3.82,5.61,1,5.61,0.6113999999999999,0.453,-0.43899999999999995,0,0,0.0,0.5,0.5,0,D,Génie Électrique,BAC_1,Maritime,public,F,2023,REORIENTE
1,1,0,1,0,0,8.71,9.33,9.86,1,9.86,0.49760000000000004,0.473,-0.014000000000000058,0,0,0.0,0.5,0.5,0,A,Sciences Politiques,BAC_1,Kara,privé,F,2024,REORIENTE
1,1,0,1,0,0,8.19,6.81,7.84,1,7.84,0.7369999999999999,0.62,-0.21600000000000003,0,0,0.0,0.5,0.5,0,D,Gestion des Entreprises,BAC_1,Grand Lomé,privé,F,2023,ADMIS
1,1,0,1,0,0,9.55,9.54,10.46,1,10.46,0.6034,0.556,0.04600000000000008,0,0,0.0,0.5,0.5,0,A,Droit,BAC_1,Grand Lomé,public,F,2024,REORIENTE
1,1,0,1,0,0,12.29,12.33,13.03,1,13.03,0.5502,0.345,0.30299999999999994,0,0,0.0,0.5,0.5,0,D,Sciences Infirmières,BAC_1,Maritime,privé,M,2024,REORIENTE
1,1,0,1,0,0,9.73,8.85,9.52,1,9.52,0.521,0.512,-0.04800000000000004,0,0,0.0,0.5,0.5,0,A,Sociologie,BAC_1,Plateaux Ouest,public,M,2024,ADMIS
1,1,0,1,0,0,10.65,10.63,10.43,-1,10.43,0.7243999999999999,0.56,0.04299999999999997,0,0,0.0,0.5,0.5,0,A,Sociologie,BAC_1,Maritime,privé,F,2023,ADMIS
1,1,0,1,0,0,8.05,7.83,9.59,1,9.59,0.7796,0.464,-0.041000000000000016,0,0,0.0,0.5,0.5,0,A,Histoire,BAC_1,Maritime,privé,M,2023,REORIENTE
1,1,0,1,0,0,10.55,12.57,11.43,-1,11.43,0.499,0.583,0.14299999999999996,0,0,0.0,0.5,0.5,0,A,Enseignement Primaire,BAC_1,Plateaux Ouest,privé,F,2024,REORIENTE
1,1,0,1,0,0,11.54,10.28,12.15,1,12.15,0.7782,0.468,0.21500000000000002,0,0,0.0,0.5,0.5,0,A,Lettres Modernes,BAC_1,Grand Lomé,public,F,2023,ADMIS
1,1,0,1,0,0,8.13,8.81,9.38,1,9.38,0.3664,0.382,-0.06199999999999992,0,0,0.0,0.5,0.5,0,A,Enseignement Primaire,BAC_1,Kara,public,F,2024,ADMIS
1,1,0,1,0,0,8.02,8.12,8.61,1,8.61,0.5528,0.476,-0.13900000000000007,0,0,0.0,0.5,0.5,0,A,Sciences de l'Éducation,BAC_1,Maritime,privé,F,2024,REORIENTE
1,1,0,1,0,0,11.74,12.85,11.62,-1,11.62,0.6608,0.503,0.16199999999999992,0,0,0.0,0.5,0.5,0,A,Communication et Journalisme,BAC_1,Kara,public,F,2023,ADMIS
1,1,0,1,0,0,4.93,7.9,7.01,-1,7.01,0.8291999999999999,0.588,-0.29900000000000004,0,0,0.0,0.5,0.5,0,F1,Génie Mécanique,BAC_1,Plateaux Est,public,M,2023,ADMIS
1,1,0,1,0,0,9.38,9.43,9.76,1,9.76,0.5232000000000001,0.468,-0.02400000000000002,0,0,0.0,0.5,0.5,0,D,Finance et Comptabilité,BAC_1,Plateaux Ouest,public,F,2023,ADMIS
1,1,0,1,0,0,11.36,10.45,11.4,1,11.4,0.511,0.451,0.14000000000000004,0,0,0.0,0.5,0.5,0,D,Informatique,BAC_1,Maritime,public,F,2023,ADMIS
1,1,0,1,0,0,8.36,8.17,8.49,1,8.49,0.6856,0.559,-0.15099999999999997,0,0,0.0,0.5,0.5,0,D,Gestion des Entreprises,BAC_1,Grand Lomé,public,F,2023,REORIENTE
1,1,0,1,0,0,10.98,10.14,10.74,1,10.74,0.41180000000000005,0.332,0.07400000000000002,0,0,0.0,0.5,0.5,0,A,Lettres Modernes,BAC_1,Plateaux Est,public,F,2024,REORIENTE
1,1,0,1,0,0,6.84,7.53,8.26,1,8.26,0.6974,0.515,-0.17400000000000002,0,0,0.0,0.5,0.5,0,A,Enseignement Primaire,BAC_1,Savanes,public,M,2023,ADMIS
1,1,0,1,0,0,10.54,10.33,10.56,1,10.56,0.721,0.481,0.05600000000000005,0,0,0.0,0.5,0.5,0,A,Droit,BAC_1,Maritime,public,F,2023,REORIENTE
1,1,0,1,0,0,12.59,11.33,11.77,1,11.77,0.26680000000000004,0.517,0.17699999999999996,0,0,0.0,0.5,0.5,0,D,Génie Informatique,BAC_1,Plateaux Ouest,public,M,2024,REORIENTE
1,1,0,1,0,0,12.04,12.05,13.05,1,13.05,0.4874,0.506,0.30500000000000005,0,0,0.0,0.5,0.5,0,A,Anglais,BAC_1,Centrale,public,M,2024,ADMIS
1,1,0,1,0,0,11.69,10.4,11.36,1,11.36,0.5412,0.714,0.13599999999999995,0,0,0.0,0.5,0.5,0,D,STAPS (Activités Physiques et Sportives),BAC_1,Maritime,public,M,2024,ADMIS
1,1,0,1,0,0,11.11,11.85,12.17,1,12.17,0.6799999999999999,0.563,0.217,0,0,0.0,0.5,0.5,0,G2,Finance et Comptabilité,BAC_1,Maritime,public,M,2023,ADMIS
1,1,0,1,0,0,8.52,8.21,9.11,1,9.11,0.5002,0.541,-0.08900000000000005,0,0,0.0,0.5,0.5,0,F3,Génie Civil,BAC_1,Savanes,public,F,2024,REORIENTE
1,1,0,1,0,0,12.47,12.02,13.07,1,13.07,0.5628,0.399,0.30700000000000005,0,0,0.0,0.5,0.5,0,A,Enseignement Primaire,BAC_1,Plateaux Est,public,F,2023,ADMIS
1,1,0,1,0,0,10.82,9.14,10.18,1,10.18,0.6346,0.601,0.01799999999999997,0,0,0.0,0.5,0.5,0,F4,Agronomie,BAC_1,Centrale,public,M,2024,REORIENTE
1,1,0,1,0,0,9.72,10.4,11.35,1,11.35,0.5766,0.549,0.13499999999999995,0,0,0.0,0.5,0.5,0,A,Communication et Journalisme,BAC_1,Savanes,public,M,2024,REORIENTE
1,1,0,1,0,0,10.05,11.37,10.52,-1,10.52,0.3602,0.302,0.051999999999999956,0,0,0.0,0.5,0.5,0,A,Géographie,BAC_1,Grand Lomé,public,F,2024,REORIENTE
1,1,0,1,0,0,14.22,12.14,13.4,1,13.4,0.6726,0.504,0.34,0,0,0.0,0.5,0.5,0,D,Sociologie,BAC_1,Grand Lomé,public,F,2023,REORIENTE
1,1,0,1,0,0,10.15,9.44,10.1,1,10.1,0.45020000000000004,0.614,0.009999999999999964,0,0,0.0,0.5,0.5,0,A,Anglais,BAC_1,Grand Lomé,public,M,2024,REORIENTE
1,1,0,1,0,0,8.09,6.86,8.2,1,8.2,0.39980000000000004,0.533,-0.18000000000000008,0,0,0.0,0.5,0.5,0,A,Anglais,BAC_1,Grand Lomé,public,M,2024,REORIENTE
1,1,0,1,0,0,11.49,11.3,12.65,1,12.65,0.748,0.463,0.265,0,0,0.0,0.5,0.5,0,A,Tourisme et Hôtellerie,BAC_1,Plateaux Ouest,public,F,2023,ADMIS
1,1,0,1,0,0,12.25,11.5,12.24,1,12.24,0.8428,0.622,0.22400000000000003,0,0,0.0,0.5,0.5,0,A,Tourisme et Hôtellerie,BAC_1,Maritime,public,F,2023,ADMIS
1,1,0,1,0,0,7.31,6.49,6.94,1,6.94,0.3568,0.478,-0.30599999999999994,0,0,0.0,0.5,0.5,0,A,Anglais,BAC_1,Centrale,public,F,2024,REORIENTE
1,1,0,1,0,0,5.76,6.45,6.44,-1,6.44,0.7376,0.359,-0.356,0,0,0.0,0.5,0.5,0,D,Sociologie,BAC_1,Savanes,public,F,2023,REORIENTE
1,1,0,1,0,0,11.12,11.33,11.04,-1,11.04,0.8291999999999999,0.588,0.10399999999999991,0,0,0.0,0.5,0.5,0,D,Génie Civil,BAC_1,Maritime,privé,M,2023,ADMIS
1,1,0,1,0,0,11.98,9.29,10.38,1,10.38,0.836,0.605,0.038000000000000075,0,0,0.0,0.5,0.5,0,D,Génie Électrique,BAC_1,Savanes,public,M,2023,REORIENTE
1,1,0,1,0,0,10.19,11.19,11.11,-1,11.11,0.8226,0.681,0.11099999999999995,0,0,0.0,0.5,0.5,0,T1,Génie Mécanique,BAC_1,Centrale,public,F,2024,ADMIS
1,1,0,1,0,0,12.57,11.77,12.1,1,12.1,0.5564,0.362,0.20999999999999996,0,0,0.0,0.5,0.5,0,D,Biologie,BAC_1,Plateaux Ouest,public,F,2023,REORIENTE
1,1,0,1,0,0,13.24,11.61,12.95,1,12.95,0.6921999999999999,0.664,0.29499999999999993,0,0,0.0,0.5,0.5,0,A,Communication et Journalisme,BAC_1,Centrale,public,M,2023,ADMIS
1,1,0,1,0,0,11.23,11.48,11.94,1,11.94,0.5496000000000001,0.468,0.19399999999999995,0,0,0.0,0.5,0.5,0,A,Communication et Journalisme,BAC_1,Plateaux Ouest,privé,F,2024,ADMIS
1,1,0,1,0,0,8.44,9.3,9.23,-1,9.23,0.5942000000000001,0.533,-0.07699999999999996,0,0,0.0,0.5,0.5,0,D,Sociologie,BAC_1,Grand Lomé,public,F,2024,REORIENTE
1,1,0,1,0,0,12.19,11.96,13.11,1,13.11,0.6496,0.517,0.31099999999999994,0,0,0.0,0.5,0.5,0,D,Gestion des Entreprises,BAC_1,Grand Lomé,public,M,2023,ADMIS
1,1,0,1,0,0,10.69,10.28,10.99,1,10.99,0.826,0.592,0.09900000000000002,0,0,0.0,0.5,0.5,0,A,Arts Plastiques,BAC_1,Grand Lomé,public,F,2023,ADMIS
1,1,0,1,0,0,11.66,11.16,11.17,1,11.17,0.777,0.789,0.11699999999999999,0,0,0.0,0.5,0.5,0,A,Communication et Journalisme,BAC_1,Centrale,public,F,2023,ADMIS
1,1,0,1,0,0,9.26,9.14,9.63,1,9.63,0.6883999999999999,0.65,-0.03699999999999992,0,0,0.0,0.5,0.5,0,B,Banque et Assurance,BAC_1,Maritime,public,M,2023,REORIENTE
1,1,0,1,0,0,5.75,6.81,7.6,1,7.6,0.812,0.545,-0.24000000000000005,0,0,0.0,0.5,0.5,0,A,Droit,BAC_1,Grand Lomé,privé,F,2023,REORIENTE
1,1,0,1,0,0,10.11,10.87,11.3,1,11.3,0.4638,0.621,0.13000000000000006,0,0,0.0,0.5,0.5,0,D,Sciences de l'Éducation,BAC_1,Plateaux Ouest,public,F,2024,ADMIS
1,1,0,1,0,0,5.2,7.52,7.28,-1,7.28,0.6358,0.619,-0.27199999999999996,0,0,0.0,0.5,0.5,0,A,Droit,BAC_1,Plateaux Ouest,public,M,2024,REORIENTE
1,1,0,1,0,0,12.29,11.47,11.41,-1,11.41,0.7422,0.6,0.14100000000000001,0,0,0.0,0.5,0.5,0,A,Lettres Modernes,BAC_1,Plateaux Est,public,F,2023,REORIENTE
1,1,0,1,0,0,11.76,12.92,12.88,-1,12.88,0.7892,0.572,0.2880000000000001,0,0,0.0,0.5,0.5,0,D,Sciences Infirmières,BAC_1,Maritime,public,M,2023,REORIENTE
1,1,0,1,0,0,9.15,9.25,9.47,1,9.47,0.6930000000000001,0.534,-0.052999999999999936,0,0,0.0,0.5,0.5,0,A,Arts Plastiques,BAC_1,Savanes,public,F,2023,REORIENTE
1,1,0,1,0,0,10.78,11.63,10.57,-1,10.57,0.5102,0.512,0.05700000000000003,0,0,0.0,0.5,0.5,0,A,Sociologie,BAC_1,Plateaux Ouest,public,M,2024,REORIENTE
1,1,0,1,0,0,8.63,8.67,8.78,1,8.78,0.7888,0.499,-0.12200000000000007,0,0,0.0,0.5,0.5,0,A,Lettres Modernes,BAC_1,Maritime,public,F,2023,ADMIS
1,1,0,1,0,0,7.18,7.57,8.13,1,8.13,0.4068,0.414,-0.18699999999999992,0,0,0.0,0.5,0.5,0,D,Agronomie,BAC_1,Grand Lomé,privé,M,2024,REORIENTE
1,1,0,1,0,0,9.8,8.88,9.49,1,9.49,0.786,0.48,-0.050999999999999976,0,0,0.0,0.5,0.5,0,A,Psychologie,BAC_1,Maritime,privé,M,2023,ADMIS
1,1,0,1,0,0,10.62,11.26,11.12,-1,11.12,0.7716,0.444,0.11199999999999992,0,0,0.0,0.5,0.5,0,A,Sociologie,BAC_1,Grand Lomé,public,M,2023,ADMIS
1,1,0,1,0,0,8.52,8.96,8.8,-1,8.8,0.3882,0.444,-0.11999999999999993,0,0,0.0,0.5,0.5,0,A,Lettres Modernes,BAC_1,Plateaux Est,public,F,2024,ADMIS
1,1,0,1,0,0,10.13,9.82,10.53,1,10.53,0.6976,0.505,0.052999999999999936,0,0,0.0,0.5,0.5,0,A,Géographie,BAC_1,Plateaux Ouest,public,F,2023,REORIENTE
1,1,0,1,0,0,8.65,8.83,9.42,1,9.42,0.688,0.85,-0.05800000000000001,0,0,0.0,0.5,0.5,0,G3,Sciences Infirmières,BAC_1,Plateaux Est,public,M,2024,REORIENTE
1,1,0,1,0,0,9.91,12.17,10.82,-1,10.82,0.6914,0.533,0.08200000000000003,0,0,0.0,0.5,0.5,0,A,Géographie,BAC_1,Maritime,public,M,2023,ADMIS
1,1,0,1,0,0,11.84,12.26,12.71,1,12.71,0.6754,0.415,0.2710000000000001,0,0,0.0,0.5,0.5,0,D,Médecine,BAC_1,Grand Lomé,public,M,2023,ADMIS
1,1,0,1,0,0,15.86,14.88,15.11,1,15.11,0.44520000000000004,0.483,0.5109999999999999,0,0,0.0,0.5,0.5,0,D,Gestion des Entreprises,BAC_1,Grand Lomé,public,M,2024,ADMIS
1,1,0,1,0,0,8.09,7.83,7.94,1,7.94,0.5378,0.5,-0.20599999999999996,0,0,0.0,0.5,0.5,0,D,Génie Informatique,BAC_1,Savanes,privé,F,2024,REORIENTE
1,1,0,1,0,0,6.5,8.25,9.65,1,9.65,0.43579999999999997,0.524,-0.03499999999999996,0,0,0.0,0.5,0.5,0,D,Informatique,BAC_1,Grand Lomé,public,M,2024,REORIENTE
1,1,0,1,0,0,12.94,11.66,12.28,1,12.28,0.7564,0.595,0.22799999999999992,0,0,0.0,0.5,0.5,0,D,Pharmacie,BAC_1,Grand Lomé,public,M,2023,REORIENTE
1,1,0,1,0,0,10.2,9.68,10.11,1,10.11,0.3506,0.557,0.010999999999999944,0,0,0.0,0.5,0.5,0,D,Gestion des Entreprises,BAC_1,Plateaux Ouest,public,M,2024,REORIENTE
1,1,0,1,0,0,10.53,11.26,11.09,-1,11.09,0.49539999999999995,0.703,0.10899999999999999,0,0,0.0,0.5,0.5,0,G3,Gestion des Entreprises,BAC_1,Grand Lomé,public,F,2023,REORIENTE
1,1,0,1,0,0,10.88,10.33,10.59,1,10.59,0.4234,0.634,0.05899999999999998,0,0,0.0,0.5,0.5,0,G3,Banque et Assurance,BAC_1,Plateaux Ouest,public,M,2023,REORIENTE
1,1,0,1,0,0,11.18,11.94,11.13,-1,11.13,0.8180000000000001,0.56,0.11300000000000007,0,0,0.0,0.5,0.5,0,A,Communication et Journalisme,BAC_1,Plateaux Ouest,privé,F,2023,ADMIS
1,1,0,1,0,0,9.89,11.59,11.93,1,11.93,0.7010000000000001,0.671,0.19299999999999998,0,0,0.0,0.5,0.5,0,D,Physique-Chimie,BAC_1,Centrale,privé,F,2023,REORIENTE
1,1,0,1,0,0,8.93,7.83,9.01,1,9.01,0.7226,0.524,-0.09900000000000002,0,0,0.0,0.5,0.5,0,D,Gestion des Entreprises,BAC_1,Maritime,public,F,2023,REORIENTE
1,1,0,1,0,0,7.25,8.08,8.61,1,8.61,0.8146,0.814,-0.13900000000000007,0,0,0.0,0.5,0.5,0,D,Informatique,BAC_1,Plateaux Est,privé,F,2023,ADMIS
1,1,0,1,0,0,10.56,12.92,11.66,-1,11.66,0.6346,0.685,0.166,0,0,0.0,0.5,0.5,0,A,Droit,BAC_1,Maritime,public,F,2024,REORIENTE
1,1,0,1,0,0,8.16,8.55,8.93,1,8.93,0.5952,0.297,-0.10700000000000003,0,0,0.0,0.5,0.5,0,A,Sciences de l'Éducation,BAC_1,Plateaux Est,public,F,2023,ADMIS
1,1,0,1,0,0,10.06,10.04,10.93,1,10.93,0.68,0.512,0.09299999999999997,0,0,0.0,0.5,0.5,0,A,Psychologie,BAC_1,Grand Lomé,public,F,2023,REORIENTE
1,1,0,1,0,0,10.05,11.17,11.14,-1,11.14,0.6741999999999999,0.436,0.11400000000000006,0,0,0.0,0.5,0.5,0,A,Lettres Modernes,BAC_1,Plateaux Est,public,F,2023,ADMIS
1,1,0,1,0,0,10.06,10.24,11.22,1,11.22,0.74,0.551,0.12200000000000007,0,0,0.0,0.5,0.5,0,A,Sciences Politiques,BAC_1,Grand Lomé,public,M,2023,REORIENTE
1,1,0,1,0,0,10.45,12.11,11.43,-1,11.43,0.7136,0.428,0.14299999999999996,0,0,0.0,0.5,0.5,0,D,Agronomie,BAC_1,Maritime,privé,M,2023,ADMIS
1,1,0,1,0,0,9.15,8.19,8.74,1,8.74,0.5284,0.529,-0.12599999999999997,0,0,0.0,0.5,0.5,0,D,Finance et Comptabilité,BAC_1,Grand Lomé,public,M,2024,REORIENTE
1,1,0,1,0,0,12.93,10.07,11.15,1,11.15,0.8536,0.685,0.11500000000000003,0,0,0.0,0.5,0.5,0,A,Communication et Journalisme,BAC_1,Plateaux Ouest,privé,M,2023,ADMIS
1,1,0,1,0,0,9.99,10.02,10.76,1,10.76,0.6938000000000001,0.518,0.07599999999999998,0,0,0.0,0.5,0.5,0,A,Psychologie,BAC_1,Centrale,public,F,2023,ADMIS
1,1,0,1,0,0,12.28,10.42,12.56,1,12.56,0.649,0.607,0.25600000000000006,0,0,0.0,0.5,0.5,0,D,Informatique,BAC_1,Grand Lomé,public,F,2024,REORIENTE
1,1,0,1,0,0,11.82,12.49,11.67,-1,11.67,0.43100000000000005,0.719,0.16699999999999998,0,0,0.0,0.5,0.5,0,A,Droit,BAC_1,Centrale,public,F,2024,REORIENTE
1,1,0,1,0,0,11.79,11.15,12.19,1,12.19,0.8152,0.619,0.21899999999999994,0,0,0.0,0.5,0.5,0,A,Anglais,BAC_1,Grand Lomé,public,M,2023,ADMIS
1,1,0,1,0,0,11.22,11.09,11.93,1,11.93,0.8251999999999999,0.626,0.19299999999999998,0,0,0.0,0.5,0.5,0,A,Communication et Journalisme,BAC_1,Grand Lomé,public,M,2023,REORIENTE
1,1,0,1,0,0,11.54,12.0,12.04,1,12.04,0.6234000000000001,0.546,0.2039999999999999,0,0,0.0,0.5,0.5,0,G2,Banque et Assurance,BAC_1,Plateaux Est,privé,F,2024,ADMIS
1,1,0,1,0,0,8.36,10.25,10.16,-1,10.16,0.493,0.442,0.016000000000000014,0,0,0.0,0.5,0.5,0,D,Génie Électrique,BAC_1,Grand Lomé,public,F,2024,REORIENTE
1,1,0,1,0,0,9.97,10.31,9.34,-1,9.34,0.7036,0.598,-0.06600000000000002,0,0,0.0,0.5,0.5,0,A,Sciences de l'Éducation,BAC_1,Maritime,public,F,2023,ADMIS
1,1,0,1,0,0,10.06,11.11,11.26,1,11.26,0.546,0.438,0.12599999999999997,0,0,0.0,0.5,0.5,0,A,Anglais,BAC_1,Plateaux Est,public,F,2024,REORIENTE
1,1,0,1,0,0,12.83,14.88,14.38,-1,14.38,0.5943999999999999,0.439,0.43800000000000006,0,0,0.0,0.5,0.5,0,D,Génie Électrique,BAC_1,Grand Lomé,public,F,2023,REORIENTE
1,1,0,1,0,0,9.59,10.26,10.12,-1,10.12,0.4236,0.357,0.011999999999999922,0,0,0.0,0.5,0.5,0,D,Génie Civil,BAC_1,Plateaux Ouest,privé,M,2024,ADMIS
1,1,0,1,0,0,11.55,11.2,11.67,1,11.67,0.725,0.479,0.16699999999999998,0,0,0.0,0.5,0.5,0,A,Psychologie,BAC_1,Grand Lomé,privé,M,2023,ADMIS
1,1,0,1,0,0,8.39,9.13,9.26,1,9.26,0.7402,0.427,-0.07400000000000002,0,0,0.0,0.5,0.5,0,D,Biologie,BAC_1,Plateaux Est,privé,M,2023,REORIENTE
1,1,0,1,0,0,9.88,11.52,11.08,-1,11.08,0.7536,0.483,0.10800000000000001,0,0,0.0,0.5,0.5,0,A,Communication et Journalisme,BAC_1,Grand Lomé,public,F,2023,ADMIS
1,1,0,1,0,0,12.02,12.93,12.85,-1,12.85,0.5018,0.506,0.285,0,0,0.0,0.5,0.5,0,G3,Tourisme et Hôtellerie,BAC_1,Kara,public,F,2023,REORIENTE
1,1,0,1,0,0,9.94,9.86,10.67,1,10.67,0.5924,0.551,0.06699999999999999,0,0,0.0,0.5,0.5,0,A,Communication et Journalisme,BAC_1,Plateaux Ouest,public,F,2024,REORIENTE
1,1,0,1,0,0,12.2,13.58,13.34,-1,13.34,0.4624,0.442,0.33399999999999996,0,0,0.0,0.5,0.5,0,A,STAPS (Activités Physiques et Sportives),BAC_1,Maritime,public,F,2024,REORIENTE
1,1,0,1,0,0,11.92,10.23,10.72,1,10.72,0.6912,0.336,0.07200000000000006,0,0,0.0,0.5,0.5,0,A,Tourisme et Hôtellerie,BAC_1,Grand Lomé,public,F,2023,REORIENTE
1,1,0,1,0,0,8.47,8.99,9.49,1,9.49,0.5596,0.583,-0.050999999999999976,0,0,0.0,0.5,0.5,0,D,Génie Électrique,BAC_1,Kara,public,F,2024,REORIENTE
1,1,0,1,0,0,8.45,8.39,8.83,1,8.83,0.6335999999999999,0.684,-0.11699999999999999,0,0,0.0,0.5,0.5,0,D,Finance et Comptabilité,BAC_1,Centrale,public,M,2023,REORIENTE
1,1,0,1,0,0,8.33,6.93,7.87,1,7.87,0.5574,0.444,-0.213,0,0,0.0,0.5,0.5,0,B,Sociologie,BAC_1,Maritime,public,F,2023,ADMIS
1,1,0,1,0,0,5.47,7.15,7.49,1,7.49,0.5589999999999999,0.547,-0.251,0,0,0.0,0.5,0.5,0,D,Sciences de l'Éducation,BAC_1,Kara,privé,F,2024,REORIENTE
1,1,0,1,0,0,11.14,11.55,11.34,-1,11.34,0.5227999999999999,0.725,0.13399999999999998,0,0,0.0,0.5,0.5,0,D,Enseignement Primaire,BAC_1,Plateaux Est,public,M,2024,REORIENTE
1,1,0,1,0,0,10.69,12.54,12.08,-1,12.08,0.6242,0.563,0.20800000000000002,0,0,0.0,0.5,0.5,0,D,Génie Électrique,BAC_1,Maritime,public,M,2023,ADMIS
1,1,0,1,0,0,7.17,9.44,10.34,1,10.34,0.538,0.55,0.03399999999999999,0,0,0.0,0.5,0.5,0,D,Psychologie,BAC_1,Savanes,privé,F,2024,ADMIS
1,1,0,1,0,0,12.12,11.28,11.84,1,11.84,0.4302,0.429,0.184,0,0,0.0,0.5,0.5,0,A,Droit,BAC_1,Kara,public,M,2024,ADMIS
1,1,0,1,0,0,9.64,10.3,10.37,1,10.37,0.48860000000000003,0.422,0.03699999999999992,0,0,0.0,0.5,0.5,0,D,Finance et Comptabilité,BAC_1,Maritime,public,F,2024,ADMIS
1,1,0,1,0,0,11.86,11.44,11.24,-1,11.24,0.4726,0.511,0.12400000000000003,0,0,0.0,0.5,0.5,0,D,Finance et Comptabilité,BAC_1,Kara,public,M,2024,ADMIS
1,1,0,1,0,0,9.36,10.37,9.43,-1,9.43,0.5074000000000001,0.496,-0.05700000000000003,0,0,0.0,0.5,0.5,0,A,Sociologie,BAC_1,Maritime,privé,F,2024,REORIENTE
1,1,0,1,0,0,7.66,7.56,8.25,1,8.25,0.6352,0.436,-0.175,0,0,0.0,0.5,0.5,0,D,Biologie,BAC_1,Grand Lomé,public,M,2023,REORIENTE
1,1,0,1,0,0,11.41,12.55,12.2,-1,12.2,0.6458,0.596,0.21999999999999992,0,0,0.0,0.5,0.5,0,A,Histoire,BAC_1,Centrale,public,F,2024,ADMIS
1,1,0,1,0,0,6.13,8.63,8.55,-1,8.55,0.446,0.269,-0.14499999999999993,0,0,0.0,0.5,0.5,0,B,Lettres Modernes,BAC_1,Grand Lomé,public,M,2023,REORIENTE
1,1,0,1,0,0,8.76,9.67,10.38,1,10.38,0.7008,0.405,0.038000000000000075,0,0,0.0,0.5,0.5,0,A,Droit,BAC_1,Grand Lomé,privé,F,2024,REORIENTE
1,1,0,1,0,0,5.51,5.11,6.13,1,6.13,0.7462,0.535,-0.387,0,0,0.0,0.5,0.5,0,A,Sciences Politiques,BAC_1,Plateaux Est,public,M,2023,REORIENTE
1,1,0,1,0,0,11.51,9.94,10.88,1,10.88,0.7476,0.384,0.08800000000000008,0,0,0.0,0.5,0.5,0,A,Droit,BAC_1,Savanes,privé,M,2023,ADMIS
1,1,0,1,0,0,11.96,11.97,12.2,1,12.2,0.6920000000000001,0.44,0.21999999999999992,0,0,0.0,0.5,0.5,0,A,Lettres Modernes,BAC_1,Maritime,public,M,2023,ADMIS
1,1,0,1,0,0,9.41,10.08,10.38,1,10.38,0.4356,0.609,0.038000000000000075,0,0,0.0,0.5,0.5,0,D,Psychologie,BAC_1,Maritime,public,M,2024,REORIENTE
1,1,0,1,0,0,9.59,12.33,12.56,1,12.56,0.44920000000000004,0.661,0.25600000000000006,0,0,0.0,0.5,0.5,0,D,Génie Électrique,BAC_1,Plateaux Ouest,public,M,2024,REORIENTE
1,1,0,1,0,0,11.41,12.86,12.73,-1,12.73,0.49840000000000007,0.454,0.273,0,0,0.0,0.5,0.5,0,D,Agronomie,BAC_1,Maritime,privé,M,2024,ADMIS
1,1,0,1,0,0,10.76,11.33,11.89,1,11.89,0.3808,0.49,0.18900000000000006,0,0,0.0,0.5,0.5,0,B,Droit,BAC_1,Grand Lomé,public,F,2023,REORIENTE
1,1,0,1,0,0,7.68,9.52,10.62,1,10.62,0.3158,0.557,0.06199999999999992,0,0,0.0,0.5,0.5,0,A,Anglais,BAC_1,Centrale,public,F,2024,REORIENTE
1,1,0,1,0,0,7.14,6.29,7.76,1,7.76,0.7070000000000001,0.566,-0.22400000000000003,0,0,0.0,0.5,0.5,0,A,Droit,BAC_1,Maritime,public,M,2023,ADMIS
1,1,0,1,0,0,12.26,15.5,14.29,-1,14.29,0.8808,0.717,0.42899999999999994,0,0,0.0,0.5,0.5,0,A,Droit,BAC_1,Grand Lomé,public,M,2023,ADMIS
1,1,0,1,0,0,12.27,11.9,13.37,1,13.37,0.5028,0.561,0.3369999999999999,0,0,0.0,0.5,0.5,0,D,Gestion des Entreprises,BAC_1,Maritime,privé,M,2024,ADMIS
1,1,0,1,0,0,11.67,12.03,12.29,1,12.29,0.4852,0.433,0.22899999999999993,0,0,0.0,0.5,0.5,0,D,Sciences Infirmières,BAC_1,Centrale,privé,M,2024,REORIENTE
1,1,0,1,0,0,12.02,10.58,10.95,1,10.95,0.6638,0.623,0.09499999999999993,0,0,0.0,0.5,0.5,0,G3,Finance et Comptabilité,BAC_1,Centrale,public,M,2024,REORIENTE
1,1,0,1,0,0,16.48,15.2,15.0,-1,15.0,0.6764,0.689,0.5,0,0,0.0,0.5,0.5,0,B,Économie,BAC_1,Maritime,public,F,2024,ADMIS
1,1,0,1,0,0,10.29,11.31,11.05,-1,11.05,0.47619999999999996,0.565,0.10500000000000007,0,0,0.0,0.5,0.5,0,D,Enseignement Primaire,BAC_1,Maritime,public,F,2024,REORIENTE
1,1,0,1,0,0,12.13,11.42,11.43,1,11.43,0.58,0.502,0.14299999999999996,0,0,0.0,0.5,0.5,0,A,Communication et Journalisme,BAC_1,Maritime,public,F,2024,REORIENTE
1,1,0,1,0,0,11.61,12.01,13.03,1,13.03,0.6238,0.574,0.30299999999999994,0,0,0.0,0.5,0.5,0,D,Sociologie,BAC_1,Grand Lomé,public,F,2024,ADMIS
1,1,0,1,0,0,8.69,10.7,11.01,1,11.01,0.6215999999999999,0.495,0.10099999999999998,0,0,0.0,0.5,0.5,0,G1,Gestion des Entreprises,BAC_1,Grand Lomé,public,F,2023,ADMIS
1,1,0,1,0,0,10.06,8.57,9.55,1,9.55,0.6402,0.477,-0.04499999999999993,0,0,0.0,0.5,0.5,0,A,Histoire,BAC_1,Maritime,privé,M,2024,ADMIS
1,1,0,1,0,0,7.45,9.22,10.45,1,10.45,0.7178,0.668,0.04499999999999993,0,0,0.0,0.5,0.5,0,D,Gestion des Entreprises,BAC_1,Kara,public,M,2023,REORIENTE
1,1,0,1,0,0,9.79,11.0,12.05,1,12.05,0.6649999999999999,0.584,0.20500000000000007,0,0,0.0,0.5,0.5,0,G3,Gestion des Entreprises,BAC_1,Grand Lomé,public,F,2023,REORIENTE
1,1,0,1,0,0,6.71,7.46,7.47,1,7.47,0.6548,0.686,-0.253,0,0,0.0,0.5,0.5,0,D,Génie Mécanique,BAC_1,Centrale,public,F,2023,ADMIS
1,1,0,1,0,0,10.21,11.04,10.78,-1,10.78,0.7353999999999999,0.706,0.07799999999999993,0,0,0.0,0.5,0.5,0,D,Sociologie,BAC_1,Plateaux Est,public,F,2023,REORIENTE
1,1,0,1,0,0,11.73,10.88,10.62,-1,10.62,0.6224,0.482,0.06199999999999992,0,0,0.0,0.5,0.5,0,A,Enseignement Primaire,BAC_1,Maritime,public,M,2024,REORIENTE
1,1,0,1,0,0,10.04,10.39,10.35,-1,10.35,0.6574,0.508,0.03499999999999996,0,0,0.0,0.5,0.5,0,D,Finance et Comptabilité,BAC_1,Maritime,public,F,2023,REORIENTE
1,1,0,1,0,0,10.05,9.2,9.1,-1,9.1,0.346,0.427,-0.09000000000000004,0,0,0.0,0.5,0.5,0,A,Communication et Journalisme,BAC_1,Savanes,public,F,2024,REORIENTE
1,1,0,1,0,0,9.83,10.9,10.99,1,10.99,0.5780000000000001,0.632,0.09900000000000002,0,0,0.0,0.5,0.5,0,C,Finance et Comptabilité,BAC_1,Plateaux Ouest,public,M,2024,REORIENTE
1,1,0,1,0,0,11.27,10.57,10.77,1,10.77,0.444,0.423,0.07699999999999996,0,0,0.0,0.5,0.5,0,D,Sciences Forestières,BAC_1,Plateaux Ouest,privé,F,2024,REORIENTE
1,1,0,1,0,0,8.81,11.67,10.53,-1,10.53,0.5854,0.502,0.052999999999999936,0,0,0.0,0.5,0.5,0,D,STAPS (Activités Physiques et Sportives),BAC_1,Kara,privé,F,2023,REORIENTE
1,1,0,1,0,0,10.78,10.76,11.59,1,11.59,0.8168,0.557,0.15899999999999997,0,0,0.0,0.5,0.5,0,A,Droit,BAC_1,Grand Lomé,public,F,2023,REORIENTE
1,1,0,1,0,0,12.16,12.87,12.84,-1,12.84,0.4988,0.47,0.284,0,0,0.0,0.5,0.5,0,D,Sciences de l'Éducation,BAC_1,Kara,public,F,2024,ADMIS
1,1,0,1,0,0,8.1,9.16,9.62,1,9.62,0.49340000000000006,0.632,-0.038000000000000075,0,0,0.0,0.5,0.5,0,D,Génie Informatique,BAC_1,Plateaux Est,public,M,2024,REORIENTE
1,1,0,1,0,0,7.55,10.19,10.41,1,10.41,0.6936,0.54,0.041000000000000016,0,0,0.0,0.5,0.5,0,B,Histoire,BAC_1,Maritime,privé,F,2023,ADMIS
1,1,0,1,0,0,9.59,10.1,10.58,1,10.58,0.3618,0.393,0.05800000000000001,0,0,0.0,0.5,0.5,0,D,Informatique,BAC_1,Maritime,public,M,2024,REORIENTE
1,1,0,1,0,0,12.55,12.99,12.72,-1,12.72,0.5244,0.492,0.2720000000000001,0,0,0.0,0.5,0.5,0,G3,Finance et Comptabilité,BAC_1,Plateaux Ouest,public,F,2023,ADMIS
1,1,0,1,0,0,10.18,9.75,10.07,1,10.07,0.6808000000000001,0.637,0.007000000000000029,0,0,0.0,0.5,0.5,0,D,Sciences Infirmières,BAC_1,Kara,public,M,2023,REORIENTE
1,1,0,1,0,0,9.08,10.53,9.99,-1,9.99,0.8256,0.579,-0.0009999999999999788,0,0,0.0,0.5,0.5,0,D,Génie Informatique,BAC_1,Grand Lomé,public,M,2023,REORIENTE
1,1,0,1,0,0,9.93,11.69,11.84,1,11.84,0.5298,0.369,0.184,0,0,0.0,0.5,0.5,0,D,Odontologie,BAC_1,Grand Lomé,public,F,2023,ADMIS
1,1,0,1,0,0,6.91,6.35,7.11,1,7.11,0.651,0.675,-0.289,0,0,0.0,0.5,0.5,0,A,Géographie,BAC_1,Grand Lomé,public,M,2024,ADMIS
1,1,0,1,0,0,8.58,10.63,9.67,-1,9.67,0.7098,0.57,-0.03300000000000001,0,0,0.0,0.5,0.5,0,D,Psychologie,BAC_1,Grand Lomé,public,M,2023,REORIENTE
1,1,0,1,0,0,8.86,7.88,8.5,1,8.5,0.7212000000000001,0.6,-0.15,0,0,0.0,0.5,0.5,0,D,Gestion des Entreprises,BAC_1,Plateaux Est,privé,F,2023,REORIENTE
1,1,0,1,0,0,11.0,9.94,11.0,1,11.0,0.7589999999999999,0.573,0.1,0,0,0.0,0.5,0.5,0,D,Génie Informatique,BAC_1,Grand Lomé,public,M,2023,ADMIS
1,1,0,1,0,0,13.72,12.31,13.35,1,13.35,0.5624,0.47,0.33499999999999996,0,0,0.0,0.5,0.5,0,D,Pharmacie,BAC_1,Kara,public,F,2023,ADMIS
1,1,0,1,0,0,9.08,8.97,9.33,1,9.33,0.8348,0.611,-0.06699999999999999,0,0,0.0,0.5,0.5,0,A,Sciences de l'Éducation,BAC_1,Maritime,privé,M,2023,ADMIS
1,1,0,1,0,0,10.13,8.93,9.98,1,9.98,0.7596,0.678,-0.0019999999999999575,0,0,0.0,0.5,0.5,0,A,Sociologie,BAC_1,Grand Lomé,privé,M,2024,REORIENTE
1,1,0,1,0,0,11.42,11.5,11.96,1,11.96,0.7944,0.501,0.1960000000000001,0,0,0.0,0.5,0.5,0,A,Communication et Journalisme,BAC_1,Plateaux Ouest,public,M,2023,ADMIS
1,1,0,1,0,0,10.29,10.05,9.76,-1,9.76,0.6036,0.552,-0.02400000000000002,0,0,0.0,0.5,0.5,0,D,Gestion des Entreprises,BAC_1,Plateaux Ouest,public,M,2023,ADMIS
1,1,0,1,0,0,13.74,13.98,13.97,-1,13.97,0.4314,0.57,0.3970000000000001,0,0,0.0,0.5,0.5,0,D,Pharmacie,BAC_1,Plateaux Est,public,M,2024,REORIENTE
1,1,0,1,0,0,4.88,5.58,5.9,1,5.9,0.2604,0.279,-0.41,0,0,0.0,0.5,0.5,0,D,Génie Mécanique,BAC_1,Maritime,public,F,2024,REORIENTE
1,1,0,1,0,0,9.17,9.65,9.38,-1,9.38,0.46640000000000004,0.365,-0.06199999999999992,0,0,0.0,0.5,0.5,0,D,Sociologie,BAC_1,Grand Lomé,public,M,2024,REORIENTE
1,1,0,1,0,0,11.47,12.25,11.59,-1,11.59,0.4112,0.545,0.15899999999999997,0,0,0.0,0.5,0.5,0,A,Tourisme et Hôtellerie,BAC_1,Plateaux Est,public,M,2024,ADMIS
1,1,0,1,0,0,10.11,12.35,11.47,-1,11.47,0.5224,0.598,0.14700000000000008,0,0,0.0,0.5,0.5,0,A,Communication et Journalisme,BAC_1,Grand Lomé,privé,F,2024,ADMIS
1,1,0,1,0,0,9.93,8.95,10.49,1,10.49,0.6366,0.501,0.04900000000000002,0,0,0.0,0.5,0.5,0,D,Finance et Comptabilité,BAC_1,Savanes,public,F,2023,REORIENTE
1,1,0,1,0,0,10.02,9.51,9.81,1,9.81,0.5956,0.472,-0.01899999999999995,0,0,0.0,0.5,0.5,0,A,Communication et Journalisme,BAC_1,Kara,public,F,2023,ADMIS
1,1,0,1,0,0,11.26,10.03,10.93,1,10.93,0.6144,0.45,0.09299999999999997,0,0,0.0,0.5,0.5,0,A,Enseignement Primaire,BAC_1,Plateaux Est,public,F,2023,ADMIS
1,1,0,1,0,0,2.99,2.79,3.56,1,3.56,0.49739999999999995,0.366,-0.6439999999999999,0,0,0.0,0.5,0.5,0,D,Psychologie,BAC_1,Maritime,public,M,2023,ADMIS
1,1,0,1,0,0,11.03,11.2,11.43,1,11.43,0.6098,0.368,0.14299999999999996,0,0,0.0,0.5,0.5,0,A,Communication et Journalisme,BAC_1,Grand Lomé,privé,F,2023,ADMIS
1,1,0,1,0,0,9.7,9.81,9.89,1,9.89,0.4838,0.539,-0.010999999999999944,0,0,0.0,0.5,0.5,0,D,Tourisme et Hôtellerie,BAC_1,Plateaux Est,public,F,2024,REORIENTE
1,1,0,1,0,0,11.12,10.21,10.64,1,10.64,0.3942,0.519,0.06400000000000006,0,0,0.0,0.5,0.5,0,D,Gestion des Entreprises,BAC_1,Grand Lomé,public,F,2024,ADMIS
1,1,0,1,0,0,10.69,10.16,10.85,1,10.85,0.7632,0.681,0.08499999999999996,0,0,0.0,0.5,0.5,0,A,Droit,BAC_1,Plateaux Est,public,F,2023,REORIENTE
1,1,0,1,0,0,10.99,10.74,11.92,1,11.92,0.1362,0.18,0.192,0,0,0.0,0.5,0.5,0,D,Génie Électrique,BAC_1,Savanes,public,M,2024,REORIENTE
1,1,0,1,0,0,14.91,14.63,14.99,1,14.99,0.3438,0.381,0.499,0,0,0.0,0.5,0.5,0,D,Histoire,BAC_1,Centrale,public,M,2024,REORIENTE
1,1,0,1,0,0,10.18,9.8,10.67,1,10.67,0.7402,0.745,0.06699999999999999,0,0,0.0,0.5,0.5,0,G3,Sciences Infirmières,BAC_1,Plateaux Est,public,M,2023,ADMIS
1,1,0,1,0,0,9.09,8.61,9.69,1,9.69,0.7764,0.588,-0.03100000000000005,0,0,0.0,0.5,0.5,0,D,Enseignement Primaire,BAC_1,Maritime,privé,F,2023,REORIENTE
1,1,0,1,0,0,10.89,10.55,10.75,1,10.75,0.6356,0.569,0.075,0,0,0.0,0.5,0.5,0,D,Informatique,BAC_1,Savanes,public,F,2023,ADMIS
1,1,0,1,0,0,12.25,10.77,12.31,1,12.31,0.725,0.392,0.23100000000000004,0,0,0.0,0.5,0.5,0,A,Droit,BAC_1,Maritime,public,M,2023,REORIENTE
1,1,0,1,0,0,10.08,11.13,11.58,1,11.58,0.5366,0.515,0.158,0,0,0.0,0.5,0.5,0,A,Sciences Politiques,BAC_1,Maritime,public,M,2023,ADMIS
1,1,0,1,0,0,12.82,10.37,11.14,1,11.14,0.664,0.526,0.11400000000000006,0,0,0.0,0.5,0.5,0,D,Biologie,BAC_1,Maritime,public,M,2023,ADMIS
1,1,0,1,0,0,11.92,12.62,12.54,-1,12.54,0.7096,0.658,0.2539999999999999,0,0,0.0,0.5,0.5,0,D,Agronomie,BAC_1,Grand Lomé,privé,M,2023,ADMIS
1,1,0,1,0,0,10.99,11.11,11.06,-1,11.06,0.7764,0.549,0.10600000000000005,0,0,0.0,0.5,0.5,0,D,Finance et Comptabilité,BAC_1,Maritime,public,M,2023,ADMIS
1,1,0,1,0,0,8.25,9.57,9.69,1,9.69,0.5848,0.427,-0.03100000000000005,0,0,0.0,0.5,0.5,0,D,Sciences Environnementales,BAC_1,Plateaux Ouest,public,F,2023,REORIENTE
1,1,0,1,0,0,9.79,9.91,10.41,1,10.41,0.8032,0.523,0.041000000000000016,0,0,0.0,0.5,0.5,0,D,Finance et Comptabilité,BAC_1,Grand Lomé,privé,F,2023,REORIENTE
1,1,0,1,0,0,10.48,11.94,11.3,-1,11.3,0.5876,0.536,0.13000000000000006,0,0,0.0,0.5,0.5,0,A,Psychologie,BAC_1,Grand Lomé,public,F,2024,ADMIS
1,1,0,1,0,0,12.22,13.91,13.71,-1,13.71,0.6524,0.401,0.3710000000000001,0,0,0.0,0.5,0.5,0,A,Psychologie,BAC_1,Kara,public,M,2023,ADMIS
1,1,0,1,0,0,8.18,10.39,9.44,-1,9.44,0.6584000000000001,0.653,-0.05600000000000005,0,0,0.0,0.5,0.5,0,D,Finance et Comptabilité,BAC_1,Grand Lomé,public,F,2024,REORIENTE
1,1,0,1,0,0,12.41,14.03,13.61,-1,13.61,0.6652,0.616,0.36099999999999993,0,0,0.0,0.5,0.5,0,A,Enseignement Primaire,BAC_1,Plateaux Ouest,privé,M,2024,REORIENTE
1,1,0,1,0,0,11.0,11.24,10.77,-1,10.77,0.772,0.562,0.07699999999999996,0,0,0.0,0.5,0.5,0,A,Psychologie,BAC_1,Plateaux Ouest,privé,M,2023,ADMIS
1,1,0,1,0,0,10.5,9.32,9.87,1,9.87,0.6948,0.579,-0.013000000000000077,0,0,0.0,0.5,0.5,0,D,Gestion des Entreprises,BAC_1,Grand Lomé,privé,M,2024,ADMIS
1,1,0,1,0,0,8.94,11.04,10.99,-1,10.99,0.41979999999999995,0.688,0.09900000000000002,0,0,0.0,0.5,0.5,0,A,Droit,BAC_1,Centrale,public,M,2024,ADMIS
1,1,0,1,0,0,6.13,9.23,8.89,-1,8.89,0.7178,0.485,-0.11099999999999995,0,0,0.0,0.5,0.5,0,A,Droit,BAC_1,Plateaux Ouest,public,M,2023,ADMIS
1,1,0,1,0,0,7.01,7.48,7.9,1,7.9,0.4732,0.418,-0.20999999999999996,0,0,0.0,0.5,0.5,0,D,Psychologie,BAC_1,Centrale,public,M,2024,ADMIS
1,1,0,1,0,0,11.61,11.47,11.63,1,11.63,0.8058,0.579,0.1630000000000001,0,0,0.0,0.5,0.5,0,B,Sciences Politiques,BAC_1,Grand Lomé,privé,M,2023,REORIENTE
1,1,0,1,0,0,8.76,11.51,11.13,-1,11.13,0.6792,0.423,0.11300000000000007,0,0,0.0,0.5,0.5,0,D,Sciences Forestières,BAC_1,Grand Lomé,privé,M,2023,ADMIS
1,1,0,1,0,0,10.77,10.89,11.37,1,11.37,0.4084,0.565,0.13699999999999993,0,0,0.0,0.5,0.5,0,D,Sciences Infirmières,BAC_1,Plateaux Ouest,public,F,2024,REORIENTE
1,1,0,1,0,0,5.24,7.31,7.21,-1,7.21,0.6642,0.558,-0.279,0,0,0.0,0.5,0.5,0,D,Finance et Comptabilité,BAC_1,Plateaux Est,public,M,2023,ADMIS
1,1,0,1,0,0,9.31,10.19,9.34,-1,9.34,0.4444,0.775,-0.06600000000000002,0,0,0.0,0.5,0.5,0,D,Génie Mécanique,BAC_1,Centrale,public,M,2024,REORIENTE
1,1,0,1,0,0,12.07,13.12,13.31,1,13.31,0.6072,0.432,0.33100000000000007,0,0,0.0,0.5,0.5,0,D,Enseignement Primaire,BAC_1,Maritime,public,M,2023,ADMIS
1,1,0,1,0,0,17.74,17.84,18.62,1,18.62,0.6135999999999999,0.472,0.8620000000000001,0,0,0.0,0.5,0.5,0,D,Médecine,BAC_1,Maritime,public,F,2023,ADMIS
1,1,0,1,0,0,12.96,13.45,14.07,1,14.07,0.49560000000000004,0.429,0.40700000000000003,0,0,0.0,0.5,0.5,0,A,Lettres Modernes,BAC_1,Maritime,public,M,2024,ADMIS
1,1,0,1,0,0,10.96,11.72,11.63,-1,11.63,0.49460000000000004,0.428,0.1630000000000001,0,0,0.0,0.5,0.5,0,D,Sociologie,BAC_1,Centrale,public,F,2023,ADMIS
1,1,0,1,0,0,13.11,14.67,14.33,-1,14.33,0.656,0.623,0.433,0,0,0.0,0.5,0.5,0,A,Droit,BAC_1,Savanes,privé,M,2024,REORIENTE
1,1,0,1,0,0,8.95,10.73,10.75,1,10.75,0.7819999999999999,0.494,0.075,0,0,0.0,0.5,0.5,0,A,Psychologie,BAC_1,Maritime,public,F,2023,REORIENTE
1,1,0,1,0,0,8.62,10.03,10.26,1,10.26,0.6759999999999999,0.691,0.025999999999999978,0,0,0.0,0.5,0.5,0,A,Communication et Journalisme,BAC_1,Kara,public,F,2023,REORIENTE
1,1,0,1,0,0,8.59,9.6,10.69,1,10.69,0.3226,0.475,0.06899999999999995,0,0,0.0,0.5,0.5,0,D,Psychologie,BAC_1,Savanes,public,M,2024,REORIENTE
1,1,0,1,0,0,10.39,10.94,10.79,-1,10.79,0.7276,0.661,0.07899999999999992,0,0,0.0,0.5,0.5,0,D,Informatique,BAC_1,Plateaux Est,privé,M,2023,REORIENTE
1,1,0,1,0,0,6.07,6.17,7.47,1,7.47,0.5626,0.409,-0.253,0,0,0.0,0.5,0.5,0,A,Histoire,BAC_1,Kara,privé,M,2024,REORIENTE
1,1,0,1,0,0,12.15,12.42,13.1,1,13.1,0.6244,0.517,0.30999999999999994,0,0,0.0,0.5,0.5,0,D,Médecine,BAC_1,Kara,public,F,2023,ADMIS
1,1,0,1,0,0,9.68,9.53,9.09,-1,9.09,0.5918,0.539,-0.09100000000000001,0,0,0.0,0.5,0.5,0,D,Sciences Environnementales,BAC_1,Grand Lomé,public,F,2024,REORIENTE
1,1,0,1,0,0,14.82,13.09,13.5,1,13.5,0.7416,0.369,0.35,0,0,0.0,0.5,0.5,0,A,Communication et Journalisme,BAC_1,Centrale,privé,M,2023,ADMIS
1,1,0,1,0,0,6.52,7.06,8.05,1,8.05,0.741,0.546,-0.19499999999999992,0,0,0.0,0.5,0.5,0,A,Lettres Modernes,BAC_1,Centrale,public,M,2023,ADMIS
1,1,0,1,0,0,11.11,10.02,11.08,1,11.08,0.8358,0.612,0.10800000000000001,0,0,0.0,0.5,0.5,0,C,Gestion des Entreprises,BAC_1,Kara,public,F,2023,ADMIS
1,1,0,1,0,0,11.69,12.47,12.13,-1,12.13,0.7069999999999999,0.344,0.21300000000000008,0,0,0.0,0.5,0.5,0,A,Histoire,BAC_1,Grand Lomé,privé,F,2023,ADMIS
1,1,0,1,0,0,10.82,11.81,11.12,-1,11.12,0.4348,0.478,0.11199999999999992,0,0,0.0,0.5,0.5,0,A,Communication et Journalisme,BAC_1,Maritime,public,F,2024,REORIENTE
1,1,0,1,0,0,9.15,9.31,9.57,1,9.57,0.396,0.453,-0.04299999999999997,0,0,0.0,0.5,0.5,0,D,Physique-Chimie,BAC_1,Plateaux Est,public,M,2024,ADMIS
1,1,0,1,0,0,11.54,12.2,12.5,1,12.5,0.5898000000000001,0.447,0.25,0,0,0.0,0.5,0.5,0,D,Tourisme et Hôtellerie,BAC_1,Grand Lomé,privé,F,2024,REORIENTE
1,1,0,1,0,0,9.74,9.67,9.69,1,9.69,0.3814,0.244,-0.03100000000000005,0,0,0.0,0.5,0.5,0,A,Psychologie,BAC_1,Plateaux Ouest,public,F,2024,REORIENTE
1,1,0,1,0,0,10.09,10.62,11.48,1,11.48,0.519,0.465,0.14800000000000005,0,0,0.0,0.5,0.5,0,D,Agronomie,BAC_1,Grand Lomé,public,F,2024,ADMIS
1,1,0,1,0,0,10.6,9.02,10.33,1,10.33,0.48240000000000005,0.45,0.03300000000000001,0,0,0.0,0.5,0.5,0,A,Lettres Modernes,BAC_1,Savanes,public,F,2024,REORIENTE
1,1,0,1,0,0,8.94,9.85,11.15,1,11.15,0.723,0.519,0.11500000000000003,0,0,0.0,0.5,0.5,0,D,Sociologie,BAC_1,Plateaux Est,public,F,2023,REORIENTE
1,1,0,1,0,0,13.0,13.32,13.81,1,13.81,0.7492,0.388,0.38100000000000006,0,0,0.0,0.5,0.5,0,D,Pharmacie,BAC_1,Savanes,privé,M,2023,ADMIS
1,1,0,1,0,0,11.09,11.43,12.09,1,12.09,0.5993999999999999,0.459,0.209,0,0,0.0,0.5,0.5,0,B,Lettres Modernes,BAC_1,Kara,privé,M,2024,ADMIS
1,1,0,1,0,0,10.14,11.21,11.53,1,11.53,0.435,0.492,0.15299999999999994,0,0,0.0,0.5,0.5,0,G2,Économie,BAC_1,Savanes,public,F,2023,REORIENTE
1,1,0,1,0,0,10.19,10.68,10.88,1,10.88,0.4924,0.496,0.08800000000000008,0,0,0.0,0.5,0.5,0,D,Médecine,BAC_1,Centrale,public,M,2023,ADMIS
1,1,0,1,0,0,12.39,13.26,13.84,1,13.84,0.6768,0.591,0.384,0,0,0.0,0.5,0.5,0,D,Pharmacie,BAC_1,Kara,privé,F,2023,REORIENTE
1,1,0,1,0,0,8.12,9.15,8.49,-1,8.49,0.5997999999999999,0.655,-0.15099999999999997,0,0,0.0,0.5,0.5,0,A,Sociologie,BAC_1,Centrale,public,F,2023,REORIENTE
1,1,0,1,0,0,13.76,12.8,12.82,1,12.82,0.45920000000000005,0.545,0.28200000000000003,0,0,0.0,0.5,0.5,0,A,Enseignement Primaire,BAC_1,Plateaux Est,public,F,2024,REORIENTE
1,1,0,1,0,0,4.77,6.02,5.71,-1,5.71,0.3206,0.431,-0.429,0,0,0.0,0.5,0.5,0,D,Informatique,BAC_1,Grand Lomé,public,F,2024,REORIENTE
1,1,0,1,0,0,11.29,10.49,11.04,1,11.04,0.6642,0.285,0.10399999999999991,0,0,0.0,0.5,0.5,0,A,Lettres Modernes,BAC_1,Grand Lomé,public,F,2023,ADMIS
1,1,0,1,0,0,9.58,9.74,10.12,1,10.12,0.6175999999999999,0.416,0.011999999999999922,0,0,0.0,0.5,0.5,0,A,Enseignement Primaire,BAC_1,Kara,privé,M,2023,ADMIS
1,1,0,1,0,0,8.01,8.08,8.74,1,8.74,0.3694,0.328,-0.12599999999999997,0,0,0.0,0.5,0.5,0,A,Sociologie,BAC_1,Plateaux Est,public,M,2024,ADMIS
1,1,0,1,0,0,11.77,13.53,13.15,-1,13.15,0.7472,0.737,0.31500000000000006,0,0,0.0,0.5,0.5,0,D,Enseignement Primaire,BAC_1,Maritime,public,F,2023,ADMIS
1,1,0,1,0,0,8.79,8.44,8.72,1,8.72,0.8091999999999999,0.565,-0.12799999999999995,0,0,0.0,0.5,0.5,0,T1,Génie Informatique,BAC_1,Plateaux Ouest,privé,M,2024,ADMIS
1,1,0,1,0,0,15.07,13.74,15.02,1,15.02,0.5698,0.439,0.502,0,0,0.0,0.5,0.5,0,G2,Économie,BAC_1,Maritime,public,M,2024,ADMIS
1,1,0,1,0,0,14.06,13.18,13.8,1,13.8,0.7133999999999999,0.492,0.38000000000000006,0,0,0.0,0.5,0.5,0,A,Tourisme et Hôtellerie,BAC_1,Plateaux Est,public,F,2023,ADMIS
1,1,0,1,0,0,7.59,6.32,8.19,1,8.19,0.5886,0.402,-0.18100000000000005,0,0,0.0,0.5,0.5,0,A,Psychologie,BAC_1,Centrale,public,M,2023,REORIENTE
1,1,0,1,0,0,6.61,8.92,8.12,-1,8.12,0.7687999999999999,0.446,-0.18800000000000008,0,0,0.0,0.5,0.5,0,A,Enseignement Primaire,BAC_1,Grand Lomé,public,M,2023,REORIENTE
1,1,0,1,0,0,11.3,9.6,10.32,1,10.32,0.7518,0.648,0.03200000000000003,0,0,0.0,0.5,0.5,0,D,Sociologie,BAC_1,Maritime,public,F,2023,REORIENTE
1,1,0,1,0,0,10.8,10.93,11.51,1,11.51,0.6441999999999999,0.691,0.15099999999999997,0,0,0.0,0.5,0.5,0,A,Histoire,BAC_1,Grand Lomé,privé,M,2024,REORIENTE
1,1,0,1,0,0,10.29,8.85,10.1,1,10.1,0.5344,0.508,0.009999999999999964,0,0,0.0,0.5,0.5,0,A,Lettres Modernes,BAC_1,Plateaux Ouest,public,M,2023,REORIENTE
1,1,0,1,0,0,11.26,12.0,11.89,-1,11.89,0.5572,0.628,0.18900000000000006,0,0,0.0,0.5,0.5,0,A,Arts Plastiques,BAC_1,Maritime,public,M,2024,ADMIS
1,1,0,1,0,0,8.92,6.86,9.06,1,9.06,0.6244000000000001,0.784,-0.09399999999999994,0,0,0.0,0.5,0.5,0,B,Psychologie,BAC_1,Kara,public,F,2023,ADMIS
1,1,0,1,0,0,7.22,7.46,7.43,-1,7.43,0.5844,0.54,-0.257,0,0,0.0,0.5,0.5,0,D,Gestion des Entreprises,BAC_1,Grand Lomé,public,M,2024,ADMIS
1,1,0,1,0,0,8.57,9.71,9.18,-1,9.18,0.7731999999999999,0.505,-0.08200000000000003,0,0,0.0,0.5,0.5,0,A,Sciences de l'Éducation,BAC_1,Plateaux Ouest,public,M,2023,ADMIS
1,1,0,1,0,0,11.57,11.6,12.15,1,12.15,0.6646,0.469,0.21500000000000002,0,0,0.0,0.5,0.5,0,A,Communication et Journalisme,BAC_1,Plateaux Est,public,M,2023,ADMIS
1,1,0,1,0,0,8.1,10.08,9.46,-1,9.46,0.5439999999999999,0.292,-0.053999999999999916,0,0,0.0,0.5,0.5,0,A,Lettres Modernes,BAC_1,Maritime,public,F,2023,REORIENTE
1,1,0,1,0,0,10.84,11.59,11.58,-1,11.58,0.479,0.659,0.158,0,0,0.0,0.5,0.5,0,D,Génie Mécanique,BAC_1,Savanes,public,F,2024,REORIENTE
1,1,0,1,0,0,7.43,7.84,7.86,1,7.86,0.6062,0.464,-0.21399999999999997,0,0,0.0,0.5,0.5,0,A,Histoire,BAC_1,Savanes,public,M,2024,ADMIS
1,1,0,1,0,0,7.54,9.64,8.88,-1,8.88,0.4056,0.507,-0.11199999999999992,0,0,0.0,0.5,0.5,0,A,Sciences de l'Éducation,BAC_1,Plateaux Est,public,M,2024,REORIENTE
1,1,0,1,0,0,8.82,8.86,8.9,1,8.9,0.4882,0.526,-0.10999999999999996,0,0,0.0,0.5,0.5,0,D,Informatique,BAC_1,Plateaux Est,public,F,2023,ADMIS
1,1,0,1,0,0,10.17,11.36,11.33,-1,11.33,0.5187999999999999,0.529,0.133,0,0,0.0,0.5,0.5,0,A,Communication et Journalisme,BAC_1,Grand Lomé,public,M,2024,REORIENTE
1,1,0,1,0,0,12.99,11.46,12.14,1,12.14,0.589,0.676,0.21400000000000005,0,0,0.0,0.5,0.5,0,D,Génie Informatique,BAC_1,Centrale,privé,F,2024,REORIENTE
1,1,0,1,0,0,14.39,13.07,13.64,1,13.64,0.3356,0.689,0.36400000000000005,0,0,0.0,0.5,0.5,0,D,Sciences de l'Éducation,BAC_1,Plateaux Ouest,public,M,2024,REORIENTE
1,1,0,1,0,0,6.17,6.55,7.08,1,7.08,0.6944,0.521,-0.292,0,0,0.0,0.5,0.5,0,A,Anglais,BAC_1,Grand Lomé,public,F,2024,ADMIS
1,1,0,1,0,0,10.92,9.45,9.85,1,9.85,0.7842,0.663,-0.015000000000000036,0,0,0.0,0.5,0.5,0,A,Psychologie,BAC_1,Grand Lomé,privé,F,2023,REORIENTE
1,1,0,1,0,0,11.76,12.83,12.39,-1,12.39,0.5986,0.538,0.23900000000000005,0,0,0.0,0.5,0.5,0,A,Enseignement Primaire,BAC_1,Grand Lomé,public,M,2024,REORIENTE
1,1,0,1,0,0,9.86,9.97,10.06,1,10.06,0.5644,0.4,0.0060000000000000496,0,0,0.0,0.5,0.5,0,A,Lettres Modernes,BAC_1,Savanes,public,F,2024,ADMIS
1,1,0,1,0,0,11.85,10.88,12.64,1,12.64,0.2766,0.405,0.26400000000000007,0,0,0.0,0.5,0.5,0,D,Pharmacie,BAC_1,Plateaux Ouest,public,F,2024,REORIENTE
1,1,0,1,0,0,7.04,5.21,6.38,1,6.38,0.6414,0.603,-0.362,0,0,0.0,0.5,0.5,0,A,Sciences Politiques,BAC_1,Kara,privé,M,2024,REORIENTE
1,1,0,1,0,0,7.25,7.9,7.84,-1,7.84,0.744,0.519,-0.21600000000000003,0,0,0.0,0.5,0.5,0,A,Sciences de l'Éducation,BAC_1,Savanes,public,M,2023,REORIENTE
1,1,0,1,0,0,9.37,9.08,8.58,-1,8.58,0.5486,0.314,-0.142,0,0,0.0,0.5,0.5,0,D,Histoire,BAC_1,Grand Lomé,public,F,2023,REORIENTE
1,1,0,1,0,0,10.4,10.27,11.33,1,11.33,0.7326,0.405,0.133,0,0,0.0,0.5,0.5,0,E,Génie Mécanique,BAC_1,Kara,privé,M,2024,ADMIS
1,1,0,1,0,0,12.82,12.4,12.92,1,12.92,0.41559999999999997,0.376,0.292,0,0,0.0,0.5,0.5,0,D,Génie Informatique,BAC_1,Grand Lomé,public,F,2024,ADMIS
1,1,0,1,0,0,10.08,10.12,11.15,1,11.15,0.6614,0.527,0.11500000000000003,0,0,0.0,0.5,0.5,0,D,Génie Civil,BAC_1,Plateaux Ouest,public,M,2023,ADMIS
1,1,0,1,0,0,11.55,11.51,11.59,1,11.59,0.36979999999999996,0.563,0.15899999999999997,0,0,0.0,0.5,0.5,0,D,Psychologie,BAC_1,Plateaux Ouest,public,F,2024,REORIENTE
1,1,0,1,0,0,11.44,11.13,10.88,-1,10.88,0.657,0.699,0.08800000000000008,0,0,0.0,0.5,0.5,0,D,Psychologie,BAC_1,Grand Lomé,public,M,2024,REORIENTE
1,1,0,1,0,0,13.72,12.39,12.32,-1,12.32,0.6082,0.355,0.23200000000000004,0,0,0.0,0.5,0.5,0,A,STAPS (Activités Physiques et Sportives),BAC_1,Maritime,public,F,2023,REORIENTE
1,1,0,1,0,0,7.89,8.32,9.13,1,9.13,0.5092,0.415,-0.08699999999999992,0,0,0.0,0.5,0.5,0,A,Enseignement Primaire,BAC_1,Plateaux Est,public,F,2023,REORIENTE
1,1,0,1,0,0,12.55,14.68,14.32,-1,14.32,0.6297999999999999,0.484,0.43200000000000005,0,0,0.0,0.5,0.5,0,D,Gestion des Entreprises,BAC_1,Kara,privé,M,2023,ADMIS
1,1,0,1,0,0,9.31,9.42,9.46,1,9.46,0.5176000000000001,0.529,-0.053999999999999916,0,0,0.0,0.5,0.5,0,A,Sociologie,BAC_1,Grand Lomé,public,M,2024,REORIENTE
1,1,0,1,0,0,10.14,10.29,10.92,1,10.92,0.4686,0.504,0.092,0,0,0.0,0.5,0.5,0,D,Finance et Comptabilité,BAC_1,Savanes,privé,F,2024,REORIENTE
1,1,0,1,0,0,10.55,10.84,11.54,1,11.54,0.7372,0.37,0.15399999999999991,0,0,0.0,0.5,0.5,0,A,Enseignement Primaire,BAC_1,Maritime,public,M,2023,ADMIS
1,1,0,1,0,0,7.66,8.69,8.78,1,8.78,0.5511999999999999,0.58,-0.12200000000000007,0,0,0.0,0.5,0.5,0,D,Sciences Environnementales,BAC_1,Maritime,public,F,2024,REORIENTE
1,1,0,1,0,0,11.29,10.26,11.64,1,11.64,0.673,0.712,0.16400000000000006,0,0,0.0,0.5,0.5,0,A,Droit,BAC_1,Centrale,public,M,2023,ADMIS
1,1,0,1,0,0,7.3,9.03,9.37,1,9.37,0.5342,0.536,-0.06300000000000008,0,0,0.0,0.5,0.5,0,A,Sciences de l'Éducation,BAC_1,Centrale,privé,M,2024,ADMIS
1,1,0,1,0,0,4.23,7.08,6.86,-1,6.86,0.43279999999999996,0.65,-0.31399999999999995,0,0,0.0,0.5,0.5,0,A,Psychologie,BAC_1,Plateaux Est,public,F,2024,REORIENTE
1,1,0,1,0,0,12.14,12.92,12.83,-1,12.83,0.6945999999999999,0.313,0.28300000000000003,0,0,0.0,0.5,0.5,0,E,Génie Civil,BAC_1,Plateaux Est,public,F,2024,REORIENTE
1,1,0,1,0,0,8.92,8.18,9.29,1,9.29,0.5684,0.653,-0.07100000000000009,0,0,0.0,0.5,0.5,0,D,Génie Mécanique,BAC_1,Grand Lomé,privé,M,2024,REORIENTE
1,1,0,1,0,0,10.62,11.55,11.63,1,11.63,0.46620000000000006,0.498,0.1630000000000001,0,0,0.0,0.5,0.5,0,D,Sciences Infirmières,BAC_1,Kara,public,F,2024,REORIENTE
1,1,0,1,0,0,11.23,9.71,11.24,1,11.24,0.7148,0.548,0.12400000000000003,0,0,0.0,0.5,0.5,0,D,Génie Électrique,BAC_1,Kara,public,M,2023,ADMIS
1,1,0,1,0,0,7.64,7.94,8.64,1,8.64,0.6661999999999999,0.59,-0.13599999999999995,0,0,0.0,0.5,0.5,0,A,Droit,BAC_1,Centrale,public,M,2023,REORIENTE
1,1,0,1,0,0,10.75,12.57,12.55,-1,12.55,0.6978,0.546,0.25500000000000006,0,0,0.0,0.5,0.5,0,A,Lettres Modernes,BAC_1,Kara,privé,M,2023,ADMIS
1,1,0,1,0,0,9.84,10.89,10.89,-1,10.89,0.40399999999999997,0.359,0.08900000000000005,0,0,0.0,0.5,0.5,0,A,Anglais,BAC_1,Grand Lomé,public,M,2024,ADMIS
1,1,0,1,0,0,11.33,9.94,10.92,1,10.92,0.576,0.288,0.092,0,0,0.0,0.5,0.5,0,G2,Finance et Comptabilité,BAC_1,Grand Lomé,public,F,2023,REORIENTE
1,1,0,1,0,0,8.3,8.6,9.43,1,9.43,0.5720000000000001,0.452,-0.05700000000000003,0,0,0.0,0.5,0.5,0,A,Enseignement Primaire,BAC_1,Grand Lomé,privé,M,2024,REORIENTE
1,1,0,1,0,0,7.91,9.24,9.78,1,9.78,0.704,0.275,-0.022000000000000065,0,0,0.0,0.5,0.5,0,A,Histoire,BAC_1,Grand Lomé,public,M,2023,REORIENTE
1,1,0,1,0,0,7.95,7.39,8.18,1,8.18,0.4694,0.59,-0.18200000000000002,0,0,0.0,0.5,0.5,0,A,Sociologie,BAC_1,Plateaux Est,public,F,2024,REORIENTE
1,1,0,1,0,0,9.76,8.74,8.77,1,8.77,0.3832,0.415,-0.12300000000000004,0,0,0.0,0.5,0.5,0,A,Anglais,BAC_1,Maritime,public,F,2024,ADMIS
1,1,0,1,0,0,11.76,12.78,12.61,-1,12.61,0.4886,0.5,0.26099999999999995,0,0,0.0,0.5,0.5,0,D,Physique-Chimie,BAC_1,Kara,public,M,2023,REORIENTE
1,1,0,1,0,0,7.86,5.87,8.08,1,8.08,0.7756,0.454,-0.192,0,0,0.0,0.5,0.5,0,A,Sociologie,BAC_1,Maritime,public,M,2023,REORIENTE
1,1,0,1,0,0,8.72,9.64,9.23,-1,9.23,0.6222,0.417,-0.07699999999999996,0,0,0.0,0.5,0.5,0,A,Sociologie,BAC_1,Centrale,public,F,2023,REORIENTE
1,1,0,1,0,0,8.86,9.49,9.86,1,9.86,0.5409999999999999,0.505,-0.014000000000000058,0,0,0.0,0.5,0.5,0,F3,Génie Mécanique,BAC_1,Maritime,public,F,2023,REORIENTE
1,1,0,1,0,0,7.93,8.55,8.6,1,8.6,0.8712,0.693,-0.14000000000000004,0,0,0.0,0.5,0.5,0,A,Droit,BAC_1,Maritime,privé,M,2023,REORIENTE
1,1,0,1,0,0,9.2,10.01,11.08,1,11.08,0.3774,0.516,0.10800000000000001,0,0,0.0,0.5,0.5,0,A,Sciences Politiques,BAC_1,Plateaux Ouest,public,F,2024,REORIENTE
1,1,0,1,0,0,9.04,9.17,10.24,1,10.24,0.5908,0.517,0.02400000000000002,0,0,0.0,0.5,0.5,0,D,Génie Informatique,BAC_1,Grand Lomé,public,M,2023,REORIENTE
1,1,0,1,0,0,8.06,9.25,9.99,1,9.99,0.601,0.376,-0.0009999999999999788,0,0,0.0,0.5,0.5,0,A,Psychologie,BAC_1,Grand Lomé,public,F,2023,ADMIS
1,1,0,1,0,0,12.07,12.6,11.64,-1,11.64,0.6672,0.627,0.16400000000000006,0,0,0.0,0.5,0.5,0,A,Droit,BAC_1,Grand Lomé,public,M,2024,ADMIS
1,1,0,1,0,0,6.17,6.97,8.22,1,8.22,0.747,0.441,-0.17799999999999994,0,0,0.0,0.5,0.5,0,A,Psychologie,BAC_1,Maritime,public,F,2023,REORIENTE
1,1,0,1,0,0,9.0,7.16,7.85,1,7.85,0.8204,0.566,-0.21500000000000002,0,0,0.0,0.5,0.5,0,D,Informatique,BAC_1,Savanes,privé,F,2023,REORIENTE
1,1,0,1,0,0,13.5,12.59,12.89,1,12.89,0.49400000000000005,0.458,0.28900000000000003,0,0,0.0,0.5,0.5,0,A,Droit,BAC_1,Plateaux Est,privé,M,2024,REORIENTE
1,1,0,1,0,0,11.7,10.69,11.32,1,11.32,0.6970000000000001,0.628,0.13200000000000003,0,0,0.0,0.5,0.5,0,G2,Gestion des Entreprises,BAC_1,Grand Lomé,public,F,2024,ADMIS
1,1,0,1,0,0,9.29,8.64,9.38,1,9.38,0.39680000000000004,0.743,-0.06199999999999992,0,0,0.0,0.5,0.5,0,D,Sciences Infirmières,BAC_1,Plateaux Ouest,public,F,2024,ADMIS
1,1,0,1,0,0,9.31,9.15,9.63,1,9.63,0.3228,0.333,-0.03699999999999992,0,0,0.0,0.5,0.5,0,D,Sociologie,BAC_1,Maritime,public,M,2024,REORIENTE
1,1,0,1,0,0,6.66,6.26,5.96,-1,5.96,0.44720000000000004,0.539,-0.404,0,0,0.0,0.5,0.5,0,D,Gestion des Entreprises,BAC_1,Grand Lomé,public,F,2024,REORIENTE
1,1,0,1,0,0,9.66,10.62,10.69,1,10.69,0.6799999999999999,0.215,0.06899999999999995,0,0,0.0,0.5,0.5,0,A,Enseignement Primaire,BAC_1,Centrale,privé,F,2023,ADMIS
1,1,0,1,0,0,10.74,11.98,12.0,1,12.0,0.5152,0.433,0.2,0,0,0.0,0.5,0.5,0,A,Lettres Modernes,BAC_1,Savanes,public,F,2023,ADMIS
1,1,0,1,0,0,8.68,7.3,7.9,1,7.9,0.3046,0.214,-0.20999999999999996,0,0,0.0,0.5,0.5,0,D,Gestion des Entreprises,BAC_1,Savanes,privé,F,2024,ADMIS
1,1,0,1,0,0,11.4,12.44,11.91,-1,11.91,0.7986,0.546,0.191,0,0,0.0,0.5,0.5,0,A,Sciences de l'Éducation,BAC_1,Grand Lomé,privé,M,2023,ADMIS
1,1,0,1,0,0,8.43,9.87,9.14,-1,9.14,0.8092,0.538,-0.08599999999999994,0,0,0.0,0.5,0.5,0,D,Génie Électrique,BAC_1,Grand Lomé,public,M,2023,ADMIS
1,1,0,1,0,0,8.64,8.54,9.5,1,9.5,0.6186,0.603,-0.05,0,0,0.0,0.5,0.5,0,D,Sciences Forestières,BAC_1,Centrale,public,F,2023,REORIENTE
1,1,0,1,0,0,9.97,10.22,10.68,1,10.68,0.6334,0.589,0.06799999999999998,0,0,0.0,0.5,0.5,0,A,Anglais,BAC_1,Centrale,public,F,2023,REORIENTE
1,1,0,1,0,0,10.91,10.79,10.79,1,10.79,0.5226,0.462,0.07899999999999992,0,0,0.0,0.5,0.5,0,A,Lettres Modernes,BAC_1,Centrale,public,F,2024,ADMIS
1,1,0,1,0,0,9.53,10.47,11.45,1,11.45,0.5107999999999999,0.563,0.14499999999999993,0,0,0.0,0.5,0.5,0,D,Sciences de l'Éducation,BAC_1,Plateaux Ouest,public,M,2023,ADMIS
1,1,0,1,0,0,5.04,7.08,7.21,1,7.21,0.5776,0.679,-0.279,0,0,0.0,0.5,0.5,0,A,Arts Plastiques,BAC_1,Kara,privé,F,2024,ADMIS
1,1,0,1,0,0,6.93,7.25,7.65,1,7.65,0.519,0.675,-0.23499999999999996,0,0,0.0,0.5,0.5,0,D,Sciences de l'Éducation,BAC_1,Maritime,public,M,2024,REORIENTE
1,1,0,1,0,0,11.29,10.97,12.08,1,12.08,0.5082,0.582,0.20800000000000002,0,0,0.0,0.5,0.5,0,D,Psychologie,BAC_1,Plateaux Ouest,public,F,2024,REORIENTE
1,1,0,1,0,0,9.99,9.44,10.28,1,10.28,0.5458,0.613,0.027999999999999935,0,0,0.0,0.5,0.5,0,D,Agronomie,BAC_1,Grand Lomé,public,F,2024,REORIENTE
1,1,0,1,0,0,6.71,7.66,8.47,1,8.47,0.2962,0.379,-0.15299999999999994,0,0,0.0,0.5,0.5,0,D,Informatique,BAC_1,Maritime,public,M,2024,REORIENTE
1,1,0,1,0,0,10.59,9.81,10.01,1,10.01,0.5748,0.51,0.0009999999999999788,0,0,0.0,0.5,0.5,0,D,Physique-Chimie,BAC_1,Plateaux Est,public,M,2023,REORIENTE
1,1,0,1,0,0,11.66,13.52,13.71,1,13.71,0.6661999999999999,0.632,0.3710000000000001,0,0,0.0,0.5,0.5,0,D,Biologie,BAC_1,Maritime,public,M,2023,ADMIS
1,1,0,1,0,0,9.79,11.12,10.67,-1,10.67,0.41879999999999995,0.504,0.06699999999999999,0,0,0.0,0.5,0.5,0,D,Histoire,BAC_1,Kara,public,M,2023,REORIENTE
1,1,0,1,0,0,10.69,10.99,10.94,-1,10.94,0.8684000000000001,0.704,0.09399999999999994,0,0,0.0,0.5,0.5,0,A,Sociologie,BAC_1,Grand Lomé,public,M,2023,REORIENTE
1,1,0,1,0,0,9.96,9.26,10.59,1,10.59,0.8088,0.537,0.05899999999999998,0,0,0.0,0.5,0.5,0,F1,Génie Mécanique,BAC_1,Centrale,public,F,2024,ADMIS
1,1,0,1,0,0,9.86,8.89,9.11,1,9.11,0.5920000000000001,0.763,-0.08900000000000005,0,0,0.0,0.5,0.5,0,D,Gestion des Entreprises,BAC_1,Kara,public,M,2024,REORIENTE
1,1,0,1,0,0,5.95,8.04,7.76,-1,7.76,0.7504,0.391,-0.22400000000000003,0,0,0.0,0.5,0.5,0,A,Sociologie,BAC_1,Grand Lomé,privé,M,2024,ADMIS
1,1,0,1,0,0,9.8,10.45,9.63,-1,9.63,0.7276,0.637,-0.03699999999999992,0,0,0.0,0.5,0.5,0,D,Gestion des Entreprises,BAC_1,Maritime,privé,M,2023,REORIENTE
1,1,0,1,0,0,7.53,7.26,7.31,1,7.31,0.5716,0.313,-0.269,0,0,0.0,0.5,0.5,0,A,Communication et Journalisme,BAC_1,Grand Lomé,public,F,2023,ADMIS
1,1,0,1,0,0,6.3,6.17,7.43,1,7.43,0.5855999999999999,0.426,-0.257,0,0,0.0,0.5,0.5,0,A,Anglais,BAC_1,Centrale,public,F,2023,REORIENTE
1,1,0,1,0,0,8.97,10.35,9.95,-1,9.95,0.712,0.652,-0.005000000000000071,0,0,0.0,0.5,0.5,0,A,Lettres Modernes,BAC_1,Plateaux Est,public,M,2023,ADMIS
1,1,0,1,0,0,8.44,9.33,10.26,1,10.26,0.5698,0.505,0.025999999999999978,0,0,0.0,0.5,0.5,0,A,Droit,BAC_1,Savanes,public,M,2024,REORIENTE
1,1,0,1,0,0,8.41,9.33,8.61,-1,8.61,0.6326,0.398,-0.13900000000000007,0,0,0.0,0.5,0.5,0,F3,Génie Électrique,BAC_1,Grand Lomé,public,F,2024,ADMIS
1,1,0,1,0,0,6.43,6.29,7.03,1,7.03,0.6172,0.403,-0.297,0,0,0.0,0.5,0.5,0,D,Histoire,BAC_1,Centrale,privé,M,2023,ADMIS
1,1,0,1,0,0,9.33,9.12,10.28,1,10.28,0.3064,0.457,0.027999999999999935,0,0,0.0,0.5,0.5,0,A,Sciences Politiques,BAC_1,Centrale,public,F,2024,REORIENTE
1,1,0,1,0,0,7.08,7.31,8.15,1,8.15,0.5988,0.453,-0.18499999999999997,0,0,0.0,0.5,0.5,0,A,Histoire,BAC_1,Kara,public,F,2023,ADMIS
1,1,0,1,0,0,8.19,7.28,8.93,1,8.93,0.6082,0.406,-0.10700000000000003,0,0,0.0,0.5,0.5,0,A,Psychologie,BAC_1,Kara,public,M,2023,REORIENTE
1,1,0,1,0,0,10.73,9.93,9.63,-1,9.63,0.4674,0.474,-0.03699999999999992,0,0,0.0,0.5,0.5,0,A,Anglais,BAC_1,Kara,public,M,2024,REORIENTE
1,1,0,1,0,0,13.85,14.54,13.67,-1,13.67,0.24120000000000003,0.453,0.367,0,0,0.0,0.5,0.5,0,D,Enseignement Primaire,BAC_1,Centrale,public,M,2024,REORIENTE
1,1,0,1,0,0,10.33,10.14,11.69,1,11.69,0.7388,0.362,0.16899999999999996,0,0,0.0,0.5,0.5,0,A,Sciences Politiques,BAC_1,Centrale,public,F,2023,REORIENTE
1,1,0,1,0,0,8.6,9.21,9.48,1,9.48,0.573,0.531,-0.051999999999999956,0,0,0.0,0.5,0.5,0,D,Finance et Comptabilité,BAC_1,Kara,public,M,2023,REORIENTE
1,1,0,1,0,0,9.95,10.15,11.16,1,11.16,0.8520000000000001,0.78,0.11600000000000002,0,0,0.0,0.5,0.5,0,D,Sociologie,BAC_1,Centrale,public,F,2023,REORIENTE
1,1,0,1,0,0,8.42,10.87,10.53,-1,10.53,0.762,0.633,0.052999999999999936,0,0,0.0,0.5,0.5,0,E,Physique-Chimie,BAC_1,Centrale,public,F,2023,ADMIS
1,1,0,1,0,0,10.76,9.21,11.58,1,11.58,0.6616,0.43,0.158,0,0,0.0,0.5,0.5,0,D,Biologie,BAC_1,Maritime,public,M,2023,ADMIS
1,1,0,1,0,0,11.34,12.68,12.95,1,12.95,0.6398,0.569,0.29499999999999993,0,0,0.0,0.5,0.5,0,A,Sciences Politiques,BAC_1,Grand Lomé,public,M,2024,ADMIS
1,1,0,1,0,0,9.99,12.33,11.43,-1,11.43,0.644,0.476,0.14299999999999996,0,0,0.0,0.5,0.5,0,A,Sciences de l'Éducation,BAC_1,Centrale,privé,M,2023,ADMIS
1,1,0,1,0,0,7.09,7.71,7.63,-1,7.63,0.3926,0.509,-0.23700000000000002,0,0,0.0,0.5,0.5,0,D,Physique-Chimie,BAC_1,Plateaux Est,public,M,2024,REORIENTE
1,1,0,1,0,0,9.1,10.27,9.14,-1,9.14,0.4224,0.645,-0.08599999999999994,0,0,0.0,0.5,0.5,0,A,Histoire,BAC_1,Kara,public,M,2024,REORIENTE
1,1,0,1,0,0,7.22,8.22,8.87,1,8.87,0.4682,0.479,-0.11300000000000007,0,0,0.0,0.5,0.5,0,A,Communication et Journalisme,BAC_1,Plateaux Ouest,public,M,2024,REORIENTE
1,1,0,1,0,0,9.41,11.28,11.34,1,11.34,0.48519999999999996,0.355,0.13399999999999998,0,0,0.0,0.5,0.5,0,D,Histoire,BAC_1,Centrale,privé,M,2024,REORIENTE
1,1,0,1,0,0,11.16,13.12,12.74,-1,12.74,0.6345999999999999,0.454,0.274,0,0,0.0,0.5,0.5,0,D,Odontologie,BAC_1,Centrale,public,F,2023,REORIENTE
1,1,0,1,0,0,8.04,9.5,8.85,-1,8.85,0.479,0.473,-0.11500000000000003,0,0,0.0,0.5,0.5,0,D,Gestion des Entreprises,BAC_1,Savanes,public,M,2023,ADMIS
1,1,0,1,0,0,10.28,8.29,10.2,1,10.2,0.6706000000000001,0.481,0.019999999999999928,0,0,0.0,0.5,0.5,0,A,Sciences de l'Éducation,BAC_1,Plateaux Est,public,M,2023,REORIENTE
1,1,0,1,0,0,8.67,8.9,9.35,1,9.35,0.5734,0.406,-0.06500000000000003,0,0,0.0,0.5,0.5,0,A,STAPS (Activités Physiques et Sportives),BAC_1,Centrale,public,M,2023,REORIENTE
1,1,0,1,0,0,7.3,7.76,7.59,-1,7.59,0.722,0.431,-0.24100000000000002,0,0,0.0,0.5,0.5,0,D,Psychologie,BAC_1,Maritime,privé,F,2023,ADMIS
1,1,0,1,0,0,10.07,10.22,10.31,1,10.31,0.7762,0.613,0.03100000000000005,0,0,0.0,0.5,0.5,0,A,Droit,BAC_1,Kara,privé,M,2024,ADMIS
1,1,0,1,0,0,8.31,8.48,8.95,1,8.95,0.6646000000000001,0.559,-0.10500000000000007,0,0,0.0,0.5,0.5,0,A,Sciences de l'Éducation,BAC_1,Maritime,privé,F,2024,REORIENTE
1,1,0,1,0,0,11.35,10.33,11.91,1,11.91,0.7764,0.681,0.191,0,0,0.0,0.5,0.5,0,A,Sciences de l'Éducation,BAC_1,Plateaux Ouest,public,F,2023,ADMIS
1,1,0,1,0,0,10.5,11.17,11.31,1,11.31,0.4484,0.449,0.13100000000000006,0,0,0.0,0.5,0.5,0,D,Enseignement Primaire,BAC_1,Grand Lomé,public,M,2024,REORIENTE
1,1,0,1,0,0,9.37,8.5,8.83,1,8.83,0.603,0.447,-0.11699999999999999,0,0,0.0,0.5,0.5,0,D,Agronomie,BAC_1,Plateaux Ouest,public,M,2023,REORIENTE
1,1,0,1,0,0,11.5,11.13,11.15,1,11.15,0.6268,0.694,0.11500000000000003,0,0,0.0,0.5,0.5,0,G2,Droit,BAC_1,Plateaux Est,public,M,2024,ADMIS
1,1,0,1,0,0,8.67,9.28,9.32,1,9.32,0.5856,0.573,-0.06799999999999998,0,0,0.0,0.5,0.5,0,D,Génie Mécanique,BAC_1,Maritime,privé,M,2024,REORIENTE
1,1,0,1,0,0,10.26,9.6,10.59,1,10.59,0.4014,0.603,0.05899999999999998,0,0,0.0,0.5,0.5,0,D,Biologie,BAC_1,Maritime,public,F,2024,ADMIS
1,1,0,1,0,0,14.59,13.09,14.36,1,14.36,0.8865999999999999,0.847,0.43599999999999994,0,0,0.0,0.5,0.5,0,E,Informatique,BAC_1,Grand Lomé,public,F,2024,REORIENTE
1,1,0,1,0,0,11.18,10.67,11.14,1,11.14,0.5516,0.467,0.11400000000000006,0,0,0.0,0.5,0.5,0,A,Droit,BAC_1,Savanes,public,F,2024,REORIENTE
1,1,0,1,0,0,9.89,9.75,9.28,-1,9.28,0.552,0.444,-0.07200000000000006,0,0,0.0,0.5,0.5,0,D,Sciences Environnementales,BAC_1,Kara,public,M,2023,ADMIS
1,1,0,1,0,0,8.63,8.12,8.68,1,8.68,0.6721999999999999,0.575,-0.13200000000000003,0,0,0.0,0.5,0.5,0,A,Arts Plastiques,BAC_1,Centrale,public,M,2023,ADMIS
1,1,0,1,0,0,10.65,11.06,11.24,1,11.24,0.4728,0.504,0.12400000000000003,0,0,0.0,0.5,0.5,0,A,Sciences Politiques,BAC_1,Grand Lomé,public,F,2024,REORIENTE
1,1,0,1,0,0,9.26,10.63,11.12,1,11.12,0.5474,0.623,0.11199999999999992,0,0,0.0,0.5,0.5,0,A,Communication et Journalisme,BAC_1,Centrale,privé,M,2024,ADMIS
1,1,0,1,0,0,9.59,9.78,9.76,-1,9.76,0.5742,0.378,-0.02400000000000002,0,0,0.0,0.5,0.5,0,D,Psychologie,BAC_1,Plateaux Est,privé,F,2023,REORIENTE
1,1,0,1,0,0,9.87,11.33,11.89,1,11.89,0.7752,0.675,0.18900000000000006,0,0,0.0,0.5,0.5,0,D,Histoire,BAC_1,Kara,public,M,2023,REORIENTE
1,1,0,1,0,0,12.31,12.97,13.28,1,13.28,0.5588,0.488,0.32799999999999996,0,0,0.0,0.5,0.5,0,A,Psychologie,BAC_1,Maritime,public,M,2024,ADMIS
1,1,0,1,0,0,10.15,11.57,11.31,-1,11.31,0.437,0.341,0.13100000000000006,0,0,0.0,0.5,0.5,0,D,Gestion des Entreprises,BAC_1,Plateaux Est,public,M,2024,REORIENTE
1,1,0,1,0,0,10.41,9.47,10.81,1,10.81,0.6008,0.476,0.08100000000000004,0,0,0.0,0.5,0.5,0,D,Sciences de l'Éducation,BAC_1,Grand Lomé,public,M,2024,REORIENTE
1,1,0,1,0,0,10.07,10.91,11.39,1,11.39,0.301,0.376,0.13900000000000007,0,0,0.0,0.5,0.5,0,A,Communication et Journalisme,BAC_1,Centrale,public,F,2024,REORIENTE
1,1,0,1,0,0,8.7,7.09,7.92,1,7.92,0.6022,0.649,-0.20800000000000002,0,0,0.0,0.5,0.5,0,G3,Gestion des Entreprises,BAC_1,Kara,public,F,2024,ADMIS
1,1,0,1,0,0,9.31,9.78,11.15,1,11.15,0.27580000000000005,0.46,0.11500000000000003,0,0,0.0,0.5,0.5,0,D,Agronomie,BAC_1,Plateaux Est,public,F,2024,REORIENTE
1,1,0,1,0,0,10.66,8.42,10.03,1,10.03,0.7031999999999999,0.618,0.002999999999999936,0,0,0.0,0.5,0.5,0,A,Sciences Politiques,BAC_1,Centrale,public,M,2023,ADMIS
1,1,0,1,0,0,8.5,8.71,8.16,-1,8.16,0.6762,0.54,-0.184,0,0,0.0,0.5,0.5,0,A,Sciences de l'Éducation,BAC_1,Maritime,public,F,2023,ADMIS
1,1,0,1,0,0,8.95,7.93,9.47,1,9.47,0.7472,0.383,-0.052999999999999936,0,0,0.0,0.5,0.5,0,A,Sociologie,BAC_1,Kara,privé,F,2023,ADMIS
1,1,0,1,0,0,11.95,11.79,12.08,1,12.08,0.46399999999999997,0.437,0.20800000000000002,0,0,0.0,0.5,0.5,0,D,Gestion des Entreprises,BAC_1,Centrale,public,F,2023,ADMIS
1,1,0,1,0,0,7.9,7.93,8.71,1,8.71,0.7064,0.281,-0.12899999999999992,0,0,0.0,0.5,0.5,0,A,Lettres Modernes,BAC_1,Plateaux Ouest,privé,F,2023,REORIENTE
1,1,0,1,0,0,8.06,7.38,8.77,1,8.77,0.498,0.558,-0.12300000000000004,0,0,0.0,0.5,0.5,0,A,STAPS (Activités Physiques et Sportives),BAC_1,Centrale,public,F,2024,REORIENTE
1,1,0,1,0,0,14.73,14.55,15.11,1,15.11,0.513,0.693,0.5109999999999999,0,0,0.0,0.5,0.5,0,D,Sciences Infirmières,BAC_1,Centrale,privé,M,2024,REORIENTE
1,1,0,1,0,0,12.76,13.25,13.84,1,13.84,0.6044,0.542,0.384,0,0,0.0,0.5,0.5,0,D,Agronomie,BAC_1,Plateaux Est,privé,M,2024,ADMIS
1,1,0,1,0,0,11.91,12.62,13.78,1,13.78,0.6926,0.482,0.37799999999999995,0,0,0.0,0.5,0.5,0,A,Communication et Journalisme,BAC_1,Savanes,privé,M,2024,REORIENTE
1,1,0,1,0,0,11.54,11.95,12.64,1,12.64,0.6863999999999999,0.615,0.26400000000000007,0,0,0.0,0.5,0.5,0,D,Gestion des Entreprises,BAC_1,Plateaux Est,privé,M,2023,REORIENTE
1,1,0,1,0,0,8.95,9.3,10.37,1,10.37,0.43,0.529,0.03699999999999992,0,0,0.0,0.5,0.5,0,D,Finance et Comptabilité,BAC_1,Maritime,public,M,2024,REORIENTE
1,1,0,1,0,0,10.72,13.02,12.73,-1,12.73,0.5940000000000001,0.48,0.273,0,0,0.0,0.5,0.5,0,D,Sciences Infirmières,BAC_1,Grand Lomé,privé,F,2024,ADMIS
1,1,0,1,0,0,13.46,14.02,13.38,-1,13.38,0.6532,0.367,0.3380000000000001,0,0,0.0,0.5,0.5,0,A,Anglais,BAC_1,Grand Lomé,public,M,2024,ADMIS
1,1,0,1,0,0,10.01,11.04,10.5,-1,10.5,0.7172000000000001,0.551,0.05,0,0,0.0,0.5,0.5,0,D,Sciences Infirmières,BAC_1,Savanes,public,F,2023,ADMIS
1,1,0,1,0,0,12.0,14.2,13.84,-1,13.84,0.6146,0.641,0.384,0,0,0.0,0.5,0.5,0,D,Génie Informatique,BAC_1,Maritime,public,F,2023,REORIENTE
1,1,0,1,0,0,10.13,9.05,11.05,1,11.05,0.6789999999999999,0.469,0.10500000000000007,0,0,0.0,0.5,0.5,0,D,Informatique,BAC_1,Grand Lomé,public,F,2023,REORIENTE
1,1,0,1,0,0,8.27,7.96,9.03,1,9.03,0.8012,0.518,-0.09700000000000006,0,0,0.0,0.5,0.5,0,E,Génie Civil,BAC_1,Plateaux Ouest,privé,M,2023,REORIENTE
1,1,0,1,0,0,8.88,9.79,9.37,-1,9.37,0.597,0.399,-0.06300000000000008,0,0,0.0,0.5,0.5,0,A,Histoire,BAC_1,Grand Lomé,public,F,2024,REORIENTE
1,1,0,1,0,0,13.49,13.06,13.0,-1,13.0,0.43779999999999997,0.451,0.3,0,0,0.0,0.5,0.5,0,D,Sciences Environnementales,BAC_1,Kara,public,F,2023,ADMIS
1,1,0,1,0,0,7.05,8.64,8.56,-1,8.56,0.4046,0.557,-0.14399999999999996,0,0,0.0,0.5,0.5,0,A,Sciences de l'Éducation,BAC_1,Kara,public,M,2024,REORIENTE
1,1,0,1,0,0,9.99,11.17,11.44,1,11.44,0.4616,0.587,0.14399999999999996,0,0,0.0,0.5,0.5,0,D,Odontologie,BAC_1,Savanes,public,F,2024,REORIENTE
1,1,0,1,0,0,14.32,14.63,15.5,1,15.5,0.6806,0.611,0.55,0,0,0.0,0.5,0.5,0,B,Économie,BAC_1,Centrale,public,F,2024,ADMIS
1,1,0,1,0,0,11.43,11.83,11.37,-1,11.37,0.616,0.412,0.13699999999999993,0,0,0.0,0.5,0.5,0,A,Tourisme et Hôtellerie,BAC_1,Grand Lomé,public,F,2024,REORIENTE
1,1,0,1,0,0,9.68,6.32,7.83,1,7.83,0.7385999999999999,0.432,-0.217,0,0,0.0,0.5,0.5,0,D,Informatique,BAC_1,Grand Lomé,public,F,2023,REORIENTE
1,1,0,1,0,0,9.53,11.66,11.08,-1,11.08,0.8238000000000001,0.861,0.10800000000000001,0,0,0.0,0.5,0.5,0,D,Informatique,BAC_1,Savanes,public,M,2023,ADMIS
1,1,0,1,0,0,12.53,11.38,12.36,1,12.36,0.5718000000000001,0.678,0.23599999999999993,0,0,0.0,0.5,0.5,0,A,Droit,BAC_1,Grand Lomé,public,M,2024,ADMIS
1,1,0,1,0,0,9.06,8.42,9.62,1,9.62,0.405,0.333,-0.038000000000000075,0,0,0.0,0.5,0.5,0,D,Géographie,BAC_1,Grand Lomé,public,F,2024,REORIENTE
1,1,0,1,0,0,9.3,11.2,11.11,-1,11.11,0.6642,0.765,0.11099999999999995,0,0,0.0,0.5,0.5,0,D,Sciences Environnementales,BAC_1,Grand Lomé,privé,M,2024,REORIENTE
1,1,0,1,0,0,8.42,11.01,10.41,-1,10.41,0.7123999999999999,0.335,0.041000000000000016,0,0,0.0,0.5,0.5,0,A,Lettres Modernes,BAC_1,Maritime,public,F,2023,REORIENTE
1,1,0,1,0,0,5.06,4.51,4.62,1,4.62,0.46619999999999995,0.57,-0.538,0,0,0.0,0.5,0.5,0,A,Droit,BAC_1,Plateaux Ouest,public,M,2024,REORIENTE
1,1,0,1,0,0,10.82,11.07,11.0,-1,11.0,0.7356,0.354,0.1,0,0,0.0,0.5,0.5,0,D,Psychologie,BAC_1,Savanes,privé,F,2023,REORIENTE
1,1,0,1,0,0,9.77,7.63,8.72,1,8.72,0.6584,0.71,-0.12799999999999995,0,0,0.0,0.5,0.5,0,G2,Économie,BAC_1,Savanes,privé,M,2023,ADMIS
1,1,0,1,0,0,11.68,10.33,12.34,1,12.34,0.6344,0.608,0.23399999999999999,0,0,0.0,0.5,0.5,0,D,Sciences de l'Éducation,BAC_1,Maritime,public,F,2023,ADMIS
1,1,0,1,0,0,8.69,8.6,9.26,1,9.26,0.6776,0.338,-0.07400000000000002,0,0,0.0,0.5,0.5,0,A,Communication et Journalisme,BAC_1,Centrale,public,M,2023,REORIENTE
1,1,0,1,0,0,8.77,9.65,10.32,1,10.32,0.5562,0.447,0.03200000000000003,0,0,0.0,0.5,0.5,0,A,Lettres Modernes,BAC_1,Savanes,privé,M,2024,ADMIS
1,1,0,1,0,0,10.82,10.9,11.08,1,11.08,0.5072000000000001,0.431,0.10800000000000001,0,0,0.0,0.5,0.5,0,D,Biologie,BAC_1,Grand Lomé,public,M,2024,REORIENTE
1,1,0,1,0,0,7.5,8.01,7.9,-1,7.9,0.358,0.451,-0.20999999999999996,0,0,0.0,0.5,0.5,0,D,Psychologie,BAC_1,Kara,public,M,2024,ADMIS
1,1,0,1,0,0,9.05,9.96,10.68,1,10.68,0.6902,0.53,0.06799999999999998,0,0,0.0,0.5,0.5,0,B,Sociologie,BAC_1,Grand Lomé,public,F,2024,REORIENTE
1,1,0,1,0,0,10.1,10.96,11.33,1,11.33,0.7004,0.536,0.133,0,0,0.0,0.5,0.5,0,D,Sciences Environnementales,BAC_1,Maritime,public,M,2023,REORIENTE
1,1,0,1,0,0,8.29,9.54,8.71,-1,8.71,0.4452,0.501,-0.12899999999999992,0,0,0.0,0.5,0.5,0,D,Gestion des Entreprises,BAC_1,Plateaux Est,public,F,2024,REORIENTE
1,1,0,1,0,0,9.72,10.63,10.15,-1,10.15,0.6494,0.632,0.015000000000000036,0,0,0.0,0.5,0.5,0,D,Sciences de l'Éducation,BAC_1,Savanes,privé,M,2024,REORIENTE
1,1,0,1,0,0,10.72,11.56,10.06,-1,10.06,0.519,0.474,0.0060000000000000496,0,0,0.0,0.5,0.5,0,A,Tourisme et Hôtellerie,BAC_1,Plateaux Ouest,public,F,2024,ADMIS
1,1,0,1,0,0,10.86,10.0,10.97,1,10.97,0.5518000000000001,0.877,0.09700000000000006,0,0,0.0,0.5,0.5,0,D,Géographie,BAC_1,Centrale,privé,M,2024,REORIENTE
1,1,0,1,0,0,9.29,7.2,7.78,1,7.78,0.519,0.303,-0.22199999999999998,0,0,0.0,0.5,0.5,0,D,Sciences de l'Éducation,BAC_1,Plateaux Ouest,public,M,2023,REORIENTE
1,1,0,1,0,0,8.15,7.06,8.06,1,8.06,0.47319999999999995,0.439,-0.19399999999999995,0,0,0.0,0.5,0.5,0,D,Gestion des Entreprises,BAC_1,Plateaux Ouest,public,F,2023,REORIENTE
1,1,0,1,0,0,9.41,10.04,10.35,1,10.35,0.4554,0.45,0.03499999999999996,0,0,0.0,0.5,0.5,0,D,Finance et Comptabilité,BAC_1,Centrale,public,F,2023,REORIENTE
1,1,0,1,0,0,8.25,11.31,10.36,-1,10.36,0.6809999999999999,0.237,0.03599999999999994,0,0,0.0,0.5,0.5,0,A,Géographie,BAC_1,Savanes,privé,F,2023,REORIENTE
1,1,0,1,0,0,10.11,11.26,11.69,1,11.69,0.845,0.74,0.16899999999999996,0,0,0.0,0.5,0.5,0,E,Génie Informatique,BAC_1,Maritime,public,F,2023,REORIENTE
1,1,0,1,0,0,7.93,7.97,8.24,1,8.24,0.7672,0.463,-0.176,0,0,0.0,0.5,0.5,0,A,Lettres Modernes,BAC_1,Plateaux Ouest,privé,M,2023,ADMIS
1,1,0,1,0,0,10.45,10.22,11.04,1,11.04,0.3714,0.384,0.10399999999999991,0,0,0.0,0.5,0.5,0,A,Arts Plastiques,BAC_1,Plateaux Est,public,M,2024,ADMIS
1,1,0,1,0,0,12.19,11.46,12.68,1,12.68,0.627,0.489,0.26799999999999996,0,0,0.0,0.5,0.5,0,A,Communication et Journalisme,BAC_1,Plateaux Ouest,public,F,2023,ADMIS
1,1,0,1,0,0,11.5,10.52,10.76,1,10.76,0.479,0.518,0.07599999999999998,0,0,0.0,0.5,0.5,0,D,STAPS (Activités Physiques et Sportives),BAC_1,Savanes,public,M,2024,ADMIS
1,1,0,1,0,0,9.63,7.77,8.45,1,8.45,0.6578,0.527,-0.15500000000000008,0,0,0.0,0.5,0.5,0,A,Sciences Politiques,BAC_1,Maritime,public,M,2023,ADMIS
1,1,0,1,0,0,11.98,13.02,13.37,1,13.37,0.5938,0.592,0.3369999999999999,0,0,0.0,0.5,0.5,0,B,Droit,BAC_1,Plateaux Est,public,F,2023,ADMIS
1,1,0,1,0,0,8.95,9.79,9.87,1,9.87,0.7524000000000001,0.486,-0.013000000000000077,0,0,0.0,0.5,0.5,0,C,Sciences Environnementales,BAC_1,Kara,privé,F,2023,REORIENTE
1,1,0,1,0,0,10.28,9.67,9.4,-1,9.4,0.5908,0.592,-0.05999999999999996,0,0,0.0,0.5,0.5,0,A,Anglais,BAC_1,Grand Lomé,public,M,2024,REORIENTE
1,1,0,1,0,0,11.5,9.29,9.94,1,9.94,0.4074,0.519,-0.0060000000000000496,0,0,0.0,0.5,0.5,0,D,Agronomie,BAC_1,Maritime,public,F,2024,REORIENTE
1,1,0,1,0,0,9.81,9.91,10.96,1,10.96,0.7882,0.523,0.09600000000000009,0,0,0.0,0.5,0.5,0,A,Communication et Journalisme,BAC_1,Grand Lomé,public,M,2023,REORIENTE
1,1,0,1,0,0,10.83,12.13,11.88,-1,11.88,0.5738,0.488,0.18800000000000008,0,0,0.0,0.5,0.5,0,D,Finance et Comptabilité,BAC_1,Grand Lomé,public,F,2024,REORIENTE
1,1,0,1,0,0,10.0,10.0,10.22,1,10.22,0.6158,0.437,0.022000000000000065,0,0,0.0,0.5,0.5,0,A,Sciences de l'Éducation,BAC_1,Maritime,public,M,2023,REORIENTE
1,1,0,1,0,0,8.28,9.94,10.4,1,10.4,0.7827999999999999,0.586,0.040000000000000036,0,0,0.0,0.5,0.5,0,A,Communication et Journalisme,BAC_1,Grand Lomé,public,F,2023,REORIENTE
1,1,0,1,0,0,10.0,11.06,10.92,-1,10.92,0.5604,0.486,0.092,0,0,0.0,0.5,0.5,0,D,Tourisme et Hôtellerie,BAC_1,Kara,public,F,2023,REORIENTE
1,1,0,1,0,0,10.82,11.52,11.61,1,11.61,0.4064,0.557,0.16099999999999995,0,0,0.0,0.5,0.5,0,D,Psychologie,BAC_1,Plateaux Est,public,M,2024,ADMIS
1,1,0,1,0,0,10.64,10.58,11.71,1,11.71,0.524,0.656,0.1710000000000001,0,0,0.0,0.5,0.5,0,A,Anglais,BAC_1,Grand Lomé,public,M,2024,REORIENTE
1,1,0,1,0,0,6.81,7.77,7.69,-1,7.69,0.5776,0.409,-0.23099999999999996,0,0,0.0,0.5,0.5,0,B,Sociologie,BAC_1,Kara,public,M,2023,REORIENTE
1,1,0,1,0,0,14.16,13.48,13.26,-1,13.26,0.7152,0.564,0.32599999999999996,0,0,0.0,0.5,0.5,0,A,Enseignement Primaire,BAC_1,Maritime,public,M,2023,ADMIS
1,1,0,1,0,0,9.29,8.31,9.59,1,9.59,0.648,0.672,-0.041000000000000016,0,0,0.0,0.5,0.5,0,D,Génie Mécanique,BAC_1,Centrale,public,M,2023,ADMIS
1,1,0,1,0,0,11.27,11.96,12.38,1,12.38,0.6914,0.512,0.23800000000000007,0,0,0.0,0.5,0.5,0,A,Droit,BAC_1,Savanes,public,M,2023,REORIENTE
1,1,0,1,0,0,10.36,10.71,10.33,-1,10.33,0.5272,0.478,0.03300000000000001,0,0,0.0,0.5,0.5,0,G3,Banque et Assurance,BAC_1,Grand Lomé,public,M,2024,REORIENTE
1,1,0,1,0,0,11.02,9.8,10.12,1,10.12,0.5372,0.599,0.011999999999999922,0,0,0.0,0.5,0.5,0,A,Lettres Modernes,BAC_1,Centrale,privé,M,2024,REORIENTE
1,1,0,1,0,0,11.09,9.23,10.62,1,10.62,0.5426,0.626,0.06199999999999992,0,0,0.0,0.5,0.5,0,A,Communication et Journalisme,BAC_1,Grand Lomé,public,M,2024,REORIENTE
1,1,0,1,0,0,5.89,6.51,7.59,1,7.59,0.7654,0.565,-0.24100000000000002,0,0,0.0,0.5,0.5,0,D,Génie Électrique,BAC_1,Grand Lomé,public,F,2023,REORIENTE
1,1,0,1,0,0,10.11,10.11,9.8,-1,9.8,0.6597999999999999,0.61,-0.019999999999999928,0,0,0.0,0.5,0.5,0,D,Gestion des Entreprises,BAC_1,Centrale,public,F,2023,REORIENTE
1,1,0,1,0,0,7.77,7.94,8.48,1,8.48,0.7265999999999999,0.576,-0.15199999999999997,0,0,0.0,0.5,0.5,0,A,Sciences Politiques,BAC_1,Maritime,public,F,2023,REORIENTE
1,1,0,1,0,0,9.85,11.24,10.67,-1,10.67,0.5084,0.401,0.06699999999999999,0,0,0.0,0.5,0.5,0,A,Sciences Politiques,BAC_1,Savanes,public,F,2024,ADMIS
1,1,0,1,0,0,12.8,13.17,13.54,1,13.54,0.756,0.567,0.3539999999999999,0,0,0.0,0.5,0.5,0,E,Informatique,BAC_1,Grand Lomé,public,M,2024,ADMIS
1,1,0,1,0,0,14.3,14.36,14.76,1,14.76,0.518,0.404,0.476,0,0,0.0,0.5,0.5,0,A,Tourisme et Hôtellerie,BAC_1,Centrale,public,M,2023,ADMIS
1,1,0,1,0,0,13.65,14.7,14.11,-1,14.11,0.5696,0.689,0.4109999999999999,0,0,0.0,0.5,0.5,0,A,Communication et Journalisme,BAC_1,Kara,public,M,2024,ADMIS
1,1,0,1,0,0,11.87,13.69,13.05,-1,13.05,0.556,0.424,0.30500000000000005,0,0,0.0,0.5,0.5,0,A,Psychologie,BAC_1,Plateaux Est,privé,F,2024,REORIENTE
1,1,0,1,0,0,12.75,12.51,13.41,1,13.41,0.7844,0.476,0.341,0,0,0.0,0.5,0.5,0,A,Sciences Politiques,BAC_1,Grand Lomé,public,F,2023,ADMIS
1,1,0,1,0,0,11.11,11.58,11.02,-1,11.02,0.526,0.403,0.10199999999999995,0,0,0.0,0.5,0.5,0,D,Génie Civil,BAC_1,Grand Lomé,public,M,2024,REORIENTE
1,1,0,1,0,0,8.61,10.12,9.43,-1,9.43,0.3516,0.489,-0.05700000000000003,0,0,0.0,0.5,0.5,0,F2,Biologie,BAC_1,Plateaux Est,public,F,2024,REORIENTE
1,1,0,1,0,0,12.6,12.34,12.87,1,12.87,0.40299999999999997,0.487,0.2869999999999999,0,0,0.0,0.5,0.5,0,A,Psychologie,BAC_1,Plateaux Ouest,public,F,2024,ADMIS
1,1,0,1,0,0,14.98,14.27,15.49,1,15.49,0.36040000000000005,0.463,0.549,0,0,0.0,0.5,0.5,0,D,Sciences Infirmières,BAC_1,Plateaux Est,public,M,2024,REORIENTE
1,1,0,1,0,0,12.58,13.25,12.92,-1,12.92,0.6626000000000001,0.389,0.292,0,0,0.0,0.5,0.5,0,D,Odontologie,BAC_1,Maritime,privé,M,2023,REORIENTE
1,1,0,1,0,0,8.53,7.89,7.77,-1,7.77,0.7202,0.404,-0.22300000000000003,0,0,0.0,0.5,0.5,0,D,Génie Informatique,BAC_1,Grand Lomé,public,M,2023,ADMIS
1,1,0,1,0,0,9.25,8.85,9.63,1,9.63,0.8932,0.748,-0.03699999999999992,0,0,0.0,0.5,0.5,0,A,Lettres Modernes,BAC_1,Grand Lomé,public,M,2023,ADMIS
1,1,0,1,0,0,7.75,8.4,9.0,1,9.0,0.4486,0.37,-0.1,0,0,0.0,0.5,0.5,0,G3,Finance et Comptabilité,BAC_1,Grand Lomé,privé,F,2024,REORIENTE
1,1,0,1,0,0,8.27,7.29,7.84,1,7.84,0.6401999999999999,0.378,-0.21600000000000003,0,0,0.0,0.5,0.5,0,D,Génie Informatique,BAC_1,Centrale,public,F,2023,REORIENTE
1,1,0,1,0,0,10.44,10.38,10.67,1,10.67,0.5378,0.485,0.06699999999999999,0,0,0.0,0.5,0.5,0,D,Finance et Comptabilité,BAC_1,Grand Lomé,privé,M,2024,REORIENTE
1,1,0,1,0,0,14.09,14.86,13.73,-1,13.73,0.5524,0.679,0.37300000000000005,0,0,0.0,0.5,0.5,0,B,Sciences de l'Éducation,BAC_1,Kara,public,F,2024,ADMIS
1,1,0,1,0,0,5.65,6.0,6.15,1,6.15,0.79,0.49,-0.38499999999999995,0,0,0.0,0.5,0.5,0,A,Tourisme et Hôtellerie,BAC_1,Grand Lomé,public,F,2023,REORIENTE
1,1,0,1,0,0,9.49,9.92,9.79,-1,9.79,0.7143999999999999,0.472,-0.021000000000000085,0,0,0.0,0.5,0.5,0,G1,Économie,BAC_1,Grand Lomé,public,F,2024,REORIENTE
1,1,0,1,0,0,10.43,9.96,11.02,1,11.02,0.5406,0.48,0.10199999999999995,0,0,0.0,0.5,0.5,0,A,Droit,BAC_1,Savanes,public,M,2024,REORIENTE
1,1,0,1,0,0,7.66,8.77,7.84,-1,7.84,0.7656,0.429,-0.21600000000000003,0,0,0.0,0.5,0.5,0,A,Sciences de l'Éducation,BAC_1,Grand Lomé,public,M,2023,REORIENTE
1,1,0,1,0,0,8.17,8.18,8.96,1,8.96,0.4494,0.456,-0.10399999999999991,0,0,0.0,0.5,0.5,0,A,Géographie,BAC_1,Grand Lomé,public,F,2024,ADMIS
1,1,0,1,0,0,10.24,11.02,11.51,1,11.51,0.7068,0.636,0.15099999999999997,0,0,0.0,0.5,0.5,0,C,Sciences Infirmières,BAC_1,Grand Lomé,public,M,2024,REORIENTE
1,1,0,1,0,0,11.89,11.57,11.88,1,11.88,0.5038,0.445,0.18800000000000008,0,0,0.0,0.5,0.5,0,D,Histoire,BAC_1,Grand Lomé,public,F,2024,REORIENTE
1,1,0,1,0,0,10.9,9.5,10.29,1,10.29,0.7849999999999999,0.497,0.028999999999999915,0,0,0.0,0.5,0.5,0,A,Tourisme et Hôtellerie,BAC_1,Grand Lomé,privé,M,2023,ADMIS
1,1,0,1,0,0,9.31,10.8,9.88,-1,9.88,0.633,0.495,-0.011999999999999922,0,0,0.0,0.5,0.5,0,F4,Génie Civil,BAC_1,Plateaux Ouest,privé,M,2023,ADMIS
1,1,0,1,0,0,6.58,6.47,6.72,1,6.72,0.6252,0.753,-0.328,0,0,0.0,0.5,0.5,0,D,STAPS (Activités Physiques et Sportives),BAC_1,Plateaux Ouest,public,M,2023,REORIENTE
1,1,0,1,0,0,9.68,9.21,9.75,1,9.75,0.3896,0.545,-0.025,0,0,0.0,0.5,0.5,0,A,Droit,BAC_1,Plateaux Est,public,F,2024,REORIENTE
1,1,0,1,0,0,12.6,13.21,13.31,1,13.31,0.7064,0.281,0.33100000000000007,0,0,0.0,0.5,0.5,0,A,Sciences de l'Éducation,BAC_1,Plateaux Ouest,privé,F,2023,ADMIS
1,1,0,1,0,0,10.43,9.28,9.45,1,9.45,0.519,0.606,-0.05500000000000007,0,0,0.0,0.5,0.5,0,D,Gestion des Entreprises,BAC_1,Plateaux Est,public,M,2023,REORIENTE
1,1,0,1,0,0,9.78,10.25,10.92,1,10.92,0.6406,0.712,0.092,0,0,0.0,0.5,0.5,0,A,Histoire,BAC_1,Savanes,public,M,2024,ADMIS
1,1,0,1,0,0,11.74,10.11,11.22,1,11.22,0.7824,0.471,0.12200000000000007,0,0,0.0,0.5,0.5,0,A,Anglais,BAC_1,Maritime,public,M,2023,ADMIS
1,1,0,1,0,0,10.98,9.65,11.2,1,11.2,0.3326,0.362,0.11999999999999993,0,0,0.0,0.5,0.5,0,D,Finance et Comptabilité,BAC_1,Kara,public,F,2024,ADMIS
1,1,0,1,0,0,10.14,11.95,11.17,-1,11.17,0.7472,0.383,0.11699999999999999,0,0,0.0,0.5,0.5,0,D,STAPS (Activités Physiques et Sportives),BAC_1,Grand Lomé,public,F,2023,REORIENTE
1,1,0,1,0,0,6.85,7.2,7.5,1,7.5,0.6559999999999999,0.494,-0.25,0,0,0.0,0.5,0.5,0,D,Enseignement Primaire,BAC_1,Maritime,privé,M,2024,REORIENTE
1,1,0,1,0,0,10.97,12.04,12.16,1,12.16,0.3912,0.543,0.21600000000000003,0,0,0.0,0.5,0.5,0,A,Géographie,BAC_1,Centrale,public,M,2024,ADMIS
1,1,0,1,0,0,8.0,8.05,8.97,1,8.97,0.613,0.418,-0.10299999999999994,0,0,0.0,0.5,0.5,0,A,Psychologie,BAC_1,Grand Lomé,public,M,2023,REORIENTE
1,1,0,1,0,0,8.8,6.98,8.06,1,8.06,0.5297999999999999,0.618,-0.19399999999999995,0,0,0.0,0.5,0.5,0,D,Génie Civil,BAC_1,Maritime,public,M,2024,REORIENTE
1,1,0,1,0,0,12.49,11.31,11.3,-1,11.3,0.57,0.345,0.13000000000000006,0,0,0.0,0.5,0.5,0,D,Géographie,BAC_1,Centrale,public,M,2023,REORIENTE
1,1,0,1,0,0,9.84,11.18,11.16,-1,11.16,0.6118,0.544,0.11600000000000002,0,0,0.0,0.5,0.5,0,D,Psychologie,BAC_1,Maritime,public,M,2023,ADMIS
1,1,0,1,0,0,9.42,8.35,9.29,1,9.29,0.6504,0.495,-0.07100000000000009,0,0,0.0,0.5,0.5,0,D,Gestion des Entreprises,BAC_1,Maritime,public,F,2023,ADMIS
1,1,0,1,0,0,7.25,8.3,7.71,-1,7.71,0.6607999999999999,0.71,-0.229,0,0,0.0,0.5,0.5,0,A,Sciences de l'Éducation,BAC_1,Maritime,privé,F,2024,REORIENTE
1,1,0,1,0,0,8.1,10.18,10.12,-1,10.12,0.683,0.638,0.011999999999999922,0,0,0.0,0.5,0.5,0,A,Sciences de l'Éducation,BAC_1,Plateaux Ouest,public,F,2023,ADMIS
1,1,0,1,0,0,6.72,8.76,9.56,1,9.56,0.8564,0.656,-0.04399999999999995,0,0,0.0,0.5,0.5,0,D,Psychologie,BAC_1,Kara,privé,M,2023,ADMIS
1,1,0,1,0,0,6.95,9.69,8.95,-1,8.95,0.4374,0.534,-0.10500000000000007,0,0,0.0,0.5,0.5,0,A,Enseignement Primaire,BAC_1,Centrale,public,M,2024,REORIENTE
1,1,0,1,0,0,8.9,7.48,7.67,1,7.67,0.6652,0.475,-0.233,0,0,0.0,0.5,0.5,0,A,Psychologie,BAC_1,Grand Lomé,privé,F,2024,ADMIS
1,1,0,1,0,0,11.13,11.39,10.75,-1,10.75,0.7405999999999999,0.698,0.075,0,0,0.0,0.5,0.5,0,A,Sciences Politiques,BAC_1,Plateaux Est,public,M,2023,ADMIS
1,1,0,1,0,0,6.53,6.95,8.02,1,8.02,0.29000000000000004,0.329,-0.19800000000000004,0,0,0.0,0.5,0.5,0,A,STAPS (Activités Physiques et Sportives),BAC_1,Plateaux Ouest,public,M,2024,REORIENTE
1,1,0,1,0,0,13.34,13.17,13.8,1,13.8,0.7428,0.543,0.38000000000000006,0,0,0.0,0.5,0.5,0,C,Sciences Infirmières,BAC_1,Maritime,public,M,2024,REORIENTE
1,1,0,1,0,0,14.62,13.04,13.95,1,13.95,0.6312,0.576,0.3949999999999999,0,0,0.0,0.5,0.5,0,A,Psychologie,BAC_1,Grand Lomé,privé,F,2024,ADMIS
1,1,0,1,0,0,10.67,12.28,12.25,-1,12.25,0.5438,0.473,0.225,0,0,0.0,0.5,0.5,0,A,Sciences Politiques,BAC_1,Plateaux Est,privé,M,2024,ADMIS
1,1,0,1,0,0,10.59,11.39,12.18,1,12.18,0.5508,0.444,0.21799999999999997,0,0,0.0,0.5,0.5,0,G3,Gestion des Entreprises,BAC_1,Maritime,privé,F,2023,ADMIS
1,1,0,1,0,0,9.11,12.03,10.92,-1,10.92,0.392,0.575,0.092,0,0,0.0,0.5,0.5,0,D,Tourisme et Hôtellerie,BAC_1,Maritime,public,F,2024,REORIENTE
1,1,0,1,0,0,10.44,10.01,9.86,-1,9.86,0.612,0.423,-0.014000000000000058,0,0,0.0,0.5,0.5,0,A,Enseignement Primaire,BAC_1,Plateaux Ouest,public,F,2023,ADMIS
1,1,0,1,0,0,12.86,12.95,13.21,1,13.21,0.6342000000000001,0.756,0.32100000000000006,0,0,0.0,0.5,0.5,0,D,Sciences Infirmières,BAC_1,Plateaux Est,privé,F,2024,ADMIS
1,1,0,1,0,0,5.91,8.1,7.25,-1,7.25,0.3984,0.216,-0.275,0,0,0.0,0.5,0.5,0,D,Histoire,BAC_1,Kara,public,F,2024,REORIENTE
1,1,0,1,0,0,7.99,9.21,9.46,1,9.46,0.39139999999999997,0.461,-0.053999999999999916,0,0,0.0,0.5,0.5,0,A,Droit,BAC_1,Savanes,public,F,2024,REORIENTE
1,1,0,1,0,0,10.34,11.88,12.15,1,12.15,0.737,0.413,0.21500000000000002,0,0,0.0,0.5,0.5,0,A,Sociologie,BAC_1,Grand Lomé,public,M,2023,ADMIS
1,1,0,1,0,0,7.33,7.66,7.41,-1,7.41,0.776,0.566,-0.259,0,0,0.0,0.5,0.5,0,E,Génie Mécanique,BAC_1,Grand Lomé,privé,F,2023,REORIENTE
1,1,0,1,0,0,10.54,11.2,11.36,1,11.36,0.7424,0.572,0.13599999999999995,0,0,0.0,0.5,0.5,0,D,Psychologie,BAC_1,Maritime,public,M,2023,ADMIS
1,1,0,1,0,0,11.72,12.15,11.27,-1,11.27,0.571,0.349,0.12699999999999995,0,0,0.0,0.5,0.5,0,A,Tourisme et Hôtellerie,BAC_1,Maritime,public,F,2023,REORIENTE
1,1,0,1,0,0,7.38,6.79,7.78,1,7.78,0.5062,0.478,-0.22199999999999998,0,0,0.0,0.5,0.5,0,A,Anglais,BAC_1,Kara,privé,M,2024,REORIENTE
1,1,0,1,0,0,3.48,3.73,4.73,1,4.73,0.4346,0.344,-0.5269999999999999,0,0,0.0,0.5,0.5,0,A,Sciences de l'Éducation,BAC_1,Kara,public,F,2024,REORIENTE
1,1,0,1,0,0,10.75,11.35,11.96,1,11.96,0.81,0.627,0.1960000000000001,0,0,0.0,0.5,0.5,0,D,Gestion des Entreprises,BAC_1,Kara,privé,F,2023,ADMIS
1,1,0,1,0,0,9.38,9.4,10.09,1,10.09,0.8624,0.749,0.008999999999999985,0,0,0.0,0.5,0.5,0,A,Enseignement Primaire,BAC_1,Maritime,public,M,2023,ADMIS
1,1,0,1,0,0,9.47,10.81,10.79,-1,10.79,0.5856,0.525,0.07899999999999992,0,0,0.0,0.5,0.5,0,D,Génie Informatique,BAC_1,Centrale,public,F,2023,REORIENTE
1,1,0,1,0,0,10.8,11.44,10.58,-1,10.58,0.7322,0.491,0.05800000000000001,0,0,0.0,0.5,0.5,0,D,Sciences Infirmières,BAC_1,Grand Lomé,public,F,2023,REORIENTE
1,1,0,1,0,0,6.5,7.52,7.59,1,7.59,0.7864,0.481,-0.24100000000000002,0,0,0.0,0.5,0.5,0,A,Sciences Politiques,BAC_1,Plateaux Ouest,privé,M,2023,REORIENTE
1,1,0,1,0,0,8.67,8.03,8.6,1,8.6,0.6988,0.463,-0.14000000000000004,0,0,0.0,0.5,0.5,0,C,Physique-Chimie,BAC_1,Maritime,privé,M,2024,REORIENTE
1,1,0,1,0,0,5.0,6.62,6.41,-1,6.41,0.7024,0.556,-0.359,0,0,0.0,0.5,0.5,0,D,Sciences de l'Éducation,BAC_1,Plateaux Est,public,M,2023,REORIENTE
1,1,0,1,0,0,7.75,7.35,7.59,1,7.59,0.3832,0.634,-0.24100000000000002,0,0,0.0,0.5,0.5,0,A,Enseignement Primaire,BAC_1,Centrale,public,M,2024,REORIENTE
1,1,0,1,0,0,12.68,12.05,11.93,-1,11.93,0.6456,0.348,0.19299999999999998,0,0,0.0,0.5,0.5,0,A,Lettres Modernes,BAC_1,Plateaux Ouest,public,M,2023,ADMIS
1,1,0,1,0,0,9.69,10.05,9.18,-1,9.18,0.6930000000000001,0.543,-0.08200000000000003,0,0,0.0,0.5,0.5,0,A,Sciences de l'Éducation,BAC_1,Plateaux Est,public,F,2023,ADMIS
1,1,0,1,0,0,13.7,13.53,13.22,-1,13.22,0.437,0.509,0.32200000000000006,0,0,0.0,0.5,0.5,0,D,Sciences de l'Éducation,BAC_1,Maritime,public,F,2024,REORIENTE
1,1,0,1,0,0,8.67,8.42,8.72,1,8.72,0.6448,0.319,-0.12799999999999995,0,0,0.0,0.5,0.5,0,C,Finance et Comptabilité,BAC_1,Grand Lomé,public,F,2024,REORIENTE
1,1,0,1,0,0,7.18,8.18,8.13,-1,8.13,0.42279999999999995,0.313,-0.18699999999999992,0,0,0.0,0.5,0.5,0,G2,Économie,BAC_1,Centrale,public,F,2023,ADMIS
1,1,0,1,0,0,8.51,6.37,7.35,1,7.35,0.49760000000000004,0.482,-0.265,0,0,0.0,0.5,0.5,0,D,Agronomie,BAC_1,Grand Lomé,public,F,2024,REORIENTE
1,1,0,1,0,0,13.23,13.64,13.69,1,13.69,0.834,0.6,0.36899999999999994,0,0,0.0,0.5,0.5,0,D,Sciences de l'Éducation,BAC_1,Maritime,public,M,2023,ADMIS
1,1,0,1,0,0,10.74,12.89,11.14,-1,11.14,0.492,0.627,0.11400000000000006,0,0,0.0,0.5,0.5,0,A,Communication et Journalisme,BAC_1,Maritime,public,F,2024,ADMIS
1,1,0,1,0,0,6.11,6.18,7.12,1,7.12,0.7465999999999999,0.5,-0.288,0,0,0.0,0.5,0.5,0,A,Arts Plastiques,BAC_1,Grand Lomé,public,F,2023,REORIENTE
1,1,0,1,0,0,10.88,9.69,11.09,1,11.09,0.531,0.525,0.10899999999999999,0,0,0.0,0.5,0.5,0,A,Communication et Journalisme,BAC_1,Grand Lomé,public,M,2024,REORIENTE
1,1,0,1,0,0,6.41,8.04,7.7,-1,7.7,0.4844,0.452,-0.22999999999999998,0,0,0.0,0.5,0.5,0,A,Psychologie,BAC_1,Maritime,public,M,2024,REORIENTE
1,1,0,1,0,0,9.81,9.29,9.86,1,9.86,0.6335999999999999,0.705,-0.014000000000000058,0,0,0.0,0.5,0.5,0,D,Informatique,BAC_1,Plateaux Est,public,F,2023,REORIENTE
1,1,0,1,0,0,8.25,9.53,8.8,-1,8.8,0.5324,0.548,-0.11999999999999993,0,0,0.0,0.5,0.5,0,D,Gestion des Entreprises,BAC_1,Grand Lomé,privé,F,2024,REORIENTE
1,1,0,1,0,0,15.76,16.78,15.92,-1,15.92,0.7132,0.691,0.592,0,0,0.0,0.5,0.5,0,G2,Gestion des Entreprises,BAC_1,Maritime,public,M,2024,REORIENTE
1,1,0,1,0,0,8.55,9.58,10.07,1,10.07,0.4544,0.44,0.007000000000000029,0,0,0.0,0.5,0.5,0,A,Géographie,BAC_1,Grand Lomé,public,M,2024,ADMIS
1,1,0,1,0,0,7.82,8.18,9.42,1,9.42,0.5509999999999999,0.32,-0.05800000000000001,0,0,0.0,0.5,0.5,0,F3,Génie Civil,BAC_1,Grand Lomé,public,F,2024,ADMIS
1,1,0,1,0,0,11.98,11.91,11.81,-1,11.81,0.7666,0.601,0.18100000000000005,0,0,0.0,0.5,0.5,0,A,Psychologie,BAC_1,Plateaux Ouest,public,F,2023,ADMIS
1,1,0,1,0,0,6.5,8.32,7.58,-1,7.58,0.3856,0.415,-0.242,0,0,0.0,0.5,0.5,0,A,Histoire,BAC_1,Plateaux Est,public,F,2024,REORIENTE
1,1,0,1,0,0,8.07,11.21,11.1,-1,11.1,0.3124,0.385,0.10999999999999996,0,0,0.0,0.5,0.5,0,A,Tourisme et Hôtellerie,BAC_1,Grand Lomé,public,F,2024,REORIENTE
1,1,0,1,0,0,9.82,11.35,10.95,-1,10.95,0.718,0.502,0.09499999999999993,0,0,0.0,0.5,0.5,0,A,Communication et Journalisme,BAC_1,Plateaux Est,public,F,2023,ADMIS
1,1,0,1,0,0,11.62,11.14,10.41,-1,10.41,0.5366,0.401,0.041000000000000016,0,0,0.0,0.5,0.5,0,D,Sciences Environnementales,BAC_1,Plateaux Ouest,public,F,2023,ADMIS
1,1,0,1,0,0,9.02,8.47,9.67,1,9.67,0.49,0.442,-0.03300000000000001,0,0,0.0,0.5,0.5,0,A,Anglais,BAC_1,Kara,public,M,2023,REORIENTE
1,1,0,1,0,0,8.76,10.8,10.63,-1,10.63,0.2824,0.313,0.06300000000000008,0,0,0.0,0.5,0.5,0,D,Enseignement Primaire,BAC_1,Plateaux Ouest,public,M,2024,ADMIS
1,1,0,1,0,0,7.78,9.45,8.9,-1,8.9,0.4956,0.246,-0.10999999999999996,0,0,0.0,0.5,0.5,0,A,Communication et Journalisme,BAC_1,Grand Lomé,public,M,2024,ADMIS
1,1,0,1,0,0,7.41,9.24,10.42,1,10.42,0.4266,0.477,0.041999999999999996,0,0,0.0,0.5,0.5,0,D,Génie Civil,BAC_1,Grand Lomé,public,M,2024,REORIENTE
1,1,0,1,0,0,14.44,15.04,14.48,-1,14.48,0.7924,0.496,0.44800000000000006,0,0,0.0,0.5,0.5,0,D,Gestion des Entreprises,BAC_1,Grand Lomé,privé,M,2023,ADMIS
1,1,0,1,0,0,9.39,9.67,9.68,1,9.68,0.633,0.417,-0.03200000000000003,0,0,0.0,0.5,0.5,0,A,Lettres Modernes,BAC_1,Plateaux Ouest,public,M,2023,ADMIS
1,1,0,1,0,0,13.22,13.02,12.39,-1,12.39,0.5012000000000001,0.452,0.23900000000000005,0,0,0.0,0.5,0.5,0,D,Gestion des Entreprises,BAC_1,Plateaux Ouest,privé,F,2023,REORIENTE
1,1,0,1,0,0,6.24,6.62,6.87,1,6.87,0.64,0.409,-0.313,0,0,0.0,0.5,0.5,0,F3,Génie Civil,BAC_1,Grand Lomé,privé,M,2023,REORIENTE
1,1,0,1,0,0,10.51,11.2,10.61,-1,10.61,0.439,0.505,0.06099999999999994,0,0,0.0,0.5,0.5,0,D,STAPS (Activités Physiques et Sportives),BAC_1,Plateaux Ouest,privé,F,2024,REORIENTE
1,1,0,1,0,0,10.23,10.73,10.62,-1,10.62,0.6317999999999999,0.531,0.06199999999999992,0,0,0.0,0.5,0.5,0,A,Sciences Politiques,BAC_1,Centrale,public,F,2023,ADMIS
1,1,0,1,0,0,4.72,5.16,6.18,1,6.18,0.7888,0.724,-0.382,0,0,0.0,0.5,0.5,0,A,Psychologie,BAC_1,Savanes,privé,M,2023,ADMIS
1,1,0,1,0,0,7.71,10.33,10.37,1,10.37,0.5806,0.616,0.03699999999999992,0,0,0.0,0.5,0.5,0,D,Finance et Comptabilité,BAC_1,Centrale,public,M,2023,REORIENTE
1,1,0,1,0,0,8.85,9.55,10.36,1,10.36,0.8344,0.601,0.03599999999999994,0,0,0.0,0.5,0.5,0,A,Sciences de l'Éducation,BAC_1,Grand Lomé,public,F,2023,REORIENTE
1,1,0,1,0,0,10.03,10.24,10.45,1,10.45,0.5933999999999999,0.45,0.04499999999999993,0,0,0.0,0.5,0.5,0,B,Gestion des Entreprises,BAC_1,Maritime,privé,M,2023,ADMIS
1,1,0,1,0,0,13.28,12.08,13.07,1,13.07,0.6658000000000001,0.46,0.30700000000000005,0,0,0.0,0.5,0.5,0,D,Médecine,BAC_1,Maritime,public,F,2023,REORIENTE
1,1,0,1,0,0,7.13,8.3,9.02,1,9.02,0.6454,0.583,-0.09800000000000005,0,0,0.0,0.5,0.5,0,D,Finance et Comptabilité,BAC_1,Grand Lomé,public,M,2023,REORIENTE
1,1,0,1,0,0,13.51,12.44,12.62,1,12.62,0.6712,0.511,0.2619999999999999,0,0,0.0,0.5,0.5,0,A,Droit,BAC_1,Maritime,public,M,2023,ADMIS
1,1,0,1,0,0,11.48,14.01,14.54,1,14.54,0.779,0.518,0.4539999999999999,0,0,0.0,0.5,0.5,0,A,Sciences de l'Éducation,BAC_1,Grand Lomé,public,M,2023,ADMIS
1,1,0,1,0,0,8.88,8.06,9.25,1,9.25,0.6789999999999999,0.421,-0.075,0,0,0.0,0.5,0.5,0,A,Anglais,BAC_1,Kara,privé,F,2023,REORIENTE
1,1,0,1,0,0,9.91,10.67,10.46,-1,10.46,0.535,0.613,0.04600000000000008,0,0,0.0,0.5,0.5,0,D,Sciences Infirmières,BAC_1,Maritime,public,F,2024,REORIENTE
1,1,0,1,0,0,8.32,9.16,9.09,-1,9.09,0.564,0.279,-0.09100000000000001,0,0,0.0,0.5,0.5,0,C,Biologie,BAC_1,Grand Lomé,public,F,2024,REORIENTE
1,1,0,1,0,0,11.79,10.12,10.02,-1,10.02,0.8672,0.683,0.0019999999999999575,0,0,0.0,0.5,0.5,0,D,Odontologie,BAC_1,Maritime,privé,M,2023,REORIENTE
1,1,0,1,0,0,13.92,13.36,13.47,1,13.47,0.31920000000000004,0.339,0.3470000000000001,0,0,0.0,0.5,0.5,0,D,Génie Informatique,BAC_1,Grand Lomé,public,M,2024,REORIENTE
1,1,0,1,0,0,5.79,5.95,6.61,1,6.61,0.5376000000000001,0.234,-0.33899999999999997,0,0,0.0,0.5,0.5,0,D,Biologie,BAC_1,Grand Lomé,public,M,2023,ADMIS
1,1,0,1,0,0,9.26,10.2,10.27,1,10.27,0.6908000000000001,0.554,0.026999999999999958,0,0,0.0,0.5,0.5,0,D,Géographie,BAC_1,Savanes,public,M,2023,ADMIS
1,1,0,1,0,0,13.02,13.91,14.19,1,14.19,0.7767999999999999,0.457,0.41899999999999993,0,0,0.0,0.5,0.5,0,A,Sciences de l'Éducation,BAC_1,Plateaux Ouest,public,M,2023,ADMIS
1,1,0,1,0,0,10.35,11.16,10.39,-1,10.39,0.7103999999999999,0.6,0.039000000000000055,0,0,0.0,0.5,0.5,0,A,Tourisme et Hôtellerie,BAC_1,Grand Lomé,public,F,2023,REORIENTE
1,1,0,1,0,0,6.18,9.02,8.02,-1,8.02,0.5372,0.455,-0.19800000000000004,0,0,0.0,0.5,0.5,0,F4,Génie Mécanique,BAC_1,Plateaux Est,public,F,2024,REORIENTE
1,1,0,1,0,0,11.85,11.65,12.09,1,12.09,0.5714,0.485,0.209,0,0,0.0,0.5,0.5,0,A,Sociologie,BAC_1,Grand Lomé,public,M,2024,ADMIS
1,1,0,1,0,0,4.85,5.14,5.77,1,5.77,0.7184,0.458,-0.42300000000000004,0,0,0.0,0.5,0.5,0,A,Sciences de l'Éducation,BAC_1,Centrale,public,M,2023,ADMIS
1,1,0,1,0,0,11.61,12.72,12.58,-1,12.58,0.8136,0.549,0.258,0,0,0.0,0.5,0.5,0,D,Sciences de l'Éducation,BAC_1,Grand Lomé,privé,M,2023,ADMIS
1,1,0,1,0,0,11.92,14.32,13.63,-1,13.63,0.6158,0.332,0.3630000000000001,0,0,0.0,0.5,0.5,0,A,Communication et Journalisme,BAC_1,Plateaux Est,public,F,2023,ADMIS
1,1,0,1,0,0,7.74,7.37,7.96,1,7.96,0.6816,0.63,-0.20400000000000001,0,0,0.0,0.5,0.5,0,D,Génie Informatique,BAC_1,Maritime,public,M,2023,ADMIS
1,1,0,1,0,0,10.89,8.77,10.36,1,10.36,0.6534,0.585,0.03599999999999994,0,0,0.0,0.5,0.5,0,D,Sciences de l'Éducation,BAC_1,Maritime,public,M,2023,ADMIS
1,1,0,1,0,0,8.92,11.15,10.32,-1,10.32,0.6839999999999999,0.57,0.03200000000000003,0,0,0.0,0.5,0.5,0,D,Psychologie,BAC_1,Savanes,public,F,2023,REORIENTE
1,1,0,1,0,0,11.27,11.46,11.89,1,11.89,0.5084,0.722,0.18900000000000006,0,0,0.0,0.5,0.5,0,A,Droit,BAC_1,Plateaux Ouest,public,F,2024,ADMIS
1,1,0,1,0,0,9.88,12.39,11.71,-1,11.71,0.5058,0.387,0.1710000000000001,0,0,0.0,0.5,0.5,0,A,Psychologie,BAC_1,Centrale,public,M,2023,ADMIS
1,1,0,1,0,0,8.41,7.31,8.1,1,8.1,0.7272,0.345,-0.19000000000000003,0,0,0.0,0.5,0.5,0,A,Histoire,BAC_1,Plateaux Est,public,F,2023,ADMIS
1,1,0,1,0,0,11.69,13.03,12.37,-1,12.37,0.6548,0.653,0.23699999999999993,0,0,0.0,0.5,0.5,0,A,Droit,BAC_1,Maritime,public,M,2024,REORIENTE
1,1,0,1,0,0,5.06,6.72,6.57,-1,6.57,0.7363999999999999,0.587,-0.34299999999999997,0,0,0.0,0.5,0.5,0,A,STAPS (Activités Physiques et Sportives),BAC_1,Grand Lomé,public,F,2023,ADMIS
1,1,0,1,0,0,10.28,11.94,12.73,1,12.73,0.5552,0.41,0.273,0,0,0.0,0.5,0.5,0,D,Sciences Infirmières,BAC_1,Kara,public,F,2023,REORIENTE
1,1,0,1,0,0,7.86,7.79,7.91,1,7.91,0.7804,0.466,-0.209,0,0,0.0,0.5,0.5,0,D,Finance et Comptabilité,BAC_1,Grand Lomé,public,M,2023,REORIENTE
1,1,0,1,0,0,9.03,7.45,9.36,1,9.36,0.6652,0.595,-0.06400000000000006,0,0,0.0,0.5,0.5,0,A,Droit,BAC_1,Grand Lomé,public,M,2024,REORIENTE
1,1,0,1,0,0,12.36,11.83,12.22,1,12.22,0.5298,0.456,0.22200000000000006,0,0,0.0,0.5,0.5,0,D,Informatique,BAC_1,Grand Lomé,public,F,2024,REORIENTE
1,1,0,1,0,0,10.52,9.62,11.01,1,11.01,0.6636,0.435,0.10099999999999998,0,0,0.0,0.5,0.5,0,A,Sociologie,BAC_1,Plateaux Ouest,public,M,2023,ADMIS
1,1,0,1,0,0,9.46,10.02,10.14,1,10.14,0.7432,0.373,0.014000000000000058,0,0,0.0,0.5,0.5,0,A,Arts Plastiques,BAC_1,Maritime,public,M,2023,ADMIS
1,1,0,1,0,0,9.74,8.48,9.28,1,9.28,0.6918,0.444,-0.07200000000000006,0,0,0.0,0.5,0.5,0,D,Enseignement Primaire,BAC_1,Maritime,public,M,2023,ADMIS
1,1,0,1,0,0,10.33,8.4,10.06,1,10.06,0.5868,0.402,0.0060000000000000496,0,0,0.0,0.5,0.5,0,D,Médecine,BAC_1,Kara,privé,M,2024,REORIENTE
1,1,0,1,0,0,9.61,11.85,11.01,-1,11.01,0.6006,0.519,0.10099999999999998,0,0,0.0,0.5,0.5,0,D,Gestion des Entreprises,BAC_1,Kara,privé,M,2024,REORIENTE
1,1,0,1,0,0,9.37,10.14,10.52,1,10.52,0.6012,0.501,0.051999999999999956,0,0,0.0,0.5,0.5,0,D,Gestion des Entreprises,BAC_1,Kara,public,M,2023,REORIENTE
1,1,0,1,0,0,8.39,9.86,10.27,1,10.27,0.6022000000000001,0.31,0.026999999999999958,0,0,0.0,0.5,0.5,0,A,Géographie,BAC_1,Plateaux Est,public,F,2023,REORIENTE
1,1,0,1,0,0,10.24,10.15,9.39,-1,9.39,0.6742,0.481,-0.06099999999999994,0,0,0.0,0.5,0.5,0,A,Psychologie,BAC_1,Maritime,privé,F,2023,ADMIS
1,1,0,1,0,0,10.07,9.68,9.72,1,9.72,0.47340000000000004,0.405,-0.027999999999999935,0,0,0.0,0.5,0.5,0,D,Enseignement Primaire,BAC_1,Plateaux Est,privé,F,2023,ADMIS
1,1,0,1,0,0,14.45,14.87,14.74,-1,14.74,0.6948,0.504,0.47400000000000003,0,0,0.0,0.5,0.5,0,D,Médecine,BAC_1,Grand Lomé,privé,F,2023,ADMIS
1,1,0,1,0,0,11.27,11.96,12.61,1,12.61,0.6082000000000001,0.553,0.26099999999999995,0,0,0.0,0.5,0.5,0,A,Enseignement Primaire,BAC_1,Grand Lomé,public,F,2023,REORIENTE
1,1,0,1,0,0,8.8,10.1,9.98,-1,9.98,0.41960000000000003,0.212,-0.0019999999999999575,0,0,0.0,0.5,0.5,0,A,Histoire,BAC_1,Plateaux Est,privé,F,2024,ADMIS
1,1,0,1,0,0,13.55,14.08,14.1,1,14.1,0.4898,0.554,0.41,0,0,0.0,0.5,0.5,0,A,Droit,BAC_1,Maritime,privé,F,2024,REORIENTE
1,1,0,1,0,0,11.5,11.21,12.12,1,12.12,0.2772,0.543,0.2119999999999999,0,0,0.0,0.5,0.5,0,D,Informatique,BAC_1,Centrale,public,M,2024,REORIENTE
1,1,0,1,0,0,6.29,5.75,6.34,1,6.34,0.723,0.534,-0.366,0,0,0.0,0.5,0.5,0,D,Biologie,BAC_1,Maritime,public,F,2023,ADMIS
1,1,0,1,0,0,10.42,11.57,11.18,-1,11.18,0.684,0.684,0.11799999999999997,0,0,0.0,0.5,0.5,0,A,Anglais,BAC_1,Plateaux Est,privé,M,2024,ADMIS
1,1,0,1,0,0,5.08,5.77,6.03,1,6.03,0.4266,0.453,-0.39699999999999996,0,0,0.0,0.5,0.5,0,A,Géographie,BAC_1,Centrale,public,M,2024,REORIENTE
1,1,0,1,0,0,10.18,10.51,10.01,-1,10.01,0.7557999999999999,0.598,0.0009999999999999788,0,0,0.0,0.5,0.5,0,D,Gestion des Entreprises,BAC_1,Maritime,public,M,2023,ADMIS
1,1,0,1,0,0,9.12,9.11,9.26,1,9.26,0.844,0.625,-0.07400000000000002,0,0,0.0,0.5,0.5,0,A,Sciences de l'Éducation,BAC_1,Maritime,privé,M,2023,ADMIS
1,1,0,1,0,0,9.22,9.89,11.05,1,11.05,0.469,0.442,0.10500000000000007,0,0,0.0,0.5,0.5,0,G2,Finance et Comptabilité,BAC_1,Centrale,public,F,2024,ADMIS
1,1,0,1,0,0,8.41,7.89,8.52,1,8.52,0.6128,0.809,-0.14800000000000005,0,0,0.0,0.5,0.5,0,D,Génie Civil,BAC_1,Plateaux Ouest,public,M,2023,REORIENTE
1,1,0,1,0,0,11.71,11.07,12.31,1,12.31,0.6438,0.681,0.23100000000000004,0,0,0.0,0.5,0.5,0,D,Enseignement Primaire,BAC_1,Plateaux Est,public,M,2023,REORIENTE
1,1,0,1,0,0,15.62,14.87,15.1,1,15.1,0.6362000000000001,0.56,0.51,0,0,0.0,0.5,0.5,0,A,Géographie,BAC_1,Grand Lomé,public,M,2023,ADMIS
1,1,0,1,0,0,10.6,10.72,10.91,1,10.91,0.7647999999999999,0.655,0.09100000000000001,0,0,0.0,0.5,0.5,0,A,Tourisme et Hôtellerie,BAC_1,Plateaux Est,public,F,2023,ADMIS
1,1,0,1,0,0,15.08,14.31,14.78,1,14.78,0.5538000000000001,0.642,0.4779999999999999,0,0,0.0,0.5,0.5,0,D,Sciences Infirmières,BAC_1,Plateaux Ouest,public,F,2024,REORIENTE
1,1,0,1,0,0,12.62,14.53,14.18,-1,14.18,0.2656,0.487,0.418,0,0,0.0,0.5,0.5,0,D,Sciences Infirmières,BAC_1,Plateaux Ouest,public,M,2024,REORIENTE
1,1,0,1,0,0,11.25,11.59,10.53,-1,10.53,0.7106,0.473,0.052999999999999936,0,0,0.0,0.5,0.5,0,A,Enseignement Primaire,BAC_1,Plateaux Est,privé,M,2023,ADMIS
1,1,0,1,0,0,8.54,9.14,9.42,1,9.42,0.5398000000000001,0.571,-0.05800000000000001,0,0,0.0,0.5,0.5,0,D,Génie Informatique,BAC_1,Maritime,public,M,2024,REORIENTE
1,1,0,1,0,0,4.9,5.83,6.49,1,6.49,0.4,0.439,-0.351,0,0,0.0,0.5,0.5,0,D,Tourisme et Hôtellerie,BAC_1,Plateaux Ouest,public,M,2024,REORIENTE
1,1,0,1,0,0,12.56,12.22,13.65,1,13.65,0.4782,0.525,0.36500000000000005,0,0,0.0,0.5,0.5,0,A,Psychologie,BAC_1,Plateaux Ouest,public,M,2024,REORIENTE
1,1,0,1,0,0,11.31,11.22,11.75,1,11.75,0.377,0.497,0.175,0,0,0.0,0.5,0.5,0,A,Lettres Modernes,BAC_1,Kara,public,M,2024,REORIENTE
1,1,0,1,0,0,10.57,11.92,11.56,-1,11.56,0.7592,0.668,0.15600000000000006,0,0,0.0,0.5,0.5,0,D,Génie Informatique,BAC_1,Maritime,public,F,2023,REORIENTE
1,1,0,1,0,0,9.72,9.18,10.23,1,10.23,0.7747999999999999,0.452,0.02300000000000004,0,0,0.0,0.5,0.5,0,A,Tourisme et Hôtellerie,BAC_1,Grand Lomé,public,M,2023,REORIENTE
1,1,0,1,0,0,7.35,8.15,8.28,1,8.28,0.6776,0.311,-0.17200000000000007,0,0,0.0,0.5,0.5,0,A,Communication et Journalisme,BAC_1,Savanes,privé,F,2023,REORIENTE
1,1,0,1,0,0,12.32,14.9,13.6,-1,13.6,0.3882,0.489,0.36,0,0,0.0,0.5,0.5,0,D,Sciences Infirmières,BAC_1,Grand Lomé,public,M,2024,ADMIS
1,1,0,1,0,0,9.56,9.62,10.24,1,10.24,0.4224,0.483,0.02400000000000002,0,0,0.0,0.5,0.5,0,D,Gestion des Entreprises,BAC_1,Savanes,public,F,2024,REORIENTE
1,1,0,1,0,0,10.76,8.5,9.82,1,9.82,0.7278,0.585,-0.01799999999999997,0,0,0.0,0.5,0.5,0,A,Psychologie,BAC_1,Maritime,public,F,2023,REORIENTE
1,1,0,1,0,0,7.88,8.22,8.73,1,8.73,0.4128,0.654,-0.12699999999999995,0,0,0.0,0.5,0.5,0,D,Géographie,BAC_1,Plateaux Ouest,public,M,2024,REORIENTE
1,1,0,1,0,0,10.71,10.2,11.2,1,11.2,0.4286,0.437,0.11999999999999993,0,0,0.0,0.5,0.5,0,D,Sciences Forestières,BAC_1,Centrale,privé,F,2024,ADMIS
1,1,0,1,0,0,11.05,10.29,10.41,1,10.41,0.613,0.541,0.041000000000000016,0,0,0.0,0.5,0.5,0,D,Sciences Infirmières,BAC_1,Maritime,public,M,2024,REORIENTE
1,1,0,1,0,0,8.16,7.91,7.98,1,7.98,0.4554,0.552,-0.20199999999999996,0,0,0.0,0.5,0.5,0,D,Finance et Comptabilité,BAC_1,Centrale,public,M,2024,REORIENTE
1,1,0,1,0,0,7.23,8.66,9.11,1,9.11,0.4168,0.4,-0.08900000000000005,0,0,0.0,0.5,0.5,0,D,Génie Informatique,BAC_1,Plateaux Ouest,public,F,2024,REORIENTE
1,1,0,1,0,0,11.31,12.54,12.59,1,12.59,0.7744,0.451,0.259,0,0,0.0,0.5,0.5,0,D,STAPS (Activités Physiques et Sportives),BAC_1,Maritime,public,M,2023,REORIENTE
1,1,0,1,0,0,10.1,8.51,10.14,1,10.14,0.6208,0.553,0.014000000000000058,0,0,0.0,0.5,0.5,0,D,Sociologie,BAC_1,Grand Lomé,public,F,2023,REORIENTE
1,1,0,1,0,0,10.9,11.15,11.66,1,11.66,0.4164,0.321,0.166,0,0,0.0,0.5,0.5,0,D,Sociologie,BAC_1,Savanes,privé,M,2024,REORIENTE
1,1,0,1,0,0,10.16,10.53,10.82,1,10.82,0.6664,0.445,0.08200000000000003,0,0,0.0,0.5,0.5,0,A,Sciences de l'Éducation,BAC_1,Maritime,public,F,2023,REORIENTE
1,1,0,1,0,0,12.62,13.29,12.31,-1,12.31,0.7682,0.737,0.23100000000000004,0,0,0.0,0.5,0.5,0,D,Génie Électrique,BAC_1,Grand Lomé,public,M,2023,ADMIS
1,1,0,1,0,0,9.94,10.86,12.05,1,12.05,0.4054,0.433,0.20500000000000007,0,0,0.0,0.5,0.5,0,A,Psychologie,BAC_1,Plateaux Est,public,M,2024,ADMIS
1,1,0,1,0,0,9.97,10.16,10.76,1,10.76,0.7811999999999999,0.654,0.07599999999999998,0,0,0.0,0.5,0.5,0,D,Psychologie,BAC_1,Maritime,privé,M,2023,ADMIS
1,1,0,1,0,0,9.87,10.14,11.06,1,11.06,0.47019999999999995,0.46,0.10600000000000005,0,0,0.0,0.5,0.5,0,A,Enseignement Primaire,BAC_1,Grand Lomé,public,F,2024,ADMIS
1,1,0,1,0,0,12.78,12.26,14.3,1,14.3,0.3748,0.532,0.43000000000000005,0,0,0.0,0.5,0.5,0,D,Pharmacie,BAC_1,Maritime,public,M,2024,REORIENTE
1,1,0,1,0,0,13.14,10.69,11.71,1,11.71,0.3348,0.279,0.1710000000000001,0,0,0.0,0.5,0.5,0,A,Sociologie,BAC_1,Grand Lomé,public,F,2024,ADMIS
1,1,0,1,0,0,8.69,8.98,9.28,1,9.28,0.4962,0.573,-0.07200000000000006,0,0,0.0,0.5,0.5,0,D,Génie Civil,BAC_1,Maritime,public,F,2024,REORIENTE
1,1,0,1,0,0,12.7,10.31,11.27,1,11.27,0.9303999999999999,0.853,0.12699999999999995,0,0,0.0,0.5,0.5,0,A,Communication et Journalisme,BAC_1,Maritime,public,F,2023,ADMIS
1,1,0,1,0,0,11.08,10.93,11.07,1,11.07,0.601,0.544,0.10700000000000003,0,0,0.0,0.5,0.5,0,D,Gestion des Entreprises,BAC_1,Plateaux Ouest,public,F,2023,ADMIS
1,1,0,1,0,0,10.24,8.44,9.85,1,9.85,0.7924,0.496,-0.015000000000000036,0,0,0.0,0.5,0.5,0,A,Psychologie,BAC_1,Grand Lomé,public,F,2023,ADMIS
1,1,0,1,0,0,13.17,12.16,13.25,1,13.25,0.563,0.428,0.325,0,0,0.0,0.5,0.5,0,A,Droit,BAC_1,Grand Lomé,public,F,2024,REORIENTE
1,1,0,1,0,0,8.06,9.92,10.02,1,10.02,0.494,0.566,0.0019999999999999575,0,0,0.0,0.5,0.5,0,D,Génie Civil,BAC_1,Plateaux Ouest,privé,M,2024,ADMIS
1,1,0,1,0,0,6.36,6.77,6.77,1,6.77,0.6164,0.5,-0.32300000000000006,0,0,0.0,0.5,0.5,0,B,Gestion des Entreprises,BAC_1,Kara,privé,M,2024,ADMIS
1,1,0,1,0,0,10.92,11.85,11.77,-1,11.77,0.7564,0.565,0.17699999999999996,0,0,0.0,0.5,0.5,0,D,Physique-Chimie,BAC_1,Grand Lomé,public,M,2023,ADMIS
1,1,0,1,0,0,11.04,10.68,11.58,1,11.58,0.5568,0.318,0.158,0,0,0.0,0.5,0.5,0,A,Anglais,BAC_1,Grand Lomé,public,M,2024,REORIENTE
1,1,0,1,0,0,9.14,10.25,10.41,1,10.41,0.7096,0.589,0.041000000000000016,0,0,0.0,0.5,0.5,0,D,Tourisme et Hôtellerie,BAC_1,Maritime,public,M,2023,ADMIS
1,1,0,1,0,0,10.69,10.47,10.49,1,10.49,0.7154,0.596,0.04900000000000002,0,0,0.0,0.5,0.5,0,F3,Génie Électrique,BAC_1,Grand Lomé,public,F,2023,ADMIS
1,1,0,1,0,0,10.48,10.66,9.49,-1,9.49,0.598,0.574,-0.050999999999999976,0,0,0.0,0.5,0.5,0,D,Informatique,BAC_1,Maritime,public,F,2023,ADMIS
1,1,0,1,0,0,10.3,10.48,10.77,1,10.77,0.6492,0.411,0.07699999999999996,0,0,0.0,0.5,0.5,0,G3,Banque et Assurance,BAC_1,Plateaux Est,privé,M,2023,REORIENTE
1,1,0,1,0,0,11.48,12.26,12.29,1,12.29,0.8566,0.67,0.22899999999999993,0,0,0.0,0.5,0.5,0,D,Pharmacie,BAC_1,Grand Lomé,public,F,2023,ADMIS
1,1,0,1,0,0,11.28,10.96,11.52,1,11.52,0.6166,0.484,0.15199999999999997,0,0,0.0,0.5,0.5,0,G2,Gestion des Entreprises,BAC_1,Grand Lomé,public,F,2023,REORIENTE
1,1,0,1,0,0,10.74,11.78,11.88,1,11.88,0.6174000000000001,0.537,0.18800000000000008,0,0,0.0,0.5,0.5,0,A,Communication et Journalisme,BAC_1,Maritime,public,M,2024,REORIENTE
1,1,0,1,0,0,10.53,10.73,11.28,1,11.28,0.5512,0.298,0.12799999999999995,0,0,0.0,0.5,0.5,0,D,Psychologie,BAC_1,Grand Lomé,public,F,2023,ADMIS
1,1,0,1,0,0,10.97,11.25,11.14,-1,11.14,0.5711999999999999,0.708,0.11400000000000006,0,0,0.0,0.5,0.5,0,F3,Génie Civil,BAC_1,Maritime,public,M,2024,REORIENTE
1,1,0,1,0,0,10.89,9.46,10.64,1,10.64,0.7408000000000001,0.457,0.06400000000000006,0,0,0.0,0.5,0.5,0,A,Droit,BAC_1,Plateaux Ouest,privé,F,2023,REORIENTE
1,1,0,1,0,0,12.2,11.58,12.58,1,12.58,0.6438,0.651,0.258,0,0,0.0,0.5,0.5,0,D,Finance et Comptabilité,BAC_1,Grand Lomé,privé,F,2024,ADMIS
1,1,0,1,0,0,13.49,13.14,13.2,1,13.2,0.6154,0.412,0.31999999999999995,0,0,0.0,0.5,0.5,0,A,Enseignement Primaire,BAC_1,Maritime,public,M,2023,ADMIS
1,1,0,1,0,0,6.19,6.53,7.37,1,7.37,0.587,0.563,-0.263,0,0,0.0,0.5,0.5,0,A,Géographie,BAC_1,Plateaux Ouest,public,F,2023,ADMIS
1,1,0,1,0,0,11.05,10.21,10.88,1,10.88,0.5690000000000001,0.401,0.08800000000000008,0,0,0.0,0.5,0.5,0,D,Pharmacie,BAC_1,Grand Lomé,privé,M,2024,REORIENTE
1,1,0,1,0,0,12.11,11.89,12.33,1,12.33,0.5696,0.467,0.233,0,0,0.0,0.5,0.5,0,A,Anglais,BAC_1,Kara,privé,M,2024,REORIENTE
1,1,0,1,0,0,9.35,7.85,8.79,1,8.79,0.4198,0.574,-0.12100000000000008,0,0,0.0,0.5,0.5,0,D,Gestion des Entreprises,BAC_1,Plateaux Ouest,public,M,2024,REORIENTE
1,1,0,1,0,0,11.92,11.46,12.69,1,12.69,0.3534,0.411,0.26899999999999996,0,0,0.0,0.5,0.5,0,D,Gestion des Entreprises,BAC_1,Plateaux Est,public,M,2024,REORIENTE
1,1,0,1,0,0,5.08,6.06,6.58,1,6.58,0.8512,0.643,-0.34199999999999997,0,0,0.0,0.5,0.5,0,A,Tourisme et Hôtellerie,BAC_1,Maritime,public,F,2023,REORIENTE
1,1,0,1,0,0,11.21,10.21,10.89,1,10.89,0.45899999999999996,0.489,0.08900000000000005,0,0,0.0,0.5,0.5,0,D,Histoire,BAC_1,Grand Lomé,public,M,2024,ADMIS
1,1,0,1,0,0,11.0,10.68,11.13,1,11.13,0.5062,0.436,0.11300000000000007,0,0,0.0,0.5,0.5,0,D,Génie Électrique,BAC_1,Maritime,public,M,2023,REORIENTE
1,1,0,1,0,0,10.7,10.27,11.35,1,11.35,0.7646,0.437,0.13499999999999995,0,0,0.0,0.5,0.5,0,A,Communication et Journalisme,BAC_1,Grand Lomé,public,M,2023,ADMIS
1,1,0,1,0,0,8.67,8.62,9.69,1,9.69,0.5668,0.316,-0.03100000000000005,0,0,0.0,0.5,0.5,0,D,Biologie,BAC_1,Grand Lomé,public,M,2024,REORIENTE
1,1,0,1,0,0,8.78,8.75,9.15,1,9.15,0.7884,0.486,-0.08499999999999996,0,0,0.0,0.5,0.5,0,A,Sciences de l'Éducation,BAC_1,Plateaux Ouest,privé,M,2023,ADMIS
1,1,0,1,0,0,14.19,13.18,14.03,1,14.03,0.49079999999999996,0.57,0.4029999999999999,0,0,0.0,0.5,0.5,0,D,Informatique,BAC_1,Maritime,public,F,2024,ADMIS
1,1,0,1,0,0,9.34,9.62,10.8,1,10.8,0.491,0.476,0.08000000000000007,0,0,0.0,0.5,0.5,0,A,Psychologie,BAC_1,Centrale,privé,M,2024,ADMIS
1,1,0,1,0,0,9.58,11.56,10.55,-1,10.55,0.7052,0.374,0.05500000000000007,0,0,0.0,0.5,0.5,0,A,Communication et Journalisme,BAC_1,Grand Lomé,public,M,2023,ADMIS
1,1,0,1,0,0,10.46,9.01,9.9,1,9.9,0.7827999999999999,0.472,-0.009999999999999964,0,0,0.0,0.5,0.5,0,D,Sciences de l'Éducation,BAC_1,Grand Lomé,public,M,2023,REORIENTE
1,1,0,1,0,0,9.26,10.74,10.77,1,10.77,0.38339999999999996,0.507,0.07699999999999996,0,0,0.0,0.5,0.5,0,D,Génie Informatique,BAC_1,Plateaux Est,public,F,2024,REORIENTE
1,1,0,1,0,0,10.8,11.58,12.08,1,12.08,0.5912,0.545,0.20800000000000002,0,0,0.0,0.5,0.5,0,D,Tourisme et Hôtellerie,BAC_1,Plateaux Est,public,F,2023,REORIENTE
1,1,0,1,0,0,7.57,7.7,8.71,1,8.71,0.7802,0.5,-0.12899999999999992,0,0,0.0,0.5,0.5,0,A,Sciences Politiques,BAC_1,Centrale,privé,F,2023,ADMIS
1,1,0,1,0,0,12.02,11.86,12.67,1,12.67,0.3284,0.491,0.267,0,0,0.0,0.5,0.5,0,D,Sociologie,BAC_1,Centrale,public,F,2024,ADMIS
1,1,0,1,0,0,8.86,9.65,9.47,-1,9.47,0.4666,0.556,-0.052999999999999936,0,0,0.0,0.5,0.5,0,D,STAPS (Activités Physiques et Sportives),BAC_1,Grand Lomé,privé,F,2024,REORIENTE
1,1,0,1,0,0,7.78,10.33,9.47,-1,9.47,0.6365999999999999,0.513,-0.052999999999999936,0,0,0.0,0.5,0.5,0,A,Lettres Modernes,BAC_1,Kara,public,M,2023,REORIENTE
1,1,0,1,0,0,11.26,8.66,10.76,1,10.76,0.544,0.805,0.07599999999999998,0,0,0.0,0.5,0.5,0,D,Finance et Comptabilité,BAC_1,Maritime,public,M,2024,REORIENTE
1,1,0,1,0,0,9.23,9.84,10.68,1,10.68,0.4746,0.483,0.06799999999999998,0,0,0.0,0.5,0.5,0,D,Gestion des Entreprises,BAC_1,Grand Lomé,public,F,2024,REORIENTE
1,1,0,1,0,0,12.04,13.64,13.42,-1,13.42,0.48340000000000005,0.406,0.34199999999999997,0,0,0.0,0.5,0.5,0,D,Génie Informatique,BAC_1,Grand Lomé,public,M,2024,ADMIS
1,1,0,1,0,0,13.52,14.51,15.14,1,15.14,0.5628,0.684,0.514,0,0,0.0,0.5,0.5,0,D,Sciences Infirmières,BAC_1,Maritime,public,F,2024,ADMIS
1,1,0,1,0,0,11.28,10.78,11.04,1,11.04,0.8152,0.559,0.10399999999999991,0,0,0.0,0.5,0.5,0,A,Communication et Journalisme,BAC_1,Savanes,public,M,2023,ADMIS
1,1,0,1,0,0,10.28,10.19,10.51,1,10.51,0.6406,0.697,0.050999999999999976,0,0,0.0,0.5,0.5,0,A,Sciences de l'Éducation,BAC_1,Plateaux Est,public,M,2024,REORIENTE
1,1,0,1,0,0,10.84,10.51,11.24,1,11.24,0.653,0.506,0.12400000000000003,0,0,0.0,0.5,0.5,0,D,Finance et Comptabilité,BAC_1,Grand Lomé,public,M,2024,REORIENTE
1,1,0,1,0,0,13.74,13.68,13.91,1,13.91,0.7234,0.697,0.391,0,0,0.0,0.5,0.5,0,G1,Sciences Politiques,BAC_1,Maritime,public,M,2024,REORIENTE
1,1,0,1,0,0,9.32,9.8,9.65,-1,9.65,0.3936,0.408,-0.03499999999999996,0,0,0.0,0.5,0.5,0,D,Génie Électrique,BAC_1,Kara,public,F,2024,ADMIS
1,1,0,1,0,0,5.18,8.43,8.33,-1,8.33,0.6828,0.669,-0.16699999999999998,0,0,0.0,0.5,0.5,0,D,Génie Informatique,BAC_1,Kara,public,M,2023,REORIENTE
1,1,0,1,0,0,12.06,15.93,14.22,-1,14.22,0.5148,0.753,0.42200000000000004,0,0,0.0,0.5,0.5,0,A,Sciences Politiques,BAC_1,Centrale,public,F,2024,REORIENTE
1,1,0,1,0,0,13.74,11.92,12.5,1,12.5,0.6088,0.607,0.25,0,0,0.0,0.5,0.5,0,D,Informatique,BAC_1,Grand Lomé,public,F,2023,REORIENTE
1,1,0,1,0,0,8.0,9.22,9.48,1,9.48,0.8436,0.624,-0.051999999999999956,0,0,0.0,0.5,0.5,0,A,Tourisme et Hôtellerie,BAC_1,Maritime,privé,F,2023,REORIENTE
1,1,0,1,0,0,9.56,8.97,9.54,1,9.54,0.7924,0.496,-0.04600000000000008,0,0,0.0,0.5,0.5,0,A,Histoire,BAC_1,Maritime,public,F,2023,ADMIS
1,1,0,1,0,0,8.85,8.09,8.64,1,8.64,0.5067999999999999,0.403,-0.13599999999999995,0,0,0.0,0.5,0.5,0,A,Sciences Politiques,BAC_1,Plateaux Ouest,public,F,2024,REORIENTE
1,1,0,1,0,0,10.97,12.1,11.87,-1,11.87,0.687,0.597,0.18699999999999992,0,0,0.0,0.5,0.5,0,D,Génie Civil,BAC_1,Plateaux Est,public,F,2023,REORIENTE
1,1,0,1,0,0,6.5,7.73,8.37,1,8.37,0.7767999999999999,0.457,-0.1630000000000001,0,0,0.0,0.5,0.5,0,A,Droit,BAC_1,Plateaux Ouest,privé,F,2023,REORIENTE
1,1,0,1,0,0,11.38,11.93,11.84,-1,11.84,0.7363999999999999,0.356,0.184,0,0,0.0,0.5,0.5,0,D,Sociologie,BAC_1,Maritime,public,M,2023,ADMIS
1,1,0,1,0,0,14.04,13.62,15.13,1,15.13,0.8664000000000001,0.681,0.5130000000000001,0,0,0.0,0.5,0.5,0,A,Lettres Modernes,BAC_1,Plateaux Ouest,privé,F,2023,ADMIS
1,1,0,1,0,0,8.42,9.74,10.97,1,10.97,0.46240000000000003,0.589,0.09700000000000006,0,0,0.0,0.5,0.5,0,D,Médecine,BAC_1,Centrale,public,M,2024,REORIENTE
1,1,0,1,0,0,10.22,10.46,11.12,1,11.12,0.5778,0.609,0.11199999999999992,0,0,0.0,0.5,0.5,0,D,Sociologie,BAC_1,Plateaux Ouest,public,F,2023,REORIENTE
1,1,0,1,0,0,9.06,11.89,11.8,-1,11.8,0.4864,0.388,0.18000000000000008,0,0,0.0,0.5,0.5,0,A,Sciences de l'Éducation,BAC_1,Maritime,public,M,2024,REORIENTE
1,1,0,1,0,0,10.63,12.1,11.21,-1,11.21,0.6636,0.495,0.12100000000000008,0,0,0.0,0.5,0.5,0,A,Sciences de l'Éducation,BAC_1,Plateaux Est,public,F,2023,ADMIS
1,1,0,1,0,0,7.35,8.13,8.2,1,8.2,0.39799999999999996,0.29,-0.18000000000000008,0,0,0.0,0.5,0.5,0,A,Anglais,BAC_1,Plateaux Est,public,F,2024,REORIENTE
1,1,0,1,0,0,9.87,9.57,10.09,1,10.09,0.2586,0.432,0.008999999999999985,0,0,0.0,0.5,0.5,0,D,Gestion des Entreprises,BAC_1,Maritime,public,F,2024,REORIENTE
1,1,0,1,0,0,12.5,12.94,13.12,1,13.12,0.3438,0.489,0.31199999999999994,0,0,0.0,0.5,0.5,0,A,Anglais,BAC_1,Plateaux Ouest,public,F,2024,ADMIS
1,1,0,1,0,0,10.6,10.85,11.31,1,11.31,0.6168,0.609,0.13100000000000006,0,0,0.0,0.5,0.5,0,A,Droit,BAC_1,Kara,public,M,2023,REORIENTE
1,1,0,1,0,0,13.88,10.6,12.1,1,12.1,0.7236,0.648,0.20999999999999996,0,0,0.0,0.5,0.5,0,A,Tourisme et Hôtellerie,BAC_1,Grand Lomé,public,M,2023,REORIENTE
1,1,0,1,0,0,8.23,8.21,8.68,1,8.68,0.4668,0.429,-0.13200000000000003,0,0,0.0,0.5,0.5,0,B,Gestion des Entreprises,BAC_1,Centrale,public,M,2024,REORIENTE
1,1,0,1,0,0,6.56,6.86,6.84,-1,6.84,0.5988,0.483,-0.316,0,0,0.0,0.5,0.5,0,D,Sciences Infirmières,BAC_1,Savanes,public,M,2023,REORIENTE
1,1,0,1,0,0,8.75,9.36,10.09,1,10.09,0.5062,0.544,0.008999999999999985,0,0,0.0,0.5,0.5,0,A,Psychologie,BAC_1,Plateaux Est,privé,M,2024,REORIENTE
1,1,0,1,0,0,12.55,9.42,10.66,1,10.66,0.8152,0.553,0.06600000000000002,0,0,0.0,0.5,0.5,0,D,Gestion des Entreprises,BAC_1,Plateaux Est,public,F,2023,ADMIS
1,1,0,1,0,0,4.84,6.55,7.09,1,7.09,0.6606,0.492,-0.29100000000000004,0,0,0.0,0.5,0.5,0,C,Mathématiques Appliquées,BAC_1,Plateaux Ouest,privé,F,2024,REORIENTE
1,1,0,1,0,0,9.66,11.12,11.16,1,11.16,0.7194,0.495,0.11600000000000002,0,0,0.0,0.5,0.5,0,D,Agronomie,BAC_1,Centrale,public,M,2023,REORIENTE
1,1,0,1,0,0,7.24,5.5,8.65,1,8.65,0.4172,0.329,-0.13499999999999995,0,0,0.0,0.5,0.5,0,D,Géographie,BAC_1,Maritime,public,M,2024,REORIENTE
1,1,0,1,0,0,10.43,10.83,11.17,1,11.17,0.633,0.63,0.11699999999999999,0,0,0.0,0.5,0.5,0,D,Gestion des Entreprises,BAC_1,Plateaux Ouest,public,F,2023,ADMIS
1,1,0,1,0,0,7.76,7.21,8.36,1,8.36,0.7751999999999999,0.51,-0.16400000000000006,0,0,0.0,0.5,0.5,0,D,Finance et Comptabilité,BAC_1,Grand Lomé,public,F,2023,REORIENTE
1,1,0,1,0,0,5.2,5.52,6.16,1,6.16,0.519,0.537,-0.384,0,0,0.0,0.5,0.5,0,D,Enseignement Primaire,BAC_1,Grand Lomé,privé,M,2024,REORIENTE
1,1,0,1,0,0,10.33,9.89,10.2,1,10.2,0.7551999999999999,0.442,0.019999999999999928,0,0,0.0,0.5,0.5,0,D,Agronomie,BAC_1,Savanes,privé,F,2023,ADMIS
1,1,0,1,0,0,5.89,7.23,7.2,-1,7.2,0.6541999999999999,0.575,-0.27999999999999997,0,0,0.0,0.5,0.5,0,A,Sociologie,BAC_1,Maritime,public,F,2023,ADMIS
1,1,0,1,0,0,9.66,11.26,10.74,-1,10.74,0.5814,0.54,0.07400000000000002,0,0,0.0,0.5,0.5,0,G2,Sciences Infirmières,BAC_1,Maritime,public,M,2023,REORIENTE
1,1,0,1,0,0,9.54,9.82,9.25,-1,9.25,0.6055999999999999,0.461,-0.075,0,0,0.0,0.5,0.5,0,G1,Sciences Politiques,BAC_1,Maritime,public,F,2024,REORIENTE
1,1,0,1,0,0,8.23,10.03,8.88,-1,8.88,0.6012,0.429,-0.11199999999999992,0,0,0.0,0.5,0.5,0,A,Sciences de l'Éducation,BAC_1,Maritime,public,M,2023,REORIENTE
1,1,0,1,0,0,6.89,9.6,8.98,-1,8.98,0.7116,0.489,-0.10199999999999995,0,0,0.0,0.5,0.5,0,A,Sciences Politiques,BAC_1,Centrale,public,F,2023,ADMIS
1,1,0,1,0,0,9.43,10.55,10.88,1,10.88,0.5338,0.571,0.08800000000000008,0,0,0.0,0.5,0.5,0,A,Sociologie,BAC_1,Plateaux Est,public,M,2024,REORIENTE
1,1,0,1,0,0,9.1,8.88,9.26,1,9.26,0.49440000000000006,0.444,-0.07400000000000002,0,0,0.0,0.5,0.5,0,A,Géographie,BAC_1,Grand Lomé,public,M,2024,ADMIS
1,1,0,1,0,0,8.28,6.43,7.86,1,7.86,0.5326,0.478,-0.21399999999999997,0,0,0.0,0.5,0.5,0,D,Génie Civil,BAC_1,Kara,public,M,2023,REORIENTE
1,1,0,1,0,0,8.7,10.21,9.91,-1,9.91,0.5566,0.718,-0.008999999999999985,0,0,0.0,0.5,0.5,0,D,Agronomie,BAC_1,Kara,public,F,2024,ADMIS
1,1,0,1,0,0,10.57,12.11,10.7,-1,10.7,0.39999999999999997,0.574,0.06999999999999992,0,0,0.0,0.5,0.5,0,A,Sciences Politiques,BAC_1,Centrale,public,F,2024,REORIENTE
1,1,0,1,0,0,6.66,7.69,7.89,1,7.89,0.5016,0.459,-0.21100000000000002,0,0,0.0,0.5,0.5,0,A,Psychologie,BAC_1,Plateaux Ouest,privé,F,2024,ADMIS
1,1,0,1,0,0,9.18,8.55,9.58,1,9.58,0.6786,0.6,-0.041999999999999996,0,0,0.0,0.5,0.5,0,D,Gestion des Entreprises,BAC_1,Kara,public,M,2023,REORIENTE
1,1,0,1,0,0,11.72,11.44,12.02,1,12.02,0.523,0.673,0.20199999999999996,0,0,0.0,0.5,0.5,0,D,Finance et Comptabilité,BAC_1,Grand Lomé,public,F,2024,ADMIS
1,1,0,1,0,0,11.32,10.02,10.58,1,10.58,0.6818,0.545,0.05800000000000001,0,0,0.0,0.5,0.5,0,D,Tourisme et Hôtellerie,BAC_1,Maritime,public,F,2023,REORIENTE
1,1,0,1,0,0,10.47,9.8,10.58,1,10.58,0.7103999999999999,0.504,0.05800000000000001,0,0,0.0,0.5,0.5,0,D,Sciences de l'Éducation,BAC_1,Maritime,public,M,2023,REORIENTE
1,1,0,1,0,0,8.99,9.92,9.89,-1,9.89,0.5858000000000001,0.551,-0.010999999999999944,0,0,0.0,0.5,0.5,0,B,Banque et Assurance,BAC_1,Kara,public,F,2023,REORIENTE
1,1,0,1,0,0,10.31,9.25,10.05,1,10.05,0.4632,0.525,0.005000000000000071,0,0,0.0,0.5,0.5,0,D,Agronomie,BAC_1,Centrale,privé,F,2024,REORIENTE
1,1,0,1,0,0,12.41,13.58,12.52,-1,12.52,0.6648000000000001,0.729,0.25199999999999995,0,0,0.0,0.5,0.5,0,D,Génie Civil,BAC_1,Maritime,public,F,2023,REORIENTE
1,1,0,1,0,0,8.72,8.13,9.12,1,9.12,0.5496000000000001,0.768,-0.08800000000000008,0,0,0.0,0.5,0.5,0,A,Sciences Politiques,BAC_1,Kara,public,F,2024,REORIENTE
1,1,0,1,0,0,8.51,7.95,8.86,1,8.86,0.5944,0.433,-0.11400000000000006,0,0,0.0,0.5,0.5,0,F3,Génie Électrique,BAC_1,Kara,public,M,2023,ADMIS
1,1,0,1,0,0,8.29,7.68,8.66,1,8.66,0.6028,0.559,-0.13399999999999998,0,0,0.0,0.5,0.5,0,A,Sociologie,BAC_1,Grand Lomé,public,F,2024,REORIENTE
1,1,0,1,0,0,10.02,12.71,11.76,-1,11.76,0.423,0.534,0.176,0,0,0.0,0.5,0.5,0,D,Gestion des Entreprises,BAC_1,Maritime,public,F,2024,REORIENTE
1,1,0,1,0,0,9.54,10.28,11.21,1,11.21,0.6006,0.495,0.12100000000000008,0,0,0.0,0.5,0.5,0,D,Psychologie,BAC_1,Grand Lomé,public,M,2024,REORIENTE
1,1,0,1,0,0,10.26,9.6,11.26,1,11.26,0.5628,0.384,0.12599999999999997,0,0,0.0,0.5,0.5,0,A,Enseignement Primaire,BAC_1,Kara,public,F,2023,REORIENTE
1,1,0,1,0,0,4.55,3.69,4.83,1,4.83,0.4336,0.547,-0.517,0,0,0.0,0.5,0.5,0,A,Sociologie,BAC_1,Kara,public,F,2024,REORIENTE
1,1,0,1,0,0,11.36,11.87,11.1,-1,11.1,0.5914,0.391,0.10999999999999996,0,0,0.0,0.5,0.5,0,A,Sciences de l'Éducation,BAC_1,Grand Lomé,public,M,2024,REORIENTE
1,1,0,1,0,0,9.86,11.6,11.36,-1,11.36,0.5589999999999999,0.61,0.13599999999999995,0,0,0.0,0.5,0.5,0,G2,Gestion des Entreprises,BAC_1,Kara,public,F,2024,ADMIS
1,1,0,1,0,0,10.83,9.68,9.68,1,9.68,0.41859999999999997,0.607,-0.03200000000000003,0,0,0.0,0.5,0.5,0,D,Sciences de l'Éducation,BAC_1,Maritime,public,M,2024,REORIENTE
1,1,0,1,0,0,8.94,10.16,10.4,1,10.4,0.7598,0.779,0.040000000000000036,0,0,0.0,0.5,0.5,0,C,Économie,BAC_1,Plateaux Est,public,M,2024,REORIENTE
1,1,0,1,0,0,11.8,11.81,11.73,-1,11.73,0.8652,0.678,0.17300000000000004,0,0,0.0,0.5,0.5,0,A,Droit,BAC_1,Grand Lomé,privé,M,2023,ADMIS
1,1,0,1,0,0,13.42,14.41,13.59,-1,13.59,0.5109999999999999,0.418,0.359,0,0,0.0,0.5,0.5,0,A,Géographie,BAC_1,Centrale,privé,F,2024,ADMIS
1,1,0,1,0,0,10.87,11.34,12.3,1,12.3,0.4828,0.526,0.23000000000000007,0,0,0.0,0.5,0.5,0,A,Enseignement Primaire,BAC_1,Grand Lomé,public,M,2024,REORIENTE
1,1,0,1,0,0,10.55,11.96,11.63,-1,11.63,0.6942,0.54,0.1630000000000001,0,0,0.0,0.5,0.5,0,A,Communication et Journalisme,BAC_1,Plateaux Est,public,F,2023,ADMIS
1,1,0,1,0,0,8.02,7.92,9.73,1,9.73,0.7142000000000001,0.614,-0.026999999999999958,0,0,0.0,0.5,0.5,0,D,Génie Électrique,BAC_1,Grand Lomé,public,M,2023,ADMIS
1,1,0,1,0,0,5.87,6.31,7.52,1,7.52,0.6742,0.55,-0.24800000000000005,0,0,0.0,0.5,0.5,0,D,Gestion des Entreprises,BAC_1,Plateaux Est,public,F,2023,REORIENTE
1,1,0,1,0,0,10.42,12.92,12.32,-1,12.32,0.7664,0.431,0.23200000000000004,0,0,0.0,0.5,0.5,0,A,Histoire,BAC_1,Plateaux Ouest,public,M,2023,REORIENTE
1,1,0,1,0,0,11.95,12.06,12.37,1,12.37,0.6588,0.45,0.23699999999999993,0,0,0.0,0.5,0.5,0,A,Sociologie,BAC_1,Centrale,public,F,2023,ADMIS
1,1,0,1,0,0,7.13,5.91,7.12,1,7.12,0.7896,0.549,-0.288,0,0,0.0,0.5,0.5,0,A,STAPS (Activités Physiques et Sportives),BAC_1,Grand Lomé,public,M,2023,REORIENTE
1,1,0,1,0,0,11.06,11.56,11.66,1,11.66,0.597,0.537,0.166,0,0,0.0,0.5,0.5,0,D,Génie Civil,BAC_1,Kara,public,F,2023,REORIENTE
1,1,0,1,0,0,8.97,8.08,8.59,1,8.59,0.6166,0.661,-0.14100000000000001,0,0,0.0,0.5,0.5,0,D,Sciences Environnementales,BAC_1,Plateaux Ouest,public,F,2023,REORIENTE
1,1,0,1,0,0,10.37,9.56,10.57,1,10.57,0.44380000000000003,0.385,0.05700000000000003,0,0,0.0,0.5,0.5,0,D,Sciences de l'Éducation,BAC_1,Plateaux Ouest,public,M,2023,REORIENTE
1,1,0,1,0,0,10.92,12.13,11.83,-1,11.83,0.3496,0.466,0.183,0,0,0.0,0.5,0.5,0,A,Communication et Journalisme,BAC_1,Grand Lomé,public,M,2024,REORIENTE
1,1,0,1,0,0,8.48,10.91,9.5,-1,9.5,0.6182000000000001,0.53,-0.05,0,0,0.0,0.5,0.5,0,A,Lettres Modernes,BAC_1,Maritime,public,M,2024,REORIENTE
1,1,0,1,0,0,7.31,8.88,9.02,1,9.02,0.5619999999999999,0.358,-0.09800000000000005,0,0,0.0,0.5,0.5,0,D,Enseignement Primaire,BAC_1,Plateaux Est,public,M,2023,REORIENTE
1,1,0,1,0,0,10.22,9.58,10.83,1,10.83,0.7345999999999999,0.593,0.083,0,0,0.0,0.5,0.5,0,F3,Génie Civil,BAC_1,Centrale,privé,M,2023,ADMIS
1,1,0,1,0,0,12.6,12.15,11.7,-1,11.7,0.6076,0.514,0.16999999999999993,0,0,0.0,0.5,0.5,0,A,Communication et Journalisme,BAC_1,Grand Lomé,public,F,2024,REORIENTE
1,1,0,1,0,0,9.03,6.66,7.54,1,7.54,0.7108,0.571,-0.246,0,0,0.0,0.5,0.5,0,C,Informatique,BAC_1,Plateaux Ouest,public,F,2024,REORIENTE
1,1,0,1,0,0,8.28,7.78,8.29,1,8.29,0.5416,0.43,-0.1710000000000001,0,0,0.0,0.5,0.5,0,D,Enseignement Primaire,BAC_1,Grand Lomé,privé,M,2024,REORIENTE
1,1,0,1,0,0,9.12,8.42,8.76,1,8.76,0.6736,0.475,-0.12400000000000003,0,0,0.0,0.5,0.5,0,A,Sciences de l'Éducation,BAC_1,Plateaux Ouest,privé,F,2023,REORIENTE
1,1,0,1,0,0,8.34,9.6,10.65,1,10.65,0.49720000000000003,0.466,0.06500000000000003,0,0,0.0,0.5,0.5,0,D,Informatique,BAC_1,Grand Lomé,public,M,2024,REORIENTE
1,1,0,1,0,0,10.36,9.98,10.57,1,10.57,0.3296,0.353,0.05700000000000003,0,0,0.0,0.5,0.5,0,D,Sciences Environnementales,BAC_1,Maritime,public,F,2024,REORIENTE
1,1,0,1,0,0,10.8,8.35,9.65,1,9.65,0.8496,0.66,-0.03499999999999996,0,0,0.0,0.5,0.5,0,A,Enseignement Primaire,BAC_1,Maritime,public,M,2023,REORIENTE
1,1,0,1,0,0,9.41,9.31,9.73,1,9.73,0.4068,0.348,-0.026999999999999958,0,0,0.0,0.5,0.5,0,G2,Finance et Comptabilité,BAC_1,Plateaux Ouest,public,F,2024,REORIENTE
1,1,0,1,0,0,8.95,8.96,9.99,1,9.99,0.6892,0.592,-0.0009999999999999788,0,0,0.0,0.5,0.5,0,A,Sociologie,BAC_1,Grand Lomé,public,M,2023,ADMIS
1,1,0,1,0,0,9.57,8.76,9.51,1,9.51,0.7215999999999999,0.472,-0.04900000000000002,0,0,0.0,0.5,0.5,0,A,Droit,BAC_1,Grand Lomé,public,M,2023,REORIENTE
1,1,0,1,0,0,5.36,4.26,5.4,1,5.4,0.4326,0.483,-0.45999999999999996,0,0,0.0,0.5,0.5,0,A,Lettres Modernes,BAC_1,Plateaux Est,public,F,2024,REORIENTE
1,1,0,1,0,0,9.7,9.81,10.2,1,10.2,0.3542,0.404,0.019999999999999928,0,0,0.0,0.5,0.5,0,A,Communication et Journalisme,BAC_1,Kara,public,M,2024,REORIENTE
1,1,0,1,0,0,10.52,11.72,11.66,-1,11.66,0.5116,0.544,0.166,0,0,0.0,0.5,0.5,0,D,Pharmacie,BAC_1,Plateaux Ouest,privé,M,2024,REORIENTE
1,1,0,1,0,0,6.51,8.27,8.02,-1,8.02,0.5436000000000001,0.666,-0.19800000000000004,0,0,0.0,0.5,0.5,0,G2,Finance et Comptabilité,BAC_1,Grand Lomé,public,M,2024,REORIENTE
1,1,0,1,0,0,7.41,7.28,8.16,1,8.16,0.7942,0.76,-0.184,0,0,0.0,0.5,0.5,0,A,Tourisme et Hôtellerie,BAC_1,Grand Lomé,public,F,2023,REORIENTE
1,1,0,1,0,0,12.04,9.88,10.91,1,10.91,0.5700000000000001,0.471,0.09100000000000001,0,0,0.0,0.5,0.5,0,A,Sociologie,BAC_1,Grand Lomé,public,M,2024,ADMIS
1,1,0,1,0,0,13.94,13.15,14.59,1,14.59,0.6852,0.453,0.45899999999999996,0,0,0.0,0.5,0.5,0,D,Sciences Infirmières,BAC_1,Maritime,privé,F,2023,ADMIS
1,1,0,1,0,0,8.36,9.56,8.77,-1,8.77,0.5813999999999999,0.567,-0.12300000000000004,0,0,0.0,0.5,0.5,0,D,Sociologie,BAC_1,Plateaux Est,public,M,2023,REORIENTE
1,1,0,1,0,0,6.99,5.94,6.35,1,6.35,0.5307999999999999,0.565,-0.36500000000000005,0,0,0.0,0.5,0.5,0,A,Anglais,BAC_1,Plateaux Est,public,M,2024,ADMIS
1,1,0,1,0,0,10.0,8.44,10.08,1,10.08,0.6115999999999999,0.677,0.008000000000000007,0,0,0.0,0.5,0.5,0,B,Gestion des Entreprises,BAC_1,Maritime,privé,M,2024,ADMIS
1,1,0,1,0,0,9.07,9.11,10.36,1,10.36,0.593,0.479,0.03599999999999994,0,0,0.0,0.5,0.5,0,D,Enseignement Primaire,BAC_1,Grand Lomé,public,M,2024,REORIENTE
1,1,0,1,0,0,14.78,13.56,13.51,-1,13.51,0.7056,0.279,0.351,0,0,0.0,0.5,0.5,0,D,Gestion des Entreprises,BAC_1,Grand Lomé,privé,M,2023,ADMIS
1,1,0,1,0,0,10.43,11.14,11.65,1,11.65,0.45520000000000005,0.352,0.16500000000000004,0,0,0.0,0.5,0.5,0,D,Génie Informatique,BAC_1,Savanes,public,M,2024,REORIENTE
1,1,0,1,0,0,6.27,6.74,7.26,1,7.26,0.2858,0.482,-0.274,0,0,0.0,0.5,0.5,0,D,Génie Informatique,BAC_1,Plateaux Ouest,public,M,2024,REORIENTE
1,1,0,1,0,0,10.5,10.47,10.61,1,10.61,0.28180000000000005,0.448,0.06099999999999994,0,0,0.0,0.5,0.5,0,A,Tourisme et Hôtellerie,BAC_1,Centrale,public,M,2024,REORIENTE
1,1,0,1,0,0,6.32,7.87,7.85,-1,7.85,0.2956,0.358,-0.21500000000000002,0,0,0.0,0.5,0.5,0,A,Communication et Journalisme,BAC_1,Centrale,public,F,2024,REORIENTE
1,1,0,1,0,0,7.54,5.43,6.49,1,6.49,0.40880000000000005,0.443,-0.351,0,0,0.0,0.5,0.5,0,D,Informatique,BAC_1,Centrale,public,F,2024,REORIENTE
1,1,0,1,0,0,7.69,8.84,9.01,1,9.01,0.5644,0.475,-0.09900000000000002,0,0,0.0,0.5,0.5,0,D,Sciences Forestières,BAC_1,Plateaux Est,public,F,2023,REORIENTE
1,1,0,1,0,0,10.94,11.72,12.09,1,12.09,0.4436,0.575,0.209,0,0,0.0,0.5,0.5,0,D,Odontologie,BAC_1,Plateaux Est,public,M,2024,REORIENTE
1,1,0,1,0,0,10.87,11.08,11.09,1,11.09,0.5394,0.777,0.10899999999999999,0,0,0.0,0.5,0.5,0,A,Sciences de l'Éducation,BAC_1,Maritime,public,M,2024,ADMIS
1,1,0,1,0,0,12.02,11.7,12.19,1,12.19,0.7342,0.676,0.21899999999999994,0,0,0.0,0.5,0.5,0,A,Lettres Modernes,BAC_1,Plateaux Est,public,M,2023,ADMIS
1,1,0,1,0,0,7.64,10.65,9.46,-1,9.46,0.33740000000000003,0.65,-0.053999999999999916,0,0,0.0,0.5,0.5,0,D,Enseignement Primaire,BAC_1,Grand Lomé,public,F,2024,REORIENTE
1,1,0,1,0,0,8.01,9.48,9.3,-1,9.3,0.7164,0.531,-0.06999999999999992,0,0,0.0,0.5,0.5,0,C,Génie Civil,BAC_1,Kara,public,M,2023,REORIENTE
1,1,0,1,0,0,11.27,13.06,13.58,1,13.58,0.6866,0.533,0.358,0,0,0.0,0.5,0.5,0,A,Droit,BAC_1,Grand Lomé,public,M,2023,ADMIS
1,1,0,1,0,0,8.88,10.04,11.08,1,11.08,0.7194,0.498,0.10800000000000001,0,0,0.0,0.5,0.5,0,D,Génie Informatique,BAC_1,Grand Lomé,public,F,2023,REORIENTE
1,1,0,1,0,0,11.11,12.5,12.61,1,12.61,0.41880000000000006,0.468,0.26099999999999995,0,0,0.0,0.5,0.5,0,D,Pharmacie,BAC_1,Grand Lomé,public,F,2024,ADMIS
1,1,0,1,0,0,8.61,9.63,10.31,1,10.31,0.5105999999999999,0.519,0.03100000000000005,0,0,0.0,0.5,0.5,0,A,Sciences Politiques,BAC_1,Maritime,privé,M,2024,REORIENTE
1,1,0,1,0,0,5.93,8.47,8.78,1,8.78,0.6624,0.519,-0.12200000000000007,0,0,0.0,0.5,0.5,0,D,Sciences Environnementales,BAC_1,Grand Lomé,public,F,2023,ADMIS
1,1,0,1,0,0,12.54,12.3,12.54,1,12.54,0.645,0.6,0.2539999999999999,0,0,0.0,0.5,0.5,0,A,Histoire,BAC_1,Grand Lomé,public,F,2023,ADMIS
1,1,0,1,0,0,10.22,11.81,11.71,-1,11.71,0.614,0.452,0.1710000000000001,0,0,0.0,0.5,0.5,0,D,Sciences Environnementales,BAC_1,Centrale,public,F,2023,ADMIS
1,1,0,1,0,0,10.09,8.73,10.52,1,10.52,0.55,0.652,0.051999999999999956,0,0,0.0,0.5,0.5,0,A,Anglais,BAC_1,Kara,privé,F,2024,ADMIS
1,1,0,1,0,0,8.92,8.64,9.3,1,9.3,0.6174,0.453,-0.06999999999999992,0,0,0.0,0.5,0.5,0,B,Anglais,BAC_1,Maritime,public,F,2024,REORIENTE
1,1,0,1,0,0,10.18,8.3,9.17,1,9.17,0.6479999999999999,0.534,-0.083,0,0,0.0,0.5,0.5,0,G2,Économie,BAC_1,Plateaux Ouest,privé,M,2023,ADMIS
1,1,0,1,0,0,8.99,10.51,11.06,1,11.06,0.6516,0.591,0.10600000000000005,0,0,0.0,0.5,0.5,0,B,Banque et Assurance,BAC_1,Savanes,public,F,2023,ADMIS
1,1,0,1,0,0,12.37,11.53,11.6,1,11.6,0.5104,0.646,0.15999999999999998,0,0,0.0,0.5,0.5,0,D,Génie Électrique,BAC_1,Kara,public,M,2024,REORIENTE
1,1,0,1,0,0,10.27,10.41,10.31,-1,10.31,0.5688,0.546,0.03100000000000005,0,0,0.0,0.5,0.5,0,A,Sciences de l'Éducation,BAC_1,Plateaux Est,public,F,2024,REORIENTE
1,1,0,1,0,0,10.56,10.24,11.26,1,11.26,0.5744,0.341,0.12599999999999997,0,0,0.0,0.5,0.5,0,G2,Économie,BAC_1,Savanes,public,F,2024,REORIENTE
1,1,0,1,0,0,13.32,12.36,12.47,1,12.47,0.7565999999999999,0.507,0.24700000000000005,0,0,0.0,0.5,0.5,0,A,Lettres Modernes,BAC_1,Savanes,public,F,2023,ADMIS
1,1,0,1,0,0,9.89,10.54,11.55,1,11.55,0.7536,0.534,0.15500000000000008,0,0,0.0,0.5,0.5,0,A,Psychologie,BAC_1,Grand Lomé,public,F,2023,REORIENTE
1,1,0,1,0,0,9.4,10.67,9.59,-1,9.59,0.49820000000000003,0.677,-0.041000000000000016,0,0,0.0,0.5,0.5,0,A,Psychologie,BAC_1,Plateaux Est,public,M,2024,REORIENTE
1,1,0,1,0,0,13.52,14.48,13.68,-1,13.68,0.6774,0.624,0.368,0,0,0.0,0.5,0.5,0,D,Génie Électrique,BAC_1,Plateaux Ouest,public,M,2023,ADMIS
1,1,0,1,0,0,12.51,10.58,10.6,1,10.6,0.6586,0.562,0.05999999999999996,0,0,0.0,0.5,0.5,0,G3,Gestion des Entreprises,BAC_1,Maritime,privé,M,2023,REORIENTE
1,1,0,1,0,0,9.08,10.23,9.27,-1,9.27,0.4872,0.561,-0.07300000000000004,0,0,0.0,0.5,0.5,0,A,Sciences de l'Éducation,BAC_1,Savanes,public,M,2024,REORIENTE
1,1,0,1,0,0,9.02,12.04,11.93,-1,11.93,0.4746,0.489,0.19299999999999998,0,0,0.0,0.5,0.5,0,A,Sciences Politiques,BAC_1,Maritime,privé,F,2024,REORIENTE
1,1,0,1,0,0,9.7,11.63,10.37,-1,10.37,0.43899999999999995,0.472,0.03699999999999992,0,0,0.0,0.5,0.5,0,D,Biologie,BAC_1,Maritime,public,F,2024,ADMIS
1,1,0,1,0,0,11.47,11.6,11.63,1,11.63,0.5576,0.548,0.1630000000000001,0,0,0.0,0.5,0.5,0,D,Génie Mécanique,BAC_1,Grand Lomé,public,F,2024,REORIENTE
1,1,0,1,0,0,10.59,9.27,9.65,1,9.65,0.6034,0.784,-0.03499999999999996,0,0,0.0,0.5,0.5,0,D,Sociologie,BAC_1,Grand Lomé,public,F,2024,ADMIS
1,1,0,1,0,0,5.89,8.05,7.4,-1,7.4,0.8735999999999999,0.699,-0.25999999999999995,0,0,0.0,0.5,0.5,0,A,Lettres Modernes,BAC_1,Plateaux Est,privé,F,2023,ADMIS
1,1,0,1,0,0,8.24,7.67,8.31,1,8.31,0.487,0.511,-0.16899999999999996,0,0,0.0,0.5,0.5,0,A,Lettres Modernes,BAC_1,Centrale,public,F,2024,ADMIS
1,1,0,1,0,0,10.96,11.83,11.81,-1,11.81,0.4662,0.408,0.18100000000000005,0,0,0.0,0.5,0.5,0,A,Sciences Politiques,BAC_1,Grand Lomé,public,F,2024,REORIENTE
1,1,0,1,0,0,8.52,10.5,9.97,-1,9.97,0.6397999999999999,0.53,-0.002999999999999936,0,0,0.0,0.5,0.5,0,A,Lettres Modernes,BAC_1,Grand Lomé,public,F,2024,REORIENTE
1,1,0,1,0,0,11.69,11.37,10.98,-1,10.98,0.3792,0.588,0.09800000000000005,0,0,0.0,0.5,0.5,0,A,Lettres Modernes,BAC_1,Grand Lomé,public,M,2024,REORIENTE
1,1,0,1,0,0,10.07,9.82,10.77,1,10.77,0.6204000000000001,0.57,0.07699999999999996,0,0,0.0,0.5,0.5,0,A,Sciences de l'Éducation,BAC_1,Grand Lomé,privé,M,2024,REORIENTE
1,1,0,1,0,0,14.08,14.64,14.43,-1,14.43,0.6701999999999999,0.639,0.44299999999999995,0,0,0.0,0.5,0.5,0,G1,Gestion des Entreprises,BAC_1,Plateaux Ouest,public,M,2023,ADMIS
1,1,0,1,0,0,8.19,9.08,9.59,1,9.59,0.6454,0.58,-0.041000000000000016,0,0,0.0,0.5,0.5,0,D,Finance et Comptabilité,BAC_1,Plateaux Ouest,public,F,2023,ADMIS
1,1,0,1,0,0,12.48,12.74,13.67,1,13.67,0.544,0.544,0.367,0,0,0.0,0.5,0.5,0,A,Sciences de l'Éducation,BAC_1,Plateaux Ouest,public,M,2024,REORIENTE
1,1,0,1,0,0,7.33,8.61,8.9,1,8.9,0.8592,0.663,-0.10999999999999996,0,0,0.0,0.5,0.5,0,D,Sciences de l'Éducation,BAC_1,Savanes,privé,F,2023,ADMIS
1,1,0,1,0,0,12.31,13.52,13.23,-1,13.23,0.41359999999999997,0.587,0.32300000000000006,0,0,0.0,0.5,0.5,0,D,Gestion des Entreprises,BAC_1,Kara,public,F,2024,REORIENTE
1,1,0,1,0,0,9.37,8.95,9.54,1,9.54,0.45840000000000003,0.312,-0.04600000000000008,0,0,0.0,0.5,0.5,0,A,Enseignement Primaire,BAC_1,Centrale,privé,F,2024,ADMIS
1,1,0,1,0,0,10.26,10.6,11.39,1,11.39,0.6634,0.502,0.13900000000000007,0,0,0.0,0.5,0.5,0,D,Sciences Infirmières,BAC_1,Maritime,public,F,2023,REORIENTE
1,1,0,1,0,0,12.01,13.96,12.58,-1,12.58,0.6217999999999999,0.506,0.258,0,0,0.0,0.5,0.5,0,D,Géographie,BAC_1,Grand Lomé,public,M,2024,REORIENTE
1,1,0,1,0,0,12.1,13.39,13.19,-1,13.19,0.7302,0.627,0.31899999999999995,0,0,0.0,0.5,0.5,0,A,STAPS (Activités Physiques et Sportives),BAC_1,Plateaux Est,public,F,2023,ADMIS
1,1,0,1,0,0,10.92,12.29,12.39,1,12.39,0.5074,0.574,0.23900000000000005,0,0,0.0,0.5,0.5,0,D,Médecine,BAC_1,Centrale,public,M,2023,REORIENTE
1,1,0,1,0,0,11.49,11.46,12.84,1,12.84,0.6482,0.287,0.284,0,0,0.0,0.5,0.5,0,D,Gestion des Entreprises,BAC_1,Grand Lomé,public,M,2023,ADMIS
1,1,0,1,0,0,12.02,11.15,11.23,1,11.23,0.6512,0.575,0.12300000000000004,0,0,0.0,0.5,0.5,0,D,Informatique,BAC_1,Plateaux Est,public,M,2023,REORIENTE
1,1,0,1,0,0,13.0,12.96,12.42,-1,12.42,0.6280000000000001,0.733,0.242,0,0,0.0,0.5,0.5,0,A,Tourisme et Hôtellerie,BAC_1,Maritime,public,F,2024,REORIENTE
1,1,0,1,0,0,11.83,9.71,11.42,1,11.42,0.49939999999999996,0.488,0.142,0,0,0.0,0.5,0.5,0,A,Géographie,BAC_1,Grand Lomé,public,F,2024,ADMIS
1,1,0,1,0,0,7.42,6.85,7.73,1,7.73,0.4546,0.427,-0.22699999999999995,0,0,0.0,0.5,0.5,0,D,Génie Informatique,BAC_1,Plateaux Ouest,public,M,2023,REORIENTE
1,1,0,1,0,0,12.52,12.04,13.05,1,13.05,0.704,0.359,0.30500000000000005,0,0,0.0,0.5,0.5,0,A,Histoire,BAC_1,Maritime,public,F,2023,ADMIS
1,1,0,1,0,0,9.17,10.08,10.67,1,10.67,0.5209999999999999,0.242,0.06699999999999999,0,0,0.0,0.5,0.5,0,A,Enseignement Primaire,BAC_1,Maritime,public,M,2023,REORIENTE
1,1,0,1,0,0,8.51,8.52,9.25,1,9.25,0.5773999999999999,0.566,-0.075,0,0,0.0,0.5,0.5,0,A,Communication et Journalisme,BAC_1,Maritime,privé,F,2024,ADMIS
1,1,0,1,0,0,14.19,13.89,13.3,-1,13.3,0.43200000000000005,0.663,0.33000000000000007,0,0,0.0,0.5,0.5,0,A,Droit,BAC_1,Centrale,public,M,2024,REORIENTE
1,1,0,1,0,0,11.85,13.76,12.49,-1,12.49,0.41000000000000003,0.422,0.24900000000000003,0,0,0.0,0.5,0.5,0,D,Génie Informatique,BAC_1,Grand Lomé,public,F,2024,REORIENTE
1,1,0,1,0,0,9.76,7.18,9.57,1,9.57,0.5357999999999999,0.477,-0.04299999999999997,0,0,0.0,0.5,0.5,0,A,Psychologie,BAC_1,Kara,public,F,2024,REORIENTE
1,1,0,1,0,0,7.15,8.93,9.64,1,9.64,0.49319999999999997,0.363,-0.03599999999999994,0,0,0.0,0.5,0.5,0,D,Enseignement Primaire,BAC_1,Kara,public,M,2023,REORIENTE
1,1,0,1,0,0,11.6,10.0,11.59,1,11.59,0.5554,0.364,0.15899999999999997,0,0,0.0,0.5,0.5,0,D,Physique-Chimie,BAC_1,Plateaux Est,public,M,2023,ADMIS
1,1,0,1,0,0,6.39,7.69,7.3,-1,7.3,0.444,0.399,-0.27,0,0,0.0,0.5,0.5,0,A,Sciences de l'Éducation,BAC_1,Plateaux Ouest,privé,M,2024,ADMIS
1,1,0,1,0,0,8.0,8.1,9.68,1,9.68,0.4626,0.486,-0.03200000000000003,0,0,0.0,0.5,0.5,0,D,Finance et Comptabilité,BAC_1,Plateaux Ouest,public,F,2023,REORIENTE
1,1,0,1,0,0,11.16,11.17,11.86,1,11.86,0.6102000000000001,0.663,0.18599999999999994,0,0,0.0,0.5,0.5,0,A,Tourisme et Hôtellerie,BAC_1,Grand Lomé,public,F,2024,REORIENTE
1,1,0,1,0,0,9.49,9.35,9.75,1,9.75,0.723,0.594,-0.025,0,0,0.0,0.5,0.5,0,A,Sociologie,BAC_1,Grand Lomé,public,F,2023,REORIENTE
1,1,0,1,0,0,13.15,12.93,13.3,1,13.3,0.76,0.586,0.33000000000000007,0,0,0.0,0.5,0.5,0,D,Informatique,BAC_1,Grand Lomé,public,F,2023,REORIENTE
1,1,0,1,0,0,7.11,8.34,7.29,-1,7.29,0.6594,0.567,-0.271,0,0,0.0,0.5,0.5,0,D,Informatique,BAC_1,Plateaux Est,public,M,2023,ADMIS
1,1,0,1,0,0,9.95,10.74,11.35,1,11.35,0.45439999999999997,0.608,0.13499999999999995,0,0,0.0,0.5,0.5,0,D,Psychologie,BAC_1,Savanes,public,F,2024,REORIENTE
1,1,0,1,0,0,13.22,12.27,13.18,1,13.18,0.5924,0.587,0.31799999999999995,0,0,0.0,0.5,0.5,0,D,Sciences Environnementales,BAC_1,Kara,public,F,2024,REORIENTE
1,1,0,1,0,0,11.56,13.34,13.41,1,13.41,0.743,0.497,0.341,0,0,0.0,0.5,0.5,0,A,Lettres Modernes,BAC_1,Plateaux Est,public,F,2023,ADMIS
1,1,0,1,0,0,10.77,8.96,10.17,1,10.17,0.4356,0.291,0.016999999999999994,0,0,0.0,0.5,0.5,0,A,Psychologie,BAC_1,Kara,public,M,2023,REORIENTE
1,1,0,1,0,0,12.21,12.22,12.66,1,12.66,0.5664,0.534,0.266,0,0,0.0,0.5,0.5,0,A,Lettres Modernes,BAC_1,Maritime,public,F,2024,REORIENTE
1,1,0,1,0,0,11.32,11.27,11.51,1,11.51,0.5004,0.351,0.15099999999999997,0,0,0.0,0.5,0.5,0,D,Sciences de l'Éducation,BAC_1,Kara,public,F,2023,REORIENTE
1,1,0,1,0,0,10.02,11.56,12.29,1,12.29,0.6372,0.579,0.22899999999999993,0,0,0.0,0.5,0.5,0,D,Psychologie,BAC_1,Grand Lomé,privé,M,2024,ADMIS
1,1,0,1,0,0,11.38,13.11,12.9,-1,12.9,0.46099999999999997,0.332,0.29000000000000004,0,0,0.0,0.5,0.5,0,A,Communication et Journalisme,BAC_1,Grand Lomé,public,F,2024,ADMIS
1,1,0,1,0,0,10.91,10.68,10.36,-1,10.36,0.5154,0.57,0.03599999999999994,0,0,0.0,0.5,0.5,0,A,Psychologie,BAC_1,Plateaux Ouest,public,F,2024,REORIENTE
1,1,0,1,0,0,8.29,6.71,7.67,1,7.67,0.5862,0.648,-0.233,0,0,0.0,0.5,0.5,0,D,Gestion des Entreprises,BAC_1,Grand Lomé,public,M,2024,REORIENTE
1,1,0,1,0,0,8.14,11.49,10.27,-1,10.27,0.4886,0.5,0.026999999999999958,0,0,0.0,0.5,0.5,0,A,Communication et Journalisme,BAC_1,Plateaux Ouest,public,F,2024,ADMIS
1,1,0,1,0,0,14.12,12.46,12.94,1,12.94,0.5794,0.538,0.29399999999999993,0,0,0.0,0.5,0.5,0,D,Tourisme et Hôtellerie,BAC_1,Centrale,public,F,2023,REORIENTE
1,1,0,1,0,0,12.75,11.75,12.09,1,12.09,0.6044,0.662,0.209,0,0,0.0,0.5,0.5,0,D,STAPS (Activités Physiques et Sportives),BAC_1,Savanes,public,M,2024,REORIENTE
1,1,0,1,0,0,11.61,11.62,10.88,-1,10.88,0.69,0.258,0.08800000000000008,0,0,0.0,0.5,0.5,0,D,Agronomie,BAC_1,Grand Lomé,public,M,2023,ADMIS
1,1,0,1,0,0,12.24,11.61,12.27,1,12.27,0.7031999999999999,0.522,0.22699999999999995,0,0,0.0,0.5,0.5,0,F4,Sciences Forestières,BAC_1,Kara,privé,F,2023,REORIENTE
1,1,0,1,0,0,8.8,9.73,9.11,-1,9.11,0.639,0.528,-0.08900000000000005,0,0,0.0,0.5,0.5,0,D,Psychologie,BAC_1,Centrale,public,M,2024,REORIENTE
1,1,0,1,0,0,11.67,12.95,12.82,-1,12.82,0.7777999999999999,0.527,0.28200000000000003,0,0,0.0,0.5,0.5,0,A,Anglais,BAC_1,Maritime,privé,F,2023,ADMIS
1,1,0,1,0,0,9.21,8.52,9.27,1,9.27,0.7412,0.368,-0.07300000000000004,0,0,0.0,0.5,0.5,0,D,Génie Informatique,BAC_1,Centrale,privé,F,2023,REORIENTE
1,1,0,1,0,0,7.53,7.77,8.19,1,8.19,0.5794,0.448,-0.18100000000000005,0,0,0.0,0.5,0.5,0,D,Sociologie,BAC_1,Grand Lomé,privé,F,2024,REORIENTE
1,1,0,1,0,0,9.2,9.95,10.32,1,10.32,0.8180000000000001,0.56,0.03200000000000003,0,0,0.0,0.5,0.5,0,A,Sciences de l'Éducation,BAC_1,Savanes,privé,F,2023,REORIENTE
1,1,0,1,0,0,10.47,10.02,11.2,1,11.2,0.5608,0.526,0.11999999999999993,0,0,0.0,0.5,0.5,0,F3,Génie Électrique,BAC_1,Grand Lomé,privé,M,2024,REORIENTE
1,1,0,1,0,0,10.05,9.46,11.1,1,11.1,0.7612,0.418,0.10999999999999996,0,0,0.0,0.5,0.5,0,A,Psychologie,BAC_1,Maritime,privé,F,2023,ADMIS
1,1,0,1,0,0,10.22,10.75,10.61,-1,10.61,0.44099999999999995,0.222,0.06099999999999994,0,0,0.0,0.5,0.5,0,A,Droit,BAC_1,Grand Lomé,public,M,2024,ADMIS
1,1,0,1,0,0,8.2,7.44,8.18,1,8.18,0.6706,0.4,-0.18200000000000002,0,0,0.0,0.5,0.5,0,A,Sciences de l'Éducation,BAC_1,Plateaux Est,public,F,2023,ADMIS
1,1,0,1,0,0,8.86,8.47,9.35,1,9.35,0.5826,0.576,-0.06500000000000003,0,0,0.0,0.5,0.5,0,G2,Économie,BAC_1,Grand Lomé,public,M,2024,REORIENTE
1,1,0,1,0,0,7.99,9.6,9.43,-1,9.43,0.7021999999999999,0.5,-0.05700000000000003,0,0,0.0,0.5,0.5,0,A,Droit,BAC_1,Plateaux Ouest,public,M,2023,REORIENTE
1,1,0,1,0,0,14.39,15.62,15.74,1,15.74,0.5693999999999999,0.576,0.5740000000000001,0,0,0.0,0.5,0.5,0,D,Médecine,BAC_1,Maritime,public,F,2024,REORIENTE
1,1,0,1,0,0,10.32,11.53,11.25,-1,11.25,0.5893999999999999,0.626,0.125,0,0,0.0,0.5,0.5,0,D,Physique-Chimie,BAC_1,Plateaux Est,privé,F,2023,ADMIS
1,1,0,1,0,0,5.67,5.61,6.01,1,6.01,0.5714,0.728,-0.399,0,0,0.0,0.5,0.5,0,D,Génie Civil,BAC_1,Maritime,privé,M,2024,REORIENTE
1,1,0,1,0,0,9.94,11.29,11.23,-1,11.23,0.5696,0.296,0.12300000000000004,0,0,0.0,0.5,0.5,0,A,Lettres Modernes,BAC_1,Maritime,privé,M,2024,ADMIS
1,1,0,1,0,0,10.0,10.43,11.09,1,11.09,0.2764,0.259,0.10899999999999999,0,0,0.0,0.5,0.5,0,A,Communication et Journalisme,BAC_1,Centrale,public,M,2024,REORIENTE
1,1,0,1,0,0,12.21,11.78,11.89,1,11.89,0.5828,0.413,0.18900000000000006,0,0,0.0,0.5,0.5,0,C,Sciences Infirmières,BAC_1,Kara,public,M,2024,REORIENTE
1,1,0,1,0,0,9.74,9.83,10.23,1,10.23,0.7568,0.689,0.02300000000000004,0,0,0.0,0.5,0.5,0,D,Médecine,BAC_1,Plateaux Ouest,privé,F,2023,REORIENTE
1,1,0,1,0,0,11.88,10.51,10.82,1,10.82,0.5004,0.519,0.08200000000000003,0,0,0.0,0.5,0.5,0,D,Finance et Comptabilité,BAC_1,Kara,privé,F,2024,REORIENTE
1,1,0,1,0,0,10.22,12.59,11.88,-1,11.88,0.4828,0.694,0.18800000000000008,0,0,0.0,0.5,0.5,0,D,Enseignement Primaire,BAC_1,Maritime,public,F,2024,REORIENTE
1,1,0,1,0,0,9.91,11.83,11.68,-1,11.68,0.38259999999999994,0.421,0.16799999999999998,0,0,0.0,0.5,0.5,0,D,Sciences Infirmières,BAC_1,Plateaux Est,public,M,2024,REORIENTE
1,1,0,1,0,0,9.45,11.02,11.25,1,11.25,0.5868,0.537,0.125,0,0,0.0,0.5,0.5,0,A,Psychologie,BAC_1,Plateaux Ouest,public,F,2024,ADMIS
1,1,0,1,0,0,9.19,8.58,9.25,1,9.25,0.6424,0.514,-0.075,0,0,0.0,0.5,0.5,0,A,Sciences de l'Éducation,BAC_1,Kara,public,M,2023,ADMIS
1,1,0,1,0,0,11.73,11.88,13.36,1,13.36,0.3492,0.423,0.33599999999999997,0,0,0.0,0.5,0.5,0,A,Géographie,BAC_1,Centrale,privé,M,2024,REORIENTE
1,1,0,1,0,0,7.54,7.72,8.43,1,8.43,0.5142,0.45,-0.15700000000000003,0,0,0.0,0.5,0.5,0,A,Anglais,BAC_1,Plateaux Ouest,privé,M,2024,REORIENTE
1,1,0,1,0,0,7.78,8.52,8.87,1,8.87,0.4504,0.433,-0.11300000000000007,0,0,0.0,0.5,0.5,0,A,Tourisme et Hôtellerie,BAC_1,Plateaux Ouest,public,F,2024,REORIENTE
1,1,0,1,0,0,12.13,12.96,12.86,-1,12.86,0.483,0.417,0.2859999999999999,0,0,0.0,0.5,0.5,0,A,Anglais,BAC_1,Plateaux Ouest,public,M,2024,ADMIS
1,1,0,1,0,0,9.7,9.5,9.07,-1,9.07,0.567,0.585,-0.09299999999999997,0,0,0.0,0.5,0.5,0,A,STAPS (Activités Physiques et Sportives),BAC_1,Plateaux Est,privé,F,2024,ADMIS
1,1,0,1,0,0,10.05,10.61,11.44,1,11.44,0.5958,0.345,0.14399999999999996,0,0,0.0,0.5,0.5,0,A,Lettres Modernes,BAC_1,Maritime,public,M,2024,ADMIS
1,1,0,1,0,0,6.03,6.89,6.66,-1,6.66,0.5178,0.582,-0.33399999999999996,0,0,0.0,0.5,0.5,0,A,Sciences de l'Éducation,BAC_1,Grand Lomé,public,M,2024,ADMIS
1,1,0,1,0,0,8.92,7.51,8.52,1,8.52,0.4848,0.438,-0.14800000000000005,0,0,0.0,0.5,0.5,0,D,Physique-Chimie,BAC_1,Plateaux Est,privé,F,2024,REORIENTE
1,1,0,1,0,0,12.99,12.57,11.92,-1,11.92,0.5482,0.421,0.192,0,0,0.0,0.5,0.5,0,B,Économie,BAC_1,Kara,public,F,2023,ADMIS
1,1,0,1,0,0,10.75,9.8,10.93,1,10.93,0.7186,0.685,0.09299999999999997,0,0,0.0,0.5,0.5,0,D,STAPS (Activités Physiques et Sportives),BAC_1,Maritime,public,M,2023,ADMIS
1,1,0,1,0,0,14.92,13.8,14.84,1,14.84,0.8049999999999999,0.661,0.484,0,0,0.0,0.5,0.5,0,A,Droit,BAC_1,Plateaux Est,privé,F,2023,ADMIS
1,1,0,1,0,0,8.47,6.62,8.36,1,8.36,0.7288,0.667,-0.16400000000000006,0,0,0.0,0.5,0.5,0,D,Gestion des Entreprises,BAC_1,Maritime,public,F,2023,REORIENTE
1,1,0,1,0,0,10.19,11.84,11.88,1,11.88,0.526,0.64,0.18800000000000008,0,0,0.0,0.5,0.5,0,A,Communication et Journalisme,BAC_1,Kara,privé,F,2024,REORIENTE
1,1,0,1,0,0,11.72,13.2,13.09,-1,13.09,0.7756,0.568,0.309,0,0,0.0,0.5,0.5,0,A,Histoire,BAC_1,Plateaux Est,public,M,2023,ADMIS
1,1,0,1,0,0,9.28,10.71,10.23,-1,10.23,0.7756,0.463,0.02300000000000004,0,0,0.0,0.5,0.5,0,D,Finance et Comptabilité,BAC_1,Savanes,privé,M,2023,REORIENTE
1,1,0,1,0,0,8.8,9.49,9.42,-1,9.42,0.4144,0.442,-0.05800000000000001,0,0,0.0,0.5,0.5,0,A,Droit,BAC_1,Plateaux Est,public,M,2024,REORIENTE
1,1,0,1,0,0,8.12,10.74,10.53,-1,10.53,0.6479999999999999,0.489,0.052999999999999936,0,0,0.0,0.5,0.5,0,A,Sciences de l'Éducation,BAC_1,Grand Lomé,public,F,2023,REORIENTE
1,1,0,1,0,0,7.45,8.51,8.83,1,8.83,0.5294000000000001,0.5,-0.11699999999999999,0,0,0.0,0.5,0.5,0,A,Sciences de l'Éducation,BAC_1,Plateaux Est,privé,M,2024,REORIENTE
1,1,0,1,0,0,8.01,6.65,7.73,1,7.73,0.7636,0.424,-0.22699999999999995,0,0,0.0,0.5,0.5,0,A,Sciences de l'Éducation,BAC_1,Grand Lomé,public,F,2023,ADMIS
1,1,0,1,0,0,9.42,9.08,9.7,1,9.7,0.513,0.402,-0.030000000000000072,0,0,0.0,0.5,0.5,0,A,Géographie,BAC_1,Savanes,public,F,2024,REORIENTE
1,1,0,1,0,0,6.95,8.3,8.57,1,8.57,0.7028,0.371,-0.14299999999999996,0,0,0.0,0.5,0.5,0,A,Enseignement Primaire,BAC_1,Plateaux Est,public,M,2023,REORIENTE
1,1,0,1,0,0,9.39,9.59,10.03,1,10.03,0.3652,0.463,0.002999999999999936,0,0,0.0,0.5,0.5,0,D,Génie Mécanique,BAC_1,Kara,public,F,2024,REORIENTE
1,1,0,1,0,0,9.68,11.44,10.79,-1,10.79,0.6884,0.647,0.07899999999999992,0,0,0.0,0.5,0.5,0,D,Biologie,BAC_1,Grand Lomé,privé,F,2024,ADMIS
1,1,0,1,0,0,10.46,10.32,10.44,1,10.44,0.5674,0.343,0.04399999999999995,0,0,0.0,0.5,0.5,0,D,Finance et Comptabilité,BAC_1,Grand Lomé,privé,F,2024,REORIENTE
1,1,0,1,0,0,10.76,10.79,10.21,-1,10.21,0.5856,0.558,0.021000000000000085,0,0,0.0,0.5,0.5,0,A,Sciences de l'Éducation,BAC_1,Kara,privé,M,2024,ADMIS
1,1,0,1,0,0,6.21,6.77,7.01,1,7.01,0.44999999999999996,0.228,-0.29900000000000004,0,0,0.0,0.5,0.5,0,A,Sociologie,BAC_1,Grand Lomé,public,M,2023,REORIENTE
1,1,0,1,0,0,5.32,7.33,7.03,-1,7.03,0.5144,0.638,-0.297,0,0,0.0,0.5,0.5,0,A,Sciences Politiques,BAC_1,Centrale,public,M,2024,REORIENTE
1,1,0,1,0,0,8.3,10.78,10.61,-1,10.61,0.7163999999999999,0.621,0.06099999999999994,0,0,0.0,0.5,0.5,0,A,Lettres Modernes,BAC_1,Kara,public,F,2023,REORIENTE
1,1,0,1,0,0,10.39,11.71,11.78,1,11.78,0.5008,0.493,0.17799999999999994,0,0,0.0,0.5,0.5,0,D,Génie Civil,BAC_1,Savanes,public,M,2024,REORIENTE
1,1,0,1,0,0,8.57,9.22,9.13,-1,9.13,0.7852000000000001,0.643,-0.08699999999999992,0,0,0.0,0.5,0.5,0,D,Génie Électrique,BAC_1,Grand Lomé,public,F,2023,ADMIS
1,1,0,1,0,0,9.81,9.0,10.37,1,10.37,0.7807999999999999,0.467,0.03699999999999992,0,0,0.0,0.5,0.5,0,D,Physique-Chimie,BAC_1,Plateaux Est,privé,M,2023,REORIENTE
1,1,0,1,0,0,10.77,13.67,13.12,-1,13.12,0.3972,0.615,0.31199999999999994,0,0,0.0,0.5,0.5,0,D,Sociologie,BAC_1,Maritime,public,F,2024,REORIENTE
1,1,0,1,0,0,13.36,13.07,13.27,1,13.27,0.491,0.35,0.32699999999999996,0,0,0.0,0.5,0.5,0,G2,Sciences Infirmières,BAC_1,Centrale,public,F,2024,REORIENTE
1,1,0,1,0,0,10.23,10.4,10.4,-1,10.4,0.6828,0.303,0.040000000000000036,0,0,0.0,0.5,0.5,0,A,Anglais,BAC_1,Grand Lomé,privé,F,2023,ADMIS
1,1,0,1,0,0,8.62,7.61,8.28,1,8.28,0.3428,0.68,-0.17200000000000007,0,0,0.0,0.5,0.5,0,D,Sciences de l'Éducation,BAC_1,Plateaux Est,public,F,2024,ADMIS
1,1,0,1,0,0,9.2,11.04,10.64,-1,10.64,0.6502,0.391,0.06400000000000006,0,0,0.0,0.5,0.5,0,D,Génie Électrique,BAC_1,Kara,public,M,2023,REORIENTE
1,1,0,1,0,0,7.51,6.51,7.48,1,7.48,0.7914,0.546,-0.25199999999999995,0,0,0.0,0.5,0.5,0,A,Sociologie,BAC_1,Grand Lomé,public,F,2023,ADMIS
1,1,0,1,0,0,14.11,14.65,14.0,-1,14.0,0.481,0.637,0.4,0,0,0.0,0.5,0.5,0,A,Géographie,BAC_1,Kara,public,M,2024,REORIENTE
1,1,0,1,0,0,11.25,11.55,11.69,1,11.69,0.5416000000000001,0.385,0.16899999999999996,0,0,0.0,0.5,0.5,0,D,Génie Électrique,BAC_1,Grand Lomé,public,F,2023,ADMIS
1,1,0,1,0,0,10.83,9.74,10.34,1,10.34,0.6574,0.394,0.03399999999999999,0,0,0.0,0.5,0.5,0,A,Arts Plastiques,BAC_1,Maritime,public,F,2023,REORIENTE
1,1,0,1,0,0,12.0,12.5,13.53,1,13.53,0.7902,0.633,0.3529999999999999,0,0,0.0,0.5,0.5,0,D,Finance et Comptabilité,BAC_1,Grand Lomé,public,M,2023,ADMIS
1,1,0,1,0,0,12.82,12.4,12.1,-1,12.1,0.5378,0.497,0.20999999999999996,0,0,0.0,0.5,0.5,0,D,Sciences de l'Éducation,BAC_1,Maritime,public,M,2023,ADMIS
1,1,0,1,0,0,12.1,11.81,12.84,1,12.84,0.6954,0.645,0.284,0,0,0.0,0.5,0.5,0,G1,Gestion des Entreprises,BAC_1,Plateaux Est,public,M,2024,REORIENTE
1,1,0,1,0,0,9.89,10.62,10.9,1,10.9,0.6306,0.588,0.09000000000000004,0,0,0.0,0.5,0.5,0,A,Psychologie,BAC_1,Savanes,privé,M,2024,ADMIS
1,1,0,1,0,0,9.93,9.38,9.58,1,9.58,0.7578,0.609,-0.041999999999999996,0,0,0.0,0.5,0.5,0,A,Arts Plastiques,BAC_1,Plateaux Ouest,privé,F,2023,ADMIS
1,1,0,1,0,0,8.98,10.06,10.33,1,10.33,0.5614,0.595,0.03300000000000001,0,0,0.0,0.5,0.5,0,D,Génie Civil,BAC_1,Maritime,public,M,2024,REORIENTE
1,1,0,1,0,0,9.77,9.96,10.39,1,10.39,0.4132,0.406,0.039000000000000055,0,0,0.0,0.5,0.5,0,A,Histoire,BAC_1,Plateaux Ouest,public,M,2024,REORIENTE
1,1,0,1,0,0,10.31,11.65,11.55,-1,11.55,0.6519999999999999,0.499,0.15500000000000008,0,0,0.0,0.5,0.5,0,G2,Gestion des Entreprises,BAC_1,Kara,public,F,2024,REORIENTE
1,1,0,1,0,0,11.42,10.48,10.81,1,10.81,0.5105999999999999,0.516,0.08100000000000004,0,0,0.0,0.5,0.5,0,D,Sciences de l'Éducation,BAC_1,Kara,privé,F,2024,ADMIS
1,1,0,1,0,0,10.55,9.86,10.35,1,10.35,0.6746,0.566,0.03499999999999996,0,0,0.0,0.5,0.5,0,D,Informatique,BAC_1,Kara,public,F,2023,ADMIS
1,1,0,1,0,0,12.61,12.16,12.33,1,12.33,0.383,0.563,0.233,0,0,0.0,0.5,0.5,0,D,Sciences Infirmières,BAC_1,Grand Lomé,public,F,2024,REORIENTE
1,1,0,1,0,0,11.25,10.71,11.4,1,11.4,0.48640000000000005,0.658,0.14000000000000004,0,0,0.0,0.5,0.5,0,A,Tourisme et Hôtellerie,BAC_1,Centrale,public,F,2024,REORIENTE
1,1,0,1,0,0,6.92,7.66,8.73,1,8.73,0.6724,0.535,-0.12699999999999995,0,0,0.0,0.5,0.5,0,D,Sciences de l'Éducation,BAC_1,Maritime,public,F,2023,REORIENTE
1,1,0,1,0,0,10.28,11.36,11.55,1,11.55,0.49440000000000006,0.396,0.15500000000000008,0,0,0.0,0.5,0.5,0,A,Communication et Journalisme,BAC_1,Grand Lomé,privé,F,2024,ADMIS
1,1,0,1,0,0,10.5,10.63,10.22,-1,10.22,0.4628,0.404,0.022000000000000065,0,0,0.0,0.5,0.5,0,D,Finance et Comptabilité,BAC_1,Plateaux Ouest,public,M,2023,ADMIS
1,1,0,1,0,0,12.79,14.24,13.51,-1,13.51,0.8388,0.612,0.351,0,0,0.0,0.5,0.5,0,A,Droit,BAC_1,Plateaux Est,public,M,2023,ADMIS
1,1,0,1,0,0,8.25,8.17,9.12,1,9.12,0.6674,0.581,-0.08800000000000008,0,0,0.0,0.5,0.5,0,F4,Génie Civil,BAC_1,Plateaux Ouest,public,M,2023,ADMIS
1,1,0,1,0,0,8.49,9.96,10.35,1,10.35,0.826,0.58,0.03499999999999996,0,0,0.0,0.5,0.5,0,A,Communication et Journalisme,BAC_1,Centrale,privé,F,2023,ADMIS
1,1,0,1,0,0,9.86,8.82,10.08,1,10.08,0.7476,0.699,0.008000000000000007,0,0,0.0,0.5,0.5,0,D,Sciences de l'Éducation,BAC_1,Maritime,public,M,2023,ADMIS
1,1,0,1,0,0,9.44,9.16,9.38,1,9.38,0.5458000000000001,0.55,-0.06199999999999992,0,0,0.0,0.5,0.5,0,A,Droit,BAC_1,Maritime,privé,M,2024,ADMIS
1,1,0,1,0,0,12.16,12.84,11.81,-1,11.81,0.579,0.384,0.18100000000000005,0,0,0.0,0.5,0.5,0,D,Pharmacie,BAC_1,Maritime,public,F,2023,REORIENTE
1,1,0,1,0,0,8.92,10.83,11.32,1,11.32,0.49080000000000007,0.405,0.13200000000000003,0,0,0.0,0.5,0.5,0,D,Sciences Infirmières,BAC_1,Plateaux Est,privé,F,2024,REORIENTE
1,1,0,1,0,0,7.88,9.18,8.72,-1,8.72,0.5808,0.48,-0.12799999999999995,0,0,0.0,0.5,0.5,0,A,Enseignement Primaire,BAC_1,Grand Lomé,privé,M,2024,ADMIS
1,1,0,1,0,0,9.78,10.38,10.43,1,10.43,0.5152,0.547,0.04299999999999997,0,0,0.0,0.5,0.5,0,D,Psychologie,BAC_1,Grand Lomé,public,F,2024,REORIENTE
1,1,0,1,0,0,8.75,11.77,9.47,-1,9.47,0.612,0.633,-0.052999999999999936,0,0,0.0,0.5,0.5,0,A,Psychologie,BAC_1,Grand Lomé,public,F,2024,REORIENTE
1,1,0,1,0,0,8.86,8.75,9.71,1,9.71,0.8186,0.656,-0.028999999999999915,0,0,0.0,0.5,0.5,0,C,Mathématiques Appliquées,BAC_1,Savanes,public,M,2023,ADMIS
1,1,0,1,0,0,9.61,10.12,9.59,-1,9.59,0.7964,0.506,-0.041000000000000016,0,0,0.0,0.5,0.5,0,A,Anglais,BAC_1,Centrale,privé,F,2023,ADMIS
1,1,0,1,0,0,6.85,7.49,7.42,-1,7.42,0.573,0.585,-0.258,0,0,0.0,0.5,0.5,0,A,STAPS (Activités Physiques et Sportives),BAC_1,Maritime,public,F,2024,ADMIS
1,1,0,1,0,0,12.0,12.08,11.38,-1,11.38,0.4656,0.378,0.13800000000000007,0,0,0.0,0.5,0.5,0,A,Sociologie,BAC_1,Grand Lomé,public,M,2024,ADMIS
1,1,0,1,0,0,8.54,9.42,10.2,1,10.2,0.7462,0.526,0.019999999999999928,0,0,0.0,0.5,0.5,0,D,Enseignement Primaire,BAC_1,Grand Lomé,public,F,2023,ADMIS
1,1,0,1,0,0,11.0,9.9,11.31,1,11.31,0.6678,0.576,0.13100000000000006,0,0,0.0,0.5,0.5,0,D,Informatique,BAC_1,Grand Lomé,public,M,2024,REORIENTE
1,1,0,1,0,0,13.08,11.47,12.34,1,12.34,0.6966,0.534,0.23399999999999999,0,0,0.0,0.5,0.5,0,A,Communication et Journalisme,BAC_1,Maritime,privé,M,2024,REORIENTE
1,1,0,1,0,0,13.22,12.65,12.98,1,12.98,0.8148,0.636,0.29800000000000004,0,0,0.0,0.5,0.5,0,A,Communication et Journalisme,BAC_1,Maritime,privé,F,2023,ADMIS
1,1,0,1,0,0,11.43,11.41,11.34,-1,11.34,0.615,0.576,0.13399999999999998,0,0,0.0,0.5,0.5,0,G2,Économie,BAC_1,Grand Lomé,privé,F,2024,ADMIS
1,1,0,1,0,0,8.49,9.75,10.25,1,10.25,0.6743999999999999,0.6,0.025,0,0,0.0,0.5,0.5,0,D,Histoire,BAC_1,Grand Lomé,privé,M,2024,REORIENTE
1,1,0,1,0,0,10.66,12.55,12.11,-1,12.11,0.4838,0.314,0.21099999999999994,0,0,0.0,0.5,0.5,0,A,Psychologie,BAC_1,Centrale,public,M,2024,REORIENTE
1,1,0,1,0,0,12.76,10.78,11.51,1,11.51,0.46940000000000004,0.653,0.15099999999999997,0,0,0.0,0.5,0.5,0,D,Sociologie,BAC_1,Maritime,public,M,2024,ADMIS
1,1,0,1,0,0,11.35,11.48,12.11,1,12.11,0.6104,0.509,0.21099999999999994,0,0,0.0,0.5,0.5,0,A,Tourisme et Hôtellerie,BAC_1,Plateaux Est,public,F,2023,ADMIS
1,1,0,1,0,0,5.2,7.15,7.16,1,7.16,0.6036,0.579,-0.284,0,0,0.0,0.5,0.5,0,D,Gestion des Entreprises,BAC_1,Maritime,public,M,2024,ADMIS
1,1,0,1,0,0,10.2,11.5,10.46,-1,10.46,0.6092,0.449,0.04600000000000008,0,0,0.0,0.5,0.5,0,D,Enseignement Primaire,BAC_1,Grand Lomé,public,M,2023,REORIENTE
1,1,0,1,0,0,9.97,12.34,12.32,-1,12.32,0.5592,0.492,0.23200000000000004,0,0,0.0,0.5,0.5,0,D,Médecine,BAC_1,Kara,privé,M,2023,ADMIS
1,1,0,1,0,0,11.43,12.83,12.38,-1,12.38,0.7829999999999999,0.519,0.23800000000000007,0,0,0.0,0.5,0.5,0,A,Communication et Journalisme,BAC_1,Plateaux Ouest,privé,F,2023,ADMIS
1,1,0,1,0,0,12.04,11.69,10.55,-1,10.55,0.5379999999999999,0.472,0.05500000000000007,0,0,0.0,0.5,0.5,0,D,Génie Civil,BAC_1,Grand Lomé,public,F,2024,REORIENTE
1,1,0,1,0,0,11.45,10.22,10.18,-1,10.18,0.8164,0.556,0.01799999999999997,0,0,0.0,0.5,0.5,0,A,Tourisme et Hôtellerie,BAC_1,Grand Lomé,privé,F,2023,REORIENTE
1,1,0,1,0,0,8.7,8.37,9.22,1,9.22,0.5231999999999999,0.6,-0.07799999999999993,0,0,0.0,0.5,0.5,0,D,STAPS (Activités Physiques et Sportives),BAC_1,Savanes,public,M,2024,REORIENTE
1,1,0,1,0,0,9.45,10.66,10.11,-1,10.11,0.4184,0.41,0.010999999999999944,0,0,0.0,0.5,0.5,0,D,Psychologie,BAC_1,Centrale,privé,F,2024,REORIENTE
1,1,0,1,0,0,13.33,14.32,14.92,1,14.92,0.8522000000000001,0.941,0.492,0,0,0.0,0.5,0.5,0,D,Médecine,BAC_1,Plateaux Ouest,privé,M,2023,REORIENTE
1,1,0,1,0,0,9.88,11.18,11.87,1,11.87,0.3896,0.512,0.18699999999999992,0,0,0.0,0.5,0.5,0,A,Tourisme et Hôtellerie,BAC_1,Centrale,public,F,2024,ADMIS
1,1,0,1,0,0,8.8,6.77,7.35,1,7.35,0.7182,0.555,-0.265,0,0,0.0,0.5,0.5,0,D,Finance et Comptabilité,BAC_1,Grand Lomé,public,F,2023,REORIENTE
1,1,0,1,0,0,9.82,8.32,10.04,1,10.04,0.4618,0.649,0.003999999999999915,0,0,0.0,0.5,0.5,0,A,Anglais,BAC_1,Centrale,public,F,2024,REORIENTE
1,1,0,1,0,0,6.11,7.67,7.34,-1,7.34,0.6594,0.603,-0.266,0,0,0.0,0.5,0.5,0,B,Communication et Journalisme,BAC_1,Maritime,public,M,2023,ADMIS
1,1,0,1,0,0,8.16,9.21,8.99,-1,8.99,0.7598,0.527,-0.10099999999999998,0,0,0.0,0.5,0.5,0,D,Sciences Forestières,BAC_1,Maritime,public,M,2023,REORIENTE
1,1,0,1,0,0,9.26,8.71,9.08,1,9.08,0.45940000000000003,0.496,-0.092,0,0,0.0,0.5,0.5,0,A,Lettres Modernes,BAC_1,Plateaux Ouest,public,M,2024,REORIENTE
1,1,0,1,0,0,5.85,6.42,7.01,1,7.01,0.7772,0.458,-0.29900000000000004,0,0,0.0,0.5,0.5,0,A,Sciences de l'Éducation,BAC_1,Plateaux Ouest,privé,M,2023,ADMIS
1,1,0,1,0,0,9.23,10.57,11.21,1,11.21,0.5922000000000001,0.642,0.12100000000000008,0,0,0.0,0.5,0.5,0,A,Droit,BAC_1,Plateaux Ouest,public,F,2024,REORIENTE
1,1,0,1,0,0,8.36,8.63,9.15,1,9.15,0.7452,0.63,-0.08499999999999996,0,0,0.0,0.5,0.5,0,D,Sciences Environnementales,BAC_1,Grand Lomé,public,M,2023,ADMIS
1,1,0,1,0,0,8.33,8.18,9.32,1,9.32,0.7999999999999999,0.584,-0.06799999999999998,0,0,0.0,0.5,0.5,0,A,Sociologie,BAC_1,Grand Lomé,privé,F,2023,ADMIS
1,1,0,1,0,0,12.34,11.73,12.38,1,12.38,0.6706,0.82,0.23800000000000007,0,0,0.0,0.5,0.5,0,D,Médecine,BAC_1,Plateaux Ouest,public,F,2023,REORIENTE
1,1,0,1,0,0,9.96,9.45,9.41,-1,9.41,0.6714,0.525,-0.05899999999999998,0,0,0.0,0.5,0.5,0,A,Lettres Modernes,BAC_1,Plateaux Ouest,public,M,2023,REORIENTE
1,1,0,1,0,0,6.8,7.69,7.26,-1,7.26,0.5492,0.512,-0.274,0,0,0.0,0.5,0.5,0,D,Sciences Environnementales,BAC_1,Grand Lomé,public,F,2023,REORIENTE
1,1,0,1,0,0,9.28,9.3,9.46,1,9.46,0.6368,0.62,-0.053999999999999916,0,0,0.0,0.5,0.5,0,D,Psychologie,BAC_1,Plateaux Est,public,F,2023,REORIENTE
1,1,0,1,0,0,10.88,10.32,11.27,1,11.27,0.83,0.788,0.12699999999999995,0,0,0.0,0.5,0.5,0,A,Sciences de l'Éducation,BAC_1,Grand Lomé,public,M,2023,REORIENTE
1,1,0,1,0,0,12.71,13.82,14.24,1,14.24,0.8419999999999999,0.674,0.42400000000000004,0,0,0.0,0.5,0.5,0,A,STAPS (Activités Physiques et Sportives),BAC_1,Grand Lomé,public,F,2023,ADMIS
1,1,0,1,0,0,8.66,9.66,10.34,1,10.34,0.6678000000000001,0.681,0.03399999999999999,0,0,0.0,0.5,0.5,0,G2,Économie,BAC_1,Plateaux Est,public,F,2024,ADMIS
1,1,0,1,0,0,7.27,6.92,8.32,1,8.32,0.814,0.604,-0.16799999999999998,0,0,0.0,0.5,0.5,0,D,Informatique,BAC_1,Grand Lomé,public,F,2023,ADMIS
1,1,0,1,0,0,10.12,11.03,10.72,-1,10.72,0.6756,0.705,0.07200000000000006,0,0,0.0,0.5,0.5,0,A,Sciences Politiques,BAC_1,Grand Lomé,public,F,2024,REORIENTE
1,1,0,1,0,0,10.35,11.67,11.7,1,11.7,0.4726,0.658,0.16999999999999993,0,0,0.0,0.5,0.5,0,A,Anglais,BAC_1,Centrale,public,F,2024,REORIENTE
1,1,0,1,0,0,13.69,13.61,13.38,-1,13.38,0.6356,0.653,0.3380000000000001,0,0,0.0,0.5,0.5,0,A,Droit,BAC_1,Kara,public,M,2023,ADMIS
1,1,0,1,0,0,11.07,11.1,11.31,1,11.31,0.41800000000000004,0.457,0.13100000000000006,0,0,0.0,0.5,0.5,0,A,Enseignement Primaire,BAC_1,Grand Lomé,public,F,2024,ADMIS
1,1,0,1,0,0,12.57,12.15,12.23,1,12.23,0.7128,0.297,0.22300000000000003,0,0,0.0,0.5,0.5,0,D,Génie Civil,BAC_1,Plateaux Ouest,public,M,2023,REORIENTE
1,1,0,1,0,0,8.25,8.48,8.23,-1,8.23,0.599,0.518,-0.17699999999999996,0,0,0.0,0.5,0.5,0,G2,Gestion des Entreprises,BAC_1,Grand Lomé,public,M,2023,REORIENTE
1,1,0,1,0,0,14.53,15.19,15.91,1,15.91,0.4222,0.574,0.591,0,0,0.0,0.5,0.5,0,D,Pharmacie,BAC_1,Plateaux Est,public,F,2024,ADMIS
1,1,0,1,0,0,10.83,11.61,11.38,-1,11.38,0.6582,0.666,0.13800000000000007,0,0,0.0,0.5,0.5,0,A,Tourisme et Hôtellerie,BAC_1,Kara,privé,F,2024,REORIENTE
1,1,0,1,0,0,9.16,11.88,11.11,-1,11.11,0.42300000000000004,0.357,0.11099999999999995,0,0,0.0,0.5,0.5,0,A,Sciences de l'Éducation,BAC_1,Grand Lomé,public,M,2024,REORIENTE
1,1,0,1,0,0,10.93,12.7,11.75,-1,11.75,0.8184,0.561,0.175,0,0,0.0,0.5,0.5,0,A,Anglais,BAC_1,Maritime,public,M,2023,REORIENTE
1,1,0,1,0,0,7.59,6.9,7.98,1,7.98,0.8324,0.596,-0.20199999999999996,0,0,0.0,0.5,0.5,0,D,Tourisme et Hôtellerie,BAC_1,Maritime,privé,M,2023,ADMIS
1,1,0,1,0,0,6.62,7.44,7.36,-1,7.36,0.679,0.523,-0.26399999999999996,0,0,0.0,0.5,0.5,0,D,Enseignement Primaire,BAC_1,Grand Lomé,public,F,2023,REORIENTE
1,1,0,1,0,0,8.66,10.84,11.79,1,11.79,0.5438,0.482,0.1789999999999999,0,0,0.0,0.5,0.5,0,D,Psychologie,BAC_1,Savanes,public,F,2023,ADMIS
1,1,0,1,0,0,7.41,7.94,9.08,1,9.08,0.7036,0.625,-0.092,0,0,0.0,0.5,0.5,0,D,Sciences Environnementales,BAC_1,Grand Lomé,public,M,2023,REORIENTE
1,1,0,1,0,0,11.54,11.92,12.09,1,12.09,0.38139999999999996,0.499,0.209,0,0,0.0,0.5,0.5,0,D,Finance et Comptabilité,BAC_1,Maritime,public,M,2024,REORIENTE
1,1,0,1,0,0,7.12,9.04,8.78,-1,8.78,0.706,0.574,-0.12200000000000007,0,0,0.0,0.5,0.5,0,G2,Banque et Assurance,BAC_1,Grand Lomé,public,M,2024,REORIENTE
1,1,0,1,0,0,8.19,8.48,8.84,1,8.84,0.4586,0.35,-0.11600000000000002,0,0,0.0,0.5,0.5,0,D,Génie Informatique,BAC_1,Grand Lomé,public,M,2024,ADMIS
1,1,0,1,0,0,5.71,6.6,6.99,1,6.99,0.7132,0.436,-0.301,0,0,0.0,0.5,0.5,0,A,Droit,BAC_1,Kara,public,M,2023,REORIENTE
1,1,0,1,0,0,11.78,10.28,11.2,1,11.2,0.5698,0.49,0.11999999999999993,0,0,0.0,0.5,0.5,0,A,Psychologie,BAC_1,Plateaux Est,public,F,2024,REORIENTE
1,1,0,1,0,0,7.56,6.17,7.6,1,7.6,0.5142,0.6,-0.24000000000000005,0,0,0.0,0.5,0.5,0,A,Droit,BAC_1,Centrale,public,M,2024,REORIENTE
1,1,0,1,0,0,11.48,11.09,10.9,-1,10.9,0.8779999999999999,0.71,0.09000000000000004,0,0,0.0,0.5,0.5,0,A,Droit,BAC_1,Grand Lomé,public,M,2023,REORIENTE
1,1,0,1,0,0,12.59,12.31,12.95,1,12.95,0.6459999999999999,0.529,0.29499999999999993,0,0,0.0,0.5,0.5,0,G3,Sciences Infirmières,BAC_1,Grand Lomé,privé,M,2023,ADMIS
1,1,0,1,0,0,5.35,5.54,7.49,1,7.49,0.6372,0.42,-0.251,0,0,0.0,0.5,0.5,0,A,Sociologie,BAC_1,Grand Lomé,privé,M,2024,ADMIS
1,1,0,1,0,0,7.68,6.78,8.0,1,8.0,0.7116,0.531,-0.2,0,0,0.0,0.5,0.5,0,A,Enseignement Primaire,BAC_1,Maritime,privé,F,2024,ADMIS
1,1,0,1,0,0,12.17,11.29,11.79,1,11.79,0.691,0.403,0.1789999999999999,0,0,0.0,0.5,0.5,0,A,Communication et Journalisme,BAC_1,Savanes,public,F,2023,ADMIS
1,1,0,1,0,0,10.34,11.04,11.32,1,11.32,0.3728,0.551,0.13200000000000003,0,0,0.0,0.5,0.5,0,A,Sciences de l'Éducation,BAC_1,Savanes,public,M,2024,REORIENTE
1,1,0,1,0,0,9.25,10.5,10.58,1,10.58,0.734,0.548,0.05800000000000001,0,0,0.0,0.5,0.5,0,D,Géographie,BAC_1,Maritime,public,F,2023,ADMIS
1,1,0,1,0,0,6.77,6.82,7.39,1,7.39,0.656,0.749,-0.261,0,0,0.0,0.5,0.5,0,G2,Droit,BAC_1,Centrale,public,F,2023,REORIENTE
1,1,0,1,0,0,10.0,12.24,11.61,-1,11.61,0.7418,0.632,0.16099999999999995,0,0,0.0,0.5,0.5,0,A,Droit,BAC_1,Plateaux Ouest,public,F,2023,ADMIS
1,1,0,1,0,0,9.14,10.0,10.63,1,10.63,0.22820000000000001,0.203,0.06300000000000008,0,0,0.0,0.5,0.5,0,A,Enseignement Primaire,BAC_1,Centrale,public,M,2024,REORIENTE
1,1,0,1,0,0,8.32,8.26,9.09,1,9.09,0.8022,0.684,-0.09100000000000001,0,0,0.0,0.5,0.5,0,D,Informatique,BAC_1,Savanes,public,F,2023,REORIENTE
1,1,0,1,0,0,11.93,13.24,14.0,1,14.0,0.3624,0.504,0.4,0,0,0.0,0.5,0.5,0,D,Agronomie,BAC_1,Maritime,public,F,2024,REORIENTE
1,1,0,1,0,0,9.14,7.95,9.38,1,9.38,0.6080000000000001,0.677,-0.06199999999999992,0,0,0.0,0.5,0.5,0,A,STAPS (Activités Physiques et Sportives),BAC_1,Kara,public,F,2024,REORIENTE
1,1,0,1,0,0,9.65,8.78,9.68,1,9.68,0.5784,0.633,-0.03200000000000003,0,0,0.0,0.5,0.5,0,D,Biologie,BAC_1,Maritime,privé,F,2024,REORIENTE
1,1,0,1,0,0,6.79,6.61,7.09,1,7.09,0.6259999999999999,0.344,-0.29100000000000004,0,0,0.0,0.5,0.5,0,A,Lettres Modernes,BAC_1,Grand Lomé,privé,F,2024,REORIENTE
1,1,0,1,0,0,10.87,11.02,11.02,-1,11.02,0.8719999999999999,0.695,0.10199999999999995,0,0,0.0,0.5,0.5,0,D,Informatique,BAC_1,Grand Lomé,privé,F,2023,REORIENTE
1,1,0,1,0,0,12.46,12.28,12.52,1,12.52,0.8204,0.632,0.25199999999999995,0,0,0.0,0.5,0.5,0,D,STAPS (Activités Physiques et Sportives),BAC_1,Kara,privé,M,2023,ADMIS
1,1,0,1,0,0,9.62,10.06,10.04,-1,10.04,0.7686,0.648,0.003999999999999915,0,0,0.0,0.5,0.5,0,C,Sciences Environnementales,BAC_1,Grand Lomé,privé,M,2023,ADMIS
1,1,0,1,0,0,12.77,13.61,14.58,1,14.58,0.521,0.347,0.458,0,0,0.0,0.5,0.5,0,A,Arts Plastiques,BAC_1,Grand Lomé,public,M,2024,REORIENTE
1,1,0,1,0,0,9.55,10.4,10.12,-1,10.12,0.4406,0.509,0.011999999999999922,0,0,0.0,0.5,0.5,0,D,Psychologie,BAC_1,Plateaux Est,privé,M,2024,ADMIS
1,1,0,1,0,0,9.76,10.92,11.4,1,11.4,0.6524,0.578,0.14000000000000004,0,0,0.0,0.5,0.5,0,D,Génie Informatique,BAC_1,Plateaux Est,public,F,2023,REORIENTE
1,1,0,1,0,0,11.06,11.2,11.38,1,11.38,0.5826,0.807,0.13800000000000007,0,0,0.0,0.5,0.5,0,D,Sciences Infirmières,BAC_1,Plateaux Ouest,public,F,2023,ADMIS
1,1,0,1,0,0,11.44,10.94,11.15,1,11.15,0.4708,0.535,0.11500000000000003,0,0,0.0,0.5,0.5,0,D,Informatique,BAC_1,Grand Lomé,public,F,2024,REORIENTE
1,1,0,1,0,0,7.01,8.16,8.6,1,8.6,0.743,0.602,-0.14000000000000004,0,0,0.0,0.5,0.5,0,A,Lettres Modernes,BAC_1,Plateaux Est,public,F,2023,REORIENTE
1,1,0,1,0,0,8.4,9.87,10.54,1,10.54,0.6906,0.66,0.053999999999999916,0,0,0.0,0.5,0.5,0,A,Psychologie,BAC_1,Centrale,public,M,2023,REORIENTE
1,1,0,1,0,0,8.59,8.14,8.19,1,8.19,0.7002,0.468,-0.18100000000000005,0,0,0.0,0.5,0.5,0,A,Communication et Journalisme,BAC_1,Plateaux Ouest,public,M,2023,REORIENTE
1,1,0,1,0,0,6.17,7.9,8.0,1,8.0,0.5462,0.299,-0.2,0,0,0.0,0.5,0.5,0,A,Sociologie,BAC_1,Grand Lomé,public,F,2024,REORIENTE
1,1,0,1,0,0,7.1,9.1,10.26,1,10.26,0.5888,0.233,0.025999999999999978,0,0,0.0,0.5,0.5,0,D,Sciences Environnementales,BAC_1,Plateaux Est,privé,M,2023,REORIENTE
1,1,0,1,0,0,8.87,10.36,9.74,-1,9.74,0.7456,0.379,-0.025999999999999978,0,0,0.0,0.5,0.5,0,A,Histoire,BAC_1,Savanes,public,M,2023,ADMIS
1,1,0,1,0,0,4.48,7.5,6.68,-1,6.68,0.49540000000000006,0.556,-0.332,0,0,0.0,0.5,0.5,0,D,Histoire,BAC_1,Plateaux Ouest,public,M,2024,REORIENTE
1,1,0,1,0,0,12.81,13.94,13.09,-1,13.09,0.5306,0.506,0.309,0,0,0.0,0.5,0.5,0,D,Médecine,BAC_1,Plateaux Ouest,public,F,2023,REORIENTE
1,1,0,1,0,0,10.47,10.38,11.39,1,11.39,0.4361999999999999,0.57,0.13900000000000007,0,0,0.0,0.5,0.5,0,A,Enseignement Primaire,BAC_1,Maritime,public,F,2024,REORIENTE
1,1,0,1,0,0,13.1,11.22,12.93,1,12.93,0.5088,0.507,0.293,0,0,0.0,0.5,0.5,0,A,Arts Plastiques,BAC_1,Maritime,public,M,2024,REORIENTE
1,1,0,1,0,0,9.97,9.19,10.29,1,10.29,0.7081999999999999,0.524,0.028999999999999915,0,0,0.0,0.5,0.5,0,A,Droit,BAC_1,Maritime,privé,F,2024,ADMIS
1,1,0,1,0,0,9.99,9.87,10.46,1,10.46,0.676,0.538,0.04600000000000008,0,0,0.0,0.5,0.5,0,D,Finance et Comptabilité,BAC_1,Maritime,public,M,2023,REORIENTE
1,1,0,1,0,0,14.03,12.78,12.88,1,12.88,0.74,0.365,0.2880000000000001,0,0,0.0,0.5,0.5,0,A,Sciences de l'Éducation,BAC_1,Maritime,public,M,2023,ADMIS
1,1,0,1,0,0,11.19,11.74,10.76,-1,10.76,0.5366,0.572,0.07599999999999998,0,0,0.0,0.5,0.5,0,A,Sciences de l'Éducation,BAC_1,Grand Lomé,public,M,2024,REORIENTE
1,1,0,1,0,0,8.32,9.06,8.71,-1,8.71,0.34520000000000006,0.533,-0.12899999999999992,0,0,0.0,0.5,0.5,0,D,Gestion des Entreprises,BAC_1,Centrale,public,M,2024,REORIENTE
1,1,0,1,0,0,9.98,10.47,10.43,-1,10.43,0.687,0.432,0.04299999999999997,0,0,0.0,0.5,0.5,0,A,Enseignement Primaire,BAC_1,Grand Lomé,public,M,2023,ADMIS
1,1,0,1,0,0,18.58,18.08,17.24,-1,17.24,0.4736,0.542,0.7239999999999999,0,0,0.0,0.5,0.5,0,D,Génie Civil,BAC_1,Plateaux Est,public,F,2023,ADMIS
1,1,0,1,0,0,10.46,11.97,11.64,-1,11.64,0.4962,0.444,0.16400000000000006,0,0,0.0,0.5,0.5,0,D,Gestion des Entreprises,BAC_1,Plateaux Est,privé,F,2024,ADMIS
1,1,0,1,0,0,6.74,8.57,8.51,-1,8.51,0.5783999999999999,0.594,-0.14900000000000002,0,0,0.0,0.5,0.5,0,A,Psychologie,BAC_1,Maritime,privé,M,2024,REORIENTE
1,1,0,1,0,0,11.13,11.11,11.24,1,11.24,0.6006,0.432,0.12400000000000003,0,0,0.0,0.5,0.5,0,A,Histoire,BAC_1,Plateaux Est,privé,F,2024,ADMIS
1,1,0,1,0,0,6.43,5.4,5.92,1,5.92,0.6652,0.178,-0.40800000000000003,0,0,0.0,0.5,0.5,0,A,Lettres Modernes,BAC_1,Grand Lomé,public,F,2023,ADMIS
1,1,0,1,0,0,8.66,10.74,10.28,-1,10.28,0.4382,0.335,0.027999999999999935,0,0,0.0,0.5,0.5,0,A,Arts Plastiques,BAC_1,Centrale,privé,F,2024,REORIENTE
1,1,0,1,0,0,9.16,10.09,10.32,1,10.32,0.6626,0.323,0.03200000000000003,0,0,0.0,0.5,0.5,0,A,Géographie,BAC_1,Savanes,public,F,2023,REORIENTE
1,1,0,1,0,0,11.88,11.74,11.56,-1,11.56,0.5176000000000001,0.547,0.15600000000000006,0,0,0.0,0.5,0.5,0,A,Tourisme et Hôtellerie,BAC_1,Plateaux Ouest,public,M,2024,REORIENTE
1,1,0,1,0,0,7.42,7.99,8.84,1,8.84,0.4406,0.542,-0.11600000000000002,0,0,0.0,0.5,0.5,0,A,Tourisme et Hôtellerie,BAC_1,Grand Lomé,public,M,2024,ADMIS
1,1,0,1,0,0,8.57,10.02,10.67,1,10.67,0.603,0.411,0.06699999999999999,0,0,0.0,0.5,0.5,0,D,Histoire,BAC_1,Maritime,public,M,2023,ADMIS
1,1,0,1,0,0,9.87,10.46,10.15,-1,10.15,0.4652,0.551,0.015000000000000036,0,0,0.0,0.5,0.5,0,D,Finance et Comptabilité,BAC_1,Centrale,privé,F,2024,REORIENTE
1,1,0,1,0,0,8.84,9.43,9.87,1,9.87,0.4124,0.365,-0.013000000000000077,0,0,0.0,0.5,0.5,0,D,Biologie,BAC_1,Centrale,public,M,2024,REORIENTE
1,1,0,1,0,0,5.6,6.48,7.27,1,7.27,0.47939999999999994,0.288,-0.273,0,0,0.0,0.5,0.5,0,A,Histoire,BAC_1,Plateaux Ouest,public,M,2024,ADMIS
1,1,0,1,0,0,10.88,11.76,12.35,1,12.35,0.84,0.615,0.23499999999999996,0,0,0.0,0.5,0.5,0,F1,Génie Civil,BAC_1,Plateaux Est,public,F,2024,ADMIS
1,1,0,1,0,0,11.96,12.34,12.25,-1,12.25,0.41019999999999995,0.295,0.225,0,0,0.0,0.5,0.5,0,D,Gestion des Entreprises,BAC_1,Grand Lomé,public,F,2024,ADMIS
1,1,0,1,0,0,11.94,11.96,12.03,1,12.03,0.31620000000000004,0.318,0.20299999999999993,0,0,0.0,0.5,0.5,0,A,Tourisme et Hôtellerie,BAC_1,Centrale,public,M,2024,REORIENTE
1,1,0,1,0,0,10.02,10.83,10.84,1,10.84,0.4632,0.627,0.08399999999999999,0,0,0.0,0.5,0.5,0,A,Psychologie,BAC_1,Grand Lomé,public,F,2024,REORIENTE
1,1,0,1,0,0,9.41,10.96,11.65,1,11.65,0.5518000000000001,0.481,0.16500000000000004,0,0,0.0,0.5,0.5,0,A,Lettres Modernes,BAC_1,Grand Lomé,public,F,2024,ADMIS
1,1,0,1,0,0,6.94,7.66,8.49,1,8.49,0.597,0.579,-0.15099999999999997,0,0,0.0,0.5,0.5,0,A,Psychologie,BAC_1,Centrale,public,M,2024,ADMIS
1,1,0,1,0,0,7.67,7.05,8.6,1,8.6,0.6394,0.298,-0.14000000000000004,0,0,0.0,0.5,0.5,0,A,Droit,BAC_1,Plateaux Est,public,M,2023,REORIENTE
1,1,0,1,0,0,9.58,9.48,10.14,1,10.14,0.45780000000000004,0.687,0.014000000000000058,0,0,0.0,0.5,0.5,0,D,Physique-Chimie,BAC_1,Kara,public,F,2024,REORIENTE
1,1,0,1,0,0,11.81,11.6,12.15,1,12.15,0.6706,0.478,0.21500000000000002,0,0,0.0,0.5,0.5,0,A,Sociologie,BAC_1,Grand Lomé,privé,M,2024,ADMIS
1,1,0,1,0,0,9.31,9.02,9.34,1,9.34,0.8048,0.527,-0.06600000000000002,0,0,0.0,0.5,0.5,0,D,Enseignement Primaire,BAC_1,Grand Lomé,privé,M,2023,ADMIS
1,1,0,1,0,0,5.55,7.7,7.29,-1,7.29,0.82,0.565,-0.271,0,0,0.0,0.5,0.5,0,A,Sociologie,BAC_1,Centrale,privé,M,2023,ADMIS
1,1,0,1,0,0,7.29,9.34,8.42,-1,8.42,0.8624,0.671,-0.158,0,0,0.0,0.5,0.5,0,A,Communication et Journalisme,BAC_1,Plateaux Ouest,public,F,2023,ADMIS
1,1,0,1,0,0,7.71,11.05,10.18,-1,10.18,0.588,0.621,0.01799999999999997,0,0,0.0,0.5,0.5,0,D,Finance et Comptabilité,BAC_1,Kara,public,M,2024,ADMIS
1,1,0,1,0,0,6.6,7.2,8.14,1,8.14,0.7203999999999999,0.625,-0.18599999999999994,0,0,0.0,0.5,0.5,0,D,Tourisme et Hôtellerie,BAC_1,Grand Lomé,privé,F,2023,REORIENTE
1,1,0,1,0,0,11.14,10.45,10.68,1,10.68,0.7866,0.651,0.06799999999999998,0,0,0.0,0.5,0.5,0,A,Sciences Politiques,BAC_1,Plateaux Ouest,privé,M,2023,REORIENTE
1,1,0,1,0,0,8.32,10.09,9.63,-1,9.63,0.4626,0.366,-0.03699999999999992,0,0,0.0,0.5,0.5,0,A,Sciences de l'Éducation,BAC_1,Centrale,privé,M,2024,ADMIS
1,1,0,1,0,0,11.95,11.56,11.34,-1,11.34,0.6636,0.348,0.13399999999999998,0,0,0.0,0.5,0.5,0,A,Enseignement Primaire,BAC_1,Grand Lomé,public,F,2023,ADMIS
1,1,0,1,0,0,8.74,7.68,8.46,1,8.46,0.8986000000000001,0.802,-0.15399999999999991,0,0,0.0,0.5,0.5,0,D,Informatique,BAC_1,Savanes,public,M,2023,REORIENTE
1,1,0,1,0,0,10.84,10.56,11.58,1,11.58,0.6779999999999999,0.597,0.158,0,0,0.0,0.5,0.5,0,G1,Économie,BAC_1,Plateaux Est,public,F,2023,ADMIS
1,1,0,1,0,0,11.93,12.01,11.62,-1,11.62,0.7914000000000001,0.633,0.16199999999999992,0,0,0.0,0.5,0.5,0,A,Anglais,BAC_1,Plateaux Est,public,M,2023,ADMIS
1,1,0,1,0,0,10.23,10.1,10.36,1,10.36,0.4730000000000001,0.683,0.03599999999999994,0,0,0.0,0.5,0.5,0,A,Communication et Journalisme,BAC_1,Plateaux Est,public,M,2024,REORIENTE
1,1,0,1,0,0,5.43,5.41,6.99,1,6.99,0.6075999999999999,0.61,-0.301,0,0,0.0,0.5,0.5,0,A,Sciences Politiques,BAC_1,Plateaux Est,privé,F,2024,ADMIS
1,1,0,1,0,0,14.21,13.87,13.92,1,13.92,0.4874,0.437,0.392,0,0,0.0,0.5,0.5,0,A,Sciences de l'Éducation,BAC_1,Grand Lomé,public,F,2024,REORIENTE
1,1,0,1,0,0,7.0,6.38,6.82,1,6.82,0.6284,0.446,-0.31799999999999995,0,0,0.0,0.5,0.5,0,D,Psychologie,BAC_1,Kara,privé,F,2023,REORIENTE
1,1,0,1,0,0,12.62,11.63,12.4,1,12.4,0.782,0.47,0.24000000000000005,0,0,0.0,0.5,0.5,0,A,STAPS (Activités Physiques et Sportives),BAC_1,Maritime,public,M,2023,ADMIS
1,1,0,1,0,0,8.22,9.0,8.85,-1,8.85,0.631,0.565,-0.11500000000000003,0,0,0.0,0.5,0.5,0,A,Tourisme et Hôtellerie,BAC_1,Centrale,public,F,2023,REORIENTE
1,1,0,1,0,0,8.65,8.5,8.37,-1,8.37,0.4474,0.688,-0.1630000000000001,0,0,0.0,0.5,0.5,0,A,Sciences de l'Éducation,BAC_1,Grand Lomé,public,F,2024,ADMIS
1,1,0,1,0,0,8.05,8.08,8.33,1,8.33,0.566,0.323,-0.16699999999999998,0,0,0.0,0.5,0.5,0,A,Sciences de l'Éducation,BAC_1,Savanes,public,F,2024,REORIENTE
1,1,0,1,0,0,10.96,11.25,11.5,1,11.5,0.644,0.605,0.15,0,0,0.0,0.5,0.5,0,A,Communication et Journalisme,BAC_1,Plateaux Ouest,public,F,2023,REORIENTE
1,1,0,1,0,0,10.1,10.98,10.63,-1,10.63,0.5562,0.438,0.06300000000000008,0,0,0.0,0.5,0.5,0,D,Enseignement Primaire,BAC_1,Centrale,public,M,2023,REORIENTE
1,1,0,1,0,0,11.44,11.41,11.46,1,11.46,0.6162000000000001,0.51,0.14600000000000007,0,0,0.0,0.5,0.5,0,A,Sciences de l'Éducation,BAC_1,Grand Lomé,privé,F,2024,ADMIS
1,1,0,1,0,0,9.16,9.25,9.85,1,9.85,0.25279999999999997,0.104,-0.015000000000000036,0,0,0.0,0.5,0.5,0,D,Sociologie,BAC_1,Grand Lomé,public,M,2024,REORIENTE
1,1,0,1,0,0,8.34,6.96,9.08,1,9.08,0.6666,0.39,-0.092,0,0,0.0,0.5,0.5,0,A,Droit,BAC_1,Centrale,public,F,2023,REORIENTE
1,1,0,1,0,0,8.16,7.5,9.11,1,9.11,0.5034000000000001,0.435,-0.08900000000000005,0,0,0.0,0.5,0.5,0,D,Informatique,BAC_1,Grand Lomé,public,F,2024,REORIENTE
1,1,0,1,0,0,8.89,10.8,10.28,-1,10.28,0.45740000000000003,0.53,0.027999999999999935,0,0,0.0,0.5,0.5,0,D,Sciences Infirmières,BAC_1,Plateaux Ouest,public,F,2024,REORIENTE
1,1,0,1,0,0,7.86,9.78,10.33,1,10.33,0.42880000000000007,0.397,0.03300000000000001,0,0,0.0,0.5,0.5,0,D,Biologie,BAC_1,Plateaux Ouest,public,M,2023,ADMIS
1,1,0,1,0,0,12.83,13.38,14.32,1,14.32,0.7864,0.598,0.43200000000000005,0,0,0.0,0.5,0.5,0,A,Sciences de l'Éducation,BAC_1,Plateaux Est,privé,M,2023,ADMIS
1,1,0,1,0,0,6.95,8.2,7.96,-1,7.96,0.36960000000000004,0.444,-0.20400000000000001,0,0,0.0,0.5,0.5,0,D,Génie Électrique,BAC_1,Plateaux Ouest,public,M,2024,REORIENTE
1,1,0,1,0,0,8.87,10.0,9.85,-1,9.85,0.5426,0.599,-0.015000000000000036,0,0,0.0,0.5,0.5,0,A,Droit,BAC_1,Plateaux Est,public,F,2023,REORIENTE
1,1,0,1,0,0,9.34,7.98,9.14,1,9.14,0.5766,0.528,-0.08599999999999994,0,0,0.0,0.5,0.5,0,A,Lettres Modernes,BAC_1,Grand Lomé,public,M,2024,ADMIS
1,1,0,1,0,0,11.19,10.18,11.07,1,11.07,0.8848,0.727,0.10700000000000003,0,0,0.0,0.5,0.5,0,D,Sciences Forestières,BAC_1,Maritime,public,F,2023,REORIENTE
1,1,0,1,0,0,11.17,11.99,11.36,-1,11.36,0.35000000000000003,0.551,0.13599999999999995,0,0,0.0,0.5,0.5,0,D,Informatique,BAC_1,Maritime,public,F,2024,REORIENTE
1,1,0,1,0,0,6.28,6.15,7.2,1,7.2,0.7254,0.465,-0.27999999999999997,0,0,0.0,0.5,0.5,0,A,Droit,BAC_1,Grand Lomé,privé,M,2024,REORIENTE
1,1,0,1,0,0,15.96,16.66,16.59,-1,16.59,0.8286,0.636,0.659,0,0,0.0,0.5,0.5,0,D,Médecine,BAC_1,Grand Lomé,public,M,2023,ADMIS
1,1,0,1,0,0,9.27,9.77,10.41,1,10.41,0.44020000000000004,0.316,0.041000000000000016,0,0,0.0,0.5,0.5,0,A,Anglais,BAC_1,Plateaux Ouest,public,M,2024,REORIENTE
1,1,0,1,0,0,7.95,9.23,9.82,1,9.82,0.5571999999999999,0.505,-0.01799999999999997,0,0,0.0,0.5,0.5,0,A,Droit,BAC_1,Maritime,privé,M,2024,ADMIS
1,1,0,1,0,0,14.71,14.02,14.95,1,14.95,0.601,0.499,0.49499999999999994,0,0,0.0,0.5,0.5,0,F4,Génie Mécanique,BAC_1,Maritime,public,M,2023,ADMIS
1,1,0,1,0,0,10.68,10.08,10.7,1,10.7,0.452,0.665,0.06999999999999992,0,0,0.0,0.5,0.5,0,D,Gestion des Entreprises,BAC_1,Maritime,public,F,2024,ADMIS
1,1,0,1,0,0,7.6,8.41,8.59,1,8.59,0.49779999999999996,0.4,-0.14100000000000001,0,0,0.0,0.5,0.5,0,A,Arts Plastiques,BAC_1,Maritime,public,M,2024,REORIENTE
1,1,0,1,0,0,13.84,13.44,13.89,1,13.89,0.7370000000000001,0.662,0.38900000000000007,0,0,0.0,0.5,0.5,0,D,Sciences Infirmières,BAC_1,Grand Lomé,public,F,2023,REORIENTE
1,1,0,1,0,0,7.2,6.29,6.43,1,6.43,0.7292,0.338,-0.35700000000000004,0,0,0.0,0.5,0.5,0,A,Sociologie,BAC_1,Maritime,public,M,2023,ADMIS
1,1,0,1,0,0,13.26,12.42,12.84,1,12.84,0.6588,0.465,0.284,0,0,0.0,0.5,0.5,0,A,Histoire,BAC_1,Grand Lomé,public,M,2024,ADMIS
1,1,0,1,0,0,8.72,9.99,10.05,1,10.05,0.7142,0.662,0.005000000000000071,0,0,0.0,0.5,0.5,0,A,Droit,BAC_1,Plateaux Ouest,privé,M,2024,REORIENTE
1,1,0,1,0,0,12.69,12.52,12.87,1,12.87,0.5826,0.519,0.2869999999999999,0,0,0.0,0.5,0.5,0,A,Histoire,BAC_1,Kara,public,F,2024,ADMIS
1,1,0,1,0,0,8.47,9.49,9.65,1,9.65,0.7614,0.594,-0.03499999999999996,0,0,0.0,0.5,0.5,0,D,Informatique,BAC_1,Grand Lomé,privé,M,2024,REORIENTE
1,1,0,1,0,0,13.57,12.81,12.46,-1,12.46,0.6714,0.588,0.24600000000000008,0,0,0.0,0.5,0.5,0,D,Génie Civil,BAC_1,Plateaux Ouest,public,F,2023,REORIENTE
1,1,0,1,0,0,8.4,9.58,9.18,-1,9.18,0.7633999999999999,0.47,-0.08200000000000003,0,0,0.0,0.5,0.5,0,A,Sciences de l'Éducation,BAC_1,Grand Lomé,public,F,2023,REORIENTE
1,1,0,1,0,0,10.92,10.39,11.44,1,11.44,0.7236,0.531,0.14399999999999996,0,0,0.0,0.5,0.5,0,A,Histoire,BAC_1,Plateaux Ouest,public,F,2023,REORIENTE
1,1,0,1,0,0,12.92,12.68,12.56,-1,12.56,0.7981999999999999,0.563,0.25600000000000006,0,0,0.0,0.5,0.5,0,A,Enseignement Primaire,BAC_1,Centrale,public,F,2023,REORIENTE
1,1,0,1,0,0,9.42,8.58,9.16,1,9.16,0.3634,0.466,-0.08399999999999999,0,0,0.0,0.5,0.5,0,A,Droit,BAC_1,Plateaux Est,public,F,2024,REORIENTE
1,1,0,1,0,0,11.56,8.96,10.0,1,10.0,0.8082,0.606,0.0,0,0,0.0,0.5,0.5,0,A,Droit,BAC_1,Maritime,privé,M,2023,REORIENTE
1,1,0,1,0,0,9.19,9.23,10.34,1,10.34,0.5078,0.458,0.03399999999999999,0,0,0.0,0.5,0.5,0,A,Lettres Modernes,BAC_1,Maritime,public,F,2024,ADMIS
1,1,0,1,0,0,8.58,10.08,9.9,-1,9.9,0.4372,0.457,-0.009999999999999964,0,0,0.0,0.5,0.5,0,A,Psychologie,BAC_1,Centrale,privé,F,2024,ADMIS
1,1,0,1,0,0,8.42,10.03,10.25,1,10.25,0.5109999999999999,0.403,0.025,0,0,0.0,0.5,0.5,0,D,Génie Mécanique,BAC_1,Grand Lomé,public,M,2023,REORIENTE
1,1,0,1,0,0,8.83,7.86,8.38,1,8.38,0.7362,0.579,-0.16199999999999992,0,0,0.0,0.5,0.5,0,A,Droit,BAC_1,Plateaux Est,public,F,2023,REORIENTE
1,1,0,1,0,0,11.24,10.07,11.22,1,11.22,0.6128,0.422,0.12200000000000007,0,0,0.0,0.5,0.5,0,D,Tourisme et Hôtellerie,BAC_1,Grand Lomé,public,F,2023,ADMIS
1,1,0,1,0,0,8.44,9.24,9.47,1,9.47,0.5726,0.434,-0.052999999999999936,0,0,0.0,0.5,0.5,0,D,Génie Civil,BAC_1,Savanes,public,F,2023,REORIENTE
1,1,0,1,0,0,5.62,9.33,9.4,1,9.4,0.5656,0.55,-0.05999999999999996,0,0,0.0,0.5,0.5,0,D,Génie Civil,BAC_1,Kara,public,M,2023,REORIENTE
1,1,0,1,0,0,4.73,7.7,7.82,1,7.82,0.6436000000000001,0.445,-0.21799999999999997,0,0,0.0,0.5,0.5,0,D,Gestion des Entreprises,BAC_1,Kara,public,M,2023,REORIENTE
1,1,0,1,0,0,11.3,12.72,12.83,1,12.83,0.8180000000000001,0.56,0.28300000000000003,0,0,0.0,0.5,0.5,0,D,Génie Informatique,BAC_1,Plateaux Est,privé,F,2023,ADMIS
1,1,0,1,0,0,11.43,10.83,11.32,1,11.32,0.6214,0.439,0.13200000000000003,0,0,0.0,0.5,0.5,0,D,Tourisme et Hôtellerie,BAC_1,Grand Lomé,public,F,2023,ADMIS
1,1,0,1,0,0,8.36,8.29,9.02,1,9.02,0.3408,0.45,-0.09800000000000005,0,0,0.0,0.5,0.5,0,A,Arts Plastiques,BAC_1,Centrale,public,M,2024,REORIENTE
1,1,0,1,0,0,11.61,9.86,11.25,1,11.25,0.5224,0.367,0.125,0,0,0.0,0.5,0.5,0,A,Sciences Politiques,BAC_1,Grand Lomé,public,F,2024,REORIENTE
1,1,0,1,0,0,7.91,7.31,8.59,1,8.59,0.6266,0.422,-0.14100000000000001,0,0,0.0,0.5,0.5,0,A,Droit,BAC_1,Kara,public,M,2023,REORIENTE
1,1,0,1,0,0,7.93,9.07,8.98,-1,8.98,0.43720000000000003,0.415,-0.10199999999999995,0,0,0.0,0.5,0.5,0,D,Gestion des Entreprises,BAC_1,Savanes,public,M,2024,REORIENTE
1,1,0,1,0,0,10.41,11.28,12.11,1,12.11,0.5212,0.517,0.21099999999999994,0,0,0.0,0.5,0.5,0,A,Tourisme et Hôtellerie,BAC_1,Maritime,public,F,2024,REORIENTE
1,1,0,1,0,0,9.09,9.37,9.93,1,9.93,0.7076,0.467,-0.007000000000000029,0,0,0.0,0.5,0.5,0,A,Histoire,BAC_1,Grand Lomé,public,F,2023,ADMIS
1,1,0,1,0,0,9.65,9.22,8.82,-1,8.82,0.532,0.685,-0.11799999999999997,0,0,0.0,0.5,0.5,0,A,Lettres Modernes,BAC_1,Centrale,public,M,2024,REORIENTE
1,1,0,1,0,0,6.64,6.93,6.87,-1,6.87,0.2818,0.391,-0.313,0,0,0.0,0.5,0.5,0,D,Informatique,BAC_1,Plateaux Est,public,F,2024,REORIENTE
1,1,0,1,0,0,6.26,7.82,7.26,-1,7.26,0.5856000000000001,0.438,-0.274,0,0,0.0,0.5,0.5,0,D,Biologie,BAC_1,Plateaux Ouest,privé,F,2023,ADMIS
1,1,0,1,0,0,6.73,7.0,6.74,-1,6.74,0.6246,0.495,-0.32599999999999996,0,0,0.0,0.5,0.5,0,A,Sciences Politiques,BAC_1,Grand Lomé,public,F,2024,ADMIS
1,1,0,1,0,0,11.37,9.98,10.29,1,10.29,0.8452,0.628,0.028999999999999915,0,0,0.0,0.5,0.5,0,T1,Génie Mécanique,BAC_1,Plateaux Ouest,public,F,2024,REORIENTE
1,1,0,1,0,0,6.75,7.3,7.39,1,7.39,0.4946,0.509,-0.261,0,0,0.0,0.5,0.5,0,G3,Finance et Comptabilité,BAC_1,Grand Lomé,public,M,2024,ADMIS
1,1,0,1,0,0,9.11,9.55,10.59,1,10.59,0.4826,0.566,0.05899999999999998,0,0,0.0,0.5,0.5,0,D,Géographie,BAC_1,Grand Lomé,public,M,2024,ADMIS
1,1,0,1,0,0,9.44,10.81,10.73,-1,10.73,0.6574,0.709,0.07300000000000004,0,0,0.0,0.5,0.5,0,D,Finance et Comptabilité,BAC_1,Grand Lomé,privé,F,2024,ADMIS
1,1,0,1,0,0,9.22,8.96,8.97,1,8.97,0.6072,0.36,-0.10299999999999994,0,0,0.0,0.5,0.5,0,D,Psychologie,BAC_1,Kara,privé,M,2023,REORIENTE
1,1,0,1,0,0,9.26,9.23,10.44,1,10.44,0.8976,0.798,0.04399999999999995,0,0,0.0,0.5,0.5,0,F3,Génie Civil,BAC_1,Kara,privé,M,2024,REORIENTE
1,1,0,1,0,0,10.67,10.13,10.69,1,10.69,0.48400000000000004,0.535,0.06899999999999995,0,0,0.0,0.5,0.5,0,A,Psychologie,BAC_1,Savanes,public,F,2024,REORIENTE
1,1,0,1,0,0,6.17,6.48,7.08,1,7.08,0.351,0.27,-0.292,0,0,0.0,0.5,0.5,0,A,Lettres Modernes,BAC_1,Grand Lomé,public,F,2024,REORIENTE
1,1,0,1,0,0,10.91,12.08,12.24,1,12.24,0.8615999999999999,0.669,0.22400000000000003,0,0,0.0,0.5,0.5,0,A,Droit,BAC_1,Maritime,privé,M,2023,ADMIS
1,1,0,1,0,0,12.0,13.31,12.89,-1,12.89,0.49019999999999997,0.378,0.28900000000000003,0,0,0.0,0.5,0.5,0,D,Informatique,BAC_1,Centrale,privé,F,2023,ADMIS
1,1,0,1,0,0,13.48,13.83,14.34,1,14.34,0.7834000000000001,0.673,0.434,0,0,0.0,0.5,0.5,0,A,Droit,BAC_1,Grand Lomé,public,F,2023,ADMIS
1,1,0,1,0,0,7.6,9.11,10.02,1,10.02,0.6792,0.624,0.0019999999999999575,0,0,0.0,0.5,0.5,0,A,STAPS (Activités Physiques et Sportives),BAC_1,Maritime,public,M,2023,REORIENTE
1,1,0,1,0,0,11.5,10.9,11.77,1,11.77,0.5791999999999999,0.5,0.17699999999999996,0,0,0.0,0.5,0.5,0,A,Sciences Politiques,BAC_1,Grand Lomé,public,F,2024,REORIENTE
1,1,0,1,0,0,9.01,9.89,9.5,-1,9.5,0.517,0.595,-0.05,0,0,0.0,0.5,0.5,0,B,Arts Plastiques,BAC_1,Kara,public,M,2024,REORIENTE
1,1,0,1,0,0,9.47,8.44,9.85,1,9.85,0.6217999999999999,0.416,-0.015000000000000036,0,0,0.0,0.5,0.5,0,D,Informatique,BAC_1,Centrale,privé,M,2023,ADMIS
1,1,0,1,0,0,8.43,9.85,9.21,-1,9.21,0.8024,0.521,-0.07899999999999992,0,0,0.0,0.5,0.5,0,A,Lettres Modernes,BAC_1,Grand Lomé,public,M,2023,REORIENTE
1,1,0,1,0,0,15.01,14.71,14.98,1,14.98,0.7255999999999999,0.569,0.49800000000000005,0,0,0.0,0.5,0.5,0,G1,Sciences Politiques,BAC_1,Grand Lomé,public,F,2024,ADMIS
1,1,0,1,0,0,7.91,8.69,7.99,-1,7.99,0.5874,0.492,-0.20099999999999998,0,0,0.0,0.5,0.5,0,D,Génie Informatique,BAC_1,Grand Lomé,privé,F,2024,REORIENTE
1,1,0,1,0,0,8.38,9.57,9.03,-1,9.03,0.4434,0.456,-0.09700000000000006,0,0,0.0,0.5,0.5,0,A,Droit,BAC_1,Maritime,public,F,2024,REORIENTE
1,1,0,1,0,0,10.49,10.85,11.04,1,11.04,0.4296,0.453,0.10399999999999991,0,0,0.0,0.5,0.5,0,A,STAPS (Activités Physiques et Sportives),BAC_1,Maritime,public,F,2024,REORIENTE
1,1,0,1,0,0,8.04,8.95,8.57,-1,8.57,0.6355999999999999,0.293,-0.14299999999999996,0,0,0.0,0.5,0.5,0,A,Lettres Modernes,BAC_1,Plateaux Ouest,public,M,2023,REORIENTE
1,1,0,1,0,0,6.05,8.2,8.94,1,8.94,0.3418,0.568,-0.10600000000000005,0,0,0.0,0.5,0.5,0,D,Sciences Infirmières,BAC_1,Plateaux Est,public,M,2024,REORIENTE
1,1,0,1,0,0,6.99,8.82,8.4,-1,8.4,0.25939999999999996,0.416,-0.15999999999999998,0,0,0.0,0.5,0.5,0,D,Sciences Environnementales,BAC_1,Maritime,public,F,2024,ADMIS
1,1,0,1,0,0,13.47,14.31,14.53,1,14.53,0.2792,0.251,0.45299999999999996,0,0,0.0,0.5,0.5,0,D,Psychologie,BAC_1,Plateaux Ouest,public,F,2024,REORIENTE
1,1,0,1,0,0,5.53,5.12,6.41,1,6.41,0.5227999999999999,0.239,-0.359,0,0,0.0,0.5,0.5,0,D,Agronomie,BAC_1,Plateaux Ouest,public,M,2023,ADMIS
1,1,0,1,0,0,9.98,11.34,10.34,-1,10.34,0.8296,0.589,0.03399999999999999,0,0,0.0,0.5,0.5,0,A,Psychologie,BAC_1,Maritime,public,F,2023,REORIENTE
1,1,0,1,0,0,9.34,10.63,10.91,1,10.91,0.6135999999999999,0.685,0.09100000000000001,0,0,0.0,0.5,0.5,0,F3,Génie Civil,BAC_1,Kara,public,M,2023,REORIENTE
1,1,0,1,0,0,9.76,9.67,10.96,1,10.96,0.4968,0.468,0.09600000000000009,0,0,0.0,0.5,0.5,0,D,Informatique,BAC_1,Grand Lomé,privé,F,2024,REORIENTE
1,1,0,1,0,0,10.07,11.82,11.76,-1,11.76,0.6914,0.473,0.176,0,0,0.0,0.5,0.5,0,A,Arts Plastiques,BAC_1,Grand Lomé,public,M,2023,REORIENTE
1,1,0,1,0,0,9.39,10.63,10.57,-1,10.57,0.7615999999999999,0.419,0.05700000000000003,0,0,0.0,0.5,0.5,0,A,Sciences de l'Éducation,BAC_1,Centrale,public,M,2023,ADMIS
1,1,0,1,0,0,6.4,7.94,8.03,1,8.03,0.4242,0.741,-0.19700000000000006,0,0,0.0,0.5,0.5,0,D,Informatique,BAC_1,Plateaux Ouest,public,M,2024,REORIENTE
1,1,0,1,0,0,11.46,9.8,10.03,1,10.03,0.5992,0.778,0.002999999999999936,0,0,0.0,0.5,0.5,0,D,Finance et Comptabilité,BAC_1,Plateaux Est,public,F,2024,REORIENTE
1,1,0,1,0,0,9.79,8.74,9.67,1,9.67,0.4815999999999999,0.568,-0.03300000000000001,0,0,0.0,0.5,0.5,0,A,Sciences de l'Éducation,BAC_1,Savanes,public,F,2024,REORIENTE
1,1,0,1,0,0,13.01,12.58,13.1,1,13.1,0.4304,0.503,0.30999999999999994,0,0,0.0,0.5,0.5,0,D,Génie Informatique,BAC_1,Maritime,public,M,2024,REORIENTE
1,1,0,1,0,0,11.81,13.01,13.11,1,13.11,0.6998,0.758,0.31099999999999994,0,0,0.0,0.5,0.5,0,D,Finance et Comptabilité,BAC_1,Plateaux Est,public,F,2023,ADMIS
1,1,0,1,0,0,10.14,10.87,10.61,-1,10.61,0.754,0.604,0.06099999999999994,0,0,0.0,0.5,0.5,0,G2,Droit,BAC_1,Grand Lomé,privé,F,2024,ADMIS
1,1,0,1,0,0,10.96,11.49,11.01,-1,11.01,0.736,0.565,0.10099999999999998,0,0,0.0,0.5,0.5,0,A,Psychologie,BAC_1,Maritime,privé,M,2023,ADMIS
1,1,0,1,0,0,7.99,6.62,7.96,1,7.96,0.5975999999999999,0.585,-0.20400000000000001,0,0,0.0,0.5,0.5,0,D,Biologie,BAC_1,Grand Lomé,public,M,2024,REORIENTE
1,1,0,1,0,0,11.23,10.81,11.23,1,11.23,0.5918,0.464,0.12300000000000004,0,0,0.0,0.5,0.5,0,D,Biologie,BAC_1,Centrale,public,M,2023,REORIENTE
1,1,0,1,0,0,10.41,12.45,11.42,-1,11.42,0.833,0.608,0.142,0,0,0.0,0.5,0.5,0,A,Sociologie,BAC_1,Plateaux Ouest,privé,F,2023,REORIENTE
1,1,0,1,0,0,11.57,11.56,12.2,1,12.2,0.42719999999999997,0.354,0.21999999999999992,0,0,0.0,0.5,0.5,0,D,Gestion des Entreprises,BAC_1,Kara,public,F,2024,REORIENTE
1,1,0,1,0,0,9.47,11.07,10.88,-1,10.88,0.6658000000000001,0.523,0.08800000000000008,0,0,0.0,0.5,0.5,0,A,Sociologie,BAC_1,Savanes,public,F,2023,ADMIS
1,1,0,1,0,0,9.48,8.77,8.85,1,8.85,0.8392,0.667,-0.11500000000000003,0,0,0.0,0.5,0.5,0,A,Droit,BAC_1,Plateaux Est,public,F,2023,ADMIS
1,1,0,1,0,0,11.08,11.24,12.42,1,12.42,0.42500000000000004,0.476,0.242,0,0,0.0,0.5,0.5,0,A,Géographie,BAC_1,Plateaux Est,public,F,2024,REORIENTE
1,1,0,1,0,0,9.83,10.35,11.15,1,11.15,0.6654,0.498,0.11500000000000003,0,0,0.0,0.5,0.5,0,D,Génie Mécanique,BAC_1,Maritime,public,M,2023,REORIENTE
1,1,0,1,0,0,11.24,8.88,10.1,1,10.1,0.25,0.475,0.009999999999999964,0,0,0.0,0.5,0.5,0,D,Finance et Comptabilité,BAC_1,Plateaux Ouest,public,F,2024,ADMIS
1,1,0,1,0,0,12.02,13.37,12.9,-1,12.9,0.6134,0.446,0.29000000000000004,0,0,0.0,0.5,0.5,0,A,Sociologie,BAC_1,Plateaux Est,public,M,2023,ADMIS
1,1,0,1,0,0,5.64,6.46,7.38,1,7.38,0.682,0.502,-0.262,0,0,0.0,0.5,0.5,0,A,Anglais,BAC_1,Maritime,privé,M,2024,ADMIS
1,1,0,1,0,0,11.01,11.32,11.65,1,11.65,0.4454,0.695,0.16500000000000004,0,0,0.0,0.5,0.5,0,D,Informatique,BAC_1,Plateaux Ouest,privé,M,2024,REORIENTE
1,1,0,1,0,0,6.33,9.92,8.41,-1,8.41,0.7984,0.511,-0.15899999999999997,0,0,0.0,0.5,0.5,0,E,Informatique,BAC_1,Grand Lomé,privé,F,2024,REORIENTE
1,1,0,1,0,0,11.5,11.91,12.49,1,12.49,0.495,0.603,0.24900000000000003,0,0,0.0,0.5,0.5,0,D,Enseignement Primaire,BAC_1,Grand Lomé,public,M,2024,REORIENTE
1,1,0,1,0,0,9.5,9.79,10.36,1,10.36,0.6348,0.321,0.03599999999999994,0,0,0.0,0.5,0.5,0,A,STAPS (Activités Physiques et Sportives),BAC_1,Savanes,public,M,2023,ADMIS
