email,nom,prenom,telephone,typeApprenant,niveau,etablissement,dateInscription,estActif
eleve_gen_00000@gen.local,Élève,Généré 0,,LYCEEN,BAC_1,Établissement Centrale,2026-08-18T16:13:48.533924,true
yawoakogo@gmail.com,akogo,yawo grace,+22892138316,LYCEEN,LYCEE_2ND,Lomé,2026-06-24T15:59:37.985415,true
eleve_gen_00001@gen.local,Élève,Généré 1,,LYCEEN,BAC_1,Établissement Centrale,2026-08-18T16:13:48.533924,true
eleve_gen_00002@gen.local,Élève,Généré 2,,LYCEEN,BAC_1,Établissement Grand Lomé,2026-08-18T16:13:48.533924,true
akatoyaawagloria@gmail.com,akato,yawa gloria,+22892136958,COLLEGIEN,,Lomé,2026-06-29T15:25:34.670569,true
eleve_gen_00003@gen.local,Élève,Généré 3,,LYCEEN,BAC_1,Établissement Centrale,2026-08-18T16:13:48.533924,true
eleve_gen_00004@gen.local,Élève,Généré 4,,LYCEEN,BAC_1,Établissement Plateaux Est,2026-08-18T16:13:48.533924,true
eleve_gen_00005@gen.local,Élève,Généré 5,,LYCEEN,BAC_1,Établissement Grand Lomé,2026-08-18T16:13:48.533924,true
yawograceakogo@gmail.vom,Akogo,Yawo grace,+22892138316,LYCEEN,LYCEE_TLE,TG,2026-07-26T09:17:08.330172,true
yawograceakogo@gmail.com,Akogo,yawo grace ,+22892138316,ETUDIANT,BAC_3,Lomé,2026-06-24T13:11:00.067321,true
koffi@gmail.com,Adjo,koffi,+22892135689,LYCEEN,LYCEE_TLE,TG,2026-07-26T09:31:42.265964,true
testeleve@test.com,Test,Eleve,,LYCEEN,,,2026-06-24T11:59:07.568343,true
developpementdapplication@gmail.com,Akogo ,Yawo grace ,+22892365957,LYCEEN,LYCEE_TLE,Sokodé,2026-08-10T09:39:46.059589,true
eleve_gen_00006@gen.local,Élève,Généré 6,,LYCEEN,BAC_1,Établissement Plateaux Est,2026-08-18T16:13:48.533924,true
eleve_gen_00007@gen.local,Élève,Généré 7,,LYCEEN,BAC_1,Établissement Grand Lomé,2026-08-18T16:13:48.533924,true
eleve_gen_00008@gen.local,Élève,Généré 8,,LYCEEN,BAC_1,Établissement Savanes,2026-08-18T16:13:48.533924,true
eleve_gen_00009@gen.local,Élève,Généré 9,,LYCEEN,BAC_1,Établissement Plateaux Est,2026-08-18T16:13:48.533924,true
eleve1@oria.com,Koffi,Akossiwa,+22890000006,LYCEEN,LYCEE_TLE,Lycée de Tokoin,2026-05-23T10:40:53,true
eleve_gen_00010@gen.local,Élève,Généré 10,,LYCEEN,BAC_1,Établissement Plateaux Est,2026-08-18T16:13:48.533924,true
eleve_gen_00011@gen.local,Élève,Généré 11,,LYCEEN,BAC_1,Établissement Maritime,2026-08-18T16:13:48.533924,true
testotp21786381843@gmail.com,Test,Otp,,LYCEEN,,,2026-08-10T17:10:48.686654,true
eleve_gen_00012@gen.local,Élève,Généré 12,,LYCEEN,BAC_1,Établissement Maritime,2026-08-18T16:13:48.533924,true
emailextremementlongquidepasse36@gmail.com,Test,SessionLongue,90000000,LYCEEN,LYCEE_TLE,,2026-08-10T10:53:50.977047,true
eleve_gen_00013@gen.local,Élève,Généré 13,,LYCEEN,BAC_1,Établissement Plateaux Ouest,2026-08-18T16:13:48.533924,true
eleve_gen_00014@gen.local,Élève,Généré 14,,LYCEEN,BAC_1,Établissement Savanes,2026-08-18T16:13:48.533924,true
eleve_gen_00015@gen.local,Élève,Généré 15,,LYCEEN,BAC_1,Établissement Plateaux Est,2026-08-18T16:13:48.533924,true
eleve_gen_00016@gen.local,Élève,Généré 16,,LYCEEN,BAC_1,Établissement Maritime,2026-08-18T16:13:48.533924,true
eleve_gen_00017@gen.local,Élève,Généré 17,,LYCEEN,BAC_1,Établissement Grand Lomé,2026-08-18T16:13:48.533924,true
eleve_gen_00018@gen.local,Élève,Généré 18,,LYCEEN,BAC_1,Établissement Plateaux Ouest,2026-08-18T16:13:48.533924,true
eleve_gen_00019@gen.local,Élève,Généré 19,,LYCEEN,BAC_1,Établissement Savanes,2026-08-18T16:13:48.533924,true
eleve_gen_00020@gen.local,Élève,Généré 20,,LYCEEN,BAC_1,Établissement Plateaux Est,2026-08-18T16:13:48.533924,true
eleve_gen_00021@gen.local,Élève,Généré 21,,LYCEEN,BAC_1,Établissement Plateaux Est,2026-08-18T16:13:48.533924,true
eleve_gen_00022@gen.local,Élève,Généré 22,,LYCEEN,BAC_1,Établissement Centrale,2026-08-18T16:13:48.533924,true
eleve_gen_00023@gen.local,Élève,Généré 23,,LYCEEN,BAC_1,Établissement Centrale,2026-08-18T16:13:48.533924,true
eleve_gen_00024@gen.local,Élève,Généré 24,,LYCEEN,BAC_1,Établissement Kara,2026-08-18T16:13:48.533924,true
eleve_gen_00025@gen.local,Élève,Généré 25,,LYCEEN,BAC_1,Établissement Grand Lomé,2026-08-18T16:13:48.533924,true
eleve_gen_00026@gen.local,Élève,Généré 26,,LYCEEN,BAC_1,Établissement Kara,2026-08-18T16:13:48.533924,true
eleve_gen_00027@gen.local,Élève,Généré 27,,LYCEEN,BAC_1,Établissement Plateaux Est,2026-08-18T16:13:48.533924,true
eleve_gen_00028@gen.local,Élève,Généré 28,,LYCEEN,BAC_1,Établissement Maritime,2026-08-18T16:13:48.533924,true
eleve_gen_00029@gen.local,Élève,Généré 29,,LYCEEN,BAC_1,Établissement Centrale,2026-08-18T16:13:48.533924,true
eleve_gen_00030@gen.local,Élève,Généré 30,,LYCEEN,BAC_1,Établissement Plateaux Est,2026-08-18T16:13:48.533924,true
eleve_gen_00031@gen.local,Élève,Généré 31,,LYCEEN,BAC_1,Établissement Maritime,2026-08-18T16:13:48.533924,true
eleve_gen_00032@gen.local,Élève,Généré 32,,LYCEEN,BAC_1,Établissement Grand Lomé,2026-08-18T16:13:48.533924,true
eleve_gen_00033@gen.local,Élève,Généré 33,,LYCEEN,BAC_1,Établissement Plateaux Est,2026-08-18T16:13:48.533924,true
eleve_gen_00034@gen.local,Élève,Généré 34,,LYCEEN,BAC_1,Établissement Grand Lomé,2026-08-18T16:13:48.533924,true
eleve_gen_00035@gen.local,Élève,Généré 35,,LYCEEN,BAC_1,Établissement Savanes,2026-08-18T16:13:48.533924,true
eleve_gen_00036@gen.local,Élève,Généré 36,,LYCEEN,BAC_1,Établissement Kara,2026-08-18T16:13:48.533924,true
eleve_gen_00037@gen.local,Élève,Généré 37,,LYCEEN,BAC_1,Établissement Grand Lomé,2026-08-18T16:13:48.533924,true
eleve_gen_00038@gen.local,Élève,Généré 38,,LYCEEN,BAC_1,Établissement Maritime,2026-08-18T16:13:48.533924,true
eleve_gen_00039@gen.local,Élève,Généré 39,,LYCEEN,BAC_1,Établissement Plateaux Ouest,2026-08-18T16:13:48.533924,true
eleve_gen_00040@gen.local,Élève,Généré 40,,LYCEEN,BAC_1,Établissement Plateaux Est,2026-08-18T16:13:48.533924,true
eleve_gen_00041@gen.local,Élève,Généré 41,,LYCEEN,BAC_1,Établissement Grand Lomé,2026-08-18T16:13:48.533924,true
eleve_gen_00042@gen.local,Élève,Généré 42,,LYCEEN,BAC_1,Établissement Kara,2026-08-18T16:13:48.533924,true
eleve_gen_00043@gen.local,Élève,Généré 43,,LYCEEN,BAC_1,Établissement Centrale,2026-08-18T16:13:48.533924,true
eleve_gen_00044@gen.local,Élève,Généré 44,,LYCEEN,BAC_1,Établissement Kara,2026-08-18T16:13:48.533924,true
eleve_gen_00045@gen.local,Élève,Généré 45,,LYCEEN,BAC_1,Établissement Centrale,2026-08-18T16:13:48.533924,true
eleve_gen_00046@gen.local,Élève,Généré 46,,LYCEEN,BAC_1,Établissement Grand Lomé,2026-08-18T16:13:48.533924,true
eleve_gen_00047@gen.local,Élève,Généré 47,,LYCEEN,BAC_1,Établissement Grand Lomé,2026-08-18T16:13:48.533924,true
eleve_gen_00048@gen.local,Élève,Généré 48,,LYCEEN,BAC_1,Établissement Grand Lomé,2026-08-18T16:13:48.533924,true
eleve_gen_00049@gen.local,Élève,Généré 49,,LYCEEN,BAC_1,Établissement Kara,2026-08-18T16:13:48.533924,true
eleve_gen_00050@gen.local,Élève,Généré 50,,LYCEEN,BAC_1,Établissement Grand Lomé,2026-08-18T16:13:48.533924,true
eleve_gen_00051@gen.local,Élève,Généré 51,,LYCEEN,BAC_1,Établissement Grand Lomé,2026-08-18T16:13:48.533924,true
eleve_gen_00052@gen.local,Élève,Généré 52,,LYCEEN,BAC_1,Établissement Grand Lomé,2026-08-18T16:13:48.533924,true
eleve_gen_00053@gen.local,Élève,Généré 53,,LYCEEN,BAC_1,Établissement Maritime,2026-08-18T16:13:48.533924,true
eleve_gen_00054@gen.local,Élève,Généré 54,,LYCEEN,BAC_1,Établissement Maritime,2026-08-18T16:13:48.533924,true
eleve_gen_00055@gen.local,Élève,Généré 55,,LYCEEN,BAC_1,Établissement Centrale,2026-08-18T16:13:48.533924,true
eleve_gen_00056@gen.local,Élève,Généré 56,,LYCEEN,BAC_1,Établissement Grand Lomé,2026-08-18T16:13:48.533924,true
eleve_gen_00057@gen.local,Élève,Généré 57,,LYCEEN,BAC_1,Établissement Kara,2026-08-18T16:13:48.533924,true
eleve_gen_00058@gen.local,Élève,Généré 58,,LYCEEN,BAC_1,Établissement Maritime,2026-08-18T16:13:48.533924,true
eleve_gen_00059@gen.local,Élève,Généré 59,,LYCEEN,BAC_1,Établissement Grand Lomé,2026-08-18T16:13:48.533924,true
eleve_gen_00060@gen.local,Élève,Généré 60,,LYCEEN,BAC_1,Établissement Centrale,2026-08-18T16:13:48.533924,true
eleve_gen_00061@gen.local,Élève,Généré 61,,LYCEEN,BAC_1,Établissement Plateaux Ouest,2026-08-18T16:13:48.533924,true
eleve_gen_00062@gen.local,Élève,Généré 62,,LYCEEN,BAC_1,Établissement Maritime,2026-08-18T16:13:48.533924,true
eleve_gen_00063@gen.local,Élève,Généré 63,,LYCEEN,BAC_1,Établissement Grand Lomé,2026-08-18T16:13:48.533924,true
eleve_gen_00064@gen.local,Élève,Généré 64,,LYCEEN,BAC_1,Établissement Maritime,2026-08-18T16:13:48.533924,true
eleve_gen_00065@gen.local,Élève,Généré 65,,LYCEEN,BAC_1,Établissement Maritime,2026-08-18T16:13:48.533924,true
eleve_gen_00066@gen.local,Élève,Généré 66,,LYCEEN,BAC_1,Établissement Savanes,2026-08-18T16:13:48.533924,true
eleve_gen_00067@gen.local,Élève,Généré 67,,LYCEEN,BAC_1,Établissement Grand Lomé,2026-08-18T16:13:48.533924,true
eleve_gen_00068@gen.local,Élève,Généré 68,,LYCEEN,BAC_1,Établissement Plateaux Est,2026-08-18T16:13:48.533924,true
eleve_gen_00069@gen.local,Élève,Généré 69,,LYCEEN,BAC_1,Établissement Plateaux Ouest,2026-08-18T16:13:48.533924,true
eleve_gen_00070@gen.local,Élève,Généré 70,,LYCEEN,BAC_1,Établissement Plateaux Est,2026-08-18T16:13:48.533924,true
eleve_gen_00071@gen.local,Élève,Généré 71,,LYCEEN,BAC_1,Établissement Grand Lomé,2026-08-18T16:13:48.533924,true
eleve_gen_00072@gen.local,Élève,Généré 72,,LYCEEN,BAC_1,Établissement Centrale,2026-08-18T16:13:48.533924,true
eleve_gen_00073@gen.local,Élève,Généré 73,,LYCEEN,BAC_1,Établissement Grand Lomé,2026-08-18T16:13:48.533924,true
eleve_gen_00074@gen.local,Élève,Généré 74,,LYCEEN,BAC_1,Établissement Maritime,2026-08-18T16:13:48.533924,true
eleve_gen_00075@gen.local,Élève,Généré 75,,LYCEEN,BAC_1,Établissement Plateaux Ouest,2026-08-18T16:13:48.533924,true
eleve_gen_00076@gen.local,Élève,Généré 76,,LYCEEN,BAC_1,Établissement Plateaux Est,2026-08-18T16:13:48.533924,true
eleve_gen_00077@gen.local,Élève,Généré 77,,LYCEEN,BAC_1,Établissement Maritime,2026-08-18T16:13:48.533924,true
eleve_gen_00078@gen.local,Élève,Généré 78,,LYCEEN,BAC_1,Établissement Grand Lomé,2026-08-18T16:13:48.533924,true
eleve_gen_00079@gen.local,Élève,Généré 79,,LYCEEN,BAC_1,Établissement Plateaux Ouest,2026-08-18T16:13:48.533924,true
eleve_gen_00080@gen.local,Élève,Généré 80,,LYCEEN,BAC_1,Établissement Maritime,2026-08-18T16:13:48.533924,true
eleve_gen_00081@gen.local,Élève,Généré 81,,LYCEEN,BAC_1,Établissement Plateaux Est,2026-08-18T16:13:48.533924,true
eleve_gen_00082@gen.local,Élève,Généré 82,,LYCEEN,BAC_1,Établissement Maritime,2026-08-18T16:13:48.533924,true
eleve_gen_00083@gen.local,Élève,Généré 83,,LYCEEN,BAC_1,Établissement Grand Lomé,2026-08-18T16:13:48.533924,true
eleve_gen_00084@gen.local,Élève,Généré 84,,LYCEEN,BAC_1,Établissement Grand Lomé,2026-08-18T16:13:48.533924,true
eleve_gen_00085@gen.local,Élève,Généré 85,,LYCEEN,BAC_1,Établissement Plateaux Est,2026-08-18T16:13:48.533924,true
eleve_gen_00086@gen.local,Élève,Généré 86,,LYCEEN,BAC_1,Établissement Grand Lomé,2026-08-18T16:13:48.533924,true
eleve_gen_00087@gen.local,Élève,Généré 87,,LYCEEN,BAC_1,Établissement Grand Lomé,2026-08-18T16:13:48.533924,true
eleve_gen_00088@gen.local,Élève,Généré 88,,LYCEEN,BAC_1,Établissement Grand Lomé,2026-08-18T16:13:48.533924,true
eleve_gen_00089@gen.local,Élève,Généré 89,,LYCEEN,BAC_1,Établissement Savanes,2026-08-18T16:13:48.533924,true
eleve_gen_00090@gen.local,Élève,Généré 90,,LYCEEN,BAC_1,Établissement Plateaux Ouest,2026-08-18T16:13:48.533924,true
eleve_gen_00091@gen.local,Élève,Généré 91,,LYCEEN,BAC_1,Établissement Savanes,2026-08-18T16:13:48.533924,true
eleve_gen_00092@gen.local,Élève,Généré 92,,LYCEEN,BAC_1,Établissement Maritime,2026-08-18T16:13:48.533924,true
eleve_gen_00093@gen.local,Élève,Généré 93,,LYCEEN,BAC_1,Établissement Plateaux Ouest,2026-08-18T16:13:48.533924,true
eleve_gen_00094@gen.local,Élève,Généré 94,,LYCEEN,BAC_1,Établissement Centrale,2026-08-18T16:13:48.533924,true
eleve_gen_00095@gen.local,Élève,Généré 95,,LYCEEN,BAC_1,Établissement Plateaux Est,2026-08-18T16:13:48.533924,true
eleve_gen_00096@gen.local,Élève,Généré 96,,LYCEEN,BAC_1,Établissement Maritime,2026-08-18T16:13:48.533924,true
eleve_gen_00097@gen.local,Élève,Généré 97,,LYCEEN,BAC_1,Établissement Grand Lomé,2026-08-18T16:13:48.533924,true
eleve_gen_00098@gen.local,Élève,Généré 98,,LYCEEN,BAC_1,Établissement Plateaux Est,2026-08-18T16:13:48.533924,true
eleve_gen_00099@gen.local,Élève,Généré 99,,LYCEEN,BAC_1,Établissement Maritime,2026-08-18T16:13:48.533924,true
eleve_gen_00100@gen.local,Élève,Généré 100,,LYCEEN,BAC_1,Établissement Maritime,2026-08-18T16:13:48.533924,true
eleve_gen_00101@gen.local,Élève,Généré 101,,LYCEEN,BAC_1,Établissement Grand Lomé,2026-08-18T16:13:48.533924,true
eleve_gen_00102@gen.local,Élève,Généré 102,,LYCEEN,BAC_1,Établissement Plateaux Est,2026-08-18T16:13:48.533924,true
eleve_gen_00103@gen.local,Élève,Généré 103,,LYCEEN,BAC_1,Établissement Plateaux Ouest,2026-08-18T16:13:48.533924,true
eleve_gen_00104@gen.local,Élève,Généré 104,,LYCEEN,BAC_1,Établissement Grand Lomé,2026-08-18T16:13:48.533924,true
eleve_gen_00105@gen.local,Élève,Généré 105,,LYCEEN,BAC_1,Établissement Kara,2026-08-18T16:13:48.533924,true
eleve_gen_00106@gen.local,Élève,Généré 106,,LYCEEN,BAC_1,Établissement Centrale,2026-08-18T16:13:48.533924,true
eleve_gen_00107@gen.local,Élève,Généré 107,,LYCEEN,BAC_1,Établissement Savanes,2026-08-18T16:13:48.533924,true
eleve_gen_00108@gen.local,Élève,Généré 108,,LYCEEN,BAC_1,Établissement Plateaux Est,2026-08-18T16:13:48.533924,true
eleve_gen_00109@gen.local,Élève,Généré 109,,LYCEEN,BAC_1,Établissement Plateaux Est,2026-08-18T16:13:48.533924,true
eleve_gen_00110@gen.local,Élève,Généré 110,,LYCEEN,BAC_1,Établissement Grand Lomé,2026-08-18T16:13:48.533924,true
eleve_gen_00111@gen.local,Élève,Généré 111,,LYCEEN,BAC_1,Établissement Grand Lomé,2026-08-18T16:13:48.533924,true
eleve_gen_00112@gen.local,Élève,Généré 112,,LYCEEN,BAC_1,Établissement Grand Lomé,2026-08-18T16:13:48.533924,true
eleve_gen_00113@gen.local,Élève,Généré 113,,LYCEEN,BAC_1,Établissement Grand Lomé,2026-08-18T16:13:48.533924,true
eleve_gen_00114@gen.local,Élève,Généré 114,,LYCEEN,BAC_1,Établissement Plateaux Est,2026-08-18T16:13:48.533924,true
eleve_gen_00115@gen.local,Élève,Généré 115,,LYCEEN,BAC_1,Établissement Maritime,2026-08-18T16:13:48.533924,true
eleve_gen_00116@gen.local,Élève,Généré 116,,LYCEEN,BAC_1,Établissement Centrale,2026-08-18T16:13:48.533924,true
eleve_gen_00117@gen.local,Élève,Généré 117,,LYCEEN,BAC_1,Établissement Grand Lomé,2026-08-18T16:13:48.533924,true
eleve_gen_00118@gen.local,Élève,Généré 118,,LYCEEN,BAC_1,Établissement Grand Lomé,2026-08-18T16:13:48.533924,true
eleve_gen_00119@gen.local,Élève,Généré 119,,LYCEEN,BAC_1,Établissement Maritime,2026-08-18T16:13:48.533924,true
eleve_gen_00120@gen.local,Élève,Généré 120,,LYCEEN,BAC_1,Établissement Maritime,2026-08-18T16:13:48.533924,true
eleve_gen_00121@gen.local,Élève,Généré 121,,LYCEEN,BAC_1,Établissement Grand Lomé,2026-08-18T16:13:48.533924,true
eleve_gen_00122@gen.local,Élève,Généré 122,,LYCEEN,BAC_1,Établissement Plateaux Ouest,2026-08-18T16:13:48.533924,true
eleve_gen_00123@gen.local,Élève,Généré 123,,LYCEEN,BAC_1,Établissement Centrale,2026-08-18T16:13:48.533924,true
eleve_gen_00124@gen.local,Élève,Généré 124,,LYCEEN,BAC_1,Établissement Savanes,2026-08-18T16:13:48.533924,true
eleve_gen_00125@gen.local,Élève,Généré 125,,LYCEEN,BAC_1,Établissement Savanes,2026-08-18T16:13:48.533924,true
eleve_gen_00126@gen.local,Élève,Généré 126,,LYCEEN,BAC_1,Établissement Grand Lomé,2026-08-18T16:13:48.533924,true
eleve_gen_00127@gen.local,Élève,Généré 127,,LYCEEN,BAC_1,Établissement Maritime,2026-08-18T16:13:48.533924,true
eleve_gen_00128@gen.local,Élève,Généré 128,,LYCEEN,BAC_1,Établissement Plateaux Ouest,2026-08-18T16:13:48.533924,true
eleve_gen_00129@gen.local,Élève,Généré 129,,LYCEEN,BAC_1,Établissement Maritime,2026-08-18T16:13:48.533924,true
eleve_gen_00130@gen.local,Élève,Généré 130,,LYCEEN,BAC_1,Établissement Maritime,2026-08-18T16:13:48.533924,true
eleve_gen_00131@gen.local,Élève,Généré 131,,LYCEEN,BAC_1,Établissement Plateaux Ouest,2026-08-18T16:13:48.533924,true
eleve_gen_00132@gen.local,Élève,Généré 132,,LYCEEN,BAC_1,Établissement Plateaux Est,2026-08-18T16:13:48.533924,true
eleve_gen_00133@gen.local,Élève,Généré 133,,LYCEEN,BAC_1,Établissement Centrale,2026-08-18T16:13:48.533924,true
eleve_gen_00134@gen.local,Élève,Généré 134,,LYCEEN,BAC_1,Établissement Grand Lomé,2026-08-18T16:13:48.533924,true
eleve_gen_00135@gen.local,Élève,Généré 135,,LYCEEN,BAC_1,Établissement Maritime,2026-08-18T16:13:48.533924,true
eleve_gen_00136@gen.local,Élève,Généré 136,,LYCEEN,BAC_1,Établissement Savanes,2026-08-18T16:13:48.533924,true
eleve_gen_00137@gen.local,Élève,Généré 137,,LYCEEN,BAC_1,Établissement Savanes,2026-08-18T16:13:48.533924,true
eleve_gen_00138@gen.local,Élève,Généré 138,,LYCEEN,BAC_1,Établissement Plateaux Ouest,2026-08-18T16:13:48.533924,true
eleve_gen_00139@gen.local,Élève,Généré 139,,LYCEEN,BAC_1,Établissement Kara,2026-08-18T16:13:48.533924,true
eleve_gen_00140@gen.local,Élève,Généré 140,,LYCEEN,BAC_1,Établissement Kara,2026-08-18T16:13:48.533924,true
eleve_gen_00141@gen.local,Élève,Généré 141,,LYCEEN,BAC_1,Établissement Plateaux Est,2026-08-18T16:13:48.533924,true
eleve_gen_00142@gen.local,Élève,Généré 142,,LYCEEN,BAC_1,Établissement Plateaux Est,2026-08-18T16:13:48.533924,true
eleve_gen_00143@gen.local,Élève,Généré 143,,LYCEEN,BAC_1,Établissement Grand Lomé,2026-08-18T16:13:48.533924,true
eleve_gen_00144@gen.local,Élève,Généré 144,,LYCEEN,BAC_1,Établissement Plateaux Ouest,2026-08-18T16:13:48.533924,true
eleve_gen_00145@gen.local,Élève,Généré 145,,LYCEEN,BAC_1,Établissement Kara,2026-08-18T16:13:48.533924,true
eleve_gen_00146@gen.local,Élève,Généré 146,,LYCEEN,BAC_1,Établissement Plateaux Est,2026-08-18T16:13:48.533924,true
eleve_gen_00147@gen.local,Élève,Généré 147,,LYCEEN,BAC_1,Établissement Maritime,2026-08-18T16:13:48.533924,true
eleve_gen_00148@gen.local,Élève,Généré 148,,LYCEEN,BAC_1,Établissement Plateaux Ouest,2026-08-18T16:13:48.533924,true
eleve_gen_00149@gen.local,Élève,Généré 149,,LYCEEN,BAC_1,Établissement Grand Lomé,2026-08-18T16:13:48.533924,true
eleve_gen_00150@gen.local,Élève,Généré 150,,LYCEEN,BAC_1,Établissement Plateaux Ouest,2026-08-18T16:13:48.533924,true
eleve_gen_00151@gen.local,Élève,Généré 151,,LYCEEN,BAC_1,Établissement Plateaux Est,2026-08-18T16:13:48.533924,true
eleve_gen_00152@gen.local,Élève,Généré 152,,LYCEEN,BAC_1,Établissement Plateaux Est,2026-08-18T16:13:48.533924,true
eleve_gen_00153@gen.local,Élève,Généré 153,,LYCEEN,BAC_1,Établissement Plateaux Ouest,2026-08-18T16:13:48.533924,true
eleve_gen_00154@gen.local,Élève,Généré 154,,LYCEEN,BAC_1,Établissement Grand Lomé,2026-08-18T16:13:48.533924,true
eleve_gen_00155@gen.local,Élève,Généré 155,,LYCEEN,BAC_1,Établissement Savanes,2026-08-18T16:13:48.533924,true
eleve_gen_00156@gen.local,Élève,Généré 156,,LYCEEN,BAC_1,Établissement Plateaux Ouest,2026-08-18T16:13:48.533924,true
eleve_gen_00157@gen.local,Élève,Généré 157,,LYCEEN,BAC_1,Établissement Centrale,2026-08-18T16:13:48.533924,true
eleve_gen_00158@gen.local,Élève,Généré 158,,LYCEEN,BAC_1,Établissement Maritime,2026-08-18T16:13:48.533924,true
eleve_gen_00159@gen.local,Élève,Généré 159,,LYCEEN,BAC_1,Établissement Maritime,2026-08-18T16:13:48.533924,true
eleve_gen_00160@gen.local,Élève,Généré 160,,LYCEEN,BAC_1,Établissement Grand Lomé,2026-08-18T16:13:48.533924,true
eleve_gen_00161@gen.local,Élève,Généré 161,,LYCEEN,BAC_1,Établissement Plateaux Ouest,2026-08-18T16:13:48.533924,true
eleve_gen_00162@gen.local,Élève,Généré 162,,LYCEEN,BAC_1,Établissement Plateaux Est,2026-08-18T16:13:48.533924,true
eleve_gen_00163@gen.local,Élève,Généré 163,,LYCEEN,BAC_1,Établissement Plateaux Ouest,2026-08-18T16:13:48.533924,true
eleve_gen_00164@gen.local,Élève,Généré 164,,LYCEEN,BAC_1,Établissement Plateaux Est,2026-08-18T16:13:48.533924,true
eleve_gen_00165@gen.local,Élève,Généré 165,,LYCEEN,BAC_1,Établissement Plateaux Ouest,2026-08-18T16:13:48.533924,true
eleve_gen_00166@gen.local,Élève,Généré 166,,LYCEEN,BAC_1,Établissement Grand Lomé,2026-08-18T16:13:48.533924,true
eleve_gen_00167@gen.local,Élève,Généré 167,,LYCEEN,BAC_1,Établissement Centrale,2026-08-18T16:13:48.533924,true
eleve_gen_00168@gen.local,Élève,Généré 168,,LYCEEN,BAC_1,Établissement Maritime,2026-08-18T16:13:48.533924,true
eleve_gen_00169@gen.local,Élève,Généré 169,,LYCEEN,BAC_1,Établissement Maritime,2026-08-18T16:13:48.533924,true
eleve_gen_00170@gen.local,Élève,Généré 170,,LYCEEN,BAC_1,Établissement Centrale,2026-08-18T16:13:48.533924,true
eleve_gen_00171@gen.local,Élève,Généré 171,,LYCEEN,BAC_1,Établissement Plateaux Est,2026-08-18T16:13:48.533924,true
eleve_gen_00172@gen.local,Élève,Généré 172,,LYCEEN,BAC_1,Établissement Maritime,2026-08-18T16:13:48.533924,true
eleve_gen_00173@gen.local,Élève,Généré 173,,LYCEEN,BAC_1,Établissement Grand Lomé,2026-08-18T16:13:48.533924,true
eleve_gen_00174@gen.local,Élève,Généré 174,,LYCEEN,BAC_1,Établissement Savanes,2026-08-18T16:13:48.533924,true
eleve_gen_00175@gen.local,Élève,Généré 175,,LYCEEN,BAC_1,Établissement Grand Lomé,2026-08-18T16:13:48.533924,true
eleve_gen_00176@gen.local,Élève,Généré 176,,LYCEEN,BAC_1,Établissement Grand Lomé,2026-08-18T16:13:48.533924,true
eleve_gen_00177@gen.local,Élève,Généré 177,,LYCEEN,BAC_1,Établissement Plateaux Ouest,2026-08-18T16:13:48.533924,true
eleve_gen_00178@gen.local,Élève,Généré 178,,LYCEEN,BAC_1,Établissement Kara,2026-08-18T16:13:48.533924,true
eleve_gen_00179@gen.local,Élève,Généré 179,,LYCEEN,BAC_1,Établissement Maritime,2026-08-18T16:13:48.533924,true
eleve_gen_00180@gen.local,Élève,Généré 180,,LYCEEN,BAC_1,Établissement Savanes,2026-08-18T16:13:48.533924,true
eleve_gen_00181@gen.local,Élève,Généré 181,,LYCEEN,BAC_1,Établissement Grand Lomé,2026-08-18T16:13:48.533924,true
eleve_gen_00182@gen.local,Élève,Généré 182,,LYCEEN,BAC_1,Établissement Centrale,2026-08-18T16:13:48.533924,true
eleve_gen_00183@gen.local,Élève,Généré 183,,LYCEEN,BAC_1,Établissement Plateaux Ouest,2026-08-18T16:13:48.533924,true
eleve_gen_00184@gen.local,Élève,Généré 184,,LYCEEN,BAC_1,Établissement Grand Lomé,2026-08-18T16:13:48.533924,true
eleve_gen_00185@gen.local,Élève,Généré 185,,LYCEEN,BAC_1,Établissement Centrale,2026-08-18T16:13:48.533924,true
eleve_gen_00186@gen.local,Élève,Généré 186,,LYCEEN,BAC_1,Établissement Plateaux Ouest,2026-08-18T16:13:48.533924,true
eleve_gen_00187@gen.local,Élève,Généré 187,,LYCEEN,BAC_1,Établissement Plateaux Ouest,2026-08-18T16:13:48.533924,true
eleve_gen_00188@gen.local,Élève,Généré 188,,LYCEEN,BAC_1,Établissement Kara,2026-08-18T16:13:48.533924,true
eleve_gen_00189@gen.local,Élève,Généré 189,,LYCEEN,BAC_1,Établissement Maritime,2026-08-18T16:13:48.533924,true
eleve_gen_00190@gen.local,Élève,Généré 190,,LYCEEN,BAC_1,Établissement Centrale,2026-08-18T16:13:48.533924,true
eleve_gen_00191@gen.local,Élève,Généré 191,,LYCEEN,BAC_1,Établissement Plateaux Est,2026-08-18T16:13:48.533924,true
eleve_gen_00192@gen.local,Élève,Généré 192,,LYCEEN,BAC_1,Établissement Plateaux Ouest,2026-08-18T16:13:48.533924,true
eleve_gen_00193@gen.local,Élève,Généré 193,,LYCEEN,BAC_1,Établissement Centrale,2026-08-18T16:13:48.533924,true
eleve_gen_00194@gen.local,Élève,Généré 194,,LYCEEN,BAC_1,Établissement Plateaux Est,2026-08-18T16:13:48.533924,true
eleve_gen_00195@gen.local,Élève,Généré 195,,LYCEEN,BAC_1,Établissement Plateaux Ouest,2026-08-18T16:13:48.533924,true
eleve_gen_00196@gen.local,Élève,Généré 196,,LYCEEN,BAC_1,Établissement Plateaux Est,2026-08-18T16:13:48.533924,true
eleve_gen_00197@gen.local,Élève,Généré 197,,LYCEEN,BAC_1,Établissement Centrale,2026-08-18T16:13:48.533924,true
eleve_gen_00198@gen.local,Élève,Généré 198,,LYCEEN,BAC_1,Établissement Savanes,2026-08-18T16:13:48.533924,true
eleve_gen_00199@gen.local,Élève,Généré 199,,LYCEEN,BAC_1,Établissement Maritime,2026-08-18T16:13:48.533924,true
eleve_gen_00200@gen.local,Élève,Généré 200,,LYCEEN,BAC_1,Établissement Centrale,2026-08-18T16:13:48.533924,true
eleve_gen_00201@gen.local,Élève,Généré 201,,LYCEEN,BAC_1,Établissement Centrale,2026-08-18T16:13:48.533924,true
eleve_gen_00202@gen.local,Élève,Généré 202,,LYCEEN,BAC_1,Établissement Centrale,2026-08-18T16:13:48.533924,true
eleve_gen_00203@gen.local,Élève,Généré 203,,LYCEEN,BAC_1,Établissement Centrale,2026-08-18T16:13:48.533924,true
eleve_gen_00204@gen.local,Élève,Généré 204,,LYCEEN,BAC_1,Établissement Grand Lomé,2026-08-18T16:13:48.533924,true
eleve_gen_00205@gen.local,Élève,Généré 205,,LYCEEN,BAC_1,Établissement Grand Lomé,2026-08-18T16:13:48.533924,true
eleve_gen_00206@gen.local,Élève,Généré 206,,LYCEEN,BAC_1,Établissement Plateaux Ouest,2026-08-18T16:13:48.533924,true
eleve_gen_00207@gen.local,Élève,Généré 207,,LYCEEN,BAC_1,Établissement Plateaux Est,2026-08-18T16:13:48.533924,true
eleve_gen_00208@gen.local,Élève,Généré 208,,LYCEEN,BAC_1,Établissement Plateaux Est,2026-08-18T16:13:48.533924,true
eleve_gen_00209@gen.local,Élève,Généré 209,,LYCEEN,BAC_1,Établissement Maritime,2026-08-18T16:13:48.533924,true
eleve_gen_00210@gen.local,Élève,Généré 210,,LYCEEN,BAC_1,Établissement Centrale,2026-08-18T16:13:48.533924,true
eleve_gen_00211@gen.local,Élève,Généré 211,,LYCEEN,BAC_1,Établissement Plateaux Est,2026-08-18T16:13:48.533924,true
eleve_gen_00212@gen.local,Élève,Généré 212,,LYCEEN,BAC_1,Établissement Plateaux Ouest,2026-08-18T16:13:48.533924,true
eleve_gen_00213@gen.local,Élève,Généré 213,,LYCEEN,BAC_1,Établissement Plateaux Ouest,2026-08-18T16:13:48.533924,true
eleve_gen_00214@gen.local,Élève,Généré 214,,LYCEEN,BAC_1,Établissement Grand Lomé,2026-08-18T16:13:48.533924,true
eleve_gen_00215@gen.local,Élève,Généré 215,,LYCEEN,BAC_1,Établissement Maritime,2026-08-18T16:13:48.533924,true
eleve_gen_00216@gen.local,Élève,Généré 216,,LYCEEN,BAC_1,Établissement Grand Lomé,2026-08-18T16:13:48.533924,true
eleve_gen_00217@gen.local,Élève,Généré 217,,LYCEEN,BAC_1,Établissement Maritime,2026-08-18T16:13:48.533924,true
eleve_gen_00218@gen.local,Élève,Généré 218,,LYCEEN,BAC_1,Établissement Grand Lomé,2026-08-18T16:13:48.533924,true
eleve_gen_00219@gen.local,Élève,Généré 219,,LYCEEN,BAC_1,Établissement Plateaux Est,2026-08-18T16:13:48.533924,true
eleve_gen_00220@gen.local,Élève,Généré 220,,LYCEEN,BAC_1,Établissement Plateaux Est,2026-08-18T16:13:48.533924,true
eleve_gen_00221@gen.local,Élève,Généré 221,,LYCEEN,BAC_1,Établissement Centrale,2026-08-18T16:13:48.533924,true
eleve_gen_00222@gen.local,Élève,Généré 222,,LYCEEN,BAC_1,Établissement Maritime,2026-08-18T16:13:48.533924,true
eleve_gen_00223@gen.local,Élève,Généré 223,,LYCEEN,BAC_1,Établissement Grand Lomé,2026-08-18T16:13:48.533924,true
eleve_gen_00224@gen.local,Élève,Généré 224,,LYCEEN,BAC_1,Établissement Plateaux Ouest,2026-08-18T16:13:48.533924,true
eleve_gen_00225@gen.local,Élève,Généré 225,,LYCEEN,BAC_1,Établissement Plateaux Est,2026-08-18T16:13:48.533924,true
eleve_gen_00226@gen.local,Élève,Généré 226,,LYCEEN,BAC_1,Établissement Grand Lomé,2026-08-18T16:13:48.533924,true
eleve_gen_00227@gen.local,Élève,Généré 227,,LYCEEN,BAC_1,Établissement Grand Lomé,2026-08-18T16:13:48.533924,true
eleve_gen_00228@gen.local,Élève,Généré 228,,LYCEEN,BAC_1,Établissement Plateaux Ouest,2026-08-18T16:13:48.533924,true
eleve_gen_00229@gen.local,Élève,Généré 229,,LYCEEN,BAC_1,Établissement Grand Lomé,2026-08-18T16:13:48.533924,true
eleve_gen_00230@gen.local,Élève,Généré 230,,LYCEEN,BAC_1,Établissement Grand Lomé,2026-08-18T16:13:48.533924,true
eleve_gen_00231@gen.local,Élève,Généré 231,,LYCEEN,BAC_1,Établissement Maritime,2026-08-18T16:13:48.533924,true
eleve_gen_00232@gen.local,Élève,Généré 232,,LYCEEN,BAC_1,Établissement Grand Lomé,2026-08-18T16:13:48.533924,true
eleve_gen_00233@gen.local,Élève,Généré 233,,LYCEEN,BAC_1,Établissement Grand Lomé,2026-08-18T16:13:48.533924,true
eleve_gen_00234@gen.local,Élève,Généré 234,,LYCEEN,BAC_1,Établissement Plateaux Est,2026-08-18T16:13:48.533924,true
eleve_gen_00235@gen.local,Élève,Généré 235,,LYCEEN,BAC_1,Établissement Plateaux Ouest,2026-08-18T16:13:48.533924,true
eleve_gen_00236@gen.local,Élève,Généré 236,,LYCEEN,BAC_1,Établissement Grand Lomé,2026-08-18T16:13:48.533924,true
eleve_gen_00237@gen.local,Élève,Généré 237,,LYCEEN,BAC_1,Établissement Plateaux Ouest,2026-08-18T16:13:48.533924,true
eleve_gen_00238@gen.local,Élève,Généré 238,,LYCEEN,BAC_1,Établissement Grand Lomé,2026-08-18T16:13:48.533924,true
eleve_gen_00239@gen.local,Élève,Généré 239,,LYCEEN,BAC_1,Établissement Kara,2026-08-18T16:13:48.533924,true
eleve_gen_00240@gen.local,Élève,Généré 240,,LYCEEN,BAC_1,Établissement Plateaux Ouest,2026-08-18T16:13:48.533924,true
eleve_gen_00241@gen.local,Élève,Généré 241,,LYCEEN,BAC_1,Établissement Savanes,2026-08-18T16:13:48.533924,true
eleve_gen_00242@gen.local,Élève,Généré 242,,LYCEEN,BAC_1,Établissement Centrale,2026-08-18T16:13:48.533924,true
eleve_gen_00243@gen.local,Élève,Généré 243,,LYCEEN,BAC_1,Établissement Kara,2026-08-18T16:13:48.533924,true
eleve_gen_00244@gen.local,Élève,Généré 244,,LYCEEN,BAC_1,Établissement Plateaux Est,2026-08-18T16:13:48.533924,true
eleve_gen_00245@gen.local,Élève,Généré 245,,LYCEEN,BAC_1,Établissement Plateaux Est,2026-08-18T16:13:48.533924,true
eleve_gen_00246@gen.local,Élève,Généré 246,,LYCEEN,BAC_1,Établissement Plateaux Ouest,2026-08-18T16:13:48.533924,true
eleve_gen_00247@gen.local,Élève,Généré 247,,LYCEEN,BAC_1,Établissement Maritime,2026-08-18T16:13:48.533924,true
eleve_gen_00248@gen.local,Élève,Généré 248,,LYCEEN,BAC_1,Établissement Grand Lomé,2026-08-18T16:13:48.533924,true
eleve_gen_00249@gen.local,Élève,Généré 249,,LYCEEN,BAC_1,Établissement Centrale,2026-08-18T16:13:48.533924,true
eleve_gen_00250@gen.local,Élève,Généré 250,,LYCEEN,BAC_1,Établissement Maritime,2026-08-18T16:13:48.533924,true
eleve_gen_00251@gen.local,Élève,Généré 251,,LYCEEN,BAC_1,Établissement Centrale,2026-08-18T16:13:48.533924,true
eleve_gen_00252@gen.local,Élève,Généré 252,,LYCEEN,BAC_1,Établissement Centrale,2026-08-18T16:13:48.533924,true
eleve_gen_00253@gen.local,Élève,Généré 253,,LYCEEN,BAC_1,Établissement Grand Lomé,2026-08-18T16:13:48.533924,true
eleve_gen_00254@gen.local,Élève,Généré 254,,LYCEEN,BAC_1,Établissement Centrale,2026-08-18T16:13:48.533924,true
eleve_gen_00255@gen.local,Élève,Généré 255,,LYCEEN,BAC_1,Établissement Plateaux Est,2026-08-18T16:13:48.533924,true
eleve_gen_00256@gen.local,Élève,Généré 256,,LYCEEN,BAC_1,Établissement Plateaux Ouest,2026-08-18T16:13:48.533924,true
eleve_gen_00257@gen.local,Élève,Généré 257,,LYCEEN,BAC_1,Établissement Grand Lomé,2026-08-18T16:13:48.533924,true
eleve_gen_00258@gen.local,Élève,Généré 258,,LYCEEN,BAC_1,Établissement Grand Lomé,2026-08-18T16:13:48.533924,true
eleve_gen_00259@gen.local,Élève,Généré 259,,LYCEEN,BAC_1,Établissement Grand Lomé,2026-08-18T16:13:48.533924,true
eleve_gen_00260@gen.local,Élève,Généré 260,,LYCEEN,BAC_1,Établissement Maritime,2026-08-18T16:13:48.533924,true
eleve_gen_00261@gen.local,Élève,Généré 261,,LYCEEN,BAC_1,Établissement Plateaux Ouest,2026-08-18T16:13:48.533924,true
eleve_gen_00262@gen.local,Élève,Généré 262,,LYCEEN,BAC_1,Établissement Maritime,2026-08-18T16:13:48.533924,true
eleve_gen_00263@gen.local,Élève,Généré 263,,LYCEEN,BAC_1,Établissement Savanes,2026-08-18T16:13:48.533924,true
eleve_gen_00264@gen.local,Élève,Généré 264,,LYCEEN,BAC_1,Établissement Plateaux Ouest,2026-08-18T16:13:48.533924,true
eleve_gen_00265@gen.local,Élève,Généré 265,,LYCEEN,BAC_1,Établissement Centrale,2026-08-18T16:13:48.533924,true
eleve_gen_00266@gen.local,Élève,Généré 266,,LYCEEN,BAC_1,Établissement Centrale,2026-08-18T16:13:48.533924,true
eleve_gen_00267@gen.local,Élève,Généré 267,,LYCEEN,BAC_1,Établissement Plateaux Ouest,2026-08-18T16:13:48.533924,true
eleve_gen_00268@gen.local,Élève,Généré 268,,LYCEEN,BAC_1,Établissement Kara,2026-08-18T16:13:48.533924,true
eleve_gen_00269@gen.local,Élève,Généré 269,,LYCEEN,BAC_1,Établissement Maritime,2026-08-18T16:13:48.533924,true
eleve_gen_00270@gen.local,Élève,Généré 270,,LYCEEN,BAC_1,Établissement Plateaux Ouest,2026-08-18T16:13:48.533924,true
eleve_gen_00271@gen.local,Élève,Généré 271,,LYCEEN,BAC_1,Établissement Kara,2026-08-18T16:13:48.533924,true
eleve_gen_00272@gen.local,Élève,Généré 272,,LYCEEN,BAC_1,Établissement Grand Lomé,2026-08-18T16:13:48.533924,true
eleve_gen_00273@gen.local,Élève,Généré 273,,LYCEEN,BAC_1,Établissement Plateaux Est,2026-08-18T16:13:48.533924,true
eleve_gen_00274@gen.local,Élève,Généré 274,,LYCEEN,BAC_1,Établissement Kara,2026-08-18T16:13:48.533924,true
eleve_gen_00275@gen.local,Élève,Généré 275,,LYCEEN,BAC_1,Établissement Maritime,2026-08-18T16:13:48.533924,true
eleve_gen_00276@gen.local,Élève,Généré 276,,LYCEEN,BAC_1,Établissement Plateaux Est,2026-08-18T16:13:48.533924,true
eleve_gen_00277@gen.local,Élève,Généré 277,,LYCEEN,BAC_1,Établissement Plateaux Est,2026-08-18T16:13:48.533924,true
eleve_gen_00278@gen.local,Élève,Généré 278,,LYCEEN,BAC_1,Établissement Maritime,2026-08-18T16:13:48.533924,true
eleve_gen_00279@gen.local,Élève,Généré 279,,LYCEEN,BAC_1,Établissement Grand Lomé,2026-08-18T16:13:48.533924,true
eleve_gen_00280@gen.local,Élève,Généré 280,,LYCEEN,BAC_1,Établissement Centrale,2026-08-18T16:13:48.533924,true
eleve_gen_00281@gen.local,Élève,Généré 281,,LYCEEN,BAC_1,Établissement Plateaux Ouest,2026-08-18T16:13:48.533924,true
eleve_gen_00282@gen.local,Élève,Généré 282,,LYCEEN,BAC_1,Établissement Plateaux Est,2026-08-18T16:13:48.533924,true
eleve_gen_00283@gen.local,Élève,Généré 283,,LYCEEN,BAC_1,Établissement Savanes,2026-08-18T16:13:48.533924,true
eleve_gen_00284@gen.local,Élève,Généré 284,,LYCEEN,BAC_1,Établissement Grand Lomé,2026-08-18T16:13:48.533924,true
eleve_gen_00285@gen.local,Élève,Généré 285,,LYCEEN,BAC_1,Établissement Grand Lomé,2026-08-18T16:13:48.533924,true
eleve_gen_00286@gen.local,Élève,Généré 286,,LYCEEN,BAC_1,Établissement Grand Lomé,2026-08-18T16:13:48.533924,true
eleve_gen_00287@gen.local,Élève,Généré 287,,LYCEEN,BAC_1,Établissement Plateaux Est,2026-08-18T16:13:48.533924,true
eleve_gen_00288@gen.local,Élève,Généré 288,,LYCEEN,BAC_1,Établissement Savanes,2026-08-18T16:13:48.533924,true
eleve_gen_00289@gen.local,Élève,Généré 289,,LYCEEN,BAC_1,Établissement Centrale,2026-08-18T16:13:48.533924,true
eleve_gen_00290@gen.local,Élève,Généré 290,,LYCEEN,BAC_1,Établissement Savanes,2026-08-18T16:13:48.533924,true
eleve_gen_00291@gen.local,Élève,Généré 291,,LYCEEN,BAC_1,Établissement Savanes,2026-08-18T16:13:48.533924,true
eleve_gen_00292@gen.local,Élève,Généré 292,,LYCEEN,BAC_1,Établissement Kara,2026-08-18T16:13:48.533924,true
eleve_gen_00293@gen.local,Élève,Généré 293,,LYCEEN,BAC_1,Établissement Maritime,2026-08-18T16:13:48.533924,true
eleve_gen_00294@gen.local,Élève,Généré 294,,LYCEEN,BAC_1,Établissement Centrale,2026-08-18T16:13:48.533924,true
eleve_gen_00295@gen.local,Élève,Généré 295,,LYCEEN,BAC_1,Établissement Maritime,2026-08-18T16:13:48.533924,true
eleve_gen_00296@gen.local,Élève,Généré 296,,LYCEEN,BAC_1,Établissement Grand Lomé,2026-08-18T16:13:48.533924,true
eleve_gen_00297@gen.local,Élève,Généré 297,,LYCEEN,BAC_1,Établissement Grand Lomé,2026-08-18T16:13:48.533924,true
eleve_gen_00298@gen.local,Élève,Généré 298,,LYCEEN,BAC_1,Établissement Grand Lomé,2026-08-18T16:13:48.533924,true
eleve_gen_00299@gen.local,Élève,Généré 299,,LYCEEN,BAC_1,Établissement Plateaux Est,2026-08-18T16:13:48.533924,true
eleve_gen_00300@gen.local,Élève,Généré 300,,LYCEEN,BAC_1,Établissement Plateaux Ouest,2026-08-18T16:13:48.533924,true
eleve_gen_00301@gen.local,Élève,Généré 301,,LYCEEN,BAC_1,Établissement Centrale,2026-08-18T16:13:48.533924,true
eleve_gen_00302@gen.local,Élève,Généré 302,,LYCEEN,BAC_1,Établissement Maritime,2026-08-18T16:13:48.533924,true
eleve_gen_00303@gen.local,Élève,Généré 303,,LYCEEN,BAC_1,Établissement Grand Lomé,2026-08-18T16:13:48.533924,true
eleve_gen_00304@gen.local,Élève,Généré 304,,LYCEEN,BAC_1,Établissement Maritime,2026-08-18T16:13:48.533924,true
eleve_gen_00305@gen.local,Élève,Généré 305,,LYCEEN,BAC_1,Établissement Grand Lomé,2026-08-18T16:13:48.533924,true
eleve_gen_00306@gen.local,Élève,Généré 306,,LYCEEN,BAC_1,Établissement Grand Lomé,2026-08-18T16:13:48.533924,true
eleve_gen_00307@gen.local,Élève,Généré 307,,LYCEEN,BAC_1,Établissement Grand Lomé,2026-08-18T16:13:48.533924,true
eleve_gen_00308@gen.local,Élève,Généré 308,,LYCEEN,BAC_1,Établissement Plateaux Est,2026-08-18T16:13:48.533924,true
eleve_gen_00309@gen.local,Élève,Généré 309,,LYCEEN,BAC_1,Établissement Centrale,2026-08-18T16:13:48.533924,true
eleve_gen_00310@gen.local,Élève,Généré 310,,LYCEEN,BAC_1,Établissement Maritime,2026-08-18T16:13:48.533924,true
eleve_gen_00311@gen.local,Élève,Généré 311,,LYCEEN,BAC_1,Établissement Plateaux Ouest,2026-08-18T16:13:48.533924,true
eleve_gen_00312@gen.local,Élève,Généré 312,,LYCEEN,BAC_1,Établissement Grand Lomé,2026-08-18T16:13:48.533924,true
eleve_gen_00313@gen.local,Élève,Généré 313,,LYCEEN,BAC_1,Établissement Plateaux Est,2026-08-18T16:13:48.533924,true
eleve_gen_00314@gen.local,Élève,Généré 314,,LYCEEN,BAC_1,Établissement Grand Lomé,2026-08-18T16:13:48.533924,true
eleve_gen_00315@gen.local,Élève,Généré 315,,LYCEEN,BAC_1,Établissement Maritime,2026-08-18T16:13:48.533924,true
eleve_gen_00316@gen.local,Élève,Généré 316,,LYCEEN,BAC_1,Établissement Kara,2026-08-18T16:13:48.533924,true
eleve_gen_00317@gen.local,Élève,Généré 317,,LYCEEN,BAC_1,Établissement Maritime,2026-08-18T16:13:48.533924,true
eleve_gen_00318@gen.local,Élève,Généré 318,,LYCEEN,BAC_1,Établissement Plateaux Est,2026-08-18T16:13:48.533924,true
eleve_gen_00319@gen.local,Élève,Généré 319,,LYCEEN,BAC_1,Établissement Grand Lomé,2026-08-18T16:13:48.533924,true
eleve_gen_00320@gen.local,Élève,Généré 320,,LYCEEN,BAC_1,Établissement Kara,2026-08-18T16:13:48.533924,true
eleve_gen_00321@gen.local,Élève,Généré 321,,LYCEEN,BAC_1,Établissement Savanes,2026-08-18T16:13:48.533924,true
eleve_gen_00322@gen.local,Élève,Généré 322,,LYCEEN,BAC_1,Établissement Grand Lomé,2026-08-18T16:13:48.533924,true
eleve_gen_00323@gen.local,Élève,Généré 323,,LYCEEN,BAC_1,Établissement Plateaux Est,2026-08-18T16:13:48.533924,true
eleve_gen_00324@gen.local,Élève,Généré 324,,LYCEEN,BAC_1,Établissement Kara,2026-08-18T16:13:48.533924,true
eleve_gen_00325@gen.local,Élève,Généré 325,,LYCEEN,BAC_1,Établissement Plateaux Est,2026-08-18T16:13:48.533924,true
eleve_gen_00326@gen.local,Élève,Généré 326,,LYCEEN,BAC_1,Établissement Plateaux Est,2026-08-18T16:13:48.533924,true
eleve_gen_00327@gen.local,Élève,Généré 327,,LYCEEN,BAC_1,Établissement Grand Lomé,2026-08-18T16:13:48.533924,true
eleve_gen_00328@gen.local,Élève,Généré 328,,LYCEEN,BAC_1,Établissement Grand Lomé,2026-08-18T16:13:48.533924,true
eleve_gen_00329@gen.local,Élève,Généré 329,,LYCEEN,BAC_1,Établissement Centrale,2026-08-18T16:13:48.533924,true
eleve_gen_00330@gen.local,Élève,Généré 330,,LYCEEN,BAC_1,Établissement Maritime,2026-08-18T16:13:48.533924,true
eleve_gen_00331@gen.local,Élève,Généré 331,,LYCEEN,BAC_1,Établissement Plateaux Est,2026-08-18T16:13:48.533924,true
eleve_gen_00332@gen.local,Élève,Généré 332,,LYCEEN,BAC_1,Établissement Kara,2026-08-18T16:13:48.533924,true
eleve_gen_00333@gen.local,Élève,Généré 333,,LYCEEN,BAC_1,Établissement Plateaux Ouest,2026-08-18T16:13:48.533924,true
eleve_gen_00334@gen.local,Élève,Généré 334,,LYCEEN,BAC_1,Établissement Maritime,2026-08-18T16:13:48.533924,true
eleve_gen_00335@gen.local,Élève,Généré 335,,LYCEEN,BAC_1,Établissement Maritime,2026-08-18T16:13:48.533924,true
eleve_gen_00336@gen.local,Élève,Généré 336,,LYCEEN,BAC_1,Établissement Plateaux Est,2026-08-18T16:13:48.533924,true
eleve_gen_00337@gen.local,Élève,Généré 337,,LYCEEN,BAC_1,Établissement Grand Lomé,2026-08-18T16:13:48.533924,true
eleve_gen_00338@gen.local,Élève,Généré 338,,LYCEEN,BAC_1,Établissement Grand Lomé,2026-08-18T16:13:48.533924,true
eleve_gen_00339@gen.local,Élève,Généré 339,,LYCEEN,BAC_1,Établissement Kara,2026-08-18T16:13:48.533924,true
eleve_gen_00340@gen.local,Élève,Généré 340,,LYCEEN,BAC_1,Établissement Centrale,2026-08-18T16:13:48.533924,true
eleve_gen_00341@gen.local,Élève,Généré 341,,LYCEEN,BAC_1,Établissement Savanes,2026-08-18T16:13:48.533924,true
eleve_gen_00342@gen.local,Élève,Généré 342,,LYCEEN,BAC_1,Établissement Grand Lomé,2026-08-18T16:13:48.533924,true
eleve_gen_00343@gen.local,Élève,Généré 343,,LYCEEN,BAC_1,Établissement Kara,2026-08-18T16:13:48.533924,true
eleve_gen_00344@gen.local,Élève,Généré 344,,LYCEEN,BAC_1,Établissement Plateaux Ouest,2026-08-18T16:13:48.533924,true
eleve_gen_00345@gen.local,Élève,Généré 345,,LYCEEN,BAC_1,Établissement Plateaux Est,2026-08-18T16:13:48.533924,true
eleve_gen_00346@gen.local,Élève,Généré 346,,LYCEEN,BAC_1,Établissement Plateaux Est,2026-08-18T16:13:48.533924,true
eleve_gen_00347@gen.local,Élève,Généré 347,,LYCEEN,BAC_1,Établissement Maritime,2026-08-18T16:13:48.533924,true
eleve_gen_00348@gen.local,Élève,Généré 348,,LYCEEN,BAC_1,Établissement Maritime,2026-08-18T16:13:48.533924,true
eleve_gen_00349@gen.local,Élève,Généré 349,,LYCEEN,BAC_1,Établissement Plateaux Ouest,2026-08-18T16:13:48.533924,true
eleve_gen_00350@gen.local,Élève,Généré 350,,LYCEEN,BAC_1,Établissement Plateaux Est,2026-08-18T16:13:48.533924,true
eleve_gen_00351@gen.local,Élève,Généré 351,,LYCEEN,BAC_1,Établissement Plateaux Ouest,2026-08-18T16:13:48.533924,true
eleve_gen_00352@gen.local,Élève,Généré 352,,LYCEEN,BAC_1,Établissement Savanes,2026-08-18T16:13:48.533924,true
eleve_gen_00353@gen.local,Élève,Généré 353,,LYCEEN,BAC_1,Établissement Maritime,2026-08-18T16:13:48.533924,true
eleve_gen_00354@gen.local,Élève,Généré 354,,LYCEEN,BAC_1,Établissement Grand Lomé,2026-08-18T16:13:48.533924,true
eleve_gen_00355@gen.local,Élève,Généré 355,,LYCEEN,BAC_1,Établissement Maritime,2026-08-18T16:13:48.533924,true
eleve_gen_00356@gen.local,Élève,Généré 356,,LYCEEN,BAC_1,Établissement Maritime,2026-08-18T16:13:48.533924,true
eleve_gen_00357@gen.local,Élève,Généré 357,,LYCEEN,BAC_1,Établissement Kara,2026-08-18T16:13:48.533924,true
eleve_gen_00358@gen.local,Élève,Généré 358,,LYCEEN,BAC_1,Établissement Plateaux Ouest,2026-08-18T16:13:48.533924,true
eleve_gen_00359@gen.local,Élève,Généré 359,,LYCEEN,BAC_1,Établissement Maritime,2026-08-18T16:13:48.533924,true
eleve_gen_00360@gen.local,Élève,Généré 360,,LYCEEN,BAC_1,Établissement Plateaux Ouest,2026-08-18T16:13:48.533924,true
eleve_gen_00361@gen.local,Élève,Généré 361,,LYCEEN,BAC_1,Établissement Plateaux Est,2026-08-18T16:13:48.533924,true
eleve_gen_00362@gen.local,Élève,Généré 362,,LYCEEN,BAC_1,Établissement Plateaux Ouest,2026-08-18T16:13:48.533924,true
eleve_gen_00363@gen.local,Élève,Généré 363,,LYCEEN,BAC_1,Établissement Savanes,2026-08-18T16:13:48.533924,true
eleve_gen_00364@gen.local,Élève,Généré 364,,LYCEEN,BAC_1,Établissement Centrale,2026-08-18T16:13:48.533924,true
eleve_gen_00365@gen.local,Élève,Généré 365,,LYCEEN,BAC_1,Établissement Maritime,2026-08-18T16:13:48.533924,true
eleve_gen_00366@gen.local,Élève,Généré 366,,LYCEEN,BAC_1,Établissement Kara,2026-08-18T16:13:48.533924,true
eleve_gen_00367@gen.local,Élève,Généré 367,,LYCEEN,BAC_1,Établissement Plateaux Ouest,2026-08-18T16:13:48.533924,true
eleve_gen_00368@gen.local,Élève,Généré 368,,LYCEEN,BAC_1,Établissement Maritime,2026-08-18T16:13:48.533924,true
eleve_gen_00369@gen.local,Élève,Généré 369,,LYCEEN,BAC_1,Établissement Maritime,2026-08-18T16:13:48.533924,true
eleve_gen_00370@gen.local,Élève,Généré 370,,LYCEEN,BAC_1,Établissement Grand Lomé,2026-08-18T16:13:48.533924,true
eleve_gen_00371@gen.local,Élève,Généré 371,,LYCEEN,BAC_1,Établissement Centrale,2026-08-18T16:13:48.533924,true
eleve_gen_00372@gen.local,Élève,Généré 372,,LYCEEN,BAC_1,Établissement Centrale,2026-08-18T16:13:48.533924,true
eleve_gen_00373@gen.local,Élève,Généré 373,,LYCEEN,BAC_1,Établissement Centrale,2026-08-18T16:13:48.533924,true
eleve_gen_00374@gen.local,Élève,Généré 374,,LYCEEN,BAC_1,Établissement Plateaux Ouest,2026-08-18T16:13:48.533924,true
eleve_gen_00375@gen.local,Élève,Généré 375,,LYCEEN,BAC_1,Établissement Grand Lomé,2026-08-18T16:13:48.533924,true
eleve_gen_00376@gen.local,Élève,Généré 376,,LYCEEN,BAC_1,Établissement Kara,2026-08-18T16:13:48.533924,true
eleve_gen_00377@gen.local,Élève,Généré 377,,LYCEEN,BAC_1,Établissement Maritime,2026-08-18T16:13:48.533924,true
eleve_gen_00378@gen.local,Élève,Généré 378,,LYCEEN,BAC_1,Établissement Plateaux Est,2026-08-18T16:13:48.533924,true
eleve_gen_00379@gen.local,Élève,Généré 379,,LYCEEN,BAC_1,Établissement Plateaux Est,2026-08-18T16:13:48.533924,true
eleve_gen_00380@gen.local,Élève,Généré 380,,LYCEEN,BAC_1,Établissement Savanes,2026-08-18T16:13:48.533924,true
eleve_gen_00381@gen.local,Élève,Généré 381,,LYCEEN,BAC_1,Établissement Plateaux Ouest,2026-08-18T16:13:48.533924,true
eleve_gen_00382@gen.local,Élève,Généré 382,,LYCEEN,BAC_1,Établissement Plateaux Ouest,2026-08-18T16:13:48.533924,true
eleve_gen_00383@gen.local,Élève,Généré 383,,LYCEEN,BAC_1,Établissement Centrale,2026-08-18T16:13:48.533924,true
eleve_gen_00384@gen.local,Élève,Généré 384,,LYCEEN,BAC_1,Établissement Centrale,2026-08-18T16:13:48.533924,true
eleve_gen_00385@gen.local,Élève,Généré 385,,LYCEEN,BAC_1,Établissement Plateaux Est,2026-08-18T16:13:48.533924,true
eleve_gen_00386@gen.local,Élève,Généré 386,,LYCEEN,BAC_1,Établissement Grand Lomé,2026-08-18T16:13:48.533924,true
eleve_gen_00387@gen.local,Élève,Généré 387,,LYCEEN,BAC_1,Établissement Plateaux Ouest,2026-08-18T16:13:48.533924,true
eleve_gen_00388@gen.local,Élève,Généré 388,,LYCEEN,BAC_1,Établissement Plateaux Ouest,2026-08-18T16:13:48.533924,true
eleve_gen_00389@gen.local,Élève,Généré 389,,LYCEEN,BAC_1,Établissement Plateaux Est,2026-08-18T16:13:48.533924,true
eleve_gen_00390@gen.local,Élève,Généré 390,,LYCEEN,BAC_1,Établissement Plateaux Est,2026-08-18T16:13:48.533924,true
eleve_gen_00391@gen.local,Élève,Généré 391,,LYCEEN,BAC_1,Établissement Grand Lomé,2026-08-18T16:13:48.533924,true
eleve_gen_00392@gen.local,Élève,Généré 392,,LYCEEN,BAC_1,Établissement Kara,2026-08-18T16:13:48.533924,true
eleve_gen_00393@gen.local,Élève,Généré 393,,LYCEEN,BAC_1,Établissement Maritime,2026-08-18T16:13:48.533924,true
eleve_gen_00394@gen.local,Élève,Généré 394,,LYCEEN,BAC_1,Établissement Maritime,2026-08-18T16:13:48.533924,true
eleve_gen_00395@gen.local,Élève,Généré 395,,LYCEEN,BAC_1,Établissement Grand Lomé,2026-08-18T16:13:48.533924,true
eleve_gen_00396@gen.local,Élève,Généré 396,,LYCEEN,BAC_1,Établissement Maritime,2026-08-18T16:13:48.533924,true
eleve_gen_00397@gen.local,Élève,Généré 397,,LYCEEN,BAC_1,Établissement Grand Lomé,2026-08-18T16:13:48.533924,true
eleve_gen_00398@gen.local,Élève,Généré 398,,LYCEEN,BAC_1,Établissement Plateaux Ouest,2026-08-18T16:13:48.533924,true
eleve_gen_00399@gen.local,Élève,Généré 399,,LYCEEN,BAC_1,Établissement Grand Lomé,2026-08-18T16:13:48.533924,true
eleve_gen_00400@gen.local,Élève,Généré 400,,LYCEEN,BAC_1,Établissement Plateaux Ouest,2026-08-18T16:13:48.533924,true
eleve_gen_00401@gen.local,Élève,Généré 401,,LYCEEN,BAC_1,Établissement Savanes,2026-08-18T16:13:48.533924,true
eleve_gen_00402@gen.local,Élève,Généré 402,,LYCEEN,BAC_1,Établissement Maritime,2026-08-18T16:13:48.533924,true
eleve_gen_00403@gen.local,Élève,Généré 403,,LYCEEN,BAC_1,Établissement Grand Lomé,2026-08-18T16:13:48.533924,true
eleve_gen_00404@gen.local,Élève,Généré 404,,LYCEEN,BAC_1,Établissement Kara,2026-08-18T16:13:48.533924,true
eleve_gen_00405@gen.local,Élève,Généré 405,,LYCEEN,BAC_1,Établissement Maritime,2026-08-18T16:13:48.533924,true
eleve_gen_00406@gen.local,Élève,Généré 406,,LYCEEN,BAC_1,Établissement Maritime,2026-08-18T16:13:48.533924,true
eleve_gen_00407@gen.local,Élève,Généré 407,,LYCEEN,BAC_1,Établissement Centrale,2026-08-18T16:13:48.533924,true
eleve_gen_00408@gen.local,Élève,Généré 408,,LYCEEN,BAC_1,Établissement Maritime,2026-08-18T16:13:48.533924,true
eleve_gen_00409@gen.local,Élève,Généré 409,,LYCEEN,BAC_1,Établissement Grand Lomé,2026-08-18T16:13:48.533924,true
eleve_gen_00410@gen.local,Élève,Généré 410,,LYCEEN,BAC_1,Établissement Plateaux Ouest,2026-08-18T16:13:48.533924,true
eleve_gen_00411@gen.local,Élève,Généré 411,,LYCEEN,BAC_1,Établissement Grand Lomé,2026-08-18T16:13:48.533924,true
eleve_gen_00412@gen.local,Élève,Généré 412,,LYCEEN,BAC_1,Établissement Kara,2026-08-18T16:13:48.533924,true
eleve_gen_00413@gen.local,Élève,Généré 413,,LYCEEN,BAC_1,Établissement Plateaux Est,2026-08-18T16:13:48.533924,true
eleve_gen_00414@gen.local,Élève,Généré 414,,LYCEEN,BAC_1,Établissement Plateaux Est,2026-08-18T16:13:48.533924,true
eleve_gen_00415@gen.local,Élève,Généré 415,,LYCEEN,BAC_1,Établissement Centrale,2026-08-18T16:13:48.533924,true
eleve_gen_00416@gen.local,Élève,Généré 416,,LYCEEN,BAC_1,Établissement Plateaux Est,2026-08-18T16:13:48.533924,true
eleve_gen_00417@gen.local,Élève,Généré 417,,LYCEEN,BAC_1,Établissement Maritime,2026-08-18T16:13:48.533924,true
eleve_gen_00418@gen.local,Élève,Généré 418,,LYCEEN,BAC_1,Établissement Grand Lomé,2026-08-18T16:13:48.533924,true
eleve_gen_00419@gen.local,Élève,Généré 419,,LYCEEN,BAC_1,Établissement Plateaux Ouest,2026-08-18T16:13:48.533924,true
eleve_gen_00420@gen.local,Élève,Généré 420,,LYCEEN,BAC_1,Établissement Maritime,2026-08-18T16:13:48.533924,true
eleve_gen_00421@gen.local,Élève,Généré 421,,LYCEEN,BAC_1,Établissement Plateaux Ouest,2026-08-18T16:13:48.533924,true
eleve_gen_00422@gen.local,Élève,Généré 422,,LYCEEN,BAC_1,Établissement Maritime,2026-08-18T16:13:48.533924,true
eleve_gen_00423@gen.local,Élève,Généré 423,,LYCEEN,BAC_1,Établissement Kara,2026-08-18T16:13:48.533924,true
eleve_gen_00424@gen.local,Élève,Généré 424,,LYCEEN,BAC_1,Établissement Savanes,2026-08-18T16:13:48.533924,true
eleve_gen_00425@gen.local,Élève,Généré 425,,LYCEEN,BAC_1,Établissement Kara,2026-08-18T16:13:48.533924,true
eleve_gen_00426@gen.local,Élève,Généré 426,,LYCEEN,BAC_1,Établissement Centrale,2026-08-18T16:13:48.533924,true
eleve_gen_00427@gen.local,Élève,Généré 427,,LYCEEN,BAC_1,Établissement Centrale,2026-08-18T16:13:48.533924,true
eleve_gen_00428@gen.local,Élève,Généré 428,,LYCEEN,BAC_1,Établissement Grand Lomé,2026-08-18T16:13:48.533924,true
eleve_gen_00429@gen.local,Élève,Généré 429,,LYCEEN,BAC_1,Établissement Grand Lomé,2026-08-18T16:13:48.533924,true
eleve_gen_00430@gen.local,Élève,Généré 430,,LYCEEN,BAC_1,Établissement Kara,2026-08-18T16:13:48.533924,true
eleve_gen_00431@gen.local,Élève,Généré 431,,LYCEEN,BAC_1,Établissement Maritime,2026-08-18T16:13:48.533924,true
eleve_gen_00432@gen.local,Élève,Généré 432,,LYCEEN,BAC_1,Établissement Plateaux Ouest,2026-08-18T16:13:48.533924,true
eleve_gen_00433@gen.local,Élève,Généré 433,,LYCEEN,BAC_1,Établissement Plateaux Ouest,2026-08-18T16:13:48.533924,true
eleve_gen_00434@gen.local,Élève,Généré 434,,LYCEEN,BAC_1,Établissement Plateaux Ouest,2026-08-18T16:13:48.533924,true
eleve_gen_00435@gen.local,Élève,Généré 435,,LYCEEN,BAC_1,Établissement Grand Lomé,2026-08-18T16:13:48.533924,true
eleve_gen_00436@gen.local,Élève,Généré 436,,LYCEEN,BAC_1,Établissement Plateaux Est,2026-08-18T16:13:48.533924,true
eleve_gen_00437@gen.local,Élève,Généré 437,,LYCEEN,BAC_1,Établissement Kara,2026-08-18T16:13:48.533924,true
eleve_gen_00438@gen.local,Élève,Généré 438,,LYCEEN,BAC_1,Établissement Kara,2026-08-18T16:13:48.533924,true
eleve_gen_00439@gen.local,Élève,Généré 439,,LYCEEN,BAC_1,Établissement Centrale,2026-08-18T16:13:48.533924,true
eleve_gen_00440@gen.local,Élève,Généré 440,,LYCEEN,BAC_1,Établissement Grand Lomé,2026-08-18T16:13:48.533924,true
eleve_gen_00441@gen.local,Élève,Généré 441,,LYCEEN,BAC_1,Établissement Savanes,2026-08-18T16:13:48.533924,true
eleve_gen_00442@gen.local,Élève,Généré 442,,LYCEEN,BAC_1,Établissement Maritime,2026-08-18T16:13:48.533924,true
eleve_gen_00443@gen.local,Élève,Généré 443,,LYCEEN,BAC_1,Établissement Grand Lomé,2026-08-18T16:13:48.533924,true
eleve_gen_00444@gen.local,Élève,Généré 444,,LYCEEN,BAC_1,Établissement Grand Lomé,2026-08-18T16:13:48.533924,true
eleve_gen_00445@gen.local,Élève,Généré 445,,LYCEEN,BAC_1,Établissement Plateaux Ouest,2026-08-18T16:13:48.533924,true
eleve_gen_00446@gen.local,Élève,Généré 446,,LYCEEN,BAC_1,Établissement Plateaux Ouest,2026-08-18T16:13:48.533924,true
eleve_gen_00447@gen.local,Élève,Généré 447,,LYCEEN,BAC_1,Établissement Centrale,2026-08-18T16:13:48.533924,true
eleve_gen_00448@gen.local,Élève,Généré 448,,LYCEEN,BAC_1,Établissement Savanes,2026-08-18T16:13:48.533924,true
eleve_gen_00449@gen.local,Élève,Généré 449,,LYCEEN,BAC_1,Établissement Grand Lomé,2026-08-18T16:13:48.533924,true
eleve_gen_00450@gen.local,Élève,Généré 450,,LYCEEN,BAC_1,Établissement Plateaux Ouest,2026-08-18T16:13:48.533924,true
eleve_gen_00451@gen.local,Élève,Généré 451,,LYCEEN,BAC_1,Établissement Grand Lomé,2026-08-18T16:13:48.533924,true
eleve_gen_00452@gen.local,Élève,Généré 452,,LYCEEN,BAC_1,Établissement Centrale,2026-08-18T16:13:48.533924,true
eleve_gen_00453@gen.local,Élève,Généré 453,,LYCEEN,BAC_1,Établissement Plateaux Ouest,2026-08-18T16:13:48.533924,true
eleve_gen_00454@gen.local,Élève,Généré 454,,LYCEEN,BAC_1,Établissement Maritime,2026-08-18T16:13:48.533924,true
eleve_gen_00455@gen.local,Élève,Généré 455,,LYCEEN,BAC_1,Établissement Kara,2026-08-18T16:13:48.533924,true
eleve_gen_00456@gen.local,Élève,Généré 456,,LYCEEN,BAC_1,Établissement Savanes,2026-08-18T16:13:48.533924,true
eleve_gen_00457@gen.local,Élève,Généré 457,,LYCEEN,BAC_1,Établissement Plateaux Est,2026-08-18T16:13:48.533924,true
eleve_gen_00458@gen.local,Élève,Généré 458,,LYCEEN,BAC_1,Établissement Plateaux Est,2026-08-18T16:13:48.533924,true
eleve_gen_00459@gen.local,Élève,Généré 459,,LYCEEN,BAC_1,Établissement Maritime,2026-08-18T16:13:48.533924,true
eleve_gen_00460@gen.local,Élève,Généré 460,,LYCEEN,BAC_1,Établissement Grand Lomé,2026-08-18T16:13:48.533924,true
eleve_gen_00461@gen.local,Élève,Généré 461,,LYCEEN,BAC_1,Établissement Grand Lomé,2026-08-18T16:13:48.533924,true
eleve_gen_00462@gen.local,Élève,Généré 462,,LYCEEN,BAC_1,Établissement Grand Lomé,2026-08-18T16:13:48.533924,true
eleve_gen_00463@gen.local,Élève,Généré 463,,LYCEEN,BAC_1,Établissement Grand Lomé,2026-08-18T16:13:48.533924,true
eleve_gen_00464@gen.local,Élève,Généré 464,,LYCEEN,BAC_1,Établissement Maritime,2026-08-18T16:13:48.533924,true
eleve_gen_00465@gen.local,Élève,Généré 465,,LYCEEN,BAC_1,Établissement Maritime,2026-08-18T16:13:48.533924,true
eleve_gen_00466@gen.local,Élève,Généré 466,,LYCEEN,BAC_1,Établissement Grand Lomé,2026-08-18T16:13:48.533924,true
eleve_gen_00467@gen.local,Élève,Généré 467,,LYCEEN,BAC_1,Établissement Maritime,2026-08-18T16:13:48.533924,true
eleve_gen_00468@gen.local,Élève,Généré 468,,LYCEEN,BAC_1,Établissement Maritime,2026-08-18T16:13:48.533924,true
eleve_gen_00469@gen.local,Élève,Généré 469,,LYCEEN,BAC_1,Établissement Grand Lomé,2026-08-18T16:13:48.533924,true
eleve_gen_00470@gen.local,Élève,Généré 470,,LYCEEN,BAC_1,Établissement Grand Lomé,2026-08-18T16:13:48.533924,true
eleve_gen_00471@gen.local,Élève,Généré 471,,LYCEEN,BAC_1,Établissement Centrale,2026-08-18T16:13:48.533924,true
eleve_gen_00472@gen.local,Élève,Généré 472,,LYCEEN,BAC_1,Établissement Plateaux Est,2026-08-18T16:13:48.533924,true
eleve_gen_00473@gen.local,Élève,Généré 473,,LYCEEN,BAC_1,Établissement Centrale,2026-08-18T16:13:48.533924,true
eleve_gen_00474@gen.local,Élève,Généré 474,,LYCEEN,BAC_1,Établissement Centrale,2026-08-18T16:13:48.533924,true
eleve_gen_00475@gen.local,Élève,Généré 475,,LYCEEN,BAC_1,Établissement Kara,2026-08-18T16:13:48.533924,true
eleve_gen_00476@gen.local,Élève,Généré 476,,LYCEEN,BAC_1,Établissement Grand Lomé,2026-08-18T16:13:48.533924,true
eleve_gen_00477@gen.local,Élève,Généré 477,,LYCEEN,BAC_1,Établissement Maritime,2026-08-18T16:13:48.533924,true
eleve_gen_00478@gen.local,Élève,Généré 478,,LYCEEN,BAC_1,Établissement Grand Lomé,2026-08-18T16:13:48.533924,true
eleve_gen_00479@gen.local,Élève,Généré 479,,LYCEEN,BAC_1,Établissement Grand Lomé,2026-08-18T16:13:48.533924,true
eleve_gen_00480@gen.local,Élève,Généré 480,,LYCEEN,BAC_1,Établissement Plateaux Est,2026-08-18T16:13:48.533924,true
eleve_gen_00481@gen.local,Élève,Généré 481,,LYCEEN,BAC_1,Établissement Maritime,2026-08-18T16:13:48.533924,true
eleve_gen_00482@gen.local,Élève,Généré 482,,LYCEEN,BAC_1,Établissement Plateaux Ouest,2026-08-18T16:13:48.533924,true
eleve_gen_00483@gen.local,Élève,Généré 483,,LYCEEN,BAC_1,Établissement Grand Lomé,2026-08-18T16:13:48.533924,true
eleve_gen_00484@gen.local,Élève,Généré 484,,LYCEEN,BAC_1,Établissement Plateaux Ouest,2026-08-18T16:13:48.533924,true
eleve_gen_00485@gen.local,Élève,Généré 485,,LYCEEN,BAC_1,Établissement Maritime,2026-08-18T16:13:48.533924,true
eleve_gen_00486@gen.local,Élève,Généré 486,,LYCEEN,BAC_1,Établissement Plateaux Ouest,2026-08-18T16:13:48.533924,true
eleve_gen_00487@gen.local,Élève,Généré 487,,LYCEEN,BAC_1,Établissement Centrale,2026-08-18T16:13:48.533924,true
eleve_gen_00488@gen.local,Élève,Généré 488,,LYCEEN,BAC_1,Établissement Kara,2026-08-18T16:13:48.533924,true
eleve_gen_00489@gen.local,Élève,Généré 489,,LYCEEN,BAC_1,Établissement Plateaux Est,2026-08-18T16:13:48.533924,true
eleve_gen_00490@gen.local,Élève,Généré 490,,LYCEEN,BAC_1,Établissement Centrale,2026-08-18T16:13:48.533924,true
eleve_gen_00491@gen.local,Élève,Généré 491,,LYCEEN,BAC_1,Établissement Maritime,2026-08-18T16:13:48.533924,true
eleve_gen_00492@gen.local,Élève,Généré 492,,LYCEEN,BAC_1,Établissement Maritime,2026-08-18T16:13:48.533924,true
eleve_gen_00493@gen.local,Élève,Généré 493,,LYCEEN,BAC_1,Établissement Grand Lomé,2026-08-18T16:13:48.533924,true
eleve_gen_00494@gen.local,Élève,Généré 494,,LYCEEN,BAC_1,Établissement Plateaux Ouest,2026-08-18T16:13:48.533924,true
eleve_gen_00495@gen.local,Élève,Généré 495,,LYCEEN,BAC_1,Établissement Kara,2026-08-18T16:13:48.533924,true
eleve_gen_00496@gen.local,Élève,Généré 496,,LYCEEN,BAC_1,Établissement Maritime,2026-08-18T16:13:48.533924,true
eleve_gen_00497@gen.local,Élève,Généré 497,,LYCEEN,BAC_1,Établissement Maritime,2026-08-18T16:13:48.533924,true
eleve_gen_00498@gen.local,Élève,Généré 498,,LYCEEN,BAC_1,Établissement Maritime,2026-08-18T16:13:48.533924,true
eleve_gen_00499@gen.local,Élève,Généré 499,,LYCEEN,BAC_1,Établissement Kara,2026-08-18T16:13:48.533924,true
eleve_gen_00500@gen.local,Élève,Généré 500,,LYCEEN,BAC_1,Établissement Plateaux Est,2026-08-18T16:13:48.533924,true
eleve_gen_00501@gen.local,Élève,Généré 501,,LYCEEN,BAC_1,Établissement Centrale,2026-08-18T16:13:48.533924,true
eleve_gen_00502@gen.local,Élève,Généré 502,,LYCEEN,BAC_1,Établissement Grand Lomé,2026-08-18T16:13:48.533924,true
eleve_gen_00503@gen.local,Élève,Généré 503,,LYCEEN,BAC_1,Établissement Maritime,2026-08-18T16:13:48.533924,true
eleve_gen_00504@gen.local,Élève,Généré 504,,LYCEEN,BAC_1,Établissement Grand Lomé,2026-08-18T16:13:48.533924,true
eleve_gen_00505@gen.local,Élève,Généré 505,,LYCEEN,BAC_1,Établissement Kara,2026-08-18T16:13:48.533924,true
eleve_gen_00506@gen.local,Élève,Généré 506,,LYCEEN,BAC_1,Établissement Grand Lomé,2026-08-18T16:13:48.533924,true
eleve_gen_00507@gen.local,Élève,Généré 507,,LYCEEN,BAC_1,Établissement Kara,2026-08-18T16:13:48.533924,true
eleve_gen_00508@gen.local,Élève,Généré 508,,LYCEEN,BAC_1,Établissement Maritime,2026-08-18T16:13:48.533924,true
eleve_gen_00509@gen.local,Élève,Généré 509,,LYCEEN,BAC_1,Établissement Kara,2026-08-18T16:13:48.533924,true
eleve_gen_00510@gen.local,Élève,Généré 510,,LYCEEN,BAC_1,Établissement Plateaux Est,2026-08-18T16:13:48.533924,true
eleve_gen_00511@gen.local,Élève,Généré 511,,LYCEEN,BAC_1,Établissement Maritime,2026-08-18T16:13:48.533924,true
eleve_gen_00512@gen.local,Élève,Généré 512,,LYCEEN,BAC_1,Établissement Kara,2026-08-18T16:13:48.533924,true
eleve_gen_00513@gen.local,Élève,Généré 513,,LYCEEN,BAC_1,Établissement Plateaux Ouest,2026-08-18T16:13:48.533924,true
eleve_gen_00514@gen.local,Élève,Généré 514,,LYCEEN,BAC_1,Établissement Grand Lomé,2026-08-18T16:13:48.533924,true
eleve_gen_00515@gen.local,Élève,Généré 515,,LYCEEN,BAC_1,Établissement Kara,2026-08-18T16:13:48.533924,true
eleve_gen_00516@gen.local,Élève,Généré 516,,LYCEEN,BAC_1,Établissement Grand Lomé,2026-08-18T16:13:48.533924,true
eleve_gen_00517@gen.local,Élève,Généré 517,,LYCEEN,BAC_1,Établissement Maritime,2026-08-18T16:13:48.533924,true
eleve_gen_00518@gen.local,Élève,Généré 518,,LYCEEN,BAC_1,Établissement Centrale,2026-08-18T16:13:48.533924,true
eleve_gen_00519@gen.local,Élève,Généré 519,,LYCEEN,BAC_1,Établissement Maritime,2026-08-18T16:13:48.533924,true
eleve_gen_00520@gen.local,Élève,Généré 520,,LYCEEN,BAC_1,Établissement Plateaux Ouest,2026-08-18T16:13:48.533924,true
eleve_gen_00521@gen.local,Élève,Généré 521,,LYCEEN,BAC_1,Établissement Plateaux Est,2026-08-18T16:13:48.533924,true
eleve_gen_00522@gen.local,Élève,Généré 522,,LYCEEN,BAC_1,Établissement Grand Lomé,2026-08-18T16:13:48.533924,true
eleve_gen_00523@gen.local,Élève,Généré 523,,LYCEEN,BAC_1,Établissement Plateaux Ouest,2026-08-18T16:13:48.533924,true
eleve_gen_00524@gen.local,Élève,Généré 524,,LYCEEN,BAC_1,Établissement Maritime,2026-08-18T16:13:48.533924,true
eleve_gen_00525@gen.local,Élève,Généré 525,,LYCEEN,BAC_1,Établissement Savanes,2026-08-18T16:13:48.533924,true
eleve_gen_00526@gen.local,Élève,Généré 526,,LYCEEN,BAC_1,Établissement Plateaux Est,2026-08-18T16:13:48.533924,true
eleve_gen_00527@gen.local,Élève,Généré 527,,LYCEEN,BAC_1,Établissement Maritime,2026-08-18T16:13:48.533924,true
eleve_gen_00528@gen.local,Élève,Généré 528,,LYCEEN,BAC_1,Établissement Maritime,2026-08-18T16:13:48.533924,true
eleve_gen_00529@gen.local,Élève,Généré 529,,LYCEEN,BAC_1,Établissement Grand Lomé,2026-08-18T16:13:48.533924,true
eleve_gen_00530@gen.local,Élève,Généré 530,,LYCEEN,BAC_1,Établissement Grand Lomé,2026-08-18T16:13:48.533924,true
eleve_gen_00531@gen.local,Élève,Généré 531,,LYCEEN,BAC_1,Établissement Grand Lomé,2026-08-18T16:13:48.533924,true
eleve_gen_00532@gen.local,Élève,Généré 532,,LYCEEN,BAC_1,Établissement Plateaux Est,2026-08-18T16:13:48.533924,true
eleve_gen_00533@gen.local,Élève,Généré 533,,LYCEEN,BAC_1,Établissement Grand Lomé,2026-08-18T16:13:48.533924,true
eleve_gen_00534@gen.local,Élève,Généré 534,,LYCEEN,BAC_1,Établissement Plateaux Ouest,2026-08-18T16:13:48.533924,true
eleve_gen_00535@gen.local,Élève,Généré 535,,LYCEEN,BAC_1,Établissement Kara,2026-08-18T16:13:48.533924,true
eleve_gen_00536@gen.local,Élève,Généré 536,,LYCEEN,BAC_1,Établissement Plateaux Est,2026-08-18T16:13:48.533924,true
eleve_gen_00537@gen.local,Élève,Généré 537,,LYCEEN,BAC_1,Établissement Plateaux Ouest,2026-08-18T16:13:48.533924,true
eleve_gen_00538@gen.local,Élève,Généré 538,,LYCEEN,BAC_1,Établissement Grand Lomé,2026-08-18T16:13:48.533924,true
eleve_gen_00539@gen.local,Élève,Généré 539,,LYCEEN,BAC_1,Établissement Plateaux Est,2026-08-18T16:13:48.533924,true
eleve_gen_00540@gen.local,Élève,Généré 540,,LYCEEN,BAC_1,Établissement Savanes,2026-08-18T16:13:48.533924,true
eleve_gen_00541@gen.local,Élève,Généré 541,,LYCEEN,BAC_1,Établissement Centrale,2026-08-18T16:13:48.533924,true
eleve_gen_00542@gen.local,Élève,Généré 542,,LYCEEN,BAC_1,Établissement Maritime,2026-08-18T16:13:48.533924,true
eleve_gen_00543@gen.local,Élève,Généré 543,,LYCEEN,BAC_1,Établissement Plateaux Ouest,2026-08-18T16:13:48.533924,true
eleve_gen_00544@gen.local,Élève,Généré 544,,LYCEEN,BAC_1,Établissement Plateaux Ouest,2026-08-18T16:13:48.533924,true
eleve_gen_00545@gen.local,Élève,Généré 545,,LYCEEN,BAC_1,Établissement Savanes,2026-08-18T16:13:48.533924,true
eleve_gen_00546@gen.local,Élève,Généré 546,,LYCEEN,BAC_1,Établissement Grand Lomé,2026-08-18T16:13:48.533924,true
eleve_gen_00547@gen.local,Élève,Généré 547,,LYCEEN,BAC_1,Établissement Centrale,2026-08-18T16:13:48.533924,true
eleve_gen_00548@gen.local,Élève,Généré 548,,LYCEEN,BAC_1,Établissement Centrale,2026-08-18T16:13:48.533924,true
eleve_gen_00549@gen.local,Élève,Généré 549,,LYCEEN,BAC_1,Établissement Plateaux Est,2026-08-18T16:13:48.533924,true
eleve_gen_00550@gen.local,Élève,Généré 550,,LYCEEN,BAC_1,Établissement Grand Lomé,2026-08-18T16:13:48.533924,true
eleve_gen_00551@gen.local,Élève,Généré 551,,LYCEEN,BAC_1,Établissement Centrale,2026-08-18T16:13:48.533924,true
eleve_gen_00552@gen.local,Élève,Généré 552,,LYCEEN,BAC_1,Établissement Plateaux Ouest,2026-08-18T16:13:48.533924,true
eleve_gen_00553@gen.local,Élève,Généré 553,,LYCEEN,BAC_1,Établissement Plateaux Ouest,2026-08-18T16:13:48.533924,true
eleve_gen_00554@gen.local,Élève,Généré 554,,LYCEEN,BAC_1,Établissement Grand Lomé,2026-08-18T16:13:48.533924,true
eleve_gen_00555@gen.local,Élève,Généré 555,,LYCEEN,BAC_1,Établissement Grand Lomé,2026-08-18T16:13:48.533924,true
eleve_gen_00556@gen.local,Élève,Généré 556,,LYCEEN,BAC_1,Établissement Kara,2026-08-18T16:13:48.533924,true
eleve_gen_00557@gen.local,Élève,Généré 557,,LYCEEN,BAC_1,Établissement Maritime,2026-08-18T16:13:48.533924,true
eleve_gen_00558@gen.local,Élève,Généré 558,,LYCEEN,BAC_1,Établissement Centrale,2026-08-18T16:13:48.533924,true
eleve_gen_00559@gen.local,Élève,Généré 559,,LYCEEN,BAC_1,Établissement Plateaux Est,2026-08-18T16:13:48.533924,true
eleve_gen_00560@gen.local,Élève,Généré 560,,LYCEEN,BAC_1,Établissement Maritime,2026-08-18T16:13:48.533924,true
eleve_gen_00561@gen.local,Élève,Généré 561,,LYCEEN,BAC_1,Établissement Kara,2026-08-18T16:13:48.533924,true
eleve_gen_00562@gen.local,Élève,Généré 562,,LYCEEN,BAC_1,Établissement Kara,2026-08-18T16:13:48.533924,true
eleve_gen_00563@gen.local,Élève,Généré 563,,LYCEEN,BAC_1,Établissement Savanes,2026-08-18T16:13:48.533924,true
eleve_gen_00564@gen.local,Élève,Généré 564,,LYCEEN,BAC_1,Établissement Plateaux Ouest,2026-08-18T16:13:48.533924,true
eleve_gen_00565@gen.local,Élève,Généré 565,,LYCEEN,BAC_1,Établissement Maritime,2026-08-18T16:13:48.533924,true
eleve_gen_00566@gen.local,Élève,Généré 566,,LYCEEN,BAC_1,Établissement Savanes,2026-08-18T16:13:48.533924,true
eleve_gen_00567@gen.local,Élève,Généré 567,,LYCEEN,BAC_1,Établissement Maritime,2026-08-18T16:13:48.533924,true
eleve_gen_00568@gen.local,Élève,Généré 568,,LYCEEN,BAC_1,Établissement Plateaux Est,2026-08-18T16:13:48.533924,true
eleve_gen_00569@gen.local,Élève,Généré 569,,LYCEEN,BAC_1,Établissement Maritime,2026-08-18T16:13:48.533924,true
eleve_gen_00570@gen.local,Élève,Généré 570,,LYCEEN,BAC_1,Établissement Centrale,2026-08-18T16:13:48.533924,true
eleve_gen_00571@gen.local,Élève,Généré 571,,LYCEEN,BAC_1,Établissement Centrale,2026-08-18T16:13:48.533924,true
eleve_gen_00572@gen.local,Élève,Généré 572,,LYCEEN,BAC_1,Établissement Maritime,2026-08-18T16:13:48.533924,true
eleve_gen_00573@gen.local,Élève,Généré 573,,LYCEEN,BAC_1,Établissement Maritime,2026-08-18T16:13:48.533924,true
eleve_gen_00574@gen.local,Élève,Généré 574,,LYCEEN,BAC_1,Établissement Plateaux Est,2026-08-18T16:13:48.533924,true
eleve_gen_00575@gen.local,Élève,Généré 575,,LYCEEN,BAC_1,Établissement Maritime,2026-08-18T16:13:48.533924,true
eleve_gen_00576@gen.local,Élève,Généré 576,,LYCEEN,BAC_1,Établissement Plateaux Ouest,2026-08-18T16:13:48.533924,true
eleve_gen_00577@gen.local,Élève,Généré 577,,LYCEEN,BAC_1,Établissement Grand Lomé,2026-08-18T16:13:48.533924,true
eleve_gen_00578@gen.local,Élève,Généré 578,,LYCEEN,BAC_1,Établissement Grand Lomé,2026-08-18T16:13:48.533924,true
eleve_gen_00579@gen.local,Élève,Généré 579,,LYCEEN,BAC_1,Établissement Grand Lomé,2026-08-18T16:13:48.533924,true
eleve_gen_00580@gen.local,Élève,Généré 580,,LYCEEN,BAC_1,Établissement Centrale,2026-08-18T16:13:48.533924,true
eleve_gen_00581@gen.local,Élève,Généré 581,,LYCEEN,BAC_1,Établissement Maritime,2026-08-18T16:13:48.533924,true
eleve_gen_00582@gen.local,Élève,Généré 582,,LYCEEN,BAC_1,Établissement Grand Lomé,2026-08-18T16:13:48.533924,true
eleve_gen_00583@gen.local,Élève,Généré 583,,LYCEEN,BAC_1,Établissement Grand Lomé,2026-08-18T16:13:48.533924,true
eleve_gen_00584@gen.local,Élève,Généré 584,,LYCEEN,BAC_1,Établissement Plateaux Ouest,2026-08-18T16:13:48.533924,true
eleve_gen_00585@gen.local,Élève,Généré 585,,LYCEEN,BAC_1,Établissement Grand Lomé,2026-08-18T16:13:48.533924,true
eleve_gen_00586@gen.local,Élève,Généré 586,,LYCEEN,BAC_1,Établissement Grand Lomé,2026-08-18T16:13:48.533924,true
eleve_gen_00587@gen.local,Élève,Généré 587,,LYCEEN,BAC_1,Établissement Grand Lomé,2026-08-18T16:13:48.533924,true
eleve_gen_00588@gen.local,Élève,Généré 588,,LYCEEN,BAC_1,Établissement Savanes,2026-08-18T16:13:48.533924,true
eleve_gen_00589@gen.local,Élève,Généré 589,,LYCEEN,BAC_1,Établissement Kara,2026-08-18T16:13:48.533924,true
eleve_gen_00590@gen.local,Élève,Généré 590,,LYCEEN,BAC_1,Établissement Grand Lomé,2026-08-18T16:13:48.533924,true
eleve_gen_00591@gen.local,Élève,Généré 591,,LYCEEN,BAC_1,Établissement Maritime,2026-08-18T16:13:48.533924,true
eleve_gen_00592@gen.local,Élève,Généré 592,,LYCEEN,BAC_1,Établissement Centrale,2026-08-18T16:13:48.533924,true
eleve_gen_00593@gen.local,Élève,Généré 593,,LYCEEN,BAC_1,Établissement Plateaux Est,2026-08-18T16:13:48.533924,true
eleve_gen_00594@gen.local,Élève,Généré 594,,LYCEEN,BAC_1,Établissement Grand Lomé,2026-08-18T16:13:48.533924,true
eleve_gen_00595@gen.local,Élève,Généré 595,,LYCEEN,BAC_1,Établissement Grand Lomé,2026-08-18T16:13:48.533924,true
eleve_gen_00596@gen.local,Élève,Généré 596,,LYCEEN,BAC_1,Établissement Centrale,2026-08-18T16:13:48.533924,true
eleve_gen_00597@gen.local,Élève,Généré 597,,LYCEEN,BAC_1,Établissement Maritime,2026-08-18T16:13:48.533924,true
eleve_gen_00598@gen.local,Élève,Généré 598,,LYCEEN,BAC_1,Établissement Kara,2026-08-18T16:13:48.533924,true
eleve_gen_00599@gen.local,Élève,Généré 599,,LYCEEN,BAC_1,Établissement Centrale,2026-08-18T16:13:48.533924,true
eleve_gen_00600@gen.local,Élève,Généré 600,,LYCEEN,BAC_1,Établissement Grand Lomé,2026-08-18T16:13:48.533924,true
eleve_gen_00601@gen.local,Élève,Généré 601,,LYCEEN,BAC_1,Établissement Plateaux Ouest,2026-08-18T16:13:48.533924,true
eleve_gen_00602@gen.local,Élève,Généré 602,,LYCEEN,BAC_1,Établissement Grand Lomé,2026-08-18T16:13:48.533924,true
eleve_gen_00603@gen.local,Élève,Généré 603,,LYCEEN,BAC_1,Établissement Maritime,2026-08-18T16:13:48.533924,true
eleve_gen_00604@gen.local,Élève,Généré 604,,LYCEEN,BAC_1,Établissement Maritime,2026-08-18T16:13:48.533924,true
eleve_gen_00605@gen.local,Élève,Généré 605,,LYCEEN,BAC_1,Établissement Maritime,2026-08-18T16:13:48.533924,true
eleve_gen_00606@gen.local,Élève,Généré 606,,LYCEEN,BAC_1,Établissement Plateaux Est,2026-08-18T16:13:48.533924,true
eleve_gen_00607@gen.local,Élève,Généré 607,,LYCEEN,BAC_1,Établissement Maritime,2026-08-18T16:13:48.533924,true
eleve_gen_00608@gen.local,Élève,Généré 608,,LYCEEN,BAC_1,Établissement Plateaux Est,2026-08-18T16:13:48.533924,true
eleve_gen_00609@gen.local,Élève,Généré 609,,LYCEEN,BAC_1,Établissement Plateaux Est,2026-08-18T16:13:48.533924,true
eleve_gen_00610@gen.local,Élève,Généré 610,,LYCEEN,BAC_1,Établissement Centrale,2026-08-18T16:13:48.533924,true
eleve_gen_00611@gen.local,Élève,Généré 611,,LYCEEN,BAC_1,Établissement Grand Lomé,2026-08-18T16:13:48.533924,true
eleve_gen_00612@gen.local,Élève,Généré 612,,LYCEEN,BAC_1,Établissement Maritime,2026-08-18T16:13:48.533924,true
eleve_gen_00613@gen.local,Élève,Généré 613,,LYCEEN,BAC_1,Établissement Maritime,2026-08-18T16:13:48.533924,true
eleve_gen_00614@gen.local,Élève,Généré 614,,LYCEEN,BAC_1,Établissement Maritime,2026-08-18T16:13:48.533924,true
eleve_gen_00615@gen.local,Élève,Généré 615,,LYCEEN,BAC_1,Établissement Centrale,2026-08-18T16:13:48.533924,true
eleve_gen_00616@gen.local,Élève,Généré 616,,LYCEEN,BAC_1,Établissement Savanes,2026-08-18T16:13:48.533924,true
eleve_gen_00617@gen.local,Élève,Généré 617,,LYCEEN,BAC_1,Établissement Grand Lomé,2026-08-18T16:13:48.533924,true
eleve_gen_00618@gen.local,Élève,Généré 618,,LYCEEN,BAC_1,Établissement Centrale,2026-08-18T16:13:48.533924,true
eleve_gen_00619@gen.local,Élève,Généré 619,,LYCEEN,BAC_1,Établissement Savanes,2026-08-18T16:13:48.533924,true
eleve_gen_00620@gen.local,Élève,Généré 620,,LYCEEN,BAC_1,Établissement Maritime,2026-08-18T16:13:48.533924,true
eleve_gen_00621@gen.local,Élève,Généré 621,,LYCEEN,BAC_1,Établissement Savanes,2026-08-18T16:13:48.533924,true
eleve_gen_00622@gen.local,Élève,Généré 622,,LYCEEN,BAC_1,Établissement Maritime,2026-08-18T16:13:48.533924,true
eleve_gen_00623@gen.local,Élève,Généré 623,,LYCEEN,BAC_1,Établissement Maritime,2026-08-18T16:13:48.533924,true
eleve_gen_00624@gen.local,Élève,Généré 624,,LYCEEN,BAC_1,Établissement Maritime,2026-08-18T16:13:48.533924,true
eleve_gen_00625@gen.local,Élève,Généré 625,,LYCEEN,BAC_1,Établissement Grand Lomé,2026-08-18T16:13:48.533924,true
eleve_gen_00626@gen.local,Élève,Généré 626,,LYCEEN,BAC_1,Établissement Grand Lomé,2026-08-18T16:13:48.533924,true
eleve_gen_00627@gen.local,Élève,Généré 627,,LYCEEN,BAC_1,Établissement Grand Lomé,2026-08-18T16:13:48.533924,true
eleve_gen_00628@gen.local,Élève,Généré 628,,LYCEEN,BAC_1,Établissement Maritime,2026-08-18T16:13:48.533924,true
eleve_gen_00629@gen.local,Élève,Généré 629,,LYCEEN,BAC_1,Établissement Maritime,2026-08-18T16:13:48.533924,true
eleve_gen_00630@gen.local,Élève,Généré 630,,LYCEEN,BAC_1,Établissement Maritime,2026-08-18T16:13:48.533924,true
eleve_gen_00631@gen.local,Élève,Généré 631,,LYCEEN,BAC_1,Établissement Grand Lomé,2026-08-18T16:13:48.533924,true
eleve_gen_00632@gen.local,Élève,Généré 632,,LYCEEN,BAC_1,Établissement Savanes,2026-08-18T16:13:48.533924,true
eleve_gen_00633@gen.local,Élève,Généré 633,,LYCEEN,BAC_1,Établissement Plateaux Est,2026-08-18T16:13:48.533924,true
eleve_gen_00634@gen.local,Élève,Généré 634,,LYCEEN,BAC_1,Établissement Grand Lomé,2026-08-18T16:13:48.533924,true
eleve_gen_00635@gen.local,Élève,Généré 635,,LYCEEN,BAC_1,Établissement Kara,2026-08-18T16:13:48.533924,true
eleve_gen_00636@gen.local,Élève,Généré 636,,LYCEEN,BAC_1,Établissement Plateaux Est,2026-08-18T16:13:48.533924,true
eleve_gen_00637@gen.local,Élève,Généré 637,,LYCEEN,BAC_1,Établissement Kara,2026-08-18T16:13:48.533924,true
eleve_gen_00638@gen.local,Élève,Généré 638,,LYCEEN,BAC_1,Établissement Kara,2026-08-18T16:13:48.533924,true
eleve_gen_00639@gen.local,Élève,Généré 639,,LYCEEN,BAC_1,Établissement Plateaux Ouest,2026-08-18T16:13:48.533924,true
eleve_gen_00640@gen.local,Élève,Généré 640,,LYCEEN,BAC_1,Établissement Plateaux Ouest,2026-08-18T16:13:48.533924,true
eleve_gen_00641@gen.local,Élève,Généré 641,,LYCEEN,BAC_1,Établissement Kara,2026-08-18T16:13:48.533924,true
eleve_gen_00642@gen.local,Élève,Généré 642,,LYCEEN,BAC_1,Établissement Savanes,2026-08-18T16:13:48.533924,true
eleve_gen_00643@gen.local,Élève,Généré 643,,LYCEEN,BAC_1,Établissement Kara,2026-08-18T16:13:48.533924,true
eleve_gen_00644@gen.local,Élève,Généré 644,,LYCEEN,BAC_1,Établissement Kara,2026-08-18T16:13:48.533924,true
eleve_gen_00645@gen.local,Élève,Généré 645,,LYCEEN,BAC_1,Établissement Grand Lomé,2026-08-18T16:13:48.533924,true
eleve_gen_00646@gen.local,Élève,Généré 646,,LYCEEN,BAC_1,Établissement Kara,2026-08-18T16:13:48.533924,true
eleve_gen_00647@gen.local,Élève,Généré 647,,LYCEEN,BAC_1,Établissement Plateaux Ouest,2026-08-18T16:13:48.533924,true
eleve_gen_00648@gen.local,Élève,Généré 648,,LYCEEN,BAC_1,Établissement Savanes,2026-08-18T16:13:48.533924,true
eleve_gen_00649@gen.local,Élève,Généré 649,,LYCEEN,BAC_1,Établissement Plateaux Est,2026-08-18T16:13:48.533924,true
eleve_gen_00650@gen.local,Élève,Généré 650,,LYCEEN,BAC_1,Établissement Centrale,2026-08-18T16:13:48.533924,true
eleve_gen_00651@gen.local,Élève,Généré 651,,LYCEEN,BAC_1,Établissement Maritime,2026-08-18T16:13:48.533924,true
eleve_gen_00652@gen.local,Élève,Généré 652,,LYCEEN,BAC_1,Établissement Plateaux Est,2026-08-18T16:13:48.533924,true
eleve_gen_00653@gen.local,Élève,Généré 653,,LYCEEN,BAC_1,Établissement Plateaux Est,2026-08-18T16:13:48.533924,true
eleve_gen_00654@gen.local,Élève,Généré 654,,LYCEEN,BAC_1,Établissement Plateaux Ouest,2026-08-18T16:13:48.533924,true
eleve_gen_00655@gen.local,Élève,Généré 655,,LYCEEN,BAC_1,Établissement Plateaux Est,2026-08-18T16:13:48.533924,true
eleve_gen_00656@gen.local,Élève,Généré 656,,LYCEEN,BAC_1,Établissement Grand Lomé,2026-08-18T16:13:48.533924,true
eleve_gen_00657@gen.local,Élève,Généré 657,,LYCEEN,BAC_1,Établissement Kara,2026-08-18T16:13:48.533924,true
eleve_gen_00658@gen.local,Élève,Généré 658,,LYCEEN,BAC_1,Établissement Grand Lomé,2026-08-18T16:13:48.533924,true
eleve_gen_00659@gen.local,Élève,Généré 659,,LYCEEN,BAC_1,Établissement Grand Lomé,2026-08-18T16:13:48.533924,true
eleve_gen_00660@gen.local,Élève,Généré 660,,LYCEEN,BAC_1,Établissement Maritime,2026-08-18T16:13:48.533924,true
eleve_gen_00661@gen.local,Élève,Généré 661,,LYCEEN,BAC_1,Établissement Plateaux Ouest,2026-08-18T16:13:48.533924,true
eleve_gen_00662@gen.local,Élève,Généré 662,,LYCEEN,BAC_1,Établissement Savanes,2026-08-18T16:13:48.533924,true
eleve_gen_00663@gen.local,Élève,Généré 663,,LYCEEN,BAC_1,Établissement Grand Lomé,2026-08-18T16:13:48.533924,true
eleve_gen_00664@gen.local,Élève,Généré 664,,LYCEEN,BAC_1,Établissement Plateaux Est,2026-08-18T16:13:48.533924,true
eleve_gen_00665@gen.local,Élève,Généré 665,,LYCEEN,BAC_1,Établissement Kara,2026-08-18T16:13:48.533924,true
eleve_gen_00666@gen.local,Élève,Généré 666,,LYCEEN,BAC_1,Établissement Maritime,2026-08-18T16:13:48.533924,true
eleve_gen_00667@gen.local,Élève,Généré 667,,LYCEEN,BAC_1,Établissement Centrale,2026-08-18T16:13:48.533924,true
eleve_gen_00668@gen.local,Élève,Généré 668,,LYCEEN,BAC_1,Établissement Plateaux Ouest,2026-08-18T16:13:48.533924,true
eleve_gen_00669@gen.local,Élève,Généré 669,,LYCEEN,BAC_1,Établissement Grand Lomé,2026-08-18T16:13:48.533924,true
eleve_gen_00670@gen.local,Élève,Généré 670,,LYCEEN,BAC_1,Établissement Plateaux Est,2026-08-18T16:13:48.533924,true
eleve_gen_00671@gen.local,Élève,Généré 671,,LYCEEN,BAC_1,Établissement Grand Lomé,2026-08-18T16:13:48.533924,true
eleve_gen_00672@gen.local,Élève,Généré 672,,LYCEEN,BAC_1,Établissement Kara,2026-08-18T16:13:48.533924,true
eleve_gen_00673@gen.local,Élève,Généré 673,,LYCEEN,BAC_1,Établissement Maritime,2026-08-18T16:13:48.533924,true
eleve_gen_00674@gen.local,Élève,Généré 674,,LYCEEN,BAC_1,Établissement Grand Lomé,2026-08-18T16:13:48.533924,true
eleve_gen_00675@gen.local,Élève,Généré 675,,LYCEEN,BAC_1,Établissement Kara,2026-08-18T16:13:48.533924,true
eleve_gen_00676@gen.local,Élève,Généré 676,,LYCEEN,BAC_1,Établissement Grand Lomé,2026-08-18T16:13:48.533924,true
eleve_gen_00677@gen.local,Élève,Généré 677,,LYCEEN,BAC_1,Établissement Maritime,2026-08-18T16:13:48.533924,true
eleve_gen_00678@gen.local,Élève,Généré 678,,LYCEEN,BAC_1,Établissement Savanes,2026-08-18T16:13:48.533924,true
eleve_gen_00679@gen.local,Élève,Généré 679,,LYCEEN,BAC_1,Établissement Kara,2026-08-18T16:13:48.533924,true
eleve_gen_00680@gen.local,Élève,Généré 680,,LYCEEN,BAC_1,Établissement Savanes,2026-08-18T16:13:48.533924,true
eleve_gen_00681@gen.local,Élève,Généré 681,,LYCEEN,BAC_1,Établissement Plateaux Est,2026-08-18T16:13:48.533924,true
eleve_gen_00682@gen.local,Élève,Généré 682,,LYCEEN,BAC_1,Établissement Plateaux Ouest,2026-08-18T16:13:48.533924,true
eleve_gen_00683@gen.local,Élève,Généré 683,,LYCEEN,BAC_1,Établissement Grand Lomé,2026-08-18T16:13:48.533924,true
eleve_gen_00684@gen.local,Élève,Généré 684,,LYCEEN,BAC_1,Établissement Plateaux Ouest,2026-08-18T16:13:48.533924,true
eleve_gen_00685@gen.local,Élève,Généré 685,,LYCEEN,BAC_1,Établissement Maritime,2026-08-18T16:13:48.533924,true
eleve_gen_00686@gen.local,Élève,Généré 686,,LYCEEN,BAC_1,Établissement Plateaux Ouest,2026-08-18T16:13:48.533924,true
eleve_gen_00687@gen.local,Élève,Généré 687,,LYCEEN,BAC_1,Établissement Maritime,2026-08-18T16:13:48.533924,true
eleve_gen_00688@gen.local,Élève,Généré 688,,LYCEEN,BAC_1,Établissement Maritime,2026-08-18T16:13:48.533924,true
eleve_gen_00689@gen.local,Élève,Généré 689,,LYCEEN,BAC_1,Établissement Savanes,2026-08-18T16:13:48.533924,true
eleve_gen_00690@gen.local,Élève,Généré 690,,LYCEEN,BAC_1,Établissement Plateaux Ouest,2026-08-18T16:13:48.533924,true
eleve_gen_00691@gen.local,Élève,Généré 691,,LYCEEN,BAC_1,Établissement Plateaux Ouest,2026-08-18T16:13:48.533924,true
eleve_gen_00692@gen.local,Élève,Généré 692,,LYCEEN,BAC_1,Établissement Grand Lomé,2026-08-18T16:13:48.533924,true
eleve_gen_00693@gen.local,Élève,Généré 693,,LYCEEN,BAC_1,Établissement Grand Lomé,2026-08-18T16:13:48.533924,true
eleve_gen_00694@gen.local,Élève,Généré 694,,LYCEEN,BAC_1,Établissement Kara,2026-08-18T16:13:48.533924,true
eleve_gen_00695@gen.local,Élève,Généré 695,,LYCEEN,BAC_1,Établissement Plateaux Est,2026-08-18T16:13:48.533924,true
eleve_gen_00696@gen.local,Élève,Généré 696,,LYCEEN,BAC_1,Établissement Centrale,2026-08-18T16:13:48.533924,true
eleve_gen_00697@gen.local,Élève,Généré 697,,LYCEEN,BAC_1,Établissement Centrale,2026-08-18T16:13:48.533924,true
eleve_gen_00698@gen.local,Élève,Généré 698,,LYCEEN,BAC_1,Établissement Maritime,2026-08-18T16:13:48.533924,true
eleve_gen_00699@gen.local,Élève,Généré 699,,LYCEEN,BAC_1,Établissement Grand Lomé,2026-08-18T16:13:48.533924,true
eleve_gen_00700@gen.local,Élève,Généré 700,,LYCEEN,BAC_1,Établissement Centrale,2026-08-18T16:13:48.533924,true
eleve_gen_00701@gen.local,Élève,Généré 701,,LYCEEN,BAC_1,Établissement Grand Lomé,2026-08-18T16:13:48.533924,true
eleve_gen_00702@gen.local,Élève,Généré 702,,LYCEEN,BAC_1,Établissement Grand Lomé,2026-08-18T16:13:48.533924,true
eleve_gen_00703@gen.local,Élève,Généré 703,,LYCEEN,BAC_1,Établissement Kara,2026-08-18T16:13:48.533924,true
eleve_gen_00704@gen.local,Élève,Généré 704,,LYCEEN,BAC_1,Établissement Plateaux Est,2026-08-18T16:13:48.533924,true
eleve_gen_00705@gen.local,Élève,Généré 705,,LYCEEN,BAC_1,Établissement Centrale,2026-08-18T16:13:48.533924,true
eleve_gen_00706@gen.local,Élève,Généré 706,,LYCEEN,BAC_1,Établissement Grand Lomé,2026-08-18T16:13:48.533924,true
eleve_gen_00707@gen.local,Élève,Généré 707,,LYCEEN,BAC_1,Établissement Kara,2026-08-18T16:13:48.533924,true
eleve_gen_00708@gen.local,Élève,Généré 708,,LYCEEN,BAC_1,Établissement Grand Lomé,2026-08-18T16:13:48.533924,true
eleve_gen_00709@gen.local,Élève,Généré 709,,LYCEEN,BAC_1,Établissement Grand Lomé,2026-08-18T16:13:48.533924,true
eleve_gen_00710@gen.local,Élève,Généré 710,,LYCEEN,BAC_1,Établissement Centrale,2026-08-18T16:13:48.533924,true
eleve_gen_00711@gen.local,Élève,Généré 711,,LYCEEN,BAC_1,Établissement Centrale,2026-08-18T16:13:48.533924,true
eleve_gen_00712@gen.local,Élève,Généré 712,,LYCEEN,BAC_1,Établissement Plateaux Est,2026-08-18T16:13:48.533924,true
eleve_gen_00713@gen.local,Élève,Généré 713,,LYCEEN,BAC_1,Établissement Maritime,2026-08-18T16:13:48.533924,true
eleve_gen_00714@gen.local,Élève,Généré 714,,LYCEEN,BAC_1,Établissement Plateaux Ouest,2026-08-18T16:13:48.533924,true
eleve_gen_00715@gen.local,Élève,Généré 715,,LYCEEN,BAC_1,Établissement Plateaux Ouest,2026-08-18T16:13:48.533924,true
eleve_gen_00716@gen.local,Élève,Généré 716,,LYCEEN,BAC_1,Établissement Maritime,2026-08-18T16:13:48.533924,true
eleve_gen_00717@gen.local,Élève,Généré 717,,LYCEEN,BAC_1,Établissement Plateaux Ouest,2026-08-18T16:13:48.533924,true
eleve_gen_00718@gen.local,Élève,Généré 718,,LYCEEN,BAC_1,Établissement Kara,2026-08-18T16:13:48.533924,true
eleve_gen_00719@gen.local,Élève,Généré 719,,LYCEEN,BAC_1,Établissement Kara,2026-08-18T16:13:48.533924,true
eleve_gen_00720@gen.local,Élève,Généré 720,,LYCEEN,BAC_1,Établissement Plateaux Est,2026-08-18T16:13:48.533924,true
eleve_gen_00721@gen.local,Élève,Généré 721,,LYCEEN,BAC_1,Établissement Grand Lomé,2026-08-18T16:13:48.533924,true
eleve_gen_00722@gen.local,Élève,Généré 722,,LYCEEN,BAC_1,Établissement Centrale,2026-08-18T16:13:48.533924,true
eleve_gen_00723@gen.local,Élève,Généré 723,,LYCEEN,BAC_1,Établissement Plateaux Est,2026-08-18T16:13:48.533924,true
eleve_gen_00724@gen.local,Élève,Généré 724,,LYCEEN,BAC_1,Établissement Kara,2026-08-18T16:13:48.533924,true
eleve_gen_00725@gen.local,Élève,Généré 725,,LYCEEN,BAC_1,Établissement Maritime,2026-08-18T16:13:48.533924,true
eleve_gen_00726@gen.local,Élève,Généré 726,,LYCEEN,BAC_1,Établissement Maritime,2026-08-18T16:13:48.533924,true
eleve_gen_00727@gen.local,Élève,Généré 727,,LYCEEN,BAC_1,Établissement Plateaux Ouest,2026-08-18T16:13:48.533924,true
eleve_gen_00728@gen.local,Élève,Généré 728,,LYCEEN,BAC_1,Établissement Grand Lomé,2026-08-18T16:13:48.533924,true
eleve_gen_00729@gen.local,Élève,Généré 729,,LYCEEN,BAC_1,Établissement Savanes,2026-08-18T16:13:48.533924,true
eleve_gen_00730@gen.local,Élève,Généré 730,,LYCEEN,BAC_1,Établissement Kara,2026-08-18T16:13:48.533924,true
eleve_gen_00731@gen.local,Élève,Généré 731,,LYCEEN,BAC_1,Établissement Plateaux Est,2026-08-18T16:13:48.533924,true
eleve_gen_00732@gen.local,Élève,Généré 732,,LYCEEN,BAC_1,Établissement Grand Lomé,2026-08-18T16:13:48.533924,true
eleve_gen_00733@gen.local,Élève,Généré 733,,LYCEEN,BAC_1,Établissement Plateaux Est,2026-08-18T16:13:48.533924,true
eleve_gen_00734@gen.local,Élève,Généré 734,,LYCEEN,BAC_1,Établissement Grand Lomé,2026-08-18T16:13:48.533924,true
eleve_gen_00735@gen.local,Élève,Généré 735,,LYCEEN,BAC_1,Établissement Centrale,2026-08-18T16:13:48.533924,true
eleve_gen_00736@gen.local,Élève,Généré 736,,LYCEEN,BAC_1,Établissement Kara,2026-08-18T16:13:48.533924,true
eleve_gen_00737@gen.local,Élève,Généré 737,,LYCEEN,BAC_1,Établissement Plateaux Est,2026-08-18T16:13:48.533924,true
eleve_gen_00738@gen.local,Élève,Généré 738,,LYCEEN,BAC_1,Établissement Grand Lomé,2026-08-18T16:13:48.533924,true
eleve_gen_00739@gen.local,Élève,Généré 739,,LYCEEN,BAC_1,Établissement Grand Lomé,2026-08-18T16:13:48.533924,true
eleve_gen_00740@gen.local,Élève,Généré 740,,LYCEEN,BAC_1,Établissement Grand Lomé,2026-08-18T16:13:48.533924,true
eleve_gen_00741@gen.local,Élève,Généré 741,,LYCEEN,BAC_1,Établissement Kara,2026-08-18T16:13:48.533924,true
eleve_gen_00742@gen.local,Élève,Généré 742,,LYCEEN,BAC_1,Établissement Maritime,2026-08-18T16:13:48.533924,true
eleve_gen_00743@gen.local,Élève,Généré 743,,LYCEEN,BAC_1,Établissement Centrale,2026-08-18T16:13:48.533924,true
eleve_gen_00744@gen.local,Élève,Généré 744,,LYCEEN,BAC_1,Établissement Centrale,2026-08-18T16:13:48.533924,true
eleve_gen_00745@gen.local,Élève,Généré 745,,LYCEEN,BAC_1,Établissement Maritime,2026-08-18T16:13:48.533924,true
eleve_gen_00746@gen.local,Élève,Généré 746,,LYCEEN,BAC_1,Établissement Grand Lomé,2026-08-18T16:13:48.533924,true
eleve_gen_00747@gen.local,Élève,Généré 747,,LYCEEN,BAC_1,Établissement Plateaux Ouest,2026-08-18T16:13:48.533924,true
eleve_gen_00748@gen.local,Élève,Généré 748,,LYCEEN,BAC_1,Établissement Kara,2026-08-18T16:13:48.533924,true
eleve_gen_00749@gen.local,Élève,Généré 749,,LYCEEN,BAC_1,Établissement Savanes,2026-08-18T16:13:48.533924,true
eleve_gen_00750@gen.local,Élève,Généré 750,,LYCEEN,BAC_1,Établissement Grand Lomé,2026-08-18T16:13:48.533924,true
eleve_gen_00751@gen.local,Élève,Généré 751,,LYCEEN,BAC_1,Établissement Grand Lomé,2026-08-18T16:13:48.533924,true
eleve_gen_00752@gen.local,Élève,Généré 752,,LYCEEN,BAC_1,Établissement Grand Lomé,2026-08-18T16:13:48.533924,true
eleve_gen_00753@gen.local,Élève,Généré 753,,LYCEEN,BAC_1,Établissement Savanes,2026-08-18T16:13:48.533924,true
eleve_gen_00754@gen.local,Élève,Généré 754,,LYCEEN,BAC_1,Établissement Maritime,2026-08-18T16:13:48.533924,true
eleve_gen_00755@gen.local,Élève,Généré 755,,LYCEEN,BAC_1,Établissement Grand Lomé,2026-08-18T16:13:48.533924,true
eleve_gen_00756@gen.local,Élève,Généré 756,,LYCEEN,BAC_1,Établissement Maritime,2026-08-18T16:13:48.533924,true
eleve_gen_00757@gen.local,Élève,Généré 757,,LYCEEN,BAC_1,Établissement Maritime,2026-08-18T16:13:48.533924,true
eleve_gen_00758@gen.local,Élève,Généré 758,,LYCEEN,BAC_1,Établissement Kara,2026-08-18T16:13:48.533924,true
eleve_gen_00759@gen.local,Élève,Généré 759,,LYCEEN,BAC_1,Établissement Grand Lomé,2026-08-18T16:13:48.533924,true
eleve_gen_00760@gen.local,Élève,Généré 760,,LYCEEN,BAC_1,Établissement Grand Lomé,2026-08-18T16:13:48.533924,true
eleve_gen_00761@gen.local,Élève,Généré 761,,LYCEEN,BAC_1,Établissement Grand Lomé,2026-08-18T16:13:48.533924,true
eleve_gen_00762@gen.local,Élève,Généré 762,,LYCEEN,BAC_1,Établissement Grand Lomé,2026-08-18T16:13:48.533924,true
eleve_gen_00763@gen.local,Élève,Généré 763,,LYCEEN,BAC_1,Établissement Grand Lomé,2026-08-18T16:13:48.533924,true
eleve_gen_00764@gen.local,Élève,Généré 764,,LYCEEN,BAC_1,Établissement Plateaux Ouest,2026-08-18T16:13:48.533924,true
eleve_gen_00765@gen.local,Élève,Généré 765,,LYCEEN,BAC_1,Établissement Maritime,2026-08-18T16:13:48.533924,true
eleve_gen_00766@gen.local,Élève,Généré 766,,LYCEEN,BAC_1,Établissement Maritime,2026-08-18T16:13:48.533924,true
eleve_gen_00767@gen.local,Élève,Généré 767,,LYCEEN,BAC_1,Établissement Grand Lomé,2026-08-18T16:13:48.533924,true
eleve_gen_00768@gen.local,Élève,Généré 768,,LYCEEN,BAC_1,Établissement Kara,2026-08-18T16:13:48.533924,true
eleve_gen_00769@gen.local,Élève,Généré 769,,LYCEEN,BAC_1,Établissement Savanes,2026-08-18T16:13:48.533924,true
eleve_gen_00770@gen.local,Élève,Généré 770,,LYCEEN,BAC_1,Établissement Grand Lomé,2026-08-18T16:13:48.533924,true
eleve_gen_00771@gen.local,Élève,Généré 771,,LYCEEN,BAC_1,Établissement Plateaux Est,2026-08-18T16:13:48.533924,true
eleve_gen_00772@gen.local,Élève,Généré 772,,LYCEEN,BAC_1,Établissement Plateaux Ouest,2026-08-18T16:13:48.533924,true
eleve_gen_00773@gen.local,Élève,Généré 773,,LYCEEN,BAC_1,Établissement Maritime,2026-08-18T16:13:48.533924,true
eleve_gen_00774@gen.local,Élève,Généré 774,,LYCEEN,BAC_1,Établissement Plateaux Est,2026-08-18T16:13:48.533924,true
eleve_gen_00775@gen.local,Élève,Généré 775,,LYCEEN,BAC_1,Établissement Maritime,2026-08-18T16:13:48.533924,true
eleve_gen_00776@gen.local,Élève,Généré 776,,LYCEEN,BAC_1,Établissement Grand Lomé,2026-08-18T16:13:48.533924,true
eleve_gen_00777@gen.local,Élève,Généré 777,,LYCEEN,BAC_1,Établissement Plateaux Est,2026-08-18T16:13:48.533924,true
eleve_gen_00778@gen.local,Élève,Généré 778,,LYCEEN,BAC_1,Établissement Maritime,2026-08-18T16:13:48.533924,true
eleve_gen_00779@gen.local,Élève,Généré 779,,LYCEEN,BAC_1,Établissement Savanes,2026-08-18T16:13:48.533924,true
eleve_gen_00780@gen.local,Élève,Généré 780,,LYCEEN,BAC_1,Établissement Grand Lomé,2026-08-18T16:13:48.533924,true
eleve_gen_00781@gen.local,Élève,Généré 781,,LYCEEN,BAC_1,Établissement Grand Lomé,2026-08-18T16:13:48.533924,true
eleve_gen_00782@gen.local,Élève,Généré 782,,LYCEEN,BAC_1,Établissement Centrale,2026-08-18T16:13:48.533924,true
eleve_gen_00783@gen.local,Élève,Généré 783,,LYCEEN,BAC_1,Établissement Grand Lomé,2026-08-18T16:13:48.533924,true
eleve_gen_00784@gen.local,Élève,Généré 784,,LYCEEN,BAC_1,Établissement Maritime,2026-08-18T16:13:48.533924,true
eleve_gen_00785@gen.local,Élève,Généré 785,,LYCEEN,BAC_1,Établissement Plateaux Ouest,2026-08-18T16:13:48.533924,true
eleve_gen_00786@gen.local,Élève,Généré 786,,LYCEEN,BAC_1,Établissement Plateaux Est,2026-08-18T16:13:48.533924,true
eleve_gen_00787@gen.local,Élève,Généré 787,,LYCEEN,BAC_1,Établissement Centrale,2026-08-18T16:13:48.533924,true
eleve_gen_00788@gen.local,Élève,Généré 788,,LYCEEN,BAC_1,Établissement Savanes,2026-08-18T16:13:48.533924,true
eleve_gen_00789@gen.local,Élève,Généré 789,,LYCEEN,BAC_1,Établissement Centrale,2026-08-18T16:13:48.533924,true
eleve_gen_00790@gen.local,Élève,Généré 790,,LYCEEN,BAC_1,Établissement Maritime,2026-08-18T16:13:48.533924,true
eleve_gen_00791@gen.local,Élève,Généré 791,,LYCEEN,BAC_1,Établissement Centrale,2026-08-18T16:13:48.533924,true
eleve_gen_00792@gen.local,Élève,Généré 792,,LYCEEN,BAC_1,Établissement Grand Lomé,2026-08-18T16:13:48.533924,true
eleve_gen_00793@gen.local,Élève,Généré 793,,LYCEEN,BAC_1,Établissement Plateaux Ouest,2026-08-18T16:13:48.533924,true
eleve_gen_00794@gen.local,Élève,Généré 794,,LYCEEN,BAC_1,Établissement Centrale,2026-08-18T16:13:48.533924,true
eleve_gen_00795@gen.local,Élève,Généré 795,,LYCEEN,BAC_1,Établissement Plateaux Ouest,2026-08-18T16:13:48.533924,true
eleve_gen_00796@gen.local,Élève,Généré 796,,LYCEEN,BAC_1,Établissement Grand Lomé,2026-08-18T16:13:48.533924,true
eleve_gen_00797@gen.local,Élève,Généré 797,,LYCEEN,BAC_1,Établissement Savanes,2026-08-18T16:13:48.533924,true
eleve_gen_00798@gen.local,Élève,Généré 798,,LYCEEN,BAC_1,Établissement Plateaux Ouest,2026-08-18T16:13:48.533924,true
eleve_gen_00799@gen.local,Élève,Généré 799,,LYCEEN,BAC_1,Établissement Plateaux Est,2026-08-18T16:13:48.533924,true
eleve_gen_00800@gen.local,Élève,Généré 800,,LYCEEN,BAC_1,Établissement Maritime,2026-08-18T16:13:48.533924,true
eleve_gen_00801@gen.local,Élève,Généré 801,,LYCEEN,BAC_1,Établissement Maritime,2026-08-18T16:13:48.533924,true
eleve_gen_00802@gen.local,Élève,Généré 802,,LYCEEN,BAC_1,Établissement Savanes,2026-08-18T16:13:48.533924,true
eleve_gen_00803@gen.local,Élève,Généré 803,,LYCEEN,BAC_1,Établissement Kara,2026-08-18T16:13:48.533924,true
eleve_gen_00804@gen.local,Élève,Généré 804,,LYCEEN,BAC_1,Établissement Kara,2026-08-18T16:13:48.533924,true
eleve_gen_00805@gen.local,Élève,Généré 805,,LYCEEN,BAC_1,Établissement Kara,2026-08-18T16:13:48.533924,true
eleve_gen_00806@gen.local,Élève,Généré 806,,LYCEEN,BAC_1,Établissement Plateaux Ouest,2026-08-18T16:13:48.533924,true
eleve_gen_00807@gen.local,Élève,Généré 807,,LYCEEN,BAC_1,Établissement Plateaux Ouest,2026-08-18T16:13:48.533924,true
eleve_gen_00808@gen.local,Élève,Généré 808,,LYCEEN,BAC_1,Établissement Maritime,2026-08-18T16:13:48.533924,true
eleve_gen_00809@gen.local,Élève,Généré 809,,LYCEEN,BAC_1,Établissement Plateaux Ouest,2026-08-18T16:13:48.533924,true
eleve_gen_00810@gen.local,Élève,Généré 810,,LYCEEN,BAC_1,Établissement Grand Lomé,2026-08-18T16:13:48.533924,true
eleve_gen_00811@gen.local,Élève,Généré 811,,LYCEEN,BAC_1,Établissement Plateaux Ouest,2026-08-18T16:13:48.533924,true
eleve_gen_00812@gen.local,Élève,Généré 812,,LYCEEN,BAC_1,Établissement Plateaux Est,2026-08-18T16:13:48.533924,true
eleve_gen_00813@gen.local,Élève,Généré 813,,LYCEEN,BAC_1,Établissement Grand Lomé,2026-08-18T16:13:48.533924,true
eleve_gen_00814@gen.local,Élève,Généré 814,,LYCEEN,BAC_1,Établissement Grand Lomé,2026-08-18T16:13:48.533924,true
eleve_gen_00815@gen.local,Élève,Généré 815,,LYCEEN,BAC_1,Établissement Grand Lomé,2026-08-18T16:13:48.533924,true
eleve_gen_00816@gen.local,Élève,Généré 816,,LYCEEN,BAC_1,Établissement Maritime,2026-08-18T16:13:48.533924,true
eleve_gen_00817@gen.local,Élève,Généré 817,,LYCEEN,BAC_1,Établissement Savanes,2026-08-18T16:13:48.533924,true
eleve_gen_00818@gen.local,Élève,Généré 818,,LYCEEN,BAC_1,Établissement Plateaux Est,2026-08-18T16:13:48.533924,true
eleve_gen_00819@gen.local,Élève,Généré 819,,LYCEEN,BAC_1,Établissement Maritime,2026-08-18T16:13:48.533924,true
eleve_gen_00820@gen.local,Élève,Généré 820,,LYCEEN,BAC_1,Établissement Centrale,2026-08-18T16:13:48.533924,true
eleve_gen_00821@gen.local,Élève,Généré 821,,LYCEEN,BAC_1,Établissement Plateaux Est,2026-08-18T16:13:48.533924,true
eleve_gen_00822@gen.local,Élève,Généré 822,,LYCEEN,BAC_1,Établissement Kara,2026-08-18T16:13:48.533924,true
eleve_gen_00823@gen.local,Élève,Généré 823,,LYCEEN,BAC_1,Établissement Grand Lomé,2026-08-18T16:13:48.533924,true
eleve_gen_00824@gen.local,Élève,Généré 824,,LYCEEN,BAC_1,Établissement Plateaux Ouest,2026-08-18T16:13:48.533924,true
eleve_gen_00825@gen.local,Élève,Généré 825,,LYCEEN,BAC_1,Établissement Grand Lomé,2026-08-18T16:13:48.533924,true
eleve_gen_00826@gen.local,Élève,Généré 826,,LYCEEN,BAC_1,Établissement Maritime,2026-08-18T16:13:48.533924,true
eleve_gen_00827@gen.local,Élève,Généré 827,,LYCEEN,BAC_1,Établissement Plateaux Est,2026-08-18T16:13:48.533924,true
eleve_gen_00828@gen.local,Élève,Généré 828,,LYCEEN,BAC_1,Établissement Kara,2026-08-18T16:13:48.533924,true
eleve_gen_00829@gen.local,Élève,Généré 829,,LYCEEN,BAC_1,Établissement Maritime,2026-08-18T16:13:48.533924,true
eleve_gen_00830@gen.local,Élève,Généré 830,,LYCEEN,BAC_1,Établissement Maritime,2026-08-18T16:13:48.533924,true
eleve_gen_00831@gen.local,Élève,Généré 831,,LYCEEN,BAC_1,Établissement Grand Lomé,2026-08-18T16:13:48.533924,true
eleve_gen_00832@gen.local,Élève,Généré 832,,LYCEEN,BAC_1,Établissement Plateaux Ouest,2026-08-18T16:13:48.533924,true
eleve_gen_00833@gen.local,Élève,Généré 833,,LYCEEN,BAC_1,Établissement Maritime,2026-08-18T16:13:48.533924,true
eleve_gen_00834@gen.local,Élève,Généré 834,,LYCEEN,BAC_1,Établissement Savanes,2026-08-18T16:13:48.533924,true
eleve_gen_00835@gen.local,Élève,Généré 835,,LYCEEN,BAC_1,Établissement Grand Lomé,2026-08-18T16:13:48.533924,true
eleve_gen_00836@gen.local,Élève,Généré 836,,LYCEEN,BAC_1,Établissement Kara,2026-08-18T16:13:48.533924,true
eleve_gen_00837@gen.local,Élève,Généré 837,,LYCEEN,BAC_1,Établissement Grand Lomé,2026-08-18T16:13:48.533924,true
eleve_gen_00838@gen.local,Élève,Généré 838,,LYCEEN,BAC_1,Établissement Maritime,2026-08-18T16:13:48.533924,true
eleve_gen_00839@gen.local,Élève,Généré 839,,LYCEEN,BAC_1,Établissement Maritime,2026-08-18T16:13:48.533924,true
eleve_gen_00840@gen.local,Élève,Généré 840,,LYCEEN,BAC_1,Établissement Grand Lomé,2026-08-18T16:13:48.533924,true
eleve_gen_00841@gen.local,Élève,Généré 841,,LYCEEN,BAC_1,Établissement Plateaux Est,2026-08-18T16:13:48.533924,true
eleve_gen_00842@gen.local,Élève,Généré 842,,LYCEEN,BAC_1,Établissement Kara,2026-08-18T16:13:48.533924,true
eleve_gen_00843@gen.local,Élève,Généré 843,,LYCEEN,BAC_1,Établissement Grand Lomé,2026-08-18T16:13:48.533924,true
eleve_gen_00844@gen.local,Élève,Généré 844,,LYCEEN,BAC_1,Établissement Savanes,2026-08-18T16:13:48.533924,true
eleve_gen_00845@gen.local,Élève,Généré 845,,LYCEEN,BAC_1,Établissement Centrale,2026-08-18T16:13:48.533924,true
eleve_gen_00846@gen.local,Élève,Généré 846,,LYCEEN,BAC_1,Établissement Kara,2026-08-18T16:13:48.533924,true
eleve_gen_00847@gen.local,Élève,Généré 847,,LYCEEN,BAC_1,Établissement Centrale,2026-08-18T16:13:48.533924,true
eleve_gen_00848@gen.local,Élève,Généré 848,,LYCEEN,BAC_1,Établissement Kara,2026-08-18T16:13:48.533924,true
eleve_gen_00849@gen.local,Élève,Généré 849,,LYCEEN,BAC_1,Établissement Centrale,2026-08-18T16:13:48.533924,true
eleve_gen_00850@gen.local,Élève,Généré 850,,LYCEEN,BAC_1,Établissement Plateaux Ouest,2026-08-18T16:13:48.533924,true
eleve_gen_00851@gen.local,Élève,Généré 851,,LYCEEN,BAC_1,Établissement Grand Lomé,2026-08-18T16:13:48.533924,true
eleve_gen_00852@gen.local,Élève,Généré 852,,LYCEEN,BAC_1,Établissement Maritime,2026-08-18T16:13:48.533924,true
eleve_gen_00853@gen.local,Élève,Généré 853,,LYCEEN,BAC_1,Établissement Grand Lomé,2026-08-18T16:13:48.533924,true
eleve_gen_00854@gen.local,Élève,Généré 854,,LYCEEN,BAC_1,Établissement Plateaux Ouest,2026-08-18T16:13:48.533924,true
eleve_gen_00855@gen.local,Élève,Généré 855,,LYCEEN,BAC_1,Établissement Savanes,2026-08-18T16:13:48.533924,true
eleve_gen_00856@gen.local,Élève,Généré 856,,LYCEEN,BAC_1,Établissement Grand Lomé,2026-08-18T16:13:48.533924,true
eleve_gen_00857@gen.local,Élève,Généré 857,,LYCEEN,BAC_1,Établissement Kara,2026-08-18T16:13:48.533924,true
eleve_gen_00858@gen.local,Élève,Généré 858,,LYCEEN,BAC_1,Établissement Centrale,2026-08-18T16:13:48.533924,true
eleve_gen_00859@gen.local,Élève,Généré 859,,LYCEEN,BAC_1,Établissement Plateaux Est,2026-08-18T16:13:48.533924,true
eleve_gen_00860@gen.local,Élève,Généré 860,,LYCEEN,BAC_1,Établissement Grand Lomé,2026-08-18T16:13:48.533924,true
eleve_gen_00861@gen.local,Élève,Généré 861,,LYCEEN,BAC_1,Établissement Grand Lomé,2026-08-18T16:13:48.533924,true
eleve_gen_00862@gen.local,Élève,Généré 862,,LYCEEN,BAC_1,Établissement Grand Lomé,2026-08-18T16:13:48.533924,true
eleve_gen_00863@gen.local,Élève,Généré 863,,LYCEEN,BAC_1,Établissement Grand Lomé,2026-08-18T16:13:48.533924,true
eleve_gen_00864@gen.local,Élève,Généré 864,,LYCEEN,BAC_1,Établissement Grand Lomé,2026-08-18T16:13:48.533924,true
eleve_gen_00865@gen.local,Élève,Généré 865,,LYCEEN,BAC_1,Établissement Maritime,2026-08-18T16:13:48.533924,true
eleve_gen_00866@gen.local,Élève,Généré 866,,LYCEEN,BAC_1,Établissement Maritime,2026-08-18T16:13:48.533924,true
eleve_gen_00867@gen.local,Élève,Généré 867,,LYCEEN,BAC_1,Établissement Centrale,2026-08-18T16:13:48.533924,true
eleve_gen_00868@gen.local,Élève,Généré 868,,LYCEEN,BAC_1,Établissement Grand Lomé,2026-08-18T16:13:48.533924,true
eleve_gen_00869@gen.local,Élève,Généré 869,,LYCEEN,BAC_1,Établissement Plateaux Est,2026-08-18T16:13:48.533924,true
eleve_gen_00870@gen.local,Élève,Généré 870,,LYCEEN,BAC_1,Établissement Grand Lomé,2026-08-18T16:13:48.533924,true
eleve_gen_00871@gen.local,Élève,Généré 871,,LYCEEN,BAC_1,Établissement Centrale,2026-08-18T16:13:48.533924,true
eleve_gen_00872@gen.local,Élève,Généré 872,,LYCEEN,BAC_1,Établissement Centrale,2026-08-18T16:13:48.533924,true
eleve_gen_00873@gen.local,Élève,Généré 873,,LYCEEN,BAC_1,Établissement Plateaux Est,2026-08-18T16:13:48.533924,true
eleve_gen_00874@gen.local,Élève,Généré 874,,LYCEEN,BAC_1,Établissement Grand Lomé,2026-08-18T16:13:48.533924,true
eleve_gen_00875@gen.local,Élève,Généré 875,,LYCEEN,BAC_1,Établissement Plateaux Ouest,2026-08-18T16:13:48.533924,true
eleve_gen_00876@gen.local,Élève,Généré 876,,LYCEEN,BAC_1,Établissement Grand Lomé,2026-08-18T16:13:48.533924,true
eleve_gen_00877@gen.local,Élève,Généré 877,,LYCEEN,BAC_1,Établissement Plateaux Est,2026-08-18T16:13:48.533924,true
eleve_gen_00878@gen.local,Élève,Généré 878,,LYCEEN,BAC_1,Établissement Maritime,2026-08-18T16:13:48.533924,true
eleve_gen_00879@gen.local,Élève,Généré 879,,LYCEEN,BAC_1,Établissement Maritime,2026-08-18T16:13:48.533924,true
eleve_gen_00880@gen.local,Élève,Généré 880,,LYCEEN,BAC_1,Établissement Maritime,2026-08-18T16:13:48.533924,true
eleve_gen_00881@gen.local,Élève,Généré 881,,LYCEEN,BAC_1,Établissement Plateaux Ouest,2026-08-18T16:13:48.533924,true
eleve_gen_00882@gen.local,Élève,Généré 882,,LYCEEN,BAC_1,Établissement Grand Lomé,2026-08-18T16:13:48.533924,true
eleve_gen_00883@gen.local,Élève,Généré 883,,LYCEEN,BAC_1,Établissement Centrale,2026-08-18T16:13:48.533924,true
eleve_gen_00884@gen.local,Élève,Généré 884,,LYCEEN,BAC_1,Établissement Maritime,2026-08-18T16:13:48.533924,true
eleve_gen_00885@gen.local,Élève,Généré 885,,LYCEEN,BAC_1,Établissement Centrale,2026-08-18T16:13:48.533924,true
eleve_gen_00886@gen.local,Élève,Généré 886,,LYCEEN,BAC_1,Établissement Centrale,2026-08-18T16:13:48.533924,true
eleve_gen_00887@gen.local,Élève,Généré 887,,LYCEEN,BAC_1,Établissement Centrale,2026-08-18T16:13:48.533924,true
eleve_gen_00888@gen.local,Élève,Généré 888,,LYCEEN,BAC_1,Établissement Grand Lomé,2026-08-18T16:13:48.533924,true
eleve_gen_00889@gen.local,Élève,Généré 889,,LYCEEN,BAC_1,Établissement Savanes,2026-08-18T16:13:48.533924,true
eleve_gen_00890@gen.local,Élève,Généré 890,,LYCEEN,BAC_1,Établissement Grand Lomé,2026-08-18T16:13:48.533924,true
eleve_gen_00891@gen.local,Élève,Généré 891,,LYCEEN,BAC_1,Établissement Kara,2026-08-18T16:13:48.533924,true
eleve_gen_00892@gen.local,Élève,Généré 892,,LYCEEN,BAC_1,Établissement Grand Lomé,2026-08-18T16:13:48.533924,true
eleve_gen_00893@gen.local,Élève,Généré 893,,LYCEEN,BAC_1,Établissement Plateaux Est,2026-08-18T16:13:48.533924,true
eleve_gen_00894@gen.local,Élève,Généré 894,,LYCEEN,BAC_1,Établissement Maritime,2026-08-18T16:13:48.533924,true
eleve_gen_00895@gen.local,Élève,Généré 895,,LYCEEN,BAC_1,Établissement Plateaux Est,2026-08-18T16:13:48.533924,true
eleve_gen_00896@gen.local,Élève,Généré 896,,LYCEEN,BAC_1,Établissement Grand Lomé,2026-08-18T16:13:48.533924,true
eleve_gen_00897@gen.local,Élève,Généré 897,,LYCEEN,BAC_1,Établissement Grand Lomé,2026-08-18T16:13:48.533924,true
eleve_gen_00898@gen.local,Élève,Généré 898,,LYCEEN,BAC_1,Établissement Maritime,2026-08-18T16:13:48.533924,true
eleve_gen_00899@gen.local,Élève,Généré 899,,LYCEEN,BAC_1,Établissement Kara,2026-08-18T16:13:48.533924,true
eleve_gen_00900@gen.local,Élève,Généré 900,,LYCEEN,BAC_1,Établissement Grand Lomé,2026-08-18T16:13:48.533924,true
eleve_gen_00901@gen.local,Élève,Généré 901,,LYCEEN,BAC_1,Établissement Maritime,2026-08-18T16:13:48.533924,true
eleve_gen_00902@gen.local,Élève,Généré 902,,LYCEEN,BAC_1,Établissement Kara,2026-08-18T16:13:48.533924,true
eleve_gen_00903@gen.local,Élève,Généré 903,,LYCEEN,BAC_1,Établissement Kara,2026-08-18T16:13:48.533924,true
eleve_gen_00904@gen.local,Élève,Généré 904,,LYCEEN,BAC_1,Établissement Grand Lomé,2026-08-18T16:13:48.533924,true
eleve_gen_00905@gen.local,Élève,Généré 905,,LYCEEN,BAC_1,Établissement Maritime,2026-08-18T16:13:48.533924,true
eleve_gen_00906@gen.local,Élève,Généré 906,,LYCEEN,BAC_1,Établissement Maritime,2026-08-18T16:13:48.533924,true
eleve_gen_00907@gen.local,Élève,Généré 907,,LYCEEN,BAC_1,Établissement Plateaux Ouest,2026-08-18T16:13:48.533924,true
eleve_gen_00908@gen.local,Élève,Généré 908,,LYCEEN,BAC_1,Établissement Grand Lomé,2026-08-18T16:13:48.533924,true
eleve_gen_00909@gen.local,Élève,Généré 909,,LYCEEN,BAC_1,Établissement Grand Lomé,2026-08-18T16:13:48.533924,true
eleve_gen_00910@gen.local,Élève,Généré 910,,LYCEEN,BAC_1,Établissement Plateaux Ouest,2026-08-18T16:13:48.533924,true
eleve_gen_00911@gen.local,Élève,Généré 911,,LYCEEN,BAC_1,Établissement Kara,2026-08-18T16:13:48.533924,true
eleve_gen_00912@gen.local,Élève,Généré 912,,LYCEEN,BAC_1,Établissement Kara,2026-08-18T16:13:48.533924,true
eleve_gen_00913@gen.local,Élève,Généré 913,,LYCEEN,BAC_1,Établissement Centrale,2026-08-18T16:13:48.533924,true
eleve_gen_00914@gen.local,Élève,Généré 914,,LYCEEN,BAC_1,Établissement Maritime,2026-08-18T16:13:48.533924,true
eleve_gen_00915@gen.local,Élève,Généré 915,,LYCEEN,BAC_1,Établissement Centrale,2026-08-18T16:13:48.533924,true
eleve_gen_00916@gen.local,Élève,Généré 916,,LYCEEN,BAC_1,Établissement Savanes,2026-08-18T16:13:48.533924,true
eleve_gen_00917@gen.local,Élève,Généré 917,,LYCEEN,BAC_1,Établissement Kara,2026-08-18T16:13:48.533924,true
eleve_gen_00918@gen.local,Élève,Généré 918,,LYCEEN,BAC_1,Établissement Maritime,2026-08-18T16:13:48.533924,true
eleve_gen_00919@gen.local,Élève,Généré 919,,LYCEEN,BAC_1,Établissement Grand Lomé,2026-08-18T16:13:48.533924,true
eleve_gen_00920@gen.local,Élève,Généré 920,,LYCEEN,BAC_1,Établissement Maritime,2026-08-18T16:13:48.533924,true
eleve_gen_00921@gen.local,Élève,Généré 921,,LYCEEN,BAC_1,Établissement Grand Lomé,2026-08-18T16:13:48.533924,true
eleve_gen_00922@gen.local,Élève,Généré 922,,LYCEEN,BAC_1,Établissement Maritime,2026-08-18T16:13:48.533924,true
eleve_gen_00923@gen.local,Élève,Généré 923,,LYCEEN,BAC_1,Établissement Centrale,2026-08-18T16:13:48.533924,true
eleve_gen_00924@gen.local,Élève,Généré 924,,LYCEEN,BAC_1,Établissement Kara,2026-08-18T16:13:48.533924,true
eleve_gen_00925@gen.local,Élève,Généré 925,,LYCEEN,BAC_1,Établissement Grand Lomé,2026-08-18T16:13:48.533924,true
eleve_gen_00926@gen.local,Élève,Généré 926,,LYCEEN,BAC_1,Établissement Kara,2026-08-18T16:13:48.533924,true
eleve_gen_00927@gen.local,Élève,Généré 927,,LYCEEN,BAC_1,Établissement Grand Lomé,2026-08-18T16:13:48.533924,true
eleve_gen_00928@gen.local,Élève,Généré 928,,LYCEEN,BAC_1,Établissement Grand Lomé,2026-08-18T16:13:48.533924,true
eleve_gen_00929@gen.local,Élève,Généré 929,,LYCEEN,BAC_1,Établissement Grand Lomé,2026-08-18T16:13:48.533924,true
eleve_gen_00930@gen.local,Élève,Généré 930,,LYCEEN,BAC_1,Établissement Grand Lomé,2026-08-18T16:13:48.533924,true
eleve_gen_00931@gen.local,Élève,Généré 931,,LYCEEN,BAC_1,Établissement Centrale,2026-08-18T16:13:48.533924,true
eleve_gen_00932@gen.local,Élève,Généré 932,,LYCEEN,BAC_1,Établissement Grand Lomé,2026-08-18T16:13:48.533924,true
eleve_gen_00933@gen.local,Élève,Généré 933,,LYCEEN,BAC_1,Établissement Maritime,2026-08-18T16:13:48.533924,true
eleve_gen_00934@gen.local,Élève,Généré 934,,LYCEEN,BAC_1,Établissement Grand Lomé,2026-08-18T16:13:48.533924,true
eleve_gen_00935@gen.local,Élève,Généré 935,,LYCEEN,BAC_1,Établissement Maritime,2026-08-18T16:13:48.533924,true
eleve_gen_00936@gen.local,Élève,Généré 936,,LYCEEN,BAC_1,Établissement Grand Lomé,2026-08-18T16:13:48.533924,true
eleve_gen_00937@gen.local,Élève,Généré 937,,LYCEEN,BAC_1,Établissement Centrale,2026-08-18T16:13:48.533924,true
eleve_gen_00938@gen.local,Élève,Généré 938,,LYCEEN,BAC_1,Établissement Plateaux Est,2026-08-18T16:13:48.533924,true
eleve_gen_00939@gen.local,Élève,Généré 939,,LYCEEN,BAC_1,Établissement Kara,2026-08-18T16:13:48.533924,true
eleve_gen_00940@gen.local,Élève,Généré 940,,LYCEEN,BAC_1,Établissement Plateaux Est,2026-08-18T16:13:48.533924,true
eleve_gen_00941@gen.local,Élève,Généré 941,,LYCEEN,BAC_1,Établissement Grand Lomé,2026-08-18T16:13:48.533924,true
eleve_gen_00942@gen.local,Élève,Généré 942,,LYCEEN,BAC_1,Établissement Grand Lomé,2026-08-18T16:13:48.533924,true
eleve_gen_00943@gen.local,Élève,Généré 943,,LYCEEN,BAC_1,Établissement Plateaux Ouest,2026-08-18T16:13:48.533924,true
eleve_gen_00944@gen.local,Élève,Généré 944,,LYCEEN,BAC_1,Établissement Grand Lomé,2026-08-18T16:13:48.533924,true
eleve_gen_00945@gen.local,Élève,Généré 945,,LYCEEN,BAC_1,Établissement Plateaux Est,2026-08-18T16:13:48.533924,true
eleve_gen_00946@gen.local,Élève,Généré 946,,LYCEEN,BAC_1,Établissement Grand Lomé,2026-08-18T16:13:48.533924,true
eleve_gen_00947@gen.local,Élève,Généré 947,,LYCEEN,BAC_1,Établissement Maritime,2026-08-18T16:13:48.533924,true
eleve_gen_00948@gen.local,Élève,Généré 948,,LYCEEN,BAC_1,Établissement Kara,2026-08-18T16:13:48.533924,true
eleve_gen_00949@gen.local,Élève,Généré 949,,LYCEEN,BAC_1,Établissement Plateaux Ouest,2026-08-18T16:13:48.533924,true
eleve_gen_00950@gen.local,Élève,Généré 950,,LYCEEN,BAC_1,Établissement Kara,2026-08-18T16:13:48.533924,true
eleve_gen_00951@gen.local,Élève,Généré 951,,LYCEEN,BAC_1,Établissement Savanes,2026-08-18T16:13:48.533924,true
eleve_gen_00952@gen.local,Élève,Généré 952,,LYCEEN,BAC_1,Établissement Savanes,2026-08-18T16:13:48.533924,true
eleve_gen_00953@gen.local,Élève,Généré 953,,LYCEEN,BAC_1,Établissement Savanes,2026-08-18T16:13:48.533924,true
eleve_gen_00954@gen.local,Élève,Généré 954,,LYCEEN,BAC_1,Établissement Maritime,2026-08-18T16:13:48.533924,true
eleve_gen_00955@gen.local,Élève,Généré 955,,LYCEEN,BAC_1,Établissement Maritime,2026-08-18T16:13:48.533924,true
eleve_gen_00956@gen.local,Élève,Généré 956,,LYCEEN,BAC_1,Établissement Maritime,2026-08-18T16:13:48.533924,true
eleve_gen_00957@gen.local,Élève,Généré 957,,LYCEEN,BAC_1,Établissement Plateaux Ouest,2026-08-18T16:13:48.533924,true
eleve_gen_00958@gen.local,Élève,Généré 958,,LYCEEN,BAC_1,Établissement Grand Lomé,2026-08-18T16:13:48.533924,true
eleve_gen_00959@gen.local,Élève,Généré 959,,LYCEEN,BAC_1,Établissement Plateaux Ouest,2026-08-18T16:13:48.533924,true
eleve_gen_00960@gen.local,Élève,Généré 960,,LYCEEN,BAC_1,Établissement Grand Lomé,2026-08-18T16:13:48.533924,true
eleve_gen_00961@gen.local,Élève,Généré 961,,LYCEEN,BAC_1,Établissement Plateaux Est,2026-08-18T16:13:48.533924,true
eleve_gen_00962@gen.local,Élève,Généré 962,,LYCEEN,BAC_1,Établissement Grand Lomé,2026-08-18T16:13:48.533924,true
eleve_gen_00963@gen.local,Élève,Généré 963,,LYCEEN,BAC_1,Établissement Grand Lomé,2026-08-18T16:13:48.533924,true
eleve_gen_00964@gen.local,Élève,Généré 964,,LYCEEN,BAC_1,Établissement Plateaux Ouest,2026-08-18T16:13:48.533924,true
eleve_gen_00965@gen.local,Élève,Généré 965,,LYCEEN,BAC_1,Établissement Plateaux Ouest,2026-08-18T16:13:48.533924,true
eleve_gen_00966@gen.local,Élève,Généré 966,,LYCEEN,BAC_1,Établissement Savanes,2026-08-18T16:13:48.533924,true
eleve_gen_00967@gen.local,Élève,Généré 967,,LYCEEN,BAC_1,Établissement Maritime,2026-08-18T16:13:48.533924,true
eleve_gen_00968@gen.local,Élève,Généré 968,,LYCEEN,BAC_1,Établissement Grand Lomé,2026-08-18T16:13:48.533924,true
eleve_gen_00969@gen.local,Élève,Généré 969,,LYCEEN,BAC_1,Établissement Plateaux Ouest,2026-08-18T16:13:48.533924,true
eleve_gen_00970@gen.local,Élève,Généré 970,,LYCEEN,BAC_1,Établissement Maritime,2026-08-18T16:13:48.533924,true
eleve_gen_00971@gen.local,Élève,Généré 971,,LYCEEN,BAC_1,Établissement Plateaux Ouest,2026-08-18T16:13:48.533924,true
eleve_gen_00972@gen.local,Élève,Généré 972,,LYCEEN,BAC_1,Établissement Grand Lomé,2026-08-18T16:13:48.533924,true
eleve_gen_00973@gen.local,Élève,Généré 973,,LYCEEN,BAC_1,Établissement Grand Lomé,2026-08-18T16:13:48.533924,true
eleve_gen_00974@gen.local,Élève,Généré 974,,LYCEEN,BAC_1,Établissement Maritime,2026-08-18T16:13:48.533924,true
eleve_gen_00975@gen.local,Élève,Généré 975,,LYCEEN,BAC_1,Établissement Grand Lomé,2026-08-18T16:13:48.533924,true
eleve_gen_00976@gen.local,Élève,Généré 976,,LYCEEN,BAC_1,Établissement Centrale,2026-08-18T16:13:48.533924,true
eleve_gen_00977@gen.local,Élève,Généré 977,,LYCEEN,BAC_1,Établissement Maritime,2026-08-18T16:13:48.533924,true
eleve_gen_00978@gen.local,Élève,Généré 978,,LYCEEN,BAC_1,Établissement Grand Lomé,2026-08-18T16:13:48.533924,true
eleve_gen_00979@gen.local,Élève,Généré 979,,LYCEEN,BAC_1,Établissement Kara,2026-08-18T16:13:48.533924,true
eleve_gen_00980@gen.local,Élève,Généré 980,,LYCEEN,BAC_1,Établissement Maritime,2026-08-18T16:13:48.533924,true
eleve_gen_00981@gen.local,Élève,Généré 981,,LYCEEN,BAC_1,Établissement Kara,2026-08-18T16:13:48.533924,true
eleve_gen_00982@gen.local,Élève,Généré 982,,LYCEEN,BAC_1,Établissement Maritime,2026-08-18T16:13:48.533924,true
eleve_gen_00983@gen.local,Élève,Généré 983,,LYCEEN,BAC_1,Établissement Savanes,2026-08-18T16:13:48.533924,true
eleve_gen_00984@gen.local,Élève,Généré 984,,LYCEEN,BAC_1,Établissement Centrale,2026-08-18T16:13:48.533924,true
eleve_gen_00985@gen.local,Élève,Généré 985,,LYCEEN,BAC_1,Établissement Maritime,2026-08-18T16:13:48.533924,true
eleve_gen_00986@gen.local,Élève,Généré 986,,LYCEEN,BAC_1,Établissement Plateaux Est,2026-08-18T16:13:48.533924,true
eleve_gen_00987@gen.local,Élève,Généré 987,,LYCEEN,BAC_1,Établissement Plateaux Est,2026-08-18T16:13:48.533924,true
eleve_gen_00988@gen.local,Élève,Généré 988,,LYCEEN,BAC_1,Établissement Plateaux Ouest,2026-08-18T16:13:48.533924,true
eleve_gen_00989@gen.local,Élève,Généré 989,,LYCEEN,BAC_1,Établissement Savanes,2026-08-18T16:13:48.533924,true
eleve_gen_00990@gen.local,Élève,Généré 990,,LYCEEN,BAC_1,Établissement Plateaux Est,2026-08-18T16:13:48.533924,true
eleve_gen_00991@gen.local,Élève,Généré 991,,LYCEEN,BAC_1,Établissement Grand Lomé,2026-08-18T16:13:48.533924,true
eleve_gen_00992@gen.local,Élève,Généré 992,,LYCEEN,BAC_1,Établissement Plateaux Ouest,2026-08-18T16:13:48.533924,true
eleve_gen_00993@gen.local,Élève,Généré 993,,LYCEEN,BAC_1,Établissement Kara,2026-08-18T16:13:48.533924,true
eleve_gen_00994@gen.local,Élève,Généré 994,,LYCEEN,BAC_1,Établissement Plateaux Est,2026-08-18T16:13:48.533924,true
eleve_gen_00995@gen.local,Élève,Généré 995,,LYCEEN,BAC_1,Établissement Plateaux Est,2026-08-18T16:13:48.533924,true
eleve_gen_00996@gen.local,Élève,Généré 996,,LYCEEN,BAC_1,Établissement Grand Lomé,2026-08-18T16:13:48.533924,true
eleve_gen_00997@gen.local,Élève,Généré 997,,LYCEEN,BAC_1,Établissement Maritime,2026-08-18T16:13:48.533924,true
eleve_gen_00998@gen.local,Élève,Généré 998,,LYCEEN,BAC_1,Établissement Maritime,2026-08-18T16:13:48.533924,true
eleve_gen_00999@gen.local,Élève,Généré 999,,LYCEEN,BAC_1,Établissement Grand Lomé,2026-08-18T16:13:48.533924,true
eleve_gen_01000@gen.local,Élève,Généré 1000,,LYCEEN,BAC_1,Établissement Savanes,2026-08-18T16:13:48.533924,true
eleve_gen_01001@gen.local,Élève,Généré 1001,,LYCEEN,BAC_1,Établissement Kara,2026-08-18T16:13:48.533924,true
eleve_gen_01002@gen.local,Élève,Généré 1002,,LYCEEN,BAC_1,Établissement Plateaux Ouest,2026-08-18T16:13:48.533924,true
eleve_gen_01003@gen.local,Élève,Généré 1003,,LYCEEN,BAC_1,Établissement Grand Lomé,2026-08-18T16:13:48.533924,true
eleve_gen_01004@gen.local,Élève,Généré 1004,,LYCEEN,BAC_1,Établissement Maritime,2026-08-18T16:13:48.533924,true
eleve_gen_01005@gen.local,Élève,Généré 1005,,LYCEEN,BAC_1,Établissement Grand Lomé,2026-08-18T16:13:48.533924,true
eleve_gen_01006@gen.local,Élève,Généré 1006,,LYCEEN,BAC_1,Établissement Maritime,2026-08-18T16:13:48.533924,true
eleve_gen_01007@gen.local,Élève,Généré 1007,,LYCEEN,BAC_1,Établissement Plateaux Est,2026-08-18T16:13:48.533924,true
eleve_gen_01008@gen.local,Élève,Généré 1008,,LYCEEN,BAC_1,Établissement Grand Lomé,2026-08-18T16:13:48.533924,true
eleve_gen_01009@gen.local,Élève,Généré 1009,,LYCEEN,BAC_1,Établissement Maritime,2026-08-18T16:13:48.533924,true
eleve_gen_01010@gen.local,Élève,Généré 1010,,LYCEEN,BAC_1,Établissement Kara,2026-08-18T16:13:48.533924,true
eleve_gen_01011@gen.local,Élève,Généré 1011,,LYCEEN,BAC_1,Établissement Maritime,2026-08-18T16:13:48.533924,true
eleve_gen_01012@gen.local,Élève,Généré 1012,,LYCEEN,BAC_1,Établissement Centrale,2026-08-18T16:13:48.533924,true
eleve_gen_01013@gen.local,Élève,Généré 1013,,LYCEEN,BAC_1,Établissement Maritime,2026-08-18T16:13:48.533924,true
eleve_gen_01014@gen.local,Élève,Généré 1014,,LYCEEN,BAC_1,Établissement Plateaux Est,2026-08-18T16:13:48.533924,true
eleve_gen_01015@gen.local,Élève,Généré 1015,,LYCEEN,BAC_1,Établissement Grand Lomé,2026-08-18T16:13:48.533924,true
eleve_gen_01016@gen.local,Élève,Généré 1016,,LYCEEN,BAC_1,Établissement Maritime,2026-08-18T16:13:48.533924,true
eleve_gen_01017@gen.local,Élève,Généré 1017,,LYCEEN,BAC_1,Établissement Plateaux Ouest,2026-08-18T16:13:48.533924,true
eleve_gen_01018@gen.local,Élève,Généré 1018,,LYCEEN,BAC_1,Établissement Maritime,2026-08-18T16:13:48.533924,true
eleve_gen_01019@gen.local,Élève,Généré 1019,,LYCEEN,BAC_1,Établissement Maritime,2026-08-18T16:13:48.533924,true
eleve_gen_01020@gen.local,Élève,Généré 1020,,LYCEEN,BAC_1,Établissement Grand Lomé,2026-08-18T16:13:48.533924,true
eleve_gen_01021@gen.local,Élève,Généré 1021,,LYCEEN,BAC_1,Établissement Kara,2026-08-18T16:13:48.533924,true
eleve_gen_01022@gen.local,Élève,Généré 1022,,LYCEEN,BAC_1,Établissement Centrale,2026-08-18T16:13:48.533924,true
eleve_gen_01023@gen.local,Élève,Généré 1023,,LYCEEN,BAC_1,Établissement Maritime,2026-08-18T16:13:48.533924,true
eleve_gen_01024@gen.local,Élève,Généré 1024,,LYCEEN,BAC_1,Établissement Maritime,2026-08-18T16:13:48.533924,true
eleve_gen_01025@gen.local,Élève,Généré 1025,,LYCEEN,BAC_1,Établissement Plateaux Est,2026-08-18T16:13:48.533924,true
eleve_gen_01026@gen.local,Élève,Généré 1026,,LYCEEN,BAC_1,Établissement Grand Lomé,2026-08-18T16:13:48.533924,true
eleve_gen_01027@gen.local,Élève,Généré 1027,,LYCEEN,BAC_1,Établissement Plateaux Est,2026-08-18T16:13:48.533924,true
eleve_gen_01028@gen.local,Élève,Généré 1028,,LYCEEN,BAC_1,Établissement Centrale,2026-08-18T16:13:48.533924,true
eleve_gen_01029@gen.local,Élève,Généré 1029,,LYCEEN,BAC_1,Établissement Savanes,2026-08-18T16:13:48.533924,true
eleve_gen_01030@gen.local,Élève,Généré 1030,,LYCEEN,BAC_1,Établissement Maritime,2026-08-18T16:13:48.533924,true
eleve_gen_01031@gen.local,Élève,Généré 1031,,LYCEEN,BAC_1,Établissement Centrale,2026-08-18T16:13:48.533924,true
eleve_gen_01032@gen.local,Élève,Généré 1032,,LYCEEN,BAC_1,Établissement Grand Lomé,2026-08-18T16:13:48.533924,true
eleve_gen_01033@gen.local,Élève,Généré 1033,,LYCEEN,BAC_1,Établissement Plateaux Est,2026-08-18T16:13:48.533924,true
eleve_gen_01034@gen.local,Élève,Généré 1034,,LYCEEN,BAC_1,Établissement Centrale,2026-08-18T16:13:48.533924,true
eleve_gen_01035@gen.local,Élève,Généré 1035,,LYCEEN,BAC_1,Établissement Grand Lomé,2026-08-18T16:13:48.533924,true
eleve_gen_01036@gen.local,Élève,Généré 1036,,LYCEEN,BAC_1,Établissement Grand Lomé,2026-08-18T16:13:48.533924,true
eleve_gen_01037@gen.local,Élève,Généré 1037,,LYCEEN,BAC_1,Établissement Centrale,2026-08-18T16:13:48.533924,true
eleve_gen_01038@gen.local,Élève,Généré 1038,,LYCEEN,BAC_1,Établissement Maritime,2026-08-18T16:13:48.533924,true
eleve_gen_01039@gen.local,Élève,Généré 1039,,LYCEEN,BAC_1,Établissement Maritime,2026-08-18T16:13:48.533924,true
eleve_gen_01040@gen.local,Élève,Généré 1040,,LYCEEN,BAC_1,Établissement Plateaux Ouest,2026-08-18T16:13:48.533924,true
eleve_gen_01041@gen.local,Élève,Généré 1041,,LYCEEN,BAC_1,Établissement Plateaux Est,2026-08-18T16:13:48.533924,true
eleve_gen_01042@gen.local,Élève,Généré 1042,,LYCEEN,BAC_1,Établissement Plateaux Est,2026-08-18T16:13:48.533924,true
eleve_gen_01043@gen.local,Élève,Généré 1043,,LYCEEN,BAC_1,Établissement Grand Lomé,2026-08-18T16:13:48.533924,true
eleve_gen_01044@gen.local,Élève,Généré 1044,,LYCEEN,BAC_1,Établissement Maritime,2026-08-18T16:13:48.533924,true
eleve_gen_01045@gen.local,Élève,Généré 1045,,LYCEEN,BAC_1,Établissement Centrale,2026-08-18T16:13:48.533924,true
eleve_gen_01046@gen.local,Élève,Généré 1046,,LYCEEN,BAC_1,Établissement Plateaux Est,2026-08-18T16:13:48.533924,true
eleve_gen_01047@gen.local,Élève,Généré 1047,,LYCEEN,BAC_1,Établissement Centrale,2026-08-18T16:13:48.533924,true
eleve_gen_01048@gen.local,Élève,Généré 1048,,LYCEEN,BAC_1,Établissement Grand Lomé,2026-08-18T16:13:48.533924,true
eleve_gen_01049@gen.local,Élève,Généré 1049,,LYCEEN,BAC_1,Établissement Savanes,2026-08-18T16:13:48.533924,true
eleve_gen_01050@gen.local,Élève,Généré 1050,,LYCEEN,BAC_1,Établissement Maritime,2026-08-18T16:13:48.533924,true
eleve_gen_01051@gen.local,Élève,Généré 1051,,LYCEEN,BAC_1,Établissement Savanes,2026-08-18T16:13:48.533924,true
eleve_gen_01052@gen.local,Élève,Généré 1052,,LYCEEN,BAC_1,Établissement Maritime,2026-08-18T16:13:48.533924,true
eleve_gen_01053@gen.local,Élève,Généré 1053,,LYCEEN,BAC_1,Établissement Kara,2026-08-18T16:13:48.533924,true
eleve_gen_01054@gen.local,Élève,Généré 1054,,LYCEEN,BAC_1,Établissement Maritime,2026-08-18T16:13:48.533924,true
eleve_gen_01055@gen.local,Élève,Généré 1055,,LYCEEN,BAC_1,Établissement Grand Lomé,2026-08-18T16:13:48.533924,true
eleve_gen_01056@gen.local,Élève,Généré 1056,,LYCEEN,BAC_1,Établissement Grand Lomé,2026-08-18T16:13:48.533924,true
eleve_gen_01057@gen.local,Élève,Généré 1057,,LYCEEN,BAC_1,Établissement Plateaux Ouest,2026-08-18T16:13:48.533924,true
eleve_gen_01058@gen.local,Élève,Généré 1058,,LYCEEN,BAC_1,Établissement Grand Lomé,2026-08-18T16:13:48.533924,true
eleve_gen_01059@gen.local,Élève,Généré 1059,,LYCEEN,BAC_1,Établissement Grand Lomé,2026-08-18T16:13:48.533924,true
eleve_gen_01060@gen.local,Élève,Généré 1060,,LYCEEN,BAC_1,Établissement Plateaux Ouest,2026-08-18T16:13:48.533924,true
eleve_gen_01061@gen.local,Élève,Généré 1061,,LYCEEN,BAC_1,Établissement Centrale,2026-08-18T16:13:48.533924,true
eleve_gen_01062@gen.local,Élève,Généré 1062,,LYCEEN,BAC_1,Établissement Plateaux Ouest,2026-08-18T16:13:48.533924,true
eleve_gen_01063@gen.local,Élève,Généré 1063,,LYCEEN,BAC_1,Établissement Centrale,2026-08-18T16:13:48.533924,true
eleve_gen_01064@gen.local,Élève,Généré 1064,,LYCEEN,BAC_1,Établissement Plateaux Ouest,2026-08-18T16:13:48.533924,true
eleve_gen_01065@gen.local,Élève,Généré 1065,,LYCEEN,BAC_1,Établissement Grand Lomé,2026-08-18T16:13:48.533924,true
eleve_gen_01066@gen.local,Élève,Généré 1066,,LYCEEN,BAC_1,Établissement Grand Lomé,2026-08-18T16:13:48.533924,true
eleve_gen_01067@gen.local,Élève,Généré 1067,,LYCEEN,BAC_1,Établissement Maritime,2026-08-18T16:13:48.533924,true
eleve_gen_01068@gen.local,Élève,Généré 1068,,LYCEEN,BAC_1,Établissement Kara,2026-08-18T16:13:48.533924,true
eleve_gen_01069@gen.local,Élève,Généré 1069,,LYCEEN,BAC_1,Établissement Centrale,2026-08-18T16:13:48.533924,true
eleve_gen_01070@gen.local,Élève,Généré 1070,,LYCEEN,BAC_1,Établissement Plateaux Est,2026-08-18T16:13:48.533924,true
eleve_gen_01071@gen.local,Élève,Généré 1071,,LYCEEN,BAC_1,Établissement Grand Lomé,2026-08-18T16:13:48.533924,true
eleve_gen_01072@gen.local,Élève,Généré 1072,,LYCEEN,BAC_1,Établissement Maritime,2026-08-18T16:13:48.533924,true
eleve_gen_01073@gen.local,Élève,Généré 1073,,LYCEEN,BAC_1,Établissement Savanes,2026-08-18T16:13:48.533924,true
eleve_gen_01074@gen.local,Élève,Généré 1074,,LYCEEN,BAC_1,Établissement Grand Lomé,2026-08-18T16:13:48.533924,true
eleve_gen_01075@gen.local,Élève,Généré 1075,,LYCEEN,BAC_1,Établissement Maritime,2026-08-18T16:13:48.533924,true
eleve_gen_01076@gen.local,Élève,Généré 1076,,LYCEEN,BAC_1,Établissement Grand Lomé,2026-08-18T16:13:48.533924,true
eleve_gen_01077@gen.local,Élève,Généré 1077,,LYCEEN,BAC_1,Établissement Plateaux Est,2026-08-18T16:13:48.533924,true
eleve_gen_01078@gen.local,Élève,Généré 1078,,LYCEEN,BAC_1,Établissement Plateaux Ouest,2026-08-18T16:13:48.533924,true
eleve_gen_01079@gen.local,Élève,Généré 1079,,LYCEEN,BAC_1,Établissement Maritime,2026-08-18T16:13:48.533924,true
eleve_gen_01080@gen.local,Élève,Généré 1080,,LYCEEN,BAC_1,Établissement Plateaux Ouest,2026-08-18T16:13:48.533924,true
eleve_gen_01081@gen.local,Élève,Généré 1081,,LYCEEN,BAC_1,Établissement Kara,2026-08-18T16:13:48.533924,true
eleve_gen_01082@gen.local,Élève,Généré 1082,,LYCEEN,BAC_1,Établissement Centrale,2026-08-18T16:13:48.533924,true
eleve_gen_01083@gen.local,Élève,Généré 1083,,LYCEEN,BAC_1,Établissement Maritime,2026-08-18T16:13:48.533924,true
eleve_gen_01084@gen.local,Élève,Généré 1084,,LYCEEN,BAC_1,Établissement Kara,2026-08-18T16:13:48.533924,true
eleve_gen_01085@gen.local,Élève,Généré 1085,,LYCEEN,BAC_1,Établissement Savanes,2026-08-18T16:13:48.533924,true
eleve_gen_01086@gen.local,Élève,Généré 1086,,LYCEEN,BAC_1,Établissement Grand Lomé,2026-08-18T16:13:48.533924,true
eleve_gen_01087@gen.local,Élève,Généré 1087,,LYCEEN,BAC_1,Établissement Kara,2026-08-18T16:13:48.533924,true
eleve_gen_01088@gen.local,Élève,Généré 1088,,LYCEEN,BAC_1,Établissement Grand Lomé,2026-08-18T16:13:48.533924,true
eleve_gen_01089@gen.local,Élève,Généré 1089,,LYCEEN,BAC_1,Établissement Grand Lomé,2026-08-18T16:13:48.533924,true
eleve_gen_01090@gen.local,Élève,Généré 1090,,LYCEEN,BAC_1,Établissement Maritime,2026-08-18T16:13:48.533924,true
eleve_gen_01091@gen.local,Élève,Généré 1091,,LYCEEN,BAC_1,Établissement Plateaux Est,2026-08-18T16:13:48.533924,true
eleve_gen_01092@gen.local,Élève,Généré 1092,,LYCEEN,BAC_1,Établissement Grand Lomé,2026-08-18T16:13:48.533924,true
eleve_gen_01093@gen.local,Élève,Généré 1093,,LYCEEN,BAC_1,Établissement Grand Lomé,2026-08-18T16:13:48.533924,true
eleve_gen_01094@gen.local,Élève,Généré 1094,,LYCEEN,BAC_1,Établissement Grand Lomé,2026-08-18T16:13:48.533924,true
eleve_gen_01095@gen.local,Élève,Généré 1095,,LYCEEN,BAC_1,Établissement Grand Lomé,2026-08-18T16:13:48.533924,true
eleve_gen_01096@gen.local,Élève,Généré 1096,,LYCEEN,BAC_1,Établissement Grand Lomé,2026-08-18T16:13:48.533924,true
eleve_gen_01097@gen.local,Élève,Généré 1097,,LYCEEN,BAC_1,Établissement Plateaux Est,2026-08-18T16:13:48.533924,true
eleve_gen_01098@gen.local,Élève,Généré 1098,,LYCEEN,BAC_1,Établissement Plateaux Est,2026-08-18T16:13:48.533924,true
eleve_gen_01099@gen.local,Élève,Généré 1099,,LYCEEN,BAC_1,Établissement Centrale,2026-08-18T16:13:48.533924,true
eleve_gen_01100@gen.local,Élève,Généré 1100,,LYCEEN,BAC_1,Établissement Plateaux Est,2026-08-18T16:13:48.533924,true
eleve_gen_01101@gen.local,Élève,Généré 1101,,LYCEEN,BAC_1,Établissement Plateaux Ouest,2026-08-18T16:13:48.533924,true
eleve_gen_01102@gen.local,Élève,Généré 1102,,LYCEEN,BAC_1,Établissement Grand Lomé,2026-08-18T16:13:48.533924,true
eleve_gen_01103@gen.local,Élève,Généré 1103,,LYCEEN,BAC_1,Établissement Maritime,2026-08-18T16:13:48.533924,true
eleve_gen_01104@gen.local,Élève,Généré 1104,,LYCEEN,BAC_1,Établissement Centrale,2026-08-18T16:13:48.533924,true
eleve_gen_01105@gen.local,Élève,Généré 1105,,LYCEEN,BAC_1,Établissement Kara,2026-08-18T16:13:48.533924,true
eleve_gen_01106@gen.local,Élève,Généré 1106,,LYCEEN,BAC_1,Établissement Maritime,2026-08-18T16:13:48.533924,true
eleve_gen_01107@gen.local,Élève,Généré 1107,,LYCEEN,BAC_1,Établissement Grand Lomé,2026-08-18T16:13:48.533924,true
eleve_gen_01108@gen.local,Élève,Généré 1108,,LYCEEN,BAC_1,Établissement Kara,2026-08-18T16:13:48.533924,true
eleve_gen_01109@gen.local,Élève,Généré 1109,,LYCEEN,BAC_1,Établissement Grand Lomé,2026-08-18T16:13:48.533924,true
eleve_gen_01110@gen.local,Élève,Généré 1110,,LYCEEN,BAC_1,Établissement Grand Lomé,2026-08-18T16:13:48.533924,true
eleve_gen_01111@gen.local,Élève,Généré 1111,,LYCEEN,BAC_1,Établissement Plateaux Ouest,2026-08-18T16:13:48.533924,true
eleve_gen_01112@gen.local,Élève,Généré 1112,,LYCEEN,BAC_1,Établissement Maritime,2026-08-18T16:13:48.533924,true
eleve_gen_01113@gen.local,Élève,Généré 1113,,LYCEEN,BAC_1,Établissement Centrale,2026-08-18T16:13:48.533924,true
eleve_gen_01114@gen.local,Élève,Généré 1114,,LYCEEN,BAC_1,Établissement Plateaux Ouest,2026-08-18T16:13:48.533924,true
eleve_gen_01115@gen.local,Élève,Généré 1115,,LYCEEN,BAC_1,Établissement Plateaux Ouest,2026-08-18T16:13:48.533924,true
eleve_gen_01116@gen.local,Élève,Généré 1116,,LYCEEN,BAC_1,Établissement Centrale,2026-08-18T16:13:48.533924,true
eleve_gen_01117@gen.local,Élève,Généré 1117,,LYCEEN,BAC_1,Établissement Centrale,2026-08-18T16:13:48.533924,true
eleve_gen_01118@gen.local,Élève,Généré 1118,,LYCEEN,BAC_1,Établissement Centrale,2026-08-18T16:13:48.533924,true
eleve_gen_01119@gen.local,Élève,Généré 1119,,LYCEEN,BAC_1,Établissement Plateaux Est,2026-08-18T16:13:48.533924,true
eleve_gen_01120@gen.local,Élève,Généré 1120,,LYCEEN,BAC_1,Établissement Plateaux Ouest,2026-08-18T16:13:48.533924,true
eleve_gen_01121@gen.local,Élève,Généré 1121,,LYCEEN,BAC_1,Établissement Grand Lomé,2026-08-18T16:13:48.533924,true
eleve_gen_01122@gen.local,Élève,Généré 1122,,LYCEEN,BAC_1,Établissement Grand Lomé,2026-08-18T16:13:48.533924,true
eleve_gen_01123@gen.local,Élève,Généré 1123,,LYCEEN,BAC_1,Établissement Plateaux Ouest,2026-08-18T16:13:48.533924,true
eleve_gen_01124@gen.local,Élève,Généré 1124,,LYCEEN,BAC_1,Établissement Grand Lomé,2026-08-18T16:13:48.533924,true
eleve_gen_01125@gen.local,Élève,Généré 1125,,LYCEEN,BAC_1,Établissement Grand Lomé,2026-08-18T16:13:48.533924,true
eleve_gen_01126@gen.local,Élève,Généré 1126,,LYCEEN,BAC_1,Établissement Maritime,2026-08-18T16:13:48.533924,true
eleve_gen_01127@gen.local,Élève,Généré 1127,,LYCEEN,BAC_1,Établissement Plateaux Est,2026-08-18T16:13:48.533924,true
eleve_gen_01128@gen.local,Élève,Généré 1128,,LYCEEN,BAC_1,Établissement Savanes,2026-08-18T16:13:48.533924,true
eleve_gen_01129@gen.local,Élève,Généré 1129,,LYCEEN,BAC_1,Établissement Centrale,2026-08-18T16:13:48.533924,true
eleve_gen_01130@gen.local,Élève,Généré 1130,,LYCEEN,BAC_1,Établissement Kara,2026-08-18T16:13:48.533924,true
eleve_gen_01131@gen.local,Élève,Généré 1131,,LYCEEN,BAC_1,Établissement Plateaux Ouest,2026-08-18T16:13:48.533924,true
eleve_gen_01132@gen.local,Élève,Généré 1132,,LYCEEN,BAC_1,Établissement Plateaux Ouest,2026-08-18T16:13:48.533924,true
eleve_gen_01133@gen.local,Élève,Généré 1133,,LYCEEN,BAC_1,Établissement Grand Lomé,2026-08-18T16:13:48.533924,true
eleve_gen_01134@gen.local,Élève,Généré 1134,,LYCEEN,BAC_1,Établissement Maritime,2026-08-18T16:13:48.533924,true
eleve_gen_01135@gen.local,Élève,Généré 1135,,LYCEEN,BAC_1,Établissement Plateaux Ouest,2026-08-18T16:13:48.533924,true
eleve_gen_01136@gen.local,Élève,Généré 1136,,LYCEEN,BAC_1,Établissement Grand Lomé,2026-08-18T16:13:48.533924,true
eleve_gen_01137@gen.local,Élève,Généré 1137,,LYCEEN,BAC_1,Établissement Grand Lomé,2026-08-18T16:13:48.533924,true
eleve_gen_01138@gen.local,Élève,Généré 1138,,LYCEEN,BAC_1,Établissement Maritime,2026-08-18T16:13:48.533924,true
eleve_gen_01139@gen.local,Élève,Généré 1139,,LYCEEN,BAC_1,Établissement Plateaux Ouest,2026-08-18T16:13:48.533924,true
eleve_gen_01140@gen.local,Élève,Généré 1140,,LYCEEN,BAC_1,Établissement Centrale,2026-08-18T16:13:48.533924,true
eleve_gen_01141@gen.local,Élève,Généré 1141,,LYCEEN,BAC_1,Établissement Maritime,2026-08-18T16:13:48.533924,true
eleve_gen_01142@gen.local,Élève,Généré 1142,,LYCEEN,BAC_1,Établissement Plateaux Est,2026-08-18T16:13:48.533924,true
eleve_gen_01143@gen.local,Élève,Généré 1143,,LYCEEN,BAC_1,Établissement Grand Lomé,2026-08-18T16:13:48.533924,true
eleve_gen_01144@gen.local,Élève,Généré 1144,,LYCEEN,BAC_1,Établissement Grand Lomé,2026-08-18T16:13:48.533924,true
eleve_gen_01145@gen.local,Élève,Généré 1145,,LYCEEN,BAC_1,Établissement Grand Lomé,2026-08-18T16:13:48.533924,true
eleve_gen_01146@gen.local,Élève,Généré 1146,,LYCEEN,BAC_1,Établissement Centrale,2026-08-18T16:13:48.533924,true
eleve_gen_01147@gen.local,Élève,Généré 1147,,LYCEEN,BAC_1,Établissement Maritime,2026-08-18T16:13:48.533924,true
eleve_gen_01148@gen.local,Élève,Généré 1148,,LYCEEN,BAC_1,Établissement Plateaux Est,2026-08-18T16:13:48.533924,true
eleve_gen_01149@gen.local,Élève,Généré 1149,,LYCEEN,BAC_1,Établissement Kara,2026-08-18T16:13:48.533924,true
eleve_gen_01150@gen.local,Élève,Généré 1150,,LYCEEN,BAC_1,Établissement Plateaux Ouest,2026-08-18T16:13:48.533924,true
eleve_gen_01151@gen.local,Élève,Généré 1151,,LYCEEN,BAC_1,Établissement Plateaux Ouest,2026-08-18T16:13:48.533924,true
eleve_gen_01152@gen.local,Élève,Généré 1152,,LYCEEN,BAC_1,Établissement Kara,2026-08-18T16:13:48.533924,true
eleve_gen_01153@gen.local,Élève,Généré 1153,,LYCEEN,BAC_1,Établissement Plateaux Est,2026-08-18T16:13:48.533924,true
eleve_gen_01154@gen.local,Élève,Généré 1154,,LYCEEN,BAC_1,Établissement Plateaux Ouest,2026-08-18T16:13:48.533924,true
eleve_gen_01155@gen.local,Élève,Généré 1155,,LYCEEN,BAC_1,Établissement Centrale,2026-08-18T16:13:48.533924,true
eleve_gen_01156@gen.local,Élève,Généré 1156,,LYCEEN,BAC_1,Établissement Centrale,2026-08-18T16:13:48.533924,true
eleve_gen_01157@gen.local,Élève,Généré 1157,,LYCEEN,BAC_1,Établissement Plateaux Est,2026-08-18T16:13:48.533924,true
eleve_gen_01158@gen.local,Élève,Généré 1158,,LYCEEN,BAC_1,Établissement Plateaux Est,2026-08-18T16:13:48.533924,true
eleve_gen_01159@gen.local,Élève,Généré 1159,,LYCEEN,BAC_1,Établissement Savanes,2026-08-18T16:13:48.533924,true
eleve_gen_01160@gen.local,Élève,Généré 1160,,LYCEEN,BAC_1,Établissement Savanes,2026-08-18T16:13:48.533924,true
eleve_gen_01161@gen.local,Élève,Généré 1161,,LYCEEN,BAC_1,Établissement Plateaux Ouest,2026-08-18T16:13:48.533924,true
eleve_gen_01162@gen.local,Élève,Généré 1162,,LYCEEN,BAC_1,Établissement Grand Lomé,2026-08-18T16:13:48.533924,true
eleve_gen_01163@gen.local,Élève,Généré 1163,,LYCEEN,BAC_1,Établissement Plateaux Est,2026-08-18T16:13:48.533924,true
eleve_gen_01164@gen.local,Élève,Généré 1164,,LYCEEN,BAC_1,Établissement Grand Lomé,2026-08-18T16:13:48.533924,true
eleve_gen_01165@gen.local,Élève,Généré 1165,,LYCEEN,BAC_1,Établissement Plateaux Est,2026-08-18T16:13:48.533924,true
eleve_gen_01166@gen.local,Élève,Généré 1166,,LYCEEN,BAC_1,Établissement Plateaux Ouest,2026-08-18T16:13:48.533924,true
eleve_gen_01167@gen.local,Élève,Généré 1167,,LYCEEN,BAC_1,Établissement Plateaux Est,2026-08-18T16:13:48.533924,true
eleve_gen_01168@gen.local,Élève,Généré 1168,,LYCEEN,BAC_1,Établissement Plateaux Est,2026-08-18T16:13:48.533924,true
eleve_gen_01169@gen.local,Élève,Généré 1169,,LYCEEN,BAC_1,Établissement Plateaux Ouest,2026-08-18T16:13:48.533924,true
eleve_gen_01170@gen.local,Élève,Généré 1170,,LYCEEN,BAC_1,Établissement Maritime,2026-08-18T16:13:48.533924,true
eleve_gen_01171@gen.local,Élève,Généré 1171,,LYCEEN,BAC_1,Établissement Maritime,2026-08-18T16:13:48.533924,true
eleve_gen_01172@gen.local,Élève,Généré 1172,,LYCEEN,BAC_1,Établissement Plateaux Est,2026-08-18T16:13:48.533924,true
eleve_gen_01173@gen.local,Élève,Généré 1173,,LYCEEN,BAC_1,Établissement Grand Lomé,2026-08-18T16:13:48.533924,true
eleve_gen_01174@gen.local,Élève,Généré 1174,,LYCEEN,BAC_1,Établissement Grand Lomé,2026-08-18T16:13:48.533924,true
eleve_gen_01175@gen.local,Élève,Généré 1175,,LYCEEN,BAC_1,Établissement Plateaux Ouest,2026-08-18T16:13:48.533924,true
eleve_gen_01176@gen.local,Élève,Généré 1176,,LYCEEN,BAC_1,Établissement Grand Lomé,2026-08-18T16:13:48.533924,true
eleve_gen_01177@gen.local,Élève,Généré 1177,,LYCEEN,BAC_1,Établissement Plateaux Ouest,2026-08-18T16:13:48.533924,true
eleve_gen_01178@gen.local,Élève,Généré 1178,,LYCEEN,BAC_1,Établissement Kara,2026-08-18T16:13:48.533924,true
eleve_gen_01179@gen.local,Élève,Généré 1179,,LYCEEN,BAC_1,Établissement Grand Lomé,2026-08-18T16:13:48.533924,true
eleve_gen_01180@gen.local,Élève,Généré 1180,,LYCEEN,BAC_1,Établissement Plateaux Ouest,2026-08-18T16:13:48.533924,true
eleve_gen_01181@gen.local,Élève,Généré 1181,,LYCEEN,BAC_1,Établissement Plateaux Est,2026-08-18T16:13:48.533924,true
eleve_gen_01182@gen.local,Élève,Généré 1182,,LYCEEN,BAC_1,Établissement Plateaux Est,2026-08-18T16:13:48.533924,true
eleve_gen_01183@gen.local,Élève,Généré 1183,,LYCEEN,BAC_1,Établissement Plateaux Est,2026-08-18T16:13:48.533924,true
eleve_gen_01184@gen.local,Élève,Généré 1184,,LYCEEN,BAC_1,Établissement Plateaux Ouest,2026-08-18T16:13:48.533924,true
eleve_gen_01185@gen.local,Élève,Généré 1185,,LYCEEN,BAC_1,Établissement Plateaux Est,2026-08-18T16:13:48.533924,true
eleve_gen_01186@gen.local,Élève,Généré 1186,,LYCEEN,BAC_1,Établissement Plateaux Ouest,2026-08-18T16:13:48.533924,true
eleve_gen_01187@gen.local,Élève,Généré 1187,,LYCEEN,BAC_1,Établissement Plateaux Est,2026-08-18T16:13:48.533924,true
eleve_gen_01188@gen.local,Élève,Généré 1188,,LYCEEN,BAC_1,Établissement Grand Lomé,2026-08-18T16:13:48.533924,true
eleve_gen_01189@gen.local,Élève,Généré 1189,,LYCEEN,BAC_1,Établissement Grand Lomé,2026-08-18T16:13:48.533924,true
eleve_gen_01190@gen.local,Élève,Généré 1190,,LYCEEN,BAC_1,Établissement Kara,2026-08-18T16:13:48.533924,true
eleve_gen_01191@gen.local,Élève,Généré 1191,,LYCEEN,BAC_1,Établissement Kara,2026-08-18T16:13:48.533924,true
eleve_gen_01192@gen.local,Élève,Généré 1192,,LYCEEN,BAC_1,Établissement Kara,2026-08-18T16:13:48.533924,true
eleve_gen_01193@gen.local,Élève,Généré 1193,,LYCEEN,BAC_1,Établissement Maritime,2026-08-18T16:13:48.533924,true
eleve_gen_01194@gen.local,Élève,Généré 1194,,LYCEEN,BAC_1,Établissement Plateaux Est,2026-08-18T16:13:48.533924,true
eleve_gen_01195@gen.local,Élève,Généré 1195,,LYCEEN,BAC_1,Établissement Plateaux Ouest,2026-08-18T16:13:48.533924,true
eleve_gen_01196@gen.local,Élève,Généré 1196,,LYCEEN,BAC_1,Établissement Centrale,2026-08-18T16:13:48.533924,true
eleve_gen_01197@gen.local,Élève,Généré 1197,,LYCEEN,BAC_1,Établissement Plateaux Ouest,2026-08-18T16:13:48.533924,true
eleve_gen_01198@gen.local,Élève,Généré 1198,,LYCEEN,BAC_1,Établissement Grand Lomé,2026-08-18T16:13:48.533924,true
eleve_gen_01199@gen.local,Élève,Généré 1199,,LYCEEN,BAC_1,Établissement Plateaux Ouest,2026-08-18T16:13:48.533924,true
eleve_gen_01200@gen.local,Élève,Généré 1200,,LYCEEN,BAC_1,Établissement Maritime,2026-08-18T16:13:48.533924,true
eleve_gen_01201@gen.local,Élève,Généré 1201,,LYCEEN,BAC_1,Établissement Plateaux Ouest,2026-08-18T16:13:48.533924,true
eleve_gen_01202@gen.local,Élève,Généré 1202,,LYCEEN,BAC_1,Établissement Savanes,2026-08-18T16:13:48.533924,true
eleve_gen_01203@gen.local,Élève,Généré 1203,,LYCEEN,BAC_1,Établissement Grand Lomé,2026-08-18T16:13:48.533924,true
eleve_gen_01204@gen.local,Élève,Généré 1204,,LYCEEN,BAC_1,Établissement Grand Lomé,2026-08-18T16:13:48.533924,true
eleve_gen_01205@gen.local,Élève,Généré 1205,,LYCEEN,BAC_1,Établissement Plateaux Ouest,2026-08-18T16:13:48.533924,true
eleve_gen_01206@gen.local,Élève,Généré 1206,,LYCEEN,BAC_1,Établissement Maritime,2026-08-18T16:13:48.533924,true
eleve_gen_01207@gen.local,Élève,Généré 1207,,LYCEEN,BAC_1,Établissement Grand Lomé,2026-08-18T16:13:48.533924,true
eleve_gen_01208@gen.local,Élève,Généré 1208,,LYCEEN,BAC_1,Établissement Maritime,2026-08-18T16:13:48.533924,true
eleve_gen_01209@gen.local,Élève,Généré 1209,,LYCEEN,BAC_1,Établissement Plateaux Ouest,2026-08-18T16:13:48.533924,true
eleve_gen_01210@gen.local,Élève,Généré 1210,,LYCEEN,BAC_1,Établissement Savanes,2026-08-18T16:13:48.533924,true
eleve_gen_01211@gen.local,Élève,Généré 1211,,LYCEEN,BAC_1,Établissement Grand Lomé,2026-08-18T16:13:48.533924,true
eleve_gen_01212@gen.local,Élève,Généré 1212,,LYCEEN,BAC_1,Établissement Maritime,2026-08-18T16:13:48.533924,true
eleve_gen_01213@gen.local,Élève,Généré 1213,,LYCEEN,BAC_1,Établissement Maritime,2026-08-18T16:13:48.533924,true
eleve_gen_01214@gen.local,Élève,Généré 1214,,LYCEEN,BAC_1,Établissement Centrale,2026-08-18T16:13:48.533924,true
eleve_gen_01215@gen.local,Élève,Généré 1215,,LYCEEN,BAC_1,Établissement Maritime,2026-08-18T16:13:48.533924,true
eleve_gen_01216@gen.local,Élève,Généré 1216,,LYCEEN,BAC_1,Établissement Grand Lomé,2026-08-18T16:13:48.533924,true
eleve_gen_01217@gen.local,Élève,Généré 1217,,LYCEEN,BAC_1,Établissement Grand Lomé,2026-08-18T16:13:48.533924,true
eleve_gen_01218@gen.local,Élève,Généré 1218,,LYCEEN,BAC_1,Établissement Maritime,2026-08-18T16:13:48.533924,true
eleve_gen_01219@gen.local,Élève,Généré 1219,,LYCEEN,BAC_1,Établissement Grand Lomé,2026-08-18T16:13:48.533924,true
eleve_gen_01220@gen.local,Élève,Généré 1220,,LYCEEN,BAC_1,Établissement Plateaux Ouest,2026-08-18T16:13:48.533924,true
eleve_gen_01221@gen.local,Élève,Généré 1221,,LYCEEN,BAC_1,Établissement Kara,2026-08-18T16:13:48.533924,true
eleve_gen_01222@gen.local,Élève,Généré 1222,,LYCEEN,BAC_1,Établissement Kara,2026-08-18T16:13:48.533924,true
eleve_gen_01223@gen.local,Élève,Généré 1223,,LYCEEN,BAC_1,Établissement Grand Lomé,2026-08-18T16:13:48.533924,true
eleve_gen_01224@gen.local,Élève,Généré 1224,,LYCEEN,BAC_1,Établissement Maritime,2026-08-18T16:13:48.533924,true
eleve_gen_01225@gen.local,Élève,Généré 1225,,LYCEEN,BAC_1,Établissement Plateaux Ouest,2026-08-18T16:13:48.533924,true
eleve_gen_01226@gen.local,Élève,Généré 1226,,LYCEEN,BAC_1,Établissement Kara,2026-08-18T16:13:48.533924,true
eleve_gen_01227@gen.local,Élève,Généré 1227,,LYCEEN,BAC_1,Établissement Plateaux Est,2026-08-18T16:13:48.533924,true
eleve_gen_01228@gen.local,Élève,Généré 1228,,LYCEEN,BAC_1,Établissement Grand Lomé,2026-08-18T16:13:48.533924,true
eleve_gen_01229@gen.local,Élève,Généré 1229,,LYCEEN,BAC_1,Établissement Maritime,2026-08-18T16:13:48.533924,true
eleve_gen_01230@gen.local,Élève,Généré 1230,,LYCEEN,BAC_1,Établissement Savanes,2026-08-18T16:13:48.533924,true
eleve_gen_01231@gen.local,Élève,Généré 1231,,LYCEEN,BAC_1,Établissement Savanes,2026-08-18T16:13:48.533924,true
eleve_gen_01232@gen.local,Élève,Généré 1232,,LYCEEN,BAC_1,Établissement Grand Lomé,2026-08-18T16:13:48.533924,true
eleve_gen_01233@gen.local,Élève,Généré 1233,,LYCEEN,BAC_1,Établissement Grand Lomé,2026-08-18T16:13:48.533924,true
eleve_gen_01234@gen.local,Élève,Généré 1234,,LYCEEN,BAC_1,Établissement Savanes,2026-08-18T16:13:48.533924,true
eleve_gen_01235@gen.local,Élève,Généré 1235,,LYCEEN,BAC_1,Établissement Grand Lomé,2026-08-18T16:13:48.533924,true
eleve_gen_01236@gen.local,Élève,Généré 1236,,LYCEEN,BAC_1,Établissement Plateaux Est,2026-08-18T16:13:48.533924,true
eleve_gen_01237@gen.local,Élève,Généré 1237,,LYCEEN,BAC_1,Établissement Plateaux Est,2026-08-18T16:13:48.533924,true
eleve_gen_01238@gen.local,Élève,Généré 1238,,LYCEEN,BAC_1,Établissement Maritime,2026-08-18T16:13:48.533924,true
eleve_gen_01239@gen.local,Élève,Généré 1239,,LYCEEN,BAC_1,Établissement Centrale,2026-08-18T16:13:48.533924,true
eleve_gen_01240@gen.local,Élève,Généré 1240,,LYCEEN,BAC_1,Établissement Grand Lomé,2026-08-18T16:13:48.533924,true
eleve_gen_01241@gen.local,Élève,Généré 1241,,LYCEEN,BAC_1,Établissement Centrale,2026-08-18T16:13:48.533924,true
eleve_gen_01242@gen.local,Élève,Généré 1242,,LYCEEN,BAC_1,Établissement Grand Lomé,2026-08-18T16:13:48.533924,true
eleve_gen_01243@gen.local,Élève,Généré 1243,,LYCEEN,BAC_1,Établissement Maritime,2026-08-18T16:13:48.533924,true
eleve_gen_01244@gen.local,Élève,Généré 1244,,LYCEEN,BAC_1,Établissement Kara,2026-08-18T16:13:48.533924,true
eleve_gen_01245@gen.local,Élève,Généré 1245,,LYCEEN,BAC_1,Établissement Grand Lomé,2026-08-18T16:13:48.533924,true
eleve_gen_01246@gen.local,Élève,Généré 1246,,LYCEEN,BAC_1,Établissement Grand Lomé,2026-08-18T16:13:48.533924,true
eleve_gen_01247@gen.local,Élève,Généré 1247,,LYCEEN,BAC_1,Établissement Centrale,2026-08-18T16:13:48.533924,true
eleve_gen_01248@gen.local,Élève,Généré 1248,,LYCEEN,BAC_1,Établissement Centrale,2026-08-18T16:13:48.533924,true
eleve_gen_01249@gen.local,Élève,Généré 1249,,LYCEEN,BAC_1,Établissement Grand Lomé,2026-08-18T16:13:48.533924,true
eleve_gen_01250@gen.local,Élève,Généré 1250,,LYCEEN,BAC_1,Établissement Grand Lomé,2026-08-18T16:13:48.533924,true
eleve_gen_01251@gen.local,Élève,Généré 1251,,LYCEEN,BAC_1,Établissement Grand Lomé,2026-08-18T16:13:48.533924,true
eleve_gen_01252@gen.local,Élève,Généré 1252,,LYCEEN,BAC_1,Établissement Plateaux Ouest,2026-08-18T16:13:48.533924,true
eleve_gen_01253@gen.local,Élève,Généré 1253,,LYCEEN,BAC_1,Établissement Kara,2026-08-18T16:13:48.533924,true
eleve_gen_01254@gen.local,Élève,Généré 1254,,LYCEEN,BAC_1,Établissement Savanes,2026-08-18T16:13:48.533924,true
eleve_gen_01255@gen.local,Élève,Généré 1255,,LYCEEN,BAC_1,Établissement Grand Lomé,2026-08-18T16:13:48.533924,true
eleve_gen_01256@gen.local,Élève,Généré 1256,,LYCEEN,BAC_1,Établissement Maritime,2026-08-18T16:13:48.533924,true
eleve_gen_01257@gen.local,Élève,Généré 1257,,LYCEEN,BAC_1,Établissement Savanes,2026-08-18T16:13:48.533924,true
eleve_gen_01258@gen.local,Élève,Généré 1258,,LYCEEN,BAC_1,Établissement Grand Lomé,2026-08-18T16:13:48.533924,true
eleve_gen_01259@gen.local,Élève,Généré 1259,,LYCEEN,BAC_1,Établissement Grand Lomé,2026-08-18T16:13:48.533924,true
eleve_gen_01260@gen.local,Élève,Généré 1260,,LYCEEN,BAC_1,Établissement Kara,2026-08-18T16:13:48.533924,true
eleve_gen_01261@gen.local,Élève,Généré 1261,,LYCEEN,BAC_1,Établissement Plateaux Est,2026-08-18T16:13:48.533924,true
eleve_gen_01262@gen.local,Élève,Généré 1262,,LYCEEN,BAC_1,Établissement Maritime,2026-08-18T16:13:48.533924,true
eleve_gen_01263@gen.local,Élève,Généré 1263,,LYCEEN,BAC_1,Établissement Grand Lomé,2026-08-18T16:13:48.533924,true
eleve_gen_01264@gen.local,Élève,Généré 1264,,LYCEEN,BAC_1,Établissement Kara,2026-08-18T16:13:48.533924,true
eleve_gen_01265@gen.local,Élève,Généré 1265,,LYCEEN,BAC_1,Établissement Plateaux Ouest,2026-08-18T16:13:48.533924,true
eleve_gen_01266@gen.local,Élève,Généré 1266,,LYCEEN,BAC_1,Établissement Plateaux Est,2026-08-18T16:13:48.533924,true
eleve_gen_01267@gen.local,Élève,Généré 1267,,LYCEEN,BAC_1,Établissement Plateaux Ouest,2026-08-18T16:13:48.533924,true
eleve_gen_01268@gen.local,Élève,Généré 1268,,LYCEEN,BAC_1,Établissement Grand Lomé,2026-08-18T16:13:48.533924,true
eleve_gen_01269@gen.local,Élève,Généré 1269,,LYCEEN,BAC_1,Établissement Grand Lomé,2026-08-18T16:13:48.533924,true
eleve_gen_01270@gen.local,Élève,Généré 1270,,LYCEEN,BAC_1,Établissement Plateaux Est,2026-08-18T16:13:48.533924,true
eleve_gen_01271@gen.local,Élève,Généré 1271,,LYCEEN,BAC_1,Établissement Centrale,2026-08-18T16:13:48.533924,true
eleve_gen_01272@gen.local,Élève,Généré 1272,,LYCEEN,BAC_1,Établissement Grand Lomé,2026-08-18T16:13:48.533924,true
eleve_gen_01273@gen.local,Élève,Généré 1273,,LYCEEN,BAC_1,Établissement Grand Lomé,2026-08-18T16:13:48.533924,true
eleve_gen_01274@gen.local,Élève,Généré 1274,,LYCEEN,BAC_1,Établissement Maritime,2026-08-18T16:13:48.533924,true
eleve_gen_01275@gen.local,Élève,Généré 1275,,LYCEEN,BAC_1,Établissement Maritime,2026-08-18T16:13:48.533924,true
eleve_gen_01276@gen.local,Élève,Généré 1276,,LYCEEN,BAC_1,Établissement Grand Lomé,2026-08-18T16:13:48.533924,true
eleve_gen_01277@gen.local,Élève,Généré 1277,,LYCEEN,BAC_1,Établissement Maritime,2026-08-18T16:13:48.533924,true
eleve_gen_01278@gen.local,Élève,Généré 1278,,LYCEEN,BAC_1,Établissement Maritime,2026-08-18T16:13:48.533924,true
eleve_gen_01279@gen.local,Élève,Généré 1279,,LYCEEN,BAC_1,Établissement Plateaux Ouest,2026-08-18T16:13:48.533924,true
eleve_gen_01280@gen.local,Élève,Généré 1280,,LYCEEN,BAC_1,Établissement Centrale,2026-08-18T16:13:48.533924,true
eleve_gen_01281@gen.local,Élève,Généré 1281,,LYCEEN,BAC_1,Établissement Maritime,2026-08-18T16:13:48.533924,true
eleve_gen_01282@gen.local,Élève,Généré 1282,,LYCEEN,BAC_1,Établissement Maritime,2026-08-18T16:13:48.533924,true
eleve_gen_01283@gen.local,Élève,Généré 1283,,LYCEEN,BAC_1,Établissement Plateaux Est,2026-08-18T16:13:48.533924,true
eleve_gen_01284@gen.local,Élève,Généré 1284,,LYCEEN,BAC_1,Établissement Plateaux Est,2026-08-18T16:13:48.533924,true
eleve_gen_01285@gen.local,Élève,Généré 1285,,LYCEEN,BAC_1,Établissement Plateaux Ouest,2026-08-18T16:13:48.533924,true
eleve_gen_01286@gen.local,Élève,Généré 1286,,LYCEEN,BAC_1,Établissement Maritime,2026-08-18T16:13:48.533924,true
eleve_gen_01287@gen.local,Élève,Généré 1287,,LYCEEN,BAC_1,Établissement Grand Lomé,2026-08-18T16:13:48.533924,true
eleve_gen_01288@gen.local,Élève,Généré 1288,,LYCEEN,BAC_1,Établissement Grand Lomé,2026-08-18T16:13:48.533924,true
eleve_gen_01289@gen.local,Élève,Généré 1289,,LYCEEN,BAC_1,Établissement Plateaux Ouest,2026-08-18T16:13:48.533924,true
eleve_gen_01290@gen.local,Élève,Généré 1290,,LYCEEN,BAC_1,Établissement Plateaux Ouest,2026-08-18T16:13:48.533924,true
eleve_gen_01291@gen.local,Élève,Généré 1291,,LYCEEN,BAC_1,Établissement Maritime,2026-08-18T16:13:48.533924,true
eleve_gen_01292@gen.local,Élève,Généré 1292,,LYCEEN,BAC_1,Établissement Maritime,2026-08-18T16:13:48.533924,true
eleve_gen_01293@gen.local,Élève,Généré 1293,,LYCEEN,BAC_1,Établissement Kara,2026-08-18T16:13:48.533924,true
eleve_gen_01294@gen.local,Élève,Généré 1294,,LYCEEN,BAC_1,Établissement Maritime,2026-08-18T16:13:48.533924,true
eleve_gen_01295@gen.local,Élève,Généré 1295,,LYCEEN,BAC_1,Établissement Kara,2026-08-18T16:13:48.533924,true
eleve_gen_01296@gen.local,Élève,Généré 1296,,LYCEEN,BAC_1,Établissement Grand Lomé,2026-08-18T16:13:48.533924,true
eleve_gen_01297@gen.local,Élève,Généré 1297,,LYCEEN,BAC_1,Établissement Plateaux Est,2026-08-18T16:13:48.533924,true
eleve_gen_01298@gen.local,Élève,Généré 1298,,LYCEEN,BAC_1,Établissement Kara,2026-08-18T16:13:48.533924,true
eleve_gen_01299@gen.local,Élève,Généré 1299,,LYCEEN,BAC_1,Établissement Maritime,2026-08-18T16:13:48.533924,true
eleve_gen_01300@gen.local,Élève,Généré 1300,,LYCEEN,BAC_1,Établissement Plateaux Ouest,2026-08-18T16:13:48.533924,true
eleve_gen_01301@gen.local,Élève,Généré 1301,,LYCEEN,BAC_1,Établissement Plateaux Est,2026-08-18T16:13:48.533924,true
eleve_gen_01302@gen.local,Élève,Généré 1302,,LYCEEN,BAC_1,Établissement Centrale,2026-08-18T16:13:48.533924,true
eleve_gen_01303@gen.local,Élève,Généré 1303,,LYCEEN,BAC_1,Établissement Grand Lomé,2026-08-18T16:13:48.533924,true
eleve_gen_01304@gen.local,Élève,Généré 1304,,LYCEEN,BAC_1,Établissement Centrale,2026-08-18T16:13:48.533924,true
eleve_gen_01305@gen.local,Élève,Généré 1305,,LYCEEN,BAC_1,Établissement Plateaux Est,2026-08-18T16:13:48.533924,true
eleve_gen_01306@gen.local,Élève,Généré 1306,,LYCEEN,BAC_1,Établissement Kara,2026-08-18T16:13:48.533924,true
eleve_gen_01307@gen.local,Élève,Généré 1307,,LYCEEN,BAC_1,Établissement Grand Lomé,2026-08-18T16:13:48.533924,true
eleve_gen_01308@gen.local,Élève,Généré 1308,,LYCEEN,BAC_1,Établissement Grand Lomé,2026-08-18T16:13:48.533924,true
eleve_gen_01309@gen.local,Élève,Généré 1309,,LYCEEN,BAC_1,Établissement Grand Lomé,2026-08-18T16:13:48.533924,true
eleve_gen_01310@gen.local,Élève,Généré 1310,,LYCEEN,BAC_1,Établissement Grand Lomé,2026-08-18T16:13:48.533924,true
eleve_gen_01311@gen.local,Élève,Généré 1311,,LYCEEN,BAC_1,Établissement Plateaux Est,2026-08-18T16:13:48.533924,true
eleve_gen_01312@gen.local,Élève,Généré 1312,,LYCEEN,BAC_1,Établissement Centrale,2026-08-18T16:13:48.533924,true
eleve_gen_01313@gen.local,Élève,Généré 1313,,LYCEEN,BAC_1,Établissement Plateaux Est,2026-08-18T16:13:48.533924,true
eleve_gen_01314@gen.local,Élève,Généré 1314,,LYCEEN,BAC_1,Établissement Grand Lomé,2026-08-18T16:13:48.533924,true
eleve_gen_01315@gen.local,Élève,Généré 1315,,LYCEEN,BAC_1,Établissement Grand Lomé,2026-08-18T16:13:48.533924,true
eleve_gen_01316@gen.local,Élève,Généré 1316,,LYCEEN,BAC_1,Établissement Grand Lomé,2026-08-18T16:13:48.533924,true
eleve_gen_01317@gen.local,Élève,Généré 1317,,LYCEEN,BAC_1,Établissement Maritime,2026-08-18T16:13:48.533924,true
eleve_gen_01318@gen.local,Élève,Généré 1318,,LYCEEN,BAC_1,Établissement Maritime,2026-08-18T16:13:48.533924,true
eleve_gen_01319@gen.local,Élève,Généré 1319,,LYCEEN,BAC_1,Établissement Plateaux Est,2026-08-18T16:13:48.533924,true
eleve_gen_01320@gen.local,Élève,Généré 1320,,LYCEEN,BAC_1,Établissement Maritime,2026-08-18T16:13:48.533924,true
eleve_gen_01321@gen.local,Élève,Généré 1321,,LYCEEN,BAC_1,Établissement Grand Lomé,2026-08-18T16:13:48.533924,true
eleve_gen_01322@gen.local,Élève,Généré 1322,,LYCEEN,BAC_1,Établissement Maritime,2026-08-18T16:13:48.533924,true
eleve_gen_01323@gen.local,Élève,Généré 1323,,LYCEEN,BAC_1,Établissement Grand Lomé,2026-08-18T16:13:48.533924,true
eleve_gen_01324@gen.local,Élève,Généré 1324,,LYCEEN,BAC_1,Établissement Kara,2026-08-18T16:13:48.533924,true
eleve_gen_01325@gen.local,Élève,Généré 1325,,LYCEEN,BAC_1,Établissement Maritime,2026-08-18T16:13:48.533924,true
eleve_gen_01326@gen.local,Élève,Généré 1326,,LYCEEN,BAC_1,Établissement Plateaux Est,2026-08-18T16:13:48.533924,true
eleve_gen_01327@gen.local,Élève,Généré 1327,,LYCEEN,BAC_1,Établissement Savanes,2026-08-18T16:13:48.533924,true
eleve_gen_01328@gen.local,Élève,Généré 1328,,LYCEEN,BAC_1,Établissement Plateaux Ouest,2026-08-18T16:13:48.533924,true
eleve_gen_01329@gen.local,Élève,Généré 1329,,LYCEEN,BAC_1,Établissement Kara,2026-08-18T16:13:48.533924,true
eleve_gen_01330@gen.local,Élève,Généré 1330,,LYCEEN,BAC_1,Établissement Grand Lomé,2026-08-18T16:13:48.533924,true
eleve_gen_01331@gen.local,Élève,Généré 1331,,LYCEEN,BAC_1,Établissement Grand Lomé,2026-08-18T16:13:48.533924,true
eleve_gen_01332@gen.local,Élève,Généré 1332,,LYCEEN,BAC_1,Établissement Centrale,2026-08-18T16:13:48.533924,true
eleve_gen_01333@gen.local,Élève,Généré 1333,,LYCEEN,BAC_1,Établissement Plateaux Ouest,2026-08-18T16:13:48.533924,true
eleve_gen_01334@gen.local,Élève,Généré 1334,,LYCEEN,BAC_1,Établissement Grand Lomé,2026-08-18T16:13:48.533924,true
eleve_gen_01335@gen.local,Élève,Généré 1335,,LYCEEN,BAC_1,Établissement Plateaux Ouest,2026-08-18T16:13:48.533924,true
eleve_gen_01336@gen.local,Élève,Généré 1336,,LYCEEN,BAC_1,Établissement Grand Lomé,2026-08-18T16:13:48.533924,true
eleve_gen_01337@gen.local,Élève,Généré 1337,,LYCEEN,BAC_1,Établissement Maritime,2026-08-18T16:13:48.533924,true
eleve_gen_01338@gen.local,Élève,Généré 1338,,LYCEEN,BAC_1,Établissement Maritime,2026-08-18T16:13:48.533924,true
eleve_gen_01339@gen.local,Élève,Généré 1339,,LYCEEN,BAC_1,Établissement Maritime,2026-08-18T16:13:48.533924,true
eleve_gen_01340@gen.local,Élève,Généré 1340,,LYCEEN,BAC_1,Établissement Grand Lomé,2026-08-18T16:13:48.533924,true
eleve_gen_01341@gen.local,Élève,Généré 1341,,LYCEEN,BAC_1,Établissement Grand Lomé,2026-08-18T16:13:48.533924,true
eleve_gen_01342@gen.local,Élève,Généré 1342,,LYCEEN,BAC_1,Établissement Plateaux Est,2026-08-18T16:13:48.533924,true
eleve_gen_01343@gen.local,Élève,Généré 1343,,LYCEEN,BAC_1,Établissement Kara,2026-08-18T16:13:48.533924,true
eleve_gen_01344@gen.local,Élève,Généré 1344,,LYCEEN,BAC_1,Établissement Grand Lomé,2026-08-18T16:13:48.533924,true
eleve_gen_01345@gen.local,Élève,Généré 1345,,LYCEEN,BAC_1,Établissement Grand Lomé,2026-08-18T16:13:48.533924,true
eleve_gen_01346@gen.local,Élève,Généré 1346,,LYCEEN,BAC_1,Établissement Centrale,2026-08-18T16:13:48.533924,true
eleve_gen_01347@gen.local,Élève,Généré 1347,,LYCEEN,BAC_1,Établissement Maritime,2026-08-18T16:13:48.533924,true
eleve_gen_01348@gen.local,Élève,Généré 1348,,LYCEEN,BAC_1,Établissement Grand Lomé,2026-08-18T16:13:48.533924,true
eleve_gen_01349@gen.local,Élève,Généré 1349,,LYCEEN,BAC_1,Établissement Plateaux Ouest,2026-08-18T16:13:48.533924,true
eleve_gen_01350@gen.local,Élève,Généré 1350,,LYCEEN,BAC_1,Établissement Grand Lomé,2026-08-18T16:13:48.533924,true
eleve_gen_01351@gen.local,Élève,Généré 1351,,LYCEEN,BAC_1,Établissement Grand Lomé,2026-08-18T16:13:48.533924,true
eleve_gen_01352@gen.local,Élève,Généré 1352,,LYCEEN,BAC_1,Établissement Grand Lomé,2026-08-18T16:13:48.533924,true
eleve_gen_01353@gen.local,Élève,Généré 1353,,LYCEEN,BAC_1,Établissement Maritime,2026-08-18T16:13:48.533924,true
eleve_gen_01354@gen.local,Élève,Généré 1354,,LYCEEN,BAC_1,Établissement Grand Lomé,2026-08-18T16:13:48.533924,true
eleve_gen_01355@gen.local,Élève,Généré 1355,,LYCEEN,BAC_1,Établissement Plateaux Est,2026-08-18T16:13:48.533924,true
eleve_gen_01356@gen.local,Élève,Généré 1356,,LYCEEN,BAC_1,Établissement Plateaux Ouest,2026-08-18T16:13:48.533924,true
eleve_gen_01357@gen.local,Élève,Généré 1357,,LYCEEN,BAC_1,Établissement Grand Lomé,2026-08-18T16:13:48.533924,true
eleve_gen_01358@gen.local,Élève,Généré 1358,,LYCEEN,BAC_1,Établissement Grand Lomé,2026-08-18T16:13:48.533924,true
eleve_gen_01359@gen.local,Élève,Généré 1359,,LYCEEN,BAC_1,Établissement Maritime,2026-08-18T16:13:48.533924,true
eleve_gen_01360@gen.local,Élève,Généré 1360,,LYCEEN,BAC_1,Établissement Plateaux Ouest,2026-08-18T16:13:48.533924,true
eleve_gen_01361@gen.local,Élève,Généré 1361,,LYCEEN,BAC_1,Établissement Maritime,2026-08-18T16:13:48.533924,true
eleve_gen_01362@gen.local,Élève,Généré 1362,,LYCEEN,BAC_1,Établissement Grand Lomé,2026-08-18T16:13:48.533924,true
eleve_gen_01363@gen.local,Élève,Généré 1363,,LYCEEN,BAC_1,Établissement Plateaux Est,2026-08-18T16:13:48.533924,true
eleve_gen_01364@gen.local,Élève,Généré 1364,,LYCEEN,BAC_1,Établissement Grand Lomé,2026-08-18T16:13:48.533924,true
eleve_gen_01365@gen.local,Élève,Généré 1365,,LYCEEN,BAC_1,Établissement Maritime,2026-08-18T16:13:48.533924,true
eleve_gen_01366@gen.local,Élève,Généré 1366,,LYCEEN,BAC_1,Établissement Maritime,2026-08-18T16:13:48.533924,true
eleve_gen_01367@gen.local,Élève,Généré 1367,,LYCEEN,BAC_1,Établissement Kara,2026-08-18T16:13:48.533924,true
eleve_gen_01368@gen.local,Élève,Généré 1368,,LYCEEN,BAC_1,Établissement Grand Lomé,2026-08-18T16:13:48.533924,true
eleve_gen_01369@gen.local,Élève,Généré 1369,,LYCEEN,BAC_1,Établissement Maritime,2026-08-18T16:13:48.533924,true
eleve_gen_01370@gen.local,Élève,Généré 1370,,LYCEEN,BAC_1,Établissement Savanes,2026-08-18T16:13:48.533924,true
eleve_gen_01371@gen.local,Élève,Généré 1371,,LYCEEN,BAC_1,Établissement Maritime,2026-08-18T16:13:48.533924,true
eleve_gen_01372@gen.local,Élève,Généré 1372,,LYCEEN,BAC_1,Établissement Grand Lomé,2026-08-18T16:13:48.533924,true
eleve_gen_01373@gen.local,Élève,Généré 1373,,LYCEEN,BAC_1,Établissement Plateaux Est,2026-08-18T16:13:48.533924,true
eleve_gen_01374@gen.local,Élève,Généré 1374,,LYCEEN,BAC_1,Établissement Maritime,2026-08-18T16:13:48.533924,true
eleve_gen_01375@gen.local,Élève,Généré 1375,,LYCEEN,BAC_1,Établissement Plateaux Est,2026-08-18T16:13:48.533924,true
eleve_gen_01376@gen.local,Élève,Généré 1376,,LYCEEN,BAC_1,Établissement Centrale,2026-08-18T16:13:48.533924,true
eleve_gen_01377@gen.local,Élève,Généré 1377,,LYCEEN,BAC_1,Établissement Savanes,2026-08-18T16:13:48.533924,true
eleve_gen_01378@gen.local,Élève,Généré 1378,,LYCEEN,BAC_1,Établissement Plateaux Ouest,2026-08-18T16:13:48.533924,true
eleve_gen_01379@gen.local,Élève,Généré 1379,,LYCEEN,BAC_1,Établissement Grand Lomé,2026-08-18T16:13:48.533924,true
eleve_gen_01380@gen.local,Élève,Généré 1380,,LYCEEN,BAC_1,Établissement Kara,2026-08-18T16:13:48.533924,true
eleve_gen_01381@gen.local,Élève,Généré 1381,,LYCEEN,BAC_1,Établissement Maritime,2026-08-18T16:13:48.533924,true
eleve_gen_01382@gen.local,Élève,Généré 1382,,LYCEEN,BAC_1,Établissement Centrale,2026-08-18T16:13:48.533924,true
eleve_gen_01383@gen.local,Élève,Généré 1383,,LYCEEN,BAC_1,Établissement Plateaux Ouest,2026-08-18T16:13:48.533924,true
eleve_gen_01384@gen.local,Élève,Généré 1384,,LYCEEN,BAC_1,Établissement Plateaux Est,2026-08-18T16:13:48.533924,true
eleve_gen_01385@gen.local,Élève,Généré 1385,,LYCEEN,BAC_1,Établissement Grand Lomé,2026-08-18T16:13:48.533924,true
eleve_gen_01386@gen.local,Élève,Généré 1386,,LYCEEN,BAC_1,Établissement Plateaux Est,2026-08-18T16:13:48.533924,true
eleve_gen_01387@gen.local,Élève,Généré 1387,,LYCEEN,BAC_1,Établissement Centrale,2026-08-18T16:13:48.533924,true
eleve_gen_01388@gen.local,Élève,Généré 1388,,LYCEEN,BAC_1,Établissement Plateaux Est,2026-08-18T16:13:48.533924,true
eleve_gen_01389@gen.local,Élève,Généré 1389,,LYCEEN,BAC_1,Établissement Plateaux Est,2026-08-18T16:13:48.533924,true
eleve_gen_01390@gen.local,Élève,Généré 1390,,LYCEEN,BAC_1,Établissement Savanes,2026-08-18T16:13:48.533924,true
eleve_gen_01391@gen.local,Élève,Généré 1391,,LYCEEN,BAC_1,Établissement Maritime,2026-08-18T16:13:48.533924,true
eleve_gen_01392@gen.local,Élève,Généré 1392,,LYCEEN,BAC_1,Établissement Plateaux Ouest,2026-08-18T16:13:48.533924,true
eleve_gen_01393@gen.local,Élève,Généré 1393,,LYCEEN,BAC_1,Établissement Plateaux Ouest,2026-08-18T16:13:48.533924,true
eleve_gen_01394@gen.local,Élève,Généré 1394,,LYCEEN,BAC_1,Établissement Plateaux Est,2026-08-18T16:13:48.533924,true
eleve_gen_01395@gen.local,Élève,Généré 1395,,LYCEEN,BAC_1,Établissement Centrale,2026-08-18T16:13:48.533924,true
eleve_gen_01396@gen.local,Élève,Généré 1396,,LYCEEN,BAC_1,Établissement Plateaux Est,2026-08-18T16:13:48.533924,true
eleve_gen_01397@gen.local,Élève,Généré 1397,,LYCEEN,BAC_1,Établissement Plateaux Ouest,2026-08-18T16:13:48.533924,true
eleve_gen_01398@gen.local,Élève,Généré 1398,,LYCEEN,BAC_1,Établissement Grand Lomé,2026-08-18T16:13:48.533924,true
eleve_gen_01399@gen.local,Élève,Généré 1399,,LYCEEN,BAC_1,Établissement Centrale,2026-08-18T16:13:48.533924,true
eleve_gen_01400@gen.local,Élève,Généré 1400,,LYCEEN,BAC_1,Établissement Kara,2026-08-18T16:13:48.533924,true
eleve_gen_01401@gen.local,Élève,Généré 1401,,LYCEEN,BAC_1,Établissement Centrale,2026-08-18T16:13:48.533924,true
eleve_gen_01402@gen.local,Élève,Généré 1402,,LYCEEN,BAC_1,Établissement Plateaux Ouest,2026-08-18T16:13:48.533924,true
eleve_gen_01403@gen.local,Élève,Généré 1403,,LYCEEN,BAC_1,Établissement Savanes,2026-08-18T16:13:48.533924,true
eleve_gen_01404@gen.local,Élève,Généré 1404,,LYCEEN,BAC_1,Établissement Savanes,2026-08-18T16:13:48.533924,true
eleve_gen_01405@gen.local,Élève,Généré 1405,,LYCEEN,BAC_1,Établissement Maritime,2026-08-18T16:13:48.533924,true
eleve_gen_01406@gen.local,Élève,Généré 1406,,LYCEEN,BAC_1,Établissement Plateaux Ouest,2026-08-18T16:13:48.533924,true
eleve_gen_01407@gen.local,Élève,Généré 1407,,LYCEEN,BAC_1,Établissement Kara,2026-08-18T16:13:48.533924,true
eleve_gen_01408@gen.local,Élève,Généré 1408,,LYCEEN,BAC_1,Établissement Centrale,2026-08-18T16:13:48.533924,true
eleve_gen_01409@gen.local,Élève,Généré 1409,,LYCEEN,BAC_1,Établissement Plateaux Ouest,2026-08-18T16:13:48.533924,true
eleve_gen_01410@gen.local,Élève,Généré 1410,,LYCEEN,BAC_1,Établissement Kara,2026-08-18T16:13:48.533924,true
eleve_gen_01411@gen.local,Élève,Généré 1411,,LYCEEN,BAC_1,Établissement Grand Lomé,2026-08-18T16:13:48.533924,true
eleve_gen_01412@gen.local,Élève,Généré 1412,,LYCEEN,BAC_1,Établissement Maritime,2026-08-18T16:13:48.533924,true
eleve_gen_01413@gen.local,Élève,Généré 1413,,LYCEEN,BAC_1,Établissement Grand Lomé,2026-08-18T16:13:48.533924,true
eleve_gen_01414@gen.local,Élève,Généré 1414,,LYCEEN,BAC_1,Établissement Plateaux Est,2026-08-18T16:13:48.533924,true
eleve_gen_01415@gen.local,Élève,Généré 1415,,LYCEEN,BAC_1,Établissement Plateaux Est,2026-08-18T16:13:48.533924,true
eleve_gen_01416@gen.local,Élève,Généré 1416,,LYCEEN,BAC_1,Établissement Maritime,2026-08-18T16:13:48.533924,true
eleve_gen_01417@gen.local,Élève,Généré 1417,,LYCEEN,BAC_1,Établissement Kara,2026-08-18T16:13:48.533924,true
eleve_gen_01418@gen.local,Élève,Généré 1418,,LYCEEN,BAC_1,Établissement Maritime,2026-08-18T16:13:48.533924,true
eleve_gen_01419@gen.local,Élève,Généré 1419,,LYCEEN,BAC_1,Établissement Savanes,2026-08-18T16:13:48.533924,true
eleve_gen_01420@gen.local,Élève,Généré 1420,,LYCEEN,BAC_1,Établissement Savanes,2026-08-18T16:13:48.533924,true
eleve_gen_01421@gen.local,Élève,Généré 1421,,LYCEEN,BAC_1,Établissement Maritime,2026-08-18T16:13:48.533924,true
eleve_gen_01422@gen.local,Élève,Généré 1422,,LYCEEN,BAC_1,Établissement Centrale,2026-08-18T16:13:48.533924,true
eleve_gen_01423@gen.local,Élève,Généré 1423,,LYCEEN,BAC_1,Établissement Plateaux Ouest,2026-08-18T16:13:48.533924,true
eleve_gen_01424@gen.local,Élève,Généré 1424,,LYCEEN,BAC_1,Établissement Plateaux Est,2026-08-18T16:13:48.533924,true
eleve_gen_01425@gen.local,Élève,Généré 1425,,LYCEEN,BAC_1,Établissement Grand Lomé,2026-08-18T16:13:48.533924,true
eleve_gen_01426@gen.local,Élève,Généré 1426,,LYCEEN,BAC_1,Établissement Centrale,2026-08-18T16:13:48.533924,true
eleve_gen_01427@gen.local,Élève,Généré 1427,,LYCEEN,BAC_1,Établissement Grand Lomé,2026-08-18T16:13:48.533924,true
eleve_gen_01428@gen.local,Élève,Généré 1428,,LYCEEN,BAC_1,Établissement Grand Lomé,2026-08-18T16:13:48.533924,true
eleve_gen_01429@gen.local,Élève,Généré 1429,,LYCEEN,BAC_1,Établissement Grand Lomé,2026-08-18T16:13:48.533924,true
eleve_gen_01430@gen.local,Élève,Généré 1430,,LYCEEN,BAC_1,Établissement Grand Lomé,2026-08-18T16:13:48.533924,true
eleve_gen_01431@gen.local,Élève,Généré 1431,,LYCEEN,BAC_1,Établissement Plateaux Ouest,2026-08-18T16:13:48.533924,true
eleve_gen_01432@gen.local,Élève,Généré 1432,,LYCEEN,BAC_1,Établissement Maritime,2026-08-18T16:13:48.533924,true
eleve_gen_01433@gen.local,Élève,Généré 1433,,LYCEEN,BAC_1,Établissement Grand Lomé,2026-08-18T16:13:48.533924,true
eleve_gen_01434@gen.local,Élève,Généré 1434,,LYCEEN,BAC_1,Établissement Grand Lomé,2026-08-18T16:13:48.533924,true
eleve_gen_01435@gen.local,Élève,Généré 1435,,LYCEEN,BAC_1,Établissement Plateaux Est,2026-08-18T16:13:48.533924,true
eleve_gen_01436@gen.local,Élève,Généré 1436,,LYCEEN,BAC_1,Établissement Grand Lomé,2026-08-18T16:13:48.533924,true
eleve_gen_01437@gen.local,Élève,Généré 1437,,LYCEEN,BAC_1,Établissement Kara,2026-08-18T16:13:48.533924,true
eleve_gen_01438@gen.local,Élève,Généré 1438,,LYCEEN,BAC_1,Établissement Plateaux Est,2026-08-18T16:13:48.533924,true
eleve_gen_01439@gen.local,Élève,Généré 1439,,LYCEEN,BAC_1,Établissement Savanes,2026-08-18T16:13:48.533924,true
eleve_gen_01440@gen.local,Élève,Généré 1440,,LYCEEN,BAC_1,Établissement Maritime,2026-08-18T16:13:48.533924,true
eleve_gen_01441@gen.local,Élève,Généré 1441,,LYCEEN,BAC_1,Établissement Centrale,2026-08-18T16:13:48.533924,true
eleve_gen_01442@gen.local,Élève,Généré 1442,,LYCEEN,BAC_1,Établissement Grand Lomé,2026-08-18T16:13:48.533924,true
eleve_gen_01443@gen.local,Élève,Généré 1443,,LYCEEN,BAC_1,Établissement Grand Lomé,2026-08-18T16:13:48.533924,true
eleve_gen_01444@gen.local,Élève,Généré 1444,,LYCEEN,BAC_1,Établissement Maritime,2026-08-18T16:13:48.533924,true
eleve_gen_01445@gen.local,Élève,Généré 1445,,LYCEEN,BAC_1,Établissement Grand Lomé,2026-08-18T16:13:48.533924,true
eleve_gen_01446@gen.local,Élève,Généré 1446,,LYCEEN,BAC_1,Établissement Savanes,2026-08-18T16:13:48.533924,true
eleve_gen_01447@gen.local,Élève,Généré 1447,,LYCEEN,BAC_1,Établissement Maritime,2026-08-18T16:13:48.533924,true
eleve_gen_01448@gen.local,Élève,Généré 1448,,LYCEEN,BAC_1,Établissement Centrale,2026-08-18T16:13:48.533924,true
eleve_gen_01449@gen.local,Élève,Généré 1449,,LYCEEN,BAC_1,Établissement Grand Lomé,2026-08-18T16:13:48.533924,true
eleve_gen_01450@gen.local,Élève,Généré 1450,,LYCEEN,BAC_1,Établissement Plateaux Est,2026-08-18T16:13:48.533924,true
eleve_gen_01451@gen.local,Élève,Généré 1451,,LYCEEN,BAC_1,Établissement Maritime,2026-08-18T16:13:48.533924,true
eleve_gen_01452@gen.local,Élève,Généré 1452,,LYCEEN,BAC_1,Établissement Plateaux Est,2026-08-18T16:13:48.533924,true
eleve_gen_01453@gen.local,Élève,Généré 1453,,LYCEEN,BAC_1,Établissement Maritime,2026-08-18T16:13:48.533924,true
eleve_gen_01454@gen.local,Élève,Généré 1454,,LYCEEN,BAC_1,Établissement Centrale,2026-08-18T16:13:48.533924,true
eleve_gen_01455@gen.local,Élève,Généré 1455,,LYCEEN,BAC_1,Établissement Savanes,2026-08-18T16:13:48.533924,true
eleve_gen_01456@gen.local,Élève,Généré 1456,,LYCEEN,BAC_1,Établissement Maritime,2026-08-18T16:13:48.533924,true
eleve_gen_01457@gen.local,Élève,Généré 1457,,LYCEEN,BAC_1,Établissement Maritime,2026-08-18T16:13:48.533924,true
eleve_gen_01458@gen.local,Élève,Généré 1458,,LYCEEN,BAC_1,Établissement Grand Lomé,2026-08-18T16:13:48.533924,true
eleve_gen_01459@gen.local,Élève,Généré 1459,,LYCEEN,BAC_1,Établissement Kara,2026-08-18T16:13:48.533924,true
eleve_gen_01460@gen.local,Élève,Généré 1460,,LYCEEN,BAC_1,Établissement Maritime,2026-08-18T16:13:48.533924,true
eleve_gen_01461@gen.local,Élève,Généré 1461,,LYCEEN,BAC_1,Établissement Plateaux Est,2026-08-18T16:13:48.533924,true
eleve_gen_01462@gen.local,Élève,Généré 1462,,LYCEEN,BAC_1,Établissement Maritime,2026-08-18T16:13:48.533924,true
eleve_gen_01463@gen.local,Élève,Généré 1463,,LYCEEN,BAC_1,Établissement Plateaux Est,2026-08-18T16:13:48.533924,true
eleve_gen_01464@gen.local,Élève,Généré 1464,,LYCEEN,BAC_1,Établissement Maritime,2026-08-18T16:13:48.533924,true
eleve_gen_01465@gen.local,Élève,Généré 1465,,LYCEEN,BAC_1,Établissement Grand Lomé,2026-08-18T16:13:48.533924,true
eleve_gen_01466@gen.local,Élève,Généré 1466,,LYCEEN,BAC_1,Établissement Grand Lomé,2026-08-18T16:13:48.533924,true
eleve_gen_01467@gen.local,Élève,Généré 1467,,LYCEEN,BAC_1,Établissement Grand Lomé,2026-08-18T16:13:48.533924,true
eleve_gen_01468@gen.local,Élève,Généré 1468,,LYCEEN,BAC_1,Établissement Savanes,2026-08-18T16:13:48.533924,true
eleve_gen_01469@gen.local,Élève,Généré 1469,,LYCEEN,BAC_1,Établissement Grand Lomé,2026-08-18T16:13:48.533924,true
eleve_gen_01470@gen.local,Élève,Généré 1470,,LYCEEN,BAC_1,Établissement Savanes,2026-08-18T16:13:48.533924,true
eleve_gen_01471@gen.local,Élève,Généré 1471,,LYCEEN,BAC_1,Établissement Grand Lomé,2026-08-18T16:13:48.533924,true
eleve_gen_01472@gen.local,Élève,Généré 1472,,LYCEEN,BAC_1,Établissement Plateaux Ouest,2026-08-18T16:13:48.533924,true
eleve_gen_01473@gen.local,Élève,Généré 1473,,LYCEEN,BAC_1,Établissement Plateaux Est,2026-08-18T16:13:48.533924,true
eleve_gen_01474@gen.local,Élève,Généré 1474,,LYCEEN,BAC_1,Établissement Savanes,2026-08-18T16:13:48.533924,true
eleve_gen_01475@gen.local,Élève,Généré 1475,,LYCEEN,BAC_1,Établissement Grand Lomé,2026-08-18T16:13:48.533924,true
eleve_gen_01476@gen.local,Élève,Généré 1476,,LYCEEN,BAC_1,Établissement Plateaux Est,2026-08-18T16:13:48.533924,true
eleve_gen_01477@gen.local,Élève,Généré 1477,,LYCEEN,BAC_1,Établissement Kara,2026-08-18T16:13:48.533924,true
eleve_gen_01478@gen.local,Élève,Généré 1478,,LYCEEN,BAC_1,Établissement Savanes,2026-08-18T16:13:48.533924,true
eleve_gen_01479@gen.local,Élève,Généré 1479,,LYCEEN,BAC_1,Établissement Grand Lomé,2026-08-18T16:13:48.533924,true
eleve_gen_01480@gen.local,Élève,Généré 1480,,LYCEEN,BAC_1,Établissement Centrale,2026-08-18T16:13:48.533924,true
eleve_gen_01481@gen.local,Élève,Généré 1481,,LYCEEN,BAC_1,Établissement Plateaux Ouest,2026-08-18T16:13:48.533924,true
eleve_gen_01482@gen.local,Élève,Généré 1482,,LYCEEN,BAC_1,Établissement Centrale,2026-08-18T16:13:48.533924,true
eleve_gen_01483@gen.local,Élève,Généré 1483,,LYCEEN,BAC_1,Établissement Grand Lomé,2026-08-18T16:13:48.533924,true
eleve_gen_01484@gen.local,Élève,Généré 1484,,LYCEEN,BAC_1,Établissement Plateaux Ouest,2026-08-18T16:13:48.533924,true
eleve_gen_01485@gen.local,Élève,Généré 1485,,LYCEEN,BAC_1,Établissement Maritime,2026-08-18T16:13:48.533924,true
eleve_gen_01486@gen.local,Élève,Généré 1486,,LYCEEN,BAC_1,Établissement Plateaux Ouest,2026-08-18T16:13:48.533924,true
eleve_gen_01487@gen.local,Élève,Généré 1487,,LYCEEN,BAC_1,Établissement Centrale,2026-08-18T16:13:48.533924,true
eleve_gen_01488@gen.local,Élève,Généré 1488,,LYCEEN,BAC_1,Établissement Kara,2026-08-18T16:13:48.533924,true
eleve_gen_01489@gen.local,Élève,Généré 1489,,LYCEEN,BAC_1,Établissement Grand Lomé,2026-08-18T16:13:48.533924,true
eleve_gen_01490@gen.local,Élève,Généré 1490,,LYCEEN,BAC_1,Établissement Plateaux Est,2026-08-18T16:13:48.533924,true
eleve_gen_01491@gen.local,Élève,Généré 1491,,LYCEEN,BAC_1,Établissement Grand Lomé,2026-08-18T16:13:48.533924,true
eleve_gen_01492@gen.local,Élève,Généré 1492,,LYCEEN,BAC_1,Établissement Plateaux Ouest,2026-08-18T16:13:48.533924,true
eleve_gen_01493@gen.local,Élève,Généré 1493,,LYCEEN,BAC_1,Établissement Grand Lomé,2026-08-18T16:13:48.533924,true
eleve_gen_01494@gen.local,Élève,Généré 1494,,LYCEEN,BAC_1,Établissement Centrale,2026-08-18T16:13:48.533924,true
eleve_gen_01495@gen.local,Élève,Généré 1495,,LYCEEN,BAC_1,Établissement Plateaux Est,2026-08-18T16:13:48.533924,true
eleve_gen_01496@gen.local,Élève,Généré 1496,,LYCEEN,BAC_1,Établissement Maritime,2026-08-18T16:13:48.533924,true
eleve_gen_01497@gen.local,Élève,Généré 1497,,LYCEEN,BAC_1,Établissement Maritime,2026-08-18T16:13:48.533924,true
eleve_gen_01498@gen.local,Élève,Généré 1498,,LYCEEN,BAC_1,Établissement Centrale,2026-08-18T16:13:48.533924,true
eleve_gen_01499@gen.local,Élève,Généré 1499,,LYCEEN,BAC_1,Établissement Maritime,2026-08-18T16:13:48.533924,true
eleve_gen_01500@gen.local,Élève,Généré 1500,,LYCEEN,BAC_1,Établissement Grand Lomé,2026-08-18T16:13:48.533924,true
eleve_gen_01501@gen.local,Élève,Généré 1501,,LYCEEN,BAC_1,Établissement Plateaux Ouest,2026-08-18T16:13:48.533924,true
eleve_gen_01502@gen.local,Élève,Généré 1502,,LYCEEN,BAC_1,Établissement Grand Lomé,2026-08-18T16:13:48.533924,true
eleve_gen_01503@gen.local,Élève,Généré 1503,,LYCEEN,BAC_1,Établissement Plateaux Est,2026-08-18T16:13:48.533924,true
eleve_gen_01504@gen.local,Élève,Généré 1504,,LYCEEN,BAC_1,Établissement Grand Lomé,2026-08-18T16:13:48.533924,true
eleve_gen_01505@gen.local,Élève,Généré 1505,,LYCEEN,BAC_1,Établissement Maritime,2026-08-18T16:13:48.533924,true
eleve_gen_01506@gen.local,Élève,Généré 1506,,LYCEEN,BAC_1,Établissement Plateaux Ouest,2026-08-18T16:13:48.533924,true
eleve_gen_01507@gen.local,Élève,Généré 1507,,LYCEEN,BAC_1,Établissement Plateaux Est,2026-08-18T16:13:48.533924,true
eleve_gen_01508@gen.local,Élève,Généré 1508,,LYCEEN,BAC_1,Établissement Plateaux Ouest,2026-08-18T16:13:48.533924,true
eleve_gen_01509@gen.local,Élève,Généré 1509,,LYCEEN,BAC_1,Établissement Grand Lomé,2026-08-18T16:13:48.533924,true
eleve_gen_01510@gen.local,Élève,Généré 1510,,LYCEEN,BAC_1,Établissement Grand Lomé,2026-08-18T16:13:48.533924,true
eleve_gen_01511@gen.local,Élève,Généré 1511,,LYCEEN,BAC_1,Établissement Grand Lomé,2026-08-18T16:13:48.533924,true
eleve_gen_01512@gen.local,Élève,Généré 1512,,LYCEEN,BAC_1,Établissement Maritime,2026-08-18T16:13:48.533924,true
eleve_gen_01513@gen.local,Élève,Généré 1513,,LYCEEN,BAC_1,Établissement Maritime,2026-08-18T16:13:48.533924,true
eleve_gen_01514@gen.local,Élève,Généré 1514,,LYCEEN,BAC_1,Établissement Centrale,2026-08-18T16:13:48.533924,true
eleve_gen_01515@gen.local,Élève,Généré 1515,,LYCEEN,BAC_1,Établissement Grand Lomé,2026-08-18T16:13:48.533924,true
eleve_gen_01516@gen.local,Élève,Généré 1516,,LYCEEN,BAC_1,Établissement Maritime,2026-08-18T16:13:48.533924,true
eleve_gen_01517@gen.local,Élève,Généré 1517,,LYCEEN,BAC_1,Établissement Plateaux Ouest,2026-08-18T16:13:48.533924,true
eleve_gen_01518@gen.local,Élève,Généré 1518,,LYCEEN,BAC_1,Établissement Maritime,2026-08-18T16:13:48.533924,true
eleve_gen_01519@gen.local,Élève,Généré 1519,,LYCEEN,BAC_1,Établissement Plateaux Est,2026-08-18T16:13:48.533924,true
eleve_gen_01520@gen.local,Élève,Généré 1520,,LYCEEN,BAC_1,Établissement Plateaux Ouest,2026-08-18T16:13:48.533924,true
eleve_gen_01521@gen.local,Élève,Généré 1521,,LYCEEN,BAC_1,Établissement Centrale,2026-08-18T16:13:48.533924,true
eleve_gen_01522@gen.local,Élève,Généré 1522,,LYCEEN,BAC_1,Établissement Plateaux Ouest,2026-08-18T16:13:48.533924,true
eleve_gen_01523@gen.local,Élève,Généré 1523,,LYCEEN,BAC_1,Établissement Maritime,2026-08-18T16:13:48.533924,true
eleve_gen_01524@gen.local,Élève,Généré 1524,,LYCEEN,BAC_1,Établissement Maritime,2026-08-18T16:13:48.533924,true
eleve_gen_01525@gen.local,Élève,Généré 1525,,LYCEEN,BAC_1,Établissement Plateaux Est,2026-08-18T16:13:48.533924,true
eleve_gen_01526@gen.local,Élève,Généré 1526,,LYCEEN,BAC_1,Établissement Grand Lomé,2026-08-18T16:13:48.533924,true
eleve_gen_01527@gen.local,Élève,Généré 1527,,LYCEEN,BAC_1,Établissement Grand Lomé,2026-08-18T16:13:48.533924,true
eleve_gen_01528@gen.local,Élève,Généré 1528,,LYCEEN,BAC_1,Établissement Maritime,2026-08-18T16:13:48.533924,true
eleve_gen_01529@gen.local,Élève,Généré 1529,,LYCEEN,BAC_1,Établissement Kara,2026-08-18T16:13:48.533924,true
eleve_gen_01530@gen.local,Élève,Généré 1530,,LYCEEN,BAC_1,Établissement Plateaux Est,2026-08-18T16:13:48.533924,true
eleve_gen_01531@gen.local,Élève,Généré 1531,,LYCEEN,BAC_1,Établissement Maritime,2026-08-18T16:13:48.533924,true
eleve_gen_01532@gen.local,Élève,Généré 1532,,LYCEEN,BAC_1,Établissement Savanes,2026-08-18T16:13:48.533924,true
eleve_gen_01533@gen.local,Élève,Généré 1533,,LYCEEN,BAC_1,Établissement Centrale,2026-08-18T16:13:48.533924,true
eleve_gen_01534@gen.local,Élève,Généré 1534,,LYCEEN,BAC_1,Établissement Maritime,2026-08-18T16:13:48.533924,true
eleve_gen_01535@gen.local,Élève,Généré 1535,,LYCEEN,BAC_1,Établissement Grand Lomé,2026-08-18T16:13:48.533924,true
eleve_gen_01536@gen.local,Élève,Généré 1536,,LYCEEN,BAC_1,Établissement Kara,2026-08-18T16:13:48.533924,true
eleve_gen_01537@gen.local,Élève,Généré 1537,,LYCEEN,BAC_1,Établissement Maritime,2026-08-18T16:13:48.533924,true
eleve_gen_01538@gen.local,Élève,Généré 1538,,LYCEEN,BAC_1,Établissement Maritime,2026-08-18T16:13:48.533924,true
eleve_gen_01539@gen.local,Élève,Généré 1539,,LYCEEN,BAC_1,Établissement Plateaux Ouest,2026-08-18T16:13:48.533924,true
eleve_gen_01540@gen.local,Élève,Généré 1540,,LYCEEN,BAC_1,Établissement Grand Lomé,2026-08-18T16:13:48.533924,true
eleve_gen_01541@gen.local,Élève,Généré 1541,,LYCEEN,BAC_1,Établissement Grand Lomé,2026-08-18T16:13:48.533924,true
eleve_gen_01542@gen.local,Élève,Généré 1542,,LYCEEN,BAC_1,Établissement Kara,2026-08-18T16:13:48.533924,true
eleve_gen_01543@gen.local,Élève,Généré 1543,,LYCEEN,BAC_1,Établissement Plateaux Ouest,2026-08-18T16:13:48.533924,true
eleve_gen_01544@gen.local,Élève,Généré 1544,,LYCEEN,BAC_1,Établissement Centrale,2026-08-18T16:13:48.533924,true
eleve_gen_01545@gen.local,Élève,Généré 1545,,LYCEEN,BAC_1,Établissement Plateaux Est,2026-08-18T16:13:48.533924,true
eleve_gen_01546@gen.local,Élève,Généré 1546,,LYCEEN,BAC_1,Établissement Plateaux Ouest,2026-08-18T16:13:48.533924,true
eleve_gen_01547@gen.local,Élève,Généré 1547,,LYCEEN,BAC_1,Établissement Savanes,2026-08-18T16:13:48.533924,true
eleve_gen_01548@gen.local,Élève,Généré 1548,,LYCEEN,BAC_1,Établissement Plateaux Ouest,2026-08-18T16:13:48.533924,true
eleve_gen_01549@gen.local,Élève,Généré 1549,,LYCEEN,BAC_1,Établissement Plateaux Est,2026-08-18T16:13:48.533924,true
eleve_gen_01550@gen.local,Élève,Généré 1550,,LYCEEN,BAC_1,Établissement Plateaux Est,2026-08-18T16:13:48.533924,true
eleve_gen_01551@gen.local,Élève,Généré 1551,,LYCEEN,BAC_1,Établissement Grand Lomé,2026-08-18T16:13:48.533924,true
eleve_gen_01552@gen.local,Élève,Généré 1552,,LYCEEN,BAC_1,Établissement Kara,2026-08-18T16:13:48.533924,true
eleve_gen_01553@gen.local,Élève,Généré 1553,,LYCEEN,BAC_1,Établissement Maritime,2026-08-18T16:13:48.533924,true
eleve_gen_01554@gen.local,Élève,Généré 1554,,LYCEEN,BAC_1,Établissement Plateaux Est,2026-08-18T16:13:48.533924,true
eleve_gen_01555@gen.local,Élève,Généré 1555,,LYCEEN,BAC_1,Établissement Plateaux Ouest,2026-08-18T16:13:48.533924,true
eleve_gen_01556@gen.local,Élève,Généré 1556,,LYCEEN,BAC_1,Établissement Plateaux Ouest,2026-08-18T16:13:48.533924,true
eleve_gen_01557@gen.local,Élève,Généré 1557,,LYCEEN,BAC_1,Établissement Plateaux Ouest,2026-08-18T16:13:48.533924,true
eleve_gen_01558@gen.local,Élève,Généré 1558,,LYCEEN,BAC_1,Établissement Grand Lomé,2026-08-18T16:13:48.533924,true
eleve_gen_01559@gen.local,Élève,Généré 1559,,LYCEEN,BAC_1,Établissement Centrale,2026-08-18T16:13:48.533924,true
eleve_gen_01560@gen.local,Élève,Généré 1560,,LYCEEN,BAC_1,Établissement Plateaux Ouest,2026-08-18T16:13:48.533924,true
eleve_gen_01561@gen.local,Élève,Généré 1561,,LYCEEN,BAC_1,Établissement Grand Lomé,2026-08-18T16:13:48.533924,true
eleve_gen_01562@gen.local,Élève,Généré 1562,,LYCEEN,BAC_1,Établissement Savanes,2026-08-18T16:13:48.533924,true
eleve_gen_01563@gen.local,Élève,Généré 1563,,LYCEEN,BAC_1,Établissement Centrale,2026-08-18T16:13:48.533924,true
eleve_gen_01564@gen.local,Élève,Généré 1564,,LYCEEN,BAC_1,Établissement Grand Lomé,2026-08-18T16:13:48.533924,true
eleve_gen_01565@gen.local,Élève,Généré 1565,,LYCEEN,BAC_1,Établissement Grand Lomé,2026-08-18T16:13:48.533924,true
eleve_gen_01566@gen.local,Élève,Généré 1566,,LYCEEN,BAC_1,Établissement Plateaux Ouest,2026-08-18T16:13:48.533924,true
eleve_gen_01567@gen.local,Élève,Généré 1567,,LYCEEN,BAC_1,Établissement Kara,2026-08-18T16:13:48.533924,true
eleve_gen_01568@gen.local,Élève,Généré 1568,,LYCEEN,BAC_1,Établissement Maritime,2026-08-18T16:13:48.533924,true
eleve_gen_01569@gen.local,Élève,Généré 1569,,LYCEEN,BAC_1,Établissement Centrale,2026-08-18T16:13:48.533924,true
eleve_gen_01570@gen.local,Élève,Généré 1570,,LYCEEN,BAC_1,Établissement Maritime,2026-08-18T16:13:48.533924,true
eleve_gen_01571@gen.local,Élève,Généré 1571,,LYCEEN,BAC_1,Établissement Maritime,2026-08-18T16:13:48.533924,true
eleve_gen_01572@gen.local,Élève,Généré 1572,,LYCEEN,BAC_1,Établissement Maritime,2026-08-18T16:13:48.533924,true
eleve_gen_01573@gen.local,Élève,Généré 1573,,LYCEEN,BAC_1,Établissement Grand Lomé,2026-08-18T16:13:48.533924,true
eleve_gen_01574@gen.local,Élève,Généré 1574,,LYCEEN,BAC_1,Établissement Plateaux Est,2026-08-18T16:13:48.533924,true
eleve_gen_01575@gen.local,Élève,Généré 1575,,LYCEEN,BAC_1,Établissement Plateaux Ouest,2026-08-18T16:13:48.533924,true
eleve_gen_01576@gen.local,Élève,Généré 1576,,LYCEEN,BAC_1,Établissement Maritime,2026-08-18T16:13:48.533924,true
eleve_gen_01577@gen.local,Élève,Généré 1577,,LYCEEN,BAC_1,Établissement Maritime,2026-08-18T16:13:48.533924,true
eleve_gen_01578@gen.local,Élève,Généré 1578,,LYCEEN,BAC_1,Établissement Savanes,2026-08-18T16:13:48.533924,true
eleve_gen_01579@gen.local,Élève,Généré 1579,,LYCEEN,BAC_1,Établissement Grand Lomé,2026-08-18T16:13:48.533924,true
eleve_gen_01580@gen.local,Élève,Généré 1580,,LYCEEN,BAC_1,Établissement Maritime,2026-08-18T16:13:48.533924,true
eleve_gen_01581@gen.local,Élève,Généré 1581,,LYCEEN,BAC_1,Établissement Maritime,2026-08-18T16:13:48.533924,true
eleve_gen_01582@gen.local,Élève,Généré 1582,,LYCEEN,BAC_1,Établissement Plateaux Est,2026-08-18T16:13:48.533924,true
eleve_gen_01583@gen.local,Élève,Généré 1583,,LYCEEN,BAC_1,Établissement Grand Lomé,2026-08-18T16:13:48.533924,true
eleve_gen_01584@gen.local,Élève,Généré 1584,,LYCEEN,BAC_1,Établissement Savanes,2026-08-18T16:13:48.533924,true
eleve_gen_01585@gen.local,Élève,Généré 1585,,LYCEEN,BAC_1,Établissement Savanes,2026-08-18T16:13:48.533924,true
eleve_gen_01586@gen.local,Élève,Généré 1586,,LYCEEN,BAC_1,Établissement Maritime,2026-08-18T16:13:48.533924,true
eleve_gen_01587@gen.local,Élève,Généré 1587,,LYCEEN,BAC_1,Établissement Centrale,2026-08-18T16:13:48.533924,true
eleve_gen_01588@gen.local,Élève,Généré 1588,,LYCEEN,BAC_1,Établissement Maritime,2026-08-18T16:13:48.533924,true
eleve_gen_01589@gen.local,Élève,Généré 1589,,LYCEEN,BAC_1,Établissement Grand Lomé,2026-08-18T16:13:48.533924,true
eleve_gen_01590@gen.local,Élève,Généré 1590,,LYCEEN,BAC_1,Établissement Savanes,2026-08-18T16:13:48.533924,true
eleve_gen_01591@gen.local,Élève,Généré 1591,,LYCEEN,BAC_1,Établissement Maritime,2026-08-18T16:13:48.533924,true
eleve_gen_01592@gen.local,Élève,Généré 1592,,LYCEEN,BAC_1,Établissement Savanes,2026-08-18T16:13:48.533924,true
eleve_gen_01593@gen.local,Élève,Généré 1593,,LYCEEN,BAC_1,Établissement Maritime,2026-08-18T16:13:48.533924,true
eleve_gen_01594@gen.local,Élève,Généré 1594,,LYCEEN,BAC_1,Établissement Grand Lomé,2026-08-18T16:13:48.533924,true
eleve_gen_01595@gen.local,Élève,Généré 1595,,LYCEEN,BAC_1,Établissement Plateaux Est,2026-08-18T16:13:48.533924,true
eleve_gen_01596@gen.local,Élève,Généré 1596,,LYCEEN,BAC_1,Établissement Plateaux Ouest,2026-08-18T16:13:48.533924,true
eleve_gen_01597@gen.local,Élève,Généré 1597,,LYCEEN,BAC_1,Établissement Centrale,2026-08-18T16:13:48.533924,true
eleve_gen_01598@gen.local,Élève,Généré 1598,,LYCEEN,BAC_1,Établissement Maritime,2026-08-18T16:13:48.533924,true
eleve_gen_01599@gen.local,Élève,Généré 1599,,LYCEEN,BAC_1,Établissement Kara,2026-08-18T16:13:48.533924,true
eleve_gen_01600@gen.local,Élève,Généré 1600,,LYCEEN,BAC_1,Établissement Grand Lomé,2026-08-18T16:13:48.533924,true
eleve_gen_01601@gen.local,Élève,Généré 1601,,LYCEEN,BAC_1,Établissement Grand Lomé,2026-08-18T16:13:48.533924,true
eleve_gen_01602@gen.local,Élève,Généré 1602,,LYCEEN,BAC_1,Établissement Savanes,2026-08-18T16:13:48.533924,true
eleve_gen_01603@gen.local,Élève,Généré 1603,,LYCEEN,BAC_1,Établissement Savanes,2026-08-18T16:13:48.533924,true
eleve_gen_01604@gen.local,Élève,Généré 1604,,LYCEEN,BAC_1,Établissement Grand Lomé,2026-08-18T16:13:48.533924,true
eleve_gen_01605@gen.local,Élève,Généré 1605,,LYCEEN,BAC_1,Établissement Grand Lomé,2026-08-18T16:13:48.533924,true
eleve_gen_01606@gen.local,Élève,Généré 1606,,LYCEEN,BAC_1,Établissement Maritime,2026-08-18T16:13:48.533924,true
eleve_gen_01607@gen.local,Élève,Généré 1607,,LYCEEN,BAC_1,Établissement Plateaux Est,2026-08-18T16:13:48.533924,true
eleve_gen_01608@gen.local,Élève,Généré 1608,,LYCEEN,BAC_1,Établissement Maritime,2026-08-18T16:13:48.533924,true
eleve_gen_01609@gen.local,Élève,Généré 1609,,LYCEEN,BAC_1,Établissement Grand Lomé,2026-08-18T16:13:48.533924,true
eleve_gen_01610@gen.local,Élève,Généré 1610,,LYCEEN,BAC_1,Établissement Centrale,2026-08-18T16:13:48.533924,true
eleve_gen_01611@gen.local,Élève,Généré 1611,,LYCEEN,BAC_1,Établissement Centrale,2026-08-18T16:13:48.533924,true
eleve_gen_01612@gen.local,Élève,Généré 1612,,LYCEEN,BAC_1,Établissement Kara,2026-08-18T16:13:48.533924,true
eleve_gen_01613@gen.local,Élève,Généré 1613,,LYCEEN,BAC_1,Établissement Savanes,2026-08-18T16:13:48.533924,true
eleve_gen_01614@gen.local,Élève,Généré 1614,,LYCEEN,BAC_1,Établissement Centrale,2026-08-18T16:13:48.533924,true
eleve_gen_01615@gen.local,Élève,Généré 1615,,LYCEEN,BAC_1,Établissement Grand Lomé,2026-08-18T16:13:48.533924,true
eleve_gen_01616@gen.local,Élève,Généré 1616,,LYCEEN,BAC_1,Établissement Grand Lomé,2026-08-18T16:13:48.533924,true
eleve_gen_01617@gen.local,Élève,Généré 1617,,LYCEEN,BAC_1,Établissement Grand Lomé,2026-08-18T16:13:48.533924,true
eleve_gen_01618@gen.local,Élève,Généré 1618,,LYCEEN,BAC_1,Établissement Grand Lomé,2026-08-18T16:13:48.533924,true
eleve_gen_01619@gen.local,Élève,Généré 1619,,LYCEEN,BAC_1,Établissement Plateaux Ouest,2026-08-18T16:13:48.533924,true
eleve_gen_01620@gen.local,Élève,Généré 1620,,LYCEEN,BAC_1,Établissement Centrale,2026-08-18T16:13:48.533924,true
eleve_gen_01621@gen.local,Élève,Généré 1621,,LYCEEN,BAC_1,Établissement Plateaux Ouest,2026-08-18T16:13:48.533924,true
eleve_gen_01622@gen.local,Élève,Généré 1622,,LYCEEN,BAC_1,Établissement Maritime,2026-08-18T16:13:48.533924,true
eleve_gen_01623@gen.local,Élève,Généré 1623,,LYCEEN,BAC_1,Établissement Savanes,2026-08-18T16:13:48.533924,true
eleve_gen_01624@gen.local,Élève,Généré 1624,,LYCEEN,BAC_1,Établissement Plateaux Ouest,2026-08-18T16:13:48.533924,true
eleve_gen_01625@gen.local,Élève,Généré 1625,,LYCEEN,BAC_1,Établissement Grand Lomé,2026-08-18T16:13:48.533924,true
eleve_gen_01626@gen.local,Élève,Généré 1626,,LYCEEN,BAC_1,Établissement Grand Lomé,2026-08-18T16:13:48.533924,true
eleve_gen_01627@gen.local,Élève,Généré 1627,,LYCEEN,BAC_1,Établissement Grand Lomé,2026-08-18T16:13:48.533924,true
eleve_gen_01628@gen.local,Élève,Généré 1628,,LYCEEN,BAC_1,Établissement Kara,2026-08-18T16:13:48.533924,true
eleve_gen_01629@gen.local,Élève,Généré 1629,,LYCEEN,BAC_1,Établissement Plateaux Ouest,2026-08-18T16:13:48.533924,true
eleve_gen_01630@gen.local,Élève,Généré 1630,,LYCEEN,BAC_1,Établissement Grand Lomé,2026-08-18T16:13:48.533924,true
eleve_gen_01631@gen.local,Élève,Généré 1631,,LYCEEN,BAC_1,Établissement Grand Lomé,2026-08-18T16:13:48.533924,true
eleve_gen_01632@gen.local,Élève,Généré 1632,,LYCEEN,BAC_1,Établissement Maritime,2026-08-18T16:13:48.533924,true
eleve_gen_01633@gen.local,Élève,Généré 1633,,LYCEEN,BAC_1,Établissement Kara,2026-08-18T16:13:48.533924,true
eleve_gen_01634@gen.local,Élève,Généré 1634,,LYCEEN,BAC_1,Établissement Grand Lomé,2026-08-18T16:13:48.533924,true
eleve_gen_01635@gen.local,Élève,Généré 1635,,LYCEEN,BAC_1,Établissement Maritime,2026-08-18T16:13:48.533924,true
eleve_gen_01636@gen.local,Élève,Généré 1636,,LYCEEN,BAC_1,Établissement Plateaux Est,2026-08-18T16:13:48.533924,true
eleve_gen_01637@gen.local,Élève,Généré 1637,,LYCEEN,BAC_1,Établissement Kara,2026-08-18T16:13:48.533924,true
eleve_gen_01638@gen.local,Élève,Généré 1638,,LYCEEN,BAC_1,Établissement Maritime,2026-08-18T16:13:48.533924,true
eleve_gen_01639@gen.local,Élève,Généré 1639,,LYCEEN,BAC_1,Établissement Savanes,2026-08-18T16:13:48.533924,true
eleve_gen_01640@gen.local,Élève,Généré 1640,,LYCEEN,BAC_1,Établissement Maritime,2026-08-18T16:13:48.533924,true
eleve_gen_01641@gen.local,Élève,Généré 1641,,LYCEEN,BAC_1,Établissement Centrale,2026-08-18T16:13:48.533924,true
eleve_gen_01642@gen.local,Élève,Généré 1642,,LYCEEN,BAC_1,Établissement Plateaux Ouest,2026-08-18T16:13:48.533924,true
eleve_gen_01643@gen.local,Élève,Généré 1643,,LYCEEN,BAC_1,Établissement Plateaux Est,2026-08-18T16:13:48.533924,true
eleve_gen_01644@gen.local,Élève,Généré 1644,,LYCEEN,BAC_1,Établissement Plateaux Est,2026-08-18T16:13:48.533924,true
eleve_gen_01645@gen.local,Élève,Généré 1645,,LYCEEN,BAC_1,Établissement Maritime,2026-08-18T16:13:48.533924,true
eleve_gen_01646@gen.local,Élève,Généré 1646,,LYCEEN,BAC_1,Établissement Plateaux Ouest,2026-08-18T16:13:48.533924,true
eleve_gen_01647@gen.local,Élève,Généré 1647,,LYCEEN,BAC_1,Établissement Plateaux Ouest,2026-08-18T16:13:48.533924,true
eleve_gen_01648@gen.local,Élève,Généré 1648,,LYCEEN,BAC_1,Établissement Kara,2026-08-18T16:13:48.533924,true
eleve_gen_01649@gen.local,Élève,Généré 1649,,LYCEEN,BAC_1,Établissement Maritime,2026-08-18T16:13:48.533924,true
eleve_gen_01650@gen.local,Élève,Généré 1650,,LYCEEN,BAC_1,Établissement Maritime,2026-08-18T16:13:48.533924,true
eleve_gen_01651@gen.local,Élève,Généré 1651,,LYCEEN,BAC_1,Établissement Plateaux Ouest,2026-08-18T16:13:48.533924,true
eleve_gen_01652@gen.local,Élève,Généré 1652,,LYCEEN,BAC_1,Établissement Plateaux Ouest,2026-08-18T16:13:48.533924,true
eleve_gen_01653@gen.local,Élève,Généré 1653,,LYCEEN,BAC_1,Établissement Plateaux Est,2026-08-18T16:13:48.533924,true
eleve_gen_01654@gen.local,Élève,Généré 1654,,LYCEEN,BAC_1,Établissement Centrale,2026-08-18T16:13:48.533924,true
eleve_gen_01655@gen.local,Élève,Généré 1655,,LYCEEN,BAC_1,Établissement Grand Lomé,2026-08-18T16:13:48.533924,true
eleve_gen_01656@gen.local,Élève,Généré 1656,,LYCEEN,BAC_1,Établissement Grand Lomé,2026-08-18T16:13:48.533924,true
eleve_gen_01657@gen.local,Élève,Généré 1657,,LYCEEN,BAC_1,Établissement Kara,2026-08-18T16:13:48.533924,true
eleve_gen_01658@gen.local,Élève,Généré 1658,,LYCEEN,BAC_1,Établissement Savanes,2026-08-18T16:13:48.533924,true
eleve_gen_01659@gen.local,Élève,Généré 1659,,LYCEEN,BAC_1,Établissement Grand Lomé,2026-08-18T16:13:48.533924,true
eleve_gen_01660@gen.local,Élève,Généré 1660,,LYCEEN,BAC_1,Établissement Maritime,2026-08-18T16:13:48.533924,true
eleve_gen_01661@gen.local,Élève,Généré 1661,,LYCEEN,BAC_1,Établissement Grand Lomé,2026-08-18T16:13:48.533924,true
eleve_gen_01662@gen.local,Élève,Généré 1662,,LYCEEN,BAC_1,Établissement Grand Lomé,2026-08-18T16:13:48.533924,true
eleve_gen_01663@gen.local,Élève,Généré 1663,,LYCEEN,BAC_1,Établissement Grand Lomé,2026-08-18T16:13:48.533924,true
eleve_gen_01664@gen.local,Élève,Généré 1664,,LYCEEN,BAC_1,Établissement Plateaux Ouest,2026-08-18T16:13:48.533924,true
eleve_gen_01665@gen.local,Élève,Généré 1665,,LYCEEN,BAC_1,Établissement Grand Lomé,2026-08-18T16:13:48.533924,true
eleve_gen_01666@gen.local,Élève,Généré 1666,,LYCEEN,BAC_1,Établissement Plateaux Est,2026-08-18T16:13:48.533924,true
eleve_gen_01667@gen.local,Élève,Généré 1667,,LYCEEN,BAC_1,Établissement Savanes,2026-08-18T16:13:48.533924,true
eleve_gen_01668@gen.local,Élève,Généré 1668,,LYCEEN,BAC_1,Établissement Centrale,2026-08-18T16:13:48.533924,true
eleve_gen_01669@gen.local,Élève,Généré 1669,,LYCEEN,BAC_1,Établissement Maritime,2026-08-18T16:13:48.533924,true
eleve_gen_01670@gen.local,Élève,Généré 1670,,LYCEEN,BAC_1,Établissement Plateaux Est,2026-08-18T16:13:48.533924,true
eleve_gen_01671@gen.local,Élève,Généré 1671,,LYCEEN,BAC_1,Établissement Kara,2026-08-18T16:13:48.533924,true
eleve_gen_01672@gen.local,Élève,Généré 1672,,LYCEEN,BAC_1,Établissement Grand Lomé,2026-08-18T16:13:48.533924,true
eleve_gen_01673@gen.local,Élève,Généré 1673,,LYCEEN,BAC_1,Établissement Kara,2026-08-18T16:13:48.533924,true
eleve_gen_01674@gen.local,Élève,Généré 1674,,LYCEEN,BAC_1,Établissement Maritime,2026-08-18T16:13:48.533924,true
eleve_gen_01675@gen.local,Élève,Généré 1675,,LYCEEN,BAC_1,Établissement Maritime,2026-08-18T16:13:48.533924,true
eleve_gen_01676@gen.local,Élève,Généré 1676,,LYCEEN,BAC_1,Établissement Savanes,2026-08-18T16:13:48.533924,true
eleve_gen_01677@gen.local,Élève,Généré 1677,,LYCEEN,BAC_1,Établissement Maritime,2026-08-18T16:13:48.533924,true
eleve_gen_01678@gen.local,Élève,Généré 1678,,LYCEEN,BAC_1,Établissement Plateaux Ouest,2026-08-18T16:13:48.533924,true
eleve_gen_01679@gen.local,Élève,Généré 1679,,LYCEEN,BAC_1,Établissement Plateaux Est,2026-08-18T16:13:48.533924,true
eleve_gen_01680@gen.local,Élève,Généré 1680,,LYCEEN,BAC_1,Établissement Maritime,2026-08-18T16:13:48.533924,true
eleve_gen_01681@gen.local,Élève,Généré 1681,,LYCEEN,BAC_1,Établissement Kara,2026-08-18T16:13:48.533924,true
eleve_gen_01682@gen.local,Élève,Généré 1682,,LYCEEN,BAC_1,Établissement Plateaux Est,2026-08-18T16:13:48.533924,true
eleve_gen_01683@gen.local,Élève,Généré 1683,,LYCEEN,BAC_1,Établissement Maritime,2026-08-18T16:13:48.533924,true
eleve_gen_01684@gen.local,Élève,Généré 1684,,LYCEEN,BAC_1,Établissement Grand Lomé,2026-08-18T16:13:48.533924,true
eleve_gen_01685@gen.local,Élève,Généré 1685,,LYCEEN,BAC_1,Établissement Plateaux Est,2026-08-18T16:13:48.533924,true
eleve_gen_01686@gen.local,Élève,Généré 1686,,LYCEEN,BAC_1,Établissement Centrale,2026-08-18T16:13:48.533924,true
eleve_gen_01687@gen.local,Élève,Généré 1687,,LYCEEN,BAC_1,Établissement Maritime,2026-08-18T16:13:48.533924,true
eleve_gen_01688@gen.local,Élève,Généré 1688,,LYCEEN,BAC_1,Établissement Plateaux Est,2026-08-18T16:13:48.533924,true
eleve_gen_01689@gen.local,Élève,Généré 1689,,LYCEEN,BAC_1,Établissement Maritime,2026-08-18T16:13:48.533924,true
eleve_gen_01690@gen.local,Élève,Généré 1690,,LYCEEN,BAC_1,Établissement Grand Lomé,2026-08-18T16:13:48.533924,true
eleve_gen_01691@gen.local,Élève,Généré 1691,,LYCEEN,BAC_1,Établissement Grand Lomé,2026-08-18T16:13:48.533924,true
eleve_gen_01692@gen.local,Élève,Généré 1692,,LYCEEN,BAC_1,Établissement Maritime,2026-08-18T16:13:48.533924,true
eleve_gen_01693@gen.local,Élève,Généré 1693,,LYCEEN,BAC_1,Établissement Kara,2026-08-18T16:13:48.533924,true
eleve_gen_01694@gen.local,Élève,Généré 1694,,LYCEEN,BAC_1,Établissement Grand Lomé,2026-08-18T16:13:48.533924,true
eleve_gen_01695@gen.local,Élève,Généré 1695,,LYCEEN,BAC_1,Établissement Plateaux Est,2026-08-18T16:13:48.533924,true
eleve_gen_01696@gen.local,Élève,Généré 1696,,LYCEEN,BAC_1,Établissement Grand Lomé,2026-08-18T16:13:48.533924,true
eleve_gen_01697@gen.local,Élève,Généré 1697,,LYCEEN,BAC_1,Établissement Grand Lomé,2026-08-18T16:13:48.533924,true
eleve_gen_01698@gen.local,Élève,Généré 1698,,LYCEEN,BAC_1,Établissement Centrale,2026-08-18T16:13:48.533924,true
eleve_gen_01699@gen.local,Élève,Généré 1699,,LYCEEN,BAC_1,Établissement Centrale,2026-08-18T16:13:48.533924,true
eleve_gen_01700@gen.local,Élève,Généré 1700,,LYCEEN,BAC_1,Établissement Plateaux Ouest,2026-08-18T16:13:48.533924,true
eleve_gen_01701@gen.local,Élève,Généré 1701,,LYCEEN,BAC_1,Établissement Centrale,2026-08-18T16:13:48.533924,true
eleve_gen_01702@gen.local,Élève,Généré 1702,,LYCEEN,BAC_1,Établissement Savanes,2026-08-18T16:13:48.533924,true
eleve_gen_01703@gen.local,Élève,Généré 1703,,LYCEEN,BAC_1,Établissement Grand Lomé,2026-08-18T16:13:48.533924,true
eleve_gen_01704@gen.local,Élève,Généré 1704,,LYCEEN,BAC_1,Établissement Kara,2026-08-18T16:13:48.533924,true
eleve_gen_01705@gen.local,Élève,Généré 1705,,LYCEEN,BAC_1,Établissement Centrale,2026-08-18T16:13:48.533924,true
eleve_gen_01706@gen.local,Élève,Généré 1706,,LYCEEN,BAC_1,Établissement Grand Lomé,2026-08-18T16:13:48.533924,true
eleve_gen_01707@gen.local,Élève,Généré 1707,,LYCEEN,BAC_1,Établissement Maritime,2026-08-18T16:13:48.533924,true
eleve_gen_01708@gen.local,Élève,Généré 1708,,LYCEEN,BAC_1,Établissement Savanes,2026-08-18T16:13:48.533924,true
eleve_gen_01709@gen.local,Élève,Généré 1709,,LYCEEN,BAC_1,Établissement Grand Lomé,2026-08-18T16:13:48.533924,true
eleve_gen_01710@gen.local,Élève,Généré 1710,,LYCEEN,BAC_1,Établissement Plateaux Est,2026-08-18T16:13:48.533924,true
eleve_gen_01711@gen.local,Élève,Généré 1711,,LYCEEN,BAC_1,Établissement Plateaux Est,2026-08-18T16:13:48.533924,true
eleve_gen_01712@gen.local,Élève,Généré 1712,,LYCEEN,BAC_1,Établissement Savanes,2026-08-18T16:13:48.533924,true
eleve_gen_01713@gen.local,Élève,Généré 1713,,LYCEEN,BAC_1,Établissement Grand Lomé,2026-08-18T16:13:48.533924,true
eleve_gen_01714@gen.local,Élève,Généré 1714,,LYCEEN,BAC_1,Établissement Plateaux Ouest,2026-08-18T16:13:48.533924,true
eleve_gen_01715@gen.local,Élève,Généré 1715,,LYCEEN,BAC_1,Établissement Centrale,2026-08-18T16:13:48.533924,true
eleve_gen_01716@gen.local,Élève,Généré 1716,,LYCEEN,BAC_1,Établissement Plateaux Est,2026-08-18T16:13:48.533924,true
eleve_gen_01717@gen.local,Élève,Généré 1717,,LYCEEN,BAC_1,Établissement Plateaux Est,2026-08-18T16:13:48.533924,true
eleve_gen_01718@gen.local,Élève,Généré 1718,,LYCEEN,BAC_1,Établissement Grand Lomé,2026-08-18T16:13:48.533924,true
eleve_gen_01719@gen.local,Élève,Généré 1719,,LYCEEN,BAC_1,Établissement Kara,2026-08-18T16:13:48.533924,true
eleve_gen_01720@gen.local,Élève,Généré 1720,,LYCEEN,BAC_1,Établissement Grand Lomé,2026-08-18T16:13:48.533924,true
eleve_gen_01721@gen.local,Élève,Généré 1721,,LYCEEN,BAC_1,Établissement Maritime,2026-08-18T16:13:48.533924,true
eleve_gen_01722@gen.local,Élève,Généré 1722,,LYCEEN,BAC_1,Établissement Centrale,2026-08-18T16:13:48.533924,true
eleve_gen_01723@gen.local,Élève,Généré 1723,,LYCEEN,BAC_1,Établissement Plateaux Ouest,2026-08-18T16:13:48.533924,true
eleve_gen_01724@gen.local,Élève,Généré 1724,,LYCEEN,BAC_1,Établissement Savanes,2026-08-18T16:13:48.533924,true
eleve_gen_01725@gen.local,Élève,Généré 1725,,LYCEEN,BAC_1,Établissement Plateaux Ouest,2026-08-18T16:13:48.533924,true
eleve_gen_01726@gen.local,Élève,Généré 1726,,LYCEEN,BAC_1,Établissement Grand Lomé,2026-08-18T16:13:48.533924,true
eleve_gen_01727@gen.local,Élève,Généré 1727,,LYCEEN,BAC_1,Établissement Grand Lomé,2026-08-18T16:13:48.533924,true
eleve_gen_01728@gen.local,Élève,Généré 1728,,LYCEEN,BAC_1,Établissement Plateaux Est,2026-08-18T16:13:48.533924,true
eleve_gen_01729@gen.local,Élève,Généré 1729,,LYCEEN,BAC_1,Établissement Plateaux Ouest,2026-08-18T16:13:48.533924,true
eleve_gen_01730@gen.local,Élève,Généré 1730,,LYCEEN,BAC_1,Établissement Centrale,2026-08-18T16:13:48.533924,true
eleve_gen_01731@gen.local,Élève,Généré 1731,,LYCEEN,BAC_1,Établissement Grand Lomé,2026-08-18T16:13:48.533924,true
eleve_gen_01732@gen.local,Élève,Généré 1732,,LYCEEN,BAC_1,Établissement Grand Lomé,2026-08-18T16:13:48.533924,true
eleve_gen_01733@gen.local,Élève,Généré 1733,,LYCEEN,BAC_1,Établissement Centrale,2026-08-18T16:13:48.533924,true
eleve_gen_01734@gen.local,Élève,Généré 1734,,LYCEEN,BAC_1,Établissement Maritime,2026-08-18T16:13:48.533924,true
eleve_gen_01735@gen.local,Élève,Généré 1735,,LYCEEN,BAC_1,Établissement Maritime,2026-08-18T16:13:48.533924,true
eleve_gen_01736@gen.local,Élève,Généré 1736,,LYCEEN,BAC_1,Établissement Maritime,2026-08-18T16:13:48.533924,true
eleve_gen_01737@gen.local,Élève,Généré 1737,,LYCEEN,BAC_1,Établissement Savanes,2026-08-18T16:13:48.533924,true
eleve_gen_01738@gen.local,Élève,Généré 1738,,LYCEEN,BAC_1,Établissement Kara,2026-08-18T16:13:48.533924,true
eleve_gen_01739@gen.local,Élève,Généré 1739,,LYCEEN,BAC_1,Établissement Centrale,2026-08-18T16:13:48.533924,true
eleve_gen_01740@gen.local,Élève,Généré 1740,,LYCEEN,BAC_1,Établissement Plateaux Ouest,2026-08-18T16:13:48.533924,true
eleve_gen_01741@gen.local,Élève,Généré 1741,,LYCEEN,BAC_1,Établissement Grand Lomé,2026-08-18T16:13:48.533924,true
eleve_gen_01742@gen.local,Élève,Généré 1742,,LYCEEN,BAC_1,Établissement Centrale,2026-08-18T16:13:48.533924,true
eleve_gen_01743@gen.local,Élève,Généré 1743,,LYCEEN,BAC_1,Établissement Plateaux Est,2026-08-18T16:13:48.533924,true
eleve_gen_01744@gen.local,Élève,Généré 1744,,LYCEEN,BAC_1,Établissement Maritime,2026-08-18T16:13:48.533924,true
eleve_gen_01745@gen.local,Élève,Généré 1745,,LYCEEN,BAC_1,Établissement Savanes,2026-08-18T16:13:48.533924,true
eleve_gen_01746@gen.local,Élève,Généré 1746,,LYCEEN,BAC_1,Établissement Maritime,2026-08-18T16:13:48.533924,true
eleve_gen_01747@gen.local,Élève,Généré 1747,,LYCEEN,BAC_1,Établissement Maritime,2026-08-18T16:13:48.533924,true
eleve_gen_01748@gen.local,Élève,Généré 1748,,LYCEEN,BAC_1,Établissement Plateaux Est,2026-08-18T16:13:48.533924,true
eleve_gen_01749@gen.local,Élève,Généré 1749,,LYCEEN,BAC_1,Établissement Centrale,2026-08-18T16:13:48.533924,true
eleve_gen_01750@gen.local,Élève,Généré 1750,,LYCEEN,BAC_1,Établissement Savanes,2026-08-18T16:13:48.533924,true
eleve_gen_01751@gen.local,Élève,Généré 1751,,LYCEEN,BAC_1,Établissement Maritime,2026-08-18T16:13:48.533924,true
eleve_gen_01752@gen.local,Élève,Généré 1752,,LYCEEN,BAC_1,Établissement Centrale,2026-08-18T16:13:48.533924,true
eleve_gen_01753@gen.local,Élève,Généré 1753,,LYCEEN,BAC_1,Établissement Grand Lomé,2026-08-18T16:13:48.533924,true
eleve_gen_01754@gen.local,Élève,Généré 1754,,LYCEEN,BAC_1,Établissement Kara,2026-08-18T16:13:48.533924,true
eleve_gen_01755@gen.local,Élève,Généré 1755,,LYCEEN,BAC_1,Établissement Centrale,2026-08-18T16:13:48.533924,true
eleve_gen_01756@gen.local,Élève,Généré 1756,,LYCEEN,BAC_1,Établissement Grand Lomé,2026-08-18T16:13:48.533924,true
eleve_gen_01757@gen.local,Élève,Généré 1757,,LYCEEN,BAC_1,Établissement Centrale,2026-08-18T16:13:48.533924,true
eleve_gen_01758@gen.local,Élève,Généré 1758,,LYCEEN,BAC_1,Établissement Grand Lomé,2026-08-18T16:13:48.533924,true
eleve_gen_01759@gen.local,Élève,Généré 1759,,LYCEEN,BAC_1,Établissement Kara,2026-08-18T16:13:48.533924,true
eleve_gen_01760@gen.local,Élève,Généré 1760,,LYCEEN,BAC_1,Établissement Maritime,2026-08-18T16:13:48.533924,true
eleve_gen_01761@gen.local,Élève,Généré 1761,,LYCEEN,BAC_1,Établissement Plateaux Ouest,2026-08-18T16:13:48.533924,true
eleve_gen_01762@gen.local,Élève,Généré 1762,,LYCEEN,BAC_1,Établissement Maritime,2026-08-18T16:13:48.533924,true
eleve_gen_01763@gen.local,Élève,Généré 1763,,LYCEEN,BAC_1,Établissement Plateaux Ouest,2026-08-18T16:13:48.533924,true
eleve_gen_01764@gen.local,Élève,Généré 1764,,LYCEEN,BAC_1,Établissement Kara,2026-08-18T16:13:48.533924,true
eleve_gen_01765@gen.local,Élève,Généré 1765,,LYCEEN,BAC_1,Établissement Centrale,2026-08-18T16:13:48.533924,true
eleve_gen_01766@gen.local,Élève,Généré 1766,,LYCEEN,BAC_1,Établissement Maritime,2026-08-18T16:13:48.533924,true
eleve_gen_01767@gen.local,Élève,Généré 1767,,LYCEEN,BAC_1,Établissement Plateaux Ouest,2026-08-18T16:13:48.533924,true
eleve_gen_01768@gen.local,Élève,Généré 1768,,LYCEEN,BAC_1,Établissement Centrale,2026-08-18T16:13:48.533924,true
eleve_gen_01769@gen.local,Élève,Généré 1769,,LYCEEN,BAC_1,Établissement Savanes,2026-08-18T16:13:48.533924,true
eleve_gen_01770@gen.local,Élève,Généré 1770,,LYCEEN,BAC_1,Établissement Maritime,2026-08-18T16:13:48.533924,true
eleve_gen_01771@gen.local,Élève,Généré 1771,,LYCEEN,BAC_1,Établissement Maritime,2026-08-18T16:13:48.533924,true
eleve_gen_01772@gen.local,Élève,Généré 1772,,LYCEEN,BAC_1,Établissement Grand Lomé,2026-08-18T16:13:48.533924,true
eleve_gen_01773@gen.local,Élève,Généré 1773,,LYCEEN,BAC_1,Établissement Maritime,2026-08-18T16:13:48.533924,true
eleve_gen_01774@gen.local,Élève,Généré 1774,,LYCEEN,BAC_1,Établissement Savanes,2026-08-18T16:13:48.533924,true
eleve_gen_01775@gen.local,Élève,Généré 1775,,LYCEEN,BAC_1,Établissement Kara,2026-08-18T16:13:48.533924,true
eleve_gen_01776@gen.local,Élève,Généré 1776,,LYCEEN,BAC_1,Établissement Grand Lomé,2026-08-18T16:13:48.533924,true
eleve_gen_01777@gen.local,Élève,Généré 1777,,LYCEEN,BAC_1,Établissement Grand Lomé,2026-08-18T16:13:48.533924,true
eleve_gen_01778@gen.local,Élève,Généré 1778,,LYCEEN,BAC_1,Établissement Savanes,2026-08-18T16:13:48.533924,true
eleve_gen_01779@gen.local,Élève,Généré 1779,,LYCEEN,BAC_1,Établissement Kara,2026-08-18T16:13:48.533924,true
eleve_gen_01780@gen.local,Élève,Généré 1780,,LYCEEN,BAC_1,Établissement Grand Lomé,2026-08-18T16:13:48.533924,true
eleve_gen_01781@gen.local,Élève,Généré 1781,,LYCEEN,BAC_1,Établissement Plateaux Est,2026-08-18T16:13:48.533924,true
eleve_gen_01782@gen.local,Élève,Généré 1782,,LYCEEN,BAC_1,Établissement Savanes,2026-08-18T16:13:48.533924,true
eleve_gen_01783@gen.local,Élève,Généré 1783,,LYCEEN,BAC_1,Établissement Centrale,2026-08-18T16:13:48.533924,true
eleve_gen_01784@gen.local,Élève,Généré 1784,,LYCEEN,BAC_1,Établissement Kara,2026-08-18T16:13:48.533924,true
eleve_gen_01785@gen.local,Élève,Généré 1785,,LYCEEN,BAC_1,Établissement Maritime,2026-08-18T16:13:48.533924,true
eleve_gen_01786@gen.local,Élève,Généré 1786,,LYCEEN,BAC_1,Établissement Maritime,2026-08-18T16:13:48.533924,true
eleve_gen_01787@gen.local,Élève,Généré 1787,,LYCEEN,BAC_1,Établissement Kara,2026-08-18T16:13:48.533924,true
eleve_gen_01788@gen.local,Élève,Généré 1788,,LYCEEN,BAC_1,Établissement Maritime,2026-08-18T16:13:48.533924,true
eleve_gen_01789@gen.local,Élève,Généré 1789,,LYCEEN,BAC_1,Établissement Maritime,2026-08-18T16:13:48.533924,true
eleve_gen_01790@gen.local,Élève,Généré 1790,,LYCEEN,BAC_1,Établissement Plateaux Ouest,2026-08-18T16:13:48.533924,true
eleve_gen_01791@gen.local,Élève,Généré 1791,,LYCEEN,BAC_1,Établissement Plateaux Ouest,2026-08-18T16:13:48.533924,true
eleve_gen_01792@gen.local,Élève,Généré 1792,,LYCEEN,BAC_1,Établissement Centrale,2026-08-18T16:13:48.533924,true
eleve_gen_01793@gen.local,Élève,Généré 1793,,LYCEEN,BAC_1,Établissement Maritime,2026-08-18T16:13:48.533924,true
eleve_gen_01794@gen.local,Élève,Généré 1794,,LYCEEN,BAC_1,Établissement Plateaux Ouest,2026-08-18T16:13:48.533924,true
eleve_gen_01795@gen.local,Élève,Généré 1795,,LYCEEN,BAC_1,Établissement Plateaux Ouest,2026-08-18T16:13:48.533924,true
eleve_gen_01796@gen.local,Élève,Généré 1796,,LYCEEN,BAC_1,Établissement Grand Lomé,2026-08-18T16:13:48.533924,true
eleve_gen_01797@gen.local,Élève,Généré 1797,,LYCEEN,BAC_1,Établissement Centrale,2026-08-18T16:13:48.533924,true
eleve_gen_01798@gen.local,Élève,Généré 1798,,LYCEEN,BAC_1,Établissement Plateaux Ouest,2026-08-18T16:13:48.533924,true
eleve_gen_01799@gen.local,Élève,Généré 1799,,LYCEEN,BAC_1,Établissement Grand Lomé,2026-08-18T16:13:48.533924,true
eleve_gen_01800@gen.local,Élève,Généré 1800,,LYCEEN,BAC_1,Établissement Kara,2026-08-18T16:13:48.533924,true
eleve_gen_01801@gen.local,Élève,Généré 1801,,LYCEEN,BAC_1,Établissement Plateaux Ouest,2026-08-18T16:13:48.533924,true
eleve_gen_01802@gen.local,Élève,Généré 1802,,LYCEEN,BAC_1,Établissement Plateaux Est,2026-08-18T16:13:48.533924,true
eleve_gen_01803@gen.local,Élève,Généré 1803,,LYCEEN,BAC_1,Établissement Kara,2026-08-18T16:13:48.533924,true
eleve_gen_01804@gen.local,Élève,Généré 1804,,LYCEEN,BAC_1,Établissement Kara,2026-08-18T16:13:48.533924,true
eleve_gen_01805@gen.local,Élève,Généré 1805,,LYCEEN,BAC_1,Établissement Plateaux Ouest,2026-08-18T16:13:48.533924,true
eleve_gen_01806@gen.local,Élève,Généré 1806,,LYCEEN,BAC_1,Établissement Grand Lomé,2026-08-18T16:13:48.533924,true
eleve_gen_01807@gen.local,Élève,Généré 1807,,LYCEEN,BAC_1,Établissement Plateaux Est,2026-08-18T16:13:48.533924,true
eleve_gen_01808@gen.local,Élève,Généré 1808,,LYCEEN,BAC_1,Établissement Maritime,2026-08-18T16:13:48.533924,true
eleve_gen_01809@gen.local,Élève,Généré 1809,,LYCEEN,BAC_1,Établissement Kara,2026-08-18T16:13:48.533924,true
eleve_gen_01810@gen.local,Élève,Généré 1810,,LYCEEN,BAC_1,Établissement Plateaux Est,2026-08-18T16:13:48.533924,true
eleve_gen_01811@gen.local,Élève,Généré 1811,,LYCEEN,BAC_1,Établissement Maritime,2026-08-18T16:13:48.533924,true
eleve_gen_01812@gen.local,Élève,Généré 1812,,LYCEEN,BAC_1,Établissement Maritime,2026-08-18T16:13:48.533924,true
eleve_gen_01813@gen.local,Élève,Généré 1813,,LYCEEN,BAC_1,Établissement Savanes,2026-08-18T16:13:48.533924,true
eleve_gen_01814@gen.local,Élève,Généré 1814,,LYCEEN,BAC_1,Établissement Plateaux Ouest,2026-08-18T16:13:48.533924,true
eleve_gen_01815@gen.local,Élève,Généré 1815,,LYCEEN,BAC_1,Établissement Kara,2026-08-18T16:13:48.533924,true
eleve_gen_01816@gen.local,Élève,Généré 1816,,LYCEEN,BAC_1,Établissement Maritime,2026-08-18T16:13:48.533924,true
eleve_gen_01817@gen.local,Élève,Généré 1817,,LYCEEN,BAC_1,Établissement Grand Lomé,2026-08-18T16:13:48.533924,true
eleve_gen_01818@gen.local,Élève,Généré 1818,,LYCEEN,BAC_1,Établissement Centrale,2026-08-18T16:13:48.533924,true
eleve_gen_01819@gen.local,Élève,Généré 1819,,LYCEEN,BAC_1,Établissement Centrale,2026-08-18T16:13:48.533924,true
eleve_gen_01820@gen.local,Élève,Généré 1820,,LYCEEN,BAC_1,Établissement Savanes,2026-08-18T16:13:48.533924,true
eleve_gen_01821@gen.local,Élève,Généré 1821,,LYCEEN,BAC_1,Établissement Grand Lomé,2026-08-18T16:13:48.533924,true
eleve_gen_01822@gen.local,Élève,Généré 1822,,LYCEEN,BAC_1,Établissement Plateaux Ouest,2026-08-18T16:13:48.533924,true
eleve_gen_01823@gen.local,Élève,Généré 1823,,LYCEEN,BAC_1,Établissement Kara,2026-08-18T16:13:48.533924,true
eleve_gen_01824@gen.local,Élève,Généré 1824,,LYCEEN,BAC_1,Établissement Savanes,2026-08-18T16:13:48.533924,true
eleve_gen_01825@gen.local,Élève,Généré 1825,,LYCEEN,BAC_1,Établissement Plateaux Ouest,2026-08-18T16:13:48.533924,true
eleve_gen_01826@gen.local,Élève,Généré 1826,,LYCEEN,BAC_1,Établissement Maritime,2026-08-18T16:13:48.533924,true
eleve_gen_01827@gen.local,Élève,Généré 1827,,LYCEEN,BAC_1,Établissement Centrale,2026-08-18T16:13:48.533924,true
eleve_gen_01828@gen.local,Élève,Généré 1828,,LYCEEN,BAC_1,Établissement Plateaux Est,2026-08-18T16:13:48.533924,true
eleve_gen_01829@gen.local,Élève,Généré 1829,,LYCEEN,BAC_1,Établissement Maritime,2026-08-18T16:13:48.533924,true
eleve_gen_01830@gen.local,Élève,Généré 1830,,LYCEEN,BAC_1,Établissement Maritime,2026-08-18T16:13:48.533924,true
eleve_gen_01831@gen.local,Élève,Généré 1831,,LYCEEN,BAC_1,Établissement Centrale,2026-08-18T16:13:48.533924,true
eleve_gen_01832@gen.local,Élève,Généré 1832,,LYCEEN,BAC_1,Établissement Grand Lomé,2026-08-18T16:13:48.533924,true
eleve_gen_01833@gen.local,Élève,Généré 1833,,LYCEEN,BAC_1,Établissement Plateaux Ouest,2026-08-18T16:13:48.533924,true
eleve_gen_01834@gen.local,Élève,Généré 1834,,LYCEEN,BAC_1,Établissement Maritime,2026-08-18T16:13:48.533924,true
eleve_gen_01835@gen.local,Élève,Généré 1835,,LYCEEN,BAC_1,Établissement Grand Lomé,2026-08-18T16:13:48.533924,true
eleve_gen_01836@gen.local,Élève,Généré 1836,,LYCEEN,BAC_1,Établissement Grand Lomé,2026-08-18T16:13:48.533924,true
eleve_gen_01837@gen.local,Élève,Généré 1837,,LYCEEN,BAC_1,Établissement Centrale,2026-08-18T16:13:48.533924,true
eleve_gen_01838@gen.local,Élève,Généré 1838,,LYCEEN,BAC_1,Établissement Centrale,2026-08-18T16:13:48.533924,true
eleve_gen_01839@gen.local,Élève,Généré 1839,,LYCEEN,BAC_1,Établissement Maritime,2026-08-18T16:13:48.533924,true
eleve_gen_01840@gen.local,Élève,Généré 1840,,LYCEEN,BAC_1,Établissement Grand Lomé,2026-08-18T16:13:48.533924,true
eleve_gen_01841@gen.local,Élève,Généré 1841,,LYCEEN,BAC_1,Établissement Savanes,2026-08-18T16:13:48.533924,true
eleve_gen_01842@gen.local,Élève,Généré 1842,,LYCEEN,BAC_1,Établissement Centrale,2026-08-18T16:13:48.533924,true
eleve_gen_01843@gen.local,Élève,Généré 1843,,LYCEEN,BAC_1,Établissement Grand Lomé,2026-08-18T16:13:48.533924,true
eleve_gen_01844@gen.local,Élève,Généré 1844,,LYCEEN,BAC_1,Établissement Maritime,2026-08-18T16:13:48.533924,true
eleve_gen_01845@gen.local,Élève,Généré 1845,,LYCEEN,BAC_1,Établissement Grand Lomé,2026-08-18T16:13:48.533924,true
eleve_gen_01846@gen.local,Élève,Généré 1846,,LYCEEN,BAC_1,Établissement Savanes,2026-08-18T16:13:48.533924,true
eleve_gen_01847@gen.local,Élève,Généré 1847,,LYCEEN,BAC_1,Établissement Kara,2026-08-18T16:13:48.533924,true
eleve_gen_01848@gen.local,Élève,Généré 1848,,LYCEEN,BAC_1,Établissement Grand Lomé,2026-08-18T16:13:48.533924,true
eleve_gen_01849@gen.local,Élève,Généré 1849,,LYCEEN,BAC_1,Établissement Kara,2026-08-18T16:13:48.533924,true
eleve_gen_01850@gen.local,Élève,Généré 1850,,LYCEEN,BAC_1,Établissement Kara,2026-08-18T16:13:48.533924,true
eleve_gen_01851@gen.local,Élève,Généré 1851,,LYCEEN,BAC_1,Établissement Maritime,2026-08-18T16:13:48.533924,true
eleve_gen_01852@gen.local,Élève,Généré 1852,,LYCEEN,BAC_1,Établissement Plateaux Ouest,2026-08-18T16:13:48.533924,true
eleve_gen_01853@gen.local,Élève,Généré 1853,,LYCEEN,BAC_1,Établissement Maritime,2026-08-18T16:13:48.533924,true
eleve_gen_01854@gen.local,Élève,Généré 1854,,LYCEEN,BAC_1,Établissement Maritime,2026-08-18T16:13:48.533924,true
eleve_gen_01855@gen.local,Élève,Généré 1855,,LYCEEN,BAC_1,Établissement Grand Lomé,2026-08-18T16:13:48.533924,true
eleve_gen_01856@gen.local,Élève,Généré 1856,,LYCEEN,BAC_1,Établissement Plateaux Ouest,2026-08-18T16:13:48.533924,true
eleve_gen_01857@gen.local,Élève,Généré 1857,,LYCEEN,BAC_1,Établissement Grand Lomé,2026-08-18T16:13:48.533924,true
eleve_gen_01858@gen.local,Élève,Généré 1858,,LYCEEN,BAC_1,Établissement Grand Lomé,2026-08-18T16:13:48.533924,true
eleve_gen_01859@gen.local,Élève,Généré 1859,,LYCEEN,BAC_1,Établissement Maritime,2026-08-18T16:13:48.533924,true
eleve_gen_01860@gen.local,Élève,Généré 1860,,LYCEEN,BAC_1,Établissement Maritime,2026-08-18T16:13:48.533924,true
eleve_gen_01861@gen.local,Élève,Généré 1861,,LYCEEN,BAC_1,Établissement Centrale,2026-08-18T16:13:48.533924,true
eleve_gen_01862@gen.local,Élève,Généré 1862,,LYCEEN,BAC_1,Établissement Maritime,2026-08-18T16:13:48.533924,true
eleve_gen_01863@gen.local,Élève,Généré 1863,,LYCEEN,BAC_1,Établissement Savanes,2026-08-18T16:13:48.533924,true
eleve_gen_01864@gen.local,Élève,Généré 1864,,LYCEEN,BAC_1,Établissement Grand Lomé,2026-08-18T16:13:48.533924,true
eleve_gen_01865@gen.local,Élève,Généré 1865,,LYCEEN,BAC_1,Établissement Plateaux Ouest,2026-08-18T16:13:48.533924,true
eleve_gen_01866@gen.local,Élève,Généré 1866,,LYCEEN,BAC_1,Établissement Plateaux Ouest,2026-08-18T16:13:48.533924,true
eleve_gen_01867@gen.local,Élève,Généré 1867,,LYCEEN,BAC_1,Établissement Grand Lomé,2026-08-18T16:13:48.533924,true
eleve_gen_01868@gen.local,Élève,Généré 1868,,LYCEEN,BAC_1,Établissement Kara,2026-08-18T16:13:48.533924,true
eleve_gen_01869@gen.local,Élève,Généré 1869,,LYCEEN,BAC_1,Établissement Plateaux Est,2026-08-18T16:13:48.533924,true
eleve_gen_01870@gen.local,Élève,Généré 1870,,LYCEEN,BAC_1,Établissement Maritime,2026-08-18T16:13:48.533924,true
eleve_gen_01871@gen.local,Élève,Généré 1871,,LYCEEN,BAC_1,Établissement Savanes,2026-08-18T16:13:48.533924,true
eleve_gen_01872@gen.local,Élève,Généré 1872,,LYCEEN,BAC_1,Établissement Plateaux Ouest,2026-08-18T16:13:48.533924,true
eleve_gen_01873@gen.local,Élève,Généré 1873,,LYCEEN,BAC_1,Établissement Plateaux Ouest,2026-08-18T16:13:48.533924,true
eleve_gen_01874@gen.local,Élève,Généré 1874,,LYCEEN,BAC_1,Établissement Grand Lomé,2026-08-18T16:13:48.533924,true
eleve_gen_01875@gen.local,Élève,Généré 1875,,LYCEEN,BAC_1,Établissement Plateaux Est,2026-08-18T16:13:48.533924,true
eleve_gen_01876@gen.local,Élève,Généré 1876,,LYCEEN,BAC_1,Établissement Maritime,2026-08-18T16:13:48.533924,true
eleve_gen_01877@gen.local,Élève,Généré 1877,,LYCEEN,BAC_1,Établissement Grand Lomé,2026-08-18T16:13:48.533924,true
eleve_gen_01878@gen.local,Élève,Généré 1878,,LYCEEN,BAC_1,Établissement Maritime,2026-08-18T16:13:48.533924,true
eleve_gen_01879@gen.local,Élève,Généré 1879,,LYCEEN,BAC_1,Établissement Kara,2026-08-18T16:13:48.533924,true
eleve_gen_01880@gen.local,Élève,Généré 1880,,LYCEEN,BAC_1,Établissement Grand Lomé,2026-08-18T16:13:48.533924,true
eleve_gen_01881@gen.local,Élève,Généré 1881,,LYCEEN,BAC_1,Établissement Plateaux Ouest,2026-08-18T16:13:48.533924,true
eleve_gen_01882@gen.local,Élève,Généré 1882,,LYCEEN,BAC_1,Établissement Maritime,2026-08-18T16:13:48.533924,true
eleve_gen_01883@gen.local,Élève,Généré 1883,,LYCEEN,BAC_1,Établissement Grand Lomé,2026-08-18T16:13:48.533924,true
eleve_gen_01884@gen.local,Élève,Généré 1884,,LYCEEN,BAC_1,Établissement Kara,2026-08-18T16:13:48.533924,true
eleve_gen_01885@gen.local,Élève,Généré 1885,,LYCEEN,BAC_1,Établissement Centrale,2026-08-18T16:13:48.533924,true
eleve_gen_01886@gen.local,Élève,Généré 1886,,LYCEEN,BAC_1,Établissement Maritime,2026-08-18T16:13:48.533924,true
eleve_gen_01887@gen.local,Élève,Généré 1887,,LYCEEN,BAC_1,Établissement Grand Lomé,2026-08-18T16:13:48.533924,true
eleve_gen_01888@gen.local,Élève,Généré 1888,,LYCEEN,BAC_1,Établissement Grand Lomé,2026-08-18T16:13:48.533924,true
eleve_gen_01889@gen.local,Élève,Généré 1889,,LYCEEN,BAC_1,Établissement Maritime,2026-08-18T16:13:48.533924,true
eleve_gen_01890@gen.local,Élève,Généré 1890,,LYCEEN,BAC_1,Établissement Savanes,2026-08-18T16:13:48.533924,true
eleve_gen_01891@gen.local,Élève,Généré 1891,,LYCEEN,BAC_1,Établissement Maritime,2026-08-18T16:13:48.533924,true
eleve_gen_01892@gen.local,Élève,Généré 1892,,LYCEEN,BAC_1,Établissement Kara,2026-08-18T16:13:48.533924,true
eleve_gen_01893@gen.local,Élève,Généré 1893,,LYCEEN,BAC_1,Établissement Grand Lomé,2026-08-18T16:13:48.533924,true
eleve_gen_01894@gen.local,Élève,Généré 1894,,LYCEEN,BAC_1,Établissement Centrale,2026-08-18T16:13:48.533924,true
eleve_gen_01895@gen.local,Élève,Généré 1895,,LYCEEN,BAC_1,Établissement Maritime,2026-08-18T16:13:48.533924,true
eleve_gen_01896@gen.local,Élève,Généré 1896,,LYCEEN,BAC_1,Établissement Grand Lomé,2026-08-18T16:13:48.533924,true
eleve_gen_01897@gen.local,Élève,Généré 1897,,LYCEEN,BAC_1,Établissement Plateaux Est,2026-08-18T16:13:48.533924,true
eleve_gen_01898@gen.local,Élève,Généré 1898,,LYCEEN,BAC_1,Établissement Centrale,2026-08-18T16:13:48.533924,true
eleve_gen_01899@gen.local,Élève,Généré 1899,,LYCEEN,BAC_1,Établissement Plateaux Est,2026-08-18T16:13:48.533924,true
eleve_gen_01900@gen.local,Élève,Généré 1900,,LYCEEN,BAC_1,Établissement Plateaux Ouest,2026-08-18T16:13:48.533924,true
eleve_gen_01901@gen.local,Élève,Généré 1901,,LYCEEN,BAC_1,Établissement Grand Lomé,2026-08-18T16:13:48.533924,true
eleve_gen_01902@gen.local,Élève,Généré 1902,,LYCEEN,BAC_1,Établissement Maritime,2026-08-18T16:13:48.533924,true
eleve_gen_01903@gen.local,Élève,Généré 1903,,LYCEEN,BAC_1,Établissement Grand Lomé,2026-08-18T16:13:48.533924,true
eleve_gen_01904@gen.local,Élève,Généré 1904,,LYCEEN,BAC_1,Établissement Grand Lomé,2026-08-18T16:13:48.533924,true
eleve_gen_01905@gen.local,Élève,Généré 1905,,LYCEEN,BAC_1,Établissement Savanes,2026-08-18T16:13:48.533924,true
eleve_gen_01906@gen.local,Élève,Généré 1906,,LYCEEN,BAC_1,Établissement Grand Lomé,2026-08-18T16:13:48.533924,true
eleve_gen_01907@gen.local,Élève,Généré 1907,,LYCEEN,BAC_1,Établissement Centrale,2026-08-18T16:13:48.533924,true
eleve_gen_01908@gen.local,Élève,Généré 1908,,LYCEEN,BAC_1,Établissement Grand Lomé,2026-08-18T16:13:48.533924,true
eleve_gen_01909@gen.local,Élève,Généré 1909,,LYCEEN,BAC_1,Établissement Centrale,2026-08-18T16:13:48.533924,true
eleve_gen_01910@gen.local,Élève,Généré 1910,,LYCEEN,BAC_1,Établissement Maritime,2026-08-18T16:13:48.533924,true
eleve_gen_01911@gen.local,Élève,Généré 1911,,LYCEEN,BAC_1,Établissement Centrale,2026-08-18T16:13:48.533924,true
eleve_gen_01912@gen.local,Élève,Généré 1912,,LYCEEN,BAC_1,Établissement Savanes,2026-08-18T16:13:48.533924,true
eleve_gen_01913@gen.local,Élève,Généré 1913,,LYCEEN,BAC_1,Établissement Grand Lomé,2026-08-18T16:13:48.533924,true
eleve_gen_01914@gen.local,Élève,Généré 1914,,LYCEEN,BAC_1,Établissement Grand Lomé,2026-08-18T16:13:48.533924,true
eleve_gen_01915@gen.local,Élève,Généré 1915,,LYCEEN,BAC_1,Établissement Kara,2026-08-18T16:13:48.533924,true
eleve_gen_01916@gen.local,Élève,Généré 1916,,LYCEEN,BAC_1,Établissement Plateaux Est,2026-08-18T16:13:48.533924,true
eleve_gen_01917@gen.local,Élève,Généré 1917,,LYCEEN,BAC_1,Établissement Grand Lomé,2026-08-18T16:13:48.533924,true
eleve_gen_01918@gen.local,Élève,Généré 1918,,LYCEEN,BAC_1,Établissement Centrale,2026-08-18T16:13:48.533924,true
eleve_gen_01919@gen.local,Élève,Généré 1919,,LYCEEN,BAC_1,Établissement Grand Lomé,2026-08-18T16:13:48.533924,true
eleve_gen_01920@gen.local,Élève,Généré 1920,,LYCEEN,BAC_1,Établissement Grand Lomé,2026-08-18T16:13:48.533924,true
eleve_gen_01921@gen.local,Élève,Généré 1921,,LYCEEN,BAC_1,Établissement Savanes,2026-08-18T16:13:48.533924,true
eleve_gen_01922@gen.local,Élève,Généré 1922,,LYCEEN,BAC_1,Établissement Plateaux Ouest,2026-08-18T16:13:48.533924,true
eleve_gen_01923@gen.local,Élève,Généré 1923,,LYCEEN,BAC_1,Établissement Grand Lomé,2026-08-18T16:13:48.533924,true
eleve_gen_01924@gen.local,Élève,Généré 1924,,LYCEEN,BAC_1,Établissement Maritime,2026-08-18T16:13:48.533924,true
eleve_gen_01925@gen.local,Élève,Généré 1925,,LYCEEN,BAC_1,Établissement Maritime,2026-08-18T16:13:48.533924,true
eleve_gen_01926@gen.local,Élève,Généré 1926,,LYCEEN,BAC_1,Établissement Maritime,2026-08-18T16:13:48.533924,true
eleve_gen_01927@gen.local,Élève,Généré 1927,,LYCEEN,BAC_1,Établissement Plateaux Ouest,2026-08-18T16:13:48.533924,true
eleve_gen_01928@gen.local,Élève,Généré 1928,,LYCEEN,BAC_1,Établissement Centrale,2026-08-18T16:13:48.533924,true
eleve_gen_01929@gen.local,Élève,Généré 1929,,LYCEEN,BAC_1,Établissement Maritime,2026-08-18T16:13:48.533924,true
eleve_gen_01930@gen.local,Élève,Généré 1930,,LYCEEN,BAC_1,Établissement Centrale,2026-08-18T16:13:48.533924,true
eleve_gen_01931@gen.local,Élève,Généré 1931,,LYCEEN,BAC_1,Établissement Kara,2026-08-18T16:13:48.533924,true
eleve_gen_01932@gen.local,Élève,Généré 1932,,LYCEEN,BAC_1,Établissement Plateaux Est,2026-08-18T16:13:48.533924,true
eleve_gen_01933@gen.local,Élève,Généré 1933,,LYCEEN,BAC_1,Établissement Kara,2026-08-18T16:13:48.533924,true
eleve_gen_01934@gen.local,Élève,Généré 1934,,LYCEEN,BAC_1,Établissement Maritime,2026-08-18T16:13:48.533924,true
eleve_gen_01935@gen.local,Élève,Généré 1935,,LYCEEN,BAC_1,Établissement Centrale,2026-08-18T16:13:48.533924,true
eleve_gen_01936@gen.local,Élève,Généré 1936,,LYCEEN,BAC_1,Établissement Grand Lomé,2026-08-18T16:13:48.533924,true
eleve_gen_01937@gen.local,Élève,Généré 1937,,LYCEEN,BAC_1,Établissement Plateaux Est,2026-08-18T16:13:48.533924,true
eleve_gen_01938@gen.local,Élève,Généré 1938,,LYCEEN,BAC_1,Établissement Maritime,2026-08-18T16:13:48.533924,true
eleve_gen_01939@gen.local,Élève,Généré 1939,,LYCEEN,BAC_1,Établissement Savanes,2026-08-18T16:13:48.533924,true
eleve_gen_01940@gen.local,Élève,Généré 1940,,LYCEEN,BAC_1,Établissement Maritime,2026-08-18T16:13:48.533924,true
eleve_gen_01941@gen.local,Élève,Généré 1941,,LYCEEN,BAC_1,Établissement Maritime,2026-08-18T16:13:48.533924,true
eleve_gen_01942@gen.local,Élève,Généré 1942,,LYCEEN,BAC_1,Établissement Centrale,2026-08-18T16:13:48.533924,true
eleve_gen_01943@gen.local,Élève,Généré 1943,,LYCEEN,BAC_1,Établissement Grand Lomé,2026-08-18T16:13:48.533924,true
eleve_gen_01944@gen.local,Élève,Généré 1944,,LYCEEN,BAC_1,Établissement Savanes,2026-08-18T16:13:48.533924,true
eleve_gen_01945@gen.local,Élève,Généré 1945,,LYCEEN,BAC_1,Établissement Savanes,2026-08-18T16:13:48.533924,true
eleve_gen_01946@gen.local,Élève,Généré 1946,,LYCEEN,BAC_1,Établissement Grand Lomé,2026-08-18T16:13:48.533924,true
eleve_gen_01947@gen.local,Élève,Généré 1947,,LYCEEN,BAC_1,Établissement Kara,2026-08-18T16:13:48.533924,true
eleve_gen_01948@gen.local,Élève,Généré 1948,,LYCEEN,BAC_1,Établissement Grand Lomé,2026-08-18T16:13:48.533924,true
eleve_gen_01949@gen.local,Élève,Généré 1949,,LYCEEN,BAC_1,Établissement Plateaux Ouest,2026-08-18T16:13:48.533924,true
eleve_gen_01950@gen.local,Élève,Généré 1950,,LYCEEN,BAC_1,Établissement Plateaux Ouest,2026-08-18T16:13:48.533924,true
eleve_gen_01951@gen.local,Élève,Généré 1951,,LYCEEN,BAC_1,Établissement Grand Lomé,2026-08-18T16:13:48.533924,true
eleve_gen_01952@gen.local,Élève,Généré 1952,,LYCEEN,BAC_1,Établissement Centrale,2026-08-18T16:13:48.533924,true
eleve_gen_01953@gen.local,Élève,Généré 1953,,LYCEEN,BAC_1,Établissement Grand Lomé,2026-08-18T16:13:48.533924,true
eleve_gen_01954@gen.local,Élève,Généré 1954,,LYCEEN,BAC_1,Établissement Grand Lomé,2026-08-18T16:13:48.533924,true
eleve_gen_01955@gen.local,Élève,Généré 1955,,LYCEEN,BAC_1,Établissement Grand Lomé,2026-08-18T16:13:48.533924,true
eleve_gen_01956@gen.local,Élève,Généré 1956,,LYCEEN,BAC_1,Établissement Grand Lomé,2026-08-18T16:13:48.533924,true
eleve_gen_01957@gen.local,Élève,Généré 1957,,LYCEEN,BAC_1,Établissement Grand Lomé,2026-08-18T16:13:48.533924,true
eleve_gen_01958@gen.local,Élève,Généré 1958,,LYCEEN,BAC_1,Établissement Plateaux Est,2026-08-18T16:13:48.533924,true
eleve_gen_01959@gen.local,Élève,Généré 1959,,LYCEEN,BAC_1,Établissement Maritime,2026-08-18T16:13:48.533924,true
eleve_gen_01960@gen.local,Élève,Généré 1960,,LYCEEN,BAC_1,Établissement Plateaux Est,2026-08-18T16:13:48.533924,true
eleve_gen_01961@gen.local,Élève,Généré 1961,,LYCEEN,BAC_1,Établissement Kara,2026-08-18T16:13:48.533924,true
eleve_gen_01962@gen.local,Élève,Généré 1962,,LYCEEN,BAC_1,Établissement Centrale,2026-08-18T16:13:48.533924,true
eleve_gen_01963@gen.local,Élève,Généré 1963,,LYCEEN,BAC_1,Établissement Centrale,2026-08-18T16:13:48.533924,true
eleve_gen_01964@gen.local,Élève,Généré 1964,,LYCEEN,BAC_1,Établissement Maritime,2026-08-18T16:13:48.533924,true
eleve_gen_01965@gen.local,Élève,Généré 1965,,LYCEEN,BAC_1,Établissement Kara,2026-08-18T16:13:48.533924,true
eleve_gen_01966@gen.local,Élève,Généré 1966,,LYCEEN,BAC_1,Établissement Plateaux Ouest,2026-08-18T16:13:48.533924,true
eleve_gen_01967@gen.local,Élève,Généré 1967,,LYCEEN,BAC_1,Établissement Maritime,2026-08-18T16:13:48.533924,true
eleve_gen_01968@gen.local,Élève,Généré 1968,,LYCEEN,BAC_1,Établissement Centrale,2026-08-18T16:13:48.533924,true
eleve_gen_01969@gen.local,Élève,Généré 1969,,LYCEEN,BAC_1,Établissement Centrale,2026-08-18T16:13:48.533924,true
eleve_gen_01970@gen.local,Élève,Généré 1970,,LYCEEN,BAC_1,Établissement Grand Lomé,2026-08-18T16:13:48.533924,true
eleve_gen_01971@gen.local,Élève,Généré 1971,,LYCEEN,BAC_1,Établissement Grand Lomé,2026-08-18T16:13:48.533924,true
eleve_gen_01972@gen.local,Élève,Généré 1972,,LYCEEN,BAC_1,Établissement Grand Lomé,2026-08-18T16:13:48.533924,true
eleve_gen_01973@gen.local,Élève,Généré 1973,,LYCEEN,BAC_1,Établissement Grand Lomé,2026-08-18T16:13:48.533924,true
eleve_gen_01974@gen.local,Élève,Généré 1974,,LYCEEN,BAC_1,Établissement Plateaux Est,2026-08-18T16:13:48.533924,true
eleve_gen_01975@gen.local,Élève,Généré 1975,,LYCEEN,BAC_1,Établissement Grand Lomé,2026-08-18T16:13:48.533924,true
eleve_gen_01976@gen.local,Élève,Généré 1976,,LYCEEN,BAC_1,Établissement Maritime,2026-08-18T16:13:48.533924,true
eleve_gen_01977@gen.local,Élève,Généré 1977,,LYCEEN,BAC_1,Établissement Plateaux Ouest,2026-08-18T16:13:48.533924,true
eleve_gen_01978@gen.local,Élève,Généré 1978,,LYCEEN,BAC_1,Établissement Maritime,2026-08-18T16:13:48.533924,true
eleve_gen_01979@gen.local,Élève,Généré 1979,,LYCEEN,BAC_1,Établissement Maritime,2026-08-18T16:13:48.533924,true
eleve_gen_01980@gen.local,Élève,Généré 1980,,LYCEEN,BAC_1,Établissement Centrale,2026-08-18T16:13:48.533924,true
eleve_gen_01981@gen.local,Élève,Généré 1981,,LYCEEN,BAC_1,Établissement Maritime,2026-08-18T16:13:48.533924,true
eleve_gen_01982@gen.local,Élève,Généré 1982,,LYCEEN,BAC_1,Établissement Plateaux Est,2026-08-18T16:13:48.533924,true
eleve_gen_01983@gen.local,Élève,Généré 1983,,LYCEEN,BAC_1,Établissement Plateaux Est,2026-08-18T16:13:48.533924,true
eleve_gen_01984@gen.local,Élève,Généré 1984,,LYCEEN,BAC_1,Établissement Grand Lomé,2026-08-18T16:13:48.533924,true
eleve_gen_01985@gen.local,Élève,Généré 1985,,LYCEEN,BAC_1,Établissement Maritime,2026-08-18T16:13:48.533924,true
eleve_gen_01986@gen.local,Élève,Généré 1986,,LYCEEN,BAC_1,Établissement Grand Lomé,2026-08-18T16:13:48.533924,true
eleve_gen_01987@gen.local,Élève,Généré 1987,,LYCEEN,BAC_1,Établissement Grand Lomé,2026-08-18T16:13:48.533924,true
eleve_gen_01988@gen.local,Élève,Généré 1988,,LYCEEN,BAC_1,Établissement Kara,2026-08-18T16:13:48.533924,true
eleve_gen_01989@gen.local,Élève,Généré 1989,,LYCEEN,BAC_1,Établissement Grand Lomé,2026-08-18T16:13:48.533924,true
eleve_gen_01990@gen.local,Élève,Généré 1990,,LYCEEN,BAC_1,Établissement Plateaux Est,2026-08-18T16:13:48.533924,true
eleve_gen_01991@gen.local,Élève,Généré 1991,,LYCEEN,BAC_1,Établissement Grand Lomé,2026-08-18T16:13:48.533924,true
eleve_gen_01992@gen.local,Élève,Généré 1992,,LYCEEN,BAC_1,Établissement Maritime,2026-08-18T16:13:48.533924,true
eleve_gen_01993@gen.local,Élève,Généré 1993,,LYCEEN,BAC_1,Établissement Plateaux Ouest,2026-08-18T16:13:48.533924,true
eleve_gen_01994@gen.local,Élève,Généré 1994,,LYCEEN,BAC_1,Établissement Plateaux Ouest,2026-08-18T16:13:48.533924,true
eleve_gen_01995@gen.local,Élève,Généré 1995,,LYCEEN,BAC_1,Établissement Maritime,2026-08-18T16:13:48.533924,true
eleve_gen_01996@gen.local,Élève,Généré 1996,,LYCEEN,BAC_1,Établissement Grand Lomé,2026-08-18T16:13:48.533924,true
eleve_gen_01997@gen.local,Élève,Généré 1997,,LYCEEN,BAC_1,Établissement Plateaux Ouest,2026-08-18T16:13:48.533924,true
eleve_gen_01998@gen.local,Élève,Généré 1998,,LYCEEN,BAC_1,Établissement Maritime,2026-08-18T16:13:48.533924,true
eleve_gen_01999@gen.local,Élève,Généré 1999,,LYCEEN,BAC_1,Établissement Maritime,2026-08-18T16:13:48.533924,true
eleve_gen_02000@gen.local,Élève,Généré 2000,,LYCEEN,BAC_1,Établissement Plateaux Ouest,2026-08-18T16:13:48.533924,true
eleve_gen_02001@gen.local,Élève,Généré 2001,,LYCEEN,BAC_1,Établissement Maritime,2026-08-18T16:13:48.533924,true
eleve_gen_02002@gen.local,Élève,Généré 2002,,LYCEEN,BAC_1,Établissement Grand Lomé,2026-08-18T16:13:48.533924,true
eleve_gen_02003@gen.local,Élève,Généré 2003,,LYCEEN,BAC_1,Établissement Maritime,2026-08-18T16:13:48.533924,true
eleve_gen_02004@gen.local,Élève,Généré 2004,,LYCEEN,BAC_1,Établissement Kara,2026-08-18T16:13:48.533924,true
eleve_gen_02005@gen.local,Élève,Généré 2005,,LYCEEN,BAC_1,Établissement Maritime,2026-08-18T16:13:48.533924,true
eleve_gen_02006@gen.local,Élève,Généré 2006,,LYCEEN,BAC_1,Établissement Centrale,2026-08-18T16:13:48.533924,true
eleve_gen_02007@gen.local,Élève,Généré 2007,,LYCEEN,BAC_1,Établissement Plateaux Ouest,2026-08-18T16:13:48.533924,true
eleve_gen_02008@gen.local,Élève,Généré 2008,,LYCEEN,BAC_1,Établissement Plateaux Ouest,2026-08-18T16:13:48.533924,true
eleve_gen_02009@gen.local,Élève,Généré 2009,,LYCEEN,BAC_1,Établissement Maritime,2026-08-18T16:13:48.533924,true
eleve_gen_02010@gen.local,Élève,Généré 2010,,LYCEEN,BAC_1,Établissement Plateaux Ouest,2026-08-18T16:13:48.533924,true
eleve_gen_02011@gen.local,Élève,Généré 2011,,LYCEEN,BAC_1,Établissement Kara,2026-08-18T16:13:48.533924,true
eleve_gen_02012@gen.local,Élève,Généré 2012,,LYCEEN,BAC_1,Établissement Grand Lomé,2026-08-18T16:13:48.533924,true
eleve_gen_02013@gen.local,Élève,Généré 2013,,LYCEEN,BAC_1,Établissement Plateaux Est,2026-08-18T16:13:48.533924,true
eleve_gen_02014@gen.local,Élève,Généré 2014,,LYCEEN,BAC_1,Établissement Centrale,2026-08-18T16:13:48.533924,true
eleve_gen_02015@gen.local,Élève,Généré 2015,,LYCEEN,BAC_1,Établissement Grand Lomé,2026-08-18T16:13:48.533924,true
eleve_gen_02016@gen.local,Élève,Généré 2016,,LYCEEN,BAC_1,Établissement Plateaux Ouest,2026-08-18T16:13:48.533924,true
eleve_gen_02017@gen.local,Élève,Généré 2017,,LYCEEN,BAC_1,Établissement Grand Lomé,2026-08-18T16:13:48.533924,true
eleve_gen_02018@gen.local,Élève,Généré 2018,,LYCEEN,BAC_1,Établissement Kara,2026-08-18T16:13:48.533924,true
eleve_gen_02019@gen.local,Élève,Généré 2019,,LYCEEN,BAC_1,Établissement Grand Lomé,2026-08-18T16:13:48.533924,true
eleve_gen_02020@gen.local,Élève,Généré 2020,,LYCEEN,BAC_1,Établissement Plateaux Ouest,2026-08-18T16:13:48.533924,true
eleve_gen_02021@gen.local,Élève,Généré 2021,,LYCEEN,BAC_1,Établissement Maritime,2026-08-18T16:13:48.533924,true
eleve_gen_02022@gen.local,Élève,Généré 2022,,LYCEEN,BAC_1,Établissement Grand Lomé,2026-08-18T16:13:48.533924,true
eleve_gen_02023@gen.local,Élève,Généré 2023,,LYCEEN,BAC_1,Établissement Grand Lomé,2026-08-18T16:13:48.533924,true
eleve_gen_02024@gen.local,Élève,Généré 2024,,LYCEEN,BAC_1,Établissement Grand Lomé,2026-08-18T16:13:48.533924,true
eleve_gen_02025@gen.local,Élève,Généré 2025,,LYCEEN,BAC_1,Établissement Savanes,2026-08-18T16:13:48.533924,true
eleve_gen_02026@gen.local,Élève,Généré 2026,,LYCEEN,BAC_1,Établissement Plateaux Ouest,2026-08-18T16:13:48.533924,true
eleve_gen_02027@gen.local,Élève,Généré 2027,,LYCEEN,BAC_1,Établissement Maritime,2026-08-18T16:13:48.533924,true
eleve_gen_02028@gen.local,Élève,Généré 2028,,LYCEEN,BAC_1,Établissement Maritime,2026-08-18T16:13:48.533924,true
eleve_gen_02029@gen.local,Élève,Généré 2029,,LYCEEN,BAC_1,Établissement Maritime,2026-08-18T16:13:48.533924,true
eleve_gen_02030@gen.local,Élève,Généré 2030,,LYCEEN,BAC_1,Établissement Kara,2026-08-18T16:13:48.533924,true
eleve_gen_02031@gen.local,Élève,Généré 2031,,LYCEEN,BAC_1,Établissement Kara,2026-08-18T16:13:48.533924,true
eleve_gen_02032@gen.local,Élève,Généré 2032,,LYCEEN,BAC_1,Établissement Grand Lomé,2026-08-18T16:13:48.533924,true
eleve_gen_02033@gen.local,Élève,Généré 2033,,LYCEEN,BAC_1,Établissement Kara,2026-08-18T16:13:48.533924,true
eleve_gen_02034@gen.local,Élève,Généré 2034,,LYCEEN,BAC_1,Établissement Grand Lomé,2026-08-18T16:13:48.533924,true
eleve_gen_02035@gen.local,Élève,Généré 2035,,LYCEEN,BAC_1,Établissement Kara,2026-08-18T16:13:48.533924,true
eleve_gen_02036@gen.local,Élève,Généré 2036,,LYCEEN,BAC_1,Établissement Kara,2026-08-18T16:13:48.533924,true
eleve_gen_02037@gen.local,Élève,Généré 2037,,LYCEEN,BAC_1,Établissement Grand Lomé,2026-08-18T16:13:48.533924,true
eleve_gen_02038@gen.local,Élève,Généré 2038,,LYCEEN,BAC_1,Établissement Centrale,2026-08-18T16:13:48.533924,true
eleve_gen_02039@gen.local,Élève,Généré 2039,,LYCEEN,BAC_1,Établissement Grand Lomé,2026-08-18T16:13:48.533924,true
eleve_gen_02040@gen.local,Élève,Généré 2040,,LYCEEN,BAC_1,Établissement Savanes,2026-08-18T16:13:48.533924,true
eleve_gen_02041@gen.local,Élève,Généré 2041,,LYCEEN,BAC_1,Établissement Grand Lomé,2026-08-18T16:13:48.533924,true
eleve_gen_02042@gen.local,Élève,Généré 2042,,LYCEEN,BAC_1,Établissement Centrale,2026-08-18T16:13:48.533924,true
eleve_gen_02043@gen.local,Élève,Généré 2043,,LYCEEN,BAC_1,Établissement Maritime,2026-08-18T16:13:48.533924,true
eleve_gen_02044@gen.local,Élève,Généré 2044,,LYCEEN,BAC_1,Établissement Plateaux Ouest,2026-08-18T16:13:48.533924,true
eleve_gen_02045@gen.local,Élève,Généré 2045,,LYCEEN,BAC_1,Établissement Centrale,2026-08-18T16:13:48.533924,true
eleve_gen_02046@gen.local,Élève,Généré 2046,,LYCEEN,BAC_1,Établissement Plateaux Est,2026-08-18T16:13:48.533924,true
eleve_gen_02047@gen.local,Élève,Généré 2047,,LYCEEN,BAC_1,Établissement Grand Lomé,2026-08-18T16:13:48.533924,true
eleve_gen_02048@gen.local,Élève,Généré 2048,,LYCEEN,BAC_1,Établissement Kara,2026-08-18T16:13:48.533924,true
eleve_gen_02049@gen.local,Élève,Généré 2049,,LYCEEN,BAC_1,Établissement Plateaux Ouest,2026-08-18T16:13:48.533924,true
eleve_gen_02050@gen.local,Élève,Généré 2050,,LYCEEN,BAC_1,Établissement Maritime,2026-08-18T16:13:48.533924,true
eleve_gen_02051@gen.local,Élève,Généré 2051,,LYCEEN,BAC_1,Établissement Centrale,2026-08-18T16:13:48.533924,true
eleve_gen_02052@gen.local,Élève,Généré 2052,,LYCEEN,BAC_1,Établissement Kara,2026-08-18T16:13:48.533924,true
eleve_gen_02053@gen.local,Élève,Généré 2053,,LYCEEN,BAC_1,Établissement Centrale,2026-08-18T16:13:48.533924,true
eleve_gen_02054@gen.local,Élève,Généré 2054,,LYCEEN,BAC_1,Établissement Savanes,2026-08-18T16:13:48.533924,true
eleve_gen_02055@gen.local,Élève,Généré 2055,,LYCEEN,BAC_1,Établissement Grand Lomé,2026-08-18T16:13:48.533924,true
eleve_gen_02056@gen.local,Élève,Généré 2056,,LYCEEN,BAC_1,Établissement Maritime,2026-08-18T16:13:48.533924,true
eleve_gen_02057@gen.local,Élève,Généré 2057,,LYCEEN,BAC_1,Établissement Grand Lomé,2026-08-18T16:13:48.533924,true
eleve_gen_02058@gen.local,Élève,Généré 2058,,LYCEEN,BAC_1,Établissement Plateaux Est,2026-08-18T16:13:48.533924,true
eleve_gen_02059@gen.local,Élève,Généré 2059,,LYCEEN,BAC_1,Établissement Maritime,2026-08-18T16:13:48.533924,true
eleve_gen_02060@gen.local,Élève,Généré 2060,,LYCEEN,BAC_1,Établissement Grand Lomé,2026-08-18T16:13:48.533924,true
eleve_gen_02061@gen.local,Élève,Généré 2061,,LYCEEN,BAC_1,Établissement Grand Lomé,2026-08-18T16:13:48.533924,true
eleve_gen_02062@gen.local,Élève,Généré 2062,,LYCEEN,BAC_1,Établissement Plateaux Est,2026-08-18T16:13:48.533924,true
eleve_gen_02063@gen.local,Élève,Généré 2063,,LYCEEN,BAC_1,Établissement Grand Lomé,2026-08-18T16:13:48.533924,true
eleve_gen_02064@gen.local,Élève,Généré 2064,,LYCEEN,BAC_1,Établissement Centrale,2026-08-18T16:13:48.533924,true
eleve_gen_02065@gen.local,Élève,Généré 2065,,LYCEEN,BAC_1,Établissement Savanes,2026-08-18T16:13:48.533924,true
eleve_gen_02066@gen.local,Élève,Généré 2066,,LYCEEN,BAC_1,Établissement Plateaux Ouest,2026-08-18T16:13:48.533924,true
eleve_gen_02067@gen.local,Élève,Généré 2067,,LYCEEN,BAC_1,Établissement Plateaux Ouest,2026-08-18T16:13:48.533924,true
eleve_gen_02068@gen.local,Élève,Généré 2068,,LYCEEN,BAC_1,Établissement Grand Lomé,2026-08-18T16:13:48.533924,true
eleve_gen_02069@gen.local,Élève,Généré 2069,,LYCEEN,BAC_1,Établissement Kara,2026-08-18T16:13:48.533924,true
eleve_gen_02070@gen.local,Élève,Généré 2070,,LYCEEN,BAC_1,Établissement Savanes,2026-08-18T16:13:48.533924,true
eleve_gen_02071@gen.local,Élève,Généré 2071,,LYCEEN,BAC_1,Établissement Maritime,2026-08-18T16:13:48.533924,true
eleve_gen_02072@gen.local,Élève,Généré 2072,,LYCEEN,BAC_1,Établissement Plateaux Est,2026-08-18T16:13:48.533924,true
eleve_gen_02073@gen.local,Élève,Généré 2073,,LYCEEN,BAC_1,Établissement Grand Lomé,2026-08-18T16:13:48.533924,true
eleve_gen_02074@gen.local,Élève,Généré 2074,,LYCEEN,BAC_1,Établissement Maritime,2026-08-18T16:13:48.533924,true
eleve_gen_02075@gen.local,Élève,Généré 2075,,LYCEEN,BAC_1,Établissement Centrale,2026-08-18T16:13:48.533924,true
eleve_gen_02076@gen.local,Élève,Généré 2076,,LYCEEN,BAC_1,Établissement Maritime,2026-08-18T16:13:48.533924,true
eleve_gen_02077@gen.local,Élève,Généré 2077,,LYCEEN,BAC_1,Établissement Plateaux Est,2026-08-18T16:13:48.533924,true
eleve_gen_02078@gen.local,Élève,Généré 2078,,LYCEEN,BAC_1,Établissement Grand Lomé,2026-08-18T16:13:48.533924,true
eleve_gen_02079@gen.local,Élève,Généré 2079,,LYCEEN,BAC_1,Établissement Grand Lomé,2026-08-18T16:13:48.533924,true
eleve_gen_02080@gen.local,Élève,Généré 2080,,LYCEEN,BAC_1,Établissement Maritime,2026-08-18T16:13:48.533924,true
eleve_gen_02081@gen.local,Élève,Généré 2081,,LYCEEN,BAC_1,Établissement Centrale,2026-08-18T16:13:48.533924,true
eleve_gen_02082@gen.local,Élève,Généré 2082,,LYCEEN,BAC_1,Établissement Maritime,2026-08-18T16:13:48.533924,true
eleve_gen_02083@gen.local,Élève,Généré 2083,,LYCEEN,BAC_1,Établissement Plateaux Est,2026-08-18T16:13:48.533924,true
eleve_gen_02084@gen.local,Élève,Généré 2084,,LYCEEN,BAC_1,Établissement Plateaux Ouest,2026-08-18T16:13:48.533924,true
eleve_gen_02085@gen.local,Élève,Généré 2085,,LYCEEN,BAC_1,Établissement Plateaux Est,2026-08-18T16:13:48.533924,true
eleve_gen_02086@gen.local,Élève,Généré 2086,,LYCEEN,BAC_1,Établissement Plateaux Ouest,2026-08-18T16:13:48.533924,true
eleve_gen_02087@gen.local,Élève,Généré 2087,,LYCEEN,BAC_1,Établissement Grand Lomé,2026-08-18T16:13:48.533924,true
eleve_gen_02088@gen.local,Élève,Généré 2088,,LYCEEN,BAC_1,Établissement Grand Lomé,2026-08-18T16:13:48.533924,true
eleve_gen_02089@gen.local,Élève,Généré 2089,,LYCEEN,BAC_1,Établissement Plateaux Ouest,2026-08-18T16:13:48.533924,true
eleve_gen_02090@gen.local,Élève,Généré 2090,,LYCEEN,BAC_1,Établissement Grand Lomé,2026-08-18T16:13:48.533924,true
eleve_gen_02091@gen.local,Élève,Généré 2091,,LYCEEN,BAC_1,Établissement Grand Lomé,2026-08-18T16:13:48.533924,true
eleve_gen_02092@gen.local,Élève,Généré 2092,,LYCEEN,BAC_1,Établissement Plateaux Est,2026-08-18T16:13:48.533924,true
eleve_gen_02093@gen.local,Élève,Généré 2093,,LYCEEN,BAC_1,Établissement Maritime,2026-08-18T16:13:48.533924,true
eleve_gen_02094@gen.local,Élève,Généré 2094,,LYCEEN,BAC_1,Établissement Centrale,2026-08-18T16:13:48.533924,true
eleve_gen_02095@gen.local,Élève,Généré 2095,,LYCEEN,BAC_1,Établissement Maritime,2026-08-18T16:13:48.533924,true
eleve_gen_02096@gen.local,Élève,Généré 2096,,LYCEEN,BAC_1,Établissement Grand Lomé,2026-08-18T16:13:48.533924,true
eleve_gen_02097@gen.local,Élève,Généré 2097,,LYCEEN,BAC_1,Établissement Kara,2026-08-18T16:13:48.533924,true
eleve_gen_02098@gen.local,Élève,Généré 2098,,LYCEEN,BAC_1,Établissement Maritime,2026-08-18T16:13:48.533924,true
eleve_gen_02099@gen.local,Élève,Généré 2099,,LYCEEN,BAC_1,Établissement Kara,2026-08-18T16:13:48.533924,true
eleve_gen_02100@gen.local,Élève,Généré 2100,,LYCEEN,BAC_1,Établissement Plateaux Ouest,2026-08-18T16:13:48.533924,true
eleve_gen_02101@gen.local,Élève,Généré 2101,,LYCEEN,BAC_1,Établissement Grand Lomé,2026-08-18T16:13:48.533924,true
eleve_gen_02102@gen.local,Élève,Généré 2102,,LYCEEN,BAC_1,Établissement Kara,2026-08-18T16:13:48.533924,true
eleve_gen_02103@gen.local,Élève,Généré 2103,,LYCEEN,BAC_1,Établissement Centrale,2026-08-18T16:13:48.533924,true
eleve_gen_02104@gen.local,Élève,Généré 2104,,LYCEEN,BAC_1,Établissement Grand Lomé,2026-08-18T16:13:48.533924,true
eleve_gen_02105@gen.local,Élève,Généré 2105,,LYCEEN,BAC_1,Établissement Plateaux Ouest,2026-08-18T16:13:48.533924,true
eleve_gen_02106@gen.local,Élève,Généré 2106,,LYCEEN,BAC_1,Établissement Savanes,2026-08-18T16:13:48.533924,true
eleve_gen_02107@gen.local,Élève,Généré 2107,,LYCEEN,BAC_1,Établissement Centrale,2026-08-18T16:13:48.533924,true
eleve_gen_02108@gen.local,Élève,Généré 2108,,LYCEEN,BAC_1,Établissement Plateaux Ouest,2026-08-18T16:13:48.533924,true
eleve_gen_02109@gen.local,Élève,Généré 2109,,LYCEEN,BAC_1,Établissement Maritime,2026-08-18T16:13:48.533924,true
eleve_gen_02110@gen.local,Élève,Généré 2110,,LYCEEN,BAC_1,Établissement Grand Lomé,2026-08-18T16:13:48.533924,true
eleve_gen_02111@gen.local,Élève,Généré 2111,,LYCEEN,BAC_1,Établissement Kara,2026-08-18T16:13:48.533924,true
eleve_gen_02112@gen.local,Élève,Généré 2112,,LYCEEN,BAC_1,Établissement Plateaux Ouest,2026-08-18T16:13:48.533924,true
eleve_gen_02113@gen.local,Élève,Généré 2113,,LYCEEN,BAC_1,Établissement Maritime,2026-08-18T16:13:48.533924,true
eleve_gen_02114@gen.local,Élève,Généré 2114,,LYCEEN,BAC_1,Établissement Grand Lomé,2026-08-18T16:13:48.533924,true
eleve_gen_02115@gen.local,Élève,Généré 2115,,LYCEEN,BAC_1,Établissement Plateaux Est,2026-08-18T16:13:48.533924,true
eleve_gen_02116@gen.local,Élève,Généré 2116,,LYCEEN,BAC_1,Établissement Plateaux Est,2026-08-18T16:13:48.533924,true
eleve_gen_02117@gen.local,Élève,Généré 2117,,LYCEEN,BAC_1,Établissement Grand Lomé,2026-08-18T16:13:48.533924,true
eleve_gen_02118@gen.local,Élève,Généré 2118,,LYCEEN,BAC_1,Établissement Plateaux Est,2026-08-18T16:13:48.533924,true
eleve_gen_02119@gen.local,Élève,Généré 2119,,LYCEEN,BAC_1,Établissement Centrale,2026-08-18T16:13:48.533924,true
eleve_gen_02120@gen.local,Élève,Généré 2120,,LYCEEN,BAC_1,Établissement Savanes,2026-08-18T16:13:48.533924,true
eleve_gen_02121@gen.local,Élève,Généré 2121,,LYCEEN,BAC_1,Établissement Plateaux Est,2026-08-18T16:13:48.533924,true
eleve_gen_02122@gen.local,Élève,Généré 2122,,LYCEEN,BAC_1,Établissement Kara,2026-08-18T16:13:48.533924,true
eleve_gen_02123@gen.local,Élève,Généré 2123,,LYCEEN,BAC_1,Établissement Grand Lomé,2026-08-18T16:13:48.533924,true
eleve_gen_02124@gen.local,Élève,Généré 2124,,LYCEEN,BAC_1,Établissement Grand Lomé,2026-08-18T16:13:48.533924,true
eleve_gen_02125@gen.local,Élève,Généré 2125,,LYCEEN,BAC_1,Établissement Grand Lomé,2026-08-18T16:13:48.533924,true
eleve_gen_02126@gen.local,Élève,Généré 2126,,LYCEEN,BAC_1,Établissement Grand Lomé,2026-08-18T16:13:48.533924,true
eleve_gen_02127@gen.local,Élève,Généré 2127,,LYCEEN,BAC_1,Établissement Plateaux Ouest,2026-08-18T16:13:48.533924,true
eleve_gen_02128@gen.local,Élève,Généré 2128,,LYCEEN,BAC_1,Établissement Grand Lomé,2026-08-18T16:13:48.533924,true
eleve_gen_02129@gen.local,Élève,Généré 2129,,LYCEEN,BAC_1,Établissement Grand Lomé,2026-08-18T16:13:48.533924,true
eleve_gen_02130@gen.local,Élève,Généré 2130,,LYCEEN,BAC_1,Établissement Plateaux Ouest,2026-08-18T16:13:48.533924,true
eleve_gen_02131@gen.local,Élève,Généré 2131,,LYCEEN,BAC_1,Établissement Maritime,2026-08-18T16:13:48.533924,true
eleve_gen_02132@gen.local,Élève,Généré 2132,,LYCEEN,BAC_1,Établissement Plateaux Ouest,2026-08-18T16:13:48.533924,true
eleve_gen_02133@gen.local,Élève,Généré 2133,,LYCEEN,BAC_1,Établissement Kara,2026-08-18T16:13:48.533924,true
eleve_gen_02134@gen.local,Élève,Généré 2134,,LYCEEN,BAC_1,Établissement Grand Lomé,2026-08-18T16:13:48.533924,true
eleve_gen_02135@gen.local,Élève,Généré 2135,,LYCEEN,BAC_1,Établissement Centrale,2026-08-18T16:13:48.533924,true
eleve_gen_02136@gen.local,Élève,Généré 2136,,LYCEEN,BAC_1,Établissement Maritime,2026-08-18T16:13:48.533924,true
eleve_gen_02137@gen.local,Élève,Généré 2137,,LYCEEN,BAC_1,Établissement Plateaux Ouest,2026-08-18T16:13:48.533924,true
eleve_gen_02138@gen.local,Élève,Généré 2138,,LYCEEN,BAC_1,Établissement Maritime,2026-08-18T16:13:48.533924,true
eleve_gen_02139@gen.local,Élève,Généré 2139,,LYCEEN,BAC_1,Établissement Plateaux Ouest,2026-08-18T16:13:48.533924,true
eleve_gen_02140@gen.local,Élève,Généré 2140,,LYCEEN,BAC_1,Établissement Kara,2026-08-18T16:13:48.533924,true
eleve_gen_02141@gen.local,Élève,Généré 2141,,LYCEEN,BAC_1,Établissement Savanes,2026-08-18T16:13:48.533924,true
eleve_gen_02142@gen.local,Élève,Généré 2142,,LYCEEN,BAC_1,Établissement Grand Lomé,2026-08-18T16:13:48.533924,true
eleve_gen_02143@gen.local,Élève,Généré 2143,,LYCEEN,BAC_1,Établissement Maritime,2026-08-18T16:13:48.533924,true
eleve_gen_02144@gen.local,Élève,Généré 2144,,LYCEEN,BAC_1,Établissement Plateaux Ouest,2026-08-18T16:13:48.533924,true
eleve_gen_02145@gen.local,Élève,Généré 2145,,LYCEEN,BAC_1,Établissement Maritime,2026-08-18T16:13:48.533924,true
eleve_gen_02146@gen.local,Élève,Généré 2146,,LYCEEN,BAC_1,Établissement Grand Lomé,2026-08-18T16:13:48.533924,true
eleve_gen_02147@gen.local,Élève,Généré 2147,,LYCEEN,BAC_1,Établissement Plateaux Est,2026-08-18T16:13:48.533924,true
eleve_gen_02148@gen.local,Élève,Généré 2148,,LYCEEN,BAC_1,Établissement Grand Lomé,2026-08-18T16:13:48.533924,true
eleve_gen_02149@gen.local,Élève,Généré 2149,,LYCEEN,BAC_1,Établissement Maritime,2026-08-18T16:13:48.533924,true
eleve_gen_02150@gen.local,Élève,Généré 2150,,LYCEEN,BAC_1,Établissement Plateaux Est,2026-08-18T16:13:48.533924,true
eleve_gen_02151@gen.local,Élève,Généré 2151,,LYCEEN,BAC_1,Établissement Plateaux Ouest,2026-08-18T16:13:48.533924,true
eleve_gen_02152@gen.local,Élève,Généré 2152,,LYCEEN,BAC_1,Établissement Maritime,2026-08-18T16:13:48.533924,true
eleve_gen_02153@gen.local,Élève,Généré 2153,,LYCEEN,BAC_1,Établissement Grand Lomé,2026-08-18T16:13:48.533924,true
eleve_gen_02154@gen.local,Élève,Généré 2154,,LYCEEN,BAC_1,Établissement Grand Lomé,2026-08-18T16:13:48.533924,true
eleve_gen_02155@gen.local,Élève,Généré 2155,,LYCEEN,BAC_1,Établissement Grand Lomé,2026-08-18T16:13:48.533924,true
eleve_gen_02156@gen.local,Élève,Généré 2156,,LYCEEN,BAC_1,Établissement Maritime,2026-08-18T16:13:48.533924,true
eleve_gen_02157@gen.local,Élève,Généré 2157,,LYCEEN,BAC_1,Établissement Plateaux Ouest,2026-08-18T16:13:48.533924,true
eleve_gen_02158@gen.local,Élève,Généré 2158,,LYCEEN,BAC_1,Établissement Grand Lomé,2026-08-18T16:13:48.533924,true
eleve_gen_02159@gen.local,Élève,Généré 2159,,LYCEEN,BAC_1,Établissement Grand Lomé,2026-08-18T16:13:48.533924,true
eleve_gen_02160@gen.local,Élève,Généré 2160,,LYCEEN,BAC_1,Établissement Plateaux Est,2026-08-18T16:13:48.533924,true
eleve_gen_02161@gen.local,Élève,Généré 2161,,LYCEEN,BAC_1,Établissement Maritime,2026-08-18T16:13:48.533924,true
eleve_gen_02162@gen.local,Élève,Généré 2162,,LYCEEN,BAC_1,Établissement Plateaux Ouest,2026-08-18T16:13:48.533924,true
eleve_gen_02163@gen.local,Élève,Généré 2163,,LYCEEN,BAC_1,Établissement Centrale,2026-08-18T16:13:48.533924,true
eleve_gen_02164@gen.local,Élève,Généré 2164,,LYCEEN,BAC_1,Établissement Plateaux Est,2026-08-18T16:13:48.533924,true
eleve_gen_02165@gen.local,Élève,Généré 2165,,LYCEEN,BAC_1,Établissement Grand Lomé,2026-08-18T16:13:48.533924,true
eleve_gen_02166@gen.local,Élève,Généré 2166,,LYCEEN,BAC_1,Établissement Savanes,2026-08-18T16:13:48.533924,true
eleve_gen_02167@gen.local,Élève,Généré 2167,,LYCEEN,BAC_1,Établissement Centrale,2026-08-18T16:13:48.533924,true
eleve_gen_02168@gen.local,Élève,Généré 2168,,LYCEEN,BAC_1,Établissement Plateaux Est,2026-08-18T16:13:48.533924,true
eleve_gen_02169@gen.local,Élève,Généré 2169,,LYCEEN,BAC_1,Établissement Plateaux Est,2026-08-18T16:13:48.533924,true
eleve_gen_02170@gen.local,Élève,Généré 2170,,LYCEEN,BAC_1,Établissement Grand Lomé,2026-08-18T16:13:48.533924,true
eleve_gen_02171@gen.local,Élève,Généré 2171,,LYCEEN,BAC_1,Établissement Maritime,2026-08-18T16:13:48.533924,true
eleve_gen_02172@gen.local,Élève,Généré 2172,,LYCEEN,BAC_1,Établissement Centrale,2026-08-18T16:13:48.533924,true
eleve_gen_02173@gen.local,Élève,Généré 2173,,LYCEEN,BAC_1,Établissement Centrale,2026-08-18T16:13:48.533924,true
eleve_gen_02174@gen.local,Élève,Généré 2174,,LYCEEN,BAC_1,Établissement Plateaux Ouest,2026-08-18T16:13:48.533924,true
eleve_gen_02175@gen.local,Élève,Généré 2175,,LYCEEN,BAC_1,Établissement Kara,2026-08-18T16:13:48.533924,true
eleve_gen_02176@gen.local,Élève,Généré 2176,,LYCEEN,BAC_1,Établissement Plateaux Ouest,2026-08-18T16:13:48.533924,true
eleve_gen_02177@gen.local,Élève,Généré 2177,,LYCEEN,BAC_1,Établissement Plateaux Est,2026-08-18T16:13:48.533924,true
eleve_gen_02178@gen.local,Élève,Généré 2178,,LYCEEN,BAC_1,Établissement Savanes,2026-08-18T16:13:48.533924,true
eleve_gen_02179@gen.local,Élève,Généré 2179,,LYCEEN,BAC_1,Établissement Grand Lomé,2026-08-18T16:13:48.533924,true
eleve_gen_02180@gen.local,Élève,Généré 2180,,LYCEEN,BAC_1,Établissement Maritime,2026-08-18T16:13:48.533924,true
eleve_gen_02181@gen.local,Élève,Généré 2181,,LYCEEN,BAC_1,Établissement Plateaux Ouest,2026-08-18T16:13:48.533924,true
eleve_gen_02182@gen.local,Élève,Généré 2182,,LYCEEN,BAC_1,Établissement Kara,2026-08-18T16:13:48.533924,true
eleve_gen_02183@gen.local,Élève,Généré 2183,,LYCEEN,BAC_1,Établissement Grand Lomé,2026-08-18T16:13:48.533924,true
eleve_gen_02184@gen.local,Élève,Généré 2184,,LYCEEN,BAC_1,Établissement Kara,2026-08-18T16:13:48.533924,true
eleve_gen_02185@gen.local,Élève,Généré 2185,,LYCEEN,BAC_1,Établissement Maritime,2026-08-18T16:13:48.533924,true
eleve_gen_02186@gen.local,Élève,Généré 2186,,LYCEEN,BAC_1,Établissement Plateaux Ouest,2026-08-18T16:13:48.533924,true
eleve_gen_02187@gen.local,Élève,Généré 2187,,LYCEEN,BAC_1,Établissement Centrale,2026-08-18T16:13:48.533924,true
eleve_gen_02188@gen.local,Élève,Généré 2188,,LYCEEN,BAC_1,Établissement Savanes,2026-08-18T16:13:48.533924,true
eleve_gen_02189@gen.local,Élève,Généré 2189,,LYCEEN,BAC_1,Établissement Centrale,2026-08-18T16:13:48.533924,true
eleve_gen_02190@gen.local,Élève,Généré 2190,,LYCEEN,BAC_1,Établissement Kara,2026-08-18T16:13:48.533924,true
eleve_gen_02191@gen.local,Élève,Généré 2191,,LYCEEN,BAC_1,Établissement Centrale,2026-08-18T16:13:48.533924,true
eleve_gen_02192@gen.local,Élève,Généré 2192,,LYCEEN,BAC_1,Établissement Grand Lomé,2026-08-18T16:13:48.533924,true
eleve_gen_02193@gen.local,Élève,Généré 2193,,LYCEEN,BAC_1,Établissement Kara,2026-08-18T16:13:48.533924,true
eleve_gen_02194@gen.local,Élève,Généré 2194,,LYCEEN,BAC_1,Établissement Plateaux Ouest,2026-08-18T16:13:48.533924,true
eleve_gen_02195@gen.local,Élève,Généré 2195,,LYCEEN,BAC_1,Établissement Maritime,2026-08-18T16:13:48.533924,true
eleve_gen_02196@gen.local,Élève,Généré 2196,,LYCEEN,BAC_1,Établissement Grand Lomé,2026-08-18T16:13:48.533924,true
eleve_gen_02197@gen.local,Élève,Généré 2197,,LYCEEN,BAC_1,Établissement Grand Lomé,2026-08-18T16:13:48.533924,true
eleve_gen_02198@gen.local,Élève,Généré 2198,,LYCEEN,BAC_1,Établissement Centrale,2026-08-18T16:13:48.533924,true
eleve_gen_02199@gen.local,Élève,Généré 2199,,LYCEEN,BAC_1,Établissement Centrale,2026-08-18T16:13:48.533924,true
eleve_gen_02200@gen.local,Élève,Généré 2200,,LYCEEN,BAC_1,Établissement Centrale,2026-08-18T16:13:48.533924,true
eleve_gen_02201@gen.local,Élève,Généré 2201,,LYCEEN,BAC_1,Établissement Maritime,2026-08-18T16:13:48.533924,true
eleve_gen_02202@gen.local,Élève,Généré 2202,,LYCEEN,BAC_1,Établissement Centrale,2026-08-18T16:13:48.533924,true
eleve_gen_02203@gen.local,Élève,Généré 2203,,LYCEEN,BAC_1,Établissement Centrale,2026-08-18T16:13:48.533924,true
eleve_gen_02204@gen.local,Élève,Généré 2204,,LYCEEN,BAC_1,Établissement Maritime,2026-08-18T16:13:48.533924,true
eleve_gen_02205@gen.local,Élève,Généré 2205,,LYCEEN,BAC_1,Établissement Maritime,2026-08-18T16:13:48.533924,true
eleve_gen_02206@gen.local,Élève,Généré 2206,,LYCEEN,BAC_1,Établissement Centrale,2026-08-18T16:13:48.533924,true
eleve_gen_02207@gen.local,Élève,Généré 2207,,LYCEEN,BAC_1,Établissement Plateaux Ouest,2026-08-18T16:13:48.533924,true
eleve_gen_02208@gen.local,Élève,Généré 2208,,LYCEEN,BAC_1,Établissement Plateaux Ouest,2026-08-18T16:13:48.533924,true
eleve_gen_02209@gen.local,Élève,Généré 2209,,LYCEEN,BAC_1,Établissement Maritime,2026-08-18T16:13:48.533924,true
eleve_gen_02210@gen.local,Élève,Généré 2210,,LYCEEN,BAC_1,Établissement Maritime,2026-08-18T16:13:48.533924,true
eleve_gen_02211@gen.local,Élève,Généré 2211,,LYCEEN,BAC_1,Établissement Maritime,2026-08-18T16:13:48.533924,true
eleve_gen_02212@gen.local,Élève,Généré 2212,,LYCEEN,BAC_1,Établissement Plateaux Est,2026-08-18T16:13:48.533924,true
eleve_gen_02213@gen.local,Élève,Généré 2213,,LYCEEN,BAC_1,Établissement Plateaux Ouest,2026-08-18T16:13:48.533924,true
eleve_gen_02214@gen.local,Élève,Généré 2214,,LYCEEN,BAC_1,Établissement Plateaux Ouest,2026-08-18T16:13:48.533924,true
eleve_gen_02215@gen.local,Élève,Généré 2215,,LYCEEN,BAC_1,Établissement Maritime,2026-08-18T16:13:48.533924,true
eleve_gen_02216@gen.local,Élève,Généré 2216,,LYCEEN,BAC_1,Établissement Plateaux Ouest,2026-08-18T16:13:48.533924,true
eleve_gen_02217@gen.local,Élève,Généré 2217,,LYCEEN,BAC_1,Établissement Savanes,2026-08-18T16:13:48.533924,true
eleve_gen_02218@gen.local,Élève,Généré 2218,,LYCEEN,BAC_1,Établissement Plateaux Est,2026-08-18T16:13:48.533924,true
eleve_gen_02219@gen.local,Élève,Généré 2219,,LYCEEN,BAC_1,Établissement Grand Lomé,2026-08-18T16:13:48.533924,true
eleve_gen_02220@gen.local,Élève,Généré 2220,,LYCEEN,BAC_1,Établissement Plateaux Ouest,2026-08-18T16:13:48.533924,true
eleve_gen_02221@gen.local,Élève,Généré 2221,,LYCEEN,BAC_1,Établissement Centrale,2026-08-18T16:13:48.533924,true
eleve_gen_02222@gen.local,Élève,Généré 2222,,LYCEEN,BAC_1,Établissement Plateaux Est,2026-08-18T16:13:48.533924,true
eleve_gen_02223@gen.local,Élève,Généré 2223,,LYCEEN,BAC_1,Établissement Grand Lomé,2026-08-18T16:13:48.533924,true
eleve_gen_02224@gen.local,Élève,Généré 2224,,LYCEEN,BAC_1,Établissement Grand Lomé,2026-08-18T16:13:48.533924,true
eleve_gen_02225@gen.local,Élève,Généré 2225,,LYCEEN,BAC_1,Établissement Plateaux Ouest,2026-08-18T16:13:48.533924,true
eleve_gen_02226@gen.local,Élève,Généré 2226,,LYCEEN,BAC_1,Établissement Plateaux Est,2026-08-18T16:13:48.533924,true
eleve_gen_02227@gen.local,Élève,Généré 2227,,LYCEEN,BAC_1,Établissement Plateaux Est,2026-08-18T16:13:48.533924,true
eleve_gen_02228@gen.local,Élève,Généré 2228,,LYCEEN,BAC_1,Établissement Maritime,2026-08-18T16:13:48.533924,true
eleve_gen_02229@gen.local,Élève,Généré 2229,,LYCEEN,BAC_1,Établissement Centrale,2026-08-18T16:13:48.533924,true
eleve_gen_02230@gen.local,Élève,Généré 2230,,LYCEEN,BAC_1,Établissement Centrale,2026-08-18T16:13:48.533924,true
eleve_gen_02231@gen.local,Élève,Généré 2231,,LYCEEN,BAC_1,Établissement Maritime,2026-08-18T16:13:48.533924,true
eleve_gen_02232@gen.local,Élève,Généré 2232,,LYCEEN,BAC_1,Établissement Maritime,2026-08-18T16:13:48.533924,true
eleve_gen_02233@gen.local,Élève,Généré 2233,,LYCEEN,BAC_1,Établissement Centrale,2026-08-18T16:13:48.533924,true
eleve_gen_02234@gen.local,Élève,Généré 2234,,LYCEEN,BAC_1,Établissement Grand Lomé,2026-08-18T16:13:48.533924,true
eleve_gen_02235@gen.local,Élève,Généré 2235,,LYCEEN,BAC_1,Établissement Centrale,2026-08-18T16:13:48.533924,true
eleve_gen_02236@gen.local,Élève,Généré 2236,,LYCEEN,BAC_1,Établissement Kara,2026-08-18T16:13:48.533924,true
eleve_gen_02237@gen.local,Élève,Généré 2237,,LYCEEN,BAC_1,Établissement Plateaux Ouest,2026-08-18T16:13:48.533924,true
eleve_gen_02238@gen.local,Élève,Généré 2238,,LYCEEN,BAC_1,Établissement Maritime,2026-08-18T16:13:48.533924,true
eleve_gen_02239@gen.local,Élève,Généré 2239,,LYCEEN,BAC_1,Établissement Grand Lomé,2026-08-18T16:13:48.533924,true
eleve_gen_02240@gen.local,Élève,Généré 2240,,LYCEEN,BAC_1,Établissement Grand Lomé,2026-08-18T16:13:48.533924,true
eleve_gen_02241@gen.local,Élève,Généré 2241,,LYCEEN,BAC_1,Établissement Plateaux Est,2026-08-18T16:13:48.533924,true
eleve_gen_02242@gen.local,Élève,Généré 2242,,LYCEEN,BAC_1,Établissement Savanes,2026-08-18T16:13:48.533924,true
eleve_gen_02243@gen.local,Élève,Généré 2243,,LYCEEN,BAC_1,Établissement Maritime,2026-08-18T16:13:48.533924,true
eleve_gen_02244@gen.local,Élève,Généré 2244,,LYCEEN,BAC_1,Établissement Maritime,2026-08-18T16:13:48.533924,true
eleve_gen_02245@gen.local,Élève,Généré 2245,,LYCEEN,BAC_1,Établissement Maritime,2026-08-18T16:13:48.533924,true
eleve_gen_02246@gen.local,Élève,Généré 2246,,LYCEEN,BAC_1,Établissement Maritime,2026-08-18T16:13:48.533924,true
eleve_gen_02247@gen.local,Élève,Généré 2247,,LYCEEN,BAC_1,Établissement Grand Lomé,2026-08-18T16:13:48.533924,true
eleve_gen_02248@gen.local,Élève,Généré 2248,,LYCEEN,BAC_1,Établissement Plateaux Est,2026-08-18T16:13:48.533924,true
eleve_gen_02249@gen.local,Élève,Généré 2249,,LYCEEN,BAC_1,Établissement Maritime,2026-08-18T16:13:48.533924,true
eleve_gen_02250@gen.local,Élève,Généré 2250,,LYCEEN,BAC_1,Établissement Grand Lomé,2026-08-18T16:13:48.533924,true
eleve_gen_02251@gen.local,Élève,Généré 2251,,LYCEEN,BAC_1,Établissement Kara,2026-08-18T16:13:48.533924,true
eleve_gen_02252@gen.local,Élève,Généré 2252,,LYCEEN,BAC_1,Établissement Maritime,2026-08-18T16:13:48.533924,true
eleve_gen_02253@gen.local,Élève,Généré 2253,,LYCEEN,BAC_1,Établissement Centrale,2026-08-18T16:13:48.533924,true
eleve_gen_02254@gen.local,Élève,Généré 2254,,LYCEEN,BAC_1,Établissement Centrale,2026-08-18T16:13:48.533924,true
eleve_gen_02255@gen.local,Élève,Généré 2255,,LYCEEN,BAC_1,Établissement Maritime,2026-08-18T16:13:48.533924,true
eleve_gen_02256@gen.local,Élève,Généré 2256,,LYCEEN,BAC_1,Établissement Maritime,2026-08-18T16:13:48.533924,true
eleve_gen_02257@gen.local,Élève,Généré 2257,,LYCEEN,BAC_1,Établissement Centrale,2026-08-18T16:13:48.533924,true
eleve_gen_02258@gen.local,Élève,Généré 2258,,LYCEEN,BAC_1,Établissement Centrale,2026-08-18T16:13:48.533924,true
eleve_gen_02259@gen.local,Élève,Généré 2259,,LYCEEN,BAC_1,Établissement Grand Lomé,2026-08-18T16:13:48.533924,true
eleve_gen_02260@gen.local,Élève,Généré 2260,,LYCEEN,BAC_1,Établissement Plateaux Est,2026-08-18T16:13:48.533924,true
eleve_gen_02261@gen.local,Élève,Généré 2261,,LYCEEN,BAC_1,Établissement Kara,2026-08-18T16:13:48.533924,true
eleve_gen_02262@gen.local,Élève,Généré 2262,,LYCEEN,BAC_1,Établissement Grand Lomé,2026-08-18T16:13:48.533924,true
eleve_gen_02263@gen.local,Élève,Généré 2263,,LYCEEN,BAC_1,Établissement Kara,2026-08-18T16:13:48.533924,true
eleve_gen_02264@gen.local,Élève,Généré 2264,,LYCEEN,BAC_1,Établissement Maritime,2026-08-18T16:13:48.533924,true
eleve_gen_02265@gen.local,Élève,Généré 2265,,LYCEEN,BAC_1,Établissement Grand Lomé,2026-08-18T16:13:48.533924,true
eleve_gen_02266@gen.local,Élève,Généré 2266,,LYCEEN,BAC_1,Établissement Plateaux Ouest,2026-08-18T16:13:48.533924,true
eleve_gen_02267@gen.local,Élève,Généré 2267,,LYCEEN,BAC_1,Établissement Maritime,2026-08-18T16:13:48.533924,true
eleve_gen_02268@gen.local,Élève,Généré 2268,,LYCEEN,BAC_1,Établissement Grand Lomé,2026-08-18T16:13:48.533924,true
eleve_gen_02269@gen.local,Élève,Généré 2269,,LYCEEN,BAC_1,Établissement Savanes,2026-08-18T16:13:48.533924,true
eleve_gen_02270@gen.local,Élève,Généré 2270,,LYCEEN,BAC_1,Établissement Grand Lomé,2026-08-18T16:13:48.533924,true
eleve_gen_02271@gen.local,Élève,Généré 2271,,LYCEEN,BAC_1,Établissement Grand Lomé,2026-08-18T16:13:48.533924,true
eleve_gen_02272@gen.local,Élève,Généré 2272,,LYCEEN,BAC_1,Établissement Plateaux Ouest,2026-08-18T16:13:48.533924,true
eleve_gen_02273@gen.local,Élève,Généré 2273,,LYCEEN,BAC_1,Établissement Plateaux Ouest,2026-08-18T16:13:48.533924,true
eleve_gen_02274@gen.local,Élève,Généré 2274,,LYCEEN,BAC_1,Établissement Centrale,2026-08-18T16:13:48.533924,true
eleve_gen_02275@gen.local,Élève,Généré 2275,,LYCEEN,BAC_1,Établissement Kara,2026-08-18T16:13:48.533924,true
eleve_gen_02276@gen.local,Élève,Généré 2276,,LYCEEN,BAC_1,Établissement Savanes,2026-08-18T16:13:48.533924,true
eleve_gen_02277@gen.local,Élève,Généré 2277,,LYCEEN,BAC_1,Établissement Grand Lomé,2026-08-18T16:13:48.533924,true
eleve_gen_02278@gen.local,Élève,Généré 2278,,LYCEEN,BAC_1,Établissement Centrale,2026-08-18T16:13:48.533924,true
eleve_gen_02279@gen.local,Élève,Généré 2279,,LYCEEN,BAC_1,Établissement Plateaux Ouest,2026-08-18T16:13:48.533924,true
eleve_gen_02280@gen.local,Élève,Généré 2280,,LYCEEN,BAC_1,Établissement Centrale,2026-08-18T16:13:48.533924,true
eleve_gen_02281@gen.local,Élève,Généré 2281,,LYCEEN,BAC_1,Établissement Plateaux Ouest,2026-08-18T16:13:48.533924,true
eleve_gen_02282@gen.local,Élève,Généré 2282,,LYCEEN,BAC_1,Établissement Maritime,2026-08-18T16:13:48.533924,true
eleve_gen_02283@gen.local,Élève,Généré 2283,,LYCEEN,BAC_1,Établissement Savanes,2026-08-18T16:13:48.533924,true
eleve_gen_02284@gen.local,Élève,Généré 2284,,LYCEEN,BAC_1,Établissement Maritime,2026-08-18T16:13:48.533924,true
eleve_gen_02285@gen.local,Élève,Généré 2285,,LYCEEN,BAC_1,Établissement Maritime,2026-08-18T16:13:48.533924,true
eleve_gen_02286@gen.local,Élève,Généré 2286,,LYCEEN,BAC_1,Établissement Savanes,2026-08-18T16:13:48.533924,true
eleve_gen_02287@gen.local,Élève,Généré 2287,,LYCEEN,BAC_1,Établissement Plateaux Ouest,2026-08-18T16:13:48.533924,true
eleve_gen_02288@gen.local,Élève,Généré 2288,,LYCEEN,BAC_1,Établissement Plateaux Est,2026-08-18T16:13:48.533924,true
eleve_gen_02289@gen.local,Élève,Généré 2289,,LYCEEN,BAC_1,Établissement Grand Lomé,2026-08-18T16:13:48.533924,true
eleve_gen_02290@gen.local,Élève,Généré 2290,,LYCEEN,BAC_1,Établissement Centrale,2026-08-18T16:13:48.533924,true
eleve_gen_02291@gen.local,Élève,Généré 2291,,LYCEEN,BAC_1,Établissement Grand Lomé,2026-08-18T16:13:48.533924,true
eleve_gen_02292@gen.local,Élève,Généré 2292,,LYCEEN,BAC_1,Établissement Kara,2026-08-18T16:13:48.533924,true
eleve_gen_02293@gen.local,Élève,Généré 2293,,LYCEEN,BAC_1,Établissement Plateaux Est,2026-08-18T16:13:48.533924,true
eleve_gen_02294@gen.local,Élève,Généré 2294,,LYCEEN,BAC_1,Établissement Plateaux Est,2026-08-18T16:13:48.533924,true
eleve_gen_02295@gen.local,Élève,Généré 2295,,LYCEEN,BAC_1,Établissement Kara,2026-08-18T16:13:48.533924,true
eleve_gen_02296@gen.local,Élève,Généré 2296,,LYCEEN,BAC_1,Établissement Savanes,2026-08-18T16:13:48.533924,true
eleve_gen_02297@gen.local,Élève,Généré 2297,,LYCEEN,BAC_1,Établissement Plateaux Est,2026-08-18T16:13:48.533924,true
eleve_gen_02298@gen.local,Élève,Généré 2298,,LYCEEN,BAC_1,Établissement Maritime,2026-08-18T16:13:48.533924,true
eleve_gen_02299@gen.local,Élève,Généré 2299,,LYCEEN,BAC_1,Établissement Plateaux Ouest,2026-08-18T16:13:48.533924,true
eleve_gen_02300@gen.local,Élève,Généré 2300,,LYCEEN,BAC_1,Établissement Centrale,2026-08-18T16:13:48.533924,true
eleve_gen_02301@gen.local,Élève,Généré 2301,,LYCEEN,BAC_1,Établissement Kara,2026-08-18T16:13:48.533924,true
eleve_gen_02302@gen.local,Élève,Généré 2302,,LYCEEN,BAC_1,Établissement Kara,2026-08-18T16:13:48.533924,true
eleve_gen_02303@gen.local,Élève,Généré 2303,,LYCEEN,BAC_1,Établissement Maritime,2026-08-18T16:13:48.533924,true
eleve_gen_02304@gen.local,Élève,Généré 2304,,LYCEEN,BAC_1,Établissement Grand Lomé,2026-08-18T16:13:48.533924,true
eleve_gen_02305@gen.local,Élève,Généré 2305,,LYCEEN,BAC_1,Établissement Grand Lomé,2026-08-18T16:13:48.533924,true
eleve_gen_02306@gen.local,Élève,Généré 2306,,LYCEEN,BAC_1,Établissement Grand Lomé,2026-08-18T16:13:48.533924,true
eleve_gen_02307@gen.local,Élève,Généré 2307,,LYCEEN,BAC_1,Établissement Maritime,2026-08-18T16:13:48.533924,true
eleve_gen_02308@gen.local,Élève,Généré 2308,,LYCEEN,BAC_1,Établissement Grand Lomé,2026-08-18T16:13:48.533924,true
eleve_gen_02309@gen.local,Élève,Généré 2309,,LYCEEN,BAC_1,Établissement Maritime,2026-08-18T16:13:48.533924,true
eleve_gen_02310@gen.local,Élève,Généré 2310,,LYCEEN,BAC_1,Établissement Grand Lomé,2026-08-18T16:13:48.533924,true
eleve_gen_02311@gen.local,Élève,Généré 2311,,LYCEEN,BAC_1,Établissement Savanes,2026-08-18T16:13:48.533924,true
eleve_gen_02312@gen.local,Élève,Généré 2312,,LYCEEN,BAC_1,Établissement Plateaux Est,2026-08-18T16:13:48.533924,true
eleve_gen_02313@gen.local,Élève,Généré 2313,,LYCEEN,BAC_1,Établissement Centrale,2026-08-18T16:13:48.533924,true
eleve_gen_02314@gen.local,Élève,Généré 2314,,LYCEEN,BAC_1,Établissement Maritime,2026-08-18T16:13:48.533924,true
eleve_gen_02315@gen.local,Élève,Généré 2315,,LYCEEN,BAC_1,Établissement Plateaux Ouest,2026-08-18T16:13:48.533924,true
eleve_gen_02316@gen.local,Élève,Généré 2316,,LYCEEN,BAC_1,Établissement Centrale,2026-08-18T16:13:48.533924,true
eleve_gen_02317@gen.local,Élève,Généré 2317,,LYCEEN,BAC_1,Établissement Savanes,2026-08-18T16:13:48.533924,true
eleve_gen_02318@gen.local,Élève,Généré 2318,,LYCEEN,BAC_1,Établissement Maritime,2026-08-18T16:13:48.533924,true
eleve_gen_02319@gen.local,Élève,Généré 2319,,LYCEEN,BAC_1,Établissement Maritime,2026-08-18T16:13:48.533924,true
eleve_gen_02320@gen.local,Élève,Généré 2320,,LYCEEN,BAC_1,Établissement Centrale,2026-08-18T16:13:48.533924,true
eleve_gen_02321@gen.local,Élève,Généré 2321,,LYCEEN,BAC_1,Établissement Plateaux Est,2026-08-18T16:13:48.533924,true
eleve_gen_02322@gen.local,Élève,Généré 2322,,LYCEEN,BAC_1,Établissement Plateaux Est,2026-08-18T16:13:48.533924,true
eleve_gen_02323@gen.local,Élève,Généré 2323,,LYCEEN,BAC_1,Établissement Maritime,2026-08-18T16:13:48.533924,true
eleve_gen_02324@gen.local,Élève,Généré 2324,,LYCEEN,BAC_1,Établissement Plateaux Ouest,2026-08-18T16:13:48.533924,true
eleve_gen_02325@gen.local,Élève,Généré 2325,,LYCEEN,BAC_1,Établissement Plateaux Ouest,2026-08-18T16:13:48.533924,true
eleve_gen_02326@gen.local,Élève,Généré 2326,,LYCEEN,BAC_1,Établissement Maritime,2026-08-18T16:13:48.533924,true
eleve_gen_02327@gen.local,Élève,Généré 2327,,LYCEEN,BAC_1,Établissement Plateaux Ouest,2026-08-18T16:13:48.533924,true
eleve_gen_02328@gen.local,Élève,Généré 2328,,LYCEEN,BAC_1,Établissement Centrale,2026-08-18T16:13:48.533924,true
eleve_gen_02329@gen.local,Élève,Généré 2329,,LYCEEN,BAC_1,Établissement Kara,2026-08-18T16:13:48.533924,true
eleve_gen_02330@gen.local,Élève,Généré 2330,,LYCEEN,BAC_1,Établissement Maritime,2026-08-18T16:13:48.533924,true
eleve_gen_02331@gen.local,Élève,Généré 2331,,LYCEEN,BAC_1,Établissement Savanes,2026-08-18T16:13:48.533924,true
eleve_gen_02332@gen.local,Élève,Généré 2332,,LYCEEN,BAC_1,Établissement Maritime,2026-08-18T16:13:48.533924,true
eleve_gen_02333@gen.local,Élève,Généré 2333,,LYCEEN,BAC_1,Établissement Plateaux Ouest,2026-08-18T16:13:48.533924,true
eleve_gen_02334@gen.local,Élève,Généré 2334,,LYCEEN,BAC_1,Établissement Grand Lomé,2026-08-18T16:13:48.533924,true
eleve_gen_02335@gen.local,Élève,Généré 2335,,LYCEEN,BAC_1,Établissement Kara,2026-08-18T16:13:48.533924,true
eleve_gen_02336@gen.local,Élève,Généré 2336,,LYCEEN,BAC_1,Établissement Grand Lomé,2026-08-18T16:13:48.533924,true
eleve_gen_02337@gen.local,Élève,Généré 2337,,LYCEEN,BAC_1,Établissement Centrale,2026-08-18T16:13:48.533924,true
eleve_gen_02338@gen.local,Élève,Généré 2338,,LYCEEN,BAC_1,Établissement Centrale,2026-08-18T16:13:48.533924,true
eleve_gen_02339@gen.local,Élève,Généré 2339,,LYCEEN,BAC_1,Établissement Grand Lomé,2026-08-18T16:13:48.533924,true
eleve_gen_02340@gen.local,Élève,Généré 2340,,LYCEEN,BAC_1,Établissement Savanes,2026-08-18T16:13:48.533924,true
eleve_gen_02341@gen.local,Élève,Généré 2341,,LYCEEN,BAC_1,Établissement Plateaux Est,2026-08-18T16:13:48.533924,true
eleve_gen_02342@gen.local,Élève,Généré 2342,,LYCEEN,BAC_1,Établissement Maritime,2026-08-18T16:13:48.533924,true
eleve_gen_02343@gen.local,Élève,Généré 2343,,LYCEEN,BAC_1,Établissement Kara,2026-08-18T16:13:48.533924,true
eleve_gen_02344@gen.local,Élève,Généré 2344,,LYCEEN,BAC_1,Établissement Maritime,2026-08-18T16:13:48.533924,true
eleve_gen_02345@gen.local,Élève,Généré 2345,,LYCEEN,BAC_1,Établissement Grand Lomé,2026-08-18T16:13:48.533924,true
eleve_gen_02346@gen.local,Élève,Généré 2346,,LYCEEN,BAC_1,Établissement Plateaux Ouest,2026-08-18T16:13:48.533924,true
eleve_gen_02347@gen.local,Élève,Généré 2347,,LYCEEN,BAC_1,Établissement Kara,2026-08-18T16:13:48.533924,true
eleve_gen_02348@gen.local,Élève,Généré 2348,,LYCEEN,BAC_1,Établissement Centrale,2026-08-18T16:13:48.533924,true
eleve_gen_02349@gen.local,Élève,Généré 2349,,LYCEEN,BAC_1,Établissement Kara,2026-08-18T16:13:48.533924,true
eleve_gen_02350@gen.local,Élève,Généré 2350,,LYCEEN,BAC_1,Établissement Maritime,2026-08-18T16:13:48.533924,true
eleve_gen_02351@gen.local,Élève,Généré 2351,,LYCEEN,BAC_1,Établissement Maritime,2026-08-18T16:13:48.533924,true
eleve_gen_02352@gen.local,Élève,Généré 2352,,LYCEEN,BAC_1,Établissement Plateaux Est,2026-08-18T16:13:48.533924,true
eleve_gen_02353@gen.local,Élève,Généré 2353,,LYCEEN,BAC_1,Établissement Plateaux Ouest,2026-08-18T16:13:48.533924,true
eleve_gen_02354@gen.local,Élève,Généré 2354,,LYCEEN,BAC_1,Établissement Kara,2026-08-18T16:13:48.533924,true
eleve_gen_02355@gen.local,Élève,Généré 2355,,LYCEEN,BAC_1,Établissement Plateaux Ouest,2026-08-18T16:13:48.533924,true
eleve_gen_02356@gen.local,Élève,Généré 2356,,LYCEEN,BAC_1,Établissement Grand Lomé,2026-08-18T16:13:48.533924,true
eleve_gen_02357@gen.local,Élève,Généré 2357,,LYCEEN,BAC_1,Établissement Plateaux Est,2026-08-18T16:13:48.533924,true
eleve_gen_02358@gen.local,Élève,Généré 2358,,LYCEEN,BAC_1,Établissement Centrale,2026-08-18T16:13:48.533924,true
eleve_gen_02359@gen.local,Élève,Généré 2359,,LYCEEN,BAC_1,Établissement Maritime,2026-08-18T16:13:48.533924,true
eleve_gen_02360@gen.local,Élève,Généré 2360,,LYCEEN,BAC_1,Établissement Grand Lomé,2026-08-18T16:13:48.533924,true
eleve_gen_02361@gen.local,Élève,Généré 2361,,LYCEEN,BAC_1,Établissement Plateaux Ouest,2026-08-18T16:13:48.533924,true
eleve_gen_02362@gen.local,Élève,Généré 2362,,LYCEEN,BAC_1,Établissement Plateaux Ouest,2026-08-18T16:13:48.533924,true
eleve_gen_02363@gen.local,Élève,Généré 2363,,LYCEEN,BAC_1,Établissement Kara,2026-08-18T16:13:48.533924,true
eleve_gen_02364@gen.local,Élève,Généré 2364,,LYCEEN,BAC_1,Établissement Maritime,2026-08-18T16:13:48.533924,true
eleve_gen_02365@gen.local,Élève,Généré 2365,,LYCEEN,BAC_1,Établissement Savanes,2026-08-18T16:13:48.533924,true
eleve_gen_02366@gen.local,Élève,Généré 2366,,LYCEEN,BAC_1,Établissement Savanes,2026-08-18T16:13:48.533924,true
eleve_gen_02367@gen.local,Élève,Généré 2367,,LYCEEN,BAC_1,Établissement Maritime,2026-08-18T16:13:48.533924,true
eleve_gen_02368@gen.local,Élève,Généré 2368,,LYCEEN,BAC_1,Établissement Maritime,2026-08-18T16:13:48.533924,true
eleve_gen_02369@gen.local,Élève,Généré 2369,,LYCEEN,BAC_1,Établissement Plateaux Ouest,2026-08-18T16:13:48.533924,true
eleve_gen_02370@gen.local,Élève,Généré 2370,,LYCEEN,BAC_1,Établissement Maritime,2026-08-18T16:13:48.533924,true
eleve_gen_02371@gen.local,Élève,Généré 2371,,LYCEEN,BAC_1,Établissement Grand Lomé,2026-08-18T16:13:48.533924,true
eleve_gen_02372@gen.local,Élève,Généré 2372,,LYCEEN,BAC_1,Établissement Plateaux Est,2026-08-18T16:13:48.533924,true
eleve_gen_02373@gen.local,Élève,Généré 2373,,LYCEEN,BAC_1,Établissement Grand Lomé,2026-08-18T16:13:48.533924,true
eleve_gen_02374@gen.local,Élève,Généré 2374,,LYCEEN,BAC_1,Établissement Grand Lomé,2026-08-18T16:13:48.533924,true
eleve_gen_02375@gen.local,Élève,Généré 2375,,LYCEEN,BAC_1,Établissement Grand Lomé,2026-08-18T16:13:48.533924,true
eleve_gen_02376@gen.local,Élève,Généré 2376,,LYCEEN,BAC_1,Établissement Maritime,2026-08-18T16:13:48.533924,true
eleve_gen_02377@gen.local,Élève,Généré 2377,,LYCEEN,BAC_1,Établissement Maritime,2026-08-18T16:13:48.533924,true
eleve_gen_02378@gen.local,Élève,Généré 2378,,LYCEEN,BAC_1,Établissement Maritime,2026-08-18T16:13:48.533924,true
eleve_gen_02379@gen.local,Élève,Généré 2379,,LYCEEN,BAC_1,Établissement Savanes,2026-08-18T16:13:48.533924,true
eleve_gen_02380@gen.local,Élève,Généré 2380,,LYCEEN,BAC_1,Établissement Savanes,2026-08-18T16:13:48.533924,true
eleve_gen_02381@gen.local,Élève,Généré 2381,,LYCEEN,BAC_1,Établissement Plateaux Ouest,2026-08-18T16:13:48.533924,true
eleve_gen_02382@gen.local,Élève,Généré 2382,,LYCEEN,BAC_1,Établissement Maritime,2026-08-18T16:13:48.533924,true
eleve_gen_02383@gen.local,Élève,Généré 2383,,LYCEEN,BAC_1,Établissement Plateaux Ouest,2026-08-18T16:13:48.533924,true
eleve_gen_02384@gen.local,Élève,Généré 2384,,LYCEEN,BAC_1,Établissement Savanes,2026-08-18T16:13:48.533924,true
eleve_gen_02385@gen.local,Élève,Généré 2385,,LYCEEN,BAC_1,Établissement Plateaux Ouest,2026-08-18T16:13:48.533924,true
eleve_gen_02386@gen.local,Élève,Généré 2386,,LYCEEN,BAC_1,Établissement Grand Lomé,2026-08-18T16:13:48.533924,true
eleve_gen_02387@gen.local,Élève,Généré 2387,,LYCEEN,BAC_1,Établissement Grand Lomé,2026-08-18T16:13:48.533924,true
eleve_gen_02388@gen.local,Élève,Généré 2388,,LYCEEN,BAC_1,Établissement Grand Lomé,2026-08-18T16:13:48.533924,true
eleve_gen_02389@gen.local,Élève,Généré 2389,,LYCEEN,BAC_1,Établissement Plateaux Est,2026-08-18T16:13:48.533924,true
eleve_gen_02390@gen.local,Élève,Généré 2390,,LYCEEN,BAC_1,Établissement Maritime,2026-08-18T16:13:48.533924,true
eleve_gen_02391@gen.local,Élève,Généré 2391,,LYCEEN,BAC_1,Établissement Grand Lomé,2026-08-18T16:13:48.533924,true
eleve_gen_02392@gen.local,Élève,Généré 2392,,LYCEEN,BAC_1,Établissement Grand Lomé,2026-08-18T16:13:48.533924,true
eleve_gen_02393@gen.local,Élève,Généré 2393,,LYCEEN,BAC_1,Établissement Centrale,2026-08-18T16:13:48.533924,true
eleve_gen_02394@gen.local,Élève,Généré 2394,,LYCEEN,BAC_1,Établissement Maritime,2026-08-18T16:13:48.533924,true
eleve_gen_02395@gen.local,Élève,Généré 2395,,LYCEEN,BAC_1,Établissement Grand Lomé,2026-08-18T16:13:48.533924,true
eleve_gen_02396@gen.local,Élève,Généré 2396,,LYCEEN,BAC_1,Établissement Kara,2026-08-18T16:13:48.533924,true
eleve_gen_02397@gen.local,Élève,Généré 2397,,LYCEEN,BAC_1,Établissement Centrale,2026-08-18T16:13:48.533924,true
eleve_gen_02398@gen.local,Élève,Généré 2398,,LYCEEN,BAC_1,Établissement Grand Lomé,2026-08-18T16:13:48.533924,true
eleve_gen_02399@gen.local,Élève,Généré 2399,,LYCEEN,BAC_1,Établissement Centrale,2026-08-18T16:13:48.533924,true
eleve_gen_02400@gen.local,Élève,Généré 2400,,LYCEEN,BAC_1,Établissement Grand Lomé,2026-08-18T16:13:48.533924,true
eleve_gen_02401@gen.local,Élève,Généré 2401,,LYCEEN,BAC_1,Établissement Plateaux Est,2026-08-18T16:13:48.533924,true
eleve_gen_02402@gen.local,Élève,Généré 2402,,LYCEEN,BAC_1,Établissement Plateaux Est,2026-08-18T16:13:48.533924,true
eleve_gen_02403@gen.local,Élève,Généré 2403,,LYCEEN,BAC_1,Établissement Grand Lomé,2026-08-18T16:13:48.533924,true
eleve_gen_02404@gen.local,Élève,Généré 2404,,LYCEEN,BAC_1,Établissement Grand Lomé,2026-08-18T16:13:48.533924,true
eleve_gen_02405@gen.local,Élève,Généré 2405,,LYCEEN,BAC_1,Établissement Plateaux Est,2026-08-18T16:13:48.533924,true
eleve_gen_02406@gen.local,Élève,Généré 2406,,LYCEEN,BAC_1,Établissement Grand Lomé,2026-08-18T16:13:48.533924,true
eleve_gen_02407@gen.local,Élève,Généré 2407,,LYCEEN,BAC_1,Établissement Maritime,2026-08-18T16:13:48.533924,true
eleve_gen_02408@gen.local,Élève,Généré 2408,,LYCEEN,BAC_1,Établissement Plateaux Est,2026-08-18T16:13:48.533924,true
eleve_gen_02409@gen.local,Élève,Généré 2409,,LYCEEN,BAC_1,Établissement Savanes,2026-08-18T16:13:48.533924,true
eleve_gen_02410@gen.local,Élève,Généré 2410,,LYCEEN,BAC_1,Établissement Plateaux Est,2026-08-18T16:13:48.533924,true
eleve_gen_02411@gen.local,Élève,Généré 2411,,LYCEEN,BAC_1,Établissement Plateaux Ouest,2026-08-18T16:13:48.533924,true
eleve_gen_02412@gen.local,Élève,Généré 2412,,LYCEEN,BAC_1,Établissement Maritime,2026-08-18T16:13:48.533924,true
eleve_gen_02413@gen.local,Élève,Généré 2413,,LYCEEN,BAC_1,Établissement Kara,2026-08-18T16:13:48.533924,true
eleve_gen_02414@gen.local,Élève,Généré 2414,,LYCEEN,BAC_1,Établissement Grand Lomé,2026-08-18T16:13:48.533924,true
eleve_gen_02415@gen.local,Élève,Généré 2415,,LYCEEN,BAC_1,Établissement Centrale,2026-08-18T16:13:48.533924,true
eleve_gen_02416@gen.local,Élève,Généré 2416,,LYCEEN,BAC_1,Établissement Kara,2026-08-18T16:13:48.533924,true
eleve_gen_02417@gen.local,Élève,Généré 2417,,LYCEEN,BAC_1,Établissement Plateaux Ouest,2026-08-18T16:13:48.533924,true
eleve_gen_02418@gen.local,Élève,Généré 2418,,LYCEEN,BAC_1,Établissement Plateaux Est,2026-08-18T16:13:48.533924,true
eleve_gen_02419@gen.local,Élève,Généré 2419,,LYCEEN,BAC_1,Établissement Grand Lomé,2026-08-18T16:13:48.533924,true
eleve_gen_02420@gen.local,Élève,Généré 2420,,LYCEEN,BAC_1,Établissement Plateaux Ouest,2026-08-18T16:13:48.533924,true
eleve_gen_02421@gen.local,Élève,Généré 2421,,LYCEEN,BAC_1,Établissement Plateaux Ouest,2026-08-18T16:13:48.533924,true
eleve_gen_02422@gen.local,Élève,Généré 2422,,LYCEEN,BAC_1,Établissement Maritime,2026-08-18T16:13:48.533924,true
eleve_gen_02423@gen.local,Élève,Généré 2423,,LYCEEN,BAC_1,Établissement Centrale,2026-08-18T16:13:48.533924,true
eleve_gen_02424@gen.local,Élève,Généré 2424,,LYCEEN,BAC_1,Établissement Grand Lomé,2026-08-18T16:13:48.533924,true
eleve_gen_02425@gen.local,Élève,Généré 2425,,LYCEEN,BAC_1,Établissement Plateaux Ouest,2026-08-18T16:13:48.533924,true
eleve_gen_02426@gen.local,Élève,Généré 2426,,LYCEEN,BAC_1,Établissement Grand Lomé,2026-08-18T16:13:48.533924,true
eleve_gen_02427@gen.local,Élève,Généré 2427,,LYCEEN,BAC_1,Établissement Grand Lomé,2026-08-18T16:13:48.533924,true
eleve_gen_02428@gen.local,Élève,Généré 2428,,LYCEEN,BAC_1,Établissement Centrale,2026-08-18T16:13:48.533924,true
eleve_gen_02429@gen.local,Élève,Généré 2429,,LYCEEN,BAC_1,Établissement Grand Lomé,2026-08-18T16:13:48.533924,true
eleve_gen_02430@gen.local,Élève,Généré 2430,,LYCEEN,BAC_1,Établissement Grand Lomé,2026-08-18T16:13:48.533924,true
eleve_gen_02431@gen.local,Élève,Généré 2431,,LYCEEN,BAC_1,Établissement Plateaux Est,2026-08-18T16:13:48.533924,true
eleve_gen_02432@gen.local,Élève,Généré 2432,,LYCEEN,BAC_1,Établissement Grand Lomé,2026-08-18T16:13:48.533924,true
eleve_gen_02433@gen.local,Élève,Généré 2433,,LYCEEN,BAC_1,Établissement Grand Lomé,2026-08-18T16:13:48.533924,true
eleve_gen_02434@gen.local,Élève,Généré 2434,,LYCEEN,BAC_1,Établissement Grand Lomé,2026-08-18T16:13:48.533924,true
eleve_gen_02435@gen.local,Élève,Généré 2435,,LYCEEN,BAC_1,Établissement Centrale,2026-08-18T16:13:48.533924,true
eleve_gen_02436@gen.local,Élève,Généré 2436,,LYCEEN,BAC_1,Établissement Maritime,2026-08-18T16:13:48.533924,true
eleve_gen_02437@gen.local,Élève,Généré 2437,,LYCEEN,BAC_1,Établissement Plateaux Est,2026-08-18T16:13:48.533924,true
eleve_gen_02438@gen.local,Élève,Généré 2438,,LYCEEN,BAC_1,Établissement Maritime,2026-08-18T16:13:48.533924,true
eleve_gen_02439@gen.local,Élève,Généré 2439,,LYCEEN,BAC_1,Établissement Savanes,2026-08-18T16:13:48.533924,true
eleve_gen_02440@gen.local,Élève,Généré 2440,,LYCEEN,BAC_1,Établissement Plateaux Ouest,2026-08-18T16:13:48.533924,true
eleve_gen_02441@gen.local,Élève,Généré 2441,,LYCEEN,BAC_1,Établissement Grand Lomé,2026-08-18T16:13:48.533924,true
eleve_gen_02442@gen.local,Élève,Généré 2442,,LYCEEN,BAC_1,Établissement Maritime,2026-08-18T16:13:48.533924,true
eleve_gen_02443@gen.local,Élève,Généré 2443,,LYCEEN,BAC_1,Établissement Kara,2026-08-18T16:13:48.533924,true
eleve_gen_02444@gen.local,Élève,Généré 2444,,LYCEEN,BAC_1,Établissement Grand Lomé,2026-08-18T16:13:48.533924,true
eleve_gen_02445@gen.local,Élève,Généré 2445,,LYCEEN,BAC_1,Établissement Kara,2026-08-18T16:13:48.533924,true
eleve_gen_02446@gen.local,Élève,Généré 2446,,LYCEEN,BAC_1,Établissement Centrale,2026-08-18T16:13:48.533924,true
eleve_gen_02447@gen.local,Élève,Généré 2447,,LYCEEN,BAC_1,Établissement Grand Lomé,2026-08-18T16:13:48.533924,true
eleve_gen_02448@gen.local,Élève,Généré 2448,,LYCEEN,BAC_1,Établissement Kara,2026-08-18T16:13:48.533924,true
eleve_gen_02449@gen.local,Élève,Généré 2449,,LYCEEN,BAC_1,Établissement Grand Lomé,2026-08-18T16:13:48.533924,true
eleve_gen_02450@gen.local,Élève,Généré 2450,,LYCEEN,BAC_1,Établissement Grand Lomé,2026-08-18T16:13:48.533924,true
eleve_gen_02451@gen.local,Élève,Généré 2451,,LYCEEN,BAC_1,Établissement Grand Lomé,2026-08-18T16:13:48.533924,true
eleve_gen_02452@gen.local,Élève,Généré 2452,,LYCEEN,BAC_1,Établissement Plateaux Ouest,2026-08-18T16:13:48.533924,true
eleve_gen_02453@gen.local,Élève,Généré 2453,,LYCEEN,BAC_1,Établissement Savanes,2026-08-18T16:13:48.533924,true
eleve_gen_02454@gen.local,Élève,Généré 2454,,LYCEEN,BAC_1,Établissement Plateaux Est,2026-08-18T16:13:48.533924,true
eleve_gen_02455@gen.local,Élève,Généré 2455,,LYCEEN,BAC_1,Établissement Centrale,2026-08-18T16:13:48.533924,true
eleve_gen_02456@gen.local,Élève,Généré 2456,,LYCEEN,BAC_1,Établissement Plateaux Est,2026-08-18T16:13:48.533924,true
eleve_gen_02457@gen.local,Élève,Généré 2457,,LYCEEN,BAC_1,Établissement Savanes,2026-08-18T16:13:48.533924,true
eleve_gen_02458@gen.local,Élève,Généré 2458,,LYCEEN,BAC_1,Établissement Grand Lomé,2026-08-18T16:13:48.533924,true
eleve_gen_02459@gen.local,Élève,Généré 2459,,LYCEEN,BAC_1,Établissement Grand Lomé,2026-08-18T16:13:48.533924,true
eleve_gen_02460@gen.local,Élève,Généré 2460,,LYCEEN,BAC_1,Établissement Plateaux Est,2026-08-18T16:13:48.533924,true
eleve_gen_02461@gen.local,Élève,Généré 2461,,LYCEEN,BAC_1,Établissement Plateaux Ouest,2026-08-18T16:13:48.533924,true
eleve_gen_02462@gen.local,Élève,Généré 2462,,LYCEEN,BAC_1,Établissement Centrale,2026-08-18T16:13:48.533924,true
eleve_gen_02463@gen.local,Élève,Généré 2463,,LYCEEN,BAC_1,Établissement Centrale,2026-08-18T16:13:48.533924,true
eleve_gen_02464@gen.local,Élève,Généré 2464,,LYCEEN,BAC_1,Établissement Grand Lomé,2026-08-18T16:13:48.533924,true
eleve_gen_02465@gen.local,Élève,Généré 2465,,LYCEEN,BAC_1,Établissement Plateaux Ouest,2026-08-18T16:13:48.533924,true
eleve_gen_02466@gen.local,Élève,Généré 2466,,LYCEEN,BAC_1,Établissement Plateaux Ouest,2026-08-18T16:13:48.533924,true
eleve_gen_02467@gen.local,Élève,Généré 2467,,LYCEEN,BAC_1,Établissement Grand Lomé,2026-08-18T16:13:48.533924,true
eleve_gen_02468@gen.local,Élève,Généré 2468,,LYCEEN,BAC_1,Établissement Maritime,2026-08-18T16:13:48.533924,true
eleve_gen_02469@gen.local,Élève,Généré 2469,,LYCEEN,BAC_1,Établissement Savanes,2026-08-18T16:13:48.533924,true
eleve_gen_02470@gen.local,Élève,Généré 2470,,LYCEEN,BAC_1,Établissement Kara,2026-08-18T16:13:48.533924,true
eleve_gen_02471@gen.local,Élève,Généré 2471,,LYCEEN,BAC_1,Établissement Centrale,2026-08-18T16:13:48.533924,true
eleve_gen_02472@gen.local,Élève,Généré 2472,,LYCEEN,BAC_1,Établissement Grand Lomé,2026-08-18T16:13:48.533924,true
eleve_gen_02473@gen.local,Élève,Généré 2473,,LYCEEN,BAC_1,Établissement Centrale,2026-08-18T16:13:48.533924,true
eleve_gen_02474@gen.local,Élève,Généré 2474,,LYCEEN,BAC_1,Établissement Plateaux Est,2026-08-18T16:13:48.533924,true
eleve_gen_02475@gen.local,Élève,Généré 2475,,LYCEEN,BAC_1,Établissement Maritime,2026-08-18T16:13:48.533924,true
eleve_gen_02476@gen.local,Élève,Généré 2476,,LYCEEN,BAC_1,Établissement Plateaux Ouest,2026-08-18T16:13:48.533924,true
eleve_gen_02477@gen.local,Élève,Généré 2477,,LYCEEN,BAC_1,Établissement Kara,2026-08-18T16:13:48.533924,true
eleve_gen_02478@gen.local,Élève,Généré 2478,,LYCEEN,BAC_1,Établissement Maritime,2026-08-18T16:13:48.533924,true
eleve_gen_02479@gen.local,Élève,Généré 2479,,LYCEEN,BAC_1,Établissement Centrale,2026-08-18T16:13:48.533924,true
eleve_gen_02480@gen.local,Élève,Généré 2480,,LYCEEN,BAC_1,Établissement Grand Lomé,2026-08-18T16:13:48.533924,true
eleve_gen_02481@gen.local,Élève,Généré 2481,,LYCEEN,BAC_1,Établissement Maritime,2026-08-18T16:13:48.533924,true
eleve_gen_02482@gen.local,Élève,Généré 2482,,LYCEEN,BAC_1,Établissement Maritime,2026-08-18T16:13:48.533924,true
eleve_gen_02483@gen.local,Élève,Généré 2483,,LYCEEN,BAC_1,Établissement Kara,2026-08-18T16:13:48.533924,true
eleve_gen_02484@gen.local,Élève,Généré 2484,,LYCEEN,BAC_1,Établissement Maritime,2026-08-18T16:13:48.533924,true
eleve_gen_02485@gen.local,Élève,Généré 2485,,LYCEEN,BAC_1,Établissement Maritime,2026-08-18T16:13:48.533924,true
eleve_gen_02486@gen.local,Élève,Généré 2486,,LYCEEN,BAC_1,Établissement Kara,2026-08-18T16:13:48.533924,true
eleve_gen_02487@gen.local,Élève,Généré 2487,,LYCEEN,BAC_1,Établissement Savanes,2026-08-18T16:13:48.533924,true
eleve_gen_02488@gen.local,Élève,Généré 2488,,LYCEEN,BAC_1,Établissement Grand Lomé,2026-08-18T16:13:48.533924,true
eleve_gen_02489@gen.local,Élève,Généré 2489,,LYCEEN,BAC_1,Établissement Grand Lomé,2026-08-18T16:13:48.533924,true
eleve_gen_02490@gen.local,Élève,Généré 2490,,LYCEEN,BAC_1,Établissement Centrale,2026-08-18T16:13:48.533924,true
eleve_gen_02491@gen.local,Élève,Généré 2491,,LYCEEN,BAC_1,Établissement Plateaux Est,2026-08-18T16:13:48.533924,true
eleve_gen_02492@gen.local,Élève,Généré 2492,,LYCEEN,BAC_1,Établissement Kara,2026-08-18T16:13:48.533924,true
eleve_gen_02493@gen.local,Élève,Généré 2493,,LYCEEN,BAC_1,Établissement Savanes,2026-08-18T16:13:48.533924,true
eleve_gen_02494@gen.local,Élève,Généré 2494,,LYCEEN,BAC_1,Établissement Maritime,2026-08-18T16:13:48.533924,true
eleve_gen_02495@gen.local,Élève,Généré 2495,,LYCEEN,BAC_1,Établissement Grand Lomé,2026-08-18T16:13:48.533924,true
eleve_gen_02496@gen.local,Élève,Généré 2496,,LYCEEN,BAC_1,Établissement Centrale,2026-08-18T16:13:48.533924,true
eleve_gen_02497@gen.local,Élève,Généré 2497,,LYCEEN,BAC_1,Établissement Plateaux Est,2026-08-18T16:13:48.533924,true
eleve_gen_02498@gen.local,Élève,Généré 2498,,LYCEEN,BAC_1,Établissement Centrale,2026-08-18T16:13:48.533924,true
eleve_gen_02499@gen.local,Élève,Généré 2499,,LYCEEN,BAC_1,Établissement Plateaux Ouest,2026-08-18T16:13:48.533924,true
eleve_gen_02500@gen.local,Élève,Généré 2500,,LYCEEN,BAC_1,Établissement Savanes,2026-08-18T16:13:48.533924,true
eleve_gen_02501@gen.local,Élève,Généré 2501,,LYCEEN,BAC_1,Établissement Grand Lomé,2026-08-18T16:13:48.533924,true
eleve_gen_02502@gen.local,Élève,Généré 2502,,LYCEEN,BAC_1,Établissement Maritime,2026-08-18T16:13:48.533924,true
eleve_gen_02503@gen.local,Élève,Généré 2503,,LYCEEN,BAC_1,Établissement Plateaux Ouest,2026-08-18T16:13:48.533924,true
eleve_gen_02504@gen.local,Élève,Généré 2504,,LYCEEN,BAC_1,Établissement Grand Lomé,2026-08-18T16:13:48.533924,true
eleve_gen_02505@gen.local,Élève,Généré 2505,,LYCEEN,BAC_1,Établissement Maritime,2026-08-18T16:13:48.533924,true
eleve_gen_02506@gen.local,Élève,Généré 2506,,LYCEEN,BAC_1,Établissement Grand Lomé,2026-08-18T16:13:48.533924,true
eleve_gen_02507@gen.local,Élève,Généré 2507,,LYCEEN,BAC_1,Établissement Grand Lomé,2026-08-18T16:13:48.533924,true
eleve_gen_02508@gen.local,Élève,Généré 2508,,LYCEEN,BAC_1,Établissement Grand Lomé,2026-08-18T16:13:48.533924,true
eleve_gen_02509@gen.local,Élève,Généré 2509,,LYCEEN,BAC_1,Établissement Plateaux Est,2026-08-18T16:13:48.533924,true
eleve_gen_02510@gen.local,Élève,Généré 2510,,LYCEEN,BAC_1,Établissement Plateaux Est,2026-08-18T16:13:48.533924,true
eleve_gen_02511@gen.local,Élève,Généré 2511,,LYCEEN,BAC_1,Établissement Grand Lomé,2026-08-18T16:13:48.533924,true
eleve_gen_02512@gen.local,Élève,Généré 2512,,LYCEEN,BAC_1,Établissement Grand Lomé,2026-08-18T16:13:48.533924,true
eleve_gen_02513@gen.local,Élève,Généré 2513,,LYCEEN,BAC_1,Établissement Plateaux Est,2026-08-18T16:13:48.533924,true
eleve_gen_02514@gen.local,Élève,Généré 2514,,LYCEEN,BAC_1,Établissement Maritime,2026-08-18T16:13:48.533924,true
eleve_gen_02515@gen.local,Élève,Généré 2515,,LYCEEN,BAC_1,Établissement Grand Lomé,2026-08-18T16:13:48.533924,true
eleve_gen_02516@gen.local,Élève,Généré 2516,,LYCEEN,BAC_1,Établissement Maritime,2026-08-18T16:13:48.533924,true
eleve_gen_02517@gen.local,Élève,Généré 2517,,LYCEEN,BAC_1,Établissement Maritime,2026-08-18T16:13:48.533924,true
eleve_gen_02518@gen.local,Élève,Généré 2518,,LYCEEN,BAC_1,Établissement Grand Lomé,2026-08-18T16:13:48.533924,true
eleve_gen_02519@gen.local,Élève,Généré 2519,,LYCEEN,BAC_1,Établissement Maritime,2026-08-18T16:13:48.533924,true
eleve_gen_02520@gen.local,Élève,Généré 2520,,LYCEEN,BAC_1,Établissement Maritime,2026-08-18T16:13:48.533924,true
eleve_gen_02521@gen.local,Élève,Généré 2521,,LYCEEN,BAC_1,Établissement Plateaux Ouest,2026-08-18T16:13:48.533924,true
eleve_gen_02522@gen.local,Élève,Généré 2522,,LYCEEN,BAC_1,Établissement Savanes,2026-08-18T16:13:48.533924,true
eleve_gen_02523@gen.local,Élève,Généré 2523,,LYCEEN,BAC_1,Établissement Grand Lomé,2026-08-18T16:13:48.533924,true
eleve_gen_02524@gen.local,Élève,Généré 2524,,LYCEEN,BAC_1,Établissement Grand Lomé,2026-08-18T16:13:48.533924,true
eleve_gen_02525@gen.local,Élève,Généré 2525,,LYCEEN,BAC_1,Établissement Grand Lomé,2026-08-18T16:13:48.533924,true
eleve_gen_02526@gen.local,Élève,Généré 2526,,LYCEEN,BAC_1,Établissement Plateaux Est,2026-08-18T16:13:48.533924,true
eleve_gen_02527@gen.local,Élève,Généré 2527,,LYCEEN,BAC_1,Établissement Plateaux Ouest,2026-08-18T16:13:48.533924,true
eleve_gen_02528@gen.local,Élève,Généré 2528,,LYCEEN,BAC_1,Établissement Grand Lomé,2026-08-18T16:13:48.533924,true
eleve_gen_02529@gen.local,Élève,Généré 2529,,LYCEEN,BAC_1,Établissement Plateaux Ouest,2026-08-18T16:13:48.533924,true
eleve_gen_02530@gen.local,Élève,Généré 2530,,LYCEEN,BAC_1,Établissement Grand Lomé,2026-08-18T16:13:48.533924,true
eleve_gen_02531@gen.local,Élève,Généré 2531,,LYCEEN,BAC_1,Établissement Maritime,2026-08-18T16:13:48.533924,true
eleve_gen_02532@gen.local,Élève,Généré 2532,,LYCEEN,BAC_1,Établissement Grand Lomé,2026-08-18T16:13:48.533924,true
eleve_gen_02533@gen.local,Élève,Généré 2533,,LYCEEN,BAC_1,Établissement Grand Lomé,2026-08-18T16:13:48.533924,true
eleve_gen_02534@gen.local,Élève,Généré 2534,,LYCEEN,BAC_1,Établissement Kara,2026-08-18T16:13:48.533924,true
eleve_gen_02535@gen.local,Élève,Généré 2535,,LYCEEN,BAC_1,Établissement Plateaux Ouest,2026-08-18T16:13:48.533924,true
eleve_gen_02536@gen.local,Élève,Généré 2536,,LYCEEN,BAC_1,Établissement Centrale,2026-08-18T16:13:48.533924,true
eleve_gen_02537@gen.local,Élève,Généré 2537,,LYCEEN,BAC_1,Établissement Maritime,2026-08-18T16:13:48.533924,true
eleve_gen_02538@gen.local,Élève,Généré 2538,,LYCEEN,BAC_1,Établissement Maritime,2026-08-18T16:13:48.533924,true
eleve_gen_02539@gen.local,Élève,Généré 2539,,LYCEEN,BAC_1,Établissement Maritime,2026-08-18T16:13:48.533924,true
eleve_gen_02540@gen.local,Élève,Généré 2540,,LYCEEN,BAC_1,Établissement Savanes,2026-08-18T16:13:48.533924,true
eleve_gen_02541@gen.local,Élève,Généré 2541,,LYCEEN,BAC_1,Établissement Plateaux Est,2026-08-18T16:13:48.533924,true
eleve_gen_02542@gen.local,Élève,Généré 2542,,LYCEEN,BAC_1,Établissement Plateaux Ouest,2026-08-18T16:13:48.533924,true
eleve_gen_02543@gen.local,Élève,Généré 2543,,LYCEEN,BAC_1,Établissement Kara,2026-08-18T16:13:48.533924,true
eleve_gen_02544@gen.local,Élève,Généré 2544,,LYCEEN,BAC_1,Établissement Plateaux Est,2026-08-18T16:13:48.533924,true
eleve_gen_02545@gen.local,Élève,Généré 2545,,LYCEEN,BAC_1,Établissement Savanes,2026-08-18T16:13:48.533924,true
eleve_gen_02546@gen.local,Élève,Généré 2546,,LYCEEN,BAC_1,Établissement Grand Lomé,2026-08-18T16:13:48.533924,true
eleve_gen_02547@gen.local,Élève,Généré 2547,,LYCEEN,BAC_1,Établissement Grand Lomé,2026-08-18T16:13:48.533924,true
eleve_gen_02548@gen.local,Élève,Généré 2548,,LYCEEN,BAC_1,Établissement Grand Lomé,2026-08-18T16:13:48.533924,true
eleve_gen_02549@gen.local,Élève,Généré 2549,,LYCEEN,BAC_1,Établissement Centrale,2026-08-18T16:13:48.533924,true
eleve_gen_02550@gen.local,Élève,Généré 2550,,LYCEEN,BAC_1,Établissement Plateaux Est,2026-08-18T16:13:48.533924,true
eleve_gen_02551@gen.local,Élève,Généré 2551,,LYCEEN,BAC_1,Établissement Plateaux Est,2026-08-18T16:13:48.533924,true
eleve_gen_02552@gen.local,Élève,Généré 2552,,LYCEEN,BAC_1,Établissement Maritime,2026-08-18T16:13:48.533924,true
eleve_gen_02553@gen.local,Élève,Généré 2553,,LYCEEN,BAC_1,Établissement Centrale,2026-08-18T16:13:48.533924,true
eleve_gen_02554@gen.local,Élève,Généré 2554,,LYCEEN,BAC_1,Établissement Centrale,2026-08-18T16:13:48.533924,true
eleve_gen_02555@gen.local,Élève,Généré 2555,,LYCEEN,BAC_1,Établissement Maritime,2026-08-18T16:13:48.533924,true
eleve_gen_02556@gen.local,Élève,Généré 2556,,LYCEEN,BAC_1,Établissement Kara,2026-08-18T16:13:48.533924,true
eleve_gen_02557@gen.local,Élève,Généré 2557,,LYCEEN,BAC_1,Établissement Maritime,2026-08-18T16:13:48.533924,true
eleve_gen_02558@gen.local,Élève,Généré 2558,,LYCEEN,BAC_1,Établissement Kara,2026-08-18T16:13:48.533924,true
eleve_gen_02559@gen.local,Élève,Généré 2559,,LYCEEN,BAC_1,Établissement Plateaux Est,2026-08-18T16:13:48.533924,true
eleve_gen_02560@gen.local,Élève,Généré 2560,,LYCEEN,BAC_1,Établissement Kara,2026-08-18T16:13:48.533924,true
eleve_gen_02561@gen.local,Élève,Généré 2561,,LYCEEN,BAC_1,Établissement Plateaux Est,2026-08-18T16:13:48.533924,true
eleve_gen_02562@gen.local,Élève,Généré 2562,,LYCEEN,BAC_1,Établissement Grand Lomé,2026-08-18T16:13:48.533924,true
eleve_gen_02563@gen.local,Élève,Généré 2563,,LYCEEN,BAC_1,Établissement Plateaux Est,2026-08-18T16:13:48.533924,true
eleve_gen_02564@gen.local,Élève,Généré 2564,,LYCEEN,BAC_1,Établissement Plateaux Ouest,2026-08-18T16:13:48.533924,true
eleve_gen_02565@gen.local,Élève,Généré 2565,,LYCEEN,BAC_1,Établissement Grand Lomé,2026-08-18T16:13:48.533924,true
eleve_gen_02566@gen.local,Élève,Généré 2566,,LYCEEN,BAC_1,Établissement Maritime,2026-08-18T16:13:48.533924,true
eleve_gen_02567@gen.local,Élève,Généré 2567,,LYCEEN,BAC_1,Établissement Maritime,2026-08-18T16:13:48.533924,true
eleve_gen_02568@gen.local,Élève,Généré 2568,,LYCEEN,BAC_1,Établissement Plateaux Ouest,2026-08-18T16:13:48.533924,true
eleve_gen_02569@gen.local,Élève,Généré 2569,,LYCEEN,BAC_1,Établissement Grand Lomé,2026-08-18T16:13:48.533924,true
eleve_gen_02570@gen.local,Élève,Généré 2570,,LYCEEN,BAC_1,Établissement Plateaux Ouest,2026-08-18T16:13:48.533924,true
eleve_gen_02571@gen.local,Élève,Généré 2571,,LYCEEN,BAC_1,Établissement Grand Lomé,2026-08-18T16:13:48.533924,true
eleve_gen_02572@gen.local,Élève,Généré 2572,,LYCEEN,BAC_1,Établissement Plateaux Est,2026-08-18T16:13:48.533924,true
eleve_gen_02573@gen.local,Élève,Généré 2573,,LYCEEN,BAC_1,Établissement Kara,2026-08-18T16:13:48.533924,true
eleve_gen_02574@gen.local,Élève,Généré 2574,,LYCEEN,BAC_1,Établissement Centrale,2026-08-18T16:13:48.533924,true
eleve_gen_02575@gen.local,Élève,Généré 2575,,LYCEEN,BAC_1,Établissement Plateaux Ouest,2026-08-18T16:13:48.533924,true
eleve_gen_02576@gen.local,Élève,Généré 2576,,LYCEEN,BAC_1,Établissement Kara,2026-08-18T16:13:48.533924,true
eleve_gen_02577@gen.local,Élève,Généré 2577,,LYCEEN,BAC_1,Établissement Grand Lomé,2026-08-18T16:13:48.533924,true
eleve_gen_02578@gen.local,Élève,Généré 2578,,LYCEEN,BAC_1,Établissement Plateaux Est,2026-08-18T16:13:48.533924,true
eleve_gen_02579@gen.local,Élève,Généré 2579,,LYCEEN,BAC_1,Établissement Grand Lomé,2026-08-18T16:13:48.533924,true
eleve_gen_02580@gen.local,Élève,Généré 2580,,LYCEEN,BAC_1,Établissement Maritime,2026-08-18T16:13:48.533924,true
eleve_gen_02581@gen.local,Élève,Généré 2581,,LYCEEN,BAC_1,Établissement Maritime,2026-08-18T16:13:48.533924,true
eleve_gen_02582@gen.local,Élève,Généré 2582,,LYCEEN,BAC_1,Établissement Savanes,2026-08-18T16:13:48.533924,true
eleve_gen_02583@gen.local,Élève,Généré 2583,,LYCEEN,BAC_1,Établissement Plateaux Est,2026-08-18T16:13:48.533924,true
eleve_gen_02584@gen.local,Élève,Généré 2584,,LYCEEN,BAC_1,Établissement Grand Lomé,2026-08-18T16:13:48.533924,true
eleve_gen_02585@gen.local,Élève,Généré 2585,,LYCEEN,BAC_1,Établissement Grand Lomé,2026-08-18T16:13:48.533924,true
eleve_gen_02586@gen.local,Élève,Généré 2586,,LYCEEN,BAC_1,Établissement Plateaux Ouest,2026-08-18T16:13:48.533924,true
eleve_gen_02587@gen.local,Élève,Généré 2587,,LYCEEN,BAC_1,Établissement Maritime,2026-08-18T16:13:48.533924,true
eleve_gen_02588@gen.local,Élève,Généré 2588,,LYCEEN,BAC_1,Établissement Savanes,2026-08-18T16:13:48.533924,true
eleve_gen_02589@gen.local,Élève,Généré 2589,,LYCEEN,BAC_1,Établissement Plateaux Ouest,2026-08-18T16:13:48.533924,true
eleve_gen_02590@gen.local,Élève,Généré 2590,,LYCEEN,BAC_1,Établissement Maritime,2026-08-18T16:13:48.533924,true
eleve_gen_02591@gen.local,Élève,Généré 2591,,LYCEEN,BAC_1,Établissement Grand Lomé,2026-08-18T16:13:48.533924,true
eleve_gen_02592@gen.local,Élève,Généré 2592,,LYCEEN,BAC_1,Établissement Grand Lomé,2026-08-18T16:13:48.533924,true
eleve_gen_02593@gen.local,Élève,Généré 2593,,LYCEEN,BAC_1,Établissement Maritime,2026-08-18T16:13:48.533924,true
eleve_gen_02594@gen.local,Élève,Généré 2594,,LYCEEN,BAC_1,Établissement Centrale,2026-08-18T16:13:48.533924,true
eleve_gen_02595@gen.local,Élève,Généré 2595,,LYCEEN,BAC_1,Établissement Plateaux Est,2026-08-18T16:13:48.533924,true
eleve_gen_02596@gen.local,Élève,Généré 2596,,LYCEEN,BAC_1,Établissement Plateaux Est,2026-08-18T16:13:48.533924,true
eleve_gen_02597@gen.local,Élève,Généré 2597,,LYCEEN,BAC_1,Établissement Plateaux Est,2026-08-18T16:13:48.533924,true
eleve_gen_02598@gen.local,Élève,Généré 2598,,LYCEEN,BAC_1,Établissement Grand Lomé,2026-08-18T16:13:48.533924,true
eleve_gen_02599@gen.local,Élève,Généré 2599,,LYCEEN,BAC_1,Établissement Savanes,2026-08-18T16:13:48.533924,true
eleve_gen_02600@gen.local,Élève,Généré 2600,,LYCEEN,BAC_1,Établissement Centrale,2026-08-18T16:13:48.533924,true
eleve_gen_02601@gen.local,Élève,Généré 2601,,LYCEEN,BAC_1,Établissement Grand Lomé,2026-08-18T16:13:48.533924,true
eleve_gen_02602@gen.local,Élève,Généré 2602,,LYCEEN,BAC_1,Établissement Grand Lomé,2026-08-18T16:13:48.533924,true
eleve_gen_02603@gen.local,Élève,Généré 2603,,LYCEEN,BAC_1,Établissement Maritime,2026-08-18T16:13:48.533924,true
eleve_gen_02604@gen.local,Élève,Généré 2604,,LYCEEN,BAC_1,Établissement Centrale,2026-08-18T16:13:48.533924,true
eleve_gen_02605@gen.local,Élève,Généré 2605,,LYCEEN,BAC_1,Établissement Grand Lomé,2026-08-18T16:13:48.533924,true
eleve_gen_02606@gen.local,Élève,Généré 2606,,LYCEEN,BAC_1,Établissement Plateaux Ouest,2026-08-18T16:13:48.533924,true
eleve_gen_02607@gen.local,Élève,Généré 2607,,LYCEEN,BAC_1,Établissement Grand Lomé,2026-08-18T16:13:48.533924,true
eleve_gen_02608@gen.local,Élève,Généré 2608,,LYCEEN,BAC_1,Établissement Maritime,2026-08-18T16:13:48.533924,true
eleve_gen_02609@gen.local,Élève,Généré 2609,,LYCEEN,BAC_1,Établissement Maritime,2026-08-18T16:13:48.533924,true
eleve_gen_02610@gen.local,Élève,Généré 2610,,LYCEEN,BAC_1,Établissement Grand Lomé,2026-08-18T16:13:48.533924,true
eleve_gen_02611@gen.local,Élève,Généré 2611,,LYCEEN,BAC_1,Établissement Plateaux Ouest,2026-08-18T16:13:48.533924,true
eleve_gen_02612@gen.local,Élève,Généré 2612,,LYCEEN,BAC_1,Établissement Savanes,2026-08-18T16:13:48.533924,true
eleve_gen_02613@gen.local,Élève,Généré 2613,,LYCEEN,BAC_1,Établissement Kara,2026-08-18T16:13:48.533924,true
eleve_gen_02614@gen.local,Élève,Généré 2614,,LYCEEN,BAC_1,Établissement Grand Lomé,2026-08-18T16:13:48.533924,true
eleve_gen_02615@gen.local,Élève,Généré 2615,,LYCEEN,BAC_1,Établissement Kara,2026-08-18T16:13:48.533924,true
eleve_gen_02616@gen.local,Élève,Généré 2616,,LYCEEN,BAC_1,Établissement Savanes,2026-08-18T16:13:48.533924,true
eleve_gen_02617@gen.local,Élève,Généré 2617,,LYCEEN,BAC_1,Établissement Kara,2026-08-18T16:13:48.533924,true
eleve_gen_02618@gen.local,Élève,Généré 2618,,LYCEEN,BAC_1,Établissement Maritime,2026-08-18T16:13:48.533924,true
eleve_gen_02619@gen.local,Élève,Généré 2619,,LYCEEN,BAC_1,Établissement Kara,2026-08-18T16:13:48.533924,true
eleve_gen_02620@gen.local,Élève,Généré 2620,,LYCEEN,BAC_1,Établissement Plateaux Ouest,2026-08-18T16:13:48.533924,true
eleve_gen_02621@gen.local,Élève,Généré 2621,,LYCEEN,BAC_1,Établissement Plateaux Est,2026-08-18T16:13:48.533924,true
eleve_gen_02622@gen.local,Élève,Généré 2622,,LYCEEN,BAC_1,Établissement Plateaux Est,2026-08-18T16:13:48.533924,true
eleve_gen_02623@gen.local,Élève,Généré 2623,,LYCEEN,BAC_1,Établissement Grand Lomé,2026-08-18T16:13:48.533924,true
eleve_gen_02624@gen.local,Élève,Généré 2624,,LYCEEN,BAC_1,Établissement Plateaux Est,2026-08-18T16:13:48.533924,true
eleve_gen_02625@gen.local,Élève,Généré 2625,,LYCEEN,BAC_1,Établissement Grand Lomé,2026-08-18T16:13:48.533924,true
eleve_gen_02626@gen.local,Élève,Généré 2626,,LYCEEN,BAC_1,Établissement Maritime,2026-08-18T16:13:48.533924,true
eleve_gen_02627@gen.local,Élève,Généré 2627,,LYCEEN,BAC_1,Établissement Maritime,2026-08-18T16:13:48.533924,true
eleve_gen_02628@gen.local,Élève,Généré 2628,,LYCEEN,BAC_1,Établissement Plateaux Ouest,2026-08-18T16:13:48.533924,true
eleve_gen_02629@gen.local,Élève,Généré 2629,,LYCEEN,BAC_1,Établissement Centrale,2026-08-18T16:13:48.533924,true
eleve_gen_02630@gen.local,Élève,Généré 2630,,LYCEEN,BAC_1,Établissement Plateaux Ouest,2026-08-18T16:13:48.533924,true
eleve_gen_02631@gen.local,Élève,Généré 2631,,LYCEEN,BAC_1,Établissement Centrale,2026-08-18T16:13:48.533924,true
eleve_gen_02632@gen.local,Élève,Généré 2632,,LYCEEN,BAC_1,Établissement Plateaux Ouest,2026-08-18T16:13:48.533924,true
eleve_gen_02633@gen.local,Élève,Généré 2633,,LYCEEN,BAC_1,Établissement Grand Lomé,2026-08-18T16:13:48.533924,true
eleve_gen_02634@gen.local,Élève,Généré 2634,,LYCEEN,BAC_1,Établissement Maritime,2026-08-18T16:13:48.533924,true
eleve_gen_02635@gen.local,Élève,Généré 2635,,LYCEEN,BAC_1,Établissement Plateaux Est,2026-08-18T16:13:48.533924,true
eleve_gen_02636@gen.local,Élève,Généré 2636,,LYCEEN,BAC_1,Établissement Grand Lomé,2026-08-18T16:13:48.533924,true
eleve_gen_02637@gen.local,Élève,Généré 2637,,LYCEEN,BAC_1,Établissement Centrale,2026-08-18T16:13:48.533924,true
eleve_gen_02638@gen.local,Élève,Généré 2638,,LYCEEN,BAC_1,Établissement Plateaux Ouest,2026-08-18T16:13:48.533924,true
eleve_gen_02639@gen.local,Élève,Généré 2639,,LYCEEN,BAC_1,Établissement Centrale,2026-08-18T16:13:48.533924,true
eleve_gen_02640@gen.local,Élève,Généré 2640,,LYCEEN,BAC_1,Établissement Maritime,2026-08-18T16:13:48.533924,true
eleve_gen_02641@gen.local,Élève,Généré 2641,,LYCEEN,BAC_1,Établissement Maritime,2026-08-18T16:13:48.533924,true
eleve_gen_02642@gen.local,Élève,Généré 2642,,LYCEEN,BAC_1,Établissement Grand Lomé,2026-08-18T16:13:48.533924,true
eleve_gen_02643@gen.local,Élève,Généré 2643,,LYCEEN,BAC_1,Établissement Grand Lomé,2026-08-18T16:13:48.533924,true
eleve_gen_02644@gen.local,Élève,Généré 2644,,LYCEEN,BAC_1,Établissement Grand Lomé,2026-08-18T16:13:48.533924,true
eleve_gen_02645@gen.local,Élève,Généré 2645,,LYCEEN,BAC_1,Établissement Savanes,2026-08-18T16:13:48.533924,true
eleve_gen_02646@gen.local,Élève,Généré 2646,,LYCEEN,BAC_1,Établissement Kara,2026-08-18T16:13:48.533924,true
eleve_gen_02647@gen.local,Élève,Généré 2647,,LYCEEN,BAC_1,Établissement Plateaux Est,2026-08-18T16:13:48.533924,true
eleve_gen_02648@gen.local,Élève,Généré 2648,,LYCEEN,BAC_1,Établissement Grand Lomé,2026-08-18T16:13:48.533924,true
eleve_gen_02649@gen.local,Élève,Généré 2649,,LYCEEN,BAC_1,Établissement Grand Lomé,2026-08-18T16:13:48.533924,true
eleve_gen_02650@gen.local,Élève,Généré 2650,,LYCEEN,BAC_1,Établissement Plateaux Ouest,2026-08-18T16:13:48.533924,true
eleve_gen_02651@gen.local,Élève,Généré 2651,,LYCEEN,BAC_1,Établissement Grand Lomé,2026-08-18T16:13:48.533924,true
eleve_gen_02652@gen.local,Élève,Généré 2652,,LYCEEN,BAC_1,Établissement Maritime,2026-08-18T16:13:48.533924,true
eleve_gen_02653@gen.local,Élève,Généré 2653,,LYCEEN,BAC_1,Établissement Centrale,2026-08-18T16:13:48.533924,true
eleve_gen_02654@gen.local,Élève,Généré 2654,,LYCEEN,BAC_1,Établissement Grand Lomé,2026-08-18T16:13:48.533924,true
eleve_gen_02655@gen.local,Élève,Généré 2655,,LYCEEN,BAC_1,Établissement Plateaux Est,2026-08-18T16:13:48.533924,true
eleve_gen_02656@gen.local,Élève,Généré 2656,,LYCEEN,BAC_1,Établissement Grand Lomé,2026-08-18T16:13:48.533924,true
eleve_gen_02657@gen.local,Élève,Généré 2657,,LYCEEN,BAC_1,Établissement Grand Lomé,2026-08-18T16:13:48.533924,true
eleve_gen_02658@gen.local,Élève,Généré 2658,,LYCEEN,BAC_1,Établissement Plateaux Est,2026-08-18T16:13:48.533924,true
eleve_gen_02659@gen.local,Élève,Généré 2659,,LYCEEN,BAC_1,Établissement Centrale,2026-08-18T16:13:48.533924,true
eleve_gen_02660@gen.local,Élève,Généré 2660,,LYCEEN,BAC_1,Établissement Maritime,2026-08-18T16:13:48.533924,true
eleve_gen_02661@gen.local,Élève,Généré 2661,,LYCEEN,BAC_1,Établissement Grand Lomé,2026-08-18T16:13:48.533924,true
eleve_gen_02662@gen.local,Élève,Généré 2662,,LYCEEN,BAC_1,Établissement Savanes,2026-08-18T16:13:48.533924,true
eleve_gen_02663@gen.local,Élève,Généré 2663,,LYCEEN,BAC_1,Établissement Grand Lomé,2026-08-18T16:13:48.533924,true
eleve_gen_02664@gen.local,Élève,Généré 2664,,LYCEEN,BAC_1,Établissement Grand Lomé,2026-08-18T16:13:48.533924,true
eleve_gen_02665@gen.local,Élève,Généré 2665,,LYCEEN,BAC_1,Établissement Plateaux Est,2026-08-18T16:13:48.533924,true
eleve_gen_02666@gen.local,Élève,Généré 2666,,LYCEEN,BAC_1,Établissement Kara,2026-08-18T16:13:48.533924,true
eleve_gen_02667@gen.local,Élève,Généré 2667,,LYCEEN,BAC_1,Établissement Grand Lomé,2026-08-18T16:13:48.533924,true
eleve_gen_02668@gen.local,Élève,Généré 2668,,LYCEEN,BAC_1,Établissement Plateaux Est,2026-08-18T16:13:48.533924,true
eleve_gen_02669@gen.local,Élève,Généré 2669,,LYCEEN,BAC_1,Établissement Plateaux Est,2026-08-18T16:13:48.533924,true
eleve_gen_02670@gen.local,Élève,Généré 2670,,LYCEEN,BAC_1,Établissement Kara,2026-08-18T16:13:48.533924,true
eleve_gen_02671@gen.local,Élève,Généré 2671,,LYCEEN,BAC_1,Établissement Centrale,2026-08-18T16:13:48.533924,true
eleve_gen_02672@gen.local,Élève,Généré 2672,,LYCEEN,BAC_1,Établissement Centrale,2026-08-18T16:13:48.533924,true
eleve_gen_02673@gen.local,Élève,Généré 2673,,LYCEEN,BAC_1,Établissement Kara,2026-08-18T16:13:48.533924,true
eleve_gen_02674@gen.local,Élève,Généré 2674,,LYCEEN,BAC_1,Établissement Plateaux Est,2026-08-18T16:13:48.533924,true
eleve_gen_02675@gen.local,Élève,Généré 2675,,LYCEEN,BAC_1,Établissement Maritime,2026-08-18T16:13:48.533924,true
eleve_gen_02676@gen.local,Élève,Généré 2676,,LYCEEN,BAC_1,Établissement Grand Lomé,2026-08-18T16:13:48.533924,true
eleve_gen_02677@gen.local,Élève,Généré 2677,,LYCEEN,BAC_1,Établissement Kara,2026-08-18T16:13:48.533924,true
eleve_gen_02678@gen.local,Élève,Généré 2678,,LYCEEN,BAC_1,Établissement Plateaux Ouest,2026-08-18T16:13:48.533924,true
eleve_gen_02679@gen.local,Élève,Généré 2679,,LYCEEN,BAC_1,Établissement Savanes,2026-08-18T16:13:48.533924,true
eleve_gen_02680@gen.local,Élève,Généré 2680,,LYCEEN,BAC_1,Établissement Centrale,2026-08-18T16:13:48.533924,true
eleve_gen_02681@gen.local,Élève,Généré 2681,,LYCEEN,BAC_1,Établissement Centrale,2026-08-18T16:13:48.533924,true
eleve_gen_02682@gen.local,Élève,Généré 2682,,LYCEEN,BAC_1,Établissement Centrale,2026-08-18T16:13:48.533924,true
eleve_gen_02683@gen.local,Élève,Généré 2683,,LYCEEN,BAC_1,Établissement Centrale,2026-08-18T16:13:48.533924,true
eleve_gen_02684@gen.local,Élève,Généré 2684,,LYCEEN,BAC_1,Établissement Grand Lomé,2026-08-18T16:13:48.533924,true
eleve_gen_02685@gen.local,Élève,Généré 2685,,LYCEEN,BAC_1,Établissement Grand Lomé,2026-08-18T16:13:48.533924,true
eleve_gen_02686@gen.local,Élève,Généré 2686,,LYCEEN,BAC_1,Établissement Maritime,2026-08-18T16:13:48.533924,true
eleve_gen_02687@gen.local,Élève,Généré 2687,,LYCEEN,BAC_1,Établissement Plateaux Est,2026-08-18T16:13:48.533924,true
eleve_gen_02688@gen.local,Élève,Généré 2688,,LYCEEN,BAC_1,Établissement Centrale,2026-08-18T16:13:48.533924,true
eleve_gen_02689@gen.local,Élève,Généré 2689,,LYCEEN,BAC_1,Établissement Maritime,2026-08-18T16:13:48.533924,true
eleve_gen_02690@gen.local,Élève,Généré 2690,,LYCEEN,BAC_1,Établissement Grand Lomé,2026-08-18T16:13:48.533924,true
eleve_gen_02691@gen.local,Élève,Généré 2691,,LYCEEN,BAC_1,Établissement Plateaux Ouest,2026-08-18T16:13:48.533924,true
eleve_gen_02692@gen.local,Élève,Généré 2692,,LYCEEN,BAC_1,Établissement Grand Lomé,2026-08-18T16:13:48.533924,true
eleve_gen_02693@gen.local,Élève,Généré 2693,,LYCEEN,BAC_1,Établissement Plateaux Ouest,2026-08-18T16:13:48.533924,true
eleve_gen_02694@gen.local,Élève,Généré 2694,,LYCEEN,BAC_1,Établissement Maritime,2026-08-18T16:13:48.533924,true
eleve_gen_02695@gen.local,Élève,Généré 2695,,LYCEEN,BAC_1,Établissement Grand Lomé,2026-08-18T16:13:48.533924,true
eleve_gen_02696@gen.local,Élève,Généré 2696,,LYCEEN,BAC_1,Établissement Savanes,2026-08-18T16:13:48.533924,true
eleve_gen_02697@gen.local,Élève,Généré 2697,,LYCEEN,BAC_1,Établissement Grand Lomé,2026-08-18T16:13:48.533924,true
eleve_gen_02698@gen.local,Élève,Généré 2698,,LYCEEN,BAC_1,Établissement Savanes,2026-08-18T16:13:48.533924,true
eleve_gen_02699@gen.local,Élève,Généré 2699,,LYCEEN,BAC_1,Établissement Maritime,2026-08-18T16:13:48.533924,true
eleve_gen_02700@gen.local,Élève,Généré 2700,,LYCEEN,BAC_1,Établissement Grand Lomé,2026-08-18T16:13:48.533924,true
eleve_gen_02701@gen.local,Élève,Généré 2701,,LYCEEN,BAC_1,Établissement Grand Lomé,2026-08-18T16:13:48.533924,true
eleve_gen_02702@gen.local,Élève,Généré 2702,,LYCEEN,BAC_1,Établissement Maritime,2026-08-18T16:13:48.533924,true
eleve_gen_02703@gen.local,Élève,Généré 2703,,LYCEEN,BAC_1,Établissement Kara,2026-08-18T16:13:48.533924,true
eleve_gen_02704@gen.local,Élève,Généré 2704,,LYCEEN,BAC_1,Établissement Centrale,2026-08-18T16:13:48.533924,true
eleve_gen_02705@gen.local,Élève,Généré 2705,,LYCEEN,BAC_1,Établissement Maritime,2026-08-18T16:13:48.533924,true
eleve_gen_02706@gen.local,Élève,Généré 2706,,LYCEEN,BAC_1,Établissement Grand Lomé,2026-08-18T16:13:48.533924,true
eleve_gen_02707@gen.local,Élève,Généré 2707,,LYCEEN,BAC_1,Établissement Plateaux Ouest,2026-08-18T16:13:48.533924,true
eleve_gen_02708@gen.local,Élève,Généré 2708,,LYCEEN,BAC_1,Établissement Maritime,2026-08-18T16:13:48.533924,true
eleve_gen_02709@gen.local,Élève,Généré 2709,,LYCEEN,BAC_1,Établissement Grand Lomé,2026-08-18T16:13:48.533924,true
eleve_gen_02710@gen.local,Élève,Généré 2710,,LYCEEN,BAC_1,Établissement Maritime,2026-08-18T16:13:48.533924,true
eleve_gen_02711@gen.local,Élève,Généré 2711,,LYCEEN,BAC_1,Établissement Centrale,2026-08-18T16:13:48.533924,true
eleve_gen_02712@gen.local,Élève,Généré 2712,,LYCEEN,BAC_1,Établissement Maritime,2026-08-18T16:13:48.533924,true
eleve_gen_02713@gen.local,Élève,Généré 2713,,LYCEEN,BAC_1,Établissement Plateaux Est,2026-08-18T16:13:48.533924,true
eleve_gen_02714@gen.local,Élève,Généré 2714,,LYCEEN,BAC_1,Établissement Grand Lomé,2026-08-18T16:13:48.533924,true
eleve_gen_02715@gen.local,Élève,Généré 2715,,LYCEEN,BAC_1,Établissement Kara,2026-08-18T16:13:48.533924,true
eleve_gen_02716@gen.local,Élève,Généré 2716,,LYCEEN,BAC_1,Établissement Kara,2026-08-18T16:13:48.533924,true
eleve_gen_02717@gen.local,Élève,Généré 2717,,LYCEEN,BAC_1,Établissement Plateaux Est,2026-08-18T16:13:48.533924,true
eleve_gen_02718@gen.local,Élève,Généré 2718,,LYCEEN,BAC_1,Établissement Plateaux Est,2026-08-18T16:13:48.533924,true
eleve_gen_02719@gen.local,Élève,Généré 2719,,LYCEEN,BAC_1,Établissement Savanes,2026-08-18T16:13:48.533924,true
eleve_gen_02720@gen.local,Élève,Généré 2720,,LYCEEN,BAC_1,Établissement Maritime,2026-08-18T16:13:48.533924,true
eleve_gen_02721@gen.local,Élève,Généré 2721,,LYCEEN,BAC_1,Établissement Grand Lomé,2026-08-18T16:13:48.533924,true
eleve_gen_02722@gen.local,Élève,Généré 2722,,LYCEEN,BAC_1,Établissement Grand Lomé,2026-08-18T16:13:48.533924,true
eleve_gen_02723@gen.local,Élève,Généré 2723,,LYCEEN,BAC_1,Établissement Maritime,2026-08-18T16:13:48.533924,true
eleve_gen_02724@gen.local,Élève,Généré 2724,,LYCEEN,BAC_1,Établissement Grand Lomé,2026-08-18T16:13:48.533924,true
eleve_gen_02725@gen.local,Élève,Généré 2725,,LYCEEN,BAC_1,Établissement Maritime,2026-08-18T16:13:48.533924,true
eleve_gen_02726@gen.local,Élève,Généré 2726,,LYCEEN,BAC_1,Établissement Kara,2026-08-18T16:13:48.533924,true
eleve_gen_02727@gen.local,Élève,Généré 2727,,LYCEEN,BAC_1,Établissement Grand Lomé,2026-08-18T16:13:48.533924,true
eleve_gen_02728@gen.local,Élève,Généré 2728,,LYCEEN,BAC_1,Établissement Plateaux Est,2026-08-18T16:13:48.533924,true
eleve_gen_02729@gen.local,Élève,Généré 2729,,LYCEEN,BAC_1,Établissement Kara,2026-08-18T16:13:48.533924,true
eleve_gen_02730@gen.local,Élève,Généré 2730,,LYCEEN,BAC_1,Établissement Kara,2026-08-18T16:13:48.533924,true
eleve_gen_02731@gen.local,Élève,Généré 2731,,LYCEEN,BAC_1,Établissement Centrale,2026-08-18T16:13:48.533924,true
eleve_gen_02732@gen.local,Élève,Généré 2732,,LYCEEN,BAC_1,Établissement Centrale,2026-08-18T16:13:48.533924,true
eleve_gen_02733@gen.local,Élève,Généré 2733,,LYCEEN,BAC_1,Établissement Grand Lomé,2026-08-18T16:13:48.533924,true
eleve_gen_02734@gen.local,Élève,Généré 2734,,LYCEEN,BAC_1,Établissement Plateaux Ouest,2026-08-18T16:13:48.533924,true
eleve_gen_02735@gen.local,Élève,Généré 2735,,LYCEEN,BAC_1,Établissement Centrale,2026-08-18T16:13:48.533924,true
eleve_gen_02736@gen.local,Élève,Généré 2736,,LYCEEN,BAC_1,Établissement Savanes,2026-08-18T16:13:48.533924,true
eleve_gen_02737@gen.local,Élève,Généré 2737,,LYCEEN,BAC_1,Établissement Grand Lomé,2026-08-18T16:13:48.533924,true
eleve_gen_02738@gen.local,Élève,Généré 2738,,LYCEEN,BAC_1,Établissement Plateaux Ouest,2026-08-18T16:13:48.533924,true
eleve_gen_02739@gen.local,Élève,Généré 2739,,LYCEEN,BAC_1,Établissement Maritime,2026-08-18T16:13:48.533924,true
eleve_gen_02740@gen.local,Élève,Généré 2740,,LYCEEN,BAC_1,Établissement Plateaux Ouest,2026-08-18T16:13:48.533924,true
eleve_gen_02741@gen.local,Élève,Généré 2741,,LYCEEN,BAC_1,Établissement Centrale,2026-08-18T16:13:48.533924,true
eleve_gen_02742@gen.local,Élève,Généré 2742,,LYCEEN,BAC_1,Établissement Grand Lomé,2026-08-18T16:13:48.533924,true
eleve_gen_02743@gen.local,Élève,Généré 2743,,LYCEEN,BAC_1,Établissement Savanes,2026-08-18T16:13:48.533924,true
eleve_gen_02744@gen.local,Élève,Généré 2744,,LYCEEN,BAC_1,Établissement Savanes,2026-08-18T16:13:48.533924,true
eleve_gen_02745@gen.local,Élève,Généré 2745,,LYCEEN,BAC_1,Établissement Kara,2026-08-18T16:13:48.533924,true
eleve_gen_02746@gen.local,Élève,Généré 2746,,LYCEEN,BAC_1,Établissement Maritime,2026-08-18T16:13:48.533924,true
eleve_gen_02747@gen.local,Élève,Généré 2747,,LYCEEN,BAC_1,Établissement Plateaux Est,2026-08-18T16:13:48.533924,true
eleve_gen_02748@gen.local,Élève,Généré 2748,,LYCEEN,BAC_1,Établissement Maritime,2026-08-18T16:13:48.533924,true
eleve_gen_02749@gen.local,Élève,Généré 2749,,LYCEEN,BAC_1,Établissement Grand Lomé,2026-08-18T16:13:48.533924,true
eleve_gen_02750@gen.local,Élève,Généré 2750,,LYCEEN,BAC_1,Établissement Kara,2026-08-18T16:13:48.533924,true
eleve_gen_02751@gen.local,Élève,Généré 2751,,LYCEEN,BAC_1,Établissement Maritime,2026-08-18T16:13:48.533924,true
eleve_gen_02752@gen.local,Élève,Généré 2752,,LYCEEN,BAC_1,Établissement Centrale,2026-08-18T16:13:48.533924,true
eleve_gen_02753@gen.local,Élève,Généré 2753,,LYCEEN,BAC_1,Établissement Centrale,2026-08-18T16:13:48.533924,true
eleve_gen_02754@gen.local,Élève,Généré 2754,,LYCEEN,BAC_1,Établissement Kara,2026-08-18T16:13:48.533924,true
eleve_gen_02755@gen.local,Élève,Généré 2755,,LYCEEN,BAC_1,Établissement Plateaux Ouest,2026-08-18T16:13:48.533924,true
eleve_gen_02756@gen.local,Élève,Généré 2756,,LYCEEN,BAC_1,Établissement Maritime,2026-08-18T16:13:48.533924,true
eleve_gen_02757@gen.local,Élève,Généré 2757,,LYCEEN,BAC_1,Établissement Grand Lomé,2026-08-18T16:13:48.533924,true
eleve_gen_02758@gen.local,Élève,Généré 2758,,LYCEEN,BAC_1,Établissement Kara,2026-08-18T16:13:48.533924,true
eleve_gen_02759@gen.local,Élève,Généré 2759,,LYCEEN,BAC_1,Établissement Grand Lomé,2026-08-18T16:13:48.533924,true
eleve_gen_02760@gen.local,Élève,Généré 2760,,LYCEEN,BAC_1,Établissement Plateaux Est,2026-08-18T16:13:48.533924,true
eleve_gen_02761@gen.local,Élève,Généré 2761,,LYCEEN,BAC_1,Établissement Plateaux Ouest,2026-08-18T16:13:48.533924,true
eleve_gen_02762@gen.local,Élève,Généré 2762,,LYCEEN,BAC_1,Établissement Grand Lomé,2026-08-18T16:13:48.533924,true
eleve_gen_02763@gen.local,Élève,Généré 2763,,LYCEEN,BAC_1,Établissement Centrale,2026-08-18T16:13:48.533924,true
eleve_gen_02764@gen.local,Élève,Généré 2764,,LYCEEN,BAC_1,Établissement Centrale,2026-08-18T16:13:48.533924,true
eleve_gen_02765@gen.local,Élève,Généré 2765,,LYCEEN,BAC_1,Établissement Kara,2026-08-18T16:13:48.533924,true
eleve_gen_02766@gen.local,Élève,Généré 2766,,LYCEEN,BAC_1,Établissement Grand Lomé,2026-08-18T16:13:48.533924,true
eleve_gen_02767@gen.local,Élève,Généré 2767,,LYCEEN,BAC_1,Établissement Grand Lomé,2026-08-18T16:13:48.533924,true
eleve_gen_02768@gen.local,Élève,Généré 2768,,LYCEEN,BAC_1,Établissement Plateaux Est,2026-08-18T16:13:48.533924,true
eleve_gen_02769@gen.local,Élève,Généré 2769,,LYCEEN,BAC_1,Établissement Savanes,2026-08-18T16:13:48.533924,true
eleve_gen_02770@gen.local,Élève,Généré 2770,,LYCEEN,BAC_1,Établissement Maritime,2026-08-18T16:13:48.533924,true
eleve_gen_02771@gen.local,Élève,Généré 2771,,LYCEEN,BAC_1,Établissement Maritime,2026-08-18T16:13:48.533924,true
eleve_gen_02772@gen.local,Élève,Généré 2772,,LYCEEN,BAC_1,Établissement Plateaux Ouest,2026-08-18T16:13:48.533924,true
eleve_gen_02773@gen.local,Élève,Généré 2773,,LYCEEN,BAC_1,Établissement Maritime,2026-08-18T16:13:48.533924,true
eleve_gen_02774@gen.local,Élève,Généré 2774,,LYCEEN,BAC_1,Établissement Grand Lomé,2026-08-18T16:13:48.533924,true
eleve_gen_02775@gen.local,Élève,Généré 2775,,LYCEEN,BAC_1,Établissement Plateaux Est,2026-08-18T16:13:48.533924,true
eleve_gen_02776@gen.local,Élève,Généré 2776,,LYCEEN,BAC_1,Établissement Grand Lomé,2026-08-18T16:13:48.533924,true
eleve_gen_02777@gen.local,Élève,Généré 2777,,LYCEEN,BAC_1,Établissement Plateaux Est,2026-08-18T16:13:48.533924,true
eleve_gen_02778@gen.local,Élève,Généré 2778,,LYCEEN,BAC_1,Établissement Centrale,2026-08-18T16:13:48.533924,true
eleve_gen_02779@gen.local,Élève,Généré 2779,,LYCEEN,BAC_1,Établissement Maritime,2026-08-18T16:13:48.533924,true
eleve_gen_02780@gen.local,Élève,Généré 2780,,LYCEEN,BAC_1,Établissement Plateaux Ouest,2026-08-18T16:13:48.533924,true
eleve_gen_02781@gen.local,Élève,Généré 2781,,LYCEEN,BAC_1,Établissement Maritime,2026-08-18T16:13:48.533924,true
eleve_gen_02782@gen.local,Élève,Généré 2782,,LYCEEN,BAC_1,Établissement Grand Lomé,2026-08-18T16:13:48.533924,true
eleve_gen_02783@gen.local,Élève,Généré 2783,,LYCEEN,BAC_1,Établissement Plateaux Ouest,2026-08-18T16:13:48.533924,true
eleve_gen_02784@gen.local,Élève,Généré 2784,,LYCEEN,BAC_1,Établissement Grand Lomé,2026-08-18T16:13:48.533924,true
eleve_gen_02785@gen.local,Élève,Généré 2785,,LYCEEN,BAC_1,Établissement Maritime,2026-08-18T16:13:48.533924,true
eleve_gen_02786@gen.local,Élève,Généré 2786,,LYCEEN,BAC_1,Établissement Plateaux Est,2026-08-18T16:13:48.533924,true
eleve_gen_02787@gen.local,Élève,Généré 2787,,LYCEEN,BAC_1,Établissement Centrale,2026-08-18T16:13:48.533924,true
eleve_gen_02788@gen.local,Élève,Généré 2788,,LYCEEN,BAC_1,Établissement Centrale,2026-08-18T16:13:48.533924,true
eleve_gen_02789@gen.local,Élève,Généré 2789,,LYCEEN,BAC_1,Établissement Kara,2026-08-18T16:13:48.533924,true
eleve_gen_02790@gen.local,Élève,Généré 2790,,LYCEEN,BAC_1,Établissement Grand Lomé,2026-08-18T16:13:48.533924,true
eleve_gen_02791@gen.local,Élève,Généré 2791,,LYCEEN,BAC_1,Établissement Centrale,2026-08-18T16:13:48.533924,true
eleve_gen_02792@gen.local,Élève,Généré 2792,,LYCEEN,BAC_1,Établissement Maritime,2026-08-18T16:13:48.533924,true
eleve_gen_02793@gen.local,Élève,Généré 2793,,LYCEEN,BAC_1,Établissement Plateaux Ouest,2026-08-18T16:13:48.533924,true
eleve_gen_02794@gen.local,Élève,Généré 2794,,LYCEEN,BAC_1,Établissement Centrale,2026-08-18T16:13:48.533924,true
eleve_gen_02795@gen.local,Élève,Généré 2795,,LYCEEN,BAC_1,Établissement Plateaux Ouest,2026-08-18T16:13:48.533924,true
eleve_gen_02796@gen.local,Élève,Généré 2796,,LYCEEN,BAC_1,Établissement Grand Lomé,2026-08-18T16:13:48.533924,true
eleve_gen_02797@gen.local,Élève,Généré 2797,,LYCEEN,BAC_1,Établissement Grand Lomé,2026-08-18T16:13:48.533924,true
eleve_gen_02798@gen.local,Élève,Généré 2798,,LYCEEN,BAC_1,Établissement Plateaux Ouest,2026-08-18T16:13:48.533924,true
eleve_gen_02799@gen.local,Élève,Généré 2799,,LYCEEN,BAC_1,Établissement Grand Lomé,2026-08-18T16:13:48.533924,true
eleve_gen_02800@gen.local,Élève,Généré 2800,,LYCEEN,BAC_1,Établissement Maritime,2026-08-18T16:13:48.533924,true
eleve_gen_02801@gen.local,Élève,Généré 2801,,LYCEEN,BAC_1,Établissement Grand Lomé,2026-08-18T16:13:48.533924,true
eleve_gen_02802@gen.local,Élève,Généré 2802,,LYCEEN,BAC_1,Établissement Grand Lomé,2026-08-18T16:13:48.533924,true
eleve_gen_02803@gen.local,Élève,Généré 2803,,LYCEEN,BAC_1,Établissement Plateaux Est,2026-08-18T16:13:48.533924,true
eleve_gen_02804@gen.local,Élève,Généré 2804,,LYCEEN,BAC_1,Établissement Maritime,2026-08-18T16:13:48.533924,true
eleve_gen_02805@gen.local,Élève,Généré 2805,,LYCEEN,BAC_1,Établissement Grand Lomé,2026-08-18T16:13:48.533924,true
eleve_gen_02806@gen.local,Élève,Généré 2806,,LYCEEN,BAC_1,Établissement Centrale,2026-08-18T16:13:48.533924,true
eleve_gen_02807@gen.local,Élève,Généré 2807,,LYCEEN,BAC_1,Établissement Maritime,2026-08-18T16:13:48.533924,true
eleve_gen_02808@gen.local,Élève,Généré 2808,,LYCEEN,BAC_1,Établissement Maritime,2026-08-18T16:13:48.533924,true
eleve_gen_02809@gen.local,Élève,Généré 2809,,LYCEEN,BAC_1,Établissement Plateaux Est,2026-08-18T16:13:48.533924,true
eleve_gen_02810@gen.local,Élève,Généré 2810,,LYCEEN,BAC_1,Établissement Plateaux Ouest,2026-08-18T16:13:48.533924,true
eleve_gen_02811@gen.local,Élève,Généré 2811,,LYCEEN,BAC_1,Établissement Savanes,2026-08-18T16:13:48.533924,true
eleve_gen_02812@gen.local,Élève,Généré 2812,,LYCEEN,BAC_1,Établissement Maritime,2026-08-18T16:13:48.533924,true
eleve_gen_02813@gen.local,Élève,Généré 2813,,LYCEEN,BAC_1,Établissement Plateaux Est,2026-08-18T16:13:48.533924,true
eleve_gen_02814@gen.local,Élève,Généré 2814,,LYCEEN,BAC_1,Établissement Plateaux Ouest,2026-08-18T16:13:48.533924,true
eleve_gen_02815@gen.local,Élève,Généré 2815,,LYCEEN,BAC_1,Établissement Plateaux Est,2026-08-18T16:13:48.533924,true
eleve_gen_02816@gen.local,Élève,Généré 2816,,LYCEEN,BAC_1,Établissement Centrale,2026-08-18T16:13:48.533924,true
eleve_gen_02817@gen.local,Élève,Généré 2817,,LYCEEN,BAC_1,Établissement Maritime,2026-08-18T16:13:48.533924,true
eleve_gen_02818@gen.local,Élève,Généré 2818,,LYCEEN,BAC_1,Établissement Plateaux Est,2026-08-18T16:13:48.533924,true
eleve_gen_02819@gen.local,Élève,Généré 2819,,LYCEEN,BAC_1,Établissement Plateaux Est,2026-08-18T16:13:48.533924,true
eleve_gen_02820@gen.local,Élève,Généré 2820,,LYCEEN,BAC_1,Établissement Grand Lomé,2026-08-18T16:13:48.533924,true
eleve_gen_02821@gen.local,Élève,Généré 2821,,LYCEEN,BAC_1,Établissement Maritime,2026-08-18T16:13:48.533924,true
eleve_gen_02822@gen.local,Élève,Généré 2822,,LYCEEN,BAC_1,Établissement Savanes,2026-08-18T16:13:48.533924,true
eleve_gen_02823@gen.local,Élève,Généré 2823,,LYCEEN,BAC_1,Établissement Savanes,2026-08-18T16:13:48.533924,true
eleve_gen_02824@gen.local,Élève,Généré 2824,,LYCEEN,BAC_1,Établissement Savanes,2026-08-18T16:13:48.533924,true
eleve_gen_02825@gen.local,Élève,Généré 2825,,LYCEEN,BAC_1,Établissement Grand Lomé,2026-08-18T16:13:48.533924,true
eleve_gen_02826@gen.local,Élève,Généré 2826,,LYCEEN,BAC_1,Établissement Maritime,2026-08-18T16:13:48.533924,true
eleve_gen_02827@gen.local,Élève,Généré 2827,,LYCEEN,BAC_1,Établissement Centrale,2026-08-18T16:13:48.533924,true
eleve_gen_02828@gen.local,Élève,Généré 2828,,LYCEEN,BAC_1,Établissement Plateaux Est,2026-08-18T16:13:48.533924,true
eleve_gen_02829@gen.local,Élève,Généré 2829,,LYCEEN,BAC_1,Établissement Kara,2026-08-18T16:13:48.533924,true
eleve_gen_02830@gen.local,Élève,Généré 2830,,LYCEEN,BAC_1,Établissement Plateaux Ouest,2026-08-18T16:13:48.533924,true
eleve_gen_02831@gen.local,Élève,Généré 2831,,LYCEEN,BAC_1,Établissement Maritime,2026-08-18T16:13:48.533924,true
eleve_gen_02832@gen.local,Élève,Généré 2832,,LYCEEN,BAC_1,Établissement Maritime,2026-08-18T16:13:48.533924,true
eleve_gen_02833@gen.local,Élève,Généré 2833,,LYCEEN,BAC_1,Établissement Kara,2026-08-18T16:13:48.533924,true
eleve_gen_02834@gen.local,Élève,Généré 2834,,LYCEEN,BAC_1,Établissement Grand Lomé,2026-08-18T16:13:48.533924,true
eleve_gen_02835@gen.local,Élève,Généré 2835,,LYCEEN,BAC_1,Établissement Grand Lomé,2026-08-18T16:13:48.533924,true
eleve_gen_02836@gen.local,Élève,Généré 2836,,LYCEEN,BAC_1,Établissement Plateaux Ouest,2026-08-18T16:13:48.533924,true
eleve_gen_02837@gen.local,Élève,Généré 2837,,LYCEEN,BAC_1,Établissement Savanes,2026-08-18T16:13:48.533924,true
eleve_gen_02838@gen.local,Élève,Généré 2838,,LYCEEN,BAC_1,Établissement Plateaux Ouest,2026-08-18T16:13:48.533924,true
eleve_gen_02839@gen.local,Élève,Généré 2839,,LYCEEN,BAC_1,Établissement Plateaux Ouest,2026-08-18T16:13:48.533924,true
eleve_gen_02840@gen.local,Élève,Généré 2840,,LYCEEN,BAC_1,Établissement Plateaux Est,2026-08-18T16:13:48.533924,true
eleve_gen_02841@gen.local,Élève,Généré 2841,,LYCEEN,BAC_1,Établissement Grand Lomé,2026-08-18T16:13:48.533924,true
eleve_gen_02842@gen.local,Élève,Généré 2842,,LYCEEN,BAC_1,Établissement Grand Lomé,2026-08-18T16:13:48.533924,true
eleve_gen_02843@gen.local,Élève,Généré 2843,,LYCEEN,BAC_1,Établissement Grand Lomé,2026-08-18T16:13:48.533924,true
eleve_gen_02844@gen.local,Élève,Généré 2844,,LYCEEN,BAC_1,Établissement Grand Lomé,2026-08-18T16:13:48.533924,true
eleve_gen_02845@gen.local,Élève,Généré 2845,,LYCEEN,BAC_1,Établissement Centrale,2026-08-18T16:13:48.533924,true
eleve_gen_02846@gen.local,Élève,Généré 2846,,LYCEEN,BAC_1,Établissement Centrale,2026-08-18T16:13:48.533924,true
eleve_gen_02847@gen.local,Élève,Généré 2847,,LYCEEN,BAC_1,Établissement Grand Lomé,2026-08-18T16:13:48.533924,true
eleve_gen_02848@gen.local,Élève,Généré 2848,,LYCEEN,BAC_1,Établissement Plateaux Ouest,2026-08-18T16:13:48.533924,true
eleve_gen_02849@gen.local,Élève,Généré 2849,,LYCEEN,BAC_1,Établissement Grand Lomé,2026-08-18T16:13:48.533924,true
eleve_gen_02850@gen.local,Élève,Généré 2850,,LYCEEN,BAC_1,Établissement Grand Lomé,2026-08-18T16:13:48.533924,true
eleve_gen_02851@gen.local,Élève,Généré 2851,,LYCEEN,BAC_1,Établissement Kara,2026-08-18T16:13:48.533924,true
eleve_gen_02852@gen.local,Élève,Généré 2852,,LYCEEN,BAC_1,Établissement Grand Lomé,2026-08-18T16:13:48.533924,true
eleve_gen_02853@gen.local,Élève,Généré 2853,,LYCEEN,BAC_1,Établissement Kara,2026-08-18T16:13:48.533924,true
eleve_gen_02854@gen.local,Élève,Généré 2854,,LYCEEN,BAC_1,Établissement Plateaux Est,2026-08-18T16:13:48.533924,true
eleve_gen_02855@gen.local,Élève,Généré 2855,,LYCEEN,BAC_1,Établissement Grand Lomé,2026-08-18T16:13:48.533924,true
eleve_gen_02856@gen.local,Élève,Généré 2856,,LYCEEN,BAC_1,Établissement Grand Lomé,2026-08-18T16:13:48.533924,true
eleve_gen_02857@gen.local,Élève,Généré 2857,,LYCEEN,BAC_1,Établissement Maritime,2026-08-18T16:13:48.533924,true
eleve_gen_02858@gen.local,Élève,Généré 2858,,LYCEEN,BAC_1,Établissement Grand Lomé,2026-08-18T16:13:48.533924,true
eleve_gen_02859@gen.local,Élève,Généré 2859,,LYCEEN,BAC_1,Établissement Grand Lomé,2026-08-18T16:13:48.533924,true
eleve_gen_02860@gen.local,Élève,Généré 2860,,LYCEEN,BAC_1,Établissement Centrale,2026-08-18T16:13:48.533924,true
eleve_gen_02861@gen.local,Élève,Généré 2861,,LYCEEN,BAC_1,Établissement Maritime,2026-08-18T16:13:48.533924,true
eleve_gen_02862@gen.local,Élève,Généré 2862,,LYCEEN,BAC_1,Établissement Grand Lomé,2026-08-18T16:13:48.533924,true
eleve_gen_02863@gen.local,Élève,Généré 2863,,LYCEEN,BAC_1,Établissement Centrale,2026-08-18T16:13:48.533924,true
eleve_gen_02864@gen.local,Élève,Généré 2864,,LYCEEN,BAC_1,Établissement Grand Lomé,2026-08-18T16:13:48.533924,true
eleve_gen_02865@gen.local,Élève,Généré 2865,,LYCEEN,BAC_1,Établissement Grand Lomé,2026-08-18T16:13:48.533924,true
eleve_gen_02866@gen.local,Élève,Généré 2866,,LYCEEN,BAC_1,Établissement Plateaux Est,2026-08-18T16:13:48.533924,true
eleve_gen_02867@gen.local,Élève,Généré 2867,,LYCEEN,BAC_1,Établissement Kara,2026-08-18T16:13:48.533924,true
eleve_gen_02868@gen.local,Élève,Généré 2868,,LYCEEN,BAC_1,Établissement Centrale,2026-08-18T16:13:48.533924,true
eleve_gen_02869@gen.local,Élève,Généré 2869,,LYCEEN,BAC_1,Établissement Maritime,2026-08-18T16:13:48.533924,true
eleve_gen_02870@gen.local,Élève,Généré 2870,,LYCEEN,BAC_1,Établissement Grand Lomé,2026-08-18T16:13:48.533924,true
eleve_gen_02871@gen.local,Élève,Généré 2871,,LYCEEN,BAC_1,Établissement Grand Lomé,2026-08-18T16:13:48.533924,true
eleve_gen_02872@gen.local,Élève,Généré 2872,,LYCEEN,BAC_1,Établissement Plateaux Est,2026-08-18T16:13:48.533924,true
eleve_gen_02873@gen.local,Élève,Généré 2873,,LYCEEN,BAC_1,Établissement Maritime,2026-08-18T16:13:48.533924,true
eleve_gen_02874@gen.local,Élève,Généré 2874,,LYCEEN,BAC_1,Établissement Maritime,2026-08-18T16:13:48.533924,true
eleve_gen_02875@gen.local,Élève,Généré 2875,,LYCEEN,BAC_1,Établissement Plateaux Ouest,2026-08-18T16:13:48.533924,true
eleve_gen_02876@gen.local,Élève,Généré 2876,,LYCEEN,BAC_1,Établissement Plateaux Est,2026-08-18T16:13:48.533924,true
eleve_gen_02877@gen.local,Élève,Généré 2877,,LYCEEN,BAC_1,Établissement Savanes,2026-08-18T16:13:48.533924,true
eleve_gen_02878@gen.local,Élève,Généré 2878,,LYCEEN,BAC_1,Établissement Centrale,2026-08-18T16:13:48.533924,true
eleve_gen_02879@gen.local,Élève,Généré 2879,,LYCEEN,BAC_1,Établissement Grand Lomé,2026-08-18T16:13:48.533924,true
eleve_gen_02880@gen.local,Élève,Généré 2880,,LYCEEN,BAC_1,Établissement Grand Lomé,2026-08-18T16:13:48.533924,true
eleve_gen_02881@gen.local,Élève,Généré 2881,,LYCEEN,BAC_1,Établissement Savanes,2026-08-18T16:13:48.533924,true
eleve_gen_02882@gen.local,Élève,Généré 2882,,LYCEEN,BAC_1,Établissement Maritime,2026-08-18T16:13:48.533924,true
eleve_gen_02883@gen.local,Élève,Généré 2883,,LYCEEN,BAC_1,Établissement Maritime,2026-08-18T16:13:48.533924,true
eleve_gen_02884@gen.local,Élève,Généré 2884,,LYCEEN,BAC_1,Établissement Plateaux Ouest,2026-08-18T16:13:48.533924,true
eleve_gen_02885@gen.local,Élève,Généré 2885,,LYCEEN,BAC_1,Établissement Savanes,2026-08-18T16:13:48.533924,true
eleve_gen_02886@gen.local,Élève,Généré 2886,,LYCEEN,BAC_1,Établissement Grand Lomé,2026-08-18T16:13:48.533924,true
eleve_gen_02887@gen.local,Élève,Généré 2887,,LYCEEN,BAC_1,Établissement Grand Lomé,2026-08-18T16:13:48.533924,true
eleve_gen_02888@gen.local,Élève,Généré 2888,,LYCEEN,BAC_1,Établissement Savanes,2026-08-18T16:13:48.533924,true
eleve_gen_02889@gen.local,Élève,Généré 2889,,LYCEEN,BAC_1,Établissement Grand Lomé,2026-08-18T16:13:48.533924,true
eleve_gen_02890@gen.local,Élève,Généré 2890,,LYCEEN,BAC_1,Établissement Savanes,2026-08-18T16:13:48.533924,true
eleve_gen_02891@gen.local,Élève,Généré 2891,,LYCEEN,BAC_1,Établissement Grand Lomé,2026-08-18T16:13:48.533924,true
eleve_gen_02892@gen.local,Élève,Généré 2892,,LYCEEN,BAC_1,Établissement Plateaux Ouest,2026-08-18T16:13:48.533924,true
eleve_gen_02893@gen.local,Élève,Généré 2893,,LYCEEN,BAC_1,Établissement Maritime,2026-08-18T16:13:48.533924,true
eleve_gen_02894@gen.local,Élève,Généré 2894,,LYCEEN,BAC_1,Établissement Centrale,2026-08-18T16:13:48.533924,true
eleve_gen_02895@gen.local,Élève,Généré 2895,,LYCEEN,BAC_1,Établissement Maritime,2026-08-18T16:13:48.533924,true
eleve_gen_02896@gen.local,Élève,Généré 2896,,LYCEEN,BAC_1,Établissement Grand Lomé,2026-08-18T16:13:48.533924,true
eleve_gen_02897@gen.local,Élève,Généré 2897,,LYCEEN,BAC_1,Établissement Plateaux Est,2026-08-18T16:13:48.533924,true
eleve_gen_02898@gen.local,Élève,Généré 2898,,LYCEEN,BAC_1,Établissement Grand Lomé,2026-08-18T16:13:48.533924,true
eleve_gen_02899@gen.local,Élève,Généré 2899,,LYCEEN,BAC_1,Établissement Kara,2026-08-18T16:13:48.533924,true
eleve_gen_02900@gen.local,Élève,Généré 2900,,LYCEEN,BAC_1,Établissement Savanes,2026-08-18T16:13:48.533924,true
eleve_gen_02901@gen.local,Élève,Généré 2901,,LYCEEN,BAC_1,Établissement Centrale,2026-08-18T16:13:48.533924,true
eleve_gen_02902@gen.local,Élève,Généré 2902,,LYCEEN,BAC_1,Établissement Grand Lomé,2026-08-18T16:13:48.533924,true
eleve_gen_02903@gen.local,Élève,Généré 2903,,LYCEEN,BAC_1,Établissement Centrale,2026-08-18T16:13:48.533924,true
eleve_gen_02904@gen.local,Élève,Généré 2904,,LYCEEN,BAC_1,Établissement Grand Lomé,2026-08-18T16:13:48.533924,true
eleve_gen_02905@gen.local,Élève,Généré 2905,,LYCEEN,BAC_1,Établissement Maritime,2026-08-18T16:13:48.533924,true
eleve_gen_02906@gen.local,Élève,Généré 2906,,LYCEEN,BAC_1,Établissement Grand Lomé,2026-08-18T16:13:48.533924,true
eleve_gen_02907@gen.local,Élève,Généré 2907,,LYCEEN,BAC_1,Établissement Grand Lomé,2026-08-18T16:13:48.533924,true
eleve_gen_02908@gen.local,Élève,Généré 2908,,LYCEEN,BAC_1,Établissement Plateaux Est,2026-08-18T16:13:48.533924,true
eleve_gen_02909@gen.local,Élève,Généré 2909,,LYCEEN,BAC_1,Établissement Savanes,2026-08-18T16:13:48.533924,true
eleve_gen_02910@gen.local,Élève,Généré 2910,,LYCEEN,BAC_1,Établissement Kara,2026-08-18T16:13:48.533924,true
eleve_gen_02911@gen.local,Élève,Généré 2911,,LYCEEN,BAC_1,Établissement Grand Lomé,2026-08-18T16:13:48.533924,true
eleve_gen_02912@gen.local,Élève,Généré 2912,,LYCEEN,BAC_1,Établissement Grand Lomé,2026-08-18T16:13:48.533924,true
eleve_gen_02913@gen.local,Élève,Généré 2913,,LYCEEN,BAC_1,Établissement Plateaux Est,2026-08-18T16:13:48.533924,true
eleve_gen_02914@gen.local,Élève,Généré 2914,,LYCEEN,BAC_1,Établissement Savanes,2026-08-18T16:13:48.533924,true
eleve_gen_02915@gen.local,Élève,Généré 2915,,LYCEEN,BAC_1,Établissement Plateaux Est,2026-08-18T16:13:48.533924,true
eleve_gen_02916@gen.local,Élève,Généré 2916,,LYCEEN,BAC_1,Établissement Plateaux Ouest,2026-08-18T16:13:48.533924,true
eleve_gen_02917@gen.local,Élève,Généré 2917,,LYCEEN,BAC_1,Établissement Grand Lomé,2026-08-18T16:13:48.533924,true
eleve_gen_02918@gen.local,Élève,Généré 2918,,LYCEEN,BAC_1,Établissement Plateaux Ouest,2026-08-18T16:13:48.533924,true
eleve_gen_02919@gen.local,Élève,Généré 2919,,LYCEEN,BAC_1,Établissement Grand Lomé,2026-08-18T16:13:48.533924,true
eleve_gen_02920@gen.local,Élève,Généré 2920,,LYCEEN,BAC_1,Établissement Savanes,2026-08-18T16:13:48.533924,true
eleve_gen_02921@gen.local,Élève,Généré 2921,,LYCEEN,BAC_1,Établissement Plateaux Ouest,2026-08-18T16:13:48.533924,true
eleve_gen_02922@gen.local,Élève,Généré 2922,,LYCEEN,BAC_1,Établissement Grand Lomé,2026-08-18T16:13:48.533924,true
eleve_gen_02923@gen.local,Élève,Généré 2923,,LYCEEN,BAC_1,Établissement Savanes,2026-08-18T16:13:48.533924,true
eleve_gen_02924@gen.local,Élève,Généré 2924,,LYCEEN,BAC_1,Établissement Kara,2026-08-18T16:13:48.533924,true
eleve_gen_02925@gen.local,Élève,Généré 2925,,LYCEEN,BAC_1,Établissement Plateaux Est,2026-08-18T16:13:48.533924,true
eleve_gen_02926@gen.local,Élève,Généré 2926,,LYCEEN,BAC_1,Établissement Plateaux Ouest,2026-08-18T16:13:48.533924,true
eleve_gen_02927@gen.local,Élève,Généré 2927,,LYCEEN,BAC_1,Établissement Plateaux Est,2026-08-18T16:13:48.533924,true
eleve_gen_02928@gen.local,Élève,Généré 2928,,LYCEEN,BAC_1,Établissement Centrale,2026-08-18T16:13:48.533924,true
eleve_gen_02929@gen.local,Élève,Généré 2929,,LYCEEN,BAC_1,Établissement Maritime,2026-08-18T16:13:48.533924,true
eleve_gen_02930@gen.local,Élève,Généré 2930,,LYCEEN,BAC_1,Établissement Maritime,2026-08-18T16:13:48.533924,true
eleve_gen_02931@gen.local,Élève,Généré 2931,,LYCEEN,BAC_1,Établissement Centrale,2026-08-18T16:13:48.533924,true
eleve_gen_02932@gen.local,Élève,Généré 2932,,LYCEEN,BAC_1,Établissement Maritime,2026-08-18T16:13:48.533924,true
eleve_gen_02933@gen.local,Élève,Généré 2933,,LYCEEN,BAC_1,Établissement Centrale,2026-08-18T16:13:48.533924,true
eleve_gen_02934@gen.local,Élève,Généré 2934,,LYCEEN,BAC_1,Établissement Grand Lomé,2026-08-18T16:13:48.533924,true
eleve_gen_02935@gen.local,Élève,Généré 2935,,LYCEEN,BAC_1,Établissement Plateaux Est,2026-08-18T16:13:48.533924,true
eleve_gen_02936@gen.local,Élève,Généré 2936,,LYCEEN,BAC_1,Établissement Plateaux Est,2026-08-18T16:13:48.533924,true
eleve_gen_02937@gen.local,Élève,Généré 2937,,LYCEEN,BAC_1,Établissement Kara,2026-08-18T16:13:48.533924,true
eleve_gen_02938@gen.local,Élève,Généré 2938,,LYCEEN,BAC_1,Établissement Grand Lomé,2026-08-18T16:13:48.533924,true
eleve_gen_02939@gen.local,Élève,Généré 2939,,LYCEEN,BAC_1,Établissement Plateaux Ouest,2026-08-18T16:13:48.533924,true
eleve_gen_02940@gen.local,Élève,Généré 2940,,LYCEEN,BAC_1,Établissement Grand Lomé,2026-08-18T16:13:48.533924,true
eleve_gen_02941@gen.local,Élève,Généré 2941,,LYCEEN,BAC_1,Établissement Grand Lomé,2026-08-18T16:13:48.533924,true
eleve_gen_02942@gen.local,Élève,Généré 2942,,LYCEEN,BAC_1,Établissement Centrale,2026-08-18T16:13:48.533924,true
eleve_gen_02943@gen.local,Élève,Généré 2943,,LYCEEN,BAC_1,Établissement Plateaux Ouest,2026-08-18T16:13:48.533924,true
eleve_gen_02944@gen.local,Élève,Généré 2944,,LYCEEN,BAC_1,Établissement Maritime,2026-08-18T16:13:48.533924,true
eleve_gen_02945@gen.local,Élève,Généré 2945,,LYCEEN,BAC_1,Établissement Plateaux Ouest,2026-08-18T16:13:48.533924,true
eleve_gen_02946@gen.local,Élève,Généré 2946,,LYCEEN,BAC_1,Établissement Centrale,2026-08-18T16:13:48.533924,true
eleve_gen_02947@gen.local,Élève,Généré 2947,,LYCEEN,BAC_1,Établissement Plateaux Ouest,2026-08-18T16:13:48.533924,true
eleve_gen_02948@gen.local,Élève,Généré 2948,,LYCEEN,BAC_1,Établissement Grand Lomé,2026-08-18T16:13:48.533924,true
eleve_gen_02949@gen.local,Élève,Généré 2949,,LYCEEN,BAC_1,Établissement Kara,2026-08-18T16:13:48.533924,true
eleve_gen_02950@gen.local,Élève,Généré 2950,,LYCEEN,BAC_1,Établissement Grand Lomé,2026-08-18T16:13:48.533924,true
eleve_gen_02951@gen.local,Élève,Généré 2951,,LYCEEN,BAC_1,Établissement Maritime,2026-08-18T16:13:48.533924,true
eleve_gen_02952@gen.local,Élève,Généré 2952,,LYCEEN,BAC_1,Établissement Plateaux Ouest,2026-08-18T16:13:48.533924,true
eleve_gen_02953@gen.local,Élève,Généré 2953,,LYCEEN,BAC_1,Établissement Savanes,2026-08-18T16:13:48.533924,true
eleve_gen_02954@gen.local,Élève,Généré 2954,,LYCEEN,BAC_1,Établissement Grand Lomé,2026-08-18T16:13:48.533924,true
eleve_gen_02955@gen.local,Élève,Généré 2955,,LYCEEN,BAC_1,Établissement Maritime,2026-08-18T16:13:48.533924,true
eleve_gen_02956@gen.local,Élève,Généré 2956,,LYCEEN,BAC_1,Établissement Grand Lomé,2026-08-18T16:13:48.533924,true
eleve_gen_02957@gen.local,Élève,Généré 2957,,LYCEEN,BAC_1,Établissement Centrale,2026-08-18T16:13:48.533924,true
eleve_gen_02958@gen.local,Élève,Généré 2958,,LYCEEN,BAC_1,Établissement Savanes,2026-08-18T16:13:48.533924,true
eleve_gen_02959@gen.local,Élève,Généré 2959,,LYCEEN,BAC_1,Établissement Plateaux Est,2026-08-18T16:13:48.533924,true
eleve_gen_02960@gen.local,Élève,Généré 2960,,LYCEEN,BAC_1,Établissement Maritime,2026-08-18T16:13:48.533924,true
eleve_gen_02961@gen.local,Élève,Généré 2961,,LYCEEN,BAC_1,Établissement Maritime,2026-08-18T16:13:48.533924,true
eleve_gen_02962@gen.local,Élève,Généré 2962,,LYCEEN,BAC_1,Établissement Grand Lomé,2026-08-18T16:13:48.533924,true
eleve_gen_02963@gen.local,Élève,Généré 2963,,LYCEEN,BAC_1,Établissement Centrale,2026-08-18T16:13:48.533924,true
eleve_gen_02964@gen.local,Élève,Généré 2964,,LYCEEN,BAC_1,Établissement Grand Lomé,2026-08-18T16:13:48.533924,true
eleve_gen_02965@gen.local,Élève,Généré 2965,,LYCEEN,BAC_1,Établissement Plateaux Est,2026-08-18T16:13:48.533924,true
eleve_gen_02966@gen.local,Élève,Généré 2966,,LYCEEN,BAC_1,Établissement Centrale,2026-08-18T16:13:48.533924,true
eleve_gen_02967@gen.local,Élève,Généré 2967,,LYCEEN,BAC_1,Établissement Plateaux Est,2026-08-18T16:13:48.533924,true
eleve_gen_02968@gen.local,Élève,Généré 2968,,LYCEEN,BAC_1,Établissement Grand Lomé,2026-08-18T16:13:48.533924,true
eleve_gen_02969@gen.local,Élève,Généré 2969,,LYCEEN,BAC_1,Établissement Savanes,2026-08-18T16:13:48.533924,true
eleve_gen_02970@gen.local,Élève,Généré 2970,,LYCEEN,BAC_1,Établissement Grand Lomé,2026-08-18T16:13:48.533924,true
eleve_gen_02971@gen.local,Élève,Généré 2971,,LYCEEN,BAC_1,Établissement Maritime,2026-08-18T16:13:48.533924,true
eleve_gen_02972@gen.local,Élève,Généré 2972,,LYCEEN,BAC_1,Établissement Grand Lomé,2026-08-18T16:13:48.533924,true
eleve_gen_02973@gen.local,Élève,Généré 2973,,LYCEEN,BAC_1,Établissement Kara,2026-08-18T16:13:48.533924,true
eleve_gen_02974@gen.local,Élève,Généré 2974,,LYCEEN,BAC_1,Établissement Maritime,2026-08-18T16:13:48.533924,true
eleve_gen_02975@gen.local,Élève,Généré 2975,,LYCEEN,BAC_1,Établissement Maritime,2026-08-18T16:13:48.533924,true
eleve_gen_02976@gen.local,Élève,Généré 2976,,LYCEEN,BAC_1,Établissement Savanes,2026-08-18T16:13:48.533924,true
eleve_gen_02977@gen.local,Élève,Généré 2977,,LYCEEN,BAC_1,Établissement Plateaux Ouest,2026-08-18T16:13:48.533924,true
eleve_gen_02978@gen.local,Élève,Généré 2978,,LYCEEN,BAC_1,Établissement Grand Lomé,2026-08-18T16:13:48.533924,true
eleve_gen_02979@gen.local,Élève,Généré 2979,,LYCEEN,BAC_1,Établissement Grand Lomé,2026-08-18T16:13:48.533924,true
eleve_gen_02980@gen.local,Élève,Généré 2980,,LYCEEN,BAC_1,Établissement Centrale,2026-08-18T16:13:48.533924,true
eleve_gen_02981@gen.local,Élève,Généré 2981,,LYCEEN,BAC_1,Établissement Grand Lomé,2026-08-18T16:13:48.533924,true
eleve_gen_02982@gen.local,Élève,Généré 2982,,LYCEEN,BAC_1,Établissement Kara,2026-08-18T16:13:48.533924,true
eleve_gen_02983@gen.local,Élève,Généré 2983,,LYCEEN,BAC_1,Établissement Grand Lomé,2026-08-18T16:13:48.533924,true
eleve_gen_02984@gen.local,Élève,Généré 2984,,LYCEEN,BAC_1,Établissement Plateaux Ouest,2026-08-18T16:13:48.533924,true
eleve_gen_02985@gen.local,Élève,Généré 2985,,LYCEEN,BAC_1,Établissement Centrale,2026-08-18T16:13:48.533924,true
eleve_gen_02986@gen.local,Élève,Généré 2986,,LYCEEN,BAC_1,Établissement Maritime,2026-08-18T16:13:48.533924,true
eleve_gen_02987@gen.local,Élève,Généré 2987,,LYCEEN,BAC_1,Établissement Centrale,2026-08-18T16:13:48.533924,true
eleve_gen_02988@gen.local,Élève,Généré 2988,,LYCEEN,BAC_1,Établissement Savanes,2026-08-18T16:13:48.533924,true
eleve_gen_02989@gen.local,Élève,Généré 2989,,LYCEEN,BAC_1,Établissement Centrale,2026-08-18T16:13:48.533924,true
eleve_gen_02990@gen.local,Élève,Généré 2990,,LYCEEN,BAC_1,Établissement Plateaux Est,2026-08-18T16:13:48.533924,true
eleve_gen_02991@gen.local,Élève,Généré 2991,,LYCEEN,BAC_1,Établissement Grand Lomé,2026-08-18T16:13:48.533924,true
eleve_gen_02992@gen.local,Élève,Généré 2992,,LYCEEN,BAC_1,Établissement Kara,2026-08-18T16:13:48.533924,true
eleve_gen_02993@gen.local,Élève,Généré 2993,,LYCEEN,BAC_1,Établissement Centrale,2026-08-18T16:13:48.533924,true
eleve_gen_02994@gen.local,Élève,Généré 2994,,LYCEEN,BAC_1,Établissement Centrale,2026-08-18T16:13:48.533924,true
eleve_gen_02995@gen.local,Élève,Généré 2995,,LYCEEN,BAC_1,Établissement Grand Lomé,2026-08-18T16:13:48.533924,true
eleve_gen_02996@gen.local,Élève,Généré 2996,,LYCEEN,BAC_1,Établissement Maritime,2026-08-18T16:13:48.533924,true
eleve_gen_02997@gen.local,Élève,Généré 2997,,LYCEEN,BAC_1,Établissement Savanes,2026-08-18T16:13:48.533924,true
eleve_gen_02998@gen.local,Élève,Généré 2998,,LYCEEN,BAC_1,Établissement Centrale,2026-08-18T16:13:48.533924,true
eleve_gen_02999@gen.local,Élève,Généré 2999,,LYCEEN,BAC_1,Établissement Plateaux Ouest,2026-08-18T16:13:48.533924,true
eleve_gen_03000@gen.local,Élève,Généré 3000,,LYCEEN,BAC_1,Établissement Plateaux Est,2026-08-18T16:13:48.533924,true
eleve_gen_03001@gen.local,Élève,Généré 3001,,LYCEEN,BAC_1,Établissement Plateaux Est,2026-08-18T16:13:48.533924,true
eleve_gen_03002@gen.local,Élève,Généré 3002,,LYCEEN,BAC_1,Établissement Centrale,2026-08-18T16:13:48.533924,true
eleve_gen_03003@gen.local,Élève,Généré 3003,,LYCEEN,BAC_1,Établissement Maritime,2026-08-18T16:13:48.533924,true
eleve_gen_03004@gen.local,Élève,Généré 3004,,LYCEEN,BAC_1,Établissement Grand Lomé,2026-08-18T16:13:48.533924,true
eleve_gen_03005@gen.local,Élève,Généré 3005,,LYCEEN,BAC_1,Établissement Maritime,2026-08-18T16:13:48.533924,true
eleve_gen_03006@gen.local,Élève,Généré 3006,,LYCEEN,BAC_1,Établissement Grand Lomé,2026-08-18T16:13:48.533924,true
eleve_gen_03007@gen.local,Élève,Généré 3007,,LYCEEN,BAC_1,Établissement Grand Lomé,2026-08-18T16:13:48.533924,true
eleve_gen_03008@gen.local,Élève,Généré 3008,,LYCEEN,BAC_1,Établissement Plateaux Ouest,2026-08-18T16:13:48.533924,true
eleve_gen_03009@gen.local,Élève,Généré 3009,,LYCEEN,BAC_1,Établissement Grand Lomé,2026-08-18T16:13:48.533924,true
eleve_gen_03010@gen.local,Élève,Généré 3010,,LYCEEN,BAC_1,Établissement Maritime,2026-08-18T16:13:48.533924,true
eleve_gen_03011@gen.local,Élève,Généré 3011,,LYCEEN,BAC_1,Établissement Kara,2026-08-18T16:13:48.533924,true
eleve_gen_03012@gen.local,Élève,Généré 3012,,LYCEEN,BAC_1,Établissement Grand Lomé,2026-08-18T16:13:48.533924,true
eleve_gen_03013@gen.local,Élève,Généré 3013,,LYCEEN,BAC_1,Établissement Plateaux Est,2026-08-18T16:13:48.533924,true
eleve_gen_03014@gen.local,Élève,Généré 3014,,LYCEEN,BAC_1,Établissement Centrale,2026-08-18T16:13:48.533924,true
eleve_gen_03015@gen.local,Élève,Généré 3015,,LYCEEN,BAC_1,Établissement Plateaux Ouest,2026-08-18T16:13:48.533924,true
eleve_gen_03016@gen.local,Élève,Généré 3016,,LYCEEN,BAC_1,Établissement Maritime,2026-08-18T16:13:48.533924,true
eleve_gen_03017@gen.local,Élève,Généré 3017,,LYCEEN,BAC_1,Établissement Maritime,2026-08-18T16:13:48.533924,true
eleve_gen_03018@gen.local,Élève,Généré 3018,,LYCEEN,BAC_1,Établissement Kara,2026-08-18T16:13:48.533924,true
eleve_gen_03019@gen.local,Élève,Généré 3019,,LYCEEN,BAC_1,Établissement Kara,2026-08-18T16:13:48.533924,true
eleve_gen_03020@gen.local,Élève,Généré 3020,,LYCEEN,BAC_1,Établissement Savanes,2026-08-18T16:13:48.533924,true
eleve_gen_03021@gen.local,Élève,Généré 3021,,LYCEEN,BAC_1,Établissement Savanes,2026-08-18T16:13:48.533924,true
eleve_gen_03022@gen.local,Élève,Généré 3022,,LYCEEN,BAC_1,Établissement Grand Lomé,2026-08-18T16:13:48.533924,true
eleve_gen_03023@gen.local,Élève,Généré 3023,,LYCEEN,BAC_1,Établissement Maritime,2026-08-18T16:13:48.533924,true
eleve_gen_03024@gen.local,Élève,Généré 3024,,LYCEEN,BAC_1,Établissement Plateaux Ouest,2026-08-18T16:13:48.533924,true
eleve_gen_03025@gen.local,Élève,Généré 3025,,LYCEEN,BAC_1,Établissement Maritime,2026-08-18T16:13:48.533924,true
eleve_gen_03026@gen.local,Élève,Généré 3026,,LYCEEN,BAC_1,Établissement Centrale,2026-08-18T16:13:48.533924,true
eleve_gen_03027@gen.local,Élève,Généré 3027,,LYCEEN,BAC_1,Établissement Centrale,2026-08-18T16:13:48.533924,true
eleve_gen_03028@gen.local,Élève,Généré 3028,,LYCEEN,BAC_1,Établissement Grand Lomé,2026-08-18T16:13:48.533924,true
eleve_gen_03029@gen.local,Élève,Généré 3029,,LYCEEN,BAC_1,Établissement Maritime,2026-08-18T16:13:48.533924,true
eleve_gen_03030@gen.local,Élève,Généré 3030,,LYCEEN,BAC_1,Établissement Maritime,2026-08-18T16:13:48.533924,true
eleve_gen_03031@gen.local,Élève,Généré 3031,,LYCEEN,BAC_1,Établissement Maritime,2026-08-18T16:13:48.533924,true
eleve_gen_03032@gen.local,Élève,Généré 3032,,LYCEEN,BAC_1,Établissement Plateaux Est,2026-08-18T16:13:48.533924,true
eleve_gen_03033@gen.local,Élève,Généré 3033,,LYCEEN,BAC_1,Établissement Grand Lomé,2026-08-18T16:13:48.533924,true
eleve_gen_03034@gen.local,Élève,Généré 3034,,LYCEEN,BAC_1,Établissement Plateaux Ouest,2026-08-18T16:13:48.533924,true
eleve_gen_03035@gen.local,Élève,Généré 3035,,LYCEEN,BAC_1,Établissement Grand Lomé,2026-08-18T16:13:48.533924,true
eleve_gen_03036@gen.local,Élève,Généré 3036,,LYCEEN,BAC_1,Établissement Centrale,2026-08-18T16:13:48.533924,true
eleve_gen_03037@gen.local,Élève,Généré 3037,,LYCEEN,BAC_1,Établissement Grand Lomé,2026-08-18T16:13:48.533924,true
eleve_gen_03038@gen.local,Élève,Généré 3038,,LYCEEN,BAC_1,Établissement Plateaux Ouest,2026-08-18T16:13:48.533924,true
eleve_gen_03039@gen.local,Élève,Généré 3039,,LYCEEN,BAC_1,Établissement Maritime,2026-08-18T16:13:48.533924,true
eleve_gen_03040@gen.local,Élève,Généré 3040,,LYCEEN,BAC_1,Établissement Grand Lomé,2026-08-18T16:13:48.533924,true
eleve_gen_03041@gen.local,Élève,Généré 3041,,LYCEEN,BAC_1,Établissement Centrale,2026-08-18T16:13:48.533924,true
eleve_gen_03042@gen.local,Élève,Généré 3042,,LYCEEN,BAC_1,Établissement Plateaux Ouest,2026-08-18T16:13:48.533924,true
eleve_gen_03043@gen.local,Élève,Généré 3043,,LYCEEN,BAC_1,Établissement Plateaux Ouest,2026-08-18T16:13:48.533924,true
eleve_gen_03044@gen.local,Élève,Généré 3044,,LYCEEN,BAC_1,Établissement Savanes,2026-08-18T16:13:48.533924,true
eleve_gen_03045@gen.local,Élève,Généré 3045,,LYCEEN,BAC_1,Établissement Savanes,2026-08-18T16:13:48.533924,true
eleve_gen_03046@gen.local,Élève,Généré 3046,,LYCEEN,BAC_1,Établissement Grand Lomé,2026-08-18T16:13:48.533924,true
eleve_gen_03047@gen.local,Élève,Généré 3047,,LYCEEN,BAC_1,Établissement Maritime,2026-08-18T16:13:48.533924,true
eleve_gen_03048@gen.local,Élève,Généré 3048,,LYCEEN,BAC_1,Établissement Grand Lomé,2026-08-18T16:13:48.533924,true
eleve_gen_03049@gen.local,Élève,Généré 3049,,LYCEEN,BAC_1,Établissement Centrale,2026-08-18T16:13:48.533924,true
eleve_gen_03050@gen.local,Élève,Généré 3050,,LYCEEN,BAC_1,Établissement Centrale,2026-08-18T16:13:48.533924,true
eleve_gen_03051@gen.local,Élève,Généré 3051,,LYCEEN,BAC_1,Établissement Plateaux Est,2026-08-18T16:13:48.533924,true
eleve_gen_03052@gen.local,Élève,Généré 3052,,LYCEEN,BAC_1,Établissement Grand Lomé,2026-08-18T16:13:48.533924,true
eleve_gen_03053@gen.local,Élève,Généré 3053,,LYCEEN,BAC_1,Établissement Maritime,2026-08-18T16:13:48.533924,true
eleve_gen_03054@gen.local,Élève,Généré 3054,,LYCEEN,BAC_1,Établissement Grand Lomé,2026-08-18T16:13:48.533924,true
eleve_gen_03055@gen.local,Élève,Généré 3055,,LYCEEN,BAC_1,Établissement Plateaux Ouest,2026-08-18T16:13:48.533924,true
eleve_gen_03056@gen.local,Élève,Généré 3056,,LYCEEN,BAC_1,Établissement Plateaux Est,2026-08-18T16:13:48.533924,true
eleve_gen_03057@gen.local,Élève,Généré 3057,,LYCEEN,BAC_1,Établissement Grand Lomé,2026-08-18T16:13:48.533924,true
eleve_gen_03058@gen.local,Élève,Généré 3058,,LYCEEN,BAC_1,Établissement Grand Lomé,2026-08-18T16:13:48.533924,true
eleve_gen_03059@gen.local,Élève,Généré 3059,,LYCEEN,BAC_1,Établissement Maritime,2026-08-18T16:13:48.533924,true
eleve_gen_03060@gen.local,Élève,Généré 3060,,LYCEEN,BAC_1,Établissement Savanes,2026-08-18T16:13:48.533924,true
eleve_gen_03061@gen.local,Élève,Généré 3061,,LYCEEN,BAC_1,Établissement Centrale,2026-08-18T16:13:48.533924,true
eleve_gen_03062@gen.local,Élève,Généré 3062,,LYCEEN,BAC_1,Établissement Maritime,2026-08-18T16:13:48.533924,true
eleve_gen_03063@gen.local,Élève,Généré 3063,,LYCEEN,BAC_1,Établissement Savanes,2026-08-18T16:13:48.533924,true
eleve_gen_03064@gen.local,Élève,Généré 3064,,LYCEEN,BAC_1,Établissement Plateaux Est,2026-08-18T16:13:48.533924,true
eleve_gen_03065@gen.local,Élève,Généré 3065,,LYCEEN,BAC_1,Établissement Grand Lomé,2026-08-18T16:13:48.533924,true
eleve_gen_03066@gen.local,Élève,Généré 3066,,LYCEEN,BAC_1,Établissement Grand Lomé,2026-08-18T16:13:48.533924,true
eleve_gen_03067@gen.local,Élève,Généré 3067,,LYCEEN,BAC_1,Établissement Plateaux Ouest,2026-08-18T16:13:48.533924,true
eleve_gen_03068@gen.local,Élève,Généré 3068,,LYCEEN,BAC_1,Établissement Grand Lomé,2026-08-18T16:13:48.533924,true
eleve_gen_03069@gen.local,Élève,Généré 3069,,LYCEEN,BAC_1,Établissement Centrale,2026-08-18T16:13:48.533924,true
eleve_gen_03070@gen.local,Élève,Généré 3070,,LYCEEN,BAC_1,Établissement Savanes,2026-08-18T16:13:48.533924,true
eleve_gen_03071@gen.local,Élève,Généré 3071,,LYCEEN,BAC_1,Établissement Maritime,2026-08-18T16:13:48.533924,true
eleve_gen_03072@gen.local,Élève,Généré 3072,,LYCEEN,BAC_1,Établissement Plateaux Est,2026-08-18T16:13:48.533924,true
eleve_gen_03073@gen.local,Élève,Généré 3073,,LYCEEN,BAC_1,Établissement Grand Lomé,2026-08-18T16:13:48.533924,true
eleve_gen_03074@gen.local,Élève,Généré 3074,,LYCEEN,BAC_1,Établissement Kara,2026-08-18T16:13:48.533924,true
eleve_gen_03075@gen.local,Élève,Généré 3075,,LYCEEN,BAC_1,Établissement Grand Lomé,2026-08-18T16:13:48.533924,true
eleve_gen_03076@gen.local,Élève,Généré 3076,,LYCEEN,BAC_1,Établissement Grand Lomé,2026-08-18T16:13:48.533924,true
eleve_gen_03077@gen.local,Élève,Généré 3077,,LYCEEN,BAC_1,Établissement Centrale,2026-08-18T16:13:48.533924,true
eleve_gen_03078@gen.local,Élève,Généré 3078,,LYCEEN,BAC_1,Établissement Centrale,2026-08-18T16:13:48.533924,true
eleve_gen_03079@gen.local,Élève,Généré 3079,,LYCEEN,BAC_1,Établissement Plateaux Est,2026-08-18T16:13:48.533924,true
eleve_gen_03080@gen.local,Élève,Généré 3080,,LYCEEN,BAC_1,Établissement Grand Lomé,2026-08-18T16:13:48.533924,true
eleve_gen_03081@gen.local,Élève,Généré 3081,,LYCEEN,BAC_1,Établissement Maritime,2026-08-18T16:13:48.533924,true
eleve_gen_03082@gen.local,Élève,Généré 3082,,LYCEEN,BAC_1,Établissement Kara,2026-08-18T16:13:48.533924,true
eleve_gen_03083@gen.local,Élève,Généré 3083,,LYCEEN,BAC_1,Établissement Plateaux Est,2026-08-18T16:13:48.533924,true
eleve_gen_03084@gen.local,Élève,Généré 3084,,LYCEEN,BAC_1,Établissement Plateaux Ouest,2026-08-18T16:13:48.533924,true
eleve_gen_03085@gen.local,Élève,Généré 3085,,LYCEEN,BAC_1,Établissement Plateaux Est,2026-08-18T16:13:48.533924,true
eleve_gen_03086@gen.local,Élève,Généré 3086,,LYCEEN,BAC_1,Établissement Plateaux Est,2026-08-18T16:13:48.533924,true
eleve_gen_03087@gen.local,Élève,Généré 3087,,LYCEEN,BAC_1,Établissement Plateaux Ouest,2026-08-18T16:13:48.533924,true
eleve_gen_03088@gen.local,Élève,Généré 3088,,LYCEEN,BAC_1,Établissement Grand Lomé,2026-08-18T16:13:48.533924,true
eleve_gen_03089@gen.local,Élève,Généré 3089,,LYCEEN,BAC_1,Établissement Plateaux Est,2026-08-18T16:13:48.533924,true
eleve_gen_03090@gen.local,Élève,Généré 3090,,LYCEEN,BAC_1,Établissement Kara,2026-08-18T16:13:48.533924,true
eleve_gen_03091@gen.local,Élève,Généré 3091,,LYCEEN,BAC_1,Établissement Kara,2026-08-18T16:13:48.533924,true
eleve_gen_03092@gen.local,Élève,Généré 3092,,LYCEEN,BAC_1,Établissement Plateaux Est,2026-08-18T16:13:48.533924,true
eleve_gen_03093@gen.local,Élève,Généré 3093,,LYCEEN,BAC_1,Établissement Kara,2026-08-18T16:13:48.533924,true
eleve_gen_03094@gen.local,Élève,Généré 3094,,LYCEEN,BAC_1,Établissement Maritime,2026-08-18T16:13:48.533924,true
eleve_gen_03095@gen.local,Élève,Généré 3095,,LYCEEN,BAC_1,Établissement Kara,2026-08-18T16:13:48.533924,true
eleve_gen_03096@gen.local,Élève,Généré 3096,,LYCEEN,BAC_1,Établissement Grand Lomé,2026-08-18T16:13:48.533924,true
eleve_gen_03097@gen.local,Élève,Généré 3097,,LYCEEN,BAC_1,Établissement Savanes,2026-08-18T16:13:48.533924,true
eleve_gen_03098@gen.local,Élève,Généré 3098,,LYCEEN,BAC_1,Établissement Savanes,2026-08-18T16:13:48.533924,true
eleve_gen_03099@gen.local,Élève,Généré 3099,,LYCEEN,BAC_1,Établissement Grand Lomé,2026-08-18T16:13:48.533924,true
eleve_gen_03100@gen.local,Élève,Généré 3100,,LYCEEN,BAC_1,Établissement Kara,2026-08-18T16:13:48.533924,true
eleve_gen_03101@gen.local,Élève,Généré 3101,,LYCEEN,BAC_1,Établissement Plateaux Est,2026-08-18T16:13:48.533924,true
eleve_gen_03102@gen.local,Élève,Généré 3102,,LYCEEN,BAC_1,Établissement Grand Lomé,2026-08-18T16:13:48.533924,true
eleve_gen_03103@gen.local,Élève,Généré 3103,,LYCEEN,BAC_1,Établissement Grand Lomé,2026-08-18T16:13:48.533924,true
eleve_gen_03104@gen.local,Élève,Généré 3104,,LYCEEN,BAC_1,Établissement Savanes,2026-08-18T16:13:48.533924,true
eleve_gen_03105@gen.local,Élève,Généré 3105,,LYCEEN,BAC_1,Établissement Grand Lomé,2026-08-18T16:13:48.533924,true
eleve_gen_03106@gen.local,Élève,Généré 3106,,LYCEEN,BAC_1,Établissement Kara,2026-08-18T16:13:48.533924,true
eleve_gen_03107@gen.local,Élève,Généré 3107,,LYCEEN,BAC_1,Établissement Centrale,2026-08-18T16:13:48.533924,true
eleve_gen_03108@gen.local,Élève,Généré 3108,,LYCEEN,BAC_1,Établissement Plateaux Ouest,2026-08-18T16:13:48.533924,true
eleve_gen_03109@gen.local,Élève,Généré 3109,,LYCEEN,BAC_1,Établissement Kara,2026-08-18T16:13:48.533924,true
eleve_gen_03110@gen.local,Élève,Généré 3110,,LYCEEN,BAC_1,Établissement Plateaux Ouest,2026-08-18T16:13:48.533924,true
eleve_gen_03111@gen.local,Élève,Généré 3111,,LYCEEN,BAC_1,Établissement Maritime,2026-08-18T16:13:48.533924,true
eleve_gen_03112@gen.local,Élève,Généré 3112,,LYCEEN,BAC_1,Établissement Grand Lomé,2026-08-18T16:13:48.533924,true
eleve_gen_03113@gen.local,Élève,Généré 3113,,LYCEEN,BAC_1,Établissement Grand Lomé,2026-08-18T16:13:48.533924,true
eleve_gen_03114@gen.local,Élève,Généré 3114,,LYCEEN,BAC_1,Établissement Maritime,2026-08-18T16:13:48.533924,true
eleve_gen_03115@gen.local,Élève,Généré 3115,,LYCEEN,BAC_1,Établissement Grand Lomé,2026-08-18T16:13:48.533924,true
eleve_gen_03116@gen.local,Élève,Généré 3116,,LYCEEN,BAC_1,Établissement Grand Lomé,2026-08-18T16:13:48.533924,true
eleve_gen_03117@gen.local,Élève,Généré 3117,,LYCEEN,BAC_1,Établissement Kara,2026-08-18T16:13:48.533924,true
eleve_gen_03118@gen.local,Élève,Généré 3118,,LYCEEN,BAC_1,Établissement Grand Lomé,2026-08-18T16:13:48.533924,true
eleve_gen_03119@gen.local,Élève,Généré 3119,,LYCEEN,BAC_1,Établissement Grand Lomé,2026-08-18T16:13:48.533924,true
eleve_gen_03120@gen.local,Élève,Généré 3120,,LYCEEN,BAC_1,Établissement Maritime,2026-08-18T16:13:48.533924,true
eleve_gen_03121@gen.local,Élève,Généré 3121,,LYCEEN,BAC_1,Établissement Grand Lomé,2026-08-18T16:13:48.533924,true
eleve_gen_03122@gen.local,Élève,Généré 3122,,LYCEEN,BAC_1,Établissement Plateaux Ouest,2026-08-18T16:13:48.533924,true
eleve_gen_03123@gen.local,Élève,Généré 3123,,LYCEEN,BAC_1,Établissement Maritime,2026-08-18T16:13:48.533924,true
eleve_gen_03124@gen.local,Élève,Généré 3124,,LYCEEN,BAC_1,Établissement Plateaux Ouest,2026-08-18T16:13:48.533924,true
eleve_gen_03125@gen.local,Élève,Généré 3125,,LYCEEN,BAC_1,Établissement Maritime,2026-08-18T16:13:48.533924,true
eleve_gen_03126@gen.local,Élève,Généré 3126,,LYCEEN,BAC_1,Établissement Centrale,2026-08-18T16:13:48.533924,true
eleve_gen_03127@gen.local,Élève,Généré 3127,,LYCEEN,BAC_1,Établissement Plateaux Ouest,2026-08-18T16:13:48.533924,true
eleve_gen_03128@gen.local,Élève,Généré 3128,,LYCEEN,BAC_1,Établissement Plateaux Ouest,2026-08-18T16:13:48.533924,true
eleve_gen_03129@gen.local,Élève,Généré 3129,,LYCEEN,BAC_1,Établissement Plateaux Ouest,2026-08-18T16:13:48.533924,true
eleve_gen_03130@gen.local,Élève,Généré 3130,,LYCEEN,BAC_1,Établissement Maritime,2026-08-18T16:13:48.533924,true
eleve_gen_03131@gen.local,Élève,Généré 3131,,LYCEEN,BAC_1,Établissement Maritime,2026-08-18T16:13:48.533924,true
eleve_gen_03132@gen.local,Élève,Généré 3132,,LYCEEN,BAC_1,Établissement Grand Lomé,2026-08-18T16:13:48.533924,true
eleve_gen_03133@gen.local,Élève,Généré 3133,,LYCEEN,BAC_1,Établissement Plateaux Ouest,2026-08-18T16:13:48.533924,true
eleve_gen_03134@gen.local,Élève,Généré 3134,,LYCEEN,BAC_1,Établissement Maritime,2026-08-18T16:13:48.533924,true
eleve_gen_03135@gen.local,Élève,Généré 3135,,LYCEEN,BAC_1,Établissement Centrale,2026-08-18T16:13:48.533924,true
eleve_gen_03136@gen.local,Élève,Généré 3136,,LYCEEN,BAC_1,Établissement Centrale,2026-08-18T16:13:48.533924,true
eleve_gen_03137@gen.local,Élève,Généré 3137,,LYCEEN,BAC_1,Établissement Plateaux Est,2026-08-18T16:13:48.533924,true
eleve_gen_03138@gen.local,Élève,Généré 3138,,LYCEEN,BAC_1,Établissement Savanes,2026-08-18T16:13:48.533924,true
eleve_gen_03139@gen.local,Élève,Généré 3139,,LYCEEN,BAC_1,Établissement Grand Lomé,2026-08-18T16:13:48.533924,true
eleve_gen_03140@gen.local,Élève,Généré 3140,,LYCEEN,BAC_1,Établissement Grand Lomé,2026-08-18T16:13:48.533924,true
eleve_gen_03141@gen.local,Élève,Généré 3141,,LYCEEN,BAC_1,Établissement Grand Lomé,2026-08-18T16:13:48.533924,true
eleve_gen_03142@gen.local,Élève,Généré 3142,,LYCEEN,BAC_1,Établissement Grand Lomé,2026-08-18T16:13:48.533924,true
eleve_gen_03143@gen.local,Élève,Généré 3143,,LYCEEN,BAC_1,Établissement Grand Lomé,2026-08-18T16:13:48.533924,true
eleve_gen_03144@gen.local,Élève,Généré 3144,,LYCEEN,BAC_1,Établissement Plateaux Ouest,2026-08-18T16:13:48.533924,true
eleve_gen_03145@gen.local,Élève,Généré 3145,,LYCEEN,BAC_1,Établissement Grand Lomé,2026-08-18T16:13:48.533924,true
eleve_gen_03146@gen.local,Élève,Généré 3146,,LYCEEN,BAC_1,Établissement Plateaux Est,2026-08-18T16:13:48.533924,true
eleve_gen_03147@gen.local,Élève,Généré 3147,,LYCEEN,BAC_1,Établissement Centrale,2026-08-18T16:13:48.533924,true
eleve_gen_03148@gen.local,Élève,Généré 3148,,LYCEEN,BAC_1,Établissement Maritime,2026-08-18T16:13:48.533924,true
eleve_gen_03149@gen.local,Élève,Généré 3149,,LYCEEN,BAC_1,Établissement Plateaux Est,2026-08-18T16:13:48.533924,true
eleve_gen_03150@gen.local,Élève,Généré 3150,,LYCEEN,BAC_1,Établissement Maritime,2026-08-18T16:13:48.533924,true
eleve_gen_03151@gen.local,Élève,Généré 3151,,LYCEEN,BAC_1,Établissement Plateaux Ouest,2026-08-18T16:13:48.533924,true
eleve_gen_03152@gen.local,Élève,Généré 3152,,LYCEEN,BAC_1,Établissement Grand Lomé,2026-08-18T16:13:48.533924,true
eleve_gen_03153@gen.local,Élève,Généré 3153,,LYCEEN,BAC_1,Établissement Kara,2026-08-18T16:13:48.533924,true
eleve_gen_03154@gen.local,Élève,Généré 3154,,LYCEEN,BAC_1,Établissement Plateaux Ouest,2026-08-18T16:13:48.533924,true
eleve_gen_03155@gen.local,Élève,Généré 3155,,LYCEEN,BAC_1,Établissement Savanes,2026-08-18T16:13:48.533924,true
eleve_gen_03156@gen.local,Élève,Généré 3156,,LYCEEN,BAC_1,Établissement Grand Lomé,2026-08-18T16:13:48.533924,true
eleve_gen_03157@gen.local,Élève,Généré 3157,,LYCEEN,BAC_1,Établissement Grand Lomé,2026-08-18T16:13:48.533924,true
eleve_gen_03158@gen.local,Élève,Généré 3158,,LYCEEN,BAC_1,Établissement Plateaux Est,2026-08-18T16:13:48.533924,true
eleve_gen_03159@gen.local,Élève,Généré 3159,,LYCEEN,BAC_1,Établissement Grand Lomé,2026-08-18T16:13:48.533924,true
eleve_gen_03160@gen.local,Élève,Généré 3160,,LYCEEN,BAC_1,Établissement Plateaux Est,2026-08-18T16:13:48.533924,true
eleve_gen_03161@gen.local,Élève,Généré 3161,,LYCEEN,BAC_1,Établissement Centrale,2026-08-18T16:13:48.533924,true
eleve_gen_03162@gen.local,Élève,Généré 3162,,LYCEEN,BAC_1,Établissement Grand Lomé,2026-08-18T16:13:48.533924,true
eleve_gen_03163@gen.local,Élève,Généré 3163,,LYCEEN,BAC_1,Établissement Maritime,2026-08-18T16:13:48.533924,true
eleve_gen_03164@gen.local,Élève,Généré 3164,,LYCEEN,BAC_1,Établissement Grand Lomé,2026-08-18T16:13:48.533924,true
eleve_gen_03165@gen.local,Élève,Généré 3165,,LYCEEN,BAC_1,Établissement Grand Lomé,2026-08-18T16:13:48.533924,true
eleve_gen_03166@gen.local,Élève,Généré 3166,,LYCEEN,BAC_1,Établissement Maritime,2026-08-18T16:13:48.533924,true
eleve_gen_03167@gen.local,Élève,Généré 3167,,LYCEEN,BAC_1,Établissement Kara,2026-08-18T16:13:48.533924,true
eleve_gen_03168@gen.local,Élève,Généré 3168,,LYCEEN,BAC_1,Établissement Grand Lomé,2026-08-18T16:13:48.533924,true
eleve_gen_03169@gen.local,Élève,Généré 3169,,LYCEEN,BAC_1,Établissement Savanes,2026-08-18T16:13:48.533924,true
eleve_gen_03170@gen.local,Élève,Généré 3170,,LYCEEN,BAC_1,Établissement Plateaux Ouest,2026-08-18T16:13:48.533924,true
eleve_gen_03171@gen.local,Élève,Généré 3171,,LYCEEN,BAC_1,Établissement Savanes,2026-08-18T16:13:48.533924,true
eleve_gen_03172@gen.local,Élève,Généré 3172,,LYCEEN,BAC_1,Établissement Maritime,2026-08-18T16:13:48.533924,true
eleve_gen_03173@gen.local,Élève,Généré 3173,,LYCEEN,BAC_1,Établissement Plateaux Est,2026-08-18T16:13:48.533924,true
eleve_gen_03174@gen.local,Élève,Généré 3174,,LYCEEN,BAC_1,Établissement Maritime,2026-08-18T16:13:48.533924,true
eleve_gen_03175@gen.local,Élève,Généré 3175,,LYCEEN,BAC_1,Établissement Grand Lomé,2026-08-18T16:13:48.533924,true
eleve_gen_03176@gen.local,Élève,Généré 3176,,LYCEEN,BAC_1,Établissement Centrale,2026-08-18T16:13:48.533924,true
eleve_gen_03177@gen.local,Élève,Généré 3177,,LYCEEN,BAC_1,Établissement Plateaux Est,2026-08-18T16:13:48.533924,true
eleve_gen_03178@gen.local,Élève,Généré 3178,,LYCEEN,BAC_1,Établissement Maritime,2026-08-18T16:13:48.533924,true
eleve_gen_03179@gen.local,Élève,Généré 3179,,LYCEEN,BAC_1,Établissement Maritime,2026-08-18T16:13:48.533924,true
eleve_gen_03180@gen.local,Élève,Généré 3180,,LYCEEN,BAC_1,Établissement Centrale,2026-08-18T16:13:48.533924,true
eleve_gen_03181@gen.local,Élève,Généré 3181,,LYCEEN,BAC_1,Établissement Centrale,2026-08-18T16:13:48.533924,true
eleve_gen_03182@gen.local,Élève,Généré 3182,,LYCEEN,BAC_1,Établissement Centrale,2026-08-18T16:13:48.533924,true
eleve_gen_03183@gen.local,Élève,Généré 3183,,LYCEEN,BAC_1,Établissement Plateaux Est,2026-08-18T16:13:48.533924,true
eleve_gen_03184@gen.local,Élève,Généré 3184,,LYCEEN,BAC_1,Établissement Maritime,2026-08-18T16:13:48.533924,true
eleve_gen_03185@gen.local,Élève,Généré 3185,,LYCEEN,BAC_1,Établissement Plateaux Est,2026-08-18T16:13:48.533924,true
eleve_gen_03186@gen.local,Élève,Généré 3186,,LYCEEN,BAC_1,Établissement Grand Lomé,2026-08-18T16:13:48.533924,true
eleve_gen_03187@gen.local,Élève,Généré 3187,,LYCEEN,BAC_1,Établissement Plateaux Ouest,2026-08-18T16:13:48.533924,true
eleve_gen_03188@gen.local,Élève,Généré 3188,,LYCEEN,BAC_1,Établissement Maritime,2026-08-18T16:13:48.533924,true
eleve_gen_03189@gen.local,Élève,Généré 3189,,LYCEEN,BAC_1,Établissement Plateaux Ouest,2026-08-18T16:13:48.533924,true
eleve_gen_03190@gen.local,Élève,Généré 3190,,LYCEEN,BAC_1,Établissement Maritime,2026-08-18T16:13:48.533924,true
eleve_gen_03191@gen.local,Élève,Généré 3191,,LYCEEN,BAC_1,Établissement Centrale,2026-08-18T16:13:48.533924,true
eleve_gen_03192@gen.local,Élève,Généré 3192,,LYCEEN,BAC_1,Établissement Grand Lomé,2026-08-18T16:13:48.533924,true
eleve_gen_03193@gen.local,Élève,Généré 3193,,LYCEEN,BAC_1,Établissement Maritime,2026-08-18T16:13:48.533924,true
eleve_gen_03194@gen.local,Élève,Généré 3194,,LYCEEN,BAC_1,Établissement Maritime,2026-08-18T16:13:48.533924,true
eleve_gen_03195@gen.local,Élève,Généré 3195,,LYCEEN,BAC_1,Établissement Centrale,2026-08-18T16:13:48.533924,true
eleve_gen_03196@gen.local,Élève,Généré 3196,,LYCEEN,BAC_1,Établissement Plateaux Est,2026-08-18T16:13:48.533924,true
eleve_gen_03197@gen.local,Élève,Généré 3197,,LYCEEN,BAC_1,Établissement Plateaux Est,2026-08-18T16:13:48.533924,true
eleve_gen_03198@gen.local,Élève,Généré 3198,,LYCEEN,BAC_1,Établissement Plateaux Ouest,2026-08-18T16:13:48.533924,true
eleve_gen_03199@gen.local,Élève,Généré 3199,,LYCEEN,BAC_1,Établissement Centrale,2026-08-18T16:13:48.533924,true
eleve_gen_03200@gen.local,Élève,Généré 3200,,LYCEEN,BAC_1,Établissement Plateaux Est,2026-08-18T16:13:48.533924,true
eleve_gen_03201@gen.local,Élève,Généré 3201,,LYCEEN,BAC_1,Établissement Maritime,2026-08-18T16:13:48.533924,true
eleve_gen_03202@gen.local,Élève,Généré 3202,,LYCEEN,BAC_1,Établissement Centrale,2026-08-18T16:13:48.533924,true
eleve_gen_03203@gen.local,Élève,Généré 3203,,LYCEEN,BAC_1,Établissement Plateaux Ouest,2026-08-18T16:13:48.533924,true
eleve_gen_03204@gen.local,Élève,Généré 3204,,LYCEEN,BAC_1,Établissement Plateaux Est,2026-08-18T16:13:48.533924,true
eleve_gen_03205@gen.local,Élève,Généré 3205,,LYCEEN,BAC_1,Établissement Grand Lomé,2026-08-18T16:13:48.533924,true
eleve_gen_03206@gen.local,Élève,Généré 3206,,LYCEEN,BAC_1,Établissement Maritime,2026-08-18T16:13:48.533924,true
eleve_gen_03207@gen.local,Élève,Généré 3207,,LYCEEN,BAC_1,Établissement Savanes,2026-08-18T16:13:48.533924,true
eleve_gen_03208@gen.local,Élève,Généré 3208,,LYCEEN,BAC_1,Établissement Grand Lomé,2026-08-18T16:13:48.533924,true
eleve_gen_03209@gen.local,Élève,Généré 3209,,LYCEEN,BAC_1,Établissement Plateaux Est,2026-08-18T16:13:48.533924,true
eleve_gen_03210@gen.local,Élève,Généré 3210,,LYCEEN,BAC_1,Établissement Kara,2026-08-18T16:13:48.533924,true
eleve_gen_03211@gen.local,Élève,Généré 3211,,LYCEEN,BAC_1,Établissement Plateaux Est,2026-08-18T16:13:48.533924,true
eleve_gen_03212@gen.local,Élève,Généré 3212,,LYCEEN,BAC_1,Établissement Grand Lomé,2026-08-18T16:13:48.533924,true
eleve_gen_03213@gen.local,Élève,Généré 3213,,LYCEEN,BAC_1,Établissement Kara,2026-08-18T16:13:48.533924,true
eleve_gen_03214@gen.local,Élève,Généré 3214,,LYCEEN,BAC_1,Établissement Savanes,2026-08-18T16:13:48.533924,true
eleve_gen_03215@gen.local,Élève,Généré 3215,,LYCEEN,BAC_1,Établissement Maritime,2026-08-18T16:13:48.533924,true
eleve_gen_03216@gen.local,Élève,Généré 3216,,LYCEEN,BAC_1,Établissement Grand Lomé,2026-08-18T16:13:48.533924,true
eleve_gen_03217@gen.local,Élève,Généré 3217,,LYCEEN,BAC_1,Établissement Maritime,2026-08-18T16:13:48.533924,true
eleve_gen_03218@gen.local,Élève,Généré 3218,,LYCEEN,BAC_1,Établissement Kara,2026-08-18T16:13:48.533924,true
eleve_gen_03219@gen.local,Élève,Généré 3219,,LYCEEN,BAC_1,Établissement Plateaux Ouest,2026-08-18T16:13:48.533924,true
eleve_gen_03220@gen.local,Élève,Généré 3220,,LYCEEN,BAC_1,Établissement Plateaux Est,2026-08-18T16:13:48.533924,true
eleve_gen_03221@gen.local,Élève,Généré 3221,,LYCEEN,BAC_1,Établissement Plateaux Est,2026-08-18T16:13:48.533924,true
eleve_gen_03222@gen.local,Élève,Généré 3222,,LYCEEN,BAC_1,Établissement Savanes,2026-08-18T16:13:48.533924,true
eleve_gen_03223@gen.local,Élève,Généré 3223,,LYCEEN,BAC_1,Établissement Plateaux Ouest,2026-08-18T16:13:48.533924,true
eleve_gen_03224@gen.local,Élève,Généré 3224,,LYCEEN,BAC_1,Établissement Maritime,2026-08-18T16:13:48.533924,true
eleve_gen_03225@gen.local,Élève,Généré 3225,,LYCEEN,BAC_1,Établissement Kara,2026-08-18T16:13:48.533924,true
eleve_gen_03226@gen.local,Élève,Généré 3226,,LYCEEN,BAC_1,Établissement Grand Lomé,2026-08-18T16:13:48.533924,true
eleve_gen_03227@gen.local,Élève,Généré 3227,,LYCEEN,BAC_1,Établissement Plateaux Ouest,2026-08-18T16:13:48.533924,true
eleve_gen_03228@gen.local,Élève,Généré 3228,,LYCEEN,BAC_1,Établissement Grand Lomé,2026-08-18T16:13:48.533924,true
eleve_gen_03229@gen.local,Élève,Généré 3229,,LYCEEN,BAC_1,Établissement Grand Lomé,2026-08-18T16:13:48.533924,true
eleve_gen_03230@gen.local,Élève,Généré 3230,,LYCEEN,BAC_1,Établissement Centrale,2026-08-18T16:13:48.533924,true
eleve_gen_03231@gen.local,Élève,Généré 3231,,LYCEEN,BAC_1,Établissement Centrale,2026-08-18T16:13:48.533924,true
eleve_gen_03232@gen.local,Élève,Généré 3232,,LYCEEN,BAC_1,Établissement Plateaux Ouest,2026-08-18T16:13:48.533924,true
eleve_gen_03233@gen.local,Élève,Généré 3233,,LYCEEN,BAC_1,Établissement Centrale,2026-08-18T16:13:48.533924,true
eleve_gen_03234@gen.local,Élève,Généré 3234,,LYCEEN,BAC_1,Établissement Grand Lomé,2026-08-18T16:13:48.533924,true
eleve_gen_03235@gen.local,Élève,Généré 3235,,LYCEEN,BAC_1,Établissement Grand Lomé,2026-08-18T16:13:48.533924,true
eleve_gen_03236@gen.local,Élève,Généré 3236,,LYCEEN,BAC_1,Établissement Grand Lomé,2026-08-18T16:13:48.533924,true
eleve_gen_03237@gen.local,Élève,Généré 3237,,LYCEEN,BAC_1,Établissement Maritime,2026-08-18T16:13:48.533924,true
eleve_gen_03238@gen.local,Élève,Généré 3238,,LYCEEN,BAC_1,Établissement Plateaux Est,2026-08-18T16:13:48.533924,true
eleve_gen_03239@gen.local,Élève,Généré 3239,,LYCEEN,BAC_1,Établissement Maritime,2026-08-18T16:13:48.533924,true
eleve_gen_03240@gen.local,Élève,Généré 3240,,LYCEEN,BAC_1,Établissement Grand Lomé,2026-08-18T16:13:48.533924,true
eleve_gen_03241@gen.local,Élève,Généré 3241,,LYCEEN,BAC_1,Établissement Maritime,2026-08-18T16:13:48.533924,true
eleve_gen_03242@gen.local,Élève,Généré 3242,,LYCEEN,BAC_1,Établissement Plateaux Ouest,2026-08-18T16:13:48.533924,true
eleve_gen_03243@gen.local,Élève,Généré 3243,,LYCEEN,BAC_1,Établissement Grand Lomé,2026-08-18T16:13:48.533924,true
eleve_gen_03244@gen.local,Élève,Généré 3244,,LYCEEN,BAC_1,Établissement Maritime,2026-08-18T16:13:48.533924,true
eleve_gen_03245@gen.local,Élève,Généré 3245,,LYCEEN,BAC_1,Établissement Savanes,2026-08-18T16:13:48.533924,true
eleve_gen_03246@gen.local,Élève,Généré 3246,,LYCEEN,BAC_1,Établissement Plateaux Ouest,2026-08-18T16:13:48.533924,true
eleve_gen_03247@gen.local,Élève,Généré 3247,,LYCEEN,BAC_1,Établissement Grand Lomé,2026-08-18T16:13:48.533924,true
eleve_gen_03248@gen.local,Élève,Généré 3248,,LYCEEN,BAC_1,Établissement Plateaux Ouest,2026-08-18T16:13:48.533924,true
eleve_gen_03249@gen.local,Élève,Généré 3249,,LYCEEN,BAC_1,Établissement Grand Lomé,2026-08-18T16:13:48.533924,true
eleve_gen_03250@gen.local,Élève,Généré 3250,,LYCEEN,BAC_1,Établissement Maritime,2026-08-18T16:13:48.533924,true
eleve_gen_03251@gen.local,Élève,Généré 3251,,LYCEEN,BAC_1,Établissement Grand Lomé,2026-08-18T16:13:48.533924,true
eleve_gen_03252@gen.local,Élève,Généré 3252,,LYCEEN,BAC_1,Établissement Savanes,2026-08-18T16:13:48.533924,true
eleve_gen_03253@gen.local,Élève,Généré 3253,,LYCEEN,BAC_1,Établissement Savanes,2026-08-18T16:13:48.533924,true
eleve_gen_03254@gen.local,Élève,Généré 3254,,LYCEEN,BAC_1,Établissement Plateaux Est,2026-08-18T16:13:48.533924,true
eleve_gen_03255@gen.local,Élève,Généré 3255,,LYCEEN,BAC_1,Établissement Grand Lomé,2026-08-18T16:13:48.533924,true
eleve_gen_03256@gen.local,Élève,Généré 3256,,LYCEEN,BAC_1,Établissement Grand Lomé,2026-08-18T16:13:48.533924,true
eleve_gen_03257@gen.local,Élève,Généré 3257,,LYCEEN,BAC_1,Établissement Kara,2026-08-18T16:13:48.533924,true
eleve_gen_03258@gen.local,Élève,Généré 3258,,LYCEEN,BAC_1,Établissement Grand Lomé,2026-08-18T16:13:48.533924,true
eleve_gen_03259@gen.local,Élève,Généré 3259,,LYCEEN,BAC_1,Établissement Kara,2026-08-18T16:13:48.533924,true
eleve_gen_03260@gen.local,Élève,Généré 3260,,LYCEEN,BAC_1,Établissement Plateaux Ouest,2026-08-18T16:13:48.533924,true
eleve_gen_03261@gen.local,Élève,Généré 3261,,LYCEEN,BAC_1,Établissement Maritime,2026-08-18T16:13:48.533924,true
eleve_gen_03262@gen.local,Élève,Généré 3262,,LYCEEN,BAC_1,Établissement Grand Lomé,2026-08-18T16:13:48.533924,true
eleve_gen_03263@gen.local,Élève,Généré 3263,,LYCEEN,BAC_1,Établissement Plateaux Est,2026-08-18T16:13:48.533924,true
eleve_gen_03264@gen.local,Élève,Généré 3264,,LYCEEN,BAC_1,Établissement Grand Lomé,2026-08-18T16:13:48.533924,true
eleve_gen_03265@gen.local,Élève,Généré 3265,,LYCEEN,BAC_1,Établissement Plateaux Est,2026-08-18T16:13:48.533924,true
eleve_gen_03266@gen.local,Élève,Généré 3266,,LYCEEN,BAC_1,Établissement Maritime,2026-08-18T16:13:48.533924,true
eleve_gen_03267@gen.local,Élève,Généré 3267,,LYCEEN,BAC_1,Établissement Plateaux Est,2026-08-18T16:13:48.533924,true
eleve_gen_03268@gen.local,Élève,Généré 3268,,LYCEEN,BAC_1,Établissement Centrale,2026-08-18T16:13:48.533924,true
eleve_gen_03269@gen.local,Élève,Généré 3269,,LYCEEN,BAC_1,Établissement Grand Lomé,2026-08-18T16:13:48.533924,true
eleve_gen_03270@gen.local,Élève,Généré 3270,,LYCEEN,BAC_1,Établissement Plateaux Ouest,2026-08-18T16:13:48.533924,true
eleve_gen_03271@gen.local,Élève,Généré 3271,,LYCEEN,BAC_1,Établissement Centrale,2026-08-18T16:13:48.533924,true
eleve_gen_03272@gen.local,Élève,Généré 3272,,LYCEEN,BAC_1,Établissement Maritime,2026-08-18T16:13:48.533924,true
eleve_gen_03273@gen.local,Élève,Généré 3273,,LYCEEN,BAC_1,Établissement Kara,2026-08-18T16:13:48.533924,true
eleve_gen_03274@gen.local,Élève,Généré 3274,,LYCEEN,BAC_1,Établissement Plateaux Est,2026-08-18T16:13:48.533924,true
eleve_gen_03275@gen.local,Élève,Généré 3275,,LYCEEN,BAC_1,Établissement Grand Lomé,2026-08-18T16:13:48.533924,true
eleve_gen_03276@gen.local,Élève,Généré 3276,,LYCEEN,BAC_1,Établissement Maritime,2026-08-18T16:13:48.533924,true
eleve_gen_03277@gen.local,Élève,Généré 3277,,LYCEEN,BAC_1,Établissement Plateaux Ouest,2026-08-18T16:13:48.533924,true
eleve_gen_03278@gen.local,Élève,Généré 3278,,LYCEEN,BAC_1,Établissement Kara,2026-08-18T16:13:48.533924,true
eleve_gen_03279@gen.local,Élève,Généré 3279,,LYCEEN,BAC_1,Établissement Savanes,2026-08-18T16:13:48.533924,true
eleve_gen_03280@gen.local,Élève,Généré 3280,,LYCEEN,BAC_1,Établissement Maritime,2026-08-18T16:13:48.533924,true
eleve_gen_03281@gen.local,Élève,Généré 3281,,LYCEEN,BAC_1,Établissement Maritime,2026-08-18T16:13:48.533924,true
eleve_gen_03282@gen.local,Élève,Généré 3282,,LYCEEN,BAC_1,Établissement Savanes,2026-08-18T16:13:48.533924,true
eleve_gen_03283@gen.local,Élève,Généré 3283,,LYCEEN,BAC_1,Établissement Grand Lomé,2026-08-18T16:13:48.533924,true
eleve_gen_03284@gen.local,Élève,Généré 3284,,LYCEEN,BAC_1,Établissement Kara,2026-08-18T16:13:48.533924,true
eleve_gen_03285@gen.local,Élève,Généré 3285,,LYCEEN,BAC_1,Établissement Plateaux Ouest,2026-08-18T16:13:48.533924,true
eleve_gen_03286@gen.local,Élève,Généré 3286,,LYCEEN,BAC_1,Établissement Plateaux Est,2026-08-18T16:13:48.533924,true
eleve_gen_03287@gen.local,Élève,Généré 3287,,LYCEEN,BAC_1,Établissement Maritime,2026-08-18T16:13:48.533924,true
eleve_gen_03288@gen.local,Élève,Généré 3288,,LYCEEN,BAC_1,Établissement Maritime,2026-08-18T16:13:48.533924,true
eleve_gen_03289@gen.local,Élève,Généré 3289,,LYCEEN,BAC_1,Établissement Maritime,2026-08-18T16:13:48.533924,true
eleve_gen_03290@gen.local,Élève,Généré 3290,,LYCEEN,BAC_1,Établissement Grand Lomé,2026-08-18T16:13:48.533924,true
eleve_gen_03291@gen.local,Élève,Généré 3291,,LYCEEN,BAC_1,Établissement Grand Lomé,2026-08-18T16:13:48.533924,true
eleve_gen_03292@gen.local,Élève,Généré 3292,,LYCEEN,BAC_1,Établissement Maritime,2026-08-18T16:13:48.533924,true
eleve_gen_03293@gen.local,Élève,Généré 3293,,LYCEEN,BAC_1,Établissement Grand Lomé,2026-08-18T16:13:48.533924,true
eleve_gen_03294@gen.local,Élève,Généré 3294,,LYCEEN,BAC_1,Établissement Kara,2026-08-18T16:13:48.533924,true
eleve_gen_03295@gen.local,Élève,Généré 3295,,LYCEEN,BAC_1,Établissement Savanes,2026-08-18T16:13:48.533924,true
eleve_gen_03296@gen.local,Élève,Généré 3296,,LYCEEN,BAC_1,Établissement Kara,2026-08-18T16:13:48.533924,true
eleve_gen_03297@gen.local,Élève,Généré 3297,,LYCEEN,BAC_1,Établissement Savanes,2026-08-18T16:13:48.533924,true
eleve_gen_03298@gen.local,Élève,Généré 3298,,LYCEEN,BAC_1,Établissement Centrale,2026-08-18T16:13:48.533924,true
eleve_gen_03299@gen.local,Élève,Généré 3299,,LYCEEN,BAC_1,Établissement Grand Lomé,2026-08-18T16:13:48.533924,true
eleve_gen_03300@gen.local,Élève,Généré 3300,,LYCEEN,BAC_1,Établissement Centrale,2026-08-18T16:13:48.533924,true
eleve_gen_03301@gen.local,Élève,Généré 3301,,LYCEEN,BAC_1,Établissement Savanes,2026-08-18T16:13:48.533924,true
eleve_gen_03302@gen.local,Élève,Généré 3302,,LYCEEN,BAC_1,Établissement Centrale,2026-08-18T16:13:48.533924,true
eleve_gen_03303@gen.local,Élève,Généré 3303,,LYCEEN,BAC_1,Établissement Maritime,2026-08-18T16:13:48.533924,true
eleve_gen_03304@gen.local,Élève,Généré 3304,,LYCEEN,BAC_1,Établissement Plateaux Ouest,2026-08-18T16:13:48.533924,true
eleve_gen_03305@gen.local,Élève,Généré 3305,,LYCEEN,BAC_1,Établissement Grand Lomé,2026-08-18T16:13:48.533924,true
eleve_gen_03306@gen.local,Élève,Généré 3306,,LYCEEN,BAC_1,Établissement Grand Lomé,2026-08-18T16:13:48.533924,true
eleve_gen_03307@gen.local,Élève,Généré 3307,,LYCEEN,BAC_1,Établissement Centrale,2026-08-18T16:13:48.533924,true
eleve_gen_03308@gen.local,Élève,Généré 3308,,LYCEEN,BAC_1,Établissement Maritime,2026-08-18T16:13:48.533924,true
eleve_gen_03309@gen.local,Élève,Généré 3309,,LYCEEN,BAC_1,Établissement Grand Lomé,2026-08-18T16:13:48.533924,true
eleve_gen_03310@gen.local,Élève,Généré 3310,,LYCEEN,BAC_1,Établissement Plateaux Ouest,2026-08-18T16:13:48.533924,true
eleve_gen_03311@gen.local,Élève,Généré 3311,,LYCEEN,BAC_1,Établissement Plateaux Est,2026-08-18T16:13:48.533924,true
eleve_gen_03312@gen.local,Élève,Généré 3312,,LYCEEN,BAC_1,Établissement Grand Lomé,2026-08-18T16:13:48.533924,true
eleve_gen_03313@gen.local,Élève,Généré 3313,,LYCEEN,BAC_1,Établissement Savanes,2026-08-18T16:13:48.533924,true
eleve_gen_03314@gen.local,Élève,Généré 3314,,LYCEEN,BAC_1,Établissement Kara,2026-08-18T16:13:48.533924,true
eleve_gen_03315@gen.local,Élève,Généré 3315,,LYCEEN,BAC_1,Établissement Centrale,2026-08-18T16:13:48.533924,true
eleve_gen_03316@gen.local,Élève,Généré 3316,,LYCEEN,BAC_1,Établissement Maritime,2026-08-18T16:13:48.533924,true
eleve_gen_03317@gen.local,Élève,Généré 3317,,LYCEEN,BAC_1,Établissement Kara,2026-08-18T16:13:48.533924,true
eleve_gen_03318@gen.local,Élève,Généré 3318,,LYCEEN,BAC_1,Établissement Grand Lomé,2026-08-18T16:13:48.533924,true
eleve_gen_03319@gen.local,Élève,Généré 3319,,LYCEEN,BAC_1,Établissement Maritime,2026-08-18T16:13:48.533924,true
eleve_gen_03320@gen.local,Élève,Généré 3320,,LYCEEN,BAC_1,Établissement Maritime,2026-08-18T16:13:48.533924,true
eleve_gen_03321@gen.local,Élève,Généré 3321,,LYCEEN,BAC_1,Établissement Maritime,2026-08-18T16:13:48.533924,true
eleve_gen_03322@gen.local,Élève,Généré 3322,,LYCEEN,BAC_1,Établissement Maritime,2026-08-18T16:13:48.533924,true
eleve_gen_03323@gen.local,Élève,Généré 3323,,LYCEEN,BAC_1,Établissement Maritime,2026-08-18T16:13:48.533924,true
eleve_gen_03324@gen.local,Élève,Généré 3324,,LYCEEN,BAC_1,Établissement Plateaux Est,2026-08-18T16:13:48.533924,true
eleve_gen_03325@gen.local,Élève,Généré 3325,,LYCEEN,BAC_1,Établissement Savanes,2026-08-18T16:13:48.533924,true
eleve_gen_03326@gen.local,Élève,Généré 3326,,LYCEEN,BAC_1,Établissement Kara,2026-08-18T16:13:48.533924,true
eleve_gen_03327@gen.local,Élève,Généré 3327,,LYCEEN,BAC_1,Établissement Maritime,2026-08-18T16:13:48.533924,true
eleve_gen_03328@gen.local,Élève,Généré 3328,,LYCEEN,BAC_1,Établissement Savanes,2026-08-18T16:13:48.533924,true
eleve_gen_03329@gen.local,Élève,Généré 3329,,LYCEEN,BAC_1,Établissement Plateaux Ouest,2026-08-18T16:13:48.533924,true
eleve_gen_03330@gen.local,Élève,Généré 3330,,LYCEEN,BAC_1,Établissement Plateaux Ouest,2026-08-18T16:13:48.533924,true
eleve_gen_03331@gen.local,Élève,Généré 3331,,LYCEEN,BAC_1,Établissement Grand Lomé,2026-08-18T16:13:48.533924,true
eleve_gen_03332@gen.local,Élève,Généré 3332,,LYCEEN,BAC_1,Établissement Maritime,2026-08-18T16:13:48.533924,true
eleve_gen_03333@gen.local,Élève,Généré 3333,,LYCEEN,BAC_1,Établissement Plateaux Ouest,2026-08-18T16:13:48.533924,true
eleve_gen_03334@gen.local,Élève,Généré 3334,,LYCEEN,BAC_1,Établissement Plateaux Ouest,2026-08-18T16:13:48.533924,true
eleve_gen_03335@gen.local,Élève,Généré 3335,,LYCEEN,BAC_1,Établissement Maritime,2026-08-18T16:13:48.533924,true
eleve_gen_03336@gen.local,Élève,Généré 3336,,LYCEEN,BAC_1,Établissement Grand Lomé,2026-08-18T16:13:48.533924,true
eleve_gen_03337@gen.local,Élève,Généré 3337,,LYCEEN,BAC_1,Établissement Maritime,2026-08-18T16:13:48.533924,true
eleve_gen_03338@gen.local,Élève,Généré 3338,,LYCEEN,BAC_1,Établissement Plateaux Est,2026-08-18T16:13:48.533924,true
eleve_gen_03339@gen.local,Élève,Généré 3339,,LYCEEN,BAC_1,Établissement Plateaux Est,2026-08-18T16:13:48.533924,true
eleve_gen_03340@gen.local,Élève,Généré 3340,,LYCEEN,BAC_1,Établissement Maritime,2026-08-18T16:13:48.533924,true
eleve_gen_03341@gen.local,Élève,Généré 3341,,LYCEEN,BAC_1,Établissement Maritime,2026-08-18T16:13:48.533924,true
eleve_gen_03342@gen.local,Élève,Généré 3342,,LYCEEN,BAC_1,Établissement Maritime,2026-08-18T16:13:48.533924,true
eleve_gen_03343@gen.local,Élève,Généré 3343,,LYCEEN,BAC_1,Établissement Grand Lomé,2026-08-18T16:13:48.533924,true
eleve_gen_03344@gen.local,Élève,Généré 3344,,LYCEEN,BAC_1,Établissement Grand Lomé,2026-08-18T16:13:48.533924,true
eleve_gen_03345@gen.local,Élève,Généré 3345,,LYCEEN,BAC_1,Établissement Plateaux Est,2026-08-18T16:13:48.533924,true
eleve_gen_03346@gen.local,Élève,Généré 3346,,LYCEEN,BAC_1,Établissement Grand Lomé,2026-08-18T16:13:48.533924,true
eleve_gen_03347@gen.local,Élève,Généré 3347,,LYCEEN,BAC_1,Établissement Grand Lomé,2026-08-18T16:13:48.533924,true
eleve_gen_03348@gen.local,Élève,Généré 3348,,LYCEEN,BAC_1,Établissement Grand Lomé,2026-08-18T16:13:48.533924,true
eleve_gen_03349@gen.local,Élève,Généré 3349,,LYCEEN,BAC_1,Établissement Centrale,2026-08-18T16:13:48.533924,true
eleve_gen_03350@gen.local,Élève,Généré 3350,,LYCEEN,BAC_1,Établissement Kara,2026-08-18T16:13:48.533924,true
eleve_gen_03351@gen.local,Élève,Généré 3351,,LYCEEN,BAC_1,Établissement Plateaux Est,2026-08-18T16:13:48.533924,true
eleve_gen_03352@gen.local,Élève,Généré 3352,,LYCEEN,BAC_1,Établissement Grand Lomé,2026-08-18T16:13:48.533924,true
eleve_gen_03353@gen.local,Élève,Généré 3353,,LYCEEN,BAC_1,Établissement Maritime,2026-08-18T16:13:48.533924,true
eleve_gen_03354@gen.local,Élève,Généré 3354,,LYCEEN,BAC_1,Établissement Grand Lomé,2026-08-18T16:13:48.533924,true
eleve_gen_03355@gen.local,Élève,Généré 3355,,LYCEEN,BAC_1,Établissement Maritime,2026-08-18T16:13:48.533924,true
eleve_gen_03356@gen.local,Élève,Généré 3356,,LYCEEN,BAC_1,Établissement Grand Lomé,2026-08-18T16:13:48.533924,true
eleve_gen_03357@gen.local,Élève,Généré 3357,,LYCEEN,BAC_1,Établissement Savanes,2026-08-18T16:13:48.533924,true
eleve_gen_03358@gen.local,Élève,Généré 3358,,LYCEEN,BAC_1,Établissement Plateaux Ouest,2026-08-18T16:13:48.533924,true
eleve_gen_03359@gen.local,Élève,Généré 3359,,LYCEEN,BAC_1,Établissement Centrale,2026-08-18T16:13:48.533924,true
eleve_gen_03360@gen.local,Élève,Généré 3360,,LYCEEN,BAC_1,Établissement Maritime,2026-08-18T16:13:48.533924,true
eleve_gen_03361@gen.local,Élève,Généré 3361,,LYCEEN,BAC_1,Établissement Kara,2026-08-18T16:13:48.533924,true
eleve_gen_03362@gen.local,Élève,Généré 3362,,LYCEEN,BAC_1,Établissement Kara,2026-08-18T16:13:48.533924,true
eleve_gen_03363@gen.local,Élève,Généré 3363,,LYCEEN,BAC_1,Établissement Plateaux Est,2026-08-18T16:13:48.533924,true
eleve_gen_03364@gen.local,Élève,Généré 3364,,LYCEEN,BAC_1,Établissement Kara,2026-08-18T16:13:48.533924,true
eleve_gen_03365@gen.local,Élève,Généré 3365,,LYCEEN,BAC_1,Établissement Savanes,2026-08-18T16:13:48.533924,true
eleve_gen_03366@gen.local,Élève,Généré 3366,,LYCEEN,BAC_1,Établissement Grand Lomé,2026-08-18T16:13:48.533924,true
eleve_gen_03367@gen.local,Élève,Généré 3367,,LYCEEN,BAC_1,Établissement Grand Lomé,2026-08-18T16:13:48.533924,true
eleve_gen_03368@gen.local,Élève,Généré 3368,,LYCEEN,BAC_1,Établissement Kara,2026-08-18T16:13:48.533924,true
eleve_gen_03369@gen.local,Élève,Généré 3369,,LYCEEN,BAC_1,Établissement Plateaux Ouest,2026-08-18T16:13:48.533924,true
eleve_gen_03370@gen.local,Élève,Généré 3370,,LYCEEN,BAC_1,Établissement Plateaux Est,2026-08-18T16:13:48.533924,true
eleve_gen_03371@gen.local,Élève,Généré 3371,,LYCEEN,BAC_1,Établissement Plateaux Est,2026-08-18T16:13:48.533924,true
eleve_gen_03372@gen.local,Élève,Généré 3372,,LYCEEN,BAC_1,Établissement Grand Lomé,2026-08-18T16:13:48.533924,true
eleve_gen_03373@gen.local,Élève,Généré 3373,,LYCEEN,BAC_1,Établissement Kara,2026-08-18T16:13:48.533924,true
eleve_gen_03374@gen.local,Élève,Généré 3374,,LYCEEN,BAC_1,Établissement Savanes,2026-08-18T16:13:48.533924,true
eleve_gen_03375@gen.local,Élève,Généré 3375,,LYCEEN,BAC_1,Établissement Centrale,2026-08-18T16:13:48.533924,true
eleve_gen_03376@gen.local,Élève,Généré 3376,,LYCEEN,BAC_1,Établissement Plateaux Est,2026-08-18T16:13:48.533924,true
eleve_gen_03377@gen.local,Élève,Généré 3377,,LYCEEN,BAC_1,Établissement Plateaux Ouest,2026-08-18T16:13:48.533924,true
eleve_gen_03378@gen.local,Élève,Généré 3378,,LYCEEN,BAC_1,Établissement Grand Lomé,2026-08-18T16:13:48.533924,true
eleve_gen_03379@gen.local,Élève,Généré 3379,,LYCEEN,BAC_1,Établissement Plateaux Ouest,2026-08-18T16:13:48.533924,true
eleve_gen_03380@gen.local,Élève,Généré 3380,,LYCEEN,BAC_1,Établissement Grand Lomé,2026-08-18T16:13:48.533924,true
eleve_gen_03381@gen.local,Élève,Généré 3381,,LYCEEN,BAC_1,Établissement Centrale,2026-08-18T16:13:48.533924,true
eleve_gen_03382@gen.local,Élève,Généré 3382,,LYCEEN,BAC_1,Établissement Maritime,2026-08-18T16:13:48.533924,true
eleve_gen_03383@gen.local,Élève,Généré 3383,,LYCEEN,BAC_1,Établissement Grand Lomé,2026-08-18T16:13:48.533924,true
eleve_gen_03384@gen.local,Élève,Généré 3384,,LYCEEN,BAC_1,Établissement Grand Lomé,2026-08-18T16:13:48.533924,true
eleve_gen_03385@gen.local,Élève,Généré 3385,,LYCEEN,BAC_1,Établissement Maritime,2026-08-18T16:13:48.533924,true
eleve_gen_03386@gen.local,Élève,Généré 3386,,LYCEEN,BAC_1,Établissement Maritime,2026-08-18T16:13:48.533924,true
eleve_gen_03387@gen.local,Élève,Généré 3387,,LYCEEN,BAC_1,Établissement Centrale,2026-08-18T16:13:48.533924,true
eleve_gen_03388@gen.local,Élève,Généré 3388,,LYCEEN,BAC_1,Établissement Plateaux Ouest,2026-08-18T16:13:48.533924,true
eleve_gen_03389@gen.local,Élève,Généré 3389,,LYCEEN,BAC_1,Établissement Grand Lomé,2026-08-18T16:13:48.533924,true
eleve_gen_03390@gen.local,Élève,Généré 3390,,LYCEEN,BAC_1,Établissement Centrale,2026-08-18T16:13:48.533924,true
eleve_gen_03391@gen.local,Élève,Généré 3391,,LYCEEN,BAC_1,Établissement Maritime,2026-08-18T16:13:48.533924,true
eleve_gen_03392@gen.local,Élève,Généré 3392,,LYCEEN,BAC_1,Établissement Kara,2026-08-18T16:13:48.533924,true
eleve_gen_03393@gen.local,Élève,Généré 3393,,LYCEEN,BAC_1,Établissement Savanes,2026-08-18T16:13:48.533924,true
eleve_gen_03394@gen.local,Élève,Généré 3394,,LYCEEN,BAC_1,Établissement Kara,2026-08-18T16:13:48.533924,true
eleve_gen_03395@gen.local,Élève,Généré 3395,,LYCEEN,BAC_1,Établissement Grand Lomé,2026-08-18T16:13:48.533924,true
eleve_gen_03396@gen.local,Élève,Généré 3396,,LYCEEN,BAC_1,Établissement Grand Lomé,2026-08-18T16:13:48.533924,true
eleve_gen_03397@gen.local,Élève,Généré 3397,,LYCEEN,BAC_1,Établissement Maritime,2026-08-18T16:13:48.533924,true
eleve_gen_03398@gen.local,Élève,Généré 3398,,LYCEEN,BAC_1,Établissement Kara,2026-08-18T16:13:48.533924,true
eleve_gen_03399@gen.local,Élève,Généré 3399,,LYCEEN,BAC_1,Établissement Plateaux Ouest,2026-08-18T16:13:48.533924,true
eleve_gen_03400@gen.local,Élève,Généré 3400,,LYCEEN,BAC_1,Établissement Plateaux Ouest,2026-08-18T16:13:48.533924,true
eleve_gen_03401@gen.local,Élève,Généré 3401,,LYCEEN,BAC_1,Établissement Centrale,2026-08-18T16:13:48.533924,true
eleve_gen_03402@gen.local,Élève,Généré 3402,,LYCEEN,BAC_1,Établissement Kara,2026-08-18T16:13:48.533924,true
eleve_gen_03403@gen.local,Élève,Généré 3403,,LYCEEN,BAC_1,Établissement Maritime,2026-08-18T16:13:48.533924,true
eleve_gen_03404@gen.local,Élève,Généré 3404,,LYCEEN,BAC_1,Établissement Maritime,2026-08-18T16:13:48.533924,true
eleve_gen_03405@gen.local,Élève,Généré 3405,,LYCEEN,BAC_1,Établissement Centrale,2026-08-18T16:13:48.533924,true
eleve_gen_03406@gen.local,Élève,Généré 3406,,LYCEEN,BAC_1,Établissement Grand Lomé,2026-08-18T16:13:48.533924,true
eleve_gen_03407@gen.local,Élève,Généré 3407,,LYCEEN,BAC_1,Établissement Maritime,2026-08-18T16:13:48.533924,true
eleve_gen_03408@gen.local,Élève,Généré 3408,,LYCEEN,BAC_1,Établissement Plateaux Est,2026-08-18T16:13:48.533924,true
eleve_gen_03409@gen.local,Élève,Généré 3409,,LYCEEN,BAC_1,Établissement Plateaux Ouest,2026-08-18T16:13:48.533924,true
eleve_gen_03410@gen.local,Élève,Généré 3410,,LYCEEN,BAC_1,Établissement Grand Lomé,2026-08-18T16:13:48.533924,true
eleve_gen_03411@gen.local,Élève,Généré 3411,,LYCEEN,BAC_1,Établissement Grand Lomé,2026-08-18T16:13:48.533924,true
eleve_gen_03412@gen.local,Élève,Généré 3412,,LYCEEN,BAC_1,Établissement Centrale,2026-08-18T16:13:48.533924,true
eleve_gen_03413@gen.local,Élève,Généré 3413,,LYCEEN,BAC_1,Établissement Maritime,2026-08-18T16:13:48.533924,true
eleve_gen_03414@gen.local,Élève,Généré 3414,,LYCEEN,BAC_1,Établissement Kara,2026-08-18T16:13:48.533924,true
eleve_gen_03415@gen.local,Élève,Généré 3415,,LYCEEN,BAC_1,Établissement Savanes,2026-08-18T16:13:48.533924,true
eleve_gen_03416@gen.local,Élève,Généré 3416,,LYCEEN,BAC_1,Établissement Grand Lomé,2026-08-18T16:13:48.533924,true
eleve_gen_03417@gen.local,Élève,Généré 3417,,LYCEEN,BAC_1,Établissement Kara,2026-08-18T16:13:48.533924,true
eleve_gen_03418@gen.local,Élève,Généré 3418,,LYCEEN,BAC_1,Établissement Grand Lomé,2026-08-18T16:13:48.533924,true
eleve_gen_03419@gen.local,Élève,Généré 3419,,LYCEEN,BAC_1,Établissement Centrale,2026-08-18T16:13:48.533924,true
eleve_gen_03420@gen.local,Élève,Généré 3420,,LYCEEN,BAC_1,Établissement Centrale,2026-08-18T16:13:48.533924,true
eleve_gen_03421@gen.local,Élève,Généré 3421,,LYCEEN,BAC_1,Établissement Savanes,2026-08-18T16:13:48.533924,true
eleve_gen_03422@gen.local,Élève,Généré 3422,,LYCEEN,BAC_1,Établissement Grand Lomé,2026-08-18T16:13:48.533924,true
eleve_gen_03423@gen.local,Élève,Généré 3423,,LYCEEN,BAC_1,Établissement Grand Lomé,2026-08-18T16:13:48.533924,true
eleve_gen_03424@gen.local,Élève,Généré 3424,,LYCEEN,BAC_1,Établissement Plateaux Est,2026-08-18T16:13:48.533924,true
eleve_gen_03425@gen.local,Élève,Généré 3425,,LYCEEN,BAC_1,Établissement Grand Lomé,2026-08-18T16:13:48.533924,true
eleve_gen_03426@gen.local,Élève,Généré 3426,,LYCEEN,BAC_1,Établissement Plateaux Est,2026-08-18T16:13:48.533924,true
eleve_gen_03427@gen.local,Élève,Généré 3427,,LYCEEN,BAC_1,Établissement Grand Lomé,2026-08-18T16:13:48.533924,true
eleve_gen_03428@gen.local,Élève,Généré 3428,,LYCEEN,BAC_1,Établissement Plateaux Est,2026-08-18T16:13:48.533924,true
eleve_gen_03429@gen.local,Élève,Généré 3429,,LYCEEN,BAC_1,Établissement Maritime,2026-08-18T16:13:48.533924,true
eleve_gen_03430@gen.local,Élève,Généré 3430,,LYCEEN,BAC_1,Établissement Plateaux Ouest,2026-08-18T16:13:48.533924,true
eleve_gen_03431@gen.local,Élève,Généré 3431,,LYCEEN,BAC_1,Établissement Savanes,2026-08-18T16:13:48.533924,true
eleve_gen_03432@gen.local,Élève,Généré 3432,,LYCEEN,BAC_1,Établissement Centrale,2026-08-18T16:13:48.533924,true
eleve_gen_03433@gen.local,Élève,Généré 3433,,LYCEEN,BAC_1,Établissement Plateaux Ouest,2026-08-18T16:13:48.533924,true
eleve_gen_03434@gen.local,Élève,Généré 3434,,LYCEEN,BAC_1,Établissement Maritime,2026-08-18T16:13:48.533924,true
eleve_gen_03435@gen.local,Élève,Généré 3435,,LYCEEN,BAC_1,Établissement Maritime,2026-08-18T16:13:48.533924,true
eleve_gen_03436@gen.local,Élève,Généré 3436,,LYCEEN,BAC_1,Établissement Plateaux Ouest,2026-08-18T16:13:48.533924,true
eleve_gen_03437@gen.local,Élève,Généré 3437,,LYCEEN,BAC_1,Établissement Grand Lomé,2026-08-18T16:13:48.533924,true
eleve_gen_03438@gen.local,Élève,Généré 3438,,LYCEEN,BAC_1,Établissement Centrale,2026-08-18T16:13:48.533924,true
eleve_gen_03439@gen.local,Élève,Généré 3439,,LYCEEN,BAC_1,Établissement Plateaux Ouest,2026-08-18T16:13:48.533924,true
eleve_gen_03440@gen.local,Élève,Généré 3440,,LYCEEN,BAC_1,Établissement Plateaux Ouest,2026-08-18T16:13:48.533924,true
eleve_gen_03441@gen.local,Élève,Généré 3441,,LYCEEN,BAC_1,Établissement Maritime,2026-08-18T16:13:48.533924,true
eleve_gen_03442@gen.local,Élève,Généré 3442,,LYCEEN,BAC_1,Établissement Grand Lomé,2026-08-18T16:13:48.533924,true
eleve_gen_03443@gen.local,Élève,Généré 3443,,LYCEEN,BAC_1,Établissement Plateaux Est,2026-08-18T16:13:48.533924,true
eleve_gen_03444@gen.local,Élève,Généré 3444,,LYCEEN,BAC_1,Établissement Grand Lomé,2026-08-18T16:13:48.533924,true
eleve_gen_03445@gen.local,Élève,Généré 3445,,LYCEEN,BAC_1,Établissement Plateaux Est,2026-08-18T16:13:48.533924,true
eleve_gen_03446@gen.local,Élève,Généré 3446,,LYCEEN,BAC_1,Établissement Maritime,2026-08-18T16:13:48.533924,true
eleve_gen_03447@gen.local,Élève,Généré 3447,,LYCEEN,BAC_1,Établissement Plateaux Ouest,2026-08-18T16:13:48.533924,true
eleve_gen_03448@gen.local,Élève,Généré 3448,,LYCEEN,BAC_1,Établissement Plateaux Ouest,2026-08-18T16:13:48.533924,true
eleve_gen_03449@gen.local,Élève,Généré 3449,,LYCEEN,BAC_1,Établissement Centrale,2026-08-18T16:13:48.533924,true
eleve_gen_03450@gen.local,Élève,Généré 3450,,LYCEEN,BAC_1,Établissement Maritime,2026-08-18T16:13:48.533924,true
eleve_gen_03451@gen.local,Élève,Généré 3451,,LYCEEN,BAC_1,Établissement Maritime,2026-08-18T16:13:48.533924,true
eleve_gen_03452@gen.local,Élève,Généré 3452,,LYCEEN,BAC_1,Établissement Maritime,2026-08-18T16:13:48.533924,true
eleve_gen_03453@gen.local,Élève,Généré 3453,,LYCEEN,BAC_1,Établissement Plateaux Est,2026-08-18T16:13:48.533924,true
eleve_gen_03454@gen.local,Élève,Généré 3454,,LYCEEN,BAC_1,Établissement Maritime,2026-08-18T16:13:48.533924,true
eleve_gen_03455@gen.local,Élève,Généré 3455,,LYCEEN,BAC_1,Établissement Grand Lomé,2026-08-18T16:13:48.533924,true
eleve_gen_03456@gen.local,Élève,Généré 3456,,LYCEEN,BAC_1,Établissement Maritime,2026-08-18T16:13:48.533924,true
eleve_gen_03457@gen.local,Élève,Généré 3457,,LYCEEN,BAC_1,Établissement Maritime,2026-08-18T16:13:48.533924,true
eleve_gen_03458@gen.local,Élève,Généré 3458,,LYCEEN,BAC_1,Établissement Savanes,2026-08-18T16:13:48.533924,true
eleve_gen_03459@gen.local,Élève,Généré 3459,,LYCEEN,BAC_1,Établissement Centrale,2026-08-18T16:13:48.533924,true
eleve_gen_03460@gen.local,Élève,Généré 3460,,LYCEEN,BAC_1,Établissement Centrale,2026-08-18T16:13:48.533924,true
eleve_gen_03461@gen.local,Élève,Généré 3461,,LYCEEN,BAC_1,Établissement Grand Lomé,2026-08-18T16:13:48.533924,true
eleve_gen_03462@gen.local,Élève,Généré 3462,,LYCEEN,BAC_1,Établissement Kara,2026-08-18T16:13:48.533924,true
eleve_gen_03463@gen.local,Élève,Généré 3463,,LYCEEN,BAC_1,Établissement Plateaux Est,2026-08-18T16:13:48.533924,true
eleve_gen_03464@gen.local,Élève,Généré 3464,,LYCEEN,BAC_1,Établissement Maritime,2026-08-18T16:13:48.533924,true
eleve_gen_03465@gen.local,Élève,Généré 3465,,LYCEEN,BAC_1,Établissement Grand Lomé,2026-08-18T16:13:48.533924,true
eleve_gen_03466@gen.local,Élève,Généré 3466,,LYCEEN,BAC_1,Établissement Plateaux Est,2026-08-18T16:13:48.533924,true
eleve_gen_03467@gen.local,Élève,Généré 3467,,LYCEEN,BAC_1,Établissement Grand Lomé,2026-08-18T16:13:48.533924,true
eleve_gen_03468@gen.local,Élève,Généré 3468,,LYCEEN,BAC_1,Établissement Plateaux Est,2026-08-18T16:13:48.533924,true
eleve_gen_03469@gen.local,Élève,Généré 3469,,LYCEEN,BAC_1,Établissement Maritime,2026-08-18T16:13:48.533924,true
eleve_gen_03470@gen.local,Élève,Généré 3470,,LYCEEN,BAC_1,Établissement Kara,2026-08-18T16:13:48.533924,true
eleve_gen_03471@gen.local,Élève,Généré 3471,,LYCEEN,BAC_1,Établissement Kara,2026-08-18T16:13:48.533924,true
eleve_gen_03472@gen.local,Élève,Généré 3472,,LYCEEN,BAC_1,Établissement Maritime,2026-08-18T16:13:48.533924,true
eleve_gen_03473@gen.local,Élève,Généré 3473,,LYCEEN,BAC_1,Établissement Kara,2026-08-18T16:13:48.533924,true
eleve_gen_03474@gen.local,Élève,Généré 3474,,LYCEEN,BAC_1,Établissement Kara,2026-08-18T16:13:48.533924,true
eleve_gen_03475@gen.local,Élève,Généré 3475,,LYCEEN,BAC_1,Établissement Grand Lomé,2026-08-18T16:13:48.533924,true
eleve_gen_03476@gen.local,Élève,Généré 3476,,LYCEEN,BAC_1,Établissement Centrale,2026-08-18T16:13:48.533924,true
eleve_gen_03477@gen.local,Élève,Généré 3477,,LYCEEN,BAC_1,Établissement Grand Lomé,2026-08-18T16:13:48.533924,true
eleve_gen_03478@gen.local,Élève,Généré 3478,,LYCEEN,BAC_1,Établissement Kara,2026-08-18T16:13:48.533924,true
eleve_gen_03479@gen.local,Élève,Généré 3479,,LYCEEN,BAC_1,Établissement Maritime,2026-08-18T16:13:48.533924,true
eleve_gen_03480@gen.local,Élève,Généré 3480,,LYCEEN,BAC_1,Établissement Maritime,2026-08-18T16:13:48.533924,true
eleve_gen_03481@gen.local,Élève,Généré 3481,,LYCEEN,BAC_1,Établissement Plateaux Est,2026-08-18T16:13:48.533924,true
eleve_gen_03482@gen.local,Élève,Généré 3482,,LYCEEN,BAC_1,Établissement Plateaux Ouest,2026-08-18T16:13:48.533924,true
eleve_gen_03483@gen.local,Élève,Généré 3483,,LYCEEN,BAC_1,Établissement Grand Lomé,2026-08-18T16:13:48.533924,true
eleve_gen_03484@gen.local,Élève,Généré 3484,,LYCEEN,BAC_1,Établissement Centrale,2026-08-18T16:13:48.533924,true
eleve_gen_03485@gen.local,Élève,Généré 3485,,LYCEEN,BAC_1,Établissement Grand Lomé,2026-08-18T16:13:48.533924,true
eleve_gen_03486@gen.local,Élève,Généré 3486,,LYCEEN,BAC_1,Établissement Savanes,2026-08-18T16:13:48.533924,true
eleve_gen_03487@gen.local,Élève,Généré 3487,,LYCEEN,BAC_1,Établissement Maritime,2026-08-18T16:13:48.533924,true
eleve_gen_03488@gen.local,Élève,Généré 3488,,LYCEEN,BAC_1,Établissement Plateaux Est,2026-08-18T16:13:48.533924,true
eleve_gen_03489@gen.local,Élève,Généré 3489,,LYCEEN,BAC_1,Établissement Plateaux Ouest,2026-08-18T16:13:48.533924,true
eleve_gen_03490@gen.local,Élève,Généré 3490,,LYCEEN,BAC_1,Établissement Grand Lomé,2026-08-18T16:13:48.533924,true
eleve_gen_03491@gen.local,Élève,Généré 3491,,LYCEEN,BAC_1,Établissement Grand Lomé,2026-08-18T16:13:48.533924,true
eleve_gen_03492@gen.local,Élève,Généré 3492,,LYCEEN,BAC_1,Établissement Maritime,2026-08-18T16:13:48.533924,true
eleve_gen_03493@gen.local,Élève,Généré 3493,,LYCEEN,BAC_1,Établissement Plateaux Ouest,2026-08-18T16:13:48.533924,true
eleve_gen_03494@gen.local,Élève,Généré 3494,,LYCEEN,BAC_1,Établissement Plateaux Est,2026-08-18T16:13:48.533924,true
eleve_gen_03495@gen.local,Élève,Généré 3495,,LYCEEN,BAC_1,Établissement Grand Lomé,2026-08-18T16:13:48.533924,true
eleve_gen_03496@gen.local,Élève,Généré 3496,,LYCEEN,BAC_1,Établissement Grand Lomé,2026-08-18T16:13:48.533924,true
eleve_gen_03497@gen.local,Élève,Généré 3497,,LYCEEN,BAC_1,Établissement Grand Lomé,2026-08-18T16:13:48.533924,true
eleve_gen_03498@gen.local,Élève,Généré 3498,,LYCEEN,BAC_1,Établissement Grand Lomé,2026-08-18T16:13:48.533924,true
eleve_gen_03499@gen.local,Élève,Généré 3499,,LYCEEN,BAC_1,Établissement Plateaux Est,2026-08-18T16:13:48.533924,true
eleve_gen_03500@gen.local,Élève,Généré 3500,,LYCEEN,BAC_1,Établissement Kara,2026-08-18T16:13:48.533924,true
eleve_gen_03501@gen.local,Élève,Généré 3501,,LYCEEN,BAC_1,Établissement Grand Lomé,2026-08-18T16:13:48.533924,true
eleve_gen_03502@gen.local,Élève,Généré 3502,,LYCEEN,BAC_1,Établissement Savanes,2026-08-18T16:13:48.533924,true
eleve_gen_03503@gen.local,Élève,Généré 3503,,LYCEEN,BAC_1,Établissement Savanes,2026-08-18T16:13:48.533924,true
eleve_gen_03504@gen.local,Élève,Généré 3504,,LYCEEN,BAC_1,Établissement Maritime,2026-08-18T16:13:48.533924,true
eleve_gen_03505@gen.local,Élève,Généré 3505,,LYCEEN,BAC_1,Établissement Grand Lomé,2026-08-18T16:13:48.533924,true
eleve_gen_03506@gen.local,Élève,Généré 3506,,LYCEEN,BAC_1,Établissement Grand Lomé,2026-08-18T16:13:48.533924,true
eleve_gen_03507@gen.local,Élève,Généré 3507,,LYCEEN,BAC_1,Établissement Plateaux Ouest,2026-08-18T16:13:48.533924,true
eleve_gen_03508@gen.local,Élève,Généré 3508,,LYCEEN,BAC_1,Établissement Plateaux Ouest,2026-08-18T16:13:48.533924,true
eleve_gen_03509@gen.local,Élève,Généré 3509,,LYCEEN,BAC_1,Établissement Plateaux Ouest,2026-08-18T16:13:48.533924,true
eleve_gen_03510@gen.local,Élève,Généré 3510,,LYCEEN,BAC_1,Établissement Grand Lomé,2026-08-18T16:13:48.533924,true
eleve_gen_03511@gen.local,Élève,Généré 3511,,LYCEEN,BAC_1,Établissement Grand Lomé,2026-08-18T16:13:48.533924,true
eleve_gen_03512@gen.local,Élève,Généré 3512,,LYCEEN,BAC_1,Établissement Maritime,2026-08-18T16:13:48.533924,true
eleve_gen_03513@gen.local,Élève,Généré 3513,,LYCEEN,BAC_1,Établissement Grand Lomé,2026-08-18T16:13:48.533924,true
eleve_gen_03514@gen.local,Élève,Généré 3514,,LYCEEN,BAC_1,Établissement Grand Lomé,2026-08-18T16:13:48.533924,true
eleve_gen_03515@gen.local,Élève,Généré 3515,,LYCEEN,BAC_1,Établissement Savanes,2026-08-18T16:13:48.533924,true
eleve_gen_03516@gen.local,Élève,Généré 3516,,LYCEEN,BAC_1,Établissement Maritime,2026-08-18T16:13:48.533924,true
eleve_gen_03517@gen.local,Élève,Généré 3517,,LYCEEN,BAC_1,Établissement Plateaux Est,2026-08-18T16:13:48.533924,true
eleve_gen_03518@gen.local,Élève,Généré 3518,,LYCEEN,BAC_1,Établissement Plateaux Est,2026-08-18T16:13:48.533924,true
eleve_gen_03519@gen.local,Élève,Généré 3519,,LYCEEN,BAC_1,Établissement Grand Lomé,2026-08-18T16:13:48.533924,true
eleve_gen_03520@gen.local,Élève,Généré 3520,,LYCEEN,BAC_1,Établissement Grand Lomé,2026-08-18T16:13:48.533924,true
eleve_gen_03521@gen.local,Élève,Généré 3521,,LYCEEN,BAC_1,Établissement Kara,2026-08-18T16:13:48.533924,true
eleve_gen_03522@gen.local,Élève,Généré 3522,,LYCEEN,BAC_1,Établissement Maritime,2026-08-18T16:13:48.533924,true
eleve_gen_03523@gen.local,Élève,Généré 3523,,LYCEEN,BAC_1,Établissement Plateaux Est,2026-08-18T16:13:48.533924,true
eleve_gen_03524@gen.local,Élève,Généré 3524,,LYCEEN,BAC_1,Établissement Centrale,2026-08-18T16:13:48.533924,true
eleve_gen_03525@gen.local,Élève,Généré 3525,,LYCEEN,BAC_1,Établissement Grand Lomé,2026-08-18T16:13:48.533924,true
eleve_gen_03526@gen.local,Élève,Généré 3526,,LYCEEN,BAC_1,Établissement Savanes,2026-08-18T16:13:48.533924,true
eleve_gen_03527@gen.local,Élève,Généré 3527,,LYCEEN,BAC_1,Établissement Kara,2026-08-18T16:13:48.533924,true
eleve_gen_03528@gen.local,Élève,Généré 3528,,LYCEEN,BAC_1,Établissement Kara,2026-08-18T16:13:48.533924,true
eleve_gen_03529@gen.local,Élève,Généré 3529,,LYCEEN,BAC_1,Établissement Grand Lomé,2026-08-18T16:13:48.533924,true
eleve_gen_03530@gen.local,Élève,Généré 3530,,LYCEEN,BAC_1,Établissement Plateaux Est,2026-08-18T16:13:48.533924,true
eleve_gen_03531@gen.local,Élève,Généré 3531,,LYCEEN,BAC_1,Établissement Maritime,2026-08-18T16:13:48.533924,true
eleve_gen_03532@gen.local,Élève,Généré 3532,,LYCEEN,BAC_1,Établissement Savanes,2026-08-18T16:13:48.533924,true
eleve_gen_03533@gen.local,Élève,Généré 3533,,LYCEEN,BAC_1,Établissement Grand Lomé,2026-08-18T16:13:48.533924,true
eleve_gen_03534@gen.local,Élève,Généré 3534,,LYCEEN,BAC_1,Établissement Grand Lomé,2026-08-18T16:13:48.533924,true
eleve_gen_03535@gen.local,Élève,Généré 3535,,LYCEEN,BAC_1,Établissement Plateaux Est,2026-08-18T16:13:48.533924,true
eleve_gen_03536@gen.local,Élève,Généré 3536,,LYCEEN,BAC_1,Établissement Maritime,2026-08-18T16:13:48.533924,true
eleve_gen_03537@gen.local,Élève,Généré 3537,,LYCEEN,BAC_1,Établissement Plateaux Est,2026-08-18T16:13:48.533924,true
eleve_gen_03538@gen.local,Élève,Généré 3538,,LYCEEN,BAC_1,Établissement Centrale,2026-08-18T16:13:48.533924,true
eleve_gen_03539@gen.local,Élève,Généré 3539,,LYCEEN,BAC_1,Établissement Kara,2026-08-18T16:13:48.533924,true
eleve_gen_03540@gen.local,Élève,Généré 3540,,LYCEEN,BAC_1,Établissement Centrale,2026-08-18T16:13:48.533924,true
eleve_gen_03541@gen.local,Élève,Généré 3541,,LYCEEN,BAC_1,Établissement Plateaux Ouest,2026-08-18T16:13:48.533924,true
eleve_gen_03542@gen.local,Élève,Généré 3542,,LYCEEN,BAC_1,Établissement Grand Lomé,2026-08-18T16:13:48.533924,true
eleve_gen_03543@gen.local,Élève,Généré 3543,,LYCEEN,BAC_1,Établissement Grand Lomé,2026-08-18T16:13:48.533924,true
eleve_gen_03544@gen.local,Élève,Généré 3544,,LYCEEN,BAC_1,Établissement Centrale,2026-08-18T16:13:48.533924,true
eleve_gen_03545@gen.local,Élève,Généré 3545,,LYCEEN,BAC_1,Établissement Maritime,2026-08-18T16:13:48.533924,true
eleve_gen_03546@gen.local,Élève,Généré 3546,,LYCEEN,BAC_1,Établissement Plateaux Est,2026-08-18T16:13:48.533924,true
eleve_gen_03547@gen.local,Élève,Généré 3547,,LYCEEN,BAC_1,Établissement Plateaux Ouest,2026-08-18T16:13:48.533924,true
eleve_gen_03548@gen.local,Élève,Généré 3548,,LYCEEN,BAC_1,Établissement Plateaux Ouest,2026-08-18T16:13:48.533924,true
eleve_gen_03549@gen.local,Élève,Généré 3549,,LYCEEN,BAC_1,Établissement Plateaux Est,2026-08-18T16:13:48.533924,true
eleve_gen_03550@gen.local,Élève,Généré 3550,,LYCEEN,BAC_1,Établissement Maritime,2026-08-18T16:13:48.533924,true
eleve_gen_03551@gen.local,Élève,Généré 3551,,LYCEEN,BAC_1,Établissement Centrale,2026-08-18T16:13:48.533924,true
eleve_gen_03552@gen.local,Élève,Généré 3552,,LYCEEN,BAC_1,Établissement Savanes,2026-08-18T16:13:48.533924,true
eleve_gen_03553@gen.local,Élève,Généré 3553,,LYCEEN,BAC_1,Établissement Maritime,2026-08-18T16:13:48.533924,true
eleve_gen_03554@gen.local,Élève,Généré 3554,,LYCEEN,BAC_1,Établissement Plateaux Ouest,2026-08-18T16:13:48.533924,true
eleve_gen_03555@gen.local,Élève,Généré 3555,,LYCEEN,BAC_1,Établissement Plateaux Ouest,2026-08-18T16:13:48.533924,true
eleve_gen_03556@gen.local,Élève,Généré 3556,,LYCEEN,BAC_1,Établissement Centrale,2026-08-18T16:13:48.533924,true
eleve_gen_03557@gen.local,Élève,Généré 3557,,LYCEEN,BAC_1,Établissement Grand Lomé,2026-08-18T16:13:48.533924,true
eleve_gen_03558@gen.local,Élève,Généré 3558,,LYCEEN,BAC_1,Établissement Grand Lomé,2026-08-18T16:13:48.533924,true
eleve_gen_03559@gen.local,Élève,Généré 3559,,LYCEEN,BAC_1,Établissement Plateaux Est,2026-08-18T16:13:48.533924,true
eleve_gen_03560@gen.local,Élève,Généré 3560,,LYCEEN,BAC_1,Établissement Maritime,2026-08-18T16:13:48.533924,true
eleve_gen_03561@gen.local,Élève,Généré 3561,,LYCEEN,BAC_1,Établissement Savanes,2026-08-18T16:13:48.533924,true
eleve_gen_03562@gen.local,Élève,Généré 3562,,LYCEEN,BAC_1,Établissement Kara,2026-08-18T16:13:48.533924,true
eleve_gen_03563@gen.local,Élève,Généré 3563,,LYCEEN,BAC_1,Établissement Plateaux Est,2026-08-18T16:13:48.533924,true
eleve_gen_03564@gen.local,Élève,Généré 3564,,LYCEEN,BAC_1,Établissement Centrale,2026-08-18T16:13:48.533924,true
eleve_gen_03565@gen.local,Élève,Généré 3565,,LYCEEN,BAC_1,Établissement Plateaux Est,2026-08-18T16:13:48.533924,true
eleve_gen_03566@gen.local,Élève,Généré 3566,,LYCEEN,BAC_1,Établissement Grand Lomé,2026-08-18T16:13:48.533924,true
eleve_gen_03567@gen.local,Élève,Généré 3567,,LYCEEN,BAC_1,Établissement Kara,2026-08-18T16:13:48.533924,true
eleve_gen_03568@gen.local,Élève,Généré 3568,,LYCEEN,BAC_1,Établissement Grand Lomé,2026-08-18T16:13:48.533924,true
eleve_gen_03569@gen.local,Élève,Généré 3569,,LYCEEN,BAC_1,Établissement Kara,2026-08-18T16:13:48.533924,true
eleve_gen_03570@gen.local,Élève,Généré 3570,,LYCEEN,BAC_1,Établissement Grand Lomé,2026-08-18T16:13:48.533924,true
eleve_gen_03571@gen.local,Élève,Généré 3571,,LYCEEN,BAC_1,Établissement Savanes,2026-08-18T16:13:48.533924,true
eleve_gen_03572@gen.local,Élève,Généré 3572,,LYCEEN,BAC_1,Établissement Maritime,2026-08-18T16:13:48.533924,true
eleve_gen_03573@gen.local,Élève,Généré 3573,,LYCEEN,BAC_1,Établissement Centrale,2026-08-18T16:13:48.533924,true
eleve_gen_03574@gen.local,Élève,Généré 3574,,LYCEEN,BAC_1,Établissement Grand Lomé,2026-08-18T16:13:48.533924,true
eleve_gen_03575@gen.local,Élève,Généré 3575,,LYCEEN,BAC_1,Établissement Kara,2026-08-18T16:13:48.533924,true
eleve_gen_03576@gen.local,Élève,Généré 3576,,LYCEEN,BAC_1,Établissement Plateaux Ouest,2026-08-18T16:13:48.533924,true
eleve_gen_03577@gen.local,Élève,Généré 3577,,LYCEEN,BAC_1,Établissement Kara,2026-08-18T16:13:48.533924,true
eleve_gen_03578@gen.local,Élève,Généré 3578,,LYCEEN,BAC_1,Établissement Grand Lomé,2026-08-18T16:13:48.533924,true
eleve_gen_03579@gen.local,Élève,Généré 3579,,LYCEEN,BAC_1,Établissement Plateaux Est,2026-08-18T16:13:48.533924,true
eleve_gen_03580@gen.local,Élève,Généré 3580,,LYCEEN,BAC_1,Établissement Plateaux Est,2026-08-18T16:13:48.533924,true
eleve_gen_03581@gen.local,Élève,Généré 3581,,LYCEEN,BAC_1,Établissement Plateaux Ouest,2026-08-18T16:13:48.533924,true
eleve_gen_03582@gen.local,Élève,Généré 3582,,LYCEEN,BAC_1,Établissement Plateaux Est,2026-08-18T16:13:48.533924,true
eleve_gen_03583@gen.local,Élève,Généré 3583,,LYCEEN,BAC_1,Établissement Grand Lomé,2026-08-18T16:13:48.533924,true
eleve_gen_03584@gen.local,Élève,Généré 3584,,LYCEEN,BAC_1,Établissement Plateaux Ouest,2026-08-18T16:13:48.533924,true
eleve_gen_03585@gen.local,Élève,Généré 3585,,LYCEEN,BAC_1,Établissement Plateaux Ouest,2026-08-18T16:13:48.533924,true
eleve_gen_03586@gen.local,Élève,Généré 3586,,LYCEEN,BAC_1,Établissement Grand Lomé,2026-08-18T16:13:48.533924,true
eleve_gen_03587@gen.local,Élève,Généré 3587,,LYCEEN,BAC_1,Établissement Plateaux Ouest,2026-08-18T16:13:48.533924,true
eleve_gen_03588@gen.local,Élève,Généré 3588,,LYCEEN,BAC_1,Établissement Kara,2026-08-18T16:13:48.533924,true
eleve_gen_03589@gen.local,Élève,Généré 3589,,LYCEEN,BAC_1,Établissement Plateaux Est,2026-08-18T16:13:48.533924,true
eleve_gen_03590@gen.local,Élève,Généré 3590,,LYCEEN,BAC_1,Établissement Maritime,2026-08-18T16:13:48.533924,true
eleve_gen_03591@gen.local,Élève,Généré 3591,,LYCEEN,BAC_1,Établissement Savanes,2026-08-18T16:13:48.533924,true
eleve_gen_03592@gen.local,Élève,Généré 3592,,LYCEEN,BAC_1,Établissement Maritime,2026-08-18T16:13:48.533924,true
eleve_gen_03593@gen.local,Élève,Généré 3593,,LYCEEN,BAC_1,Établissement Maritime,2026-08-18T16:13:48.533924,true
eleve_gen_03594@gen.local,Élève,Généré 3594,,LYCEEN,BAC_1,Établissement Savanes,2026-08-18T16:13:48.533924,true
eleve_gen_03595@gen.local,Élève,Généré 3595,,LYCEEN,BAC_1,Établissement Maritime,2026-08-18T16:13:48.533924,true
eleve_gen_03596@gen.local,Élève,Généré 3596,,LYCEEN,BAC_1,Établissement Maritime,2026-08-18T16:13:48.533924,true
eleve_gen_03597@gen.local,Élève,Généré 3597,,LYCEEN,BAC_1,Établissement Grand Lomé,2026-08-18T16:13:48.533924,true
eleve_gen_03598@gen.local,Élève,Généré 3598,,LYCEEN,BAC_1,Établissement Grand Lomé,2026-08-18T16:13:48.533924,true
eleve_gen_03599@gen.local,Élève,Généré 3599,,LYCEEN,BAC_1,Établissement Centrale,2026-08-18T16:13:48.533924,true
eleve_gen_03600@gen.local,Élève,Généré 3600,,LYCEEN,BAC_1,Établissement Grand Lomé,2026-08-18T16:13:48.533924,true
eleve_gen_03601@gen.local,Élève,Généré 3601,,LYCEEN,BAC_1,Établissement Kara,2026-08-18T16:13:48.533924,true
eleve_gen_03602@gen.local,Élève,Généré 3602,,LYCEEN,BAC_1,Établissement Maritime,2026-08-18T16:13:48.533924,true
eleve_gen_03603@gen.local,Élève,Généré 3603,,LYCEEN,BAC_1,Établissement Plateaux Ouest,2026-08-18T16:13:48.533924,true
eleve_gen_03604@gen.local,Élève,Généré 3604,,LYCEEN,BAC_1,Établissement Centrale,2026-08-18T16:13:48.533924,true
eleve_gen_03605@gen.local,Élève,Généré 3605,,LYCEEN,BAC_1,Établissement Savanes,2026-08-18T16:13:48.533924,true
eleve_gen_03606@gen.local,Élève,Généré 3606,,LYCEEN,BAC_1,Établissement Plateaux Est,2026-08-18T16:13:48.533924,true
eleve_gen_03607@gen.local,Élève,Généré 3607,,LYCEEN,BAC_1,Établissement Plateaux Est,2026-08-18T16:13:48.533924,true
eleve_gen_03608@gen.local,Élève,Généré 3608,,LYCEEN,BAC_1,Établissement Grand Lomé,2026-08-18T16:13:48.533924,true
eleve_gen_03609@gen.local,Élève,Généré 3609,,LYCEEN,BAC_1,Établissement Plateaux Est,2026-08-18T16:13:48.533924,true
eleve_gen_03610@gen.local,Élève,Généré 3610,,LYCEEN,BAC_1,Établissement Maritime,2026-08-18T16:13:48.533924,true
eleve_gen_03611@gen.local,Élève,Généré 3611,,LYCEEN,BAC_1,Établissement Plateaux Est,2026-08-18T16:13:48.533924,true
eleve_gen_03612@gen.local,Élève,Généré 3612,,LYCEEN,BAC_1,Établissement Plateaux Est,2026-08-18T16:13:48.533924,true
eleve_gen_03613@gen.local,Élève,Généré 3613,,LYCEEN,BAC_1,Établissement Plateaux Ouest,2026-08-18T16:13:48.533924,true
eleve_gen_03614@gen.local,Élève,Généré 3614,,LYCEEN,BAC_1,Établissement Plateaux Est,2026-08-18T16:13:48.533924,true
eleve_gen_03615@gen.local,Élève,Généré 3615,,LYCEEN,BAC_1,Établissement Plateaux Ouest,2026-08-18T16:13:48.533924,true
eleve_gen_03616@gen.local,Élève,Généré 3616,,LYCEEN,BAC_1,Établissement Savanes,2026-08-18T16:13:48.533924,true
eleve_gen_03617@gen.local,Élève,Généré 3617,,LYCEEN,BAC_1,Établissement Savanes,2026-08-18T16:13:48.533924,true
eleve_gen_03618@gen.local,Élève,Généré 3618,,LYCEEN,BAC_1,Établissement Grand Lomé,2026-08-18T16:13:48.533924,true
eleve_gen_03619@gen.local,Élève,Généré 3619,,LYCEEN,BAC_1,Établissement Plateaux Ouest,2026-08-18T16:13:48.533924,true
eleve_gen_03620@gen.local,Élève,Généré 3620,,LYCEEN,BAC_1,Établissement Grand Lomé,2026-08-18T16:13:48.533924,true
eleve_gen_03621@gen.local,Élève,Généré 3621,,LYCEEN,BAC_1,Établissement Plateaux Ouest,2026-08-18T16:13:48.533924,true
eleve_gen_03622@gen.local,Élève,Généré 3622,,LYCEEN,BAC_1,Établissement Grand Lomé,2026-08-18T16:13:48.533924,true
eleve_gen_03623@gen.local,Élève,Généré 3623,,LYCEEN,BAC_1,Établissement Kara,2026-08-18T16:13:48.533924,true
eleve_gen_03624@gen.local,Élève,Généré 3624,,LYCEEN,BAC_1,Établissement Centrale,2026-08-18T16:13:48.533924,true
eleve_gen_03625@gen.local,Élève,Généré 3625,,LYCEEN,BAC_1,Établissement Grand Lomé,2026-08-18T16:13:48.533924,true
eleve_gen_03626@gen.local,Élève,Généré 3626,,LYCEEN,BAC_1,Établissement Centrale,2026-08-18T16:13:48.533924,true
eleve_gen_03627@gen.local,Élève,Généré 3627,,LYCEEN,BAC_1,Établissement Kara,2026-08-18T16:13:48.533924,true
eleve_gen_03628@gen.local,Élève,Généré 3628,,LYCEEN,BAC_1,Établissement Plateaux Ouest,2026-08-18T16:13:48.533924,true
eleve_gen_03629@gen.local,Élève,Généré 3629,,LYCEEN,BAC_1,Établissement Grand Lomé,2026-08-18T16:13:48.533924,true
eleve_gen_03630@gen.local,Élève,Généré 3630,,LYCEEN,BAC_1,Établissement Centrale,2026-08-18T16:13:48.533924,true
eleve_gen_03631@gen.local,Élève,Généré 3631,,LYCEEN,BAC_1,Établissement Maritime,2026-08-18T16:13:48.533924,true
eleve_gen_03632@gen.local,Élève,Généré 3632,,LYCEEN,BAC_1,Établissement Plateaux Est,2026-08-18T16:13:48.533924,true
eleve_gen_03633@gen.local,Élève,Généré 3633,,LYCEEN,BAC_1,Établissement Plateaux Est,2026-08-18T16:13:48.533924,true
eleve_gen_03634@gen.local,Élève,Généré 3634,,LYCEEN,BAC_1,Établissement Centrale,2026-08-18T16:13:48.533924,true
eleve_gen_03635@gen.local,Élève,Généré 3635,,LYCEEN,BAC_1,Établissement Plateaux Ouest,2026-08-18T16:13:48.533924,true
eleve_gen_03636@gen.local,Élève,Généré 3636,,LYCEEN,BAC_1,Établissement Grand Lomé,2026-08-18T16:13:48.533924,true
eleve_gen_03637@gen.local,Élève,Généré 3637,,LYCEEN,BAC_1,Établissement Plateaux Est,2026-08-18T16:13:48.533924,true
eleve_gen_03638@gen.local,Élève,Généré 3638,,LYCEEN,BAC_1,Établissement Maritime,2026-08-18T16:13:48.533924,true
eleve_gen_03639@gen.local,Élève,Généré 3639,,LYCEEN,BAC_1,Établissement Maritime,2026-08-18T16:13:48.533924,true
eleve_gen_03640@gen.local,Élève,Généré 3640,,LYCEEN,BAC_1,Établissement Centrale,2026-08-18T16:13:48.533924,true
eleve_gen_03641@gen.local,Élève,Généré 3641,,LYCEEN,BAC_1,Établissement Plateaux Est,2026-08-18T16:13:48.533924,true
eleve_gen_03642@gen.local,Élève,Généré 3642,,LYCEEN,BAC_1,Établissement Centrale,2026-08-18T16:13:48.533924,true
eleve_gen_03643@gen.local,Élève,Généré 3643,,LYCEEN,BAC_1,Établissement Maritime,2026-08-18T16:13:48.533924,true
eleve_gen_03644@gen.local,Élève,Généré 3644,,LYCEEN,BAC_1,Établissement Maritime,2026-08-18T16:13:48.533924,true
eleve_gen_03645@gen.local,Élève,Généré 3645,,LYCEEN,BAC_1,Établissement Maritime,2026-08-18T16:13:48.533924,true
eleve_gen_03646@gen.local,Élève,Généré 3646,,LYCEEN,BAC_1,Établissement Plateaux Ouest,2026-08-18T16:13:48.533924,true
eleve_gen_03647@gen.local,Élève,Généré 3647,,LYCEEN,BAC_1,Établissement Grand Lomé,2026-08-18T16:13:48.533924,true
eleve_gen_03648@gen.local,Élève,Généré 3648,,LYCEEN,BAC_1,Établissement Savanes,2026-08-18T16:13:48.533924,true
eleve_gen_03649@gen.local,Élève,Généré 3649,,LYCEEN,BAC_1,Établissement Savanes,2026-08-18T16:13:48.533924,true
eleve_gen_03650@gen.local,Élève,Généré 3650,,LYCEEN,BAC_1,Établissement Grand Lomé,2026-08-18T16:13:48.533924,true
eleve_gen_03651@gen.local,Élève,Généré 3651,,LYCEEN,BAC_1,Établissement Savanes,2026-08-18T16:13:48.533924,true
eleve_gen_03652@gen.local,Élève,Généré 3652,,LYCEEN,BAC_1,Établissement Plateaux Est,2026-08-18T16:13:48.533924,true
eleve_gen_03653@gen.local,Élève,Généré 3653,,LYCEEN,BAC_1,Établissement Maritime,2026-08-18T16:13:48.533924,true
eleve_gen_03654@gen.local,Élève,Généré 3654,,LYCEEN,BAC_1,Établissement Plateaux Ouest,2026-08-18T16:13:48.533924,true
eleve_gen_03655@gen.local,Élève,Généré 3655,,LYCEEN,BAC_1,Établissement Grand Lomé,2026-08-18T16:13:48.533924,true
eleve_gen_03656@gen.local,Élève,Généré 3656,,LYCEEN,BAC_1,Établissement Maritime,2026-08-18T16:13:48.533924,true
eleve_gen_03657@gen.local,Élève,Généré 3657,,LYCEEN,BAC_1,Établissement Maritime,2026-08-18T16:13:48.533924,true
eleve_gen_03658@gen.local,Élève,Généré 3658,,LYCEEN,BAC_1,Établissement Plateaux Est,2026-08-18T16:13:48.533924,true
eleve_gen_03659@gen.local,Élève,Généré 3659,,LYCEEN,BAC_1,Établissement Maritime,2026-08-18T16:13:48.533924,true
eleve_gen_03660@gen.local,Élève,Généré 3660,,LYCEEN,BAC_1,Établissement Plateaux Ouest,2026-08-18T16:13:48.533924,true
eleve_gen_03661@gen.local,Élève,Généré 3661,,LYCEEN,BAC_1,Établissement Grand Lomé,2026-08-18T16:13:48.533924,true
eleve_gen_03662@gen.local,Élève,Généré 3662,,LYCEEN,BAC_1,Établissement Plateaux Ouest,2026-08-18T16:13:48.533924,true
eleve_gen_03663@gen.local,Élève,Généré 3663,,LYCEEN,BAC_1,Établissement Grand Lomé,2026-08-18T16:13:48.533924,true
eleve_gen_03664@gen.local,Élève,Généré 3664,,LYCEEN,BAC_1,Établissement Plateaux Est,2026-08-18T16:13:48.533924,true
eleve_gen_03665@gen.local,Élève,Généré 3665,,LYCEEN,BAC_1,Établissement Maritime,2026-08-18T16:13:48.533924,true
eleve_gen_03666@gen.local,Élève,Généré 3666,,LYCEEN,BAC_1,Établissement Plateaux Est,2026-08-18T16:13:48.533924,true
eleve_gen_03667@gen.local,Élève,Généré 3667,,LYCEEN,BAC_1,Établissement Centrale,2026-08-18T16:13:48.533924,true
eleve_gen_03668@gen.local,Élève,Généré 3668,,LYCEEN,BAC_1,Établissement Plateaux Est,2026-08-18T16:13:48.533924,true
eleve_gen_03669@gen.local,Élève,Généré 3669,,LYCEEN,BAC_1,Établissement Grand Lomé,2026-08-18T16:13:48.533924,true
eleve_gen_03670@gen.local,Élève,Généré 3670,,LYCEEN,BAC_1,Établissement Plateaux Ouest,2026-08-18T16:13:48.533924,true
eleve_gen_03671@gen.local,Élève,Généré 3671,,LYCEEN,BAC_1,Établissement Kara,2026-08-18T16:13:48.533924,true
eleve_gen_03672@gen.local,Élève,Généré 3672,,LYCEEN,BAC_1,Établissement Kara,2026-08-18T16:13:48.533924,true
eleve_gen_03673@gen.local,Élève,Généré 3673,,LYCEEN,BAC_1,Établissement Plateaux Ouest,2026-08-18T16:13:48.533924,true
eleve_gen_03674@gen.local,Élève,Généré 3674,,LYCEEN,BAC_1,Établissement Grand Lomé,2026-08-18T16:13:48.533924,true
eleve_gen_03675@gen.local,Élève,Généré 3675,,LYCEEN,BAC_1,Établissement Grand Lomé,2026-08-18T16:13:48.533924,true
eleve_gen_03676@gen.local,Élève,Généré 3676,,LYCEEN,BAC_1,Établissement Grand Lomé,2026-08-18T16:13:48.533924,true
eleve_gen_03677@gen.local,Élève,Généré 3677,,LYCEEN,BAC_1,Établissement Plateaux Est,2026-08-18T16:13:48.533924,true
eleve_gen_03678@gen.local,Élève,Généré 3678,,LYCEEN,BAC_1,Établissement Maritime,2026-08-18T16:13:48.533924,true
eleve_gen_03679@gen.local,Élève,Généré 3679,,LYCEEN,BAC_1,Établissement Kara,2026-08-18T16:13:48.533924,true
eleve_gen_03680@gen.local,Élève,Généré 3680,,LYCEEN,BAC_1,Établissement Grand Lomé,2026-08-18T16:13:48.533924,true
eleve_gen_03681@gen.local,Élève,Généré 3681,,LYCEEN,BAC_1,Établissement Maritime,2026-08-18T16:13:48.533924,true
eleve_gen_03682@gen.local,Élève,Généré 3682,,LYCEEN,BAC_1,Établissement Plateaux Est,2026-08-18T16:13:48.533924,true
eleve_gen_03683@gen.local,Élève,Généré 3683,,LYCEEN,BAC_1,Établissement Maritime,2026-08-18T16:13:48.533924,true
eleve_gen_03684@gen.local,Élève,Généré 3684,,LYCEEN,BAC_1,Établissement Centrale,2026-08-18T16:13:48.533924,true
eleve_gen_03685@gen.local,Élève,Généré 3685,,LYCEEN,BAC_1,Établissement Centrale,2026-08-18T16:13:48.533924,true
eleve_gen_03686@gen.local,Élève,Généré 3686,,LYCEEN,BAC_1,Établissement Plateaux Est,2026-08-18T16:13:48.533924,true
eleve_gen_03687@gen.local,Élève,Généré 3687,,LYCEEN,BAC_1,Établissement Plateaux Ouest,2026-08-18T16:13:48.533924,true
eleve_gen_03688@gen.local,Élève,Généré 3688,,LYCEEN,BAC_1,Établissement Plateaux Est,2026-08-18T16:13:48.533924,true
eleve_gen_03689@gen.local,Élève,Généré 3689,,LYCEEN,BAC_1,Établissement Grand Lomé,2026-08-18T16:13:48.533924,true
eleve_gen_03690@gen.local,Élève,Généré 3690,,LYCEEN,BAC_1,Établissement Maritime,2026-08-18T16:13:48.533924,true
eleve_gen_03691@gen.local,Élève,Généré 3691,,LYCEEN,BAC_1,Établissement Plateaux Est,2026-08-18T16:13:48.533924,true
eleve_gen_03692@gen.local,Élève,Généré 3692,,LYCEEN,BAC_1,Établissement Plateaux Est,2026-08-18T16:13:48.533924,true
eleve_gen_03693@gen.local,Élève,Généré 3693,,LYCEEN,BAC_1,Établissement Grand Lomé,2026-08-18T16:13:48.533924,true
eleve_gen_03694@gen.local,Élève,Généré 3694,,LYCEEN,BAC_1,Établissement Grand Lomé,2026-08-18T16:13:48.533924,true
eleve_gen_03695@gen.local,Élève,Généré 3695,,LYCEEN,BAC_1,Établissement Plateaux Est,2026-08-18T16:13:48.533924,true
eleve_gen_03696@gen.local,Élève,Généré 3696,,LYCEEN,BAC_1,Établissement Plateaux Est,2026-08-18T16:13:48.533924,true
eleve_gen_03697@gen.local,Élève,Généré 3697,,LYCEEN,BAC_1,Établissement Centrale,2026-08-18T16:13:48.533924,true
eleve_gen_03698@gen.local,Élève,Généré 3698,,LYCEEN,BAC_1,Établissement Grand Lomé,2026-08-18T16:13:48.533924,true
eleve_gen_03699@gen.local,Élève,Généré 3699,,LYCEEN,BAC_1,Établissement Plateaux Ouest,2026-08-18T16:13:48.533924,true
eleve_gen_03700@gen.local,Élève,Généré 3700,,LYCEEN,BAC_1,Établissement Maritime,2026-08-18T16:13:48.533924,true
eleve_gen_03701@gen.local,Élève,Généré 3701,,LYCEEN,BAC_1,Établissement Centrale,2026-08-18T16:13:48.533924,true
eleve_gen_03702@gen.local,Élève,Généré 3702,,LYCEEN,BAC_1,Établissement Grand Lomé,2026-08-18T16:13:48.533924,true
eleve_gen_03703@gen.local,Élève,Généré 3703,,LYCEEN,BAC_1,Établissement Plateaux Ouest,2026-08-18T16:13:48.533924,true
eleve_gen_03704@gen.local,Élève,Généré 3704,,LYCEEN,BAC_1,Établissement Maritime,2026-08-18T16:13:48.533924,true
eleve_gen_03705@gen.local,Élève,Généré 3705,,LYCEEN,BAC_1,Établissement Grand Lomé,2026-08-18T16:13:48.533924,true
eleve_gen_03706@gen.local,Élève,Généré 3706,,LYCEEN,BAC_1,Établissement Grand Lomé,2026-08-18T16:13:48.533924,true
eleve_gen_03707@gen.local,Élève,Généré 3707,,LYCEEN,BAC_1,Établissement Kara,2026-08-18T16:13:48.533924,true
eleve_gen_03708@gen.local,Élève,Généré 3708,,LYCEEN,BAC_1,Établissement Plateaux Ouest,2026-08-18T16:13:48.533924,true
eleve_gen_03709@gen.local,Élève,Généré 3709,,LYCEEN,BAC_1,Établissement Savanes,2026-08-18T16:13:48.533924,true
eleve_gen_03710@gen.local,Élève,Généré 3710,,LYCEEN,BAC_1,Établissement Kara,2026-08-18T16:13:48.533924,true
eleve_gen_03711@gen.local,Élève,Généré 3711,,LYCEEN,BAC_1,Établissement Grand Lomé,2026-08-18T16:13:48.533924,true
eleve_gen_03712@gen.local,Élève,Généré 3712,,LYCEEN,BAC_1,Établissement Plateaux Est,2026-08-18T16:13:48.533924,true
eleve_gen_03713@gen.local,Élève,Généré 3713,,LYCEEN,BAC_1,Établissement Maritime,2026-08-18T16:13:48.533924,true
eleve_gen_03714@gen.local,Élève,Généré 3714,,LYCEEN,BAC_1,Établissement Kara,2026-08-18T16:13:48.533924,true
eleve_gen_03715@gen.local,Élève,Généré 3715,,LYCEEN,BAC_1,Établissement Centrale,2026-08-18T16:13:48.533924,true
eleve_gen_03716@gen.local,Élève,Généré 3716,,LYCEEN,BAC_1,Établissement Maritime,2026-08-18T16:13:48.533924,true
eleve_gen_03717@gen.local,Élève,Généré 3717,,LYCEEN,BAC_1,Établissement Savanes,2026-08-18T16:13:48.533924,true
eleve_gen_03718@gen.local,Élève,Généré 3718,,LYCEEN,BAC_1,Établissement Plateaux Est,2026-08-18T16:13:48.533924,true
eleve_gen_03719@gen.local,Élève,Généré 3719,,LYCEEN,BAC_1,Établissement Plateaux Ouest,2026-08-18T16:13:48.533924,true
eleve_gen_03720@gen.local,Élève,Généré 3720,,LYCEEN,BAC_1,Établissement Plateaux Est,2026-08-18T16:13:48.533924,true
eleve_gen_03721@gen.local,Élève,Généré 3721,,LYCEEN,BAC_1,Établissement Grand Lomé,2026-08-18T16:13:48.533924,true
eleve_gen_03722@gen.local,Élève,Généré 3722,,LYCEEN,BAC_1,Établissement Plateaux Est,2026-08-18T16:13:48.533924,true
eleve_gen_03723@gen.local,Élève,Généré 3723,,LYCEEN,BAC_1,Établissement Plateaux Est,2026-08-18T16:13:48.533924,true
eleve_gen_03724@gen.local,Élève,Généré 3724,,LYCEEN,BAC_1,Établissement Maritime,2026-08-18T16:13:48.533924,true
eleve_gen_03725@gen.local,Élève,Généré 3725,,LYCEEN,BAC_1,Établissement Grand Lomé,2026-08-18T16:13:48.533924,true
eleve_gen_03726@gen.local,Élève,Généré 3726,,LYCEEN,BAC_1,Établissement Grand Lomé,2026-08-18T16:13:48.533924,true
eleve_gen_03727@gen.local,Élève,Généré 3727,,LYCEEN,BAC_1,Établissement Centrale,2026-08-18T16:13:48.533924,true
eleve_gen_03728@gen.local,Élève,Généré 3728,,LYCEEN,BAC_1,Établissement Grand Lomé,2026-08-18T16:13:48.533924,true
eleve_gen_03729@gen.local,Élève,Généré 3729,,LYCEEN,BAC_1,Établissement Grand Lomé,2026-08-18T16:13:48.533924,true
eleve_gen_03730@gen.local,Élève,Généré 3730,,LYCEEN,BAC_1,Établissement Grand Lomé,2026-08-18T16:13:48.533924,true
eleve_gen_03731@gen.local,Élève,Généré 3731,,LYCEEN,BAC_1,Établissement Plateaux Est,2026-08-18T16:13:48.533924,true
eleve_gen_03732@gen.local,Élève,Généré 3732,,LYCEEN,BAC_1,Établissement Maritime,2026-08-18T16:13:48.533924,true
eleve_gen_03733@gen.local,Élève,Généré 3733,,LYCEEN,BAC_1,Établissement Plateaux Est,2026-08-18T16:13:48.533924,true
eleve_gen_03734@gen.local,Élève,Généré 3734,,LYCEEN,BAC_1,Établissement Kara,2026-08-18T16:13:48.533924,true
eleve_gen_03735@gen.local,Élève,Généré 3735,,LYCEEN,BAC_1,Établissement Plateaux Est,2026-08-18T16:13:48.533924,true
eleve_gen_03736@gen.local,Élève,Généré 3736,,LYCEEN,BAC_1,Établissement Grand Lomé,2026-08-18T16:13:48.533924,true
eleve_gen_03737@gen.local,Élève,Généré 3737,,LYCEEN,BAC_1,Établissement Grand Lomé,2026-08-18T16:13:48.533924,true
eleve_gen_03738@gen.local,Élève,Généré 3738,,LYCEEN,BAC_1,Établissement Kara,2026-08-18T16:13:48.533924,true
eleve_gen_03739@gen.local,Élève,Généré 3739,,LYCEEN,BAC_1,Établissement Grand Lomé,2026-08-18T16:13:48.533924,true
eleve_gen_03740@gen.local,Élève,Généré 3740,,LYCEEN,BAC_1,Établissement Maritime,2026-08-18T16:13:48.533924,true
eleve_gen_03741@gen.local,Élève,Généré 3741,,LYCEEN,BAC_1,Établissement Grand Lomé,2026-08-18T16:13:48.533924,true
eleve_gen_03742@gen.local,Élève,Généré 3742,,LYCEEN,BAC_1,Établissement Kara,2026-08-18T16:13:48.533924,true
eleve_gen_03743@gen.local,Élève,Généré 3743,,LYCEEN,BAC_1,Établissement Grand Lomé,2026-08-18T16:13:48.533924,true
eleve_gen_03744@gen.local,Élève,Généré 3744,,LYCEEN,BAC_1,Établissement Maritime,2026-08-18T16:13:48.533924,true
eleve_gen_03745@gen.local,Élève,Généré 3745,,LYCEEN,BAC_1,Établissement Centrale,2026-08-18T16:13:48.533924,true
eleve_gen_03746@gen.local,Élève,Généré 3746,,LYCEEN,BAC_1,Établissement Maritime,2026-08-18T16:13:48.533924,true
eleve_gen_03747@gen.local,Élève,Généré 3747,,LYCEEN,BAC_1,Établissement Savanes,2026-08-18T16:13:48.533924,true
eleve_gen_03748@gen.local,Élève,Généré 3748,,LYCEEN,BAC_1,Établissement Centrale,2026-08-18T16:13:48.533924,true
eleve_gen_03749@gen.local,Élève,Généré 3749,,LYCEEN,BAC_1,Établissement Maritime,2026-08-18T16:13:48.533924,true
eleve_gen_03750@gen.local,Élève,Généré 3750,,LYCEEN,BAC_1,Établissement Maritime,2026-08-18T16:13:48.533924,true
eleve_gen_03751@gen.local,Élève,Généré 3751,,LYCEEN,BAC_1,Établissement Grand Lomé,2026-08-18T16:13:48.533924,true
eleve_gen_03752@gen.local,Élève,Généré 3752,,LYCEEN,BAC_1,Établissement Plateaux Ouest,2026-08-18T16:13:48.533924,true
eleve_gen_03753@gen.local,Élève,Généré 3753,,LYCEEN,BAC_1,Établissement Grand Lomé,2026-08-18T16:13:48.533924,true
eleve_gen_03754@gen.local,Élève,Généré 3754,,LYCEEN,BAC_1,Établissement Maritime,2026-08-18T16:13:48.533924,true
eleve_gen_03755@gen.local,Élève,Généré 3755,,LYCEEN,BAC_1,Établissement Centrale,2026-08-18T16:13:48.533924,true
eleve_gen_03756@gen.local,Élève,Généré 3756,,LYCEEN,BAC_1,Établissement Savanes,2026-08-18T16:13:48.533924,true
eleve_gen_03757@gen.local,Élève,Généré 3757,,LYCEEN,BAC_1,Établissement Grand Lomé,2026-08-18T16:13:48.533924,true
eleve_gen_03758@gen.local,Élève,Généré 3758,,LYCEEN,BAC_1,Établissement Kara,2026-08-18T16:13:48.533924,true
eleve_gen_03759@gen.local,Élève,Généré 3759,,LYCEEN,BAC_1,Établissement Centrale,2026-08-18T16:13:48.533924,true
eleve_gen_03760@gen.local,Élève,Généré 3760,,LYCEEN,BAC_1,Établissement Centrale,2026-08-18T16:13:48.533924,true
eleve_gen_03761@gen.local,Élève,Généré 3761,,LYCEEN,BAC_1,Établissement Plateaux Est,2026-08-18T16:13:48.533924,true
eleve_gen_03762@gen.local,Élève,Généré 3762,,LYCEEN,BAC_1,Établissement Plateaux Est,2026-08-18T16:13:48.533924,true
eleve_gen_03763@gen.local,Élève,Généré 3763,,LYCEEN,BAC_1,Établissement Centrale,2026-08-18T16:13:48.533924,true
eleve_gen_03764@gen.local,Élève,Généré 3764,,LYCEEN,BAC_1,Établissement Maritime,2026-08-18T16:13:48.533924,true
eleve_gen_03765@gen.local,Élève,Généré 3765,,LYCEEN,BAC_1,Établissement Kara,2026-08-18T16:13:48.533924,true
eleve_gen_03766@gen.local,Élève,Généré 3766,,LYCEEN,BAC_1,Établissement Centrale,2026-08-18T16:13:48.533924,true
eleve_gen_03767@gen.local,Élève,Généré 3767,,LYCEEN,BAC_1,Établissement Centrale,2026-08-18T16:13:48.533924,true
eleve_gen_03768@gen.local,Élève,Généré 3768,,LYCEEN,BAC_1,Établissement Maritime,2026-08-18T16:13:48.533924,true
eleve_gen_03769@gen.local,Élève,Généré 3769,,LYCEEN,BAC_1,Établissement Plateaux Est,2026-08-18T16:13:48.533924,true
eleve_gen_03770@gen.local,Élève,Généré 3770,,LYCEEN,BAC_1,Établissement Plateaux Ouest,2026-08-18T16:13:48.533924,true
eleve_gen_03771@gen.local,Élève,Généré 3771,,LYCEEN,BAC_1,Établissement Plateaux Est,2026-08-18T16:13:48.533924,true
eleve_gen_03772@gen.local,Élève,Généré 3772,,LYCEEN,BAC_1,Établissement Plateaux Est,2026-08-18T16:13:48.533924,true
eleve_gen_03773@gen.local,Élève,Généré 3773,,LYCEEN,BAC_1,Établissement Grand Lomé,2026-08-18T16:13:48.533924,true
eleve_gen_03774@gen.local,Élève,Généré 3774,,LYCEEN,BAC_1,Établissement Plateaux Ouest,2026-08-18T16:13:48.533924,true
eleve_gen_03775@gen.local,Élève,Généré 3775,,LYCEEN,BAC_1,Établissement Plateaux Ouest,2026-08-18T16:13:48.533924,true
eleve_gen_03776@gen.local,Élève,Généré 3776,,LYCEEN,BAC_1,Établissement Kara,2026-08-18T16:13:48.533924,true
eleve_gen_03777@gen.local,Élève,Généré 3777,,LYCEEN,BAC_1,Établissement Grand Lomé,2026-08-18T16:13:48.533924,true
eleve_gen_03778@gen.local,Élève,Généré 3778,,LYCEEN,BAC_1,Établissement Plateaux Est,2026-08-18T16:13:48.533924,true
eleve_gen_03779@gen.local,Élève,Généré 3779,,LYCEEN,BAC_1,Établissement Maritime,2026-08-18T16:13:48.533924,true
eleve_gen_03780@gen.local,Élève,Généré 3780,,LYCEEN,BAC_1,Établissement Grand Lomé,2026-08-18T16:13:48.533924,true
eleve_gen_03781@gen.local,Élève,Généré 3781,,LYCEEN,BAC_1,Établissement Grand Lomé,2026-08-18T16:13:48.533924,true
eleve_gen_03782@gen.local,Élève,Généré 3782,,LYCEEN,BAC_1,Établissement Grand Lomé,2026-08-18T16:13:48.533924,true
eleve_gen_03783@gen.local,Élève,Généré 3783,,LYCEEN,BAC_1,Établissement Maritime,2026-08-18T16:13:48.533924,true
eleve_gen_03784@gen.local,Élève,Généré 3784,,LYCEEN,BAC_1,Établissement Centrale,2026-08-18T16:13:48.533924,true
eleve_gen_03785@gen.local,Élève,Généré 3785,,LYCEEN,BAC_1,Établissement Grand Lomé,2026-08-18T16:13:48.533924,true
eleve_gen_03786@gen.local,Élève,Généré 3786,,LYCEEN,BAC_1,Établissement Plateaux Ouest,2026-08-18T16:13:48.533924,true
eleve_gen_03787@gen.local,Élève,Généré 3787,,LYCEEN,BAC_1,Établissement Maritime,2026-08-18T16:13:48.533924,true
eleve_gen_03788@gen.local,Élève,Généré 3788,,LYCEEN,BAC_1,Établissement Centrale,2026-08-18T16:13:48.533924,true
eleve_gen_03789@gen.local,Élève,Généré 3789,,LYCEEN,BAC_1,Établissement Grand Lomé,2026-08-18T16:13:48.533924,true
eleve_gen_03790@gen.local,Élève,Généré 3790,,LYCEEN,BAC_1,Établissement Maritime,2026-08-18T16:13:48.533924,true
eleve_gen_03791@gen.local,Élève,Généré 3791,,LYCEEN,BAC_1,Établissement Grand Lomé,2026-08-18T16:13:48.533924,true
eleve_gen_03792@gen.local,Élève,Généré 3792,,LYCEEN,BAC_1,Établissement Plateaux Ouest,2026-08-18T16:13:48.533924,true
eleve_gen_03793@gen.local,Élève,Généré 3793,,LYCEEN,BAC_1,Établissement Centrale,2026-08-18T16:13:48.533924,true
eleve_gen_03794@gen.local,Élève,Généré 3794,,LYCEEN,BAC_1,Établissement Centrale,2026-08-18T16:13:48.533924,true
eleve_gen_03795@gen.local,Élève,Généré 3795,,LYCEEN,BAC_1,Établissement Maritime,2026-08-18T16:13:48.533924,true
eleve_gen_03796@gen.local,Élève,Généré 3796,,LYCEEN,BAC_1,Établissement Maritime,2026-08-18T16:13:48.533924,true
eleve_gen_03797@gen.local,Élève,Généré 3797,,LYCEEN,BAC_1,Établissement Centrale,2026-08-18T16:13:48.533924,true
eleve_gen_03798@gen.local,Élève,Généré 3798,,LYCEEN,BAC_1,Établissement Grand Lomé,2026-08-18T16:13:48.533924,true
eleve_gen_03799@gen.local,Élève,Généré 3799,,LYCEEN,BAC_1,Établissement Grand Lomé,2026-08-18T16:13:48.533924,true
eleve_gen_03800@gen.local,Élève,Généré 3800,,LYCEEN,BAC_1,Établissement Grand Lomé,2026-08-18T16:13:48.533924,true
eleve_gen_03801@gen.local,Élève,Généré 3801,,LYCEEN,BAC_1,Établissement Maritime,2026-08-18T16:13:48.533924,true
eleve_gen_03802@gen.local,Élève,Généré 3802,,LYCEEN,BAC_1,Établissement Maritime,2026-08-18T16:13:48.533924,true
eleve_gen_03803@gen.local,Élève,Généré 3803,,LYCEEN,BAC_1,Établissement Kara,2026-08-18T16:13:48.533924,true
eleve_gen_03804@gen.local,Élève,Généré 3804,,LYCEEN,BAC_1,Établissement Maritime,2026-08-18T16:13:48.533924,true
eleve_gen_03805@gen.local,Élève,Généré 3805,,LYCEEN,BAC_1,Établissement Centrale,2026-08-18T16:13:48.533924,true
eleve_gen_03806@gen.local,Élève,Généré 3806,,LYCEEN,BAC_1,Établissement Plateaux Ouest,2026-08-18T16:13:48.533924,true
eleve_gen_03807@gen.local,Élève,Généré 3807,,LYCEEN,BAC_1,Établissement Plateaux Est,2026-08-18T16:13:48.533924,true
eleve_gen_03808@gen.local,Élève,Généré 3808,,LYCEEN,BAC_1,Établissement Centrale,2026-08-18T16:13:48.533924,true
eleve_gen_03809@gen.local,Élève,Généré 3809,,LYCEEN,BAC_1,Établissement Grand Lomé,2026-08-18T16:13:48.533924,true
eleve_gen_03810@gen.local,Élève,Généré 3810,,LYCEEN,BAC_1,Établissement Maritime,2026-08-18T16:13:48.533924,true
eleve_gen_03811@gen.local,Élève,Généré 3811,,LYCEEN,BAC_1,Établissement Plateaux Est,2026-08-18T16:13:48.533924,true
eleve_gen_03812@gen.local,Élève,Généré 3812,,LYCEEN,BAC_1,Établissement Plateaux Est,2026-08-18T16:13:48.533924,true
eleve_gen_03813@gen.local,Élève,Généré 3813,,LYCEEN,BAC_1,Établissement Grand Lomé,2026-08-18T16:13:48.533924,true
eleve_gen_03814@gen.local,Élève,Généré 3814,,LYCEEN,BAC_1,Établissement Plateaux Est,2026-08-18T16:13:48.533924,true
eleve_gen_03815@gen.local,Élève,Généré 3815,,LYCEEN,BAC_1,Établissement Grand Lomé,2026-08-18T16:13:48.533924,true
eleve_gen_03816@gen.local,Élève,Généré 3816,,LYCEEN,BAC_1,Établissement Grand Lomé,2026-08-18T16:13:48.533924,true
eleve_gen_03817@gen.local,Élève,Généré 3817,,LYCEEN,BAC_1,Établissement Plateaux Ouest,2026-08-18T16:13:48.533924,true
eleve_gen_03818@gen.local,Élève,Généré 3818,,LYCEEN,BAC_1,Établissement Maritime,2026-08-18T16:13:48.533924,true
eleve_gen_03819@gen.local,Élève,Généré 3819,,LYCEEN,BAC_1,Établissement Grand Lomé,2026-08-18T16:13:48.533924,true
eleve_gen_03820@gen.local,Élève,Généré 3820,,LYCEEN,BAC_1,Établissement Maritime,2026-08-18T16:13:48.533924,true
eleve_gen_03821@gen.local,Élève,Généré 3821,,LYCEEN,BAC_1,Établissement Kara,2026-08-18T16:13:48.533924,true
eleve_gen_03822@gen.local,Élève,Généré 3822,,LYCEEN,BAC_1,Établissement Grand Lomé,2026-08-18T16:13:48.533924,true
eleve_gen_03823@gen.local,Élève,Généré 3823,,LYCEEN,BAC_1,Établissement Plateaux Est,2026-08-18T16:13:48.533924,true
eleve_gen_03824@gen.local,Élève,Généré 3824,,LYCEEN,BAC_1,Établissement Grand Lomé,2026-08-18T16:13:48.533924,true
eleve_gen_03825@gen.local,Élève,Généré 3825,,LYCEEN,BAC_1,Établissement Plateaux Ouest,2026-08-18T16:13:48.533924,true
eleve_gen_03826@gen.local,Élève,Généré 3826,,LYCEEN,BAC_1,Établissement Plateaux Est,2026-08-18T16:13:48.533924,true
eleve_gen_03827@gen.local,Élève,Généré 3827,,LYCEEN,BAC_1,Établissement Grand Lomé,2026-08-18T16:13:48.533924,true
eleve_gen_03828@gen.local,Élève,Généré 3828,,LYCEEN,BAC_1,Établissement Plateaux Ouest,2026-08-18T16:13:48.533924,true
eleve_gen_03829@gen.local,Élève,Généré 3829,,LYCEEN,BAC_1,Établissement Grand Lomé,2026-08-18T16:13:48.533924,true
eleve_gen_03830@gen.local,Élève,Généré 3830,,LYCEEN,BAC_1,Établissement Plateaux Est,2026-08-18T16:13:48.533924,true
eleve_gen_03831@gen.local,Élève,Généré 3831,,LYCEEN,BAC_1,Établissement Grand Lomé,2026-08-18T16:13:48.533924,true
eleve_gen_03832@gen.local,Élève,Généré 3832,,LYCEEN,BAC_1,Établissement Savanes,2026-08-18T16:13:48.533924,true
eleve_gen_03833@gen.local,Élève,Généré 3833,,LYCEEN,BAC_1,Établissement Centrale,2026-08-18T16:13:48.533924,true
eleve_gen_03834@gen.local,Élève,Généré 3834,,LYCEEN,BAC_1,Établissement Grand Lomé,2026-08-18T16:13:48.533924,true
eleve_gen_03835@gen.local,Élève,Généré 3835,,LYCEEN,BAC_1,Établissement Grand Lomé,2026-08-18T16:13:48.533924,true
eleve_gen_03836@gen.local,Élève,Généré 3836,,LYCEEN,BAC_1,Établissement Plateaux Est,2026-08-18T16:13:48.533924,true
eleve_gen_03837@gen.local,Élève,Généré 3837,,LYCEEN,BAC_1,Établissement Kara,2026-08-18T16:13:48.533924,true
eleve_gen_03838@gen.local,Élève,Généré 3838,,LYCEEN,BAC_1,Établissement Plateaux Ouest,2026-08-18T16:13:48.533924,true
eleve_gen_03839@gen.local,Élève,Généré 3839,,LYCEEN,BAC_1,Établissement Maritime,2026-08-18T16:13:48.533924,true
eleve_gen_03840@gen.local,Élève,Généré 3840,,LYCEEN,BAC_1,Établissement Savanes,2026-08-18T16:13:48.533924,true
eleve_gen_03841@gen.local,Élève,Généré 3841,,LYCEEN,BAC_1,Établissement Plateaux Ouest,2026-08-18T16:13:48.533924,true
eleve_gen_03842@gen.local,Élève,Généré 3842,,LYCEEN,BAC_1,Établissement Savanes,2026-08-18T16:13:48.533924,true
eleve_gen_03843@gen.local,Élève,Généré 3843,,LYCEEN,BAC_1,Établissement Plateaux Ouest,2026-08-18T16:13:48.533924,true
eleve_gen_03844@gen.local,Élève,Généré 3844,,LYCEEN,BAC_1,Établissement Grand Lomé,2026-08-18T16:13:48.533924,true
eleve_gen_03845@gen.local,Élève,Généré 3845,,LYCEEN,BAC_1,Établissement Centrale,2026-08-18T16:13:48.533924,true
eleve_gen_03846@gen.local,Élève,Généré 3846,,LYCEEN,BAC_1,Établissement Savanes,2026-08-18T16:13:48.533924,true
eleve_gen_03847@gen.local,Élève,Généré 3847,,LYCEEN,BAC_1,Établissement Grand Lomé,2026-08-18T16:13:48.533924,true
eleve_gen_03848@gen.local,Élève,Généré 3848,,LYCEEN,BAC_1,Établissement Grand Lomé,2026-08-18T16:13:48.533924,true
eleve_gen_03849@gen.local,Élève,Généré 3849,,LYCEEN,BAC_1,Établissement Plateaux Ouest,2026-08-18T16:13:48.533924,true
eleve_gen_03850@gen.local,Élève,Généré 3850,,LYCEEN,BAC_1,Établissement Savanes,2026-08-18T16:13:48.533924,true
eleve_gen_03851@gen.local,Élève,Généré 3851,,LYCEEN,BAC_1,Établissement Maritime,2026-08-18T16:13:48.533924,true
eleve_gen_03852@gen.local,Élève,Généré 3852,,LYCEEN,BAC_1,Établissement Centrale,2026-08-18T16:13:48.533924,true
eleve_gen_03853@gen.local,Élève,Généré 3853,,LYCEEN,BAC_1,Établissement Kara,2026-08-18T16:13:48.533924,true
eleve_gen_03854@gen.local,Élève,Généré 3854,,LYCEEN,BAC_1,Établissement Plateaux Est,2026-08-18T16:13:48.533924,true
eleve_gen_03855@gen.local,Élève,Généré 3855,,LYCEEN,BAC_1,Établissement Grand Lomé,2026-08-18T16:13:48.533924,true
eleve_gen_03856@gen.local,Élève,Généré 3856,,LYCEEN,BAC_1,Établissement Plateaux Ouest,2026-08-18T16:13:48.533924,true
eleve_gen_03857@gen.local,Élève,Généré 3857,,LYCEEN,BAC_1,Établissement Maritime,2026-08-18T16:13:48.533924,true
eleve_gen_03858@gen.local,Élève,Généré 3858,,LYCEEN,BAC_1,Établissement Plateaux Est,2026-08-18T16:13:48.533924,true
eleve_gen_03859@gen.local,Élève,Généré 3859,,LYCEEN,BAC_1,Établissement Savanes,2026-08-18T16:13:48.533924,true
eleve_gen_03860@gen.local,Élève,Généré 3860,,LYCEEN,BAC_1,Établissement Kara,2026-08-18T16:13:48.533924,true
eleve_gen_03861@gen.local,Élève,Généré 3861,,LYCEEN,BAC_1,Établissement Grand Lomé,2026-08-18T16:13:48.533924,true
eleve_gen_03862@gen.local,Élève,Généré 3862,,LYCEEN,BAC_1,Établissement Grand Lomé,2026-08-18T16:13:48.533924,true
eleve_gen_03863@gen.local,Élève,Généré 3863,,LYCEEN,BAC_1,Établissement Kara,2026-08-18T16:13:48.533924,true
eleve_gen_03864@gen.local,Élève,Généré 3864,,LYCEEN,BAC_1,Établissement Plateaux Est,2026-08-18T16:13:48.533924,true
eleve_gen_03865@gen.local,Élève,Généré 3865,,LYCEEN,BAC_1,Établissement Savanes,2026-08-18T16:13:48.533924,true
eleve_gen_03866@gen.local,Élève,Généré 3866,,LYCEEN,BAC_1,Établissement Grand Lomé,2026-08-18T16:13:48.533924,true
eleve_gen_03867@gen.local,Élève,Généré 3867,,LYCEEN,BAC_1,Établissement Maritime,2026-08-18T16:13:48.533924,true
eleve_gen_03868@gen.local,Élève,Généré 3868,,LYCEEN,BAC_1,Établissement Maritime,2026-08-18T16:13:48.533924,true
eleve_gen_03869@gen.local,Élève,Généré 3869,,LYCEEN,BAC_1,Établissement Grand Lomé,2026-08-18T16:13:48.533924,true
eleve_gen_03870@gen.local,Élève,Généré 3870,,LYCEEN,BAC_1,Établissement Kara,2026-08-18T16:13:48.533924,true
eleve_gen_03871@gen.local,Élève,Généré 3871,,LYCEEN,BAC_1,Établissement Plateaux Est,2026-08-18T16:13:48.533924,true
eleve_gen_03872@gen.local,Élève,Généré 3872,,LYCEEN,BAC_1,Établissement Centrale,2026-08-18T16:13:48.533924,true
eleve_gen_03873@gen.local,Élève,Généré 3873,,LYCEEN,BAC_1,Établissement Maritime,2026-08-18T16:13:48.533924,true
eleve_gen_03874@gen.local,Élève,Généré 3874,,LYCEEN,BAC_1,Établissement Plateaux Ouest,2026-08-18T16:13:48.533924,true
eleve_gen_03875@gen.local,Élève,Généré 3875,,LYCEEN,BAC_1,Établissement Kara,2026-08-18T16:13:48.533924,true
eleve_gen_03876@gen.local,Élève,Généré 3876,,LYCEEN,BAC_1,Établissement Kara,2026-08-18T16:13:48.533924,true
eleve_gen_03877@gen.local,Élève,Généré 3877,,LYCEEN,BAC_1,Établissement Grand Lomé,2026-08-18T16:13:48.533924,true
eleve_gen_03878@gen.local,Élève,Généré 3878,,LYCEEN,BAC_1,Établissement Plateaux Est,2026-08-18T16:13:48.533924,true
eleve_gen_03879@gen.local,Élève,Généré 3879,,LYCEEN,BAC_1,Établissement Maritime,2026-08-18T16:13:48.533924,true
eleve_gen_03880@gen.local,Élève,Généré 3880,,LYCEEN,BAC_1,Établissement Grand Lomé,2026-08-18T16:13:48.533924,true
eleve_gen_03881@gen.local,Élève,Généré 3881,,LYCEEN,BAC_1,Établissement Grand Lomé,2026-08-18T16:13:48.533924,true
eleve_gen_03882@gen.local,Élève,Généré 3882,,LYCEEN,BAC_1,Établissement Kara,2026-08-18T16:13:48.533924,true
eleve_gen_03883@gen.local,Élève,Généré 3883,,LYCEEN,BAC_1,Établissement Kara,2026-08-18T16:13:48.533924,true
eleve_gen_03884@gen.local,Élève,Généré 3884,,LYCEEN,BAC_1,Établissement Grand Lomé,2026-08-18T16:13:48.533924,true
eleve_gen_03885@gen.local,Élève,Généré 3885,,LYCEEN,BAC_1,Établissement Maritime,2026-08-18T16:13:48.533924,true
eleve_gen_03886@gen.local,Élève,Généré 3886,,LYCEEN,BAC_1,Établissement Plateaux Ouest,2026-08-18T16:13:48.533924,true
eleve_gen_03887@gen.local,Élève,Généré 3887,,LYCEEN,BAC_1,Établissement Plateaux Est,2026-08-18T16:13:48.533924,true
eleve_gen_03888@gen.local,Élève,Généré 3888,,LYCEEN,BAC_1,Établissement Grand Lomé,2026-08-18T16:13:48.533924,true
eleve_gen_03889@gen.local,Élève,Généré 3889,,LYCEEN,BAC_1,Établissement Maritime,2026-08-18T16:13:48.533924,true
eleve_gen_03890@gen.local,Élève,Généré 3890,,LYCEEN,BAC_1,Établissement Plateaux Ouest,2026-08-18T16:13:48.533924,true
eleve_gen_03891@gen.local,Élève,Généré 3891,,LYCEEN,BAC_1,Établissement Centrale,2026-08-18T16:13:48.533924,true
eleve_gen_03892@gen.local,Élève,Généré 3892,,LYCEEN,BAC_1,Établissement Plateaux Ouest,2026-08-18T16:13:48.533924,true
eleve_gen_03893@gen.local,Élève,Généré 3893,,LYCEEN,BAC_1,Établissement Centrale,2026-08-18T16:13:48.533924,true
eleve_gen_03894@gen.local,Élève,Généré 3894,,LYCEEN,BAC_1,Établissement Plateaux Est,2026-08-18T16:13:48.533924,true
eleve_gen_03895@gen.local,Élève,Généré 3895,,LYCEEN,BAC_1,Établissement Centrale,2026-08-18T16:13:48.533924,true
eleve_gen_03896@gen.local,Élève,Généré 3896,,LYCEEN,BAC_1,Établissement Kara,2026-08-18T16:13:48.533924,true
eleve_gen_03897@gen.local,Élève,Généré 3897,,LYCEEN,BAC_1,Établissement Grand Lomé,2026-08-18T16:13:48.533924,true
eleve_gen_03898@gen.local,Élève,Généré 3898,,LYCEEN,BAC_1,Établissement Plateaux Est,2026-08-18T16:13:48.533924,true
eleve_gen_03899@gen.local,Élève,Généré 3899,,LYCEEN,BAC_1,Établissement Centrale,2026-08-18T16:13:48.533924,true
eleve_gen_03900@gen.local,Élève,Généré 3900,,LYCEEN,BAC_1,Établissement Plateaux Est,2026-08-18T16:13:48.533924,true
eleve_gen_03901@gen.local,Élève,Généré 3901,,LYCEEN,BAC_1,Établissement Grand Lomé,2026-08-18T16:13:48.533924,true
eleve_gen_03902@gen.local,Élève,Généré 3902,,LYCEEN,BAC_1,Établissement Kara,2026-08-18T16:13:48.533924,true
eleve_gen_03903@gen.local,Élève,Généré 3903,,LYCEEN,BAC_1,Établissement Plateaux Ouest,2026-08-18T16:13:48.533924,true
eleve_gen_03904@gen.local,Élève,Généré 3904,,LYCEEN,BAC_1,Établissement Maritime,2026-08-18T16:13:48.533924,true
eleve_gen_03905@gen.local,Élève,Généré 3905,,LYCEEN,BAC_1,Établissement Savanes,2026-08-18T16:13:48.533924,true
eleve_gen_03906@gen.local,Élève,Généré 3906,,LYCEEN,BAC_1,Établissement Grand Lomé,2026-08-18T16:13:48.533924,true
eleve_gen_03907@gen.local,Élève,Généré 3907,,LYCEEN,BAC_1,Établissement Maritime,2026-08-18T16:13:48.533924,true
eleve_gen_03908@gen.local,Élève,Généré 3908,,LYCEEN,BAC_1,Établissement Maritime,2026-08-18T16:13:48.533924,true
eleve_gen_03909@gen.local,Élève,Généré 3909,,LYCEEN,BAC_1,Établissement Savanes,2026-08-18T16:13:48.533924,true
eleve_gen_03910@gen.local,Élève,Généré 3910,,LYCEEN,BAC_1,Établissement Centrale,2026-08-18T16:13:48.533924,true
eleve_gen_03911@gen.local,Élève,Généré 3911,,LYCEEN,BAC_1,Établissement Grand Lomé,2026-08-18T16:13:48.533924,true
eleve_gen_03912@gen.local,Élève,Généré 3912,,LYCEEN,BAC_1,Établissement Plateaux Est,2026-08-18T16:13:48.533924,true
eleve_gen_03913@gen.local,Élève,Généré 3913,,LYCEEN,BAC_1,Établissement Centrale,2026-08-18T16:13:48.533924,true
eleve_gen_03914@gen.local,Élève,Généré 3914,,LYCEEN,BAC_1,Établissement Plateaux Est,2026-08-18T16:13:48.533924,true
eleve_gen_03915@gen.local,Élève,Généré 3915,,LYCEEN,BAC_1,Établissement Plateaux Est,2026-08-18T16:13:48.533924,true
eleve_gen_03916@gen.local,Élève,Généré 3916,,LYCEEN,BAC_1,Établissement Grand Lomé,2026-08-18T16:13:48.533924,true
eleve_gen_03917@gen.local,Élève,Généré 3917,,LYCEEN,BAC_1,Établissement Grand Lomé,2026-08-18T16:13:48.533924,true
eleve_gen_03918@gen.local,Élève,Généré 3918,,LYCEEN,BAC_1,Établissement Maritime,2026-08-18T16:13:48.533924,true
eleve_gen_03919@gen.local,Élève,Généré 3919,,LYCEEN,BAC_1,Établissement Grand Lomé,2026-08-18T16:13:48.533924,true
eleve_gen_03920@gen.local,Élève,Généré 3920,,LYCEEN,BAC_1,Établissement Plateaux Est,2026-08-18T16:13:48.533924,true
eleve_gen_03921@gen.local,Élève,Généré 3921,,LYCEEN,BAC_1,Établissement Grand Lomé,2026-08-18T16:13:48.533924,true
eleve_gen_03922@gen.local,Élève,Généré 3922,,LYCEEN,BAC_1,Établissement Centrale,2026-08-18T16:13:48.533924,true
eleve_gen_03923@gen.local,Élève,Généré 3923,,LYCEEN,BAC_1,Établissement Grand Lomé,2026-08-18T16:13:48.533924,true
eleve_gen_03924@gen.local,Élève,Généré 3924,,LYCEEN,BAC_1,Établissement Plateaux Ouest,2026-08-18T16:13:48.533924,true
eleve_gen_03925@gen.local,Élève,Généré 3925,,LYCEEN,BAC_1,Établissement Maritime,2026-08-18T16:13:48.533924,true
eleve_gen_03926@gen.local,Élève,Généré 3926,,LYCEEN,BAC_1,Établissement Kara,2026-08-18T16:13:48.533924,true
eleve_gen_03927@gen.local,Élève,Généré 3927,,LYCEEN,BAC_1,Établissement Plateaux Ouest,2026-08-18T16:13:48.533924,true
eleve_gen_03928@gen.local,Élève,Généré 3928,,LYCEEN,BAC_1,Établissement Plateaux Est,2026-08-18T16:13:48.533924,true
eleve_gen_03929@gen.local,Élève,Généré 3929,,LYCEEN,BAC_1,Établissement Plateaux Est,2026-08-18T16:13:48.533924,true
eleve_gen_03930@gen.local,Élève,Généré 3930,,LYCEEN,BAC_1,Établissement Grand Lomé,2026-08-18T16:13:48.533924,true
eleve_gen_03931@gen.local,Élève,Généré 3931,,LYCEEN,BAC_1,Établissement Maritime,2026-08-18T16:13:48.533924,true
eleve_gen_03932@gen.local,Élève,Généré 3932,,LYCEEN,BAC_1,Établissement Kara,2026-08-18T16:13:48.533924,true
eleve_gen_03933@gen.local,Élève,Généré 3933,,LYCEEN,BAC_1,Établissement Grand Lomé,2026-08-18T16:13:48.533924,true
eleve_gen_03934@gen.local,Élève,Généré 3934,,LYCEEN,BAC_1,Établissement Grand Lomé,2026-08-18T16:13:48.533924,true
eleve_gen_03935@gen.local,Élève,Généré 3935,,LYCEEN,BAC_1,Établissement Plateaux Est,2026-08-18T16:13:48.533924,true
eleve_gen_03936@gen.local,Élève,Généré 3936,,LYCEEN,BAC_1,Établissement Grand Lomé,2026-08-18T16:13:48.533924,true
eleve_gen_03937@gen.local,Élève,Généré 3937,,LYCEEN,BAC_1,Établissement Centrale,2026-08-18T16:13:48.533924,true
eleve_gen_03938@gen.local,Élève,Généré 3938,,LYCEEN,BAC_1,Établissement Maritime,2026-08-18T16:13:48.533924,true
eleve_gen_03939@gen.local,Élève,Généré 3939,,LYCEEN,BAC_1,Établissement Plateaux Ouest,2026-08-18T16:13:48.533924,true
eleve_gen_03940@gen.local,Élève,Généré 3940,,LYCEEN,BAC_1,Établissement Centrale,2026-08-18T16:13:48.533924,true
eleve_gen_03941@gen.local,Élève,Généré 3941,,LYCEEN,BAC_1,Établissement Plateaux Est,2026-08-18T16:13:48.533924,true
eleve_gen_03942@gen.local,Élève,Généré 3942,,LYCEEN,BAC_1,Établissement Grand Lomé,2026-08-18T16:13:48.533924,true
eleve_gen_03943@gen.local,Élève,Généré 3943,,LYCEEN,BAC_1,Établissement Plateaux Est,2026-08-18T16:13:48.533924,true
eleve_gen_03944@gen.local,Élève,Généré 3944,,LYCEEN,BAC_1,Établissement Kara,2026-08-18T16:13:48.533924,true
eleve_gen_03945@gen.local,Élève,Généré 3945,,LYCEEN,BAC_1,Établissement Grand Lomé,2026-08-18T16:13:48.533924,true
eleve_gen_03946@gen.local,Élève,Généré 3946,,LYCEEN,BAC_1,Établissement Plateaux Ouest,2026-08-18T16:13:48.533924,true
eleve_gen_03947@gen.local,Élève,Généré 3947,,LYCEEN,BAC_1,Établissement Maritime,2026-08-18T16:13:48.533924,true
eleve_gen_03948@gen.local,Élève,Généré 3948,,LYCEEN,BAC_1,Établissement Centrale,2026-08-18T16:13:48.533924,true
eleve_gen_03949@gen.local,Élève,Généré 3949,,LYCEEN,BAC_1,Établissement Kara,2026-08-18T16:13:48.533924,true
eleve_gen_03950@gen.local,Élève,Généré 3950,,LYCEEN,BAC_1,Établissement Plateaux Ouest,2026-08-18T16:13:48.533924,true
eleve_gen_03951@gen.local,Élève,Généré 3951,,LYCEEN,BAC_1,Établissement Grand Lomé,2026-08-18T16:13:48.533924,true
eleve_gen_03952@gen.local,Élève,Généré 3952,,LYCEEN,BAC_1,Établissement Plateaux Est,2026-08-18T16:13:48.533924,true
eleve_gen_03953@gen.local,Élève,Généré 3953,,LYCEEN,BAC_1,Établissement Maritime,2026-08-18T16:13:48.533924,true
eleve_gen_03954@gen.local,Élève,Généré 3954,,LYCEEN,BAC_1,Établissement Kara,2026-08-18T16:13:48.533924,true
eleve_gen_03955@gen.local,Élève,Généré 3955,,LYCEEN,BAC_1,Établissement Maritime,2026-08-18T16:13:48.533924,true
eleve_gen_03956@gen.local,Élève,Généré 3956,,LYCEEN,BAC_1,Établissement Plateaux Est,2026-08-18T16:13:48.533924,true
eleve_gen_03957@gen.local,Élève,Généré 3957,,LYCEEN,BAC_1,Établissement Grand Lomé,2026-08-18T16:13:48.533924,true
eleve_gen_03958@gen.local,Élève,Généré 3958,,LYCEEN,BAC_1,Établissement Maritime,2026-08-18T16:13:48.533924,true
eleve_gen_03959@gen.local,Élève,Généré 3959,,LYCEEN,BAC_1,Établissement Plateaux Est,2026-08-18T16:13:48.533924,true
eleve_gen_03960@gen.local,Élève,Généré 3960,,LYCEEN,BAC_1,Établissement Grand Lomé,2026-08-18T16:13:48.533924,true
eleve_gen_03961@gen.local,Élève,Généré 3961,,LYCEEN,BAC_1,Établissement Maritime,2026-08-18T16:13:48.533924,true
eleve_gen_03962@gen.local,Élève,Généré 3962,,LYCEEN,BAC_1,Établissement Centrale,2026-08-18T16:13:48.533924,true
eleve_gen_03963@gen.local,Élève,Généré 3963,,LYCEEN,BAC_1,Établissement Grand Lomé,2026-08-18T16:13:48.533924,true
eleve_gen_03964@gen.local,Élève,Généré 3964,,LYCEEN,BAC_1,Établissement Maritime,2026-08-18T16:13:48.533924,true
eleve_gen_03965@gen.local,Élève,Généré 3965,,LYCEEN,BAC_1,Établissement Centrale,2026-08-18T16:13:48.533924,true
eleve_gen_03966@gen.local,Élève,Généré 3966,,LYCEEN,BAC_1,Établissement Plateaux Ouest,2026-08-18T16:13:48.533924,true
eleve_gen_03967@gen.local,Élève,Généré 3967,,LYCEEN,BAC_1,Établissement Maritime,2026-08-18T16:13:48.533924,true
eleve_gen_03968@gen.local,Élève,Généré 3968,,LYCEEN,BAC_1,Établissement Grand Lomé,2026-08-18T16:13:48.533924,true
eleve_gen_03969@gen.local,Élève,Généré 3969,,LYCEEN,BAC_1,Établissement Maritime,2026-08-18T16:13:48.533924,true
eleve_gen_03970@gen.local,Élève,Généré 3970,,LYCEEN,BAC_1,Établissement Plateaux Est,2026-08-18T16:13:48.533924,true
eleve_gen_03971@gen.local,Élève,Généré 3971,,LYCEEN,BAC_1,Établissement Maritime,2026-08-18T16:13:48.533924,true
eleve_gen_03972@gen.local,Élève,Généré 3972,,LYCEEN,BAC_1,Établissement Plateaux Est,2026-08-18T16:13:48.533924,true
eleve_gen_03973@gen.local,Élève,Généré 3973,,LYCEEN,BAC_1,Établissement Centrale,2026-08-18T16:13:48.533924,true
eleve_gen_03974@gen.local,Élève,Généré 3974,,LYCEEN,BAC_1,Établissement Grand Lomé,2026-08-18T16:13:48.533924,true
eleve_gen_03975@gen.local,Élève,Généré 3975,,LYCEEN,BAC_1,Établissement Plateaux Ouest,2026-08-18T16:13:48.533924,true
eleve_gen_03976@gen.local,Élève,Généré 3976,,LYCEEN,BAC_1,Établissement Grand Lomé,2026-08-18T16:13:48.533924,true
eleve_gen_03977@gen.local,Élève,Généré 3977,,LYCEEN,BAC_1,Établissement Plateaux Est,2026-08-18T16:13:48.533924,true
eleve_gen_03978@gen.local,Élève,Généré 3978,,LYCEEN,BAC_1,Établissement Maritime,2026-08-18T16:13:48.533924,true
eleve_gen_03979@gen.local,Élève,Généré 3979,,LYCEEN,BAC_1,Établissement Grand Lomé,2026-08-18T16:13:48.533924,true
eleve_gen_03980@gen.local,Élève,Généré 3980,,LYCEEN,BAC_1,Établissement Kara,2026-08-18T16:13:48.533924,true
eleve_gen_03981@gen.local,Élève,Généré 3981,,LYCEEN,BAC_1,Établissement Grand Lomé,2026-08-18T16:13:48.533924,true
eleve_gen_03982@gen.local,Élève,Généré 3982,,LYCEEN,BAC_1,Établissement Grand Lomé,2026-08-18T16:13:48.533924,true
eleve_gen_03983@gen.local,Élève,Généré 3983,,LYCEEN,BAC_1,Établissement Plateaux Est,2026-08-18T16:13:48.533924,true
eleve_gen_03984@gen.local,Élève,Généré 3984,,LYCEEN,BAC_1,Établissement Maritime,2026-08-18T16:13:48.533924,true
eleve_gen_03985@gen.local,Élève,Généré 3985,,LYCEEN,BAC_1,Établissement Plateaux Est,2026-08-18T16:13:48.533924,true
eleve_gen_03986@gen.local,Élève,Généré 3986,,LYCEEN,BAC_1,Établissement Savanes,2026-08-18T16:13:48.533924,true
eleve_gen_03987@gen.local,Élève,Généré 3987,,LYCEEN,BAC_1,Établissement Kara,2026-08-18T16:13:48.533924,true
eleve_gen_03988@gen.local,Élève,Généré 3988,,LYCEEN,BAC_1,Établissement Plateaux Ouest,2026-08-18T16:13:48.533924,true
eleve_gen_03989@gen.local,Élève,Généré 3989,,LYCEEN,BAC_1,Établissement Plateaux Est,2026-08-18T16:13:48.533924,true
eleve_gen_03990@gen.local,Élève,Généré 3990,,LYCEEN,BAC_1,Établissement Kara,2026-08-18T16:13:48.533924,true
eleve_gen_03991@gen.local,Élève,Généré 3991,,LYCEEN,BAC_1,Établissement Centrale,2026-08-18T16:13:48.533924,true
eleve_gen_03992@gen.local,Élève,Généré 3992,,LYCEEN,BAC_1,Établissement Kara,2026-08-18T16:13:48.533924,true
eleve_gen_03993@gen.local,Élève,Généré 3993,,LYCEEN,BAC_1,Établissement Savanes,2026-08-18T16:13:48.533924,true
eleve_gen_03994@gen.local,Élève,Généré 3994,,LYCEEN,BAC_1,Établissement Plateaux Ouest,2026-08-18T16:13:48.533924,true
eleve_gen_03995@gen.local,Élève,Généré 3995,,LYCEEN,BAC_1,Établissement Maritime,2026-08-18T16:13:48.533924,true
eleve_gen_03996@gen.local,Élève,Généré 3996,,LYCEEN,BAC_1,Établissement Maritime,2026-08-18T16:13:48.533924,true
eleve_gen_03997@gen.local,Élève,Généré 3997,,LYCEEN,BAC_1,Établissement Centrale,2026-08-18T16:13:48.533924,true
eleve_gen_03998@gen.local,Élève,Généré 3998,,LYCEEN,BAC_1,Établissement Plateaux Est,2026-08-18T16:13:48.533924,true
eleve_gen_03999@gen.local,Élève,Généré 3999,,LYCEEN,BAC_1,Établissement Maritime,2026-08-18T16:13:48.533924,true
eleve_gen_04000@gen.local,Élève,Généré 4000,,LYCEEN,BAC_1,Établissement Grand Lomé,2026-08-18T16:13:48.533924,true
eleve_gen_04001@gen.local,Élève,Généré 4001,,LYCEEN,BAC_1,Établissement Grand Lomé,2026-08-18T16:13:48.533924,true
eleve_gen_04002@gen.local,Élève,Généré 4002,,LYCEEN,BAC_1,Établissement Maritime,2026-08-18T16:13:48.533924,true
eleve_gen_04003@gen.local,Élève,Généré 4003,,LYCEEN,BAC_1,Établissement Kara,2026-08-18T16:13:48.533924,true
eleve_gen_04004@gen.local,Élève,Généré 4004,,LYCEEN,BAC_1,Établissement Plateaux Est,2026-08-18T16:13:48.533924,true
eleve_gen_04005@gen.local,Élève,Généré 4005,,LYCEEN,BAC_1,Établissement Grand Lomé,2026-08-18T16:13:48.533924,true
eleve_gen_04006@gen.local,Élève,Généré 4006,,LYCEEN,BAC_1,Établissement Maritime,2026-08-18T16:13:48.533924,true
eleve_gen_04007@gen.local,Élève,Généré 4007,,LYCEEN,BAC_1,Établissement Plateaux Ouest,2026-08-18T16:13:48.533924,true
eleve_gen_04008@gen.local,Élève,Généré 4008,,LYCEEN,BAC_1,Établissement Maritime,2026-08-18T16:13:48.533924,true
eleve_gen_04009@gen.local,Élève,Généré 4009,,LYCEEN,BAC_1,Établissement Grand Lomé,2026-08-18T16:13:48.533924,true
eleve_gen_04010@gen.local,Élève,Généré 4010,,LYCEEN,BAC_1,Établissement Centrale,2026-08-18T16:13:48.533924,true
eleve_gen_04011@gen.local,Élève,Généré 4011,,LYCEEN,BAC_1,Établissement Grand Lomé,2026-08-18T16:13:48.533924,true
eleve_gen_04012@gen.local,Élève,Généré 4012,,LYCEEN,BAC_1,Établissement Plateaux Est,2026-08-18T16:13:48.533924,true
eleve_gen_04013@gen.local,Élève,Généré 4013,,LYCEEN,BAC_1,Établissement Centrale,2026-08-18T16:13:48.533924,true
eleve_gen_04014@gen.local,Élève,Généré 4014,,LYCEEN,BAC_1,Établissement Grand Lomé,2026-08-18T16:13:48.533924,true
eleve_gen_04015@gen.local,Élève,Généré 4015,,LYCEEN,BAC_1,Établissement Maritime,2026-08-18T16:13:48.533924,true
eleve_gen_04016@gen.local,Élève,Généré 4016,,LYCEEN,BAC_1,Établissement Grand Lomé,2026-08-18T16:13:48.533924,true
eleve_gen_04017@gen.local,Élève,Généré 4017,,LYCEEN,BAC_1,Établissement Kara,2026-08-18T16:13:48.533924,true
eleve_gen_04018@gen.local,Élève,Généré 4018,,LYCEEN,BAC_1,Établissement Plateaux Ouest,2026-08-18T16:13:48.533924,true
eleve_gen_04019@gen.local,Élève,Généré 4019,,LYCEEN,BAC_1,Établissement Grand Lomé,2026-08-18T16:13:48.533924,true
eleve_gen_04020@gen.local,Élève,Généré 4020,,LYCEEN,BAC_1,Établissement Plateaux Ouest,2026-08-18T16:13:48.533924,true
eleve_gen_04021@gen.local,Élève,Généré 4021,,LYCEEN,BAC_1,Établissement Grand Lomé,2026-08-18T16:13:48.533924,true
eleve_gen_04022@gen.local,Élève,Généré 4022,,LYCEEN,BAC_1,Établissement Centrale,2026-08-18T16:13:48.533924,true
eleve_gen_04023@gen.local,Élève,Généré 4023,,LYCEEN,BAC_1,Établissement Grand Lomé,2026-08-18T16:13:48.533924,true
eleve_gen_04024@gen.local,Élève,Généré 4024,,LYCEEN,BAC_1,Établissement Maritime,2026-08-18T16:13:48.533924,true
eleve_gen_04025@gen.local,Élève,Généré 4025,,LYCEEN,BAC_1,Établissement Savanes,2026-08-18T16:13:48.533924,true
eleve_gen_04026@gen.local,Élève,Généré 4026,,LYCEEN,BAC_1,Établissement Maritime,2026-08-18T16:13:48.533924,true
eleve_gen_04027@gen.local,Élève,Généré 4027,,LYCEEN,BAC_1,Établissement Kara,2026-08-18T16:13:48.533924,true
eleve_gen_04028@gen.local,Élève,Généré 4028,,LYCEEN,BAC_1,Établissement Maritime,2026-08-18T16:13:48.533924,true
eleve_gen_04029@gen.local,Élève,Généré 4029,,LYCEEN,BAC_1,Établissement Centrale,2026-08-18T16:13:48.533924,true
eleve_gen_04030@gen.local,Élève,Généré 4030,,LYCEEN,BAC_1,Établissement Grand Lomé,2026-08-18T16:13:48.533924,true
eleve_gen_04031@gen.local,Élève,Généré 4031,,LYCEEN,BAC_1,Établissement Centrale,2026-08-18T16:13:48.533924,true
eleve_gen_04032@gen.local,Élève,Généré 4032,,LYCEEN,BAC_1,Établissement Savanes,2026-08-18T16:13:48.533924,true
eleve_gen_04033@gen.local,Élève,Généré 4033,,LYCEEN,BAC_1,Établissement Centrale,2026-08-18T16:13:48.533924,true
eleve_gen_04034@gen.local,Élève,Généré 4034,,LYCEEN,BAC_1,Établissement Plateaux Ouest,2026-08-18T16:13:48.533924,true
eleve_gen_04035@gen.local,Élève,Généré 4035,,LYCEEN,BAC_1,Établissement Grand Lomé,2026-08-18T16:13:48.533924,true
eleve_gen_04036@gen.local,Élève,Généré 4036,,LYCEEN,BAC_1,Établissement Kara,2026-08-18T16:13:48.533924,true
eleve_gen_04037@gen.local,Élève,Généré 4037,,LYCEEN,BAC_1,Établissement Plateaux Est,2026-08-18T16:13:48.533924,true
eleve_gen_04038@gen.local,Élève,Généré 4038,,LYCEEN,BAC_1,Établissement Plateaux Ouest,2026-08-18T16:13:48.533924,true
eleve_gen_04039@gen.local,Élève,Généré 4039,,LYCEEN,BAC_1,Établissement Maritime,2026-08-18T16:13:48.533924,true
eleve_gen_04040@gen.local,Élève,Généré 4040,,LYCEEN,BAC_1,Établissement Plateaux Ouest,2026-08-18T16:13:48.533924,true
eleve_gen_04041@gen.local,Élève,Généré 4041,,LYCEEN,BAC_1,Établissement Plateaux Ouest,2026-08-18T16:13:48.533924,true
eleve_gen_04042@gen.local,Élève,Généré 4042,,LYCEEN,BAC_1,Établissement Kara,2026-08-18T16:13:48.533924,true
eleve_gen_04043@gen.local,Élève,Généré 4043,,LYCEEN,BAC_1,Établissement Plateaux Ouest,2026-08-18T16:13:48.533924,true
eleve_gen_04044@gen.local,Élève,Généré 4044,,LYCEEN,BAC_1,Établissement Plateaux Est,2026-08-18T16:13:48.533924,true
eleve_gen_04045@gen.local,Élève,Généré 4045,,LYCEEN,BAC_1,Établissement Plateaux Est,2026-08-18T16:13:48.533924,true
eleve_gen_04046@gen.local,Élève,Généré 4046,,LYCEEN,BAC_1,Établissement Kara,2026-08-18T16:13:48.533924,true
eleve_gen_04047@gen.local,Élève,Généré 4047,,LYCEEN,BAC_1,Établissement Maritime,2026-08-18T16:13:48.533924,true
eleve_gen_04048@gen.local,Élève,Généré 4048,,LYCEEN,BAC_1,Établissement Grand Lomé,2026-08-18T16:13:48.533924,true
eleve_gen_04049@gen.local,Élève,Généré 4049,,LYCEEN,BAC_1,Établissement Kara,2026-08-18T16:13:48.533924,true
eleve_gen_04050@gen.local,Élève,Généré 4050,,LYCEEN,BAC_1,Établissement Grand Lomé,2026-08-18T16:13:48.533924,true
eleve_gen_04051@gen.local,Élève,Généré 4051,,LYCEEN,BAC_1,Établissement Grand Lomé,2026-08-18T16:13:48.533924,true
eleve_gen_04052@gen.local,Élève,Généré 4052,,LYCEEN,BAC_1,Établissement Grand Lomé,2026-08-18T16:13:48.533924,true
eleve_gen_04053@gen.local,Élève,Généré 4053,,LYCEEN,BAC_1,Établissement Grand Lomé,2026-08-18T16:13:48.533924,true
eleve_gen_04054@gen.local,Élève,Généré 4054,,LYCEEN,BAC_1,Établissement Plateaux Ouest,2026-08-18T16:13:48.533924,true
eleve_gen_04055@gen.local,Élève,Généré 4055,,LYCEEN,BAC_1,Établissement Plateaux Ouest,2026-08-18T16:13:48.533924,true
eleve_gen_04056@gen.local,Élève,Généré 4056,,LYCEEN,BAC_1,Établissement Maritime,2026-08-18T16:13:48.533924,true
eleve_gen_04057@gen.local,Élève,Généré 4057,,LYCEEN,BAC_1,Établissement Maritime,2026-08-18T16:13:48.533924,true
eleve_gen_04058@gen.local,Élève,Généré 4058,,LYCEEN,BAC_1,Établissement Maritime,2026-08-18T16:13:48.533924,true
eleve_gen_04059@gen.local,Élève,Généré 4059,,LYCEEN,BAC_1,Établissement Savanes,2026-08-18T16:13:48.533924,true
eleve_gen_04060@gen.local,Élève,Généré 4060,,LYCEEN,BAC_1,Établissement Centrale,2026-08-18T16:13:48.533924,true
eleve_gen_04061@gen.local,Élève,Généré 4061,,LYCEEN,BAC_1,Établissement Maritime,2026-08-18T16:13:48.533924,true
eleve_gen_04062@gen.local,Élève,Généré 4062,,LYCEEN,BAC_1,Établissement Grand Lomé,2026-08-18T16:13:48.533924,true
eleve_gen_04063@gen.local,Élève,Généré 4063,,LYCEEN,BAC_1,Établissement Grand Lomé,2026-08-18T16:13:48.533924,true
eleve_gen_04064@gen.local,Élève,Généré 4064,,LYCEEN,BAC_1,Établissement Centrale,2026-08-18T16:13:48.533924,true
eleve_gen_04065@gen.local,Élève,Généré 4065,,LYCEEN,BAC_1,Établissement Plateaux Est,2026-08-18T16:13:48.533924,true
eleve_gen_04066@gen.local,Élève,Généré 4066,,LYCEEN,BAC_1,Établissement Grand Lomé,2026-08-18T16:13:48.533924,true
eleve_gen_04067@gen.local,Élève,Généré 4067,,LYCEEN,BAC_1,Établissement Savanes,2026-08-18T16:13:48.533924,true
eleve_gen_04068@gen.local,Élève,Généré 4068,,LYCEEN,BAC_1,Établissement Maritime,2026-08-18T16:13:48.533924,true
eleve_gen_04069@gen.local,Élève,Généré 4069,,LYCEEN,BAC_1,Établissement Plateaux Ouest,2026-08-18T16:13:48.533924,true
eleve_gen_04070@gen.local,Élève,Généré 4070,,LYCEEN,BAC_1,Établissement Grand Lomé,2026-08-18T16:13:48.533924,true
eleve_gen_04071@gen.local,Élève,Généré 4071,,LYCEEN,BAC_1,Établissement Maritime,2026-08-18T16:13:48.533924,true
eleve_gen_04072@gen.local,Élève,Généré 4072,,LYCEEN,BAC_1,Établissement Savanes,2026-08-18T16:13:48.533924,true
eleve_gen_04073@gen.local,Élève,Généré 4073,,LYCEEN,BAC_1,Établissement Grand Lomé,2026-08-18T16:13:48.533924,true
eleve_gen_04074@gen.local,Élève,Généré 4074,,LYCEEN,BAC_1,Établissement Grand Lomé,2026-08-18T16:13:48.533924,true
eleve_gen_04075@gen.local,Élève,Généré 4075,,LYCEEN,BAC_1,Établissement Grand Lomé,2026-08-18T16:13:48.533924,true
eleve_gen_04076@gen.local,Élève,Généré 4076,,LYCEEN,BAC_1,Établissement Maritime,2026-08-18T16:13:48.533924,true
eleve_gen_04077@gen.local,Élève,Généré 4077,,LYCEEN,BAC_1,Établissement Plateaux Ouest,2026-08-18T16:13:48.533924,true
eleve_gen_04078@gen.local,Élève,Généré 4078,,LYCEEN,BAC_1,Établissement Grand Lomé,2026-08-18T16:13:48.533924,true
eleve_gen_04079@gen.local,Élève,Généré 4079,,LYCEEN,BAC_1,Établissement Plateaux Ouest,2026-08-18T16:13:48.533924,true
eleve_gen_04080@gen.local,Élève,Généré 4080,,LYCEEN,BAC_1,Établissement Grand Lomé,2026-08-18T16:13:48.533924,true
eleve_gen_04081@gen.local,Élève,Généré 4081,,LYCEEN,BAC_1,Établissement Grand Lomé,2026-08-18T16:13:48.533924,true
eleve_gen_04082@gen.local,Élève,Généré 4082,,LYCEEN,BAC_1,Établissement Centrale,2026-08-18T16:13:48.533924,true
eleve_gen_04083@gen.local,Élève,Généré 4083,,LYCEEN,BAC_1,Établissement Savanes,2026-08-18T16:13:48.533924,true
eleve_gen_04084@gen.local,Élève,Généré 4084,,LYCEEN,BAC_1,Établissement Grand Lomé,2026-08-18T16:13:48.533924,true
eleve_gen_04085@gen.local,Élève,Généré 4085,,LYCEEN,BAC_1,Établissement Grand Lomé,2026-08-18T16:13:48.533924,true
eleve_gen_04086@gen.local,Élève,Généré 4086,,LYCEEN,BAC_1,Établissement Grand Lomé,2026-08-18T16:13:48.533924,true
eleve_gen_04087@gen.local,Élève,Généré 4087,,LYCEEN,BAC_1,Établissement Plateaux Est,2026-08-18T16:13:48.533924,true
eleve_gen_04088@gen.local,Élève,Généré 4088,,LYCEEN,BAC_1,Établissement Grand Lomé,2026-08-18T16:13:48.533924,true
eleve_gen_04089@gen.local,Élève,Généré 4089,,LYCEEN,BAC_1,Établissement Plateaux Ouest,2026-08-18T16:13:48.533924,true
eleve_gen_04090@gen.local,Élève,Généré 4090,,LYCEEN,BAC_1,Établissement Maritime,2026-08-18T16:13:48.533924,true
eleve_gen_04091@gen.local,Élève,Généré 4091,,LYCEEN,BAC_1,Établissement Grand Lomé,2026-08-18T16:13:48.533924,true
eleve_gen_04092@gen.local,Élève,Généré 4092,,LYCEEN,BAC_1,Établissement Savanes,2026-08-18T16:13:48.533924,true
eleve_gen_04093@gen.local,Élève,Généré 4093,,LYCEEN,BAC_1,Établissement Plateaux Est,2026-08-18T16:13:48.533924,true
eleve_gen_04094@gen.local,Élève,Généré 4094,,LYCEEN,BAC_1,Établissement Savanes,2026-08-18T16:13:48.533924,true
eleve_gen_04095@gen.local,Élève,Généré 4095,,LYCEEN,BAC_1,Établissement Grand Lomé,2026-08-18T16:13:48.533924,true
eleve_gen_04096@gen.local,Élève,Généré 4096,,LYCEEN,BAC_1,Établissement Grand Lomé,2026-08-18T16:13:48.533924,true
eleve_gen_04097@gen.local,Élève,Généré 4097,,LYCEEN,BAC_1,Établissement Grand Lomé,2026-08-18T16:13:48.533924,true
eleve_gen_04098@gen.local,Élève,Généré 4098,,LYCEEN,BAC_1,Établissement Grand Lomé,2026-08-18T16:13:48.533924,true
eleve_gen_04099@gen.local,Élève,Généré 4099,,LYCEEN,BAC_1,Établissement Plateaux Est,2026-08-18T16:13:48.533924,true
eleve_gen_04100@gen.local,Élève,Généré 4100,,LYCEEN,BAC_1,Établissement Grand Lomé,2026-08-18T16:13:48.533924,true
eleve_gen_04101@gen.local,Élève,Généré 4101,,LYCEEN,BAC_1,Établissement Centrale,2026-08-18T16:13:48.533924,true
eleve_gen_04102@gen.local,Élève,Généré 4102,,LYCEEN,BAC_1,Établissement Plateaux Ouest,2026-08-18T16:13:48.533924,true
eleve_gen_04103@gen.local,Élève,Généré 4103,,LYCEEN,BAC_1,Établissement Grand Lomé,2026-08-18T16:13:48.533924,true
eleve_gen_04104@gen.local,Élève,Généré 4104,,LYCEEN,BAC_1,Établissement Kara,2026-08-18T16:13:48.533924,true
eleve_gen_04105@gen.local,Élève,Généré 4105,,LYCEEN,BAC_1,Établissement Plateaux Ouest,2026-08-18T16:13:48.533924,true
eleve_gen_04106@gen.local,Élève,Généré 4106,,LYCEEN,BAC_1,Établissement Maritime,2026-08-18T16:13:48.533924,true
eleve_gen_04107@gen.local,Élève,Généré 4107,,LYCEEN,BAC_1,Établissement Savanes,2026-08-18T16:13:48.533924,true
eleve_gen_04108@gen.local,Élève,Généré 4108,,LYCEEN,BAC_1,Établissement Maritime,2026-08-18T16:13:48.533924,true
eleve_gen_04109@gen.local,Élève,Généré 4109,,LYCEEN,BAC_1,Établissement Plateaux Ouest,2026-08-18T16:13:48.533924,true
eleve_gen_04110@gen.local,Élève,Généré 4110,,LYCEEN,BAC_1,Établissement Plateaux Est,2026-08-18T16:13:48.533924,true
eleve_gen_04111@gen.local,Élève,Généré 4111,,LYCEEN,BAC_1,Établissement Plateaux Ouest,2026-08-18T16:13:48.533924,true
eleve_gen_04112@gen.local,Élève,Généré 4112,,LYCEEN,BAC_1,Établissement Grand Lomé,2026-08-18T16:13:48.533924,true
eleve_gen_04113@gen.local,Élève,Généré 4113,,LYCEEN,BAC_1,Établissement Plateaux Ouest,2026-08-18T16:13:48.533924,true
eleve_gen_04114@gen.local,Élève,Généré 4114,,LYCEEN,BAC_1,Établissement Plateaux Est,2026-08-18T16:13:48.533924,true
eleve_gen_04115@gen.local,Élève,Généré 4115,,LYCEEN,BAC_1,Établissement Centrale,2026-08-18T16:13:48.533924,true
eleve_gen_04116@gen.local,Élève,Généré 4116,,LYCEEN,BAC_1,Établissement Savanes,2026-08-18T16:13:48.533924,true
eleve_gen_04117@gen.local,Élève,Généré 4117,,LYCEEN,BAC_1,Établissement Maritime,2026-08-18T16:13:48.533924,true
eleve_gen_04118@gen.local,Élève,Généré 4118,,LYCEEN,BAC_1,Établissement Plateaux Ouest,2026-08-18T16:13:48.533924,true
eleve_gen_04119@gen.local,Élève,Généré 4119,,LYCEEN,BAC_1,Établissement Grand Lomé,2026-08-18T16:13:48.533924,true
eleve_gen_04120@gen.local,Élève,Généré 4120,,LYCEEN,BAC_1,Établissement Kara,2026-08-18T16:13:48.533924,true
eleve_gen_04121@gen.local,Élève,Généré 4121,,LYCEEN,BAC_1,Établissement Maritime,2026-08-18T16:13:48.533924,true
eleve_gen_04122@gen.local,Élève,Généré 4122,,LYCEEN,BAC_1,Établissement Plateaux Ouest,2026-08-18T16:13:48.533924,true
eleve_gen_04123@gen.local,Élève,Généré 4123,,LYCEEN,BAC_1,Établissement Maritime,2026-08-18T16:13:48.533924,true
eleve_gen_04124@gen.local,Élève,Généré 4124,,LYCEEN,BAC_1,Établissement Centrale,2026-08-18T16:13:48.533924,true
eleve_gen_04125@gen.local,Élève,Généré 4125,,LYCEEN,BAC_1,Établissement Plateaux Ouest,2026-08-18T16:13:48.533924,true
eleve_gen_04126@gen.local,Élève,Généré 4126,,LYCEEN,BAC_1,Établissement Grand Lomé,2026-08-18T16:13:48.533924,true
eleve_gen_04127@gen.local,Élève,Généré 4127,,LYCEEN,BAC_1,Établissement Grand Lomé,2026-08-18T16:13:48.533924,true
eleve_gen_04128@gen.local,Élève,Généré 4128,,LYCEEN,BAC_1,Établissement Grand Lomé,2026-08-18T16:13:48.533924,true
eleve_gen_04129@gen.local,Élève,Généré 4129,,LYCEEN,BAC_1,Établissement Grand Lomé,2026-08-18T16:13:48.533924,true
eleve_gen_04130@gen.local,Élève,Généré 4130,,LYCEEN,BAC_1,Établissement Grand Lomé,2026-08-18T16:13:48.533924,true
eleve_gen_04131@gen.local,Élève,Généré 4131,,LYCEEN,BAC_1,Établissement Maritime,2026-08-18T16:13:48.533924,true
eleve_gen_04132@gen.local,Élève,Généré 4132,,LYCEEN,BAC_1,Établissement Grand Lomé,2026-08-18T16:13:48.533924,true
eleve_gen_04133@gen.local,Élève,Généré 4133,,LYCEEN,BAC_1,Établissement Plateaux Ouest,2026-08-18T16:13:48.533924,true
eleve_gen_04134@gen.local,Élève,Généré 4134,,LYCEEN,BAC_1,Établissement Grand Lomé,2026-08-18T16:13:48.533924,true
eleve_gen_04135@gen.local,Élève,Généré 4135,,LYCEEN,BAC_1,Établissement Plateaux Ouest,2026-08-18T16:13:48.533924,true
eleve_gen_04136@gen.local,Élève,Généré 4136,,LYCEEN,BAC_1,Établissement Maritime,2026-08-18T16:13:48.533924,true
eleve_gen_04137@gen.local,Élève,Généré 4137,,LYCEEN,BAC_1,Établissement Centrale,2026-08-18T16:13:48.533924,true
eleve_gen_04138@gen.local,Élève,Généré 4138,,LYCEEN,BAC_1,Établissement Kara,2026-08-18T16:13:48.533924,true
eleve_gen_04139@gen.local,Élève,Généré 4139,,LYCEEN,BAC_1,Établissement Plateaux Ouest,2026-08-18T16:13:48.533924,true
eleve_gen_04140@gen.local,Élève,Généré 4140,,LYCEEN,BAC_1,Établissement Kara,2026-08-18T16:13:48.533924,true
eleve_gen_04141@gen.local,Élève,Généré 4141,,LYCEEN,BAC_1,Établissement Savanes,2026-08-18T16:13:48.533924,true
eleve_gen_04142@gen.local,Élève,Généré 4142,,LYCEEN,BAC_1,Établissement Plateaux Est,2026-08-18T16:13:48.533924,true
eleve_gen_04143@gen.local,Élève,Généré 4143,,LYCEEN,BAC_1,Établissement Plateaux Est,2026-08-18T16:13:48.533924,true
eleve_gen_04144@gen.local,Élève,Généré 4144,,LYCEEN,BAC_1,Établissement Grand Lomé,2026-08-18T16:13:48.533924,true
eleve_gen_04145@gen.local,Élève,Généré 4145,,LYCEEN,BAC_1,Établissement Plateaux Est,2026-08-18T16:13:48.533924,true
eleve_gen_04146@gen.local,Élève,Généré 4146,,LYCEEN,BAC_1,Établissement Grand Lomé,2026-08-18T16:13:48.533924,true
eleve_gen_04147@gen.local,Élève,Généré 4147,,LYCEEN,BAC_1,Établissement Centrale,2026-08-18T16:13:48.533924,true
eleve_gen_04148@gen.local,Élève,Généré 4148,,LYCEEN,BAC_1,Établissement Grand Lomé,2026-08-18T16:13:48.533924,true
eleve_gen_04149@gen.local,Élève,Généré 4149,,LYCEEN,BAC_1,Établissement Savanes,2026-08-18T16:13:48.533924,true
eleve_gen_04150@gen.local,Élève,Généré 4150,,LYCEEN,BAC_1,Établissement Kara,2026-08-18T16:13:48.533924,true
eleve_gen_04151@gen.local,Élève,Généré 4151,,LYCEEN,BAC_1,Établissement Maritime,2026-08-18T16:13:48.533924,true
eleve_gen_04152@gen.local,Élève,Généré 4152,,LYCEEN,BAC_1,Établissement Grand Lomé,2026-08-18T16:13:48.533924,true
eleve_gen_04153@gen.local,Élève,Généré 4153,,LYCEEN,BAC_1,Établissement Savanes,2026-08-18T16:13:48.533924,true
eleve_gen_04154@gen.local,Élève,Généré 4154,,LYCEEN,BAC_1,Établissement Maritime,2026-08-18T16:13:48.533924,true
eleve_gen_04155@gen.local,Élève,Généré 4155,,LYCEEN,BAC_1,Établissement Centrale,2026-08-18T16:13:48.533924,true
eleve_gen_04156@gen.local,Élève,Généré 4156,,LYCEEN,BAC_1,Établissement Maritime,2026-08-18T16:13:48.533924,true
eleve_gen_04157@gen.local,Élève,Généré 4157,,LYCEEN,BAC_1,Établissement Maritime,2026-08-18T16:13:48.533924,true
eleve_gen_04158@gen.local,Élève,Généré 4158,,LYCEEN,BAC_1,Établissement Centrale,2026-08-18T16:13:48.533924,true
eleve_gen_04159@gen.local,Élève,Généré 4159,,LYCEEN,BAC_1,Établissement Centrale,2026-08-18T16:13:48.533924,true
eleve_gen_04160@gen.local,Élève,Généré 4160,,LYCEEN,BAC_1,Établissement Maritime,2026-08-18T16:13:48.533924,true
eleve_gen_04161@gen.local,Élève,Généré 4161,,LYCEEN,BAC_1,Établissement Grand Lomé,2026-08-18T16:13:48.533924,true
eleve_gen_04162@gen.local,Élève,Généré 4162,,LYCEEN,BAC_1,Établissement Grand Lomé,2026-08-18T16:13:48.533924,true
eleve_gen_04163@gen.local,Élève,Généré 4163,,LYCEEN,BAC_1,Établissement Plateaux Est,2026-08-18T16:13:48.533924,true
eleve_gen_04164@gen.local,Élève,Généré 4164,,LYCEEN,BAC_1,Établissement Plateaux Ouest,2026-08-18T16:13:48.533924,true
eleve_gen_04165@gen.local,Élève,Généré 4165,,LYCEEN,BAC_1,Établissement Kara,2026-08-18T16:13:48.533924,true
eleve_gen_04166@gen.local,Élève,Généré 4166,,LYCEEN,BAC_1,Établissement Kara,2026-08-18T16:13:48.533924,true
eleve_gen_04167@gen.local,Élève,Généré 4167,,LYCEEN,BAC_1,Établissement Grand Lomé,2026-08-18T16:13:48.533924,true
eleve_gen_04168@gen.local,Élève,Généré 4168,,LYCEEN,BAC_1,Établissement Maritime,2026-08-18T16:13:48.533924,true
eleve_gen_04169@gen.local,Élève,Généré 4169,,LYCEEN,BAC_1,Établissement Grand Lomé,2026-08-18T16:13:48.533924,true
eleve_gen_04170@gen.local,Élève,Généré 4170,,LYCEEN,BAC_1,Établissement Centrale,2026-08-18T16:13:48.533924,true
eleve_gen_04171@gen.local,Élève,Généré 4171,,LYCEEN,BAC_1,Établissement Centrale,2026-08-18T16:13:48.533924,true
eleve_gen_04172@gen.local,Élève,Généré 4172,,LYCEEN,BAC_1,Établissement Savanes,2026-08-18T16:13:48.533924,true
eleve_gen_04173@gen.local,Élève,Généré 4173,,LYCEEN,BAC_1,Établissement Maritime,2026-08-18T16:13:48.533924,true
eleve_gen_04174@gen.local,Élève,Généré 4174,,LYCEEN,BAC_1,Établissement Plateaux Est,2026-08-18T16:13:48.533924,true
eleve_gen_04175@gen.local,Élève,Généré 4175,,LYCEEN,BAC_1,Établissement Plateaux Ouest,2026-08-18T16:13:48.533924,true
eleve_gen_04176@gen.local,Élève,Généré 4176,,LYCEEN,BAC_1,Établissement Maritime,2026-08-18T16:13:48.533924,true
eleve_gen_04177@gen.local,Élève,Généré 4177,,LYCEEN,BAC_1,Établissement Grand Lomé,2026-08-18T16:13:48.533924,true
eleve_gen_04178@gen.local,Élève,Généré 4178,,LYCEEN,BAC_1,Établissement Grand Lomé,2026-08-18T16:13:48.533924,true
eleve_gen_04179@gen.local,Élève,Généré 4179,,LYCEEN,BAC_1,Établissement Plateaux Ouest,2026-08-18T16:13:48.533924,true
eleve_gen_04180@gen.local,Élève,Généré 4180,,LYCEEN,BAC_1,Établissement Grand Lomé,2026-08-18T16:13:48.533924,true
eleve_gen_04181@gen.local,Élève,Généré 4181,,LYCEEN,BAC_1,Établissement Grand Lomé,2026-08-18T16:13:48.533924,true
eleve_gen_04182@gen.local,Élève,Généré 4182,,LYCEEN,BAC_1,Établissement Grand Lomé,2026-08-18T16:13:48.533924,true
eleve_gen_04183@gen.local,Élève,Généré 4183,,LYCEEN,BAC_1,Établissement Kara,2026-08-18T16:13:48.533924,true
eleve_gen_04184@gen.local,Élève,Généré 4184,,LYCEEN,BAC_1,Établissement Plateaux Est,2026-08-18T16:13:48.533924,true
eleve_gen_04185@gen.local,Élève,Généré 4185,,LYCEEN,BAC_1,Établissement Kara,2026-08-18T16:13:48.533924,true
eleve_gen_04186@gen.local,Élève,Généré 4186,,LYCEEN,BAC_1,Établissement Kara,2026-08-18T16:13:48.533924,true
eleve_gen_04187@gen.local,Élève,Généré 4187,,LYCEEN,BAC_1,Établissement Plateaux Est,2026-08-18T16:13:48.533924,true
eleve_gen_04188@gen.local,Élève,Généré 4188,,LYCEEN,BAC_1,Établissement Kara,2026-08-18T16:13:48.533924,true
eleve_gen_04189@gen.local,Élève,Généré 4189,,LYCEEN,BAC_1,Établissement Grand Lomé,2026-08-18T16:13:48.533924,true
eleve_gen_04190@gen.local,Élève,Généré 4190,,LYCEEN,BAC_1,Établissement Grand Lomé,2026-08-18T16:13:48.533924,true
eleve_gen_04191@gen.local,Élève,Généré 4191,,LYCEEN,BAC_1,Établissement Grand Lomé,2026-08-18T16:13:48.533924,true
eleve_gen_04192@gen.local,Élève,Généré 4192,,LYCEEN,BAC_1,Établissement Grand Lomé,2026-08-18T16:13:48.533924,true
eleve_gen_04193@gen.local,Élève,Généré 4193,,LYCEEN,BAC_1,Établissement Grand Lomé,2026-08-18T16:13:48.533924,true
eleve_gen_04194@gen.local,Élève,Généré 4194,,LYCEEN,BAC_1,Établissement Plateaux Ouest,2026-08-18T16:13:48.533924,true
eleve_gen_04195@gen.local,Élève,Généré 4195,,LYCEEN,BAC_1,Établissement Plateaux Est,2026-08-18T16:13:48.533924,true
eleve_gen_04196@gen.local,Élève,Généré 4196,,LYCEEN,BAC_1,Établissement Kara,2026-08-18T16:13:48.533924,true
eleve_gen_04197@gen.local,Élève,Généré 4197,,LYCEEN,BAC_1,Établissement Savanes,2026-08-18T16:13:48.533924,true
eleve_gen_04198@gen.local,Élève,Généré 4198,,LYCEEN,BAC_1,Établissement Savanes,2026-08-18T16:13:48.533924,true
eleve_gen_04199@gen.local,Élève,Généré 4199,,LYCEEN,BAC_1,Établissement Kara,2026-08-18T16:13:48.533924,true
eleve_gen_04200@gen.local,Élève,Généré 4200,,LYCEEN,BAC_1,Établissement Grand Lomé,2026-08-18T16:13:48.533924,true
eleve_gen_04201@gen.local,Élève,Généré 4201,,LYCEEN,BAC_1,Établissement Plateaux Ouest,2026-08-18T16:13:48.533924,true
eleve_gen_04202@gen.local,Élève,Généré 4202,,LYCEEN,BAC_1,Établissement Plateaux Ouest,2026-08-18T16:13:48.533924,true
eleve_gen_04203@gen.local,Élève,Généré 4203,,LYCEEN,BAC_1,Établissement Grand Lomé,2026-08-18T16:13:48.533924,true
eleve_gen_04204@gen.local,Élève,Généré 4204,,LYCEEN,BAC_1,Établissement Grand Lomé,2026-08-18T16:13:48.533924,true
eleve_gen_04205@gen.local,Élève,Généré 4205,,LYCEEN,BAC_1,Établissement Plateaux Est,2026-08-18T16:13:48.533924,true
eleve_gen_04206@gen.local,Élève,Généré 4206,,LYCEEN,BAC_1,Établissement Grand Lomé,2026-08-18T16:13:48.533924,true
eleve_gen_04207@gen.local,Élève,Généré 4207,,LYCEEN,BAC_1,Établissement Maritime,2026-08-18T16:13:48.533924,true
eleve_gen_04208@gen.local,Élève,Généré 4208,,LYCEEN,BAC_1,Établissement Centrale,2026-08-18T16:13:48.533924,true
eleve_gen_04209@gen.local,Élève,Généré 4209,,LYCEEN,BAC_1,Établissement Plateaux Ouest,2026-08-18T16:13:48.533924,true
eleve_gen_04210@gen.local,Élève,Généré 4210,,LYCEEN,BAC_1,Établissement Maritime,2026-08-18T16:13:48.533924,true
eleve_gen_04211@gen.local,Élève,Généré 4211,,LYCEEN,BAC_1,Établissement Centrale,2026-08-18T16:13:48.533924,true
eleve_gen_04212@gen.local,Élève,Généré 4212,,LYCEEN,BAC_1,Établissement Plateaux Ouest,2026-08-18T16:13:48.533924,true
eleve_gen_04213@gen.local,Élève,Généré 4213,,LYCEEN,BAC_1,Établissement Grand Lomé,2026-08-18T16:13:48.533924,true
eleve_gen_04214@gen.local,Élève,Généré 4214,,LYCEEN,BAC_1,Établissement Plateaux Ouest,2026-08-18T16:13:48.533924,true
eleve_gen_04215@gen.local,Élève,Généré 4215,,LYCEEN,BAC_1,Établissement Plateaux Est,2026-08-18T16:13:48.533924,true
eleve_gen_04216@gen.local,Élève,Généré 4216,,LYCEEN,BAC_1,Établissement Maritime,2026-08-18T16:13:48.533924,true
eleve_gen_04217@gen.local,Élève,Généré 4217,,LYCEEN,BAC_1,Établissement Plateaux Est,2026-08-18T16:13:48.533924,true
eleve_gen_04218@gen.local,Élève,Généré 4218,,LYCEEN,BAC_1,Établissement Grand Lomé,2026-08-18T16:13:48.533924,true
eleve_gen_04219@gen.local,Élève,Généré 4219,,LYCEEN,BAC_1,Établissement Kara,2026-08-18T16:13:48.533924,true
eleve_gen_04220@gen.local,Élève,Généré 4220,,LYCEEN,BAC_1,Établissement Grand Lomé,2026-08-18T16:13:48.533924,true
eleve_gen_04221@gen.local,Élève,Généré 4221,,LYCEEN,BAC_1,Établissement Plateaux Ouest,2026-08-18T16:13:48.533924,true
eleve_gen_04222@gen.local,Élève,Généré 4222,,LYCEEN,BAC_1,Établissement Grand Lomé,2026-08-18T16:13:48.533924,true
eleve_gen_04223@gen.local,Élève,Généré 4223,,LYCEEN,BAC_1,Établissement Centrale,2026-08-18T16:13:48.533924,true
eleve_gen_04224@gen.local,Élève,Généré 4224,,LYCEEN,BAC_1,Établissement Maritime,2026-08-18T16:13:48.533924,true
eleve_gen_04225@gen.local,Élève,Généré 4225,,LYCEEN,BAC_1,Établissement Kara,2026-08-18T16:13:48.533924,true
eleve_gen_04226@gen.local,Élève,Généré 4226,,LYCEEN,BAC_1,Établissement Centrale,2026-08-18T16:13:48.533924,true
eleve_gen_04227@gen.local,Élève,Généré 4227,,LYCEEN,BAC_1,Établissement Grand Lomé,2026-08-18T16:13:48.533924,true
eleve_gen_04228@gen.local,Élève,Généré 4228,,LYCEEN,BAC_1,Établissement Centrale,2026-08-18T16:13:48.533924,true
eleve_gen_04229@gen.local,Élève,Généré 4229,,LYCEEN,BAC_1,Établissement Maritime,2026-08-18T16:13:48.533924,true
eleve_gen_04230@gen.local,Élève,Généré 4230,,LYCEEN,BAC_1,Établissement Plateaux Ouest,2026-08-18T16:13:48.533924,true
eleve_gen_04231@gen.local,Élève,Généré 4231,,LYCEEN,BAC_1,Établissement Savanes,2026-08-18T16:13:48.533924,true
eleve_gen_04232@gen.local,Élève,Généré 4232,,LYCEEN,BAC_1,Établissement Plateaux Ouest,2026-08-18T16:13:48.533924,true
eleve_gen_04233@gen.local,Élève,Généré 4233,,LYCEEN,BAC_1,Établissement Plateaux Est,2026-08-18T16:13:48.533924,true
eleve_gen_04234@gen.local,Élève,Généré 4234,,LYCEEN,BAC_1,Établissement Grand Lomé,2026-08-18T16:13:48.533924,true
eleve_gen_04235@gen.local,Élève,Généré 4235,,LYCEEN,BAC_1,Établissement Maritime,2026-08-18T16:13:48.533924,true
eleve_gen_04236@gen.local,Élève,Généré 4236,,LYCEEN,BAC_1,Établissement Plateaux Ouest,2026-08-18T16:13:48.533924,true
eleve_gen_04237@gen.local,Élève,Généré 4237,,LYCEEN,BAC_1,Établissement Grand Lomé,2026-08-18T16:13:48.533924,true
eleve_gen_04238@gen.local,Élève,Généré 4238,,LYCEEN,BAC_1,Établissement Maritime,2026-08-18T16:13:48.533924,true
eleve_gen_04239@gen.local,Élève,Généré 4239,,LYCEEN,BAC_1,Établissement Savanes,2026-08-18T16:13:48.533924,true
eleve_gen_04240@gen.local,Élève,Généré 4240,,LYCEEN,BAC_1,Établissement Kara,2026-08-18T16:13:48.533924,true
eleve_gen_04241@gen.local,Élève,Généré 4241,,LYCEEN,BAC_1,Établissement Centrale,2026-08-18T16:13:48.533924,true
eleve_gen_04242@gen.local,Élève,Généré 4242,,LYCEEN,BAC_1,Établissement Plateaux Ouest,2026-08-18T16:13:48.533924,true
eleve_gen_04243@gen.local,Élève,Généré 4243,,LYCEEN,BAC_1,Établissement Centrale,2026-08-18T16:13:48.533924,true
eleve_gen_04244@gen.local,Élève,Généré 4244,,LYCEEN,BAC_1,Établissement Grand Lomé,2026-08-18T16:13:48.533924,true
eleve_gen_04245@gen.local,Élève,Généré 4245,,LYCEEN,BAC_1,Établissement Kara,2026-08-18T16:13:48.533924,true
eleve_gen_04246@gen.local,Élève,Généré 4246,,LYCEEN,BAC_1,Établissement Grand Lomé,2026-08-18T16:13:48.533924,true
eleve_gen_04247@gen.local,Élève,Généré 4247,,LYCEEN,BAC_1,Établissement Grand Lomé,2026-08-18T16:13:48.533924,true
eleve_gen_04248@gen.local,Élève,Généré 4248,,LYCEEN,BAC_1,Établissement Maritime,2026-08-18T16:13:48.533924,true
eleve_gen_04249@gen.local,Élève,Généré 4249,,LYCEEN,BAC_1,Établissement Savanes,2026-08-18T16:13:48.533924,true
eleve_gen_04250@gen.local,Élève,Généré 4250,,LYCEEN,BAC_1,Établissement Kara,2026-08-18T16:13:48.533924,true
eleve_gen_04251@gen.local,Élève,Généré 4251,,LYCEEN,BAC_1,Établissement Grand Lomé,2026-08-18T16:13:48.533924,true
eleve_gen_04252@gen.local,Élève,Généré 4252,,LYCEEN,BAC_1,Établissement Plateaux Ouest,2026-08-18T16:13:48.533924,true
eleve_gen_04253@gen.local,Élève,Généré 4253,,LYCEEN,BAC_1,Établissement Plateaux Est,2026-08-18T16:13:48.533924,true
eleve_gen_04254@gen.local,Élève,Généré 4254,,LYCEEN,BAC_1,Établissement Maritime,2026-08-18T16:13:48.533924,true
eleve_gen_04255@gen.local,Élève,Généré 4255,,LYCEEN,BAC_1,Établissement Savanes,2026-08-18T16:13:48.533924,true
eleve_gen_04256@gen.local,Élève,Généré 4256,,LYCEEN,BAC_1,Établissement Plateaux Est,2026-08-18T16:13:48.533924,true
eleve_gen_04257@gen.local,Élève,Généré 4257,,LYCEEN,BAC_1,Établissement Plateaux Ouest,2026-08-18T16:13:48.533924,true
eleve_gen_04258@gen.local,Élève,Généré 4258,,LYCEEN,BAC_1,Établissement Grand Lomé,2026-08-18T16:13:48.533924,true
eleve_gen_04259@gen.local,Élève,Généré 4259,,LYCEEN,BAC_1,Établissement Grand Lomé,2026-08-18T16:13:48.533924,true
eleve_gen_04260@gen.local,Élève,Généré 4260,,LYCEEN,BAC_1,Établissement Kara,2026-08-18T16:13:48.533924,true
eleve_gen_04261@gen.local,Élève,Généré 4261,,LYCEEN,BAC_1,Établissement Grand Lomé,2026-08-18T16:13:48.533924,true
eleve_gen_04262@gen.local,Élève,Généré 4262,,LYCEEN,BAC_1,Établissement Plateaux Ouest,2026-08-18T16:13:48.533924,true
eleve_gen_04263@gen.local,Élève,Généré 4263,,LYCEEN,BAC_1,Établissement Plateaux Ouest,2026-08-18T16:13:48.533924,true
eleve_gen_04264@gen.local,Élève,Généré 4264,,LYCEEN,BAC_1,Établissement Kara,2026-08-18T16:13:48.533924,true
eleve_gen_04265@gen.local,Élève,Généré 4265,,LYCEEN,BAC_1,Établissement Kara,2026-08-18T16:13:48.533924,true
eleve_gen_04266@gen.local,Élève,Généré 4266,,LYCEEN,BAC_1,Établissement Centrale,2026-08-18T16:13:48.533924,true
eleve_gen_04267@gen.local,Élève,Généré 4267,,LYCEEN,BAC_1,Établissement Kara,2026-08-18T16:13:48.533924,true
eleve_gen_04268@gen.local,Élève,Généré 4268,,LYCEEN,BAC_1,Établissement Centrale,2026-08-18T16:13:48.533924,true
eleve_gen_04269@gen.local,Élève,Généré 4269,,LYCEEN,BAC_1,Établissement Plateaux Ouest,2026-08-18T16:13:48.533924,true
eleve_gen_04270@gen.local,Élève,Généré 4270,,LYCEEN,BAC_1,Établissement Maritime,2026-08-18T16:13:48.533924,true
eleve_gen_04271@gen.local,Élève,Généré 4271,,LYCEEN,BAC_1,Établissement Grand Lomé,2026-08-18T16:13:48.533924,true
eleve_gen_04272@gen.local,Élève,Généré 4272,,LYCEEN,BAC_1,Établissement Plateaux Est,2026-08-18T16:13:48.533924,true
eleve_gen_04273@gen.local,Élève,Généré 4273,,LYCEEN,BAC_1,Établissement Kara,2026-08-18T16:13:48.533924,true
eleve_gen_04274@gen.local,Élève,Généré 4274,,LYCEEN,BAC_1,Établissement Centrale,2026-08-18T16:13:48.533924,true
eleve_gen_04275@gen.local,Élève,Généré 4275,,LYCEEN,BAC_1,Établissement Plateaux Est,2026-08-18T16:13:48.533924,true
eleve_gen_04276@gen.local,Élève,Généré 4276,,LYCEEN,BAC_1,Établissement Centrale,2026-08-18T16:13:48.533924,true
eleve_gen_04277@gen.local,Élève,Généré 4277,,LYCEEN,BAC_1,Établissement Kara,2026-08-18T16:13:48.533924,true
eleve_gen_04278@gen.local,Élève,Généré 4278,,LYCEEN,BAC_1,Établissement Savanes,2026-08-18T16:13:48.533924,true
eleve_gen_04279@gen.local,Élève,Généré 4279,,LYCEEN,BAC_1,Établissement Kara,2026-08-18T16:13:48.533924,true
eleve_gen_04280@gen.local,Élève,Généré 4280,,LYCEEN,BAC_1,Établissement Plateaux Est,2026-08-18T16:13:48.533924,true
eleve_gen_04281@gen.local,Élève,Généré 4281,,LYCEEN,BAC_1,Établissement Savanes,2026-08-18T16:13:48.533924,true
eleve_gen_04282@gen.local,Élève,Généré 4282,,LYCEEN,BAC_1,Établissement Grand Lomé,2026-08-18T16:13:48.533924,true
eleve_gen_04283@gen.local,Élève,Généré 4283,,LYCEEN,BAC_1,Établissement Savanes,2026-08-18T16:13:48.533924,true
eleve_gen_04284@gen.local,Élève,Généré 4284,,LYCEEN,BAC_1,Établissement Centrale,2026-08-18T16:13:48.533924,true
eleve_gen_04285@gen.local,Élève,Généré 4285,,LYCEEN,BAC_1,Établissement Grand Lomé,2026-08-18T16:13:48.533924,true
eleve_gen_04286@gen.local,Élève,Généré 4286,,LYCEEN,BAC_1,Établissement Plateaux Ouest,2026-08-18T16:13:48.533924,true
eleve_gen_04287@gen.local,Élève,Généré 4287,,LYCEEN,BAC_1,Établissement Grand Lomé,2026-08-18T16:13:48.533924,true
eleve_gen_04288@gen.local,Élève,Généré 4288,,LYCEEN,BAC_1,Établissement Maritime,2026-08-18T16:13:48.533924,true
eleve_gen_04289@gen.local,Élève,Généré 4289,,LYCEEN,BAC_1,Établissement Savanes,2026-08-18T16:13:48.533924,true
eleve_gen_04290@gen.local,Élève,Généré 4290,,LYCEEN,BAC_1,Établissement Maritime,2026-08-18T16:13:48.533924,true
eleve_gen_04291@gen.local,Élève,Généré 4291,,LYCEEN,BAC_1,Établissement Plateaux Est,2026-08-18T16:13:48.533924,true
eleve_gen_04292@gen.local,Élève,Généré 4292,,LYCEEN,BAC_1,Établissement Centrale,2026-08-18T16:13:48.533924,true
eleve_gen_04293@gen.local,Élève,Généré 4293,,LYCEEN,BAC_1,Établissement Maritime,2026-08-18T16:13:48.533924,true
eleve_gen_04294@gen.local,Élève,Généré 4294,,LYCEEN,BAC_1,Établissement Centrale,2026-08-18T16:13:48.533924,true
eleve_gen_04295@gen.local,Élève,Généré 4295,,LYCEEN,BAC_1,Établissement Centrale,2026-08-18T16:13:48.533924,true
eleve_gen_04296@gen.local,Élève,Généré 4296,,LYCEEN,BAC_1,Établissement Kara,2026-08-18T16:13:48.533924,true
eleve_gen_04297@gen.local,Élève,Généré 4297,,LYCEEN,BAC_1,Établissement Grand Lomé,2026-08-18T16:13:48.533924,true
eleve_gen_04298@gen.local,Élève,Généré 4298,,LYCEEN,BAC_1,Établissement Maritime,2026-08-18T16:13:48.533924,true
eleve_gen_04299@gen.local,Élève,Généré 4299,,LYCEEN,BAC_1,Établissement Maritime,2026-08-18T16:13:48.533924,true
eleve_gen_04300@gen.local,Élève,Généré 4300,,LYCEEN,BAC_1,Établissement Plateaux Est,2026-08-18T16:13:48.533924,true
eleve_gen_04301@gen.local,Élève,Généré 4301,,LYCEEN,BAC_1,Établissement Grand Lomé,2026-08-18T16:13:48.533924,true
eleve_gen_04302@gen.local,Élève,Généré 4302,,LYCEEN,BAC_1,Établissement Plateaux Ouest,2026-08-18T16:13:48.533924,true
eleve_gen_04303@gen.local,Élève,Généré 4303,,LYCEEN,BAC_1,Établissement Maritime,2026-08-18T16:13:48.533924,true
eleve_gen_04304@gen.local,Élève,Généré 4304,,LYCEEN,BAC_1,Établissement Kara,2026-08-18T16:13:48.533924,true
eleve_gen_04305@gen.local,Élève,Généré 4305,,LYCEEN,BAC_1,Établissement Centrale,2026-08-18T16:13:48.533924,true
eleve_gen_04306@gen.local,Élève,Généré 4306,,LYCEEN,BAC_1,Établissement Plateaux Ouest,2026-08-18T16:13:48.533924,true
eleve_gen_04307@gen.local,Élève,Généré 4307,,LYCEEN,BAC_1,Établissement Kara,2026-08-18T16:13:48.533924,true
eleve_gen_04308@gen.local,Élève,Généré 4308,,LYCEEN,BAC_1,Établissement Maritime,2026-08-18T16:13:48.533924,true
eleve_gen_04309@gen.local,Élève,Généré 4309,,LYCEEN,BAC_1,Établissement Plateaux Ouest,2026-08-18T16:13:48.533924,true
eleve_gen_04310@gen.local,Élève,Généré 4310,,LYCEEN,BAC_1,Établissement Grand Lomé,2026-08-18T16:13:48.533924,true
eleve_gen_04311@gen.local,Élève,Généré 4311,,LYCEEN,BAC_1,Établissement Plateaux Ouest,2026-08-18T16:13:48.533924,true
eleve_gen_04312@gen.local,Élève,Généré 4312,,LYCEEN,BAC_1,Établissement Savanes,2026-08-18T16:13:48.533924,true
eleve_gen_04313@gen.local,Élève,Généré 4313,,LYCEEN,BAC_1,Établissement Plateaux Est,2026-08-18T16:13:48.533924,true
eleve_gen_04314@gen.local,Élève,Généré 4314,,LYCEEN,BAC_1,Établissement Kara,2026-08-18T16:13:48.533924,true
eleve_gen_04315@gen.local,Élève,Généré 4315,,LYCEEN,BAC_1,Établissement Grand Lomé,2026-08-18T16:13:48.533924,true
eleve_gen_04316@gen.local,Élève,Généré 4316,,LYCEEN,BAC_1,Établissement Plateaux Est,2026-08-18T16:13:48.533924,true
eleve_gen_04317@gen.local,Élève,Généré 4317,,LYCEEN,BAC_1,Établissement Plateaux Est,2026-08-18T16:13:48.533924,true
eleve_gen_04318@gen.local,Élève,Généré 4318,,LYCEEN,BAC_1,Établissement Centrale,2026-08-18T16:13:48.533924,true
eleve_gen_04319@gen.local,Élève,Généré 4319,,LYCEEN,BAC_1,Établissement Kara,2026-08-18T16:13:48.533924,true
eleve_gen_04320@gen.local,Élève,Généré 4320,,LYCEEN,BAC_1,Établissement Grand Lomé,2026-08-18T16:13:48.533924,true
eleve_gen_04321@gen.local,Élève,Généré 4321,,LYCEEN,BAC_1,Établissement Savanes,2026-08-18T16:13:48.533924,true
eleve_gen_04322@gen.local,Élève,Généré 4322,,LYCEEN,BAC_1,Établissement Maritime,2026-08-18T16:13:48.533924,true
eleve_gen_04323@gen.local,Élève,Généré 4323,,LYCEEN,BAC_1,Établissement Plateaux Ouest,2026-08-18T16:13:48.533924,true
eleve_gen_04324@gen.local,Élève,Généré 4324,,LYCEEN,BAC_1,Établissement Kara,2026-08-18T16:13:48.533924,true
eleve_gen_04325@gen.local,Élève,Généré 4325,,LYCEEN,BAC_1,Établissement Grand Lomé,2026-08-18T16:13:48.533924,true
eleve_gen_04326@gen.local,Élève,Généré 4326,,LYCEEN,BAC_1,Établissement Maritime,2026-08-18T16:13:48.533924,true
eleve_gen_04327@gen.local,Élève,Généré 4327,,LYCEEN,BAC_1,Établissement Plateaux Est,2026-08-18T16:13:48.533924,true
eleve_gen_04328@gen.local,Élève,Généré 4328,,LYCEEN,BAC_1,Établissement Maritime,2026-08-18T16:13:48.533924,true
eleve_gen_04329@gen.local,Élève,Généré 4329,,LYCEEN,BAC_1,Établissement Plateaux Est,2026-08-18T16:13:48.533924,true
eleve_gen_04330@gen.local,Élève,Généré 4330,,LYCEEN,BAC_1,Établissement Grand Lomé,2026-08-18T16:13:48.533924,true
eleve_gen_04331@gen.local,Élève,Généré 4331,,LYCEEN,BAC_1,Établissement Grand Lomé,2026-08-18T16:13:48.533924,true
eleve_gen_04332@gen.local,Élève,Généré 4332,,LYCEEN,BAC_1,Établissement Maritime,2026-08-18T16:13:48.533924,true
eleve_gen_04333@gen.local,Élève,Généré 4333,,LYCEEN,BAC_1,Établissement Grand Lomé,2026-08-18T16:13:48.533924,true
eleve_gen_04334@gen.local,Élève,Généré 4334,,LYCEEN,BAC_1,Établissement Plateaux Est,2026-08-18T16:13:48.533924,true
eleve_gen_04335@gen.local,Élève,Généré 4335,,LYCEEN,BAC_1,Établissement Grand Lomé,2026-08-18T16:13:48.533924,true
eleve_gen_04336@gen.local,Élève,Généré 4336,,LYCEEN,BAC_1,Établissement Grand Lomé,2026-08-18T16:13:48.533924,true
eleve_gen_04337@gen.local,Élève,Généré 4337,,LYCEEN,BAC_1,Établissement Maritime,2026-08-18T16:13:48.533924,true
eleve_gen_04338@gen.local,Élève,Généré 4338,,LYCEEN,BAC_1,Établissement Maritime,2026-08-18T16:13:48.533924,true
eleve_gen_04339@gen.local,Élève,Généré 4339,,LYCEEN,BAC_1,Établissement Centrale,2026-08-18T16:13:48.533924,true
eleve_gen_04340@gen.local,Élève,Généré 4340,,LYCEEN,BAC_1,Établissement Maritime,2026-08-18T16:13:48.533924,true
eleve_gen_04341@gen.local,Élève,Généré 4341,,LYCEEN,BAC_1,Établissement Maritime,2026-08-18T16:13:48.533924,true
eleve_gen_04342@gen.local,Élève,Généré 4342,,LYCEEN,BAC_1,Établissement Plateaux Est,2026-08-18T16:13:48.533924,true
eleve_gen_04343@gen.local,Élève,Généré 4343,,LYCEEN,BAC_1,Établissement Grand Lomé,2026-08-18T16:13:48.533924,true
eleve_gen_04344@gen.local,Élève,Généré 4344,,LYCEEN,BAC_1,Établissement Centrale,2026-08-18T16:13:48.533924,true
eleve_gen_04345@gen.local,Élève,Généré 4345,,LYCEEN,BAC_1,Établissement Savanes,2026-08-18T16:13:48.533924,true
eleve_gen_04346@gen.local,Élève,Généré 4346,,LYCEEN,BAC_1,Établissement Grand Lomé,2026-08-18T16:13:48.533924,true
eleve_gen_04347@gen.local,Élève,Généré 4347,,LYCEEN,BAC_1,Établissement Grand Lomé,2026-08-18T16:13:48.533924,true
eleve_gen_04348@gen.local,Élève,Généré 4348,,LYCEEN,BAC_1,Établissement Plateaux Est,2026-08-18T16:13:48.533924,true
eleve_gen_04349@gen.local,Élève,Généré 4349,,LYCEEN,BAC_1,Établissement Kara,2026-08-18T16:13:48.533924,true
eleve_gen_04350@gen.local,Élève,Généré 4350,,LYCEEN,BAC_1,Établissement Maritime,2026-08-18T16:13:48.533924,true
eleve_gen_04351@gen.local,Élève,Généré 4351,,LYCEEN,BAC_1,Établissement Maritime,2026-08-18T16:13:48.533924,true
eleve_gen_04352@gen.local,Élève,Généré 4352,,LYCEEN,BAC_1,Établissement Maritime,2026-08-18T16:13:48.533924,true
eleve_gen_04353@gen.local,Élève,Généré 4353,,LYCEEN,BAC_1,Établissement Centrale,2026-08-18T16:13:48.533924,true
eleve_gen_04354@gen.local,Élève,Généré 4354,,LYCEEN,BAC_1,Établissement Grand Lomé,2026-08-18T16:13:48.533924,true
eleve_gen_04355@gen.local,Élève,Généré 4355,,LYCEEN,BAC_1,Établissement Plateaux Est,2026-08-18T16:13:48.533924,true
eleve_gen_04356@gen.local,Élève,Généré 4356,,LYCEEN,BAC_1,Établissement Centrale,2026-08-18T16:13:48.533924,true
eleve_gen_04357@gen.local,Élève,Généré 4357,,LYCEEN,BAC_1,Établissement Maritime,2026-08-18T16:13:48.533924,true
eleve_gen_04358@gen.local,Élève,Généré 4358,,LYCEEN,BAC_1,Établissement Grand Lomé,2026-08-18T16:13:48.533924,true
eleve_gen_04359@gen.local,Élève,Généré 4359,,LYCEEN,BAC_1,Établissement Plateaux Ouest,2026-08-18T16:13:48.533924,true
eleve_gen_04360@gen.local,Élève,Généré 4360,,LYCEEN,BAC_1,Établissement Kara,2026-08-18T16:13:48.533924,true
eleve_gen_04361@gen.local,Élève,Généré 4361,,LYCEEN,BAC_1,Établissement Kara,2026-08-18T16:13:48.533924,true
eleve_gen_04362@gen.local,Élève,Généré 4362,,LYCEEN,BAC_1,Établissement Kara,2026-08-18T16:13:48.533924,true
eleve_gen_04363@gen.local,Élève,Généré 4363,,LYCEEN,BAC_1,Établissement Grand Lomé,2026-08-18T16:13:48.533924,true
eleve_gen_04364@gen.local,Élève,Généré 4364,,LYCEEN,BAC_1,Établissement Plateaux Est,2026-08-18T16:13:48.533924,true
eleve_gen_04365@gen.local,Élève,Généré 4365,,LYCEEN,BAC_1,Établissement Grand Lomé,2026-08-18T16:13:48.533924,true
eleve_gen_04366@gen.local,Élève,Généré 4366,,LYCEEN,BAC_1,Établissement Maritime,2026-08-18T16:13:48.533924,true
eleve_gen_04367@gen.local,Élève,Généré 4367,,LYCEEN,BAC_1,Établissement Maritime,2026-08-18T16:13:48.533924,true
eleve_gen_04368@gen.local,Élève,Généré 4368,,LYCEEN,BAC_1,Établissement Kara,2026-08-18T16:13:48.533924,true
eleve_gen_04369@gen.local,Élève,Généré 4369,,LYCEEN,BAC_1,Établissement Kara,2026-08-18T16:13:48.533924,true
eleve_gen_04370@gen.local,Élève,Généré 4370,,LYCEEN,BAC_1,Établissement Kara,2026-08-18T16:13:48.533924,true
eleve_gen_04371@gen.local,Élève,Généré 4371,,LYCEEN,BAC_1,Établissement Plateaux Ouest,2026-08-18T16:13:48.533924,true
eleve_gen_04372@gen.local,Élève,Généré 4372,,LYCEEN,BAC_1,Établissement Centrale,2026-08-18T16:13:48.533924,true
eleve_gen_04373@gen.local,Élève,Généré 4373,,LYCEEN,BAC_1,Établissement Maritime,2026-08-18T16:13:48.533924,true
eleve_gen_04374@gen.local,Élève,Généré 4374,,LYCEEN,BAC_1,Établissement Plateaux Est,2026-08-18T16:13:48.533924,true
eleve_gen_04375@gen.local,Élève,Généré 4375,,LYCEEN,BAC_1,Établissement Plateaux Ouest,2026-08-18T16:13:48.533924,true
eleve_gen_04376@gen.local,Élève,Généré 4376,,LYCEEN,BAC_1,Établissement Savanes,2026-08-18T16:13:48.533924,true
eleve_gen_04377@gen.local,Élève,Généré 4377,,LYCEEN,BAC_1,Établissement Grand Lomé,2026-08-18T16:13:48.533924,true
eleve_gen_04378@gen.local,Élève,Généré 4378,,LYCEEN,BAC_1,Établissement Grand Lomé,2026-08-18T16:13:48.533924,true
eleve_gen_04379@gen.local,Élève,Généré 4379,,LYCEEN,BAC_1,Établissement Centrale,2026-08-18T16:13:48.533924,true
eleve_gen_04380@gen.local,Élève,Généré 4380,,LYCEEN,BAC_1,Établissement Kara,2026-08-18T16:13:48.533924,true
eleve_gen_04381@gen.local,Élève,Généré 4381,,LYCEEN,BAC_1,Établissement Kara,2026-08-18T16:13:48.533924,true
eleve_gen_04382@gen.local,Élève,Généré 4382,,LYCEEN,BAC_1,Établissement Centrale,2026-08-18T16:13:48.533924,true
eleve_gen_04383@gen.local,Élève,Généré 4383,,LYCEEN,BAC_1,Établissement Grand Lomé,2026-08-18T16:13:48.533924,true
eleve_gen_04384@gen.local,Élève,Généré 4384,,LYCEEN,BAC_1,Établissement Grand Lomé,2026-08-18T16:13:48.533924,true
eleve_gen_04385@gen.local,Élève,Généré 4385,,LYCEEN,BAC_1,Établissement Maritime,2026-08-18T16:13:48.533924,true
eleve_gen_04386@gen.local,Élève,Généré 4386,,LYCEEN,BAC_1,Établissement Savanes,2026-08-18T16:13:48.533924,true
eleve_gen_04387@gen.local,Élève,Généré 4387,,LYCEEN,BAC_1,Établissement Grand Lomé,2026-08-18T16:13:48.533924,true
eleve_gen_04388@gen.local,Élève,Généré 4388,,LYCEEN,BAC_1,Établissement Savanes,2026-08-18T16:13:48.533924,true
eleve_gen_04389@gen.local,Élève,Généré 4389,,LYCEEN,BAC_1,Établissement Maritime,2026-08-18T16:13:48.533924,true
eleve_gen_04390@gen.local,Élève,Généré 4390,,LYCEEN,BAC_1,Établissement Grand Lomé,2026-08-18T16:13:48.533924,true
eleve_gen_04391@gen.local,Élève,Généré 4391,,LYCEEN,BAC_1,Établissement Kara,2026-08-18T16:13:48.533924,true
eleve_gen_04392@gen.local,Élève,Généré 4392,,LYCEEN,BAC_1,Établissement Maritime,2026-08-18T16:13:48.533924,true
eleve_gen_04393@gen.local,Élève,Généré 4393,,LYCEEN,BAC_1,Établissement Grand Lomé,2026-08-18T16:13:48.533924,true
eleve_gen_04394@gen.local,Élève,Généré 4394,,LYCEEN,BAC_1,Établissement Kara,2026-08-18T16:13:48.533924,true
eleve_gen_04395@gen.local,Élève,Généré 4395,,LYCEEN,BAC_1,Établissement Grand Lomé,2026-08-18T16:13:48.533924,true
eleve_gen_04396@gen.local,Élève,Généré 4396,,LYCEEN,BAC_1,Établissement Centrale,2026-08-18T16:13:48.533924,true
eleve_gen_04397@gen.local,Élève,Généré 4397,,LYCEEN,BAC_1,Établissement Kara,2026-08-18T16:13:48.533924,true
eleve_gen_04398@gen.local,Élève,Généré 4398,,LYCEEN,BAC_1,Établissement Centrale,2026-08-18T16:13:48.533924,true
eleve_gen_04399@gen.local,Élève,Généré 4399,,LYCEEN,BAC_1,Établissement Kara,2026-08-18T16:13:48.533924,true
eleve_gen_04400@gen.local,Élève,Généré 4400,,LYCEEN,BAC_1,Établissement Grand Lomé,2026-08-18T16:13:48.533924,true
eleve_gen_04401@gen.local,Élève,Généré 4401,,LYCEEN,BAC_1,Établissement Plateaux Ouest,2026-08-18T16:13:48.533924,true
eleve_gen_04402@gen.local,Élève,Généré 4402,,LYCEEN,BAC_1,Établissement Plateaux Est,2026-08-18T16:13:48.533924,true
eleve_gen_04403@gen.local,Élève,Généré 4403,,LYCEEN,BAC_1,Établissement Grand Lomé,2026-08-18T16:13:48.533924,true
eleve_gen_04404@gen.local,Élève,Généré 4404,,LYCEEN,BAC_1,Établissement Plateaux Est,2026-08-18T16:13:48.533924,true
eleve_gen_04405@gen.local,Élève,Généré 4405,,LYCEEN,BAC_1,Établissement Plateaux Est,2026-08-18T16:13:48.533924,true
eleve_gen_04406@gen.local,Élève,Généré 4406,,LYCEEN,BAC_1,Établissement Grand Lomé,2026-08-18T16:13:48.533924,true
eleve_gen_04407@gen.local,Élève,Généré 4407,,LYCEEN,BAC_1,Établissement Grand Lomé,2026-08-18T16:13:48.533924,true
eleve_gen_04408@gen.local,Élève,Généré 4408,,LYCEEN,BAC_1,Établissement Kara,2026-08-18T16:13:48.533924,true
eleve_gen_04409@gen.local,Élève,Généré 4409,,LYCEEN,BAC_1,Établissement Grand Lomé,2026-08-18T16:13:48.533924,true
eleve_gen_04410@gen.local,Élève,Généré 4410,,LYCEEN,BAC_1,Établissement Centrale,2026-08-18T16:13:48.533924,true
eleve_gen_04411@gen.local,Élève,Généré 4411,,LYCEEN,BAC_1,Établissement Grand Lomé,2026-08-18T16:13:48.533924,true
eleve_gen_04412@gen.local,Élève,Généré 4412,,LYCEEN,BAC_1,Établissement Grand Lomé,2026-08-18T16:13:48.533924,true
eleve_gen_04413@gen.local,Élève,Généré 4413,,LYCEEN,BAC_1,Établissement Maritime,2026-08-18T16:13:48.533924,true
eleve_gen_04414@gen.local,Élève,Généré 4414,,LYCEEN,BAC_1,Établissement Kara,2026-08-18T16:13:48.533924,true
eleve_gen_04415@gen.local,Élève,Généré 4415,,LYCEEN,BAC_1,Établissement Grand Lomé,2026-08-18T16:13:48.533924,true
eleve_gen_04416@gen.local,Élève,Généré 4416,,LYCEEN,BAC_1,Établissement Kara,2026-08-18T16:13:48.533924,true
eleve_gen_04417@gen.local,Élève,Généré 4417,,LYCEEN,BAC_1,Établissement Maritime,2026-08-18T16:13:48.533924,true
eleve_gen_04418@gen.local,Élève,Généré 4418,,LYCEEN,BAC_1,Établissement Maritime,2026-08-18T16:13:48.533924,true
eleve_gen_04419@gen.local,Élève,Généré 4419,,LYCEEN,BAC_1,Établissement Grand Lomé,2026-08-18T16:13:48.533924,true
eleve_gen_04420@gen.local,Élève,Généré 4420,,LYCEEN,BAC_1,Établissement Plateaux Est,2026-08-18T16:13:48.533924,true
eleve_gen_04421@gen.local,Élève,Généré 4421,,LYCEEN,BAC_1,Établissement Grand Lomé,2026-08-18T16:13:48.533924,true
eleve_gen_04422@gen.local,Élève,Généré 4422,,LYCEEN,BAC_1,Établissement Centrale,2026-08-18T16:13:48.533924,true
eleve_gen_04423@gen.local,Élève,Généré 4423,,LYCEEN,BAC_1,Établissement Kara,2026-08-18T16:13:48.533924,true
eleve_gen_04424@gen.local,Élève,Généré 4424,,LYCEEN,BAC_1,Établissement Savanes,2026-08-18T16:13:48.533924,true
eleve_gen_04425@gen.local,Élève,Généré 4425,,LYCEEN,BAC_1,Établissement Maritime,2026-08-18T16:13:48.533924,true
eleve_gen_04426@gen.local,Élève,Généré 4426,,LYCEEN,BAC_1,Établissement Maritime,2026-08-18T16:13:48.533924,true
eleve_gen_04427@gen.local,Élève,Généré 4427,,LYCEEN,BAC_1,Établissement Grand Lomé,2026-08-18T16:13:48.533924,true
eleve_gen_04428@gen.local,Élève,Généré 4428,,LYCEEN,BAC_1,Établissement Kara,2026-08-18T16:13:48.533924,true
eleve_gen_04429@gen.local,Élève,Généré 4429,,LYCEEN,BAC_1,Établissement Grand Lomé,2026-08-18T16:13:48.533924,true
eleve_gen_04430@gen.local,Élève,Généré 4430,,LYCEEN,BAC_1,Établissement Grand Lomé,2026-08-18T16:13:48.533924,true
eleve_gen_04431@gen.local,Élève,Généré 4431,,LYCEEN,BAC_1,Établissement Maritime,2026-08-18T16:13:48.533924,true
eleve_gen_04432@gen.local,Élève,Généré 4432,,LYCEEN,BAC_1,Établissement Savanes,2026-08-18T16:13:48.533924,true
eleve_gen_04433@gen.local,Élève,Généré 4433,,LYCEEN,BAC_1,Établissement Kara,2026-08-18T16:13:48.533924,true
eleve_gen_04434@gen.local,Élève,Généré 4434,,LYCEEN,BAC_1,Établissement Grand Lomé,2026-08-18T16:13:48.533924,true
eleve_gen_04435@gen.local,Élève,Généré 4435,,LYCEEN,BAC_1,Établissement Kara,2026-08-18T16:13:48.533924,true
eleve_gen_04436@gen.local,Élève,Généré 4436,,LYCEEN,BAC_1,Établissement Centrale,2026-08-18T16:13:48.533924,true
eleve_gen_04437@gen.local,Élève,Généré 4437,,LYCEEN,BAC_1,Établissement Maritime,2026-08-18T16:13:48.533924,true
eleve_gen_04438@gen.local,Élève,Généré 4438,,LYCEEN,BAC_1,Établissement Plateaux Ouest,2026-08-18T16:13:48.533924,true
eleve_gen_04439@gen.local,Élève,Généré 4439,,LYCEEN,BAC_1,Établissement Grand Lomé,2026-08-18T16:13:48.533924,true
eleve_gen_04440@gen.local,Élève,Généré 4440,,LYCEEN,BAC_1,Établissement Plateaux Ouest,2026-08-18T16:13:48.533924,true
eleve_gen_04441@gen.local,Élève,Généré 4441,,LYCEEN,BAC_1,Établissement Plateaux Ouest,2026-08-18T16:13:48.533924,true
eleve_gen_04442@gen.local,Élève,Généré 4442,,LYCEEN,BAC_1,Établissement Plateaux Est,2026-08-18T16:13:48.533924,true
eleve_gen_04443@gen.local,Élève,Généré 4443,,LYCEEN,BAC_1,Établissement Centrale,2026-08-18T16:13:48.533924,true
eleve_gen_04444@gen.local,Élève,Généré 4444,,LYCEEN,BAC_1,Établissement Maritime,2026-08-18T16:13:48.533924,true
eleve_gen_04445@gen.local,Élève,Généré 4445,,LYCEEN,BAC_1,Établissement Grand Lomé,2026-08-18T16:13:48.533924,true
eleve_gen_04446@gen.local,Élève,Généré 4446,,LYCEEN,BAC_1,Établissement Plateaux Ouest,2026-08-18T16:13:48.533924,true
eleve_gen_04447@gen.local,Élève,Généré 4447,,LYCEEN,BAC_1,Établissement Grand Lomé,2026-08-18T16:13:48.533924,true
eleve_gen_04448@gen.local,Élève,Généré 4448,,LYCEEN,BAC_1,Établissement Grand Lomé,2026-08-18T16:13:48.533924,true
eleve_gen_04449@gen.local,Élève,Généré 4449,,LYCEEN,BAC_1,Établissement Grand Lomé,2026-08-18T16:13:48.533924,true
eleve_gen_04450@gen.local,Élève,Généré 4450,,LYCEEN,BAC_1,Établissement Plateaux Ouest,2026-08-18T16:13:48.533924,true
eleve_gen_04451@gen.local,Élève,Généré 4451,,LYCEEN,BAC_1,Établissement Centrale,2026-08-18T16:13:48.533924,true
eleve_gen_04452@gen.local,Élève,Généré 4452,,LYCEEN,BAC_1,Établissement Plateaux Ouest,2026-08-18T16:13:48.533924,true
eleve_gen_04453@gen.local,Élève,Généré 4453,,LYCEEN,BAC_1,Établissement Maritime,2026-08-18T16:13:48.533924,true
eleve_gen_04454@gen.local,Élève,Généré 4454,,LYCEEN,BAC_1,Établissement Plateaux Est,2026-08-18T16:13:48.533924,true
eleve_gen_04455@gen.local,Élève,Généré 4455,,LYCEEN,BAC_1,Établissement Savanes,2026-08-18T16:13:48.533924,true
eleve_gen_04456@gen.local,Élève,Généré 4456,,LYCEEN,BAC_1,Établissement Grand Lomé,2026-08-18T16:13:48.533924,true
eleve_gen_04457@gen.local,Élève,Généré 4457,,LYCEEN,BAC_1,Établissement Grand Lomé,2026-08-18T16:13:48.533924,true
eleve_gen_04458@gen.local,Élève,Généré 4458,,LYCEEN,BAC_1,Établissement Centrale,2026-08-18T16:13:48.533924,true
eleve_gen_04459@gen.local,Élève,Généré 4459,,LYCEEN,BAC_1,Établissement Grand Lomé,2026-08-18T16:13:48.533924,true
eleve_gen_04460@gen.local,Élève,Généré 4460,,LYCEEN,BAC_1,Établissement Plateaux Est,2026-08-18T16:13:48.533924,true
eleve_gen_04461@gen.local,Élève,Généré 4461,,LYCEEN,BAC_1,Établissement Maritime,2026-08-18T16:13:48.533924,true
eleve_gen_04462@gen.local,Élève,Généré 4462,,LYCEEN,BAC_1,Établissement Maritime,2026-08-18T16:13:48.533924,true
eleve_gen_04463@gen.local,Élève,Généré 4463,,LYCEEN,BAC_1,Établissement Plateaux Ouest,2026-08-18T16:13:48.533924,true
eleve_gen_04464@gen.local,Élève,Généré 4464,,LYCEEN,BAC_1,Établissement Plateaux Est,2026-08-18T16:13:48.533924,true
eleve_gen_04465@gen.local,Élève,Généré 4465,,LYCEEN,BAC_1,Établissement Maritime,2026-08-18T16:13:48.533924,true
eleve_gen_04466@gen.local,Élève,Généré 4466,,LYCEEN,BAC_1,Établissement Plateaux Est,2026-08-18T16:13:48.533924,true
eleve_gen_04467@gen.local,Élève,Généré 4467,,LYCEEN,BAC_1,Établissement Savanes,2026-08-18T16:13:48.533924,true
eleve_gen_04468@gen.local,Élève,Généré 4468,,LYCEEN,BAC_1,Établissement Kara,2026-08-18T16:13:48.533924,true
eleve_gen_04469@gen.local,Élève,Généré 4469,,LYCEEN,BAC_1,Établissement Maritime,2026-08-18T16:13:48.533924,true
eleve_gen_04470@gen.local,Élève,Généré 4470,,LYCEEN,BAC_1,Établissement Maritime,2026-08-18T16:13:48.533924,true
eleve_gen_04471@gen.local,Élève,Généré 4471,,LYCEEN,BAC_1,Établissement Maritime,2026-08-18T16:13:48.533924,true
eleve_gen_04472@gen.local,Élève,Généré 4472,,LYCEEN,BAC_1,Établissement Plateaux Est,2026-08-18T16:13:48.533924,true
eleve_gen_04473@gen.local,Élève,Généré 4473,,LYCEEN,BAC_1,Établissement Grand Lomé,2026-08-18T16:13:48.533924,true
eleve_gen_04474@gen.local,Élève,Généré 4474,,LYCEEN,BAC_1,Établissement Kara,2026-08-18T16:13:48.533924,true
eleve_gen_04475@gen.local,Élève,Généré 4475,,LYCEEN,BAC_1,Établissement Grand Lomé,2026-08-18T16:13:48.533924,true
eleve_gen_04476@gen.local,Élève,Généré 4476,,LYCEEN,BAC_1,Établissement Grand Lomé,2026-08-18T16:13:48.533924,true
eleve_gen_04477@gen.local,Élève,Généré 4477,,LYCEEN,BAC_1,Établissement Plateaux Est,2026-08-18T16:13:48.533924,true
eleve_gen_04478@gen.local,Élève,Généré 4478,,LYCEEN,BAC_1,Établissement Plateaux Ouest,2026-08-18T16:13:48.533924,true
eleve_gen_04479@gen.local,Élève,Généré 4479,,LYCEEN,BAC_1,Établissement Grand Lomé,2026-08-18T16:13:48.533924,true
eleve_gen_04480@gen.local,Élève,Généré 4480,,LYCEEN,BAC_1,Établissement Plateaux Est,2026-08-18T16:13:48.533924,true
eleve_gen_04481@gen.local,Élève,Généré 4481,,LYCEEN,BAC_1,Établissement Grand Lomé,2026-08-18T16:13:48.533924,true
eleve_gen_04482@gen.local,Élève,Généré 4482,,LYCEEN,BAC_1,Établissement Savanes,2026-08-18T16:13:48.533924,true
eleve_gen_04483@gen.local,Élève,Généré 4483,,LYCEEN,BAC_1,Établissement Grand Lomé,2026-08-18T16:13:48.533924,true
eleve_gen_04484@gen.local,Élève,Généré 4484,,LYCEEN,BAC_1,Établissement Maritime,2026-08-18T16:13:48.533924,true
eleve_gen_04485@gen.local,Élève,Généré 4485,,LYCEEN,BAC_1,Établissement Plateaux Est,2026-08-18T16:13:48.533924,true
eleve_gen_04486@gen.local,Élève,Généré 4486,,LYCEEN,BAC_1,Établissement Maritime,2026-08-18T16:13:48.533924,true
eleve_gen_04487@gen.local,Élève,Généré 4487,,LYCEEN,BAC_1,Établissement Plateaux Est,2026-08-18T16:13:48.533924,true
eleve_gen_04488@gen.local,Élève,Généré 4488,,LYCEEN,BAC_1,Établissement Savanes,2026-08-18T16:13:48.533924,true
eleve_gen_04489@gen.local,Élève,Généré 4489,,LYCEEN,BAC_1,Établissement Plateaux Est,2026-08-18T16:13:48.533924,true
eleve_gen_04490@gen.local,Élève,Généré 4490,,LYCEEN,BAC_1,Établissement Plateaux Ouest,2026-08-18T16:13:48.533924,true
eleve_gen_04491@gen.local,Élève,Généré 4491,,LYCEEN,BAC_1,Établissement Plateaux Ouest,2026-08-18T16:13:48.533924,true
eleve_gen_04492@gen.local,Élève,Généré 4492,,LYCEEN,BAC_1,Établissement Grand Lomé,2026-08-18T16:13:48.533924,true
eleve_gen_04493@gen.local,Élève,Généré 4493,,LYCEEN,BAC_1,Établissement Savanes,2026-08-18T16:13:48.533924,true
eleve_gen_04494@gen.local,Élève,Généré 4494,,LYCEEN,BAC_1,Établissement Plateaux Est,2026-08-18T16:13:48.533924,true
eleve_gen_04495@gen.local,Élève,Généré 4495,,LYCEEN,BAC_1,Établissement Grand Lomé,2026-08-18T16:13:48.533924,true
eleve_gen_04496@gen.local,Élève,Généré 4496,,LYCEEN,BAC_1,Établissement Grand Lomé,2026-08-18T16:13:48.533924,true
eleve_gen_04497@gen.local,Élève,Généré 4497,,LYCEEN,BAC_1,Établissement Plateaux Est,2026-08-18T16:13:48.533924,true
eleve_gen_04498@gen.local,Élève,Généré 4498,,LYCEEN,BAC_1,Établissement Grand Lomé,2026-08-18T16:13:48.533924,true
eleve_gen_04499@gen.local,Élève,Généré 4499,,LYCEEN,BAC_1,Établissement Maritime,2026-08-18T16:13:48.533924,true
eleve_gen_04500@gen.local,Élève,Généré 4500,,LYCEEN,BAC_1,Établissement Plateaux Est,2026-08-18T16:13:48.533924,true
eleve_gen_04501@gen.local,Élève,Généré 4501,,LYCEEN,BAC_1,Établissement Grand Lomé,2026-08-18T16:13:48.533924,true
eleve_gen_04502@gen.local,Élève,Généré 4502,,LYCEEN,BAC_1,Établissement Plateaux Est,2026-08-18T16:13:48.533924,true
eleve_gen_04503@gen.local,Élève,Généré 4503,,LYCEEN,BAC_1,Établissement Grand Lomé,2026-08-18T16:13:48.533924,true
eleve_gen_04504@gen.local,Élève,Généré 4504,,LYCEEN,BAC_1,Établissement Kara,2026-08-18T16:13:48.533924,true
eleve_gen_04505@gen.local,Élève,Généré 4505,,LYCEEN,BAC_1,Établissement Kara,2026-08-18T16:13:48.533924,true
eleve_gen_04506@gen.local,Élève,Généré 4506,,LYCEEN,BAC_1,Établissement Plateaux Est,2026-08-18T16:13:48.533924,true
eleve_gen_04507@gen.local,Élève,Généré 4507,,LYCEEN,BAC_1,Établissement Maritime,2026-08-18T16:13:48.533924,true
eleve_gen_04508@gen.local,Élève,Généré 4508,,LYCEEN,BAC_1,Établissement Savanes,2026-08-18T16:13:48.533924,true
eleve_gen_04509@gen.local,Élève,Généré 4509,,LYCEEN,BAC_1,Établissement Kara,2026-08-18T16:13:48.533924,true
eleve_gen_04510@gen.local,Élève,Généré 4510,,LYCEEN,BAC_1,Établissement Grand Lomé,2026-08-18T16:13:48.533924,true
eleve_gen_04511@gen.local,Élève,Généré 4511,,LYCEEN,BAC_1,Établissement Savanes,2026-08-18T16:13:48.533924,true
eleve_gen_04512@gen.local,Élève,Généré 4512,,LYCEEN,BAC_1,Établissement Grand Lomé,2026-08-18T16:13:48.533924,true
eleve_gen_04513@gen.local,Élève,Généré 4513,,LYCEEN,BAC_1,Établissement Maritime,2026-08-18T16:13:48.533924,true
eleve_gen_04514@gen.local,Élève,Généré 4514,,LYCEEN,BAC_1,Établissement Centrale,2026-08-18T16:13:48.533924,true
eleve_gen_04515@gen.local,Élève,Généré 4515,,LYCEEN,BAC_1,Établissement Grand Lomé,2026-08-18T16:13:48.533924,true
eleve_gen_04516@gen.local,Élève,Généré 4516,,LYCEEN,BAC_1,Établissement Plateaux Ouest,2026-08-18T16:13:48.533924,true
eleve_gen_04517@gen.local,Élève,Généré 4517,,LYCEEN,BAC_1,Établissement Maritime,2026-08-18T16:13:48.533924,true
eleve_gen_04518@gen.local,Élève,Généré 4518,,LYCEEN,BAC_1,Établissement Grand Lomé,2026-08-18T16:13:48.533924,true
eleve_gen_04519@gen.local,Élève,Généré 4519,,LYCEEN,BAC_1,Établissement Plateaux Ouest,2026-08-18T16:13:48.533924,true
eleve_gen_04520@gen.local,Élève,Généré 4520,,LYCEEN,BAC_1,Établissement Grand Lomé,2026-08-18T16:13:48.533924,true
eleve_gen_04521@gen.local,Élève,Généré 4521,,LYCEEN,BAC_1,Établissement Centrale,2026-08-18T16:13:48.533924,true
eleve_gen_04522@gen.local,Élève,Généré 4522,,LYCEEN,BAC_1,Établissement Savanes,2026-08-18T16:13:48.533924,true
eleve_gen_04523@gen.local,Élève,Généré 4523,,LYCEEN,BAC_1,Établissement Centrale,2026-08-18T16:13:48.533924,true
eleve_gen_04524@gen.local,Élève,Généré 4524,,LYCEEN,BAC_1,Établissement Plateaux Ouest,2026-08-18T16:13:48.533924,true
eleve_gen_04525@gen.local,Élève,Généré 4525,,LYCEEN,BAC_1,Établissement Centrale,2026-08-18T16:13:48.533924,true
eleve_gen_04526@gen.local,Élève,Généré 4526,,LYCEEN,BAC_1,Établissement Maritime,2026-08-18T16:13:48.533924,true
eleve_gen_04527@gen.local,Élève,Généré 4527,,LYCEEN,BAC_1,Établissement Plateaux Ouest,2026-08-18T16:13:48.533924,true
eleve_gen_04528@gen.local,Élève,Généré 4528,,LYCEEN,BAC_1,Établissement Maritime,2026-08-18T16:13:48.533924,true
eleve_gen_04529@gen.local,Élève,Généré 4529,,LYCEEN,BAC_1,Établissement Plateaux Ouest,2026-08-18T16:13:48.533924,true
eleve_gen_04530@gen.local,Élève,Généré 4530,,LYCEEN,BAC_1,Établissement Centrale,2026-08-18T16:13:48.533924,true
eleve_gen_04531@gen.local,Élève,Généré 4531,,LYCEEN,BAC_1,Établissement Maritime,2026-08-18T16:13:48.533924,true
eleve_gen_04532@gen.local,Élève,Généré 4532,,LYCEEN,BAC_1,Établissement Grand Lomé,2026-08-18T16:13:48.533924,true
eleve_gen_04533@gen.local,Élève,Généré 4533,,LYCEEN,BAC_1,Établissement Grand Lomé,2026-08-18T16:13:48.533924,true
eleve_gen_04534@gen.local,Élève,Généré 4534,,LYCEEN,BAC_1,Établissement Grand Lomé,2026-08-18T16:13:48.533924,true
eleve_gen_04535@gen.local,Élève,Généré 4535,,LYCEEN,BAC_1,Établissement Centrale,2026-08-18T16:13:48.533924,true
eleve_gen_04536@gen.local,Élève,Généré 4536,,LYCEEN,BAC_1,Établissement Grand Lomé,2026-08-18T16:13:48.533924,true
eleve_gen_04537@gen.local,Élève,Généré 4537,,LYCEEN,BAC_1,Établissement Centrale,2026-08-18T16:13:48.533924,true
eleve_gen_04538@gen.local,Élève,Généré 4538,,LYCEEN,BAC_1,Établissement Maritime,2026-08-18T16:13:48.533924,true
eleve_gen_04539@gen.local,Élève,Généré 4539,,LYCEEN,BAC_1,Établissement Maritime,2026-08-18T16:13:48.533924,true
eleve_gen_04540@gen.local,Élève,Généré 4540,,LYCEEN,BAC_1,Établissement Maritime,2026-08-18T16:13:48.533924,true
eleve_gen_04541@gen.local,Élève,Généré 4541,,LYCEEN,BAC_1,Établissement Grand Lomé,2026-08-18T16:13:48.533924,true
eleve_gen_04542@gen.local,Élève,Généré 4542,,LYCEEN,BAC_1,Établissement Centrale,2026-08-18T16:13:48.533924,true
eleve_gen_04543@gen.local,Élève,Généré 4543,,LYCEEN,BAC_1,Établissement Plateaux Est,2026-08-18T16:13:48.533924,true
eleve_gen_04544@gen.local,Élève,Généré 4544,,LYCEEN,BAC_1,Établissement Grand Lomé,2026-08-18T16:13:48.533924,true
eleve_gen_04545@gen.local,Élève,Généré 4545,,LYCEEN,BAC_1,Établissement Maritime,2026-08-18T16:13:48.533924,true
eleve_gen_04546@gen.local,Élève,Généré 4546,,LYCEEN,BAC_1,Établissement Grand Lomé,2026-08-18T16:13:48.533924,true
eleve_gen_04547@gen.local,Élève,Généré 4547,,LYCEEN,BAC_1,Établissement Maritime,2026-08-18T16:13:48.533924,true
eleve_gen_04548@gen.local,Élève,Généré 4548,,LYCEEN,BAC_1,Établissement Plateaux Est,2026-08-18T16:13:48.533924,true
eleve_gen_04549@gen.local,Élève,Généré 4549,,LYCEEN,BAC_1,Établissement Grand Lomé,2026-08-18T16:13:48.533924,true
eleve_gen_04550@gen.local,Élève,Généré 4550,,LYCEEN,BAC_1,Établissement Plateaux Est,2026-08-18T16:13:48.533924,true
eleve_gen_04551@gen.local,Élève,Généré 4551,,LYCEEN,BAC_1,Établissement Centrale,2026-08-18T16:13:48.533924,true
eleve_gen_04552@gen.local,Élève,Généré 4552,,LYCEEN,BAC_1,Établissement Maritime,2026-08-18T16:13:48.533924,true
eleve_gen_04553@gen.local,Élève,Généré 4553,,LYCEEN,BAC_1,Établissement Maritime,2026-08-18T16:13:48.533924,true
eleve_gen_04554@gen.local,Élève,Généré 4554,,LYCEEN,BAC_1,Établissement Grand Lomé,2026-08-18T16:13:48.533924,true
eleve_gen_04555@gen.local,Élève,Généré 4555,,LYCEEN,BAC_1,Établissement Grand Lomé,2026-08-18T16:13:48.533924,true
eleve_gen_04556@gen.local,Élève,Généré 4556,,LYCEEN,BAC_1,Établissement Plateaux Ouest,2026-08-18T16:13:48.533924,true
eleve_gen_04557@gen.local,Élève,Généré 4557,,LYCEEN,BAC_1,Établissement Centrale,2026-08-18T16:13:48.533924,true
eleve_gen_04558@gen.local,Élève,Généré 4558,,LYCEEN,BAC_1,Établissement Grand Lomé,2026-08-18T16:13:48.533924,true
eleve_gen_04559@gen.local,Élève,Généré 4559,,LYCEEN,BAC_1,Établissement Grand Lomé,2026-08-18T16:13:48.533924,true
eleve_gen_04560@gen.local,Élève,Généré 4560,,LYCEEN,BAC_1,Établissement Plateaux Est,2026-08-18T16:13:48.533924,true
eleve_gen_04561@gen.local,Élève,Généré 4561,,LYCEEN,BAC_1,Établissement Grand Lomé,2026-08-18T16:13:48.533924,true
eleve_gen_04562@gen.local,Élève,Généré 4562,,LYCEEN,BAC_1,Établissement Grand Lomé,2026-08-18T16:13:48.533924,true
eleve_gen_04563@gen.local,Élève,Généré 4563,,LYCEEN,BAC_1,Établissement Maritime,2026-08-18T16:13:48.533924,true
eleve_gen_04564@gen.local,Élève,Généré 4564,,LYCEEN,BAC_1,Établissement Plateaux Ouest,2026-08-18T16:13:48.533924,true
eleve_gen_04565@gen.local,Élève,Généré 4565,,LYCEEN,BAC_1,Établissement Centrale,2026-08-18T16:13:48.533924,true
eleve_gen_04566@gen.local,Élève,Généré 4566,,LYCEEN,BAC_1,Établissement Kara,2026-08-18T16:13:48.533924,true
eleve_gen_04567@gen.local,Élève,Généré 4567,,LYCEEN,BAC_1,Établissement Centrale,2026-08-18T16:13:48.533924,true
eleve_gen_04568@gen.local,Élève,Généré 4568,,LYCEEN,BAC_1,Établissement Maritime,2026-08-18T16:13:48.533924,true
eleve_gen_04569@gen.local,Élève,Généré 4569,,LYCEEN,BAC_1,Établissement Plateaux Est,2026-08-18T16:13:48.533924,true
eleve_gen_04570@gen.local,Élève,Généré 4570,,LYCEEN,BAC_1,Établissement Grand Lomé,2026-08-18T16:13:48.533924,true
eleve_gen_04571@gen.local,Élève,Généré 4571,,LYCEEN,BAC_1,Établissement Grand Lomé,2026-08-18T16:13:48.533924,true
eleve_gen_04572@gen.local,Élève,Généré 4572,,LYCEEN,BAC_1,Établissement Grand Lomé,2026-08-18T16:13:48.533924,true
eleve_gen_04573@gen.local,Élève,Généré 4573,,LYCEEN,BAC_1,Établissement Maritime,2026-08-18T16:13:48.533924,true
eleve_gen_04574@gen.local,Élève,Généré 4574,,LYCEEN,BAC_1,Établissement Centrale,2026-08-18T16:13:48.533924,true
eleve_gen_04575@gen.local,Élève,Généré 4575,,LYCEEN,BAC_1,Établissement Maritime,2026-08-18T16:13:48.533924,true
eleve_gen_04576@gen.local,Élève,Généré 4576,,LYCEEN,BAC_1,Établissement Plateaux Est,2026-08-18T16:13:48.533924,true
eleve_gen_04577@gen.local,Élève,Généré 4577,,LYCEEN,BAC_1,Établissement Plateaux Est,2026-08-18T16:13:48.533924,true
eleve_gen_04578@gen.local,Élève,Généré 4578,,LYCEEN,BAC_1,Établissement Grand Lomé,2026-08-18T16:13:48.533924,true
eleve_gen_04579@gen.local,Élève,Généré 4579,,LYCEEN,BAC_1,Établissement Centrale,2026-08-18T16:13:48.533924,true
eleve_gen_04580@gen.local,Élève,Généré 4580,,LYCEEN,BAC_1,Établissement Grand Lomé,2026-08-18T16:13:48.533924,true
eleve_gen_04581@gen.local,Élève,Généré 4581,,LYCEEN,BAC_1,Établissement Plateaux Ouest,2026-08-18T16:13:48.533924,true
eleve_gen_04582@gen.local,Élève,Généré 4582,,LYCEEN,BAC_1,Établissement Plateaux Est,2026-08-18T16:13:48.533924,true
eleve_gen_04583@gen.local,Élève,Généré 4583,,LYCEEN,BAC_1,Établissement Plateaux Ouest,2026-08-18T16:13:48.533924,true
eleve_gen_04584@gen.local,Élève,Généré 4584,,LYCEEN,BAC_1,Établissement Maritime,2026-08-18T16:13:48.533924,true
eleve_gen_04585@gen.local,Élève,Généré 4585,,LYCEEN,BAC_1,Établissement Plateaux Est,2026-08-18T16:13:48.533924,true
eleve_gen_04586@gen.local,Élève,Généré 4586,,LYCEEN,BAC_1,Établissement Grand Lomé,2026-08-18T16:13:48.533924,true
eleve_gen_04587@gen.local,Élève,Généré 4587,,LYCEEN,BAC_1,Établissement Grand Lomé,2026-08-18T16:13:48.533924,true
eleve_gen_04588@gen.local,Élève,Généré 4588,,LYCEEN,BAC_1,Établissement Plateaux Est,2026-08-18T16:13:48.533924,true
eleve_gen_04589@gen.local,Élève,Généré 4589,,LYCEEN,BAC_1,Établissement Maritime,2026-08-18T16:13:48.533924,true
eleve_gen_04590@gen.local,Élève,Généré 4590,,LYCEEN,BAC_1,Établissement Maritime,2026-08-18T16:13:48.533924,true
eleve_gen_04591@gen.local,Élève,Généré 4591,,LYCEEN,BAC_1,Établissement Grand Lomé,2026-08-18T16:13:48.533924,true
eleve_gen_04592@gen.local,Élève,Généré 4592,,LYCEEN,BAC_1,Établissement Plateaux Est,2026-08-18T16:13:48.533924,true
eleve_gen_04593@gen.local,Élève,Généré 4593,,LYCEEN,BAC_1,Établissement Grand Lomé,2026-08-18T16:13:48.533924,true
eleve_gen_04594@gen.local,Élève,Généré 4594,,LYCEEN,BAC_1,Établissement Kara,2026-08-18T16:13:48.533924,true
eleve_gen_04595@gen.local,Élève,Généré 4595,,LYCEEN,BAC_1,Établissement Plateaux Ouest,2026-08-18T16:13:48.533924,true
eleve_gen_04596@gen.local,Élève,Généré 4596,,LYCEEN,BAC_1,Établissement Maritime,2026-08-18T16:13:48.533924,true
eleve_gen_04597@gen.local,Élève,Généré 4597,,LYCEEN,BAC_1,Établissement Plateaux Ouest,2026-08-18T16:13:48.533924,true
eleve_gen_04598@gen.local,Élève,Généré 4598,,LYCEEN,BAC_1,Établissement Grand Lomé,2026-08-18T16:13:48.533924,true
eleve_gen_04599@gen.local,Élève,Généré 4599,,LYCEEN,BAC_1,Établissement Plateaux Ouest,2026-08-18T16:13:48.533924,true
eleve_gen_04600@gen.local,Élève,Généré 4600,,LYCEEN,BAC_1,Établissement Grand Lomé,2026-08-18T16:13:48.533924,true
eleve_gen_04601@gen.local,Élève,Généré 4601,,LYCEEN,BAC_1,Établissement Maritime,2026-08-18T16:13:48.533924,true
eleve_gen_04602@gen.local,Élève,Généré 4602,,LYCEEN,BAC_1,Établissement Grand Lomé,2026-08-18T16:13:48.533924,true
eleve_gen_04603@gen.local,Élève,Généré 4603,,LYCEEN,BAC_1,Établissement Grand Lomé,2026-08-18T16:13:48.533924,true
eleve_gen_04604@gen.local,Élève,Généré 4604,,LYCEEN,BAC_1,Établissement Savanes,2026-08-18T16:13:48.533924,true
eleve_gen_04605@gen.local,Élève,Généré 4605,,LYCEEN,BAC_1,Établissement Plateaux Ouest,2026-08-18T16:13:48.533924,true
eleve_gen_04606@gen.local,Élève,Généré 4606,,LYCEEN,BAC_1,Établissement Grand Lomé,2026-08-18T16:13:48.533924,true
eleve_gen_04607@gen.local,Élève,Généré 4607,,LYCEEN,BAC_1,Établissement Maritime,2026-08-18T16:13:48.533924,true
eleve_gen_04608@gen.local,Élève,Généré 4608,,LYCEEN,BAC_1,Établissement Grand Lomé,2026-08-18T16:13:48.533924,true
eleve_gen_04609@gen.local,Élève,Généré 4609,,LYCEEN,BAC_1,Établissement Maritime,2026-08-18T16:13:48.533924,true
eleve_gen_04610@gen.local,Élève,Généré 4610,,LYCEEN,BAC_1,Établissement Centrale,2026-08-18T16:13:48.533924,true
eleve_gen_04611@gen.local,Élève,Généré 4611,,LYCEEN,BAC_1,Établissement Grand Lomé,2026-08-18T16:13:48.533924,true
eleve_gen_04612@gen.local,Élève,Généré 4612,,LYCEEN,BAC_1,Établissement Kara,2026-08-18T16:13:48.533924,true
eleve_gen_04613@gen.local,Élève,Généré 4613,,LYCEEN,BAC_1,Établissement Maritime,2026-08-18T16:13:48.533924,true
eleve_gen_04614@gen.local,Élève,Généré 4614,,LYCEEN,BAC_1,Établissement Centrale,2026-08-18T16:13:48.533924,true
eleve_gen_04615@gen.local,Élève,Généré 4615,,LYCEEN,BAC_1,Établissement Savanes,2026-08-18T16:13:48.533924,true
eleve_gen_04616@gen.local,Élève,Généré 4616,,LYCEEN,BAC_1,Établissement Kara,2026-08-18T16:13:48.533924,true
eleve_gen_04617@gen.local,Élève,Généré 4617,,LYCEEN,BAC_1,Établissement Grand Lomé,2026-08-18T16:13:48.533924,true
eleve_gen_04618@gen.local,Élève,Généré 4618,,LYCEEN,BAC_1,Établissement Plateaux Ouest,2026-08-18T16:13:48.533924,true
eleve_gen_04619@gen.local,Élève,Généré 4619,,LYCEEN,BAC_1,Établissement Grand Lomé,2026-08-18T16:13:48.533924,true
eleve_gen_04620@gen.local,Élève,Généré 4620,,LYCEEN,BAC_1,Établissement Grand Lomé,2026-08-18T16:13:48.533924,true
eleve_gen_04621@gen.local,Élève,Généré 4621,,LYCEEN,BAC_1,Établissement Grand Lomé,2026-08-18T16:13:48.533924,true
eleve_gen_04622@gen.local,Élève,Généré 4622,,LYCEEN,BAC_1,Établissement Maritime,2026-08-18T16:13:48.533924,true
eleve_gen_04623@gen.local,Élève,Généré 4623,,LYCEEN,BAC_1,Établissement Plateaux Est,2026-08-18T16:13:48.533924,true
eleve_gen_04624@gen.local,Élève,Généré 4624,,LYCEEN,BAC_1,Établissement Kara,2026-08-18T16:13:48.533924,true
eleve_gen_04625@gen.local,Élève,Généré 4625,,LYCEEN,BAC_1,Établissement Grand Lomé,2026-08-18T16:13:48.533924,true
eleve_gen_04626@gen.local,Élève,Généré 4626,,LYCEEN,BAC_1,Établissement Plateaux Est,2026-08-18T16:13:48.533924,true
eleve_gen_04627@gen.local,Élève,Généré 4627,,LYCEEN,BAC_1,Établissement Plateaux Est,2026-08-18T16:13:48.533924,true
eleve_gen_04628@gen.local,Élève,Généré 4628,,LYCEEN,BAC_1,Établissement Savanes,2026-08-18T16:13:48.533924,true
eleve_gen_04629@gen.local,Élève,Généré 4629,,LYCEEN,BAC_1,Établissement Centrale,2026-08-18T16:13:48.533924,true
eleve_gen_04630@gen.local,Élève,Généré 4630,,LYCEEN,BAC_1,Établissement Plateaux Ouest,2026-08-18T16:13:48.533924,true
eleve_gen_04631@gen.local,Élève,Généré 4631,,LYCEEN,BAC_1,Établissement Plateaux Est,2026-08-18T16:13:48.533924,true
eleve_gen_04632@gen.local,Élève,Généré 4632,,LYCEEN,BAC_1,Établissement Grand Lomé,2026-08-18T16:13:48.533924,true
eleve_gen_04633@gen.local,Élève,Généré 4633,,LYCEEN,BAC_1,Établissement Plateaux Ouest,2026-08-18T16:13:48.533924,true
eleve_gen_04634@gen.local,Élève,Généré 4634,,LYCEEN,BAC_1,Établissement Kara,2026-08-18T16:13:48.533924,true
eleve_gen_04635@gen.local,Élève,Généré 4635,,LYCEEN,BAC_1,Établissement Plateaux Est,2026-08-18T16:13:48.533924,true
eleve_gen_04636@gen.local,Élève,Généré 4636,,LYCEEN,BAC_1,Établissement Centrale,2026-08-18T16:13:48.533924,true
eleve_gen_04637@gen.local,Élève,Généré 4637,,LYCEEN,BAC_1,Établissement Plateaux Ouest,2026-08-18T16:13:48.533924,true
eleve_gen_04638@gen.local,Élève,Généré 4638,,LYCEEN,BAC_1,Établissement Maritime,2026-08-18T16:13:48.533924,true
eleve_gen_04639@gen.local,Élève,Généré 4639,,LYCEEN,BAC_1,Établissement Grand Lomé,2026-08-18T16:13:48.533924,true
eleve_gen_04640@gen.local,Élève,Généré 4640,,LYCEEN,BAC_1,Établissement Plateaux Ouest,2026-08-18T16:13:48.533924,true
eleve_gen_04641@gen.local,Élève,Généré 4641,,LYCEEN,BAC_1,Établissement Savanes,2026-08-18T16:13:48.533924,true
eleve_gen_04642@gen.local,Élève,Généré 4642,,LYCEEN,BAC_1,Établissement Plateaux Est,2026-08-18T16:13:48.533924,true
eleve_gen_04643@gen.local,Élève,Généré 4643,,LYCEEN,BAC_1,Établissement Centrale,2026-08-18T16:13:48.533924,true
eleve_gen_04644@gen.local,Élève,Généré 4644,,LYCEEN,BAC_1,Établissement Centrale,2026-08-18T16:13:48.533924,true
eleve_gen_04645@gen.local,Élève,Généré 4645,,LYCEEN,BAC_1,Établissement Plateaux Est,2026-08-18T16:13:48.533924,true
eleve_gen_04646@gen.local,Élève,Généré 4646,,LYCEEN,BAC_1,Établissement Plateaux Ouest,2026-08-18T16:13:48.533924,true
eleve_gen_04647@gen.local,Élève,Généré 4647,,LYCEEN,BAC_1,Établissement Plateaux Est,2026-08-18T16:13:48.533924,true
eleve_gen_04648@gen.local,Élève,Généré 4648,,LYCEEN,BAC_1,Établissement Grand Lomé,2026-08-18T16:13:48.533924,true
eleve_gen_04649@gen.local,Élève,Généré 4649,,LYCEEN,BAC_1,Établissement Kara,2026-08-18T16:13:48.533924,true
eleve_gen_04650@gen.local,Élève,Généré 4650,,LYCEEN,BAC_1,Établissement Maritime,2026-08-18T16:13:48.533924,true
eleve_gen_04651@gen.local,Élève,Généré 4651,,LYCEEN,BAC_1,Établissement Kara,2026-08-18T16:13:48.533924,true
eleve_gen_04652@gen.local,Élève,Généré 4652,,LYCEEN,BAC_1,Établissement Grand Lomé,2026-08-18T16:13:48.533924,true
eleve_gen_04653@gen.local,Élève,Généré 4653,,LYCEEN,BAC_1,Établissement Plateaux Est,2026-08-18T16:13:48.533924,true
eleve_gen_04654@gen.local,Élève,Généré 4654,,LYCEEN,BAC_1,Établissement Grand Lomé,2026-08-18T16:13:48.533924,true
eleve_gen_04655@gen.local,Élève,Généré 4655,,LYCEEN,BAC_1,Établissement Grand Lomé,2026-08-18T16:13:48.533924,true
eleve_gen_04656@gen.local,Élève,Généré 4656,,LYCEEN,BAC_1,Établissement Kara,2026-08-18T16:13:48.533924,true
eleve_gen_04657@gen.local,Élève,Généré 4657,,LYCEEN,BAC_1,Établissement Kara,2026-08-18T16:13:48.533924,true
eleve_gen_04658@gen.local,Élève,Généré 4658,,LYCEEN,BAC_1,Établissement Maritime,2026-08-18T16:13:48.533924,true
eleve_gen_04659@gen.local,Élève,Généré 4659,,LYCEEN,BAC_1,Établissement Maritime,2026-08-18T16:13:48.533924,true
eleve_gen_04660@gen.local,Élève,Généré 4660,,LYCEEN,BAC_1,Établissement Maritime,2026-08-18T16:13:48.533924,true
eleve_gen_04661@gen.local,Élève,Généré 4661,,LYCEEN,BAC_1,Établissement Plateaux Est,2026-08-18T16:13:48.533924,true
eleve_gen_04662@gen.local,Élève,Généré 4662,,LYCEEN,BAC_1,Établissement Maritime,2026-08-18T16:13:48.533924,true
eleve_gen_04663@gen.local,Élève,Généré 4663,,LYCEEN,BAC_1,Établissement Savanes,2026-08-18T16:13:48.533924,true
eleve_gen_04664@gen.local,Élève,Généré 4664,,LYCEEN,BAC_1,Établissement Maritime,2026-08-18T16:13:48.533924,true
eleve_gen_04665@gen.local,Élève,Généré 4665,,LYCEEN,BAC_1,Établissement Kara,2026-08-18T16:13:48.533924,true
eleve_gen_04666@gen.local,Élève,Généré 4666,,LYCEEN,BAC_1,Établissement Grand Lomé,2026-08-18T16:13:48.533924,true
eleve_gen_04667@gen.local,Élève,Généré 4667,,LYCEEN,BAC_1,Établissement Grand Lomé,2026-08-18T16:13:48.533924,true
eleve_gen_04668@gen.local,Élève,Généré 4668,,LYCEEN,BAC_1,Établissement Maritime,2026-08-18T16:13:48.533924,true
eleve_gen_04669@gen.local,Élève,Généré 4669,,LYCEEN,BAC_1,Établissement Plateaux Ouest,2026-08-18T16:13:48.533924,true
eleve_gen_04670@gen.local,Élève,Généré 4670,,LYCEEN,BAC_1,Établissement Grand Lomé,2026-08-18T16:13:48.533924,true
eleve_gen_04671@gen.local,Élève,Généré 4671,,LYCEEN,BAC_1,Établissement Centrale,2026-08-18T16:13:48.533924,true
eleve_gen_04672@gen.local,Élève,Généré 4672,,LYCEEN,BAC_1,Établissement Grand Lomé,2026-08-18T16:13:48.533924,true
eleve_gen_04673@gen.local,Élève,Généré 4673,,LYCEEN,BAC_1,Établissement Grand Lomé,2026-08-18T16:13:48.533924,true
eleve_gen_04674@gen.local,Élève,Généré 4674,,LYCEEN,BAC_1,Établissement Centrale,2026-08-18T16:13:48.533924,true
eleve_gen_04675@gen.local,Élève,Généré 4675,,LYCEEN,BAC_1,Établissement Grand Lomé,2026-08-18T16:13:48.533924,true
eleve_gen_04676@gen.local,Élève,Généré 4676,,LYCEEN,BAC_1,Établissement Grand Lomé,2026-08-18T16:13:48.533924,true
eleve_gen_04677@gen.local,Élève,Généré 4677,,LYCEEN,BAC_1,Établissement Grand Lomé,2026-08-18T16:13:48.533924,true
eleve_gen_04678@gen.local,Élève,Généré 4678,,LYCEEN,BAC_1,Établissement Kara,2026-08-18T16:13:48.533924,true
eleve_gen_04679@gen.local,Élève,Généré 4679,,LYCEEN,BAC_1,Établissement Grand Lomé,2026-08-18T16:13:48.533924,true
eleve_gen_04680@gen.local,Élève,Généré 4680,,LYCEEN,BAC_1,Établissement Grand Lomé,2026-08-18T16:13:48.533924,true
eleve_gen_04681@gen.local,Élève,Généré 4681,,LYCEEN,BAC_1,Établissement Centrale,2026-08-18T16:13:48.533924,true
eleve_gen_04682@gen.local,Élève,Généré 4682,,LYCEEN,BAC_1,Établissement Plateaux Ouest,2026-08-18T16:13:48.533924,true
eleve_gen_04683@gen.local,Élève,Généré 4683,,LYCEEN,BAC_1,Établissement Savanes,2026-08-18T16:13:48.533924,true
eleve_gen_04684@gen.local,Élève,Généré 4684,,LYCEEN,BAC_1,Établissement Grand Lomé,2026-08-18T16:13:48.533924,true
eleve_gen_04685@gen.local,Élève,Généré 4685,,LYCEEN,BAC_1,Établissement Maritime,2026-08-18T16:13:48.533924,true
eleve_gen_04686@gen.local,Élève,Généré 4686,,LYCEEN,BAC_1,Établissement Plateaux Est,2026-08-18T16:13:48.533924,true
eleve_gen_04687@gen.local,Élève,Généré 4687,,LYCEEN,BAC_1,Établissement Grand Lomé,2026-08-18T16:13:48.533924,true
eleve_gen_04688@gen.local,Élève,Généré 4688,,LYCEEN,BAC_1,Établissement Grand Lomé,2026-08-18T16:13:48.533924,true
eleve_gen_04689@gen.local,Élève,Généré 4689,,LYCEEN,BAC_1,Établissement Plateaux Est,2026-08-18T16:13:48.533924,true
eleve_gen_04690@gen.local,Élève,Généré 4690,,LYCEEN,BAC_1,Établissement Plateaux Ouest,2026-08-18T16:13:48.533924,true
eleve_gen_04691@gen.local,Élève,Généré 4691,,LYCEEN,BAC_1,Établissement Maritime,2026-08-18T16:13:48.533924,true
eleve_gen_04692@gen.local,Élève,Généré 4692,,LYCEEN,BAC_1,Établissement Grand Lomé,2026-08-18T16:13:48.533924,true
eleve_gen_04693@gen.local,Élève,Généré 4693,,LYCEEN,BAC_1,Établissement Centrale,2026-08-18T16:13:48.533924,true
eleve_gen_04694@gen.local,Élève,Généré 4694,,LYCEEN,BAC_1,Établissement Centrale,2026-08-18T16:13:48.533924,true
eleve_gen_04695@gen.local,Élève,Généré 4695,,LYCEEN,BAC_1,Établissement Maritime,2026-08-18T16:13:48.533924,true
eleve_gen_04696@gen.local,Élève,Généré 4696,,LYCEEN,BAC_1,Établissement Grand Lomé,2026-08-18T16:13:48.533924,true
eleve_gen_04697@gen.local,Élève,Généré 4697,,LYCEEN,BAC_1,Établissement Plateaux Est,2026-08-18T16:13:48.533924,true
eleve_gen_04698@gen.local,Élève,Généré 4698,,LYCEEN,BAC_1,Établissement Maritime,2026-08-18T16:13:48.533924,true
eleve_gen_04699@gen.local,Élève,Généré 4699,,LYCEEN,BAC_1,Établissement Centrale,2026-08-18T16:13:48.533924,true
eleve_gen_04700@gen.local,Élève,Généré 4700,,LYCEEN,BAC_1,Établissement Centrale,2026-08-18T16:13:48.533924,true
eleve_gen_04701@gen.local,Élève,Généré 4701,,LYCEEN,BAC_1,Établissement Maritime,2026-08-18T16:13:48.533924,true
eleve_gen_04702@gen.local,Élève,Généré 4702,,LYCEEN,BAC_1,Établissement Kara,2026-08-18T16:13:48.533924,true
eleve_gen_04703@gen.local,Élève,Généré 4703,,LYCEEN,BAC_1,Établissement Kara,2026-08-18T16:13:48.533924,true
eleve_gen_04704@gen.local,Élève,Généré 4704,,LYCEEN,BAC_1,Établissement Maritime,2026-08-18T16:13:48.533924,true
eleve_gen_04705@gen.local,Élève,Généré 4705,,LYCEEN,BAC_1,Établissement Plateaux Ouest,2026-08-18T16:13:48.533924,true
eleve_gen_04706@gen.local,Élève,Généré 4706,,LYCEEN,BAC_1,Établissement Centrale,2026-08-18T16:13:48.533924,true
eleve_gen_04707@gen.local,Élève,Généré 4707,,LYCEEN,BAC_1,Établissement Plateaux Ouest,2026-08-18T16:13:48.533924,true
eleve_gen_04708@gen.local,Élève,Généré 4708,,LYCEEN,BAC_1,Établissement Maritime,2026-08-18T16:13:48.533924,true
eleve_gen_04709@gen.local,Élève,Généré 4709,,LYCEEN,BAC_1,Établissement Plateaux Ouest,2026-08-18T16:13:48.533924,true
eleve_gen_04710@gen.local,Élève,Généré 4710,,LYCEEN,BAC_1,Établissement Plateaux Est,2026-08-18T16:13:48.533924,true
eleve_gen_04711@gen.local,Élève,Généré 4711,,LYCEEN,BAC_1,Établissement Plateaux Est,2026-08-18T16:13:48.533924,true
eleve_gen_04712@gen.local,Élève,Généré 4712,,LYCEEN,BAC_1,Établissement Centrale,2026-08-18T16:13:48.533924,true
eleve_gen_04713@gen.local,Élève,Généré 4713,,LYCEEN,BAC_1,Établissement Centrale,2026-08-18T16:13:48.533924,true
eleve_gen_04714@gen.local,Élève,Généré 4714,,LYCEEN,BAC_1,Établissement Plateaux Est,2026-08-18T16:13:48.533924,true
eleve_gen_04715@gen.local,Élève,Généré 4715,,LYCEEN,BAC_1,Établissement Centrale,2026-08-18T16:13:48.533924,true
eleve_gen_04716@gen.local,Élève,Généré 4716,,LYCEEN,BAC_1,Établissement Savanes,2026-08-18T16:13:48.533924,true
eleve_gen_04717@gen.local,Élève,Généré 4717,,LYCEEN,BAC_1,Établissement Centrale,2026-08-18T16:13:48.533924,true
eleve_gen_04718@gen.local,Élève,Généré 4718,,LYCEEN,BAC_1,Établissement Maritime,2026-08-18T16:13:48.533924,true
eleve_gen_04719@gen.local,Élève,Généré 4719,,LYCEEN,BAC_1,Établissement Grand Lomé,2026-08-18T16:13:48.533924,true
eleve_gen_04720@gen.local,Élève,Généré 4720,,LYCEEN,BAC_1,Établissement Plateaux Est,2026-08-18T16:13:48.533924,true
eleve_gen_04721@gen.local,Élève,Généré 4721,,LYCEEN,BAC_1,Établissement Grand Lomé,2026-08-18T16:13:48.533924,true
eleve_gen_04722@gen.local,Élève,Généré 4722,,LYCEEN,BAC_1,Établissement Centrale,2026-08-18T16:13:48.533924,true
eleve_gen_04723@gen.local,Élève,Généré 4723,,LYCEEN,BAC_1,Établissement Grand Lomé,2026-08-18T16:13:48.533924,true
eleve_gen_04724@gen.local,Élève,Généré 4724,,LYCEEN,BAC_1,Établissement Plateaux Ouest,2026-08-18T16:13:48.533924,true
eleve_gen_04725@gen.local,Élève,Généré 4725,,LYCEEN,BAC_1,Établissement Plateaux Ouest,2026-08-18T16:13:48.533924,true
eleve_gen_04726@gen.local,Élève,Généré 4726,,LYCEEN,BAC_1,Établissement Maritime,2026-08-18T16:13:48.533924,true
eleve_gen_04727@gen.local,Élève,Généré 4727,,LYCEEN,BAC_1,Établissement Kara,2026-08-18T16:13:48.533924,true
eleve_gen_04728@gen.local,Élève,Généré 4728,,LYCEEN,BAC_1,Établissement Centrale,2026-08-18T16:13:48.533924,true
eleve_gen_04729@gen.local,Élève,Généré 4729,,LYCEEN,BAC_1,Établissement Plateaux Est,2026-08-18T16:13:48.533924,true
eleve_gen_04730@gen.local,Élève,Généré 4730,,LYCEEN,BAC_1,Établissement Plateaux Ouest,2026-08-18T16:13:48.533924,true
eleve_gen_04731@gen.local,Élève,Généré 4731,,LYCEEN,BAC_1,Établissement Maritime,2026-08-18T16:13:48.533924,true
eleve_gen_04732@gen.local,Élève,Généré 4732,,LYCEEN,BAC_1,Établissement Grand Lomé,2026-08-18T16:13:48.533924,true
eleve_gen_04733@gen.local,Élève,Généré 4733,,LYCEEN,BAC_1,Établissement Savanes,2026-08-18T16:13:48.533924,true
eleve_gen_04734@gen.local,Élève,Généré 4734,,LYCEEN,BAC_1,Établissement Plateaux Est,2026-08-18T16:13:48.533924,true
eleve_gen_04735@gen.local,Élève,Généré 4735,,LYCEEN,BAC_1,Établissement Grand Lomé,2026-08-18T16:13:48.533924,true
eleve_gen_04736@gen.local,Élève,Généré 4736,,LYCEEN,BAC_1,Établissement Maritime,2026-08-18T16:13:48.533924,true
eleve_gen_04737@gen.local,Élève,Généré 4737,,LYCEEN,BAC_1,Établissement Kara,2026-08-18T16:13:48.533924,true
eleve_gen_04738@gen.local,Élève,Généré 4738,,LYCEEN,BAC_1,Établissement Maritime,2026-08-18T16:13:48.533924,true
eleve_gen_04739@gen.local,Élève,Généré 4739,,LYCEEN,BAC_1,Établissement Plateaux Ouest,2026-08-18T16:13:48.533924,true
eleve_gen_04740@gen.local,Élève,Généré 4740,,LYCEEN,BAC_1,Établissement Maritime,2026-08-18T16:13:48.533924,true
eleve_gen_04741@gen.local,Élève,Généré 4741,,LYCEEN,BAC_1,Établissement Maritime,2026-08-18T16:13:48.533924,true
eleve_gen_04742@gen.local,Élève,Généré 4742,,LYCEEN,BAC_1,Établissement Centrale,2026-08-18T16:13:48.533924,true
eleve_gen_04743@gen.local,Élève,Généré 4743,,LYCEEN,BAC_1,Établissement Maritime,2026-08-18T16:13:48.533924,true
eleve_gen_04744@gen.local,Élève,Généré 4744,,LYCEEN,BAC_1,Établissement Grand Lomé,2026-08-18T16:13:48.533924,true
eleve_gen_04745@gen.local,Élève,Généré 4745,,LYCEEN,BAC_1,Établissement Maritime,2026-08-18T16:13:48.533924,true
eleve_gen_04746@gen.local,Élève,Généré 4746,,LYCEEN,BAC_1,Établissement Centrale,2026-08-18T16:13:48.533924,true
eleve_gen_04747@gen.local,Élève,Généré 4747,,LYCEEN,BAC_1,Établissement Plateaux Ouest,2026-08-18T16:13:48.533924,true
eleve_gen_04748@gen.local,Élève,Généré 4748,,LYCEEN,BAC_1,Établissement Centrale,2026-08-18T16:13:48.533924,true
eleve_gen_04749@gen.local,Élève,Généré 4749,,LYCEEN,BAC_1,Établissement Plateaux Est,2026-08-18T16:13:48.533924,true
eleve_gen_04750@gen.local,Élève,Généré 4750,,LYCEEN,BAC_1,Établissement Centrale,2026-08-18T16:13:48.533924,true
eleve_gen_04751@gen.local,Élève,Généré 4751,,LYCEEN,BAC_1,Établissement Savanes,2026-08-18T16:13:48.533924,true
eleve_gen_04752@gen.local,Élève,Généré 4752,,LYCEEN,BAC_1,Établissement Maritime,2026-08-18T16:13:48.533924,true
eleve_gen_04753@gen.local,Élève,Généré 4753,,LYCEEN,BAC_1,Établissement Plateaux Est,2026-08-18T16:13:48.533924,true
eleve_gen_04754@gen.local,Élève,Généré 4754,,LYCEEN,BAC_1,Établissement Grand Lomé,2026-08-18T16:13:48.533924,true
eleve_gen_04755@gen.local,Élève,Généré 4755,,LYCEEN,BAC_1,Établissement Grand Lomé,2026-08-18T16:13:48.533924,true
eleve_gen_04756@gen.local,Élève,Généré 4756,,LYCEEN,BAC_1,Établissement Maritime,2026-08-18T16:13:48.533924,true
eleve_gen_04757@gen.local,Élève,Généré 4757,,LYCEEN,BAC_1,Établissement Plateaux Ouest,2026-08-18T16:13:48.533924,true
eleve_gen_04758@gen.local,Élève,Généré 4758,,LYCEEN,BAC_1,Établissement Grand Lomé,2026-08-18T16:13:48.533924,true
eleve_gen_04759@gen.local,Élève,Généré 4759,,LYCEEN,BAC_1,Établissement Maritime,2026-08-18T16:13:48.533924,true
eleve_gen_04760@gen.local,Élève,Généré 4760,,LYCEEN,BAC_1,Établissement Grand Lomé,2026-08-18T16:13:48.533924,true
eleve_gen_04761@gen.local,Élève,Généré 4761,,LYCEEN,BAC_1,Établissement Centrale,2026-08-18T16:13:48.533924,true
eleve_gen_04762@gen.local,Élève,Généré 4762,,LYCEEN,BAC_1,Établissement Kara,2026-08-18T16:13:48.533924,true
eleve_gen_04763@gen.local,Élève,Généré 4763,,LYCEEN,BAC_1,Établissement Kara,2026-08-18T16:13:48.533924,true
eleve_gen_04764@gen.local,Élève,Généré 4764,,LYCEEN,BAC_1,Établissement Maritime,2026-08-18T16:13:48.533924,true
eleve_gen_04765@gen.local,Élève,Généré 4765,,LYCEEN,BAC_1,Établissement Plateaux Est,2026-08-18T16:13:48.533924,true
eleve_gen_04766@gen.local,Élève,Généré 4766,,LYCEEN,BAC_1,Établissement Grand Lomé,2026-08-18T16:13:48.533924,true
eleve_gen_04767@gen.local,Élève,Généré 4767,,LYCEEN,BAC_1,Établissement Kara,2026-08-18T16:13:48.533924,true
eleve_gen_04768@gen.local,Élève,Généré 4768,,LYCEEN,BAC_1,Établissement Kara,2026-08-18T16:13:48.533924,true
eleve_gen_04769@gen.local,Élève,Généré 4769,,LYCEEN,BAC_1,Établissement Maritime,2026-08-18T16:13:48.533924,true
eleve_gen_04770@gen.local,Élève,Généré 4770,,LYCEEN,BAC_1,Établissement Centrale,2026-08-18T16:13:48.533924,true
eleve_gen_04771@gen.local,Élève,Généré 4771,,LYCEEN,BAC_1,Établissement Maritime,2026-08-18T16:13:48.533924,true
eleve_gen_04772@gen.local,Élève,Généré 4772,,LYCEEN,BAC_1,Établissement Maritime,2026-08-18T16:13:48.533924,true
eleve_gen_04773@gen.local,Élève,Généré 4773,,LYCEEN,BAC_1,Établissement Plateaux Ouest,2026-08-18T16:13:48.533924,true
eleve_gen_04774@gen.local,Élève,Généré 4774,,LYCEEN,BAC_1,Établissement Grand Lomé,2026-08-18T16:13:48.533924,true
eleve_gen_04775@gen.local,Élève,Généré 4775,,LYCEEN,BAC_1,Établissement Maritime,2026-08-18T16:13:48.533924,true
eleve_gen_04776@gen.local,Élève,Généré 4776,,LYCEEN,BAC_1,Établissement Plateaux Est,2026-08-18T16:13:48.533924,true
eleve_gen_04777@gen.local,Élève,Généré 4777,,LYCEEN,BAC_1,Établissement Maritime,2026-08-18T16:13:48.533924,true
eleve_gen_04778@gen.local,Élève,Généré 4778,,LYCEEN,BAC_1,Établissement Grand Lomé,2026-08-18T16:13:48.533924,true
eleve_gen_04779@gen.local,Élève,Généré 4779,,LYCEEN,BAC_1,Établissement Centrale,2026-08-18T16:13:48.533924,true
eleve_gen_04780@gen.local,Élève,Généré 4780,,LYCEEN,BAC_1,Établissement Kara,2026-08-18T16:13:48.533924,true
eleve_gen_04781@gen.local,Élève,Généré 4781,,LYCEEN,BAC_1,Établissement Plateaux Est,2026-08-18T16:13:48.533924,true
eleve_gen_04782@gen.local,Élève,Généré 4782,,LYCEEN,BAC_1,Établissement Grand Lomé,2026-08-18T16:13:48.533924,true
eleve_gen_04783@gen.local,Élève,Généré 4783,,LYCEEN,BAC_1,Établissement Kara,2026-08-18T16:13:48.533924,true
eleve_gen_04784@gen.local,Élève,Généré 4784,,LYCEEN,BAC_1,Établissement Kara,2026-08-18T16:13:48.533924,true
eleve_gen_04785@gen.local,Élève,Généré 4785,,LYCEEN,BAC_1,Établissement Plateaux Ouest,2026-08-18T16:13:48.533924,true
eleve_gen_04786@gen.local,Élève,Généré 4786,,LYCEEN,BAC_1,Établissement Maritime,2026-08-18T16:13:48.533924,true
eleve_gen_04787@gen.local,Élève,Généré 4787,,LYCEEN,BAC_1,Établissement Grand Lomé,2026-08-18T16:13:48.533924,true
eleve_gen_04788@gen.local,Élève,Généré 4788,,LYCEEN,BAC_1,Établissement Plateaux Est,2026-08-18T16:13:48.533924,true
eleve_gen_04789@gen.local,Élève,Généré 4789,,LYCEEN,BAC_1,Établissement Maritime,2026-08-18T16:13:48.533924,true
eleve_gen_04790@gen.local,Élève,Généré 4790,,LYCEEN,BAC_1,Établissement Kara,2026-08-18T16:13:48.533924,true
eleve_gen_04791@gen.local,Élève,Généré 4791,,LYCEEN,BAC_1,Établissement Grand Lomé,2026-08-18T16:13:48.533924,true
eleve_gen_04792@gen.local,Élève,Généré 4792,,LYCEEN,BAC_1,Établissement Grand Lomé,2026-08-18T16:13:48.533924,true
eleve_gen_04793@gen.local,Élève,Généré 4793,,LYCEEN,BAC_1,Établissement Maritime,2026-08-18T16:13:48.533924,true
eleve_gen_04794@gen.local,Élève,Généré 4794,,LYCEEN,BAC_1,Établissement Plateaux Ouest,2026-08-18T16:13:48.533924,true
eleve_gen_04795@gen.local,Élève,Généré 4795,,LYCEEN,BAC_1,Établissement Maritime,2026-08-18T16:13:48.533924,true
eleve_gen_04796@gen.local,Élève,Généré 4796,,LYCEEN,BAC_1,Établissement Maritime,2026-08-18T16:13:48.533924,true
eleve_gen_04797@gen.local,Élève,Généré 4797,,LYCEEN,BAC_1,Établissement Plateaux Ouest,2026-08-18T16:13:48.533924,true
eleve_gen_04798@gen.local,Élève,Généré 4798,,LYCEEN,BAC_1,Établissement Grand Lomé,2026-08-18T16:13:48.533924,true
eleve_gen_04799@gen.local,Élève,Généré 4799,,LYCEEN,BAC_1,Établissement Kara,2026-08-18T16:13:48.533924,true
eleve_gen_04800@gen.local,Élève,Généré 4800,,LYCEEN,BAC_1,Établissement Maritime,2026-08-18T16:13:48.533924,true
eleve_gen_04801@gen.local,Élève,Généré 4801,,LYCEEN,BAC_1,Établissement Kara,2026-08-18T16:13:48.533924,true
eleve_gen_04802@gen.local,Élève,Généré 4802,,LYCEEN,BAC_1,Établissement Plateaux Est,2026-08-18T16:13:48.533924,true
eleve_gen_04803@gen.local,Élève,Généré 4803,,LYCEEN,BAC_1,Établissement Plateaux Ouest,2026-08-18T16:13:48.533924,true
eleve_gen_04804@gen.local,Élève,Généré 4804,,LYCEEN,BAC_1,Établissement Maritime,2026-08-18T16:13:48.533924,true
eleve_gen_04805@gen.local,Élève,Généré 4805,,LYCEEN,BAC_1,Établissement Grand Lomé,2026-08-18T16:13:48.533924,true
eleve_gen_04806@gen.local,Élève,Généré 4806,,LYCEEN,BAC_1,Établissement Plateaux Est,2026-08-18T16:13:48.533924,true
eleve_gen_04807@gen.local,Élève,Généré 4807,,LYCEEN,BAC_1,Établissement Savanes,2026-08-18T16:13:48.533924,true
eleve_gen_04808@gen.local,Élève,Généré 4808,,LYCEEN,BAC_1,Établissement Maritime,2026-08-18T16:13:48.533924,true
eleve_gen_04809@gen.local,Élève,Généré 4809,,LYCEEN,BAC_1,Établissement Plateaux Ouest,2026-08-18T16:13:48.533924,true
eleve_gen_04810@gen.local,Élève,Généré 4810,,LYCEEN,BAC_1,Établissement Centrale,2026-08-18T16:13:48.533924,true
eleve_gen_04811@gen.local,Élève,Généré 4811,,LYCEEN,BAC_1,Établissement Maritime,2026-08-18T16:13:48.533924,true
eleve_gen_04812@gen.local,Élève,Généré 4812,,LYCEEN,BAC_1,Établissement Maritime,2026-08-18T16:13:48.533924,true
eleve_gen_04813@gen.local,Élève,Généré 4813,,LYCEEN,BAC_1,Établissement Savanes,2026-08-18T16:13:48.533924,true
eleve_gen_04814@gen.local,Élève,Généré 4814,,LYCEEN,BAC_1,Établissement Plateaux Est,2026-08-18T16:13:48.533924,true
eleve_gen_04815@gen.local,Élève,Généré 4815,,LYCEEN,BAC_1,Établissement Centrale,2026-08-18T16:13:48.533924,true
eleve_gen_04816@gen.local,Élève,Généré 4816,,LYCEEN,BAC_1,Établissement Savanes,2026-08-18T16:13:48.533924,true
eleve_gen_04817@gen.local,Élève,Généré 4817,,LYCEEN,BAC_1,Établissement Grand Lomé,2026-08-18T16:13:48.533924,true
eleve_gen_04818@gen.local,Élève,Généré 4818,,LYCEEN,BAC_1,Établissement Grand Lomé,2026-08-18T16:13:48.533924,true
eleve_gen_04819@gen.local,Élève,Généré 4819,,LYCEEN,BAC_1,Établissement Grand Lomé,2026-08-18T16:13:48.533924,true
eleve_gen_04820@gen.local,Élève,Généré 4820,,LYCEEN,BAC_1,Établissement Grand Lomé,2026-08-18T16:13:48.533924,true
eleve_gen_04821@gen.local,Élève,Généré 4821,,LYCEEN,BAC_1,Établissement Plateaux Ouest,2026-08-18T16:13:48.533924,true
eleve_gen_04822@gen.local,Élève,Généré 4822,,LYCEEN,BAC_1,Établissement Maritime,2026-08-18T16:13:48.533924,true
eleve_gen_04823@gen.local,Élève,Généré 4823,,LYCEEN,BAC_1,Établissement Centrale,2026-08-18T16:13:48.533924,true
eleve_gen_04824@gen.local,Élève,Généré 4824,,LYCEEN,BAC_1,Établissement Savanes,2026-08-18T16:13:48.533924,true
eleve_gen_04825@gen.local,Élève,Généré 4825,,LYCEEN,BAC_1,Établissement Maritime,2026-08-18T16:13:48.533924,true
eleve_gen_04826@gen.local,Élève,Généré 4826,,LYCEEN,BAC_1,Établissement Savanes,2026-08-18T16:13:48.533924,true
eleve_gen_04827@gen.local,Élève,Généré 4827,,LYCEEN,BAC_1,Établissement Centrale,2026-08-18T16:13:48.533924,true
eleve_gen_04828@gen.local,Élève,Généré 4828,,LYCEEN,BAC_1,Établissement Plateaux Ouest,2026-08-18T16:13:48.533924,true
eleve_gen_04829@gen.local,Élève,Généré 4829,,LYCEEN,BAC_1,Établissement Centrale,2026-08-18T16:13:48.533924,true
eleve_gen_04830@gen.local,Élève,Généré 4830,,LYCEEN,BAC_1,Établissement Plateaux Ouest,2026-08-18T16:13:48.533924,true
eleve_gen_04831@gen.local,Élève,Généré 4831,,LYCEEN,BAC_1,Établissement Grand Lomé,2026-08-18T16:13:48.533924,true
eleve_gen_04832@gen.local,Élève,Généré 4832,,LYCEEN,BAC_1,Établissement Grand Lomé,2026-08-18T16:13:48.533924,true
eleve_gen_04833@gen.local,Élève,Généré 4833,,LYCEEN,BAC_1,Établissement Grand Lomé,2026-08-18T16:13:48.533924,true
eleve_gen_04834@gen.local,Élève,Généré 4834,,LYCEEN,BAC_1,Établissement Centrale,2026-08-18T16:13:48.533924,true
eleve_gen_04835@gen.local,Élève,Généré 4835,,LYCEEN,BAC_1,Établissement Maritime,2026-08-18T16:13:48.533924,true
eleve_gen_04836@gen.local,Élève,Généré 4836,,LYCEEN,BAC_1,Établissement Grand Lomé,2026-08-18T16:13:48.533924,true
eleve_gen_04837@gen.local,Élève,Généré 4837,,LYCEEN,BAC_1,Établissement Plateaux Ouest,2026-08-18T16:13:48.533924,true
eleve_gen_04838@gen.local,Élève,Généré 4838,,LYCEEN,BAC_1,Établissement Plateaux Ouest,2026-08-18T16:13:48.533924,true
eleve_gen_04839@gen.local,Élève,Généré 4839,,LYCEEN,BAC_1,Établissement Plateaux Est,2026-08-18T16:13:48.533924,true
eleve_gen_04840@gen.local,Élève,Généré 4840,,LYCEEN,BAC_1,Établissement Maritime,2026-08-18T16:13:48.533924,true
eleve_gen_04841@gen.local,Élève,Généré 4841,,LYCEEN,BAC_1,Établissement Savanes,2026-08-18T16:13:48.533924,true
eleve_gen_04842@gen.local,Élève,Généré 4842,,LYCEEN,BAC_1,Établissement Plateaux Ouest,2026-08-18T16:13:48.533924,true
eleve_gen_04843@gen.local,Élève,Généré 4843,,LYCEEN,BAC_1,Établissement Maritime,2026-08-18T16:13:48.533924,true
eleve_gen_04844@gen.local,Élève,Généré 4844,,LYCEEN,BAC_1,Établissement Grand Lomé,2026-08-18T16:13:48.533924,true
eleve_gen_04845@gen.local,Élève,Généré 4845,,LYCEEN,BAC_1,Établissement Maritime,2026-08-18T16:13:48.533924,true
eleve_gen_04846@gen.local,Élève,Généré 4846,,LYCEEN,BAC_1,Établissement Grand Lomé,2026-08-18T16:13:48.533924,true
eleve_gen_04847@gen.local,Élève,Généré 4847,,LYCEEN,BAC_1,Établissement Plateaux Est,2026-08-18T16:13:48.533924,true
eleve_gen_04848@gen.local,Élève,Généré 4848,,LYCEEN,BAC_1,Établissement Plateaux Ouest,2026-08-18T16:13:48.533924,true
eleve_gen_04849@gen.local,Élève,Généré 4849,,LYCEEN,BAC_1,Établissement Plateaux Est,2026-08-18T16:13:48.533924,true
eleve_gen_04850@gen.local,Élève,Généré 4850,,LYCEEN,BAC_1,Établissement Maritime,2026-08-18T16:13:48.533924,true
eleve_gen_04851@gen.local,Élève,Généré 4851,,LYCEEN,BAC_1,Établissement Grand Lomé,2026-08-18T16:13:48.533924,true
eleve_gen_04852@gen.local,Élève,Généré 4852,,LYCEEN,BAC_1,Établissement Grand Lomé,2026-08-18T16:13:48.533924,true
eleve_gen_04853@gen.local,Élève,Généré 4853,,LYCEEN,BAC_1,Établissement Savanes,2026-08-18T16:13:48.533924,true
eleve_gen_04854@gen.local,Élève,Généré 4854,,LYCEEN,BAC_1,Établissement Grand Lomé,2026-08-18T16:13:48.533924,true
eleve_gen_04855@gen.local,Élève,Généré 4855,,LYCEEN,BAC_1,Établissement Grand Lomé,2026-08-18T16:13:48.533924,true
eleve_gen_04856@gen.local,Élève,Généré 4856,,LYCEEN,BAC_1,Établissement Plateaux Ouest,2026-08-18T16:13:48.533924,true
eleve_gen_04857@gen.local,Élève,Généré 4857,,LYCEEN,BAC_1,Établissement Grand Lomé,2026-08-18T16:13:48.533924,true
eleve_gen_04858@gen.local,Élève,Généré 4858,,LYCEEN,BAC_1,Établissement Plateaux Ouest,2026-08-18T16:13:48.533924,true
eleve_gen_04859@gen.local,Élève,Généré 4859,,LYCEEN,BAC_1,Établissement Plateaux Ouest,2026-08-18T16:13:48.533924,true
eleve_gen_04860@gen.local,Élève,Généré 4860,,LYCEEN,BAC_1,Établissement Centrale,2026-08-18T16:13:48.533924,true
eleve_gen_04861@gen.local,Élève,Généré 4861,,LYCEEN,BAC_1,Établissement Maritime,2026-08-18T16:13:48.533924,true
eleve_gen_04862@gen.local,Élève,Généré 4862,,LYCEEN,BAC_1,Établissement Plateaux Est,2026-08-18T16:13:48.533924,true
eleve_gen_04863@gen.local,Élève,Généré 4863,,LYCEEN,BAC_1,Établissement Maritime,2026-08-18T16:13:48.533924,true
eleve_gen_04864@gen.local,Élève,Généré 4864,,LYCEEN,BAC_1,Établissement Plateaux Est,2026-08-18T16:13:48.533924,true
eleve_gen_04865@gen.local,Élève,Généré 4865,,LYCEEN,BAC_1,Établissement Grand Lomé,2026-08-18T16:13:48.533924,true
eleve_gen_04866@gen.local,Élève,Généré 4866,,LYCEEN,BAC_1,Établissement Plateaux Est,2026-08-18T16:13:48.533924,true
eleve_gen_04867@gen.local,Élève,Généré 4867,,LYCEEN,BAC_1,Établissement Grand Lomé,2026-08-18T16:13:48.533924,true
eleve_gen_04868@gen.local,Élève,Généré 4868,,LYCEEN,BAC_1,Établissement Maritime,2026-08-18T16:13:48.533924,true
eleve_gen_04869@gen.local,Élève,Généré 4869,,LYCEEN,BAC_1,Établissement Grand Lomé,2026-08-18T16:13:48.533924,true
eleve_gen_04870@gen.local,Élève,Généré 4870,,LYCEEN,BAC_1,Établissement Plateaux Ouest,2026-08-18T16:13:48.533924,true
eleve_gen_04871@gen.local,Élève,Généré 4871,,LYCEEN,BAC_1,Établissement Centrale,2026-08-18T16:13:48.533924,true
eleve_gen_04872@gen.local,Élève,Généré 4872,,LYCEEN,BAC_1,Établissement Grand Lomé,2026-08-18T16:13:48.533924,true
eleve_gen_04873@gen.local,Élève,Généré 4873,,LYCEEN,BAC_1,Établissement Centrale,2026-08-18T16:13:48.533924,true
eleve_gen_04874@gen.local,Élève,Généré 4874,,LYCEEN,BAC_1,Établissement Grand Lomé,2026-08-18T16:13:48.533924,true
eleve_gen_04875@gen.local,Élève,Généré 4875,,LYCEEN,BAC_1,Établissement Grand Lomé,2026-08-18T16:13:48.533924,true
eleve_gen_04876@gen.local,Élève,Généré 4876,,LYCEEN,BAC_1,Établissement Plateaux Est,2026-08-18T16:13:48.533924,true
eleve_gen_04877@gen.local,Élève,Généré 4877,,LYCEEN,BAC_1,Établissement Grand Lomé,2026-08-18T16:13:48.533924,true
eleve_gen_04878@gen.local,Élève,Généré 4878,,LYCEEN,BAC_1,Établissement Maritime,2026-08-18T16:13:48.533924,true
eleve_gen_04879@gen.local,Élève,Généré 4879,,LYCEEN,BAC_1,Établissement Plateaux Est,2026-08-18T16:13:48.533924,true
eleve_gen_04880@gen.local,Élève,Généré 4880,,LYCEEN,BAC_1,Établissement Grand Lomé,2026-08-18T16:13:48.533924,true
eleve_gen_04881@gen.local,Élève,Généré 4881,,LYCEEN,BAC_1,Établissement Plateaux Ouest,2026-08-18T16:13:48.533924,true
eleve_gen_04882@gen.local,Élève,Généré 4882,,LYCEEN,BAC_1,Établissement Grand Lomé,2026-08-18T16:13:48.533924,true
eleve_gen_04883@gen.local,Élève,Généré 4883,,LYCEEN,BAC_1,Établissement Plateaux Est,2026-08-18T16:13:48.533924,true
eleve_gen_04884@gen.local,Élève,Généré 4884,,LYCEEN,BAC_1,Établissement Grand Lomé,2026-08-18T16:13:48.533924,true
eleve_gen_04885@gen.local,Élève,Généré 4885,,LYCEEN,BAC_1,Établissement Kara,2026-08-18T16:13:48.533924,true
eleve_gen_04886@gen.local,Élève,Généré 4886,,LYCEEN,BAC_1,Établissement Plateaux Ouest,2026-08-18T16:13:48.533924,true
eleve_gen_04887@gen.local,Élève,Généré 4887,,LYCEEN,BAC_1,Établissement Maritime,2026-08-18T16:13:48.533924,true
eleve_gen_04888@gen.local,Élève,Généré 4888,,LYCEEN,BAC_1,Établissement Grand Lomé,2026-08-18T16:13:48.533924,true
eleve_gen_04889@gen.local,Élève,Généré 4889,,LYCEEN,BAC_1,Établissement Kara,2026-08-18T16:13:48.533924,true
eleve_gen_04890@gen.local,Élève,Généré 4890,,LYCEEN,BAC_1,Établissement Centrale,2026-08-18T16:13:48.533924,true
eleve_gen_04891@gen.local,Élève,Généré 4891,,LYCEEN,BAC_1,Établissement Maritime,2026-08-18T16:13:48.533924,true
eleve_gen_04892@gen.local,Élève,Généré 4892,,LYCEEN,BAC_1,Établissement Kara,2026-08-18T16:13:48.533924,true
eleve_gen_04893@gen.local,Élève,Généré 4893,,LYCEEN,BAC_1,Établissement Plateaux Est,2026-08-18T16:13:48.533924,true
eleve_gen_04894@gen.local,Élève,Généré 4894,,LYCEEN,BAC_1,Établissement Maritime,2026-08-18T16:13:48.533924,true
eleve_gen_04895@gen.local,Élève,Généré 4895,,LYCEEN,BAC_1,Établissement Savanes,2026-08-18T16:13:48.533924,true
eleve_gen_04896@gen.local,Élève,Généré 4896,,LYCEEN,BAC_1,Établissement Kara,2026-08-18T16:13:48.533924,true
eleve_gen_04897@gen.local,Élève,Généré 4897,,LYCEEN,BAC_1,Établissement Maritime,2026-08-18T16:13:48.533924,true
eleve_gen_04898@gen.local,Élève,Généré 4898,,LYCEEN,BAC_1,Établissement Kara,2026-08-18T16:13:48.533924,true
eleve_gen_04899@gen.local,Élève,Généré 4899,,LYCEEN,BAC_1,Établissement Maritime,2026-08-18T16:13:48.533924,true
eleve_gen_04900@gen.local,Élève,Généré 4900,,LYCEEN,BAC_1,Établissement Grand Lomé,2026-08-18T16:13:48.533924,true
eleve_gen_04901@gen.local,Élève,Généré 4901,,LYCEEN,BAC_1,Établissement Centrale,2026-08-18T16:13:48.533924,true
eleve_gen_04902@gen.local,Élève,Généré 4902,,LYCEEN,BAC_1,Établissement Grand Lomé,2026-08-18T16:13:48.533924,true
eleve_gen_04903@gen.local,Élève,Généré 4903,,LYCEEN,BAC_1,Établissement Grand Lomé,2026-08-18T16:13:48.533924,true
eleve_gen_04904@gen.local,Élève,Généré 4904,,LYCEEN,BAC_1,Établissement Plateaux Est,2026-08-18T16:13:48.533924,true
eleve_gen_04905@gen.local,Élève,Généré 4905,,LYCEEN,BAC_1,Établissement Savanes,2026-08-18T16:13:48.533924,true
eleve_gen_04906@gen.local,Élève,Généré 4906,,LYCEEN,BAC_1,Établissement Maritime,2026-08-18T16:13:48.533924,true
eleve_gen_04907@gen.local,Élève,Généré 4907,,LYCEEN,BAC_1,Établissement Maritime,2026-08-18T16:13:48.533924,true
eleve_gen_04908@gen.local,Élève,Généré 4908,,LYCEEN,BAC_1,Établissement Plateaux Ouest,2026-08-18T16:13:48.533924,true
eleve_gen_04909@gen.local,Élève,Généré 4909,,LYCEEN,BAC_1,Établissement Maritime,2026-08-18T16:13:48.533924,true
eleve_gen_04910@gen.local,Élève,Généré 4910,,LYCEEN,BAC_1,Établissement Grand Lomé,2026-08-18T16:13:48.533924,true
eleve_gen_04911@gen.local,Élève,Généré 4911,,LYCEEN,BAC_1,Établissement Centrale,2026-08-18T16:13:48.533924,true
eleve_gen_04912@gen.local,Élève,Généré 4912,,LYCEEN,BAC_1,Établissement Maritime,2026-08-18T16:13:48.533924,true
eleve_gen_04913@gen.local,Élève,Généré 4913,,LYCEEN,BAC_1,Établissement Grand Lomé,2026-08-18T16:13:48.533924,true
eleve_gen_04914@gen.local,Élève,Généré 4914,,LYCEEN,BAC_1,Établissement Maritime,2026-08-18T16:13:48.533924,true
eleve_gen_04915@gen.local,Élève,Généré 4915,,LYCEEN,BAC_1,Établissement Centrale,2026-08-18T16:13:48.533924,true
eleve_gen_04916@gen.local,Élève,Généré 4916,,LYCEEN,BAC_1,Établissement Centrale,2026-08-18T16:13:48.533924,true
eleve_gen_04917@gen.local,Élève,Généré 4917,,LYCEEN,BAC_1,Établissement Maritime,2026-08-18T16:13:48.533924,true
eleve_gen_04918@gen.local,Élève,Généré 4918,,LYCEEN,BAC_1,Établissement Maritime,2026-08-18T16:13:48.533924,true
eleve_gen_04919@gen.local,Élève,Généré 4919,,LYCEEN,BAC_1,Établissement Maritime,2026-08-18T16:13:48.533924,true
eleve_gen_04920@gen.local,Élève,Généré 4920,,LYCEEN,BAC_1,Établissement Grand Lomé,2026-08-18T16:13:48.533924,true
eleve_gen_04921@gen.local,Élève,Généré 4921,,LYCEEN,BAC_1,Établissement Grand Lomé,2026-08-18T16:13:48.533924,true
eleve_gen_04922@gen.local,Élève,Généré 4922,,LYCEEN,BAC_1,Établissement Maritime,2026-08-18T16:13:48.533924,true
eleve_gen_04923@gen.local,Élève,Généré 4923,,LYCEEN,BAC_1,Établissement Kara,2026-08-18T16:13:48.533924,true
eleve_gen_04924@gen.local,Élève,Généré 4924,,LYCEEN,BAC_1,Établissement Grand Lomé,2026-08-18T16:13:48.533924,true
eleve_gen_04925@gen.local,Élève,Généré 4925,,LYCEEN,BAC_1,Établissement Centrale,2026-08-18T16:13:48.533924,true
eleve_gen_04926@gen.local,Élève,Généré 4926,,LYCEEN,BAC_1,Établissement Plateaux Est,2026-08-18T16:13:48.533924,true
eleve_gen_04927@gen.local,Élève,Généré 4927,,LYCEEN,BAC_1,Établissement Maritime,2026-08-18T16:13:48.533924,true
eleve_gen_04928@gen.local,Élève,Généré 4928,,LYCEEN,BAC_1,Établissement Maritime,2026-08-18T16:13:48.533924,true
eleve_gen_04929@gen.local,Élève,Généré 4929,,LYCEEN,BAC_1,Établissement Savanes,2026-08-18T16:13:48.533924,true
eleve_gen_04930@gen.local,Élève,Généré 4930,,LYCEEN,BAC_1,Établissement Plateaux Ouest,2026-08-18T16:13:48.533924,true
eleve_gen_04931@gen.local,Élève,Généré 4931,,LYCEEN,BAC_1,Établissement Plateaux Ouest,2026-08-18T16:13:48.533924,true
eleve_gen_04932@gen.local,Élève,Généré 4932,,LYCEEN,BAC_1,Établissement Kara,2026-08-18T16:13:48.533924,true
eleve_gen_04933@gen.local,Élève,Généré 4933,,LYCEEN,BAC_1,Établissement Grand Lomé,2026-08-18T16:13:48.533924,true
eleve_gen_04934@gen.local,Élève,Généré 4934,,LYCEEN,BAC_1,Établissement Kara,2026-08-18T16:13:48.533924,true
eleve_gen_04935@gen.local,Élève,Généré 4935,,LYCEEN,BAC_1,Établissement Plateaux Est,2026-08-18T16:13:48.533924,true
eleve_gen_04936@gen.local,Élève,Généré 4936,,LYCEEN,BAC_1,Établissement Maritime,2026-08-18T16:13:48.533924,true
eleve_gen_04937@gen.local,Élève,Généré 4937,,LYCEEN,BAC_1,Établissement Maritime,2026-08-18T16:13:48.533924,true
eleve_gen_04938@gen.local,Élève,Généré 4938,,LYCEEN,BAC_1,Établissement Plateaux Ouest,2026-08-18T16:13:48.533924,true
eleve_gen_04939@gen.local,Élève,Généré 4939,,LYCEEN,BAC_1,Établissement Kara,2026-08-18T16:13:48.533924,true
eleve_gen_04940@gen.local,Élève,Généré 4940,,LYCEEN,BAC_1,Établissement Grand Lomé,2026-08-18T16:13:48.533924,true
eleve_gen_04941@gen.local,Élève,Généré 4941,,LYCEEN,BAC_1,Établissement Grand Lomé,2026-08-18T16:13:48.533924,true
eleve_gen_04942@gen.local,Élève,Généré 4942,,LYCEEN,BAC_1,Établissement Grand Lomé,2026-08-18T16:13:48.533924,true
eleve_gen_04943@gen.local,Élève,Généré 4943,,LYCEEN,BAC_1,Établissement Grand Lomé,2026-08-18T16:13:48.533924,true
eleve_gen_04944@gen.local,Élève,Généré 4944,,LYCEEN,BAC_1,Établissement Plateaux Est,2026-08-18T16:13:48.533924,true
eleve_gen_04945@gen.local,Élève,Généré 4945,,LYCEEN,BAC_1,Établissement Grand Lomé,2026-08-18T16:13:48.533924,true
eleve_gen_04946@gen.local,Élève,Généré 4946,,LYCEEN,BAC_1,Établissement Kara,2026-08-18T16:13:48.533924,true
eleve_gen_04947@gen.local,Élève,Généré 4947,,LYCEEN,BAC_1,Établissement Maritime,2026-08-18T16:13:48.533924,true
eleve_gen_04948@gen.local,Élève,Généré 4948,,LYCEEN,BAC_1,Établissement Grand Lomé,2026-08-18T16:13:48.533924,true
eleve_gen_04949@gen.local,Élève,Généré 4949,,LYCEEN,BAC_1,Établissement Plateaux Ouest,2026-08-18T16:13:48.533924,true
eleve_gen_04950@gen.local,Élève,Généré 4950,,LYCEEN,BAC_1,Établissement Plateaux Ouest,2026-08-18T16:13:48.533924,true
eleve_gen_04951@gen.local,Élève,Généré 4951,,LYCEEN,BAC_1,Établissement Plateaux Est,2026-08-18T16:13:48.533924,true
eleve_gen_04952@gen.local,Élève,Généré 4952,,LYCEEN,BAC_1,Établissement Maritime,2026-08-18T16:13:48.533924,true
eleve_gen_04953@gen.local,Élève,Généré 4953,,LYCEEN,BAC_1,Établissement Grand Lomé,2026-08-18T16:13:48.533924,true
eleve_gen_04954@gen.local,Élève,Généré 4954,,LYCEEN,BAC_1,Établissement Plateaux Est,2026-08-18T16:13:48.533924,true
eleve_gen_04955@gen.local,Élève,Généré 4955,,LYCEEN,BAC_1,Établissement Grand Lomé,2026-08-18T16:13:48.533924,true
eleve_gen_04956@gen.local,Élève,Généré 4956,,LYCEEN,BAC_1,Établissement Savanes,2026-08-18T16:13:48.533924,true
eleve_gen_04957@gen.local,Élève,Généré 4957,,LYCEEN,BAC_1,Établissement Kara,2026-08-18T16:13:48.533924,true
eleve_gen_04958@gen.local,Élève,Généré 4958,,LYCEEN,BAC_1,Établissement Plateaux Est,2026-08-18T16:13:48.533924,true
eleve_gen_04959@gen.local,Élève,Généré 4959,,LYCEEN,BAC_1,Établissement Maritime,2026-08-18T16:13:48.533924,true
eleve_gen_04960@gen.local,Élève,Généré 4960,,LYCEEN,BAC_1,Établissement Grand Lomé,2026-08-18T16:13:48.533924,true
eleve_gen_04961@gen.local,Élève,Généré 4961,,LYCEEN,BAC_1,Établissement Plateaux Est,2026-08-18T16:13:48.533924,true
eleve_gen_04962@gen.local,Élève,Généré 4962,,LYCEEN,BAC_1,Établissement Grand Lomé,2026-08-18T16:13:48.533924,true
eleve_gen_04963@gen.local,Élève,Généré 4963,,LYCEEN,BAC_1,Établissement Plateaux Est,2026-08-18T16:13:48.533924,true
eleve_gen_04964@gen.local,Élève,Généré 4964,,LYCEEN,BAC_1,Établissement Savanes,2026-08-18T16:13:48.533924,true
eleve_gen_04965@gen.local,Élève,Généré 4965,,LYCEEN,BAC_1,Établissement Centrale,2026-08-18T16:13:48.533924,true
eleve_gen_04966@gen.local,Élève,Généré 4966,,LYCEEN,BAC_1,Établissement Plateaux Est,2026-08-18T16:13:48.533924,true
eleve_gen_04967@gen.local,Élève,Généré 4967,,LYCEEN,BAC_1,Établissement Maritime,2026-08-18T16:13:48.533924,true
eleve_gen_04968@gen.local,Élève,Généré 4968,,LYCEEN,BAC_1,Établissement Savanes,2026-08-18T16:13:48.533924,true
eleve_gen_04969@gen.local,Élève,Généré 4969,,LYCEEN,BAC_1,Établissement Maritime,2026-08-18T16:13:48.533924,true
eleve_gen_04970@gen.local,Élève,Généré 4970,,LYCEEN,BAC_1,Établissement Maritime,2026-08-18T16:13:48.533924,true
eleve_gen_04971@gen.local,Élève,Généré 4971,,LYCEEN,BAC_1,Établissement Maritime,2026-08-18T16:13:48.533924,true
eleve_gen_04972@gen.local,Élève,Généré 4972,,LYCEEN,BAC_1,Établissement Grand Lomé,2026-08-18T16:13:48.533924,true
eleve_gen_04973@gen.local,Élève,Généré 4973,,LYCEEN,BAC_1,Établissement Maritime,2026-08-18T16:13:48.533924,true
eleve_gen_04974@gen.local,Élève,Généré 4974,,LYCEEN,BAC_1,Établissement Plateaux Ouest,2026-08-18T16:13:48.533924,true
eleve_gen_04975@gen.local,Élève,Généré 4975,,LYCEEN,BAC_1,Établissement Grand Lomé,2026-08-18T16:13:48.533924,true
eleve_gen_04976@gen.local,Élève,Généré 4976,,LYCEEN,BAC_1,Établissement Grand Lomé,2026-08-18T16:13:48.533924,true
eleve_gen_04977@gen.local,Élève,Généré 4977,,LYCEEN,BAC_1,Établissement Kara,2026-08-18T16:13:48.533924,true
eleve_gen_04978@gen.local,Élève,Généré 4978,,LYCEEN,BAC_1,Établissement Grand Lomé,2026-08-18T16:13:48.533924,true
eleve_gen_04979@gen.local,Élève,Généré 4979,,LYCEEN,BAC_1,Établissement Plateaux Ouest,2026-08-18T16:13:48.533924,true
eleve_gen_04980@gen.local,Élève,Généré 4980,,LYCEEN,BAC_1,Établissement Plateaux Ouest,2026-08-18T16:13:48.533924,true
eleve_gen_04981@gen.local,Élève,Généré 4981,,LYCEEN,BAC_1,Établissement Grand Lomé,2026-08-18T16:13:48.533924,true
eleve_gen_04982@gen.local,Élève,Généré 4982,,LYCEEN,BAC_1,Établissement Centrale,2026-08-18T16:13:48.533924,true
eleve_gen_04983@gen.local,Élève,Généré 4983,,LYCEEN,BAC_1,Établissement Plateaux Ouest,2026-08-18T16:13:48.533924,true
eleve_gen_04984@gen.local,Élève,Généré 4984,,LYCEEN,BAC_1,Établissement Centrale,2026-08-18T16:13:48.533924,true
eleve_gen_04985@gen.local,Élève,Généré 4985,,LYCEEN,BAC_1,Établissement Grand Lomé,2026-08-18T16:13:48.533924,true
eleve_gen_04986@gen.local,Élève,Généré 4986,,LYCEEN,BAC_1,Établissement Grand Lomé,2026-08-18T16:13:48.533924,true
eleve_gen_04987@gen.local,Élève,Généré 4987,,LYCEEN,BAC_1,Établissement Plateaux Ouest,2026-08-18T16:13:48.533924,true
eleve_gen_04988@gen.local,Élève,Généré 4988,,LYCEEN,BAC_1,Établissement Plateaux Est,2026-08-18T16:13:48.533924,true
eleve_gen_04989@gen.local,Élève,Généré 4989,,LYCEEN,BAC_1,Établissement Centrale,2026-08-18T16:13:48.533924,true
eleve_gen_04990@gen.local,Élève,Généré 4990,,LYCEEN,BAC_1,Établissement Maritime,2026-08-18T16:13:48.533924,true
eleve_gen_04991@gen.local,Élève,Généré 4991,,LYCEEN,BAC_1,Établissement Maritime,2026-08-18T16:13:48.533924,true
eleve_gen_04992@gen.local,Élève,Généré 4992,,LYCEEN,BAC_1,Établissement Maritime,2026-08-18T16:13:48.533924,true
eleve_gen_04993@gen.local,Élève,Généré 4993,,LYCEEN,BAC_1,Établissement Centrale,2026-08-18T16:13:48.533924,true
eleve_gen_04994@gen.local,Élève,Généré 4994,,LYCEEN,BAC_1,Établissement Savanes,2026-08-18T16:13:48.533924,true
eleve_gen_04995@gen.local,Élève,Généré 4995,,LYCEEN,BAC_1,Établissement Maritime,2026-08-18T16:13:48.533924,true
eleve_gen_04996@gen.local,Élève,Généré 4996,,LYCEEN,BAC_1,Établissement Kara,2026-08-18T16:13:48.533924,true
eleve_gen_04997@gen.local,Élève,Généré 4997,,LYCEEN,BAC_1,Établissement Savanes,2026-08-18T16:13:48.533924,true
eleve_gen_04998@gen.local,Élève,Généré 4998,,LYCEEN,BAC_1,Établissement Plateaux Est,2026-08-18T16:13:48.533924,true
eleve_gen_04999@gen.local,Élève,Généré 4999,,LYCEEN,BAC_1,Établissement Kara,2026-08-18T16:13:48.533924,true
eleve_gen_05000@gen.local,Élève,Généré 5000,,LYCEEN,BAC_1,Établissement Kara,2026-08-18T16:13:48.533924,true
eleve_gen_05001@gen.local,Élève,Généré 5001,,LYCEEN,BAC_1,Établissement Grand Lomé,2026-08-18T16:13:48.533924,true
eleve_gen_05002@gen.local,Élève,Généré 5002,,LYCEEN,BAC_1,Établissement Centrale,2026-08-18T16:13:48.533924,true
eleve_gen_05003@gen.local,Élève,Généré 5003,,LYCEEN,BAC_1,Établissement Centrale,2026-08-18T16:13:48.533924,true
eleve_gen_05004@gen.local,Élève,Généré 5004,,LYCEEN,BAC_1,Établissement Kara,2026-08-18T16:13:48.533924,true
eleve_gen_05005@gen.local,Élève,Généré 5005,,LYCEEN,BAC_1,Établissement Grand Lomé,2026-08-18T16:13:48.533924,true
eleve_gen_05006@gen.local,Élève,Généré 5006,,LYCEEN,BAC_1,Établissement Maritime,2026-08-18T16:13:48.533924,true
eleve_gen_05007@gen.local,Élève,Généré 5007,,LYCEEN,BAC_1,Établissement Plateaux Est,2026-08-18T16:13:48.533924,true
eleve_gen_05008@gen.local,Élève,Généré 5008,,LYCEEN,BAC_1,Établissement Grand Lomé,2026-08-18T16:13:48.533924,true
eleve_gen_05009@gen.local,Élève,Généré 5009,,LYCEEN,BAC_1,Établissement Plateaux Ouest,2026-08-18T16:13:48.533924,true
eleve_gen_05010@gen.local,Élève,Généré 5010,,LYCEEN,BAC_1,Établissement Grand Lomé,2026-08-18T16:13:48.533924,true
eleve_gen_05011@gen.local,Élève,Généré 5011,,LYCEEN,BAC_1,Établissement Savanes,2026-08-18T16:13:48.533924,true
eleve_gen_05012@gen.local,Élève,Généré 5012,,LYCEEN,BAC_1,Établissement Plateaux Est,2026-08-18T16:13:48.533924,true
eleve_gen_05013@gen.local,Élève,Généré 5013,,LYCEEN,BAC_1,Établissement Savanes,2026-08-18T16:13:48.533924,true
eleve_gen_05014@gen.local,Élève,Généré 5014,,LYCEEN,BAC_1,Établissement Kara,2026-08-18T16:13:48.533924,true
eleve_gen_05015@gen.local,Élève,Généré 5015,,LYCEEN,BAC_1,Établissement Savanes,2026-08-18T16:13:48.533924,true
eleve_gen_05016@gen.local,Élève,Généré 5016,,LYCEEN,BAC_1,Établissement Centrale,2026-08-18T16:13:48.533924,true
eleve_gen_05017@gen.local,Élève,Généré 5017,,LYCEEN,BAC_1,Établissement Kara,2026-08-18T16:13:48.533924,true
eleve_gen_05018@gen.local,Élève,Généré 5018,,LYCEEN,BAC_1,Établissement Centrale,2026-08-18T16:13:48.533924,true
eleve_gen_05019@gen.local,Élève,Généré 5019,,LYCEEN,BAC_1,Établissement Plateaux Est,2026-08-18T16:13:48.533924,true
eleve_gen_05020@gen.local,Élève,Généré 5020,,LYCEEN,BAC_1,Établissement Grand Lomé,2026-08-18T16:13:48.533924,true
eleve_gen_05021@gen.local,Élève,Généré 5021,,LYCEEN,BAC_1,Établissement Grand Lomé,2026-08-18T16:13:48.533924,true
eleve_gen_05022@gen.local,Élève,Généré 5022,,LYCEEN,BAC_1,Établissement Kara,2026-08-18T16:13:48.533924,true
eleve_gen_05023@gen.local,Élève,Généré 5023,,LYCEEN,BAC_1,Établissement Plateaux Est,2026-08-18T16:13:48.533924,true
eleve_gen_05024@gen.local,Élève,Généré 5024,,LYCEEN,BAC_1,Établissement Maritime,2026-08-18T16:13:48.533924,true
eleve_gen_05025@gen.local,Élève,Généré 5025,,LYCEEN,BAC_1,Établissement Plateaux Ouest,2026-08-18T16:13:48.533924,true
eleve_gen_05026@gen.local,Élève,Généré 5026,,LYCEEN,BAC_1,Établissement Maritime,2026-08-18T16:13:48.533924,true
eleve_gen_05027@gen.local,Élève,Généré 5027,,LYCEEN,BAC_1,Établissement Plateaux Est,2026-08-18T16:13:48.533924,true
eleve_gen_05028@gen.local,Élève,Généré 5028,,LYCEEN,BAC_1,Établissement Centrale,2026-08-18T16:13:48.533924,true
eleve_gen_05029@gen.local,Élève,Généré 5029,,LYCEEN,BAC_1,Établissement Grand Lomé,2026-08-18T16:13:48.533924,true
eleve_gen_05030@gen.local,Élève,Généré 5030,,LYCEEN,BAC_1,Établissement Maritime,2026-08-18T16:13:48.533924,true
eleve_gen_05031@gen.local,Élève,Généré 5031,,LYCEEN,BAC_1,Établissement Grand Lomé,2026-08-18T16:13:48.533924,true
eleve_gen_05032@gen.local,Élève,Généré 5032,,LYCEEN,BAC_1,Établissement Plateaux Ouest,2026-08-18T16:13:48.533924,true
eleve_gen_05033@gen.local,Élève,Généré 5033,,LYCEEN,BAC_1,Établissement Maritime,2026-08-18T16:13:48.533924,true
eleve_gen_05034@gen.local,Élève,Généré 5034,,LYCEEN,BAC_1,Établissement Kara,2026-08-18T16:13:48.533924,true
eleve_gen_05035@gen.local,Élève,Généré 5035,,LYCEEN,BAC_1,Établissement Grand Lomé,2026-08-18T16:13:48.533924,true
eleve_gen_05036@gen.local,Élève,Généré 5036,,LYCEEN,BAC_1,Établissement Plateaux Ouest,2026-08-18T16:13:48.533924,true
eleve_gen_05037@gen.local,Élève,Généré 5037,,LYCEEN,BAC_1,Établissement Plateaux Est,2026-08-18T16:13:48.533924,true
eleve_gen_05038@gen.local,Élève,Généré 5038,,LYCEEN,BAC_1,Établissement Maritime,2026-08-18T16:13:48.533924,true
eleve_gen_05039@gen.local,Élève,Généré 5039,,LYCEEN,BAC_1,Établissement Savanes,2026-08-18T16:13:48.533924,true
eleve_gen_05040@gen.local,Élève,Généré 5040,,LYCEEN,BAC_1,Établissement Savanes,2026-08-18T16:13:48.533924,true
eleve_gen_05041@gen.local,Élève,Généré 5041,,LYCEEN,BAC_1,Établissement Plateaux Est,2026-08-18T16:13:48.533924,true
eleve_gen_05042@gen.local,Élève,Généré 5042,,LYCEEN,BAC_1,Établissement Plateaux Est,2026-08-18T16:13:48.533924,true
eleve_gen_05043@gen.local,Élève,Généré 5043,,LYCEEN,BAC_1,Établissement Grand Lomé,2026-08-18T16:13:48.533924,true
eleve_gen_05044@gen.local,Élève,Généré 5044,,LYCEEN,BAC_1,Établissement Centrale,2026-08-18T16:13:48.533924,true
eleve_gen_05045@gen.local,Élève,Généré 5045,,LYCEEN,BAC_1,Établissement Plateaux Ouest,2026-08-18T16:13:48.533924,true
eleve_gen_05046@gen.local,Élève,Généré 5046,,LYCEEN,BAC_1,Établissement Grand Lomé,2026-08-18T16:13:48.533924,true
eleve_gen_05047@gen.local,Élève,Généré 5047,,LYCEEN,BAC_1,Établissement Grand Lomé,2026-08-18T16:13:48.533924,true
eleve_gen_05048@gen.local,Élève,Généré 5048,,LYCEEN,BAC_1,Établissement Grand Lomé,2026-08-18T16:13:48.533924,true
eleve_gen_05049@gen.local,Élève,Généré 5049,,LYCEEN,BAC_1,Établissement Savanes,2026-08-18T16:13:48.533924,true
eleve_gen_05050@gen.local,Élève,Généré 5050,,LYCEEN,BAC_1,Établissement Plateaux Ouest,2026-08-18T16:13:48.533924,true
eleve_gen_05051@gen.local,Élève,Généré 5051,,LYCEEN,BAC_1,Établissement Kara,2026-08-18T16:13:48.533924,true
eleve_gen_05052@gen.local,Élève,Généré 5052,,LYCEEN,BAC_1,Établissement Savanes,2026-08-18T16:13:48.533924,true
eleve_gen_05053@gen.local,Élève,Généré 5053,,LYCEEN,BAC_1,Établissement Grand Lomé,2026-08-18T16:13:48.533924,true
eleve_gen_05054@gen.local,Élève,Généré 5054,,LYCEEN,BAC_1,Établissement Kara,2026-08-18T16:13:48.533924,true
eleve_gen_05055@gen.local,Élève,Généré 5055,,LYCEEN,BAC_1,Établissement Grand Lomé,2026-08-18T16:13:48.533924,true
eleve_gen_05056@gen.local,Élève,Généré 5056,,LYCEEN,BAC_1,Établissement Plateaux Ouest,2026-08-18T16:13:48.533924,true
eleve_gen_05057@gen.local,Élève,Généré 5057,,LYCEEN,BAC_1,Établissement Plateaux Ouest,2026-08-18T16:13:48.533924,true
eleve_gen_05058@gen.local,Élève,Généré 5058,,LYCEEN,BAC_1,Établissement Grand Lomé,2026-08-18T16:13:48.533924,true
eleve_gen_05059@gen.local,Élève,Généré 5059,,LYCEEN,BAC_1,Établissement Maritime,2026-08-18T16:13:48.533924,true
eleve_gen_05060@gen.local,Élève,Généré 5060,,LYCEEN,BAC_1,Établissement Plateaux Est,2026-08-18T16:13:48.533924,true
eleve_gen_05061@gen.local,Élève,Généré 5061,,LYCEEN,BAC_1,Établissement Kara,2026-08-18T16:13:48.533924,true
eleve_gen_05062@gen.local,Élève,Généré 5062,,LYCEEN,BAC_1,Établissement Grand Lomé,2026-08-18T16:13:48.533924,true
eleve_gen_05063@gen.local,Élève,Généré 5063,,LYCEEN,BAC_1,Établissement Savanes,2026-08-18T16:13:48.533924,true
eleve_gen_05064@gen.local,Élève,Généré 5064,,LYCEEN,BAC_1,Établissement Maritime,2026-08-18T16:13:48.533924,true
eleve_gen_05065@gen.local,Élève,Généré 5065,,LYCEEN,BAC_1,Établissement Maritime,2026-08-18T16:13:48.533924,true
eleve_gen_05066@gen.local,Élève,Généré 5066,,LYCEEN,BAC_1,Établissement Centrale,2026-08-18T16:13:48.533924,true
eleve_gen_05067@gen.local,Élève,Généré 5067,,LYCEEN,BAC_1,Établissement Centrale,2026-08-18T16:13:48.533924,true
eleve_gen_05068@gen.local,Élève,Généré 5068,,LYCEEN,BAC_1,Établissement Plateaux Est,2026-08-18T16:13:48.533924,true
eleve_gen_05069@gen.local,Élève,Généré 5069,,LYCEEN,BAC_1,Établissement Plateaux Est,2026-08-18T16:13:48.533924,true
eleve_gen_05070@gen.local,Élève,Généré 5070,,LYCEEN,BAC_1,Établissement Grand Lomé,2026-08-18T16:13:48.533924,true
eleve_gen_05071@gen.local,Élève,Généré 5071,,LYCEEN,BAC_1,Établissement Kara,2026-08-18T16:13:48.533924,true
eleve_gen_05072@gen.local,Élève,Généré 5072,,LYCEEN,BAC_1,Établissement Kara,2026-08-18T16:13:48.533924,true
eleve_gen_05073@gen.local,Élève,Généré 5073,,LYCEEN,BAC_1,Établissement Centrale,2026-08-18T16:13:48.533924,true
eleve_gen_05074@gen.local,Élève,Généré 5074,,LYCEEN,BAC_1,Établissement Kara,2026-08-18T16:13:48.533924,true
eleve_gen_05075@gen.local,Élève,Généré 5075,,LYCEEN,BAC_1,Établissement Grand Lomé,2026-08-18T16:13:48.533924,true
eleve_gen_05076@gen.local,Élève,Généré 5076,,LYCEEN,BAC_1,Établissement Grand Lomé,2026-08-18T16:13:48.533924,true
eleve_gen_05077@gen.local,Élève,Généré 5077,,LYCEEN,BAC_1,Établissement Grand Lomé,2026-08-18T16:13:48.533924,true
eleve_gen_05078@gen.local,Élève,Généré 5078,,LYCEEN,BAC_1,Établissement Grand Lomé,2026-08-18T16:13:48.533924,true
eleve_gen_05079@gen.local,Élève,Généré 5079,,LYCEEN,BAC_1,Établissement Plateaux Est,2026-08-18T16:13:48.533924,true
eleve_gen_05080@gen.local,Élève,Généré 5080,,LYCEEN,BAC_1,Établissement Maritime,2026-08-18T16:13:48.533924,true
eleve_gen_05081@gen.local,Élève,Généré 5081,,LYCEEN,BAC_1,Établissement Kara,2026-08-18T16:13:48.533924,true
eleve_gen_05082@gen.local,Élève,Généré 5082,,LYCEEN,BAC_1,Établissement Maritime,2026-08-18T16:13:48.533924,true
eleve_gen_05083@gen.local,Élève,Généré 5083,,LYCEEN,BAC_1,Établissement Centrale,2026-08-18T16:13:48.533924,true
eleve_gen_05084@gen.local,Élève,Généré 5084,,LYCEEN,BAC_1,Établissement Maritime,2026-08-18T16:13:48.533924,true
eleve_gen_05085@gen.local,Élève,Généré 5085,,LYCEEN,BAC_1,Établissement Maritime,2026-08-18T16:13:48.533924,true
eleve_gen_05086@gen.local,Élève,Généré 5086,,LYCEEN,BAC_1,Établissement Plateaux Ouest,2026-08-18T16:13:48.533924,true
eleve_gen_05087@gen.local,Élève,Généré 5087,,LYCEEN,BAC_1,Établissement Grand Lomé,2026-08-18T16:13:48.533924,true
eleve_gen_05088@gen.local,Élève,Généré 5088,,LYCEEN,BAC_1,Établissement Grand Lomé,2026-08-18T16:13:48.533924,true
eleve_gen_05089@gen.local,Élève,Généré 5089,,LYCEEN,BAC_1,Établissement Grand Lomé,2026-08-18T16:13:48.533924,true
eleve_gen_05090@gen.local,Élève,Généré 5090,,LYCEEN,BAC_1,Établissement Maritime,2026-08-18T16:13:48.533924,true
eleve_gen_05091@gen.local,Élève,Généré 5091,,LYCEEN,BAC_1,Établissement Savanes,2026-08-18T16:13:48.533924,true
eleve_gen_05092@gen.local,Élève,Généré 5092,,LYCEEN,BAC_1,Établissement Plateaux Est,2026-08-18T16:13:48.533924,true
eleve_gen_05093@gen.local,Élève,Généré 5093,,LYCEEN,BAC_1,Établissement Grand Lomé,2026-08-18T16:13:48.533924,true
eleve_gen_05094@gen.local,Élève,Généré 5094,,LYCEEN,BAC_1,Établissement Plateaux Ouest,2026-08-18T16:13:48.533924,true
eleve_gen_05095@gen.local,Élève,Généré 5095,,LYCEEN,BAC_1,Établissement Maritime,2026-08-18T16:13:48.533924,true
eleve_gen_05096@gen.local,Élève,Généré 5096,,LYCEEN,BAC_1,Établissement Grand Lomé,2026-08-18T16:13:48.533924,true
eleve_gen_05097@gen.local,Élève,Généré 5097,,LYCEEN,BAC_1,Établissement Centrale,2026-08-18T16:13:48.533924,true
eleve_gen_05098@gen.local,Élève,Généré 5098,,LYCEEN,BAC_1,Établissement Savanes,2026-08-18T16:13:48.533924,true
eleve_gen_05099@gen.local,Élève,Généré 5099,,LYCEEN,BAC_1,Établissement Savanes,2026-08-18T16:13:48.533924,true
eleve_gen_05100@gen.local,Élève,Généré 5100,,LYCEEN,BAC_1,Établissement Grand Lomé,2026-08-18T16:13:48.533924,true
eleve_gen_05101@gen.local,Élève,Généré 5101,,LYCEEN,BAC_1,Établissement Grand Lomé,2026-08-18T16:13:48.533924,true
eleve_gen_05102@gen.local,Élève,Généré 5102,,LYCEEN,BAC_1,Établissement Centrale,2026-08-18T16:13:48.533924,true
eleve_gen_05103@gen.local,Élève,Généré 5103,,LYCEEN,BAC_1,Établissement Centrale,2026-08-18T16:13:48.533924,true
eleve_gen_05104@gen.local,Élève,Généré 5104,,LYCEEN,BAC_1,Établissement Centrale,2026-08-18T16:13:48.533924,true
eleve_gen_05105@gen.local,Élève,Généré 5105,,LYCEEN,BAC_1,Établissement Plateaux Ouest,2026-08-18T16:13:48.533924,true
eleve_gen_05106@gen.local,Élève,Généré 5106,,LYCEEN,BAC_1,Établissement Kara,2026-08-18T16:13:48.533924,true
eleve_gen_05107@gen.local,Élève,Généré 5107,,LYCEEN,BAC_1,Établissement Maritime,2026-08-18T16:13:48.533924,true
eleve_gen_05108@gen.local,Élève,Généré 5108,,LYCEEN,BAC_1,Établissement Plateaux Ouest,2026-08-18T16:13:48.533924,true
eleve_gen_05109@gen.local,Élève,Généré 5109,,LYCEEN,BAC_1,Établissement Grand Lomé,2026-08-18T16:13:48.533924,true
eleve_gen_05110@gen.local,Élève,Généré 5110,,LYCEEN,BAC_1,Établissement Maritime,2026-08-18T16:13:48.533924,true
eleve_gen_05111@gen.local,Élève,Généré 5111,,LYCEEN,BAC_1,Établissement Plateaux Est,2026-08-18T16:13:48.533924,true
eleve_gen_05112@gen.local,Élève,Généré 5112,,LYCEEN,BAC_1,Établissement Maritime,2026-08-18T16:13:48.533924,true
eleve_gen_05113@gen.local,Élève,Généré 5113,,LYCEEN,BAC_1,Établissement Kara,2026-08-18T16:13:48.533924,true
eleve_gen_05114@gen.local,Élève,Généré 5114,,LYCEEN,BAC_1,Établissement Grand Lomé,2026-08-18T16:13:48.533924,true
eleve_gen_05115@gen.local,Élève,Généré 5115,,LYCEEN,BAC_1,Établissement Centrale,2026-08-18T16:13:48.533924,true
eleve_gen_05116@gen.local,Élève,Généré 5116,,LYCEEN,BAC_1,Établissement Kara,2026-08-18T16:13:48.533924,true
eleve_gen_05117@gen.local,Élève,Généré 5117,,LYCEEN,BAC_1,Établissement Grand Lomé,2026-08-18T16:13:48.533924,true
eleve_gen_05118@gen.local,Élève,Généré 5118,,LYCEEN,BAC_1,Établissement Maritime,2026-08-18T16:13:48.533924,true
eleve_gen_05119@gen.local,Élève,Généré 5119,,LYCEEN,BAC_1,Établissement Grand Lomé,2026-08-18T16:13:48.533924,true
eleve_gen_05120@gen.local,Élève,Généré 5120,,LYCEEN,BAC_1,Établissement Centrale,2026-08-18T16:13:48.533924,true
eleve_gen_05121@gen.local,Élève,Généré 5121,,LYCEEN,BAC_1,Établissement Plateaux Est,2026-08-18T16:13:48.533924,true
eleve_gen_05122@gen.local,Élève,Généré 5122,,LYCEEN,BAC_1,Établissement Savanes,2026-08-18T16:13:48.533924,true
eleve_gen_05123@gen.local,Élève,Généré 5123,,LYCEEN,BAC_1,Établissement Grand Lomé,2026-08-18T16:13:48.533924,true
eleve_gen_05124@gen.local,Élève,Généré 5124,,LYCEEN,BAC_1,Établissement Centrale,2026-08-18T16:13:48.533924,true
eleve_gen_05125@gen.local,Élève,Généré 5125,,LYCEEN,BAC_1,Établissement Centrale,2026-08-18T16:13:48.533924,true
eleve_gen_05126@gen.local,Élève,Généré 5126,,LYCEEN,BAC_1,Établissement Kara,2026-08-18T16:13:48.533924,true
eleve_gen_05127@gen.local,Élève,Généré 5127,,LYCEEN,BAC_1,Établissement Kara,2026-08-18T16:13:48.533924,true
eleve_gen_05128@gen.local,Élève,Généré 5128,,LYCEEN,BAC_1,Établissement Kara,2026-08-18T16:13:48.533924,true
eleve_gen_05129@gen.local,Élève,Généré 5129,,LYCEEN,BAC_1,Établissement Centrale,2026-08-18T16:13:48.533924,true
eleve_gen_05130@gen.local,Élève,Généré 5130,,LYCEEN,BAC_1,Établissement Centrale,2026-08-18T16:13:48.533924,true
eleve_gen_05131@gen.local,Élève,Généré 5131,,LYCEEN,BAC_1,Établissement Kara,2026-08-18T16:13:48.533924,true
eleve_gen_05132@gen.local,Élève,Généré 5132,,LYCEEN,BAC_1,Établissement Centrale,2026-08-18T16:13:48.533924,true
eleve_gen_05133@gen.local,Élève,Généré 5133,,LYCEEN,BAC_1,Établissement Centrale,2026-08-18T16:13:48.533924,true
eleve_gen_05134@gen.local,Élève,Généré 5134,,LYCEEN,BAC_1,Établissement Maritime,2026-08-18T16:13:48.533924,true
eleve_gen_05135@gen.local,Élève,Généré 5135,,LYCEEN,BAC_1,Établissement Grand Lomé,2026-08-18T16:13:48.533924,true
eleve_gen_05136@gen.local,Élève,Généré 5136,,LYCEEN,BAC_1,Établissement Centrale,2026-08-18T16:13:48.533924,true
eleve_gen_05137@gen.local,Élève,Généré 5137,,LYCEEN,BAC_1,Établissement Plateaux Est,2026-08-18T16:13:48.533924,true
eleve_gen_05138@gen.local,Élève,Généré 5138,,LYCEEN,BAC_1,Établissement Kara,2026-08-18T16:13:48.533924,true
eleve_gen_05139@gen.local,Élève,Généré 5139,,LYCEEN,BAC_1,Établissement Plateaux Ouest,2026-08-18T16:13:48.533924,true
eleve_gen_05140@gen.local,Élève,Généré 5140,,LYCEEN,BAC_1,Établissement Centrale,2026-08-18T16:13:48.533924,true
eleve_gen_05141@gen.local,Élève,Généré 5141,,LYCEEN,BAC_1,Établissement Centrale,2026-08-18T16:13:48.533924,true
eleve_gen_05142@gen.local,Élève,Généré 5142,,LYCEEN,BAC_1,Établissement Savanes,2026-08-18T16:13:48.533924,true
eleve_gen_05143@gen.local,Élève,Généré 5143,,LYCEEN,BAC_1,Établissement Plateaux Est,2026-08-18T16:13:48.533924,true
eleve_gen_05144@gen.local,Élève,Généré 5144,,LYCEEN,BAC_1,Établissement Centrale,2026-08-18T16:13:48.533924,true
eleve_gen_05145@gen.local,Élève,Généré 5145,,LYCEEN,BAC_1,Établissement Maritime,2026-08-18T16:13:48.533924,true
eleve_gen_05146@gen.local,Élève,Généré 5146,,LYCEEN,BAC_1,Établissement Kara,2026-08-18T16:13:48.533924,true
eleve_gen_05147@gen.local,Élève,Généré 5147,,LYCEEN,BAC_1,Établissement Maritime,2026-08-18T16:13:48.533924,true
eleve_gen_05148@gen.local,Élève,Généré 5148,,LYCEEN,BAC_1,Établissement Plateaux Ouest,2026-08-18T16:13:48.533924,true
eleve_gen_05149@gen.local,Élève,Généré 5149,,LYCEEN,BAC_1,Établissement Grand Lomé,2026-08-18T16:13:48.533924,true
eleve_gen_05150@gen.local,Élève,Généré 5150,,LYCEEN,BAC_1,Établissement Plateaux Ouest,2026-08-18T16:13:48.533924,true
eleve_gen_05151@gen.local,Élève,Généré 5151,,LYCEEN,BAC_1,Établissement Plateaux Est,2026-08-18T16:13:48.533924,true
eleve_gen_05152@gen.local,Élève,Généré 5152,,LYCEEN,BAC_1,Établissement Maritime,2026-08-18T16:13:48.533924,true
eleve_gen_05153@gen.local,Élève,Généré 5153,,LYCEEN,BAC_1,Établissement Maritime,2026-08-18T16:13:48.533924,true
eleve_gen_05154@gen.local,Élève,Généré 5154,,LYCEEN,BAC_1,Établissement Grand Lomé,2026-08-18T16:13:48.533924,true
eleve_gen_05155@gen.local,Élève,Généré 5155,,LYCEEN,BAC_1,Établissement Savanes,2026-08-18T16:13:48.533924,true
eleve_gen_05156@gen.local,Élève,Généré 5156,,LYCEEN,BAC_1,Établissement Kara,2026-08-18T16:13:48.533924,true
eleve_gen_05157@gen.local,Élève,Généré 5157,,LYCEEN,BAC_1,Établissement Centrale,2026-08-18T16:13:48.533924,true
eleve_gen_05158@gen.local,Élève,Généré 5158,,LYCEEN,BAC_1,Établissement Grand Lomé,2026-08-18T16:13:48.533924,true
eleve_gen_05159@gen.local,Élève,Généré 5159,,LYCEEN,BAC_1,Établissement Centrale,2026-08-18T16:13:48.533924,true
eleve_gen_05160@gen.local,Élève,Généré 5160,,LYCEEN,BAC_1,Établissement Plateaux Est,2026-08-18T16:13:48.533924,true
eleve_gen_05161@gen.local,Élève,Généré 5161,,LYCEEN,BAC_1,Établissement Kara,2026-08-18T16:13:48.533924,true
eleve_gen_05162@gen.local,Élève,Généré 5162,,LYCEEN,BAC_1,Établissement Maritime,2026-08-18T16:13:48.533924,true
eleve_gen_05163@gen.local,Élève,Généré 5163,,LYCEEN,BAC_1,Établissement Plateaux Est,2026-08-18T16:13:48.533924,true
eleve_gen_05164@gen.local,Élève,Généré 5164,,LYCEEN,BAC_1,Établissement Grand Lomé,2026-08-18T16:13:48.533924,true
eleve_gen_05165@gen.local,Élève,Généré 5165,,LYCEEN,BAC_1,Établissement Centrale,2026-08-18T16:13:48.533924,true
eleve_gen_05166@gen.local,Élève,Généré 5166,,LYCEEN,BAC_1,Établissement Kara,2026-08-18T16:13:48.533924,true
eleve_gen_05167@gen.local,Élève,Généré 5167,,LYCEEN,BAC_1,Établissement Plateaux Est,2026-08-18T16:13:48.533924,true
eleve_gen_05168@gen.local,Élève,Généré 5168,,LYCEEN,BAC_1,Établissement Centrale,2026-08-18T16:13:48.533924,true
eleve_gen_05169@gen.local,Élève,Généré 5169,,LYCEEN,BAC_1,Établissement Maritime,2026-08-18T16:13:48.533924,true
eleve_gen_05170@gen.local,Élève,Généré 5170,,LYCEEN,BAC_1,Établissement Kara,2026-08-18T16:13:48.533924,true
eleve_gen_05171@gen.local,Élève,Généré 5171,,LYCEEN,BAC_1,Établissement Centrale,2026-08-18T16:13:48.533924,true
eleve_gen_05172@gen.local,Élève,Généré 5172,,LYCEEN,BAC_1,Établissement Plateaux Ouest,2026-08-18T16:13:48.533924,true
eleve_gen_05173@gen.local,Élève,Généré 5173,,LYCEEN,BAC_1,Établissement Centrale,2026-08-18T16:13:48.533924,true
eleve_gen_05174@gen.local,Élève,Généré 5174,,LYCEEN,BAC_1,Établissement Centrale,2026-08-18T16:13:48.533924,true
eleve_gen_05175@gen.local,Élève,Généré 5175,,LYCEEN,BAC_1,Établissement Plateaux Est,2026-08-18T16:13:48.533924,true
eleve_gen_05176@gen.local,Élève,Généré 5176,,LYCEEN,BAC_1,Établissement Savanes,2026-08-18T16:13:48.533924,true
eleve_gen_05177@gen.local,Élève,Généré 5177,,LYCEEN,BAC_1,Établissement Plateaux Est,2026-08-18T16:13:48.533924,true
eleve_gen_05178@gen.local,Élève,Généré 5178,,LYCEEN,BAC_1,Établissement Maritime,2026-08-18T16:13:48.533924,true
eleve_gen_05179@gen.local,Élève,Généré 5179,,LYCEEN,BAC_1,Établissement Grand Lomé,2026-08-18T16:13:48.533924,true
eleve_gen_05180@gen.local,Élève,Généré 5180,,LYCEEN,BAC_1,Établissement Grand Lomé,2026-08-18T16:13:48.533924,true
eleve_gen_05181@gen.local,Élève,Généré 5181,,LYCEEN,BAC_1,Établissement Savanes,2026-08-18T16:13:48.533924,true
eleve_gen_05182@gen.local,Élève,Généré 5182,,LYCEEN,BAC_1,Établissement Maritime,2026-08-18T16:13:48.533924,true
eleve_gen_05183@gen.local,Élève,Généré 5183,,LYCEEN,BAC_1,Établissement Grand Lomé,2026-08-18T16:13:48.533924,true
eleve_gen_05184@gen.local,Élève,Généré 5184,,LYCEEN,BAC_1,Établissement Plateaux Ouest,2026-08-18T16:13:48.533924,true
eleve_gen_05185@gen.local,Élève,Généré 5185,,LYCEEN,BAC_1,Établissement Grand Lomé,2026-08-18T16:13:48.533924,true
eleve_gen_05186@gen.local,Élève,Généré 5186,,LYCEEN,BAC_1,Établissement Kara,2026-08-18T16:13:48.533924,true
eleve_gen_05187@gen.local,Élève,Généré 5187,,LYCEEN,BAC_1,Établissement Kara,2026-08-18T16:13:48.533924,true
eleve_gen_05188@gen.local,Élève,Généré 5188,,LYCEEN,BAC_1,Établissement Savanes,2026-08-18T16:13:48.533924,true
eleve_gen_05189@gen.local,Élève,Généré 5189,,LYCEEN,BAC_1,Établissement Centrale,2026-08-18T16:13:48.533924,true
eleve_gen_05190@gen.local,Élève,Généré 5190,,LYCEEN,BAC_1,Établissement Grand Lomé,2026-08-18T16:13:48.533924,true
eleve_gen_05191@gen.local,Élève,Généré 5191,,LYCEEN,BAC_1,Établissement Grand Lomé,2026-08-18T16:13:48.533924,true
eleve_gen_05192@gen.local,Élève,Généré 5192,,LYCEEN,BAC_1,Établissement Savanes,2026-08-18T16:13:48.533924,true
eleve_gen_05193@gen.local,Élève,Généré 5193,,LYCEEN,BAC_1,Établissement Grand Lomé,2026-08-18T16:13:48.533924,true
eleve_gen_05194@gen.local,Élève,Généré 5194,,LYCEEN,BAC_1,Établissement Grand Lomé,2026-08-18T16:13:48.533924,true
eleve_gen_05195@gen.local,Élève,Généré 5195,,LYCEEN,BAC_1,Établissement Grand Lomé,2026-08-18T16:13:48.533924,true
eleve_gen_05196@gen.local,Élève,Généré 5196,,LYCEEN,BAC_1,Établissement Maritime,2026-08-18T16:13:48.533924,true
eleve_gen_05197@gen.local,Élève,Généré 5197,,LYCEEN,BAC_1,Établissement Plateaux Ouest,2026-08-18T16:13:48.533924,true
eleve_gen_05198@gen.local,Élève,Généré 5198,,LYCEEN,BAC_1,Établissement Savanes,2026-08-18T16:13:48.533924,true
eleve_gen_05199@gen.local,Élève,Généré 5199,,LYCEEN,BAC_1,Établissement Savanes,2026-08-18T16:13:48.533924,true
eleve_gen_05200@gen.local,Élève,Généré 5200,,LYCEEN,BAC_1,Établissement Maritime,2026-08-18T16:13:48.533924,true
eleve_gen_05201@gen.local,Élève,Généré 5201,,LYCEEN,BAC_1,Établissement Centrale,2026-08-18T16:13:48.533924,true
eleve_gen_05202@gen.local,Élève,Généré 5202,,LYCEEN,BAC_1,Établissement Savanes,2026-08-18T16:13:48.533924,true
eleve_gen_05203@gen.local,Élève,Généré 5203,,LYCEEN,BAC_1,Établissement Grand Lomé,2026-08-18T16:13:48.533924,true
eleve_gen_05204@gen.local,Élève,Généré 5204,,LYCEEN,BAC_1,Établissement Kara,2026-08-18T16:13:48.533924,true
eleve_gen_05205@gen.local,Élève,Généré 5205,,LYCEEN,BAC_1,Établissement Grand Lomé,2026-08-18T16:13:48.533924,true
eleve_gen_05206@gen.local,Élève,Généré 5206,,LYCEEN,BAC_1,Établissement Maritime,2026-08-18T16:13:48.533924,true
eleve_gen_05207@gen.local,Élève,Généré 5207,,LYCEEN,BAC_1,Établissement Plateaux Est,2026-08-18T16:13:48.533924,true
eleve_gen_05208@gen.local,Élève,Généré 5208,,LYCEEN,BAC_1,Établissement Savanes,2026-08-18T16:13:48.533924,true
eleve_gen_05209@gen.local,Élève,Généré 5209,,LYCEEN,BAC_1,Établissement Plateaux Ouest,2026-08-18T16:13:48.533924,true
eleve_gen_05210@gen.local,Élève,Généré 5210,,LYCEEN,BAC_1,Établissement Centrale,2026-08-18T16:13:48.533924,true
eleve_gen_05211@gen.local,Élève,Généré 5211,,LYCEEN,BAC_1,Établissement Plateaux Ouest,2026-08-18T16:13:48.533924,true
eleve_gen_05212@gen.local,Élève,Généré 5212,,LYCEEN,BAC_1,Établissement Plateaux Ouest,2026-08-18T16:13:48.533924,true
eleve_gen_05213@gen.local,Élève,Généré 5213,,LYCEEN,BAC_1,Établissement Centrale,2026-08-18T16:13:48.533924,true
eleve_gen_05214@gen.local,Élève,Généré 5214,,LYCEEN,BAC_1,Établissement Savanes,2026-08-18T16:13:48.533924,true
eleve_gen_05215@gen.local,Élève,Généré 5215,,LYCEEN,BAC_1,Établissement Maritime,2026-08-18T16:13:48.533924,true
eleve_gen_05216@gen.local,Élève,Généré 5216,,LYCEEN,BAC_1,Établissement Plateaux Ouest,2026-08-18T16:13:48.533924,true
eleve_gen_05217@gen.local,Élève,Généré 5217,,LYCEEN,BAC_1,Établissement Plateaux Est,2026-08-18T16:13:48.533924,true
eleve_gen_05218@gen.local,Élève,Généré 5218,,LYCEEN,BAC_1,Établissement Plateaux Ouest,2026-08-18T16:13:48.533924,true
eleve_gen_05219@gen.local,Élève,Généré 5219,,LYCEEN,BAC_1,Établissement Savanes,2026-08-18T16:13:48.533924,true
eleve_gen_05220@gen.local,Élève,Généré 5220,,LYCEEN,BAC_1,Établissement Maritime,2026-08-18T16:13:48.533924,true
eleve_gen_05221@gen.local,Élève,Généré 5221,,LYCEEN,BAC_1,Établissement Plateaux Est,2026-08-18T16:13:48.533924,true
eleve_gen_05222@gen.local,Élève,Généré 5222,,LYCEEN,BAC_1,Établissement Kara,2026-08-18T16:13:48.533924,true
eleve_gen_05223@gen.local,Élève,Généré 5223,,LYCEEN,BAC_1,Établissement Grand Lomé,2026-08-18T16:13:48.533924,true
eleve_gen_05224@gen.local,Élève,Généré 5224,,LYCEEN,BAC_1,Établissement Maritime,2026-08-18T16:13:48.533924,true
eleve_gen_05225@gen.local,Élève,Généré 5225,,LYCEEN,BAC_1,Établissement Grand Lomé,2026-08-18T16:13:48.533924,true
eleve_gen_05226@gen.local,Élève,Généré 5226,,LYCEEN,BAC_1,Établissement Grand Lomé,2026-08-18T16:13:48.533924,true
eleve_gen_05227@gen.local,Élève,Généré 5227,,LYCEEN,BAC_1,Établissement Maritime,2026-08-18T16:13:48.533924,true
eleve_gen_05228@gen.local,Élève,Généré 5228,,LYCEEN,BAC_1,Établissement Grand Lomé,2026-08-18T16:13:48.533924,true
eleve_gen_05229@gen.local,Élève,Généré 5229,,LYCEEN,BAC_1,Établissement Kara,2026-08-18T16:13:48.533924,true
eleve_gen_05230@gen.local,Élève,Généré 5230,,LYCEEN,BAC_1,Établissement Plateaux Est,2026-08-18T16:13:48.533924,true
eleve_gen_05231@gen.local,Élève,Généré 5231,,LYCEEN,BAC_1,Établissement Grand Lomé,2026-08-18T16:13:48.533924,true
eleve_gen_05232@gen.local,Élève,Généré 5232,,LYCEEN,BAC_1,Établissement Kara,2026-08-18T16:13:48.533924,true
eleve_gen_05233@gen.local,Élève,Généré 5233,,LYCEEN,BAC_1,Établissement Maritime,2026-08-18T16:13:48.533924,true
eleve_gen_05234@gen.local,Élève,Généré 5234,,LYCEEN,BAC_1,Établissement Centrale,2026-08-18T16:13:48.533924,true
eleve_gen_05235@gen.local,Élève,Généré 5235,,LYCEEN,BAC_1,Établissement Savanes,2026-08-18T16:13:48.533924,true
eleve_gen_05236@gen.local,Élève,Généré 5236,,LYCEEN,BAC_1,Établissement Grand Lomé,2026-08-18T16:13:48.533924,true
eleve_gen_05237@gen.local,Élève,Généré 5237,,LYCEEN,BAC_1,Établissement Centrale,2026-08-18T16:13:48.533924,true
eleve_gen_05238@gen.local,Élève,Généré 5238,,LYCEEN,BAC_1,Établissement Grand Lomé,2026-08-18T16:13:48.533924,true
eleve_gen_05239@gen.local,Élève,Généré 5239,,LYCEEN,BAC_1,Établissement Grand Lomé,2026-08-18T16:13:48.533924,true
eleve_gen_05240@gen.local,Élève,Généré 5240,,LYCEEN,BAC_1,Établissement Centrale,2026-08-18T16:13:48.533924,true
eleve_gen_05241@gen.local,Élève,Généré 5241,,LYCEEN,BAC_1,Établissement Maritime,2026-08-18T16:13:48.533924,true
eleve_gen_05242@gen.local,Élève,Généré 5242,,LYCEEN,BAC_1,Établissement Savanes,2026-08-18T16:13:48.533924,true
eleve_gen_05243@gen.local,Élève,Généré 5243,,LYCEEN,BAC_1,Établissement Grand Lomé,2026-08-18T16:13:48.533924,true
eleve_gen_05244@gen.local,Élève,Généré 5244,,LYCEEN,BAC_1,Établissement Centrale,2026-08-18T16:13:48.533924,true
eleve_gen_05245@gen.local,Élève,Généré 5245,,LYCEEN,BAC_1,Établissement Kara,2026-08-18T16:13:48.533924,true
eleve_gen_05246@gen.local,Élève,Généré 5246,,LYCEEN,BAC_1,Établissement Plateaux Est,2026-08-18T16:13:48.533924,true
eleve_gen_05247@gen.local,Élève,Généré 5247,,LYCEEN,BAC_1,Établissement Grand Lomé,2026-08-18T16:13:48.533924,true
eleve_gen_05248@gen.local,Élève,Généré 5248,,LYCEEN,BAC_1,Établissement Grand Lomé,2026-08-18T16:13:48.533924,true
eleve_gen_05249@gen.local,Élève,Généré 5249,,LYCEEN,BAC_1,Établissement Plateaux Est,2026-08-18T16:13:48.533924,true
eleve_gen_05250@gen.local,Élève,Généré 5250,,LYCEEN,BAC_1,Établissement Plateaux Ouest,2026-08-18T16:13:48.533924,true
eleve_gen_05251@gen.local,Élève,Généré 5251,,LYCEEN,BAC_1,Établissement Plateaux Est,2026-08-18T16:13:48.533924,true
eleve_gen_05252@gen.local,Élève,Généré 5252,,LYCEEN,BAC_1,Établissement Maritime,2026-08-18T16:13:48.533924,true
eleve_gen_05253@gen.local,Élève,Généré 5253,,LYCEEN,BAC_1,Établissement Grand Lomé,2026-08-18T16:13:48.533924,true
eleve_gen_05254@gen.local,Élève,Généré 5254,,LYCEEN,BAC_1,Établissement Grand Lomé,2026-08-18T16:13:48.533924,true
eleve_gen_05255@gen.local,Élève,Généré 5255,,LYCEEN,BAC_1,Établissement Grand Lomé,2026-08-18T16:13:48.533924,true
eleve_gen_05256@gen.local,Élève,Généré 5256,,LYCEEN,BAC_1,Établissement Centrale,2026-08-18T16:13:48.533924,true
eleve_gen_05257@gen.local,Élève,Généré 5257,,LYCEEN,BAC_1,Établissement Grand Lomé,2026-08-18T16:13:48.533924,true
eleve_gen_05258@gen.local,Élève,Généré 5258,,LYCEEN,BAC_1,Établissement Kara,2026-08-18T16:13:48.533924,true
eleve_gen_05259@gen.local,Élève,Généré 5259,,LYCEEN,BAC_1,Établissement Grand Lomé,2026-08-18T16:13:48.533924,true
eleve_gen_05260@gen.local,Élève,Généré 5260,,LYCEEN,BAC_1,Établissement Grand Lomé,2026-08-18T16:13:48.533924,true
eleve_gen_05261@gen.local,Élève,Généré 5261,,LYCEEN,BAC_1,Établissement Savanes,2026-08-18T16:13:48.533924,true
eleve_gen_05262@gen.local,Élève,Généré 5262,,LYCEEN,BAC_1,Établissement Grand Lomé,2026-08-18T16:13:48.533924,true
eleve_gen_05263@gen.local,Élève,Généré 5263,,LYCEEN,BAC_1,Établissement Grand Lomé,2026-08-18T16:13:48.533924,true
eleve_gen_05264@gen.local,Élève,Généré 5264,,LYCEEN,BAC_1,Établissement Grand Lomé,2026-08-18T16:13:48.533924,true
eleve_gen_05265@gen.local,Élève,Généré 5265,,LYCEEN,BAC_1,Établissement Grand Lomé,2026-08-18T16:13:48.533924,true
eleve_gen_05266@gen.local,Élève,Généré 5266,,LYCEEN,BAC_1,Établissement Grand Lomé,2026-08-18T16:13:48.533924,true
eleve_gen_05267@gen.local,Élève,Généré 5267,,LYCEEN,BAC_1,Établissement Plateaux Ouest,2026-08-18T16:13:48.533924,true
eleve_gen_05268@gen.local,Élève,Généré 5268,,LYCEEN,BAC_1,Établissement Plateaux Ouest,2026-08-18T16:13:48.533924,true
eleve_gen_05269@gen.local,Élève,Généré 5269,,LYCEEN,BAC_1,Établissement Plateaux Est,2026-08-18T16:13:48.533924,true
eleve_gen_05270@gen.local,Élève,Généré 5270,,LYCEEN,BAC_1,Établissement Plateaux Ouest,2026-08-18T16:13:48.533924,true
eleve_gen_05271@gen.local,Élève,Généré 5271,,LYCEEN,BAC_1,Établissement Plateaux Est,2026-08-18T16:13:48.533924,true
eleve_gen_05272@gen.local,Élève,Généré 5272,,LYCEEN,BAC_1,Établissement Savanes,2026-08-18T16:13:48.533924,true
eleve_gen_05273@gen.local,Élève,Généré 5273,,LYCEEN,BAC_1,Établissement Maritime,2026-08-18T16:13:48.533924,true
eleve_gen_05274@gen.local,Élève,Généré 5274,,LYCEEN,BAC_1,Établissement Kara,2026-08-18T16:13:48.533924,true
eleve_gen_05275@gen.local,Élève,Généré 5275,,LYCEEN,BAC_1,Établissement Grand Lomé,2026-08-18T16:13:48.533924,true
eleve_gen_05276@gen.local,Élève,Généré 5276,,LYCEEN,BAC_1,Établissement Maritime,2026-08-18T16:13:48.533924,true
eleve_gen_05277@gen.local,Élève,Généré 5277,,LYCEEN,BAC_1,Établissement Centrale,2026-08-18T16:13:48.533924,true
eleve_gen_05278@gen.local,Élève,Généré 5278,,LYCEEN,BAC_1,Établissement Grand Lomé,2026-08-18T16:13:48.533924,true
eleve_gen_05279@gen.local,Élève,Généré 5279,,LYCEEN,BAC_1,Établissement Maritime,2026-08-18T16:13:48.533924,true
eleve_gen_05280@gen.local,Élève,Généré 5280,,LYCEEN,BAC_1,Établissement Centrale,2026-08-18T16:13:48.533924,true
eleve_gen_05281@gen.local,Élève,Généré 5281,,LYCEEN,BAC_1,Établissement Maritime,2026-08-18T16:13:48.533924,true
eleve_gen_05282@gen.local,Élève,Généré 5282,,LYCEEN,BAC_1,Établissement Maritime,2026-08-18T16:13:48.533924,true
eleve_gen_05283@gen.local,Élève,Généré 5283,,LYCEEN,BAC_1,Établissement Maritime,2026-08-18T16:13:48.533924,true
eleve_gen_05284@gen.local,Élève,Généré 5284,,LYCEEN,BAC_1,Établissement Plateaux Ouest,2026-08-18T16:13:48.533924,true
eleve_gen_05285@gen.local,Élève,Généré 5285,,LYCEEN,BAC_1,Établissement Kara,2026-08-18T16:13:48.533924,true
eleve_gen_05286@gen.local,Élève,Généré 5286,,LYCEEN,BAC_1,Établissement Centrale,2026-08-18T16:13:48.533924,true
eleve_gen_05287@gen.local,Élève,Généré 5287,,LYCEEN,BAC_1,Établissement Grand Lomé,2026-08-18T16:13:48.533924,true
eleve_gen_05288@gen.local,Élève,Généré 5288,,LYCEEN,BAC_1,Établissement Plateaux Est,2026-08-18T16:13:48.533924,true
eleve_gen_05289@gen.local,Élève,Généré 5289,,LYCEEN,BAC_1,Établissement Plateaux Ouest,2026-08-18T16:13:48.533924,true
eleve_gen_05290@gen.local,Élève,Généré 5290,,LYCEEN,BAC_1,Établissement Maritime,2026-08-18T16:13:48.533924,true
eleve_gen_05291@gen.local,Élève,Généré 5291,,LYCEEN,BAC_1,Établissement Grand Lomé,2026-08-18T16:13:48.533924,true
eleve_gen_05292@gen.local,Élève,Généré 5292,,LYCEEN,BAC_1,Établissement Plateaux Est,2026-08-18T16:13:48.533924,true
eleve_gen_05293@gen.local,Élève,Généré 5293,,LYCEEN,BAC_1,Établissement Maritime,2026-08-18T16:13:48.533924,true
eleve_gen_05294@gen.local,Élève,Généré 5294,,LYCEEN,BAC_1,Établissement Maritime,2026-08-18T16:13:48.533924,true
eleve_gen_05295@gen.local,Élève,Généré 5295,,LYCEEN,BAC_1,Établissement Plateaux Ouest,2026-08-18T16:13:48.533924,true
eleve_gen_05296@gen.local,Élève,Généré 5296,,LYCEEN,BAC_1,Établissement Plateaux Est,2026-08-18T16:13:48.533924,true
eleve_gen_05297@gen.local,Élève,Généré 5297,,LYCEEN,BAC_1,Établissement Kara,2026-08-18T16:13:48.533924,true
eleve_gen_05298@gen.local,Élève,Généré 5298,,LYCEEN,BAC_1,Établissement Savanes,2026-08-18T16:13:48.533924,true
eleve_gen_05299@gen.local,Élève,Généré 5299,,LYCEEN,BAC_1,Établissement Grand Lomé,2026-08-18T16:13:48.533924,true
eleve_gen_05300@gen.local,Élève,Généré 5300,,LYCEEN,BAC_1,Établissement Grand Lomé,2026-08-18T16:13:48.533924,true
eleve_gen_05301@gen.local,Élève,Généré 5301,,LYCEEN,BAC_1,Établissement Maritime,2026-08-18T16:13:48.533924,true
eleve_gen_05302@gen.local,Élève,Généré 5302,,LYCEEN,BAC_1,Établissement Maritime,2026-08-18T16:13:48.533924,true
eleve_gen_05303@gen.local,Élève,Généré 5303,,LYCEEN,BAC_1,Établissement Kara,2026-08-18T16:13:48.533924,true
eleve_gen_05304@gen.local,Élève,Généré 5304,,LYCEEN,BAC_1,Établissement Kara,2026-08-18T16:13:48.533924,true
eleve_gen_05305@gen.local,Élève,Généré 5305,,LYCEEN,BAC_1,Établissement Kara,2026-08-18T16:13:48.533924,true
eleve_gen_05306@gen.local,Élève,Généré 5306,,LYCEEN,BAC_1,Établissement Maritime,2026-08-18T16:13:48.533924,true
eleve_gen_05307@gen.local,Élève,Généré 5307,,LYCEEN,BAC_1,Établissement Centrale,2026-08-18T16:13:48.533924,true
eleve_gen_05308@gen.local,Élève,Généré 5308,,LYCEEN,BAC_1,Établissement Grand Lomé,2026-08-18T16:13:48.533924,true
eleve_gen_05309@gen.local,Élève,Généré 5309,,LYCEEN,BAC_1,Établissement Plateaux Ouest,2026-08-18T16:13:48.533924,true
eleve_gen_05310@gen.local,Élève,Généré 5310,,LYCEEN,BAC_1,Établissement Maritime,2026-08-18T16:13:48.533924,true
eleve_gen_05311@gen.local,Élève,Généré 5311,,LYCEEN,BAC_1,Établissement Plateaux Est,2026-08-18T16:13:48.533924,true
eleve_gen_05312@gen.local,Élève,Généré 5312,,LYCEEN,BAC_1,Établissement Centrale,2026-08-18T16:13:48.533924,true
eleve_gen_05313@gen.local,Élève,Généré 5313,,LYCEEN,BAC_1,Établissement Plateaux Ouest,2026-08-18T16:13:48.533924,true
eleve_gen_05314@gen.local,Élève,Généré 5314,,LYCEEN,BAC_1,Établissement Plateaux Est,2026-08-18T16:13:48.533924,true
eleve_gen_05315@gen.local,Élève,Généré 5315,,LYCEEN,BAC_1,Établissement Maritime,2026-08-18T16:13:48.533924,true
eleve_gen_05316@gen.local,Élève,Généré 5316,,LYCEEN,BAC_1,Établissement Grand Lomé,2026-08-18T16:13:48.533924,true
eleve_gen_05317@gen.local,Élève,Généré 5317,,LYCEEN,BAC_1,Établissement Centrale,2026-08-18T16:13:48.533924,true
eleve_gen_05318@gen.local,Élève,Généré 5318,,LYCEEN,BAC_1,Établissement Grand Lomé,2026-08-18T16:13:48.533924,true
eleve_gen_05319@gen.local,Élève,Généré 5319,,LYCEEN,BAC_1,Établissement Maritime,2026-08-18T16:13:48.533924,true
eleve_gen_05320@gen.local,Élève,Généré 5320,,LYCEEN,BAC_1,Établissement Maritime,2026-08-18T16:13:48.533924,true
eleve_gen_05321@gen.local,Élève,Généré 5321,,LYCEEN,BAC_1,Établissement Grand Lomé,2026-08-18T16:13:48.533924,true
eleve_gen_05322@gen.local,Élève,Généré 5322,,LYCEEN,BAC_1,Établissement Grand Lomé,2026-08-18T16:13:48.533924,true
eleve_gen_05323@gen.local,Élève,Généré 5323,,LYCEEN,BAC_1,Établissement Maritime,2026-08-18T16:13:48.533924,true
eleve_gen_05324@gen.local,Élève,Généré 5324,,LYCEEN,BAC_1,Établissement Plateaux Est,2026-08-18T16:13:48.533924,true
eleve_gen_05325@gen.local,Élève,Généré 5325,,LYCEEN,BAC_1,Établissement Grand Lomé,2026-08-18T16:13:48.533924,true
eleve_gen_05326@gen.local,Élève,Généré 5326,,LYCEEN,BAC_1,Établissement Maritime,2026-08-18T16:13:48.533924,true
eleve_gen_05327@gen.local,Élève,Généré 5327,,LYCEEN,BAC_1,Établissement Grand Lomé,2026-08-18T16:13:48.533924,true
eleve_gen_05328@gen.local,Élève,Généré 5328,,LYCEEN,BAC_1,Établissement Grand Lomé,2026-08-18T16:13:48.533924,true
eleve_gen_05329@gen.local,Élève,Généré 5329,,LYCEEN,BAC_1,Établissement Plateaux Ouest,2026-08-18T16:13:48.533924,true
eleve_gen_05330@gen.local,Élève,Généré 5330,,LYCEEN,BAC_1,Établissement Plateaux Est,2026-08-18T16:13:48.533924,true
eleve_gen_05331@gen.local,Élève,Généré 5331,,LYCEEN,BAC_1,Établissement Grand Lomé,2026-08-18T16:13:48.533924,true
eleve_gen_05332@gen.local,Élève,Généré 5332,,LYCEEN,BAC_1,Établissement Plateaux Est,2026-08-18T16:13:48.533924,true
eleve_gen_05333@gen.local,Élève,Généré 5333,,LYCEEN,BAC_1,Établissement Plateaux Ouest,2026-08-18T16:13:48.533924,true
eleve_gen_05334@gen.local,Élève,Généré 5334,,LYCEEN,BAC_1,Établissement Kara,2026-08-18T16:13:48.533924,true
eleve_gen_05335@gen.local,Élève,Généré 5335,,LYCEEN,BAC_1,Établissement Plateaux Ouest,2026-08-18T16:13:48.533924,true
eleve_gen_05336@gen.local,Élève,Généré 5336,,LYCEEN,BAC_1,Établissement Grand Lomé,2026-08-18T16:13:48.533924,true
eleve_gen_05337@gen.local,Élève,Généré 5337,,LYCEEN,BAC_1,Établissement Grand Lomé,2026-08-18T16:13:48.533924,true
eleve_gen_05338@gen.local,Élève,Généré 5338,,LYCEEN,BAC_1,Établissement Grand Lomé,2026-08-18T16:13:48.533924,true
eleve_gen_05339@gen.local,Élève,Généré 5339,,LYCEEN,BAC_1,Établissement Plateaux Ouest,2026-08-18T16:13:48.533924,true
eleve_gen_05340@gen.local,Élève,Généré 5340,,LYCEEN,BAC_1,Établissement Plateaux Ouest,2026-08-18T16:13:48.533924,true
eleve_gen_05341@gen.local,Élève,Généré 5341,,LYCEEN,BAC_1,Établissement Grand Lomé,2026-08-18T16:13:48.533924,true
eleve_gen_05342@gen.local,Élève,Généré 5342,,LYCEEN,BAC_1,Établissement Plateaux Ouest,2026-08-18T16:13:48.533924,true
eleve_gen_05343@gen.local,Élève,Généré 5343,,LYCEEN,BAC_1,Établissement Centrale,2026-08-18T16:13:48.533924,true
eleve_gen_05344@gen.local,Élève,Généré 5344,,LYCEEN,BAC_1,Établissement Savanes,2026-08-18T16:13:48.533924,true
eleve_gen_05345@gen.local,Élève,Généré 5345,,LYCEEN,BAC_1,Établissement Centrale,2026-08-18T16:13:48.533924,true
eleve_gen_05346@gen.local,Élève,Généré 5346,,LYCEEN,BAC_1,Établissement Grand Lomé,2026-08-18T16:13:48.533924,true
eleve_gen_05347@gen.local,Élève,Généré 5347,,LYCEEN,BAC_1,Établissement Maritime,2026-08-18T16:13:48.533924,true
eleve_gen_05348@gen.local,Élève,Généré 5348,,LYCEEN,BAC_1,Établissement Maritime,2026-08-18T16:13:48.533924,true
eleve_gen_05349@gen.local,Élève,Généré 5349,,LYCEEN,BAC_1,Établissement Grand Lomé,2026-08-18T16:13:48.533924,true
eleve_gen_05350@gen.local,Élève,Généré 5350,,LYCEEN,BAC_1,Établissement Maritime,2026-08-18T16:13:48.533924,true
eleve_gen_05351@gen.local,Élève,Généré 5351,,LYCEEN,BAC_1,Établissement Grand Lomé,2026-08-18T16:13:48.533924,true
eleve_gen_05352@gen.local,Élève,Généré 5352,,LYCEEN,BAC_1,Établissement Kara,2026-08-18T16:13:48.533924,true
eleve_gen_05353@gen.local,Élève,Généré 5353,,LYCEEN,BAC_1,Établissement Maritime,2026-08-18T16:13:48.533924,true
eleve_gen_05354@gen.local,Élève,Généré 5354,,LYCEEN,BAC_1,Établissement Grand Lomé,2026-08-18T16:13:48.533924,true
eleve_gen_05355@gen.local,Élève,Généré 5355,,LYCEEN,BAC_1,Établissement Maritime,2026-08-18T16:13:48.533924,true
eleve_gen_05356@gen.local,Élève,Généré 5356,,LYCEEN,BAC_1,Établissement Grand Lomé,2026-08-18T16:13:48.533924,true
eleve_gen_05357@gen.local,Élève,Généré 5357,,LYCEEN,BAC_1,Établissement Grand Lomé,2026-08-18T16:13:48.533924,true
eleve_gen_05358@gen.local,Élève,Généré 5358,,LYCEEN,BAC_1,Établissement Savanes,2026-08-18T16:13:48.533924,true
eleve_gen_05359@gen.local,Élève,Généré 5359,,LYCEEN,BAC_1,Établissement Plateaux Ouest,2026-08-18T16:13:48.533924,true
eleve_gen_05360@gen.local,Élève,Généré 5360,,LYCEEN,BAC_1,Établissement Grand Lomé,2026-08-18T16:13:48.533924,true
eleve_gen_05361@gen.local,Élève,Généré 5361,,LYCEEN,BAC_1,Établissement Plateaux Est,2026-08-18T16:13:48.533924,true
eleve_gen_05362@gen.local,Élève,Généré 5362,,LYCEEN,BAC_1,Établissement Grand Lomé,2026-08-18T16:13:48.533924,true
eleve_gen_05363@gen.local,Élève,Généré 5363,,LYCEEN,BAC_1,Établissement Centrale,2026-08-18T16:13:48.533924,true
eleve_gen_05364@gen.local,Élève,Généré 5364,,LYCEEN,BAC_1,Établissement Grand Lomé,2026-08-18T16:13:48.533924,true
eleve_gen_05365@gen.local,Élève,Généré 5365,,LYCEEN,BAC_1,Établissement Plateaux Est,2026-08-18T16:13:48.533924,true
eleve_gen_05366@gen.local,Élève,Généré 5366,,LYCEEN,BAC_1,Établissement Maritime,2026-08-18T16:13:48.533924,true
eleve_gen_05367@gen.local,Élève,Généré 5367,,LYCEEN,BAC_1,Établissement Maritime,2026-08-18T16:13:48.533924,true
eleve_gen_05368@gen.local,Élève,Généré 5368,,LYCEEN,BAC_1,Établissement Savanes,2026-08-18T16:13:48.533924,true
eleve_gen_05369@gen.local,Élève,Généré 5369,,LYCEEN,BAC_1,Établissement Plateaux Ouest,2026-08-18T16:13:48.533924,true
eleve_gen_05370@gen.local,Élève,Généré 5370,,LYCEEN,BAC_1,Établissement Centrale,2026-08-18T16:13:48.533924,true
eleve_gen_05371@gen.local,Élève,Généré 5371,,LYCEEN,BAC_1,Établissement Plateaux Est,2026-08-18T16:13:48.533924,true
eleve_gen_05372@gen.local,Élève,Généré 5372,,LYCEEN,BAC_1,Établissement Maritime,2026-08-18T16:13:48.533924,true
eleve_gen_05373@gen.local,Élève,Généré 5373,,LYCEEN,BAC_1,Établissement Grand Lomé,2026-08-18T16:13:48.533924,true
eleve_gen_05374@gen.local,Élève,Généré 5374,,LYCEEN,BAC_1,Établissement Kara,2026-08-18T16:13:48.533924,true
eleve_gen_05375@gen.local,Élève,Généré 5375,,LYCEEN,BAC_1,Établissement Grand Lomé,2026-08-18T16:13:48.533924,true
eleve_gen_05376@gen.local,Élève,Généré 5376,,LYCEEN,BAC_1,Établissement Grand Lomé,2026-08-18T16:13:48.533924,true
eleve_gen_05377@gen.local,Élève,Généré 5377,,LYCEEN,BAC_1,Établissement Grand Lomé,2026-08-18T16:13:48.533924,true
eleve_gen_05378@gen.local,Élève,Généré 5378,,LYCEEN,BAC_1,Établissement Plateaux Ouest,2026-08-18T16:13:48.533924,true
eleve_gen_05379@gen.local,Élève,Généré 5379,,LYCEEN,BAC_1,Établissement Maritime,2026-08-18T16:13:48.533924,true
eleve_gen_05380@gen.local,Élève,Généré 5380,,LYCEEN,BAC_1,Établissement Maritime,2026-08-18T16:13:48.533924,true
eleve_gen_05381@gen.local,Élève,Généré 5381,,LYCEEN,BAC_1,Établissement Kara,2026-08-18T16:13:48.533924,true
eleve_gen_05382@gen.local,Élève,Généré 5382,,LYCEEN,BAC_1,Établissement Kara,2026-08-18T16:13:48.533924,true
eleve_gen_05383@gen.local,Élève,Généré 5383,,LYCEEN,BAC_1,Établissement Kara,2026-08-18T16:13:48.533924,true
eleve_gen_05384@gen.local,Élève,Généré 5384,,LYCEEN,BAC_1,Établissement Plateaux Est,2026-08-18T16:13:48.533924,true
eleve_gen_05385@gen.local,Élève,Généré 5385,,LYCEEN,BAC_1,Établissement Maritime,2026-08-18T16:13:48.533924,true
eleve_gen_05386@gen.local,Élève,Généré 5386,,LYCEEN,BAC_1,Établissement Plateaux Est,2026-08-18T16:13:48.533924,true
eleve_gen_05387@gen.local,Élève,Généré 5387,,LYCEEN,BAC_1,Établissement Grand Lomé,2026-08-18T16:13:48.533924,true
eleve_gen_05388@gen.local,Élève,Généré 5388,,LYCEEN,BAC_1,Établissement Grand Lomé,2026-08-18T16:13:48.533924,true
eleve_gen_05389@gen.local,Élève,Généré 5389,,LYCEEN,BAC_1,Établissement Plateaux Est,2026-08-18T16:13:48.533924,true
eleve_gen_05390@gen.local,Élève,Généré 5390,,LYCEEN,BAC_1,Établissement Maritime,2026-08-18T16:13:48.533924,true
eleve_gen_05391@gen.local,Élève,Généré 5391,,LYCEEN,BAC_1,Établissement Centrale,2026-08-18T16:13:48.533924,true
eleve_gen_05392@gen.local,Élève,Généré 5392,,LYCEEN,BAC_1,Établissement Maritime,2026-08-18T16:13:48.533924,true
eleve_gen_05393@gen.local,Élève,Généré 5393,,LYCEEN,BAC_1,Établissement Plateaux Est,2026-08-18T16:13:48.533924,true
eleve_gen_05394@gen.local,Élève,Généré 5394,,LYCEEN,BAC_1,Établissement Centrale,2026-08-18T16:13:48.533924,true
eleve_gen_05395@gen.local,Élève,Généré 5395,,LYCEEN,BAC_1,Établissement Maritime,2026-08-18T16:13:48.533924,true
eleve_gen_05396@gen.local,Élève,Généré 5396,,LYCEEN,BAC_1,Établissement Maritime,2026-08-18T16:13:48.533924,true
eleve_gen_05397@gen.local,Élève,Généré 5397,,LYCEEN,BAC_1,Établissement Centrale,2026-08-18T16:13:48.533924,true
eleve_gen_05398@gen.local,Élève,Généré 5398,,LYCEEN,BAC_1,Établissement Plateaux Ouest,2026-08-18T16:13:48.533924,true
eleve_gen_05399@gen.local,Élève,Généré 5399,,LYCEEN,BAC_1,Établissement Plateaux Est,2026-08-18T16:13:48.533924,true
eleve_gen_05400@gen.local,Élève,Généré 5400,,LYCEEN,BAC_1,Établissement Grand Lomé,2026-08-18T16:13:48.533924,true
eleve_gen_05401@gen.local,Élève,Généré 5401,,LYCEEN,BAC_1,Établissement Plateaux Est,2026-08-18T16:13:48.533924,true
eleve_gen_05402@gen.local,Élève,Généré 5402,,LYCEEN,BAC_1,Établissement Plateaux Ouest,2026-08-18T16:13:48.533924,true
eleve_gen_05403@gen.local,Élève,Généré 5403,,LYCEEN,BAC_1,Établissement Plateaux Ouest,2026-08-18T16:13:48.533924,true
eleve_gen_05404@gen.local,Élève,Généré 5404,,LYCEEN,BAC_1,Établissement Plateaux Est,2026-08-18T16:13:48.533924,true
eleve_gen_05405@gen.local,Élève,Généré 5405,,LYCEEN,BAC_1,Établissement Maritime,2026-08-18T16:13:48.533924,true
eleve_gen_05406@gen.local,Élève,Généré 5406,,LYCEEN,BAC_1,Établissement Plateaux Ouest,2026-08-18T16:13:48.533924,true
eleve_gen_05407@gen.local,Élève,Généré 5407,,LYCEEN,BAC_1,Établissement Plateaux Ouest,2026-08-18T16:13:48.533924,true
eleve_gen_05408@gen.local,Élève,Généré 5408,,LYCEEN,BAC_1,Établissement Kara,2026-08-18T16:13:48.533924,true
eleve_gen_05409@gen.local,Élève,Généré 5409,,LYCEEN,BAC_1,Établissement Maritime,2026-08-18T16:13:48.533924,true
eleve_gen_05410@gen.local,Élève,Généré 5410,,LYCEEN,BAC_1,Établissement Grand Lomé,2026-08-18T16:13:48.533924,true
eleve_gen_05411@gen.local,Élève,Généré 5411,,LYCEEN,BAC_1,Établissement Savanes,2026-08-18T16:13:48.533924,true
eleve_gen_05412@gen.local,Élève,Généré 5412,,LYCEEN,BAC_1,Établissement Grand Lomé,2026-08-18T16:13:48.533924,true
eleve_gen_05413@gen.local,Élève,Généré 5413,,LYCEEN,BAC_1,Établissement Savanes,2026-08-18T16:13:48.533924,true
eleve_gen_05414@gen.local,Élève,Généré 5414,,LYCEEN,BAC_1,Établissement Maritime,2026-08-18T16:13:48.533924,true
eleve_gen_05415@gen.local,Élève,Généré 5415,,LYCEEN,BAC_1,Établissement Plateaux Ouest,2026-08-18T16:13:48.533924,true
eleve_gen_05416@gen.local,Élève,Généré 5416,,LYCEEN,BAC_1,Établissement Centrale,2026-08-18T16:13:48.533924,true
eleve_gen_05417@gen.local,Élève,Généré 5417,,LYCEEN,BAC_1,Établissement Maritime,2026-08-18T16:13:48.533924,true
eleve_gen_05418@gen.local,Élève,Généré 5418,,LYCEEN,BAC_1,Établissement Centrale,2026-08-18T16:13:48.533924,true
eleve_gen_05419@gen.local,Élève,Généré 5419,,LYCEEN,BAC_1,Établissement Plateaux Ouest,2026-08-18T16:13:48.533924,true
eleve_gen_05420@gen.local,Élève,Généré 5420,,LYCEEN,BAC_1,Établissement Maritime,2026-08-18T16:13:48.533924,true
eleve_gen_05421@gen.local,Élève,Généré 5421,,LYCEEN,BAC_1,Établissement Grand Lomé,2026-08-18T16:13:48.533924,true
eleve_gen_05422@gen.local,Élève,Généré 5422,,LYCEEN,BAC_1,Établissement Savanes,2026-08-18T16:13:48.533924,true
eleve_gen_05423@gen.local,Élève,Généré 5423,,LYCEEN,BAC_1,Établissement Maritime,2026-08-18T16:13:48.533924,true
eleve_gen_05424@gen.local,Élève,Généré 5424,,LYCEEN,BAC_1,Établissement Grand Lomé,2026-08-18T16:13:48.533924,true
eleve_gen_05425@gen.local,Élève,Généré 5425,,LYCEEN,BAC_1,Établissement Plateaux Est,2026-08-18T16:13:48.533924,true
eleve_gen_05426@gen.local,Élève,Généré 5426,,LYCEEN,BAC_1,Établissement Maritime,2026-08-18T16:13:48.533924,true
eleve_gen_05427@gen.local,Élève,Généré 5427,,LYCEEN,BAC_1,Établissement Grand Lomé,2026-08-18T16:13:48.533924,true
eleve_gen_05428@gen.local,Élève,Généré 5428,,LYCEEN,BAC_1,Établissement Maritime,2026-08-18T16:13:48.533924,true
eleve_gen_05429@gen.local,Élève,Généré 5429,,LYCEEN,BAC_1,Établissement Grand Lomé,2026-08-18T16:13:48.533924,true
eleve_gen_05430@gen.local,Élève,Généré 5430,,LYCEEN,BAC_1,Établissement Maritime,2026-08-18T16:13:48.533924,true
eleve_gen_05431@gen.local,Élève,Généré 5431,,LYCEEN,BAC_1,Établissement Maritime,2026-08-18T16:13:48.533924,true
eleve_gen_05432@gen.local,Élève,Généré 5432,,LYCEEN,BAC_1,Établissement Plateaux Ouest,2026-08-18T16:13:48.533924,true
eleve_gen_05433@gen.local,Élève,Généré 5433,,LYCEEN,BAC_1,Établissement Grand Lomé,2026-08-18T16:13:48.533924,true
eleve_gen_05434@gen.local,Élève,Généré 5434,,LYCEEN,BAC_1,Établissement Grand Lomé,2026-08-18T16:13:48.533924,true
eleve_gen_05435@gen.local,Élève,Généré 5435,,LYCEEN,BAC_1,Établissement Plateaux Ouest,2026-08-18T16:13:48.533924,true
eleve_gen_05436@gen.local,Élève,Généré 5436,,LYCEEN,BAC_1,Établissement Kara,2026-08-18T16:13:48.533924,true
eleve_gen_05437@gen.local,Élève,Généré 5437,,LYCEEN,BAC_1,Établissement Grand Lomé,2026-08-18T16:13:48.533924,true
eleve_gen_05438@gen.local,Élève,Généré 5438,,LYCEEN,BAC_1,Établissement Grand Lomé,2026-08-18T16:13:48.533924,true
eleve_gen_05439@gen.local,Élève,Généré 5439,,LYCEEN,BAC_1,Établissement Maritime,2026-08-18T16:13:48.533924,true
eleve_gen_05440@gen.local,Élève,Généré 5440,,LYCEEN,BAC_1,Établissement Grand Lomé,2026-08-18T16:13:48.533924,true
eleve_gen_05441@gen.local,Élève,Généré 5441,,LYCEEN,BAC_1,Établissement Maritime,2026-08-18T16:13:48.533924,true
eleve_gen_05442@gen.local,Élève,Généré 5442,,LYCEEN,BAC_1,Établissement Plateaux Est,2026-08-18T16:13:48.533924,true
eleve_gen_05443@gen.local,Élève,Généré 5443,,LYCEEN,BAC_1,Établissement Grand Lomé,2026-08-18T16:13:48.533924,true
eleve_gen_05444@gen.local,Élève,Généré 5444,,LYCEEN,BAC_1,Établissement Grand Lomé,2026-08-18T16:13:48.533924,true
eleve_gen_05445@gen.local,Élève,Généré 5445,,LYCEEN,BAC_1,Établissement Maritime,2026-08-18T16:13:48.533924,true
eleve_gen_05446@gen.local,Élève,Généré 5446,,LYCEEN,BAC_1,Établissement Grand Lomé,2026-08-18T16:13:48.533924,true
eleve_gen_05447@gen.local,Élève,Généré 5447,,LYCEEN,BAC_1,Établissement Maritime,2026-08-18T16:13:48.533924,true
eleve_gen_05448@gen.local,Élève,Généré 5448,,LYCEEN,BAC_1,Établissement Plateaux Ouest,2026-08-18T16:13:48.533924,true
eleve_gen_05449@gen.local,Élève,Généré 5449,,LYCEEN,BAC_1,Établissement Grand Lomé,2026-08-18T16:13:48.533924,true
eleve_gen_05450@gen.local,Élève,Généré 5450,,LYCEEN,BAC_1,Établissement Maritime,2026-08-18T16:13:48.533924,true
eleve_gen_05451@gen.local,Élève,Généré 5451,,LYCEEN,BAC_1,Établissement Plateaux Ouest,2026-08-18T16:13:48.533924,true
eleve_gen_05452@gen.local,Élève,Généré 5452,,LYCEEN,BAC_1,Établissement Grand Lomé,2026-08-18T16:13:48.533924,true
eleve_gen_05453@gen.local,Élève,Généré 5453,,LYCEEN,BAC_1,Établissement Kara,2026-08-18T16:13:48.533924,true
eleve_gen_05454@gen.local,Élève,Généré 5454,,LYCEEN,BAC_1,Établissement Plateaux Ouest,2026-08-18T16:13:48.533924,true
eleve_gen_05455@gen.local,Élève,Généré 5455,,LYCEEN,BAC_1,Établissement Plateaux Est,2026-08-18T16:13:48.533924,true
eleve_gen_05456@gen.local,Élève,Généré 5456,,LYCEEN,BAC_1,Établissement Maritime,2026-08-18T16:13:48.533924,true
eleve_gen_05457@gen.local,Élève,Généré 5457,,LYCEEN,BAC_1,Établissement Grand Lomé,2026-08-18T16:13:48.533924,true
eleve_gen_05458@gen.local,Élève,Généré 5458,,LYCEEN,BAC_1,Établissement Maritime,2026-08-18T16:13:48.533924,true
eleve_gen_05459@gen.local,Élève,Généré 5459,,LYCEEN,BAC_1,Établissement Grand Lomé,2026-08-18T16:13:48.533924,true
eleve_gen_05460@gen.local,Élève,Généré 5460,,LYCEEN,BAC_1,Établissement Grand Lomé,2026-08-18T16:13:48.533924,true
eleve_gen_05461@gen.local,Élève,Généré 5461,,LYCEEN,BAC_1,Établissement Plateaux Ouest,2026-08-18T16:13:48.533924,true
eleve_gen_05462@gen.local,Élève,Généré 5462,,LYCEEN,BAC_1,Établissement Maritime,2026-08-18T16:13:48.533924,true
eleve_gen_05463@gen.local,Élève,Généré 5463,,LYCEEN,BAC_1,Établissement Centrale,2026-08-18T16:13:48.533924,true
eleve_gen_05464@gen.local,Élève,Généré 5464,,LYCEEN,BAC_1,Établissement Grand Lomé,2026-08-18T16:13:48.533924,true
eleve_gen_05465@gen.local,Élève,Généré 5465,,LYCEEN,BAC_1,Établissement Grand Lomé,2026-08-18T16:13:48.533924,true
eleve_gen_05466@gen.local,Élève,Généré 5466,,LYCEEN,BAC_1,Établissement Plateaux Est,2026-08-18T16:13:48.533924,true
eleve_gen_05467@gen.local,Élève,Généré 5467,,LYCEEN,BAC_1,Établissement Plateaux Est,2026-08-18T16:13:48.533924,true
eleve_gen_05468@gen.local,Élève,Généré 5468,,LYCEEN,BAC_1,Établissement Centrale,2026-08-18T16:13:48.533924,true
eleve_gen_05469@gen.local,Élève,Généré 5469,,LYCEEN,BAC_1,Établissement Centrale,2026-08-18T16:13:48.533924,true
eleve_gen_05470@gen.local,Élève,Généré 5470,,LYCEEN,BAC_1,Établissement Grand Lomé,2026-08-18T16:13:48.533924,true
eleve_gen_05471@gen.local,Élève,Généré 5471,,LYCEEN,BAC_1,Établissement Kara,2026-08-18T16:13:48.533924,true
eleve_gen_05472@gen.local,Élève,Généré 5472,,LYCEEN,BAC_1,Établissement Maritime,2026-08-18T16:13:48.533924,true
eleve_gen_05473@gen.local,Élève,Généré 5473,,LYCEEN,BAC_1,Établissement Grand Lomé,2026-08-18T16:13:48.533924,true
eleve_gen_05474@gen.local,Élève,Généré 5474,,LYCEEN,BAC_1,Établissement Grand Lomé,2026-08-18T16:13:48.533924,true
eleve_gen_05475@gen.local,Élève,Généré 5475,,LYCEEN,BAC_1,Établissement Maritime,2026-08-18T16:13:48.533924,true
eleve_gen_05476@gen.local,Élève,Généré 5476,,LYCEEN,BAC_1,Établissement Savanes,2026-08-18T16:13:48.533924,true
eleve_gen_05477@gen.local,Élève,Généré 5477,,LYCEEN,BAC_1,Établissement Plateaux Est,2026-08-18T16:13:48.533924,true
eleve_gen_05478@gen.local,Élève,Généré 5478,,LYCEEN,BAC_1,Établissement Grand Lomé,2026-08-18T16:13:48.533924,true
eleve_gen_05479@gen.local,Élève,Généré 5479,,LYCEEN,BAC_1,Établissement Maritime,2026-08-18T16:13:48.533924,true
eleve_gen_05480@gen.local,Élève,Généré 5480,,LYCEEN,BAC_1,Établissement Kara,2026-08-18T16:13:48.533924,true
eleve_gen_05481@gen.local,Élève,Généré 5481,,LYCEEN,BAC_1,Établissement Kara,2026-08-18T16:13:48.533924,true
eleve_gen_05482@gen.local,Élève,Généré 5482,,LYCEEN,BAC_1,Établissement Centrale,2026-08-18T16:13:48.533924,true
eleve_gen_05483@gen.local,Élève,Généré 5483,,LYCEEN,BAC_1,Établissement Grand Lomé,2026-08-18T16:13:48.533924,true
eleve_gen_05484@gen.local,Élève,Généré 5484,,LYCEEN,BAC_1,Établissement Maritime,2026-08-18T16:13:48.533924,true
eleve_gen_05485@gen.local,Élève,Généré 5485,,LYCEEN,BAC_1,Établissement Maritime,2026-08-18T16:13:48.533924,true
eleve_gen_05486@gen.local,Élève,Généré 5486,,LYCEEN,BAC_1,Établissement Plateaux Ouest,2026-08-18T16:13:48.533924,true
eleve_gen_05487@gen.local,Élève,Généré 5487,,LYCEEN,BAC_1,Établissement Plateaux Est,2026-08-18T16:13:48.533924,true
eleve_gen_05488@gen.local,Élève,Généré 5488,,LYCEEN,BAC_1,Établissement Plateaux Ouest,2026-08-18T16:13:48.533924,true
eleve_gen_05489@gen.local,Élève,Généré 5489,,LYCEEN,BAC_1,Établissement Maritime,2026-08-18T16:13:48.533924,true
eleve_gen_05490@gen.local,Élève,Généré 5490,,LYCEEN,BAC_1,Établissement Plateaux Ouest,2026-08-18T16:13:48.533924,true
eleve_gen_05491@gen.local,Élève,Généré 5491,,LYCEEN,BAC_1,Établissement Centrale,2026-08-18T16:13:48.533924,true
eleve_gen_05492@gen.local,Élève,Généré 5492,,LYCEEN,BAC_1,Établissement Plateaux Ouest,2026-08-18T16:13:48.533924,true
eleve_gen_05493@gen.local,Élève,Généré 5493,,LYCEEN,BAC_1,Établissement Maritime,2026-08-18T16:13:48.533924,true
eleve_gen_05494@gen.local,Élève,Généré 5494,,LYCEEN,BAC_1,Établissement Plateaux Est,2026-08-18T16:13:48.533924,true
eleve_gen_05495@gen.local,Élève,Généré 5495,,LYCEEN,BAC_1,Établissement Plateaux Est,2026-08-18T16:13:48.533924,true
eleve_gen_05496@gen.local,Élève,Généré 5496,,LYCEEN,BAC_1,Établissement Maritime,2026-08-18T16:13:48.533924,true
eleve_gen_05497@gen.local,Élève,Généré 5497,,LYCEEN,BAC_1,Établissement Plateaux Ouest,2026-08-18T16:13:48.533924,true
eleve_gen_05498@gen.local,Élève,Généré 5498,,LYCEEN,BAC_1,Établissement Kara,2026-08-18T16:13:48.533924,true
eleve_gen_05499@gen.local,Élève,Généré 5499,,LYCEEN,BAC_1,Établissement Grand Lomé,2026-08-18T16:13:48.533924,true
eleve_gen_05500@gen.local,Élève,Généré 5500,,LYCEEN,BAC_1,Établissement Centrale,2026-08-18T16:13:48.533924,true
eleve_gen_05501@gen.local,Élève,Généré 5501,,LYCEEN,BAC_1,Établissement Savanes,2026-08-18T16:13:48.533924,true
eleve_gen_05502@gen.local,Élève,Généré 5502,,LYCEEN,BAC_1,Établissement Plateaux Est,2026-08-18T16:13:48.533924,true
eleve_gen_05503@gen.local,Élève,Généré 5503,,LYCEEN,BAC_1,Établissement Plateaux Est,2026-08-18T16:13:48.533924,true
eleve_gen_05504@gen.local,Élève,Généré 5504,,LYCEEN,BAC_1,Établissement Plateaux Ouest,2026-08-18T16:13:48.533924,true
eleve_gen_05505@gen.local,Élève,Généré 5505,,LYCEEN,BAC_1,Établissement Centrale,2026-08-18T16:13:48.533924,true
eleve_gen_05506@gen.local,Élève,Généré 5506,,LYCEEN,BAC_1,Établissement Maritime,2026-08-18T16:13:48.533924,true
eleve_gen_05507@gen.local,Élève,Généré 5507,,LYCEEN,BAC_1,Établissement Plateaux Ouest,2026-08-18T16:13:48.533924,true
eleve_gen_05508@gen.local,Élève,Généré 5508,,LYCEEN,BAC_1,Établissement Grand Lomé,2026-08-18T16:13:48.533924,true
eleve_gen_05509@gen.local,Élève,Généré 5509,,LYCEEN,BAC_1,Établissement Grand Lomé,2026-08-18T16:13:48.533924,true
eleve_gen_05510@gen.local,Élève,Généré 5510,,LYCEEN,BAC_1,Établissement Savanes,2026-08-18T16:13:48.533924,true
eleve_gen_05511@gen.local,Élève,Généré 5511,,LYCEEN,BAC_1,Établissement Maritime,2026-08-18T16:13:48.533924,true
eleve_gen_05512@gen.local,Élève,Généré 5512,,LYCEEN,BAC_1,Établissement Maritime,2026-08-18T16:13:48.533924,true
eleve_gen_05513@gen.local,Élève,Généré 5513,,LYCEEN,BAC_1,Établissement Maritime,2026-08-18T16:13:48.533924,true
eleve_gen_05514@gen.local,Élève,Généré 5514,,LYCEEN,BAC_1,Établissement Maritime,2026-08-18T16:13:48.533924,true
eleve_gen_05515@gen.local,Élève,Généré 5515,,LYCEEN,BAC_1,Établissement Centrale,2026-08-18T16:13:48.533924,true
eleve_gen_05516@gen.local,Élève,Généré 5516,,LYCEEN,BAC_1,Établissement Plateaux Est,2026-08-18T16:13:48.533924,true
eleve_gen_05517@gen.local,Élève,Généré 5517,,LYCEEN,BAC_1,Établissement Grand Lomé,2026-08-18T16:13:48.533924,true
eleve_gen_05518@gen.local,Élève,Généré 5518,,LYCEEN,BAC_1,Établissement Kara,2026-08-18T16:13:48.533924,true
eleve_gen_05519@gen.local,Élève,Généré 5519,,LYCEEN,BAC_1,Établissement Kara,2026-08-18T16:13:48.533924,true
eleve_gen_05520@gen.local,Élève,Généré 5520,,LYCEEN,BAC_1,Établissement Centrale,2026-08-18T16:13:48.533924,true
eleve_gen_05521@gen.local,Élève,Généré 5521,,LYCEEN,BAC_1,Établissement Plateaux Ouest,2026-08-18T16:13:48.533924,true
eleve_gen_05522@gen.local,Élève,Généré 5522,,LYCEEN,BAC_1,Établissement Kara,2026-08-18T16:13:48.533924,true
eleve_gen_05523@gen.local,Élève,Généré 5523,,LYCEEN,BAC_1,Établissement Grand Lomé,2026-08-18T16:13:48.533924,true
eleve_gen_05524@gen.local,Élève,Généré 5524,,LYCEEN,BAC_1,Établissement Maritime,2026-08-18T16:13:48.533924,true
eleve_gen_05525@gen.local,Élève,Généré 5525,,LYCEEN,BAC_1,Établissement Maritime,2026-08-18T16:13:48.533924,true
eleve_gen_05526@gen.local,Élève,Généré 5526,,LYCEEN,BAC_1,Établissement Kara,2026-08-18T16:13:48.533924,true
eleve_gen_05527@gen.local,Élève,Généré 5527,,LYCEEN,BAC_1,Établissement Centrale,2026-08-18T16:13:48.533924,true
eleve_gen_05528@gen.local,Élève,Généré 5528,,LYCEEN,BAC_1,Établissement Maritime,2026-08-18T16:13:48.533924,true
eleve_gen_05529@gen.local,Élève,Généré 5529,,LYCEEN,BAC_1,Établissement Kara,2026-08-18T16:13:48.533924,true
eleve_gen_05530@gen.local,Élève,Généré 5530,,LYCEEN,BAC_1,Établissement Kara,2026-08-18T16:13:48.533924,true
eleve_gen_05531@gen.local,Élève,Généré 5531,,LYCEEN,BAC_1,Établissement Grand Lomé,2026-08-18T16:13:48.533924,true
eleve_gen_05532@gen.local,Élève,Généré 5532,,LYCEEN,BAC_1,Établissement Maritime,2026-08-18T16:13:48.533924,true
eleve_gen_05533@gen.local,Élève,Généré 5533,,LYCEEN,BAC_1,Établissement Grand Lomé,2026-08-18T16:13:48.533924,true
eleve_gen_05534@gen.local,Élève,Généré 5534,,LYCEEN,BAC_1,Établissement Kara,2026-08-18T16:13:48.533924,true
eleve_gen_05535@gen.local,Élève,Généré 5535,,LYCEEN,BAC_1,Établissement Kara,2026-08-18T16:13:48.533924,true
eleve_gen_05536@gen.local,Élève,Généré 5536,,LYCEEN,BAC_1,Établissement Grand Lomé,2026-08-18T16:13:48.533924,true
eleve_gen_05537@gen.local,Élève,Généré 5537,,LYCEEN,BAC_1,Établissement Kara,2026-08-18T16:13:48.533924,true
eleve_gen_05538@gen.local,Élève,Généré 5538,,LYCEEN,BAC_1,Établissement Maritime,2026-08-18T16:13:48.533924,true
eleve_gen_05539@gen.local,Élève,Généré 5539,,LYCEEN,BAC_1,Établissement Plateaux Est,2026-08-18T16:13:48.533924,true
eleve_gen_05540@gen.local,Élève,Généré 5540,,LYCEEN,BAC_1,Établissement Grand Lomé,2026-08-18T16:13:48.533924,true
eleve_gen_05541@gen.local,Élève,Généré 5541,,LYCEEN,BAC_1,Établissement Centrale,2026-08-18T16:13:48.533924,true
eleve_gen_05542@gen.local,Élève,Généré 5542,,LYCEEN,BAC_1,Établissement Grand Lomé,2026-08-18T16:13:48.533924,true
eleve_gen_05543@gen.local,Élève,Généré 5543,,LYCEEN,BAC_1,Établissement Plateaux Est,2026-08-18T16:13:48.533924,true
eleve_gen_05544@gen.local,Élève,Généré 5544,,LYCEEN,BAC_1,Établissement Grand Lomé,2026-08-18T16:13:48.533924,true
eleve_gen_05545@gen.local,Élève,Généré 5545,,LYCEEN,BAC_1,Établissement Plateaux Est,2026-08-18T16:13:48.533924,true
eleve_gen_05546@gen.local,Élève,Généré 5546,,LYCEEN,BAC_1,Établissement Plateaux Ouest,2026-08-18T16:13:48.533924,true
eleve_gen_05547@gen.local,Élève,Généré 5547,,LYCEEN,BAC_1,Établissement Centrale,2026-08-18T16:13:48.533924,true
eleve_gen_05548@gen.local,Élève,Généré 5548,,LYCEEN,BAC_1,Établissement Grand Lomé,2026-08-18T16:13:48.533924,true
eleve_gen_05549@gen.local,Élève,Généré 5549,,LYCEEN,BAC_1,Établissement Kara,2026-08-18T16:13:48.533924,true
eleve_gen_05550@gen.local,Élève,Généré 5550,,LYCEEN,BAC_1,Établissement Plateaux Ouest,2026-08-18T16:13:48.533924,true
eleve_gen_05551@gen.local,Élève,Généré 5551,,LYCEEN,BAC_1,Établissement Plateaux Ouest,2026-08-18T16:13:48.533924,true
eleve_gen_05552@gen.local,Élève,Généré 5552,,LYCEEN,BAC_1,Établissement Grand Lomé,2026-08-18T16:13:48.533924,true
eleve_gen_05553@gen.local,Élève,Généré 5553,,LYCEEN,BAC_1,Établissement Maritime,2026-08-18T16:13:48.533924,true
eleve_gen_05554@gen.local,Élève,Généré 5554,,LYCEEN,BAC_1,Établissement Plateaux Est,2026-08-18T16:13:48.533924,true
eleve_gen_05555@gen.local,Élève,Généré 5555,,LYCEEN,BAC_1,Établissement Centrale,2026-08-18T16:13:48.533924,true
eleve_gen_05556@gen.local,Élève,Généré 5556,,LYCEEN,BAC_1,Établissement Grand Lomé,2026-08-18T16:13:48.533924,true
eleve_gen_05557@gen.local,Élève,Généré 5557,,LYCEEN,BAC_1,Établissement Plateaux Ouest,2026-08-18T16:13:48.533924,true
eleve_gen_05558@gen.local,Élève,Généré 5558,,LYCEEN,BAC_1,Établissement Grand Lomé,2026-08-18T16:13:48.533924,true
eleve_gen_05559@gen.local,Élève,Généré 5559,,LYCEEN,BAC_1,Établissement Plateaux Ouest,2026-08-18T16:13:48.533924,true
eleve_gen_05560@gen.local,Élève,Généré 5560,,LYCEEN,BAC_1,Établissement Grand Lomé,2026-08-18T16:13:48.533924,true
eleve_gen_05561@gen.local,Élève,Généré 5561,,LYCEEN,BAC_1,Établissement Maritime,2026-08-18T16:13:48.533924,true
eleve_gen_05562@gen.local,Élève,Généré 5562,,LYCEEN,BAC_1,Établissement Maritime,2026-08-18T16:13:48.533924,true
eleve_gen_05563@gen.local,Élève,Généré 5563,,LYCEEN,BAC_1,Établissement Plateaux Ouest,2026-08-18T16:13:48.533924,true
eleve_gen_05564@gen.local,Élève,Généré 5564,,LYCEEN,BAC_1,Établissement Grand Lomé,2026-08-18T16:13:48.533924,true
eleve_gen_05565@gen.local,Élève,Généré 5565,,LYCEEN,BAC_1,Établissement Grand Lomé,2026-08-18T16:13:48.533924,true
eleve_gen_05566@gen.local,Élève,Généré 5566,,LYCEEN,BAC_1,Établissement Plateaux Est,2026-08-18T16:13:48.533924,true
eleve_gen_05567@gen.local,Élève,Généré 5567,,LYCEEN,BAC_1,Établissement Kara,2026-08-18T16:13:48.533924,true
eleve_gen_05568@gen.local,Élève,Généré 5568,,LYCEEN,BAC_1,Établissement Plateaux Ouest,2026-08-18T16:13:48.533924,true
eleve_gen_05569@gen.local,Élève,Généré 5569,,LYCEEN,BAC_1,Établissement Grand Lomé,2026-08-18T16:13:48.533924,true
eleve_gen_05570@gen.local,Élève,Généré 5570,,LYCEEN,BAC_1,Établissement Grand Lomé,2026-08-18T16:13:48.533924,true
eleve_gen_05571@gen.local,Élève,Généré 5571,,LYCEEN,BAC_1,Établissement Grand Lomé,2026-08-18T16:13:48.533924,true
eleve_gen_05572@gen.local,Élève,Généré 5572,,LYCEEN,BAC_1,Établissement Maritime,2026-08-18T16:13:48.533924,true
eleve_gen_05573@gen.local,Élève,Généré 5573,,LYCEEN,BAC_1,Établissement Plateaux Est,2026-08-18T16:13:48.533924,true
eleve_gen_05574@gen.local,Élève,Généré 5574,,LYCEEN,BAC_1,Établissement Plateaux Est,2026-08-18T16:13:48.533924,true
eleve_gen_05575@gen.local,Élève,Généré 5575,,LYCEEN,BAC_1,Établissement Maritime,2026-08-18T16:13:48.533924,true
eleve_gen_05576@gen.local,Élève,Généré 5576,,LYCEEN,BAC_1,Établissement Grand Lomé,2026-08-18T16:13:48.533924,true
eleve_gen_05577@gen.local,Élève,Généré 5577,,LYCEEN,BAC_1,Établissement Grand Lomé,2026-08-18T16:13:48.533924,true
eleve_gen_05578@gen.local,Élève,Généré 5578,,LYCEEN,BAC_1,Établissement Savanes,2026-08-18T16:13:48.533924,true
eleve_gen_05579@gen.local,Élève,Généré 5579,,LYCEEN,BAC_1,Établissement Plateaux Ouest,2026-08-18T16:13:48.533924,true
eleve_gen_05580@gen.local,Élève,Généré 5580,,LYCEEN,BAC_1,Établissement Centrale,2026-08-18T16:13:48.533924,true
eleve_gen_05581@gen.local,Élève,Généré 5581,,LYCEEN,BAC_1,Établissement Centrale,2026-08-18T16:13:48.533924,true
eleve_gen_05582@gen.local,Élève,Généré 5582,,LYCEEN,BAC_1,Établissement Centrale,2026-08-18T16:13:48.533924,true
eleve_gen_05583@gen.local,Élève,Généré 5583,,LYCEEN,BAC_1,Établissement Plateaux Est,2026-08-18T16:13:48.533924,true
eleve_gen_05584@gen.local,Élève,Généré 5584,,LYCEEN,BAC_1,Établissement Plateaux Est,2026-08-18T16:13:48.533924,true
eleve_gen_05585@gen.local,Élève,Généré 5585,,LYCEEN,BAC_1,Établissement Maritime,2026-08-18T16:13:48.533924,true
eleve_gen_05586@gen.local,Élève,Généré 5586,,LYCEEN,BAC_1,Établissement Plateaux Est,2026-08-18T16:13:48.533924,true
eleve_gen_05587@gen.local,Élève,Généré 5587,,LYCEEN,BAC_1,Établissement Grand Lomé,2026-08-18T16:13:48.533924,true
eleve_gen_05588@gen.local,Élève,Généré 5588,,LYCEEN,BAC_1,Établissement Kara,2026-08-18T16:13:48.533924,true
eleve_gen_05589@gen.local,Élève,Généré 5589,,LYCEEN,BAC_1,Établissement Grand Lomé,2026-08-18T16:13:48.533924,true
eleve_gen_05590@gen.local,Élève,Généré 5590,,LYCEEN,BAC_1,Établissement Grand Lomé,2026-08-18T16:13:48.533924,true
eleve_gen_05591@gen.local,Élève,Généré 5591,,LYCEEN,BAC_1,Établissement Grand Lomé,2026-08-18T16:13:48.533924,true
eleve_gen_05592@gen.local,Élève,Généré 5592,,LYCEEN,BAC_1,Établissement Maritime,2026-08-18T16:13:48.533924,true
eleve_gen_05593@gen.local,Élève,Généré 5593,,LYCEEN,BAC_1,Établissement Grand Lomé,2026-08-18T16:13:48.533924,true
eleve_gen_05594@gen.local,Élève,Généré 5594,,LYCEEN,BAC_1,Établissement Grand Lomé,2026-08-18T16:13:48.533924,true
eleve_gen_05595@gen.local,Élève,Généré 5595,,LYCEEN,BAC_1,Établissement Centrale,2026-08-18T16:13:48.533924,true
eleve_gen_05596@gen.local,Élève,Généré 5596,,LYCEEN,BAC_1,Établissement Kara,2026-08-18T16:13:48.533924,true
eleve_gen_05597@gen.local,Élève,Généré 5597,,LYCEEN,BAC_1,Établissement Maritime,2026-08-18T16:13:48.533924,true
eleve_gen_05598@gen.local,Élève,Généré 5598,,LYCEEN,BAC_1,Établissement Plateaux Ouest,2026-08-18T16:13:48.533924,true
eleve_gen_05599@gen.local,Élève,Généré 5599,,LYCEEN,BAC_1,Établissement Savanes,2026-08-18T16:13:48.533924,true
eleve_gen_05600@gen.local,Élève,Généré 5600,,LYCEEN,BAC_1,Établissement Kara,2026-08-18T16:13:48.533924,true
eleve_gen_05601@gen.local,Élève,Généré 5601,,LYCEEN,BAC_1,Établissement Plateaux Est,2026-08-18T16:13:48.533924,true
eleve_gen_05602@gen.local,Élève,Généré 5602,,LYCEEN,BAC_1,Établissement Savanes,2026-08-18T16:13:48.533924,true
eleve_gen_05603@gen.local,Élève,Généré 5603,,LYCEEN,BAC_1,Établissement Savanes,2026-08-18T16:13:48.533924,true
eleve_gen_05604@gen.local,Élève,Généré 5604,,LYCEEN,BAC_1,Établissement Grand Lomé,2026-08-18T16:13:48.533924,true
eleve_gen_05605@gen.local,Élève,Généré 5605,,LYCEEN,BAC_1,Établissement Plateaux Est,2026-08-18T16:13:48.533924,true
eleve_gen_05606@gen.local,Élève,Généré 5606,,LYCEEN,BAC_1,Établissement Plateaux Ouest,2026-08-18T16:13:48.533924,true
eleve_gen_05607@gen.local,Élève,Généré 5607,,LYCEEN,BAC_1,Établissement Maritime,2026-08-18T16:13:48.533924,true
eleve_gen_05608@gen.local,Élève,Généré 5608,,LYCEEN,BAC_1,Établissement Savanes,2026-08-18T16:13:48.533924,true
eleve_gen_05609@gen.local,Élève,Généré 5609,,LYCEEN,BAC_1,Établissement Maritime,2026-08-18T16:13:48.533924,true
eleve_gen_05610@gen.local,Élève,Généré 5610,,LYCEEN,BAC_1,Établissement Maritime,2026-08-18T16:13:48.533924,true
eleve_gen_05611@gen.local,Élève,Généré 5611,,LYCEEN,BAC_1,Établissement Grand Lomé,2026-08-18T16:13:48.533924,true
eleve_gen_05612@gen.local,Élève,Généré 5612,,LYCEEN,BAC_1,Établissement Grand Lomé,2026-08-18T16:13:48.533924,true
eleve_gen_05613@gen.local,Élève,Généré 5613,,LYCEEN,BAC_1,Établissement Plateaux Est,2026-08-18T16:13:48.533924,true
eleve_gen_05614@gen.local,Élève,Généré 5614,,LYCEEN,BAC_1,Établissement Centrale,2026-08-18T16:13:48.533924,true
eleve_gen_05615@gen.local,Élève,Généré 5615,,LYCEEN,BAC_1,Établissement Grand Lomé,2026-08-18T16:13:48.533924,true
eleve_gen_05616@gen.local,Élève,Généré 5616,,LYCEEN,BAC_1,Établissement Grand Lomé,2026-08-18T16:13:48.533924,true
eleve_gen_05617@gen.local,Élève,Généré 5617,,LYCEEN,BAC_1,Établissement Grand Lomé,2026-08-18T16:13:48.533924,true
eleve_gen_05618@gen.local,Élève,Généré 5618,,LYCEEN,BAC_1,Établissement Grand Lomé,2026-08-18T16:13:48.533924,true
eleve_gen_05619@gen.local,Élève,Généré 5619,,LYCEEN,BAC_1,Établissement Plateaux Ouest,2026-08-18T16:13:48.533924,true
eleve_gen_05620@gen.local,Élève,Généré 5620,,LYCEEN,BAC_1,Établissement Plateaux Ouest,2026-08-18T16:13:48.533924,true
eleve_gen_05621@gen.local,Élève,Généré 5621,,LYCEEN,BAC_1,Établissement Plateaux Ouest,2026-08-18T16:13:48.533924,true
eleve_gen_05622@gen.local,Élève,Généré 5622,,LYCEEN,BAC_1,Établissement Savanes,2026-08-18T16:13:48.533924,true
eleve_gen_05623@gen.local,Élève,Généré 5623,,LYCEEN,BAC_1,Établissement Kara,2026-08-18T16:13:48.533924,true
eleve_gen_05624@gen.local,Élève,Généré 5624,,LYCEEN,BAC_1,Établissement Centrale,2026-08-18T16:13:48.533924,true
eleve_gen_05625@gen.local,Élève,Généré 5625,,LYCEEN,BAC_1,Établissement Maritime,2026-08-18T16:13:48.533924,true
eleve_gen_05626@gen.local,Élève,Généré 5626,,LYCEEN,BAC_1,Établissement Grand Lomé,2026-08-18T16:13:48.533924,true
eleve_gen_05627@gen.local,Élève,Généré 5627,,LYCEEN,BAC_1,Établissement Plateaux Est,2026-08-18T16:13:48.533924,true
eleve_gen_05628@gen.local,Élève,Généré 5628,,LYCEEN,BAC_1,Établissement Centrale,2026-08-18T16:13:48.533924,true
eleve_gen_05629@gen.local,Élève,Généré 5629,,LYCEEN,BAC_1,Établissement Grand Lomé,2026-08-18T16:13:48.533924,true
eleve_gen_05630@gen.local,Élève,Généré 5630,,LYCEEN,BAC_1,Établissement Plateaux Est,2026-08-18T16:13:48.533924,true
eleve_gen_05631@gen.local,Élève,Généré 5631,,LYCEEN,BAC_1,Établissement Maritime,2026-08-18T16:13:48.533924,true
eleve_gen_05632@gen.local,Élève,Généré 5632,,LYCEEN,BAC_1,Établissement Grand Lomé,2026-08-18T16:13:48.533924,true
eleve_gen_05633@gen.local,Élève,Généré 5633,,LYCEEN,BAC_1,Établissement Plateaux Ouest,2026-08-18T16:13:48.533924,true
eleve_gen_05634@gen.local,Élève,Généré 5634,,LYCEEN,BAC_1,Établissement Maritime,2026-08-18T16:13:48.533924,true
eleve_gen_05635@gen.local,Élève,Généré 5635,,LYCEEN,BAC_1,Établissement Maritime,2026-08-18T16:13:48.533924,true
eleve_gen_05636@gen.local,Élève,Généré 5636,,LYCEEN,BAC_1,Établissement Maritime,2026-08-18T16:13:48.533924,true
eleve_gen_05637@gen.local,Élève,Généré 5637,,LYCEEN,BAC_1,Établissement Centrale,2026-08-18T16:13:48.533924,true
eleve_gen_05638@gen.local,Élève,Généré 5638,,LYCEEN,BAC_1,Établissement Grand Lomé,2026-08-18T16:13:48.533924,true
eleve_gen_05639@gen.local,Élève,Généré 5639,,LYCEEN,BAC_1,Établissement Kara,2026-08-18T16:13:48.533924,true
eleve_gen_05640@gen.local,Élève,Généré 5640,,LYCEEN,BAC_1,Établissement Kara,2026-08-18T16:13:48.533924,true
eleve_gen_05641@gen.local,Élève,Généré 5641,,LYCEEN,BAC_1,Établissement Plateaux Est,2026-08-18T16:13:48.533924,true
eleve_gen_05642@gen.local,Élève,Généré 5642,,LYCEEN,BAC_1,Établissement Plateaux Ouest,2026-08-18T16:13:48.533924,true
eleve_gen_05643@gen.local,Élève,Généré 5643,,LYCEEN,BAC_1,Établissement Plateaux Ouest,2026-08-18T16:13:48.533924,true
eleve_gen_05644@gen.local,Élève,Généré 5644,,LYCEEN,BAC_1,Établissement Grand Lomé,2026-08-18T16:13:48.533924,true
eleve_gen_05645@gen.local,Élève,Généré 5645,,LYCEEN,BAC_1,Établissement Grand Lomé,2026-08-18T16:13:48.533924,true
eleve_gen_05646@gen.local,Élève,Généré 5646,,LYCEEN,BAC_1,Établissement Grand Lomé,2026-08-18T16:13:48.533924,true
eleve_gen_05647@gen.local,Élève,Généré 5647,,LYCEEN,BAC_1,Établissement Plateaux Est,2026-08-18T16:13:48.533924,true
eleve_gen_05648@gen.local,Élève,Généré 5648,,LYCEEN,BAC_1,Établissement Savanes,2026-08-18T16:13:48.533924,true
eleve_gen_05649@gen.local,Élève,Généré 5649,,LYCEEN,BAC_1,Établissement Kara,2026-08-18T16:13:48.533924,true
eleve_gen_05650@gen.local,Élève,Généré 5650,,LYCEEN,BAC_1,Établissement Plateaux Est,2026-08-18T16:13:48.533924,true
eleve_gen_05651@gen.local,Élève,Généré 5651,,LYCEEN,BAC_1,Établissement Kara,2026-08-18T16:13:48.533924,true
eleve_gen_05652@gen.local,Élève,Généré 5652,,LYCEEN,BAC_1,Établissement Maritime,2026-08-18T16:13:48.533924,true
eleve_gen_05653@gen.local,Élève,Généré 5653,,LYCEEN,BAC_1,Établissement Kara,2026-08-18T16:13:48.533924,true
eleve_gen_05654@gen.local,Élève,Généré 5654,,LYCEEN,BAC_1,Établissement Grand Lomé,2026-08-18T16:13:48.533924,true
eleve_gen_05655@gen.local,Élève,Généré 5655,,LYCEEN,BAC_1,Établissement Grand Lomé,2026-08-18T16:13:48.533924,true
eleve_gen_05656@gen.local,Élève,Généré 5656,,LYCEEN,BAC_1,Établissement Plateaux Ouest,2026-08-18T16:13:48.533924,true
eleve_gen_05657@gen.local,Élève,Généré 5657,,LYCEEN,BAC_1,Établissement Grand Lomé,2026-08-18T16:13:48.533924,true
eleve_gen_05658@gen.local,Élève,Généré 5658,,LYCEEN,BAC_1,Établissement Plateaux Ouest,2026-08-18T16:13:48.533924,true
eleve_gen_05659@gen.local,Élève,Généré 5659,,LYCEEN,BAC_1,Établissement Centrale,2026-08-18T16:13:48.533924,true
eleve_gen_05660@gen.local,Élève,Généré 5660,,LYCEEN,BAC_1,Établissement Savanes,2026-08-18T16:13:48.533924,true
eleve_gen_05661@gen.local,Élève,Généré 5661,,LYCEEN,BAC_1,Établissement Grand Lomé,2026-08-18T16:13:48.533924,true
eleve_gen_05662@gen.local,Élève,Généré 5662,,LYCEEN,BAC_1,Établissement Kara,2026-08-18T16:13:48.533924,true
eleve_gen_05663@gen.local,Élève,Généré 5663,,LYCEEN,BAC_1,Établissement Centrale,2026-08-18T16:13:48.533924,true
eleve_gen_05664@gen.local,Élève,Généré 5664,,LYCEEN,BAC_1,Établissement Maritime,2026-08-18T16:13:48.533924,true
eleve_gen_05665@gen.local,Élève,Généré 5665,,LYCEEN,BAC_1,Établissement Centrale,2026-08-18T16:13:48.533924,true
eleve_gen_05666@gen.local,Élève,Généré 5666,,LYCEEN,BAC_1,Établissement Grand Lomé,2026-08-18T16:13:48.533924,true
eleve_gen_05667@gen.local,Élève,Généré 5667,,LYCEEN,BAC_1,Établissement Savanes,2026-08-18T16:13:48.533924,true
eleve_gen_05668@gen.local,Élève,Généré 5668,,LYCEEN,BAC_1,Établissement Grand Lomé,2026-08-18T16:13:48.533924,true
eleve_gen_05669@gen.local,Élève,Généré 5669,,LYCEEN,BAC_1,Établissement Maritime,2026-08-18T16:13:48.533924,true
eleve_gen_05670@gen.local,Élève,Généré 5670,,LYCEEN,BAC_1,Établissement Grand Lomé,2026-08-18T16:13:48.533924,true
eleve_gen_05671@gen.local,Élève,Généré 5671,,LYCEEN,BAC_1,Établissement Plateaux Est,2026-08-18T16:13:48.533924,true
eleve_gen_05672@gen.local,Élève,Généré 5672,,LYCEEN,BAC_1,Établissement Grand Lomé,2026-08-18T16:13:48.533924,true
eleve_gen_05673@gen.local,Élève,Généré 5673,,LYCEEN,BAC_1,Établissement Plateaux Ouest,2026-08-18T16:13:48.533924,true
eleve_gen_05674@gen.local,Élève,Généré 5674,,LYCEEN,BAC_1,Établissement Maritime,2026-08-18T16:13:48.533924,true
eleve_gen_05675@gen.local,Élève,Généré 5675,,LYCEEN,BAC_1,Établissement Plateaux Est,2026-08-18T16:13:48.533924,true
eleve_gen_05676@gen.local,Élève,Généré 5676,,LYCEEN,BAC_1,Établissement Maritime,2026-08-18T16:13:48.533924,true
eleve_gen_05677@gen.local,Élève,Généré 5677,,LYCEEN,BAC_1,Établissement Maritime,2026-08-18T16:13:48.533924,true
eleve_gen_05678@gen.local,Élève,Généré 5678,,LYCEEN,BAC_1,Établissement Centrale,2026-08-18T16:13:48.533924,true
eleve_gen_05679@gen.local,Élève,Généré 5679,,LYCEEN,BAC_1,Établissement Kara,2026-08-18T16:13:48.533924,true
eleve_gen_05680@gen.local,Élève,Généré 5680,,LYCEEN,BAC_1,Établissement Plateaux Ouest,2026-08-18T16:13:48.533924,true
eleve_gen_05681@gen.local,Élève,Généré 5681,,LYCEEN,BAC_1,Établissement Kara,2026-08-18T16:13:48.533924,true
eleve_gen_05682@gen.local,Élève,Généré 5682,,LYCEEN,BAC_1,Établissement Maritime,2026-08-18T16:13:48.533924,true
eleve_gen_05683@gen.local,Élève,Généré 5683,,LYCEEN,BAC_1,Établissement Plateaux Est,2026-08-18T16:13:48.533924,true
eleve_gen_05684@gen.local,Élève,Généré 5684,,LYCEEN,BAC_1,Établissement Plateaux Ouest,2026-08-18T16:13:48.533924,true
eleve_gen_05685@gen.local,Élève,Généré 5685,,LYCEEN,BAC_1,Établissement Kara,2026-08-18T16:13:48.533924,true
eleve_gen_05686@gen.local,Élève,Généré 5686,,LYCEEN,BAC_1,Établissement Centrale,2026-08-18T16:13:48.533924,true
eleve_gen_05687@gen.local,Élève,Généré 5687,,LYCEEN,BAC_1,Établissement Plateaux Ouest,2026-08-18T16:13:48.533924,true
eleve_gen_05688@gen.local,Élève,Généré 5688,,LYCEEN,BAC_1,Établissement Plateaux Ouest,2026-08-18T16:13:48.533924,true
eleve_gen_05689@gen.local,Élève,Généré 5689,,LYCEEN,BAC_1,Établissement Plateaux Ouest,2026-08-18T16:13:48.533924,true
eleve_gen_05690@gen.local,Élève,Généré 5690,,LYCEEN,BAC_1,Établissement Plateaux Est,2026-08-18T16:13:48.533924,true
eleve_gen_05691@gen.local,Élève,Généré 5691,,LYCEEN,BAC_1,Établissement Maritime,2026-08-18T16:13:48.533924,true
eleve_gen_05692@gen.local,Élève,Généré 5692,,LYCEEN,BAC_1,Établissement Grand Lomé,2026-08-18T16:13:48.533924,true
eleve_gen_05693@gen.local,Élève,Généré 5693,,LYCEEN,BAC_1,Établissement Plateaux Est,2026-08-18T16:13:48.533924,true
eleve_gen_05694@gen.local,Élève,Généré 5694,,LYCEEN,BAC_1,Établissement Kara,2026-08-18T16:13:48.533924,true
eleve_gen_05695@gen.local,Élève,Généré 5695,,LYCEEN,BAC_1,Établissement Maritime,2026-08-18T16:13:48.533924,true
eleve_gen_05696@gen.local,Élève,Généré 5696,,LYCEEN,BAC_1,Établissement Plateaux Est,2026-08-18T16:13:48.533924,true
eleve_gen_05697@gen.local,Élève,Généré 5697,,LYCEEN,BAC_1,Établissement Maritime,2026-08-18T16:13:48.533924,true
eleve_gen_05698@gen.local,Élève,Généré 5698,,LYCEEN,BAC_1,Établissement Kara,2026-08-18T16:13:48.533924,true
eleve_gen_05699@gen.local,Élève,Généré 5699,,LYCEEN,BAC_1,Établissement Plateaux Est,2026-08-18T16:13:48.533924,true
eleve_gen_05700@gen.local,Élève,Généré 5700,,LYCEEN,BAC_1,Établissement Savanes,2026-08-18T16:13:48.533924,true
eleve_gen_05701@gen.local,Élève,Généré 5701,,LYCEEN,BAC_1,Établissement Plateaux Est,2026-08-18T16:13:48.533924,true
eleve_gen_05702@gen.local,Élève,Généré 5702,,LYCEEN,BAC_1,Établissement Grand Lomé,2026-08-18T16:13:48.533924,true
eleve_gen_05703@gen.local,Élève,Généré 5703,,LYCEEN,BAC_1,Établissement Plateaux Est,2026-08-18T16:13:48.533924,true
eleve_gen_05704@gen.local,Élève,Généré 5704,,LYCEEN,BAC_1,Établissement Grand Lomé,2026-08-18T16:13:48.533924,true
eleve_gen_05705@gen.local,Élève,Généré 5705,,LYCEEN,BAC_1,Établissement Savanes,2026-08-18T16:13:48.533924,true
eleve_gen_05706@gen.local,Élève,Généré 5706,,LYCEEN,BAC_1,Établissement Plateaux Est,2026-08-18T16:13:48.533924,true
eleve_gen_05707@gen.local,Élève,Généré 5707,,LYCEEN,BAC_1,Établissement Kara,2026-08-18T16:13:48.533924,true
eleve_gen_05708@gen.local,Élève,Généré 5708,,LYCEEN,BAC_1,Établissement Grand Lomé,2026-08-18T16:13:48.533924,true
eleve_gen_05709@gen.local,Élève,Généré 5709,,LYCEEN,BAC_1,Établissement Grand Lomé,2026-08-18T16:13:48.533924,true
eleve_gen_05710@gen.local,Élève,Généré 5710,,LYCEEN,BAC_1,Établissement Kara,2026-08-18T16:13:48.533924,true
eleve_gen_05711@gen.local,Élève,Généré 5711,,LYCEEN,BAC_1,Établissement Grand Lomé,2026-08-18T16:13:48.533924,true
eleve_gen_05712@gen.local,Élève,Généré 5712,,LYCEEN,BAC_1,Établissement Centrale,2026-08-18T16:13:48.533924,true
eleve_gen_05713@gen.local,Élève,Généré 5713,,LYCEEN,BAC_1,Établissement Kara,2026-08-18T16:13:48.533924,true
eleve_gen_05714@gen.local,Élève,Généré 5714,,LYCEEN,BAC_1,Établissement Savanes,2026-08-18T16:13:48.533924,true
eleve_gen_05715@gen.local,Élève,Généré 5715,,LYCEEN,BAC_1,Établissement Grand Lomé,2026-08-18T16:13:48.533924,true
eleve_gen_05716@gen.local,Élève,Généré 5716,,LYCEEN,BAC_1,Établissement Plateaux Est,2026-08-18T16:13:48.533924,true
eleve_gen_05717@gen.local,Élève,Généré 5717,,LYCEEN,BAC_1,Établissement Maritime,2026-08-18T16:13:48.533924,true
eleve_gen_05718@gen.local,Élève,Généré 5718,,LYCEEN,BAC_1,Établissement Centrale,2026-08-18T16:13:48.533924,true
eleve_gen_05719@gen.local,Élève,Généré 5719,,LYCEEN,BAC_1,Établissement Grand Lomé,2026-08-18T16:13:48.533924,true
eleve_gen_05720@gen.local,Élève,Généré 5720,,LYCEEN,BAC_1,Établissement Plateaux Est,2026-08-18T16:13:48.533924,true
eleve_gen_05721@gen.local,Élève,Généré 5721,,LYCEEN,BAC_1,Établissement Kara,2026-08-18T16:13:48.533924,true
eleve_gen_05722@gen.local,Élève,Généré 5722,,LYCEEN,BAC_1,Établissement Grand Lomé,2026-08-18T16:13:48.533924,true
eleve_gen_05723@gen.local,Élève,Généré 5723,,LYCEEN,BAC_1,Établissement Kara,2026-08-18T16:13:48.533924,true
eleve_gen_05724@gen.local,Élève,Généré 5724,,LYCEEN,BAC_1,Établissement Grand Lomé,2026-08-18T16:13:48.533924,true
eleve_gen_05725@gen.local,Élève,Généré 5725,,LYCEEN,BAC_1,Établissement Maritime,2026-08-18T16:13:48.533924,true
eleve_gen_05726@gen.local,Élève,Généré 5726,,LYCEEN,BAC_1,Établissement Grand Lomé,2026-08-18T16:13:48.533924,true
eleve_gen_05727@gen.local,Élève,Généré 5727,,LYCEEN,BAC_1,Établissement Maritime,2026-08-18T16:13:48.533924,true
eleve_gen_05728@gen.local,Élève,Généré 5728,,LYCEEN,BAC_1,Établissement Plateaux Est,2026-08-18T16:13:48.533924,true
eleve_gen_05729@gen.local,Élève,Généré 5729,,LYCEEN,BAC_1,Établissement Savanes,2026-08-18T16:13:48.533924,true
eleve_gen_05730@gen.local,Élève,Généré 5730,,LYCEEN,BAC_1,Établissement Plateaux Ouest,2026-08-18T16:13:48.533924,true
eleve_gen_05731@gen.local,Élève,Généré 5731,,LYCEEN,BAC_1,Établissement Maritime,2026-08-18T16:13:48.533924,true
eleve_gen_05732@gen.local,Élève,Généré 5732,,LYCEEN,BAC_1,Établissement Plateaux Ouest,2026-08-18T16:13:48.533924,true
eleve_gen_05733@gen.local,Élève,Généré 5733,,LYCEEN,BAC_1,Établissement Kara,2026-08-18T16:13:48.533924,true
eleve_gen_05734@gen.local,Élève,Généré 5734,,LYCEEN,BAC_1,Établissement Kara,2026-08-18T16:13:48.533924,true
eleve_gen_05735@gen.local,Élève,Généré 5735,,LYCEEN,BAC_1,Établissement Kara,2026-08-18T16:13:48.533924,true
eleve_gen_05736@gen.local,Élève,Généré 5736,,LYCEEN,BAC_1,Établissement Grand Lomé,2026-08-18T16:13:48.533924,true
eleve_gen_05737@gen.local,Élève,Généré 5737,,LYCEEN,BAC_1,Établissement Centrale,2026-08-18T16:13:48.533924,true
eleve_gen_05738@gen.local,Élève,Généré 5738,,LYCEEN,BAC_1,Établissement Maritime,2026-08-18T16:13:48.533924,true
eleve_gen_05739@gen.local,Élève,Généré 5739,,LYCEEN,BAC_1,Établissement Grand Lomé,2026-08-18T16:13:48.533924,true
eleve_gen_05740@gen.local,Élève,Généré 5740,,LYCEEN,BAC_1,Établissement Plateaux Ouest,2026-08-18T16:13:48.533924,true
eleve_gen_05741@gen.local,Élève,Généré 5741,,LYCEEN,BAC_1,Établissement Plateaux Est,2026-08-18T16:13:48.533924,true
eleve_gen_05742@gen.local,Élève,Généré 5742,,LYCEEN,BAC_1,Établissement Plateaux Ouest,2026-08-18T16:13:48.533924,true
eleve_gen_05743@gen.local,Élève,Généré 5743,,LYCEEN,BAC_1,Établissement Centrale,2026-08-18T16:13:48.533924,true
eleve_gen_05744@gen.local,Élève,Généré 5744,,LYCEEN,BAC_1,Établissement Maritime,2026-08-18T16:13:48.533924,true
eleve_gen_05745@gen.local,Élève,Généré 5745,,LYCEEN,BAC_1,Établissement Maritime,2026-08-18T16:13:48.533924,true
eleve_gen_05746@gen.local,Élève,Généré 5746,,LYCEEN,BAC_1,Établissement Maritime,2026-08-18T16:13:48.533924,true
eleve_gen_05747@gen.local,Élève,Généré 5747,,LYCEEN,BAC_1,Établissement Plateaux Est,2026-08-18T16:13:48.533924,true
eleve_gen_05748@gen.local,Élève,Généré 5748,,LYCEEN,BAC_1,Établissement Grand Lomé,2026-08-18T16:13:48.533924,true
eleve_gen_05749@gen.local,Élève,Généré 5749,,LYCEEN,BAC_1,Établissement Grand Lomé,2026-08-18T16:13:48.533924,true
eleve_gen_05750@gen.local,Élève,Généré 5750,,LYCEEN,BAC_1,Établissement Grand Lomé,2026-08-18T16:13:48.533924,true
eleve_gen_05751@gen.local,Élève,Généré 5751,,LYCEEN,BAC_1,Établissement Savanes,2026-08-18T16:13:48.533924,true
eleve_gen_05752@gen.local,Élève,Généré 5752,,LYCEEN,BAC_1,Établissement Centrale,2026-08-18T16:13:48.533924,true
eleve_gen_05753@gen.local,Élève,Généré 5753,,LYCEEN,BAC_1,Établissement Maritime,2026-08-18T16:13:48.533924,true
eleve_gen_05754@gen.local,Élève,Généré 5754,,LYCEEN,BAC_1,Établissement Grand Lomé,2026-08-18T16:13:48.533924,true
eleve_gen_05755@gen.local,Élève,Généré 5755,,LYCEEN,BAC_1,Établissement Grand Lomé,2026-08-18T16:13:48.533924,true
eleve_gen_05756@gen.local,Élève,Généré 5756,,LYCEEN,BAC_1,Établissement Grand Lomé,2026-08-18T16:13:48.533924,true
eleve_gen_05757@gen.local,Élève,Généré 5757,,LYCEEN,BAC_1,Établissement Maritime,2026-08-18T16:13:48.533924,true
eleve_gen_05758@gen.local,Élève,Généré 5758,,LYCEEN,BAC_1,Établissement Maritime,2026-08-18T16:13:48.533924,true
eleve_gen_05759@gen.local,Élève,Généré 5759,,LYCEEN,BAC_1,Établissement Grand Lomé,2026-08-18T16:13:48.533924,true
eleve_gen_05760@gen.local,Élève,Généré 5760,,LYCEEN,BAC_1,Établissement Grand Lomé,2026-08-18T16:13:48.533924,true
eleve_gen_05761@gen.local,Élève,Généré 5761,,LYCEEN,BAC_1,Établissement Centrale,2026-08-18T16:13:48.533924,true
eleve_gen_05762@gen.local,Élève,Généré 5762,,LYCEEN,BAC_1,Établissement Maritime,2026-08-18T16:13:48.533924,true
eleve_gen_05763@gen.local,Élève,Généré 5763,,LYCEEN,BAC_1,Établissement Plateaux Est,2026-08-18T16:13:48.533924,true
eleve_gen_05764@gen.local,Élève,Généré 5764,,LYCEEN,BAC_1,Établissement Maritime,2026-08-18T16:13:48.533924,true
eleve_gen_05765@gen.local,Élève,Généré 5765,,LYCEEN,BAC_1,Établissement Grand Lomé,2026-08-18T16:13:48.533924,true
eleve_gen_05766@gen.local,Élève,Généré 5766,,LYCEEN,BAC_1,Établissement Kara,2026-08-18T16:13:48.533924,true
eleve_gen_05767@gen.local,Élève,Généré 5767,,LYCEEN,BAC_1,Établissement Plateaux Ouest,2026-08-18T16:13:48.533924,true
eleve_gen_05768@gen.local,Élève,Généré 5768,,LYCEEN,BAC_1,Établissement Grand Lomé,2026-08-18T16:13:48.533924,true
eleve_gen_05769@gen.local,Élève,Généré 5769,,LYCEEN,BAC_1,Établissement Grand Lomé,2026-08-18T16:13:48.533924,true
eleve_gen_05770@gen.local,Élève,Généré 5770,,LYCEEN,BAC_1,Établissement Savanes,2026-08-18T16:13:48.533924,true
eleve_gen_05771@gen.local,Élève,Généré 5771,,LYCEEN,BAC_1,Établissement Centrale,2026-08-18T16:13:48.533924,true
eleve_gen_05772@gen.local,Élève,Généré 5772,,LYCEEN,BAC_1,Établissement Plateaux Ouest,2026-08-18T16:13:48.533924,true
eleve_gen_05773@gen.local,Élève,Généré 5773,,LYCEEN,BAC_1,Établissement Centrale,2026-08-18T16:13:48.533924,true
eleve_gen_05774@gen.local,Élève,Généré 5774,,LYCEEN,BAC_1,Établissement Grand Lomé,2026-08-18T16:13:48.533924,true
eleve_gen_05775@gen.local,Élève,Généré 5775,,LYCEEN,BAC_1,Établissement Centrale,2026-08-18T16:13:48.533924,true
eleve_gen_05776@gen.local,Élève,Généré 5776,,LYCEEN,BAC_1,Établissement Maritime,2026-08-18T16:13:48.533924,true
eleve_gen_05777@gen.local,Élève,Généré 5777,,LYCEEN,BAC_1,Établissement Maritime,2026-08-18T16:13:48.533924,true
eleve_gen_05778@gen.local,Élève,Généré 5778,,LYCEEN,BAC_1,Établissement Plateaux Ouest,2026-08-18T16:13:48.533924,true
eleve_gen_05779@gen.local,Élève,Généré 5779,,LYCEEN,BAC_1,Établissement Plateaux Ouest,2026-08-18T16:13:48.533924,true
eleve_gen_05780@gen.local,Élève,Généré 5780,,LYCEEN,BAC_1,Établissement Plateaux Ouest,2026-08-18T16:13:48.533924,true
eleve_gen_05781@gen.local,Élève,Généré 5781,,LYCEEN,BAC_1,Établissement Grand Lomé,2026-08-18T16:13:48.533924,true
eleve_gen_05782@gen.local,Élève,Généré 5782,,LYCEEN,BAC_1,Établissement Grand Lomé,2026-08-18T16:13:48.533924,true
eleve_gen_05783@gen.local,Élève,Généré 5783,,LYCEEN,BAC_1,Établissement Plateaux Ouest,2026-08-18T16:13:48.533924,true
eleve_gen_05784@gen.local,Élève,Généré 5784,,LYCEEN,BAC_1,Établissement Plateaux Ouest,2026-08-18T16:13:48.533924,true
eleve_gen_05785@gen.local,Élève,Généré 5785,,LYCEEN,BAC_1,Établissement Grand Lomé,2026-08-18T16:13:48.533924,true
eleve_gen_05786@gen.local,Élève,Généré 5786,,LYCEEN,BAC_1,Établissement Plateaux Est,2026-08-18T16:13:48.533924,true
eleve_gen_05787@gen.local,Élève,Généré 5787,,LYCEEN,BAC_1,Établissement Grand Lomé,2026-08-18T16:13:48.533924,true
eleve_gen_05788@gen.local,Élève,Généré 5788,,LYCEEN,BAC_1,Établissement Grand Lomé,2026-08-18T16:13:48.533924,true
eleve_gen_05789@gen.local,Élève,Généré 5789,,LYCEEN,BAC_1,Établissement Plateaux Est,2026-08-18T16:13:48.533924,true
eleve_gen_05790@gen.local,Élève,Généré 5790,,LYCEEN,BAC_1,Établissement Grand Lomé,2026-08-18T16:13:48.533924,true
eleve_gen_05791@gen.local,Élève,Généré 5791,,LYCEEN,BAC_1,Établissement Grand Lomé,2026-08-18T16:13:48.533924,true
eleve_gen_05792@gen.local,Élève,Généré 5792,,LYCEEN,BAC_1,Établissement Centrale,2026-08-18T16:13:48.533924,true
eleve_gen_05793@gen.local,Élève,Généré 5793,,LYCEEN,BAC_1,Établissement Kara,2026-08-18T16:13:48.533924,true
eleve_gen_05794@gen.local,Élève,Généré 5794,,LYCEEN,BAC_1,Établissement Grand Lomé,2026-08-18T16:13:48.533924,true
eleve_gen_05795@gen.local,Élève,Généré 5795,,LYCEEN,BAC_1,Établissement Plateaux Ouest,2026-08-18T16:13:48.533924,true
eleve_gen_05796@gen.local,Élève,Généré 5796,,LYCEEN,BAC_1,Établissement Grand Lomé,2026-08-18T16:13:48.533924,true
eleve_gen_05797@gen.local,Élève,Généré 5797,,LYCEEN,BAC_1,Établissement Plateaux Est,2026-08-18T16:13:48.533924,true
eleve_gen_05798@gen.local,Élève,Généré 5798,,LYCEEN,BAC_1,Établissement Kara,2026-08-18T16:13:48.533924,true
eleve_gen_05799@gen.local,Élève,Généré 5799,,LYCEEN,BAC_1,Établissement Grand Lomé,2026-08-18T16:13:48.533924,true
eleve_gen_05800@gen.local,Élève,Généré 5800,,LYCEEN,BAC_1,Établissement Maritime,2026-08-18T16:13:48.533924,true
eleve_gen_05801@gen.local,Élève,Généré 5801,,LYCEEN,BAC_1,Établissement Maritime,2026-08-18T16:13:48.533924,true
eleve_gen_05802@gen.local,Élève,Généré 5802,,LYCEEN,BAC_1,Établissement Grand Lomé,2026-08-18T16:13:48.533924,true
eleve_gen_05803@gen.local,Élève,Généré 5803,,LYCEEN,BAC_1,Établissement Savanes,2026-08-18T16:13:48.533924,true
eleve_gen_05804@gen.local,Élève,Généré 5804,,LYCEEN,BAC_1,Établissement Grand Lomé,2026-08-18T16:13:48.533924,true
eleve_gen_05805@gen.local,Élève,Généré 5805,,LYCEEN,BAC_1,Établissement Maritime,2026-08-18T16:13:48.533924,true
eleve_gen_05806@gen.local,Élève,Généré 5806,,LYCEEN,BAC_1,Établissement Grand Lomé,2026-08-18T16:13:48.533924,true
eleve_gen_05807@gen.local,Élève,Généré 5807,,LYCEEN,BAC_1,Établissement Grand Lomé,2026-08-18T16:13:48.533924,true
eleve_gen_05808@gen.local,Élève,Généré 5808,,LYCEEN,BAC_1,Établissement Kara,2026-08-18T16:13:48.533924,true
eleve_gen_05809@gen.local,Élève,Généré 5809,,LYCEEN,BAC_1,Établissement Plateaux Est,2026-08-18T16:13:48.533924,true
eleve_gen_05810@gen.local,Élève,Généré 5810,,LYCEEN,BAC_1,Établissement Centrale,2026-08-18T16:13:48.533924,true
eleve_gen_05811@gen.local,Élève,Généré 5811,,LYCEEN,BAC_1,Établissement Grand Lomé,2026-08-18T16:13:48.533924,true
eleve_gen_05812@gen.local,Élève,Généré 5812,,LYCEEN,BAC_1,Établissement Grand Lomé,2026-08-18T16:13:48.533924,true
eleve_gen_05813@gen.local,Élève,Généré 5813,,LYCEEN,BAC_1,Établissement Grand Lomé,2026-08-18T16:13:48.533924,true
eleve_gen_05814@gen.local,Élève,Généré 5814,,LYCEEN,BAC_1,Établissement Maritime,2026-08-18T16:13:48.533924,true
eleve_gen_05815@gen.local,Élève,Généré 5815,,LYCEEN,BAC_1,Établissement Savanes,2026-08-18T16:13:48.533924,true
eleve_gen_05816@gen.local,Élève,Généré 5816,,LYCEEN,BAC_1,Établissement Savanes,2026-08-18T16:13:48.533924,true
eleve_gen_05817@gen.local,Élève,Généré 5817,,LYCEEN,BAC_1,Établissement Maritime,2026-08-18T16:13:48.533924,true
eleve_gen_05818@gen.local,Élève,Généré 5818,,LYCEEN,BAC_1,Établissement Centrale,2026-08-18T16:13:48.533924,true
eleve_gen_05819@gen.local,Élève,Généré 5819,,LYCEEN,BAC_1,Établissement Plateaux Ouest,2026-08-18T16:13:48.533924,true
eleve_gen_05820@gen.local,Élève,Généré 5820,,LYCEEN,BAC_1,Établissement Centrale,2026-08-18T16:13:48.533924,true
eleve_gen_05821@gen.local,Élève,Généré 5821,,LYCEEN,BAC_1,Établissement Savanes,2026-08-18T16:13:48.533924,true
eleve_gen_05822@gen.local,Élève,Généré 5822,,LYCEEN,BAC_1,Établissement Maritime,2026-08-18T16:13:48.533924,true
eleve_gen_05823@gen.local,Élève,Généré 5823,,LYCEEN,BAC_1,Établissement Kara,2026-08-18T16:13:48.533924,true
eleve_gen_05824@gen.local,Élève,Généré 5824,,LYCEEN,BAC_1,Établissement Maritime,2026-08-18T16:13:48.533924,true
eleve_gen_05825@gen.local,Élève,Généré 5825,,LYCEEN,BAC_1,Établissement Grand Lomé,2026-08-18T16:13:48.533924,true
eleve_gen_05826@gen.local,Élève,Généré 5826,,LYCEEN,BAC_1,Établissement Grand Lomé,2026-08-18T16:13:48.533924,true
eleve_gen_05827@gen.local,Élève,Généré 5827,,LYCEEN,BAC_1,Établissement Kara,2026-08-18T16:13:48.533924,true
eleve_gen_05828@gen.local,Élève,Généré 5828,,LYCEEN,BAC_1,Établissement Grand Lomé,2026-08-18T16:13:48.533924,true
eleve_gen_05829@gen.local,Élève,Généré 5829,,LYCEEN,BAC_1,Établissement Grand Lomé,2026-08-18T16:13:48.533924,true
eleve_gen_05830@gen.local,Élève,Généré 5830,,LYCEEN,BAC_1,Établissement Plateaux Est,2026-08-18T16:13:48.533924,true
eleve_gen_05831@gen.local,Élève,Généré 5831,,LYCEEN,BAC_1,Établissement Plateaux Est,2026-08-18T16:13:48.533924,true
eleve_gen_05832@gen.local,Élève,Généré 5832,,LYCEEN,BAC_1,Établissement Plateaux Ouest,2026-08-18T16:13:48.533924,true
eleve_gen_05833@gen.local,Élève,Généré 5833,,LYCEEN,BAC_1,Établissement Grand Lomé,2026-08-18T16:13:48.533924,true
eleve_gen_05834@gen.local,Élève,Généré 5834,,LYCEEN,BAC_1,Établissement Plateaux Est,2026-08-18T16:13:48.533924,true
eleve_gen_05835@gen.local,Élève,Généré 5835,,LYCEEN,BAC_1,Établissement Centrale,2026-08-18T16:13:48.533924,true
eleve_gen_05836@gen.local,Élève,Généré 5836,,LYCEEN,BAC_1,Établissement Plateaux Ouest,2026-08-18T16:13:48.533924,true
eleve_gen_05837@gen.local,Élève,Généré 5837,,LYCEEN,BAC_1,Établissement Grand Lomé,2026-08-18T16:13:48.533924,true
eleve_gen_05838@gen.local,Élève,Généré 5838,,LYCEEN,BAC_1,Établissement Plateaux Est,2026-08-18T16:13:48.533924,true
eleve_gen_05839@gen.local,Élève,Généré 5839,,LYCEEN,BAC_1,Établissement Savanes,2026-08-18T16:13:48.533924,true
eleve_gen_05840@gen.local,Élève,Généré 5840,,LYCEEN,BAC_1,Établissement Plateaux Ouest,2026-08-18T16:13:48.533924,true
eleve_gen_05841@gen.local,Élève,Généré 5841,,LYCEEN,BAC_1,Établissement Plateaux Ouest,2026-08-18T16:13:48.533924,true
eleve_gen_05842@gen.local,Élève,Généré 5842,,LYCEEN,BAC_1,Établissement Plateaux Est,2026-08-18T16:13:48.533924,true
eleve_gen_05843@gen.local,Élève,Généré 5843,,LYCEEN,BAC_1,Établissement Grand Lomé,2026-08-18T16:13:48.533924,true
eleve_gen_05844@gen.local,Élève,Généré 5844,,LYCEEN,BAC_1,Établissement Maritime,2026-08-18T16:13:48.533924,true
eleve_gen_05845@gen.local,Élève,Généré 5845,,LYCEEN,BAC_1,Établissement Kara,2026-08-18T16:13:48.533924,true
eleve_gen_05846@gen.local,Élève,Généré 5846,,LYCEEN,BAC_1,Établissement Maritime,2026-08-18T16:13:48.533924,true
eleve_gen_05847@gen.local,Élève,Généré 5847,,LYCEEN,BAC_1,Établissement Maritime,2026-08-18T16:13:48.533924,true
eleve_gen_05848@gen.local,Élève,Généré 5848,,LYCEEN,BAC_1,Établissement Maritime,2026-08-18T16:13:48.533924,true
eleve_gen_05849@gen.local,Élève,Généré 5849,,LYCEEN,BAC_1,Établissement Maritime,2026-08-18T16:13:48.533924,true
eleve_gen_05850@gen.local,Élève,Généré 5850,,LYCEEN,BAC_1,Établissement Maritime,2026-08-18T16:13:48.533924,true
eleve_gen_05851@gen.local,Élève,Généré 5851,,LYCEEN,BAC_1,Établissement Grand Lomé,2026-08-18T16:13:48.533924,true
eleve_gen_05852@gen.local,Élève,Généré 5852,,LYCEEN,BAC_1,Établissement Centrale,2026-08-18T16:13:48.533924,true
eleve_gen_05853@gen.local,Élève,Généré 5853,,LYCEEN,BAC_1,Établissement Grand Lomé,2026-08-18T16:13:48.533924,true
eleve_gen_05854@gen.local,Élève,Généré 5854,,LYCEEN,BAC_1,Établissement Plateaux Est,2026-08-18T16:13:48.533924,true
eleve_gen_05855@gen.local,Élève,Généré 5855,,LYCEEN,BAC_1,Établissement Plateaux Est,2026-08-18T16:13:48.533924,true
eleve_gen_05856@gen.local,Élève,Généré 5856,,LYCEEN,BAC_1,Établissement Maritime,2026-08-18T16:13:48.533924,true
eleve_gen_05857@gen.local,Élève,Généré 5857,,LYCEEN,BAC_1,Établissement Plateaux Est,2026-08-18T16:13:48.533924,true
eleve_gen_05858@gen.local,Élève,Généré 5858,,LYCEEN,BAC_1,Établissement Grand Lomé,2026-08-18T16:13:48.533924,true
eleve_gen_05859@gen.local,Élève,Généré 5859,,LYCEEN,BAC_1,Établissement Centrale,2026-08-18T16:13:48.533924,true
eleve_gen_05860@gen.local,Élève,Généré 5860,,LYCEEN,BAC_1,Établissement Savanes,2026-08-18T16:13:48.533924,true
eleve_gen_05861@gen.local,Élève,Généré 5861,,LYCEEN,BAC_1,Établissement Plateaux Ouest,2026-08-18T16:13:48.533924,true
eleve_gen_05862@gen.local,Élève,Généré 5862,,LYCEEN,BAC_1,Établissement Grand Lomé,2026-08-18T16:13:48.533924,true
eleve_gen_05863@gen.local,Élève,Généré 5863,,LYCEEN,BAC_1,Établissement Maritime,2026-08-18T16:13:48.533924,true
eleve_gen_05864@gen.local,Élève,Généré 5864,,LYCEEN,BAC_1,Établissement Centrale,2026-08-18T16:13:48.533924,true
eleve_gen_05865@gen.local,Élève,Généré 5865,,LYCEEN,BAC_1,Établissement Centrale,2026-08-18T16:13:48.533924,true
eleve_gen_05866@gen.local,Élève,Généré 5866,,LYCEEN,BAC_1,Établissement Plateaux Ouest,2026-08-18T16:13:48.533924,true
eleve_gen_05867@gen.local,Élève,Généré 5867,,LYCEEN,BAC_1,Établissement Plateaux Est,2026-08-18T16:13:48.533924,true
eleve_gen_05868@gen.local,Élève,Généré 5868,,LYCEEN,BAC_1,Établissement Grand Lomé,2026-08-18T16:13:48.533924,true
eleve_gen_05869@gen.local,Élève,Généré 5869,,LYCEEN,BAC_1,Établissement Centrale,2026-08-18T16:13:48.533924,true
eleve_gen_05870@gen.local,Élève,Généré 5870,,LYCEEN,BAC_1,Établissement Grand Lomé,2026-08-18T16:13:48.533924,true
eleve_gen_05871@gen.local,Élève,Généré 5871,,LYCEEN,BAC_1,Établissement Grand Lomé,2026-08-18T16:13:48.533924,true
eleve_gen_05872@gen.local,Élève,Généré 5872,,LYCEEN,BAC_1,Établissement Centrale,2026-08-18T16:13:48.533924,true
eleve_gen_05873@gen.local,Élève,Généré 5873,,LYCEEN,BAC_1,Établissement Plateaux Est,2026-08-18T16:13:48.533924,true
eleve_gen_05874@gen.local,Élève,Généré 5874,,LYCEEN,BAC_1,Établissement Kara,2026-08-18T16:13:48.533924,true
eleve_gen_05875@gen.local,Élève,Généré 5875,,LYCEEN,BAC_1,Établissement Grand Lomé,2026-08-18T16:13:48.533924,true
eleve_gen_05876@gen.local,Élève,Généré 5876,,LYCEEN,BAC_1,Établissement Grand Lomé,2026-08-18T16:13:48.533924,true
eleve_gen_05877@gen.local,Élève,Généré 5877,,LYCEEN,BAC_1,Établissement Centrale,2026-08-18T16:13:48.533924,true
eleve_gen_05878@gen.local,Élève,Généré 5878,,LYCEEN,BAC_1,Établissement Plateaux Ouest,2026-08-18T16:13:48.533924,true
eleve_gen_05879@gen.local,Élève,Généré 5879,,LYCEEN,BAC_1,Établissement Kara,2026-08-18T16:13:48.533924,true
eleve_gen_05880@gen.local,Élève,Généré 5880,,LYCEEN,BAC_1,Établissement Grand Lomé,2026-08-18T16:13:48.533924,true
eleve_gen_05881@gen.local,Élève,Généré 5881,,LYCEEN,BAC_1,Établissement Plateaux Ouest,2026-08-18T16:13:48.533924,true
eleve_gen_05882@gen.local,Élève,Généré 5882,,LYCEEN,BAC_1,Établissement Centrale,2026-08-18T16:13:48.533924,true
eleve_gen_05883@gen.local,Élève,Généré 5883,,LYCEEN,BAC_1,Établissement Grand Lomé,2026-08-18T16:13:48.533924,true
eleve_gen_05884@gen.local,Élève,Généré 5884,,LYCEEN,BAC_1,Établissement Savanes,2026-08-18T16:13:48.533924,true
eleve_gen_05885@gen.local,Élève,Généré 5885,,LYCEEN,BAC_1,Établissement Plateaux Est,2026-08-18T16:13:48.533924,true
eleve_gen_05886@gen.local,Élève,Généré 5886,,LYCEEN,BAC_1,Établissement Plateaux Est,2026-08-18T16:13:48.533924,true
eleve_gen_05887@gen.local,Élève,Généré 5887,,LYCEEN,BAC_1,Établissement Plateaux Est,2026-08-18T16:13:48.533924,true
eleve_gen_05888@gen.local,Élève,Généré 5888,,LYCEEN,BAC_1,Établissement Plateaux Est,2026-08-18T16:13:48.533924,true
eleve_gen_05889@gen.local,Élève,Généré 5889,,LYCEEN,BAC_1,Établissement Grand Lomé,2026-08-18T16:13:48.533924,true
eleve_gen_05890@gen.local,Élève,Généré 5890,,LYCEEN,BAC_1,Établissement Kara,2026-08-18T16:13:48.533924,true
eleve_gen_05891@gen.local,Élève,Généré 5891,,LYCEEN,BAC_1,Établissement Maritime,2026-08-18T16:13:48.533924,true
eleve_gen_05892@gen.local,Élève,Généré 5892,,LYCEEN,BAC_1,Établissement Centrale,2026-08-18T16:13:48.533924,true
eleve_gen_05893@gen.local,Élève,Généré 5893,,LYCEEN,BAC_1,Établissement Grand Lomé,2026-08-18T16:13:48.533924,true
eleve_gen_05894@gen.local,Élève,Généré 5894,,LYCEEN,BAC_1,Établissement Savanes,2026-08-18T16:13:48.533924,true
eleve_gen_05895@gen.local,Élève,Généré 5895,,LYCEEN,BAC_1,Établissement Plateaux Ouest,2026-08-18T16:13:48.533924,true
eleve_gen_05896@gen.local,Élève,Généré 5896,,LYCEEN,BAC_1,Établissement Centrale,2026-08-18T16:13:48.533924,true
eleve_gen_05897@gen.local,Élève,Généré 5897,,LYCEEN,BAC_1,Établissement Grand Lomé,2026-08-18T16:13:48.533924,true
eleve_gen_05898@gen.local,Élève,Généré 5898,,LYCEEN,BAC_1,Établissement Grand Lomé,2026-08-18T16:13:48.533924,true
eleve_gen_05899@gen.local,Élève,Généré 5899,,LYCEEN,BAC_1,Établissement Centrale,2026-08-18T16:13:48.533924,true
eleve_gen_05900@gen.local,Élève,Généré 5900,,LYCEEN,BAC_1,Établissement Grand Lomé,2026-08-18T16:13:48.533924,true
eleve_gen_05901@gen.local,Élève,Généré 5901,,LYCEEN,BAC_1,Établissement Plateaux Ouest,2026-08-18T16:13:48.533924,true
eleve_gen_05902@gen.local,Élève,Généré 5902,,LYCEEN,BAC_1,Établissement Plateaux Ouest,2026-08-18T16:13:48.533924,true
eleve_gen_05903@gen.local,Élève,Généré 5903,,LYCEEN,BAC_1,Établissement Plateaux Est,2026-08-18T16:13:48.533924,true
eleve_gen_05904@gen.local,Élève,Généré 5904,,LYCEEN,BAC_1,Établissement Plateaux Ouest,2026-08-18T16:13:48.533924,true
eleve_gen_05905@gen.local,Élève,Généré 5905,,LYCEEN,BAC_1,Établissement Plateaux Est,2026-08-18T16:13:48.533924,true
eleve_gen_05906@gen.local,Élève,Généré 5906,,LYCEEN,BAC_1,Établissement Grand Lomé,2026-08-18T16:13:48.533924,true
eleve_gen_05907@gen.local,Élève,Généré 5907,,LYCEEN,BAC_1,Établissement Maritime,2026-08-18T16:13:48.533924,true
eleve_gen_05908@gen.local,Élève,Généré 5908,,LYCEEN,BAC_1,Établissement Maritime,2026-08-18T16:13:48.533924,true
eleve_gen_05909@gen.local,Élève,Généré 5909,,LYCEEN,BAC_1,Établissement Grand Lomé,2026-08-18T16:13:48.533924,true
eleve_gen_05910@gen.local,Élève,Généré 5910,,LYCEEN,BAC_1,Établissement Grand Lomé,2026-08-18T16:13:48.533924,true
eleve_gen_05911@gen.local,Élève,Généré 5911,,LYCEEN,BAC_1,Établissement Plateaux Ouest,2026-08-18T16:13:48.533924,true
eleve_gen_05912@gen.local,Élève,Généré 5912,,LYCEEN,BAC_1,Établissement Maritime,2026-08-18T16:13:48.533924,true
eleve_gen_05913@gen.local,Élève,Généré 5913,,LYCEEN,BAC_1,Établissement Maritime,2026-08-18T16:13:48.533924,true
eleve_gen_05914@gen.local,Élève,Généré 5914,,LYCEEN,BAC_1,Établissement Maritime,2026-08-18T16:13:48.533924,true
eleve_gen_05915@gen.local,Élève,Généré 5915,,LYCEEN,BAC_1,Établissement Maritime,2026-08-18T16:13:48.533924,true
eleve_gen_05916@gen.local,Élève,Généré 5916,,LYCEEN,BAC_1,Établissement Grand Lomé,2026-08-18T16:13:48.533924,true
eleve_gen_05917@gen.local,Élève,Généré 5917,,LYCEEN,BAC_1,Établissement Maritime,2026-08-18T16:13:48.533924,true
eleve_gen_05918@gen.local,Élève,Généré 5918,,LYCEEN,BAC_1,Établissement Grand Lomé,2026-08-18T16:13:48.533924,true
eleve_gen_05919@gen.local,Élève,Généré 5919,,LYCEEN,BAC_1,Établissement Plateaux Ouest,2026-08-18T16:13:48.533924,true
eleve_gen_05920@gen.local,Élève,Généré 5920,,LYCEEN,BAC_1,Établissement Kara,2026-08-18T16:13:48.533924,true
eleve_gen_05921@gen.local,Élève,Généré 5921,,LYCEEN,BAC_1,Établissement Grand Lomé,2026-08-18T16:13:48.533924,true
eleve_gen_05922@gen.local,Élève,Généré 5922,,LYCEEN,BAC_1,Établissement Plateaux Ouest,2026-08-18T16:13:48.533924,true
eleve_gen_05923@gen.local,Élève,Généré 5923,,LYCEEN,BAC_1,Établissement Grand Lomé,2026-08-18T16:13:48.533924,true
eleve_gen_05924@gen.local,Élève,Généré 5924,,LYCEEN,BAC_1,Établissement Plateaux Ouest,2026-08-18T16:13:48.533924,true
eleve_gen_05925@gen.local,Élève,Généré 5925,,LYCEEN,BAC_1,Établissement Centrale,2026-08-18T16:13:48.533924,true
eleve_gen_05926@gen.local,Élève,Généré 5926,,LYCEEN,BAC_1,Établissement Plateaux Est,2026-08-18T16:13:48.533924,true
eleve_gen_05927@gen.local,Élève,Généré 5927,,LYCEEN,BAC_1,Établissement Maritime,2026-08-18T16:13:48.533924,true
eleve_gen_05928@gen.local,Élève,Généré 5928,,LYCEEN,BAC_1,Établissement Maritime,2026-08-18T16:13:48.533924,true
eleve_gen_05929@gen.local,Élève,Généré 5929,,LYCEEN,BAC_1,Établissement Centrale,2026-08-18T16:13:48.533924,true
eleve_gen_05930@gen.local,Élève,Généré 5930,,LYCEEN,BAC_1,Établissement Grand Lomé,2026-08-18T16:13:48.533924,true
eleve_gen_05931@gen.local,Élève,Généré 5931,,LYCEEN,BAC_1,Établissement Plateaux Est,2026-08-18T16:13:48.533924,true
eleve_gen_05932@gen.local,Élève,Généré 5932,,LYCEEN,BAC_1,Établissement Grand Lomé,2026-08-18T16:13:48.533924,true
eleve_gen_05933@gen.local,Élève,Généré 5933,,LYCEEN,BAC_1,Établissement Savanes,2026-08-18T16:13:48.533924,true
eleve_gen_05934@gen.local,Élève,Généré 5934,,LYCEEN,BAC_1,Établissement Kara,2026-08-18T16:13:48.533924,true
eleve_gen_05935@gen.local,Élève,Généré 5935,,LYCEEN,BAC_1,Établissement Kara,2026-08-18T16:13:48.533924,true
eleve_gen_05936@gen.local,Élève,Généré 5936,,LYCEEN,BAC_1,Établissement Plateaux Est,2026-08-18T16:13:48.533924,true
eleve_gen_05937@gen.local,Élève,Généré 5937,,LYCEEN,BAC_1,Établissement Grand Lomé,2026-08-18T16:13:48.533924,true
eleve_gen_05938@gen.local,Élève,Généré 5938,,LYCEEN,BAC_1,Établissement Centrale,2026-08-18T16:13:48.533924,true
eleve_gen_05939@gen.local,Élève,Généré 5939,,LYCEEN,BAC_1,Établissement Grand Lomé,2026-08-18T16:13:48.533924,true
eleve_gen_05940@gen.local,Élève,Généré 5940,,LYCEEN,BAC_1,Établissement Kara,2026-08-18T16:13:48.533924,true
eleve_gen_05941@gen.local,Élève,Généré 5941,,LYCEEN,BAC_1,Établissement Savanes,2026-08-18T16:13:48.533924,true
eleve_gen_05942@gen.local,Élève,Généré 5942,,LYCEEN,BAC_1,Établissement Maritime,2026-08-18T16:13:48.533924,true
eleve_gen_05943@gen.local,Élève,Généré 5943,,LYCEEN,BAC_1,Établissement Grand Lomé,2026-08-18T16:13:48.533924,true
eleve_gen_05944@gen.local,Élève,Généré 5944,,LYCEEN,BAC_1,Établissement Centrale,2026-08-18T16:13:48.533924,true
eleve_gen_05945@gen.local,Élève,Généré 5945,,LYCEEN,BAC_1,Établissement Plateaux Est,2026-08-18T16:13:48.533924,true
eleve_gen_05946@gen.local,Élève,Généré 5946,,LYCEEN,BAC_1,Établissement Plateaux Ouest,2026-08-18T16:13:48.533924,true
eleve_gen_05947@gen.local,Élève,Généré 5947,,LYCEEN,BAC_1,Établissement Grand Lomé,2026-08-18T16:13:48.533924,true
eleve_gen_05948@gen.local,Élève,Généré 5948,,LYCEEN,BAC_1,Établissement Plateaux Ouest,2026-08-18T16:13:48.533924,true
eleve_gen_05949@gen.local,Élève,Généré 5949,,LYCEEN,BAC_1,Établissement Grand Lomé,2026-08-18T16:13:48.533924,true
eleve_gen_05950@gen.local,Élève,Généré 5950,,LYCEEN,BAC_1,Établissement Grand Lomé,2026-08-18T16:13:48.533924,true
eleve_gen_05951@gen.local,Élève,Généré 5951,,LYCEEN,BAC_1,Établissement Grand Lomé,2026-08-18T16:13:48.533924,true
eleve_gen_05952@gen.local,Élève,Généré 5952,,LYCEEN,BAC_1,Établissement Kara,2026-08-18T16:13:48.533924,true
eleve_gen_05953@gen.local,Élève,Généré 5953,,LYCEEN,BAC_1,Établissement Kara,2026-08-18T16:13:48.533924,true
eleve_gen_05954@gen.local,Élève,Généré 5954,,LYCEEN,BAC_1,Établissement Savanes,2026-08-18T16:13:48.533924,true
eleve_gen_05955@gen.local,Élève,Généré 5955,,LYCEEN,BAC_1,Établissement Grand Lomé,2026-08-18T16:13:48.533924,true
eleve_gen_05956@gen.local,Élève,Généré 5956,,LYCEEN,BAC_1,Établissement Maritime,2026-08-18T16:13:48.533924,true
eleve_gen_05957@gen.local,Élève,Généré 5957,,LYCEEN,BAC_1,Établissement Centrale,2026-08-18T16:13:48.533924,true
eleve_gen_05958@gen.local,Élève,Généré 5958,,LYCEEN,BAC_1,Établissement Grand Lomé,2026-08-18T16:13:48.533924,true
eleve_gen_05959@gen.local,Élève,Généré 5959,,LYCEEN,BAC_1,Établissement Maritime,2026-08-18T16:13:48.533924,true
eleve_gen_05960@gen.local,Élève,Généré 5960,,LYCEEN,BAC_1,Établissement Grand Lomé,2026-08-18T16:13:48.533924,true
eleve_gen_05961@gen.local,Élève,Généré 5961,,LYCEEN,BAC_1,Établissement Kara,2026-08-18T16:13:48.533924,true
eleve_gen_05962@gen.local,Élève,Généré 5962,,LYCEEN,BAC_1,Établissement Centrale,2026-08-18T16:13:48.533924,true
eleve_gen_05963@gen.local,Élève,Généré 5963,,LYCEEN,BAC_1,Établissement Grand Lomé,2026-08-18T16:13:48.533924,true
eleve_gen_05964@gen.local,Élève,Généré 5964,,LYCEEN,BAC_1,Établissement Grand Lomé,2026-08-18T16:13:48.533924,true
eleve_gen_05965@gen.local,Élève,Généré 5965,,LYCEEN,BAC_1,Établissement Grand Lomé,2026-08-18T16:13:48.533924,true
eleve_gen_05966@gen.local,Élève,Généré 5966,,LYCEEN,BAC_1,Établissement Maritime,2026-08-18T16:13:48.533924,true
eleve_gen_05967@gen.local,Élève,Généré 5967,,LYCEEN,BAC_1,Établissement Maritime,2026-08-18T16:13:48.533924,true
eleve_gen_05968@gen.local,Élève,Généré 5968,,LYCEEN,BAC_1,Établissement Plateaux Ouest,2026-08-18T16:13:48.533924,true
eleve_gen_05969@gen.local,Élève,Généré 5969,,LYCEEN,BAC_1,Établissement Plateaux Est,2026-08-18T16:13:48.533924,true
eleve_gen_05970@gen.local,Élève,Généré 5970,,LYCEEN,BAC_1,Établissement Maritime,2026-08-18T16:13:48.533924,true
eleve_gen_05971@gen.local,Élève,Généré 5971,,LYCEEN,BAC_1,Établissement Plateaux Ouest,2026-08-18T16:13:48.533924,true
eleve_gen_05972@gen.local,Élève,Généré 5972,,LYCEEN,BAC_1,Établissement Plateaux Ouest,2026-08-18T16:13:48.533924,true
eleve_gen_05973@gen.local,Élève,Généré 5973,,LYCEEN,BAC_1,Établissement Maritime,2026-08-18T16:13:48.533924,true
eleve_gen_05974@gen.local,Élève,Généré 5974,,LYCEEN,BAC_1,Établissement Kara,2026-08-18T16:13:48.533924,true
eleve_gen_05975@gen.local,Élève,Généré 5975,,LYCEEN,BAC_1,Établissement Grand Lomé,2026-08-18T16:13:48.533924,true
eleve_gen_05976@gen.local,Élève,Généré 5976,,LYCEEN,BAC_1,Établissement Grand Lomé,2026-08-18T16:13:48.533924,true
eleve_gen_05977@gen.local,Élève,Généré 5977,,LYCEEN,BAC_1,Établissement Centrale,2026-08-18T16:13:48.533924,true
eleve_gen_05978@gen.local,Élève,Généré 5978,,LYCEEN,BAC_1,Établissement Plateaux Ouest,2026-08-18T16:13:48.533924,true
eleve_gen_05979@gen.local,Élève,Généré 5979,,LYCEEN,BAC_1,Établissement Plateaux Est,2026-08-18T16:13:48.533924,true
eleve_gen_05980@gen.local,Élève,Généré 5980,,LYCEEN,BAC_1,Établissement Savanes,2026-08-18T16:13:48.533924,true
eleve_gen_05981@gen.local,Élève,Généré 5981,,LYCEEN,BAC_1,Établissement Maritime,2026-08-18T16:13:48.533924,true
eleve_gen_05982@gen.local,Élève,Généré 5982,,LYCEEN,BAC_1,Établissement Plateaux Est,2026-08-18T16:13:48.533924,true
eleve_gen_05983@gen.local,Élève,Généré 5983,,LYCEEN,BAC_1,Établissement Grand Lomé,2026-08-18T16:13:48.533924,true
eleve_gen_05984@gen.local,Élève,Généré 5984,,LYCEEN,BAC_1,Établissement Maritime,2026-08-18T16:13:48.533924,true
eleve_gen_05985@gen.local,Élève,Généré 5985,,LYCEEN,BAC_1,Établissement Grand Lomé,2026-08-18T16:13:48.533924,true
eleve_gen_05986@gen.local,Élève,Généré 5986,,LYCEEN,BAC_1,Établissement Centrale,2026-08-18T16:13:48.533924,true
eleve_gen_05987@gen.local,Élève,Généré 5987,,LYCEEN,BAC_1,Établissement Plateaux Ouest,2026-08-18T16:13:48.533924,true
eleve_gen_05988@gen.local,Élève,Généré 5988,,LYCEEN,BAC_1,Établissement Kara,2026-08-18T16:13:48.533924,true
eleve_gen_05989@gen.local,Élève,Généré 5989,,LYCEEN,BAC_1,Établissement Savanes,2026-08-18T16:13:48.533924,true
eleve_gen_05990@gen.local,Élève,Généré 5990,,LYCEEN,BAC_1,Établissement Plateaux Est,2026-08-18T16:13:48.533924,true
eleve_gen_05991@gen.local,Élève,Généré 5991,,LYCEEN,BAC_1,Établissement Plateaux Est,2026-08-18T16:13:48.533924,true
eleve_gen_05992@gen.local,Élève,Généré 5992,,LYCEEN,BAC_1,Établissement Maritime,2026-08-18T16:13:48.533924,true
eleve_gen_05993@gen.local,Élève,Généré 5993,,LYCEEN,BAC_1,Établissement Plateaux Ouest,2026-08-18T16:13:48.533924,true
eleve_gen_05994@gen.local,Élève,Généré 5994,,LYCEEN,BAC_1,Établissement Plateaux Est,2026-08-18T16:13:48.533924,true
eleve_gen_05995@gen.local,Élève,Généré 5995,,LYCEEN,BAC_1,Établissement Maritime,2026-08-18T16:13:48.533924,true
eleve_gen_05996@gen.local,Élève,Généré 5996,,LYCEEN,BAC_1,Établissement Plateaux Ouest,2026-08-18T16:13:48.533924,true
eleve_gen_05997@gen.local,Élève,Généré 5997,,LYCEEN,BAC_1,Établissement Grand Lomé,2026-08-18T16:13:48.533924,true
eleve_gen_05998@gen.local,Élève,Généré 5998,,LYCEEN,BAC_1,Établissement Grand Lomé,2026-08-18T16:13:48.533924,true
eleve_gen_05999@gen.local,Élève,Généré 5999,,LYCEEN,BAC_1,Établissement Savanes,2026-08-18T16:13:48.533924,true
akogoyawograce50@gmail.com,Akogo ,Yawo Grace ,+22892138316,LYCEEN,LYCEE_TLE,Lomé,2026-08-19T12:43:38.081018,true
