"indicateur","subdivision","sexe","Unit","Date","Value"
"Taux de réussite au BAC_II selon le sexe et la région (série D)","T.R. Savanes","Total","Pourcentage","2014","27.5"
"Taux de réussite au BAC_II selon le sexe et la région (série D)","T.R. Savanes","Total","Pourcentage","2015","23.5"
"Taux de réussite au BAC_II selon le sexe et la région (série D)","T.R. Savanes","Total","Pourcentage","2016","31.4"
"Taux de réussite au BAC_II selon le sexe et la région (série D)","T.R. Savanes","Total","Pourcentage","2017","29"
"Taux de réussite au BAC_II selon le sexe et la région (série D)","T.R. Savanes","Total","Pourcentage","2018","44.4"
"Taux de réussite au BAC_II selon le sexe et la région (série D)","T.R. Savanes","Total","Pourcentage","2019","48"
"Taux de réussite au BAC_II selon le sexe et la région (série D)","T.R. Savanes","Masculin","Pourcentage","2014","27.7"
"Taux de réussite au BAC_II selon le sexe et la région (série D)","T.R. Savanes","Masculin","Pourcentage","2015","23.6"
"Taux de réussite au BAC_II selon le sexe et la région (série D)","T.R. Savanes","Masculin","Pourcentage","2016","31.7"
"Taux de réussite au BAC_II selon le sexe et la région (série D)","T.R. Savanes","Masculin","Pourcentage","2017","30.2"
"Taux de réussite au BAC_II selon le sexe et la région (série D)","T.R. Savanes","Masculin","Pourcentage","2018","44.8"
"Taux de réussite au BAC_II selon le sexe et la région (série D)","T.R. Savanes","Masculin","Pourcentage","2019","47.1"
"Taux de réussite au BAC_II selon le sexe et la région (série D)","T.R. Savanes","Fémin","Pourcentage","2014","25.6"
"Taux de réussite au BAC_II selon le sexe et la région (série D)","T.R. Savanes","Fémin","Pourcentage","2015","23.1"
"Taux de réussite au BAC_II selon le sexe et la région (série D)","T.R. Savanes","Fémin","Pourcentage","2016","29.7"
"Taux de réussite au BAC_II selon le sexe et la région (série D)","T.R. Savanes","Fémin","Pourcentage","2017","23.7"
"Taux de réussite au BAC_II selon le sexe et la région (série D)","T.R. Savanes","Fémin","Pourcentage","2018","42.8"
"Taux de réussite au BAC_II selon le sexe et la région (série D)","T.R. Savanes","Fémin","Pourcentage","2019","51.3"
"Taux de réussite au BAC_II selon le sexe et la région (série D)","CINKASSE","Total","Pourcentage","2014","33.3"
"Taux de réussite au BAC_II selon le sexe et la région (série D)","CINKASSE","Total","Pourcentage","2015","34.4"
"Taux de réussite au BAC_II selon le sexe et la région (série D)","CINKASSE","Total","Pourcentage","2016","38.4"
"Taux de réussite au BAC_II selon le sexe et la région (série D)","CINKASSE","Total","Pourcentage","2017","31.2"
"Taux de réussite au BAC_II selon le sexe et la région (série D)","CINKASSE","Total","Pourcentage","2018","47.5"
"Taux de réussite au BAC_II selon le sexe et la région (série D)","CINKASSE","Total","Pourcentage","2019","57.8"
"Taux de réussite au BAC_II selon le sexe et la région (série D)","CINKASSE","Masculin","Pourcentage","2014","35.2"
"Taux de réussite au BAC_II selon le sexe et la région (série D)","CINKASSE","Masculin","Pourcentage","2015","36.8"
"Taux de réussite au BAC_II selon le sexe et la région (série D)","CINKASSE","Masculin","Pourcentage","2016","42.5"
"Taux de réussite au BAC_II selon le sexe et la région (série D)","CINKASSE","Masculin","Pourcentage","2017","29.6"
"Taux de réussite au BAC_II selon le sexe et la région (série D)","CINKASSE","Masculin","Pourcentage","2018","48.6"
"Taux de réussite au BAC_II selon le sexe et la région (série D)","CINKASSE","Masculin","Pourcentage","2019","56.7"
"Taux de réussite au BAC_II selon le sexe et la région (série D)","CINKASSE","Fémin","Pourcentage","2014","21.4"
"Taux de réussite au BAC_II selon le sexe et la région (série D)","CINKASSE","Fémin","Pourcentage","2015","24"
"Taux de réussite au BAC_II selon le sexe et la région (série D)","CINKASSE","Fémin","Pourcentage","2016","21.9"
"Taux de réussite au BAC_II selon le sexe et la région (série D)","CINKASSE","Fémin","Pourcentage","2017","37.1"
"Taux de réussite au BAC_II selon le sexe et la région (série D)","CINKASSE","Fémin","Pourcentage","2018","43.2"
"Taux de réussite au BAC_II selon le sexe et la région (série D)","CINKASSE","Fémin","Pourcentage","2019","61.5"
"Taux de réussite au BAC_II selon le sexe et la région (série D)","KPENDJAL","Total","Pourcentage","2014","9.2"
"Taux de réussite au BAC_II selon le sexe et la région (série D)","KPENDJAL","Total","Pourcentage","2015","16.9"
"Taux de réussite au BAC_II selon le sexe et la région (série D)","KPENDJAL","Total","Pourcentage","2016","21.1"
"Taux de réussite au BAC_II selon le sexe et la région (série D)","KPENDJAL","Total","Pourcentage","2017","20.5"
"Taux de réussite au BAC_II selon le sexe et la région (série D)","KPENDJAL","Total","Pourcentage","2018","34.7"
"Taux de réussite au BAC_II selon le sexe et la région (série D)","KPENDJAL","Total","Pourcentage","2019","43.5"
"Taux de réussite au BAC_II selon le sexe et la région (série D)","KPENDJAL","Masculin","Pourcentage","2014","10.3"
"Taux de réussite au BAC_II selon le sexe et la région (série D)","KPENDJAL","Masculin","Pourcentage","2015","16.9"
"Taux de réussite au BAC_II selon le sexe et la région (série D)","KPENDJAL","Masculin","Pourcentage","2016","21.4"
"Taux de réussite au BAC_II selon le sexe et la région (série D)","KPENDJAL","Masculin","Pourcentage","2017","19.2"
"Taux de réussite au BAC_II selon le sexe et la région (série D)","KPENDJAL","Masculin","Pourcentage","2018","39.3"
"Taux de réussite au BAC_II selon le sexe et la région (série D)","KPENDJAL","Masculin","Pourcentage","2019","43"
"Taux de réussite au BAC_II selon le sexe et la région (série D)","KPENDJAL","Fémin","Pourcentage","2014","0"
"Taux de réussite au BAC_II selon le sexe et la région (série D)","KPENDJAL","Fémin","Pourcentage","2015","16.7"
"Taux de réussite au BAC_II selon le sexe et la région (série D)","KPENDJAL","Fémin","Pourcentage","2016","18.8"
"Taux de réussite au BAC_II selon le sexe et la région (série D)","KPENDJAL","Fémin","Pourcentage","2017","30.8"
"Taux de réussite au BAC_II selon le sexe et la région (série D)","KPENDJAL","Fémin","Pourcentage","2018","11.8"
"Taux de réussite au BAC_II selon le sexe et la région (série D)","KPENDJAL","Fémin","Pourcentage","2019","45.5"
"Taux de réussite au BAC_II selon le sexe et la région (série D)","OTI","Total","Pourcentage","2014","34.9"
"Taux de réussite au BAC_II selon le sexe et la région (série D)","OTI","Total","Pourcentage","2015","17.8"
"Taux de réussite au BAC_II selon le sexe et la région (série D)","OTI","Total","Pourcentage","2016","31.4"
"Taux de réussite au BAC_II selon le sexe et la région (série D)","OTI","Total","Pourcentage","2017","22.6"
"Taux de réussite au BAC_II selon le sexe et la région (série D)","OTI","Total","Pourcentage","2018","41"
"Taux de réussite au BAC_II selon le sexe et la région (série D)","OTI","Total","Pourcentage","2019","43.5"
"Taux de réussite au BAC_II selon le sexe et la région (série D)","OTI","Masculin","Pourcentage","2014","35.6"
"Taux de réussite au BAC_II selon le sexe et la région (série D)","OTI","Masculin","Pourcentage","2015","17.9"
"Taux de réussite au BAC_II selon le sexe et la région (série D)","OTI","Masculin","Pourcentage","2016","31.7"
"Taux de réussite au BAC_II selon le sexe et la région (série D)","OTI","Masculin","Pourcentage","2017","22.9"
"Taux de réussite au BAC_II selon le sexe et la région (série D)","OTI","Masculin","Pourcentage","2018","42"
"Taux de réussite au BAC_II selon le sexe et la région (série D)","OTI","Masculin","Pourcentage","2019","41.2"
"Taux de réussite au BAC_II selon le sexe et la région (série D)","OTI","Fémin","Pourcentage","2014","30.4"
"Taux de réussite au BAC_II selon le sexe et la région (série D)","OTI","Fémin","Pourcentage","2015","17.2"
"Taux de réussite au BAC_II selon le sexe et la région (série D)","OTI","Fémin","Pourcentage","2016","30.2"
"Taux de réussite au BAC_II selon le sexe et la région (série D)","OTI","Fémin","Pourcentage","2017","21.4"
"Taux de réussite au BAC_II selon le sexe et la région (série D)","OTI","Fémin","Pourcentage","2018","36.5"
"Taux de réussite au BAC_II selon le sexe et la région (série D)","OTI","Fémin","Pourcentage","2019","50"
"Taux de réussite au BAC_II selon le sexe et la région (série D)","TANDJOARE","Total","Pourcentage","2014","29.5"
"Taux de réussite au BAC_II selon le sexe et la région (série D)","TANDJOARE","Total","Pourcentage","2015","15.3"
"Taux de réussite au BAC_II selon le sexe et la région (série D)","TANDJOARE","Total","Pourcentage","2016","22.1"
"Taux de réussite au BAC_II selon le sexe et la région (série D)","TANDJOARE","Total","Pourcentage","2017","25.2"
"Taux de réussite au BAC_II selon le sexe et la région (série D)","TANDJOARE","Total","Pourcentage","2018","40.8"
"Taux de réussite au BAC_II selon le sexe et la région (série D)","TANDJOARE","Total","Pourcentage","2019","31.9"
"Taux de réussite au BAC_II selon le sexe et la région (série D)","TANDJOARE","Masculin","Pourcentage","2014","30.9"
"Taux de réussite au BAC_II selon le sexe et la région (série D)","TANDJOARE","Masculin","Pourcentage","2015","16.2"
"Taux de réussite au BAC_II selon le sexe et la région (série D)","TANDJOARE","Masculin","Pourcentage","2016","22.9"
"Taux de réussite au BAC_II selon le sexe et la région (série D)","TANDJOARE","Masculin","Pourcentage","2017","26.7"
"Taux de réussite au BAC_II selon le sexe et la région (série D)","TANDJOARE","Masculin","Pourcentage","2018","40.6"
"Taux de réussite au BAC_II selon le sexe et la région (série D)","TANDJOARE","Masculin","Pourcentage","2019","28.6"
"Taux de réussite au BAC_II selon le sexe et la région (série D)","TANDJOARE","Fémin","Pourcentage","2014","11.1"
"Taux de réussite au BAC_II selon le sexe et la région (série D)","TANDJOARE","Fémin","Pourcentage","2015","9.5"
"Taux de réussite au BAC_II selon le sexe et la région (série D)","TANDJOARE","Fémin","Pourcentage","2016","15.4"
"Taux de réussite au BAC_II selon le sexe et la région (série D)","TANDJOARE","Fémin","Pourcentage","2017","17.4"
"Taux de réussite au BAC_II selon le sexe et la région (série D)","TANDJOARE","Fémin","Pourcentage","2018","42.1"
"Taux de réussite au BAC_II selon le sexe et la région (série D)","TANDJOARE","Fémin","Pourcentage","2019","50"
"Taux de réussite au BAC_II selon le sexe et la région (série D)","TONE","Total","Pourcentage","2014","26.1"
"Taux de réussite au BAC_II selon le sexe et la région (série D)","TONE","Total","Pourcentage","2015","25.3"
"Taux de réussite au BAC_II selon le sexe et la région (série D)","TONE","Total","Pourcentage","2016","33.4"
"Taux de réussite au BAC_II selon le sexe et la région (série D)","TONE","Total","Pourcentage","2017","31.8"
"Taux de réussite au BAC_II selon le sexe et la région (série D)","TONE","Total","Pourcentage","2018","48.5"
"Taux de réussite au BAC_II selon le sexe et la région (série D)","TONE","Total","Pourcentage","2019","52.9"
"Taux de réussite au BAC_II selon le sexe et la région (série D)","TONE","Masculin","Pourcentage","2014","25.8"
"Taux de réussite au BAC_II selon le sexe et la région (série D)","TONE","Masculin","Pourcentage","2015","25.2"
"Taux de réussite au BAC_II selon le sexe et la région (série D)","TONE","Masculin","Pourcentage","2016","33.4"
"Taux de réussite au BAC_II selon le sexe et la région (série D)","TONE","Masculin","Pourcentage","2017","34"
"Taux de réussite au BAC_II selon le sexe et la région (série D)","TONE","Masculin","Pourcentage","2018","48.5"
"Taux de réussite au BAC_II selon le sexe et la région (série D)","TONE","Masculin","Pourcentage","2019","53.3"
"Taux de réussite au BAC_II selon le sexe et la région (série D)","TONE","Fémin","Pourcentage","2014","27.7"
"Taux de réussite au BAC_II selon le sexe et la région (série D)","TONE","Fémin","Pourcentage","2015","25.7"
"Taux de réussite au BAC_II selon le sexe et la région (série D)","TONE","Fémin","Pourcentage","2016","33.2"
"Taux de réussite au BAC_II selon le sexe et la région (série D)","TONE","Fémin","Pourcentage","2017","23.1"
"Taux de réussite au BAC_II selon le sexe et la région (série D)","TONE","Fémin","Pourcentage","2018","48.4"
"Taux de réussite au BAC_II selon le sexe et la région (série D)","TONE","Fémin","Pourcentage","2019","51.2"
"Taux de réussite au BAC_II selon le sexe et la région (série D)","Ensemble TOGO","Total","Pourcentage","2014","34.8"
"Taux de réussite au BAC_II selon le sexe et la région (série D)","Ensemble TOGO","Total","Pourcentage","2015","36.6"
"Taux de réussite au BAC_II selon le sexe et la région (série D)","Ensemble TOGO","Total","Pourcentage","2016","41.2"
"Taux de réussite au BAC_II selon le sexe et la région (série D)","Ensemble TOGO","Total","Pourcentage","2017","42"
"Taux de réussite au BAC_II selon le sexe et la région (série D)","Ensemble TOGO","Total","Pourcentage","2018","56.4"
"Taux de réussite au BAC_II selon le sexe et la région (série D)","Ensemble TOGO","Total","Pourcentage","2019","53.4"
"Taux de réussite au BAC_II selon le sexe et la région (série D)","Ensemble TOGO","Masculin","Pourcentage","2014","34.6"
"Taux de réussite au BAC_II selon le sexe et la région (série D)","Ensemble TOGO","Masculin","Pourcentage","2015","36.3"
"Taux de réussite au BAC_II selon le sexe et la région (série D)","Ensemble TOGO","Masculin","Pourcentage","2016","40.9"
"Taux de réussite au BAC_II selon le sexe et la région (série D)","Ensemble TOGO","Masculin","Pourcentage","2017","41.9"
"Taux de réussite au BAC_II selon le sexe et la région (série D)","Ensemble TOGO","Masculin","Pourcentage","2018","55.7"
"Taux de réussite au BAC_II selon le sexe et la région (série D)","Ensemble TOGO","Masculin","Pourcentage","2019","51.9"
"Taux de réussite au BAC_II selon le sexe et la région (série D)","Ensemble TOGO","Fémin","Pourcentage","2014","35.6"
"Taux de réussite au BAC_II selon le sexe et la région (série D)","Ensemble TOGO","Fémin","Pourcentage","2015","37.4"
"Taux de réussite au BAC_II selon le sexe et la région (série D)","Ensemble TOGO","Fémin","Pourcentage","2016","42.4"
"Taux de réussite au BAC_II selon le sexe et la région (série D)","Ensemble TOGO","Fémin","Pourcentage","2017","42.4"
"Taux de réussite au BAC_II selon le sexe et la région (série D)","Ensemble TOGO","Fémin","Pourcentage","2018","58.4"
"Taux de réussite au BAC_II selon le sexe et la région (série D)","Ensemble TOGO","Fémin","Pourcentage","2019","57.4"
"Taux de réussite au BAC_II selon le sexe et la région (série D)","T.R.Lomé-Golfe","Total","Pourcentage","2014","42.2"
"Taux de réussite au BAC_II selon le sexe et la région (série D)","T.R.Lomé-Golfe","Total","Pourcentage","2015","52"
"Taux de réussite au BAC_II selon le sexe et la région (série D)","T.R.Lomé-Golfe","Total","Pourcentage","2016","56.1"
"Taux de réussite au BAC_II selon le sexe et la région (série D)","T.R.Lomé-Golfe","Total","Pourcentage","2017","57.1"
"Taux de réussite au BAC_II selon le sexe et la région (série D)","T.R.Lomé-Golfe","Total","Pourcentage","2018","66.9"
"Taux de réussite au BAC_II selon le sexe et la région (série D)","T.R.Lomé-Golfe","Total","Pourcentage","2019","64.1"
"Taux de réussite au BAC_II selon le sexe et la région (série D)","T.R.Lomé-Golfe","Masculin","Pourcentage","2014","42.7"
"Taux de réussite au BAC_II selon le sexe et la région (série D)","T.R.Lomé-Golfe","Masculin","Pourcentage","2015","52.8"
"Taux de réussite au BAC_II selon le sexe et la région (série D)","T.R.Lomé-Golfe","Masculin","Pourcentage","2016","56.6"
"Taux de réussite au BAC_II selon le sexe et la région (série D)","T.R.Lomé-Golfe","Masculin","Pourcentage","2017","56.3"
"Taux de réussite au BAC_II selon le sexe et la région (série D)","T.R.Lomé-Golfe","Masculin","Pourcentage","2018","66.5"
"Taux de réussite au BAC_II selon le sexe et la région (série D)","T.R.Lomé-Golfe","Masculin","Pourcentage","2019","62.6"
"Taux de réussite au BAC_II selon le sexe et la région (série D)","T.R.Lomé-Golfe","Fémin","Pourcentage","2014","40.9"
"Taux de réussite au BAC_II selon le sexe et la région (série D)","T.R.Lomé-Golfe","Fémin","Pourcentage","2015","50.1"
"Taux de réussite au BAC_II selon le sexe et la région (série D)","T.R.Lomé-Golfe","Fémin","Pourcentage","2016","55.2"
"Taux de réussite au BAC_II selon le sexe et la région (série D)","T.R.Lomé-Golfe","Fémin","Pourcentage","2017","58.7"
"Taux de réussite au BAC_II selon le sexe et la région (série D)","T.R.Lomé-Golfe","Fémin","Pourcentage","2018","67.7"
"Taux de réussite au BAC_II selon le sexe et la région (série D)","T.R.Lomé-Golfe","Fémin","Pourcentage","2019","66.7"
"Taux de réussite au BAC_II selon le sexe et la région (série D)","LOME-COMMUNE","Total","Pourcentage","2014","37.1"
"Taux de réussite au BAC_II selon le sexe et la région (série D)","LOME-COMMUNE","Total","Pourcentage","2015","56.8"
"Taux de réussite au BAC_II selon le sexe et la région (série D)","LOME-COMMUNE","Total","Pourcentage","2016","57.1"
"Taux de réussite au BAC_II selon le sexe et la région (série D)","LOME-COMMUNE","Total","Pourcentage","2017","64.7"
"Taux de réussite au BAC_II selon le sexe et la région (série D)","LOME-COMMUNE","Total","Pourcentage","2018","64.7"
"Taux de réussite au BAC_II selon le sexe et la région (série D)","LOME-COMMUNE","Total","Pourcentage","2019","64.3"
"Taux de réussite au BAC_II selon le sexe et la région (série D)","LOME-COMMUNE","Masculin","Pourcentage","2014","38.7"
"Taux de réussite au BAC_II selon le sexe et la région (série D)","LOME-COMMUNE","Masculin","Pourcentage","2015","56.8"
"Taux de réussite au BAC_II selon le sexe et la région (série D)","LOME-COMMUNE","Masculin","Pourcentage","2016","55.1"
"Taux de réussite au BAC_II selon le sexe et la région (série D)","LOME-COMMUNE","Masculin","Pourcentage","2017","64"
"Taux de réussite au BAC_II selon le sexe et la région (série D)","LOME-COMMUNE","Masculin","Pourcentage","2018","64.1"
"Taux de réussite au BAC_II selon le sexe et la région (série D)","LOME-COMMUNE","Masculin","Pourcentage","2019","61.7"
"Taux de réussite au BAC_II selon le sexe et la région (série D)","LOME-COMMUNE","Fémin","Pourcentage","2014","33.5"
"Taux de réussite au BAC_II selon le sexe et la région (série D)","LOME-COMMUNE","Fémin","Pourcentage","2015","56.7"
"Taux de réussite au BAC_II selon le sexe et la région (série D)","LOME-COMMUNE","Fémin","Pourcentage","2016","60.6"
"Taux de réussite au BAC_II selon le sexe et la région (série D)","LOME-COMMUNE","Fémin","Pourcentage","2017","66"
"Taux de réussite au BAC_II selon le sexe et la région (série D)","LOME-COMMUNE","Fémin","Pourcentage","2018","65.7"
"Taux de réussite au BAC_II selon le sexe et la région (série D)","LOME-COMMUNE","Fémin","Pourcentage","2019","68.8"
"Taux de réussite au BAC_II selon le sexe et la région (série D)","GOLFE","Total","Pourcentage","2014","48.1"
"Taux de réussite au BAC_II selon le sexe et la région (série D)","GOLFE","Total","Pourcentage","2015","45.9"
"Taux de réussite au BAC_II selon le sexe et la région (série D)","GOLFE","Total","Pourcentage","2016","55.3"
"Taux de réussite au BAC_II selon le sexe et la région (série D)","GOLFE","Total","Pourcentage","2017","49.5"
"Taux de réussite au BAC_II selon le sexe et la région (série D)","GOLFE","Total","Pourcentage","2018","69.2"
"Taux de réussite au BAC_II selon le sexe et la région (série D)","GOLFE","Total","Pourcentage","2019","63.9"
"Taux de réussite au BAC_II selon le sexe et la région (série D)","GOLFE","Masculin","Pourcentage","2014","47.2"
"Taux de réussite au BAC_II selon le sexe et la région (série D)","GOLFE","Masculin","Pourcentage","2015","47.9"
"Taux de réussite au BAC_II selon le sexe et la région (série D)","GOLFE","Masculin","Pourcentage","2016","57.9"
"Taux de réussite au BAC_II selon le sexe et la région (série D)","GOLFE","Masculin","Pourcentage","2017","49.2"
"Taux de réussite au BAC_II selon le sexe et la région (série D)","GOLFE","Masculin","Pourcentage","2018","68.9"
"Taux de réussite au BAC_II selon le sexe et la région (série D)","GOLFE","Masculin","Pourcentage","2019","63.6"
"Taux de réussite au BAC_II selon le sexe et la région (série D)","GOLFE","Fémin","Pourcentage","2014","50.5"
"Taux de réussite au BAC_II selon le sexe et la région (série D)","GOLFE","Fémin","Pourcentage","2015","41.6"
"Taux de réussite au BAC_II selon le sexe et la région (série D)","GOLFE","Fémin","Pourcentage","2016","49.7"
"Taux de réussite au BAC_II selon le sexe et la région (série D)","GOLFE","Fémin","Pourcentage","2017","50.2"
"Taux de réussite au BAC_II selon le sexe et la région (série D)","GOLFE","Fémin","Pourcentage","2018","69.9"
"Taux de réussite au BAC_II selon le sexe et la région (série D)","GOLFE","Fémin","Pourcentage","2019","64.4"
"Taux de réussite au BAC_II selon le sexe et la région (série D)","T.R.Maritime","Total","Pourcentage","2014","33.7"
"Taux de réussite au BAC_II selon le sexe et la région (série D)","T.R.Maritime","Total","Pourcentage","2015","27.8"
"Taux de réussite au BAC_II selon le sexe et la région (série D)","T.R.Maritime","Total","Pourcentage","2016","38.8"
"Taux de réussite au BAC_II selon le sexe et la région (série D)","T.R.Maritime","Total","Pourcentage","2017","38.5"
"Taux de réussite au BAC_II selon le sexe et la région (série D)","T.R.Maritime","Total","Pourcentage","2018","54.6"
"Taux de réussite au BAC_II selon le sexe et la région (série D)","T.R.Maritime","Total","Pourcentage","2019","53.7"
"Taux de réussite au BAC_II selon le sexe et la région (série D)","T.R.Maritime","Masculin","Pourcentage","2014","33.9"
"Taux de réussite au BAC_II selon le sexe et la région (série D)","T.R.Maritime","Masculin","Pourcentage","2015","28.2"
"Taux de réussite au BAC_II selon le sexe et la région (série D)","T.R.Maritime","Masculin","Pourcentage","2016","38.5"
"Taux de réussite au BAC_II selon le sexe et la région (série D)","T.R.Maritime","Masculin","Pourcentage","2017","40.5"
"Taux de réussite au BAC_II selon le sexe et la région (série D)","T.R.Maritime","Masculin","Pourcentage","2018","54.1"
"Taux de réussite au BAC_II selon le sexe et la région (série D)","T.R.Maritime","Masculin","Pourcentage","2019","52.9"
"Taux de réussite au BAC_II selon le sexe et la région (série D)","T.R.Maritime","Fémin","Pourcentage","2014","32.7"
"Taux de réussite au BAC_II selon le sexe et la région (série D)","T.R.Maritime","Fémin","Pourcentage","2015","25.9"
"Taux de réussite au BAC_II selon le sexe et la région (série D)","T.R.Maritime","Fémin","Pourcentage","2016","39.7"
"Taux de réussite au BAC_II selon le sexe et la région (série D)","T.R.Maritime","Fémin","Pourcentage","2017","32"
"Taux de réussite au BAC_II selon le sexe et la région (série D)","T.R.Maritime","Fémin","Pourcentage","2018","56.2"
"Taux de réussite au BAC_II selon le sexe et la région (série D)","T.R.Maritime","Fémin","Pourcentage","2019","56.3"
"Taux de réussite au BAC_II selon le sexe et la région (série D)","AVE","Total","Pourcentage","2014","23.6"
"Taux de réussite au BAC_II selon le sexe et la région (série D)","AVE","Total","Pourcentage","2015","28.8"
"Taux de réussite au BAC_II selon le sexe et la région (série D)","AVE","Total","Pourcentage","2016","49.7"
"Taux de réussite au BAC_II selon le sexe et la région (série D)","AVE","Total","Pourcentage","2017","35.8"
"Taux de réussite au BAC_II selon le sexe et la région (série D)","AVE","Total","Pourcentage","2018","50.9"
"Taux de réussite au BAC_II selon le sexe et la région (série D)","AVE","Total","Pourcentage","2019","42.6"
"Taux de réussite au BAC_II selon le sexe et la région (série D)","AVE","Masculin","Pourcentage","2014","20"
"Taux de réussite au BAC_II selon le sexe et la région (série D)","AVE","Masculin","Pourcentage","2015","28.6"
"Taux de réussite au BAC_II selon le sexe et la région (série D)","AVE","Masculin","Pourcentage","2016","45.7"
"Taux de réussite au BAC_II selon le sexe et la région (série D)","AVE","Masculin","Pourcentage","2017","38"
"Taux de réussite au BAC_II selon le sexe et la région (série D)","AVE","Masculin","Pourcentage","2018","48.5"
"Taux de réussite au BAC_II selon le sexe et la région (série D)","AVE","Masculin","Pourcentage","2019","43.8"
"Taux de réussite au BAC_II selon le sexe et la région (série D)","AVE","Fémin","Pourcentage","2014","42.3"
"Taux de réussite au BAC_II selon le sexe et la région (série D)","AVE","Fémin","Pourcentage","2015","30.4"
"Taux de réussite au BAC_II selon le sexe et la région (série D)","AVE","Fémin","Pourcentage","2016","68.1"
"Taux de réussite au BAC_II selon le sexe et la région (série D)","AVE","Fémin","Pourcentage","2017","25.6"
"Taux de réussite au BAC_II selon le sexe et la région (série D)","AVE","Fémin","Pourcentage","2018","58.5"
"Taux de réussite au BAC_II selon le sexe et la région (série D)","AVE","Fémin","Pourcentage","2019","38.2"
"Taux de réussite au BAC_II selon le sexe et la région (série D)","BAS MONO","Total","Pourcentage","2014","33.3"
"Taux de réussite au BAC_II selon le sexe et la région (série D)","BAS MONO","Total","Pourcentage","2015","31.8"
"Taux de réussite au BAC_II selon le sexe et la région (série D)","BAS MONO","Total","Pourcentage","2016","40"
"Taux de réussite au BAC_II selon le sexe et la région (série D)","BAS MONO","Total","Pourcentage","2017","38"
"Taux de réussite au BAC_II selon le sexe et la région (série D)","BAS MONO","Total","Pourcentage","2018","49.5"
"Taux de réussite au BAC_II selon le sexe et la région (série D)","BAS MONO","Total","Pourcentage","2019","51.4"
"Taux de réussite au BAC_II selon le sexe et la région (série D)","BAS MONO","Masculin","Pourcentage","2014","32.2"
"Taux de réussite au BAC_II selon le sexe et la région (série D)","BAS MONO","Masculin","Pourcentage","2015","33.3"
"Taux de réussite au BAC_II selon le sexe et la région (série D)","BAS MONO","Masculin","Pourcentage","2016","39.5"
"Taux de réussite au BAC_II selon le sexe et la région (série D)","BAS MONO","Masculin","Pourcentage","2017","41"
"Taux de réussite au BAC_II selon le sexe et la région (série D)","BAS MONO","Masculin","Pourcentage","2018","50.7"
"Taux de réussite au BAC_II selon le sexe et la région (série D)","BAS MONO","Masculin","Pourcentage","2019","52"
"Taux de réussite au BAC_II selon le sexe et la région (série D)","BAS MONO","Fémin","Pourcentage","2014","50"
"Taux de réussite au BAC_II selon le sexe et la région (série D)","BAS MONO","Fémin","Pourcentage","2015","20"
"Taux de réussite au BAC_II selon le sexe et la région (série D)","BAS MONO","Fémin","Pourcentage","2016","42.4"
"Taux de réussite au BAC_II selon le sexe et la région (série D)","BAS MONO","Fémin","Pourcentage","2017","23.9"
"Taux de réussite au BAC_II selon le sexe et la région (série D)","BAS MONO","Fémin","Pourcentage","2018","44.6"
"Taux de réussite au BAC_II selon le sexe et la région (série D)","BAS MONO","Fémin","Pourcentage","2019","48.4"
"Taux de réussite au BAC_II selon le sexe et la région (série D)","LACS","Total","Pourcentage","2014","27.1"
"Taux de réussite au BAC_II selon le sexe et la région (série D)","LACS","Total","Pourcentage","2015","23.7"
"Taux de réussite au BAC_II selon le sexe et la région (série D)","LACS","Total","Pourcentage","2016","34"
"Taux de réussite au BAC_II selon le sexe et la région (série D)","LACS","Total","Pourcentage","2017","39.5"
"Taux de réussite au BAC_II selon le sexe et la région (série D)","LACS","Total","Pourcentage","2018","54.2"
"Taux de réussite au BAC_II selon le sexe et la région (série D)","LACS","Total","Pourcentage","2019","60.1"
"Taux de réussite au BAC_II selon le sexe et la région (série D)","LACS","Masculin","Pourcentage","2014","26.3"
"Taux de réussite au BAC_II selon le sexe et la région (série D)","LACS","Masculin","Pourcentage","2015","21.9"
"Taux de réussite au BAC_II selon le sexe et la région (série D)","LACS","Masculin","Pourcentage","2016","35.2"
"Taux de réussite au BAC_II selon le sexe et la région (série D)","LACS","Masculin","Pourcentage","2017","42.5"
"Taux de réussite au BAC_II selon le sexe et la région (série D)","LACS","Masculin","Pourcentage","2018","52.5"
"Taux de réussite au BAC_II selon le sexe et la région (série D)","LACS","Masculin","Pourcentage","2019","60.3"
"Taux de réussite au BAC_II selon le sexe et la région (série D)","LACS","Fémin","Pourcentage","2014","30.1"
"Taux de réussite au BAC_II selon le sexe et la région (série D)","LACS","Fémin","Pourcentage","2015","30.3"
"Taux de réussite au BAC_II selon le sexe et la région (série D)","LACS","Fémin","Pourcentage","2016","30.2"
"Taux de réussite au BAC_II selon le sexe et la région (série D)","LACS","Fémin","Pourcentage","2017","31.6"
"Taux de réussite au BAC_II selon le sexe et la région (série D)","LACS","Fémin","Pourcentage","2018","58.6"
"Taux de réussite au BAC_II selon le sexe et la région (série D)","LACS","Fémin","Pourcentage","2019","59.7"
"Taux de réussite au BAC_II selon le sexe et la région (série D)","VO","Total","Pourcentage","2014","33.9"
"Taux de réussite au BAC_II selon le sexe et la région (série D)","VO","Total","Pourcentage","2015","25.8"
"Taux de réussite au BAC_II selon le sexe et la région (série D)","VO","Total","Pourcentage","2016","34.3"
"Taux de réussite au BAC_II selon le sexe et la région (série D)","VO","Total","Pourcentage","2017","34.7"
"Taux de réussite au BAC_II selon le sexe et la région (série D)","VO","Total","Pourcentage","2018","51.5"
"Taux de réussite au BAC_II selon le sexe et la région (série D)","VO","Total","Pourcentage","2019","52.7"
"Taux de réussite au BAC_II selon le sexe et la région (série D)","VO","Masculin","Pourcentage","2014","35"
"Taux de réussite au BAC_II selon le sexe et la région (série D)","VO","Masculin","Pourcentage","2015","27.6"
"Taux de réussite au BAC_II selon le sexe et la région (série D)","VO","Masculin","Pourcentage","2016","35.7"
"Taux de réussite au BAC_II selon le sexe et la région (série D)","VO","Masculin","Pourcentage","2017","35.9"
"Taux de réussite au BAC_II selon le sexe et la région (série D)","VO","Masculin","Pourcentage","2018","51.2"
"Taux de réussite au BAC_II selon le sexe et la région (série D)","VO","Masculin","Pourcentage","2019","49.7"
"Taux de réussite au BAC_II selon le sexe et la région (série D)","VO","Fémin","Pourcentage","2014","29.3"
"Taux de réussite au BAC_II selon le sexe et la région (série D)","VO","Fémin","Pourcentage","2015","19.8"
"Taux de réussite au BAC_II selon le sexe et la région (série D)","VO","Fémin","Pourcentage","2016","28.1"
"Taux de réussite au BAC_II selon le sexe et la région (série D)","VO","Fémin","Pourcentage","2017","30.2"
"Taux de réussite au BAC_II selon le sexe et la région (série D)","VO","Fémin","Pourcentage","2018","52.6"
"Taux de réussite au BAC_II selon le sexe et la région (série D)","VO","Fémin","Pourcentage","2019","64"
"Taux de réussite au BAC_II selon le sexe et la région (série D)","YOTO","Total","Pourcentage","2014","31.3"
"Taux de réussite au BAC_II selon le sexe et la région (série D)","YOTO","Total","Pourcentage","2015","14.9"
"Taux de réussite au BAC_II selon le sexe et la région (série D)","YOTO","Total","Pourcentage","2016","28.5"
"Taux de réussite au BAC_II selon le sexe et la région (série D)","YOTO","Total","Pourcentage","2017","35"
"Taux de réussite au BAC_II selon le sexe et la région (série D)","YOTO","Total","Pourcentage","2018","48.5"
"Taux de réussite au BAC_II selon le sexe et la région (série D)","YOTO","Total","Pourcentage","2019","45.5"
"Taux de réussite au BAC_II selon le sexe et la région (série D)","YOTO","Masculin","Pourcentage","2014","32.5"
"Taux de réussite au BAC_II selon le sexe et la région (série D)","YOTO","Masculin","Pourcentage","2015","14.8"
"Taux de réussite au BAC_II selon le sexe et la région (série D)","YOTO","Masculin","Pourcentage","2016","29.7"
"Taux de réussite au BAC_II selon le sexe et la région (série D)","YOTO","Masculin","Pourcentage","2017","37"
"Taux de réussite au BAC_II selon le sexe et la région (série D)","YOTO","Masculin","Pourcentage","2018","49.7"
"Taux de réussite au BAC_II selon le sexe et la région (série D)","YOTO","Masculin","Pourcentage","2019","46.6"
"Taux de réussite au BAC_II selon le sexe et la région (série D)","YOTO","Fémin","Pourcentage","2014","23.5"
"Taux de réussite au BAC_II selon le sexe et la région (série D)","YOTO","Fémin","Pourcentage","2015","16.7"
"Taux de réussite au BAC_II selon le sexe et la région (série D)","YOTO","Fémin","Pourcentage","2016","21.9"
"Taux de réussite au BAC_II selon le sexe et la région (série D)","YOTO","Fémin","Pourcentage","2017","25.6"
"Taux de réussite au BAC_II selon le sexe et la région (série D)","YOTO","Fémin","Pourcentage","2018","43.6"
"Taux de réussite au BAC_II selon le sexe et la région (série D)","YOTO","Fémin","Pourcentage","2019","40"
"Taux de réussite au BAC_II selon le sexe et la région (série D)","ZIO","Total","Pourcentage","2014","42.1"
"Taux de réussite au BAC_II selon le sexe et la région (série D)","ZIO","Total","Pourcentage","2015","33.8"
"Taux de réussite au BAC_II selon le sexe et la région (série D)","ZIO","Total","Pourcentage","2016","43.2"
"Taux de réussite au BAC_II selon le sexe et la région (série D)","ZIO","Total","Pourcentage","2017","43"
"Taux de réussite au BAC_II selon le sexe et la région (série D)","ZIO","Total","Pourcentage","2018","60.6"
"Taux de réussite au BAC_II selon le sexe et la région (série D)","ZIO","Total","Pourcentage","2019","56.2"
"Taux de réussite au BAC_II selon le sexe et la région (série D)","ZIO","Masculin","Pourcentage","2014","43.5"
"Taux de réussite au BAC_II selon le sexe et la région (série D)","ZIO","Masculin","Pourcentage","2015","34.6"
"Taux de réussite au BAC_II selon le sexe et la région (série D)","ZIO","Masculin","Pourcentage","2016","42.5"
"Taux de réussite au BAC_II selon le sexe et la région (série D)","ZIO","Masculin","Pourcentage","2017","45.2"
"Taux de réussite au BAC_II selon le sexe et la région (série D)","ZIO","Masculin","Pourcentage","2018","60.3"
"Taux de réussite au BAC_II selon le sexe et la région (série D)","ZIO","Masculin","Pourcentage","2019","55.5"
"Taux de réussite au BAC_II selon le sexe et la région (série D)","ZIO","Fémin","Pourcentage","2014","36.4"
"Taux de réussite au BAC_II selon le sexe et la région (série D)","ZIO","Fémin","Pourcentage","2015","30.7"
"Taux de réussite au BAC_II selon le sexe et la région (série D)","ZIO","Fémin","Pourcentage","2016","45"
"Taux de réussite au BAC_II selon le sexe et la région (série D)","ZIO","Fémin","Pourcentage","2017","37.3"
"Taux de réussite au BAC_II selon le sexe et la région (série D)","ZIO","Fémin","Pourcentage","2018","61.4"
"Taux de réussite au BAC_II selon le sexe et la région (série D)","ZIO","Fémin","Pourcentage","2019","58.6"
"Taux de réussite au BAC_II selon le sexe et la région (série D)","T.R.Plateaux","Total","Pourcentage","2014","30.9"
"Taux de réussite au BAC_II selon le sexe et la région (série D)","T.R.Plateaux","Total","Pourcentage","2015","30.1"
"Taux de réussite au BAC_II selon le sexe et la région (série D)","T.R.Plateaux","Total","Pourcentage","2016","35"
"Taux de réussite au BAC_II selon le sexe et la région (série D)","T.R.Plateaux","Total","Pourcentage","2017","34"
"Taux de réussite au BAC_II selon le sexe et la région (série D)","T.R.Plateaux","Total","Pourcentage","2018","45.4"
"Taux de réussite au BAC_II selon le sexe et la région (série D)","T.R.Plateaux","Total","Pourcentage","2019","41.8"
"Taux de réussite au BAC_II selon le sexe et la région (série D)","T.R.Plateaux","Masculin","Pourcentage","2014","31.5"
"Taux de réussite au BAC_II selon le sexe et la région (série D)","T.R.Plateaux","Masculin","Pourcentage","2015","30.6"
"Taux de réussite au BAC_II selon le sexe et la région (série D)","T.R.Plateaux","Masculin","Pourcentage","2016","35.6"
"Taux de réussite au BAC_II selon le sexe et la région (série D)","T.R.Plateaux","Masculin","Pourcentage","2017","34.6"
"Taux de réussite au BAC_II selon le sexe et la région (série D)","T.R.Plateaux","Masculin","Pourcentage","2018","46.3"
"Taux de réussite au BAC_II selon le sexe et la région (série D)","T.R.Plateaux","Masculin","Pourcentage","2019","42.2"
"Taux de réussite au BAC_II selon le sexe et la région (série D)","T.R.Plateaux","Fémin","Pourcentage","2014","28.3"
"Taux de réussite au BAC_II selon le sexe et la région (série D)","T.R.Plateaux","Fémin","Pourcentage","2015","27.9"
"Taux de réussite au BAC_II selon le sexe et la région (série D)","T.R.Plateaux","Fémin","Pourcentage","2016","32.5"
"Taux de réussite au BAC_II selon le sexe et la région (série D)","T.R.Plateaux","Fémin","Pourcentage","2017","31.7"
"Taux de réussite au BAC_II selon le sexe et la région (série D)","T.R.Plateaux","Fémin","Pourcentage","2018","41.8"
"Taux de réussite au BAC_II selon le sexe et la région (série D)","T.R.Plateaux","Fémin","Pourcentage","2019","40.3"
"Taux de réussite au BAC_II selon le sexe et la région (série D)","AGOU","Total","Pourcentage","2014","39.5"
"Taux de réussite au BAC_II selon le sexe et la région (série D)","AGOU","Total","Pourcentage","2015","23.6"
"Taux de réussite au BAC_II selon le sexe et la région (série D)","AGOU","Total","Pourcentage","2016","28.4"
"Taux de réussite au BAC_II selon le sexe et la région (série D)","AGOU","Total","Pourcentage","2017","32.1"
"Taux de réussite au BAC_II selon le sexe et la région (série D)","AGOU","Total","Pourcentage","2018","39.1"
"Taux de réussite au BAC_II selon le sexe et la région (série D)","AGOU","Total","Pourcentage","2019","48.3"
"Taux de réussite au BAC_II selon le sexe et la région (série D)","AGOU","Masculin","Pourcentage","2014","39.8"
"Taux de réussite au BAC_II selon le sexe et la région (série D)","AGOU","Masculin","Pourcentage","2015","23.3"
"Taux de réussite au BAC_II selon le sexe et la région (série D)","AGOU","Masculin","Pourcentage","2016","28.3"
"Taux de réussite au BAC_II selon le sexe et la région (série D)","AGOU","Masculin","Pourcentage","2017","31.8"
"Taux de réussite au BAC_II selon le sexe et la région (série D)","AGOU","Masculin","Pourcentage","2018","39.1"
"Taux de réussite au BAC_II selon le sexe et la région (série D)","AGOU","Masculin","Pourcentage","2019","54.3"
"Taux de réussite au BAC_II selon le sexe et la région (série D)","AGOU","Fémin","Pourcentage","2014","38.6"
"Taux de réussite au BAC_II selon le sexe et la région (série D)","AGOU","Fémin","Pourcentage","2015","25"
"Taux de réussite au BAC_II selon le sexe et la région (série D)","AGOU","Fémin","Pourcentage","2016","28.6"
"Taux de réussite au BAC_II selon le sexe et la région (série D)","AGOU","Fémin","Pourcentage","2017","33.3"
"Taux de réussite au BAC_II selon le sexe et la région (série D)","AGOU","Fémin","Pourcentage","2018","39.5"
"Taux de réussite au BAC_II selon le sexe et la région (série D)","AGOU","Fémin","Pourcentage","2019","27.3"
"Taux de réussite au BAC_II selon le sexe et la région (série D)","AKEBOU","Total","Pourcentage","2014","18.8"
"Taux de réussite au BAC_II selon le sexe et la région (série D)","AKEBOU","Total","Pourcentage","2015","23.7"
"Taux de réussite au BAC_II selon le sexe et la région (série D)","AKEBOU","Total","Pourcentage","2016","25"
"Taux de réussite au BAC_II selon le sexe et la région (série D)","AKEBOU","Total","Pourcentage","2017","21.4"
"Taux de réussite au BAC_II selon le sexe et la région (série D)","AKEBOU","Total","Pourcentage","2018","23.1"
"Taux de réussite au BAC_II selon le sexe et la région (série D)","AKEBOU","Total","Pourcentage","2019","57.1"
"Taux de réussite au BAC_II selon le sexe et la région (série D)","AKEBOU","Masculin","Pourcentage","2014","19.6"
"Taux de réussite au BAC_II selon le sexe et la région (série D)","AKEBOU","Masculin","Pourcentage","2015","22.9"
"Taux de réussite au BAC_II selon le sexe et la région (série D)","AKEBOU","Masculin","Pourcentage","2016","31.3"
"Taux de réussite au BAC_II selon le sexe et la région (série D)","AKEBOU","Masculin","Pourcentage","2017","24.2"
"Taux de réussite au BAC_II selon le sexe et la région (série D)","AKEBOU","Masculin","Pourcentage","2018","21.1"
"Taux de réussite au BAC_II selon le sexe et la région (série D)","AKEBOU","Masculin","Pourcentage","2019","66.7"
"Taux de réussite au BAC_II selon le sexe et la région (série D)","AKEBOU","Fémin","Pourcentage","2014","0"
"Taux de réussite au BAC_II selon le sexe et la région (série D)","AKEBOU","Fémin","Pourcentage","2015","33.3"
"Taux de réussite au BAC_II selon le sexe et la région (série D)","AKEBOU","Fémin","Pourcentage","2016","0"
"Taux de réussite au BAC_II selon le sexe et la région (série D)","AKEBOU","Fémin","Pourcentage","2017","11.1"
"Taux de réussite au BAC_II selon le sexe et la région (série D)","AKEBOU","Fémin","Pourcentage","2018","28.6"
"Taux de réussite au BAC_II selon le sexe et la région (série D)","AKEBOU","Fémin","Pourcentage","2019","0"
"Taux de réussite au BAC_II selon le sexe et la région (série D)","AMOU","Total","Pourcentage","2014","27.9"
"Taux de réussite au BAC_II selon le sexe et la région (série D)","AMOU","Total","Pourcentage","2015","35.6"
"Taux de réussite au BAC_II selon le sexe et la région (série D)","AMOU","Total","Pourcentage","2016","35.1"
"Taux de réussite au BAC_II selon le sexe et la région (série D)","AMOU","Total","Pourcentage","2017","39.2"
"Taux de réussite au BAC_II selon le sexe et la région (série D)","AMOU","Total","Pourcentage","2018","45.2"
"Taux de réussite au BAC_II selon le sexe et la région (série D)","AMOU","Total","Pourcentage","2019","43"
"Taux de réussite au BAC_II selon le sexe et la région (série D)","AMOU","Masculin","Pourcentage","2014","26.9"
"Taux de réussite au BAC_II selon le sexe et la région (série D)","AMOU","Masculin","Pourcentage","2015","36.4"
"Taux de réussite au BAC_II selon le sexe et la région (série D)","AMOU","Masculin","Pourcentage","2016","35.8"
"Taux de réussite au BAC_II selon le sexe et la région (série D)","AMOU","Masculin","Pourcentage","2017","40.9"
"Taux de réussite au BAC_II selon le sexe et la région (série D)","AMOU","Masculin","Pourcentage","2018","47"
"Taux de réussite au BAC_II selon le sexe et la région (série D)","AMOU","Masculin","Pourcentage","2019","46.2"
"Taux de réussite au BAC_II selon le sexe et la région (série D)","AMOU","Fémin","Pourcentage","2014","33.3"
"Taux de réussite au BAC_II selon le sexe et la région (série D)","AMOU","Fémin","Pourcentage","2015","32.4"
"Taux de réussite au BAC_II selon le sexe et la région (série D)","AMOU","Fémin","Pourcentage","2016","30.4"
"Taux de réussite au BAC_II selon le sexe et la région (série D)","AMOU","Fémin","Pourcentage","2017","32.1"
"Taux de réussite au BAC_II selon le sexe et la région (série D)","AMOU","Fémin","Pourcentage","2018","36.4"
"Taux de réussite au BAC_II selon le sexe et la région (série D)","AMOU","Fémin","Pourcentage","2019","30.9"
"Taux de réussite au BAC_II selon le sexe et la région (série D)","ANIE","Total","Pourcentage","2014","30.1"
"Taux de réussite au BAC_II selon le sexe et la région (série D)","ANIE","Total","Pourcentage","2015","25"
"Taux de réussite au BAC_II selon le sexe et la région (série D)","ANIE","Total","Pourcentage","2016","34.4"
"Taux de réussite au BAC_II selon le sexe et la région (série D)","ANIE","Total","Pourcentage","2017","36"
"Taux de réussite au BAC_II selon le sexe et la région (série D)","ANIE","Total","Pourcentage","2018","27.1"
"Taux de réussite au BAC_II selon le sexe et la région (série D)","ANIE","Total","Pourcentage","2019","37.7"
"Taux de réussite au BAC_II selon le sexe et la région (série D)","ANIE","Masculin","Pourcentage","2014","30.4"
"Taux de réussite au BAC_II selon le sexe et la région (série D)","ANIE","Masculin","Pourcentage","2015","26.7"
"Taux de réussite au BAC_II selon le sexe et la région (série D)","ANIE","Masculin","Pourcentage","2016","35.3"
"Taux de réussite au BAC_II selon le sexe et la région (série D)","ANIE","Masculin","Pourcentage","2017","38"
"Taux de réussite au BAC_II selon le sexe et la région (série D)","ANIE","Masculin","Pourcentage","2018","28.4"
"Taux de réussite au BAC_II selon le sexe et la région (série D)","ANIE","Masculin","Pourcentage","2019","39.5"
"Taux de réussite au BAC_II selon le sexe et la région (série D)","ANIE","Fémin","Pourcentage","2014","27.8"
"Taux de réussite au BAC_II selon le sexe et la région (série D)","ANIE","Fémin","Pourcentage","2015","14.3"
"Taux de réussite au BAC_II selon le sexe et la région (série D)","ANIE","Fémin","Pourcentage","2016","29.6"
"Taux de réussite au BAC_II selon le sexe et la région (série D)","ANIE","Fémin","Pourcentage","2017","27.9"
"Taux de réussite au BAC_II selon le sexe et la région (série D)","ANIE","Fémin","Pourcentage","2018","23.1"
"Taux de réussite au BAC_II selon le sexe et la région (série D)","ANIE","Fémin","Pourcentage","2019","30.4"
"Taux de réussite au BAC_II selon le sexe et la région (série D)","DAYES","Total","Pourcentage","2014","12.5"
"Taux de réussite au BAC_II selon le sexe et la région (série D)","DAYES","Total","Pourcentage","2015","17.5"
"Taux de réussite au BAC_II selon le sexe et la région (série D)","DAYES","Total","Pourcentage","2016","18"
"Taux de réussite au BAC_II selon le sexe et la région (série D)","DAYES","Total","Pourcentage","2017","29.9"
"Taux de réussite au BAC_II selon le sexe et la région (série D)","DAYES","Total","Pourcentage","2018","40.2"
"Taux de réussite au BAC_II selon le sexe et la région (série D)","DAYES","Total","Pourcentage","2019","36.1"
"Taux de réussite au BAC_II selon le sexe et la région (série D)","DAYES","Masculin","Pourcentage","2014","14.3"
"Taux de réussite au BAC_II selon le sexe et la région (série D)","DAYES","Masculin","Pourcentage","2015","19.6"
"Taux de réussite au BAC_II selon le sexe et la région (série D)","DAYES","Masculin","Pourcentage","2016","17.3"
"Taux de réussite au BAC_II selon le sexe et la région (série D)","DAYES","Masculin","Pourcentage","2017","30.5"
"Taux de réussite au BAC_II selon le sexe et la région (série D)","DAYES","Masculin","Pourcentage","2018","39.8"
"Taux de réussite au BAC_II selon le sexe et la région (série D)","DAYES","Masculin","Pourcentage","2019","44.6"
"Taux de réussite au BAC_II selon le sexe et la région (série D)","DAYES","Fémin","Pourcentage","2014","0"
"Taux de réussite au BAC_II selon le sexe et la région (série D)","DAYES","Fémin","Pourcentage","2015","8.3"
"Taux de réussite au BAC_II selon le sexe et la région (série D)","DAYES","Fémin","Pourcentage","2016","21.1"
"Taux de réussite au BAC_II selon le sexe et la région (série D)","DAYES","Fémin","Pourcentage","2017","27.3"
"Taux de réussite au BAC_II selon le sexe et la région (série D)","DAYES","Fémin","Pourcentage","2018","42.9"
"Taux de réussite au BAC_II selon le sexe et la région (série D)","DAYES","Fémin","Pourcentage","2019","6.3"
"Taux de réussite au BAC_II selon le sexe et la région (série D)","EST-MONO","Total","Pourcentage","2014","32.1"
"Taux de réussite au BAC_II selon le sexe et la région (série D)","EST-MONO","Total","Pourcentage","2015","20.5"
"Taux de réussite au BAC_II selon le sexe et la région (série D)","EST-MONO","Total","Pourcentage","2016","30.8"
"Taux de réussite au BAC_II selon le sexe et la région (série D)","EST-MONO","Total","Pourcentage","2017","35.8"
"Taux de réussite au BAC_II selon le sexe et la région (série D)","EST-MONO","Total","Pourcentage","2018","50"
"Taux de réussite au BAC_II selon le sexe et la région (série D)","EST-MONO","Total","Pourcentage","2019","34.1"
"Taux de réussite au BAC_II selon le sexe et la région (série D)","EST-MONO","Masculin","Pourcentage","2014","33.8"
"Taux de réussite au BAC_II selon le sexe et la région (série D)","EST-MONO","Masculin","Pourcentage","2015","21.6"
"Taux de réussite au BAC_II selon le sexe et la région (série D)","EST-MONO","Masculin","Pourcentage","2016","30.8"
"Taux de réussite au BAC_II selon le sexe et la région (série D)","EST-MONO","Masculin","Pourcentage","2017","36.9"
"Taux de réussite au BAC_II selon le sexe et la région (série D)","EST-MONO","Masculin","Pourcentage","2018","51.5"
"Taux de réussite au BAC_II selon le sexe et la région (série D)","EST-MONO","Masculin","Pourcentage","2019","31.3"
"Taux de réussite au BAC_II selon le sexe et la région (série D)","EST-MONO","Fémin","Pourcentage","2014","20"
"Taux de réussite au BAC_II selon le sexe et la région (série D)","EST-MONO","Fémin","Pourcentage","2015","14.3"
"Taux de réussite au BAC_II selon le sexe et la région (série D)","EST-MONO","Fémin","Pourcentage","2016","31.3"
"Taux de réussite au BAC_II selon le sexe et la région (série D)","EST-MONO","Fémin","Pourcentage","2017","28"
"Taux de réussite au BAC_II selon le sexe et la région (série D)","EST-MONO","Fémin","Pourcentage","2018","36.8"
"Taux de réussite au BAC_II selon le sexe et la région (série D)","EST-MONO","Fémin","Pourcentage","2019","50"
"Taux de réussite au BAC_II selon le sexe et la région (série D)","HAHO","Total","Pourcentage","2014","20.7"
"Taux de réussite au BAC_II selon le sexe et la région (série D)","HAHO","Total","Pourcentage","2015","24.4"
"Taux de réussite au BAC_II selon le sexe et la région (série D)","HAHO","Total","Pourcentage","2016","34.8"
"Taux de réussite au BAC_II selon le sexe et la région (série D)","HAHO","Total","Pourcentage","2017","28.6"
"Taux de réussite au BAC_II selon le sexe et la région (série D)","HAHO","Total","Pourcentage","2018","42.2"
"Taux de réussite au BAC_II selon le sexe et la région (série D)","HAHO","Total","Pourcentage","2019","32.7"
"Taux de réussite au BAC_II selon le sexe et la région (série D)","HAHO","Masculin","Pourcentage","2014","21.4"
"Taux de réussite au BAC_II selon le sexe et la région (série D)","HAHO","Masculin","Pourcentage","2015","25.2"
"Taux de réussite au BAC_II selon le sexe et la région (série D)","HAHO","Masculin","Pourcentage","2016","36.5"
"Taux de réussite au BAC_II selon le sexe et la région (série D)","HAHO","Masculin","Pourcentage","2017","30.6"
"Taux de réussite au BAC_II selon le sexe et la région (série D)","HAHO","Masculin","Pourcentage","2018","42.1"
"Taux de réussite au BAC_II selon le sexe et la région (série D)","HAHO","Masculin","Pourcentage","2019","32.5"
"Taux de réussite au BAC_II selon le sexe et la région (série D)","HAHO","Fémin","Pourcentage","2014","18.5"
"Taux de réussite au BAC_II selon le sexe et la région (série D)","HAHO","Fémin","Pourcentage","2015","20.8"
"Taux de réussite au BAC_II selon le sexe et la région (série D)","HAHO","Fémin","Pourcentage","2016","28.6"
"Taux de réussite au BAC_II selon le sexe et la région (série D)","HAHO","Fémin","Pourcentage","2017","20.4"
"Taux de réussite au BAC_II selon le sexe et la région (série D)","HAHO","Fémin","Pourcentage","2018","42.5"
"Taux de réussite au BAC_II selon le sexe et la région (série D)","HAHO","Fémin","Pourcentage","2019","33.8"
"Taux de réussite au BAC_II selon le sexe et la région (série D)","KLOTO","Total","Pourcentage","2014","33.7"
"Taux de réussite au BAC_II selon le sexe et la région (série D)","KLOTO","Total","Pourcentage","2015","33.7"
"Taux de réussite au BAC_II selon le sexe et la région (série D)","KLOTO","Total","Pourcentage","2016","36.6"
"Taux de réussite au BAC_II selon le sexe et la région (série D)","KLOTO","Total","Pourcentage","2017","34.5"
"Taux de réussite au BAC_II selon le sexe et la région (série D)","KLOTO","Total","Pourcentage","2018","58.6"
"Taux de réussite au BAC_II selon le sexe et la région (série D)","KLOTO","Total","Pourcentage","2019","50"
"Taux de réussite au BAC_II selon le sexe et la région (série D)","KLOTO","Masculin","Pourcentage","2014","34.8"
"Taux de réussite au BAC_II selon le sexe et la région (série D)","KLOTO","Masculin","Pourcentage","2015","34.9"
"Taux de réussite au BAC_II selon le sexe et la région (série D)","KLOTO","Masculin","Pourcentage","2016","35.8"
"Taux de réussite au BAC_II selon le sexe et la région (série D)","KLOTO","Masculin","Pourcentage","2017","34.3"
"Taux de réussite au BAC_II selon le sexe et la région (série D)","KLOTO","Masculin","Pourcentage","2018","58.9"
"Taux de réussite au BAC_II selon le sexe et la région (série D)","KLOTO","Masculin","Pourcentage","2019","49.9"
"Taux de réussite au BAC_II selon le sexe et la région (série D)","KLOTO","Fémin","Pourcentage","2014","30.2"
"Taux de réussite au BAC_II selon le sexe et la région (série D)","KLOTO","Fémin","Pourcentage","2015","29.8"
"Taux de réussite au BAC_II selon le sexe et la région (série D)","KLOTO","Fémin","Pourcentage","2016","39.2"
"Taux de réussite au BAC_II selon le sexe et la région (série D)","KLOTO","Fémin","Pourcentage","2017","35.1"
"Taux de réussite au BAC_II selon le sexe et la région (série D)","KLOTO","Fémin","Pourcentage","2018","57.6"
"Taux de réussite au BAC_II selon le sexe et la région (série D)","KLOTO","Fémin","Pourcentage","2019","50.4"
"Taux de réussite au BAC_II selon le sexe et la région (série D)","KPELE-AKATA","Total","Pourcentage","2014","28.2"
"Taux de réussite au BAC_II selon le sexe et la région (série D)","KPELE-AKATA","Total","Pourcentage","2015","26.1"
"Taux de réussite au BAC_II selon le sexe et la région (série D)","KPELE-AKATA","Total","Pourcentage","2016","21.2"
"Taux de réussite au BAC_II selon le sexe et la région (série D)","KPELE-AKATA","Total","Pourcentage","2017","48.2"
"Taux de réussite au BAC_II selon le sexe et la région (série D)","KPELE-AKATA","Total","Pourcentage","2018","32.2"
"Taux de réussite au BAC_II selon le sexe et la région (série D)","KPELE-AKATA","Total","Pourcentage","2019","34.5"
"Taux de réussite au BAC_II selon le sexe et la région (série D)","KPELE-AKATA","Masculin","Pourcentage","2014","29.7"
"Taux de réussite au BAC_II selon le sexe et la région (série D)","KPELE-AKATA","Masculin","Pourcentage","2015","27.7"
"Taux de réussite au BAC_II selon le sexe et la région (série D)","KPELE-AKATA","Masculin","Pourcentage","2016","22.7"
"Taux de réussite au BAC_II selon le sexe et la région (série D)","KPELE-AKATA","Masculin","Pourcentage","2017","46.6"
"Taux de réussite au BAC_II selon le sexe et la région (série D)","KPELE-AKATA","Masculin","Pourcentage","2018","34"
"Taux de réussite au BAC_II selon le sexe et la région (série D)","KPELE-AKATA","Masculin","Pourcentage","2019","35.1"
"Taux de réussite au BAC_II selon le sexe et la région (série D)","KPELE-AKATA","Fémin","Pourcentage","2014","21.2"
"Taux de réussite au BAC_II selon le sexe et la région (série D)","KPELE-AKATA","Fémin","Pourcentage","2015","17.6"
"Taux de réussite au BAC_II selon le sexe et la région (série D)","KPELE-AKATA","Fémin","Pourcentage","2016","12.9"
"Taux de réussite au BAC_II selon le sexe et la région (série D)","KPELE-AKATA","Fémin","Pourcentage","2017","54.8"
"Taux de réussite au BAC_II selon le sexe et la région (série D)","KPELE-AKATA","Fémin","Pourcentage","2018","25.6"
"Taux de réussite au BAC_II selon le sexe et la région (série D)","KPELE-AKATA","Fémin","Pourcentage","2019","32.1"
"Taux de réussite au BAC_II selon le sexe et la région (série D)","MOYEN-MONO","Total","Pourcentage","2014","17.5"
"Taux de réussite au BAC_II selon le sexe et la région (série D)","MOYEN-MONO","Total","Pourcentage","2015","31.7"
"Taux de réussite au BAC_II selon le sexe et la région (série D)","MOYEN-MONO","Total","Pourcentage","2016","23.9"
"Taux de réussite au BAC_II selon le sexe et la région (série D)","MOYEN-MONO","Total","Pourcentage","2017","33"
"Taux de réussite au BAC_II selon le sexe et la région (série D)","MOYEN-MONO","Total","Pourcentage","2018","44"
"Taux de réussite au BAC_II selon le sexe et la région (série D)","MOYEN-MONO","Total","Pourcentage","2019","30.6"
"Taux de réussite au BAC_II selon le sexe et la région (série D)","MOYEN-MONO","Masculin","Pourcentage","2014","11.8"
"Taux de réussite au BAC_II selon le sexe et la région (série D)","MOYEN-MONO","Masculin","Pourcentage","2015","32.7"
"Taux de réussite au BAC_II selon le sexe et la région (série D)","MOYEN-MONO","Masculin","Pourcentage","2016","25.8"
"Taux de réussite au BAC_II selon le sexe et la région (série D)","MOYEN-MONO","Masculin","Pourcentage","2017","34.1"
"Taux de réussite au BAC_II selon le sexe et la région (série D)","MOYEN-MONO","Masculin","Pourcentage","2018","42.2"
"Taux de réussite au BAC_II selon le sexe et la région (série D)","MOYEN-MONO","Masculin","Pourcentage","2019","27.8"
"Taux de réussite au BAC_II selon le sexe et la région (série D)","MOYEN-MONO","Fémin","Pourcentage","2014","50"
"Taux de réussite au BAC_II selon le sexe et la région (série D)","MOYEN-MONO","Fémin","Pourcentage","2015","27.3"
"Taux de réussite au BAC_II selon le sexe et la région (série D)","MOYEN-MONO","Fémin","Pourcentage","2016","11.1"
"Taux de réussite au BAC_II selon le sexe et la région (série D)","MOYEN-MONO","Fémin","Pourcentage","2017","16.7"
"Taux de réussite au BAC_II selon le sexe et la région (série D)","MOYEN-MONO","Fémin","Pourcentage","2018","62.5"
"Taux de réussite au BAC_II selon le sexe et la région (série D)","MOYEN-MONO","Fémin","Pourcentage","2019","50"
"Taux de réussite au BAC_II selon le sexe et la région (série D)","OGOU","Total","Pourcentage","2014","39.6"
"Taux de réussite au BAC_II selon le sexe et la région (série D)","OGOU","Total","Pourcentage","2015","35.4"
"Taux de réussite au BAC_II selon le sexe et la région (série D)","OGOU","Total","Pourcentage","2016","43.2"
"Taux de réussite au BAC_II selon le sexe et la région (série D)","OGOU","Total","Pourcentage","2017","35.5"
"Taux de réussite au BAC_II selon le sexe et la région (série D)","OGOU","Total","Pourcentage","2018","49.7"
"Taux de réussite au BAC_II selon le sexe et la région (série D)","OGOU","Total","Pourcentage","2019","48.5"
"Taux de réussite au BAC_II selon le sexe et la région (série D)","OGOU","Masculin","Pourcentage","2014","40.2"
"Taux de réussite au BAC_II selon le sexe et la région (série D)","OGOU","Masculin","Pourcentage","2015","35"
"Taux de réussite au BAC_II selon le sexe et la région (série D)","OGOU","Masculin","Pourcentage","2016","43.6"
"Taux de réussite au BAC_II selon le sexe et la région (série D)","OGOU","Masculin","Pourcentage","2017","34.9"
"Taux de réussite au BAC_II selon le sexe et la région (série D)","OGOU","Masculin","Pourcentage","2018","51.7"
"Taux de réussite au BAC_II selon le sexe et la région (série D)","OGOU","Masculin","Pourcentage","2019","48"
"Taux de réussite au BAC_II selon le sexe et la région (série D)","OGOU","Fémin","Pourcentage","2014","36.7"
"Taux de réussite au BAC_II selon le sexe et la région (série D)","OGOU","Fémin","Pourcentage","2015","36.7"
"Taux de réussite au BAC_II selon le sexe et la région (série D)","OGOU","Fémin","Pourcentage","2016","41.7"
"Taux de réussite au BAC_II selon le sexe et la région (série D)","OGOU","Fémin","Pourcentage","2017","37.7"
"Taux de réussite au BAC_II selon le sexe et la région (série D)","OGOU","Fémin","Pourcentage","2018","42.9"
"Taux de réussite au BAC_II selon le sexe et la région (série D)","OGOU","Fémin","Pourcentage","2019","50.5"
"Taux de réussite au BAC_II selon le sexe et la région (série D)","WAWA","Total","Pourcentage","2014","23.7"
"Taux de réussite au BAC_II selon le sexe et la région (série D)","WAWA","Total","Pourcentage","2015","27.7"
"Taux de réussite au BAC_II selon le sexe et la région (série D)","WAWA","Total","Pourcentage","2016","29.9"
"Taux de réussite au BAC_II selon le sexe et la région (série D)","WAWA","Total","Pourcentage","2017","27.1"
"Taux de réussite au BAC_II selon le sexe et la région (série D)","WAWA","Total","Pourcentage","2018","42"
"Taux de réussite au BAC_II selon le sexe et la région (série D)","WAWA","Total","Pourcentage","2019","47.4"
"Taux de réussite au BAC_II selon le sexe et la région (série D)","WAWA","Masculin","Pourcentage","2014","24.7"
"Taux de réussite au BAC_II selon le sexe et la région (série D)","WAWA","Masculin","Pourcentage","2015","27.1"
"Taux de réussite au BAC_II selon le sexe et la région (série D)","WAWA","Masculin","Pourcentage","2016","31.8"
"Taux de réussite au BAC_II selon le sexe et la région (série D)","WAWA","Masculin","Pourcentage","2017","28.5"
"Taux de réussite au BAC_II selon le sexe et la région (série D)","WAWA","Masculin","Pourcentage","2018","45.5"
"Taux de réussite au BAC_II selon le sexe et la région (série D)","WAWA","Masculin","Pourcentage","2019","49"
"Taux de réussite au BAC_II selon le sexe et la région (série D)","WAWA","Fémin","Pourcentage","2014","12.5"
"Taux de réussite au BAC_II selon le sexe et la région (série D)","WAWA","Fémin","Pourcentage","2015","33.3"
"Taux de réussite au BAC_II selon le sexe et la région (série D)","WAWA","Fémin","Pourcentage","2016","8.3"
"Taux de réussite au BAC_II selon le sexe et la région (série D)","WAWA","Fémin","Pourcentage","2017","20.6"
"Taux de réussite au BAC_II selon le sexe et la région (série D)","WAWA","Fémin","Pourcentage","2018","24.1"
"Taux de réussite au BAC_II selon le sexe et la région (série D)","WAWA","Fémin","Pourcentage","2019","40"
"Taux de réussite au BAC_II selon le sexe et la région (série D)","T.R.Centrale","Total","Pourcentage","2014","26.5"
"Taux de réussite au BAC_II selon le sexe et la région (série D)","T.R.Centrale","Total","Pourcentage","2015","25.1"
"Taux de réussite au BAC_II selon le sexe et la région (série D)","T.R.Centrale","Total","Pourcentage","2016","31.5"
"Taux de réussite au BAC_II selon le sexe et la région (série D)","T.R.Centrale","Total","Pourcentage","2017","35.9"
"Taux de réussite au BAC_II selon le sexe et la région (série D)","T.R.Centrale","Total","Pourcentage","2018","51.9"
"Taux de réussite au BAC_II selon le sexe et la région (série D)","T.R.Centrale","Total","Pourcentage","2019","45.6"
"Taux de réussite au BAC_II selon le sexe et la région (série D)","T.R.Centrale","Masculin","Pourcentage","2014","25.4"
"Taux de réussite au BAC_II selon le sexe et la région (série D)","T.R.Centrale","Masculin","Pourcentage","2015","25.4"
"Taux de réussite au BAC_II selon le sexe et la région (série D)","T.R.Centrale","Masculin","Pourcentage","2016","31.6"
"Taux de réussite au BAC_II selon le sexe et la région (série D)","T.R.Centrale","Masculin","Pourcentage","2017","36.9"
"Taux de réussite au BAC_II selon le sexe et la région (série D)","T.R.Centrale","Masculin","Pourcentage","2018","52.3"
"Taux de réussite au BAC_II selon le sexe et la région (série D)","T.R.Centrale","Masculin","Pourcentage","2019","45.4"
"Taux de réussite au BAC_II selon le sexe et la région (série D)","T.R.Centrale","Fémin","Pourcentage","2014","33.2"
"Taux de réussite au BAC_II selon le sexe et la région (série D)","T.R.Centrale","Fémin","Pourcentage","2015","23.4"
"Taux de réussite au BAC_II selon le sexe et la région (série D)","T.R.Centrale","Fémin","Pourcentage","2016","31.1"
"Taux de réussite au BAC_II selon le sexe et la région (série D)","T.R.Centrale","Fémin","Pourcentage","2017","32.1"
"Taux de réussite au BAC_II selon le sexe et la région (série D)","T.R.Centrale","Fémin","Pourcentage","2018","50.7"
"Taux de réussite au BAC_II selon le sexe et la région (série D)","T.R.Centrale","Fémin","Pourcentage","2019","46.3"
"Taux de réussite au BAC_II selon le sexe et la région (série D)","BLITTA","Total","Pourcentage","2014","26.1"
"Taux de réussite au BAC_II selon le sexe et la région (série D)","BLITTA","Total","Pourcentage","2015","16.8"
"Taux de réussite au BAC_II selon le sexe et la région (série D)","BLITTA","Total","Pourcentage","2016","24.7"
"Taux de réussite au BAC_II selon le sexe et la région (série D)","BLITTA","Total","Pourcentage","2017","30.7"
"Taux de réussite au BAC_II selon le sexe et la région (série D)","BLITTA","Total","Pourcentage","2018","47.9"
"Taux de réussite au BAC_II selon le sexe et la région (série D)","BLITTA","Total","Pourcentage","2019","37.1"
"Taux de réussite au BAC_II selon le sexe et la région (série D)","BLITTA","Masculin","Pourcentage","2014","25.3"
"Taux de réussite au BAC_II selon le sexe et la région (série D)","BLITTA","Masculin","Pourcentage","2015","17.4"
"Taux de réussite au BAC_II selon le sexe et la région (série D)","BLITTA","Masculin","Pourcentage","2016","26.6"
"Taux de réussite au BAC_II selon le sexe et la région (série D)","BLITTA","Masculin","Pourcentage","2017","31.2"
"Taux de réussite au BAC_II selon le sexe et la région (série D)","BLITTA","Masculin","Pourcentage","2018","46.7"
"Taux de réussite au BAC_II selon le sexe et la région (série D)","BLITTA","Masculin","Pourcentage","2019","36.6"
"Taux de réussite au BAC_II selon le sexe et la région (série D)","BLITTA","Fémin","Pourcentage","2014","32.1"
"Taux de réussite au BAC_II selon le sexe et la région (série D)","BLITTA","Fémin","Pourcentage","2015","12.2"
"Taux de réussite au BAC_II selon le sexe et la région (série D)","BLITTA","Fémin","Pourcentage","2016","13.7"
"Taux de réussite au BAC_II selon le sexe et la région (série D)","BLITTA","Fémin","Pourcentage","2017","28.6"
"Taux de réussite au BAC_II selon le sexe et la région (série D)","BLITTA","Fémin","Pourcentage","2018","52.2"
"Taux de réussite au BAC_II selon le sexe et la région (série D)","BLITTA","Fémin","Pourcentage","2019","40"
"Taux de réussite au BAC_II selon le sexe et la région (série D)","SOTOUBOUA","Total","Pourcentage","2014","28.3"
"Taux de réussite au BAC_II selon le sexe et la région (série D)","SOTOUBOUA","Total","Pourcentage","2015","15.5"
"Taux de réussite au BAC_II selon le sexe et la région (série D)","SOTOUBOUA","Total","Pourcentage","2016","37"
"Taux de réussite au BAC_II selon le sexe et la région (série D)","SOTOUBOUA","Total","Pourcentage","2017","39.9"
"Taux de réussite au BAC_II selon le sexe et la région (série D)","SOTOUBOUA","Total","Pourcentage","2018","54.4"
"Taux de réussite au BAC_II selon le sexe et la région (série D)","SOTOUBOUA","Total","Pourcentage","2019","42"
"Taux de réussite au BAC_II selon le sexe et la région (série D)","SOTOUBOUA","Masculin","Pourcentage","2014","26.3"
"Taux de réussite au BAC_II selon le sexe et la région (série D)","SOTOUBOUA","Masculin","Pourcentage","2015","15.7"
"Taux de réussite au BAC_II selon le sexe et la région (série D)","SOTOUBOUA","Masculin","Pourcentage","2016","38.6"
"Taux de réussite au BAC_II selon le sexe et la région (série D)","SOTOUBOUA","Masculin","Pourcentage","2017","41"
"Taux de réussite au BAC_II selon le sexe et la région (série D)","SOTOUBOUA","Masculin","Pourcentage","2018","55.5"
"Taux de réussite au BAC_II selon le sexe et la région (série D)","SOTOUBOUA","Masculin","Pourcentage","2019","43.8"
"Taux de réussite au BAC_II selon le sexe et la région (série D)","SOTOUBOUA","Fémin","Pourcentage","2014","41.1"
"Taux de réussite au BAC_II selon le sexe et la région (série D)","SOTOUBOUA","Fémin","Pourcentage","2015","14.3"
"Taux de réussite au BAC_II selon le sexe et la région (série D)","SOTOUBOUA","Fémin","Pourcentage","2016","31.8"
"Taux de réussite au BAC_II selon le sexe et la région (série D)","SOTOUBOUA","Fémin","Pourcentage","2017","34.9"
"Taux de réussite au BAC_II selon le sexe et la région (série D)","SOTOUBOUA","Fémin","Pourcentage","2018","50.9"
"Taux de réussite au BAC_II selon le sexe et la région (série D)","SOTOUBOUA","Fémin","Pourcentage","2019","35.7"
"Taux de réussite au BAC_II selon le sexe et la région (série D)","TCHAMBA","Total","Pourcentage","2014","24"
"Taux de réussite au BAC_II selon le sexe et la région (série D)","TCHAMBA","Total","Pourcentage","2015","23.3"
"Taux de réussite au BAC_II selon le sexe et la région (série D)","TCHAMBA","Total","Pourcentage","2016","16"
"Taux de réussite au BAC_II selon le sexe et la région (série D)","TCHAMBA","Total","Pourcentage","2017","27.9"
"Taux de réussite au BAC_II selon le sexe et la région (série D)","TCHAMBA","Total","Pourcentage","2018","43.3"
"Taux de réussite au BAC_II selon le sexe et la région (série D)","TCHAMBA","Total","Pourcentage","2019","44.2"
"Taux de réussite au BAC_II selon le sexe et la région (série D)","TCHAMBA","Masculin","Pourcentage","2014","22.3"
"Taux de réussite au BAC_II selon le sexe et la région (série D)","TCHAMBA","Masculin","Pourcentage","2015","22.9"
"Taux de réussite au BAC_II selon le sexe et la région (série D)","TCHAMBA","Masculin","Pourcentage","2016","16.7"
"Taux de réussite au BAC_II selon le sexe et la région (série D)","TCHAMBA","Masculin","Pourcentage","2017","29.6"
"Taux de réussite au BAC_II selon le sexe et la région (série D)","TCHAMBA","Masculin","Pourcentage","2018","44.2"
"Taux de réussite au BAC_II selon le sexe et la région (série D)","TCHAMBA","Masculin","Pourcentage","2019","43.6"
"Taux de réussite au BAC_II selon le sexe et la région (série D)","TCHAMBA","Fémin","Pourcentage","2014","41.2"
"Taux de réussite au BAC_II selon le sexe et la région (série D)","TCHAMBA","Fémin","Pourcentage","2015","26.3"
"Taux de réussite au BAC_II selon le sexe et la région (série D)","TCHAMBA","Fémin","Pourcentage","2016","11.5"
"Taux de réussite au BAC_II selon le sexe et la région (série D)","TCHAMBA","Fémin","Pourcentage","2017","19.6"
"Taux de réussite au BAC_II selon le sexe et la région (série D)","TCHAMBA","Fémin","Pourcentage","2018","38.8"
"Taux de réussite au BAC_II selon le sexe et la région (série D)","TCHAMBA","Fémin","Pourcentage","2019","46.5"
"Taux de réussite au BAC_II selon le sexe et la région (série D)","TCHAOUDJO","Total","Pourcentage","2014","26.1"
"Taux de réussite au BAC_II selon le sexe et la région (série D)","TCHAOUDJO","Total","Pourcentage","2015","34"
"Taux de réussite au BAC_II selon le sexe et la région (série D)","TCHAOUDJO","Total","Pourcentage","2016","31"
"Taux de réussite au BAC_II selon le sexe et la région (série D)","TCHAOUDJO","Total","Pourcentage","2017","36.6"
"Taux de réussite au BAC_II selon le sexe et la région (série D)","TCHAOUDJO","Total","Pourcentage","2018","54.1"
"Taux de réussite au BAC_II selon le sexe et la région (série D)","TCHAOUDJO","Total","Pourcentage","2019","50.9"
"Taux de réussite au BAC_II selon le sexe et la région (série D)","TCHAOUDJO","Masculin","Pourcentage","2014","25.8"
"Taux de réussite au BAC_II selon le sexe et la région (série D)","TCHAOUDJO","Masculin","Pourcentage","2015","35.2"
"Taux de réussite au BAC_II selon le sexe et la région (série D)","TCHAOUDJO","Masculin","Pourcentage","2016","29.6"
"Taux de réussite au BAC_II selon le sexe et la région (série D)","TCHAOUDJO","Masculin","Pourcentage","2017","37.6"
"Taux de réussite au BAC_II selon le sexe et la région (série D)","TCHAOUDJO","Masculin","Pourcentage","2018","55"
"Taux de réussite au BAC_II selon le sexe et la région (série D)","TCHAOUDJO","Masculin","Pourcentage","2019","50.2"
"Taux de réussite au BAC_II selon le sexe et la région (série D)","TCHAOUDJO","Fémin","Pourcentage","2014","27.9"
"Taux de réussite au BAC_II selon le sexe et la région (série D)","TCHAOUDJO","Fémin","Pourcentage","2015","29.3"
"Taux de réussite au BAC_II selon le sexe et la région (série D)","TCHAOUDJO","Fémin","Pourcentage","2016","35.6"
"Taux de réussite au BAC_II selon le sexe et la région (série D)","TCHAOUDJO","Fémin","Pourcentage","2017","33.2"
"Taux de réussite au BAC_II selon le sexe et la région (série D)","TCHAOUDJO","Fémin","Pourcentage","2018","51.6"
"Taux de réussite au BAC_II selon le sexe et la région (série D)","TCHAOUDJO","Fémin","Pourcentage","2019","52.8"
"Taux de réussite au BAC_II selon le sexe et la région (série D)","T.R.Kara","Total","Pourcentage","2014","37.5"
"Taux de réussite au BAC_II selon le sexe et la région (série D)","T.R.Kara","Total","Pourcentage","2015","38.1"
"Taux de réussite au BAC_II selon le sexe et la région (série D)","T.R.Kara","Total","Pourcentage","2016","42.2"
"Taux de réussite au BAC_II selon le sexe et la région (série D)","T.R.Kara","Total","Pourcentage","2017","45.8"
"Taux de réussite au BAC_II selon le sexe et la région (série D)","T.R.Kara","Total","Pourcentage","2018","60.3"
"Taux de réussite au BAC_II selon le sexe et la région (série D)","T.R.Kara","Total","Pourcentage","2019","50.6"
"Taux de réussite au BAC_II selon le sexe et la région (série D)","T.R.Kara","Masculin","Pourcentage","2014","37.3"
"Taux de réussite au BAC_II selon le sexe et la région (série D)","T.R.Kara","Masculin","Pourcentage","2015","39.7"
"Taux de réussite au BAC_II selon le sexe et la région (série D)","T.R.Kara","Masculin","Pourcentage","2016","43.1"
"Taux de réussite au BAC_II selon le sexe et la région (série D)","T.R.Kara","Masculin","Pourcentage","2017","46.8"
"Taux de réussite au BAC_II selon le sexe et la région (série D)","T.R.Kara","Masculin","Pourcentage","2018","59.2"
"Taux de réussite au BAC_II selon le sexe et la région (série D)","T.R.Kara","Masculin","Pourcentage","2019","49.3"
"Taux de réussite au BAC_II selon le sexe et la région (série D)","T.R.Kara","Fémin","Pourcentage","2014","38.6"
"Taux de réussite au BAC_II selon le sexe et la région (série D)","T.R.Kara","Fémin","Pourcentage","2015","29.9"
"Taux de réussite au BAC_II selon le sexe et la région (série D)","T.R.Kara","Fémin","Pourcentage","2016","38.3"
"Taux de réussite au BAC_II selon le sexe et la région (série D)","T.R.Kara","Fémin","Pourcentage","2017","42.7"
"Taux de réussite au BAC_II selon le sexe et la région (série D)","T.R.Kara","Fémin","Pourcentage","2018","63.9"
"Taux de réussite au BAC_II selon le sexe et la région (série D)","T.R.Kara","Fémin","Pourcentage","2019","55.2"
"Taux de réussite au BAC_II selon le sexe et la région (série D)","ASSOLI","Total","Pourcentage","2014","32.1"
"Taux de réussite au BAC_II selon le sexe et la région (série D)","ASSOLI","Total","Pourcentage","2015","39.6"
"Taux de réussite au BAC_II selon le sexe et la région (série D)","ASSOLI","Total","Pourcentage","2016","29"
"Taux de réussite au BAC_II selon le sexe et la région (série D)","ASSOLI","Total","Pourcentage","2017","27.8"
"Taux de réussite au BAC_II selon le sexe et la région (série D)","ASSOLI","Total","Pourcentage","2018","51.4"
"Taux de réussite au BAC_II selon le sexe et la région (série D)","ASSOLI","Total","Pourcentage","2019","57.1"
"Taux de réussite au BAC_II selon le sexe et la région (série D)","ASSOLI","Masculin","Pourcentage","2014","29.8"
"Taux de réussite au BAC_II selon le sexe et la région (série D)","ASSOLI","Masculin","Pourcentage","2015","39.8"
"Taux de réussite au BAC_II selon le sexe et la région (série D)","ASSOLI","Masculin","Pourcentage","2016","27.9"
"Taux de réussite au BAC_II selon le sexe et la région (série D)","ASSOLI","Masculin","Pourcentage","2017","27.5"
"Taux de réussite au BAC_II selon le sexe et la région (série D)","ASSOLI","Masculin","Pourcentage","2018","53"
"Taux de réussite au BAC_II selon le sexe et la région (série D)","ASSOLI","Masculin","Pourcentage","2019","57.1"
"Taux de réussite au BAC_II selon le sexe et la région (série D)","ASSOLI","Fémin","Pourcentage","2014","44.4"
"Taux de réussite au BAC_II selon le sexe et la région (série D)","ASSOLI","Fémin","Pourcentage","2015","38.1"
"Taux de réussite au BAC_II selon le sexe et la région (série D)","ASSOLI","Fémin","Pourcentage","2016","34.5"
"Taux de réussite au BAC_II selon le sexe et la région (série D)","ASSOLI","Fémin","Pourcentage","2017","28.9"
"Taux de réussite au BAC_II selon le sexe et la région (série D)","ASSOLI","Fémin","Pourcentage","2018","46"
"Taux de réussite au BAC_II selon le sexe et la région (série D)","ASSOLI","Fémin","Pourcentage","2019","57.1"
"Taux de réussite au BAC_II selon le sexe et la région (série D)","BASSAR","Total","Pourcentage","2014","42.3"
"Taux de réussite au BAC_II selon le sexe et la région (série D)","BASSAR","Total","Pourcentage","2015","33.7"
"Taux de réussite au BAC_II selon le sexe et la région (série D)","BASSAR","Total","Pourcentage","2016","37.6"
"Taux de réussite au BAC_II selon le sexe et la région (série D)","BASSAR","Total","Pourcentage","2017","49.5"
"Taux de réussite au BAC_II selon le sexe et la région (série D)","BASSAR","Total","Pourcentage","2018","44.8"
"Taux de réussite au BAC_II selon le sexe et la région (série D)","BASSAR","Total","Pourcentage","2019","42.8"
"Taux de réussite au BAC_II selon le sexe et la région (série D)","BASSAR","Masculin","Pourcentage","2014","41.9"
"Taux de réussite au BAC_II selon le sexe et la région (série D)","BASSAR","Masculin","Pourcentage","2015","33.2"
"Taux de réussite au BAC_II selon le sexe et la région (série D)","BASSAR","Masculin","Pourcentage","2016","39.4"
"Taux de réussite au BAC_II selon le sexe et la région (série D)","BASSAR","Masculin","Pourcentage","2017","52.8"
"Taux de réussite au BAC_II selon le sexe et la région (série D)","BASSAR","Masculin","Pourcentage","2018","42.9"
"Taux de réussite au BAC_II selon le sexe et la région (série D)","BASSAR","Masculin","Pourcentage","2019","44.4"
"Taux de réussite au BAC_II selon le sexe et la région (série D)","BASSAR","Fémin","Pourcentage","2014","45"
"Taux de réussite au BAC_II selon le sexe et la région (série D)","BASSAR","Fémin","Pourcentage","2015","38.9"
"Taux de réussite au BAC_II selon le sexe et la région (série D)","BASSAR","Fémin","Pourcentage","2016","25"
"Taux de réussite au BAC_II selon le sexe et la région (série D)","BASSAR","Fémin","Pourcentage","2017","34.5"
"Taux de réussite au BAC_II selon le sexe et la région (série D)","BASSAR","Fémin","Pourcentage","2018","54.2"
"Taux de réussite au BAC_II selon le sexe et la région (série D)","BASSAR","Fémin","Pourcentage","2019","36"
"Taux de réussite au BAC_II selon le sexe et la région (série D)","BINAH","Total","Pourcentage","2014","34.3"
"Taux de réussite au BAC_II selon le sexe et la région (série D)","BINAH","Total","Pourcentage","2015","34.7"
"Taux de réussite au BAC_II selon le sexe et la région (série D)","BINAH","Total","Pourcentage","2016","35.5"
"Taux de réussite au BAC_II selon le sexe et la région (série D)","BINAH","Total","Pourcentage","2017","54"
"Taux de réussite au BAC_II selon le sexe et la région (série D)","BINAH","Total","Pourcentage","2018","71"
"Taux de réussite au BAC_II selon le sexe et la région (série D)","BINAH","Total","Pourcentage","2019","49.6"
"Taux de réussite au BAC_II selon le sexe et la région (série D)","BINAH","Masculin","Pourcentage","2014","33.1"
"Taux de réussite au BAC_II selon le sexe et la région (série D)","BINAH","Masculin","Pourcentage","2015","36"
"Taux de réussite au BAC_II selon le sexe et la région (série D)","BINAH","Masculin","Pourcentage","2016","35.6"
"Taux de réussite au BAC_II selon le sexe et la région (série D)","BINAH","Masculin","Pourcentage","2017","52.8"
"Taux de réussite au BAC_II selon le sexe et la région (série D)","BINAH","Masculin","Pourcentage","2018","71.6"
"Taux de réussite au BAC_II selon le sexe et la région (série D)","BINAH","Masculin","Pourcentage","2019","47.3"
"Taux de réussite au BAC_II selon le sexe et la région (série D)","BINAH","Fémin","Pourcentage","2014","50"
"Taux de réussite au BAC_II selon le sexe et la région (série D)","BINAH","Fémin","Pourcentage","2015","23.1"
"Taux de réussite au BAC_II selon le sexe et la région (série D)","BINAH","Fémin","Pourcentage","2016","34.6"
"Taux de réussite au BAC_II selon le sexe et la région (série D)","BINAH","Fémin","Pourcentage","2017","57.7"
"Taux de réussite au BAC_II selon le sexe et la région (série D)","BINAH","Fémin","Pourcentage","2018","68.6"
"Taux de réussite au BAC_II selon le sexe et la région (série D)","BINAH","Fémin","Pourcentage","2019","59.3"
"Taux de réussite au BAC_II selon le sexe et la région (série D)","DANKPEN","Total","Pourcentage","2014","40.9"
"Taux de réussite au BAC_II selon le sexe et la région (série D)","DANKPEN","Total","Pourcentage","2015","81.1"
"Taux de réussite au BAC_II selon le sexe et la région (série D)","DANKPEN","Total","Pourcentage","2016","36.3"
"Taux de réussite au BAC_II selon le sexe et la région (série D)","DANKPEN","Total","Pourcentage","2017","37.9"
"Taux de réussite au BAC_II selon le sexe et la région (série D)","DANKPEN","Total","Pourcentage","2018","45.4"
"Taux de réussite au BAC_II selon le sexe et la région (série D)","DANKPEN","Total","Pourcentage","2019","28.2"
"Taux de réussite au BAC_II selon le sexe et la région (série D)","DANKPEN","Masculin","Pourcentage","2014","40.5"
"Taux de réussite au BAC_II selon le sexe et la région (série D)","DANKPEN","Masculin","Pourcentage","2015","84.3"
"Taux de réussite au BAC_II selon le sexe et la région (série D)","DANKPEN","Masculin","Pourcentage","2016","36.8"
"Taux de réussite au BAC_II selon le sexe et la région (série D)","DANKPEN","Masculin","Pourcentage","2017","36.3"
"Taux de réussite au BAC_II selon le sexe et la région (série D)","DANKPEN","Masculin","Pourcentage","2018","45.1"
"Taux de réussite au BAC_II selon le sexe et la région (série D)","DANKPEN","Masculin","Pourcentage","2019","20.9"
"Taux de réussite au BAC_II selon le sexe et la région (série D)","DANKPEN","Fémin","Pourcentage","2014","50"
"Taux de réussite au BAC_II selon le sexe et la région (série D)","DANKPEN","Fémin","Pourcentage","2015","0"
"Taux de réussite au BAC_II selon le sexe et la région (série D)","DANKPEN","Fémin","Pourcentage","2016","28.6"
"Taux de réussite au BAC_II selon le sexe et la région (série D)","DANKPEN","Fémin","Pourcentage","2017","53.3"
"Taux de réussite au BAC_II selon le sexe et la région (série D)","DANKPEN","Fémin","Pourcentage","2018","48"
"Taux de réussite au BAC_II selon le sexe et la région (série D)","DANKPEN","Fémin","Pourcentage","2019","105.3"
"Taux de réussite au BAC_II selon le sexe et la région (série D)","DOUFELGOU","Total","Pourcentage","2014","32.6"
"Taux de réussite au BAC_II selon le sexe et la région (série D)","DOUFELGOU","Total","Pourcentage","2015","35.6"
"Taux de réussite au BAC_II selon le sexe et la région (série D)","DOUFELGOU","Total","Pourcentage","2016","51.3"
"Taux de réussite au BAC_II selon le sexe et la région (série D)","DOUFELGOU","Total","Pourcentage","2017","44.7"
"Taux de réussite au BAC_II selon le sexe et la région (série D)","DOUFELGOU","Total","Pourcentage","2018","56.2"
"Taux de réussite au BAC_II selon le sexe et la région (série D)","DOUFELGOU","Total","Pourcentage","2019","48.2"
"Taux de réussite au BAC_II selon le sexe et la région (série D)","DOUFELGOU","Masculin","Pourcentage","2014","31.5"
"Taux de réussite au BAC_II selon le sexe et la région (série D)","DOUFELGOU","Masculin","Pourcentage","2015","36.7"
"Taux de réussite au BAC_II selon le sexe et la région (série D)","DOUFELGOU","Masculin","Pourcentage","2016","51.9"
"Taux de réussite au BAC_II selon le sexe et la région (série D)","DOUFELGOU","Masculin","Pourcentage","2017","46.1"
"Taux de réussite au BAC_II selon le sexe et la région (série D)","DOUFELGOU","Masculin","Pourcentage","2018","53.5"
"Taux de réussite au BAC_II selon le sexe et la région (série D)","DOUFELGOU","Masculin","Pourcentage","2019","44.7"
"Taux de réussite au BAC_II selon le sexe et la région (série D)","DOUFELGOU","Fémin","Pourcentage","2014","38.9"
"Taux de réussite au BAC_II selon le sexe et la région (série D)","DOUFELGOU","Fémin","Pourcentage","2015","29.2"
"Taux de réussite au BAC_II selon le sexe et la région (série D)","DOUFELGOU","Fémin","Pourcentage","2016","48.5"
"Taux de réussite au BAC_II selon le sexe et la région (série D)","DOUFELGOU","Fémin","Pourcentage","2017","39"
"Taux de réussite au BAC_II selon le sexe et la région (série D)","DOUFELGOU","Fémin","Pourcentage","2018","67.4"
"Taux de réussite au BAC_II selon le sexe et la région (série D)","DOUFELGOU","Fémin","Pourcentage","2019","58.9"
"Taux de réussite au BAC_II selon le sexe et la région (série D)","KERAN","Total","Pourcentage","2014","32.6"
"Taux de réussite au BAC_II selon le sexe et la région (série D)","KERAN","Total","Pourcentage","2015","29.9"
"Taux de réussite au BAC_II selon le sexe et la région (série D)","KERAN","Total","Pourcentage","2016","34.5"
"Taux de réussite au BAC_II selon le sexe et la région (série D)","KERAN","Total","Pourcentage","2017","46.3"
"Taux de réussite au BAC_II selon le sexe et la région (série D)","KERAN","Total","Pourcentage","2018","54.5"
"Taux de réussite au BAC_II selon le sexe et la région (série D)","KERAN","Total","Pourcentage","2019","50.7"
"Taux de réussite au BAC_II selon le sexe et la région (série D)","KERAN","Masculin","Pourcentage","2014","28.2"
"Taux de réussite au BAC_II selon le sexe et la région (série D)","KERAN","Masculin","Pourcentage","2015","31.1"
"Taux de réussite au BAC_II selon le sexe et la région (série D)","KERAN","Masculin","Pourcentage","2016","32.9"
"Taux de réussite au BAC_II selon le sexe et la région (série D)","KERAN","Masculin","Pourcentage","2017","44"
"Taux de réussite au BAC_II selon le sexe et la région (série D)","KERAN","Masculin","Pourcentage","2018","52.7"
"Taux de réussite au BAC_II selon le sexe et la région (série D)","KERAN","Masculin","Pourcentage","2019","47.5"
"Taux de réussite au BAC_II selon le sexe et la région (série D)","KERAN","Fémin","Pourcentage","2014","57.1"
"Taux de réussite au BAC_II selon le sexe et la région (série D)","KERAN","Fémin","Pourcentage","2015","16.7"
"Taux de réussite au BAC_II selon le sexe et la région (série D)","KERAN","Fémin","Pourcentage","2016","50"
"Taux de réussite au BAC_II selon le sexe et la région (série D)","KERAN","Fémin","Pourcentage","2017","63.6"
"Taux de réussite au BAC_II selon le sexe et la région (série D)","KERAN","Fémin","Pourcentage","2018","69.2"
"Taux de réussite au BAC_II selon le sexe et la région (série D)","KERAN","Fémin","Pourcentage","2019","70"
"Taux de réussite au BAC_II selon le sexe et la région (série D)","KOZAH","Total","Pourcentage","2014","38.5"
"Taux de réussite au BAC_II selon le sexe et la région (série D)","KOZAH","Total","Pourcentage","2015","38"
"Taux de réussite au BAC_II selon le sexe et la région (série D)","KOZAH","Total","Pourcentage","2016","45.4"
"Taux de réussite au BAC_II selon le sexe et la région (série D)","KOZAH","Total","Pourcentage","2017","47"
"Taux de réussite au BAC_II selon le sexe et la région (série D)","KOZAH","Total","Pourcentage","2018","67.3"
"Taux de réussite au BAC_II selon le sexe et la région (série D)","KOZAH","Total","Pourcentage","2019","59.3"
"Taux de réussite au BAC_II selon le sexe et la région (série D)","KOZAH","Masculin","Pourcentage","2014","39.1"
"Taux de réussite au BAC_II selon le sexe et la région (série D)","KOZAH","Masculin","Pourcentage","2015","40.1"
"Taux de réussite au BAC_II selon le sexe et la région (série D)","KOZAH","Masculin","Pourcentage","2016","47.1"
"Taux de réussite au BAC_II selon le sexe et la région (série D)","KOZAH","Masculin","Pourcentage","2017","48.8"
"Taux de réussite au BAC_II selon le sexe et la région (série D)","KOZAH","Masculin","Pourcentage","2018","67.2"
"Taux de réussite au BAC_II selon le sexe et la région (série D)","KOZAH","Masculin","Pourcentage","2019","60.7"
"Taux de réussite au BAC_II selon le sexe et la région (série D)","KOZAH","Fémin","Pourcentage","2014","35.7"
"Taux de réussite au BAC_II selon le sexe et la région (série D)","KOZAH","Fémin","Pourcentage","2015","29.4"
"Taux de réussite au BAC_II selon le sexe et la région (série D)","KOZAH","Fémin","Pourcentage","2016","39.3"
"Taux de réussite au BAC_II selon le sexe et la région (série D)","KOZAH","Fémin","Pourcentage","2017","42.6"
"Taux de réussite au BAC_II selon le sexe et la région (série D)","KOZAH","Fémin","Pourcentage","2018","67.5"
"Taux de réussite au BAC_II selon le sexe et la région (série D)","KOZAH","Fémin","Pourcentage","2019","55.2"
"Taux de réussite au BAC_II selon le sexe et la région (série A)","T.R. Savanes","Total","Pourcentage","2014","45.7"
"Taux de réussite au BAC_II selon le sexe et la région (série A)","T.R. Savanes","Total","Pourcentage","2015","30.6"
"Taux de réussite au BAC_II selon le sexe et la région (série A)","T.R. Savanes","Total","Pourcentage","2016","50.4"
"Taux de réussite au BAC_II selon le sexe et la région (série A)","T.R. Savanes","Total","Pourcentage","2017","43.1"
"Taux de réussite au BAC_II selon le sexe et la région (série A)","T.R. Savanes","Total","Pourcentage","2018","56.6"
"Taux de réussite au BAC_II selon le sexe et la région (série A)","T.R. Savanes","Total","Pourcentage","2019","57.9"
"Taux de réussite au BAC_II selon le sexe et la région (série A)","T.R. Savanes","Masculin","Pourcentage","2014","47.2"
"Taux de réussite au BAC_II selon le sexe et la région (série A)","T.R. Savanes","Masculin","Pourcentage","2015","30.7"
"Taux de réussite au BAC_II selon le sexe et la région (série A)","T.R. Savanes","Masculin","Pourcentage","2016","52.5"
"Taux de réussite au BAC_II selon le sexe et la région (série A)","T.R. Savanes","Masculin","Pourcentage","2017","45.7"
"Taux de réussite au BAC_II selon le sexe et la région (série A)","T.R. Savanes","Masculin","Pourcentage","2018","57.9"
"Taux de réussite au BAC_II selon le sexe et la région (série A)","T.R. Savanes","Masculin","Pourcentage","2019","58.3"
"Taux de réussite au BAC_II selon le sexe et la région (série A)","T.R. Savanes","Fémin","Pourcentage","2014","41.6"
"Taux de réussite au BAC_II selon le sexe et la région (série A)","T.R. Savanes","Fémin","Pourcentage","2015","0.5"
"Taux de réussite au BAC_II selon le sexe et la région (série A)","T.R. Savanes","Fémin","Pourcentage","2016","44.8"
"Taux de réussite au BAC_II selon le sexe et la région (série A)","T.R. Savanes","Fémin","Pourcentage","2017","37.3"
"Taux de réussite au BAC_II selon le sexe et la région (série A)","T.R. Savanes","Fémin","Pourcentage","2018","53.7"
"Taux de réussite au BAC_II selon le sexe et la région (série A)","T.R. Savanes","Fémin","Pourcentage","2019","57"
"Taux de réussite au BAC_II selon le sexe et la région (série A)","CINKASSE","Total","Pourcentage","2014","41.7"
"Taux de réussite au BAC_II selon le sexe et la région (série A)","CINKASSE","Total","Pourcentage","2015","41.7"
"Taux de réussite au BAC_II selon le sexe et la région (série A)","CINKASSE","Total","Pourcentage","2016","50.3"
"Taux de réussite au BAC_II selon le sexe et la région (série A)","CINKASSE","Total","Pourcentage","2017","42.2"
"Taux de réussite au BAC_II selon le sexe et la région (série A)","CINKASSE","Total","Pourcentage","2018","56.7"
"Taux de réussite au BAC_II selon le sexe et la région (série A)","CINKASSE","Total","Pourcentage","2019","77"
"Taux de réussite au BAC_II selon le sexe et la région (série A)","CINKASSE","Masculin","Pourcentage","2014","42.9"
"Taux de réussite au BAC_II selon le sexe et la région (série A)","CINKASSE","Masculin","Pourcentage","2015","44.8"
"Taux de réussite au BAC_II selon le sexe et la région (série A)","CINKASSE","Masculin","Pourcentage","2016","51.1"
"Taux de réussite au BAC_II selon le sexe et la région (série A)","CINKASSE","Masculin","Pourcentage","2017","46.5"
"Taux de réussite au BAC_II selon le sexe et la région (série A)","CINKASSE","Masculin","Pourcentage","2018","56.5"
"Taux de réussite au BAC_II selon le sexe et la région (série A)","CINKASSE","Masculin","Pourcentage","2019","77.9"
"Taux de réussite au BAC_II selon le sexe et la région (série A)","CINKASSE","Fémin","Pourcentage","2014","37.2"
"Taux de réussite au BAC_II selon le sexe et la région (série A)","CINKASSE","Fémin","Pourcentage","2015","0"
"Taux de réussite au BAC_II selon le sexe et la région (série A)","CINKASSE","Fémin","Pourcentage","2016","47.9"
"Taux de réussite au BAC_II selon le sexe et la région (série A)","CINKASSE","Fémin","Pourcentage","2017","30.7"
"Taux de réussite au BAC_II selon le sexe et la région (série A)","CINKASSE","Fémin","Pourcentage","2018","57.1"
"Taux de réussite au BAC_II selon le sexe et la région (série A)","CINKASSE","Fémin","Pourcentage","2019","75.6"
"Taux de réussite au BAC_II selon le sexe et la région (série A)","KPENDJAL","Total","Pourcentage","2014","36.9"
"Taux de réussite au BAC_II selon le sexe et la région (série A)","KPENDJAL","Total","Pourcentage","2015","16.2"
"Taux de réussite au BAC_II selon le sexe et la région (série A)","KPENDJAL","Total","Pourcentage","2016","43.7"
"Taux de réussite au BAC_II selon le sexe et la région (série A)","KPENDJAL","Total","Pourcentage","2017","42.1"
"Taux de réussite au BAC_II selon le sexe et la région (série A)","KPENDJAL","Total","Pourcentage","2018","41.7"
"Taux de réussite au BAC_II selon le sexe et la région (série A)","KPENDJAL","Total","Pourcentage","2019","53.3"
"Taux de réussite au BAC_II selon le sexe et la région (série A)","KPENDJAL","Masculin","Pourcentage","2014","38.1"
"Taux de réussite au BAC_II selon le sexe et la région (série A)","KPENDJAL","Masculin","Pourcentage","2015","18.4"
"Taux de réussite au BAC_II selon le sexe et la région (série A)","KPENDJAL","Masculin","Pourcentage","2016","44.8"
"Taux de réussite au BAC_II selon le sexe et la région (série A)","KPENDJAL","Masculin","Pourcentage","2017","41.9"
"Taux de réussite au BAC_II selon le sexe et la région (série A)","KPENDJAL","Masculin","Pourcentage","2018","43.8"
"Taux de réussite au BAC_II selon le sexe et la région (série A)","KPENDJAL","Masculin","Pourcentage","2019","56.3"
"Taux de réussite au BAC_II selon le sexe et la région (série A)","KPENDJAL","Fémin","Pourcentage","2014","26.7"
"Taux de réussite au BAC_II selon le sexe et la région (série A)","KPENDJAL","Fémin","Pourcentage","2015","0"
"Taux de réussite au BAC_II selon le sexe et la région (série A)","KPENDJAL","Fémin","Pourcentage","2016","37.5"
"Taux de réussite au BAC_II selon le sexe et la région (série A)","KPENDJAL","Fémin","Pourcentage","2017","43.3"
"Taux de réussite au BAC_II selon le sexe et la région (série A)","KPENDJAL","Fémin","Pourcentage","2018","29.2"
"Taux de réussite au BAC_II selon le sexe et la région (série A)","KPENDJAL","Fémin","Pourcentage","2019","40.6"
"Taux de réussite au BAC_II selon le sexe et la région (série A)","OTI","Total","Pourcentage","2014","47.7"
"Taux de réussite au BAC_II selon le sexe et la région (série A)","OTI","Total","Pourcentage","2015","26.6"
"Taux de réussite au BAC_II selon le sexe et la région (série A)","OTI","Total","Pourcentage","2016","49.3"
"Taux de réussite au BAC_II selon le sexe et la région (série A)","OTI","Total","Pourcentage","2017","38.4"
"Taux de réussite au BAC_II selon le sexe et la région (série A)","OTI","Total","Pourcentage","2018","51.1"
"Taux de réussite au BAC_II selon le sexe et la région (série A)","OTI","Total","Pourcentage","2019","47.1"
"Taux de réussite au BAC_II selon le sexe et la région (série A)","OTI","Masculin","Pourcentage","2014","50.9"
"Taux de réussite au BAC_II selon le sexe et la région (série A)","OTI","Masculin","Pourcentage","2015","28.3"
"Taux de réussite au BAC_II selon le sexe et la région (série A)","OTI","Masculin","Pourcentage","2016","52.8"
"Taux de réussite au BAC_II selon le sexe et la région (série A)","OTI","Masculin","Pourcentage","2017","42.8"
"Taux de réussite au BAC_II selon le sexe et la région (série A)","OTI","Masculin","Pourcentage","2018","55"
"Taux de réussite au BAC_II selon le sexe et la région (série A)","OTI","Masculin","Pourcentage","2019","48.3"
"Taux de réussite au BAC_II selon le sexe et la région (série A)","OTI","Fémin","Pourcentage","2014","31.5"
"Taux de réussite au BAC_II selon le sexe et la région (série A)","OTI","Fémin","Pourcentage","2015","0"
"Taux de réussite au BAC_II selon le sexe et la région (série A)","OTI","Fémin","Pourcentage","2016","37.6"
"Taux de réussite au BAC_II selon le sexe et la région (série A)","OTI","Fémin","Pourcentage","2017","28.4"
"Taux de réussite au BAC_II selon le sexe et la région (série A)","OTI","Fémin","Pourcentage","2018","39.7"
"Taux de réussite au BAC_II selon le sexe et la région (série A)","OTI","Fémin","Pourcentage","2019","43.3"
"Taux de réussite au BAC_II selon le sexe et la région (série A)","TANDJOARE","Total","Pourcentage","2014","37.4"
"Taux de réussite au BAC_II selon le sexe et la région (série A)","TANDJOARE","Total","Pourcentage","2015","24.5"
"Taux de réussite au BAC_II selon le sexe et la région (série A)","TANDJOARE","Total","Pourcentage","2016","48.2"
"Taux de réussite au BAC_II selon le sexe et la région (série A)","TANDJOARE","Total","Pourcentage","2017","47.7"
"Taux de réussite au BAC_II selon le sexe et la région (série A)","TANDJOARE","Total","Pourcentage","2018","51.1"
"Taux de réussite au BAC_II selon le sexe et la région (série A)","TANDJOARE","Total","Pourcentage","2019","56.5"
"Taux de réussite au BAC_II selon le sexe et la région (série A)","TANDJOARE","Masculin","Pourcentage","2014","39"
"Taux de réussite au BAC_II selon le sexe et la région (série A)","TANDJOARE","Masculin","Pourcentage","2015","25.7"
"Taux de réussite au BAC_II selon le sexe et la région (série A)","TANDJOARE","Masculin","Pourcentage","2016","50.8"
"Taux de réussite au BAC_II selon le sexe et la région (série A)","TANDJOARE","Masculin","Pourcentage","2017","49.7"
"Taux de réussite au BAC_II selon le sexe et la région (série A)","TANDJOARE","Masculin","Pourcentage","2018","52.8"
"Taux de réussite au BAC_II selon le sexe et la région (série A)","TANDJOARE","Masculin","Pourcentage","2019","56.7"
"Taux de réussite au BAC_II selon le sexe et la région (série A)","TANDJOARE","Fémin","Pourcentage","2014","28.1"
"Taux de réussite au BAC_II selon le sexe et la région (série A)","TANDJOARE","Fémin","Pourcentage","2015","0"
"Taux de réussite au BAC_II selon le sexe et la région (série A)","TANDJOARE","Fémin","Pourcentage","2016","38.2"
"Taux de réussite au BAC_II selon le sexe et la région (série A)","TANDJOARE","Fémin","Pourcentage","2017","41.3"
"Taux de réussite au BAC_II selon le sexe et la région (série A)","TANDJOARE","Fémin","Pourcentage","2018","45.9"
"Taux de réussite au BAC_II selon le sexe et la région (série A)","TANDJOARE","Fémin","Pourcentage","2019","56.2"
"Taux de réussite au BAC_II selon le sexe et la région (série A)","TONE","Total","Pourcentage","2014","48.5"
"Taux de réussite au BAC_II selon le sexe et la région (série A)","TONE","Total","Pourcentage","2015","34.1"
"Taux de réussite au BAC_II selon le sexe et la région (série A)","TONE","Total","Pourcentage","2016","52.4"
"Taux de réussite au BAC_II selon le sexe et la région (série A)","TONE","Total","Pourcentage","2017","43.7"
"Taux de réussite au BAC_II selon le sexe et la région (série A)","TONE","Total","Pourcentage","2018","67.6"
"Taux de réussite au BAC_II selon le sexe et la région (série A)","TONE","Total","Pourcentage","2019","60.4"
"Taux de réussite au BAC_II selon le sexe et la région (série A)","TONE","Masculin","Pourcentage","2014","50.4"
"Taux de réussite au BAC_II selon le sexe et la région (série A)","TONE","Masculin","Pourcentage","2015","33.4"
"Taux de réussite au BAC_II selon le sexe et la région (série A)","TONE","Masculin","Pourcentage","2016","54.3"
"Taux de réussite au BAC_II selon le sexe et la région (série A)","TONE","Masculin","Pourcentage","2017","46.1"
"Taux de réussite au BAC_II selon le sexe et la région (série A)","TONE","Masculin","Pourcentage","2018","70.5"
"Taux de réussite au BAC_II selon le sexe et la région (série A)","TONE","Masculin","Pourcentage","2019","61.2"
"Taux de réussite au BAC_II selon le sexe et la région (série A)","TONE","Fémin","Pourcentage","2014","45"
"Taux de réussite au BAC_II selon le sexe et la région (série A)","TONE","Fémin","Pourcentage","2015","0.7"
"Taux de réussite au BAC_II selon le sexe et la région (série A)","TONE","Fémin","Pourcentage","2016","48.2"
"Taux de réussite au BAC_II selon le sexe et la région (série A)","TONE","Fémin","Pourcentage","2017","39.7"
"Taux de réussite au BAC_II selon le sexe et la région (série A)","TONE","Fémin","Pourcentage","2018","63.6"
"Taux de réussite au BAC_II selon le sexe et la région (série A)","TONE","Fémin","Pourcentage","2019","59"
"Taux de réussite au BAC_II selon le sexe et la région (série A)","Ensemble TOGO","Total","Pourcentage","2014","50.5"
"Taux de réussite au BAC_II selon le sexe et la région (série A)","Ensemble TOGO","Total","Pourcentage","2015","42.7"
"Taux de réussite au BAC_II selon le sexe et la région (série A)","Ensemble TOGO","Total","Pourcentage","2016","53.9"
"Taux de réussite au BAC_II selon le sexe et la région (série A)","Ensemble TOGO","Total","Pourcentage","2017","44.2"
"Taux de réussite au BAC_II selon le sexe et la région (série A)","Ensemble TOGO","Total","Pourcentage","2018","63.2"
"Taux de réussite au BAC_II selon le sexe et la région (série A)","Ensemble TOGO","Total","Pourcentage","2019","55.9"
"Taux de réussite au BAC_II selon le sexe et la région (série A)","Ensemble TOGO","Masculin","Pourcentage","2014","51.4"
"Taux de réussite au BAC_II selon le sexe et la région (série A)","Ensemble TOGO","Masculin","Pourcentage","2015","42.2"
"Taux de réussite au BAC_II selon le sexe et la région (série A)","Ensemble TOGO","Masculin","Pourcentage","2016","55.4"
"Taux de réussite au BAC_II selon le sexe et la région (série A)","Ensemble TOGO","Masculin","Pourcentage","2017","45.1"
"Taux de réussite au BAC_II selon le sexe et la région (série A)","Ensemble TOGO","Masculin","Pourcentage","2018","63.4"
"Taux de réussite au BAC_II selon le sexe et la région (série A)","Ensemble TOGO","Masculin","Pourcentage","2019","54.8"
"Taux de réussite au BAC_II selon le sexe et la région (série A)","Ensemble TOGO","Fémin","Pourcentage","2014","48.8"
"Taux de réussite au BAC_II selon le sexe et la région (série A)","Ensemble TOGO","Fémin","Pourcentage","2015","1.2"
"Taux de réussite au BAC_II selon le sexe et la région (série A)","Ensemble TOGO","Fémin","Pourcentage","2016","50.9"
"Taux de réussite au BAC_II selon le sexe et la région (série A)","Ensemble TOGO","Fémin","Pourcentage","2017","42.6"
"Taux de réussite au BAC_II selon le sexe et la région (série A)","Ensemble TOGO","Fémin","Pourcentage","2018","62.8"
"Taux de réussite au BAC_II selon le sexe et la région (série A)","Ensemble TOGO","Fémin","Pourcentage","2019","57.7"
"Taux de réussite au BAC_II selon le sexe et la région (série A)","T.R.Lomé-Golfe","Total","Pourcentage","2014","58.8"
"Taux de réussite au BAC_II selon le sexe et la région (série A)","T.R.Lomé-Golfe","Total","Pourcentage","2015","61.5"
"Taux de réussite au BAC_II selon le sexe et la région (série A)","T.R.Lomé-Golfe","Total","Pourcentage","2016","62.3"
"Taux de réussite au BAC_II selon le sexe et la région (série A)","T.R.Lomé-Golfe","Total","Pourcentage","2017","58.2"
"Taux de réussite au BAC_II selon le sexe et la région (série A)","T.R.Lomé-Golfe","Total","Pourcentage","2018","75.1"
"Taux de réussite au BAC_II selon le sexe et la région (série A)","T.R.Lomé-Golfe","Total","Pourcentage","2019","70.9"
"Taux de réussite au BAC_II selon le sexe et la région (série A)","T.R.Lomé-Golfe","Masculin","Pourcentage","2014","59.1"
"Taux de réussite au BAC_II selon le sexe et la région (série A)","T.R.Lomé-Golfe","Masculin","Pourcentage","2015","61.1"
"Taux de réussite au BAC_II selon le sexe et la région (série A)","T.R.Lomé-Golfe","Masculin","Pourcentage","2016","62.9"
"Taux de réussite au BAC_II selon le sexe et la région (série A)","T.R.Lomé-Golfe","Masculin","Pourcentage","2017","58.6"
"Taux de réussite au BAC_II selon le sexe et la région (série A)","T.R.Lomé-Golfe","Masculin","Pourcentage","2018","75.9"
"Taux de réussite au BAC_II selon le sexe et la région (série A)","T.R.Lomé-Golfe","Masculin","Pourcentage","2019","70.1"
"Taux de réussite au BAC_II selon le sexe et la région (série A)","T.R.Lomé-Golfe","Fémin","Pourcentage","2014","58.4"
"Taux de réussite au BAC_II selon le sexe et la région (série A)","T.R.Lomé-Golfe","Fémin","Pourcentage","2015","3.1"
"Taux de réussite au BAC_II selon le sexe et la région (série A)","T.R.Lomé-Golfe","Fémin","Pourcentage","2016","61.5"
"Taux de réussite au BAC_II selon le sexe et la région (série A)","T.R.Lomé-Golfe","Fémin","Pourcentage","2017","57.7"
"Taux de réussite au BAC_II selon le sexe et la région (série A)","T.R.Lomé-Golfe","Fémin","Pourcentage","2018","74.3"
"Taux de réussite au BAC_II selon le sexe et la région (série A)","T.R.Lomé-Golfe","Fémin","Pourcentage","2019","71.8"
"Taux de réussite au BAC_II selon le sexe et la région (série A)","LOME-COMMUNE","Total","Pourcentage","2014","59.8"
"Taux de réussite au BAC_II selon le sexe et la région (série A)","LOME-COMMUNE","Total","Pourcentage","2015","61.7"
"Taux de réussite au BAC_II selon le sexe et la région (série A)","LOME-COMMUNE","Total","Pourcentage","2016","60.4"
"Taux de réussite au BAC_II selon le sexe et la région (série A)","LOME-COMMUNE","Total","Pourcentage","2017","65.3"
"Taux de réussite au BAC_II selon le sexe et la région (série A)","LOME-COMMUNE","Total","Pourcentage","2018","74.2"
"Taux de réussite au BAC_II selon le sexe et la région (série A)","LOME-COMMUNE","Total","Pourcentage","2019","71.7"
"Taux de réussite au BAC_II selon le sexe et la région (série A)","LOME-COMMUNE","Masculin","Pourcentage","2014","58.9"
"Taux de réussite au BAC_II selon le sexe et la région (série A)","LOME-COMMUNE","Masculin","Pourcentage","2015","60.4"
"Taux de réussite au BAC_II selon le sexe et la région (série A)","LOME-COMMUNE","Masculin","Pourcentage","2016","61.3"
"Taux de réussite au BAC_II selon le sexe et la région (série A)","LOME-COMMUNE","Masculin","Pourcentage","2017","64.2"
"Taux de réussite au BAC_II selon le sexe et la région (série A)","LOME-COMMUNE","Masculin","Pourcentage","2018","75.4"
"Taux de réussite au BAC_II selon le sexe et la région (série A)","LOME-COMMUNE","Masculin","Pourcentage","2019","69"
"Taux de réussite au BAC_II selon le sexe et la région (série A)","LOME-COMMUNE","Fémin","Pourcentage","2014","60.8"
"Taux de réussite au BAC_II selon le sexe et la région (série A)","LOME-COMMUNE","Fémin","Pourcentage","2015","5.5"
"Taux de réussite au BAC_II selon le sexe et la région (série A)","LOME-COMMUNE","Fémin","Pourcentage","2016","59.4"
"Taux de réussite au BAC_II selon le sexe et la région (série A)","LOME-COMMUNE","Fémin","Pourcentage","2017","66.5"
"Taux de réussite au BAC_II selon le sexe et la région (série A)","LOME-COMMUNE","Fémin","Pourcentage","2018","72.8"
"Taux de réussite au BAC_II selon le sexe et la région (série A)","LOME-COMMUNE","Fémin","Pourcentage","2019","74.8"
"Taux de réussite au BAC_II selon le sexe et la région (série A)","GOLFE","Total","Pourcentage","2014","57.5"
"Taux de réussite au BAC_II selon le sexe et la région (série A)","GOLFE","Total","Pourcentage","2015","61.3"
"Taux de réussite au BAC_II selon le sexe et la région (série A)","GOLFE","Total","Pourcentage","2016","64"
"Taux de réussite au BAC_II selon le sexe et la région (série A)","GOLFE","Total","Pourcentage","2017","51.8"
"Taux de réussite au BAC_II selon le sexe et la région (série A)","GOLFE","Total","Pourcentage","2018","76"
"Taux de réussite au BAC_II selon le sexe et la région (série A)","GOLFE","Total","Pourcentage","2019","70.2"
"Taux de réussite au BAC_II selon le sexe et la région (série A)","GOLFE","Masculin","Pourcentage","2014","59.3"
"Taux de réussite au BAC_II selon le sexe et la région (série A)","GOLFE","Masculin","Pourcentage","2015","62"
"Taux de réussite au BAC_II selon le sexe et la région (série A)","GOLFE","Masculin","Pourcentage","2016","64.4"
"Taux de réussite au BAC_II selon le sexe et la région (série A)","GOLFE","Masculin","Pourcentage","2017","53.9"
"Taux de réussite au BAC_II selon le sexe et la région (série A)","GOLFE","Masculin","Pourcentage","2018","76.3"
"Taux de réussite au BAC_II selon le sexe et la région (série A)","GOLFE","Masculin","Pourcentage","2019","71.1"
"Taux de réussite au BAC_II selon le sexe et la région (série A)","GOLFE","Fémin","Pourcentage","2014","55.2"
"Taux de réussite au BAC_II selon le sexe et la région (série A)","GOLFE","Fémin","Pourcentage","2015","0.5"
"Taux de réussite au BAC_II selon le sexe et la région (série A)","GOLFE","Fémin","Pourcentage","2016","63.5"
"Taux de réussite au BAC_II selon le sexe et la région (série A)","GOLFE","Fémin","Pourcentage","2017","49.4"
"Taux de réussite au BAC_II selon le sexe et la région (série A)","GOLFE","Fémin","Pourcentage","2018","75.7"
"Taux de réussite au BAC_II selon le sexe et la région (série A)","GOLFE","Fémin","Pourcentage","2019","69.2"
"Taux de réussite au BAC_II selon le sexe et la région (série A)","T.R.Maritime","Total","Pourcentage","2014","51.8"
"Taux de réussite au BAC_II selon le sexe et la région (série A)","T.R.Maritime","Total","Pourcentage","2015","43.1"
"Taux de réussite au BAC_II selon le sexe et la région (série A)","T.R.Maritime","Total","Pourcentage","2016","61.5"
"Taux de réussite au BAC_II selon le sexe et la région (série A)","T.R.Maritime","Total","Pourcentage","2017","45.5"
"Taux de réussite au BAC_II selon le sexe et la région (série A)","T.R.Maritime","Total","Pourcentage","2018","62.6"
"Taux de réussite au BAC_II selon le sexe et la région (série A)","T.R.Maritime","Total","Pourcentage","2019","57.8"
"Taux de réussite au BAC_II selon le sexe et la région (série A)","T.R.Maritime","Masculin","Pourcentage","2014","53.8"
"Taux de réussite au BAC_II selon le sexe et la région (série A)","T.R.Maritime","Masculin","Pourcentage","2015","44.6"
"Taux de réussite au BAC_II selon le sexe et la région (série A)","T.R.Maritime","Masculin","Pourcentage","2016","64.4"
"Taux de réussite au BAC_II selon le sexe et la région (série A)","T.R.Maritime","Masculin","Pourcentage","2017","46.7"
"Taux de réussite au BAC_II selon le sexe et la région (série A)","T.R.Maritime","Masculin","Pourcentage","2018","63.8"
"Taux de réussite au BAC_II selon le sexe et la région (série A)","T.R.Maritime","Masculin","Pourcentage","2019","57.3"
"Taux de réussite au BAC_II selon le sexe et la région (série A)","T.R.Maritime","Fémin","Pourcentage","2014","46.1"
"Taux de réussite au BAC_II selon le sexe et la région (série A)","T.R.Maritime","Fémin","Pourcentage","2015","0"
"Taux de réussite au BAC_II selon le sexe et la région (série A)","T.R.Maritime","Fémin","Pourcentage","2016","55.2"
"Taux de réussite au BAC_II selon le sexe et la région (série A)","T.R.Maritime","Fémin","Pourcentage","2017","42.8"
"Taux de réussite au BAC_II selon le sexe et la région (série A)","T.R.Maritime","Fémin","Pourcentage","2018","60.1"
"Taux de réussite au BAC_II selon le sexe et la région (série A)","T.R.Maritime","Fémin","Pourcentage","2019","58.7"
"Taux de réussite au BAC_II selon le sexe et la région (série A)","AVE","Total","Pourcentage","2014","51.2"
"Taux de réussite au BAC_II selon le sexe et la région (série A)","AVE","Total","Pourcentage","2015","51.1"
"Taux de réussite au BAC_II selon le sexe et la région (série A)","AVE","Total","Pourcentage","2016","50.2"
"Taux de réussite au BAC_II selon le sexe et la région (série A)","AVE","Total","Pourcentage","2017","36.2"
"Taux de réussite au BAC_II selon le sexe et la région (série A)","AVE","Total","Pourcentage","2018","53.4"
"Taux de réussite au BAC_II selon le sexe et la région (série A)","AVE","Total","Pourcentage","2019","48.1"
"Taux de réussite au BAC_II selon le sexe et la région (série A)","AVE","Masculin","Pourcentage","2014","55.2"
"Taux de réussite au BAC_II selon le sexe et la région (série A)","AVE","Masculin","Pourcentage","2015","51.3"
"Taux de réussite au BAC_II selon le sexe et la région (série A)","AVE","Masculin","Pourcentage","2016","65.8"
"Taux de réussite au BAC_II selon le sexe et la région (série A)","AVE","Masculin","Pourcentage","2017","37.1"
"Taux de réussite au BAC_II selon le sexe et la région (série A)","AVE","Masculin","Pourcentage","2018","54.5"
"Taux de réussite au BAC_II selon le sexe et la région (série A)","AVE","Masculin","Pourcentage","2019","46.8"
"Taux de réussite au BAC_II selon le sexe et la région (série A)","AVE","Fémin","Pourcentage","2014","40.7"
"Taux de réussite au BAC_II selon le sexe et la région (série A)","AVE","Fémin","Pourcentage","2015","0"
"Taux de réussite au BAC_II selon le sexe et la région (série A)","AVE","Fémin","Pourcentage","2016","27.4"
"Taux de réussite au BAC_II selon le sexe et la région (série A)","AVE","Fémin","Pourcentage","2017","34.1"
"Taux de réussite au BAC_II selon le sexe et la région (série A)","AVE","Fémin","Pourcentage","2018","50.4"
"Taux de réussite au BAC_II selon le sexe et la région (série A)","AVE","Fémin","Pourcentage","2019","51.5"
"Taux de réussite au BAC_II selon le sexe et la région (série A)","BAS MONO","Total","Pourcentage","2014","51.7"
"Taux de réussite au BAC_II selon le sexe et la région (série A)","BAS MONO","Total","Pourcentage","2015","42"
"Taux de réussite au BAC_II selon le sexe et la région (série A)","BAS MONO","Total","Pourcentage","2016","68.3"
"Taux de réussite au BAC_II selon le sexe et la région (série A)","BAS MONO","Total","Pourcentage","2017","53.8"
"Taux de réussite au BAC_II selon le sexe et la région (série A)","BAS MONO","Total","Pourcentage","2018","61.3"
"Taux de réussite au BAC_II selon le sexe et la région (série A)","BAS MONO","Total","Pourcentage","2019","62.3"
"Taux de réussite au BAC_II selon le sexe et la région (série A)","BAS MONO","Masculin","Pourcentage","2014","53"
"Taux de réussite au BAC_II selon le sexe et la région (série A)","BAS MONO","Masculin","Pourcentage","2015","42.9"
"Taux de réussite au BAC_II selon le sexe et la région (série A)","BAS MONO","Masculin","Pourcentage","2016","73.4"
"Taux de réussite au BAC_II selon le sexe et la région (série A)","BAS MONO","Masculin","Pourcentage","2017","53.6"
"Taux de réussite au BAC_II selon le sexe et la région (série A)","BAS MONO","Masculin","Pourcentage","2018","64.4"
"Taux de réussite au BAC_II selon le sexe et la région (série A)","BAS MONO","Masculin","Pourcentage","2019","63.2"
"Taux de réussite au BAC_II selon le sexe et la région (série A)","BAS MONO","Fémin","Pourcentage","2014","46.2"
"Taux de réussite au BAC_II selon le sexe et la région (série A)","BAS MONO","Fémin","Pourcentage","2015","0"
"Taux de réussite au BAC_II selon le sexe et la région (série A)","BAS MONO","Fémin","Pourcentage","2016","48.1"
"Taux de réussite au BAC_II selon le sexe et la région (série A)","BAS MONO","Fémin","Pourcentage","2017","54.3"
"Taux de réussite au BAC_II selon le sexe et la région (série A)","BAS MONO","Fémin","Pourcentage","2018","53.1"
"Taux de réussite au BAC_II selon le sexe et la région (série A)","BAS MONO","Fémin","Pourcentage","2019","60.2"
"Taux de réussite au BAC_II selon le sexe et la région (série A)","LACS","Total","Pourcentage","2014","45.2"
"Taux de réussite au BAC_II selon le sexe et la région (série A)","LACS","Total","Pourcentage","2015","36.9"
"Taux de réussite au BAC_II selon le sexe et la région (série A)","LACS","Total","Pourcentage","2016","64.1"
"Taux de réussite au BAC_II selon le sexe et la région (série A)","LACS","Total","Pourcentage","2017","52.9"
"Taux de réussite au BAC_II selon le sexe et la région (série A)","LACS","Total","Pourcentage","2018","61.8"
"Taux de réussite au BAC_II selon le sexe et la région (série A)","LACS","Total","Pourcentage","2019","55.3"
"Taux de réussite au BAC_II selon le sexe et la région (série A)","LACS","Masculin","Pourcentage","2014","46.7"
"Taux de réussite au BAC_II selon le sexe et la région (série A)","LACS","Masculin","Pourcentage","2015","36.8"
"Taux de réussite au BAC_II selon le sexe et la région (série A)","LACS","Masculin","Pourcentage","2016","66.4"
"Taux de réussite au BAC_II selon le sexe et la région (série A)","LACS","Masculin","Pourcentage","2017","55.7"
"Taux de réussite au BAC_II selon le sexe et la région (série A)","LACS","Masculin","Pourcentage","2018","62.7"
"Taux de réussite au BAC_II selon le sexe et la région (série A)","LACS","Masculin","Pourcentage","2019","55.1"
"Taux de réussite au BAC_II selon le sexe et la région (série A)","LACS","Fémin","Pourcentage","2014","42.2"
"Taux de réussite au BAC_II selon le sexe et la région (série A)","LACS","Fémin","Pourcentage","2015","0"
"Taux de réussite au BAC_II selon le sexe et la région (série A)","LACS","Fémin","Pourcentage","2016","60.2"
"Taux de réussite au BAC_II selon le sexe et la région (série A)","LACS","Fémin","Pourcentage","2017","48.5"
"Taux de réussite au BAC_II selon le sexe et la région (série A)","LACS","Fémin","Pourcentage","2018","60.3"
"Taux de réussite au BAC_II selon le sexe et la région (série A)","LACS","Fémin","Pourcentage","2019","55.6"
"Taux de réussite au BAC_II selon le sexe et la région (série A)","VO","Total","Pourcentage","2014","42.1"
"Taux de réussite au BAC_II selon le sexe et la région (série A)","VO","Total","Pourcentage","2015","37.3"
"Taux de réussite au BAC_II selon le sexe et la région (série A)","VO","Total","Pourcentage","2016","57.9"
"Taux de réussite au BAC_II selon le sexe et la région (série A)","VO","Total","Pourcentage","2017","43.1"
"Taux de réussite au BAC_II selon le sexe et la région (série A)","VO","Total","Pourcentage","2018","63.3"
"Taux de réussite au BAC_II selon le sexe et la région (série A)","VO","Total","Pourcentage","2019","67.6"
"Taux de réussite au BAC_II selon le sexe et la région (série A)","VO","Masculin","Pourcentage","2014","44.8"
"Taux de réussite au BAC_II selon le sexe et la région (série A)","VO","Masculin","Pourcentage","2015","39.1"
"Taux de réussite au BAC_II selon le sexe et la région (série A)","VO","Masculin","Pourcentage","2016","59.5"
"Taux de réussite au BAC_II selon le sexe et la région (série A)","VO","Masculin","Pourcentage","2017","46"
"Taux de réussite au BAC_II selon le sexe et la région (série A)","VO","Masculin","Pourcentage","2018","65.2"
"Taux de réussite au BAC_II selon le sexe et la région (série A)","VO","Masculin","Pourcentage","2019","68.2"
"Taux de réussite au BAC_II selon le sexe et la région (série A)","VO","Fémin","Pourcentage","2014","30.8"
"Taux de réussite au BAC_II selon le sexe et la région (série A)","VO","Fémin","Pourcentage","2015","0"
"Taux de réussite au BAC_II selon le sexe et la région (série A)","VO","Fémin","Pourcentage","2016","52.6"
"Taux de réussite au BAC_II selon le sexe et la région (série A)","VO","Fémin","Pourcentage","2017","34.5"
"Taux de réussite au BAC_II selon le sexe et la région (série A)","VO","Fémin","Pourcentage","2018","58.3"
"Taux de réussite au BAC_II selon le sexe et la région (série A)","VO","Fémin","Pourcentage","2019","65.7"
"Taux de réussite au BAC_II selon le sexe et la région (série A)","YOTO","Total","Pourcentage","2014","58.7"
"Taux de réussite au BAC_II selon le sexe et la région (série A)","YOTO","Total","Pourcentage","2015","39.3"
"Taux de réussite au BAC_II selon le sexe et la région (série A)","YOTO","Total","Pourcentage","2016","64"
"Taux de réussite au BAC_II selon le sexe et la région (série A)","YOTO","Total","Pourcentage","2017","45.5"
"Taux de réussite au BAC_II selon le sexe et la région (série A)","YOTO","Total","Pourcentage","2018","63.4"
"Taux de réussite au BAC_II selon le sexe et la région (série A)","YOTO","Total","Pourcentage","2019","55.2"
"Taux de réussite au BAC_II selon le sexe et la région (série A)","YOTO","Masculin","Pourcentage","2014","60.4"
"Taux de réussite au BAC_II selon le sexe et la région (série A)","YOTO","Masculin","Pourcentage","2015","40.9"
"Taux de réussite au BAC_II selon le sexe et la région (série A)","YOTO","Masculin","Pourcentage","2016","65.8"
"Taux de réussite au BAC_II selon le sexe et la région (série A)","YOTO","Masculin","Pourcentage","2017","47.1"
"Taux de réussite au BAC_II selon le sexe et la région (série A)","YOTO","Masculin","Pourcentage","2018","65.2"
"Taux de réussite au BAC_II selon le sexe et la région (série A)","YOTO","Masculin","Pourcentage","2019","56.6"
"Taux de réussite au BAC_II selon le sexe et la région (série A)","YOTO","Fémin","Pourcentage","2014","52.8"
"Taux de réussite au BAC_II selon le sexe et la région (série A)","YOTO","Fémin","Pourcentage","2015","0"
"Taux de réussite au BAC_II selon le sexe et la région (série A)","YOTO","Fémin","Pourcentage","2016","58.6"
"Taux de réussite au BAC_II selon le sexe et la région (série A)","YOTO","Fémin","Pourcentage","2017","40.4"
"Taux de réussite au BAC_II selon le sexe et la région (série A)","YOTO","Fémin","Pourcentage","2018","58.4"
"Taux de réussite au BAC_II selon le sexe et la région (série A)","YOTO","Fémin","Pourcentage","2019","51.1"
"Taux de réussite au BAC_II selon le sexe et la région (série A)","ZIO","Total","Pourcentage","2014","63.4"
"Taux de réussite au BAC_II selon le sexe et la région (série A)","ZIO","Total","Pourcentage","2015","49.8"
"Taux de réussite au BAC_II selon le sexe et la région (série A)","ZIO","Total","Pourcentage","2016","63.1"
"Taux de réussite au BAC_II selon le sexe et la région (série A)","ZIO","Total","Pourcentage","2017","44.5"
"Taux de réussite au BAC_II selon le sexe et la région (série A)","ZIO","Total","Pourcentage","2018","64.8"
"Taux de réussite au BAC_II selon le sexe et la région (série A)","ZIO","Total","Pourcentage","2019","57"
"Taux de réussite au BAC_II selon le sexe et la région (série A)","ZIO","Masculin","Pourcentage","2014","66.1"
"Taux de réussite au BAC_II selon le sexe et la région (série A)","ZIO","Masculin","Pourcentage","2015","54"
"Taux de réussite au BAC_II selon le sexe et la région (série A)","ZIO","Masculin","Pourcentage","2016","64"
"Taux de réussite au BAC_II selon le sexe et la région (série A)","ZIO","Masculin","Pourcentage","2017","44.6"
"Taux de réussite au BAC_II selon le sexe et la région (série A)","ZIO","Masculin","Pourcentage","2018","65.6"
"Taux de réussite au BAC_II selon le sexe et la région (série A)","ZIO","Masculin","Pourcentage","2019","54.9"
"Taux de réussite au BAC_II selon le sexe et la région (série A)","ZIO","Fémin","Pourcentage","2014","57.6"
"Taux de réussite au BAC_II selon le sexe et la région (série A)","ZIO","Fémin","Pourcentage","2015","0"
"Taux de réussite au BAC_II selon le sexe et la région (série A)","ZIO","Fémin","Pourcentage","2016","61.5"
"Taux de réussite au BAC_II selon le sexe et la région (série A)","ZIO","Fémin","Pourcentage","2017","44.4"
"Taux de réussite au BAC_II selon le sexe et la région (série A)","ZIO","Fémin","Pourcentage","2018","63.6"
"Taux de réussite au BAC_II selon le sexe et la région (série A)","ZIO","Fémin","Pourcentage","2019","60.4"
"Taux de réussite au BAC_II selon le sexe et la région (série A)","T.R.Plateaux","Total","Pourcentage","2014","48.3"
"Taux de réussite au BAC_II selon le sexe et la région (série A)","T.R.Plateaux","Total","Pourcentage","2015","41.7"
"Taux de réussite au BAC_II selon le sexe et la région (série A)","T.R.Plateaux","Total","Pourcentage","2016","50.8"
"Taux de réussite au BAC_II selon le sexe et la région (série A)","T.R.Plateaux","Total","Pourcentage","2017","42.8"
"Taux de réussite au BAC_II selon le sexe et la région (série A)","T.R.Plateaux","Total","Pourcentage","2018","55.5"
"Taux de réussite au BAC_II selon le sexe et la région (série A)","T.R.Plateaux","Total","Pourcentage","2019","45"
"Taux de réussite au BAC_II selon le sexe et la région (série A)","T.R.Plateaux","Masculin","Pourcentage","2014","50.7"
"Taux de réussite au BAC_II selon le sexe et la région (série A)","T.R.Plateaux","Masculin","Pourcentage","2015","43.3"
"Taux de réussite au BAC_II selon le sexe et la région (série A)","T.R.Plateaux","Masculin","Pourcentage","2016","53.2"
"Taux de réussite au BAC_II selon le sexe et la région (série A)","T.R.Plateaux","Masculin","Pourcentage","2017","44.1"
"Taux de réussite au BAC_II selon le sexe et la région (série A)","T.R.Plateaux","Masculin","Pourcentage","2018","56.8"
"Taux de réussite au BAC_II selon le sexe et la région (série A)","T.R.Plateaux","Masculin","Pourcentage","2019","45.1"
"Taux de réussite au BAC_II selon le sexe et la région (série A)","T.R.Plateaux","Fémin","Pourcentage","2014","42"
"Taux de réussite au BAC_II selon le sexe et la région (série A)","T.R.Plateaux","Fémin","Pourcentage","2015","0.1"
"Taux de réussite au BAC_II selon le sexe et la région (série A)","T.R.Plateaux","Fémin","Pourcentage","2016","45.2"
"Taux de réussite au BAC_II selon le sexe et la région (série A)","T.R.Plateaux","Fémin","Pourcentage","2017","39.8"
"Taux de réussite au BAC_II selon le sexe et la région (série A)","T.R.Plateaux","Fémin","Pourcentage","2018","52.7"
"Taux de réussite au BAC_II selon le sexe et la région (série A)","T.R.Plateaux","Fémin","Pourcentage","2019","44.9"
"Taux de réussite au BAC_II selon le sexe et la région (série A)","AGOU","Total","Pourcentage","2014","55.6"
"Taux de réussite au BAC_II selon le sexe et la région (série A)","AGOU","Total","Pourcentage","2015","45.5"
"Taux de réussite au BAC_II selon le sexe et la région (série A)","AGOU","Total","Pourcentage","2016","52.9"
"Taux de réussite au BAC_II selon le sexe et la région (série A)","AGOU","Total","Pourcentage","2017","41.9"
"Taux de réussite au BAC_II selon le sexe et la région (série A)","AGOU","Total","Pourcentage","2018","56.5"
"Taux de réussite au BAC_II selon le sexe et la région (série A)","AGOU","Total","Pourcentage","2019","52.5"
"Taux de réussite au BAC_II selon le sexe et la région (série A)","AGOU","Masculin","Pourcentage","2014","57.4"
"Taux de réussite au BAC_II selon le sexe et la région (série A)","AGOU","Masculin","Pourcentage","2015","48.6"
"Taux de réussite au BAC_II selon le sexe et la région (série A)","AGOU","Masculin","Pourcentage","2016","57.9"
"Taux de réussite au BAC_II selon le sexe et la région (série A)","AGOU","Masculin","Pourcentage","2017","43.7"
"Taux de réussite au BAC_II selon le sexe et la région (série A)","AGOU","Masculin","Pourcentage","2018","62.6"
"Taux de réussite au BAC_II selon le sexe et la région (série A)","AGOU","Masculin","Pourcentage","2019","52.2"
"Taux de réussite au BAC_II selon le sexe et la région (série A)","AGOU","Fémin","Pourcentage","2014","50"
"Taux de réussite au BAC_II selon le sexe et la région (série A)","AGOU","Fémin","Pourcentage","2015","0"
"Taux de réussite au BAC_II selon le sexe et la région (série A)","AGOU","Fémin","Pourcentage","2016","41.7"
"Taux de réussite au BAC_II selon le sexe et la région (série A)","AGOU","Fémin","Pourcentage","2017","38.5"
"Taux de réussite au BAC_II selon le sexe et la région (série A)","AGOU","Fémin","Pourcentage","2018","44.4"
"Taux de réussite au BAC_II selon le sexe et la région (série A)","AGOU","Fémin","Pourcentage","2019","53.1"
"Taux de réussite au BAC_II selon le sexe et la région (série A)","AKEBOU","Total","Pourcentage","2014","31.9"
"Taux de réussite au BAC_II selon le sexe et la région (série A)","AKEBOU","Total","Pourcentage","2015","24.5"
"Taux de réussite au BAC_II selon le sexe et la région (série A)","AKEBOU","Total","Pourcentage","2016","47.1"
"Taux de réussite au BAC_II selon le sexe et la région (série A)","AKEBOU","Total","Pourcentage","2017","5.1"
"Taux de réussite au BAC_II selon le sexe et la région (série A)","AKEBOU","Total","Pourcentage","2018","36.1"
"Taux de réussite au BAC_II selon le sexe et la région (série A)","AKEBOU","Total","Pourcentage","2019","32.1"
"Taux de réussite au BAC_II selon le sexe et la région (série A)","AKEBOU","Masculin","Pourcentage","2014","35.4"
"Taux de réussite au BAC_II selon le sexe et la région (série A)","AKEBOU","Masculin","Pourcentage","2015","23.4"
"Taux de réussite au BAC_II selon le sexe et la région (série A)","AKEBOU","Masculin","Pourcentage","2016","49.1"
"Taux de réussite au BAC_II selon le sexe et la région (série A)","AKEBOU","Masculin","Pourcentage","2017","3.4"
"Taux de réussite au BAC_II selon le sexe et la région (série A)","AKEBOU","Masculin","Pourcentage","2018","35.4"
"Taux de réussite au BAC_II selon le sexe et la région (série A)","AKEBOU","Masculin","Pourcentage","2019","32"
"Taux de réussite au BAC_II selon le sexe et la région (série A)","AKEBOU","Fémin","Pourcentage","2014","0"
"Taux de réussite au BAC_II selon le sexe et la région (série A)","AKEBOU","Fémin","Pourcentage","2015","0"
"Taux de réussite au BAC_II selon le sexe et la région (série A)","AKEBOU","Fémin","Pourcentage","2016","33.3"
"Taux de réussite au BAC_II selon le sexe et la région (série A)","AKEBOU","Fémin","Pourcentage","2017","17.9"
"Taux de réussite au BAC_II selon le sexe et la région (série A)","AKEBOU","Fémin","Pourcentage","2018","40.9"
"Taux de réussite au BAC_II selon le sexe et la région (série A)","AKEBOU","Fémin","Pourcentage","2019","33.3"
"Taux de réussite au BAC_II selon le sexe et la région (série A)","AMOU","Total","Pourcentage","2014","47.7"
"Taux de réussite au BAC_II selon le sexe et la région (série A)","AMOU","Total","Pourcentage","2015","44"
"Taux de réussite au BAC_II selon le sexe et la région (série A)","AMOU","Total","Pourcentage","2016","50.2"
"Taux de réussite au BAC_II selon le sexe et la région (série A)","AMOU","Total","Pourcentage","2017","45.9"
"Taux de réussite au BAC_II selon le sexe et la région (série A)","AMOU","Total","Pourcentage","2018","62.2"
"Taux de réussite au BAC_II selon le sexe et la région (série A)","AMOU","Total","Pourcentage","2019","51.1"
"Taux de réussite au BAC_II selon le sexe et la région (série A)","AMOU","Masculin","Pourcentage","2014","50.1"
"Taux de réussite au BAC_II selon le sexe et la région (série A)","AMOU","Masculin","Pourcentage","2015","46.4"
"Taux de réussite au BAC_II selon le sexe et la région (série A)","AMOU","Masculin","Pourcentage","2016","51.6"
"Taux de réussite au BAC_II selon le sexe et la région (série A)","AMOU","Masculin","Pourcentage","2017","48.9"
"Taux de réussite au BAC_II selon le sexe et la région (série A)","AMOU","Masculin","Pourcentage","2018","62.6"
"Taux de réussite au BAC_II selon le sexe et la région (série A)","AMOU","Masculin","Pourcentage","2019","51.3"
"Taux de réussite au BAC_II selon le sexe et la région (série A)","AMOU","Fémin","Pourcentage","2014","41.2"
"Taux de réussite au BAC_II selon le sexe et la région (série A)","AMOU","Fémin","Pourcentage","2015","0"
"Taux de réussite au BAC_II selon le sexe et la région (série A)","AMOU","Fémin","Pourcentage","2016","47.3"
"Taux de réussite au BAC_II selon le sexe et la région (série A)","AMOU","Fémin","Pourcentage","2017","39.5"
"Taux de réussite au BAC_II selon le sexe et la région (série A)","AMOU","Fémin","Pourcentage","2018","61.6"
"Taux de réussite au BAC_II selon le sexe et la région (série A)","AMOU","Fémin","Pourcentage","2019","50.5"
"Taux de réussite au BAC_II selon le sexe et la région (série A)","ANIE","Total","Pourcentage","2014","49.2"
"Taux de réussite au BAC_II selon le sexe et la région (série A)","ANIE","Total","Pourcentage","2015","30.4"
"Taux de réussite au BAC_II selon le sexe et la région (série A)","ANIE","Total","Pourcentage","2016","56"
"Taux de réussite au BAC_II selon le sexe et la région (série A)","ANIE","Total","Pourcentage","2017","37.1"
"Taux de réussite au BAC_II selon le sexe et la région (série A)","ANIE","Total","Pourcentage","2018","32.4"
"Taux de réussite au BAC_II selon le sexe et la région (série A)","ANIE","Total","Pourcentage","2019","30.2"
"Taux de réussite au BAC_II selon le sexe et la région (série A)","ANIE","Masculin","Pourcentage","2014","51.6"
"Taux de réussite au BAC_II selon le sexe et la région (série A)","ANIE","Masculin","Pourcentage","2015","31.1"
"Taux de réussite au BAC_II selon le sexe et la région (série A)","ANIE","Masculin","Pourcentage","2016","57.2"
"Taux de réussite au BAC_II selon le sexe et la région (série A)","ANIE","Masculin","Pourcentage","2017","40.3"
"Taux de réussite au BAC_II selon le sexe et la région (série A)","ANIE","Masculin","Pourcentage","2018","35.4"
"Taux de réussite au BAC_II selon le sexe et la région (série A)","ANIE","Masculin","Pourcentage","2019","29.4"
"Taux de réussite au BAC_II selon le sexe et la région (série A)","ANIE","Fémin","Pourcentage","2014","40.7"
"Taux de réussite au BAC_II selon le sexe et la région (série A)","ANIE","Fémin","Pourcentage","2015","0"
"Taux de réussite au BAC_II selon le sexe et la région (série A)","ANIE","Fémin","Pourcentage","2016","52.5"
"Taux de réussite au BAC_II selon le sexe et la région (série A)","ANIE","Fémin","Pourcentage","2017","29.3"
"Taux de réussite au BAC_II selon le sexe et la région (série A)","ANIE","Fémin","Pourcentage","2018","23.5"
"Taux de réussite au BAC_II selon le sexe et la région (série A)","ANIE","Fémin","Pourcentage","2019","32.5"
"Taux de réussite au BAC_II selon le sexe et la région (série A)","DAYES","Total","Pourcentage","2014","67.2"
"Taux de réussite au BAC_II selon le sexe et la région (série A)","DAYES","Total","Pourcentage","2015","30.9"
"Taux de réussite au BAC_II selon le sexe et la région (série A)","DAYES","Total","Pourcentage","2016","46.4"
"Taux de réussite au BAC_II selon le sexe et la région (série A)","DAYES","Total","Pourcentage","2017","39.8"
"Taux de réussite au BAC_II selon le sexe et la région (série A)","DAYES","Total","Pourcentage","2018","73.3"
"Taux de réussite au BAC_II selon le sexe et la région (série A)","DAYES","Total","Pourcentage","2019","39.8"
"Taux de réussite au BAC_II selon le sexe et la région (série A)","DAYES","Masculin","Pourcentage","2014","72.9"
"Taux de réussite au BAC_II selon le sexe et la région (série A)","DAYES","Masculin","Pourcentage","2015","31"
"Taux de réussite au BAC_II selon le sexe et la région (série A)","DAYES","Masculin","Pourcentage","2016","48.3"
"Taux de réussite au BAC_II selon le sexe et la région (série A)","DAYES","Masculin","Pourcentage","2017","42.6"
"Taux de réussite au BAC_II selon le sexe et la région (série A)","DAYES","Masculin","Pourcentage","2018","76.3"
"Taux de réussite au BAC_II selon le sexe et la région (série A)","DAYES","Masculin","Pourcentage","2019","36.7"
"Taux de réussite au BAC_II selon le sexe et la région (série A)","DAYES","Fémin","Pourcentage","2014","51.6"
"Taux de réussite au BAC_II selon le sexe et la région (série A)","DAYES","Fémin","Pourcentage","2015","0"
"Taux de réussite au BAC_II selon le sexe et la région (série A)","DAYES","Fémin","Pourcentage","2016","42"
"Taux de réussite au BAC_II selon le sexe et la région (série A)","DAYES","Fémin","Pourcentage","2017","32.8"
"Taux de réussite au BAC_II selon le sexe et la région (série A)","DAYES","Fémin","Pourcentage","2018","65.5"
"Taux de réussite au BAC_II selon le sexe et la région (série A)","DAYES","Fémin","Pourcentage","2019","44.7"
"Taux de réussite au BAC_II selon le sexe et la région (série A)","EST-MONO","Total","Pourcentage","2014","48.1"
"Taux de réussite au BAC_II selon le sexe et la région (série A)","EST-MONO","Total","Pourcentage","2015","48.1"
"Taux de réussite au BAC_II selon le sexe et la région (série A)","EST-MONO","Total","Pourcentage","2016","64.6"
"Taux de réussite au BAC_II selon le sexe et la région (série A)","EST-MONO","Total","Pourcentage","2017","41.4"
"Taux de réussite au BAC_II selon le sexe et la région (série A)","EST-MONO","Total","Pourcentage","2018","66.4"
"Taux de réussite au BAC_II selon le sexe et la région (série A)","EST-MONO","Total","Pourcentage","2019","35.8"
"Taux de réussite au BAC_II selon le sexe et la région (série A)","EST-MONO","Masculin","Pourcentage","2014","49.3"
"Taux de réussite au BAC_II selon le sexe et la région (série A)","EST-MONO","Masculin","Pourcentage","2015","51.9"
"Taux de réussite au BAC_II selon le sexe et la région (série A)","EST-MONO","Masculin","Pourcentage","2016","63.2"
"Taux de réussite au BAC_II selon le sexe et la région (série A)","EST-MONO","Masculin","Pourcentage","2017","47.2"
"Taux de réussite au BAC_II selon le sexe et la région (série A)","EST-MONO","Masculin","Pourcentage","2018","67.8"
"Taux de réussite au BAC_II selon le sexe et la région (série A)","EST-MONO","Masculin","Pourcentage","2019","39.1"
"Taux de réussite au BAC_II selon le sexe et la région (série A)","EST-MONO","Fémin","Pourcentage","2014","42.4"
"Taux de réussite au BAC_II selon le sexe et la région (série A)","EST-MONO","Fémin","Pourcentage","2015","0"
"Taux de réussite au BAC_II selon le sexe et la région (série A)","EST-MONO","Fémin","Pourcentage","2016","69.8"
"Taux de réussite au BAC_II selon le sexe et la région (série A)","EST-MONO","Fémin","Pourcentage","2017","26.5"
"Taux de réussite au BAC_II selon le sexe et la région (série A)","EST-MONO","Fémin","Pourcentage","2018","62.6"
"Taux de réussite au BAC_II selon le sexe et la région (série A)","EST-MONO","Fémin","Pourcentage","2019","26.7"
"Taux de réussite au BAC_II selon le sexe et la région (série A)","HAHO","Total","Pourcentage","2014","51.1"
"Taux de réussite au BAC_II selon le sexe et la région (série A)","HAHO","Total","Pourcentage","2015","40.4"
"Taux de réussite au BAC_II selon le sexe et la région (série A)","HAHO","Total","Pourcentage","2016","48.7"
"Taux de réussite au BAC_II selon le sexe et la région (série A)","HAHO","Total","Pourcentage","2017","39.8"
"Taux de réussite au BAC_II selon le sexe et la région (série A)","HAHO","Total","Pourcentage","2018","50.9"
"Taux de réussite au BAC_II selon le sexe et la région (série A)","HAHO","Total","Pourcentage","2019","45.3"
"Taux de réussite au BAC_II selon le sexe et la région (série A)","HAHO","Masculin","Pourcentage","2014","55.6"
"Taux de réussite au BAC_II selon le sexe et la région (série A)","HAHO","Masculin","Pourcentage","2015","44.4"
"Taux de réussite au BAC_II selon le sexe et la région (série A)","HAHO","Masculin","Pourcentage","2016","51.1"
"Taux de réussite au BAC_II selon le sexe et la région (série A)","HAHO","Masculin","Pourcentage","2017","41.8"
"Taux de réussite au BAC_II selon le sexe et la région (série A)","HAHO","Masculin","Pourcentage","2018","51.6"
"Taux de réussite au BAC_II selon le sexe et la région (série A)","HAHO","Masculin","Pourcentage","2019","45.6"
"Taux de réussite au BAC_II selon le sexe et la région (série A)","HAHO","Fémin","Pourcentage","2014","38.8"
"Taux de réussite au BAC_II selon le sexe et la région (série A)","HAHO","Fémin","Pourcentage","2015","0"
"Taux de réussite au BAC_II selon le sexe et la région (série A)","HAHO","Fémin","Pourcentage","2016","43"
"Taux de réussite au BAC_II selon le sexe et la région (série A)","HAHO","Fémin","Pourcentage","2017","34.9"
"Taux de réussite au BAC_II selon le sexe et la région (série A)","HAHO","Fémin","Pourcentage","2018","49.4"
"Taux de réussite au BAC_II selon le sexe et la région (série A)","HAHO","Fémin","Pourcentage","2019","44.4"
"Taux de réussite au BAC_II selon le sexe et la région (série A)","KLOTO","Total","Pourcentage","2014","44.2"
"Taux de réussite au BAC_II selon le sexe et la région (série A)","KLOTO","Total","Pourcentage","2015","46.1"
"Taux de réussite au BAC_II selon le sexe et la région (série A)","KLOTO","Total","Pourcentage","2016","49.9"
"Taux de réussite au BAC_II selon le sexe et la région (série A)","KLOTO","Total","Pourcentage","2017","43.9"
"Taux de réussite au BAC_II selon le sexe et la région (série A)","KLOTO","Total","Pourcentage","2018","60.9"
"Taux de réussite au BAC_II selon le sexe et la région (série A)","KLOTO","Total","Pourcentage","2019","48.4"
"Taux de réussite au BAC_II selon le sexe et la région (série A)","KLOTO","Masculin","Pourcentage","2014","47.5"
"Taux de réussite au BAC_II selon le sexe et la région (série A)","KLOTO","Masculin","Pourcentage","2015","47.9"
"Taux de réussite au BAC_II selon le sexe et la région (série A)","KLOTO","Masculin","Pourcentage","2016","48.4"
"Taux de réussite au BAC_II selon le sexe et la région (série A)","KLOTO","Masculin","Pourcentage","2017","44.9"
"Taux de réussite au BAC_II selon le sexe et la région (série A)","KLOTO","Masculin","Pourcentage","2018","62.2"
"Taux de réussite au BAC_II selon le sexe et la région (série A)","KLOTO","Masculin","Pourcentage","2019","50.1"
"Taux de réussite au BAC_II selon le sexe et la région (série A)","KLOTO","Fémin","Pourcentage","2014","38.2"
"Taux de réussite au BAC_II selon le sexe et la région (série A)","KLOTO","Fémin","Pourcentage","2015","0.2"
"Taux de réussite au BAC_II selon le sexe et la région (série A)","KLOTO","Fémin","Pourcentage","2016","52.5"
"Taux de réussite au BAC_II selon le sexe et la région (série A)","KLOTO","Fémin","Pourcentage","2017","42.4"
"Taux de réussite au BAC_II selon le sexe et la région (série A)","KLOTO","Fémin","Pourcentage","2018","58.8"
"Taux de réussite au BAC_II selon le sexe et la région (série A)","KLOTO","Fémin","Pourcentage","2019","46"
"Taux de réussite au BAC_II selon le sexe et la région (série A)","KPELE-AKATA","Total","Pourcentage","2014","50.4"
"Taux de réussite au BAC_II selon le sexe et la région (série A)","KPELE-AKATA","Total","Pourcentage","2015","38.7"
"Taux de réussite au BAC_II selon le sexe et la région (série A)","KPELE-AKATA","Total","Pourcentage","2016","57.6"
"Taux de réussite au BAC_II selon le sexe et la région (série A)","KPELE-AKATA","Total","Pourcentage","2017","63.5"
"Taux de réussite au BAC_II selon le sexe et la région (série A)","KPELE-AKATA","Total","Pourcentage","2018","51.7"
"Taux de réussite au BAC_II selon le sexe et la région (série A)","KPELE-AKATA","Total","Pourcentage","2019","42.4"
"Taux de réussite au BAC_II selon le sexe et la région (série A)","KPELE-AKATA","Masculin","Pourcentage","2014","51.2"
"Taux de réussite au BAC_II selon le sexe et la région (série A)","KPELE-AKATA","Masculin","Pourcentage","2015","42.5"
"Taux de réussite au BAC_II selon le sexe et la région (série A)","KPELE-AKATA","Masculin","Pourcentage","2016","59.1"
"Taux de réussite au BAC_II selon le sexe et la région (série A)","KPELE-AKATA","Masculin","Pourcentage","2017","64.6"
"Taux de réussite au BAC_II selon le sexe et la région (série A)","KPELE-AKATA","Masculin","Pourcentage","2018","53.4"
"Taux de réussite au BAC_II selon le sexe et la région (série A)","KPELE-AKATA","Masculin","Pourcentage","2019","44.4"
"Taux de réussite au BAC_II selon le sexe et la région (série A)","KPELE-AKATA","Fémin","Pourcentage","2014","48.1"
"Taux de réussite au BAC_II selon le sexe et la région (série A)","KPELE-AKATA","Fémin","Pourcentage","2015","0"
"Taux de réussite au BAC_II selon le sexe et la région (série A)","KPELE-AKATA","Fémin","Pourcentage","2016","53.3"
"Taux de réussite au BAC_II selon le sexe et la région (série A)","KPELE-AKATA","Fémin","Pourcentage","2017","60"
"Taux de réussite au BAC_II selon le sexe et la région (série A)","KPELE-AKATA","Fémin","Pourcentage","2018","47.9"
"Taux de réussite au BAC_II selon le sexe et la région (série A)","KPELE-AKATA","Fémin","Pourcentage","2019","38"
"Taux de réussite au BAC_II selon le sexe et la région (série A)","MOYEN-MONO","Total","Pourcentage","2014","57.7"
"Taux de réussite au BAC_II selon le sexe et la région (série A)","MOYEN-MONO","Total","Pourcentage","2015","36.7"
"Taux de réussite au BAC_II selon le sexe et la région (série A)","MOYEN-MONO","Total","Pourcentage","2016","58.6"
"Taux de réussite au BAC_II selon le sexe et la région (série A)","MOYEN-MONO","Total","Pourcentage","2017","30.3"
"Taux de réussite au BAC_II selon le sexe et la région (série A)","MOYEN-MONO","Total","Pourcentage","2018","57.9"
"Taux de réussite au BAC_II selon le sexe et la région (série A)","MOYEN-MONO","Total","Pourcentage","2019","48.5"
"Taux de réussite au BAC_II selon le sexe et la région (série A)","MOYEN-MONO","Masculin","Pourcentage","2014","62.3"
"Taux de réussite au BAC_II selon le sexe et la région (série A)","MOYEN-MONO","Masculin","Pourcentage","2015","41"
"Taux de réussite au BAC_II selon le sexe et la région (série A)","MOYEN-MONO","Masculin","Pourcentage","2016","62.9"
"Taux de réussite au BAC_II selon le sexe et la région (série A)","MOYEN-MONO","Masculin","Pourcentage","2017","32.4"
"Taux de réussite au BAC_II selon le sexe et la région (série A)","MOYEN-MONO","Masculin","Pourcentage","2018","59.1"
"Taux de réussite au BAC_II selon le sexe et la région (série A)","MOYEN-MONO","Masculin","Pourcentage","2019","52.8"
"Taux de réussite au BAC_II selon le sexe et la région (série A)","MOYEN-MONO","Fémin","Pourcentage","2014","44.4"
"Taux de réussite au BAC_II selon le sexe et la région (série A)","MOYEN-MONO","Fémin","Pourcentage","2015","0"
"Taux de réussite au BAC_II selon le sexe et la région (série A)","MOYEN-MONO","Fémin","Pourcentage","2016","42.9"
"Taux de réussite au BAC_II selon le sexe et la région (série A)","MOYEN-MONO","Fémin","Pourcentage","2017","24"
"Taux de réussite au BAC_II selon le sexe et la région (série A)","MOYEN-MONO","Fémin","Pourcentage","2018","55.2"
"Taux de réussite au BAC_II selon le sexe et la région (série A)","MOYEN-MONO","Fémin","Pourcentage","2019","35"
"Taux de réussite au BAC_II selon le sexe et la région (série A)","OGOU","Total","Pourcentage","2014","50.4"
"Taux de réussite au BAC_II selon le sexe et la région (série A)","OGOU","Total","Pourcentage","2015","44.9"
"Taux de réussite au BAC_II selon le sexe et la région (série A)","OGOU","Total","Pourcentage","2016","47.3"
"Taux de réussite au BAC_II selon le sexe et la région (série A)","OGOU","Total","Pourcentage","2017","50.5"
"Taux de réussite au BAC_II selon le sexe et la région (série A)","OGOU","Total","Pourcentage","2018","58.5"
"Taux de réussite au BAC_II selon le sexe et la région (série A)","OGOU","Total","Pourcentage","2019","54.2"
"Taux de réussite au BAC_II selon le sexe et la région (série A)","OGOU","Masculin","Pourcentage","2014","52"
"Taux de réussite au BAC_II selon le sexe et la région (série A)","OGOU","Masculin","Pourcentage","2015","45"
"Taux de réussite au BAC_II selon le sexe et la région (série A)","OGOU","Masculin","Pourcentage","2016","52"
"Taux de réussite au BAC_II selon le sexe et la région (série A)","OGOU","Masculin","Pourcentage","2017","52.2"
"Taux de réussite au BAC_II selon le sexe et la région (série A)","OGOU","Masculin","Pourcentage","2018","60.5"
"Taux de réussite au BAC_II selon le sexe et la région (série A)","OGOU","Masculin","Pourcentage","2019","53.8"
"Taux de réussite au BAC_II selon le sexe et la région (série A)","OGOU","Fémin","Pourcentage","2014","46.1"
"Taux de réussite au BAC_II selon le sexe et la région (série A)","OGOU","Fémin","Pourcentage","2015","0"
"Taux de réussite au BAC_II selon le sexe et la région (série A)","OGOU","Fémin","Pourcentage","2016","37.6"
"Taux de réussite au BAC_II selon le sexe et la région (série A)","OGOU","Fémin","Pourcentage","2017","47.3"
"Taux de réussite au BAC_II selon le sexe et la région (série A)","OGOU","Fémin","Pourcentage","2018","54.8"
"Taux de réussite au BAC_II selon le sexe et la région (série A)","OGOU","Fémin","Pourcentage","2019","54.9"
"Taux de réussite au BAC_II selon le sexe et la région (série A)","WAWA","Total","Pourcentage","2014","35.8"
"Taux de réussite au BAC_II selon le sexe et la région (série A)","WAWA","Total","Pourcentage","2015","34.3"
"Taux de réussite au BAC_II selon le sexe et la région (série A)","WAWA","Total","Pourcentage","2016","49.6"
"Taux de réussite au BAC_II selon le sexe et la région (série A)","WAWA","Total","Pourcentage","2017","31.5"
"Taux de réussite au BAC_II selon le sexe et la région (série A)","WAWA","Total","Pourcentage","2018","55.8"
"Taux de réussite au BAC_II selon le sexe et la région (série A)","WAWA","Total","Pourcentage","2019","34.9"
"Taux de réussite au BAC_II selon le sexe et la région (série A)","WAWA","Masculin","Pourcentage","2014","35.5"
"Taux de réussite au BAC_II selon le sexe et la région (série A)","WAWA","Masculin","Pourcentage","2015","36.2"
"Taux de réussite au BAC_II selon le sexe et la région (série A)","WAWA","Masculin","Pourcentage","2016","53"
"Taux de réussite au BAC_II selon le sexe et la région (série A)","WAWA","Masculin","Pourcentage","2017","32.3"
"Taux de réussite au BAC_II selon le sexe et la région (série A)","WAWA","Masculin","Pourcentage","2018","58.8"
"Taux de réussite au BAC_II selon le sexe et la région (série A)","WAWA","Masculin","Pourcentage","2019","33.4"
"Taux de réussite au BAC_II selon le sexe et la région (série A)","WAWA","Fémin","Pourcentage","2014","37.1"
"Taux de réussite au BAC_II selon le sexe et la région (série A)","WAWA","Fémin","Pourcentage","2015","0"
"Taux de réussite au BAC_II selon le sexe et la région (série A)","WAWA","Fémin","Pourcentage","2016","35.9"
"Taux de réussite au BAC_II selon le sexe et la région (série A)","WAWA","Fémin","Pourcentage","2017","28.8"
"Taux de réussite au BAC_II selon le sexe et la région (série A)","WAWA","Fémin","Pourcentage","2018","46.4"
"Taux de réussite au BAC_II selon le sexe et la région (série A)","WAWA","Fémin","Pourcentage","2019","41.7"
"Taux de réussite au BAC_II selon le sexe et la région (série A)","T.R.Centrale","Total","Pourcentage","2014","40.5"
"Taux de réussite au BAC_II selon le sexe et la région (série A)","T.R.Centrale","Total","Pourcentage","2015","31.1"
"Taux de réussite au BAC_II selon le sexe et la région (série A)","T.R.Centrale","Total","Pourcentage","2016","45.6"
"Taux de réussite au BAC_II selon le sexe et la région (série A)","T.R.Centrale","Total","Pourcentage","2017","33.3"
"Taux de réussite au BAC_II selon le sexe et la région (série A)","T.R.Centrale","Total","Pourcentage","2018","58.9"
"Taux de réussite au BAC_II selon le sexe et la région (série A)","T.R.Centrale","Total","Pourcentage","2019","48.6"
"Taux de réussite au BAC_II selon le sexe et la région (série A)","T.R.Centrale","Masculin","Pourcentage","2014","41.5"
"Taux de réussite au BAC_II selon le sexe et la région (série A)","T.R.Centrale","Masculin","Pourcentage","2015","31.3"
"Taux de réussite au BAC_II selon le sexe et la région (série A)","T.R.Centrale","Masculin","Pourcentage","2016","47.8"
"Taux de réussite au BAC_II selon le sexe et la région (série A)","T.R.Centrale","Masculin","Pourcentage","2017","35"
"Taux de réussite au BAC_II selon le sexe et la région (série A)","T.R.Centrale","Masculin","Pourcentage","2018","59.3"
"Taux de réussite au BAC_II selon le sexe et la région (série A)","T.R.Centrale","Masculin","Pourcentage","2019","49.5"
"Taux de réussite au BAC_II selon le sexe et la région (série A)","T.R.Centrale","Fémin","Pourcentage","2014","37.9"
"Taux de réussite au BAC_II selon le sexe et la région (série A)","T.R.Centrale","Fémin","Pourcentage","2015","0.1"
"Taux de réussite au BAC_II selon le sexe et la région (série A)","T.R.Centrale","Fémin","Pourcentage","2016","40.8"
"Taux de réussite au BAC_II selon le sexe et la région (série A)","T.R.Centrale","Fémin","Pourcentage","2017","30.1"
"Taux de réussite au BAC_II selon le sexe et la région (série A)","T.R.Centrale","Fémin","Pourcentage","2018","58"
"Taux de réussite au BAC_II selon le sexe et la région (série A)","T.R.Centrale","Fémin","Pourcentage","2019","46.8"
"Taux de réussite au BAC_II selon le sexe et la région (série A)","BLITTA","Total","Pourcentage","2014","41.2"
"Taux de réussite au BAC_II selon le sexe et la région (série A)","BLITTA","Total","Pourcentage","2015","23.4"
"Taux de réussite au BAC_II selon le sexe et la région (série A)","BLITTA","Total","Pourcentage","2016","41.4"
"Taux de réussite au BAC_II selon le sexe et la région (série A)","BLITTA","Total","Pourcentage","2017","22.4"
"Taux de réussite au BAC_II selon le sexe et la région (série A)","BLITTA","Total","Pourcentage","2018","53.1"
"Taux de réussite au BAC_II selon le sexe et la région (série A)","BLITTA","Total","Pourcentage","2019","49.9"
"Taux de réussite au BAC_II selon le sexe et la région (série A)","BLITTA","Masculin","Pourcentage","2014","45.8"
"Taux de réussite au BAC_II selon le sexe et la région (série A)","BLITTA","Masculin","Pourcentage","2015","24.2"
"Taux de réussite au BAC_II selon le sexe et la région (série A)","BLITTA","Masculin","Pourcentage","2016","45.4"
"Taux de réussite au BAC_II selon le sexe et la région (série A)","BLITTA","Masculin","Pourcentage","2017","22.1"
"Taux de réussite au BAC_II selon le sexe et la région (série A)","BLITTA","Masculin","Pourcentage","2018","53.7"
"Taux de réussite au BAC_II selon le sexe et la région (série A)","BLITTA","Masculin","Pourcentage","2019","51.1"
"Taux de réussite au BAC_II selon le sexe et la région (série A)","BLITTA","Fémin","Pourcentage","2014","26.5"
"Taux de réussite au BAC_II selon le sexe et la région (série A)","BLITTA","Fémin","Pourcentage","2015","0"
"Taux de réussite au BAC_II selon le sexe et la région (série A)","BLITTA","Fémin","Pourcentage","2016","30.3"
"Taux de réussite au BAC_II selon le sexe et la région (série A)","BLITTA","Fémin","Pourcentage","2017","23.4"
"Taux de réussite au BAC_II selon le sexe et la région (série A)","BLITTA","Fémin","Pourcentage","2018","51.7"
"Taux de réussite au BAC_II selon le sexe et la région (série A)","BLITTA","Fémin","Pourcentage","2019","47"
"Taux de réussite au BAC_II selon le sexe et la région (série A)","SOTOUBOUA","Total","Pourcentage","2014","38.9"
"Taux de réussite au BAC_II selon le sexe et la région (série A)","SOTOUBOUA","Total","Pourcentage","2015","26"
"Taux de réussite au BAC_II selon le sexe et la région (série A)","SOTOUBOUA","Total","Pourcentage","2016","48.8"
"Taux de réussite au BAC_II selon le sexe et la région (série A)","SOTOUBOUA","Total","Pourcentage","2017","37.7"
"Taux de réussite au BAC_II selon le sexe et la région (série A)","SOTOUBOUA","Total","Pourcentage","2018","62.4"
"Taux de réussite au BAC_II selon le sexe et la région (série A)","SOTOUBOUA","Total","Pourcentage","2019","40.5"
"Taux de réussite au BAC_II selon le sexe et la région (série A)","SOTOUBOUA","Masculin","Pourcentage","2014","39.7"
"Taux de réussite au BAC_II selon le sexe et la région (série A)","SOTOUBOUA","Masculin","Pourcentage","2015","27"
"Taux de réussite au BAC_II selon le sexe et la région (série A)","SOTOUBOUA","Masculin","Pourcentage","2016","52.6"
"Taux de réussite au BAC_II selon le sexe et la région (série A)","SOTOUBOUA","Masculin","Pourcentage","2017","40.1"
"Taux de réussite au BAC_II selon le sexe et la région (série A)","SOTOUBOUA","Masculin","Pourcentage","2018","64.4"
"Taux de réussite au BAC_II selon le sexe et la région (série A)","SOTOUBOUA","Masculin","Pourcentage","2019","41.5"
"Taux de réussite au BAC_II selon le sexe et la région (série A)","SOTOUBOUA","Fémin","Pourcentage","2014","36.9"
"Taux de réussite au BAC_II selon le sexe et la région (série A)","SOTOUBOUA","Fémin","Pourcentage","2015","0.2"
"Taux de réussite au BAC_II selon le sexe et la région (série A)","SOTOUBOUA","Fémin","Pourcentage","2016","40.6"
"Taux de réussite au BAC_II selon le sexe et la région (série A)","SOTOUBOUA","Fémin","Pourcentage","2017","33.2"
"Taux de réussite au BAC_II selon le sexe et la région (série A)","SOTOUBOUA","Fémin","Pourcentage","2018","58.7"
"Taux de réussite au BAC_II selon le sexe et la région (série A)","SOTOUBOUA","Fémin","Pourcentage","2019","38.7"
"Taux de réussite au BAC_II selon le sexe et la région (série A)","TCHAMBA","Total","Pourcentage","2014","36.1"
"Taux de réussite au BAC_II selon le sexe et la région (série A)","TCHAMBA","Total","Pourcentage","2015","27"
"Taux de réussite au BAC_II selon le sexe et la région (série A)","TCHAMBA","Total","Pourcentage","2016","35.1"
"Taux de réussite au BAC_II selon le sexe et la région (série A)","TCHAMBA","Total","Pourcentage","2017","30.8"
"Taux de réussite au BAC_II selon le sexe et la région (série A)","TCHAMBA","Total","Pourcentage","2018","63.9"
"Taux de réussite au BAC_II selon le sexe et la région (série A)","TCHAMBA","Total","Pourcentage","2019","44.3"
"Taux de réussite au BAC_II selon le sexe et la région (série A)","TCHAMBA","Masculin","Pourcentage","2014","36.6"
"Taux de réussite au BAC_II selon le sexe et la région (série A)","TCHAMBA","Masculin","Pourcentage","2015","25.7"
"Taux de réussite au BAC_II selon le sexe et la région (série A)","TCHAMBA","Masculin","Pourcentage","2016","37.3"
"Taux de réussite au BAC_II selon le sexe et la région (série A)","TCHAMBA","Masculin","Pourcentage","2017","33.4"
"Taux de réussite au BAC_II selon le sexe et la région (série A)","TCHAMBA","Masculin","Pourcentage","2018","65.8"
"Taux de réussite au BAC_II selon le sexe et la région (série A)","TCHAMBA","Masculin","Pourcentage","2019","46.1"
"Taux de réussite au BAC_II selon le sexe et la région (série A)","TCHAMBA","Fémin","Pourcentage","2014","33.9"
"Taux de réussite au BAC_II selon le sexe et la région (série A)","TCHAMBA","Fémin","Pourcentage","2015","0"
"Taux de réussite au BAC_II selon le sexe et la région (série A)","TCHAMBA","Fémin","Pourcentage","2016","24.2"
"Taux de réussite au BAC_II selon le sexe et la région (série A)","TCHAMBA","Fémin","Pourcentage","2017","23.9"
"Taux de réussite au BAC_II selon le sexe et la région (série A)","TCHAMBA","Fémin","Pourcentage","2018","59"
"Taux de réussite au BAC_II selon le sexe et la région (série A)","TCHAMBA","Fémin","Pourcentage","2019","39.9"
"Taux de réussite au BAC_II selon le sexe et la région (série A)","TCHAOUDJO","Total","Pourcentage","2014","43.2"
"Taux de réussite au BAC_II selon le sexe et la région (série A)","TCHAOUDJO","Total","Pourcentage","2015","41.4"
"Taux de réussite au BAC_II selon le sexe et la région (série A)","TCHAOUDJO","Total","Pourcentage","2016","47.7"
"Taux de réussite au BAC_II selon le sexe et la région (série A)","TCHAOUDJO","Total","Pourcentage","2017","35.8"
"Taux de réussite au BAC_II selon le sexe et la région (série A)","TCHAOUDJO","Total","Pourcentage","2018","57.9"
"Taux de réussite au BAC_II selon le sexe et la région (série A)","TCHAOUDJO","Total","Pourcentage","2019","55.2"
"Taux de réussite au BAC_II selon le sexe et la région (série A)","TCHAOUDJO","Masculin","Pourcentage","2014","42.1"
"Taux de réussite au BAC_II selon le sexe et la région (série A)","TCHAOUDJO","Masculin","Pourcentage","2015","41.9"
"Taux de réussite au BAC_II selon le sexe et la région (série A)","TCHAOUDJO","Masculin","Pourcentage","2016","48.3"
"Taux de réussite au BAC_II selon le sexe et la région (série A)","TCHAOUDJO","Masculin","Pourcentage","2017","38.5"
"Taux de réussite au BAC_II selon le sexe et la région (série A)","TCHAOUDJO","Masculin","Pourcentage","2018","56.8"
"Taux de réussite au BAC_II selon le sexe et la région (série A)","TCHAOUDJO","Masculin","Pourcentage","2019","56.2"
"Taux de réussite au BAC_II selon le sexe et la région (série A)","TCHAOUDJO","Fémin","Pourcentage","2014","45.9"
"Taux de réussite au BAC_II selon le sexe et la région (série A)","TCHAOUDJO","Fémin","Pourcentage","2015","0"
"Taux de réussite au BAC_II selon le sexe et la région (série A)","TCHAOUDJO","Fémin","Pourcentage","2016","46.6"
"Taux de réussite au BAC_II selon le sexe et la région (série A)","TCHAOUDJO","Fémin","Pourcentage","2017","31.4"
"Taux de réussite au BAC_II selon le sexe et la région (série A)","TCHAOUDJO","Fémin","Pourcentage","2018","59.5"
"Taux de réussite au BAC_II selon le sexe et la région (série A)","TCHAOUDJO","Fémin","Pourcentage","2019","53.6"
"Taux de réussite au BAC_II selon le sexe et la région (série A)","T.R.Kara","Total","Pourcentage","2014","53"
"Taux de réussite au BAC_II selon le sexe et la région (série A)","T.R.Kara","Total","Pourcentage","2015","39"
"Taux de réussite au BAC_II selon le sexe et la région (série A)","T.R.Kara","Total","Pourcentage","2016","53.1"
"Taux de réussite au BAC_II selon le sexe et la région (série A)","T.R.Kara","Total","Pourcentage","2017","43.2"
"Taux de réussite au BAC_II selon le sexe et la région (série A)","T.R.Kara","Total","Pourcentage","2018","65.9"
"Taux de réussite au BAC_II selon le sexe et la région (série A)","T.R.Kara","Total","Pourcentage","2019","52"
"Taux de réussite au BAC_II selon le sexe et la région (série A)","T.R.Kara","Masculin","Pourcentage","2014","53.7"
"Taux de réussite au BAC_II selon le sexe et la région (série A)","T.R.Kara","Masculin","Pourcentage","2015","38.3"
"Taux de réussite au BAC_II selon le sexe et la région (série A)","T.R.Kara","Masculin","Pourcentage","2016","53.7"
"Taux de réussite au BAC_II selon le sexe et la région (série A)","T.R.Kara","Masculin","Pourcentage","2017","44"
"Taux de réussite au BAC_II selon le sexe et la région (série A)","T.R.Kara","Masculin","Pourcentage","2018","66.1"
"Taux de réussite au BAC_II selon le sexe et la région (série A)","T.R.Kara","Masculin","Pourcentage","2019","51"
"Taux de réussite au BAC_II selon le sexe et la région (série A)","T.R.Kara","Fémin","Pourcentage","2014","51.3"
"Taux de réussite au BAC_II selon le sexe et la région (série A)","T.R.Kara","Fémin","Pourcentage","2015","1.5"
"Taux de réussite au BAC_II selon le sexe et la région (série A)","T.R.Kara","Fémin","Pourcentage","2016","51.6"
"Taux de réussite au BAC_II selon le sexe et la région (série A)","T.R.Kara","Fémin","Pourcentage","2017","41.7"
"Taux de réussite au BAC_II selon le sexe et la région (série A)","T.R.Kara","Fémin","Pourcentage","2018","65.4"
"Taux de réussite au BAC_II selon le sexe et la région (série A)","T.R.Kara","Fémin","Pourcentage","2019","53.8"
"Taux de réussite au BAC_II selon le sexe et la région (série A)","ASSOLI","Total","Pourcentage","2014","47.5"
"Taux de réussite au BAC_II selon le sexe et la région (série A)","ASSOLI","Total","Pourcentage","2015","37.7"
"Taux de réussite au BAC_II selon le sexe et la région (série A)","ASSOLI","Total","Pourcentage","2016","42.6"
"Taux de réussite au BAC_II selon le sexe et la région (série A)","ASSOLI","Total","Pourcentage","2017","51.9"
"Taux de réussite au BAC_II selon le sexe et la région (série A)","ASSOLI","Total","Pourcentage","2018","65.4"
"Taux de réussite au BAC_II selon le sexe et la région (série A)","ASSOLI","Total","Pourcentage","2019","58.3"
"Taux de réussite au BAC_II selon le sexe et la région (série A)","ASSOLI","Masculin","Pourcentage","2014","48.1"
"Taux de réussite au BAC_II selon le sexe et la région (série A)","ASSOLI","Masculin","Pourcentage","2015","35.3"
"Taux de réussite au BAC_II selon le sexe et la région (série A)","ASSOLI","Masculin","Pourcentage","2016","45.7"
"Taux de réussite au BAC_II selon le sexe et la région (série A)","ASSOLI","Masculin","Pourcentage","2017","52.2"
"Taux de réussite au BAC_II selon le sexe et la région (série A)","ASSOLI","Masculin","Pourcentage","2018","70.1"
"Taux de réussite au BAC_II selon le sexe et la région (série A)","ASSOLI","Masculin","Pourcentage","2019","57.8"
"Taux de réussite au BAC_II selon le sexe et la région (série A)","ASSOLI","Fémin","Pourcentage","2014","45.5"
"Taux de réussite au BAC_II selon le sexe et la région (série A)","ASSOLI","Fémin","Pourcentage","2015","0"
"Taux de réussite au BAC_II selon le sexe et la région (série A)","ASSOLI","Fémin","Pourcentage","2016","34.3"
"Taux de réussite au BAC_II selon le sexe et la région (série A)","ASSOLI","Fémin","Pourcentage","2017","51.2"
"Taux de réussite au BAC_II selon le sexe et la région (série A)","ASSOLI","Fémin","Pourcentage","2018","55.7"
"Taux de réussite au BAC_II selon le sexe et la région (série A)","ASSOLI","Fémin","Pourcentage","2019","59.2"
"Taux de réussite au BAC_II selon le sexe et la région (série A)","BASSAR","Total","Pourcentage","2014","49.1"
"Taux de réussite au BAC_II selon le sexe et la région (série A)","BASSAR","Total","Pourcentage","2015","27"
"Taux de réussite au BAC_II selon le sexe et la région (série A)","BASSAR","Total","Pourcentage","2016","37.1"
"Taux de réussite au BAC_II selon le sexe et la région (série A)","BASSAR","Total","Pourcentage","2017","37"
"Taux de réussite au BAC_II selon le sexe et la région (série A)","BASSAR","Total","Pourcentage","2018","51.4"
"Taux de réussite au BAC_II selon le sexe et la région (série A)","BASSAR","Total","Pourcentage","2019","39.4"
"Taux de réussite au BAC_II selon le sexe et la région (série A)","BASSAR","Masculin","Pourcentage","2014","50.3"
"Taux de réussite au BAC_II selon le sexe et la région (série A)","BASSAR","Masculin","Pourcentage","2015","26.2"
"Taux de réussite au BAC_II selon le sexe et la région (série A)","BASSAR","Masculin","Pourcentage","2016","37.7"
"Taux de réussite au BAC_II selon le sexe et la région (série A)","BASSAR","Masculin","Pourcentage","2017","34.4"
"Taux de réussite au BAC_II selon le sexe et la région (série A)","BASSAR","Masculin","Pourcentage","2018","52"
"Taux de réussite au BAC_II selon le sexe et la région (série A)","BASSAR","Masculin","Pourcentage","2019","37.4"
"Taux de réussite au BAC_II selon le sexe et la région (série A)","BASSAR","Fémin","Pourcentage","2014","44.1"
"Taux de réussite au BAC_II selon le sexe et la région (série A)","BASSAR","Fémin","Pourcentage","2015","0"
"Taux de réussite au BAC_II selon le sexe et la région (série A)","BASSAR","Fémin","Pourcentage","2016","35.2"
"Taux de réussite au BAC_II selon le sexe et la région (série A)","BASSAR","Fémin","Pourcentage","2017","44.2"
"Taux de réussite au BAC_II selon le sexe et la région (série A)","BASSAR","Fémin","Pourcentage","2018","49.8"
"Taux de réussite au BAC_II selon le sexe et la région (série A)","BASSAR","Fémin","Pourcentage","2019","44.8"
"Taux de réussite au BAC_II selon le sexe et la région (série A)","BINAH","Total","Pourcentage","2014","55.6"
"Taux de réussite au BAC_II selon le sexe et la région (série A)","BINAH","Total","Pourcentage","2015","41.1"
"Taux de réussite au BAC_II selon le sexe et la région (série A)","BINAH","Total","Pourcentage","2016","56.6"
"Taux de réussite au BAC_II selon le sexe et la région (série A)","BINAH","Total","Pourcentage","2017","49.5"
"Taux de réussite au BAC_II selon le sexe et la région (série A)","BINAH","Total","Pourcentage","2018","73.1"
"Taux de réussite au BAC_II selon le sexe et la région (série A)","BINAH","Total","Pourcentage","2019","59.9"
"Taux de réussite au BAC_II selon le sexe et la région (série A)","BINAH","Masculin","Pourcentage","2014","61.9"
"Taux de réussite au BAC_II selon le sexe et la région (série A)","BINAH","Masculin","Pourcentage","2015","43.9"
"Taux de réussite au BAC_II selon le sexe et la région (série A)","BINAH","Masculin","Pourcentage","2016","61.3"
"Taux de réussite au BAC_II selon le sexe et la région (série A)","BINAH","Masculin","Pourcentage","2017","48.3"
"Taux de réussite au BAC_II selon le sexe et la région (série A)","BINAH","Masculin","Pourcentage","2018","74.4"
"Taux de réussite au BAC_II selon le sexe et la région (série A)","BINAH","Masculin","Pourcentage","2019","63.4"
"Taux de réussite au BAC_II selon le sexe et la région (série A)","BINAH","Fémin","Pourcentage","2014","39.8"
"Taux de réussite au BAC_II selon le sexe et la région (série A)","BINAH","Fémin","Pourcentage","2015","0"
"Taux de réussite au BAC_II selon le sexe et la région (série A)","BINAH","Fémin","Pourcentage","2016","47.7"
"Taux de réussite au BAC_II selon le sexe et la région (série A)","BINAH","Fémin","Pourcentage","2017","52.6"
"Taux de réussite au BAC_II selon le sexe et la région (série A)","BINAH","Fémin","Pourcentage","2018","69"
"Taux de réussite au BAC_II selon le sexe et la région (série A)","BINAH","Fémin","Pourcentage","2019","50"
"Taux de réussite au BAC_II selon le sexe et la région (série A)","DANKPEN","Total","Pourcentage","2014","59.4"
"Taux de réussite au BAC_II selon le sexe et la région (série A)","DANKPEN","Total","Pourcentage","2015","37"
"Taux de réussite au BAC_II selon le sexe et la région (série A)","DANKPEN","Total","Pourcentage","2016","35.8"
"Taux de réussite au BAC_II selon le sexe et la région (série A)","DANKPEN","Total","Pourcentage","2017","39.1"
"Taux de réussite au BAC_II selon le sexe et la région (série A)","DANKPEN","Total","Pourcentage","2018","56"
"Taux de réussite au BAC_II selon le sexe et la région (série A)","DANKPEN","Total","Pourcentage","2019","29.5"
"Taux de réussite au BAC_II selon le sexe et la région (série A)","DANKPEN","Masculin","Pourcentage","2014","57.4"
"Taux de réussite au BAC_II selon le sexe et la région (série A)","DANKPEN","Masculin","Pourcentage","2015","38.1"
"Taux de réussite au BAC_II selon le sexe et la région (série A)","DANKPEN","Masculin","Pourcentage","2016","38.2"
"Taux de réussite au BAC_II selon le sexe et la région (série A)","DANKPEN","Masculin","Pourcentage","2017","40.7"
"Taux de réussite au BAC_II selon le sexe et la région (série A)","DANKPEN","Masculin","Pourcentage","2018","57.6"
"Taux de réussite au BAC_II selon le sexe et la région (série A)","DANKPEN","Masculin","Pourcentage","2019","29.5"
"Taux de réussite au BAC_II selon le sexe et la région (série A)","DANKPEN","Fémin","Pourcentage","2014","66.7"
"Taux de réussite au BAC_II selon le sexe et la région (série A)","DANKPEN","Fémin","Pourcentage","2015","0"
"Taux de réussite au BAC_II selon le sexe et la région (série A)","DANKPEN","Fémin","Pourcentage","2016","24.3"
"Taux de réussite au BAC_II selon le sexe et la région (série A)","DANKPEN","Fémin","Pourcentage","2017","31.6"
"Taux de réussite au BAC_II selon le sexe et la région (série A)","DANKPEN","Fémin","Pourcentage","2018","49.4"
"Taux de réussite au BAC_II selon le sexe et la région (série A)","DANKPEN","Fémin","Pourcentage","2019","29.7"
"Taux de réussite au BAC_II selon le sexe et la région (série A)","DOUFELGOU","Total","Pourcentage","2014","57"
"Taux de réussite au BAC_II selon le sexe et la région (série A)","DOUFELGOU","Total","Pourcentage","2015","35.2"
"Taux de réussite au BAC_II selon le sexe et la région (série A)","DOUFELGOU","Total","Pourcentage","2016","58"
"Taux de réussite au BAC_II selon le sexe et la région (série A)","DOUFELGOU","Total","Pourcentage","2017","48.6"
"Taux de réussite au BAC_II selon le sexe et la région (série A)","DOUFELGOU","Total","Pourcentage","2018","64.8"
"Taux de réussite au BAC_II selon le sexe et la région (série A)","DOUFELGOU","Total","Pourcentage","2019","50.8"
"Taux de réussite au BAC_II selon le sexe et la région (série A)","DOUFELGOU","Masculin","Pourcentage","2014","52.3"
"Taux de réussite au BAC_II selon le sexe et la région (série A)","DOUFELGOU","Masculin","Pourcentage","2015","35.2"
"Taux de réussite au BAC_II selon le sexe et la région (série A)","DOUFELGOU","Masculin","Pourcentage","2016","59.6"
"Taux de réussite au BAC_II selon le sexe et la région (série A)","DOUFELGOU","Masculin","Pourcentage","2017","52.5"
"Taux de réussite au BAC_II selon le sexe et la région (série A)","DOUFELGOU","Masculin","Pourcentage","2018","63.8"
"Taux de réussite au BAC_II selon le sexe et la région (série A)","DOUFELGOU","Masculin","Pourcentage","2019","52"
"Taux de réussite au BAC_II selon le sexe et la région (série A)","DOUFELGOU","Fémin","Pourcentage","2014","69.3"
"Taux de réussite au BAC_II selon le sexe et la région (série A)","DOUFELGOU","Fémin","Pourcentage","2015","0"
"Taux de réussite au BAC_II selon le sexe et la région (série A)","DOUFELGOU","Fémin","Pourcentage","2016","53.2"
"Taux de réussite au BAC_II selon le sexe et la région (série A)","DOUFELGOU","Fémin","Pourcentage","2017","40.5"
"Taux de réussite au BAC_II selon le sexe et la région (série A)","DOUFELGOU","Fémin","Pourcentage","2018","66.5"
"Taux de réussite au BAC_II selon le sexe et la région (série A)","DOUFELGOU","Fémin","Pourcentage","2019","48.6"
"Taux de réussite au BAC_II selon le sexe et la région (série A)","KERAN","Total","Pourcentage","2014","61.9"
"Taux de réussite au BAC_II selon le sexe et la région (série A)","KERAN","Total","Pourcentage","2015","38.2"
"Taux de réussite au BAC_II selon le sexe et la région (série A)","KERAN","Total","Pourcentage","2016","48.8"
"Taux de réussite au BAC_II selon le sexe et la région (série A)","KERAN","Total","Pourcentage","2017","44.4"
"Taux de réussite au BAC_II selon le sexe et la région (série A)","KERAN","Total","Pourcentage","2018","58.9"
"Taux de réussite au BAC_II selon le sexe et la région (série A)","KERAN","Total","Pourcentage","2019","52.6"
"Taux de réussite au BAC_II selon le sexe et la région (série A)","KERAN","Masculin","Pourcentage","2014","61"
"Taux de réussite au BAC_II selon le sexe et la région (série A)","KERAN","Masculin","Pourcentage","2015","34.4"
"Taux de réussite au BAC_II selon le sexe et la région (série A)","KERAN","Masculin","Pourcentage","2016","51.9"
"Taux de réussite au BAC_II selon le sexe et la région (série A)","KERAN","Masculin","Pourcentage","2017","47"
"Taux de réussite au BAC_II selon le sexe et la région (série A)","KERAN","Masculin","Pourcentage","2018","58"
"Taux de réussite au BAC_II selon le sexe et la région (série A)","KERAN","Masculin","Pourcentage","2019","55.1"
"Taux de réussite au BAC_II selon le sexe et la région (série A)","KERAN","Fémin","Pourcentage","2014","65.1"
"Taux de réussite au BAC_II selon le sexe et la région (série A)","KERAN","Fémin","Pourcentage","2015","0"
"Taux de réussite au BAC_II selon le sexe et la région (série A)","KERAN","Fémin","Pourcentage","2016","39"
"Taux de réussite au BAC_II selon le sexe et la région (série A)","KERAN","Fémin","Pourcentage","2017","38.6"
"Taux de réussite au BAC_II selon le sexe et la région (série A)","KERAN","Fémin","Pourcentage","2018","61.1"
"Taux de réussite au BAC_II selon le sexe et la région (série A)","KERAN","Fémin","Pourcentage","2019","42.9"
"Taux de réussite au BAC_II selon le sexe et la région (série A)","KOZAH","Total","Pourcentage","2014","52"
"Taux de réussite au BAC_II selon le sexe et la région (série A)","KOZAH","Total","Pourcentage","2015","44.6"
"Taux de réussite au BAC_II selon le sexe et la région (série A)","KOZAH","Total","Pourcentage","2016","63.1"
"Taux de réussite au BAC_II selon le sexe et la région (série A)","KOZAH","Total","Pourcentage","2017","42.6"
"Taux de réussite au BAC_II selon le sexe et la région (série A)","KOZAH","Total","Pourcentage","2018","73.3"
"Taux de réussite au BAC_II selon le sexe et la région (série A)","KOZAH","Total","Pourcentage","2019","61.9"
"Taux de réussite au BAC_II selon le sexe et la région (série A)","KOZAH","Masculin","Pourcentage","2014","52.9"
"Taux de réussite au BAC_II selon le sexe et la région (série A)","KOZAH","Masculin","Pourcentage","2015","44.7"
"Taux de réussite au BAC_II selon le sexe et la région (série A)","KOZAH","Masculin","Pourcentage","2016","64.5"
"Taux de réussite au BAC_II selon le sexe et la région (série A)","KOZAH","Masculin","Pourcentage","2017","44.5"
"Taux de réussite au BAC_II selon le sexe et la région (série A)","KOZAH","Masculin","Pourcentage","2018","75.2"
"Taux de réussite au BAC_II selon le sexe et la région (série A)","KOZAH","Masculin","Pourcentage","2019","62.5"
"Taux de réussite au BAC_II selon le sexe et la région (série A)","KOZAH","Fémin","Pourcentage","2014","50.5"
"Taux de réussite au BAC_II selon le sexe et la région (série A)","KOZAH","Fémin","Pourcentage","2015","2.7"
"Taux de réussite au BAC_II selon le sexe et la région (série A)","KOZAH","Fémin","Pourcentage","2016","60.9"
"Taux de réussite au BAC_II selon le sexe et la région (série A)","KOZAH","Fémin","Pourcentage","2017","40.3"
"Taux de réussite au BAC_II selon le sexe et la région (série A)","KOZAH","Fémin","Pourcentage","2018","70.9"
"Taux de réussite au BAC_II selon le sexe et la région (série A)","KOZAH","Fémin","Pourcentage","2019","61.1"
"Taux de réussite au BAC_II selon le sexe et la région (série C)","T.R. Savanes","Total","Pourcentage","2014","100"
"Taux de réussite au BAC_II selon le sexe et la région (série C)","T.R. Savanes","Total","Pourcentage","2015","50"
"Taux de réussite au BAC_II selon le sexe et la région (série C)","T.R. Savanes","Total","Pourcentage","2016","100"
"Taux de réussite au BAC_II selon le sexe et la région (série C)","T.R. Savanes","Total","Pourcentage","2017","50"
"Taux de réussite au BAC_II selon le sexe et la région (série C)","T.R. Savanes","Total","Pourcentage","2018","100"
"Taux de réussite au BAC_II selon le sexe et la région (série C)","T.R. Savanes","Total","Pourcentage","2019","92.9"
"Taux de réussite au BAC_II selon le sexe et la région (série C)","T.R. Savanes","Masculin","Pourcentage","2014","100"
"Taux de réussite au BAC_II selon le sexe et la région (série C)","T.R. Savanes","Masculin","Pourcentage","2015","52.4"
"Taux de réussite au BAC_II selon le sexe et la région (série C)","T.R. Savanes","Masculin","Pourcentage","2016","100"
"Taux de réussite au BAC_II selon le sexe et la région (série C)","T.R. Savanes","Masculin","Pourcentage","2017","50"
"Taux de réussite au BAC_II selon le sexe et la région (série C)","T.R. Savanes","Masculin","Pourcentage","2018","100"
"Taux de réussite au BAC_II selon le sexe et la région (série C)","T.R. Savanes","Masculin","Pourcentage","2019","91.7"
"Taux de réussite au BAC_II selon le sexe et la région (série C)","T.R. Savanes","Fémin","Pourcentage","2015","1.2"
"Taux de réussite au BAC_II selon le sexe et la région (série C)","T.R. Savanes","Fémin","Pourcentage","2019","100"
"Taux de réussite au BAC_II selon le sexe et la région (série C)","CINKASSE","Fémin","Pourcentage","2015","0"
"Taux de réussite au BAC_II selon le sexe et la région (série C)","KPENDJAL","Fémin","Pourcentage","2015","0"
"Taux de réussite au BAC_II selon le sexe et la région (série C)","OTI","Fémin","Pourcentage","2015","0"
"Taux de réussite au BAC_II selon le sexe et la région (série C)","TANDJOARE","Fémin","Pourcentage","2015","0"
"Taux de réussite au BAC_II selon le sexe et la région (série C)","TONE","Total","Pourcentage","2014","100"
"Taux de réussite au BAC_II selon le sexe et la région (série C)","TONE","Total","Pourcentage","2015","50"
"Taux de réussite au BAC_II selon le sexe et la région (série C)","TONE","Total","Pourcentage","2016","100"
"Taux de réussite au BAC_II selon le sexe et la région (série C)","TONE","Total","Pourcentage","2017","50"
"Taux de réussite au BAC_II selon le sexe et la région (série C)","TONE","Total","Pourcentage","2018","100"
"Taux de réussite au BAC_II selon le sexe et la région (série C)","TONE","Total","Pourcentage","2019","92.9"
"Taux de réussite au BAC_II selon le sexe et la région (série C)","TONE","Masculin","Pourcentage","2014","100"
"Taux de réussite au BAC_II selon le sexe et la région (série C)","TONE","Masculin","Pourcentage","2015","52.4"
"Taux de réussite au BAC_II selon le sexe et la région (série C)","TONE","Masculin","Pourcentage","2016","100"
"Taux de réussite au BAC_II selon le sexe et la région (série C)","TONE","Masculin","Pourcentage","2017","50"
"Taux de réussite au BAC_II selon le sexe et la région (série C)","TONE","Masculin","Pourcentage","2018","100"
"Taux de réussite au BAC_II selon le sexe et la région (série C)","TONE","Masculin","Pourcentage","2019","91.7"
"Taux de réussite au BAC_II selon le sexe et la région (série C)","TONE","Fémin","Pourcentage","2015","1.7"
"Taux de réussite au BAC_II selon le sexe et la région (série C)","TONE","Fémin","Pourcentage","2019","100"
"Taux de réussite au BAC_II selon le sexe et la région (série C)","Ensemble TOGO","Total","Pourcentage","2014","73.3"
"Taux de réussite au BAC_II selon le sexe et la région (série C)","Ensemble TOGO","Total","Pourcentage","2015","72.9"
"Taux de réussite au BAC_II selon le sexe et la région (série C)","Ensemble TOGO","Total","Pourcentage","2016","74.7"
"Taux de réussite au BAC_II selon le sexe et la région (série C)","Ensemble TOGO","Total","Pourcentage","2017","75.1"
"Taux de réussite au BAC_II selon le sexe et la région (série C)","Ensemble TOGO","Total","Pourcentage","2018","93.4"
"Taux de réussite au BAC_II selon le sexe et la région (série C)","Ensemble TOGO","Total","Pourcentage","2019","81.6"
"Taux de réussite au BAC_II selon le sexe et la région (série C)","Ensemble TOGO","Masculin","Pourcentage","2014","72.1"
"Taux de réussite au BAC_II selon le sexe et la région (série C)","Ensemble TOGO","Masculin","Pourcentage","2015","70.7"
"Taux de réussite au BAC_II selon le sexe et la région (série C)","Ensemble TOGO","Masculin","Pourcentage","2016","71.5"
"Taux de réussite au BAC_II selon le sexe et la région (série C)","Ensemble TOGO","Masculin","Pourcentage","2017","73.1"
"Taux de réussite au BAC_II selon le sexe et la région (série C)","Ensemble TOGO","Masculin","Pourcentage","2018","93"
"Taux de réussite au BAC_II selon le sexe et la région (série C)","Ensemble TOGO","Masculin","Pourcentage","2019","84.1"
"Taux de réussite au BAC_II selon le sexe et la région (série C)","Ensemble TOGO","Fémin","Pourcentage","2014","80"
"Taux de réussite au BAC_II selon le sexe et la région (série C)","Ensemble TOGO","Fémin","Pourcentage","2015","2.7"
"Taux de réussite au BAC_II selon le sexe et la région (série C)","Ensemble TOGO","Fémin","Pourcentage","2016","86.5"
"Taux de réussite au BAC_II selon le sexe et la région (série C)","Ensemble TOGO","Fémin","Pourcentage","2017","81.6"
"Taux de réussite au BAC_II selon le sexe et la région (série C)","Ensemble TOGO","Fémin","Pourcentage","2018","94.8"
"Taux de réussite au BAC_II selon le sexe et la région (série C)","Ensemble TOGO","Fémin","Pourcentage","2019","75.5"
"Taux de réussite au BAC_II selon le sexe et la région (série C)","T.R.Lomé-Golfe","Total","Pourcentage","2014","80"
"Taux de réussite au BAC_II selon le sexe et la région (série C)","T.R.Lomé-Golfe","Total","Pourcentage","2015","78.3"
"Taux de réussite au BAC_II selon le sexe et la région (série C)","T.R.Lomé-Golfe","Total","Pourcentage","2016","76.9"
"Taux de réussite au BAC_II selon le sexe et la région (série C)","T.R.Lomé-Golfe","Total","Pourcentage","2017","81.7"
"Taux de réussite au BAC_II selon le sexe et la région (série C)","T.R.Lomé-Golfe","Total","Pourcentage","2018","94.6"
"Taux de réussite au BAC_II selon le sexe et la région (série C)","T.R.Lomé-Golfe","Total","Pourcentage","2019","83.1"
"Taux de réussite au BAC_II selon le sexe et la région (série C)","T.R.Lomé-Golfe","Masculin","Pourcentage","2014","78.4"
"Taux de réussite au BAC_II selon le sexe et la région (série C)","T.R.Lomé-Golfe","Masculin","Pourcentage","2015","73.7"
"Taux de réussite au BAC_II selon le sexe et la région (série C)","T.R.Lomé-Golfe","Masculin","Pourcentage","2016","73.9"
"Taux de réussite au BAC_II selon le sexe et la région (série C)","T.R.Lomé-Golfe","Masculin","Pourcentage","2017","78.6"
"Taux de réussite au BAC_II selon le sexe et la région (série C)","T.R.Lomé-Golfe","Masculin","Pourcentage","2018","94.7"
"Taux de réussite au BAC_II selon le sexe et la région (série C)","T.R.Lomé-Golfe","Masculin","Pourcentage","2019","85.6"
"Taux de réussite au BAC_II selon le sexe et la région (série C)","T.R.Lomé-Golfe","Fémin","Pourcentage","2014","86.5"
"Taux de réussite au BAC_II selon le sexe et la région (série C)","T.R.Lomé-Golfe","Fémin","Pourcentage","2015","4.3"
"Taux de réussite au BAC_II selon le sexe et la région (série C)","T.R.Lomé-Golfe","Fémin","Pourcentage","2016","86.2"
"Taux de réussite au BAC_II selon le sexe et la région (série C)","T.R.Lomé-Golfe","Fémin","Pourcentage","2017","89.6"
"Taux de réussite au BAC_II selon le sexe et la région (série C)","T.R.Lomé-Golfe","Fémin","Pourcentage","2018","94.4"
"Taux de réussite au BAC_II selon le sexe et la région (série C)","T.R.Lomé-Golfe","Fémin","Pourcentage","2019","77.6"
"Taux de réussite au BAC_II selon le sexe et la région (série C)","LOME-COMMUNE","Total","Pourcentage","2014","78.2"
"Taux de réussite au BAC_II selon le sexe et la région (série C)","LOME-COMMUNE","Total","Pourcentage","2015","81.3"
"Taux de réussite au BAC_II selon le sexe et la région (série C)","LOME-COMMUNE","Total","Pourcentage","2016","77.3"
"Taux de réussite au BAC_II selon le sexe et la région (série C)","LOME-COMMUNE","Total","Pourcentage","2017","83"
"Taux de réussite au BAC_II selon le sexe et la région (série C)","LOME-COMMUNE","Total","Pourcentage","2018","95"
"Taux de réussite au BAC_II selon le sexe et la région (série C)","LOME-COMMUNE","Total","Pourcentage","2019","83.9"
"Taux de réussite au BAC_II selon le sexe et la région (série C)","LOME-COMMUNE","Masculin","Pourcentage","2014","76.7"
"Taux de réussite au BAC_II selon le sexe et la région (série C)","LOME-COMMUNE","Masculin","Pourcentage","2015","77.4"
"Taux de réussite au BAC_II selon le sexe et la région (série C)","LOME-COMMUNE","Masculin","Pourcentage","2016","73.6"
"Taux de réussite au BAC_II selon le sexe et la région (série C)","LOME-COMMUNE","Masculin","Pourcentage","2017","79.9"
"Taux de réussite au BAC_II selon le sexe et la région (série C)","LOME-COMMUNE","Masculin","Pourcentage","2018","95.7"
"Taux de réussite au BAC_II selon le sexe et la région (série C)","LOME-COMMUNE","Masculin","Pourcentage","2019","86.2"
"Taux de réussite au BAC_II selon le sexe et la région (série C)","LOME-COMMUNE","Fémin","Pourcentage","2014","84.6"
"Taux de réussite au BAC_II selon le sexe et la région (série C)","LOME-COMMUNE","Fémin","Pourcentage","2015","7.1"
"Taux de réussite au BAC_II selon le sexe et la région (série C)","LOME-COMMUNE","Fémin","Pourcentage","2016","87"
"Taux de réussite au BAC_II selon le sexe et la région (série C)","LOME-COMMUNE","Fémin","Pourcentage","2017","90.2"
"Taux de réussite au BAC_II selon le sexe et la région (série C)","LOME-COMMUNE","Fémin","Pourcentage","2018","92.7"
"Taux de réussite au BAC_II selon le sexe et la région (série C)","LOME-COMMUNE","Fémin","Pourcentage","2019","78.4"
"Taux de réussite au BAC_II selon le sexe et la région (série C)","GOLFE","Total","Pourcentage","2014","86"
"Taux de réussite au BAC_II selon le sexe et la région (série C)","GOLFE","Total","Pourcentage","2015","63"
"Taux de réussite au BAC_II selon le sexe et la région (série C)","GOLFE","Total","Pourcentage","2016","75.7"
"Taux de réussite au BAC_II selon le sexe et la région (série C)","GOLFE","Total","Pourcentage","2017","75"
"Taux de réussite au BAC_II selon le sexe et la région (série C)","GOLFE","Total","Pourcentage","2018","93.5"
"Taux de réussite au BAC_II selon le sexe et la région (série C)","GOLFE","Total","Pourcentage","2019","81"
"Taux de réussite au BAC_II selon le sexe et la région (série C)","GOLFE","Masculin","Pourcentage","2014","84.4"
"Taux de réussite au BAC_II selon le sexe et la région (série C)","GOLFE","Masculin","Pourcentage","2015","58.3"
"Taux de réussite au BAC_II selon le sexe et la région (série C)","GOLFE","Masculin","Pourcentage","2016","74.6"
"Taux de réussite au BAC_II selon le sexe et la région (série C)","GOLFE","Masculin","Pourcentage","2017","73.5"
"Taux de réussite au BAC_II selon le sexe et la région (série C)","GOLFE","Masculin","Pourcentage","2018","91.1"
"Taux de réussite au BAC_II selon le sexe et la région (série C)","GOLFE","Masculin","Pourcentage","2019","83.8"
"Taux de réussite au BAC_II selon le sexe et la région (série C)","GOLFE","Fémin","Pourcentage","2014","90.9"
"Taux de réussite au BAC_II selon le sexe et la région (série C)","GOLFE","Fémin","Pourcentage","2015","0.8"
"Taux de réussite au BAC_II selon le sexe et la région (série C)","GOLFE","Fémin","Pourcentage","2016","81.8"
"Taux de réussite au BAC_II selon le sexe et la région (série C)","GOLFE","Fémin","Pourcentage","2017","83.3"
"Taux de réussite au BAC_II selon le sexe et la région (série C)","GOLFE","Fémin","Pourcentage","2018","100"
"Taux de réussite au BAC_II selon le sexe et la région (série C)","GOLFE","Fémin","Pourcentage","2019","75.7"
"Taux de réussite au BAC_II selon le sexe et la région (série C)","T.R.Maritime","Total","Pourcentage","2014","47.6"
"Taux de réussite au BAC_II selon le sexe et la région (série C)","T.R.Maritime","Total","Pourcentage","2015","53.5"
"Taux de réussite au BAC_II selon le sexe et la région (série C)","T.R.Maritime","Total","Pourcentage","2016","58.1"
"Taux de réussite au BAC_II selon le sexe et la région (série C)","T.R.Maritime","Total","Pourcentage","2017","67.9"
"Taux de réussite au BAC_II selon le sexe et la région (série C)","T.R.Maritime","Total","Pourcentage","2018","84.3"
"Taux de réussite au BAC_II selon le sexe et la région (série C)","T.R.Maritime","Total","Pourcentage","2019","80.9"
"Taux de réussite au BAC_II selon le sexe et la région (série C)","T.R.Maritime","Masculin","Pourcentage","2014","46.2"
"Taux de réussite au BAC_II selon le sexe et la région (série C)","T.R.Maritime","Masculin","Pourcentage","2015","56.1"
"Taux de réussite au BAC_II selon le sexe et la région (série C)","T.R.Maritime","Masculin","Pourcentage","2016","59.6"
"Taux de réussite au BAC_II selon le sexe et la région (série C)","T.R.Maritime","Masculin","Pourcentage","2017","68.8"
"Taux de réussite au BAC_II selon le sexe et la région (série C)","T.R.Maritime","Masculin","Pourcentage","2018","84.4"
"Taux de réussite au BAC_II selon le sexe et la région (série C)","T.R.Maritime","Masculin","Pourcentage","2019","89.2"
"Taux de réussite au BAC_II selon le sexe et la région (série C)","T.R.Maritime","Fémin","Pourcentage","2014","66.7"
"Taux de réussite au BAC_II selon le sexe et la région (série C)","T.R.Maritime","Fémin","Pourcentage","2015","0"
"Taux de réussite au BAC_II selon le sexe et la région (série C)","T.R.Maritime","Fémin","Pourcentage","2016","40"
"Taux de réussite au BAC_II selon le sexe et la région (série C)","T.R.Maritime","Fémin","Pourcentage","2017","62.5"
"Taux de réussite au BAC_II selon le sexe et la région (série C)","T.R.Maritime","Fémin","Pourcentage","2018","83.3"
"Taux de réussite au BAC_II selon le sexe et la région (série C)","T.R.Maritime","Fémin","Pourcentage","2019","68.9"
"Taux de réussite au BAC_II selon le sexe et la région (série C)","AVE","Fémin","Pourcentage","2015","0"
"Taux de réussite au BAC_II selon le sexe et la région (série C)","BAS MONO","Total","Pourcentage","2018","50"
"Taux de réussite au BAC_II selon le sexe et la région (série C)","BAS MONO","Total","Pourcentage","2019","100"
"Taux de réussite au BAC_II selon le sexe et la région (série C)","BAS MONO","Masculin","Pourcentage","2018","50"
"Taux de réussite au BAC_II selon le sexe et la région (série C)","BAS MONO","Masculin","Pourcentage","2019","100"
"Taux de réussite au BAC_II selon le sexe et la région (série C)","BAS MONO","Fémin","Pourcentage","2015","0"
"Taux de réussite au BAC_II selon le sexe et la région (série C)","BAS MONO","Fémin","Pourcentage","2019","100"
"Taux de réussite au BAC_II selon le sexe et la région (série C)","LACS","Total","Pourcentage","2014","18.2"
"Taux de réussite au BAC_II selon le sexe et la région (série C)","LACS","Total","Pourcentage","2015","60"
"Taux de réussite au BAC_II selon le sexe et la région (série C)","LACS","Total","Pourcentage","2016","50"
"Taux de réussite au BAC_II selon le sexe et la région (série C)","LACS","Total","Pourcentage","2017","66.7"
"Taux de réussite au BAC_II selon le sexe et la région (série C)","LACS","Total","Pourcentage","2018","87.5"
"Taux de réussite au BAC_II selon le sexe et la région (série C)","LACS","Total","Pourcentage","2019","100"
"Taux de réussite au BAC_II selon le sexe et la région (série C)","LACS","Masculin","Pourcentage","2014","10"
"Taux de réussite au BAC_II selon le sexe et la région (série C)","LACS","Masculin","Pourcentage","2015","60"
"Taux de réussite au BAC_II selon le sexe et la région (série C)","LACS","Masculin","Pourcentage","2016","54.5"
"Taux de réussite au BAC_II selon le sexe et la région (série C)","LACS","Masculin","Pourcentage","2017","60"
"Taux de réussite au BAC_II selon le sexe et la région (série C)","LACS","Masculin","Pourcentage","2018","100"
"Taux de réussite au BAC_II selon le sexe et la région (série C)","LACS","Masculin","Pourcentage","2019","100"
"Taux de réussite au BAC_II selon le sexe et la région (série C)","LACS","Fémin","Pourcentage","2014","100"
"Taux de réussite au BAC_II selon le sexe et la région (série C)","LACS","Fémin","Pourcentage","2015","0"
"Taux de réussite au BAC_II selon le sexe et la région (série C)","LACS","Fémin","Pourcentage","2016","0"
"Taux de réussite au BAC_II selon le sexe et la région (série C)","LACS","Fémin","Pourcentage","2017","100"
"Taux de réussite au BAC_II selon le sexe et la région (série C)","LACS","Fémin","Pourcentage","2018","0"
"Taux de réussite au BAC_II selon le sexe et la région (série C)","VO","Total","Pourcentage","2014","38.5"
"Taux de réussite au BAC_II selon le sexe et la région (série C)","VO","Total","Pourcentage","2015","50"
"Taux de réussite au BAC_II selon le sexe et la région (série C)","VO","Total","Pourcentage","2016","56"
"Taux de réussite au BAC_II selon le sexe et la région (série C)","VO","Total","Pourcentage","2017","73.9"
"Taux de réussite au BAC_II selon le sexe et la région (série C)","VO","Total","Pourcentage","2018","86.7"
"Taux de réussite au BAC_II selon le sexe et la région (série C)","VO","Total","Pourcentage","2019","100"
"Taux de réussite au BAC_II selon le sexe et la région (série C)","VO","Masculin","Pourcentage","2014","38.5"
"Taux de réussite au BAC_II selon le sexe et la région (série C)","VO","Masculin","Pourcentage","2015","52.6"
"Taux de réussite au BAC_II selon le sexe et la région (série C)","VO","Masculin","Pourcentage","2016","56.5"
"Taux de réussite au BAC_II selon le sexe et la région (série C)","VO","Masculin","Pourcentage","2017","83.3"
"Taux de réussite au BAC_II selon le sexe et la région (série C)","VO","Masculin","Pourcentage","2018","83.3"
"Taux de réussite au BAC_II selon le sexe et la région (série C)","VO","Masculin","Pourcentage","2019","100"
"Taux de réussite au BAC_II selon le sexe et la région (série C)","VO","Fémin","Pourcentage","2015","0"
"Taux de réussite au BAC_II selon le sexe et la région (série C)","VO","Fémin","Pourcentage","2016","50"
"Taux de réussite au BAC_II selon le sexe et la région (série C)","VO","Fémin","Pourcentage","2017","40"
"Taux de réussite au BAC_II selon le sexe et la région (série C)","VO","Fémin","Pourcentage","2018","100"
"Taux de réussite au BAC_II selon le sexe et la région (série C)","VO","Fémin","Pourcentage","2019","100"
"Taux de réussite au BAC_II selon le sexe et la région (série C)","YOTO","Total","Pourcentage","2014","66.7"
"Taux de réussite au BAC_II selon le sexe et la région (série C)","YOTO","Total","Pourcentage","2016","35.7"
"Taux de réussite au BAC_II selon le sexe et la région (série C)","YOTO","Total","Pourcentage","2017","88.9"
"Taux de réussite au BAC_II selon le sexe et la région (série C)","YOTO","Total","Pourcentage","2018","90"
"Taux de réussite au BAC_II selon le sexe et la région (série C)","YOTO","Total","Pourcentage","2019","100"
"Taux de réussite au BAC_II selon le sexe et la région (série C)","YOTO","Masculin","Pourcentage","2014","75"
"Taux de réussite au BAC_II selon le sexe et la région (série C)","YOTO","Masculin","Pourcentage","2016","38.5"
"Taux de réussite au BAC_II selon le sexe et la région (série C)","YOTO","Masculin","Pourcentage","2017","88.9"
"Taux de réussite au BAC_II selon le sexe et la région (série C)","YOTO","Masculin","Pourcentage","2018","88.9"
"Taux de réussite au BAC_II selon le sexe et la région (série C)","YOTO","Masculin","Pourcentage","2019","100"
"Taux de réussite au BAC_II selon le sexe et la région (série C)","YOTO","Fémin","Pourcentage","2014","0"
"Taux de réussite au BAC_II selon le sexe et la région (série C)","YOTO","Fémin","Pourcentage","2015","0"
"Taux de réussite au BAC_II selon le sexe et la région (série C)","YOTO","Fémin","Pourcentage","2016","0"
"Taux de réussite au BAC_II selon le sexe et la région (série C)","YOTO","Fémin","Pourcentage","2018","100"
"Taux de réussite au BAC_II selon le sexe et la région (série C)","ZIO","Total","Pourcentage","2014","77.8"
"Taux de réussite au BAC_II selon le sexe et la région (série C)","ZIO","Total","Pourcentage","2015","53.8"
"Taux de réussite au BAC_II selon le sexe et la région (série C)","ZIO","Total","Pourcentage","2016","100"
"Taux de réussite au BAC_II selon le sexe et la région (série C)","ZIO","Total","Pourcentage","2017","41.7"
"Taux de réussite au BAC_II selon le sexe et la région (série C)","ZIO","Total","Pourcentage","2018","91.7"
"Taux de réussite au BAC_II selon le sexe et la région (série C)","ZIO","Total","Pourcentage","2019","69.1"
"Taux de réussite au BAC_II selon le sexe et la région (série C)","ZIO","Masculin","Pourcentage","2014","75"
"Taux de réussite au BAC_II selon le sexe et la région (série C)","ZIO","Masculin","Pourcentage","2015","58.3"
"Taux de réussite au BAC_II selon le sexe et la région (série C)","ZIO","Masculin","Pourcentage","2016","100"
"Taux de réussite au BAC_II selon le sexe et la région (série C)","ZIO","Masculin","Pourcentage","2017","36.4"
"Taux de réussite au BAC_II selon le sexe et la région (série C)","ZIO","Masculin","Pourcentage","2018","90.9"
"Taux de réussite au BAC_II selon le sexe et la région (série C)","ZIO","Masculin","Pourcentage","2019","73.1"
"Taux de réussite au BAC_II selon le sexe et la région (série C)","ZIO","Fémin","Pourcentage","2014","100"
"Taux de réussite au BAC_II selon le sexe et la région (série C)","ZIO","Fémin","Pourcentage","2015","0"
"Taux de réussite au BAC_II selon le sexe et la région (série C)","ZIO","Fémin","Pourcentage","2016","100"
"Taux de réussite au BAC_II selon le sexe et la région (série C)","ZIO","Fémin","Pourcentage","2017","100"
"Taux de réussite au BAC_II selon le sexe et la région (série C)","ZIO","Fémin","Pourcentage","2018","100"
"Taux de réussite au BAC_II selon le sexe et la région (série C)","ZIO","Fémin","Pourcentage","2019","66.7"
"Taux de réussite au BAC_II selon le sexe et la région (série C)","T.R.Plateaux","Total","Pourcentage","2014","73.3"
"Taux de réussite au BAC_II selon le sexe et la région (série C)","T.R.Plateaux","Total","Pourcentage","2015","44.4"
"Taux de réussite au BAC_II selon le sexe et la région (série C)","T.R.Plateaux","Total","Pourcentage","2016","44.4"
"Taux de réussite au BAC_II selon le sexe et la région (série C)","T.R.Plateaux","Total","Pourcentage","2017","39.6"
"Taux de réussite au BAC_II selon le sexe et la région (série C)","T.R.Plateaux","Total","Pourcentage","2018","86.1"
"Taux de réussite au BAC_II selon le sexe et la région (série C)","T.R.Plateaux","Total","Pourcentage","2019","71"
"Taux de réussite au BAC_II selon le sexe et la région (série C)","T.R.Plateaux","Masculin","Pourcentage","2014","73.3"
"Taux de réussite au BAC_II selon le sexe et la région (série C)","T.R.Plateaux","Masculin","Pourcentage","2015","47.5"
"Taux de réussite au BAC_II selon le sexe et la région (série C)","T.R.Plateaux","Masculin","Pourcentage","2016","42.9"
"Taux de réussite au BAC_II selon le sexe et la région (série C)","T.R.Plateaux","Masculin","Pourcentage","2017","39.5"
"Taux de réussite au BAC_II selon le sexe et la région (série C)","T.R.Plateaux","Masculin","Pourcentage","2018","84.8"
"Taux de réussite au BAC_II selon le sexe et la région (série C)","T.R.Plateaux","Masculin","Pourcentage","2019","78.3"
"Taux de réussite au BAC_II selon le sexe et la région (série C)","T.R.Plateaux","Fémin","Pourcentage","2015","0.1"
"Taux de réussite au BAC_II selon le sexe et la région (série C)","T.R.Plateaux","Fémin","Pourcentage","2016","50"
"Taux de réussite au BAC_II selon le sexe et la région (série C)","T.R.Plateaux","Fémin","Pourcentage","2017","40"
"Taux de réussite au BAC_II selon le sexe et la région (série C)","T.R.Plateaux","Fémin","Pourcentage","2018","100"
"Taux de réussite au BAC_II selon le sexe et la région (série C)","T.R.Plateaux","Fémin","Pourcentage","2019","50"
"Taux de réussite au BAC_II selon le sexe et la région (série C)","AGOU","Fémin","Pourcentage","2015","0"
"Taux de réussite au BAC_II selon le sexe et la région (série C)","AKEBOU","Fémin","Pourcentage","2015","0"
"Taux de réussite au BAC_II selon le sexe et la région (série C)","AMOU","Fémin","Pourcentage","2015","0"
"Taux de réussite au BAC_II selon le sexe et la région (série C)","ANIE","Fémin","Pourcentage","2015","0"
"Taux de réussite au BAC_II selon le sexe et la région (série C)","DAYES","Fémin","Pourcentage","2015","0"
"Taux de réussite au BAC_II selon le sexe et la région (série C)","EST-MONO","Total","Pourcentage","2015","21.1"
"Taux de réussite au BAC_II selon le sexe et la région (série C)","EST-MONO","Masculin","Pourcentage","2015","22.2"
"Taux de réussite au BAC_II selon le sexe et la région (série C)","EST-MONO","Fémin","Pourcentage","2015","0"
"Taux de réussite au BAC_II selon le sexe et la région (série C)","HAHO","Fémin","Pourcentage","2015","0"
"Taux de réussite au BAC_II selon le sexe et la région (série C)","KLOTO","Total","Pourcentage","2014","87.5"
"Taux de réussite au BAC_II selon le sexe et la région (série C)","KLOTO","Total","Pourcentage","2015","64.3"
"Taux de réussite au BAC_II selon le sexe et la région (série C)","KLOTO","Total","Pourcentage","2017","29.5"
"Taux de réussite au BAC_II selon le sexe et la région (série C)","KLOTO","Total","Pourcentage","2018","100"
"Taux de réussite au BAC_II selon le sexe et la région (série C)","KLOTO","Total","Pourcentage","2019","85.7"
"Taux de réussite au BAC_II selon le sexe et la région (série C)","KLOTO","Masculin","Pourcentage","2014","87.5"
"Taux de réussite au BAC_II selon le sexe et la région (série C)","KLOTO","Masculin","Pourcentage","2015","66.7"
"Taux de réussite au BAC_II selon le sexe et la région (série C)","KLOTO","Masculin","Pourcentage","2017","28.6"
"Taux de réussite au BAC_II selon le sexe et la région (série C)","KLOTO","Masculin","Pourcentage","2018","100"
"Taux de réussite au BAC_II selon le sexe et la région (série C)","KLOTO","Masculin","Pourcentage","2019","85.7"
"Taux de réussite au BAC_II selon le sexe et la région (série C)","KLOTO","Fémin","Pourcentage","2015","0.7"
"Taux de réussite au BAC_II selon le sexe et la région (série C)","KLOTO","Fémin","Pourcentage","2017","33.3"
"Taux de réussite au BAC_II selon le sexe et la région (série C)","KPELE-AKATA","Fémin","Pourcentage","2015","0"
"Taux de réussite au BAC_II selon le sexe et la région (série C)","MOYEN-MONO","Fémin","Pourcentage","2015","0"
"Taux de réussite au BAC_II selon le sexe et la région (série C)","OGOU","Total","Pourcentage","2014","57.1"
"Taux de réussite au BAC_II selon le sexe et la région (série C)","OGOU","Total","Pourcentage","2015","58.3"
"Taux de réussite au BAC_II selon le sexe et la région (série C)","OGOU","Total","Pourcentage","2016","44.4"
"Taux de réussite au BAC_II selon le sexe et la région (série C)","OGOU","Total","Pourcentage","2017","88.9"
"Taux de réussite au BAC_II selon le sexe et la région (série C)","OGOU","Total","Pourcentage","2018","82.1"
"Taux de réussite au BAC_II selon le sexe et la région (série C)","OGOU","Total","Pourcentage","2019","66.7"
"Taux de réussite au BAC_II selon le sexe et la région (série C)","OGOU","Masculin","Pourcentage","2014","57.1"
"Taux de réussite au BAC_II selon le sexe et la région (série C)","OGOU","Masculin","Pourcentage","2015","70"
"Taux de réussite au BAC_II selon le sexe et la région (série C)","OGOU","Masculin","Pourcentage","2016","42.9"
"Taux de réussite au BAC_II selon le sexe et la région (série C)","OGOU","Masculin","Pourcentage","2017","87.5"
"Taux de réussite au BAC_II selon le sexe et la région (série C)","OGOU","Masculin","Pourcentage","2018","80"
"Taux de réussite au BAC_II selon le sexe et la région (série C)","OGOU","Masculin","Pourcentage","2019","75"
"Taux de réussite au BAC_II selon le sexe et la région (série C)","OGOU","Fémin","Pourcentage","2015","0"
"Taux de réussite au BAC_II selon le sexe et la région (série C)","OGOU","Fémin","Pourcentage","2016","50"
"Taux de réussite au BAC_II selon le sexe et la région (série C)","OGOU","Fémin","Pourcentage","2017","100"
"Taux de réussite au BAC_II selon le sexe et la région (série C)","OGOU","Fémin","Pourcentage","2018","100"
"Taux de réussite au BAC_II selon le sexe et la région (série C)","OGOU","Fémin","Pourcentage","2019","50"
"Taux de réussite au BAC_II selon le sexe et la région (série C)","WAWA","Fémin","Pourcentage","2015","0"
"Taux de réussite au BAC_II selon le sexe et la région (série C)","T.R.Centrale","Total","Pourcentage","2014","53.8"
"Taux de réussite au BAC_II selon le sexe et la région (série C)","T.R.Centrale","Total","Pourcentage","2015","62.5"
"Taux de réussite au BAC_II selon le sexe et la région (série C)","T.R.Centrale","Total","Pourcentage","2016","55.6"
"Taux de réussite au BAC_II selon le sexe et la région (série C)","T.R.Centrale","Total","Pourcentage","2017","69.6"
"Taux de réussite au BAC_II selon le sexe et la région (série C)","T.R.Centrale","Total","Pourcentage","2018","90.9"
"Taux de réussite au BAC_II selon le sexe et la région (série C)","T.R.Centrale","Total","Pourcentage","2019","54.5"
"Taux de réussite au BAC_II selon le sexe et la région (série C)","T.R.Centrale","Masculin","Pourcentage","2014","50"
"Taux de réussite au BAC_II selon le sexe et la région (série C)","T.R.Centrale","Masculin","Pourcentage","2015","100"
"Taux de réussite au BAC_II selon le sexe et la région (série C)","T.R.Centrale","Masculin","Pourcentage","2016","55.6"
"Taux de réussite au BAC_II selon le sexe et la région (série C)","T.R.Centrale","Masculin","Pourcentage","2017","68.2"
"Taux de réussite au BAC_II selon le sexe et la région (série C)","T.R.Centrale","Masculin","Pourcentage","2018","90.9"
"Taux de réussite au BAC_II selon le sexe et la région (série C)","T.R.Centrale","Masculin","Pourcentage","2019","60"
"Taux de réussite au BAC_II selon le sexe et la région (série C)","T.R.Centrale","Fémin","Pourcentage","2014","100"
"Taux de réussite au BAC_II selon le sexe et la région (série C)","T.R.Centrale","Fémin","Pourcentage","2015","0.3"
"Taux de réussite au BAC_II selon le sexe et la région (série C)","T.R.Centrale","Fémin","Pourcentage","2017","100"
"Taux de réussite au BAC_II selon le sexe et la région (série C)","T.R.Centrale","Fémin","Pourcentage","2019","0"
"Taux de réussite au BAC_II selon le sexe et la région (série C)","BLITTA","Fémin","Pourcentage","2015","0"
"Taux de réussite au BAC_II selon le sexe et la région (série C)","SOTOUBOUA","Total","Pourcentage","2015","85.7"
"Taux de réussite au BAC_II selon le sexe et la région (série C)","SOTOUBOUA","Total","Pourcentage","2016","50"
"Taux de réussite au BAC_II selon le sexe et la région (série C)","SOTOUBOUA","Total","Pourcentage","2017","100"
"Taux de réussite au BAC_II selon le sexe et la région (série C)","SOTOUBOUA","Total","Pourcentage","2018","100"
"Taux de réussite au BAC_II selon le sexe et la région (série C)","SOTOUBOUA","Total","Pourcentage","2019","100"
"Taux de réussite au BAC_II selon le sexe et la région (série C)","SOTOUBOUA","Masculin","Pourcentage","2015","500"
"Taux de réussite au BAC_II selon le sexe et la région (série C)","SOTOUBOUA","Masculin","Pourcentage","2016","50"
"Taux de réussite au BAC_II selon le sexe et la région (série C)","SOTOUBOUA","Masculin","Pourcentage","2017","100"
"Taux de réussite au BAC_II selon le sexe et la région (série C)","SOTOUBOUA","Masculin","Pourcentage","2018","100"
"Taux de réussite au BAC_II selon le sexe et la région (série C)","SOTOUBOUA","Masculin","Pourcentage","2019","100"
"Taux de réussite au BAC_II selon le sexe et la région (série C)","SOTOUBOUA","Fémin","Pourcentage","2015","1.3"
"Taux de réussite au BAC_II selon le sexe et la région (série C)","SOTOUBOUA","Fémin","Pourcentage","2017","100"
"Taux de réussite au BAC_II selon le sexe et la région (série C)","TCHAMBA","Fémin","Pourcentage","2015","0"
"Taux de réussite au BAC_II selon le sexe et la région (série C)","TCHAOUDJO","Total","Pourcentage","2014","53.8"
"Taux de réussite au BAC_II selon le sexe et la région (série C)","TCHAOUDJO","Total","Pourcentage","2015","44.4"
"Taux de réussite au BAC_II selon le sexe et la région (série C)","TCHAOUDJO","Total","Pourcentage","2016","60"
"Taux de réussite au BAC_II selon le sexe et la région (série C)","TCHAOUDJO","Total","Pourcentage","2017","56.3"
"Taux de réussite au BAC_II selon le sexe et la région (série C)","TCHAOUDJO","Total","Pourcentage","2018","83.3"
"Taux de réussite au BAC_II selon le sexe et la région (série C)","TCHAOUDJO","Total","Pourcentage","2019","37.5"
"Taux de réussite au BAC_II selon le sexe et la région (série C)","TCHAOUDJO","Masculin","Pourcentage","2014","50"
"Taux de réussite au BAC_II selon le sexe et la région (série C)","TCHAOUDJO","Masculin","Pourcentage","2015","50"
"Taux de réussite au BAC_II selon le sexe et la région (série C)","TCHAOUDJO","Masculin","Pourcentage","2016","60"
"Taux de réussite au BAC_II selon le sexe et la région (série C)","TCHAOUDJO","Masculin","Pourcentage","2017","56.3"
"Taux de réussite au BAC_II selon le sexe et la région (série C)","TCHAOUDJO","Masculin","Pourcentage","2018","83.3"
"Taux de réussite au BAC_II selon le sexe et la région (série C)","TCHAOUDJO","Masculin","Pourcentage","2019","42.9"
"Taux de réussite au BAC_II selon le sexe et la région (série C)","TCHAOUDJO","Fémin","Pourcentage","2014","100"
"Taux de réussite au BAC_II selon le sexe et la région (série C)","TCHAOUDJO","Fémin","Pourcentage","2015","0"
"Taux de réussite au BAC_II selon le sexe et la région (série C)","TCHAOUDJO","Fémin","Pourcentage","2019","0"
"Taux de réussite au BAC_II selon le sexe et la région (série C)","T.R.Kara","Total","Pourcentage","2014","74.1"
"Taux de réussite au BAC_II selon le sexe et la région (série C)","T.R.Kara","Total","Pourcentage","2015","86.7"
"Taux de réussite au BAC_II selon le sexe et la région (série C)","T.R.Kara","Total","Pourcentage","2016","84.7"
"Taux de réussite au BAC_II selon le sexe et la région (série C)","T.R.Kara","Total","Pourcentage","2017","84"
"Taux de réussite au BAC_II selon le sexe et la région (série C)","T.R.Kara","Total","Pourcentage","2018","97.6"
"Taux de réussite au BAC_II selon le sexe et la région (série C)","T.R.Kara","Total","Pourcentage","2019","81"
"Taux de réussite au BAC_II selon le sexe et la région (série C)","T.R.Kara","Masculin","Pourcentage","2014","77.6"
"Taux de réussite au BAC_II selon le sexe et la région (série C)","T.R.Kara","Masculin","Pourcentage","2015","85.5"
"Taux de réussite au BAC_II selon le sexe et la région (série C)","T.R.Kara","Masculin","Pourcentage","2016","79.7"
"Taux de réussite au BAC_II selon le sexe et la région (série C)","T.R.Kara","Masculin","Pourcentage","2017","84.7"
"Taux de réussite au BAC_II selon le sexe et la région (série C)","T.R.Kara","Masculin","Pourcentage","2018","97"
"Taux de réussite au BAC_II selon le sexe et la région (série C)","T.R.Kara","Masculin","Pourcentage","2019","80.7"
"Taux de réussite au BAC_II selon le sexe et la région (série C)","T.R.Kara","Fémin","Pourcentage","2014","55.6"
"Taux de réussite au BAC_II selon le sexe et la région (série C)","T.R.Kara","Fémin","Pourcentage","2015","7.3"
"Taux de réussite au BAC_II selon le sexe et la région (série C)","T.R.Kara","Fémin","Pourcentage","2016","100"
"Taux de réussite au BAC_II selon le sexe et la région (série C)","T.R.Kara","Fémin","Pourcentage","2017","82.1"
"Taux de réussite au BAC_II selon le sexe et la région (série C)","T.R.Kara","Fémin","Pourcentage","2018","100"
"Taux de réussite au BAC_II selon le sexe et la région (série C)","T.R.Kara","Fémin","Pourcentage","2019","82.1"
"Taux de réussite au BAC_II selon le sexe et la région (série C)","ASSOLI","Total","Pourcentage","2019","60.8"
"Taux de réussite au BAC_II selon le sexe et la région (série C)","ASSOLI","Masculin","Pourcentage","2019","63.2"
"Taux de réussite au BAC_II selon le sexe et la région (série C)","ASSOLI","Fémin","Pourcentage","2015","0"
"Taux de réussite au BAC_II selon le sexe et la région (série C)","ASSOLI","Fémin","Pourcentage","2019","45.5"
"Taux de réussite au BAC_II selon le sexe et la région (série C)","BASSAR","Total","Pourcentage","2014","100"
"Taux de réussite au BAC_II selon le sexe et la région (série C)","BASSAR","Total","Pourcentage","2015","33.3"
"Taux de réussite au BAC_II selon le sexe et la région (série C)","BASSAR","Total","Pourcentage","2016","37.5"
"Taux de réussite au BAC_II selon le sexe et la région (série C)","BASSAR","Total","Pourcentage","2017","57.1"
"Taux de réussite au BAC_II selon le sexe et la région (série C)","BASSAR","Total","Pourcentage","2018","100"
"Taux de réussite au BAC_II selon le sexe et la région (série C)","BASSAR","Total","Pourcentage","2019","100"
"Taux de réussite au BAC_II selon le sexe et la région (série C)","BASSAR","Masculin","Pourcentage","2014","100"
"Taux de réussite au BAC_II selon le sexe et la région (série C)","BASSAR","Masculin","Pourcentage","2015","40"
"Taux de réussite au BAC_II selon le sexe et la région (série C)","BASSAR","Masculin","Pourcentage","2016","37.5"
"Taux de réussite au BAC_II selon le sexe et la région (série C)","BASSAR","Masculin","Pourcentage","2017","57.1"
"Taux de réussite au BAC_II selon le sexe et la région (série C)","BASSAR","Masculin","Pourcentage","2018","100"
"Taux de réussite au BAC_II selon le sexe et la région (série C)","BASSAR","Masculin","Pourcentage","2019","100"
"Taux de réussite au BAC_II selon le sexe et la région (série C)","BASSAR","Fémin","Pourcentage","2014","100"
"Taux de réussite au BAC_II selon le sexe et la région (série C)","BASSAR","Fémin","Pourcentage","2015","0"
"Taux de réussite au BAC_II selon le sexe et la région (série C)","BASSAR","Fémin","Pourcentage","2019","100"
"Taux de réussite au BAC_II selon le sexe et la région (série C)","BINAH","Fémin","Pourcentage","2015","0"
"Taux de réussite au BAC_II selon le sexe et la région (série C)","DANKPEN","Fémin","Pourcentage","2015","0"
"Taux de réussite au BAC_II selon le sexe et la région (série C)","DOUFELGOU","Total","Pourcentage","2014","100"
"Taux de réussite au BAC_II selon le sexe et la région (série C)","DOUFELGOU","Total","Pourcentage","2015","40"
"Taux de réussite au BAC_II selon le sexe et la région (série C)","DOUFELGOU","Total","Pourcentage","2016","60"
"Taux de réussite au BAC_II selon le sexe et la région (série C)","DOUFELGOU","Total","Pourcentage","2017","60"
"Taux de réussite au BAC_II selon le sexe et la région (série C)","DOUFELGOU","Total","Pourcentage","2018","100"
"Taux de réussite au BAC_II selon le sexe et la région (série C)","DOUFELGOU","Total","Pourcentage","2019","100"
"Taux de réussite au BAC_II selon le sexe et la région (série C)","DOUFELGOU","Masculin","Pourcentage","2014","100"
"Taux de réussite au BAC_II selon le sexe et la région (série C)","DOUFELGOU","Masculin","Pourcentage","2015","40"
"Taux de réussite au BAC_II selon le sexe et la région (série C)","DOUFELGOU","Masculin","Pourcentage","2016","60"
"Taux de réussite au BAC_II selon le sexe et la région (série C)","DOUFELGOU","Masculin","Pourcentage","2017","60"
"Taux de réussite au BAC_II selon le sexe et la région (série C)","DOUFELGOU","Masculin","Pourcentage","2018","100"
"Taux de réussite au BAC_II selon le sexe et la région (série C)","DOUFELGOU","Masculin","Pourcentage","2019","100"
"Taux de réussite au BAC_II selon le sexe et la région (série C)","DOUFELGOU","Fémin","Pourcentage","2015","0"
"Taux de réussite au BAC_II selon le sexe et la région (série C)","KERAN","Fémin","Pourcentage","2015","0"
"Taux de réussite au BAC_II selon le sexe et la région (série C)","KOZAH","Total","Pourcentage","2014","72.2"
"Taux de réussite au BAC_II selon le sexe et la région (série C)","KOZAH","Total","Pourcentage","2015","94.4"
"Taux de réussite au BAC_II selon le sexe et la région (série C)","KOZAH","Total","Pourcentage","2016","90.6"
"Taux de réussite au BAC_II selon le sexe et la région (série C)","KOZAH","Total","Pourcentage","2017","87.5"
"Taux de réussite au BAC_II selon le sexe et la région (série C)","KOZAH","Total","Pourcentage","2018","97.4"
"Taux de réussite au BAC_II selon le sexe et la région (série C)","KOZAH","Total","Pourcentage","2019","97.8"
"Taux de réussite au BAC_II selon le sexe et la région (série C)","KOZAH","Masculin","Pourcentage","2014","76.1"
"Taux de réussite au BAC_II selon le sexe et la région (série C)","KOZAH","Masculin","Pourcentage","2015","94.2"
"Taux de réussite au BAC_II selon le sexe et la région (série C)","KOZAH","Masculin","Pourcentage","2016","86.9"
"Taux de réussite au BAC_II selon le sexe et la région (série C)","KOZAH","Masculin","Pourcentage","2017","90"
"Taux de réussite au BAC_II selon le sexe et la région (série C)","KOZAH","Masculin","Pourcentage","2018","96.8"
"Taux de réussite au BAC_II selon le sexe et la région (série C)","KOZAH","Masculin","Pourcentage","2019","98.4"
"Taux de réussite au BAC_II selon le sexe et la région (série C)","KOZAH","Fémin","Pourcentage","2014","50"
"Taux de réussite au BAC_II selon le sexe et la région (série C)","KOZAH","Fémin","Pourcentage","2015","10.7"
"Taux de réussite au BAC_II selon le sexe et la région (série C)","KOZAH","Fémin","Pourcentage","2016","100"
"Taux de réussite au BAC_II selon le sexe et la région (série C)","KOZAH","Fémin","Pourcentage","2017","82.1"
"Taux de réussite au BAC_II selon le sexe et la région (série C)","KOZAH","Fémin","Pourcentage","2018","100"
"Taux de réussite au BAC_II selon le sexe et la région (série C)","KOZAH","Fémin","Pourcentage","2019","96.3"
