indicator_id,indicator_label_en,country_id,year,value,magnitude,qualifier
10403,Start month of the academic school year (tertiary education),TGO,1998,10,,
10403,Start month of the academic school year (tertiary education),TGO,1999,10,,
10403,Start month of the academic school year (tertiary education),TGO,2000,10,,
10403,Start month of the academic school year (tertiary education),TGO,2001,10,,
10403,Start month of the academic school year (tertiary education),TGO,2002,10,,
10403,Start month of the academic school year (tertiary education),TGO,2003,10,,
10403,Start month of the academic school year (tertiary education),TGO,2004,10,,
10403,Start month of the academic school year (tertiary education),TGO,2005,10,,
10403,Start month of the academic school year (tertiary education),TGO,2006,10,,
10403,Start month of the academic school year (tertiary education),TGO,2007,10,,
10403,Start month of the academic school year (tertiary education),TGO,2008,10,,
10403,Start month of the academic school year (tertiary education),TGO,2009,10,,
10403,Start month of the academic school year (tertiary education),TGO,2010,10,,
10403,Start month of the academic school year (tertiary education),TGO,2011,9,,
10403,Start month of the academic school year (tertiary education),TGO,2012,9,,
10403,Start month of the academic school year (tertiary education),TGO,2013,10,,
10403,Start month of the academic school year (tertiary education),TGO,2014,10,,
10403,Start month of the academic school year (tertiary education),TGO,2015,10,,
10403,Start month of the academic school year (tertiary education),TGO,2016,10,,
10403,Start month of the academic school year (tertiary education),TGO,2017,10,,
10403,Start month of the academic school year (tertiary education),TGO,2018,10,,
10403,Start month of the academic school year (tertiary education),TGO,2019,10,,
10403,Start month of the academic school year (tertiary education),TGO,2020,11,,
10403,Start month of the academic school year (tertiary education),TGO,2021,12,,
10403,Start month of the academic school year (tertiary education),TGO,2022,11,,
10404,End month of the academic school year (tertiary education),TGO,1998,6,,
10404,End month of the academic school year (tertiary education),TGO,1999,6,,
10404,End month of the academic school year (tertiary education),TGO,2000,6,,
10404,End month of the academic school year (tertiary education),TGO,2001,6,,
10404,End month of the academic school year (tertiary education),TGO,2002,6,,
10404,End month of the academic school year (tertiary education),TGO,2003,6,,
10404,End month of the academic school year (tertiary education),TGO,2004,6,,
10404,End month of the academic school year (tertiary education),TGO,2005,6,,
10404,End month of the academic school year (tertiary education),TGO,2006,6,,
10404,End month of the academic school year (tertiary education),TGO,2007,6,,
10404,End month of the academic school year (tertiary education),TGO,2008,6,,
10404,End month of the academic school year (tertiary education),TGO,2009,6,,
10404,End month of the academic school year (tertiary education),TGO,2010,6,,
10404,End month of the academic school year (tertiary education),TGO,2011,7,,
10404,End month of the academic school year (tertiary education),TGO,2012,7,,
10404,End month of the academic school year (tertiary education),TGO,2013,7,,
10404,End month of the academic school year (tertiary education),TGO,2014,8,,
10404,End month of the academic school year (tertiary education),TGO,2015,8,,
10404,End month of the academic school year (tertiary education),TGO,2016,8,,
10404,End month of the academic school year (tertiary education),TGO,2017,8,,
10404,End month of the academic school year (tertiary education),TGO,2018,8,,
10404,End month of the academic school year (tertiary education),TGO,2019,8,,
10404,End month of the academic school year (tertiary education),TGO,2020,8,,
10404,End month of the academic school year (tertiary education),TGO,2021,8,,
10404,End month of the academic school year (tertiary education),TGO,2022,8,,
10405,Start of the academic school year (tertiary education),TGO,1970,1969,,
10405,Start of the academic school year (tertiary education),TGO,1971,1970,,
10405,Start of the academic school year (tertiary education),TGO,1972,1971,,
10405,Start of the academic school year (tertiary education),TGO,1973,1972,,
10405,Start of the academic school year (tertiary education),TGO,1974,1973,,
10405,Start of the academic school year (tertiary education),TGO,1975,1974,,
10405,Start of the academic school year (tertiary education),TGO,1976,1975,,
10405,Start of the academic school year (tertiary education),TGO,1977,1976,,
10405,Start of the academic school year (tertiary education),TGO,1978,1977,,
10405,Start of the academic school year (tertiary education),TGO,1979,1978,,
10405,Start of the academic school year (tertiary education),TGO,1980,1979,,
10405,Start of the academic school year (tertiary education),TGO,1981,1980,,
10405,Start of the academic school year (tertiary education),TGO,1982,1981,,
10405,Start of the academic school year (tertiary education),TGO,1983,1982,,
10405,Start of the academic school year (tertiary education),TGO,1984,1983,,
10405,Start of the academic school year (tertiary education),TGO,1985,1984,,
10405,Start of the academic school year (tertiary education),TGO,1986,1985,,
10405,Start of the academic school year (tertiary education),TGO,1987,1986,,
10405,Start of the academic school year (tertiary education),TGO,1988,1987,,
10405,Start of the academic school year (tertiary education),TGO,1989,1988,,
10405,Start of the academic school year (tertiary education),TGO,1990,1989,,
10405,Start of the academic school year (tertiary education),TGO,1991,1990,,
10405,Start of the academic school year (tertiary education),TGO,1992,1991,,
10405,Start of the academic school year (tertiary education),TGO,1993,1992,,
10405,Start of the academic school year (tertiary education),TGO,1994,1993,,
10405,Start of the academic school year (tertiary education),TGO,1995,1994,,
10405,Start of the academic school year (tertiary education),TGO,1996,1995,,
10405,Start of the academic school year (tertiary education),TGO,1997,1996,,
10405,Start of the academic school year (tertiary education),TGO,1998,1997,,
10405,Start of the academic school year (tertiary education),TGO,1999,1998,,
10405,Start of the academic school year (tertiary education),TGO,2000,1999,,
10405,Start of the academic school year (tertiary education),TGO,2001,2000,,
10405,Start of the academic school year (tertiary education),TGO,2002,2001,,
10405,Start of the academic school year (tertiary education),TGO,2003,2002,,
10405,Start of the academic school year (tertiary education),TGO,2004,2003,,
10405,Start of the academic school year (tertiary education),TGO,2005,2004,,
10405,Start of the academic school year (tertiary education),TGO,2006,2005,,
10405,Start of the academic school year (tertiary education),TGO,2007,2006,,
10405,Start of the academic school year (tertiary education),TGO,2008,2007,,
10405,Start of the academic school year (tertiary education),TGO,2009,2008,,
10405,Start of the academic school year (tertiary education),TGO,2010,2009,,
10405,Start of the academic school year (tertiary education),TGO,2011,2010,,
10405,Start of the academic school year (tertiary education),TGO,2012,2011,,
10405,Start of the academic school year (tertiary education),TGO,2013,2012,,
10405,Start of the academic school year (tertiary education),TGO,2014,2013,,
10405,Start of the academic school year (tertiary education),TGO,2015,2014,,
10405,Start of the academic school year (tertiary education),TGO,2016,2015,,
10405,Start of the academic school year (tertiary education),TGO,2017,2016,,
10405,Start of the academic school year (tertiary education),TGO,2018,2017,,
10405,Start of the academic school year (tertiary education),TGO,2019,2018,,
10405,Start of the academic school year (tertiary education),TGO,2020,2019,,
10405,Start of the academic school year (tertiary education),TGO,2021,2020,,
10405,Start of the academic school year (tertiary education),TGO,2022,2021,,
10406,End of the academic school year (tertiary education),TGO,1998,1998,,
10406,End of the academic school year (tertiary education),TGO,1999,1999,,
10406,End of the academic school year (tertiary education),TGO,2000,2000,,
10406,End of the academic school year (tertiary education),TGO,2001,2001,,
10406,End of the academic school year (tertiary education),TGO,2002,2002,,
10406,End of the academic school year (tertiary education),TGO,2003,2003,,
10406,End of the academic school year (tertiary education),TGO,2004,2004,,
10406,End of the academic school year (tertiary education),TGO,2005,2005,,
10406,End of the academic school year (tertiary education),TGO,2006,2006,,
10406,End of the academic school year (tertiary education),TGO,2007,2007,,
10406,End of the academic school year (tertiary education),TGO,2008,2008,,
10406,End of the academic school year (tertiary education),TGO,2009,2009,,
10406,End of the academic school year (tertiary education),TGO,2010,2010,,
10406,End of the academic school year (tertiary education),TGO,2011,2011,,
10406,End of the academic school year (tertiary education),TGO,2012,2012,,
10406,End of the academic school year (tertiary education),TGO,2013,2013,,
10406,End of the academic school year (tertiary education),TGO,2014,2014,,
10406,End of the academic school year (tertiary education),TGO,2015,2015,,
10406,End of the academic school year (tertiary education),TGO,2016,2016,,
10406,End of the academic school year (tertiary education),TGO,2017,2017,,
10406,End of the academic school year (tertiary education),TGO,2018,2018,,
10406,End of the academic school year (tertiary education),TGO,2019,2019,,
10406,End of the academic school year (tertiary education),TGO,2020,2020,,
10406,End of the academic school year (tertiary education),TGO,2021,2021,,
10406,End of the academic school year (tertiary education),TGO,2022,2022,,
20060,"Enrolment in pre-primary education, both sexes (number)",TGO,1971,9414,,
20060,"Enrolment in pre-primary education, both sexes (number)",TGO,1972,6129,,
20060,"Enrolment in pre-primary education, both sexes (number)",TGO,1973,7110,,
20060,"Enrolment in pre-primary education, both sexes (number)",TGO,1974,7273,,
20060,"Enrolment in pre-primary education, both sexes (number)",TGO,1975,6242,,
20060,"Enrolment in pre-primary education, both sexes (number)",TGO,1976,6723,,
20060,"Enrolment in pre-primary education, both sexes (number)",TGO,1977,5458,,
20060,"Enrolment in pre-primary education, both sexes (number)",TGO,1978,6124,,
20060,"Enrolment in pre-primary education, both sexes (number)",TGO,1979,6973,,
20060,"Enrolment in pre-primary education, both sexes (number)",TGO,1980,6484,,
20060,"Enrolment in pre-primary education, both sexes (number)",TGO,1981,7726,,
20060,"Enrolment in pre-primary education, both sexes (number)",TGO,1982,9000,,
20060,"Enrolment in pre-primary education, both sexes (number)",TGO,1983,9393,,
20060,"Enrolment in pre-primary education, both sexes (number)",TGO,1984,9248,,
20060,"Enrolment in pre-primary education, both sexes (number)",TGO,1985,9279,,
20060,"Enrolment in pre-primary education, both sexes (number)",TGO,1986,9740,,
20060,"Enrolment in pre-primary education, both sexes (number)",TGO,1987,9844,,
20060,"Enrolment in pre-primary education, both sexes (number)",TGO,1988,10483,,
20060,"Enrolment in pre-primary education, both sexes (number)",TGO,1989,9772,,
20060,"Enrolment in pre-primary education, both sexes (number)",TGO,1990,10200,,
20060,"Enrolment in pre-primary education, both sexes (number)",TGO,1991,10949,,
20060,"Enrolment in pre-primary education, both sexes (number)",TGO,1994,10526,,
20060,"Enrolment in pre-primary education, both sexes (number)",TGO,1995,10098,,
20060,"Enrolment in pre-primary education, both sexes (number)",TGO,1996,10354,,
20060,"Enrolment in pre-primary education, both sexes (number)",TGO,1997,10489,,
20060,"Enrolment in pre-primary education, both sexes (number)",TGO,1998,10532,,
20060,"Enrolment in pre-primary education, both sexes (number)",TGO,1999,11241,,
20060,"Enrolment in pre-primary education, both sexes (number)",TGO,2000,9432,,
20060,"Enrolment in pre-primary education, both sexes (number)",TGO,2001,10484,,
20060,"Enrolment in pre-primary education, both sexes (number)",TGO,2002,12094,,
20060,"Enrolment in pre-primary education, both sexes (number)",TGO,2003,12773,,
20060,"Enrolment in pre-primary education, both sexes (number)",TGO,2004,15085,,UIS_EST
20060,"Enrolment in pre-primary education, both sexes (number)",TGO,2006,19973,,UIS_EST
20060,"Enrolment in pre-primary education, both sexes (number)",TGO,2007,22559,,
20060,"Enrolment in pre-primary education, both sexes (number)",TGO,2008,26050,,
20060,"Enrolment in pre-primary education, both sexes (number)",TGO,2009,41057,,
20060,"Enrolment in pre-primary education, both sexes (number)",TGO,2010,42890,,
20060,"Enrolment in pre-primary education, both sexes (number)",TGO,2011,55120,,
20060,"Enrolment in pre-primary education, both sexes (number)",TGO,2012,66018,,
20060,"Enrolment in pre-primary education, both sexes (number)",TGO,2013,86680,,
20060,"Enrolment in pre-primary education, both sexes (number)",TGO,2014,96957,,
20060,"Enrolment in pre-primary education, both sexes (number)",TGO,2015,115105,,
20060,"Enrolment in pre-primary education, both sexes (number)",TGO,2017,143897,,
20060,"Enrolment in pre-primary education, both sexes (number)",TGO,2018,155739,,
20060,"Enrolment in pre-primary education, both sexes (number)",TGO,2019,172225,,
20060,"Enrolment in pre-primary education, both sexes (number)",TGO,2020,207503,,
20060,"Enrolment in pre-primary education, both sexes (number)",TGO,2021,206034,,
20060,"Enrolment in pre-primary education, both sexes (number)",TGO,2022,228223,,
20060,"Enrolment in pre-primary education, both sexes (number)",TGO,2023,240424,,
20060,"Enrolment in pre-primary education, both sexes (number)",TGO,2024,230771,,
20061,"Enrolment in pre-primary education, female (number)",TGO,1971,3983,,
20061,"Enrolment in pre-primary education, female (number)",TGO,1972,2891,,
20061,"Enrolment in pre-primary education, female (number)",TGO,1973,3492,,
20061,"Enrolment in pre-primary education, female (number)",TGO,1974,3395,,
20061,"Enrolment in pre-primary education, female (number)",TGO,1975,2876,,
20061,"Enrolment in pre-primary education, female (number)",TGO,1976,3270,,
20061,"Enrolment in pre-primary education, female (number)",TGO,1977,2585,,
20061,"Enrolment in pre-primary education, female (number)",TGO,1978,2873,,
20061,"Enrolment in pre-primary education, female (number)",TGO,1979,3384,,
20061,"Enrolment in pre-primary education, female (number)",TGO,1980,3108,,
20061,"Enrolment in pre-primary education, female (number)",TGO,1981,3808,,
20061,"Enrolment in pre-primary education, female (number)",TGO,1982,4381,,
20061,"Enrolment in pre-primary education, female (number)",TGO,1983,4603,,
20061,"Enrolment in pre-primary education, female (number)",TGO,1984,4580,,
20061,"Enrolment in pre-primary education, female (number)",TGO,1985,4640,,
20061,"Enrolment in pre-primary education, female (number)",TGO,1986,4733,,
20061,"Enrolment in pre-primary education, female (number)",TGO,1987,4746,,
20061,"Enrolment in pre-primary education, female (number)",TGO,1988,5112,,
20061,"Enrolment in pre-primary education, female (number)",TGO,1989,4917,,
20061,"Enrolment in pre-primary education, female (number)",TGO,1990,4877,,
20061,"Enrolment in pre-primary education, female (number)",TGO,1991,5409,,
20061,"Enrolment in pre-primary education, female (number)",TGO,1994,5235,,
20061,"Enrolment in pre-primary education, female (number)",TGO,1995,4949,,
20061,"Enrolment in pre-primary education, female (number)",TGO,1996,5074,,
20061,"Enrolment in pre-primary education, female (number)",TGO,1997,5108,,
20061,"Enrolment in pre-primary education, female (number)",TGO,1998,5153,,
20061,"Enrolment in pre-primary education, female (number)",TGO,1999,5601,,
20061,"Enrolment in pre-primary education, female (number)",TGO,2000,4829,,
20061,"Enrolment in pre-primary education, female (number)",TGO,2001,5220,,
20061,"Enrolment in pre-primary education, female (number)",TGO,2002,6115,,
20061,"Enrolment in pre-primary education, female (number)",TGO,2003,6330,,
20061,"Enrolment in pre-primary education, female (number)",TGO,2004,7542,,UIS_EST
20061,"Enrolment in pre-primary education, female (number)",TGO,2006,9986,,UIS_EST
20061,"Enrolment in pre-primary education, female (number)",TGO,2007,11334,,
20061,"Enrolment in pre-primary education, female (number)",TGO,2008,13208,,
20061,"Enrolment in pre-primary education, female (number)",TGO,2009,20920,,
20061,"Enrolment in pre-primary education, female (number)",TGO,2010,21684,,
20061,"Enrolment in pre-primary education, female (number)",TGO,2011,27832,,
20061,"Enrolment in pre-primary education, female (number)",TGO,2012,33508,,
20061,"Enrolment in pre-primary education, female (number)",TGO,2013,44092,,
20061,"Enrolment in pre-primary education, female (number)",TGO,2014,49115,,
20061,"Enrolment in pre-primary education, female (number)",TGO,2015,58235,,
20061,"Enrolment in pre-primary education, female (number)",TGO,2017,73162,,
20061,"Enrolment in pre-primary education, female (number)",TGO,2018,78782,,
20061,"Enrolment in pre-primary education, female (number)",TGO,2019,87158,,
20061,"Enrolment in pre-primary education, female (number)",TGO,2020,105275,,
20061,"Enrolment in pre-primary education, female (number)",TGO,2021,104834,,
20061,"Enrolment in pre-primary education, female (number)",TGO,2022,116380,,
20061,"Enrolment in pre-primary education, female (number)",TGO,2023,121227,,
20061,"Enrolment in pre-primary education, female (number)",TGO,2024,116788,,
20062,"Enrolment in primary education, both sexes (number)",TGO,1971,228505,,
20062,"Enrolment in primary education, both sexes (number)",TGO,1972,257875,,
20062,"Enrolment in primary education, both sexes (number)",TGO,1973,290352,,
20062,"Enrolment in primary education, both sexes (number)",TGO,1974,311678,,
20062,"Enrolment in primary education, both sexes (number)",TGO,1975,329443,,
20062,"Enrolment in primary education, both sexes (number)",TGO,1976,362895,,
20062,"Enrolment in primary education, both sexes (number)",TGO,1977,395381,,
20062,"Enrolment in primary education, both sexes (number)",TGO,1978,421436,,
20062,"Enrolment in primary education, both sexes (number)",TGO,1979,458104,,
20062,"Enrolment in primary education, both sexes (number)",TGO,1980,484272,,
20062,"Enrolment in primary education, both sexes (number)",TGO,1981,506788,,
20062,"Enrolment in primary education, both sexes (number)",TGO,1982,498639,,
20062,"Enrolment in primary education, both sexes (number)",TGO,1983,492329,,
20062,"Enrolment in primary education, both sexes (number)",TGO,1984,457376,,
20062,"Enrolment in primary education, both sexes (number)",TGO,1985,454209,,
20062,"Enrolment in primary education, both sexes (number)",TGO,1986,462858,,
20062,"Enrolment in primary education, both sexes (number)",TGO,1987,511009,,
20062,"Enrolment in primary education, both sexes (number)",TGO,1988,527853,,
20062,"Enrolment in primary education, both sexes (number)",TGO,1989,569388,,
20062,"Enrolment in primary education, both sexes (number)",TGO,1990,597503,,
20062,"Enrolment in primary education, both sexes (number)",TGO,1991,646962,,
20062,"Enrolment in primary education, both sexes (number)",TGO,1992,652548,,
20062,"Enrolment in primary education, both sexes (number)",TGO,1994,663126,,
20062,"Enrolment in primary education, both sexes (number)",TGO,1995,762137,,
20062,"Enrolment in primary education, both sexes (number)",TGO,1996,824626,,
20062,"Enrolment in primary education, both sexes (number)",TGO,1997,859574,,
20062,"Enrolment in primary education, both sexes (number)",TGO,1998,888012,,
20062,"Enrolment in primary education, both sexes (number)",TGO,1999,953886,,
20062,"Enrolment in primary education, both sexes (number)",TGO,2000,914919,,
20062,"Enrolment in primary education, both sexes (number)",TGO,2001,945103,,
20062,"Enrolment in primary education, both sexes (number)",TGO,2002,977534,,
20062,"Enrolment in primary education, both sexes (number)",TGO,2003,975063,,
20062,"Enrolment in primary education, both sexes (number)",TGO,2004,984846,,
20062,"Enrolment in primary education, both sexes (number)",TGO,2005,996707,,
20062,"Enrolment in primary education, both sexes (number)",TGO,2006,1051872,,
20062,"Enrolment in primary education, both sexes (number)",TGO,2007,1021617,,
20062,"Enrolment in primary education, both sexes (number)",TGO,2008,1055372,,
20062,"Enrolment in primary education, both sexes (number)",TGO,2009,1224916,,
20062,"Enrolment in primary education, both sexes (number)",TGO,2010,1286653,,
20062,"Enrolment in primary education, both sexes (number)",TGO,2011,1299802,,
20062,"Enrolment in primary education, both sexes (number)",TGO,2012,1368074,,
20062,"Enrolment in primary education, both sexes (number)",TGO,2013,1412356,,
20062,"Enrolment in primary education, both sexes (number)",TGO,2014,1413208,,
20062,"Enrolment in primary education, both sexes (number)",TGO,2015,1498312,,
20062,"Enrolment in primary education, both sexes (number)",TGO,2016,1498314.473,,
20062,"Enrolment in primary education, both sexes (number)",TGO,2017,1524191,,
20062,"Enrolment in primary education, both sexes (number)",TGO,2018,1548876,,
20062,"Enrolment in primary education, both sexes (number)",TGO,2019,1584376,,
20062,"Enrolment in primary education, both sexes (number)",TGO,2020,1634441,,
20062,"Enrolment in primary education, both sexes (number)",TGO,2021,1629064,,
20062,"Enrolment in primary education, both sexes (number)",TGO,2022,1672475,,
20062,"Enrolment in primary education, both sexes (number)",TGO,2023,1664472,,
20062,"Enrolment in primary education, both sexes (number)",TGO,2024,1657602,,
20063,"Enrolment in primary education, female (number)",TGO,1971,70850,,
20063,"Enrolment in primary education, female (number)",TGO,1972,81675,,
20063,"Enrolment in primary education, female (number)",TGO,1973,93565,,
20063,"Enrolment in primary education, female (number)",TGO,1974,102710,,
20063,"Enrolment in primary education, female (number)",TGO,1975,110878,,
20063,"Enrolment in primary education, female (number)",TGO,1976,126041,,
20063,"Enrolment in primary education, female (number)",TGO,1977,141373,,
20063,"Enrolment in primary education, female (number)",TGO,1978,155586,,
20063,"Enrolment in primary education, female (number)",TGO,1979,173782,,
20063,"Enrolment in primary education, female (number)",TGO,1980,186668,,
20063,"Enrolment in primary education, female (number)",TGO,1981,198418,,
20063,"Enrolment in primary education, female (number)",TGO,1982,196384,,
20063,"Enrolment in primary education, female (number)",TGO,1983,194608,,
20063,"Enrolment in primary education, female (number)",TGO,1984,178837,,
20063,"Enrolment in primary education, female (number)",TGO,1985,175276,,
20063,"Enrolment in primary education, female (number)",TGO,1986,177373,,
20063,"Enrolment in primary education, female (number)",TGO,1987,195523,,
20063,"Enrolment in primary education, female (number)",TGO,1988,203745,,
20063,"Enrolment in primary education, female (number)",TGO,1989,220652,,
20063,"Enrolment in primary education, female (number)",TGO,1990,234731,,
20063,"Enrolment in primary education, female (number)",TGO,1991,255642,,
20063,"Enrolment in primary education, female (number)",TGO,1992,260853,,
20063,"Enrolment in primary education, female (number)",TGO,1994,265252,,
20063,"Enrolment in primary education, female (number)",TGO,1995,308642,,
20063,"Enrolment in primary education, female (number)",TGO,1996,337198,,
20063,"Enrolment in primary education, female (number)",TGO,1997,356702,,
20063,"Enrolment in primary education, female (number)",TGO,1998,374602,,
20063,"Enrolment in primary education, female (number)",TGO,1999,410894,,
20063,"Enrolment in primary education, female (number)",TGO,2000,400918,,
20063,"Enrolment in primary education, female (number)",TGO,2001,418519,,
20063,"Enrolment in primary education, female (number)",TGO,2002,438852,,
20063,"Enrolment in primary education, female (number)",TGO,2003,441143,,
20063,"Enrolment in primary education, female (number)",TGO,2004,449305,,
20063,"Enrolment in primary education, female (number)",TGO,2005,457915,,
20063,"Enrolment in primary education, female (number)",TGO,2006,486511,,
20063,"Enrolment in primary education, female (number)",TGO,2007,473995,,
20063,"Enrolment in primary education, female (number)",TGO,2008,493190,,
20063,"Enrolment in primary education, female (number)",TGO,2009,563444,,
20063,"Enrolment in primary education, female (number)",TGO,2010,609403,,
20063,"Enrolment in primary education, female (number)",TGO,2011,618303,,
20063,"Enrolment in primary education, female (number)",TGO,2012,655612,,
20063,"Enrolment in primary education, female (number)",TGO,2013,681241,,
20063,"Enrolment in primary education, female (number)",TGO,2014,684021,,
20063,"Enrolment in primary education, female (number)",TGO,2015,728713,,
20063,"Enrolment in primary education, female (number)",TGO,2016,728714.9230000001,,
20063,"Enrolment in primary education, female (number)",TGO,2017,742158,,
20063,"Enrolment in primary education, female (number)",TGO,2018,758299,,
20063,"Enrolment in primary education, female (number)",TGO,2019,776334,,
20063,"Enrolment in primary education, female (number)",TGO,2020,802806,,
20063,"Enrolment in primary education, female (number)",TGO,2021,797554,,
20063,"Enrolment in primary education, female (number)",TGO,2022,819971,,
20063,"Enrolment in primary education, female (number)",TGO,2023,815497,,
20063,"Enrolment in primary education, female (number)",TGO,2024,812339,,
20064,"Enrolment in lower secondary education, both sexes (number)",TGO,1995,124970,,
20064,"Enrolment in lower secondary education, both sexes (number)",TGO,1999,182084,,
20064,"Enrolment in lower secondary education, both sexes (number)",TGO,2000,207754,,
20064,"Enrolment in lower secondary education, both sexes (number)",TGO,2001,230271,,UIS_EST
20064,"Enrolment in lower secondary education, both sexes (number)",TGO,2002,267075,,UIS_EST
20064,"Enrolment in lower secondary education, both sexes (number)",TGO,2003,289892,,
20064,"Enrolment in lower secondary education, both sexes (number)",TGO,2004,308337,,
20064,"Enrolment in lower secondary education, both sexes (number)",TGO,2005,315822,,
20064,"Enrolment in lower secondary education, both sexes (number)",TGO,2006,333113,,
20064,"Enrolment in lower secondary education, both sexes (number)",TGO,2007,300284,,UIS_EST
20064,"Enrolment in lower secondary education, both sexes (number)",TGO,2011,399661,,
20064,"Enrolment in lower secondary education, both sexes (number)",TGO,2017,549330,,
20064,"Enrolment in lower secondary education, both sexes (number)",TGO,2021,630367,,
20064,"Enrolment in lower secondary education, both sexes (number)",TGO,2023,666374,,
20065,"Enrolment in lower secondary education, female (number)",TGO,1995,35275,,
20065,"Enrolment in lower secondary education, female (number)",TGO,1999,56073,,
20065,"Enrolment in lower secondary education, female (number)",TGO,2000,67891,,
20065,"Enrolment in lower secondary education, female (number)",TGO,2001,76766,,UIS_EST
20065,"Enrolment in lower secondary education, female (number)",TGO,2002,91491,,UIS_EST
20065,"Enrolment in lower secondary education, female (number)",TGO,2003,100205,,
20065,"Enrolment in lower secondary education, female (number)",TGO,2004,109641,,
20065,"Enrolment in lower secondary education, female (number)",TGO,2005,114694,,
20065,"Enrolment in lower secondary education, female (number)",TGO,2006,123441,,
20065,"Enrolment in lower secondary education, female (number)",TGO,2007,109352,,UIS_EST
20065,"Enrolment in lower secondary education, female (number)",TGO,2017,240413,,
20065,"Enrolment in lower secondary education, female (number)",TGO,2021,286679,,
20065,"Enrolment in lower secondary education, female (number)",TGO,2023,307030,,
20070,"Enrolment in upper secondary education, both sexes (number)",TGO,1995,28378,,
20070,"Enrolment in upper secondary education, both sexes (number)",TGO,1999,49864,,
20070,"Enrolment in upper secondary education, both sexes (number)",TGO,2000,50923,,UIS_EST
20070,"Enrolment in upper secondary education, both sexes (number)",TGO,2003,65073,,UIS_EST
20070,"Enrolment in upper secondary education, both sexes (number)",TGO,2004,67048,,
20070,"Enrolment in upper secondary education, both sexes (number)",TGO,2005,88648,,
20070,"Enrolment in upper secondary education, both sexes (number)",TGO,2006,96951,,
20070,"Enrolment in upper secondary education, both sexes (number)",TGO,2007,108680,,UIS_EST
20070,"Enrolment in upper secondary education, both sexes (number)",TGO,2011,146200,,
20070,"Enrolment in upper secondary education, both sexes (number)",TGO,2017,178619,,
20070,"Enrolment in upper secondary education, both sexes (number)",TGO,2020,217466,,
20070,"Enrolment in upper secondary education, both sexes (number)",TGO,2021,221994,,
20070,"Enrolment in upper secondary education, both sexes (number)",TGO,2023,248840,,
20071,"Enrolment in upper secondary education, female (number)",TGO,1995,4813,,
20071,"Enrolment in upper secondary education, female (number)",TGO,1999,10310,,
20071,"Enrolment in upper secondary education, female (number)",TGO,2000,12032,,UIS_EST
20071,"Enrolment in upper secondary education, female (number)",TGO,2003,16943,,UIS_EST
20071,"Enrolment in upper secondary education, female (number)",TGO,2004,18051,,
20071,"Enrolment in upper secondary education, female (number)",TGO,2005,25614,,
20071,"Enrolment in upper secondary education, female (number)",TGO,2006,28424,,
20071,"Enrolment in upper secondary education, female (number)",TGO,2007,32123,,UIS_EST
20071,"Enrolment in upper secondary education, female (number)",TGO,2017,64996,,
20071,"Enrolment in upper secondary education, female (number)",TGO,2020,89247,,
20071,"Enrolment in upper secondary education, female (number)",TGO,2021,94004,,
20071,"Enrolment in upper secondary education, female (number)",TGO,2023,114543,,
20076,"Enrolment in post-secondary non-tertiary education, both sexes (number)",TGO,1999,331,,
20076,"Enrolment in post-secondary non-tertiary education, both sexes (number)",TGO,2000,0,NIL,
20076,"Enrolment in post-secondary non-tertiary education, both sexes (number)",TGO,2001,0,NIL,
20076,"Enrolment in post-secondary non-tertiary education, both sexes (number)",TGO,2002,0,NIL,
20076,"Enrolment in post-secondary non-tertiary education, both sexes (number)",TGO,2003,0,NIL,
20076,"Enrolment in post-secondary non-tertiary education, both sexes (number)",TGO,2004,0,NIL,
20076,"Enrolment in post-secondary non-tertiary education, both sexes (number)",TGO,2005,0,NIL,
20076,"Enrolment in post-secondary non-tertiary education, both sexes (number)",TGO,2006,0,NIL,
20076,"Enrolment in post-secondary non-tertiary education, both sexes (number)",TGO,2020,100,,
20076,"Enrolment in post-secondary non-tertiary education, both sexes (number)",TGO,2021,121,,
20077,"Enrolment in post-secondary non-tertiary education, female (number)",TGO,1999,51,,
20077,"Enrolment in post-secondary non-tertiary education, female (number)",TGO,2000,0,NIL,
20077,"Enrolment in post-secondary non-tertiary education, female (number)",TGO,2001,0,NIL,
20077,"Enrolment in post-secondary non-tertiary education, female (number)",TGO,2002,0,NIL,
20077,"Enrolment in post-secondary non-tertiary education, female (number)",TGO,2003,0,NIL,
20077,"Enrolment in post-secondary non-tertiary education, female (number)",TGO,2004,0,NIL,
20077,"Enrolment in post-secondary non-tertiary education, female (number)",TGO,2005,0,NIL,
20077,"Enrolment in post-secondary non-tertiary education, female (number)",TGO,2006,0,NIL,
20077,"Enrolment in post-secondary non-tertiary education, female (number)",TGO,2020,13,,
20077,"Enrolment in post-secondary non-tertiary education, female (number)",TGO,2021,12,,
20082,"Enrolment in secondary education, both sexes (number)",TGO,1971,22003,,
20082,"Enrolment in secondary education, both sexes (number)",TGO,1972,27255,,
20082,"Enrolment in secondary education, both sexes (number)",TGO,1973,31288,,
20082,"Enrolment in secondary education, both sexes (number)",TGO,1974,37546,,
20082,"Enrolment in secondary education, both sexes (number)",TGO,1975,48415,,
20082,"Enrolment in secondary education, both sexes (number)",TGO,1976,64404,,
20082,"Enrolment in secondary education, both sexes (number)",TGO,1977,81169,,
20082,"Enrolment in secondary education, both sexes (number)",TGO,1978,96065,,
20082,"Enrolment in secondary education, both sexes (number)",TGO,1979,113730,,
20082,"Enrolment in secondary education, both sexes (number)",TGO,1980,127894,,
20082,"Enrolment in secondary education, both sexes (number)",TGO,1982,130366,,
20082,"Enrolment in secondary education, both sexes (number)",TGO,1983,119106,,
20082,"Enrolment in secondary education, both sexes (number)",TGO,1984,101989,,
20082,"Enrolment in secondary education, both sexes (number)",TGO,1985,91207,,
20082,"Enrolment in secondary education, both sexes (number)",TGO,1986,97120,,
20082,"Enrolment in secondary education, both sexes (number)",TGO,1987,98490,,
20082,"Enrolment in secondary education, both sexes (number)",TGO,1988,115390,,
20082,"Enrolment in secondary education, both sexes (number)",TGO,1989,110318,,
20082,"Enrolment in secondary education, both sexes (number)",TGO,1990,127704,,
20082,"Enrolment in secondary education, both sexes (number)",TGO,1991,125545,,
20082,"Enrolment in secondary education, both sexes (number)",TGO,1992,127831,,
20082,"Enrolment in secondary education, both sexes (number)",TGO,1994,134559,,
20082,"Enrolment in secondary education, both sexes (number)",TGO,1995,153348,,
20082,"Enrolment in secondary education, both sexes (number)",TGO,1996,169481,,
20082,"Enrolment in secondary education, both sexes (number)",TGO,1997,178254,,
20082,"Enrolment in secondary education, both sexes (number)",TGO,1999,231948,,
20082,"Enrolment in secondary education, both sexes (number)",TGO,2000,258677,,
20082,"Enrolment in secondary education, both sexes (number)",TGO,2001,288347,,
20082,"Enrolment in secondary education, both sexes (number)",TGO,2002,329307,,
20082,"Enrolment in secondary education, both sexes (number)",TGO,2003,354965,,
20082,"Enrolment in secondary education, both sexes (number)",TGO,2004,375385,,
20082,"Enrolment in secondary education, both sexes (number)",TGO,2005,404470,,
20082,"Enrolment in secondary education, both sexes (number)",TGO,2006,430064,,
20082,"Enrolment in secondary education, both sexes (number)",TGO,2007,408964,,
20082,"Enrolment in secondary education, both sexes (number)",TGO,2011,545861,,
20082,"Enrolment in secondary education, both sexes (number)",TGO,2017,727949,,
20082,"Enrolment in secondary education, both sexes (number)",TGO,2021,852361,,
20082,"Enrolment in secondary education, both sexes (number)",TGO,2023,915214,,
20083,"Enrolment in secondary education, female (number)",TGO,1971,4926,,
20083,"Enrolment in secondary education, female (number)",TGO,1972,6743,,
20083,"Enrolment in secondary education, female (number)",TGO,1973,7400,,
20083,"Enrolment in secondary education, female (number)",TGO,1974,8923,,
20083,"Enrolment in secondary education, female (number)",TGO,1975,11242,,
20083,"Enrolment in secondary education, female (number)",TGO,1976,15330,,
20083,"Enrolment in secondary education, female (number)",TGO,1977,18563,,
20083,"Enrolment in secondary education, female (number)",TGO,1978,22175,,
20083,"Enrolment in secondary education, female (number)",TGO,1979,27111,,
20083,"Enrolment in secondary education, female (number)",TGO,1980,30924,,
20083,"Enrolment in secondary education, female (number)",TGO,1982,33057,,
20083,"Enrolment in secondary education, female (number)",TGO,1983,29804,,
20083,"Enrolment in secondary education, female (number)",TGO,1984,25084,,
20083,"Enrolment in secondary education, female (number)",TGO,1985,21918,,
20083,"Enrolment in secondary education, female (number)",TGO,1986,23025,,
20083,"Enrolment in secondary education, female (number)",TGO,1987,23216,,
20083,"Enrolment in secondary education, female (number)",TGO,1988,28406,,
20083,"Enrolment in secondary education, female (number)",TGO,1989,26335,,
20083,"Enrolment in secondary education, female (number)",TGO,1990,32577,,
20083,"Enrolment in secondary education, female (number)",TGO,1991,31766,,
20083,"Enrolment in secondary education, female (number)",TGO,1992,31567,,
20083,"Enrolment in secondary education, female (number)",TGO,1994,34397,,
20083,"Enrolment in secondary education, female (number)",TGO,1995,40088,,
20083,"Enrolment in secondary education, female (number)",TGO,1996,44256,,
20083,"Enrolment in secondary education, female (number)",TGO,1997,47595,,
20083,"Enrolment in secondary education, female (number)",TGO,1999,66383,,
20083,"Enrolment in secondary education, female (number)",TGO,2000,79923,,
20083,"Enrolment in secondary education, female (number)",TGO,2001,90641,,
20083,"Enrolment in secondary education, female (number)",TGO,2002,106402,,
20083,"Enrolment in secondary education, female (number)",TGO,2003,117148,,
20083,"Enrolment in secondary education, female (number)",TGO,2004,127692,,
20083,"Enrolment in secondary education, female (number)",TGO,2005,140308,,
20083,"Enrolment in secondary education, female (number)",TGO,2006,151865,,
20083,"Enrolment in secondary education, female (number)",TGO,2007,141475,,UIS_EST
20083,"Enrolment in secondary education, female (number)",TGO,2017,305409,,
20083,"Enrolment in secondary education, female (number)",TGO,2021,380683,,
20083,"Enrolment in secondary education, female (number)",TGO,2023,421573,,
20176,"Teachers in post-secondary non-tertiary education, both sexes (number)",TGO,2021,15,,
20177,"Teachers in post-secondary non-tertiary education, female (number)",TGO,2021,0,NIL,
25003,"Teachers in tertiary education programmes, both sexes (number)",TGO,1971,48,,UIS_EST
25003,"Teachers in tertiary education programmes, both sexes (number)",TGO,1972,93,,
25003,"Teachers in tertiary education programmes, both sexes (number)",TGO,1973,145,,
25003,"Teachers in tertiary education programmes, both sexes (number)",TGO,1974,156,,
25003,"Teachers in tertiary education programmes, both sexes (number)",TGO,1975,186,,
25003,"Teachers in tertiary education programmes, both sexes (number)",TGO,1976,270,,UIS_EST
25003,"Teachers in tertiary education programmes, both sexes (number)",TGO,1978,223,,
25003,"Teachers in tertiary education programmes, both sexes (number)",TGO,1979,227,,
25003,"Teachers in tertiary education programmes, both sexes (number)",TGO,1980,291,,
25003,"Teachers in tertiary education programmes, both sexes (number)",TGO,1981,297,,
25003,"Teachers in tertiary education programmes, both sexes (number)",TGO,1982,341,,
25003,"Teachers in tertiary education programmes, both sexes (number)",TGO,1983,372,,UIS_EST
25003,"Teachers in tertiary education programmes, both sexes (number)",TGO,1984,313,,UIS_EST
25003,"Teachers in tertiary education programmes, both sexes (number)",TGO,1987,360,,UIS_EST
25003,"Teachers in tertiary education programmes, both sexes (number)",TGO,1988,375,,UIS_EST
25003,"Teachers in tertiary education programmes, both sexes (number)",TGO,1991,396,,
25003,"Teachers in tertiary education programmes, both sexes (number)",TGO,1992,396,,
25003,"Teachers in tertiary education programmes, both sexes (number)",TGO,1993,422,,
25003,"Teachers in tertiary education programmes, both sexes (number)",TGO,1994,392,,
25003,"Teachers in tertiary education programmes, both sexes (number)",TGO,1995,416,,
25003,"Teachers in tertiary education programmes, both sexes (number)",TGO,1996,443,,
25003,"Teachers in tertiary education programmes, both sexes (number)",TGO,1997,443,,
25003,"Teachers in tertiary education programmes, both sexes (number)",TGO,1998,389,,
25003,"Teachers in tertiary education programmes, both sexes (number)",TGO,1999,384,,
25003,"Teachers in tertiary education programmes, both sexes (number)",TGO,2000,388,,UIS_EST
25003,"Teachers in tertiary education programmes, both sexes (number)",TGO,2001,391,,
25003,"Teachers in tertiary education programmes, both sexes (number)",TGO,2002,399,,
25003,"Teachers in tertiary education programmes, both sexes (number)",TGO,2003,428,,
25003,"Teachers in tertiary education programmes, both sexes (number)",TGO,2004,441,,
25003,"Teachers in tertiary education programmes, both sexes (number)",TGO,2005,436,,
25003,"Teachers in tertiary education programmes, both sexes (number)",TGO,2006,455,,
25003,"Teachers in tertiary education programmes, both sexes (number)",TGO,2007,470,,
25003,"Teachers in tertiary education programmes, both sexes (number)",TGO,2011,2644,,
25003,"Teachers in tertiary education programmes, both sexes (number)",TGO,2012,2743,,
25003,"Teachers in tertiary education programmes, both sexes (number)",TGO,2013,3929,,
25003,"Teachers in tertiary education programmes, both sexes (number)",TGO,2014,4415,,
25003,"Teachers in tertiary education programmes, both sexes (number)",TGO,2015,4245,,
25003,"Teachers in tertiary education programmes, both sexes (number)",TGO,2016,3756,,
25003,"Teachers in tertiary education programmes, both sexes (number)",TGO,2017,4851,,
25003,"Teachers in tertiary education programmes, both sexes (number)",TGO,2018,5220,,
25003,"Teachers in tertiary education programmes, both sexes (number)",TGO,2019,5290,,
25003,"Teachers in tertiary education programmes, both sexes (number)",TGO,2020,5361,,
25003,"Teachers in tertiary education programmes, both sexes (number)",TGO,2021,4872,,
25007,"Teachers in tertiary education programmes, female (number)",TGO,1972,19,,
25007,"Teachers in tertiary education programmes, female (number)",TGO,1973,19,,
25007,"Teachers in tertiary education programmes, female (number)",TGO,1974,14,,
25007,"Teachers in tertiary education programmes, female (number)",TGO,1975,35,,
25007,"Teachers in tertiary education programmes, female (number)",TGO,1978,18,,
25007,"Teachers in tertiary education programmes, female (number)",TGO,1979,19,,
25007,"Teachers in tertiary education programmes, female (number)",TGO,1980,30,,
25007,"Teachers in tertiary education programmes, female (number)",TGO,1981,37,,
25007,"Teachers in tertiary education programmes, female (number)",TGO,1982,57,,
25007,"Teachers in tertiary education programmes, female (number)",TGO,1991,38,,
25007,"Teachers in tertiary education programmes, female (number)",TGO,1992,38,,
25007,"Teachers in tertiary education programmes, female (number)",TGO,1993,39,,
25007,"Teachers in tertiary education programmes, female (number)",TGO,1994,37,,
25007,"Teachers in tertiary education programmes, female (number)",TGO,1995,34,,
25007,"Teachers in tertiary education programmes, female (number)",TGO,1996,36,,
25007,"Teachers in tertiary education programmes, female (number)",TGO,1997,45,,
25007,"Teachers in tertiary education programmes, female (number)",TGO,1999,40,,
25007,"Teachers in tertiary education programmes, female (number)",TGO,2000,37,,UIS_EST
25007,"Teachers in tertiary education programmes, female (number)",TGO,2001,33,,
25007,"Teachers in tertiary education programmes, female (number)",TGO,2002,35,,
25007,"Teachers in tertiary education programmes, female (number)",TGO,2003,30,,
25007,"Teachers in tertiary education programmes, female (number)",TGO,2004,40,,
25007,"Teachers in tertiary education programmes, female (number)",TGO,2005,36,,
25007,"Teachers in tertiary education programmes, female (number)",TGO,2006,49,,
25007,"Teachers in tertiary education programmes, female (number)",TGO,2007,51,,UIS_EST
25007,"Teachers in tertiary education programmes, female (number)",TGO,2011,179,,
25007,"Teachers in tertiary education programmes, female (number)",TGO,2012,184,,
25007,"Teachers in tertiary education programmes, female (number)",TGO,2013,259,,
25007,"Teachers in tertiary education programmes, female (number)",TGO,2014,278,,
25007,"Teachers in tertiary education programmes, female (number)",TGO,2015,255,,
25007,"Teachers in tertiary education programmes, female (number)",TGO,2016,241,,
25007,"Teachers in tertiary education programmes, female (number)",TGO,2017,319,,
25007,"Teachers in tertiary education programmes, female (number)",TGO,2018,339,,
25007,"Teachers in tertiary education programmes, female (number)",TGO,2019,345,,
25007,"Teachers in tertiary education programmes, female (number)",TGO,2020,351,,
25007,"Teachers in tertiary education programmes, female (number)",TGO,2021,297,,
25051,"Enrolment in tertiary education, ISCED 5 programmes, both sexes (number)",TGO,1998,936,,
25051,"Enrolment in tertiary education, ISCED 5 programmes, both sexes (number)",TGO,2006,3379,,UIS_EST
25051,"Enrolment in tertiary education, ISCED 5 programmes, both sexes (number)",TGO,2007,3912,,
25051,"Enrolment in tertiary education, ISCED 5 programmes, both sexes (number)",TGO,2010,7864,,NAT_EST
25051,"Enrolment in tertiary education, ISCED 5 programmes, both sexes (number)",TGO,2011,3556,,
25051,"Enrolment in tertiary education, ISCED 5 programmes, both sexes (number)",TGO,2012,4565,,
25051,"Enrolment in tertiary education, ISCED 5 programmes, both sexes (number)",TGO,2013,8532,,
25051,"Enrolment in tertiary education, ISCED 5 programmes, both sexes (number)",TGO,2014,9511,,
25051,"Enrolment in tertiary education, ISCED 5 programmes, both sexes (number)",TGO,2015,7873,,
25051,"Enrolment in tertiary education, ISCED 5 programmes, both sexes (number)",TGO,2016,7253,,
25051,"Enrolment in tertiary education, ISCED 5 programmes, both sexes (number)",TGO,2017,6116,,
25051,"Enrolment in tertiary education, ISCED 5 programmes, both sexes (number)",TGO,2018,5537,,
25051,"Enrolment in tertiary education, ISCED 5 programmes, both sexes (number)",TGO,2019,2660,,
25051,"Enrolment in tertiary education, ISCED 5 programmes, both sexes (number)",TGO,2020,2580,,
25052,"Enrolment in tertiary education, ISCED 8 programmes, both sexes (number)",TGO,1998,16,,
25052,"Enrolment in tertiary education, ISCED 8 programmes, both sexes (number)",TGO,1999,0,NIL,
25052,"Enrolment in tertiary education, ISCED 8 programmes, both sexes (number)",TGO,2000,0,NIL,
25052,"Enrolment in tertiary education, ISCED 8 programmes, both sexes (number)",TGO,2001,0,NIL,
25052,"Enrolment in tertiary education, ISCED 8 programmes, both sexes (number)",TGO,2002,0,NIL,
25052,"Enrolment in tertiary education, ISCED 8 programmes, both sexes (number)",TGO,2003,0,NIL,
25052,"Enrolment in tertiary education, ISCED 8 programmes, both sexes (number)",TGO,2004,0,NIL,
25052,"Enrolment in tertiary education, ISCED 8 programmes, both sexes (number)",TGO,2005,0,NIL,
25052,"Enrolment in tertiary education, ISCED 8 programmes, both sexes (number)",TGO,2006,0,NIL,
25052,"Enrolment in tertiary education, ISCED 8 programmes, both sexes (number)",TGO,2007,0,NIL,
25052,"Enrolment in tertiary education, ISCED 8 programmes, both sexes (number)",TGO,2010,288,,
25052,"Enrolment in tertiary education, ISCED 8 programmes, both sexes (number)",TGO,2011,722,,
25052,"Enrolment in tertiary education, ISCED 8 programmes, both sexes (number)",TGO,2012,803,,
25052,"Enrolment in tertiary education, ISCED 8 programmes, both sexes (number)",TGO,2013,865,,
25052,"Enrolment in tertiary education, ISCED 8 programmes, both sexes (number)",TGO,2014,887,,
25052,"Enrolment in tertiary education, ISCED 8 programmes, both sexes (number)",TGO,2015,975,,
25052,"Enrolment in tertiary education, ISCED 8 programmes, both sexes (number)",TGO,2016,1034,,
25052,"Enrolment in tertiary education, ISCED 8 programmes, both sexes (number)",TGO,2017,1210,,
25052,"Enrolment in tertiary education, ISCED 8 programmes, both sexes (number)",TGO,2018,1567,,
25052,"Enrolment in tertiary education, ISCED 8 programmes, both sexes (number)",TGO,2019,1725,,
25052,"Enrolment in tertiary education, ISCED 8 programmes, both sexes (number)",TGO,2020,1548,,
25052,"Enrolment in tertiary education, ISCED 8 programmes, both sexes (number)",TGO,2021,1427,,
25053,"Enrolment in tertiary education, all programmes, both sexes (number)",TGO,1971,886,,
25053,"Enrolment in tertiary education, all programmes, both sexes (number)",TGO,1972,1412,,
25053,"Enrolment in tertiary education, all programmes, both sexes (number)",TGO,1973,1469,,
25053,"Enrolment in tertiary education, all programmes, both sexes (number)",TGO,1974,1471,,
25053,"Enrolment in tertiary education, all programmes, both sexes (number)",TGO,1975,1619,,
25053,"Enrolment in tertiary education, all programmes, both sexes (number)",TGO,1976,2353,,
25053,"Enrolment in tertiary education, all programmes, both sexes (number)",TGO,1977,2777,,
25053,"Enrolment in tertiary education, all programmes, both sexes (number)",TGO,1978,3151,,
25053,"Enrolment in tertiary education, all programmes, both sexes (number)",TGO,1979,3163,,
25053,"Enrolment in tertiary education, all programmes, both sexes (number)",TGO,1980,3638,,
25053,"Enrolment in tertiary education, all programmes, both sexes (number)",TGO,1981,4750,,
25053,"Enrolment in tertiary education, all programmes, both sexes (number)",TGO,1982,4307,,
25053,"Enrolment in tertiary education, all programmes, both sexes (number)",TGO,1983,4034,,
25053,"Enrolment in tertiary education, all programmes, both sexes (number)",TGO,1984,4234,,
25053,"Enrolment in tertiary education, all programmes, both sexes (number)",TGO,1987,6223,,
25053,"Enrolment in tertiary education, all programmes, both sexes (number)",TGO,1988,7088,,
25053,"Enrolment in tertiary education, all programmes, both sexes (number)",TGO,1989,7456,,
25053,"Enrolment in tertiary education, all programmes, both sexes (number)",TGO,1990,7826,,
25053,"Enrolment in tertiary education, all programmes, both sexes (number)",TGO,1991,8969,,
25053,"Enrolment in tertiary education, all programmes, both sexes (number)",TGO,1992,10224,,
25053,"Enrolment in tertiary education, all programmes, both sexes (number)",TGO,1993,8925,,
25053,"Enrolment in tertiary education, all programmes, both sexes (number)",TGO,1994,9320,,
25053,"Enrolment in tertiary education, all programmes, both sexes (number)",TGO,1995,11173,,
25053,"Enrolment in tertiary education, all programmes, both sexes (number)",TGO,1996,11639,,
25053,"Enrolment in tertiary education, all programmes, both sexes (number)",TGO,1998,14322,,
25053,"Enrolment in tertiary education, all programmes, both sexes (number)",TGO,2006,28076,,UIS_EST
25053,"Enrolment in tertiary education, all programmes, both sexes (number)",TGO,2007,32502,,
25053,"Enrolment in tertiary education, all programmes, both sexes (number)",TGO,2010,55959,,
25053,"Enrolment in tertiary education, all programmes, both sexes (number)",TGO,2011,62034,,
25053,"Enrolment in tertiary education, all programmes, both sexes (number)",TGO,2012,70100,,
25053,"Enrolment in tertiary education, all programmes, both sexes (number)",TGO,2013,72383,,
25053,"Enrolment in tertiary education, all programmes, both sexes (number)",TGO,2014,71776,,
25053,"Enrolment in tertiary education, all programmes, both sexes (number)",TGO,2015,75045,,
25053,"Enrolment in tertiary education, all programmes, both sexes (number)",TGO,2016,85463,,
25053,"Enrolment in tertiary education, all programmes, both sexes (number)",TGO,2017,88605,,
25053,"Enrolment in tertiary education, all programmes, both sexes (number)",TGO,2018,94819,,
25053,"Enrolment in tertiary education, all programmes, both sexes (number)",TGO,2019,98910,,
25053,"Enrolment in tertiary education, all programmes, both sexes (number)",TGO,2020,114956,,
25055,"Enrolment in tertiary education, ISCED 5 programmes, female (number)",TGO,1998,178,,
25055,"Enrolment in tertiary education, ISCED 5 programmes, female (number)",TGO,2011,1544,,
25055,"Enrolment in tertiary education, ISCED 5 programmes, female (number)",TGO,2012,1973,,
25055,"Enrolment in tertiary education, ISCED 5 programmes, female (number)",TGO,2013,3646,,
25055,"Enrolment in tertiary education, ISCED 5 programmes, female (number)",TGO,2014,4270,,
25055,"Enrolment in tertiary education, ISCED 5 programmes, female (number)",TGO,2015,3658,,
25055,"Enrolment in tertiary education, ISCED 5 programmes, female (number)",TGO,2016,3481,,
25055,"Enrolment in tertiary education, ISCED 5 programmes, female (number)",TGO,2017,2992,,
25055,"Enrolment in tertiary education, ISCED 5 programmes, female (number)",TGO,2018,2962,,
25055,"Enrolment in tertiary education, ISCED 5 programmes, female (number)",TGO,2019,1541,,
25055,"Enrolment in tertiary education, ISCED 5 programmes, female (number)",TGO,2020,1543,,
25056,"Enrolment in tertiary education, ISCED 8 programmes, female (number)",TGO,1998,0,NIL,
25056,"Enrolment in tertiary education, ISCED 8 programmes, female (number)",TGO,1999,0,NIL,
25056,"Enrolment in tertiary education, ISCED 8 programmes, female (number)",TGO,2000,0,NIL,
25056,"Enrolment in tertiary education, ISCED 8 programmes, female (number)",TGO,2001,0,NIL,
25056,"Enrolment in tertiary education, ISCED 8 programmes, female (number)",TGO,2002,0,NIL,
25056,"Enrolment in tertiary education, ISCED 8 programmes, female (number)",TGO,2003,0,NIL,
25056,"Enrolment in tertiary education, ISCED 8 programmes, female (number)",TGO,2004,0,NIL,
25056,"Enrolment in tertiary education, ISCED 8 programmes, female (number)",TGO,2005,0,NIL,
25056,"Enrolment in tertiary education, ISCED 8 programmes, female (number)",TGO,2006,0,NIL,
25056,"Enrolment in tertiary education, ISCED 8 programmes, female (number)",TGO,2007,0,NIL,
25056,"Enrolment in tertiary education, ISCED 8 programmes, female (number)",TGO,2010,22,,
25056,"Enrolment in tertiary education, ISCED 8 programmes, female (number)",TGO,2011,106,,
25056,"Enrolment in tertiary education, ISCED 8 programmes, female (number)",TGO,2012,129,,
25056,"Enrolment in tertiary education, ISCED 8 programmes, female (number)",TGO,2013,137,,
25056,"Enrolment in tertiary education, ISCED 8 programmes, female (number)",TGO,2014,156,,
25056,"Enrolment in tertiary education, ISCED 8 programmes, female (number)",TGO,2015,173,,
25056,"Enrolment in tertiary education, ISCED 8 programmes, female (number)",TGO,2016,166,,
25056,"Enrolment in tertiary education, ISCED 8 programmes, female (number)",TGO,2017,205,,
25056,"Enrolment in tertiary education, ISCED 8 programmes, female (number)",TGO,2018,322,,
25056,"Enrolment in tertiary education, ISCED 8 programmes, female (number)",TGO,2019,381,,
25056,"Enrolment in tertiary education, ISCED 8 programmes, female (number)",TGO,2020,348,,
25056,"Enrolment in tertiary education, ISCED 8 programmes, female (number)",TGO,2021,285,,
25057,"Enrolment in tertiary education, all programmes, female (number)",TGO,1972,158,,
25057,"Enrolment in tertiary education, all programmes, female (number)",TGO,1973,155,,
25057,"Enrolment in tertiary education, all programmes, female (number)",TGO,1974,188,,
25057,"Enrolment in tertiary education, all programmes, female (number)",TGO,1975,214,,
25057,"Enrolment in tertiary education, all programmes, female (number)",TGO,1976,323,,
25057,"Enrolment in tertiary education, all programmes, female (number)",TGO,1977,445,,
25057,"Enrolment in tertiary education, all programmes, female (number)",TGO,1978,610,,
25057,"Enrolment in tertiary education, all programmes, female (number)",TGO,1979,520,,
25057,"Enrolment in tertiary education, all programmes, female (number)",TGO,1980,582,,
25057,"Enrolment in tertiary education, all programmes, female (number)",TGO,1981,703,,
25057,"Enrolment in tertiary education, all programmes, female (number)",TGO,1982,630,,
25057,"Enrolment in tertiary education, all programmes, female (number)",TGO,1983,570,,
25057,"Enrolment in tertiary education, all programmes, female (number)",TGO,1984,661,,
25057,"Enrolment in tertiary education, all programmes, female (number)",TGO,1987,805,,
25057,"Enrolment in tertiary education, all programmes, female (number)",TGO,1988,878,,
25057,"Enrolment in tertiary education, all programmes, female (number)",TGO,1990,1032,,
25057,"Enrolment in tertiary education, all programmes, female (number)",TGO,1991,1252,,
25057,"Enrolment in tertiary education, all programmes, female (number)",TGO,1992,1219,,
25057,"Enrolment in tertiary education, all programmes, female (number)",TGO,1993,1092,,
25057,"Enrolment in tertiary education, all programmes, female (number)",TGO,1994,1127,,
25057,"Enrolment in tertiary education, all programmes, female (number)",TGO,1995,1487,,
25057,"Enrolment in tertiary education, all programmes, female (number)",TGO,1996,1745,,
25057,"Enrolment in tertiary education, all programmes, female (number)",TGO,1998,2428,,
25057,"Enrolment in tertiary education, all programmes, female (number)",TGO,2011,15847,,
25057,"Enrolment in tertiary education, all programmes, female (number)",TGO,2012,18099,,
25057,"Enrolment in tertiary education, all programmes, female (number)",TGO,2013,20311,,
25057,"Enrolment in tertiary education, all programmes, female (number)",TGO,2014,21141,,
25057,"Enrolment in tertiary education, all programmes, female (number)",TGO,2015,22373,,
25057,"Enrolment in tertiary education, all programmes, female (number)",TGO,2016,26228,,
25057,"Enrolment in tertiary education, all programmes, female (number)",TGO,2017,27792,,
25057,"Enrolment in tertiary education, all programmes, female (number)",TGO,2018,31231,,
25057,"Enrolment in tertiary education, all programmes, female (number)",TGO,2019,33827,,
25057,"Enrolment in tertiary education, all programmes, female (number)",TGO,2020,41135,,
40033,"Enrolment in pre-primary education, male (number)",TGO,1971,5431,,
40033,"Enrolment in pre-primary education, male (number)",TGO,1972,3238,,
40033,"Enrolment in pre-primary education, male (number)",TGO,1973,3618,,
40033,"Enrolment in pre-primary education, male (number)",TGO,1974,3878,,
40033,"Enrolment in pre-primary education, male (number)",TGO,1975,3366,,
40033,"Enrolment in pre-primary education, male (number)",TGO,1976,3453,,
40033,"Enrolment in pre-primary education, male (number)",TGO,1977,2873,,
40033,"Enrolment in pre-primary education, male (number)",TGO,1978,3251,,
40033,"Enrolment in pre-primary education, male (number)",TGO,1979,3589,,
40033,"Enrolment in pre-primary education, male (number)",TGO,1980,3376,,
40033,"Enrolment in pre-primary education, male (number)",TGO,1981,3918,,
40033,"Enrolment in pre-primary education, male (number)",TGO,1982,4619,,
40033,"Enrolment in pre-primary education, male (number)",TGO,1983,4790,,
40033,"Enrolment in pre-primary education, male (number)",TGO,1984,4668,,
40033,"Enrolment in pre-primary education, male (number)",TGO,1985,4639,,
40033,"Enrolment in pre-primary education, male (number)",TGO,1986,5007,,
40033,"Enrolment in pre-primary education, male (number)",TGO,1987,5098,,
40033,"Enrolment in pre-primary education, male (number)",TGO,1988,5371,,
40033,"Enrolment in pre-primary education, male (number)",TGO,1989,4855,,
40033,"Enrolment in pre-primary education, male (number)",TGO,1990,5323,,
40033,"Enrolment in pre-primary education, male (number)",TGO,1991,5540,,
40033,"Enrolment in pre-primary education, male (number)",TGO,1994,5291,,
40033,"Enrolment in pre-primary education, male (number)",TGO,1995,5149,,
40033,"Enrolment in pre-primary education, male (number)",TGO,1996,5280,,
40033,"Enrolment in pre-primary education, male (number)",TGO,1997,5381,,
40033,"Enrolment in pre-primary education, male (number)",TGO,1998,5379,,
40033,"Enrolment in pre-primary education, male (number)",TGO,1999,5640,,
40033,"Enrolment in pre-primary education, male (number)",TGO,2000,4603,,
40033,"Enrolment in pre-primary education, male (number)",TGO,2001,5264,,
40033,"Enrolment in pre-primary education, male (number)",TGO,2002,5979,,
40033,"Enrolment in pre-primary education, male (number)",TGO,2003,6443,,
40033,"Enrolment in pre-primary education, male (number)",TGO,2007,11225,,
40033,"Enrolment in pre-primary education, male (number)",TGO,2008,12842,,
40033,"Enrolment in pre-primary education, male (number)",TGO,2009,20137,,
40033,"Enrolment in pre-primary education, male (number)",TGO,2010,21206,,
40033,"Enrolment in pre-primary education, male (number)",TGO,2011,27288,,
40033,"Enrolment in pre-primary education, male (number)",TGO,2012,32510,,
40033,"Enrolment in pre-primary education, male (number)",TGO,2013,42588,,
40033,"Enrolment in pre-primary education, male (number)",TGO,2014,47842,,
40033,"Enrolment in pre-primary education, male (number)",TGO,2015,56870,,
40033,"Enrolment in pre-primary education, male (number)",TGO,2017,70735,,
40033,"Enrolment in pre-primary education, male (number)",TGO,2018,76957,,
40033,"Enrolment in pre-primary education, male (number)",TGO,2019,85067,,
40033,"Enrolment in pre-primary education, male (number)",TGO,2020,102228,,
40033,"Enrolment in pre-primary education, male (number)",TGO,2021,101200,,
40033,"Enrolment in pre-primary education, male (number)",TGO,2022,111843,,
40033,"Enrolment in pre-primary education, male (number)",TGO,2023,119197,,
40033,"Enrolment in pre-primary education, male (number)",TGO,2024,113983,,
40034,"Enrolment in early childhood education, male (number)",TGO,1999,5640,,
40034,"Enrolment in early childhood education, male (number)",TGO,2000,4603,,
40034,"Enrolment in early childhood education, male (number)",TGO,2001,5264,,
40034,"Enrolment in early childhood education, male (number)",TGO,2002,5979,,
40034,"Enrolment in early childhood education, male (number)",TGO,2003,6443,,
40034,"Enrolment in early childhood education, male (number)",TGO,2007,11225,,
40034,"Enrolment in early childhood education, male (number)",TGO,2008,12842,,
40034,"Enrolment in early childhood education, male (number)",TGO,2009,20137,,
40034,"Enrolment in early childhood education, male (number)",TGO,2010,21206,,
40034,"Enrolment in early childhood education, male (number)",TGO,2011,27288,,
40034,"Enrolment in early childhood education, male (number)",TGO,2012,32510,,
40034,"Enrolment in early childhood education, male (number)",TGO,2013,42588,,
40034,"Enrolment in early childhood education, male (number)",TGO,2014,47842,,
40034,"Enrolment in early childhood education, male (number)",TGO,2015,56870,,
40034,"Enrolment in early childhood education, male (number)",TGO,2017,70735,,
40034,"Enrolment in early childhood education, male (number)",TGO,2018,76957,,
40034,"Enrolment in early childhood education, male (number)",TGO,2019,85067,,
40034,"Enrolment in early childhood education, male (number)",TGO,2020,102228,,
40034,"Enrolment in early childhood education, male (number)",TGO,2021,101200,,
40034,"Enrolment in early childhood education, male (number)",TGO,2022,111843,,
40034,"Enrolment in early childhood education, male (number)",TGO,2023,119197,,
40034,"Enrolment in early childhood education, male (number)",TGO,2024,113983,,
40035,"Enrolment in primary education, male (number)",TGO,1971,157655,,
40035,"Enrolment in primary education, male (number)",TGO,1972,176200,,
40035,"Enrolment in primary education, male (number)",TGO,1973,196787,,
40035,"Enrolment in primary education, male (number)",TGO,1974,208968,,
40035,"Enrolment in primary education, male (number)",TGO,1975,218565,,
40035,"Enrolment in primary education, male (number)",TGO,1976,236854,,
40035,"Enrolment in primary education, male (number)",TGO,1977,254008,,
40035,"Enrolment in primary education, male (number)",TGO,1978,265850,,
40035,"Enrolment in primary education, male (number)",TGO,1979,284322,,
40035,"Enrolment in primary education, male (number)",TGO,1980,297604,,
40035,"Enrolment in primary education, male (number)",TGO,1981,308370,,
40035,"Enrolment in primary education, male (number)",TGO,1982,302255,,
40035,"Enrolment in primary education, male (number)",TGO,1983,297721,,
40035,"Enrolment in primary education, male (number)",TGO,1984,278539,,
40035,"Enrolment in primary education, male (number)",TGO,1985,278933,,
40035,"Enrolment in primary education, male (number)",TGO,1986,285485,,
40035,"Enrolment in primary education, male (number)",TGO,1987,315486,,
40035,"Enrolment in primary education, male (number)",TGO,1988,324108,,
40035,"Enrolment in primary education, male (number)",TGO,1989,348736,,
40035,"Enrolment in primary education, male (number)",TGO,1990,362772,,
40035,"Enrolment in primary education, male (number)",TGO,1991,391320,,
40035,"Enrolment in primary education, male (number)",TGO,1992,391695,,
40035,"Enrolment in primary education, male (number)",TGO,1994,397874,,
40035,"Enrolment in primary education, male (number)",TGO,1995,453495,,
40035,"Enrolment in primary education, male (number)",TGO,1996,487428,,
40035,"Enrolment in primary education, male (number)",TGO,1997,502872,,
40035,"Enrolment in primary education, male (number)",TGO,1998,513410,,
40035,"Enrolment in primary education, male (number)",TGO,1999,542992,,
40035,"Enrolment in primary education, male (number)",TGO,2000,514001,,
40035,"Enrolment in primary education, male (number)",TGO,2001,526584,,
40035,"Enrolment in primary education, male (number)",TGO,2002,538682,,
40035,"Enrolment in primary education, male (number)",TGO,2003,533920,,
40035,"Enrolment in primary education, male (number)",TGO,2004,535541,,
40035,"Enrolment in primary education, male (number)",TGO,2005,538792,,
40035,"Enrolment in primary education, male (number)",TGO,2006,565361,,
40035,"Enrolment in primary education, male (number)",TGO,2007,547622,,
40035,"Enrolment in primary education, male (number)",TGO,2008,562182,,
40035,"Enrolment in primary education, male (number)",TGO,2009,661472,,
40035,"Enrolment in primary education, male (number)",TGO,2010,677250,,
40035,"Enrolment in primary education, male (number)",TGO,2011,681499,,
40035,"Enrolment in primary education, male (number)",TGO,2012,712462,,
40035,"Enrolment in primary education, male (number)",TGO,2013,731115,,
40035,"Enrolment in primary education, male (number)",TGO,2014,729187,,
40035,"Enrolment in primary education, male (number)",TGO,2015,769599,,
40035,"Enrolment in primary education, male (number)",TGO,2016,769599.5500000002,,
40035,"Enrolment in primary education, male (number)",TGO,2017,782033,,
40035,"Enrolment in primary education, male (number)",TGO,2018,790577,,
40035,"Enrolment in primary education, male (number)",TGO,2019,808042,,
40035,"Enrolment in primary education, male (number)",TGO,2020,831635,,
40035,"Enrolment in primary education, male (number)",TGO,2021,831510,,
40035,"Enrolment in primary education, male (number)",TGO,2022,852504,,
40035,"Enrolment in primary education, male (number)",TGO,2023,848975,,
40035,"Enrolment in primary education, male (number)",TGO,2024,845263,,
40038,"Enrolment in lower secondary education, male (number)",TGO,1995,89695,,
40038,"Enrolment in lower secondary education, male (number)",TGO,1999,126011,,
40038,"Enrolment in lower secondary education, male (number)",TGO,2000,139863,,
40038,"Enrolment in lower secondary education, male (number)",TGO,2001,153505,,UIS_EST
40038,"Enrolment in lower secondary education, male (number)",TGO,2002,175584,,UIS_EST
40038,"Enrolment in lower secondary education, male (number)",TGO,2004,198696,,
40038,"Enrolment in lower secondary education, male (number)",TGO,2017,308917,,
40038,"Enrolment in lower secondary education, male (number)",TGO,2021,343688,,
40038,"Enrolment in lower secondary education, male (number)",TGO,2023,359344,,
40041,"Enrolment in upper secondary education, male (number)",TGO,1995,23565,,
40041,"Enrolment in upper secondary education, male (number)",TGO,1999,39554,,
40041,"Enrolment in upper secondary education, male (number)",TGO,2000,38891,,UIS_EST
40041,"Enrolment in upper secondary education, male (number)",TGO,2004,48997,,
40041,"Enrolment in upper secondary education, male (number)",TGO,2017,113623,,
40041,"Enrolment in upper secondary education, male (number)",TGO,2020,128219,,
40041,"Enrolment in upper secondary education, male (number)",TGO,2021,127990,,
40041,"Enrolment in upper secondary education, male (number)",TGO,2023,134297,,
40044,"Enrolment in secondary education, male (number)",TGO,1971,17077,,
40044,"Enrolment in secondary education, male (number)",TGO,1972,20512,,
40044,"Enrolment in secondary education, male (number)",TGO,1973,23888,,
40044,"Enrolment in secondary education, male (number)",TGO,1974,28623,,
40044,"Enrolment in secondary education, male (number)",TGO,1975,37173,,
40044,"Enrolment in secondary education, male (number)",TGO,1976,49074,,
40044,"Enrolment in secondary education, male (number)",TGO,1977,62606,,
40044,"Enrolment in secondary education, male (number)",TGO,1978,73890,,
40044,"Enrolment in secondary education, male (number)",TGO,1979,86619,,
40044,"Enrolment in secondary education, male (number)",TGO,1980,96970,,
40044,"Enrolment in secondary education, male (number)",TGO,1982,97309,,
40044,"Enrolment in secondary education, male (number)",TGO,1983,89302,,
40044,"Enrolment in secondary education, male (number)",TGO,1984,76905,,
40044,"Enrolment in secondary education, male (number)",TGO,1985,69289,,
40044,"Enrolment in secondary education, male (number)",TGO,1986,74095,,
40044,"Enrolment in secondary education, male (number)",TGO,1987,75274,,
40044,"Enrolment in secondary education, male (number)",TGO,1988,86984,,
40044,"Enrolment in secondary education, male (number)",TGO,1989,83983,,
40044,"Enrolment in secondary education, male (number)",TGO,1990,95127,,
40044,"Enrolment in secondary education, male (number)",TGO,1991,93779,,
40044,"Enrolment in secondary education, male (number)",TGO,1992,96264,,
40044,"Enrolment in secondary education, male (number)",TGO,1994,100162,,
40044,"Enrolment in secondary education, male (number)",TGO,1995,113260,,
40044,"Enrolment in secondary education, male (number)",TGO,1996,125225,,
40044,"Enrolment in secondary education, male (number)",TGO,1997,130659,,
40044,"Enrolment in secondary education, male (number)",TGO,1999,165565,,
40044,"Enrolment in secondary education, male (number)",TGO,2000,178754,,
40044,"Enrolment in secondary education, male (number)",TGO,2001,197706,,
40044,"Enrolment in secondary education, male (number)",TGO,2002,222905,,
40044,"Enrolment in secondary education, male (number)",TGO,2004,247693,,
40044,"Enrolment in secondary education, male (number)",TGO,2017,422540,,
40044,"Enrolment in secondary education, male (number)",TGO,2021,471678,,
40044,"Enrolment in secondary education, male (number)",TGO,2023,493641,,
40047,"Enrolment in post-secondary non-tertiary education, male (number)",TGO,1999,280,,
40047,"Enrolment in post-secondary non-tertiary education, male (number)",TGO,2000,0,NIL,
40047,"Enrolment in post-secondary non-tertiary education, male (number)",TGO,2001,0,NIL,
40047,"Enrolment in post-secondary non-tertiary education, male (number)",TGO,2002,0,NIL,
40047,"Enrolment in post-secondary non-tertiary education, male (number)",TGO,2020,87,,
40047,"Enrolment in post-secondary non-tertiary education, male (number)",TGO,2021,109,,
40051,"Enrolment in early childhood education, female (number)",TGO,1999,5601,,
40051,"Enrolment in early childhood education, female (number)",TGO,2000,4829,,
40051,"Enrolment in early childhood education, female (number)",TGO,2001,5220,,
40051,"Enrolment in early childhood education, female (number)",TGO,2002,6115,,
40051,"Enrolment in early childhood education, female (number)",TGO,2003,6330,,
40051,"Enrolment in early childhood education, female (number)",TGO,2004,7542,,UIS_EST
40051,"Enrolment in early childhood education, female (number)",TGO,2006,9986,,UIS_EST
40051,"Enrolment in early childhood education, female (number)",TGO,2007,11334,,
40051,"Enrolment in early childhood education, female (number)",TGO,2008,13208,,
40051,"Enrolment in early childhood education, female (number)",TGO,2009,20920,,
40051,"Enrolment in early childhood education, female (number)",TGO,2010,21684,,
40051,"Enrolment in early childhood education, female (number)",TGO,2011,27832,,
40051,"Enrolment in early childhood education, female (number)",TGO,2012,33508,,
40051,"Enrolment in early childhood education, female (number)",TGO,2013,44092,,
40051,"Enrolment in early childhood education, female (number)",TGO,2014,49115,,
40051,"Enrolment in early childhood education, female (number)",TGO,2015,58235,,
40051,"Enrolment in early childhood education, female (number)",TGO,2017,73162,,
40051,"Enrolment in early childhood education, female (number)",TGO,2018,78782,,
40051,"Enrolment in early childhood education, female (number)",TGO,2019,87158,,
40051,"Enrolment in early childhood education, female (number)",TGO,2020,105275,,
40051,"Enrolment in early childhood education, female (number)",TGO,2021,104834,,
40051,"Enrolment in early childhood education, female (number)",TGO,2022,116380,,
40051,"Enrolment in early childhood education, female (number)",TGO,2023,121227,,
40051,"Enrolment in early childhood education, female (number)",TGO,2024,116788,,
40055,"Enrolment in early childhood education, both sexes (number)",TGO,1999,11241,,
40055,"Enrolment in early childhood education, both sexes (number)",TGO,2000,9432,,
40055,"Enrolment in early childhood education, both sexes (number)",TGO,2001,10484,,
40055,"Enrolment in early childhood education, both sexes (number)",TGO,2002,12094,,
40055,"Enrolment in early childhood education, both sexes (number)",TGO,2003,12773,,
40055,"Enrolment in early childhood education, both sexes (number)",TGO,2004,15085,,UIS_EST
40055,"Enrolment in early childhood education, both sexes (number)",TGO,2006,19973,,UIS_EST
40055,"Enrolment in early childhood education, both sexes (number)",TGO,2007,22559,,
40055,"Enrolment in early childhood education, both sexes (number)",TGO,2008,26050,,
40055,"Enrolment in early childhood education, both sexes (number)",TGO,2009,41057,,
40055,"Enrolment in early childhood education, both sexes (number)",TGO,2010,42890,,
40055,"Enrolment in early childhood education, both sexes (number)",TGO,2011,55120,,
40055,"Enrolment in early childhood education, both sexes (number)",TGO,2012,66018,,
40055,"Enrolment in early childhood education, both sexes (number)",TGO,2013,86680,,
40055,"Enrolment in early childhood education, both sexes (number)",TGO,2014,96957,,
40055,"Enrolment in early childhood education, both sexes (number)",TGO,2015,115105,,
40055,"Enrolment in early childhood education, both sexes (number)",TGO,2017,143897,,
40055,"Enrolment in early childhood education, both sexes (number)",TGO,2018,155739,,
40055,"Enrolment in early childhood education, both sexes (number)",TGO,2019,172225,,
40055,"Enrolment in early childhood education, both sexes (number)",TGO,2020,207503,,
40055,"Enrolment in early childhood education, both sexes (number)",TGO,2021,206034,,
40055,"Enrolment in early childhood education, both sexes (number)",TGO,2022,228223,,
40055,"Enrolment in early childhood education, both sexes (number)",TGO,2023,240424,,
40055,"Enrolment in early childhood education, both sexes (number)",TGO,2024,230771,,
403,Start month of the academic school year (pre-primary to post-secondary non-tertiary education),TGO,1997,10,,
403,Start month of the academic school year (pre-primary to post-secondary non-tertiary education),TGO,1998,9,,
403,Start month of the academic school year (pre-primary to post-secondary non-tertiary education),TGO,1999,9,,
403,Start month of the academic school year (pre-primary to post-secondary non-tertiary education),TGO,2000,9,,
403,Start month of the academic school year (pre-primary to post-secondary non-tertiary education),TGO,2001,9,,
403,Start month of the academic school year (pre-primary to post-secondary non-tertiary education),TGO,2002,9,,
403,Start month of the academic school year (pre-primary to post-secondary non-tertiary education),TGO,2003,9,,
403,Start month of the academic school year (pre-primary to post-secondary non-tertiary education),TGO,2004,9,,
403,Start month of the academic school year (pre-primary to post-secondary non-tertiary education),TGO,2005,9,,
403,Start month of the academic school year (pre-primary to post-secondary non-tertiary education),TGO,2006,9,,
403,Start month of the academic school year (pre-primary to post-secondary non-tertiary education),TGO,2007,10,,
403,Start month of the academic school year (pre-primary to post-secondary non-tertiary education),TGO,2008,9,,
403,Start month of the academic school year (pre-primary to post-secondary non-tertiary education),TGO,2009,9,,
403,Start month of the academic school year (pre-primary to post-secondary non-tertiary education),TGO,2010,9,,
403,Start month of the academic school year (pre-primary to post-secondary non-tertiary education),TGO,2011,9,,
403,Start month of the academic school year (pre-primary to post-secondary non-tertiary education),TGO,2012,9,,
403,Start month of the academic school year (pre-primary to post-secondary non-tertiary education),TGO,2013,10,,
403,Start month of the academic school year (pre-primary to post-secondary non-tertiary education),TGO,2014,9,,
403,Start month of the academic school year (pre-primary to post-secondary non-tertiary education),TGO,2015,9,,
403,Start month of the academic school year (pre-primary to post-secondary non-tertiary education),TGO,2016,10,,
403,Start month of the academic school year (pre-primary to post-secondary non-tertiary education),TGO,2017,10,,
403,Start month of the academic school year (pre-primary to post-secondary non-tertiary education),TGO,2018,10,,
403,Start month of the academic school year (pre-primary to post-secondary non-tertiary education),TGO,2019,10,,
403,Start month of the academic school year (pre-primary to post-secondary non-tertiary education),TGO,2020,9,,
403,Start month of the academic school year (pre-primary to post-secondary non-tertiary education),TGO,2021,9,,
403,Start month of the academic school year (pre-primary to post-secondary non-tertiary education),TGO,2022,9,,
403,Start month of the academic school year (pre-primary to post-secondary non-tertiary education),TGO,2023,9,,
403,Start month of the academic school year (pre-primary to post-secondary non-tertiary education),TGO,2024,9,,
403,Start month of the academic school year (pre-primary to post-secondary non-tertiary education),TGO,2025,9,,
404,End month of the academic school year (pre-primary to post-secondary non-tertiary education),TGO,1997,7,,
404,End month of the academic school year (pre-primary to post-secondary non-tertiary education),TGO,1998,6,,
404,End month of the academic school year (pre-primary to post-secondary non-tertiary education),TGO,1999,6,,
404,End month of the academic school year (pre-primary to post-secondary non-tertiary education),TGO,2000,6,,
404,End month of the academic school year (pre-primary to post-secondary non-tertiary education),TGO,2001,6,,
404,End month of the academic school year (pre-primary to post-secondary non-tertiary education),TGO,2002,6,,
404,End month of the academic school year (pre-primary to post-secondary non-tertiary education),TGO,2003,6,,
404,End month of the academic school year (pre-primary to post-secondary non-tertiary education),TGO,2004,6,,
404,End month of the academic school year (pre-primary to post-secondary non-tertiary education),TGO,2005,6,,
404,End month of the academic school year (pre-primary to post-secondary non-tertiary education),TGO,2006,6,,
404,End month of the academic school year (pre-primary to post-secondary non-tertiary education),TGO,2007,7,,
404,End month of the academic school year (pre-primary to post-secondary non-tertiary education),TGO,2008,6,,
404,End month of the academic school year (pre-primary to post-secondary non-tertiary education),TGO,2009,7,,
404,End month of the academic school year (pre-primary to post-secondary non-tertiary education),TGO,2010,6,,
404,End month of the academic school year (pre-primary to post-secondary non-tertiary education),TGO,2011,6,,
404,End month of the academic school year (pre-primary to post-secondary non-tertiary education),TGO,2012,7,,
404,End month of the academic school year (pre-primary to post-secondary non-tertiary education),TGO,2013,7,,
404,End month of the academic school year (pre-primary to post-secondary non-tertiary education),TGO,2014,6,,
404,End month of the academic school year (pre-primary to post-secondary non-tertiary education),TGO,2015,6,,
404,End month of the academic school year (pre-primary to post-secondary non-tertiary education),TGO,2016,7,,
404,End month of the academic school year (pre-primary to post-secondary non-tertiary education),TGO,2017,7,,
404,End month of the academic school year (pre-primary to post-secondary non-tertiary education),TGO,2018,8,,
404,End month of the academic school year (pre-primary to post-secondary non-tertiary education),TGO,2019,8,,
404,End month of the academic school year (pre-primary to post-secondary non-tertiary education),TGO,2020,11,,
404,End month of the academic school year (pre-primary to post-secondary non-tertiary education),TGO,2021,7,,
404,End month of the academic school year (pre-primary to post-secondary non-tertiary education),TGO,2022,7,,
404,End month of the academic school year (pre-primary to post-secondary non-tertiary education),TGO,2023,7,,
404,End month of the academic school year (pre-primary to post-secondary non-tertiary education),TGO,2024,7,,
404,End month of the academic school year (pre-primary to post-secondary non-tertiary education),TGO,2025,6,,
405,Start of the academic school year (pre-primary to post-secondary non tertiary education),TGO,1970,1969,,
405,Start of the academic school year (pre-primary to post-secondary non tertiary education),TGO,1971,1970,,
405,Start of the academic school year (pre-primary to post-secondary non tertiary education),TGO,1972,1971,,
405,Start of the academic school year (pre-primary to post-secondary non tertiary education),TGO,1973,1972,,
405,Start of the academic school year (pre-primary to post-secondary non tertiary education),TGO,1974,1973,,
405,Start of the academic school year (pre-primary to post-secondary non tertiary education),TGO,1975,1974,,
405,Start of the academic school year (pre-primary to post-secondary non tertiary education),TGO,1976,1975,,
405,Start of the academic school year (pre-primary to post-secondary non tertiary education),TGO,1977,1976,,
405,Start of the academic school year (pre-primary to post-secondary non tertiary education),TGO,1978,1977,,
405,Start of the academic school year (pre-primary to post-secondary non tertiary education),TGO,1979,1978,,
405,Start of the academic school year (pre-primary to post-secondary non tertiary education),TGO,1980,1979,,
405,Start of the academic school year (pre-primary to post-secondary non tertiary education),TGO,1981,1980,,
405,Start of the academic school year (pre-primary to post-secondary non tertiary education),TGO,1982,1981,,
405,Start of the academic school year (pre-primary to post-secondary non tertiary education),TGO,1983,1982,,
405,Start of the academic school year (pre-primary to post-secondary non tertiary education),TGO,1984,1983,,
405,Start of the academic school year (pre-primary to post-secondary non tertiary education),TGO,1985,1984,,
405,Start of the academic school year (pre-primary to post-secondary non tertiary education),TGO,1986,1985,,
405,Start of the academic school year (pre-primary to post-secondary non tertiary education),TGO,1987,1986,,
405,Start of the academic school year (pre-primary to post-secondary non tertiary education),TGO,1988,1987,,
405,Start of the academic school year (pre-primary to post-secondary non tertiary education),TGO,1989,1988,,
405,Start of the academic school year (pre-primary to post-secondary non tertiary education),TGO,1990,1989,,
405,Start of the academic school year (pre-primary to post-secondary non tertiary education),TGO,1991,1990,,
405,Start of the academic school year (pre-primary to post-secondary non tertiary education),TGO,1992,1991,,
405,Start of the academic school year (pre-primary to post-secondary non tertiary education),TGO,1993,1992,,
405,Start of the academic school year (pre-primary to post-secondary non tertiary education),TGO,1994,1993,,
405,Start of the academic school year (pre-primary to post-secondary non tertiary education),TGO,1995,1994,,
405,Start of the academic school year (pre-primary to post-secondary non tertiary education),TGO,1996,1995,,
405,Start of the academic school year (pre-primary to post-secondary non tertiary education),TGO,1997,1996,,
405,Start of the academic school year (pre-primary to post-secondary non tertiary education),TGO,1998,1997,,
405,Start of the academic school year (pre-primary to post-secondary non tertiary education),TGO,1999,1998,,
405,Start of the academic school year (pre-primary to post-secondary non tertiary education),TGO,2000,1999,,
405,Start of the academic school year (pre-primary to post-secondary non tertiary education),TGO,2001,2000,,
405,Start of the academic school year (pre-primary to post-secondary non tertiary education),TGO,2002,2001,,
405,Start of the academic school year (pre-primary to post-secondary non tertiary education),TGO,2003,2002,,
405,Start of the academic school year (pre-primary to post-secondary non tertiary education),TGO,2004,2003,,
405,Start of the academic school year (pre-primary to post-secondary non tertiary education),TGO,2005,2004,,
405,Start of the academic school year (pre-primary to post-secondary non tertiary education),TGO,2006,2005,,
405,Start of the academic school year (pre-primary to post-secondary non tertiary education),TGO,2007,2006,,
405,Start of the academic school year (pre-primary to post-secondary non tertiary education),TGO,2008,2007,,
405,Start of the academic school year (pre-primary to post-secondary non tertiary education),TGO,2009,2008,,
405,Start of the academic school year (pre-primary to post-secondary non tertiary education),TGO,2010,2009,,
405,Start of the academic school year (pre-primary to post-secondary non tertiary education),TGO,2011,2010,,
405,Start of the academic school year (pre-primary to post-secondary non tertiary education),TGO,2012,2011,,
405,Start of the academic school year (pre-primary to post-secondary non tertiary education),TGO,2013,2012,,
405,Start of the academic school year (pre-primary to post-secondary non tertiary education),TGO,2014,2013,,
405,Start of the academic school year (pre-primary to post-secondary non tertiary education),TGO,2015,2014,,
405,Start of the academic school year (pre-primary to post-secondary non tertiary education),TGO,2016,2015,,
405,Start of the academic school year (pre-primary to post-secondary non tertiary education),TGO,2017,2016,,
405,Start of the academic school year (pre-primary to post-secondary non tertiary education),TGO,2018,2017,,
405,Start of the academic school year (pre-primary to post-secondary non tertiary education),TGO,2019,2018,,
405,Start of the academic school year (pre-primary to post-secondary non tertiary education),TGO,2020,2019,,
405,Start of the academic school year (pre-primary to post-secondary non tertiary education),TGO,2021,2020,,
405,Start of the academic school year (pre-primary to post-secondary non tertiary education),TGO,2022,2021,,
405,Start of the academic school year (pre-primary to post-secondary non tertiary education),TGO,2023,2022,,
405,Start of the academic school year (pre-primary to post-secondary non tertiary education),TGO,2024,2023,,
405,Start of the academic school year (pre-primary to post-secondary non tertiary education),TGO,2025,2024,,
406,End of the academic school year (pre-primary to post-secondary non tertiary education),TGO,1997,1997,,
406,End of the academic school year (pre-primary to post-secondary non tertiary education),TGO,1998,1998,,
406,End of the academic school year (pre-primary to post-secondary non tertiary education),TGO,1999,1999,,
406,End of the academic school year (pre-primary to post-secondary non tertiary education),TGO,2000,2000,,
406,End of the academic school year (pre-primary to post-secondary non tertiary education),TGO,2001,2001,,
406,End of the academic school year (pre-primary to post-secondary non tertiary education),TGO,2002,2002,,
406,End of the academic school year (pre-primary to post-secondary non tertiary education),TGO,2003,2003,,
406,End of the academic school year (pre-primary to post-secondary non tertiary education),TGO,2004,2004,,
406,End of the academic school year (pre-primary to post-secondary non tertiary education),TGO,2005,2005,,
406,End of the academic school year (pre-primary to post-secondary non tertiary education),TGO,2006,2006,,
406,End of the academic school year (pre-primary to post-secondary non tertiary education),TGO,2007,2007,,
406,End of the academic school year (pre-primary to post-secondary non tertiary education),TGO,2008,2008,,
406,End of the academic school year (pre-primary to post-secondary non tertiary education),TGO,2009,2009,,
406,End of the academic school year (pre-primary to post-secondary non tertiary education),TGO,2010,2010,,
406,End of the academic school year (pre-primary to post-secondary non tertiary education),TGO,2011,2011,,
406,End of the academic school year (pre-primary to post-secondary non tertiary education),TGO,2012,2012,,
406,End of the academic school year (pre-primary to post-secondary non tertiary education),TGO,2013,2013,,
406,End of the academic school year (pre-primary to post-secondary non tertiary education),TGO,2014,2014,,
406,End of the academic school year (pre-primary to post-secondary non tertiary education),TGO,2015,2015,,
406,End of the academic school year (pre-primary to post-secondary non tertiary education),TGO,2016,2016,,
406,End of the academic school year (pre-primary to post-secondary non tertiary education),TGO,2017,2017,,
406,End of the academic school year (pre-primary to post-secondary non tertiary education),TGO,2018,2018,,
406,End of the academic school year (pre-primary to post-secondary non tertiary education),TGO,2019,2019,,
406,End of the academic school year (pre-primary to post-secondary non tertiary education),TGO,2020,2020,,
406,End of the academic school year (pre-primary to post-secondary non tertiary education),TGO,2021,2021,,
406,End of the academic school year (pre-primary to post-secondary non tertiary education),TGO,2022,2022,,
406,End of the academic school year (pre-primary to post-secondary non tertiary education),TGO,2023,2023,,
406,End of the academic school year (pre-primary to post-secondary non tertiary education),TGO,2024,2024,,
406,End of the academic school year (pre-primary to post-secondary non tertiary education),TGO,2025,2025,,
42105,"Teachers in post-secondary non-tertiary education, male (number)",TGO,2021,15,,
42614,"Enrolment in tertiary education, ISCED 5 programmes, male (number)",TGO,1998,758,,
42614,"Enrolment in tertiary education, ISCED 5 programmes, male (number)",TGO,2011,2012,,
42614,"Enrolment in tertiary education, ISCED 5 programmes, male (number)",TGO,2012,2592,,
42614,"Enrolment in tertiary education, ISCED 5 programmes, male (number)",TGO,2013,4886,,
42614,"Enrolment in tertiary education, ISCED 5 programmes, male (number)",TGO,2014,5241,,
42614,"Enrolment in tertiary education, ISCED 5 programmes, male (number)",TGO,2015,4215,,
42614,"Enrolment in tertiary education, ISCED 5 programmes, male (number)",TGO,2016,3772,,
42614,"Enrolment in tertiary education, ISCED 5 programmes, male (number)",TGO,2017,3124,,
42614,"Enrolment in tertiary education, ISCED 5 programmes, male (number)",TGO,2018,2575,,
42614,"Enrolment in tertiary education, ISCED 5 programmes, male (number)",TGO,2019,1119,,
42614,"Enrolment in tertiary education, ISCED 5 programmes, male (number)",TGO,2020,1037,,
42615,"Enrolment in tertiary education, ISCED 6 programmes, male (number)",TGO,2011,37700,,
42615,"Enrolment in tertiary education, ISCED 6 programmes, male (number)",TGO,2012,42815,,
42615,"Enrolment in tertiary education, ISCED 6 programmes, male (number)",TGO,2013,43032,,
42615,"Enrolment in tertiary education, ISCED 6 programmes, male (number)",TGO,2014,42206,,
42615,"Enrolment in tertiary education, ISCED 6 programmes, male (number)",TGO,2015,44792,,
42615,"Enrolment in tertiary education, ISCED 6 programmes, male (number)",TGO,2016,51308,,
42615,"Enrolment in tertiary education, ISCED 6 programmes, male (number)",TGO,2017,53532,,
42615,"Enrolment in tertiary education, ISCED 6 programmes, male (number)",TGO,2018,56906,,
42615,"Enrolment in tertiary education, ISCED 6 programmes, male (number)",TGO,2019,58620,,
42615,"Enrolment in tertiary education, ISCED 6 programmes, male (number)",TGO,2020,67092,,
42615,"Enrolment in tertiary education, ISCED 6 programmes, male (number)",TGO,2021,64838,,
42617,"Enrolment in tertiary education, ISCED 7 programmes, male (number)",TGO,2011,5859,,
42617,"Enrolment in tertiary education, ISCED 7 programmes, male (number)",TGO,2012,5920,,
42617,"Enrolment in tertiary education, ISCED 7 programmes, male (number)",TGO,2013,3426,,
42617,"Enrolment in tertiary education, ISCED 7 programmes, male (number)",TGO,2014,2457,,
42617,"Enrolment in tertiary education, ISCED 7 programmes, male (number)",TGO,2015,2863,,
42617,"Enrolment in tertiary education, ISCED 7 programmes, male (number)",TGO,2016,3287,,
42617,"Enrolment in tertiary education, ISCED 7 programmes, male (number)",TGO,2017,3152,,
42617,"Enrolment in tertiary education, ISCED 7 programmes, male (number)",TGO,2018,2862,,
42617,"Enrolment in tertiary education, ISCED 7 programmes, male (number)",TGO,2019,4000,,
42617,"Enrolment in tertiary education, ISCED 7 programmes, male (number)",TGO,2020,4492,,
42617,"Enrolment in tertiary education, ISCED 7 programmes, male (number)",TGO,2021,3080,,
42619,"Enrolment in tertiary education, ISCED 8 programmes, male (number)",TGO,1998,16,,
42619,"Enrolment in tertiary education, ISCED 8 programmes, male (number)",TGO,1999,0,NIL,
42619,"Enrolment in tertiary education, ISCED 8 programmes, male (number)",TGO,2000,0,NIL,
42619,"Enrolment in tertiary education, ISCED 8 programmes, male (number)",TGO,2001,0,NIL,
42619,"Enrolment in tertiary education, ISCED 8 programmes, male (number)",TGO,2002,0,NIL,
42619,"Enrolment in tertiary education, ISCED 8 programmes, male (number)",TGO,2003,0,NIL,
42619,"Enrolment in tertiary education, ISCED 8 programmes, male (number)",TGO,2004,0,NIL,
42619,"Enrolment in tertiary education, ISCED 8 programmes, male (number)",TGO,2005,0,NIL,
42619,"Enrolment in tertiary education, ISCED 8 programmes, male (number)",TGO,2006,0,NIL,
42619,"Enrolment in tertiary education, ISCED 8 programmes, male (number)",TGO,2007,0,NIL,
42619,"Enrolment in tertiary education, ISCED 8 programmes, male (number)",TGO,2010,266,,
42619,"Enrolment in tertiary education, ISCED 8 programmes, male (number)",TGO,2011,616,,
42619,"Enrolment in tertiary education, ISCED 8 programmes, male (number)",TGO,2012,674,,
42619,"Enrolment in tertiary education, ISCED 8 programmes, male (number)",TGO,2013,728,,
42619,"Enrolment in tertiary education, ISCED 8 programmes, male (number)",TGO,2014,731,,
42619,"Enrolment in tertiary education, ISCED 8 programmes, male (number)",TGO,2015,802,,
42619,"Enrolment in tertiary education, ISCED 8 programmes, male (number)",TGO,2016,868,,
42619,"Enrolment in tertiary education, ISCED 8 programmes, male (number)",TGO,2017,1005,,
42619,"Enrolment in tertiary education, ISCED 8 programmes, male (number)",TGO,2018,1245,,
42619,"Enrolment in tertiary education, ISCED 8 programmes, male (number)",TGO,2019,1344,,
42619,"Enrolment in tertiary education, ISCED 8 programmes, male (number)",TGO,2020,1200,,
42619,"Enrolment in tertiary education, ISCED 8 programmes, male (number)",TGO,2021,1142,,
42620,"Enrolment in tertiary education, all programmes, male (number)",TGO,1972,1254,,
42620,"Enrolment in tertiary education, all programmes, male (number)",TGO,1973,1314,,
42620,"Enrolment in tertiary education, all programmes, male (number)",TGO,1974,1283,,
42620,"Enrolment in tertiary education, all programmes, male (number)",TGO,1975,1405,,
42620,"Enrolment in tertiary education, all programmes, male (number)",TGO,1976,2030,,
42620,"Enrolment in tertiary education, all programmes, male (number)",TGO,1977,2332,,
42620,"Enrolment in tertiary education, all programmes, male (number)",TGO,1978,2541,,
42620,"Enrolment in tertiary education, all programmes, male (number)",TGO,1979,2643,,
42620,"Enrolment in tertiary education, all programmes, male (number)",TGO,1980,3056,,
42620,"Enrolment in tertiary education, all programmes, male (number)",TGO,1981,4047,,
42620,"Enrolment in tertiary education, all programmes, male (number)",TGO,1982,3677,,
42620,"Enrolment in tertiary education, all programmes, male (number)",TGO,1983,3464,,
42620,"Enrolment in tertiary education, all programmes, male (number)",TGO,1984,3573,,
42620,"Enrolment in tertiary education, all programmes, male (number)",TGO,1987,5418,,
42620,"Enrolment in tertiary education, all programmes, male (number)",TGO,1988,6210,,
42620,"Enrolment in tertiary education, all programmes, male (number)",TGO,1990,6794,,
42620,"Enrolment in tertiary education, all programmes, male (number)",TGO,1991,7717,,
42620,"Enrolment in tertiary education, all programmes, male (number)",TGO,1992,9005,,
42620,"Enrolment in tertiary education, all programmes, male (number)",TGO,1993,7833,,
42620,"Enrolment in tertiary education, all programmes, male (number)",TGO,1994,8193,,
42620,"Enrolment in tertiary education, all programmes, male (number)",TGO,1995,9686,,
42620,"Enrolment in tertiary education, all programmes, male (number)",TGO,1996,9894,,
42620,"Enrolment in tertiary education, all programmes, male (number)",TGO,1998,11894,,
42620,"Enrolment in tertiary education, all programmes, male (number)",TGO,2011,46187,,
42620,"Enrolment in tertiary education, all programmes, male (number)",TGO,2012,52001,,
42620,"Enrolment in tertiary education, all programmes, male (number)",TGO,2013,52072,,
42620,"Enrolment in tertiary education, all programmes, male (number)",TGO,2014,50635,,
42620,"Enrolment in tertiary education, all programmes, male (number)",TGO,2015,52672,,
42620,"Enrolment in tertiary education, all programmes, male (number)",TGO,2016,59235,,
42620,"Enrolment in tertiary education, all programmes, male (number)",TGO,2017,60813,,
42620,"Enrolment in tertiary education, all programmes, male (number)",TGO,2018,63588,,
42620,"Enrolment in tertiary education, all programmes, male (number)",TGO,2019,65083,,
42620,"Enrolment in tertiary education, all programmes, male (number)",TGO,2020,73821,,
42635,"Enrolment in tertiary education, ISCED 6 programmes, female (number)",TGO,2011,12662,,
42635,"Enrolment in tertiary education, ISCED 6 programmes, female (number)",TGO,2012,14401,,
42635,"Enrolment in tertiary education, ISCED 6 programmes, female (number)",TGO,2013,15578,,
42635,"Enrolment in tertiary education, ISCED 6 programmes, female (number)",TGO,2014,15922,,
42635,"Enrolment in tertiary education, ISCED 6 programmes, female (number)",TGO,2015,17660,,
42635,"Enrolment in tertiary education, ISCED 6 programmes, female (number)",TGO,2016,21649,,
42635,"Enrolment in tertiary education, ISCED 6 programmes, female (number)",TGO,2017,23546,,
42635,"Enrolment in tertiary education, ISCED 6 programmes, female (number)",TGO,2018,26920,,
42635,"Enrolment in tertiary education, ISCED 6 programmes, female (number)",TGO,2019,30175,,
42635,"Enrolment in tertiary education, ISCED 6 programmes, female (number)",TGO,2020,37027,,
42635,"Enrolment in tertiary education, ISCED 6 programmes, female (number)",TGO,2021,35158,,
42637,"Enrolment in tertiary education, ISCED 7 programmes, female (number)",TGO,2011,1535,,
42637,"Enrolment in tertiary education, ISCED 7 programmes, female (number)",TGO,2012,1596,,
42637,"Enrolment in tertiary education, ISCED 7 programmes, female (number)",TGO,2013,950,,
42637,"Enrolment in tertiary education, ISCED 7 programmes, female (number)",TGO,2014,793,,
42637,"Enrolment in tertiary education, ISCED 7 programmes, female (number)",TGO,2015,882,,
42637,"Enrolment in tertiary education, ISCED 7 programmes, female (number)",TGO,2016,932,,
42637,"Enrolment in tertiary education, ISCED 7 programmes, female (number)",TGO,2017,1049,,
42637,"Enrolment in tertiary education, ISCED 7 programmes, female (number)",TGO,2018,1027,,
42637,"Enrolment in tertiary education, ISCED 7 programmes, female (number)",TGO,2019,1730,,
42637,"Enrolment in tertiary education, ISCED 7 programmes, female (number)",TGO,2020,2217,,
42637,"Enrolment in tertiary education, ISCED 7 programmes, female (number)",TGO,2021,1241,,
42654,"Enrolment in tertiary education, ISCED 6 programmes, both sexes (number)",TGO,2011,50362,,
42654,"Enrolment in tertiary education, ISCED 6 programmes, both sexes (number)",TGO,2012,57216,,
42654,"Enrolment in tertiary education, ISCED 6 programmes, both sexes (number)",TGO,2013,58610,,
42654,"Enrolment in tertiary education, ISCED 6 programmes, both sexes (number)",TGO,2014,58128,,
42654,"Enrolment in tertiary education, ISCED 6 programmes, both sexes (number)",TGO,2015,62452,,
42654,"Enrolment in tertiary education, ISCED 6 programmes, both sexes (number)",TGO,2016,72957,,
42654,"Enrolment in tertiary education, ISCED 6 programmes, both sexes (number)",TGO,2017,77078,,
42654,"Enrolment in tertiary education, ISCED 6 programmes, both sexes (number)",TGO,2018,83826,,
42654,"Enrolment in tertiary education, ISCED 6 programmes, both sexes (number)",TGO,2019,88795,,
42654,"Enrolment in tertiary education, ISCED 6 programmes, both sexes (number)",TGO,2020,104119,,
42654,"Enrolment in tertiary education, ISCED 6 programmes, both sexes (number)",TGO,2021,99996,,
42656,"Enrolment in tertiary education, ISCED 7 programmes, both sexes (number)",TGO,2011,7394,,
42656,"Enrolment in tertiary education, ISCED 7 programmes, both sexes (number)",TGO,2012,7516,,
42656,"Enrolment in tertiary education, ISCED 7 programmes, both sexes (number)",TGO,2013,4376,,
42656,"Enrolment in tertiary education, ISCED 7 programmes, both sexes (number)",TGO,2014,3250,,
42656,"Enrolment in tertiary education, ISCED 7 programmes, both sexes (number)",TGO,2015,3745,,
42656,"Enrolment in tertiary education, ISCED 7 programmes, both sexes (number)",TGO,2016,4219,,
42656,"Enrolment in tertiary education, ISCED 7 programmes, both sexes (number)",TGO,2017,4201,,
42656,"Enrolment in tertiary education, ISCED 7 programmes, both sexes (number)",TGO,2018,3889,,
42656,"Enrolment in tertiary education, ISCED 7 programmes, both sexes (number)",TGO,2019,5730,,
42656,"Enrolment in tertiary education, ISCED 7 programmes, both sexes (number)",TGO,2020,6709,,
42656,"Enrolment in tertiary education, ISCED 7 programmes, both sexes (number)",TGO,2021,4321,,
43617,"Teachers in tertiary education programmes, male (number)",TGO,1972,74,,
43617,"Teachers in tertiary education programmes, male (number)",TGO,1973,126,,
43617,"Teachers in tertiary education programmes, male (number)",TGO,1974,142,,
43617,"Teachers in tertiary education programmes, male (number)",TGO,1975,151,,
43617,"Teachers in tertiary education programmes, male (number)",TGO,1978,205,,
43617,"Teachers in tertiary education programmes, male (number)",TGO,1979,208,,
43617,"Teachers in tertiary education programmes, male (number)",TGO,1980,261,,
43617,"Teachers in tertiary education programmes, male (number)",TGO,1981,260,,
43617,"Teachers in tertiary education programmes, male (number)",TGO,1982,284,,
43617,"Teachers in tertiary education programmes, male (number)",TGO,1991,358,,
43617,"Teachers in tertiary education programmes, male (number)",TGO,1992,358,,
43617,"Teachers in tertiary education programmes, male (number)",TGO,1993,383,,
43617,"Teachers in tertiary education programmes, male (number)",TGO,1994,355,,
43617,"Teachers in tertiary education programmes, male (number)",TGO,1995,382,,
43617,"Teachers in tertiary education programmes, male (number)",TGO,1996,407,,
43617,"Teachers in tertiary education programmes, male (number)",TGO,1997,398,,
43617,"Teachers in tertiary education programmes, male (number)",TGO,1999,344,,
43617,"Teachers in tertiary education programmes, male (number)",TGO,2000,351,,UIS_EST
43617,"Teachers in tertiary education programmes, male (number)",TGO,2001,358,,
43617,"Teachers in tertiary education programmes, male (number)",TGO,2002,364,,
43617,"Teachers in tertiary education programmes, male (number)",TGO,2003,398,,
43617,"Teachers in tertiary education programmes, male (number)",TGO,2004,401,,
43617,"Teachers in tertiary education programmes, male (number)",TGO,2005,400,,
43617,"Teachers in tertiary education programmes, male (number)",TGO,2006,406,,
43617,"Teachers in tertiary education programmes, male (number)",TGO,2007,419,,UIS_EST
43617,"Teachers in tertiary education programmes, male (number)",TGO,2011,2465,,
43617,"Teachers in tertiary education programmes, male (number)",TGO,2012,2559,,
43617,"Teachers in tertiary education programmes, male (number)",TGO,2013,3670,,
43617,"Teachers in tertiary education programmes, male (number)",TGO,2014,4137,,
43617,"Teachers in tertiary education programmes, male (number)",TGO,2015,3990,,
43617,"Teachers in tertiary education programmes, male (number)",TGO,2016,3515,,
43617,"Teachers in tertiary education programmes, male (number)",TGO,2017,4532,,
43617,"Teachers in tertiary education programmes, male (number)",TGO,2018,4881,,
43617,"Teachers in tertiary education programmes, male (number)",TGO,2019,4945,,
43617,"Teachers in tertiary education programmes, male (number)",TGO,2020,5010,,
43617,"Teachers in tertiary education programmes, male (number)",TGO,2021,4575,,
999987,Official entrance age to post-secondary non-tertiary education (years),TGO,1999,19,,
999987,Official entrance age to post-secondary non-tertiary education (years),TGO,2000,19,,
999987,Official entrance age to post-secondary non-tertiary education (years),TGO,2001,19,,
999987,Official entrance age to post-secondary non-tertiary education (years),TGO,2002,19,,
999987,Official entrance age to post-secondary non-tertiary education (years),TGO,2003,19,,
999987,Official entrance age to post-secondary non-tertiary education (years),TGO,2004,19,,
999987,Official entrance age to post-secondary non-tertiary education (years),TGO,2005,19,,
999987,Official entrance age to post-secondary non-tertiary education (years),TGO,2006,19,,
999987,Official entrance age to post-secondary non-tertiary education (years),TGO,2007,19,,
999987,Official entrance age to post-secondary non-tertiary education (years),TGO,2008,19,,
999987,Official entrance age to post-secondary non-tertiary education (years),TGO,2009,19,,
999987,Official entrance age to post-secondary non-tertiary education (years),TGO,2010,19,,
999987,Official entrance age to post-secondary non-tertiary education (years),TGO,2011,19,,
999987,Official entrance age to post-secondary non-tertiary education (years),TGO,2012,19,,
999987,Official entrance age to post-secondary non-tertiary education (years),TGO,2013,19,,
999987,Official entrance age to post-secondary non-tertiary education (years),TGO,2014,19,,
999987,Official entrance age to post-secondary non-tertiary education (years),TGO,2015,19,,
999987,Official entrance age to post-secondary non-tertiary education (years),TGO,2016,19,,
999987,Official entrance age to post-secondary non-tertiary education (years),TGO,2017,19,,
999987,Official entrance age to post-secondary non-tertiary education (years),TGO,2018,19,,
999987,Official entrance age to post-secondary non-tertiary education (years),TGO,2019,19,,
999987,Official entrance age to post-secondary non-tertiary education (years),TGO,2020,19,,
999987,Official entrance age to post-secondary non-tertiary education (years),TGO,2021,19,,
999987,Official entrance age to post-secondary non-tertiary education (years),TGO,2022,19,,
999987,Official entrance age to post-secondary non-tertiary education (years),TGO,2023,19,,
999987,Official entrance age to post-secondary non-tertiary education (years),TGO,2024,19,,
999987,Official entrance age to post-secondary non-tertiary education (years),TGO,2025,19,,
999988,Theoretical duration of post-secondary non-tertiary education (years),TGO,1999,1,,
999988,Theoretical duration of post-secondary non-tertiary education (years),TGO,2000,1,,
999988,Theoretical duration of post-secondary non-tertiary education (years),TGO,2001,1,,
999988,Theoretical duration of post-secondary non-tertiary education (years),TGO,2002,1,,
999988,Theoretical duration of post-secondary non-tertiary education (years),TGO,2003,1,,
999988,Theoretical duration of post-secondary non-tertiary education (years),TGO,2004,1,,
999988,Theoretical duration of post-secondary non-tertiary education (years),TGO,2005,1,,
999988,Theoretical duration of post-secondary non-tertiary education (years),TGO,2006,1,,
999988,Theoretical duration of post-secondary non-tertiary education (years),TGO,2007,1,,
999988,Theoretical duration of post-secondary non-tertiary education (years),TGO,2008,2,,
999988,Theoretical duration of post-secondary non-tertiary education (years),TGO,2009,2,,
999988,Theoretical duration of post-secondary non-tertiary education (years),TGO,2010,2,,
999988,Theoretical duration of post-secondary non-tertiary education (years),TGO,2011,2,,
999988,Theoretical duration of post-secondary non-tertiary education (years),TGO,2012,2,,
999988,Theoretical duration of post-secondary non-tertiary education (years),TGO,2013,2,,
999988,Theoretical duration of post-secondary non-tertiary education (years),TGO,2014,2,,
999988,Theoretical duration of post-secondary non-tertiary education (years),TGO,2015,2,,
999988,Theoretical duration of post-secondary non-tertiary education (years),TGO,2016,2,,
999988,Theoretical duration of post-secondary non-tertiary education (years),TGO,2017,2,,
999988,Theoretical duration of post-secondary non-tertiary education (years),TGO,2018,2,,
999988,Theoretical duration of post-secondary non-tertiary education (years),TGO,2019,2,,
999988,Theoretical duration of post-secondary non-tertiary education (years),TGO,2020,1,,
999988,Theoretical duration of post-secondary non-tertiary education (years),TGO,2021,1,,
999988,Theoretical duration of post-secondary non-tertiary education (years),TGO,2022,1,,
999988,Theoretical duration of post-secondary non-tertiary education (years),TGO,2023,1,,
999988,Theoretical duration of post-secondary non-tertiary education (years),TGO,2024,1,,
999988,Theoretical duration of post-secondary non-tertiary education (years),TGO,2025,1,,
ETOIP.0.PR,"Percentage of enrolment in early childhood education programmes in private institutions, both sexes (%)",TGO,1999,53.14474105834961,,
ETOIP.0.PR,"Percentage of enrolment in early childhood education programmes in private institutions, both sexes (%)",TGO,2000,52.21585845947266,,
ETOIP.0.PR,"Percentage of enrolment in early childhood education programmes in private institutions, both sexes (%)",TGO,2001,61.55093002319336,,
ETOIP.0.PR,"Percentage of enrolment in early childhood education programmes in private institutions, both sexes (%)",TGO,2002,61.20389938354492,,
ETOIP.0.PR,"Percentage of enrolment in early childhood education programmes in private institutions, both sexes (%)",TGO,2003,58.63932037353516,,
ETOIP.0.PR,"Percentage of enrolment in early childhood education programmes in private institutions, both sexes (%)",TGO,2007,55.13542175292969,,
ETOIP.0.PR,"Percentage of enrolment in early childhood education programmes in private institutions, both sexes (%)",TGO,2008,55.06718063354492,,
ETOIP.0.PR,"Percentage of enrolment in early childhood education programmes in private institutions, both sexes (%)",TGO,2009,46.97372055053711,,
ETOIP.0.PR,"Percentage of enrolment in early childhood education programmes in private institutions, both sexes (%)",TGO,2010,33.4296989440918,,
ETOIP.0.PR,"Percentage of enrolment in early childhood education programmes in private institutions, both sexes (%)",TGO,2011,34.40311813354492,,
ETOIP.0.PR,"Percentage of enrolment in early childhood education programmes in private institutions, both sexes (%)",TGO,2012,29.93425941467285,,
ETOIP.0.PR,"Percentage of enrolment in early childhood education programmes in private institutions, both sexes (%)",TGO,2013,37.66267013549805,,
ETOIP.0.PR,"Percentage of enrolment in early childhood education programmes in private institutions, both sexes (%)",TGO,2014,36.31713104248047,,
ETOIP.0.PR,"Percentage of enrolment in early childhood education programmes in private institutions, both sexes (%)",TGO,2015,31.64068031311035,,
ETOIP.0.PR,"Percentage of enrolment in early childhood education programmes in private institutions, both sexes (%)",TGO,2017,32.84363174438477,,
ETOIP.0.PR,"Percentage of enrolment in early childhood education programmes in private institutions, both sexes (%)",TGO,2018,31.14698028564453,,
ETOIP.0.PR,"Percentage of enrolment in early childhood education programmes in private institutions, both sexes (%)",TGO,2019,30.93568992614746,,
ETOIP.0.PR,"Percentage of enrolment in early childhood education programmes in private institutions, both sexes (%)",TGO,2020,33.20241165161133,,
ETOIP.0.PR,"Percentage of enrolment in early childhood education programmes in private institutions, both sexes (%)",TGO,2021,31.38122940063477,,
ETOIP.0.PR,"Percentage of enrolment in early childhood education programmes in private institutions, both sexes (%)",TGO,2022,27.58311080932617,,
ETOIP.0.PR,"Percentage of enrolment in early childhood education programmes in private institutions, both sexes (%)",TGO,2023,27.41282081604004,,
ETOIP.0.PR,"Percentage of enrolment in early childhood education programmes in private institutions, both sexes (%)",TGO,2024,26.15276908874512,,
ETOIP.0.PR.F,"Percentage of enrolment in early childhood education programmes in private institutions, female (%)",TGO,1999,49.54803848266602,,
ETOIP.0.PR.F,"Percentage of enrolment in early childhood education programmes in private institutions, female (%)",TGO,2000,51.10660171508789,,
ETOIP.0.PR.F,"Percentage of enrolment in early childhood education programmes in private institutions, female (%)",TGO,2001,48.81449890136719,,
ETOIP.0.PR.F,"Percentage of enrolment in early childhood education programmes in private institutions, female (%)",TGO,2002,49.50014114379883,,
ETOIP.0.PR.F,"Percentage of enrolment in early childhood education programmes in private institutions, female (%)",TGO,2003,48.73163986206055,,
ETOIP.0.PR.F,"Percentage of enrolment in early childhood education programmes in private institutions, female (%)",TGO,2007,50.1768798828125,,
ETOIP.0.PR.F,"Percentage of enrolment in early childhood education programmes in private institutions, female (%)",TGO,2008,50.163818359375,,
ETOIP.0.PR.F,"Percentage of enrolment in early childhood education programmes in private institutions, female (%)",TGO,2009,50.69998931884766,,
ETOIP.0.PR.F,"Percentage of enrolment in early childhood education programmes in private institutions, female (%)",TGO,2010,49.9930305480957,,
ETOIP.0.PR.F,"Percentage of enrolment in early childhood education programmes in private institutions, female (%)",TGO,2011,49.76005935668945,,
ETOIP.0.PR.F,"Percentage of enrolment in early childhood education programmes in private institutions, female (%)",TGO,2012,49.89374160766602,,
ETOIP.0.PR.F,"Percentage of enrolment in early childhood education programmes in private institutions, female (%)",TGO,2013,50.10414886474609,,
ETOIP.0.PR.F,"Percentage of enrolment in early childhood education programmes in private institutions, female (%)",TGO,2014,50,,
ETOIP.0.PR.F,"Percentage of enrolment in early childhood education programmes in private institutions, female (%)",TGO,2015,50.14002990722656,,
ETOIP.0.PR.F,"Percentage of enrolment in early childhood education programmes in private institutions, female (%)",TGO,2017,50.38404083251953,,
ETOIP.0.PR.F,"Percentage of enrolment in early childhood education programmes in private institutions, female (%)",TGO,2018,49.60419082641602,,
ETOIP.0.PR.F,"Percentage of enrolment in early childhood education programmes in private institutions, female (%)",TGO,2019,49.52983093261719,,
ETOIP.0.PR.F,"Percentage of enrolment in early childhood education programmes in private institutions, female (%)",TGO,2020,49.59503936767578,,
ETOIP.0.PR.F,"Percentage of enrolment in early childhood education programmes in private institutions, female (%)",TGO,2021,49.81439971923828,,
ETOIP.0.PR.F,"Percentage of enrolment in early childhood education programmes in private institutions, female (%)",TGO,2022,49.79428100585938,,
ETOIP.0.PR.F,"Percentage of enrolment in early childhood education programmes in private institutions, female (%)",TGO,2023,49.75040817260742,,
ETOIP.0.PR.F,"Percentage of enrolment in early childhood education programmes in private institutions, female (%)",TGO,2024,49.75725936889648,,
ETOIP.0.PR.GPIA,"Percentage of enrolment in early childhood education programmes in private institutions, adjusted gender parity index (GPIA)",TGO,1999,.9820799827575684,,
ETOIP.0.PR.GPIA,"Percentage of enrolment in early childhood education programmes in private institutions, adjusted gender parity index (GPIA)",TGO,2000,1.043310046195984,,
ETOIP.0.PR.GPIA,"Percentage of enrolment in early childhood education programmes in private institutions, adjusted gender parity index (GPIA)",TGO,2001,.9536799788475037,,
ETOIP.0.PR.GPIA,"Percentage of enrolment in early childhood education programmes in private institutions, adjusted gender parity index (GPIA)",TGO,2002,.9801999926567078,,
ETOIP.0.PR.GPIA,"Percentage of enrolment in early childhood education programmes in private institutions, adjusted gender parity index (GPIA)",TGO,2003,.9505199790000916,,
ETOIP.0.PR.GPIA,"Percentage of enrolment in early childhood education programmes in private institutions, adjusted gender parity index (GPIA)",TGO,2007,1.007050037384033,,
ETOIP.0.PR.GPIA,"Percentage of enrolment in early childhood education programmes in private institutions, adjusted gender parity index (GPIA)",TGO,2008,1.006530046463013,,
ETOIP.0.PR.GPIA,"Percentage of enrolment in early childhood education programmes in private institutions, adjusted gender parity index (GPIA)",TGO,2009,1.027609944343567,,
ETOIP.0.PR.GPIA,"Percentage of enrolment in early childhood education programmes in private institutions, adjusted gender parity index (GPIA)",TGO,2010,.9997199773788452,,
ETOIP.0.PR.GPIA,"Percentage of enrolment in early childhood education programmes in private institutions, adjusted gender parity index (GPIA)",TGO,2011,.9904500246047974,,
ETOIP.0.PR.GPIA,"Percentage of enrolment in early childhood education programmes in private institutions, adjusted gender parity index (GPIA)",TGO,2012,.9957600235939026,,
ETOIP.0.PR.GPIA,"Percentage of enrolment in early childhood education programmes in private institutions, adjusted gender parity index (GPIA)",TGO,2013,1.004160046577454,,
ETOIP.0.PR.GPIA,"Percentage of enrolment in early childhood education programmes in private institutions, adjusted gender parity index (GPIA)",TGO,2014,1,,
ETOIP.0.PR.GPIA,"Percentage of enrolment in early childhood education programmes in private institutions, adjusted gender parity index (GPIA)",TGO,2015,1.005589962005615,,
ETOIP.0.PR.GPIA,"Percentage of enrolment in early childhood education programmes in private institutions, adjusted gender parity index (GPIA)",TGO,2017,1.015239953994751,,
ETOIP.0.PR.GPIA,"Percentage of enrolment in early childhood education programmes in private institutions, adjusted gender parity index (GPIA)",TGO,2018,.9842900037765503,,
ETOIP.0.PR.GPIA,"Percentage of enrolment in early childhood education programmes in private institutions, adjusted gender parity index (GPIA)",TGO,2019,.9813699722290039,,
ETOIP.0.PR.GPIA,"Percentage of enrolment in early childhood education programmes in private institutions, adjusted gender parity index (GPIA)",TGO,2020,.9839299917221069,,
ETOIP.0.PR.GPIA,"Percentage of enrolment in early childhood education programmes in private institutions, adjusted gender parity index (GPIA)",TGO,2021,.9926000237464905,,
ETOIP.0.PR.GPIA,"Percentage of enrolment in early childhood education programmes in private institutions, adjusted gender parity index (GPIA)",TGO,2022,.9918100237846375,,
ETOIP.0.PR.GPIA,"Percentage of enrolment in early childhood education programmes in private institutions, adjusted gender parity index (GPIA)",TGO,2023,.9900699853897095,,
ETOIP.0.PR.GPIA,"Percentage of enrolment in early childhood education programmes in private institutions, adjusted gender parity index (GPIA)",TGO,2024,.990339994430542,,
ETOIP.0.PR.M,"Percentage of enrolment in early childhood education programmes in private institutions, male (%)",TGO,1999,50.45196151733398,,
ETOIP.0.PR.M,"Percentage of enrolment in early childhood education programmes in private institutions, male (%)",TGO,2000,48.89339828491211,,
ETOIP.0.PR.M,"Percentage of enrolment in early childhood education programmes in private institutions, male (%)",TGO,2001,51.18550109863281,,
ETOIP.0.PR.M,"Percentage of enrolment in early childhood education programmes in private institutions, male (%)",TGO,2002,50.49985885620117,,
ETOIP.0.PR.M,"Percentage of enrolment in early childhood education programmes in private institutions, male (%)",TGO,2003,51.26836013793945,,
ETOIP.0.PR.M,"Percentage of enrolment in early childhood education programmes in private institutions, male (%)",TGO,2007,49.8231201171875,,
ETOIP.0.PR.M,"Percentage of enrolment in early childhood education programmes in private institutions, male (%)",TGO,2008,49.836181640625,,
ETOIP.0.PR.M,"Percentage of enrolment in early childhood education programmes in private institutions, male (%)",TGO,2009,49.30001068115234,,
ETOIP.0.PR.M,"Percentage of enrolment in early childhood education programmes in private institutions, male (%)",TGO,2010,50.0069694519043,,
ETOIP.0.PR.M,"Percentage of enrolment in early childhood education programmes in private institutions, male (%)",TGO,2011,50.23994064331055,,
ETOIP.0.PR.M,"Percentage of enrolment in early childhood education programmes in private institutions, male (%)",TGO,2012,50.10625839233398,,
ETOIP.0.PR.M,"Percentage of enrolment in early childhood education programmes in private institutions, male (%)",TGO,2013,49.89585113525391,,
ETOIP.0.PR.M,"Percentage of enrolment in early childhood education programmes in private institutions, male (%)",TGO,2014,50,,
ETOIP.0.PR.M,"Percentage of enrolment in early childhood education programmes in private institutions, male (%)",TGO,2015,49.85997009277344,,
ETOIP.0.PR.M,"Percentage of enrolment in early childhood education programmes in private institutions, male (%)",TGO,2017,49.61595916748047,,
ETOIP.0.PR.M,"Percentage of enrolment in early childhood education programmes in private institutions, male (%)",TGO,2018,50.39580917358398,,
ETOIP.0.PR.M,"Percentage of enrolment in early childhood education programmes in private institutions, male (%)",TGO,2019,50.47016906738281,,
ETOIP.0.PR.M,"Percentage of enrolment in early childhood education programmes in private institutions, male (%)",TGO,2020,50.40496063232422,,
ETOIP.0.PR.M,"Percentage of enrolment in early childhood education programmes in private institutions, male (%)",TGO,2021,50.18560028076172,,
ETOIP.0.PR.M,"Percentage of enrolment in early childhood education programmes in private institutions, male (%)",TGO,2022,50.20571899414063,,
ETOIP.0.PR.M,"Percentage of enrolment in early childhood education programmes in private institutions, male (%)",TGO,2023,50.24959182739258,,
ETOIP.0.PR.M,"Percentage of enrolment in early childhood education programmes in private institutions, male (%)",TGO,2024,50.24274063110352,,
ETOIP.0.PU,"Percentage of enrolment in early childhood education programmes in public institutions, both sexes (%)",TGO,1999,46.85525894165039,,
ETOIP.0.PU,"Percentage of enrolment in early childhood education programmes in public institutions, both sexes (%)",TGO,2000,47.78414154052734,,
ETOIP.0.PU,"Percentage of enrolment in early childhood education programmes in public institutions, both sexes (%)",TGO,2001,38.44906997680664,,
ETOIP.0.PU,"Percentage of enrolment in early childhood education programmes in public institutions, both sexes (%)",TGO,2002,38.79610061645508,,
ETOIP.0.PU,"Percentage of enrolment in early childhood education programmes in public institutions, both sexes (%)",TGO,2003,41.36067962646484,,
ETOIP.0.PU,"Percentage of enrolment in early childhood education programmes in public institutions, both sexes (%)",TGO,2007,44.86457824707031,,
ETOIP.0.PU,"Percentage of enrolment in early childhood education programmes in public institutions, both sexes (%)",TGO,2008,44.93281936645508,,
ETOIP.0.PU,"Percentage of enrolment in early childhood education programmes in public institutions, both sexes (%)",TGO,2009,53.02627944946289,,
ETOIP.0.PU,"Percentage of enrolment in early childhood education programmes in public institutions, both sexes (%)",TGO,2010,66.57029724121094,,
ETOIP.0.PU,"Percentage of enrolment in early childhood education programmes in public institutions, both sexes (%)",TGO,2011,65.59687805175781,,
ETOIP.0.PU,"Percentage of enrolment in early childhood education programmes in public institutions, both sexes (%)",TGO,2012,70.06574249267578,,
ETOIP.0.PU,"Percentage of enrolment in early childhood education programmes in public institutions, both sexes (%)",TGO,2013,62.33732986450195,,
ETOIP.0.PU,"Percentage of enrolment in early childhood education programmes in public institutions, both sexes (%)",TGO,2014,63.68286895751953,,
ETOIP.0.PU,"Percentage of enrolment in early childhood education programmes in public institutions, both sexes (%)",TGO,2015,68.35932159423828,,
ETOIP.0.PU,"Percentage of enrolment in early childhood education programmes in public institutions, both sexes (%)",TGO,2017,67.1563720703125,,
ETOIP.0.PU,"Percentage of enrolment in early childhood education programmes in public institutions, both sexes (%)",TGO,2018,68.85301971435547,,
ETOIP.0.PU,"Percentage of enrolment in early childhood education programmes in public institutions, both sexes (%)",TGO,2019,69.06430816650391,,
ETOIP.0.PU,"Percentage of enrolment in early childhood education programmes in public institutions, both sexes (%)",TGO,2020,66.79759216308594,,
ETOIP.0.PU,"Percentage of enrolment in early childhood education programmes in public institutions, both sexes (%)",TGO,2021,68.61876678466797,,
ETOIP.0.PU,"Percentage of enrolment in early childhood education programmes in public institutions, both sexes (%)",TGO,2022,72.41689300537109,,
ETOIP.0.PU,"Percentage of enrolment in early childhood education programmes in public institutions, both sexes (%)",TGO,2023,72.58718109130859,,
ETOIP.0.PU,"Percentage of enrolment in early childhood education programmes in public institutions, both sexes (%)",TGO,2024,73.84722900390625,,
ETOIP.0.PU.F,"Percentage of enrolment in early childhood education programmes in public institutions, female (%)",TGO,1999,50.14239883422852,,
ETOIP.0.PU.F,"Percentage of enrolment in early childhood education programmes in public institutions, female (%)",TGO,2000,51.29798126220703,,
ETOIP.0.PU.F,"Percentage of enrolment in early childhood education programmes in public institutions, female (%)",TGO,2001,51.35202026367188,,
ETOIP.0.PU.F,"Percentage of enrolment in early childhood education programmes in public institutions, female (%)",TGO,2002,52.23785018920898,,
ETOIP.0.PU.F,"Percentage of enrolment in early childhood education programmes in public institutions, female (%)",TGO,2003,50.7287483215332,,
ETOIP.0.PU.F,"Percentage of enrolment in early childhood education programmes in public institutions, female (%)",TGO,2007,50.32110977172852,,
ETOIP.0.PU.F,"Percentage of enrolment in early childhood education programmes in public institutions, female (%)",TGO,2008,51.3626708984375,,
ETOIP.0.PU.F,"Percentage of enrolment in early childhood education programmes in public institutions, female (%)",TGO,2009,51.17816925048828,,
ETOIP.0.PU.F,"Percentage of enrolment in early childhood education programmes in public institutions, female (%)",TGO,2010,50.84056854248047,,
ETOIP.0.PU.F,"Percentage of enrolment in early childhood education programmes in public institutions, female (%)",TGO,2011,50.87810897827148,,
ETOIP.0.PU.F,"Percentage of enrolment in early childhood education programmes in public institutions, female (%)",TGO,2012,51.12417984008789,,
ETOIP.0.PU.F,"Percentage of enrolment in early childhood education programmes in public institutions, female (%)",TGO,2013,51.32878875732422,,
ETOIP.0.PU.F,"Percentage of enrolment in early childhood education programmes in public institutions, female (%)",TGO,2014,51.03084945678711,,
ETOIP.0.PU.F,"Percentage of enrolment in early childhood education programmes in public institutions, female (%)",TGO,2015,50.80257034301758,,
ETOIP.0.PU.F,"Percentage of enrolment in early childhood education programmes in public institutions, female (%)",TGO,2017,51.06792068481445,,
ETOIP.0.PU.F,"Percentage of enrolment in early childhood education programmes in public institutions, female (%)",TGO,2018,51.03002166748047,,
ETOIP.0.PU.F,"Percentage of enrolment in early childhood education programmes in public institutions, female (%)",TGO,2019,51.08956909179688,,
ETOIP.0.PU.F,"Percentage of enrolment in early childhood education programmes in public institutions, female (%)",TGO,2020,51.30044174194336,,
ETOIP.0.PU.F,"Percentage of enrolment in early childhood education programmes in public institutions, female (%)",TGO,2021,51.37009048461914,,
ETOIP.0.PU.F,"Percentage of enrolment in early childhood education programmes in public institutions, female (%)",TGO,2022,51.4509391784668,,
ETOIP.0.PU.F,"Percentage of enrolment in early childhood education programmes in public institutions, female (%)",TGO,2023,50.67586898803711,,
ETOIP.0.PU.F,"Percentage of enrolment in early childhood education programmes in public institutions, female (%)",TGO,2024,50.90893936157227,,
ETOIP.0.PU.GPIA,"Percentage of enrolment in early childhood education programmes in public institutions, adjusted gender parity index (GPIA)",TGO,1999,1.005679965019226,,
ETOIP.0.PU.GPIA,"Percentage of enrolment in early childhood education programmes in public institutions, adjusted gender parity index (GPIA)",TGO,2000,1.050609946250916,,
ETOIP.0.PU.GPIA,"Percentage of enrolment in early childhood education programmes in public institutions, adjusted gender parity index (GPIA)",TGO,2001,1.05265998840332,,
ETOIP.0.PU.GPIA,"Percentage of enrolment in early childhood education programmes in public institutions, adjusted gender parity index (GPIA)",TGO,2002,1.08568000793457,,
ETOIP.0.PU.GPIA,"Percentage of enrolment in early childhood education programmes in public institutions, adjusted gender parity index (GPIA)",TGO,2003,1.028730034828186,,
ETOIP.0.PU.GPIA,"Percentage of enrolment in early childhood education programmes in public institutions, adjusted gender parity index (GPIA)",TGO,2007,1.012760043144226,,
ETOIP.0.PU.GPIA,"Percentage of enrolment in early childhood education programmes in public institutions, adjusted gender parity index (GPIA)",TGO,2008,1.053060054779053,,
ETOIP.0.PU.GPIA,"Percentage of enrolment in early childhood education programmes in public institutions, adjusted gender parity index (GPIA)",TGO,2009,1.046040058135986,,
ETOIP.0.PU.GPIA,"Percentage of enrolment in early childhood education programmes in public institutions, adjusted gender parity index (GPIA)",TGO,2010,1.033069968223572,,
ETOIP.0.PU.GPIA,"Percentage of enrolment in early childhood education programmes in public institutions, adjusted gender parity index (GPIA)",TGO,2011,1.034520030021667,,
ETOIP.0.PU.GPIA,"Percentage of enrolment in early childhood education programmes in public institutions, adjusted gender parity index (GPIA)",TGO,2012,1.043980002403259,,
ETOIP.0.PU.GPIA,"Percentage of enrolment in early childhood education programmes in public institutions, adjusted gender parity index (GPIA)",TGO,2013,1.051779985427856,,
ETOIP.0.PU.GPIA,"Percentage of enrolment in early childhood education programmes in public institutions, adjusted gender parity index (GPIA)",TGO,2014,1.04040002822876,,
ETOIP.0.PU.GPIA,"Percentage of enrolment in early childhood education programmes in public institutions, adjusted gender parity index (GPIA)",TGO,2015,1.031599998474121,,
ETOIP.0.PU.GPIA,"Percentage of enrolment in early childhood education programmes in public institutions, adjusted gender parity index (GPIA)",TGO,2017,1.041820049285889,,
ETOIP.0.PU.GPIA,"Percentage of enrolment in early childhood education programmes in public institutions, adjusted gender parity index (GPIA)",TGO,2018,1.040369987487793,,
ETOIP.0.PU.GPIA,"Percentage of enrolment in early childhood education programmes in public institutions, adjusted gender parity index (GPIA)",TGO,2019,1.042649984359741,,
ETOIP.0.PU.GPIA,"Percentage of enrolment in early childhood education programmes in public institutions, adjusted gender parity index (GPIA)",TGO,2020,1.050699949264526,,
ETOIP.0.PU.GPIA,"Percentage of enrolment in early childhood education programmes in public institutions, adjusted gender parity index (GPIA)",TGO,2021,1.053339958190918,,
ETOIP.0.PU.GPIA,"Percentage of enrolment in early childhood education programmes in public institutions, adjusted gender parity index (GPIA)",TGO,2022,1.056399941444397,,
ETOIP.0.PU.GPIA,"Percentage of enrolment in early childhood education programmes in public institutions, adjusted gender parity index (GPIA)",TGO,2023,1.026669979095459,,
ETOIP.0.PU.GPIA,"Percentage of enrolment in early childhood education programmes in public institutions, adjusted gender parity index (GPIA)",TGO,2024,1.035709977149963,,
ETOIP.0.PU.M,"Percentage of enrolment in early childhood education programmes in public institutions, male (%)",TGO,1999,49.85760116577148,,
ETOIP.0.PU.M,"Percentage of enrolment in early childhood education programmes in public institutions, male (%)",TGO,2000,48.70201873779297,,
ETOIP.0.PU.M,"Percentage of enrolment in early childhood education programmes in public institutions, male (%)",TGO,2001,48.64797973632813,,
ETOIP.0.PU.M,"Percentage of enrolment in early childhood education programmes in public institutions, male (%)",TGO,2002,47.76214981079102,,
ETOIP.0.PU.M,"Percentage of enrolment in early childhood education programmes in public institutions, male (%)",TGO,2003,49.2712516784668,,
ETOIP.0.PU.M,"Percentage of enrolment in early childhood education programmes in public institutions, male (%)",TGO,2007,49.67889022827148,,
ETOIP.0.PU.M,"Percentage of enrolment in early childhood education programmes in public institutions, male (%)",TGO,2008,48.6373291015625,,
ETOIP.0.PU.M,"Percentage of enrolment in early childhood education programmes in public institutions, male (%)",TGO,2009,48.82183074951172,,
ETOIP.0.PU.M,"Percentage of enrolment in early childhood education programmes in public institutions, male (%)",TGO,2010,49.15943145751953,,
ETOIP.0.PU.M,"Percentage of enrolment in early childhood education programmes in public institutions, male (%)",TGO,2011,49.12189102172852,,
ETOIP.0.PU.M,"Percentage of enrolment in early childhood education programmes in public institutions, male (%)",TGO,2012,48.87582015991211,,
ETOIP.0.PU.M,"Percentage of enrolment in early childhood education programmes in public institutions, male (%)",TGO,2013,48.67121124267578,,
ETOIP.0.PU.M,"Percentage of enrolment in early childhood education programmes in public institutions, male (%)",TGO,2014,48.96915054321289,,
ETOIP.0.PU.M,"Percentage of enrolment in early childhood education programmes in public institutions, male (%)",TGO,2015,49.19742965698242,,
ETOIP.0.PU.M,"Percentage of enrolment in early childhood education programmes in public institutions, male (%)",TGO,2017,48.93207931518555,,
ETOIP.0.PU.M,"Percentage of enrolment in early childhood education programmes in public institutions, male (%)",TGO,2018,48.96997833251953,,
ETOIP.0.PU.M,"Percentage of enrolment in early childhood education programmes in public institutions, male (%)",TGO,2019,48.91043090820313,,
ETOIP.0.PU.M,"Percentage of enrolment in early childhood education programmes in public institutions, male (%)",TGO,2020,48.69955825805664,,
ETOIP.0.PU.M,"Percentage of enrolment in early childhood education programmes in public institutions, male (%)",TGO,2021,48.62990951538086,,
ETOIP.0.PU.M,"Percentage of enrolment in early childhood education programmes in public institutions, male (%)",TGO,2022,48.5490608215332,,
ETOIP.0.PU.M,"Percentage of enrolment in early childhood education programmes in public institutions, male (%)",TGO,2023,49.32413101196289,,
ETOIP.0.PU.M,"Percentage of enrolment in early childhood education programmes in public institutions, male (%)",TGO,2024,49.09106063842773,,
ETOIP.02.PR,"Percentage of enrolment in pre-primary education in private institutions, both sexes (%)",TGO,1971,71.20246124267578,,
ETOIP.02.PR,"Percentage of enrolment in pre-primary education in private institutions, both sexes (%)",TGO,1972,65.36139678955078,,
ETOIP.02.PR,"Percentage of enrolment in pre-primary education in private institutions, both sexes (%)",TGO,1973,72.68636322021484,,
ETOIP.02.PR,"Percentage of enrolment in pre-primary education in private institutions, both sexes (%)",TGO,1974,69.72364044189453,,
ETOIP.02.PR,"Percentage of enrolment in pre-primary education in private institutions, both sexes (%)",TGO,1975,61.13425064086914,,
ETOIP.02.PR,"Percentage of enrolment in pre-primary education in private institutions, both sexes (%)",TGO,1976,64.24214935302734,,
ETOIP.02.PR,"Percentage of enrolment in pre-primary education in private institutions, both sexes (%)",TGO,1977,56.83401107788086,,
ETOIP.02.PR,"Percentage of enrolment in pre-primary education in private institutions, both sexes (%)",TGO,1978,58.47484970092773,,
ETOIP.02.PR,"Percentage of enrolment in pre-primary education in private institutions, both sexes (%)",TGO,1979,49.10369110107422,,
ETOIP.02.PR,"Percentage of enrolment in pre-primary education in private institutions, both sexes (%)",TGO,1980,48.62739181518555,,
ETOIP.02.PR,"Percentage of enrolment in pre-primary education in private institutions, both sexes (%)",TGO,1981,52.52394866943359,,
ETOIP.02.PR,"Percentage of enrolment in pre-primary education in private institutions, both sexes (%)",TGO,1982,45.82221984863281,,
ETOIP.02.PR,"Percentage of enrolment in pre-primary education in private institutions, both sexes (%)",TGO,1983,50.00532150268555,,
ETOIP.02.PR,"Percentage of enrolment in pre-primary education in private institutions, both sexes (%)",TGO,1984,49.42689895629883,,
ETOIP.02.PR,"Percentage of enrolment in pre-primary education in private institutions, both sexes (%)",TGO,1985,47.07403945922852,,
ETOIP.02.PR,"Percentage of enrolment in pre-primary education in private institutions, both sexes (%)",TGO,1986,47.97740936279297,,
ETOIP.02.PR,"Percentage of enrolment in pre-primary education in private institutions, both sexes (%)",TGO,1987,50.66030120849609,,
ETOIP.02.PR,"Percentage of enrolment in pre-primary education in private institutions, both sexes (%)",TGO,1988,54.55498886108398,,
ETOIP.02.PR,"Percentage of enrolment in pre-primary education in private institutions, both sexes (%)",TGO,1989,51.58615875244141,,
ETOIP.02.PR,"Percentage of enrolment in pre-primary education in private institutions, both sexes (%)",TGO,1990,55.09804153442383,,
ETOIP.02.PR,"Percentage of enrolment in pre-primary education in private institutions, both sexes (%)",TGO,1991,50.63476181030273,,
ETOIP.02.PR,"Percentage of enrolment in pre-primary education in private institutions, both sexes (%)",TGO,1994,44.76533889770508,,
ETOIP.02.PR,"Percentage of enrolment in pre-primary education in private institutions, both sexes (%)",TGO,1995,58.52643966674805,,
ETOIP.02.PR,"Percentage of enrolment in pre-primary education in private institutions, both sexes (%)",TGO,1996,51.0430793762207,,
ETOIP.02.PR,"Percentage of enrolment in pre-primary education in private institutions, both sexes (%)",TGO,1997,51.89245986938477,,
ETOIP.02.PR,"Percentage of enrolment in pre-primary education in private institutions, both sexes (%)",TGO,1999,53.14474105834961,,
ETOIP.02.PR,"Percentage of enrolment in pre-primary education in private institutions, both sexes (%)",TGO,2000,52.21585845947266,,
ETOIP.02.PR,"Percentage of enrolment in pre-primary education in private institutions, both sexes (%)",TGO,2001,61.55093002319336,,
ETOIP.02.PR,"Percentage of enrolment in pre-primary education in private institutions, both sexes (%)",TGO,2002,61.20389938354492,,
ETOIP.02.PR,"Percentage of enrolment in pre-primary education in private institutions, both sexes (%)",TGO,2003,58.63932037353516,,
ETOIP.02.PR,"Percentage of enrolment in pre-primary education in private institutions, both sexes (%)",TGO,2007,55.13542175292969,,
ETOIP.02.PR,"Percentage of enrolment in pre-primary education in private institutions, both sexes (%)",TGO,2008,55.06718063354492,,
ETOIP.02.PR,"Percentage of enrolment in pre-primary education in private institutions, both sexes (%)",TGO,2009,46.97372055053711,,
ETOIP.02.PR,"Percentage of enrolment in pre-primary education in private institutions, both sexes (%)",TGO,2010,33.4296989440918,,
ETOIP.02.PR,"Percentage of enrolment in pre-primary education in private institutions, both sexes (%)",TGO,2011,34.40311813354492,,
ETOIP.02.PR,"Percentage of enrolment in pre-primary education in private institutions, both sexes (%)",TGO,2012,29.93425941467285,,
ETOIP.02.PR,"Percentage of enrolment in pre-primary education in private institutions, both sexes (%)",TGO,2013,37.66267013549805,,
ETOIP.02.PR,"Percentage of enrolment in pre-primary education in private institutions, both sexes (%)",TGO,2014,36.31713104248047,,
ETOIP.02.PR,"Percentage of enrolment in pre-primary education in private institutions, both sexes (%)",TGO,2015,31.64068031311035,,
ETOIP.02.PR,"Percentage of enrolment in pre-primary education in private institutions, both sexes (%)",TGO,2017,32.84363174438477,,
ETOIP.02.PR,"Percentage of enrolment in pre-primary education in private institutions, both sexes (%)",TGO,2018,31.14698028564453,,
ETOIP.02.PR,"Percentage of enrolment in pre-primary education in private institutions, both sexes (%)",TGO,2019,30.93568992614746,,
ETOIP.02.PR,"Percentage of enrolment in pre-primary education in private institutions, both sexes (%)",TGO,2020,33.20241165161133,,
ETOIP.02.PR,"Percentage of enrolment in pre-primary education in private institutions, both sexes (%)",TGO,2021,31.38122940063477,,
ETOIP.02.PR,"Percentage of enrolment in pre-primary education in private institutions, both sexes (%)",TGO,2022,27.58311080932617,,
ETOIP.02.PR,"Percentage of enrolment in pre-primary education in private institutions, both sexes (%)",TGO,2023,27.41282081604004,,
ETOIP.02.PR,"Percentage of enrolment in pre-primary education in private institutions, both sexes (%)",TGO,2024,26.15276908874512,,
ETOIP.02.PR.F,"Percentage of enrolment in pre-primary education in private institutions, female (%)",TGO,1999,49.54803848266602,,
ETOIP.02.PR.F,"Percentage of enrolment in pre-primary education in private institutions, female (%)",TGO,2000,51.10660171508789,,
ETOIP.02.PR.F,"Percentage of enrolment in pre-primary education in private institutions, female (%)",TGO,2001,48.81449890136719,,
ETOIP.02.PR.F,"Percentage of enrolment in pre-primary education in private institutions, female (%)",TGO,2002,49.50014114379883,,
ETOIP.02.PR.F,"Percentage of enrolment in pre-primary education in private institutions, female (%)",TGO,2003,48.73163986206055,,
ETOIP.02.PR.F,"Percentage of enrolment in pre-primary education in private institutions, female (%)",TGO,2007,50.1768798828125,,
ETOIP.02.PR.F,"Percentage of enrolment in pre-primary education in private institutions, female (%)",TGO,2008,50.163818359375,,
ETOIP.02.PR.F,"Percentage of enrolment in pre-primary education in private institutions, female (%)",TGO,2009,50.69998931884766,,
ETOIP.02.PR.F,"Percentage of enrolment in pre-primary education in private institutions, female (%)",TGO,2010,49.9930305480957,,
ETOIP.02.PR.F,"Percentage of enrolment in pre-primary education in private institutions, female (%)",TGO,2011,49.76005935668945,,
ETOIP.02.PR.F,"Percentage of enrolment in pre-primary education in private institutions, female (%)",TGO,2012,49.89374160766602,,
ETOIP.02.PR.F,"Percentage of enrolment in pre-primary education in private institutions, female (%)",TGO,2013,50.10414886474609,,
ETOIP.02.PR.F,"Percentage of enrolment in pre-primary education in private institutions, female (%)",TGO,2014,50,,
ETOIP.02.PR.F,"Percentage of enrolment in pre-primary education in private institutions, female (%)",TGO,2015,50.14002990722656,,
ETOIP.02.PR.F,"Percentage of enrolment in pre-primary education in private institutions, female (%)",TGO,2017,50.38404083251953,,
ETOIP.02.PR.F,"Percentage of enrolment in pre-primary education in private institutions, female (%)",TGO,2018,49.60419082641602,,
ETOIP.02.PR.F,"Percentage of enrolment in pre-primary education in private institutions, female (%)",TGO,2019,49.52983093261719,,
ETOIP.02.PR.F,"Percentage of enrolment in pre-primary education in private institutions, female (%)",TGO,2020,49.59503936767578,,
ETOIP.02.PR.F,"Percentage of enrolment in pre-primary education in private institutions, female (%)",TGO,2021,49.81439971923828,,
ETOIP.02.PR.F,"Percentage of enrolment in pre-primary education in private institutions, female (%)",TGO,2022,49.79428100585938,,
ETOIP.02.PR.F,"Percentage of enrolment in pre-primary education in private institutions, female (%)",TGO,2023,49.75040817260742,,
ETOIP.02.PR.F,"Percentage of enrolment in pre-primary education in private institutions, female (%)",TGO,2024,49.75725936889648,,
ETOIP.02.PR.GPIA,"Percentage of enrolment in pre-primary education in private institutions, adjusted gender parity index (GPIA)",TGO,1999,.9820799827575684,,
ETOIP.02.PR.GPIA,"Percentage of enrolment in pre-primary education in private institutions, adjusted gender parity index (GPIA)",TGO,2000,1.043310046195984,,
ETOIP.02.PR.GPIA,"Percentage of enrolment in pre-primary education in private institutions, adjusted gender parity index (GPIA)",TGO,2001,.9536799788475037,,
ETOIP.02.PR.GPIA,"Percentage of enrolment in pre-primary education in private institutions, adjusted gender parity index (GPIA)",TGO,2002,.9801999926567078,,
ETOIP.02.PR.GPIA,"Percentage of enrolment in pre-primary education in private institutions, adjusted gender parity index (GPIA)",TGO,2003,.9505199790000916,,
ETOIP.02.PR.GPIA,"Percentage of enrolment in pre-primary education in private institutions, adjusted gender parity index (GPIA)",TGO,2007,1.007050037384033,,
ETOIP.02.PR.GPIA,"Percentage of enrolment in pre-primary education in private institutions, adjusted gender parity index (GPIA)",TGO,2008,1.006530046463013,,
ETOIP.02.PR.GPIA,"Percentage of enrolment in pre-primary education in private institutions, adjusted gender parity index (GPIA)",TGO,2009,1.027609944343567,,
ETOIP.02.PR.GPIA,"Percentage of enrolment in pre-primary education in private institutions, adjusted gender parity index (GPIA)",TGO,2010,.9997199773788452,,
ETOIP.02.PR.GPIA,"Percentage of enrolment in pre-primary education in private institutions, adjusted gender parity index (GPIA)",TGO,2011,.9904500246047974,,
ETOIP.02.PR.GPIA,"Percentage of enrolment in pre-primary education in private institutions, adjusted gender parity index (GPIA)",TGO,2012,.9957600235939026,,
ETOIP.02.PR.GPIA,"Percentage of enrolment in pre-primary education in private institutions, adjusted gender parity index (GPIA)",TGO,2013,1.004160046577454,,
ETOIP.02.PR.GPIA,"Percentage of enrolment in pre-primary education in private institutions, adjusted gender parity index (GPIA)",TGO,2014,1,,
ETOIP.02.PR.GPIA,"Percentage of enrolment in pre-primary education in private institutions, adjusted gender parity index (GPIA)",TGO,2015,1.005589962005615,,
ETOIP.02.PR.GPIA,"Percentage of enrolment in pre-primary education in private institutions, adjusted gender parity index (GPIA)",TGO,2017,1.015239953994751,,
ETOIP.02.PR.GPIA,"Percentage of enrolment in pre-primary education in private institutions, adjusted gender parity index (GPIA)",TGO,2018,.9842900037765503,,
ETOIP.02.PR.GPIA,"Percentage of enrolment in pre-primary education in private institutions, adjusted gender parity index (GPIA)",TGO,2019,.9813699722290039,,
ETOIP.02.PR.GPIA,"Percentage of enrolment in pre-primary education in private institutions, adjusted gender parity index (GPIA)",TGO,2020,.9839299917221069,,
ETOIP.02.PR.GPIA,"Percentage of enrolment in pre-primary education in private institutions, adjusted gender parity index (GPIA)",TGO,2021,.9926000237464905,,
ETOIP.02.PR.GPIA,"Percentage of enrolment in pre-primary education in private institutions, adjusted gender parity index (GPIA)",TGO,2022,.9918100237846375,,
ETOIP.02.PR.GPIA,"Percentage of enrolment in pre-primary education in private institutions, adjusted gender parity index (GPIA)",TGO,2023,.9900699853897095,,
ETOIP.02.PR.GPIA,"Percentage of enrolment in pre-primary education in private institutions, adjusted gender parity index (GPIA)",TGO,2024,.990339994430542,,
ETOIP.02.PR.M,"Percentage of enrolment in pre-primary education in private institutions, male (%)",TGO,1999,50.45196151733398,,
ETOIP.02.PR.M,"Percentage of enrolment in pre-primary education in private institutions, male (%)",TGO,2000,48.89339828491211,,
ETOIP.02.PR.M,"Percentage of enrolment in pre-primary education in private institutions, male (%)",TGO,2001,51.18550109863281,,
ETOIP.02.PR.M,"Percentage of enrolment in pre-primary education in private institutions, male (%)",TGO,2002,50.49985885620117,,
ETOIP.02.PR.M,"Percentage of enrolment in pre-primary education in private institutions, male (%)",TGO,2003,51.26836013793945,,
ETOIP.02.PR.M,"Percentage of enrolment in pre-primary education in private institutions, male (%)",TGO,2007,49.8231201171875,,
ETOIP.02.PR.M,"Percentage of enrolment in pre-primary education in private institutions, male (%)",TGO,2008,49.836181640625,,
ETOIP.02.PR.M,"Percentage of enrolment in pre-primary education in private institutions, male (%)",TGO,2009,49.30001068115234,,
ETOIP.02.PR.M,"Percentage of enrolment in pre-primary education in private institutions, male (%)",TGO,2010,50.0069694519043,,
ETOIP.02.PR.M,"Percentage of enrolment in pre-primary education in private institutions, male (%)",TGO,2011,50.23994064331055,,
ETOIP.02.PR.M,"Percentage of enrolment in pre-primary education in private institutions, male (%)",TGO,2012,50.10625839233398,,
ETOIP.02.PR.M,"Percentage of enrolment in pre-primary education in private institutions, male (%)",TGO,2013,49.89585113525391,,
ETOIP.02.PR.M,"Percentage of enrolment in pre-primary education in private institutions, male (%)",TGO,2014,50,,
ETOIP.02.PR.M,"Percentage of enrolment in pre-primary education in private institutions, male (%)",TGO,2015,49.85997009277344,,
ETOIP.02.PR.M,"Percentage of enrolment in pre-primary education in private institutions, male (%)",TGO,2017,49.61595916748047,,
ETOIP.02.PR.M,"Percentage of enrolment in pre-primary education in private institutions, male (%)",TGO,2018,50.39580917358398,,
ETOIP.02.PR.M,"Percentage of enrolment in pre-primary education in private institutions, male (%)",TGO,2019,50.47016906738281,,
ETOIP.02.PR.M,"Percentage of enrolment in pre-primary education in private institutions, male (%)",TGO,2020,50.40496063232422,,
ETOIP.02.PR.M,"Percentage of enrolment in pre-primary education in private institutions, male (%)",TGO,2021,50.18560028076172,,
ETOIP.02.PR.M,"Percentage of enrolment in pre-primary education in private institutions, male (%)",TGO,2022,50.20571899414063,,
ETOIP.02.PR.M,"Percentage of enrolment in pre-primary education in private institutions, male (%)",TGO,2023,50.24959182739258,,
ETOIP.02.PR.M,"Percentage of enrolment in pre-primary education in private institutions, male (%)",TGO,2024,50.24274063110352,,
ETOIP.02.PU,"Percentage of enrolment in pre-primary education in public institutions, both sexes (%)",TGO,1999,46.85525894165039,,
ETOIP.02.PU,"Percentage of enrolment in pre-primary education in public institutions, both sexes (%)",TGO,2000,47.78414154052734,,
ETOIP.02.PU,"Percentage of enrolment in pre-primary education in public institutions, both sexes (%)",TGO,2001,38.44906997680664,,
ETOIP.02.PU,"Percentage of enrolment in pre-primary education in public institutions, both sexes (%)",TGO,2002,38.79610061645508,,
ETOIP.02.PU,"Percentage of enrolment in pre-primary education in public institutions, both sexes (%)",TGO,2003,41.36067962646484,,
ETOIP.02.PU,"Percentage of enrolment in pre-primary education in public institutions, both sexes (%)",TGO,2007,44.86457824707031,,
ETOIP.02.PU,"Percentage of enrolment in pre-primary education in public institutions, both sexes (%)",TGO,2008,44.93281936645508,,
ETOIP.02.PU,"Percentage of enrolment in pre-primary education in public institutions, both sexes (%)",TGO,2009,53.02627944946289,,
ETOIP.02.PU,"Percentage of enrolment in pre-primary education in public institutions, both sexes (%)",TGO,2010,66.57029724121094,,
ETOIP.02.PU,"Percentage of enrolment in pre-primary education in public institutions, both sexes (%)",TGO,2011,65.59687805175781,,
ETOIP.02.PU,"Percentage of enrolment in pre-primary education in public institutions, both sexes (%)",TGO,2012,70.06574249267578,,
ETOIP.02.PU,"Percentage of enrolment in pre-primary education in public institutions, both sexes (%)",TGO,2013,62.33732986450195,,
ETOIP.02.PU,"Percentage of enrolment in pre-primary education in public institutions, both sexes (%)",TGO,2014,63.68286895751953,,
ETOIP.02.PU,"Percentage of enrolment in pre-primary education in public institutions, both sexes (%)",TGO,2015,68.35932159423828,,
ETOIP.02.PU,"Percentage of enrolment in pre-primary education in public institutions, both sexes (%)",TGO,2017,67.1563720703125,,
ETOIP.02.PU,"Percentage of enrolment in pre-primary education in public institutions, both sexes (%)",TGO,2018,68.85301971435547,,
ETOIP.02.PU,"Percentage of enrolment in pre-primary education in public institutions, both sexes (%)",TGO,2019,69.06430816650391,,
ETOIP.02.PU,"Percentage of enrolment in pre-primary education in public institutions, both sexes (%)",TGO,2020,66.79759216308594,,
ETOIP.02.PU,"Percentage of enrolment in pre-primary education in public institutions, both sexes (%)",TGO,2021,68.61876678466797,,
ETOIP.02.PU,"Percentage of enrolment in pre-primary education in public institutions, both sexes (%)",TGO,2022,72.41689300537109,,
ETOIP.02.PU,"Percentage of enrolment in pre-primary education in public institutions, both sexes (%)",TGO,2023,72.58718109130859,,
ETOIP.02.PU,"Percentage of enrolment in pre-primary education in public institutions, both sexes (%)",TGO,2024,73.84722900390625,,
ETOIP.02.PU.F,"Percentage of enrolment in pre-primary education in public institutions, female (%)",TGO,1999,50.14239883422852,,
ETOIP.02.PU.F,"Percentage of enrolment in pre-primary education in public institutions, female (%)",TGO,2000,51.29798126220703,,
ETOIP.02.PU.F,"Percentage of enrolment in pre-primary education in public institutions, female (%)",TGO,2001,51.35202026367188,,
ETOIP.02.PU.F,"Percentage of enrolment in pre-primary education in public institutions, female (%)",TGO,2002,52.23785018920898,,
ETOIP.02.PU.F,"Percentage of enrolment in pre-primary education in public institutions, female (%)",TGO,2003,50.7287483215332,,
ETOIP.02.PU.F,"Percentage of enrolment in pre-primary education in public institutions, female (%)",TGO,2007,50.32110977172852,,
ETOIP.02.PU.F,"Percentage of enrolment in pre-primary education in public institutions, female (%)",TGO,2008,51.3626708984375,,
ETOIP.02.PU.F,"Percentage of enrolment in pre-primary education in public institutions, female (%)",TGO,2009,51.17816925048828,,
ETOIP.02.PU.F,"Percentage of enrolment in pre-primary education in public institutions, female (%)",TGO,2010,50.84056854248047,,
ETOIP.02.PU.F,"Percentage of enrolment in pre-primary education in public institutions, female (%)",TGO,2011,50.87810897827148,,
ETOIP.02.PU.F,"Percentage of enrolment in pre-primary education in public institutions, female (%)",TGO,2012,51.12417984008789,,
ETOIP.02.PU.F,"Percentage of enrolment in pre-primary education in public institutions, female (%)",TGO,2013,51.32878875732422,,
ETOIP.02.PU.F,"Percentage of enrolment in pre-primary education in public institutions, female (%)",TGO,2014,51.03084945678711,,
ETOIP.02.PU.F,"Percentage of enrolment in pre-primary education in public institutions, female (%)",TGO,2015,50.80257034301758,,
ETOIP.02.PU.F,"Percentage of enrolment in pre-primary education in public institutions, female (%)",TGO,2017,51.06792068481445,,
ETOIP.02.PU.F,"Percentage of enrolment in pre-primary education in public institutions, female (%)",TGO,2018,51.03002166748047,,
ETOIP.02.PU.F,"Percentage of enrolment in pre-primary education in public institutions, female (%)",TGO,2019,51.08956909179688,,
ETOIP.02.PU.F,"Percentage of enrolment in pre-primary education in public institutions, female (%)",TGO,2020,51.30044174194336,,
ETOIP.02.PU.F,"Percentage of enrolment in pre-primary education in public institutions, female (%)",TGO,2021,51.37009048461914,,
ETOIP.02.PU.F,"Percentage of enrolment in pre-primary education in public institutions, female (%)",TGO,2022,51.4509391784668,,
ETOIP.02.PU.F,"Percentage of enrolment in pre-primary education in public institutions, female (%)",TGO,2023,50.67586898803711,,
ETOIP.02.PU.F,"Percentage of enrolment in pre-primary education in public institutions, female (%)",TGO,2024,50.90893936157227,,
ETOIP.02.PU.GPIA,"Percentage of enrolment in pre-primary education in public institutions, adjusted gender parity index (GPIA)",TGO,1999,1.005679965019226,,
ETOIP.02.PU.GPIA,"Percentage of enrolment in pre-primary education in public institutions, adjusted gender parity index (GPIA)",TGO,2000,1.050609946250916,,
ETOIP.02.PU.GPIA,"Percentage of enrolment in pre-primary education in public institutions, adjusted gender parity index (GPIA)",TGO,2001,1.05265998840332,,
ETOIP.02.PU.GPIA,"Percentage of enrolment in pre-primary education in public institutions, adjusted gender parity index (GPIA)",TGO,2002,1.08568000793457,,
ETOIP.02.PU.GPIA,"Percentage of enrolment in pre-primary education in public institutions, adjusted gender parity index (GPIA)",TGO,2003,1.028730034828186,,
ETOIP.02.PU.GPIA,"Percentage of enrolment in pre-primary education in public institutions, adjusted gender parity index (GPIA)",TGO,2007,1.012760043144226,,
ETOIP.02.PU.GPIA,"Percentage of enrolment in pre-primary education in public institutions, adjusted gender parity index (GPIA)",TGO,2008,1.053060054779053,,
ETOIP.02.PU.GPIA,"Percentage of enrolment in pre-primary education in public institutions, adjusted gender parity index (GPIA)",TGO,2009,1.046040058135986,,
ETOIP.02.PU.GPIA,"Percentage of enrolment in pre-primary education in public institutions, adjusted gender parity index (GPIA)",TGO,2010,1.033069968223572,,
ETOIP.02.PU.GPIA,"Percentage of enrolment in pre-primary education in public institutions, adjusted gender parity index (GPIA)",TGO,2011,1.034520030021667,,
ETOIP.02.PU.GPIA,"Percentage of enrolment in pre-primary education in public institutions, adjusted gender parity index (GPIA)",TGO,2012,1.043980002403259,,
ETOIP.02.PU.GPIA,"Percentage of enrolment in pre-primary education in public institutions, adjusted gender parity index (GPIA)",TGO,2013,1.051779985427856,,
ETOIP.02.PU.GPIA,"Percentage of enrolment in pre-primary education in public institutions, adjusted gender parity index (GPIA)",TGO,2014,1.04040002822876,,
ETOIP.02.PU.GPIA,"Percentage of enrolment in pre-primary education in public institutions, adjusted gender parity index (GPIA)",TGO,2015,1.031599998474121,,
ETOIP.02.PU.GPIA,"Percentage of enrolment in pre-primary education in public institutions, adjusted gender parity index (GPIA)",TGO,2017,1.041820049285889,,
ETOIP.02.PU.GPIA,"Percentage of enrolment in pre-primary education in public institutions, adjusted gender parity index (GPIA)",TGO,2018,1.040369987487793,,
ETOIP.02.PU.GPIA,"Percentage of enrolment in pre-primary education in public institutions, adjusted gender parity index (GPIA)",TGO,2019,1.042649984359741,,
ETOIP.02.PU.GPIA,"Percentage of enrolment in pre-primary education in public institutions, adjusted gender parity index (GPIA)",TGO,2020,1.050699949264526,,
ETOIP.02.PU.GPIA,"Percentage of enrolment in pre-primary education in public institutions, adjusted gender parity index (GPIA)",TGO,2021,1.053339958190918,,
ETOIP.02.PU.GPIA,"Percentage of enrolment in pre-primary education in public institutions, adjusted gender parity index (GPIA)",TGO,2022,1.056399941444397,,
ETOIP.02.PU.GPIA,"Percentage of enrolment in pre-primary education in public institutions, adjusted gender parity index (GPIA)",TGO,2023,1.026669979095459,,
ETOIP.02.PU.GPIA,"Percentage of enrolment in pre-primary education in public institutions, adjusted gender parity index (GPIA)",TGO,2024,1.035709977149963,,
ETOIP.02.PU.M,"Percentage of enrolment in pre-primary education in public institutions, male (%)",TGO,1999,49.85760116577148,,
ETOIP.02.PU.M,"Percentage of enrolment in pre-primary education in public institutions, male (%)",TGO,2000,48.70201873779297,,
ETOIP.02.PU.M,"Percentage of enrolment in pre-primary education in public institutions, male (%)",TGO,2001,48.64797973632813,,
ETOIP.02.PU.M,"Percentage of enrolment in pre-primary education in public institutions, male (%)",TGO,2002,47.76214981079102,,
ETOIP.02.PU.M,"Percentage of enrolment in pre-primary education in public institutions, male (%)",TGO,2003,49.2712516784668,,
ETOIP.02.PU.M,"Percentage of enrolment in pre-primary education in public institutions, male (%)",TGO,2007,49.67889022827148,,
ETOIP.02.PU.M,"Percentage of enrolment in pre-primary education in public institutions, male (%)",TGO,2008,48.6373291015625,,
ETOIP.02.PU.M,"Percentage of enrolment in pre-primary education in public institutions, male (%)",TGO,2009,48.82183074951172,,
ETOIP.02.PU.M,"Percentage of enrolment in pre-primary education in public institutions, male (%)",TGO,2010,49.15943145751953,,
ETOIP.02.PU.M,"Percentage of enrolment in pre-primary education in public institutions, male (%)",TGO,2011,49.12189102172852,,
ETOIP.02.PU.M,"Percentage of enrolment in pre-primary education in public institutions, male (%)",TGO,2012,48.87582015991211,,
ETOIP.02.PU.M,"Percentage of enrolment in pre-primary education in public institutions, male (%)",TGO,2013,48.67121124267578,,
ETOIP.02.PU.M,"Percentage of enrolment in pre-primary education in public institutions, male (%)",TGO,2014,48.96915054321289,,
ETOIP.02.PU.M,"Percentage of enrolment in pre-primary education in public institutions, male (%)",TGO,2015,49.19742965698242,,
ETOIP.02.PU.M,"Percentage of enrolment in pre-primary education in public institutions, male (%)",TGO,2017,48.93207931518555,,
ETOIP.02.PU.M,"Percentage of enrolment in pre-primary education in public institutions, male (%)",TGO,2018,48.96997833251953,,
ETOIP.02.PU.M,"Percentage of enrolment in pre-primary education in public institutions, male (%)",TGO,2019,48.91043090820313,,
ETOIP.02.PU.M,"Percentage of enrolment in pre-primary education in public institutions, male (%)",TGO,2020,48.69955825805664,,
ETOIP.02.PU.M,"Percentage of enrolment in pre-primary education in public institutions, male (%)",TGO,2021,48.62990951538086,,
ETOIP.02.PU.M,"Percentage of enrolment in pre-primary education in public institutions, male (%)",TGO,2022,48.5490608215332,,
ETOIP.02.PU.M,"Percentage of enrolment in pre-primary education in public institutions, male (%)",TGO,2023,49.32413101196289,,
ETOIP.02.PU.M,"Percentage of enrolment in pre-primary education in public institutions, male (%)",TGO,2024,49.09106063842773,,
ETOIP.1.PR,"Percentage of enrolment in primary education in private institutions, both sexes (%)",TGO,1971,33.90560150146484,,
ETOIP.1.PR,"Percentage of enrolment in primary education in private institutions, both sexes (%)",TGO,1972,33.38013076782227,,
ETOIP.1.PR,"Percentage of enrolment in primary education in private institutions, both sexes (%)",TGO,1973,33.55271911621094,,
ETOIP.1.PR,"Percentage of enrolment in primary education in private institutions, both sexes (%)",TGO,1974,31.98428916931152,,
ETOIP.1.PR,"Percentage of enrolment in primary education in private institutions, both sexes (%)",TGO,1975,30.00671005249023,,
ETOIP.1.PR,"Percentage of enrolment in primary education in private institutions, both sexes (%)",TGO,1976,28.57521057128906,,
ETOIP.1.PR,"Percentage of enrolment in primary education in private institutions, both sexes (%)",TGO,1981,24.14698028564453,,
ETOIP.1.PR,"Percentage of enrolment in primary education in private institutions, both sexes (%)",TGO,1982,23.65459060668945,,
ETOIP.1.PR,"Percentage of enrolment in primary education in private institutions, both sexes (%)",TGO,1983,23.01571083068848,,
ETOIP.1.PR,"Percentage of enrolment in primary education in private institutions, both sexes (%)",TGO,1984,22.66953086853027,,
ETOIP.1.PR,"Percentage of enrolment in primary education in private institutions, both sexes (%)",TGO,1985,22.40422058105469,,
ETOIP.1.PR,"Percentage of enrolment in primary education in private institutions, both sexes (%)",TGO,1986,23.36742973327637,,
ETOIP.1.PR,"Percentage of enrolment in primary education in private institutions, both sexes (%)",TGO,1987,23.25477981567383,,
ETOIP.1.PR,"Percentage of enrolment in primary education in private institutions, both sexes (%)",TGO,1988,23.48987007141113,,
ETOIP.1.PR,"Percentage of enrolment in primary education in private institutions, both sexes (%)",TGO,1989,23.78623962402344,,
ETOIP.1.PR,"Percentage of enrolment in primary education in private institutions, both sexes (%)",TGO,1990,23.81360054016113,,
ETOIP.1.PR,"Percentage of enrolment in primary education in private institutions, both sexes (%)",TGO,1991,24.94351005554199,,
ETOIP.1.PR,"Percentage of enrolment in primary education in private institutions, both sexes (%)",TGO,1992,24.5986499786377,,
ETOIP.1.PR,"Percentage of enrolment in primary education in private institutions, both sexes (%)",TGO,1994,23.82896041870117,,
ETOIP.1.PR,"Percentage of enrolment in primary education in private institutions, both sexes (%)",TGO,1995,24.87426948547363,,
ETOIP.1.PR,"Percentage of enrolment in primary education in private institutions, both sexes (%)",TGO,1996,29.01230049133301,,
ETOIP.1.PR,"Percentage of enrolment in primary education in private institutions, both sexes (%)",TGO,1999,35.56367874145508,,
ETOIP.1.PR,"Percentage of enrolment in primary education in private institutions, both sexes (%)",TGO,2000,36.92065048217773,,
ETOIP.1.PR,"Percentage of enrolment in primary education in private institutions, both sexes (%)",TGO,2001,39.71366119384766,,
ETOIP.1.PR,"Percentage of enrolment in primary education in private institutions, both sexes (%)",TGO,2002,40.8667106628418,,
ETOIP.1.PR,"Percentage of enrolment in primary education in private institutions, both sexes (%)",TGO,2003,40.72003936767578,,
ETOIP.1.PR,"Percentage of enrolment in primary education in private institutions, both sexes (%)",TGO,2004,40.17765045166016,,
ETOIP.1.PR,"Percentage of enrolment in primary education in private institutions, both sexes (%)",TGO,2005,41.73884963989258,,
ETOIP.1.PR,"Percentage of enrolment in primary education in private institutions, both sexes (%)",TGO,2006,42.76652145385742,,
ETOIP.1.PR,"Percentage of enrolment in primary education in private institutions, both sexes (%)",TGO,2007,42.23725891113281,,
ETOIP.1.PR,"Percentage of enrolment in primary education in private institutions, both sexes (%)",TGO,2008,42.91349029541016,,
ETOIP.1.PR,"Percentage of enrolment in primary education in private institutions, both sexes (%)",TGO,2010,33.73403930664063,,
ETOIP.1.PR,"Percentage of enrolment in primary education in private institutions, both sexes (%)",TGO,2011,30.32385063171387,,
ETOIP.1.PR,"Percentage of enrolment in primary education in private institutions, both sexes (%)",TGO,2012,28.29606056213379,,
ETOIP.1.PR,"Percentage of enrolment in primary education in private institutions, both sexes (%)",TGO,2013,28.37138938903809,,
ETOIP.1.PR,"Percentage of enrolment in primary education in private institutions, both sexes (%)",TGO,2014,27.42802047729492,,
ETOIP.1.PR,"Percentage of enrolment in primary education in private institutions, both sexes (%)",TGO,2016,29.16604042053223,,
ETOIP.1.PR,"Percentage of enrolment in primary education in private institutions, both sexes (%)",TGO,2017,30.17082977294922,,
ETOIP.1.PR,"Percentage of enrolment in primary education in private institutions, both sexes (%)",TGO,2018,30.85876083374023,,
ETOIP.1.PR,"Percentage of enrolment in primary education in private institutions, both sexes (%)",TGO,2019,32.26298904418945,,
ETOIP.1.PR,"Percentage of enrolment in primary education in private institutions, both sexes (%)",TGO,2020,33.14759826660156,,
ETOIP.1.PR,"Percentage of enrolment in primary education in private institutions, both sexes (%)",TGO,2021,33.001220703125,,
ETOIP.1.PR,"Percentage of enrolment in primary education in private institutions, both sexes (%)",TGO,2022,33.13418960571289,,
ETOIP.1.PR,"Percentage of enrolment in primary education in private institutions, both sexes (%)",TGO,2023,33.7918586730957,,
ETOIP.1.PR,"Percentage of enrolment in primary education in private institutions, both sexes (%)",TGO,2024,32.49856948852539,,
ETOIP.1.PR.F,"Percentage of enrolment in primary education in private institutions, female (%)",TGO,1999,43.78768157958984,,
ETOIP.1.PR.F,"Percentage of enrolment in primary education in private institutions, female (%)",TGO,2000,44.31813049316406,,
ETOIP.1.PR.F,"Percentage of enrolment in primary education in private institutions, female (%)",TGO,2001,44.28470993041992,,
ETOIP.1.PR.F,"Percentage of enrolment in primary education in private institutions, female (%)",TGO,2002,44.53572845458984,,
ETOIP.1.PR.F,"Percentage of enrolment in primary education in private institutions, female (%)",TGO,2003,45.0330696105957,,
ETOIP.1.PR.F,"Percentage of enrolment in primary education in private institutions, female (%)",TGO,2004,45.31069946289063,,
ETOIP.1.PR.F,"Percentage of enrolment in primary education in private institutions, female (%)",TGO,2005,45.51409149169922,,
ETOIP.1.PR.F,"Percentage of enrolment in primary education in private institutions, female (%)",TGO,2006,45.76668930053711,,
ETOIP.1.PR.F,"Percentage of enrolment in primary education in private institutions, female (%)",TGO,2007,45.90489959716797,,
ETOIP.1.PR.F,"Percentage of enrolment in primary education in private institutions, female (%)",TGO,2008,46.22286987304688,,
ETOIP.1.PR.F,"Percentage of enrolment in primary education in private institutions, female (%)",TGO,2010,47.71334075927734,,
ETOIP.1.PR.F,"Percentage of enrolment in primary education in private institutions, female (%)",TGO,2011,48.49803161621094,,
ETOIP.1.PR.F,"Percentage of enrolment in primary education in private institutions, female (%)",TGO,2012,49.31608963012695,,
ETOIP.1.PR.F,"Percentage of enrolment in primary education in private institutions, female (%)",TGO,2013,49.52796173095703,,
ETOIP.1.PR.F,"Percentage of enrolment in primary education in private institutions, female (%)",TGO,2014,49.72460174560547,,
ETOIP.1.PR.F,"Percentage of enrolment in primary education in private institutions, female (%)",TGO,2016,49.73833084106445,,
ETOIP.1.PR.F,"Percentage of enrolment in primary education in private institutions, female (%)",TGO,2017,49.61346817016602,,
ETOIP.1.PR.F,"Percentage of enrolment in primary education in private institutions, female (%)",TGO,2018,49.66168975830078,,
ETOIP.1.PR.F,"Percentage of enrolment in primary education in private institutions, female (%)",TGO,2019,49.71036911010742,,
ETOIP.1.PR.F,"Percentage of enrolment in primary education in private institutions, female (%)",TGO,2020,49.65243911743164,,
ETOIP.1.PR.F,"Percentage of enrolment in primary education in private institutions, female (%)",TGO,2021,49.44504165649414,,
ETOIP.1.PR.F,"Percentage of enrolment in primary education in private institutions, female (%)",TGO,2022,49.56158828735352,,
ETOIP.1.PR.F,"Percentage of enrolment in primary education in private institutions, female (%)",TGO,2023,49.5135612487793,,
ETOIP.1.PR.F,"Percentage of enrolment in primary education in private institutions, female (%)",TGO,2024,49.53860855102539,,
ETOIP.1.PR.GPIA,"Percentage of enrolment in primary education in private institutions, adjusted gender parity index (GPIA)",TGO,1999,.7789700031280518,,
ETOIP.1.PR.GPIA,"Percentage of enrolment in primary education in private institutions, adjusted gender parity index (GPIA)",TGO,2000,.7959200143814087,,
ETOIP.1.PR.GPIA,"Percentage of enrolment in primary education in private institutions, adjusted gender parity index (GPIA)",TGO,2001,.7948399782180786,,
ETOIP.1.PR.GPIA,"Percentage of enrolment in primary education in private institutions, adjusted gender parity index (GPIA)",TGO,2002,.8029599785804749,,
ETOIP.1.PR.GPIA,"Percentage of enrolment in primary education in private institutions, adjusted gender parity index (GPIA)",TGO,2003,.8192800283432007,,
ETOIP.1.PR.GPIA,"Percentage of enrolment in primary education in private institutions, adjusted gender parity index (GPIA)",TGO,2004,.8285099864006042,,
ETOIP.1.PR.GPIA,"Percentage of enrolment in primary education in private institutions, adjusted gender parity index (GPIA)",TGO,2005,.8353400230407715,,
ETOIP.1.PR.GPIA,"Percentage of enrolment in primary education in private institutions, adjusted gender parity index (GPIA)",TGO,2006,.8438900113105774,,
ETOIP.1.PR.GPIA,"Percentage of enrolment in primary education in private institutions, adjusted gender parity index (GPIA)",TGO,2007,.8485999703407288,,
ETOIP.1.PR.GPIA,"Percentage of enrolment in primary education in private institutions, adjusted gender parity index (GPIA)",TGO,2008,.859529972076416,,
ETOIP.1.PR.GPIA,"Percentage of enrolment in primary education in private institutions, adjusted gender parity index (GPIA)",TGO,2010,.9125300049781799,,
ETOIP.1.PR.GPIA,"Percentage of enrolment in primary education in private institutions, adjusted gender parity index (GPIA)",TGO,2011,.9416700005531311,,
ETOIP.1.PR.GPIA,"Percentage of enrolment in primary education in private institutions, adjusted gender parity index (GPIA)",TGO,2012,.9730100035667419,,
ETOIP.1.PR.GPIA,"Percentage of enrolment in primary education in private institutions, adjusted gender parity index (GPIA)",TGO,2013,.9812899827957153,,
ETOIP.1.PR.GPIA,"Percentage of enrolment in primary education in private institutions, adjusted gender parity index (GPIA)",TGO,2014,.9890400171279907,,
ETOIP.1.PR.GPIA,"Percentage of enrolment in primary education in private institutions, adjusted gender parity index (GPIA)",TGO,2016,.9895899891853333,,
ETOIP.1.PR.GPIA,"Percentage of enrolment in primary education in private institutions, adjusted gender parity index (GPIA)",TGO,2017,.9846600294113159,,
ETOIP.1.PR.GPIA,"Percentage of enrolment in primary education in private institutions, adjusted gender parity index (GPIA)",TGO,2018,.9865599870681763,,
ETOIP.1.PR.GPIA,"Percentage of enrolment in primary education in private institutions, adjusted gender parity index (GPIA)",TGO,2019,.9884799718856812,,
ETOIP.1.PR.GPIA,"Percentage of enrolment in primary education in private institutions, adjusted gender parity index (GPIA)",TGO,2020,.9861900210380554,,
ETOIP.1.PR.GPIA,"Percentage of enrolment in primary education in private institutions, adjusted gender parity index (GPIA)",TGO,2021,.9780499935150146,,
ETOIP.1.PR.GPIA,"Percentage of enrolment in primary education in private institutions, adjusted gender parity index (GPIA)",TGO,2022,.9826200008392334,,
ETOIP.1.PR.GPIA,"Percentage of enrolment in primary education in private institutions, adjusted gender parity index (GPIA)",TGO,2023,.9807299971580505,,
ETOIP.1.PR.GPIA,"Percentage of enrolment in primary education in private institutions, adjusted gender parity index (GPIA)",TGO,2024,.9817100167274475,,
ETOIP.1.PR.M,"Percentage of enrolment in primary education in private institutions, male (%)",TGO,1999,56.21231842041016,,
ETOIP.1.PR.M,"Percentage of enrolment in primary education in private institutions, male (%)",TGO,2000,55.68186950683594,,
ETOIP.1.PR.M,"Percentage of enrolment in primary education in private institutions, male (%)",TGO,2001,55.71529006958008,,
ETOIP.1.PR.M,"Percentage of enrolment in primary education in private institutions, male (%)",TGO,2002,55.46427154541016,,
ETOIP.1.PR.M,"Percentage of enrolment in primary education in private institutions, male (%)",TGO,2003,54.9669303894043,,
ETOIP.1.PR.M,"Percentage of enrolment in primary education in private institutions, male (%)",TGO,2004,54.68930053710938,,
ETOIP.1.PR.M,"Percentage of enrolment in primary education in private institutions, male (%)",TGO,2005,54.48590850830078,,
ETOIP.1.PR.M,"Percentage of enrolment in primary education in private institutions, male (%)",TGO,2006,54.23331069946289,,
ETOIP.1.PR.M,"Percentage of enrolment in primary education in private institutions, male (%)",TGO,2007,54.09510040283203,,
ETOIP.1.PR.M,"Percentage of enrolment in primary education in private institutions, male (%)",TGO,2008,53.77713012695313,,
ETOIP.1.PR.M,"Percentage of enrolment in primary education in private institutions, male (%)",TGO,2010,52.28665924072266,,
ETOIP.1.PR.M,"Percentage of enrolment in primary education in private institutions, male (%)",TGO,2011,51.50196838378906,,
ETOIP.1.PR.M,"Percentage of enrolment in primary education in private institutions, male (%)",TGO,2012,50.68391036987305,,
ETOIP.1.PR.M,"Percentage of enrolment in primary education in private institutions, male (%)",TGO,2013,50.47203826904297,,
ETOIP.1.PR.M,"Percentage of enrolment in primary education in private institutions, male (%)",TGO,2014,50.27539825439453,,
ETOIP.1.PR.M,"Percentage of enrolment in primary education in private institutions, male (%)",TGO,2016,50.26166915893555,,
ETOIP.1.PR.M,"Percentage of enrolment in primary education in private institutions, male (%)",TGO,2017,50.38653182983398,,
ETOIP.1.PR.M,"Percentage of enrolment in primary education in private institutions, male (%)",TGO,2018,50.33831024169922,,
ETOIP.1.PR.M,"Percentage of enrolment in primary education in private institutions, male (%)",TGO,2019,50.28963088989258,,
ETOIP.1.PR.M,"Percentage of enrolment in primary education in private institutions, male (%)",TGO,2020,50.34756088256836,,
ETOIP.1.PR.M,"Percentage of enrolment in primary education in private institutions, male (%)",TGO,2021,50.55495834350586,,
ETOIP.1.PR.M,"Percentage of enrolment in primary education in private institutions, male (%)",TGO,2022,50.43841171264648,,
ETOIP.1.PR.M,"Percentage of enrolment in primary education in private institutions, male (%)",TGO,2023,50.4864387512207,,
ETOIP.1.PR.M,"Percentage of enrolment in primary education in private institutions, male (%)",TGO,2024,50.46139144897461,,
ETOIP.1.PU,"Percentage of enrolment in primary education in public institutions, both sexes (%)",TGO,1999,64.43631744384766,,
ETOIP.1.PU,"Percentage of enrolment in primary education in public institutions, both sexes (%)",TGO,2000,63.07934951782227,,
ETOIP.1.PU,"Percentage of enrolment in primary education in public institutions, both sexes (%)",TGO,2001,60.28633880615234,,
ETOIP.1.PU,"Percentage of enrolment in primary education in public institutions, both sexes (%)",TGO,2002,59.1332893371582,,
ETOIP.1.PU,"Percentage of enrolment in primary education in public institutions, both sexes (%)",TGO,2003,59.27996063232422,,
ETOIP.1.PU,"Percentage of enrolment in primary education in public institutions, both sexes (%)",TGO,2004,59.82234954833984,,
ETOIP.1.PU,"Percentage of enrolment in primary education in public institutions, both sexes (%)",TGO,2005,58.26115036010742,,
ETOIP.1.PU,"Percentage of enrolment in primary education in public institutions, both sexes (%)",TGO,2006,57.23347854614258,,
ETOIP.1.PU,"Percentage of enrolment in primary education in public institutions, both sexes (%)",TGO,2007,57.76274108886719,,
ETOIP.1.PU,"Percentage of enrolment in primary education in public institutions, both sexes (%)",TGO,2008,57.08650970458984,,
ETOIP.1.PU,"Percentage of enrolment in primary education in public institutions, both sexes (%)",TGO,2010,66.26596069335938,,
ETOIP.1.PU,"Percentage of enrolment in primary education in public institutions, both sexes (%)",TGO,2011,69.6761474609375,,
ETOIP.1.PU,"Percentage of enrolment in primary education in public institutions, both sexes (%)",TGO,2012,71.70394134521484,,
ETOIP.1.PU,"Percentage of enrolment in primary education in public institutions, both sexes (%)",TGO,2013,71.62860870361328,,
ETOIP.1.PU,"Percentage of enrolment in primary education in public institutions, both sexes (%)",TGO,2014,72.57198333740234,,
ETOIP.1.PU,"Percentage of enrolment in primary education in public institutions, both sexes (%)",TGO,2016,70.83396148681641,,
ETOIP.1.PU,"Percentage of enrolment in primary education in public institutions, both sexes (%)",TGO,2017,69.82917022705078,,
ETOIP.1.PU,"Percentage of enrolment in primary education in public institutions, both sexes (%)",TGO,2018,69.14124298095703,,
ETOIP.1.PU,"Percentage of enrolment in primary education in public institutions, both sexes (%)",TGO,2019,67.73700714111328,,
ETOIP.1.PU,"Percentage of enrolment in primary education in public institutions, both sexes (%)",TGO,2020,66.85240173339844,,
ETOIP.1.PU,"Percentage of enrolment in primary education in public institutions, both sexes (%)",TGO,2021,66.998779296875,,
ETOIP.1.PU,"Percentage of enrolment in primary education in public institutions, both sexes (%)",TGO,2022,66.86580657958984,,
ETOIP.1.PU,"Percentage of enrolment in primary education in public institutions, both sexes (%)",TGO,2023,66.20813751220703,,
ETOIP.1.PU,"Percentage of enrolment in primary education in public institutions, both sexes (%)",TGO,2024,67.50142669677734,,
ETOIP.1.PU.F,"Percentage of enrolment in primary education in public institutions, female (%)",TGO,1999,42.68289947509766,,
ETOIP.1.PU.F,"Percentage of enrolment in primary education in public institutions, female (%)",TGO,2000,43.52853012084961,,
ETOIP.1.PU.F,"Percentage of enrolment in primary education in public institutions, female (%)",TGO,2001,44.28171157836914,,
ETOIP.1.PU.F,"Percentage of enrolment in primary education in public institutions, female (%)",TGO,2002,45.14123153686523,,
ETOIP.1.PU.F,"Percentage of enrolment in primary education in public institutions, female (%)",TGO,2003,45.38637924194336,,
ETOIP.1.PU.F,"Percentage of enrolment in primary education in public institutions, female (%)",TGO,2004,45.83082962036133,,
ETOIP.1.PU.F,"Percentage of enrolment in primary education in public institutions, female (%)",TGO,2005,46.24990844726563,,
ETOIP.1.PU.F,"Percentage of enrolment in primary education in public institutions, female (%)",TGO,2006,46.61449813842773,,
ETOIP.1.PU.F,"Percentage of enrolment in primary education in public institutions, female (%)",TGO,2007,46.75605010986328,,
ETOIP.1.PU.F,"Percentage of enrolment in primary education in public institutions, female (%)",TGO,2008,47.1136589050293,,
ETOIP.1.PU.F,"Percentage of enrolment in primary education in public institutions, female (%)",TGO,2010,47.18529891967773,,
ETOIP.1.PU.F,"Percentage of enrolment in primary education in public institutions, female (%)",TGO,2011,47.16468811035156,,
ETOIP.1.PU.F,"Percentage of enrolment in primary education in public institutions, female (%)",TGO,2012,47.37223052978516,,
ETOIP.1.PU.F,"Percentage of enrolment in primary education in public institutions, female (%)",TGO,2013,47.72198867797852,,
ETOIP.1.PU.F,"Percentage of enrolment in primary education in public institutions, female (%)",TGO,2014,47.90214157104492,,
ETOIP.1.PU.F,"Percentage of enrolment in primary education in public institutions, female (%)",TGO,2016,48.18161010742188,,
ETOIP.1.PU.F,"Percentage of enrolment in primary education in public institutions, female (%)",TGO,2017,48.29375839233398,,
ETOIP.1.PU.F,"Percentage of enrolment in primary education in public institutions, female (%)",TGO,2018,48.64395904541016,,
ETOIP.1.PU.F,"Percentage of enrolment in primary education in public institutions, female (%)",TGO,2019,48.66070175170898,,
ETOIP.1.PU.F,"Percentage of enrolment in primary education in public institutions, female (%)",TGO,2020,48.85311889648438,,
ETOIP.1.PU.F,"Percentage of enrolment in primary education in public institutions, female (%)",TGO,2021,48.71781158447266,,
ETOIP.1.PU.F,"Percentage of enrolment in primary education in public institutions, female (%)",TGO,2022,48.76269149780273,,
ETOIP.1.PU.F,"Percentage of enrolment in primary education in public institutions, female (%)",TGO,2023,48.72932815551758,,
ETOIP.1.PU.F,"Percentage of enrolment in primary education in public institutions, female (%)",TGO,2024,48.75088119506836,,
ETOIP.1.PU.GPIA,"Percentage of enrolment in primary education in public institutions, adjusted gender parity index (GPIA)",TGO,1999,.7446799874305725,,
ETOIP.1.PU.GPIA,"Percentage of enrolment in primary education in public institutions, adjusted gender parity index (GPIA)",TGO,2000,.7708100080490112,,
ETOIP.1.PU.GPIA,"Percentage of enrolment in primary education in public institutions, adjusted gender parity index (GPIA)",TGO,2001,.7947400212287903,,
ETOIP.1.PU.GPIA,"Percentage of enrolment in primary education in public institutions, adjusted gender parity index (GPIA)",TGO,2002,.8228600025177002,,
ETOIP.1.PU.GPIA,"Percentage of enrolment in primary education in public institutions, adjusted gender parity index (GPIA)",TGO,2003,.8310499787330627,,
ETOIP.1.PU.GPIA,"Percentage of enrolment in primary education in public institutions, adjusted gender parity index (GPIA)",TGO,2004,.8460699915885925,,
ETOIP.1.PU.GPIA,"Percentage of enrolment in primary education in public institutions, adjusted gender parity index (GPIA)",TGO,2005,.8604599833488464,,
ETOIP.1.PU.GPIA,"Percentage of enrolment in primary education in public institutions, adjusted gender parity index (GPIA)",TGO,2006,.873170018196106,,
ETOIP.1.PU.GPIA,"Percentage of enrolment in primary education in public institutions, adjusted gender parity index (GPIA)",TGO,2007,.8781499862670898,,
ETOIP.1.PU.GPIA,"Percentage of enrolment in primary education in public institutions, adjusted gender parity index (GPIA)",TGO,2008,.8908500075340271,,
ETOIP.1.PU.GPIA,"Percentage of enrolment in primary education in public institutions, adjusted gender parity index (GPIA)",TGO,2010,.8934100270271301,,
ETOIP.1.PU.GPIA,"Percentage of enrolment in primary education in public institutions, adjusted gender parity index (GPIA)",TGO,2011,.8926699757575989,,
ETOIP.1.PU.GPIA,"Percentage of enrolment in primary education in public institutions, adjusted gender parity index (GPIA)",TGO,2012,.9001399874687195,,
ETOIP.1.PU.GPIA,"Percentage of enrolment in primary education in public institutions, adjusted gender parity index (GPIA)",TGO,2013,.912850022315979,,
ETOIP.1.PU.GPIA,"Percentage of enrolment in primary education in public institutions, adjusted gender parity index (GPIA)",TGO,2014,.9194599986076355,,
ETOIP.1.PU.GPIA,"Percentage of enrolment in primary education in public institutions, adjusted gender parity index (GPIA)",TGO,2016,.9298200011253357,,
ETOIP.1.PU.GPIA,"Percentage of enrolment in primary education in public institutions, adjusted gender parity index (GPIA)",TGO,2017,.9340000152587891,,
ETOIP.1.PU.GPIA,"Percentage of enrolment in primary education in public institutions, adjusted gender parity index (GPIA)",TGO,2018,.94718998670578,,
ETOIP.1.PU.GPIA,"Percentage of enrolment in primary education in public institutions, adjusted gender parity index (GPIA)",TGO,2019,.9478300213813782,,
ETOIP.1.PU.GPIA,"Percentage of enrolment in primary education in public institutions, adjusted gender parity index (GPIA)",TGO,2020,.9551500082015991,,
ETOIP.1.PU.GPIA,"Percentage of enrolment in primary education in public institutions, adjusted gender parity index (GPIA)",TGO,2021,.9499899744987488,,
ETOIP.1.PU.GPIA,"Percentage of enrolment in primary education in public institutions, adjusted gender parity index (GPIA)",TGO,2022,.95169997215271,,
ETOIP.1.PU.GPIA,"Percentage of enrolment in primary education in public institutions, adjusted gender parity index (GPIA)",TGO,2023,.9504299759864807,,
ETOIP.1.PU.GPIA,"Percentage of enrolment in primary education in public institutions, adjusted gender parity index (GPIA)",TGO,2024,.9512500166893005,,
ETOIP.1.PU.M,"Percentage of enrolment in primary education in public institutions, male (%)",TGO,1999,57.31710052490234,,
ETOIP.1.PU.M,"Percentage of enrolment in primary education in public institutions, male (%)",TGO,2000,56.47146987915039,,
ETOIP.1.PU.M,"Percentage of enrolment in primary education in public institutions, male (%)",TGO,2001,55.71828842163086,,
ETOIP.1.PU.M,"Percentage of enrolment in primary education in public institutions, male (%)",TGO,2002,54.85876846313477,,
ETOIP.1.PU.M,"Percentage of enrolment in primary education in public institutions, male (%)",TGO,2003,54.61362075805664,,
ETOIP.1.PU.M,"Percentage of enrolment in primary education in public institutions, male (%)",TGO,2004,54.16917037963867,,
ETOIP.1.PU.M,"Percentage of enrolment in primary education in public institutions, male (%)",TGO,2005,53.75009155273438,,
ETOIP.1.PU.M,"Percentage of enrolment in primary education in public institutions, male (%)",TGO,2006,53.38550186157227,,
ETOIP.1.PU.M,"Percentage of enrolment in primary education in public institutions, male (%)",TGO,2007,53.24394989013672,,
ETOIP.1.PU.M,"Percentage of enrolment in primary education in public institutions, male (%)",TGO,2008,52.8863410949707,,
ETOIP.1.PU.M,"Percentage of enrolment in primary education in public institutions, male (%)",TGO,2010,52.81470108032227,,
ETOIP.1.PU.M,"Percentage of enrolment in primary education in public institutions, male (%)",TGO,2011,52.83531188964844,,
ETOIP.1.PU.M,"Percentage of enrolment in primary education in public institutions, male (%)",TGO,2012,52.62776947021484,,
ETOIP.1.PU.M,"Percentage of enrolment in primary education in public institutions, male (%)",TGO,2013,52.27801132202148,,
ETOIP.1.PU.M,"Percentage of enrolment in primary education in public institutions, male (%)",TGO,2014,52.09785842895508,,
ETOIP.1.PU.M,"Percentage of enrolment in primary education in public institutions, male (%)",TGO,2016,51.81838989257813,,
ETOIP.1.PU.M,"Percentage of enrolment in primary education in public institutions, male (%)",TGO,2017,51.70624160766602,,
ETOIP.1.PU.M,"Percentage of enrolment in primary education in public institutions, male (%)",TGO,2018,51.35604095458984,,
ETOIP.1.PU.M,"Percentage of enrolment in primary education in public institutions, male (%)",TGO,2019,51.33929824829102,,
ETOIP.1.PU.M,"Percentage of enrolment in primary education in public institutions, male (%)",TGO,2020,51.14688110351563,,
ETOIP.1.PU.M,"Percentage of enrolment in primary education in public institutions, male (%)",TGO,2021,51.28218841552734,,
ETOIP.1.PU.M,"Percentage of enrolment in primary education in public institutions, male (%)",TGO,2022,51.23730850219727,,
ETOIP.1.PU.M,"Percentage of enrolment in primary education in public institutions, male (%)",TGO,2023,51.27067184448242,,
ETOIP.1.PU.M,"Percentage of enrolment in primary education in public institutions, male (%)",TGO,2024,51.24911880493164,,
ETOIP.2.PR,"Percentage of enrolment in lower secondary education in private institutions, both sexes (%)",TGO,2011,21.01111030578613,,
ETOIP.2.PR,"Percentage of enrolment in lower secondary education in private institutions, both sexes (%)",TGO,2017,25.81891059875488,,
ETOIP.2.PR,"Percentage of enrolment in lower secondary education in private institutions, both sexes (%)",TGO,2021,29.74362945556641,,
ETOIP.2.PR,"Percentage of enrolment in lower secondary education in private institutions, both sexes (%)",TGO,2023,29.47459030151367,,
ETOIP.2.PR.F,"Percentage of enrolment in lower secondary education in private institutions, female (%)",TGO,2017,48.60644149780273,,
ETOIP.2.PR.F,"Percentage of enrolment in lower secondary education in private institutions, female (%)",TGO,2021,49.14984130859375,,
ETOIP.2.PR.F,"Percentage of enrolment in lower secondary education in private institutions, female (%)",TGO,2023,49.16781997680664,,
ETOIP.2.PR.GPIA,"Percentage of enrolment in lower secondary education in private institutions, adjusted gender parity index (GPIA)",TGO,2017,.9457700252532959,,
ETOIP.2.PR.GPIA,"Percentage of enrolment in lower secondary education in private institutions, adjusted gender parity index (GPIA)",TGO,2021,.9665600061416626,,
ETOIP.2.PR.GPIA,"Percentage of enrolment in lower secondary education in private institutions, adjusted gender parity index (GPIA)",TGO,2023,.9672600030899048,,
ETOIP.2.PR.M,"Percentage of enrolment in lower secondary education in private institutions, male (%)",TGO,2017,51.39355850219727,,
ETOIP.2.PR.M,"Percentage of enrolment in lower secondary education in private institutions, male (%)",TGO,2021,50.85015869140625,,
ETOIP.2.PR.M,"Percentage of enrolment in lower secondary education in private institutions, male (%)",TGO,2023,50.83218002319336,,
ETOIP.2.PU,"Percentage of enrolment in lower secondary education in public institutions, both sexes (%)",TGO,2011,78.9888916015625,,
ETOIP.2.PU,"Percentage of enrolment in lower secondary education in public institutions, both sexes (%)",TGO,2017,74.18109130859375,,
ETOIP.2.PU,"Percentage of enrolment in lower secondary education in public institutions, both sexes (%)",TGO,2021,70.25637054443359,,
ETOIP.2.PU,"Percentage of enrolment in lower secondary education in public institutions, both sexes (%)",TGO,2023,70.52541351318359,,
ETOIP.2.PU.F,"Percentage of enrolment in lower secondary education in public institutions, female (%)",TGO,2017,42.07960891723633,,
ETOIP.2.PU.F,"Percentage of enrolment in lower secondary education in public institutions, female (%)",TGO,2021,43.92364883422852,,
ETOIP.2.PU.F,"Percentage of enrolment in lower secondary education in public institutions, female (%)",TGO,2023,44.78203964233398,,
ETOIP.2.PU.GPIA,"Percentage of enrolment in lower secondary education in public institutions, adjusted gender parity index (GPIA)",TGO,2017,.7265099883079529,,
ETOIP.2.PU.GPIA,"Percentage of enrolment in lower secondary education in public institutions, adjusted gender parity index (GPIA)",TGO,2021,.7832800149917603,,
ETOIP.2.PU.GPIA,"Percentage of enrolment in lower secondary education in public institutions, adjusted gender parity index (GPIA)",TGO,2023,.8109999895095825,,
ETOIP.2.PU.M,"Percentage of enrolment in lower secondary education in public institutions, male (%)",TGO,2017,57.92039108276367,,
ETOIP.2.PU.M,"Percentage of enrolment in lower secondary education in public institutions, male (%)",TGO,2021,56.07635116577148,,
ETOIP.2.PU.M,"Percentage of enrolment in lower secondary education in public institutions, male (%)",TGO,2023,55.21796035766602,,
ETOIP.2T3.PR,"Percentage of enrolment in secondary education in private institutions, both sexes (%)",TGO,1999,17.71949005126953,,
ETOIP.2T3.PR,"Percentage of enrolment in secondary education in private institutions, both sexes (%)",TGO,2005,29.19894981384277,,
ETOIP.2T3.PR,"Percentage of enrolment in secondary education in private institutions, both sexes (%)",TGO,2006,31.32743072509766,,
ETOIP.2T3.PR,"Percentage of enrolment in secondary education in private institutions, both sexes (%)",TGO,2011,23.27094078063965,,
ETOIP.2T3.PR,"Percentage of enrolment in secondary education in private institutions, both sexes (%)",TGO,2017,27.01110076904297,,
ETOIP.2T3.PR,"Percentage of enrolment in secondary education in private institutions, both sexes (%)",TGO,2021,30.85371017456055,,
ETOIP.2T3.PR,"Percentage of enrolment in secondary education in private institutions, both sexes (%)",TGO,2023,30.77170944213867,,
ETOIP.2T3.PR.F,"Percentage of enrolment in secondary education in private institutions, female (%)",TGO,1999,37.41849136352539,,
ETOIP.2T3.PR.F,"Percentage of enrolment in secondary education in private institutions, female (%)",TGO,2005,41.94799041748047,,
ETOIP.2T3.PR.F,"Percentage of enrolment in secondary education in private institutions, female (%)",TGO,2006,42.17906188964844,,
ETOIP.2T3.PR.F,"Percentage of enrolment in secondary education in private institutions, female (%)",TGO,2017,48.3295783996582,,
ETOIP.2T3.PR.F,"Percentage of enrolment in secondary education in private institutions, female (%)",TGO,2021,49.71157836914063,,
ETOIP.2T3.PR.F,"Percentage of enrolment in secondary education in private institutions, female (%)",TGO,2023,50.57505035400391,,
ETOIP.2T3.PR.GPIA,"Percentage of enrolment in secondary education in private institutions, adjusted gender parity index (GPIA)",TGO,1999,.5979200005531311,,
ETOIP.2T3.PR.GPIA,"Percentage of enrolment in secondary education in private institutions, adjusted gender parity index (GPIA)",TGO,2005,.7225900292396545,,
ETOIP.2T3.PR.GPIA,"Percentage of enrolment in secondary education in private institutions, adjusted gender parity index (GPIA)",TGO,2006,.7294800281524658,,
ETOIP.2T3.PR.GPIA,"Percentage of enrolment in secondary education in private institutions, adjusted gender parity index (GPIA)",TGO,2017,.9353399872779846,,
ETOIP.2T3.PR.GPIA,"Percentage of enrolment in secondary education in private institutions, adjusted gender parity index (GPIA)",TGO,2021,.9885299801826477,,
ETOIP.2T3.PR.GPIA,"Percentage of enrolment in secondary education in private institutions, adjusted gender parity index (GPIA)",TGO,2023,1.022740006446838,,
ETOIP.2T3.PR.M,"Percentage of enrolment in secondary education in private institutions, male (%)",TGO,1999,62.58150863647461,,
ETOIP.2T3.PR.M,"Percentage of enrolment in secondary education in private institutions, male (%)",TGO,2005,58.05200958251953,,
ETOIP.2T3.PR.M,"Percentage of enrolment in secondary education in private institutions, male (%)",TGO,2006,57.82093811035156,,
ETOIP.2T3.PR.M,"Percentage of enrolment in secondary education in private institutions, male (%)",TGO,2017,51.6704216003418,,
ETOIP.2T3.PR.M,"Percentage of enrolment in secondary education in private institutions, male (%)",TGO,2021,50.28842163085938,,
ETOIP.2T3.PR.M,"Percentage of enrolment in secondary education in private institutions, male (%)",TGO,2023,49.42494964599609,,
ETOIP.2T3.PU,"Percentage of enrolment in secondary education in public institutions, both sexes (%)",TGO,1999,82.28050994873047,,
ETOIP.2T3.PU,"Percentage of enrolment in secondary education in public institutions, both sexes (%)",TGO,2005,70.80104827880859,,
ETOIP.2T3.PU,"Percentage of enrolment in secondary education in public institutions, both sexes (%)",TGO,2006,68.67256927490234,,
ETOIP.2T3.PU,"Percentage of enrolment in secondary education in public institutions, both sexes (%)",TGO,2011,76.72905731201172,,
ETOIP.2T3.PU,"Percentage of enrolment in secondary education in public institutions, both sexes (%)",TGO,2017,72.98889923095703,,
ETOIP.2T3.PU,"Percentage of enrolment in secondary education in public institutions, both sexes (%)",TGO,2021,69.14629364013672,,
ETOIP.2T3.PU,"Percentage of enrolment in secondary education in public institutions, both sexes (%)",TGO,2023,69.22828674316406,,
ETOIP.2T3.PU.F,"Percentage of enrolment in secondary education in public institutions, female (%)",TGO,1999,26.72492980957031,,
ETOIP.2T3.PU.F,"Percentage of enrolment in secondary education in public institutions, female (%)",TGO,2005,31.69581985473633,,
ETOIP.2T3.PU.F,"Percentage of enrolment in secondary education in public institutions, female (%)",TGO,2006,32.17961883544922,,
ETOIP.2T3.PU.F,"Percentage of enrolment in secondary education in public institutions, female (%)",TGO,2017,39.5955696105957,,
ETOIP.2T3.PU.F,"Percentage of enrolment in secondary education in public institutions, female (%)",TGO,2021,42.40908813476563,,
ETOIP.2T3.PU.F,"Percentage of enrolment in secondary education in public institutions, female (%)",TGO,2023,44.05709075927734,,
ETOIP.2T3.PU.GPIA,"Percentage of enrolment in secondary education in public institutions, adjusted gender parity index (GPIA)",TGO,1999,.3647199869155884,,
ETOIP.2T3.PU.GPIA,"Percentage of enrolment in secondary education in public institutions, adjusted gender parity index (GPIA)",TGO,2005,.4640400111675262,,
ETOIP.2T3.PU.GPIA,"Percentage of enrolment in secondary education in public institutions, adjusted gender parity index (GPIA)",TGO,2006,.474480003118515,,
ETOIP.2T3.PU.GPIA,"Percentage of enrolment in secondary education in public institutions, adjusted gender parity index (GPIA)",TGO,2017,.6555100083351135,,
ETOIP.2T3.PU.GPIA,"Percentage of enrolment in secondary education in public institutions, adjusted gender parity index (GPIA)",TGO,2021,.7363899946212769,,
ETOIP.2T3.PU.GPIA,"Percentage of enrolment in secondary education in public institutions, adjusted gender parity index (GPIA)",TGO,2023,.7875400185585022,,
ETOIP.2T3.PU.M,"Percentage of enrolment in secondary education in public institutions, male (%)",TGO,1999,73.27507019042969,,
ETOIP.2T3.PU.M,"Percentage of enrolment in secondary education in public institutions, male (%)",TGO,2005,68.30417633056641,,
ETOIP.2T3.PU.M,"Percentage of enrolment in secondary education in public institutions, male (%)",TGO,2006,67.82038116455078,,
ETOIP.2T3.PU.M,"Percentage of enrolment in secondary education in public institutions, male (%)",TGO,2017,60.4044303894043,,
ETOIP.2T3.PU.M,"Percentage of enrolment in secondary education in public institutions, male (%)",TGO,2021,57.59091186523438,,
ETOIP.2T3.PU.M,"Percentage of enrolment in secondary education in public institutions, male (%)",TGO,2023,55.94290924072266,,
ETOIP.3.PR,"Percentage of enrolment in upper secondary education in private institutions, both sexes (%)",TGO,2011,29.44849967956543,,
ETOIP.3.PR,"Percentage of enrolment in upper secondary education in private institutions, both sexes (%)",TGO,2017,30.67758941650391,,
ETOIP.3.PR,"Percentage of enrolment in upper secondary education in private institutions, both sexes (%)",TGO,2020,33.97819137573242,,
ETOIP.3.PR,"Percentage of enrolment in upper secondary education in private institutions, both sexes (%)",TGO,2021,34.0058708190918,,
ETOIP.3.PR,"Percentage of enrolment in upper secondary education in private institutions, both sexes (%)",TGO,2023,34.24530029296875,,
ETOIP.3.PR.F,"Percentage of enrolment in upper secondary education in private institutions, female (%)",TGO,2017,47.61296081542969,,
ETOIP.3.PR.F,"Percentage of enrolment in upper secondary education in private institutions, female (%)",TGO,2020,50.87223052978516,,
ETOIP.3.PR.F,"Percentage of enrolment in upper secondary education in private institutions, female (%)",TGO,2021,51.10675048828125,,
ETOIP.3.PR.F,"Percentage of enrolment in upper secondary education in private institutions, female (%)",TGO,2023,53.81853103637695,,
ETOIP.3.PR.GPIA,"Percentage of enrolment in upper secondary education in private institutions, adjusted gender parity index (GPIA)",TGO,2017,.9088699817657471,,
ETOIP.3.PR.GPIA,"Percentage of enrolment in upper secondary education in private institutions, adjusted gender parity index (GPIA)",TGO,2020,1.034289956092834,,
ETOIP.3.PR.GPIA,"Percentage of enrolment in upper secondary education in private institutions, adjusted gender parity index (GPIA)",TGO,2021,1.043310046195984,,
ETOIP.3.PR.GPIA,"Percentage of enrolment in upper secondary education in private institutions, adjusted gender parity index (GPIA)",TGO,2023,1.141899943351746,,
ETOIP.3.PR.M,"Percentage of enrolment in upper secondary education in private institutions, male (%)",TGO,2017,52.38703918457031,,
ETOIP.3.PR.M,"Percentage of enrolment in upper secondary education in private institutions, male (%)",TGO,2020,49.12776947021484,,
ETOIP.3.PR.M,"Percentage of enrolment in upper secondary education in private institutions, male (%)",TGO,2021,48.89324951171875,,
ETOIP.3.PR.M,"Percentage of enrolment in upper secondary education in private institutions, male (%)",TGO,2023,46.18146896362305,,
ETOIP.3.PU,"Percentage of enrolment in upper secondary education in public institutions, both sexes (%)",TGO,2011,70.55149841308594,,
ETOIP.3.PU,"Percentage of enrolment in upper secondary education in public institutions, both sexes (%)",TGO,2017,69.32241058349609,,
ETOIP.3.PU,"Percentage of enrolment in upper secondary education in public institutions, both sexes (%)",TGO,2020,66.02181243896484,,
ETOIP.3.PU,"Percentage of enrolment in upper secondary education in public institutions, both sexes (%)",TGO,2021,65.99413299560547,,
ETOIP.3.PU,"Percentage of enrolment in upper secondary education in public institutions, both sexes (%)",TGO,2023,65.75469970703125,,
ETOIP.3.PU.F,"Percentage of enrolment in upper secondary education in public institutions, female (%)",TGO,2017,31.4206600189209,,
ETOIP.3.PU.F,"Percentage of enrolment in upper secondary education in public institutions, female (%)",TGO,2020,35.97909927368164,,
ETOIP.3.PU.F,"Percentage of enrolment in upper secondary education in public institutions, female (%)",TGO,2021,37.83061981201172,,
ETOIP.3.PU.F,"Percentage of enrolment in upper secondary education in public institutions, female (%)",TGO,2023,41.97489166259766,,
ETOIP.3.PU.GPIA,"Percentage of enrolment in upper secondary education in public institutions, adjusted gender parity index (GPIA)",TGO,2017,.4581699967384338,,
ETOIP.3.PU.GPIA,"Percentage of enrolment in upper secondary education in public institutions, adjusted gender parity index (GPIA)",TGO,2020,.5619900226593018,,
ETOIP.3.PU.GPIA,"Percentage of enrolment in upper secondary education in public institutions, adjusted gender parity index (GPIA)",TGO,2021,.6085100173950195,,
ETOIP.3.PU.GPIA,"Percentage of enrolment in upper secondary education in public institutions, adjusted gender parity index (GPIA)",TGO,2023,.7233899831771851,,
ETOIP.3.PU.M,"Percentage of enrolment in upper secondary education in public institutions, male (%)",TGO,2017,68.57933807373047,,
ETOIP.3.PU.M,"Percentage of enrolment in upper secondary education in public institutions, male (%)",TGO,2020,64.02089691162109,,
ETOIP.3.PU.M,"Percentage of enrolment in upper secondary education in public institutions, male (%)",TGO,2021,62.16938018798828,,
ETOIP.3.PU.M,"Percentage of enrolment in upper secondary education in public institutions, male (%)",TGO,2023,58.02510833740234,,
ETOIP.4.PR,"Percentage of enrolment in post-secondary non-tertiary education in private institutions, both sexes (%)",TGO,2020,0,NIL,
ETOIP.4.PR,"Percentage of enrolment in post-secondary non-tertiary education in private institutions, both sexes (%)",TGO,2021,0,NIL,
ETOIP.4.PU,"Percentage of enrolment in post-secondary non-tertiary education in public institutions, both sexes (%)",TGO,1999,100,,
ETOIP.4.PU,"Percentage of enrolment in post-secondary non-tertiary education in public institutions, both sexes (%)",TGO,2007,0,NIL,
ETOIP.4.PU,"Percentage of enrolment in post-secondary non-tertiary education in public institutions, both sexes (%)",TGO,2020,100,,
ETOIP.4.PU,"Percentage of enrolment in post-secondary non-tertiary education in public institutions, both sexes (%)",TGO,2021,100,,
ETOIP.4.PU.F,"Percentage of enrolment in post-secondary non-tertiary education in public institutions, female (%)",TGO,1999,15.40785026550293,,
ETOIP.4.PU.F,"Percentage of enrolment in post-secondary non-tertiary education in public institutions, female (%)",TGO,2020,13,,
ETOIP.4.PU.F,"Percentage of enrolment in post-secondary non-tertiary education in public institutions, female (%)",TGO,2021,9.917360305786133,,
ETOIP.4.PU.GPIA,"Percentage of enrolment in post-secondary non-tertiary education in public institutions, adjusted gender parity index (GPIA)",TGO,1999,.1821399927139282,,
ETOIP.4.PU.GPIA,"Percentage of enrolment in post-secondary non-tertiary education in public institutions, adjusted gender parity index (GPIA)",TGO,2020,.1494300067424774,,
ETOIP.4.PU.GPIA,"Percentage of enrolment in post-secondary non-tertiary education in public institutions, adjusted gender parity index (GPIA)",TGO,2021,.1100900024175644,,
ETOIP.4.PU.M,"Percentage of enrolment in post-secondary non-tertiary education in public institutions, male (%)",TGO,1999,84.59214782714844,,
ETOIP.4.PU.M,"Percentage of enrolment in post-secondary non-tertiary education in public institutions, male (%)",TGO,2020,87,,
ETOIP.4.PU.M,"Percentage of enrolment in post-secondary non-tertiary education in public institutions, male (%)",TGO,2021,90.0826416015625,,
ETOIP.5T8.PR,"Percentage of enrolment in tertiary education in private institutions, both sexes (%)",TGO,2010,13.24899005889893,,
ETOIP.5T8.PR,"Percentage of enrolment in tertiary education in private institutions, both sexes (%)",TGO,2011,9.069219589233398,,
ETOIP.5T8.PR,"Percentage of enrolment in tertiary education in private institutions, both sexes (%)",TGO,2012,10.21683025360107,,
ETOIP.5T8.PR,"Percentage of enrolment in tertiary education in private institutions, both sexes (%)",TGO,2013,17.6616096496582,,
ETOIP.5T8.PR,"Percentage of enrolment in tertiary education in private institutions, both sexes (%)",TGO,2014,20.04011917114258,,
ETOIP.5T8.PR,"Percentage of enrolment in tertiary education in private institutions, both sexes (%)",TGO,2015,20.88479995727539,,
ETOIP.5T8.PR,"Percentage of enrolment in tertiary education in private institutions, both sexes (%)",TGO,2016,20.35500907897949,,
ETOIP.5T8.PR,"Percentage of enrolment in tertiary education in private institutions, both sexes (%)",TGO,2017,18.6535701751709,,
ETOIP.5T8.PR,"Percentage of enrolment in tertiary education in private institutions, both sexes (%)",TGO,2018,17.56294059753418,,
ETOIP.5T8.PR,"Percentage of enrolment in tertiary education in private institutions, both sexes (%)",TGO,2019,17.84855079650879,,
ETOIP.5T8.PR,"Percentage of enrolment in tertiary education in private institutions, both sexes (%)",TGO,2020,19.41090965270996,,
ETOIP.5T8.PR.F,"Percentage of enrolment in tertiary education in private institutions, female (%)",TGO,2011,39.35300064086914,,
ETOIP.5T8.PR.F,"Percentage of enrolment in tertiary education in private institutions, female (%)",TGO,2012,40.39374160766602,,
ETOIP.5T8.PR.F,"Percentage of enrolment in tertiary education in private institutions, female (%)",TGO,2013,40.3394889831543,,
ETOIP.5T8.PR.F,"Percentage of enrolment in tertiary education in private institutions, female (%)",TGO,2014,43.03393173217773,,
ETOIP.5T8.PR.F,"Percentage of enrolment in tertiary education in private institutions, female (%)",TGO,2015,41.14720153808594,,
ETOIP.5T8.PR.F,"Percentage of enrolment in tertiary education in private institutions, female (%)",TGO,2016,40.91170120239258,,
ETOIP.5T8.PR.F,"Percentage of enrolment in tertiary education in private institutions, female (%)",TGO,2017,44.07672119140625,,
ETOIP.5T8.PR.F,"Percentage of enrolment in tertiary education in private institutions, female (%)",TGO,2018,44.78472137451172,,
ETOIP.5T8.PR.F,"Percentage of enrolment in tertiary education in private institutions, female (%)",TGO,2019,45.72901153564453,,
ETOIP.5T8.PR.F,"Percentage of enrolment in tertiary education in private institutions, female (%)",TGO,2020,46.85847091674805,,
ETOIP.5T8.PR.GPIA,"Percentage of enrolment in tertiary education in private institutions, adjusted gender parity index (GPIA)",TGO,2011,.6488900184631348,,
ETOIP.5T8.PR.GPIA,"Percentage of enrolment in tertiary education in private institutions, adjusted gender parity index (GPIA)",TGO,2012,.6776800155639648,,
ETOIP.5T8.PR.GPIA,"Percentage of enrolment in tertiary education in private institutions, adjusted gender parity index (GPIA)",TGO,2013,.6761500239372253,,
ETOIP.5T8.PR.GPIA,"Percentage of enrolment in tertiary education in private institutions, adjusted gender parity index (GPIA)",TGO,2014,.7554299831390381,,
ETOIP.5T8.PR.GPIA,"Percentage of enrolment in tertiary education in private institutions, adjusted gender parity index (GPIA)",TGO,2015,.699150025844574,,
ETOIP.5T8.PR.GPIA,"Percentage of enrolment in tertiary education in private institutions, adjusted gender parity index (GPIA)",TGO,2016,.6923800110816956,,
ETOIP.5T8.PR.GPIA,"Percentage of enrolment in tertiary education in private institutions, adjusted gender parity index (GPIA)",TGO,2017,.7881600260734558,,
ETOIP.5T8.PR.GPIA,"Percentage of enrolment in tertiary education in private institutions, adjusted gender parity index (GPIA)",TGO,2018,.8110899925231934,,
ETOIP.5T8.PR.GPIA,"Percentage of enrolment in tertiary education in private institutions, adjusted gender parity index (GPIA)",TGO,2019,.8426100015640259,,
ETOIP.5T8.PR.GPIA,"Percentage of enrolment in tertiary education in private institutions, adjusted gender parity index (GPIA)",TGO,2020,.8817700147628784,,
ETOIP.5T8.PR.M,"Percentage of enrolment in tertiary education in private institutions, male (%)",TGO,2011,60.64699935913086,,
ETOIP.5T8.PR.M,"Percentage of enrolment in tertiary education in private institutions, male (%)",TGO,2012,59.60625839233398,,
ETOIP.5T8.PR.M,"Percentage of enrolment in tertiary education in private institutions, male (%)",TGO,2013,59.6605110168457,,
ETOIP.5T8.PR.M,"Percentage of enrolment in tertiary education in private institutions, male (%)",TGO,2014,56.96606826782227,,
ETOIP.5T8.PR.M,"Percentage of enrolment in tertiary education in private institutions, male (%)",TGO,2015,58.85279846191406,,
ETOIP.5T8.PR.M,"Percentage of enrolment in tertiary education in private institutions, male (%)",TGO,2016,59.08829879760742,,
ETOIP.5T8.PR.M,"Percentage of enrolment in tertiary education in private institutions, male (%)",TGO,2017,55.92327880859375,,
ETOIP.5T8.PR.M,"Percentage of enrolment in tertiary education in private institutions, male (%)",TGO,2018,55.21527862548828,,
ETOIP.5T8.PR.M,"Percentage of enrolment in tertiary education in private institutions, male (%)",TGO,2019,54.27098846435547,,
ETOIP.5T8.PR.M,"Percentage of enrolment in tertiary education in private institutions, male (%)",TGO,2020,53.14152908325195,,
ETOIP.5T8.PU,"Percentage of enrolment in tertiary education in public institutions, both sexes (%)",TGO,2010,86.75100708007813,,
ETOIP.5T8.PU,"Percentage of enrolment in tertiary education in public institutions, both sexes (%)",TGO,2011,90.93077850341797,,
ETOIP.5T8.PU,"Percentage of enrolment in tertiary education in public institutions, both sexes (%)",TGO,2012,89.78317260742188,,
ETOIP.5T8.PU,"Percentage of enrolment in tertiary education in public institutions, both sexes (%)",TGO,2013,82.33838653564453,,
ETOIP.5T8.PU,"Percentage of enrolment in tertiary education in public institutions, both sexes (%)",TGO,2014,79.95987701416016,,
ETOIP.5T8.PU,"Percentage of enrolment in tertiary education in public institutions, both sexes (%)",TGO,2015,79.11519622802734,,
ETOIP.5T8.PU,"Percentage of enrolment in tertiary education in public institutions, both sexes (%)",TGO,2016,79.64498901367188,,
ETOIP.5T8.PU,"Percentage of enrolment in tertiary education in public institutions, both sexes (%)",TGO,2017,81.34642791748047,,
ETOIP.5T8.PU,"Percentage of enrolment in tertiary education in public institutions, both sexes (%)",TGO,2018,82.43705749511719,,
ETOIP.5T8.PU,"Percentage of enrolment in tertiary education in public institutions, both sexes (%)",TGO,2019,82.15145111083984,,
ETOIP.5T8.PU,"Percentage of enrolment in tertiary education in public institutions, both sexes (%)",TGO,2020,80.58908843994141,,
ETOIP.5T8.PU.F,"Percentage of enrolment in tertiary education in public institutions, female (%)",TGO,2010,20.51292991638184,,
ETOIP.5T8.PU.F,"Percentage of enrolment in tertiary education in public institutions, female (%)",TGO,2011,24.16856002807617,,
ETOIP.5T8.PU.F,"Percentage of enrolment in tertiary education in public institutions, female (%)",TGO,2012,24.16028022766113,,
ETOIP.5T8.PU.F,"Percentage of enrolment in tertiary education in public institutions, female (%)",TGO,2013,25.42659950256348,,
ETOIP.5T8.PU.F,"Percentage of enrolment in tertiary education in public institutions, female (%)",TGO,2014,26.0506706237793,,
ETOIP.5T8.PU.F,"Percentage of enrolment in tertiary education in public institutions, female (%)",TGO,2015,26.82072067260742,,
ETOIP.5T8.PU.F,"Percentage of enrolment in tertiary education in public institutions, female (%)",TGO,2016,28.07674980163574,,
ETOIP.5T8.PU.F,"Percentage of enrolment in tertiary education in public institutions, female (%)",TGO,2017,28.4515209197998,,
ETOIP.5T8.PU.F,"Percentage of enrolment in tertiary education in public institutions, female (%)",TGO,2018,30.41348075866699,,
ETOIP.5T8.PU.F,"Percentage of enrolment in tertiary education in public institutions, female (%)",TGO,2019,31.69488906860352,,
ETOIP.5T8.PU.F,"Percentage of enrolment in tertiary education in public institutions, female (%)",TGO,2020,33.11565017700195,,
ETOIP.5T8.PU.GPIA,"Percentage of enrolment in tertiary education in public institutions, adjusted gender parity index (GPIA)",TGO,2010,.2580699920654297,,
ETOIP.5T8.PU.GPIA,"Percentage of enrolment in tertiary education in public institutions, adjusted gender parity index (GPIA)",TGO,2011,.3187099993228912,,
ETOIP.5T8.PU.GPIA,"Percentage of enrolment in tertiary education in public institutions, adjusted gender parity index (GPIA)",TGO,2012,.3185699880123138,,
ETOIP.5T8.PU.GPIA,"Percentage of enrolment in tertiary education in public institutions, adjusted gender parity index (GPIA)",TGO,2013,.3409599959850311,,
ETOIP.5T8.PU.GPIA,"Percentage of enrolment in tertiary education in public institutions, adjusted gender parity index (GPIA)",TGO,2014,.3522799909114838,,
ETOIP.5T8.PU.GPIA,"Percentage of enrolment in tertiary education in public institutions, adjusted gender parity index (GPIA)",TGO,2015,.3665100038051605,,
ETOIP.5T8.PU.GPIA,"Percentage of enrolment in tertiary education in public institutions, adjusted gender parity index (GPIA)",TGO,2016,.3903700113296509,,
ETOIP.5T8.PU.GPIA,"Percentage of enrolment in tertiary education in public institutions, adjusted gender parity index (GPIA)",TGO,2017,.3976500034332275,,
ETOIP.5T8.PU.GPIA,"Percentage of enrolment in tertiary education in public institutions, adjusted gender parity index (GPIA)",TGO,2018,.4370599985122681,,
ETOIP.5T8.PU.GPIA,"Percentage of enrolment in tertiary education in public institutions, adjusted gender parity index (GPIA)",TGO,2019,.4640200138092041,,
ETOIP.5T8.PU.GPIA,"Percentage of enrolment in tertiary education in public institutions, adjusted gender parity index (GPIA)",TGO,2020,.4951199889183044,,
ETOIP.5T8.PU.M,"Percentage of enrolment in tertiary education in public institutions, male (%)",TGO,2010,79.48706817626953,,
ETOIP.5T8.PU.M,"Percentage of enrolment in tertiary education in public institutions, male (%)",TGO,2011,75.83144378662109,,
ETOIP.5T8.PU.M,"Percentage of enrolment in tertiary education in public institutions, male (%)",TGO,2012,75.8397216796875,,
ETOIP.5T8.PU.M,"Percentage of enrolment in tertiary education in public institutions, male (%)",TGO,2013,74.57340240478516,,
ETOIP.5T8.PU.M,"Percentage of enrolment in tertiary education in public institutions, male (%)",TGO,2014,73.94933319091797,,
ETOIP.5T8.PU.M,"Percentage of enrolment in tertiary education in public institutions, male (%)",TGO,2015,73.17928314208984,,
ETOIP.5T8.PU.M,"Percentage of enrolment in tertiary education in public institutions, male (%)",TGO,2016,71.92324829101563,,
ETOIP.5T8.PU.M,"Percentage of enrolment in tertiary education in public institutions, male (%)",TGO,2017,71.54847717285156,,
ETOIP.5T8.PU.M,"Percentage of enrolment in tertiary education in public institutions, male (%)",TGO,2018,69.58651733398438,,
ETOIP.5T8.PU.M,"Percentage of enrolment in tertiary education in public institutions, male (%)",TGO,2019,68.30510711669922,,
ETOIP.5T8.PU.M,"Percentage of enrolment in tertiary education in public institutions, male (%)",TGO,2020,66.88435363769531,,
FTP.4,Percentage of teachers in post-secondary non-tertiary education who are female (%),TGO,2021,0,NIL,
FTP.4.QUALIFIED,Percentage of teachers in post-secondary non-tertiary education who are qualified according to national standards and who are female (%),TGO,2021,0,NIL,
FTP.5T8,Percentage of teachers in tertiary education who are female (%),TGO,1972,20.43011093139648,,
FTP.5T8,Percentage of teachers in tertiary education who are female (%),TGO,1973,13.10344982147217,,
FTP.5T8,Percentage of teachers in tertiary education who are female (%),TGO,1974,8.974360466003418,,
FTP.5T8,Percentage of teachers in tertiary education who are female (%),TGO,1975,18.81719970703125,,
FTP.5T8,Percentage of teachers in tertiary education who are female (%),TGO,1978,8.071749687194824,,
FTP.5T8,Percentage of teachers in tertiary education who are female (%),TGO,1979,8.370039939880371,,
FTP.5T8,Percentage of teachers in tertiary education who are female (%),TGO,1980,10.30928039550781,,
FTP.5T8,Percentage of teachers in tertiary education who are female (%),TGO,1981,12.45790958404541,,
FTP.5T8,Percentage of teachers in tertiary education who are female (%),TGO,1982,16.71553993225098,,
FTP.5T8,Percentage of teachers in tertiary education who are female (%),TGO,1991,9.595959663391113,,
FTP.5T8,Percentage of teachers in tertiary education who are female (%),TGO,1992,9.595959663391113,,
FTP.5T8,Percentage of teachers in tertiary education who are female (%),TGO,1993,9.24170970916748,,
FTP.5T8,Percentage of teachers in tertiary education who are female (%),TGO,1994,9.438779830932617,,
FTP.5T8,Percentage of teachers in tertiary education who are female (%),TGO,1995,8.173080444335938,,
FTP.5T8,Percentage of teachers in tertiary education who are female (%),TGO,1996,8.126409530639648,,
FTP.5T8,Percentage of teachers in tertiary education who are female (%),TGO,1997,10.15800952911377,,
FTP.5T8,Percentage of teachers in tertiary education who are female (%),TGO,1999,10.41666984558105,,
FTP.5T8,Percentage of teachers in tertiary education who are female (%),TGO,2000,9.536080360412598,,UIS_EST
FTP.5T8,Percentage of teachers in tertiary education who are female (%),TGO,2001,8.439900398254395,,
FTP.5T8,Percentage of teachers in tertiary education who are female (%),TGO,2002,8.771929740905762,,
FTP.5T8,Percentage of teachers in tertiary education who are female (%),TGO,2003,7.009349822998047,,
FTP.5T8,Percentage of teachers in tertiary education who are female (%),TGO,2004,9.070289611816406,,
FTP.5T8,Percentage of teachers in tertiary education who are female (%),TGO,2005,8.256879806518555,,
FTP.5T8,Percentage of teachers in tertiary education who are female (%),TGO,2006,10.76922988891602,,
FTP.5T8,Percentage of teachers in tertiary education who are female (%),TGO,2007,10.85105991363525,,UIS_EST
FTP.5T8,Percentage of teachers in tertiary education who are female (%),TGO,2011,6.770045385779122,,
FTP.5T8,Percentage of teachers in tertiary education who are female (%),TGO,2012,6.707983959168794,,
FTP.5T8,Percentage of teachers in tertiary education who are female (%),TGO,2013,6.592008144566047,,
FTP.5T8,Percentage of teachers in tertiary education who are female (%),TGO,2014,6.296715741789355,,
FTP.5T8,Percentage of teachers in tertiary education who are female (%),TGO,2015,6.007067137809187,,
FTP.5T8,Percentage of teachers in tertiary education who are female (%),TGO,2016,6.41640042598509,,
FTP.5T8,Percentage of teachers in tertiary education who are female (%),TGO,2017,6.575963718820861,,
FTP.5T8,Percentage of teachers in tertiary education who are female (%),TGO,2018,6.494252873563218,,
FTP.5T8,Percentage of teachers in tertiary education who are female (%),TGO,2019,6.521739130434782,,
FTP.5T8,Percentage of teachers in tertiary education who are female (%),TGO,2020,6.547285954113039,,
FTP.5T8,Percentage of teachers in tertiary education who are female (%),TGO,2021,6.096059113300493,,
GER.1,"Gross enrolment ratio, primary, both sexes (%)",TGO,1971,61.15972900390625,,
GER.1,"Gross enrolment ratio, primary, both sexes (%)",TGO,1972,66.70452117919922,,
GER.1,"Gross enrolment ratio, primary, both sexes (%)",TGO,1973,72.78195953369141,,
GER.1,"Gross enrolment ratio, primary, both sexes (%)",TGO,1974,75.83590698242188,,
GER.1,"Gross enrolment ratio, primary, both sexes (%)",TGO,1975,77.91326904296875,,
GER.1,"Gross enrolment ratio, primary, both sexes (%)",TGO,1976,83.45156860351563,,
GER.1,"Gross enrolment ratio, primary, both sexes (%)",TGO,1977,88.43115997314453,,
GER.1,"Gross enrolment ratio, primary, both sexes (%)",TGO,1978,91.62866973876953,,
GER.1,"Gross enrolment ratio, primary, both sexes (%)",TGO,1979,96.78505706787109,,
GER.1,"Gross enrolment ratio, primary, both sexes (%)",TGO,1980,99.14788818359375,,
GER.1,"Gross enrolment ratio, primary, both sexes (%)",TGO,1981,100.2179183959961,,
GER.1,"Gross enrolment ratio, primary, both sexes (%)",TGO,1982,95.04873657226563,,
GER.1,"Gross enrolment ratio, primary, both sexes (%)",TGO,1983,90.34571075439453,,
GER.1,"Gross enrolment ratio, primary, both sexes (%)",TGO,1984,80.93402862548828,,
GER.1,"Gross enrolment ratio, primary, both sexes (%)",TGO,1985,77.64747619628906,,
GER.1,"Gross enrolment ratio, primary, both sexes (%)",TGO,1986,76.70934295654297,,
GER.1,"Gross enrolment ratio, primary, both sexes (%)",TGO,1987,82.27960205078125,,
GER.1,"Gross enrolment ratio, primary, both sexes (%)",TGO,1988,82.63687896728516,,
GER.1,"Gross enrolment ratio, primary, both sexes (%)",TGO,1989,86.81786346435547,,
GER.1,"Gross enrolment ratio, primary, both sexes (%)",TGO,1990,88.82147979736328,,
GER.1,"Gross enrolment ratio, primary, both sexes (%)",TGO,1991,93.85823822021484,,
GER.1,"Gross enrolment ratio, primary, both sexes (%)",TGO,1992,92.47199249267578,,
GER.1,"Gross enrolment ratio, primary, both sexes (%)",TGO,1994,96.00420379638672,,
GER.1,"Gross enrolment ratio, primary, both sexes (%)",TGO,1995,105.588981628418,,
GER.1,"Gross enrolment ratio, primary, both sexes (%)",TGO,1996,110.2386627197266,,
GER.1,"Gross enrolment ratio, primary, both sexes (%)",TGO,1997,111.3146591186523,,
GER.1,"Gross enrolment ratio, primary, both sexes (%)",TGO,1998,112.3664703369141,,
GER.1,"Gross enrolment ratio, primary, both sexes (%)",TGO,1999,118.0319671630859,,
GER.1,"Gross enrolment ratio, primary, both sexes (%)",TGO,2000,110.8087463378906,,
GER.1,"Gross enrolment ratio, primary, both sexes (%)",TGO,2001,112.1054763793945,,
GER.1,"Gross enrolment ratio, primary, both sexes (%)",TGO,2002,113.6919937133789,,
GER.1,"Gross enrolment ratio, primary, both sexes (%)",TGO,2003,111.2947082519531,,
GER.1,"Gross enrolment ratio, primary, both sexes (%)",TGO,2004,110.3388519287109,,
GER.1,"Gross enrolment ratio, primary, both sexes (%)",TGO,2005,109.4781875610352,,
GER.1,"Gross enrolment ratio, primary, both sexes (%)",TGO,2006,113.0699920654297,,
GER.1,"Gross enrolment ratio, primary, both sexes (%)",TGO,2007,107.2362289428711,,
GER.1,"Gross enrolment ratio, primary, both sexes (%)",TGO,2008,107.9882125854492,,
GER.1,"Gross enrolment ratio, primary, both sexes (%)",TGO,2009,121.9909515380859,,
GER.1,"Gross enrolment ratio, primary, both sexes (%)",TGO,2010,124.7095142092816,,
GER.1,"Gross enrolment ratio, primary, both sexes (%)",TGO,2011,122.7840711575956,,
GER.1,"Gross enrolment ratio, primary, both sexes (%)",TGO,2012,125.7580465169295,,
GER.1,"Gross enrolment ratio, primary, both sexes (%)",TGO,2013,126.1050157859398,,
GER.1,"Gross enrolment ratio, primary, both sexes (%)",TGO,2014,122.3042079263617,,
GER.1,"Gross enrolment ratio, primary, both sexes (%)",TGO,2015,125.6026919317494,,
GER.1,"Gross enrolment ratio, primary, both sexes (%)",TGO,2016,121.4769135286988,,
GER.1,"Gross enrolment ratio, primary, both sexes (%)",TGO,2017,119.4056942484847,,
GER.1,"Gross enrolment ratio, primary, both sexes (%)",TGO,2018,117.8363244904636,,
GER.1,"Gross enrolment ratio, primary, both sexes (%)",TGO,2019,117.7477466764965,,
GER.1,"Gross enrolment ratio, primary, both sexes (%)",TGO,2020,119.2668309487619,,
GER.1,"Gross enrolment ratio, primary, both sexes (%)",TGO,2021,116.9713858590094,,
GER.1,"Gross enrolment ratio, primary, both sexes (%)",TGO,2022,118.4231675289796,,
GER.1,"Gross enrolment ratio, primary, both sexes (%)",TGO,2023,116.3354655453915,,
GER.1,"Gross enrolment ratio, primary, both sexes (%)",TGO,2024,114.2727735242657,,
GER.1.F,"Gross enrolment ratio, primary, female (%)",TGO,1971,37.72529983520508,,
GER.1.F,"Gross enrolment ratio, primary, female (%)",TGO,1972,42.04179000854492,,
GER.1.F,"Gross enrolment ratio, primary, female (%)",TGO,1973,46.6874885559082,,
GER.1.F,"Gross enrolment ratio, primary, female (%)",TGO,1974,49.76453018188477,,
GER.1.F,"Gross enrolment ratio, primary, female (%)",TGO,1975,52.23416900634766,,
GER.1.F,"Gross enrolment ratio, primary, female (%)",TGO,1976,57.75418090820313,,
GER.1.F,"Gross enrolment ratio, primary, female (%)",TGO,1977,63.02713012695313,,
GER.1.F,"Gross enrolment ratio, primary, female (%)",TGO,1978,67.45778656005859,,
GER.1.F,"Gross enrolment ratio, primary, female (%)",TGO,1979,73.25618743896484,,
GER.1.F,"Gross enrolment ratio, primary, female (%)",TGO,1980,76.30844116210938,,
GER.1.F,"Gross enrolment ratio, primary, female (%)",TGO,1981,78.41307067871094,,
GER.1.F,"Gross enrolment ratio, primary, female (%)",TGO,1982,74.87655639648438,,
GER.1.F,"Gross enrolment ratio, primary, female (%)",TGO,1983,71.49265289306641,,
GER.1.F,"Gross enrolment ratio, primary, female (%)",TGO,1984,63.39849090576172,,
GER.1.F,"Gross enrolment ratio, primary, female (%)",TGO,1985,60.05934906005859,,
GER.1.F,"Gross enrolment ratio, primary, female (%)",TGO,1986,58.93907165527344,,
GER.1.F,"Gross enrolment ratio, primary, female (%)",TGO,1987,63.13140106201172,,
GER.1.F,"Gross enrolment ratio, primary, female (%)",TGO,1988,63.97077941894531,,
GER.1.F,"Gross enrolment ratio, primary, female (%)",TGO,1989,67.48406982421875,,
GER.1.F,"Gross enrolment ratio, primary, female (%)",TGO,1990,70.00814056396484,,
GER.1.F,"Gross enrolment ratio, primary, female (%)",TGO,1991,74.43830871582031,,
GER.1.F,"Gross enrolment ratio, primary, female (%)",TGO,1992,74.22637176513672,,
GER.1.F,"Gross enrolment ratio, primary, female (%)",TGO,1994,77.18756866455078,,
GER.1.F,"Gross enrolment ratio, primary, female (%)",TGO,1995,85.98468017578125,,
GER.1.F,"Gross enrolment ratio, primary, female (%)",TGO,1996,90.67314147949219,,
GER.1.F,"Gross enrolment ratio, primary, female (%)",TGO,1997,92.93253326416016,,
GER.1.F,"Gross enrolment ratio, primary, female (%)",TGO,1998,95.37584686279297,,
GER.1.F,"Gross enrolment ratio, primary, female (%)",TGO,1999,102.3119506835938,,
GER.1.F,"Gross enrolment ratio, primary, female (%)",TGO,2000,97.71005249023438,,
GER.1.F,"Gross enrolment ratio, primary, female (%)",TGO,2001,99.89473724365234,,
GER.1.F,"Gross enrolment ratio, primary, female (%)",TGO,2002,102.7070922851563,,
GER.1.F,"Gross enrolment ratio, primary, female (%)",TGO,2003,101.3276290893555,,
GER.1.F,"Gross enrolment ratio, primary, female (%)",TGO,2004,101.3063888549805,,
GER.1.F,"Gross enrolment ratio, primary, female (%)",TGO,2005,101.2271118164063,,
GER.1.F,"Gross enrolment ratio, primary, female (%)",TGO,2006,105.2596206665039,,
GER.1.F,"Gross enrolment ratio, primary, female (%)",TGO,2007,100.1608123779297,,
GER.1.F,"Gross enrolment ratio, primary, female (%)",TGO,2008,101.6199417114258,,
GER.1.F,"Gross enrolment ratio, primary, female (%)",TGO,2009,113.0378570556641,,
GER.1.F,"Gross enrolment ratio, primary, female (%)",TGO,2010,119.0333229158528,,
GER.1.F,"Gross enrolment ratio, primary, female (%)",TGO,2011,117.7511412264113,,
GER.1.F,"Gross enrolment ratio, primary, female (%)",TGO,2012,121.5460312869628,,
GER.1.F,"Gross enrolment ratio, primary, female (%)",TGO,2013,122.7089817856937,,
GER.1.F,"Gross enrolment ratio, primary, female (%)",TGO,2014,119.4487713219988,,
GER.1.F,"Gross enrolment ratio, primary, female (%)",TGO,2015,123.2795809888582,,
GER.1.F,"Gross enrolment ratio, primary, female (%)",TGO,2016,119.2386233923487,,
GER.1.F,"Gross enrolment ratio, primary, female (%)",TGO,2017,117.3498494699825,,
GER.1.F,"Gross enrolment ratio, primary, female (%)",TGO,2018,116.446764271389,,
GER.1.F,"Gross enrolment ratio, primary, female (%)",TGO,2019,116.4732781823583,,
GER.1.F,"Gross enrolment ratio, primary, female (%)",TGO,2020,118.2800895197375,,
GER.1.F,"Gross enrolment ratio, primary, female (%)",TGO,2021,115.6445204883566,,
GER.1.F,"Gross enrolment ratio, primary, female (%)",TGO,2022,117.2668702224574,,
GER.1.F,"Gross enrolment ratio, primary, female (%)",TGO,2023,115.1433472880147,,
GER.1.F,"Gross enrolment ratio, primary, female (%)",TGO,2024,113.1528472112916,,
GER.1.GPIA,"Gross enrolment ratio, primary, adjusted gender parity index (GPIA)",TGO,1971,.4446400105953217,,
GER.1.GPIA,"Gross enrolment ratio, primary, adjusted gender parity index (GPIA)",TGO,1972,.4588899910449982,,
GER.1.GPIA,"Gross enrolment ratio, primary, adjusted gender parity index (GPIA)",TGO,1973,.4709999859333038,,
GER.1.GPIA,"Gross enrolment ratio, primary, adjusted gender parity index (GPIA)",TGO,1974,.4872399866580963,,
GER.1.GPIA,"Gross enrolment ratio, primary, adjusted gender parity index (GPIA)",TGO,1975,.5032200217247009,,
GER.1.GPIA,"Gross enrolment ratio, primary, adjusted gender parity index (GPIA)",TGO,1976,.5281999707221985,,
GER.1.GPIA,"Gross enrolment ratio, primary, adjusted gender parity index (GPIA)",TGO,1977,.552839994430542,,
GER.1.GPIA,"Gross enrolment ratio, primary, adjusted gender parity index (GPIA)",TGO,1978,.5818300247192383,,
GER.1.GPIA,"Gross enrolment ratio, primary, adjusted gender parity index (GPIA)",TGO,1979,.6083099842071533,,
GER.1.GPIA,"Gross enrolment ratio, primary, adjusted gender parity index (GPIA)",TGO,1980,.6251500248908997,,
GER.1.GPIA,"Gross enrolment ratio, primary, adjusted gender parity index (GPIA)",TGO,1981,.6424300074577332,,
GER.1.GPIA,"Gross enrolment ratio, primary, adjusted gender parity index (GPIA)",TGO,1982,.6498799920082092,,
GER.1.GPIA,"Gross enrolment ratio, primary, adjusted gender parity index (GPIA)",TGO,1983,.6549199819564819,,
GER.1.GPIA,"Gross enrolment ratio, primary, adjusted gender parity index (GPIA)",TGO,1984,.6442300081253052,,
GER.1.GPIA,"Gross enrolment ratio, primary, adjusted gender parity index (GPIA)",TGO,1985,.6311500072479248,,
GER.1.GPIA,"Gross enrolment ratio, primary, adjusted gender parity index (GPIA)",TGO,1986,.6244099736213684,,
GER.1.GPIA,"Gross enrolment ratio, primary, adjusted gender parity index (GPIA)",TGO,1987,.6230499744415283,,
GER.1.GPIA,"Gross enrolment ratio, primary, adjusted gender parity index (GPIA)",TGO,1988,.6321200132369995,,
GER.1.GPIA,"Gross enrolment ratio, primary, adjusted gender parity index (GPIA)",TGO,1989,.6363999843597412,,
GER.1.GPIA,"Gross enrolment ratio, primary, adjusted gender parity index (GPIA)",TGO,1990,.6511399745941162,,
GER.1.GPIA,"Gross enrolment ratio, primary, adjusted gender parity index (GPIA)",TGO,1991,.6579200029373169,,
GER.1.GPIA,"Gross enrolment ratio, primary, adjusted gender parity index (GPIA)",TGO,1992,.6712899804115295,,
GER.1.GPIA,"Gross enrolment ratio, primary, adjusted gender parity index (GPIA)",TGO,1994,.6733400225639343,,
GER.1.GPIA,"Gross enrolment ratio, primary, adjusted gender parity index (GPIA)",TGO,1995,.687969982624054,,
GER.1.GPIA,"Gross enrolment ratio, primary, adjusted gender parity index (GPIA)",TGO,1996,.6997399926185608,,
GER.1.GPIA,"Gross enrolment ratio, primary, adjusted gender parity index (GPIA)",TGO,1997,.7177299857139587,,
GER.1.GPIA,"Gross enrolment ratio, primary, adjusted gender parity index (GPIA)",TGO,1998,.7384700179100037,,
GER.1.GPIA,"Gross enrolment ratio, primary, adjusted gender parity index (GPIA)",TGO,1999,.7660300135612488,,
GER.1.GPIA,"Gross enrolment ratio, primary, adjusted gender parity index (GPIA)",TGO,2000,.7895900011062622,,
GER.1.GPIA,"Gross enrolment ratio, primary, adjusted gender parity index (GPIA)",TGO,2001,.8045099973678589,,
GER.1.GPIA,"Gross enrolment ratio, primary, adjusted gender parity index (GPIA)",TGO,2002,.8246700167655945,,
GER.1.GPIA,"Gross enrolment ratio, primary, adjusted gender parity index (GPIA)",TGO,2003,.8364499807357788,,
GER.1.GPIA,"Gross enrolment ratio, primary, adjusted gender parity index (GPIA)",TGO,2004,.8494600057601929,,
GER.1.GPIA,"Gross enrolment ratio, primary, adjusted gender parity index (GPIA)",TGO,2005,.8605800271034241,,
GER.1.GPIA,"Gross enrolment ratio, primary, adjusted gender parity index (GPIA)",TGO,2006,.8714799880981445,,
GER.1.GPIA,"Gross enrolment ratio, primary, adjusted gender parity index (GPIA)",TGO,2007,.8769099712371826,,
GER.1.GPIA,"Gross enrolment ratio, primary, adjusted gender parity index (GPIA)",TGO,2008,.8892899751663208,,
GER.1.GPIA,"Gross enrolment ratio, primary, adjusted gender parity index (GPIA)",TGO,2009,.8640900254249573,,
GER.1.GPIA,"Gross enrolment ratio, primary, adjusted gender parity index (GPIA)",TGO,2010,.9135291239386291,,
GER.1.GPIA,"Gross enrolment ratio, primary, adjusted gender parity index (GPIA)",TGO,2011,.9218208700439595,,
GER.1.GPIA,"Gross enrolment ratio, primary, adjusted gender parity index (GPIA)",TGO,2012,.9356865164443564,,
GER.1.GPIA,"Gross enrolment ratio, primary, adjusted gender parity index (GPIA)",TGO,2013,.9479766692827853,,
GER.1.GPIA,"Gross enrolment ratio, primary, adjusted gender parity index (GPIA)",TGO,2014,.9547521140636237,,
GER.1.GPIA,"Gross enrolment ratio, primary, adjusted gender parity index (GPIA)",TGO,2015,.9639911902490381,,
GER.1.GPIA,"Gross enrolment ratio, primary, adjusted gender parity index (GPIA)",TGO,2016,.9641275696103746,,
GER.1.GPIA,"Gross enrolment ratio, primary, adjusted gender parity index (GPIA)",TGO,2017,.9664432728707457,,
GER.1.GPIA,"Gross enrolment ratio, primary, adjusted gender parity index (GPIA)",TGO,2018,.9768968786246236,,
GER.1.GPIA,"Gross enrolment ratio, primary, adjusted gender parity index (GPIA)",TGO,2019,.9787772909982337,,
GER.1.GPIA,"Gross enrolment ratio, primary, adjusted gender parity index (GPIA)",TGO,2020,.9837400138098437,,
GER.1.GPIA,"Gross enrolment ratio, primary, adjusted gender parity index (GPIA)",TGO,2021,.9777762217856151,,
GER.1.GPIA,"Gross enrolment ratio, primary, adjusted gender parity index (GPIA)",TGO,2022,.9808443871918924,,
GER.1.GPIA,"Gross enrolment ratio, primary, adjusted gender parity index (GPIA)",TGO,2023,.9799095900235185,,
GER.1.GPIA,"Gross enrolment ratio, primary, adjusted gender parity index (GPIA)",TGO,2024,.9807808098531988,,
GER.1.M,"Gross enrolment ratio, primary, male (%)",TGO,1971,84.84513854980469,,
GER.1.M,"Gross enrolment ratio, primary, male (%)",TGO,1972,91.61717987060547,,
GER.1.M,"Gross enrolment ratio, primary, male (%)",TGO,1973,99.12354278564453,,
GER.1.M,"Gross enrolment ratio, primary, male (%)",TGO,1974,102.1359024047852,,
GER.1.M,"Gross enrolment ratio, primary, male (%)",TGO,1975,103.80078125,,
GER.1.M,"Gross enrolment ratio, primary, male (%)",TGO,1976,109.3407821655273,,
GER.1.M,"Gross enrolment ratio, primary, male (%)",TGO,1977,114.0066680908203,,
GER.1.M,"Gross enrolment ratio, primary, male (%)",TGO,1978,115.9413299560547,,
GER.1.M,"Gross enrolment ratio, primary, male (%)",TGO,1979,120.4264373779297,,
GER.1.M,"Gross enrolment ratio, primary, male (%)",TGO,1980,122.0634002685547,,
GER.1.M,"Gross enrolment ratio, primary, male (%)",TGO,1981,122.0571212768555,,
GER.1.M,"Gross enrolment ratio, primary, male (%)",TGO,1982,115.21630859375,,
GER.1.M,"Gross enrolment ratio, primary, male (%)",TGO,1983,109.162467956543,,
GER.1.M,"Gross enrolment ratio, primary, male (%)",TGO,1984,98.41046142578125,,
GER.1.M,"Gross enrolment ratio, primary, male (%)",TGO,1985,95.15837860107422,,
GER.1.M,"Gross enrolment ratio, primary, male (%)",TGO,1986,94.39112091064453,,
GER.1.M,"Gross enrolment ratio, primary, male (%)",TGO,1987,101.3264617919922,,
GER.1.M,"Gross enrolment ratio, primary, male (%)",TGO,1988,101.1999435424805,,
GER.1.M,"Gross enrolment ratio, primary, male (%)",TGO,1989,106.0397186279297,,
GER.1.M,"Gross enrolment ratio, primary, male (%)",TGO,1990,107.5166702270508,,
GER.1.M,"Gross enrolment ratio, primary, male (%)",TGO,1991,113.1410980224609,,
GER.1.M,"Gross enrolment ratio, primary, male (%)",TGO,1992,110.5727233886719,,
GER.1.M,"Gross enrolment ratio, primary, male (%)",TGO,1994,114.6346664428711,,
GER.1.M,"Gross enrolment ratio, primary, male (%)",TGO,1995,124.982780456543,,
GER.1.M,"Gross enrolment ratio, primary, male (%)",TGO,1996,129.58203125,,
GER.1.M,"Gross enrolment ratio, primary, male (%)",TGO,1997,129.4817047119141,,
GER.1.M,"Gross enrolment ratio, primary, male (%)",TGO,1998,129.1539001464844,,
GER.1.M,"Gross enrolment ratio, primary, male (%)",TGO,1999,133.5609436035156,,
GER.1.M,"Gross enrolment ratio, primary, male (%)",TGO,2000,123.7483062744141,,
GER.1.M,"Gross enrolment ratio, primary, male (%)",TGO,2001,124.168571472168,,
GER.1.M,"Gross enrolment ratio, primary, male (%)",TGO,2002,124.5438385009766,,
GER.1.M,"Gross enrolment ratio, primary, male (%)",TGO,2003,121.1400680541992,,
GER.1.M,"Gross enrolment ratio, primary, male (%)",TGO,2004,119.2598190307617,,
GER.1.M,"Gross enrolment ratio, primary, male (%)",TGO,2005,117.626823425293,,
GER.1.M,"Gross enrolment ratio, primary, male (%)",TGO,2006,120.7822113037109,,
GER.1.M,"Gross enrolment ratio, primary, male (%)",TGO,2007,114.2199783325195,,
GER.1.M,"Gross enrolment ratio, primary, male (%)",TGO,2008,114.2704391479492,,
GER.1.M,"Gross enrolment ratio, primary, male (%)",TGO,2009,130.8166961669922,,
GER.1.M,"Gross enrolment ratio, primary, male (%)",TGO,2010,130.3005233184547,,
GER.1.M,"Gross enrolment ratio, primary, male (%)",TGO,2011,127.7375518963853,,
GER.1.M,"Gross enrolment ratio, primary, male (%)",TGO,2012,129.9003770502563,,
GER.1.M,"Gross enrolment ratio, primary, male (%)",TGO,2013,129.4430398572279,,
GER.1.M,"Gross enrolment ratio, primary, male (%)",TGO,2014,125.1097217408611,,
GER.1.M,"Gross enrolment ratio, primary, male (%)",TGO,2015,127.8845514729342,,
GER.1.M,"Gross enrolment ratio, primary, male (%)",TGO,2016,123.675151661243,,
GER.1.M,"Gross enrolment ratio, primary, male (%)",TGO,2017,121.4244568348061,,
GER.1.M,"Gross enrolment ratio, primary, male (%)",TGO,2018,119.2006718614301,,
GER.1.M,"Gross enrolment ratio, primary, male (%)",TGO,2019,118.9987541124597,,
GER.1.M,"Gross enrolment ratio, primary, male (%)",TGO,2020,120.2351107602715,,
GER.1.M,"Gross enrolment ratio, primary, male (%)",TGO,2021,118.2729932593028,,
GER.1.M,"Gross enrolment ratio, primary, male (%)",TGO,2022,119.5570589522223,,
GER.1.M,"Gross enrolment ratio, primary, male (%)",TGO,2023,117.5040518638574,,
GER.1.M,"Gross enrolment ratio, primary, male (%)",TGO,2024,115.3701684153344,,
GER.1T2,"Gross enrolment ratio, primary and lower secondary, both sexes (%)",TGO,1995,77.54147338867188,,
GER.1T2,"Gross enrolment ratio, primary and lower secondary, both sexes (%)",TGO,1999,88.62663269042969,,
GER.1T2,"Gross enrolment ratio, primary and lower secondary, both sexes (%)",TGO,2000,85.65602874755859,,
GER.1T2,"Gross enrolment ratio, primary and lower secondary, both sexes (%)",TGO,2001,87.74334716796875,,UIS_EST
GER.1T2,"Gross enrolment ratio, primary and lower secondary, both sexes (%)",TGO,2002,90.98944091796875,,UIS_EST
GER.1T2,"Gross enrolment ratio, primary and lower secondary, both sexes (%)",TGO,2003,90.64185333251953,,
GER.1T2,"Gross enrolment ratio, primary and lower secondary, both sexes (%)",TGO,2004,90.85540008544922,,
GER.1T2,"Gross enrolment ratio, primary and lower secondary, both sexes (%)",TGO,2005,90.34900665283203,,
GER.1T2,"Gross enrolment ratio, primary and lower secondary, both sexes (%)",TGO,2006,93.32443237304688,,
GER.1T2,"Gross enrolment ratio, primary and lower secondary, both sexes (%)",TGO,2007,87.05152893066406,,UIS_EST
GER.1T2,"Gross enrolment ratio, primary and lower secondary, both sexes (%)",TGO,2011,101.8537852435554,,
GER.1T2,"Gross enrolment ratio, primary and lower secondary, both sexes (%)",TGO,2017,104.1224751120429,,
GER.1T2,"Gross enrolment ratio, primary and lower secondary, both sexes (%)",TGO,2021,102.415065877177,,
GER.1T2,"Gross enrolment ratio, primary and lower secondary, both sexes (%)",TGO,2023,101.2371642686945,,
GER.1T2.F,"Gross enrolment ratio, primary and lower secondary, female (%)",TGO,1995,60.4144287109375,,
GER.1T2.F,"Gross enrolment ratio, primary and lower secondary, female (%)",TGO,1999,73.31941986083984,,
GER.1T2.F,"Gross enrolment ratio, primary and lower secondary, female (%)",TGO,2000,71.99620056152344,,
GER.1T2.F,"Gross enrolment ratio, primary and lower secondary, female (%)",TGO,2001,74.43138122558594,,UIS_EST
GER.1T2.F,"Gross enrolment ratio, primary and lower secondary, female (%)",TGO,2002,78.05992126464844,,UIS_EST
GER.1T2.F,"Gross enrolment ratio, primary and lower secondary, female (%)",TGO,2003,78.10555267333984,,
GER.1T2.F,"Gross enrolment ratio, primary and lower secondary, female (%)",TGO,2004,79.07450103759766,,
GER.1T2.F,"Gross enrolment ratio, primary and lower secondary, female (%)",TGO,2005,79.36995697021484,,
GER.1T2.F,"Gross enrolment ratio, primary and lower secondary, female (%)",TGO,2006,82.76528167724609,,
GER.1T2.F,"Gross enrolment ratio, primary and lower secondary, female (%)",TGO,2007,77.36749267578125,,UIS_EST
GER.1T2.F,"Gross enrolment ratio, primary and lower secondary, female (%)",TGO,2017,99.62313239135018,,
GER.1T2.F,"Gross enrolment ratio, primary and lower secondary, female (%)",TGO,2021,99.28828164706206,,
GER.1T2.F,"Gross enrolment ratio, primary and lower secondary, female (%)",TGO,2023,98.52354283016003,,
GER.1T2.GPIA,"Gross enrolment ratio, primary and lower secondary, adjusted gender parity index (GPIA)",TGO,1995,.6392800211906433,,
GER.1T2.GPIA,"Gross enrolment ratio, primary and lower secondary, adjusted gender parity index (GPIA)",TGO,1999,.7067300081253052,,
GER.1T2.GPIA,"Gross enrolment ratio, primary and lower secondary, adjusted gender parity index (GPIA)",TGO,2000,.7261899709701538,,
GER.1T2.GPIA,"Gross enrolment ratio, primary and lower secondary, adjusted gender parity index (GPIA)",TGO,2001,.7378000020980835,,UIS_EST
GER.1T2.GPIA,"Gross enrolment ratio, primary and lower secondary, adjusted gender parity index (GPIA)",TGO,2002,.7523900270462036,,UIS_EST
GER.1T2.GPIA,"Gross enrolment ratio, primary and lower secondary, adjusted gender parity index (GPIA)",TGO,2003,.7582200169563293,,
GER.1T2.GPIA,"Gross enrolment ratio, primary and lower secondary, adjusted gender parity index (GPIA)",TGO,2004,.771619975566864,,
GER.1T2.GPIA,"Gross enrolment ratio, primary and lower secondary, adjusted gender parity index (GPIA)",TGO,2005,.7844399809837341,,
GER.1T2.GPIA,"Gross enrolment ratio, primary and lower secondary, adjusted gender parity index (GPIA)",TGO,2006,.7978100180625916,,
GER.1T2.GPIA,"Gross enrolment ratio, primary and lower secondary, adjusted gender parity index (GPIA)",TGO,2007,.8008900284767151,,UIS_EST
GER.1T2.GPIA,"Gross enrolment ratio, primary and lower secondary, adjusted gender parity index (GPIA)",TGO,2017,.9178687971258495,,
GER.1T2.GPIA,"Gross enrolment ratio, primary and lower secondary, adjusted gender parity index (GPIA)",TGO,2021,.9413021622224307,,
GER.1T2.GPIA,"Gross enrolment ratio, primary and lower secondary, adjusted gender parity index (GPIA)",TGO,2023,.948293961425194,,
GER.1T2.M,"Gross enrolment ratio, primary and lower secondary, male (%)",TGO,1995,94.504150390625,,
GER.1T2.M,"Gross enrolment ratio, primary and lower secondary, male (%)",TGO,1999,103.7448806762695,,
GER.1T2.M,"Gross enrolment ratio, primary and lower secondary, male (%)",TGO,2000,99.14270782470703,,
GER.1T2.M,"Gross enrolment ratio, primary and lower secondary, male (%)",TGO,2001,100.8833618164063,,UIS_EST
GER.1T2.M,"Gross enrolment ratio, primary and lower secondary, male (%)",TGO,2002,103.7489700317383,,UIS_EST
GER.1T2.M,"Gross enrolment ratio, primary and lower secondary, male (%)",TGO,2003,103.0111465454102,,
GER.1T2.M,"Gross enrolment ratio, primary and lower secondary, male (%)",TGO,2004,102.4780807495117,,
GER.1T2.M,"Gross enrolment ratio, primary and lower secondary, male (%)",TGO,2005,101.1802368164063,,
GER.1T2.M,"Gross enrolment ratio, primary and lower secondary, male (%)",TGO,2006,103.7405166625977,,
GER.1T2.M,"Gross enrolment ratio, primary and lower secondary, male (%)",TGO,2007,96.60209655761719,,UIS_EST
GER.1T2.M,"Gross enrolment ratio, primary and lower secondary, male (%)",TGO,2017,108.5374431545153,,
GER.1T2.M,"Gross enrolment ratio, primary and lower secondary, male (%)",TGO,2021,105.4797127126965,,
GER.1T2.M,"Gross enrolment ratio, primary and lower secondary, male (%)",TGO,2023,103.8955712446894,,
GER.1T3,"Gross enrolment ratio, primary and secondary, both sexes (%)",TGO,1971,34.62643051147461,,
GER.1T3,"Gross enrolment ratio, primary and secondary, both sexes (%)",TGO,1972,38.19937133789063,,
GER.1T3,"Gross enrolment ratio, primary and secondary, both sexes (%)",TGO,1973,41.87416076660156,,
GER.1T3,"Gross enrolment ratio, primary and secondary, both sexes (%)",TGO,1974,44.2304801940918,,
GER.1T3,"Gross enrolment ratio, primary and secondary, both sexes (%)",TGO,1975,46.58092880249023,,
GER.1T3,"Gross enrolment ratio, primary and secondary, both sexes (%)",TGO,1976,51.2735595703125,,
GER.1T3,"Gross enrolment ratio, primary and secondary, both sexes (%)",TGO,1977,55.66178131103516,,
GER.1T3,"Gross enrolment ratio, primary and secondary, both sexes (%)",TGO,1978,58.80065155029297,,
GER.1T3,"Gross enrolment ratio, primary and secondary, both sexes (%)",TGO,1979,63.15969848632813,,
GER.1T3,"Gross enrolment ratio, primary and secondary, both sexes (%)",TGO,1980,65.56535339355469,,
GER.1T3,"Gross enrolment ratio, primary and secondary, both sexes (%)",TGO,1982,62.77301025390625,,
GER.1T3,"Gross enrolment ratio, primary and secondary, both sexes (%)",TGO,1983,58.73574829101563,,
GER.1T3,"Gross enrolment ratio, primary and secondary, both sexes (%)",TGO,1984,51.74834823608398,,
GER.1T3,"Gross enrolment ratio, primary and secondary, both sexes (%)",TGO,1985,48.65692901611328,,
GER.1T3,"Gross enrolment ratio, primary and secondary, both sexes (%)",TGO,1986,48.30615997314453,,
GER.1T3,"Gross enrolment ratio, primary and secondary, both sexes (%)",TGO,1987,50.90071868896484,,
GER.1T3,"Gross enrolment ratio, primary and secondary, both sexes (%)",TGO,1988,52.01958847045898,,
GER.1T3,"Gross enrolment ratio, primary and secondary, both sexes (%)",TGO,1989,53.30363082885742,,
GER.1T3,"Gross enrolment ratio, primary and secondary, both sexes (%)",TGO,1990,55.21284866333008,,
GER.1T3,"Gross enrolment ratio, primary and secondary, both sexes (%)",TGO,1991,57.17319107055664,,
GER.1T3,"Gross enrolment ratio, primary and secondary, both sexes (%)",TGO,1992,56.20671081542969,,
GER.1T3,"Gross enrolment ratio, primary and secondary, both sexes (%)",TGO,1994,58.38739013671875,,
GER.1T3,"Gross enrolment ratio, primary and secondary, both sexes (%)",TGO,1995,64.01872253417969,,
GER.1T3,"Gross enrolment ratio, primary and secondary, both sexes (%)",TGO,1996,67.00382995605469,,
GER.1T3,"Gross enrolment ratio, primary and secondary, both sexes (%)",TGO,1997,67.71836853027344,,
GER.1T3,"Gross enrolment ratio, primary and secondary, both sexes (%)",TGO,1999,73.79192352294922,,
GER.1T3,"Gross enrolment ratio, primary and secondary, both sexes (%)",TGO,2000,71.38318634033203,,
GER.1T3,"Gross enrolment ratio, primary and secondary, both sexes (%)",TGO,2001,73.40715026855469,,
GER.1T3,"Gross enrolment ratio, primary and secondary, both sexes (%)",TGO,2002,76.18109893798828,,
GER.1T3,"Gross enrolment ratio, primary and secondary, both sexes (%)",TGO,2003,75.98101806640625,,
GER.1T3,"Gross enrolment ratio, primary and secondary, both sexes (%)",TGO,2004,76.13394165039063,,
GER.1T3,"Gross enrolment ratio, primary and secondary, both sexes (%)",TGO,2005,76.77989196777344,,
GER.1T3,"Gross enrolment ratio, primary and secondary, both sexes (%)",TGO,2006,79.47754669189453,,
GER.1T3,"Gross enrolment ratio, primary and secondary, both sexes (%)",TGO,2007,74.93479919433594,,
GER.1T3,"Gross enrolment ratio, primary and secondary, both sexes (%)",TGO,2011,88.18218994140625,,
GER.1T3,"Gross enrolment ratio, primary and secondary, both sexes (%)",TGO,2017,91.01883431196747,,
GER.1T3,"Gross enrolment ratio, primary and secondary, both sexes (%)",TGO,2021,90.42365756985316,,
GER.1T3,"Gross enrolment ratio, primary and secondary, both sexes (%)",TGO,2023,89.76352088421567,,
GER.1T3.F,"Gross enrolment ratio, primary and secondary, female (%)",TGO,1971,20.83721923828125,,
GER.1T3.F,"Gross enrolment ratio, primary and secondary, female (%)",TGO,1972,23.56888961791992,,
GER.1T3.F,"Gross enrolment ratio, primary and secondary, female (%)",TGO,1973,26.15768051147461,,
GER.1T3.F,"Gross enrolment ratio, primary and secondary, female (%)",TGO,1974,28.14112091064453,,
GER.1T3.F,"Gross enrolment ratio, primary and secondary, female (%)",TGO,1975,29.96927070617676,,
GER.1T3.F,"Gross enrolment ratio, primary and secondary, female (%)",TGO,1976,33.776611328125,,
GER.1T3.F,"Gross enrolment ratio, primary and secondary, female (%)",TGO,1977,37.20394134521484,,
GER.1T3.F,"Gross enrolment ratio, primary and secondary, female (%)",TGO,1978,40.23871994018555,,
GER.1T3.F,"Gross enrolment ratio, primary and secondary, female (%)",TGO,1979,44.22375106811523,,
GER.1T3.F,"Gross enrolment ratio, primary and secondary, female (%)",TGO,1980,46.47406005859375,,
GER.1T3.F,"Gross enrolment ratio, primary and secondary, female (%)",TGO,1982,45.72296142578125,,
GER.1T3.F,"Gross enrolment ratio, primary and secondary, female (%)",TGO,1983,43.07572174072266,,
GER.1T3.F,"Gross enrolment ratio, primary and secondary, female (%)",TGO,1984,37.7193489074707,,
GER.1T3.F,"Gross enrolment ratio, primary and secondary, female (%)",TGO,1985,35.19121932983398,,
GER.1T3.F,"Gross enrolment ratio, primary and secondary, female (%)",TGO,1986,34.59748840332031,,
GER.1T3.F,"Gross enrolment ratio, primary and secondary, female (%)",TGO,1987,36.57482147216797,,
GER.1T3.F,"Gross enrolment ratio, primary and secondary, female (%)",TGO,1988,37.60517120361328,,
GER.1T3.F,"Gross enrolment ratio, primary and secondary, female (%)",TGO,1989,38.81301116943359,,
GER.1T3.F,"Gross enrolment ratio, primary and secondary, female (%)",TGO,1990,40.79985046386719,,
GER.1T3.F,"Gross enrolment ratio, primary and secondary, female (%)",TGO,1991,42.66397094726563,,
GER.1T3.F,"Gross enrolment ratio, primary and secondary, female (%)",TGO,1992,42.26321029663086,,
GER.1T3.F,"Gross enrolment ratio, primary and secondary, female (%)",TGO,1994,44.05178070068359,,
GER.1T3.F,"Gross enrolment ratio, primary and secondary, female (%)",TGO,1995,48.99882125854492,,
GER.1T3.F,"Gross enrolment ratio, primary and secondary, female (%)",TGO,1996,51.67884826660156,,
GER.1T3.F,"Gross enrolment ratio, primary and secondary, female (%)",TGO,1997,53.04364013671875,,
GER.1T3.F,"Gross enrolment ratio, primary and secondary, female (%)",TGO,1999,59.7559814453125,,
GER.1T3.F,"Gross enrolment ratio, primary and secondary, female (%)",TGO,2000,58.85993957519531,,
GER.1T3.F,"Gross enrolment ratio, primary and secondary, female (%)",TGO,2001,60.99916076660156,,
GER.1T3.F,"Gross enrolment ratio, primary and secondary, female (%)",TGO,2002,64.00048065185547,,
GER.1T3.F,"Gross enrolment ratio, primary and secondary, female (%)",TGO,2003,64.23213958740234,,
GER.1T3.F,"Gross enrolment ratio, primary and secondary, female (%)",TGO,2004,65.05024719238281,,
GER.1T3.F,"Gross enrolment ratio, primary and secondary, female (%)",TGO,2005,66.03391265869141,,
GER.1T3.F,"Gross enrolment ratio, primary and secondary, female (%)",TGO,2006,68.97290802001953,,
GER.1T3.F,"Gross enrolment ratio, primary and secondary, female (%)",TGO,2007,64.95114898681641,,UIS_EST
GER.1T3.F,"Gross enrolment ratio, primary and secondary, female (%)",TGO,2017,85.48810791622293,,
GER.1T3.F,"Gross enrolment ratio, primary and secondary, female (%)",TGO,2021,86.76464632108686,,
GER.1T3.F,"Gross enrolment ratio, primary and secondary, female (%)",TGO,2023,87.01049693757263,,
GER.1T3.GPIA,"Gross enrolment ratio, primary and secondary, adjusted gender parity index (GPIA)",TGO,1971,.429069995880127,,
GER.1T3.GPIA,"Gross enrolment ratio, primary and secondary, adjusted gender parity index (GPIA)",TGO,1972,.4448499977588654,,
GER.1T3.GPIA,"Gross enrolment ratio, primary and secondary, adjusted gender parity index (GPIA)",TGO,1973,.4529500007629395,,
GER.1T3.GPIA,"Gross enrolment ratio, primary and secondary, adjusted gender parity index (GPIA)",TGO,1974,.4653199911117554,,
GER.1T3.GPIA,"Gross enrolment ratio, primary and secondary, adjusted gender parity index (GPIA)",TGO,1975,.4730899930000305,,
GER.1T3.GPIA,"Gross enrolment ratio, primary and secondary, adjusted gender parity index (GPIA)",TGO,1976,.4900299906730652,,
GER.1T3.GPIA,"Gross enrolment ratio, primary and secondary, adjusted gender parity index (GPIA)",TGO,1977,.5008800029754639,,
GER.1T3.GPIA,"Gross enrolment ratio, primary and secondary, adjusted gender parity index (GPIA)",TGO,1978,.5191500186920166,,
GER.1T3.GPIA,"Gross enrolment ratio, primary and secondary, adjusted gender parity index (GPIA)",TGO,1979,.5378199815750122,,
GER.1T3.GPIA,"Gross enrolment ratio, primary and secondary, adjusted gender parity index (GPIA)",TGO,1980,.5482500195503235,,
GER.1T3.GPIA,"Gross enrolment ratio, primary and secondary, adjusted gender parity index (GPIA)",TGO,1982,.5724200010299683,,
GER.1T3.GPIA,"Gross enrolment ratio, primary and secondary, adjusted gender parity index (GPIA)",TGO,1983,.578790009021759,,
GER.1T3.GPIA,"Gross enrolment ratio, primary and secondary, adjusted gender parity index (GPIA)",TGO,1984,.5733699798583984,,
GER.1T3.GPIA,"Gross enrolment ratio, primary and secondary, adjusted gender parity index (GPIA)",TGO,1985,.5665299892425537,,
GER.1T3.GPIA,"Gross enrolment ratio, primary and secondary, adjusted gender parity index (GPIA)",TGO,1986,.5580599904060364,,
GER.1T3.GPIA,"Gross enrolment ratio, primary and secondary, adjusted gender parity index (GPIA)",TGO,1987,.5609999895095825,,
GER.1T3.GPIA,"Gross enrolment ratio, primary and secondary, adjusted gender parity index (GPIA)",TGO,1988,.5664200186729431,,
GER.1T3.GPIA,"Gross enrolment ratio, primary and secondary, adjusted gender parity index (GPIA)",TGO,1989,.5729799866676331,,
GER.1T3.GPIA,"Gross enrolment ratio, primary and secondary, adjusted gender parity index (GPIA)",TGO,1990,.5865700244903564,,
GER.1T3.GPIA,"Gross enrolment ratio, primary and secondary, adjusted gender parity index (GPIA)",TGO,1991,.5958700180053711,,
GER.1T3.GPIA,"Gross enrolment ratio, primary and secondary, adjusted gender parity index (GPIA)",TGO,1992,.6032599806785583,,
GER.1T3.GPIA,"Gross enrolment ratio, primary and secondary, adjusted gender parity index (GPIA)",TGO,1994,.6067500114440918,,
GER.1T3.GPIA,"Gross enrolment ratio, primary and secondary, adjusted gender parity index (GPIA)",TGO,1995,.6210200190544128,,
GER.1T3.GPIA,"Gross enrolment ratio, primary and secondary, adjusted gender parity index (GPIA)",TGO,1996,.6288800239562988,,
GER.1T3.GPIA,"Gross enrolment ratio, primary and secondary, adjusted gender parity index (GPIA)",TGO,1997,.6450099945068359,,
GER.1T3.GPIA,"Gross enrolment ratio, primary and secondary, adjusted gender parity index (GPIA)",TGO,1999,.6816700100898743,,
GER.1T3.GPIA,"Gross enrolment ratio, primary and secondary, adjusted gender parity index (GPIA)",TGO,2000,.7027900218963623,,
GER.1T3.GPIA,"Gross enrolment ratio, primary and secondary, adjusted gender parity index (GPIA)",TGO,2001,.712149977684021,,
GER.1T3.GPIA,"Gross enrolment ratio, primary and secondary, adjusted gender parity index (GPIA)",TGO,2002,.7256399989128113,,
GER.1T3.GPIA,"Gross enrolment ratio, primary and secondary, adjusted gender parity index (GPIA)",TGO,2003,.7335100173950195,,
GER.1T3.GPIA,"Gross enrolment ratio, primary and secondary, adjusted gender parity index (GPIA)",TGO,2004,.7471699714660645,,
GER.1T3.GPIA,"Gross enrolment ratio, primary and secondary, adjusted gender parity index (GPIA)",TGO,2005,.7557700276374817,,
GER.1T3.GPIA,"Gross enrolment ratio, primary and secondary, adjusted gender parity index (GPIA)",TGO,2006,.7678099870681763,,
GER.1T3.GPIA,"Gross enrolment ratio, primary and secondary, adjusted gender parity index (GPIA)",TGO,2007,.7661700248718262,,UIS_EST
GER.1T3.GPIA,"Gross enrolment ratio, primary and secondary, adjusted gender parity index (GPIA)",TGO,2017,.8863908880602569,,
GER.1T3.GPIA,"Gross enrolment ratio, primary and secondary, adjusted gender parity index (GPIA)",TGO,2021,.9229494477535037,,
GER.1T3.GPIA,"Gross enrolment ratio, primary and secondary, adjusted gender parity index (GPIA)",TGO,2023,.9410715336588042,,
GER.1T3.M,"Gross enrolment ratio, primary and secondary, male (%)",TGO,1971,48.56338119506836,,
GER.1T3.M,"Gross enrolment ratio, primary and secondary, male (%)",TGO,1972,52.98226165771484,,
GER.1T3.M,"Gross enrolment ratio, primary and secondary, male (%)",TGO,1973,57.74943161010742,,
GER.1T3.M,"Gross enrolment ratio, primary and secondary, male (%)",TGO,1974,60.47650146484375,,
GER.1T3.M,"Gross enrolment ratio, primary and secondary, male (%)",TGO,1975,63.34820938110352,,
GER.1T3.M,"Gross enrolment ratio, primary and secondary, male (%)",TGO,1976,68.92755126953125,,
GER.1T3.M,"Gross enrolment ratio, primary and secondary, male (%)",TGO,1977,74.27667999267578,,
GER.1T3.M,"Gross enrolment ratio, primary and secondary, male (%)",TGO,1978,77.50817108154297,,
GER.1T3.M,"Gross enrolment ratio, primary and secondary, male (%)",TGO,1979,82.22795867919922,,
GER.1T3.M,"Gross enrolment ratio, primary and secondary, male (%)",TGO,1980,84.76857757568359,,
GER.1T3.M,"Gross enrolment ratio, primary and secondary, male (%)",TGO,1982,79.87702178955078,,
GER.1T3.M,"Gross enrolment ratio, primary and secondary, male (%)",TGO,1983,74.42434692382813,,
GER.1T3.M,"Gross enrolment ratio, primary and secondary, male (%)",TGO,1984,65.78568267822266,,
GER.1T3.M,"Gross enrolment ratio, primary and secondary, male (%)",TGO,1985,62.11682891845703,,
GER.1T3.M,"Gross enrolment ratio, primary and secondary, male (%)",TGO,1986,61.99655151367188,,
GER.1T3.M,"Gross enrolment ratio, primary and secondary, male (%)",TGO,1987,65.19534301757813,,
GER.1T3.M,"Gross enrolment ratio, primary and secondary, male (%)",TGO,1988,66.39060974121094,,
GER.1T3.M,"Gross enrolment ratio, primary and secondary, male (%)",TGO,1989,67.73851013183594,,
GER.1T3.M,"Gross enrolment ratio, primary and secondary, male (%)",TGO,1990,69.55716705322266,,
GER.1T3.M,"Gross enrolment ratio, primary and secondary, male (%)",TGO,1991,71.59973907470703,,
GER.1T3.M,"Gross enrolment ratio, primary and secondary, male (%)",TGO,1992,70.05802154541016,,
GER.1T3.M,"Gross enrolment ratio, primary and secondary, male (%)",TGO,1994,72.60275268554688,,
GER.1T3.M,"Gross enrolment ratio, primary and secondary, male (%)",TGO,1995,78.9005126953125,,
GER.1T3.M,"Gross enrolment ratio, primary and secondary, male (%)",TGO,1996,82.176513671875,,
GER.1T3.M,"Gross enrolment ratio, primary and secondary, male (%)",TGO,1997,82.23744964599609,,
GER.1T3.M,"Gross enrolment ratio, primary and secondary, male (%)",TGO,1999,87.66156005859375,,
GER.1T3.M,"Gross enrolment ratio, primary and secondary, male (%)",TGO,2000,83.75153350830078,,
GER.1T3.M,"Gross enrolment ratio, primary and secondary, male (%)",TGO,2001,85.65538787841797,,
GER.1T3.M,"Gross enrolment ratio, primary and secondary, male (%)",TGO,2002,88.19901275634766,,
GER.1T3.M,"Gross enrolment ratio, primary and secondary, male (%)",TGO,2003,87.56832122802734,,
GER.1T3.M,"Gross enrolment ratio, primary and secondary, male (%)",TGO,2004,87.06208038330078,,
GER.1T3.M,"Gross enrolment ratio, primary and secondary, male (%)",TGO,2005,87.37315368652344,,
GER.1T3.M,"Gross enrolment ratio, primary and secondary, male (%)",TGO,2006,89.83112335205078,,
GER.1T3.M,"Gross enrolment ratio, primary and secondary, male (%)",TGO,2007,84.77388000488281,,UIS_EST
GER.1T3.M,"Gross enrolment ratio, primary and secondary, male (%)",TGO,2017,96.44515649670289,,
GER.1T3.M,"Gross enrolment ratio, primary and secondary, male (%)",TGO,2021,94.00801585858848,,
GER.1T3.M,"Gross enrolment ratio, primary and secondary, male (%)",TGO,2023,92.45896175318722,,
GER.1T8,"Gross enrolment ratio, primary to tertiary, both sexes (%)",TGO,1971,27.13311004638672,,
GER.1T8,"Gross enrolment ratio, primary to tertiary, both sexes (%)",TGO,1972,29.97433090209961,,
GER.1T8,"Gross enrolment ratio, primary to tertiary, both sexes (%)",TGO,1973,32.84857177734375,,
GER.1T8,"Gross enrolment ratio, primary to tertiary, both sexes (%)",TGO,1974,34.67119979858398,,
GER.1T8,"Gross enrolment ratio, primary to tertiary, both sexes (%)",TGO,1975,36.56587982177734,,
GER.1T8,"Gross enrolment ratio, primary to tertiary, both sexes (%)",TGO,1976,40.35242080688477,,
GER.1T8,"Gross enrolment ratio, primary to tertiary, both sexes (%)",TGO,1977,43.88079071044922,,
GER.1T8,"Gross enrolment ratio, primary to tertiary, both sexes (%)",TGO,1978,46.43223190307617,,
GER.1T8,"Gross enrolment ratio, primary to tertiary, both sexes (%)",TGO,1979,49.90657043457031,,
GER.1T8,"Gross enrolment ratio, primary to tertiary, both sexes (%)",TGO,1980,51.87994003295898,,
GER.1T8,"Gross enrolment ratio, primary to tertiary, both sexes (%)",TGO,1982,49.78437042236328,,
GER.1T8,"Gross enrolment ratio, primary to tertiary, both sexes (%)",TGO,1983,46.57752990722656,,
GER.1T8,"Gross enrolment ratio, primary to tertiary, both sexes (%)",TGO,1984,41.0719108581543,,
GER.1T8,"Gross enrolment ratio, primary to tertiary, both sexes (%)",TGO,1987,40.44142913818359,,
GER.1T8,"Gross enrolment ratio, primary to tertiary, both sexes (%)",TGO,1988,41.33938980102539,,
GER.1T8,"Gross enrolment ratio, primary to tertiary, both sexes (%)",TGO,1989,42.31496047973633,,
GER.1T8,"Gross enrolment ratio, primary to tertiary, both sexes (%)",TGO,1990,43.76739883422852,,
GER.1T8,"Gross enrolment ratio, primary to tertiary, both sexes (%)",TGO,1991,45.28300857543945,,
GER.1T8,"Gross enrolment ratio, primary to tertiary, both sexes (%)",TGO,1992,44.4964714050293,,
GER.1T8,"Gross enrolment ratio, primary to tertiary, both sexes (%)",TGO,1994,45.95211029052734,,
GER.1T8,"Gross enrolment ratio, primary to tertiary, both sexes (%)",TGO,1995,50.29990005493164,,
GER.1T8,"Gross enrolment ratio, primary to tertiary, both sexes (%)",TGO,1996,52.50587844848633,,
GER.1T8,"Gross enrolment ratio, primary to tertiary, both sexes (%)",TGO,2000,55.58607864379883,,UIS_EST
GER.1T8,"Gross enrolment ratio, primary to tertiary, both sexes (%)",TGO,2003,58.96831130981445,,UIS_EST
GER.1T8,"Gross enrolment ratio, primary to tertiary, both sexes (%)",TGO,2004,59.13787078857422,,UIS_EST
GER.1T8,"Gross enrolment ratio, primary to tertiary, both sexes (%)",TGO,2005,59.70549011230469,,UIS_EST
GER.1T8,"Gross enrolment ratio, primary to tertiary, both sexes (%)",TGO,2006,62.09675979614258,,UIS_EST
GER.1T8,"Gross enrolment ratio, primary to tertiary, both sexes (%)",TGO,2007,58.67890930175781,,UIS_EST
GER.1T8,"Gross enrolment ratio, primary to tertiary, both sexes (%)",TGO,2011,69.762939453125,,
GER.1T8,"Gross enrolment ratio, primary to tertiary, both sexes (%)",TGO,2017,73.27809906005859,,
GER.1T8.F,"Gross enrolment ratio, primary to tertiary, female (%)",TGO,1972,18.43551063537598,,
GER.1T8.F,"Gross enrolment ratio, primary to tertiary, female (%)",TGO,1973,20.45488929748535,,
GER.1T8.F,"Gross enrolment ratio, primary to tertiary, female (%)",TGO,1974,21.99753952026367,,
GER.1T8.F,"Gross enrolment ratio, primary to tertiary, female (%)",TGO,1975,23.45869064331055,,
GER.1T8.F,"Gross enrolment ratio, primary to tertiary, female (%)",TGO,1976,26.48669052124023,,
GER.1T8.F,"Gross enrolment ratio, primary to tertiary, female (%)",TGO,1977,29.2273006439209,,
GER.1T8.F,"Gross enrolment ratio, primary to tertiary, female (%)",TGO,1978,31.67391014099121,,
GER.1T8.F,"Gross enrolment ratio, primary to tertiary, female (%)",TGO,1979,34.82093811035156,,
GER.1T8.F,"Gross enrolment ratio, primary to tertiary, female (%)",TGO,1980,36.62899017333984,,
GER.1T8.F,"Gross enrolment ratio, primary to tertiary, female (%)",TGO,1982,36.083740234375,,
GER.1T8.F,"Gross enrolment ratio, primary to tertiary, female (%)",TGO,1983,33.98976898193359,,
GER.1T8.F,"Gross enrolment ratio, primary to tertiary, female (%)",TGO,1984,29.77890968322754,,
GER.1T8.F,"Gross enrolment ratio, primary to tertiary, female (%)",TGO,1987,28.83929061889648,,
GER.1T8.F,"Gross enrolment ratio, primary to tertiary, female (%)",TGO,1988,29.63681983947754,,
GER.1T8.F,"Gross enrolment ratio, primary to tertiary, female (%)",TGO,1990,32.08308029174805,,
GER.1T8.F,"Gross enrolment ratio, primary to tertiary, female (%)",TGO,1991,33.51025009155273,,
GER.1T8.F,"Gross enrolment ratio, primary to tertiary, female (%)",TGO,1992,33.12575912475586,,
GER.1T8.F,"Gross enrolment ratio, primary to tertiary, female (%)",TGO,1994,34.36814880371094,,
GER.1T8.F,"Gross enrolment ratio, primary to tertiary, female (%)",TGO,1995,38.16946029663086,,
GER.1T8.F,"Gross enrolment ratio, primary to tertiary, female (%)",TGO,1996,40.18880081176758,,
GER.1T8.F,"Gross enrolment ratio, primary to tertiary, female (%)",TGO,2000,45.42089080810547,,UIS_EST
GER.1T8.F,"Gross enrolment ratio, primary to tertiary, female (%)",TGO,2003,49.4659309387207,,UIS_EST
GER.1T8.F,"Gross enrolment ratio, primary to tertiary, female (%)",TGO,2004,50.11417007446289,,UIS_EST
GER.1T8.F,"Gross enrolment ratio, primary to tertiary, female (%)",TGO,2005,50.89854049682617,,UIS_EST
GER.1T8.F,"Gross enrolment ratio, primary to tertiary, female (%)",TGO,2006,53.26919174194336,,UIS_EST
GER.1T8.F,"Gross enrolment ratio, primary to tertiary, female (%)",TGO,2007,50.16315078735352,,UIS_EST
GER.1T8.F,"Gross enrolment ratio, primary to tertiary, female (%)",TGO,2017,67.99385833740234,,
GER.1T8.GPIA,"Gross enrolment ratio, primary to tertiary, adjusted gender parity index (GPIA)",TGO,1972,.442799985408783,,
GER.1T8.GPIA,"Gross enrolment ratio, primary to tertiary, adjusted gender parity index (GPIA)",TGO,1973,.4508399963378906,,
GER.1T8.GPIA,"Gross enrolment ratio, primary to tertiary, adjusted gender parity index (GPIA)",TGO,1974,.4633499979972839,,
GER.1T8.GPIA,"Gross enrolment ratio, primary to tertiary, adjusted gender parity index (GPIA)",TGO,1975,.4710099995136261,,
GER.1T8.GPIA,"Gross enrolment ratio, primary to tertiary, adjusted gender parity index (GPIA)",TGO,1976,.4873000085353851,,
GER.1T8.GPIA,"Gross enrolment ratio, primary to tertiary, adjusted gender parity index (GPIA)",TGO,1977,.4981400072574615,,
GER.1T8.GPIA,"Gross enrolment ratio, primary to tertiary, adjusted gender parity index (GPIA)",TGO,1978,.5165200233459473,,
GER.1T8.GPIA,"Gross enrolment ratio, primary to tertiary, adjusted gender parity index (GPIA)",TGO,1979,.5347499847412109,,
GER.1T8.GPIA,"Gross enrolment ratio, primary to tertiary, adjusted gender parity index (GPIA)",TGO,1980,.5447400212287903,,
GER.1T8.GPIA,"Gross enrolment ratio, primary to tertiary, adjusted gender parity index (GPIA)",TGO,1982,.5677800178527832,,
GER.1T8.GPIA,"Gross enrolment ratio, primary to tertiary, adjusted gender parity index (GPIA)",TGO,1983,.5740399956703186,,
GER.1T8.GPIA,"Gross enrolment ratio, primary to tertiary, adjusted gender parity index (GPIA)",TGO,1984,.5683599710464478,,
GER.1T8.GPIA,"Gross enrolment ratio, primary to tertiary, adjusted gender parity index (GPIA)",TGO,1987,.5541300177574158,,
GER.1T8.GPIA,"Gross enrolment ratio, primary to tertiary, adjusted gender parity index (GPIA)",TGO,1988,.5588399767875671,,
GER.1T8.GPIA,"Gross enrolment ratio, primary to tertiary, adjusted gender parity index (GPIA)",TGO,1990,.5788800120353699,,
GER.1T8.GPIA,"Gross enrolment ratio, primary to tertiary, adjusted gender parity index (GPIA)",TGO,1991,.5877400040626526,,
GER.1T8.GPIA,"Gross enrolment ratio, primary to tertiary, adjusted gender parity index (GPIA)",TGO,1992,.5934699773788452,,
GER.1T8.GPIA,"Gross enrolment ratio, primary to tertiary, adjusted gender parity index (GPIA)",TGO,1994,.5981299877166748,,
GER.1T8.GPIA,"Gross enrolment ratio, primary to tertiary, adjusted gender parity index (GPIA)",TGO,1995,.6123200058937073,,
GER.1T8.GPIA,"Gross enrolment ratio, primary to tertiary, adjusted gender parity index (GPIA)",TGO,1996,.6210200190544128,,
GER.1T8.GPIA,"Gross enrolment ratio, primary to tertiary, adjusted gender parity index (GPIA)",TGO,2000,.6920300126075745,,UIS_EST
GER.1T8.GPIA,"Gross enrolment ratio, primary to tertiary, adjusted gender parity index (GPIA)",TGO,2003,.7237799763679504,,UIS_EST
GER.1T8.GPIA,"Gross enrolment ratio, primary to tertiary, adjusted gender parity index (GPIA)",TGO,2004,.7365800142288208,,UIS_EST
GER.1T8.GPIA,"Gross enrolment ratio, primary to tertiary, adjusted gender parity index (GPIA)",TGO,2005,.7442899942398071,,UIS_EST
GER.1T8.GPIA,"Gross enrolment ratio, primary to tertiary, adjusted gender parity index (GPIA)",TGO,2006,.7524600028991699,,UIS_EST
GER.1T8.GPIA,"Gross enrolment ratio, primary to tertiary, adjusted gender parity index (GPIA)",TGO,2007,.7479699850082397,,UIS_EST
GER.1T8.GPIA,"Gross enrolment ratio, primary to tertiary, adjusted gender parity index (GPIA)",TGO,2017,.8666099905967712,,
GER.1T8.M,"Gross enrolment ratio, primary to tertiary, male (%)",TGO,1972,41.63375091552734,,
GER.1T8.M,"Gross enrolment ratio, primary to tertiary, male (%)",TGO,1973,45.37091827392578,,
GER.1T8.M,"Gross enrolment ratio, primary to tertiary, male (%)",TGO,1974,47.4753303527832,,
GER.1T8.M,"Gross enrolment ratio, primary to tertiary, male (%)",TGO,1975,49.80466842651367,,
GER.1T8.M,"Gross enrolment ratio, primary to tertiary, male (%)",TGO,1976,54.35364151000977,,
GER.1T8.M,"Gross enrolment ratio, primary to tertiary, male (%)",TGO,1977,58.67271041870117,,
GER.1T8.M,"Gross enrolment ratio, primary to tertiary, male (%)",TGO,1978,61.32221984863281,,
GER.1T8.M,"Gross enrolment ratio, primary to tertiary, male (%)",TGO,1979,65.11585998535156,,
GER.1T8.M,"Gross enrolment ratio, primary to tertiary, male (%)",TGO,1980,67.24140167236328,,
GER.1T8.M,"Gross enrolment ratio, primary to tertiary, male (%)",TGO,1982,63.55186080932617,,
GER.1T8.M,"Gross enrolment ratio, primary to tertiary, male (%)",TGO,1983,59.21179962158203,,
GER.1T8.M,"Gross enrolment ratio, primary to tertiary, male (%)",TGO,1984,52.39426040649414,,
GER.1T8.M,"Gross enrolment ratio, primary to tertiary, male (%)",TGO,1987,52.04404067993164,,
GER.1T8.M,"Gross enrolment ratio, primary to tertiary, male (%)",TGO,1988,53.03321838378906,,
GER.1T8.M,"Gross enrolment ratio, primary to tertiary, male (%)",TGO,1990,55.42306137084961,,
GER.1T8.M,"Gross enrolment ratio, primary to tertiary, male (%)",TGO,1991,57.01565933227539,,
GER.1T8.M,"Gross enrolment ratio, primary to tertiary, male (%)",TGO,1992,55.81732940673828,,
GER.1T8.M,"Gross enrolment ratio, primary to tertiary, male (%)",TGO,1994,57.45890045166016,,
GER.1T8.M,"Gross enrolment ratio, primary to tertiary, male (%)",TGO,1995,62.33586883544922,,
GER.1T8.M,"Gross enrolment ratio, primary to tertiary, male (%)",TGO,1996,64.71415710449219,,
GER.1T8.M,"Gross enrolment ratio, primary to tertiary, male (%)",TGO,2000,65.6343994140625,,UIS_EST
GER.1T8.M,"Gross enrolment ratio, primary to tertiary, male (%)",TGO,2003,68.34432220458984,,UIS_EST
GER.1T8.M,"Gross enrolment ratio, primary to tertiary, male (%)",TGO,2004,68.03608703613281,,UIS_EST
GER.1T8.M,"Gross enrolment ratio, primary to tertiary, male (%)",TGO,2005,68.38565826416016,,UIS_EST
GER.1T8.M,"Gross enrolment ratio, primary to tertiary, male (%)",TGO,2006,70.79312133789063,,UIS_EST
GER.1T8.M,"Gross enrolment ratio, primary to tertiary, male (%)",TGO,2007,67.06607818603516,,UIS_EST
GER.1T8.M,"Gross enrolment ratio, primary to tertiary, male (%)",TGO,2017,78.46002197265625,,
GER.2,"Gross enrolment ratio, lower secondary, both sexes (%)",TGO,1995,29.59649085998535,,
GER.2,"Gross enrolment ratio, lower secondary, both sexes (%)",TGO,1999,38.44768142700195,,
GER.2,"Gross enrolment ratio, lower secondary, both sexes (%)",TGO,2000,42.83570098876953,,
GER.2,"Gross enrolment ratio, lower secondary, both sexes (%)",TGO,2001,46.3778190612793,,UIS_EST
GER.2,"Gross enrolment ratio, lower secondary, both sexes (%)",TGO,2002,52.56843948364258,,UIS_EST
GER.2,"Gross enrolment ratio, lower secondary, both sexes (%)",TGO,2003,55.80812835693359,,
GER.2,"Gross enrolment ratio, lower secondary, both sexes (%)",TGO,2004,58.09162902832031,,
GER.2,"Gross enrolment ratio, lower secondary, both sexes (%)",TGO,2005,58.23579025268555,,
GER.2,"Gross enrolment ratio, lower secondary, both sexes (%)",TGO,2006,60.15367126464844,,
GER.2,"Gross enrolment ratio, lower secondary, both sexes (%)",TGO,2007,53.06795883178711,,UIS_EST
GER.2,"Gross enrolment ratio, lower secondary, both sexes (%)",TGO,2011,65.5263606613283,,
GER.2,"Gross enrolment ratio, lower secondary, both sexes (%)",TGO,2017,76.83538850595292,,
GER.2,"Gross enrolment ratio, lower secondary, both sexes (%)",TGO,2021,77.49321407145878,,
GER.2,"Gross enrolment ratio, lower secondary, both sexes (%)",TGO,2023,76.45323022911623,,
GER.2.F,"Gross enrolment ratio, lower secondary, female (%)",TGO,1995,16.77261924743652,,
GER.2.F,"Gross enrolment ratio, lower secondary, female (%)",TGO,1999,23.83194923400879,,
GER.2.F,"Gross enrolment ratio, lower secondary, female (%)",TGO,2000,28.18878936767578,,
GER.2.F,"Gross enrolment ratio, lower secondary, female (%)",TGO,2001,31.14682006835938,,UIS_EST
GER.2.F,"Gross enrolment ratio, lower secondary, female (%)",TGO,2002,36.28866958618164,,UIS_EST
GER.2.F,"Gross enrolment ratio, lower secondary, female (%)",TGO,2003,38.87908172607422,,
GER.2.F,"Gross enrolment ratio, lower secondary, female (%)",TGO,2004,41.63335037231445,,
GER.2.F,"Gross enrolment ratio, lower secondary, female (%)",TGO,2005,42.62466049194336,,
GER.2.F,"Gross enrolment ratio, lower secondary, female (%)",TGO,2006,44.92602920532227,,
GER.2.F,"Gross enrolment ratio, lower secondary, female (%)",TGO,2007,38.94842910766602,,UIS_EST
GER.2.F,"Gross enrolment ratio, lower secondary, female (%)",TGO,2017,67.94091381805029,,
GER.2.F,"Gross enrolment ratio, lower secondary, female (%)",TGO,2021,71.25203494513414,,
GER.2.F,"Gross enrolment ratio, lower secondary, female (%)",TGO,2023,71.21947372327791,,
GER.2.GPIA,"Gross enrolment ratio, lower secondary, adjusted gender parity index (GPIA)",TGO,1995,.3963100016117096,,
GER.2.GPIA,"Gross enrolment ratio, lower secondary, adjusted gender parity index (GPIA)",TGO,1999,.4506900012493134,,
GER.2.GPIA,"Gross enrolment ratio, lower secondary, adjusted gender parity index (GPIA)",TGO,2000,.4920899868011475,,
GER.2.GPIA,"Gross enrolment ratio, lower secondary, adjusted gender parity index (GPIA)",TGO,2001,.5073500275611877,,UIS_EST
GER.2.GPIA,"Gross enrolment ratio, lower secondary, adjusted gender parity index (GPIA)",TGO,2002,.5289499759674072,,UIS_EST
GER.2.GPIA,"Gross enrolment ratio, lower secondary, adjusted gender parity index (GPIA)",TGO,2003,.5364099740982056,,
GER.2.GPIA,"Gross enrolment ratio, lower secondary, adjusted gender parity index (GPIA)",TGO,2004,.5603500008583069,,
GER.2.GPIA,"Gross enrolment ratio, lower secondary, adjusted gender parity index (GPIA)",TGO,2005,.579069972038269,,
GER.2.GPIA,"Gross enrolment ratio, lower secondary, adjusted gender parity index (GPIA)",TGO,2006,.597819983959198,,
GER.2.GPIA,"Gross enrolment ratio, lower secondary, adjusted gender parity index (GPIA)",TGO,2007,.5815500020980835,,UIS_EST
GER.2.GPIA,"Gross enrolment ratio, lower secondary, adjusted gender parity index (GPIA)",TGO,2017,.7941501661848375,,
GER.2.GPIA,"Gross enrolment ratio, lower secondary, adjusted gender parity index (GPIA)",TGO,2021,.8522824574046659,,
GER.2.GPIA,"Gross enrolment ratio, lower secondary, adjusted gender parity index (GPIA)",TGO,2023,.8730521587099342,,
GER.2.M,"Gross enrolment ratio, lower secondary, male (%)",TGO,1995,42.32233810424805,,
GER.2.M,"Gross enrolment ratio, lower secondary, male (%)",TGO,1999,52.87826156616211,,
GER.2.M,"Gross enrolment ratio, lower secondary, male (%)",TGO,2000,57.28380966186523,,
GER.2.M,"Gross enrolment ratio, lower secondary, male (%)",TGO,2001,61.39070129394531,,UIS_EST
GER.2.M,"Gross enrolment ratio, lower secondary, male (%)",TGO,2002,68.60572052001953,,UIS_EST
GER.2.M,"Gross enrolment ratio, lower secondary, male (%)",TGO,2003,72.48011779785156,,
GER.2.M,"Gross enrolment ratio, lower secondary, male (%)",TGO,2004,74.29888153076172,,
GER.2.M,"Gross enrolment ratio, lower secondary, male (%)",TGO,2005,73.60935974121094,,
GER.2.M,"Gross enrolment ratio, lower secondary, male (%)",TGO,2006,75.14990997314453,,
GER.2.M,"Gross enrolment ratio, lower secondary, male (%)",TGO,2007,66.97324371337891,,UIS_EST
GER.2.M,"Gross enrolment ratio, lower secondary, male (%)",TGO,2017,85.55172146401985,,
GER.2.M,"Gross enrolment ratio, lower secondary, male (%)",TGO,2021,83.60143321746618,,
GER.2.M,"Gross enrolment ratio, lower secondary, male (%)",TGO,2023,81.57527933785238,,
GER.2T3,"Gross enrolment ratio, secondary, both sexes (%)",TGO,1971,6.289460182189941,,
GER.2T3,"Gross enrolment ratio, secondary, both sexes (%)",TGO,1972,7.574349880218506,,
GER.2T3,"Gross enrolment ratio, secondary, both sexes (%)",TGO,1973,8.475069999694824,,
GER.2T3,"Gross enrolment ratio, secondary, both sexes (%)",TGO,1974,9.917980194091797,,
GER.2T3,"Gross enrolment ratio, secondary, both sexes (%)",TGO,1975,12.4667501449585,,
GER.2T3,"Gross enrolment ratio, secondary, both sexes (%)",TGO,1976,16.16103935241699,,
GER.2T3,"Gross enrolment ratio, secondary, both sexes (%)",TGO,1977,19.84343910217285,,
GER.2T3,"Gross enrolment ratio, secondary, both sexes (%)",TGO,1978,22.86417961120605,,
GER.2T3,"Gross enrolment ratio, secondary, both sexes (%)",TGO,1979,26.32291984558105,,
GER.2T3,"Gross enrolment ratio, secondary, both sexes (%)",TGO,1980,28.72480010986328,,
GER.2T3,"Gross enrolment ratio, secondary, both sexes (%)",TGO,1982,27.3065299987793,,
GER.2T3,"Gross enrolment ratio, secondary, both sexes (%)",TGO,1983,24.01069068908691,,
GER.2T3,"Gross enrolment ratio, secondary, both sexes (%)",TGO,1984,19.77255058288574,,
GER.2T3,"Gross enrolment ratio, secondary, both sexes (%)",TGO,1985,17.01689910888672,,
GER.2T3,"Gross enrolment ratio, secondary, both sexes (%)",TGO,1986,17.47281074523926,,
GER.2T3,"Gross enrolment ratio, secondary, both sexes (%)",TGO,1987,17.08819007873535,,
GER.2T3,"Gross enrolment ratio, secondary, both sexes (%)",TGO,1988,19.30315017700195,,
GER.2T3,"Gross enrolment ratio, secondary, both sexes (%)",TGO,1989,17.81285095214844,,
GER.2T3,"Gross enrolment ratio, secondary, both sexes (%)",TGO,1990,19.92964935302734,,
GER.2T3,"Gross enrolment ratio, secondary, both sexes (%)",TGO,1991,18.9681396484375,,
GER.2T3,"Gross enrolment ratio, secondary, both sexes (%)",TGO,1992,18.72328948974609,,
GER.2T3,"Gross enrolment ratio, secondary, both sexes (%)",TGO,1994,19.92085075378418,,
GER.2T3,"Gross enrolment ratio, secondary, both sexes (%)",TGO,1995,21.65225982666016,,
GER.2T3,"Gross enrolment ratio, secondary, both sexes (%)",TGO,1996,23.03920936584473,,
GER.2T3,"Gross enrolment ratio, secondary, both sexes (%)",TGO,1997,23.44327926635742,,
GER.2T3,"Gross enrolment ratio, secondary, both sexes (%)",TGO,1999,29.03566932678223,,
GER.2T3,"Gross enrolment ratio, secondary, both sexes (%)",TGO,2000,31.60746002197266,,
GER.2T3,"Gross enrolment ratio, secondary, both sexes (%)",TGO,2001,34.44026947021484,,
GER.2T3,"Gross enrolment ratio, secondary, both sexes (%)",TGO,2002,38.48703002929688,,
GER.2T3,"Gross enrolment ratio, secondary, both sexes (%)",TGO,2003,40.59688949584961,,
GER.2T3,"Gross enrolment ratio, secondary, both sexes (%)",TGO,2004,41.98637008666992,,
GER.2T3,"Gross enrolment ratio, secondary, both sexes (%)",TGO,2005,44.22800827026367,,
GER.2T3,"Gross enrolment ratio, secondary, both sexes (%)",TGO,2006,46.02996826171875,,
GER.2T3,"Gross enrolment ratio, secondary, both sexes (%)",TGO,2007,42.75978851318359,,
GER.2T3,"Gross enrolment ratio, secondary, both sexes (%)",TGO,2011,52.7706298828125,,
GER.2T3,"Gross enrolment ratio, secondary, both sexes (%)",TGO,2017,60.76947222022797,,
GER.2T3,"Gross enrolment ratio, secondary, both sexes (%)",TGO,2021,63.0669365853803,,
GER.2T3,"Gross enrolment ratio, secondary, both sexes (%)",TGO,2023,63.4192515229188,,
GER.2T3.F,"Gross enrolment ratio, secondary, female (%)",TGO,1971,2.801219940185547,,
GER.2T3.F,"Gross enrolment ratio, secondary, female (%)",TGO,1972,3.727969884872437,,
GER.2T3.F,"Gross enrolment ratio, secondary, female (%)",TGO,1973,3.987519979476929,,
GER.2T3.F,"Gross enrolment ratio, secondary, female (%)",TGO,1974,4.688960075378418,,
GER.2T3.F,"Gross enrolment ratio, secondary, female (%)",TGO,1975,5.758840084075928,,
GER.2T3.F,"Gross enrolment ratio, secondary, female (%)",TGO,1976,7.653140068054199,,
GER.2T3.F,"Gross enrolment ratio, secondary, female (%)",TGO,1977,9.029359817504883,,
GER.2T3.F,"Gross enrolment ratio, secondary, female (%)",TGO,1978,10.50331020355225,,
GER.2T3.F,"Gross enrolment ratio, secondary, female (%)",TGO,1979,12.49125003814697,,
GER.2T3.F,"Gross enrolment ratio, secondary, female (%)",TGO,1980,13.83141040802002,,
GER.2T3.F,"Gross enrolment ratio, secondary, female (%)",TGO,1982,13.80078029632568,,
GER.2T3.F,"Gross enrolment ratio, secondary, female (%)",TGO,1983,11.98083019256592,,
GER.2T3.F,"Gross enrolment ratio, secondary, female (%)",TGO,1984,9.702059745788574,,
GER.2T3.F,"Gross enrolment ratio, secondary, female (%)",TGO,1985,8.162759780883789,,
GER.2T3.F,"Gross enrolment ratio, secondary, female (%)",TGO,1986,8.273920059204102,,
GER.2T3.F,"Gross enrolment ratio, secondary, female (%)",TGO,1987,8.051300048828125,,
GER.2T3.F,"Gross enrolment ratio, secondary, female (%)",TGO,1988,9.505390167236328,,
GER.2T3.F,"Gross enrolment ratio, secondary, female (%)",TGO,1989,8.512129783630371,,
GER.2T3.F,"Gross enrolment ratio, secondary, female (%)",TGO,1990,10.18420028686523,,
GER.2T3.F,"Gross enrolment ratio, secondary, female (%)",TGO,1991,9.619440078735352,,
GER.2T3.F,"Gross enrolment ratio, secondary, female (%)",TGO,1992,9.271510124206543,,
GER.2T3.F,"Gross enrolment ratio, secondary, female (%)",TGO,1994,10.21973991394043,,
GER.2T3.F,"Gross enrolment ratio, secondary, female (%)",TGO,1995,11.36406993865967,,
GER.2T3.F,"Gross enrolment ratio, secondary, female (%)",TGO,1996,12.08384990692139,,
GER.2T3.F,"Gross enrolment ratio, secondary, female (%)",TGO,1997,12.57901954650879,,
GER.2T3.F,"Gross enrolment ratio, secondary, female (%)",TGO,1999,16.71690940856934,,
GER.2T3.F,"Gross enrolment ratio, secondary, female (%)",TGO,2000,19.65593910217285,,
GER.2T3.F,"Gross enrolment ratio, secondary, female (%)",TGO,2001,21.80233001708984,,
GER.2T3.F,"Gross enrolment ratio, secondary, female (%)",TGO,2002,25.05533981323242,,
GER.2T3.F,"Gross enrolment ratio, secondary, female (%)",TGO,2003,27.00419998168945,,
GER.2T3.F,"Gross enrolment ratio, secondary, female (%)",TGO,2004,28.79247093200684,,
GER.2T3.F,"Gross enrolment ratio, secondary, female (%)",TGO,2005,30.9342098236084,,
GER.2T3.F,"Gross enrolment ratio, secondary, female (%)",TGO,2006,32.77579116821289,,
GER.2T3.F,"Gross enrolment ratio, secondary, female (%)",TGO,2007,29.82471084594727,,UIS_EST
GER.2T3.F,"Gross enrolment ratio, secondary, female (%)",TGO,2017,51.50557454680983,,
GER.2T3.F,"Gross enrolment ratio, secondary, female (%)",TGO,2021,56.962123807999,,
GER.2T3.F,"Gross enrolment ratio, secondary, female (%)",TGO,2023,59.0849653049812,,
GER.2T3.GPIA,"Gross enrolment ratio, secondary, adjusted gender parity index (GPIA)",TGO,1971,.285400003194809,,
GER.2T3.GPIA,"Gross enrolment ratio, secondary, adjusted gender parity index (GPIA)",TGO,1972,.3252499997615814,,
GER.2T3.GPIA,"Gross enrolment ratio, secondary, adjusted gender parity index (GPIA)",TGO,1973,.3064700067043304,,
GER.2T3.GPIA,"Gross enrolment ratio, secondary, adjusted gender parity index (GPIA)",TGO,1974,.3084200024604797,,
GER.2T3.GPIA,"Gross enrolment ratio, secondary, adjusted gender parity index (GPIA)",TGO,1975,.2992100119590759,,
GER.2T3.GPIA,"Gross enrolment ratio, secondary, adjusted gender parity index (GPIA)",TGO,1976,.3091000020503998,,
GER.2T3.GPIA,"Gross enrolment ratio, secondary, adjusted gender parity index (GPIA)",TGO,1977,.2934400141239166,,
GER.2T3.GPIA,"Gross enrolment ratio, secondary, adjusted gender parity index (GPIA)",TGO,1978,.2971299886703491,,
GER.2T3.GPIA,"Gross enrolment ratio, secondary, adjusted gender parity index (GPIA)",TGO,1979,.3100700080394745,,
GER.2T3.GPIA,"Gross enrolment ratio, secondary, adjusted gender parity index (GPIA)",TGO,1980,.3161700069904327,,
GER.2T3.GPIA,"Gross enrolment ratio, secondary, adjusted gender parity index (GPIA)",TGO,1982,.3373799920082092,,
GER.2T3.GPIA,"Gross enrolment ratio, secondary, adjusted gender parity index (GPIA)",TGO,1983,.3317700028419495,,
GER.2T3.GPIA,"Gross enrolment ratio, secondary, adjusted gender parity index (GPIA)",TGO,1984,.3245599865913391,,
GER.2T3.GPIA,"Gross enrolment ratio, secondary, adjusted gender parity index (GPIA)",TGO,1985,.3151000142097473,,
GER.2T3.GPIA,"Gross enrolment ratio, secondary, adjusted gender parity index (GPIA)",TGO,1986,.3099299967288971,,
GER.2T3.GPIA,"Gross enrolment ratio, secondary, adjusted gender parity index (GPIA)",TGO,1987,.3080599904060364,,
GER.2T3.GPIA,"Gross enrolment ratio, secondary, adjusted gender parity index (GPIA)",TGO,1988,.3266699910163879,,
GER.2T3.GPIA,"Gross enrolment ratio, secondary, adjusted gender parity index (GPIA)",TGO,1989,.3141399919986725,,
GER.2T3.GPIA,"Gross enrolment ratio, secondary, adjusted gender parity index (GPIA)",TGO,1990,.3435499966144562,,
GER.2T3.GPIA,"Gross enrolment ratio, secondary, adjusted gender parity index (GPIA)",TGO,1991,.3401899933815002,,
GER.2T3.GPIA,"Gross enrolment ratio, secondary, adjusted gender parity index (GPIA)",TGO,1992,.3296500146389008,,
GER.2T3.GPIA,"Gross enrolment ratio, secondary, adjusted gender parity index (GPIA)",TGO,1994,.3457799851894379,,
GER.2T3.GPIA,"Gross enrolment ratio, secondary, adjusted gender parity index (GPIA)",TGO,1995,.356660008430481,,
GER.2T3.GPIA,"Gross enrolment ratio, secondary, adjusted gender parity index (GPIA)",TGO,1996,.356440007686615,,
GER.2T3.GPIA,"Gross enrolment ratio, secondary, adjusted gender parity index (GPIA)",TGO,1997,.3677600026130676,,
GER.2T3.GPIA,"Gross enrolment ratio, secondary, adjusted gender parity index (GPIA)",TGO,1999,.4056299924850464,,
GER.2T3.GPIA,"Gross enrolment ratio, secondary, adjusted gender parity index (GPIA)",TGO,2000,.4528099894523621,,
GER.2T3.GPIA,"Gross enrolment ratio, secondary, adjusted gender parity index (GPIA)",TGO,2001,.4648100137710571,,
GER.2T3.GPIA,"Gross enrolment ratio, secondary, adjusted gender parity index (GPIA)",TGO,2002,.4844200015068054,,
GER.2T3.GPIA,"Gross enrolment ratio, secondary, adjusted gender parity index (GPIA)",TGO,2003,.500249981880188,,
GER.2T3.GPIA,"Gross enrolment ratio, secondary, adjusted gender parity index (GPIA)",TGO,2004,.5237600207328796,,
GER.2T3.GPIA,"Gross enrolment ratio, secondary, adjusted gender parity index (GPIA)",TGO,2005,.5397800207138062,,
GER.2T3.GPIA,"Gross enrolment ratio, secondary, adjusted gender parity index (GPIA)",TGO,2006,.5548700094223022,,
GER.2T3.GPIA,"Gross enrolment ratio, secondary, adjusted gender parity index (GPIA)",TGO,2007,.5375000238418579,,UIS_EST
GER.2T3.GPIA,"Gross enrolment ratio, secondary, adjusted gender parity index (GPIA)",TGO,2017,.7373717676806893,,
GER.2T3.GPIA,"Gross enrolment ratio, secondary, adjusted gender parity index (GPIA)",TGO,2021,.8250763369234771,,
GER.2T3.GPIA,"Gross enrolment ratio, secondary, adjusted gender parity index (GPIA)",TGO,2023,.8732908708156039,,
GER.2T3.M,"Gross enrolment ratio, secondary, male (%)",TGO,1971,9.815099716186523,,
GER.2T3.M,"Gross enrolment ratio, secondary, male (%)",TGO,1972,11.46197032928467,,
GER.2T3.M,"Gross enrolment ratio, secondary, male (%)",TGO,1973,13.01103019714355,,
GER.2T3.M,"Gross enrolment ratio, secondary, male (%)",TGO,1974,15.20341014862061,,
GER.2T3.M,"Gross enrolment ratio, secondary, male (%)",TGO,1975,19.24666023254395,,
GER.2T3.M,"Gross enrolment ratio, secondary, male (%)",TGO,1976,24.75934028625488,,
GER.2T3.M,"Gross enrolment ratio, secondary, male (%)",TGO,1977,30.77036094665527,,
GER.2T3.M,"Gross enrolment ratio, secondary, male (%)",TGO,1978,35.34881973266602,,
GER.2T3.M,"Gross enrolment ratio, secondary, male (%)",TGO,1979,40.28472137451172,,
GER.2T3.M,"Gross enrolment ratio, secondary, male (%)",TGO,1980,43.74697875976563,,
GER.2T3.M,"Gross enrolment ratio, secondary, male (%)",TGO,1982,40.90555953979492,,
GER.2T3.M,"Gross enrolment ratio, secondary, male (%)",TGO,1983,36.11225891113281,,
GER.2T3.M,"Gross enrolment ratio, secondary, male (%)",TGO,1984,29.8929500579834,,
GER.2T3.M,"Gross enrolment ratio, secondary, male (%)",TGO,1985,25.90563011169434,,
GER.2T3.M,"Gross enrolment ratio, secondary, male (%)",TGO,1986,26.69598960876465,,
GER.2T3.M,"Gross enrolment ratio, secondary, male (%)",TGO,1987,26.13571929931641,,
GER.2T3.M,"Gross enrolment ratio, secondary, male (%)",TGO,1988,29.09777069091797,,
GER.2T3.M,"Gross enrolment ratio, secondary, male (%)",TGO,1989,27.09696960449219,,
GER.2T3.M,"Gross enrolment ratio, secondary, male (%)",TGO,1990,29.64418029785156,,
GER.2T3.M,"Gross enrolment ratio, secondary, male (%)",TGO,1991,28.27684020996094,,
GER.2T3.M,"Gross enrolment ratio, secondary, male (%)",TGO,1992,28.12557983398438,,
GER.2T3.M,"Gross enrolment ratio, secondary, male (%)",TGO,1994,29.55554962158203,,
GER.2T3.M,"Gross enrolment ratio, secondary, male (%)",TGO,1995,31.86203956604004,,
GER.2T3.M,"Gross enrolment ratio, secondary, male (%)",TGO,1996,33.9014892578125,,
GER.2T3.M,"Gross enrolment ratio, secondary, male (%)",TGO,1997,34.20436859130859,,
GER.2T3.M,"Gross enrolment ratio, secondary, male (%)",TGO,1999,41.2122917175293,,
GER.2T3.M,"Gross enrolment ratio, secondary, male (%)",TGO,2000,43.40848922729492,,
GER.2T3.M,"Gross enrolment ratio, secondary, male (%)",TGO,2001,46.90555953979492,,
GER.2T3.M,"Gross enrolment ratio, secondary, male (%)",TGO,2002,51.72254180908203,,
GER.2T3.M,"Gross enrolment ratio, secondary, male (%)",TGO,2003,53.98171997070313,,
GER.2T3.M,"Gross enrolment ratio, secondary, male (%)",TGO,2004,54.9728889465332,,
GER.2T3.M,"Gross enrolment ratio, secondary, male (%)",TGO,2005,57.30915832519531,,
GER.2T3.M,"Gross enrolment ratio, secondary, male (%)",TGO,2006,59.06961822509766,,
GER.2T3.M,"Gross enrolment ratio, secondary, male (%)",TGO,2007,55.48793029785156,,UIS_EST
GER.2T3.M,"Gross enrolment ratio, secondary, male (%)",TGO,2017,69.85021234107481,,
GER.2T3.M,"Gross enrolment ratio, secondary, male (%)",TGO,2021,69.03861043985077,,
GER.2T3.M,"Gross enrolment ratio, secondary, male (%)",TGO,2023,67.65783003067375,,
GER.3,"Gross enrolment ratio, upper secondary, both sexes (%)",TGO,1995,9.922900199890137,,
GER.3,"Gross enrolment ratio, upper secondary, both sexes (%)",TGO,1999,15.33102035522461,,
GER.3,"Gross enrolment ratio, upper secondary, both sexes (%)",TGO,2000,15.27371025085449,,UIS_EST
GER.3,"Gross enrolment ratio, upper secondary, both sexes (%)",TGO,2003,18.33449935913086,,UIS_EST
GER.3,"Gross enrolment ratio, upper secondary, both sexes (%)",TGO,2004,18.45593070983887,,
GER.3,"Gross enrolment ratio, upper secondary, both sexes (%)",TGO,2005,23.81761932373047,,
GER.3,"Gross enrolment ratio, upper secondary, both sexes (%)",TGO,2006,25.47702026367188,,
GER.3,"Gross enrolment ratio, upper secondary, both sexes (%)",TGO,2007,27.82571029663086,,UIS_EST
GER.3,"Gross enrolment ratio, upper secondary, both sexes (%)",TGO,2011,34.44222211228352,,
GER.3,"Gross enrolment ratio, upper secondary, both sexes (%)",TGO,2017,36.98560075537021,,
GER.3,"Gross enrolment ratio, upper secondary, both sexes (%)",TGO,2020,41.38354941778039,,
GER.3,"Gross enrolment ratio, upper secondary, both sexes (%)",TGO,2021,41.25745720816994,,
GER.3,"Gross enrolment ratio, upper secondary, both sexes (%)",TGO,2023,43.54102399445676,,
GER.3.F,"Gross enrolment ratio, upper secondary, female (%)",TGO,1995,3.378779888153076,,
GER.3.F,"Gross enrolment ratio, upper secondary, female (%)",TGO,1999,6.371429920196533,,
GER.3.F,"Gross enrolment ratio, upper secondary, female (%)",TGO,2000,7.258419990539551,,UIS_EST
GER.3.F,"Gross enrolment ratio, upper secondary, female (%)",TGO,2003,9.622389793395996,,UIS_EST
GER.3.F,"Gross enrolment ratio, upper secondary, female (%)",TGO,2004,10.02042961120605,,
GER.3.F,"Gross enrolment ratio, upper secondary, female (%)",TGO,2005,13.88368034362793,,
GER.3.F,"Gross enrolment ratio, upper secondary, female (%)",TGO,2006,15.07264995574951,,
GER.3.F,"Gross enrolment ratio, upper secondary, female (%)",TGO,2007,16.59296989440918,,UIS_EST
GER.3.F,"Gross enrolment ratio, upper secondary, female (%)",TGO,2017,27.1828093698637,,
GER.3.F,"Gross enrolment ratio, upper secondary, female (%)",TGO,2020,34.34928527992241,,
GER.3.F,"Gross enrolment ratio, upper secondary, female (%)",TGO,2021,35.34463310824022,,
GER.3.F,"Gross enrolment ratio, upper secondary, female (%)",TGO,2023,40.56069603645906,,
GER.3.GPIA,"Gross enrolment ratio, upper secondary, adjusted gender parity index (GPI)",TGO,1995,.2058099955320358,,
GER.3.GPIA,"Gross enrolment ratio, upper secondary, adjusted gender parity index (GPI)",TGO,1999,.2632600069046021,,
GER.3.GPIA,"Gross enrolment ratio, upper secondary, adjusted gender parity index (GPI)",TGO,2000,.3128699958324432,,UIS_EST
GER.3.GPIA,"Gross enrolment ratio, upper secondary, adjusted gender parity index (GPI)",TGO,2003,.3575499951839447,,UIS_EST
GER.3.GPIA,"Gross enrolment ratio, upper secondary, adjusted gender parity index (GPI)",TGO,2004,.3745500147342682,,
GER.3.GPIA,"Gross enrolment ratio, upper secondary, adjusted gender parity index (GPI)",TGO,2005,.4134300053119659,,
GER.3.GPIA,"Gross enrolment ratio, upper secondary, adjusted gender parity index (GPI)",TGO,2006,.4222300052642822,,
GER.3.GPIA,"Gross enrolment ratio, upper secondary, adjusted gender parity index (GPI)",TGO,2007,.4269300103187561,,UIS_EST
GER.3.GPIA,"Gross enrolment ratio, upper secondary, adjusted gender parity index (GPI)",TGO,2017,.5833431895567549,,
GER.3.GPIA,"Gross enrolment ratio, upper secondary, adjusted gender parity index (GPI)",TGO,2020,.7117097756542438,,
GER.3.GPIA,"Gross enrolment ratio, upper secondary, adjusted gender parity index (GPI)",TGO,2021,.7514248563599354,,
GER.3.GPIA,"Gross enrolment ratio, upper secondary, adjusted gender parity index (GPI)",TGO,2023,.8731707863696586,,
GER.3.M,"Gross enrolment ratio, upper secondary, male (%)",TGO,1995,16.4173698425293,,
GER.3.M,"Gross enrolment ratio, upper secondary, male (%)",TGO,1999,24.20196914672852,,
GER.3.M,"Gross enrolment ratio, upper secondary, male (%)",TGO,2000,23.19952964782715,,UIS_EST
GER.3.M,"Gross enrolment ratio, upper secondary, male (%)",TGO,2003,26.91201972961426,,UIS_EST
GER.3.M,"Gross enrolment ratio, upper secondary, male (%)",TGO,2004,26.75312042236328,,
GER.3.M,"Gross enrolment ratio, upper secondary, male (%)",TGO,2005,33.5814208984375,,
GER.3.M,"Gross enrolment ratio, upper secondary, male (%)",TGO,2006,35.69802856445313,,
GER.3.M,"Gross enrolment ratio, upper secondary, male (%)",TGO,2007,38.86537170410156,,UIS_EST
GER.3.M,"Gross enrolment ratio, upper secondary, male (%)",TGO,2017,46.59831443394098,,
GER.3.M,"Gross enrolment ratio, upper secondary, male (%)",TGO,2020,48.26305111285933,,
GER.3.M,"Gross enrolment ratio, upper secondary, male (%)",TGO,2021,47.03681653473279,,
GER.3.M,"Gross enrolment ratio, upper secondary, male (%)",TGO,2023,46.45219087676578,,
GER.4,"Gross enrolment ratio, post-secondary non-tertiary, both sexes (%)",TGO,1999,.3228600025177002,,
GER.4,"Gross enrolment ratio, post-secondary non-tertiary, both sexes (%)",TGO,2000,0,NIL,
GER.4,"Gross enrolment ratio, post-secondary non-tertiary, both sexes (%)",TGO,2001,0,NIL,
GER.4,"Gross enrolment ratio, post-secondary non-tertiary, both sexes (%)",TGO,2002,0,NIL,
GER.4,"Gross enrolment ratio, post-secondary non-tertiary, both sexes (%)",TGO,2003,0,NIL,
GER.4,"Gross enrolment ratio, post-secondary non-tertiary, both sexes (%)",TGO,2004,0,NIL,
GER.4,"Gross enrolment ratio, post-secondary non-tertiary, both sexes (%)",TGO,2005,0,NIL,
GER.4,"Gross enrolment ratio, post-secondary non-tertiary, both sexes (%)",TGO,2006,0,NIL,
GER.4,"Gross enrolment ratio, post-secondary non-tertiary, both sexes (%)",TGO,2020,.0607699553340828,,
GER.4,"Gross enrolment ratio, post-secondary non-tertiary, both sexes (%)",TGO,2021,.0713700092604062,,
GER.4.F,"Gross enrolment ratio, post-secondary non-tertiary, female (%)",TGO,1999,.0999400019645691,,
GER.4.F,"Gross enrolment ratio, post-secondary non-tertiary, female (%)",TGO,2000,0,NIL,
GER.4.F,"Gross enrolment ratio, post-secondary non-tertiary, female (%)",TGO,2001,0,NIL,
GER.4.F,"Gross enrolment ratio, post-secondary non-tertiary, female (%)",TGO,2002,0,NIL,
GER.4.F,"Gross enrolment ratio, post-secondary non-tertiary, female (%)",TGO,2003,0,NIL,
GER.4.F,"Gross enrolment ratio, post-secondary non-tertiary, female (%)",TGO,2004,0,NIL,
GER.4.F,"Gross enrolment ratio, post-secondary non-tertiary, female (%)",TGO,2005,0,NIL,
GER.4.F,"Gross enrolment ratio, post-secondary non-tertiary, female (%)",TGO,2006,0,NIL,
GER.4.F,"Gross enrolment ratio, post-secondary non-tertiary, female (%)",TGO,2020,.0159795461808885,,
GER.4.F,"Gross enrolment ratio, post-secondary non-tertiary, female (%)",TGO,2021,.0143233984650091,,
GER.4.GPIA,"Gross enrolment ratio, post-secondary non-tertiary, adjusted gender parity index (GPIA)",TGO,1999,.1837600022554398,,
GER.4.GPIA,"Gross enrolment ratio, post-secondary non-tertiary, adjusted gender parity index (GPIA)",TGO,2020,.15281772664323,,
GER.4.GPIA,"Gross enrolment ratio, post-secondary non-tertiary, adjusted gender parity index (GPIA)",TGO,2021,.1126949222347875,,
GER.4.M,"Gross enrolment ratio, post-secondary non-tertiary, male (%)",TGO,1999,.5438299775123596,,
GER.4.M,"Gross enrolment ratio, post-secondary non-tertiary, male (%)",TGO,2000,0,NIL,
GER.4.M,"Gross enrolment ratio, post-secondary non-tertiary, male (%)",TGO,2001,0,NIL,
GER.4.M,"Gross enrolment ratio, post-secondary non-tertiary, male (%)",TGO,2002,0,NIL,
GER.4.M,"Gross enrolment ratio, post-secondary non-tertiary, male (%)",TGO,2003,0,NIL,
GER.4.M,"Gross enrolment ratio, post-secondary non-tertiary, male (%)",TGO,2004,0,NIL,
GER.4.M,"Gross enrolment ratio, post-secondary non-tertiary, male (%)",TGO,2005,0,NIL,
GER.4.M,"Gross enrolment ratio, post-secondary non-tertiary, male (%)",TGO,2006,0,NIL,
GER.4.M,"Gross enrolment ratio, post-secondary non-tertiary, male (%)",TGO,2020,.1045660508888114,,
GER.4.M,"Gross enrolment ratio, post-secondary non-tertiary, male (%)",TGO,2021,.1270988805970149,,
GTVP.2.GPV,"Share of all students in lower secondary education enrolled in general programmes, both sexes (%)",TGO,1999,97.93611907958984,,
GTVP.2.GPV,"Share of all students in lower secondary education enrolled in general programmes, both sexes (%)",TGO,2000,98.23541259765625,,
GTVP.2.GPV,"Share of all students in lower secondary education enrolled in general programmes, both sexes (%)",TGO,2001,98.04013824462891,,UIS_EST
GTVP.2.GPV,"Share of all students in lower secondary education enrolled in general programmes, both sexes (%)",TGO,2002,98.20237731933594,,UIS_EST
GTVP.2.GPV,"Share of all students in lower secondary education enrolled in general programmes, both sexes (%)",TGO,2003,98.43527984619141,,
GTVP.2.GPV,"Share of all students in lower secondary education enrolled in general programmes, both sexes (%)",TGO,2004,98.54801940917969,,
GTVP.2.GPV,"Share of all students in lower secondary education enrolled in general programmes, both sexes (%)",TGO,2005,98.92218017578125,,
GTVP.2.GPV,"Share of all students in lower secondary education enrolled in general programmes, both sexes (%)",TGO,2006,98.89497375488281,,
GTVP.2.GPV,"Share of all students in lower secondary education enrolled in general programmes, both sexes (%)",TGO,2007,98.59765625,,UIS_EST
GTVP.2.GPV,"Share of all students in lower secondary education enrolled in general programmes, both sexes (%)",TGO,2011,98.82300249461419,,
GTVP.2.GPV,"Share of all students in lower secondary education enrolled in general programmes, both sexes (%)",TGO,2017,98.47159266743122,,
GTVP.2.GPV,"Share of all students in lower secondary education enrolled in general programmes, both sexes (%)",TGO,2021,97.15435611318486,,
GTVP.2.GPV,"Share of all students in lower secondary education enrolled in general programmes, both sexes (%)",TGO,2023,95.74308121265236,,
GTVP.2.GPV.F,"Share of all students in lower secondary education enrolled in general programmes, female (%)",TGO,1999,98.42704772949219,,
GTVP.2.GPV.F,"Share of all students in lower secondary education enrolled in general programmes, female (%)",TGO,2000,98.447509765625,,
GTVP.2.GPV.F,"Share of all students in lower secondary education enrolled in general programmes, female (%)",TGO,2001,98.20623779296875,,UIS_EST
GTVP.2.GPV.F,"Share of all students in lower secondary education enrolled in general programmes, female (%)",TGO,2002,98.45339965820313,,UIS_EST
GTVP.2.GPV.F,"Share of all students in lower secondary education enrolled in general programmes, female (%)",TGO,2003,99.62677001953125,,
GTVP.2.GPV.F,"Share of all students in lower secondary education enrolled in general programmes, female (%)",TGO,2004,99.64521026611328,,
GTVP.2.GPV.F,"Share of all students in lower secondary education enrolled in general programmes, female (%)",TGO,2005,99.80905914306641,,
GTVP.2.GPV.F,"Share of all students in lower secondary education enrolled in general programmes, female (%)",TGO,2006,99.72699737548828,,
GTVP.2.GPV.F,"Share of all students in lower secondary education enrolled in general programmes, female (%)",TGO,2007,99.64792633056641,,UIS_EST
GTVP.2.GPV.F,"Share of all students in lower secondary education enrolled in general programmes, female (%)",TGO,2017,99.70052337646484,,
GTVP.2.GPV.F,"Share of all students in lower secondary education enrolled in general programmes, female (%)",TGO,2021,99.13910675048828,,
GTVP.2.GPV.F,"Share of all students in lower secondary education enrolled in general programmes, female (%)",TGO,2023,98.63530731201172,,
GTVP.2.GPV.GPIA,"Share of all students in lower secondary education enrolled in general programmes, adjusted gender parity index (GPIA)",TGO,1999,1.00721001625061,,
GTVP.2.GPV.GPIA,"Share of all students in lower secondary education enrolled in general programmes, adjusted gender parity index (GPIA)",TGO,2000,1.003200054168701,,
GTVP.2.GPV.GPIA,"Share of all students in lower secondary education enrolled in general programmes, adjusted gender parity index (GPIA)",TGO,2001,1.002539992332458,,UIS_EST
GTVP.2.GPV.GPIA,"Share of all students in lower secondary education enrolled in general programmes, adjusted gender parity index (GPIA)",TGO,2002,1.003880023956299,,UIS_EST
GTVP.2.GPV.GPIA,"Share of all students in lower secondary education enrolled in general programmes, adjusted gender parity index (GPIA)",TGO,2003,1.018280029296875,,
GTVP.2.GPV.GPIA,"Share of all students in lower secondary education enrolled in general programmes, adjusted gender parity index (GPIA)",TGO,2004,1.01708996295929,,
GTVP.2.GPV.GPIA,"Share of all students in lower secondary education enrolled in general programmes, adjusted gender parity index (GPIA)",TGO,2005,1.013949990272522,,
GTVP.2.GPV.GPIA,"Share of all students in lower secondary education enrolled in general programmes, adjusted gender parity index (GPIA)",TGO,2006,1.01324999332428,,
GTVP.2.GPV.GPIA,"Share of all students in lower secondary education enrolled in general programmes, adjusted gender parity index (GPIA)",TGO,2007,1.016579985618591,,UIS_EST
GTVP.2.GPV.GPIA,"Share of all students in lower secondary education enrolled in general programmes, adjusted gender parity index (GPIA)",TGO,2017,1.021919965744019,,
GTVP.2.GPV.GPIA,"Share of all students in lower secondary education enrolled in general programmes, adjusted gender parity index (GPIA)",TGO,2021,1.036720037460327,,
GTVP.2.GPV.GPIA,"Share of all students in lower secondary education enrolled in general programmes, adjusted gender parity index (GPIA)",TGO,2023,1.054380059242249,,
GTVP.2.GPV.M,"Share of all students in lower secondary education enrolled in general programmes, male (%)",TGO,1999,97.71765899658203,,
GTVP.2.GPV.M,"Share of all students in lower secondary education enrolled in general programmes, male (%)",TGO,2000,98.13246154785156,,
GTVP.2.GPV.M,"Share of all students in lower secondary education enrolled in general programmes, male (%)",TGO,2001,97.95706939697266,,UIS_EST
GTVP.2.GPV.M,"Share of all students in lower secondary education enrolled in general programmes, male (%)",TGO,2002,98.07157897949219,,UIS_EST
GTVP.2.GPV.M,"Share of all students in lower secondary education enrolled in general programmes, male (%)",TGO,2003,97.80586242675781,,
GTVP.2.GPV.M,"Share of all students in lower secondary education enrolled in general programmes, male (%)",TGO,2004,97.94258880615234,,
GTVP.2.GPV.M,"Share of all students in lower secondary education enrolled in general programmes, male (%)",TGO,2005,98.41642761230469,,
GTVP.2.GPV.M,"Share of all students in lower secondary education enrolled in general programmes, male (%)",TGO,2006,98.40512847900391,,
GTVP.2.GPV.M,"Share of all students in lower secondary education enrolled in general programmes, male (%)",TGO,2007,97.99614715576172,,UIS_EST
GTVP.2.GPV.M,"Share of all students in lower secondary education enrolled in general programmes, male (%)",TGO,2017,97.51519012451172,,
GTVP.2.GPV.M,"Share of all students in lower secondary education enrolled in general programmes, male (%)",TGO,2021,95.49881744384766,,
GTVP.2.GPV.M,"Share of all students in lower secondary education enrolled in general programmes, male (%)",TGO,2023,93.27191162109375,,
GTVP.2.V,"Share of all students in lower secondary education enrolled in vocational programmes, both sexes (%)",TGO,1999,2.06387996673584,,
GTVP.2.V,"Share of all students in lower secondary education enrolled in vocational programmes, both sexes (%)",TGO,2000,1.76459002494812,,UIS_EST
GTVP.2.V,"Share of all students in lower secondary education enrolled in vocational programmes, both sexes (%)",TGO,2003,1.564720034599304,,UIS_EST
GTVP.2.V,"Share of all students in lower secondary education enrolled in vocational programmes, both sexes (%)",TGO,2004,1.451979994773865,,
GTVP.2.V,"Share of all students in lower secondary education enrolled in vocational programmes, both sexes (%)",TGO,2005,1.07781994342804,,
GTVP.2.V,"Share of all students in lower secondary education enrolled in vocational programmes, both sexes (%)",TGO,2006,1.105029940605164,,
GTVP.2.V,"Share of all students in lower secondary education enrolled in vocational programmes, both sexes (%)",TGO,2007,1.402340054512024,,UIS_EST
GTVP.2.V,"Share of all students in lower secondary education enrolled in vocational programmes, both sexes (%)",TGO,2011,1.176997505385815,,
GTVP.2.V,"Share of all students in lower secondary education enrolled in vocational programmes, both sexes (%)",TGO,2017,1.528407332568766,,
GTVP.2.V,"Share of all students in lower secondary education enrolled in vocational programmes, both sexes (%)",TGO,2021,2.845643886815141,,
GTVP.2.V,"Share of all students in lower secondary education enrolled in vocational programmes, both sexes (%)",TGO,2023,4.256918787347646,,
GTVP.2.V.F,"Share of all students in lower secondary education enrolled in vocational programmes, female (%)",TGO,1999,1.572950005531311,,
GTVP.2.V.F,"Share of all students in lower secondary education enrolled in vocational programmes, female (%)",TGO,2000,1.552489995956421,,UIS_EST
GTVP.2.V.F,"Share of all students in lower secondary education enrolled in vocational programmes, female (%)",TGO,2003,.3732300102710724,,UIS_EST
GTVP.2.V.F,"Share of all students in lower secondary education enrolled in vocational programmes, female (%)",TGO,2004,.3547900021076202,,
GTVP.2.V.F,"Share of all students in lower secondary education enrolled in vocational programmes, female (%)",TGO,2005,.1909399926662445,,
GTVP.2.V.F,"Share of all students in lower secondary education enrolled in vocational programmes, female (%)",TGO,2006,.2730000019073486,,
GTVP.2.V.F,"Share of all students in lower secondary education enrolled in vocational programmes, female (%)",TGO,2007,.3520700037479401,,UIS_EST
GTVP.2.V.F,"Share of all students in lower secondary education enrolled in vocational programmes, female (%)",TGO,2017,.2994799911975861,,
GTVP.2.V.F,"Share of all students in lower secondary education enrolled in vocational programmes, female (%)",TGO,2021,.8608899712562561,,
GTVP.2.V.F,"Share of all students in lower secondary education enrolled in vocational programmes, female (%)",TGO,2023,1.364689946174622,,
GTVP.2.V.GPIA,"Share of all students in lower secondary education enrolled in vocational programmes, adjusted gender parity index (GPIA)",TGO,1999,.6891800165176392,,
GTVP.2.V.GPIA,"Share of all students in lower secondary education enrolled in vocational programmes, adjusted gender parity index (GPIA)",TGO,2000,.8313000202178955,,UIS_EST
GTVP.2.V.GPIA,"Share of all students in lower secondary education enrolled in vocational programmes, adjusted gender parity index (GPIA)",TGO,2003,.1701100021600723,,UIS_EST
GTVP.2.V.GPIA,"Share of all students in lower secondary education enrolled in vocational programmes, adjusted gender parity index (GPIA)",TGO,2004,.1724500060081482,,
GTVP.2.V.GPIA,"Share of all students in lower secondary education enrolled in vocational programmes, adjusted gender parity index (GPIA)",TGO,2005,.1205800026655197,,
GTVP.2.V.GPIA,"Share of all students in lower secondary education enrolled in vocational programmes, adjusted gender parity index (GPIA)",TGO,2006,.1711799949407578,,
GTVP.2.V.GPIA,"Share of all students in lower secondary education enrolled in vocational programmes, adjusted gender parity index (GPIA)",TGO,2007,.1756999939680099,,UIS_EST
GTVP.2.V.GPIA,"Share of all students in lower secondary education enrolled in vocational programmes, adjusted gender parity index (GPIA)",TGO,2017,.1205300018191338,,
GTVP.2.V.GPIA,"Share of all students in lower secondary education enrolled in vocational programmes, adjusted gender parity index (GPIA)",TGO,2021,.1912599951028824,,
GTVP.2.V.GPIA,"Share of all students in lower secondary education enrolled in vocational programmes, adjusted gender parity index (GPIA)",TGO,2023,.2028300017118454,,
GTVP.2.V.M,"Share of all students in lower secondary education enrolled in vocational programmes, male (%)",TGO,1999,2.282340049743652,,
GTVP.2.V.M,"Share of all students in lower secondary education enrolled in vocational programmes, male (%)",TGO,2000,1.867540001869202,,UIS_EST
GTVP.2.V.M,"Share of all students in lower secondary education enrolled in vocational programmes, male (%)",TGO,2003,2.194139957427979,,UIS_EST
GTVP.2.V.M,"Share of all students in lower secondary education enrolled in vocational programmes, male (%)",TGO,2004,2.057410001754761,,
GTVP.2.V.M,"Share of all students in lower secondary education enrolled in vocational programmes, male (%)",TGO,2005,1.583570003509521,,
GTVP.2.V.M,"Share of all students in lower secondary education enrolled in vocational programmes, male (%)",TGO,2006,1.59486997127533,,
GTVP.2.V.M,"Share of all students in lower secondary education enrolled in vocational programmes, male (%)",TGO,2007,2.003849983215332,,UIS_EST
GTVP.2.V.M,"Share of all students in lower secondary education enrolled in vocational programmes, male (%)",TGO,2017,2.48481011390686,,
GTVP.2.V.M,"Share of all students in lower secondary education enrolled in vocational programmes, male (%)",TGO,2021,4.501180171966553,,
GTVP.2.V.M,"Share of all students in lower secondary education enrolled in vocational programmes, male (%)",TGO,2023,6.728089809417725,,
GTVP.2T3.GPV,"Share of all students in secondary education enrolled in general programmes, both sexes (%)",TGO,1971,89.7423095703125,,
GTVP.2T3.GPV,"Share of all students in secondary education enrolled in general programmes, both sexes (%)",TGO,1972,90.24031829833984,,
GTVP.2T3.GPV,"Share of all students in secondary education enrolled in general programmes, both sexes (%)",TGO,1973,90.51393890380859,,
GTVP.2T3.GPV,"Share of all students in secondary education enrolled in general programmes, both sexes (%)",TGO,1974,90.88851165771484,,
GTVP.2T3.GPV,"Share of all students in secondary education enrolled in general programmes, both sexes (%)",TGO,1975,91.51296234130859,,
GTVP.2T3.GPV,"Share of all students in secondary education enrolled in general programmes, both sexes (%)",TGO,1976,91.86074829101563,,
GTVP.2T3.GPV,"Share of all students in secondary education enrolled in general programmes, both sexes (%)",TGO,1977,91.86634826660156,,
GTVP.2T3.GPV,"Share of all students in secondary education enrolled in general programmes, both sexes (%)",TGO,1978,92.03040313720703,,
GTVP.2T3.GPV,"Share of all students in secondary education enrolled in general programmes, both sexes (%)",TGO,1979,93.00096893310547,,
GTVP.2T3.GPV,"Share of all students in secondary education enrolled in general programmes, both sexes (%)",TGO,1980,93.67209625244141,,
GTVP.2T3.GPV,"Share of all students in secondary education enrolled in general programmes, both sexes (%)",TGO,1982,94.29222106933594,,
GTVP.2T3.GPV,"Share of all students in secondary education enrolled in general programmes, both sexes (%)",TGO,1983,94.75676727294922,,
GTVP.2T3.GPV,"Share of all students in secondary education enrolled in general programmes, both sexes (%)",TGO,1984,94.0699462890625,,
GTVP.2T3.GPV,"Share of all students in secondary education enrolled in general programmes, both sexes (%)",TGO,1985,94.01142120361328,,
GTVP.2T3.GPV,"Share of all students in secondary education enrolled in general programmes, both sexes (%)",TGO,1986,94.32557678222656,,
GTVP.2T3.GPV,"Share of all students in secondary education enrolled in general programmes, both sexes (%)",TGO,1987,93.70393371582031,,
GTVP.2T3.GPV,"Share of all students in secondary education enrolled in general programmes, both sexes (%)",TGO,1988,94.07833862304688,,
GTVP.2T3.GPV,"Share of all students in secondary education enrolled in general programmes, both sexes (%)",TGO,1989,94.12335205078125,,
GTVP.2T3.GPV,"Share of all students in secondary education enrolled in general programmes, both sexes (%)",TGO,1990,94.41520690917969,,
GTVP.2T3.GPV,"Share of all students in secondary education enrolled in general programmes, both sexes (%)",TGO,1991,93.31553649902344,,
GTVP.2T3.GPV,"Share of all students in secondary education enrolled in general programmes, both sexes (%)",TGO,1992,94.10002136230469,,
GTVP.2T3.GPV,"Share of all students in secondary education enrolled in general programmes, both sexes (%)",TGO,1994,93.88818359375,,
GTVP.2T3.GPV,"Share of all students in secondary education enrolled in general programmes, both sexes (%)",TGO,1995,95.02374267578125,,
GTVP.2T3.GPV,"Share of all students in secondary education enrolled in general programmes, both sexes (%)",TGO,1996,95.39240264892578,,
GTVP.2T3.GPV,"Share of all students in secondary education enrolled in general programmes, both sexes (%)",TGO,1997,94.90838623046875,,
GTVP.2T3.GPV,"Share of all students in secondary education enrolled in general programmes, both sexes (%)",TGO,1999,93.33299255371094,,
GTVP.2T3.GPV,"Share of all students in secondary education enrolled in general programmes, both sexes (%)",TGO,2000,94.16763305664063,,
GTVP.2T3.GPV,"Share of all students in secondary education enrolled in general programmes, both sexes (%)",TGO,2001,93.55950164794922,,
GTVP.2T3.GPV,"Share of all students in secondary education enrolled in general programmes, both sexes (%)",TGO,2002,94.000732421875,,
GTVP.2T3.GPV,"Share of all students in secondary education enrolled in general programmes, both sexes (%)",TGO,2003,94.33718872070313,,
GTVP.2T3.GPV,"Share of all students in secondary education enrolled in general programmes, both sexes (%)",TGO,2004,94.71528625488281,,
GTVP.2T3.GPV,"Share of all students in secondary education enrolled in general programmes, both sexes (%)",TGO,2005,93.24697113037109,,
GTVP.2T3.GPV,"Share of all students in secondary education enrolled in general programmes, both sexes (%)",TGO,2006,93.52654266357422,,
GTVP.2T3.GPV,"Share of all students in secondary education enrolled in general programmes, both sexes (%)",TGO,2007,92.2130126953125,,
GTVP.2T3.GPV,"Share of all students in secondary education enrolled in general programmes, both sexes (%)",TGO,2011,94.94870758056641,,
GTVP.2T3.GPV,"Share of all students in secondary education enrolled in general programmes, both sexes (%)",TGO,2017,94.20124211998368,,
GTVP.2T3.GPV,"Share of all students in secondary education enrolled in general programmes, both sexes (%)",TGO,2021,93.80778801470268,,
GTVP.2T3.GPV,"Share of all students in secondary education enrolled in general programmes, both sexes (%)",TGO,2023,92.65931246681104,,
GTVP.2T3.GPV.F,"Share of all students in secondary education enrolled in general programmes, female (%)",TGO,1971,83.21153259277344,,
GTVP.2T3.GPV.F,"Share of all students in secondary education enrolled in general programmes, female (%)",TGO,1972,86.22274780273438,,
GTVP.2T3.GPV.F,"Share of all students in secondary education enrolled in general programmes, female (%)",TGO,1973,87.24324035644531,,
GTVP.2T3.GPV.F,"Share of all students in secondary education enrolled in general programmes, female (%)",TGO,1974,88.16542053222656,,
GTVP.2T3.GPV.F,"Share of all students in secondary education enrolled in general programmes, female (%)",TGO,1975,89.17452239990234,,
GTVP.2T3.GPV.F,"Share of all students in secondary education enrolled in general programmes, female (%)",TGO,1976,89.75863647460938,,
GTVP.2T3.GPV.F,"Share of all students in secondary education enrolled in general programmes, female (%)",TGO,1977,91.62312316894531,,
GTVP.2T3.GPV.F,"Share of all students in secondary education enrolled in general programmes, female (%)",TGO,1978,90.94927215576172,,
GTVP.2T3.GPV.F,"Share of all students in secondary education enrolled in general programmes, female (%)",TGO,1979,91.29505157470703,,
GTVP.2T3.GPV.F,"Share of all students in secondary education enrolled in general programmes, female (%)",TGO,1980,92.27461242675781,,
GTVP.2T3.GPV.F,"Share of all students in secondary education enrolled in general programmes, female (%)",TGO,1982,93.10887145996094,,
GTVP.2T3.GPV.F,"Share of all students in secondary education enrolled in general programmes, female (%)",TGO,1983,94.30948638916016,,
GTVP.2T3.GPV.F,"Share of all students in secondary education enrolled in general programmes, female (%)",TGO,1984,94.33901977539063,,
GTVP.2T3.GPV.F,"Share of all students in secondary education enrolled in general programmes, female (%)",TGO,1985,93.79048919677734,,
GTVP.2T3.GPV.F,"Share of all students in secondary education enrolled in general programmes, female (%)",TGO,1986,93.68077850341797,,
GTVP.2T3.GPV.F,"Share of all students in secondary education enrolled in general programmes, female (%)",TGO,1987,93.24172973632813,,
GTVP.2T3.GPV.F,"Share of all students in secondary education enrolled in general programmes, female (%)",TGO,1988,92.98739624023438,,
GTVP.2T3.GPV.F,"Share of all students in secondary education enrolled in general programmes, female (%)",TGO,1989,93.56749725341797,,
GTVP.2T3.GPV.F,"Share of all students in secondary education enrolled in general programmes, female (%)",TGO,1990,94.00496673583984,,
GTVP.2T3.GPV.F,"Share of all students in secondary education enrolled in general programmes, female (%)",TGO,1991,93.19712829589844,,
GTVP.2T3.GPV.F,"Share of all students in secondary education enrolled in general programmes, female (%)",TGO,1992,94.3548583984375,,
GTVP.2T3.GPV.F,"Share of all students in secondary education enrolled in general programmes, female (%)",TGO,1994,94.29019927978516,,
GTVP.2T3.GPV.F,"Share of all students in secondary education enrolled in general programmes, female (%)",TGO,1995,94.73409271240234,,
GTVP.2T3.GPV.F,"Share of all students in secondary education enrolled in general programmes, female (%)",TGO,1996,95.55088806152344,,
GTVP.2T3.GPV.F,"Share of all students in secondary education enrolled in general programmes, female (%)",TGO,1997,94.61077880859375,,
GTVP.2T3.GPV.F,"Share of all students in secondary education enrolled in general programmes, female (%)",TGO,1999,94.21388244628906,,
GTVP.2T3.GPV.F,"Share of all students in secondary education enrolled in general programmes, female (%)",TGO,2000,94.25572204589844,,
GTVP.2T3.GPV.F,"Share of all students in secondary education enrolled in general programmes, female (%)",TGO,2001,93.3848876953125,,
GTVP.2T3.GPV.F,"Share of all students in secondary education enrolled in general programmes, female (%)",TGO,2002,94.20781707763672,,
GTVP.2T3.GPV.F,"Share of all students in secondary education enrolled in general programmes, female (%)",TGO,2003,94.55731201171875,,
GTVP.2T3.GPV.F,"Share of all students in secondary education enrolled in general programmes, female (%)",TGO,2004,94.81330108642578,,
GTVP.2T3.GPV.F,"Share of all students in secondary education enrolled in general programmes, female (%)",TGO,2005,92.91059875488281,,
GTVP.2T3.GPV.F,"Share of all students in secondary education enrolled in general programmes, female (%)",TGO,2006,92.96150970458984,,
GTVP.2T3.GPV.F,"Share of all students in secondary education enrolled in general programmes, female (%)",TGO,2007,91.35748291015625,,UIS_EST
GTVP.2T3.GPV.F,"Share of all students in secondary education enrolled in general programmes, female (%)",TGO,2017,94.41110229492188,,
GTVP.2T3.GPV.F,"Share of all students in secondary education enrolled in general programmes, female (%)",TGO,2021,94.42317962646484,,
GTVP.2T3.GPV.F,"Share of all students in secondary education enrolled in general programmes, female (%)",TGO,2023,93.86345672607422,,
GTVP.2T3.GPV.GPIA,"Share of all students in secondary education enrolled in general programmes, adjusted gender parity index (GPIA)",TGO,1971,.9081599712371826,,
GTVP.2T3.GPV.GPIA,"Share of all students in secondary education enrolled in general programmes, adjusted gender parity index (GPIA)",TGO,1972,.9416999816894531,,
GTVP.2T3.GPV.GPIA,"Share of all students in secondary education enrolled in general programmes, adjusted gender parity index (GPIA)",TGO,1973,.9531999826431274,,
GTVP.2T3.GPV.GPIA,"Share of all students in secondary education enrolled in general programmes, adjusted gender parity index (GPIA)",TGO,1974,.9610599875450134,,
GTVP.2T3.GPV.GPIA,"Share of all students in secondary education enrolled in general programmes, adjusted gender parity index (GPIA)",TGO,1975,.9669700264930725,,
GTVP.2T3.GPV.GPIA,"Share of all students in secondary education enrolled in general programmes, adjusted gender parity index (GPIA)",TGO,1976,.9701799750328064,,
GTVP.2T3.GPV.GPIA,"Share of all students in secondary education enrolled in general programmes, adjusted gender parity index (GPIA)",TGO,1977,.9965699911117554,,
GTVP.2T3.GPV.GPIA,"Share of all students in secondary education enrolled in general programmes, adjusted gender parity index (GPIA)",TGO,1978,.9847800135612488,,
GTVP.2T3.GPV.GPIA,"Share of all students in secondary education enrolled in general programmes, adjusted gender parity index (GPIA)",TGO,1979,.9760500192642212,,
GTVP.2T3.GPV.GPIA,"Share of all students in secondary education enrolled in general programmes, adjusted gender parity index (GPIA)",TGO,1980,.9804199934005737,,
GTVP.2T3.GPV.GPIA,"Share of all students in secondary education enrolled in general programmes, adjusted gender parity index (GPIA)",TGO,1982,.9832599759101868,,
GTVP.2T3.GPV.GPIA,"Share of all students in secondary education enrolled in general programmes, adjusted gender parity index (GPIA)",TGO,1983,.9937099814414978,,
GTVP.2T3.GPV.GPIA,"Share of all students in secondary education enrolled in general programmes, adjusted gender parity index (GPIA)",TGO,1984,1.003780007362366,,
GTVP.2T3.GPV.GPIA,"Share of all students in secondary education enrolled in general programmes, adjusted gender parity index (GPIA)",TGO,1985,.9969099760055542,,
GTVP.2T3.GPV.GPIA,"Share of all students in secondary education enrolled in general programmes, adjusted gender parity index (GPIA)",TGO,1986,.9910600185394287,,
GTVP.2T3.GPV.GPIA,"Share of all students in secondary education enrolled in general programmes, adjusted gender parity index (GPIA)",TGO,1987,.9935600161552429,,
GTVP.2T3.GPV.GPIA,"Share of all students in secondary education enrolled in general programmes, adjusted gender parity index (GPIA)",TGO,1988,.9846699833869934,,
GTVP.2T3.GPV.GPIA,"Share of all students in secondary education enrolled in general programmes, adjusted gender parity index (GPIA)",TGO,1989,.9922599792480469,,
GTVP.2T3.GPV.GPIA,"Share of all students in secondary education enrolled in general programmes, adjusted gender parity index (GPIA)",TGO,1990,.9941800236701965,,
GTVP.2T3.GPV.GPIA,"Share of all students in secondary education enrolled in general programmes, adjusted gender parity index (GPIA)",TGO,1991,.9983000159263611,,
GTVP.2T3.GPV.GPIA,"Share of all students in secondary education enrolled in general programmes, adjusted gender parity index (GPIA)",TGO,1992,1.003589987754822,,
GTVP.2T3.GPV.GPIA,"Share of all students in secondary education enrolled in general programmes, adjusted gender parity index (GPIA)",TGO,1994,1.005730032920837,,
GTVP.2T3.GPV.GPIA,"Share of all students in secondary education enrolled in general programmes, adjusted gender parity index (GPIA)",TGO,1995,.9958800077438354,,
GTVP.2T3.GPV.GPIA,"Share of all students in secondary education enrolled in general programmes, adjusted gender parity index (GPIA)",TGO,1996,1.002239942550659,,
GTVP.2T3.GPV.GPIA,"Share of all students in secondary education enrolled in general programmes, adjusted gender parity index (GPIA)",TGO,1997,.9957299828529358,,
GTVP.2T3.GPV.GPIA,"Share of all students in secondary education enrolled in general programmes, adjusted gender parity index (GPIA)",TGO,1999,1.013100028038025,,
GTVP.2T3.GPV.GPIA,"Share of all students in secondary education enrolled in general programmes, adjusted gender parity index (GPIA)",TGO,2000,1.001350045204163,,
GTVP.2T3.GPV.GPIA,"Share of all students in secondary education enrolled in general programmes, adjusted gender parity index (GPIA)",TGO,2001,.9972800016403198,,
GTVP.2T3.GPV.GPIA,"Share of all students in secondary education enrolled in general programmes, adjusted gender parity index (GPIA)",TGO,2002,1.003250002861023,,
GTVP.2T3.GPV.GPIA,"Share of all students in secondary education enrolled in general programmes, adjusted gender parity index (GPIA)",TGO,2003,1.003469944000244,,
GTVP.2T3.GPV.GPIA,"Share of all students in secondary education enrolled in general programmes, adjusted gender parity index (GPIA)",TGO,2004,1.001569986343384,,
GTVP.2T3.GPV.GPIA,"Share of all students in secondary education enrolled in general programmes, adjusted gender parity index (GPIA)",TGO,2005,.9944900274276733,,
GTVP.2T3.GPV.GPIA,"Share of all students in secondary education enrolled in general programmes, adjusted gender parity index (GPIA)",TGO,2006,.9906899929046631,,
GTVP.2T3.GPV.GPIA,"Share of all students in secondary education enrolled in general programmes, adjusted gender parity index (GPIA)",TGO,2007,.9858800172805786,,UIS_EST
GTVP.2T3.GPV.GPIA,"Share of all students in secondary education enrolled in general programmes, adjusted gender parity index (GPIA)",TGO,2017,1.003829956054688,,
GTVP.2T3.GPV.GPIA,"Share of all students in secondary education enrolled in general programmes, adjusted gender parity index (GPIA)",TGO,2021,1.011780023574829,,
GTVP.2T3.GPV.GPIA,"Share of all students in secondary education enrolled in general programmes, adjusted gender parity index (GPIA)",TGO,2023,1.023779988288879,,
GTVP.2T3.GPV.M,"Share of all students in secondary education enrolled in general programmes, male (%)",TGO,1971,91.62615966796875,,
GTVP.2T3.GPV.M,"Share of all students in secondary education enrolled in general programmes, male (%)",TGO,1972,91.56104278564453,,
GTVP.2T3.GPV.M,"Share of all students in secondary education enrolled in general programmes, male (%)",TGO,1973,91.52713012695313,,
GTVP.2T3.GPV.M,"Share of all students in secondary education enrolled in general programmes, male (%)",TGO,1974,91.73741149902344,,
GTVP.2T3.GPV.M,"Share of all students in secondary education enrolled in general programmes, male (%)",TGO,1975,92.22016143798828,,
GTVP.2T3.GPV.M,"Share of all students in secondary education enrolled in general programmes, male (%)",TGO,1976,92.51741790771484,,
GTVP.2T3.GPV.M,"Share of all students in secondary education enrolled in general programmes, male (%)",TGO,1977,91.93846893310547,,
GTVP.2T3.GPV.M,"Share of all students in secondary education enrolled in general programmes, male (%)",TGO,1978,92.35485076904297,,
GTVP.2T3.GPV.M,"Share of all students in secondary education enrolled in general programmes, male (%)",TGO,1979,93.534912109375,,
GTVP.2T3.GPV.M,"Share of all students in secondary education enrolled in general programmes, male (%)",TGO,1980,94.11776733398438,,
GTVP.2T3.GPV.M,"Share of all students in secondary education enrolled in general programmes, male (%)",TGO,1982,94.69422149658203,,
GTVP.2T3.GPV.M,"Share of all students in secondary education enrolled in general programmes, male (%)",TGO,1983,94.90605163574219,,
GTVP.2T3.GPV.M,"Share of all students in secondary education enrolled in general programmes, male (%)",TGO,1984,93.98219299316406,,
GTVP.2T3.GPV.M,"Share of all students in secondary education enrolled in general programmes, male (%)",TGO,1985,94.08130645751953,,
GTVP.2T3.GPV.M,"Share of all students in secondary education enrolled in general programmes, male (%)",TGO,1986,94.52594757080078,,
GTVP.2T3.GPV.M,"Share of all students in secondary education enrolled in general programmes, male (%)",TGO,1987,93.84648132324219,,
GTVP.2T3.GPV.M,"Share of all students in secondary education enrolled in general programmes, male (%)",TGO,1988,94.43460845947266,,
GTVP.2T3.GPV.M,"Share of all students in secondary education enrolled in general programmes, male (%)",TGO,1989,94.29766082763672,,
GTVP.2T3.GPV.M,"Share of all students in secondary education enrolled in general programmes, male (%)",TGO,1990,94.55570220947266,,
GTVP.2T3.GPV.M,"Share of all students in secondary education enrolled in general programmes, male (%)",TGO,1991,93.35565948486328,,
GTVP.2T3.GPV.M,"Share of all students in secondary education enrolled in general programmes, male (%)",TGO,1992,94.01644897460938,,
GTVP.2T3.GPV.M,"Share of all students in secondary education enrolled in general programmes, male (%)",TGO,1994,93.7501220703125,,
GTVP.2T3.GPV.M,"Share of all students in secondary education enrolled in general programmes, male (%)",TGO,1995,95.12625885009766,,
GTVP.2T3.GPV.M,"Share of all students in secondary education enrolled in general programmes, male (%)",TGO,1996,95.33638763427734,,
GTVP.2T3.GPV.M,"Share of all students in secondary education enrolled in general programmes, male (%)",TGO,1997,95.01679992675781,,
GTVP.2T3.GPV.M,"Share of all students in secondary education enrolled in general programmes, male (%)",TGO,1999,92.97979736328125,,
GTVP.2T3.GPV.M,"Share of all students in secondary education enrolled in general programmes, male (%)",TGO,2000,94.12824249267578,,
GTVP.2T3.GPV.M,"Share of all students in secondary education enrolled in general programmes, male (%)",TGO,2001,93.63954925537109,,
GTVP.2T3.GPV.M,"Share of all students in secondary education enrolled in general programmes, male (%)",TGO,2002,93.90189361572266,,
GTVP.2T3.GPV.M,"Share of all students in secondary education enrolled in general programmes, male (%)",TGO,2003,94.228759765625,,
GTVP.2T3.GPV.M,"Share of all students in secondary education enrolled in general programmes, male (%)",TGO,2004,94.66477203369141,,
GTVP.2T3.GPV.M,"Share of all students in secondary education enrolled in general programmes, male (%)",TGO,2005,93.42562866210938,,
GTVP.2T3.GPV.M,"Share of all students in secondary education enrolled in general programmes, male (%)",TGO,2006,93.83499145507813,,
GTVP.2T3.GPV.M,"Share of all students in secondary education enrolled in general programmes, male (%)",TGO,2007,92.66548919677734,,UIS_EST
GTVP.2T3.GPV.M,"Share of all students in secondary education enrolled in general programmes, male (%)",TGO,2017,94.049560546875,,
GTVP.2T3.GPV.M,"Share of all students in secondary education enrolled in general programmes, male (%)",TGO,2021,93.31111145019531,,
GTVP.2T3.GPV.M,"Share of all students in secondary education enrolled in general programmes, male (%)",TGO,2023,91.63095855712891,,
GTVP.2T3.V,"Share of all students in secondary education enrolled in vocational programmes, both sexes (%)",TGO,1971,10.2576904296875,,
GTVP.2T3.V,"Share of all students in secondary education enrolled in vocational programmes, both sexes (%)",TGO,1972,9.759679794311523,,
GTVP.2T3.V,"Share of all students in secondary education enrolled in vocational programmes, both sexes (%)",TGO,1973,9.48606014251709,,
GTVP.2T3.V,"Share of all students in secondary education enrolled in vocational programmes, both sexes (%)",TGO,1974,9.111490249633789,,
GTVP.2T3.V,"Share of all students in secondary education enrolled in vocational programmes, both sexes (%)",TGO,1975,8.487039566040039,,
GTVP.2T3.V,"Share of all students in secondary education enrolled in vocational programmes, both sexes (%)",TGO,1976,8.139249801635742,,
GTVP.2T3.V,"Share of all students in secondary education enrolled in vocational programmes, both sexes (%)",TGO,1977,8.133649826049805,,
GTVP.2T3.V,"Share of all students in secondary education enrolled in vocational programmes, both sexes (%)",TGO,1978,7.969600200653076,,
GTVP.2T3.V,"Share of all students in secondary education enrolled in vocational programmes, both sexes (%)",TGO,1979,6.999030113220215,,
GTVP.2T3.V,"Share of all students in secondary education enrolled in vocational programmes, both sexes (%)",TGO,1980,6.327899932861328,,
GTVP.2T3.V,"Share of all students in secondary education enrolled in vocational programmes, both sexes (%)",TGO,1982,5.707779884338379,,
GTVP.2T3.V,"Share of all students in secondary education enrolled in vocational programmes, both sexes (%)",TGO,1983,5.243229866027832,,
GTVP.2T3.V,"Share of all students in secondary education enrolled in vocational programmes, both sexes (%)",TGO,1984,5.930049896240234,,
GTVP.2T3.V,"Share of all students in secondary education enrolled in vocational programmes, both sexes (%)",TGO,1985,5.988580226898193,,
GTVP.2T3.V,"Share of all students in secondary education enrolled in vocational programmes, both sexes (%)",TGO,1986,5.67441987991333,,
GTVP.2T3.V,"Share of all students in secondary education enrolled in vocational programmes, both sexes (%)",TGO,1987,6.296070098876953,,
GTVP.2T3.V,"Share of all students in secondary education enrolled in vocational programmes, both sexes (%)",TGO,1988,5.92165994644165,,
GTVP.2T3.V,"Share of all students in secondary education enrolled in vocational programmes, both sexes (%)",TGO,1989,5.876649856567383,,
GTVP.2T3.V,"Share of all students in secondary education enrolled in vocational programmes, both sexes (%)",TGO,1990,5.584790229797363,,
GTVP.2T3.V,"Share of all students in secondary education enrolled in vocational programmes, both sexes (%)",TGO,1991,6.684460163116455,,
GTVP.2T3.V,"Share of all students in secondary education enrolled in vocational programmes, both sexes (%)",TGO,1992,5.899980068206787,,
GTVP.2T3.V,"Share of all students in secondary education enrolled in vocational programmes, both sexes (%)",TGO,1994,6.111820220947266,,
GTVP.2T3.V,"Share of all students in secondary education enrolled in vocational programmes, both sexes (%)",TGO,1995,4.976260185241699,,
GTVP.2T3.V,"Share of all students in secondary education enrolled in vocational programmes, both sexes (%)",TGO,1996,4.607600212097168,,
GTVP.2T3.V,"Share of all students in secondary education enrolled in vocational programmes, both sexes (%)",TGO,1997,5.091609954833984,,
GTVP.2T3.V,"Share of all students in secondary education enrolled in vocational programmes, both sexes (%)",TGO,1999,6.667009830474854,,
GTVP.2T3.V,"Share of all students in secondary education enrolled in vocational programmes, both sexes (%)",TGO,2000,5.832369804382324,,
GTVP.2T3.V,"Share of all students in secondary education enrolled in vocational programmes, both sexes (%)",TGO,2001,6.440499782562256,,
GTVP.2T3.V,"Share of all students in secondary education enrolled in vocational programmes, both sexes (%)",TGO,2002,5.999269962310791,,
GTVP.2T3.V,"Share of all students in secondary education enrolled in vocational programmes, both sexes (%)",TGO,2003,5.6628098487854,,
GTVP.2T3.V,"Share of all students in secondary education enrolled in vocational programmes, both sexes (%)",TGO,2004,5.284709930419922,,
GTVP.2T3.V,"Share of all students in secondary education enrolled in vocational programmes, both sexes (%)",TGO,2005,6.753029823303223,,
GTVP.2T3.V,"Share of all students in secondary education enrolled in vocational programmes, both sexes (%)",TGO,2006,6.47346019744873,,
GTVP.2T3.V,"Share of all students in secondary education enrolled in vocational programmes, both sexes (%)",TGO,2007,7.786990165710449,,
GTVP.2T3.V,"Share of all students in secondary education enrolled in vocational programmes, both sexes (%)",TGO,2011,5.051290035247803,,
GTVP.2T3.V,"Share of all students in secondary education enrolled in vocational programmes, both sexes (%)",TGO,2017,5.79875788001632,,
GTVP.2T3.V,"Share of all students in secondary education enrolled in vocational programmes, both sexes (%)",TGO,2021,6.192211985297309,,
GTVP.2T3.V,"Share of all students in secondary education enrolled in vocational programmes, both sexes (%)",TGO,2023,7.34068753318896,,
GTVP.2T3.V.F,"Share of all students in secondary education enrolled in vocational programmes, female (%)",TGO,1971,16.7884693145752,,
GTVP.2T3.V.F,"Share of all students in secondary education enrolled in vocational programmes, female (%)",TGO,1972,13.77725028991699,,
GTVP.2T3.V.F,"Share of all students in secondary education enrolled in vocational programmes, female (%)",TGO,1973,12.75675964355469,,
GTVP.2T3.V.F,"Share of all students in secondary education enrolled in vocational programmes, female (%)",TGO,1974,11.83458042144775,,
GTVP.2T3.V.F,"Share of all students in secondary education enrolled in vocational programmes, female (%)",TGO,1975,10.82548046112061,,
GTVP.2T3.V.F,"Share of all students in secondary education enrolled in vocational programmes, female (%)",TGO,1976,10.24135971069336,,
GTVP.2T3.V.F,"Share of all students in secondary education enrolled in vocational programmes, female (%)",TGO,1977,8.376879692077637,,
GTVP.2T3.V.F,"Share of all students in secondary education enrolled in vocational programmes, female (%)",TGO,1978,9.050729751586914,,
GTVP.2T3.V.F,"Share of all students in secondary education enrolled in vocational programmes, female (%)",TGO,1979,8.704950332641602,,
GTVP.2T3.V.F,"Share of all students in secondary education enrolled in vocational programmes, female (%)",TGO,1980,7.725389957427979,,
GTVP.2T3.V.F,"Share of all students in secondary education enrolled in vocational programmes, female (%)",TGO,1982,6.891129970550537,,
GTVP.2T3.V.F,"Share of all students in secondary education enrolled in vocational programmes, female (%)",TGO,1983,5.690509796142578,,
GTVP.2T3.V.F,"Share of all students in secondary education enrolled in vocational programmes, female (%)",TGO,1984,5.660980224609375,,
GTVP.2T3.V.F,"Share of all students in secondary education enrolled in vocational programmes, female (%)",TGO,1985,6.20950984954834,,
GTVP.2T3.V.F,"Share of all students in secondary education enrolled in vocational programmes, female (%)",TGO,1986,6.319220066070557,,
GTVP.2T3.V.F,"Share of all students in secondary education enrolled in vocational programmes, female (%)",TGO,1987,6.758269786834717,,
GTVP.2T3.V.F,"Share of all students in secondary education enrolled in vocational programmes, female (%)",TGO,1988,7.012599945068359,,
GTVP.2T3.V.F,"Share of all students in secondary education enrolled in vocational programmes, female (%)",TGO,1989,6.432499885559082,,
GTVP.2T3.V.F,"Share of all students in secondary education enrolled in vocational programmes, female (%)",TGO,1990,5.995029926300049,,
GTVP.2T3.V.F,"Share of all students in secondary education enrolled in vocational programmes, female (%)",TGO,1991,6.80286979675293,,
GTVP.2T3.V.F,"Share of all students in secondary education enrolled in vocational programmes, female (%)",TGO,1992,5.645140171051025,,
GTVP.2T3.V.F,"Share of all students in secondary education enrolled in vocational programmes, female (%)",TGO,1994,5.709799766540527,,
GTVP.2T3.V.F,"Share of all students in secondary education enrolled in vocational programmes, female (%)",TGO,1995,5.265910148620605,,
GTVP.2T3.V.F,"Share of all students in secondary education enrolled in vocational programmes, female (%)",TGO,1996,4.44911003112793,,
GTVP.2T3.V.F,"Share of all students in secondary education enrolled in vocational programmes, female (%)",TGO,1997,5.389220237731934,,
GTVP.2T3.V.F,"Share of all students in secondary education enrolled in vocational programmes, female (%)",TGO,1999,5.786119937896729,,
GTVP.2T3.V.F,"Share of all students in secondary education enrolled in vocational programmes, female (%)",TGO,2000,5.744279861450195,,
GTVP.2T3.V.F,"Share of all students in secondary education enrolled in vocational programmes, female (%)",TGO,2001,6.615109920501709,,
GTVP.2T3.V.F,"Share of all students in secondary education enrolled in vocational programmes, female (%)",TGO,2002,5.792180061340332,,
GTVP.2T3.V.F,"Share of all students in secondary education enrolled in vocational programmes, female (%)",TGO,2003,5.442689895629883,,
GTVP.2T3.V.F,"Share of all students in secondary education enrolled in vocational programmes, female (%)",TGO,2004,5.186699867248535,,
GTVP.2T3.V.F,"Share of all students in secondary education enrolled in vocational programmes, female (%)",TGO,2005,7.089399814605713,,
GTVP.2T3.V.F,"Share of all students in secondary education enrolled in vocational programmes, female (%)",TGO,2006,7.038489818572998,,
GTVP.2T3.V.F,"Share of all students in secondary education enrolled in vocational programmes, female (%)",TGO,2007,8.642519950866699,,UIS_EST
GTVP.2T3.V.F,"Share of all students in secondary education enrolled in vocational programmes, female (%)",TGO,2017,5.588900089263916,,
GTVP.2T3.V.F,"Share of all students in secondary education enrolled in vocational programmes, female (%)",TGO,2021,5.576819896697998,,
GTVP.2T3.V.F,"Share of all students in secondary education enrolled in vocational programmes, female (%)",TGO,2023,6.136539936065674,,
GTVP.2T3.V.GPIA,"Share of all students in secondary education enrolled in vocational programmes, adjusted gender parity index (GPIA)",TGO,1971,1.501219987869263,,
GTVP.2T3.V.GPIA,"Share of all students in secondary education enrolled in vocational programmes, adjusted gender parity index (GPIA)",TGO,1972,1.387470006942749,,
GTVP.2T3.V.GPIA,"Share of all students in secondary education enrolled in vocational programmes, adjusted gender parity index (GPIA)",TGO,1973,1.335809946060181,,
GTVP.2T3.V.GPIA,"Share of all students in secondary education enrolled in vocational programmes, adjusted gender parity index (GPIA)",TGO,1974,1.301830053329468,,
GTVP.2T3.V.GPIA,"Share of all students in secondary education enrolled in vocational programmes, adjusted gender parity index (GPIA)",TGO,1975,1.281340003013611,,
GTVP.2T3.V.GPIA,"Share of all students in secondary education enrolled in vocational programmes, adjusted gender parity index (GPIA)",TGO,1976,1.26937997341156,,
GTVP.2T3.V.GPIA,"Share of all students in secondary education enrolled in vocational programmes, adjusted gender parity index (GPIA)",TGO,1977,1.037649989128113,,
GTVP.2T3.V.GPIA,"Share of all students in secondary education enrolled in vocational programmes, adjusted gender parity index (GPIA)",TGO,1978,1.15530002117157,,
GTVP.2T3.V.GPIA,"Share of all students in secondary education enrolled in vocational programmes, adjusted gender parity index (GPIA)",TGO,1979,1.257310032844543,,
GTVP.2T3.V.GPIA,"Share of all students in secondary education enrolled in vocational programmes, adjusted gender parity index (GPIA)",TGO,1980,1.238579988479614,,
GTVP.2T3.V.GPIA,"Share of all students in secondary education enrolled in vocational programmes, adjusted gender parity index (GPIA)",TGO,1982,1.23005998134613,,
GTVP.2T3.V.GPIA,"Share of all students in secondary education enrolled in vocational programmes, adjusted gender parity index (GPIA)",TGO,1983,1.104830026626587,,
GTVP.2T3.V.GPIA,"Share of all students in secondary education enrolled in vocational programmes, adjusted gender parity index (GPIA)",TGO,1984,.9406999945640564,,
GTVP.2T3.V.GPIA,"Share of all students in secondary education enrolled in vocational programmes, adjusted gender parity index (GPIA)",TGO,1985,1.046830058097839,,
GTVP.2T3.V.GPIA,"Share of all students in secondary education enrolled in vocational programmes, adjusted gender parity index (GPIA)",TGO,1986,1.133749961853027,,
GTVP.2T3.V.GPIA,"Share of all students in secondary education enrolled in vocational programmes, adjusted gender parity index (GPIA)",TGO,1987,1.089480042457581,,
GTVP.2T3.V.GPIA,"Share of all students in secondary education enrolled in vocational programmes, adjusted gender parity index (GPIA)",TGO,1988,1.206369996070862,,
GTVP.2T3.V.GPIA,"Share of all students in secondary education enrolled in vocational programmes, adjusted gender parity index (GPIA)",TGO,1989,1.113510012626648,,
GTVP.2T3.V.GPIA,"Share of all students in secondary education enrolled in vocational programmes, adjusted gender parity index (GPIA)",TGO,1990,1.091860055923462,,
GTVP.2T3.V.GPIA,"Share of all students in secondary education enrolled in vocational programmes, adjusted gender parity index (GPIA)",TGO,1991,1.023300051689148,,
GTVP.2T3.V.GPIA,"Share of all students in secondary education enrolled in vocational programmes, adjusted gender parity index (GPIA)",TGO,1992,.9434400200843811,,
GTVP.2T3.V.GPIA,"Share of all students in secondary education enrolled in vocational programmes, adjusted gender parity index (GPIA)",TGO,1994,.9135900139808655,,
GTVP.2T3.V.GPIA,"Share of all students in secondary education enrolled in vocational programmes, adjusted gender parity index (GPIA)",TGO,1995,1.074470043182373,,
GTVP.2T3.V.GPIA,"Share of all students in secondary education enrolled in vocational programmes, adjusted gender parity index (GPIA)",TGO,1996,.954010009765625,,
GTVP.2T3.V.GPIA,"Share of all students in secondary education enrolled in vocational programmes, adjusted gender parity index (GPIA)",TGO,1997,1.075340032577515,,
GTVP.2T3.V.GPIA,"Share of all students in secondary education enrolled in vocational programmes, adjusted gender parity index (GPIA)",TGO,1999,.824209988117218,,
GTVP.2T3.V.GPIA,"Share of all students in secondary education enrolled in vocational programmes, adjusted gender parity index (GPIA)",TGO,2000,.9782900214195251,,
GTVP.2T3.V.GPIA,"Share of all students in secondary education enrolled in vocational programmes, adjusted gender parity index (GPIA)",TGO,2001,1.03849995136261,,
GTVP.2T3.V.GPIA,"Share of all students in secondary education enrolled in vocational programmes, adjusted gender parity index (GPIA)",TGO,2002,.9498299956321716,,
GTVP.2T3.V.GPIA,"Share of all students in secondary education enrolled in vocational programmes, adjusted gender parity index (GPIA)",TGO,2003,.9430699944496155,,
GTVP.2T3.V.GPIA,"Share of all students in secondary education enrolled in vocational programmes, adjusted gender parity index (GPIA)",TGO,2004,.9721599817276001,,
GTVP.2T3.V.GPIA,"Share of all students in secondary education enrolled in vocational programmes, adjusted gender parity index (GPIA)",TGO,2005,1.072649955749512,,
GTVP.2T3.V.GPIA,"Share of all students in secondary education enrolled in vocational programmes, adjusted gender parity index (GPIA)",TGO,2006,1.124099969863892,,
GTVP.2T3.V.GPIA,"Share of all students in secondary education enrolled in vocational programmes, adjusted gender parity index (GPIA)",TGO,2007,1.151350021362305,,UIS_EST
GTVP.2T3.V.GPIA,"Share of all students in secondary education enrolled in vocational programmes, adjusted gender parity index (GPIA)",TGO,2017,.9392399787902832,,
GTVP.2T3.V.GPIA,"Share of all students in secondary education enrolled in vocational programmes, adjusted gender parity index (GPIA)",TGO,2021,.8337399959564209,,
GTVP.2T3.V.GPIA,"Share of all students in secondary education enrolled in vocational programmes, adjusted gender parity index (GPIA)",TGO,2023,.733240008354187,,
GTVP.2T3.V.M,"Share of all students in secondary education enrolled in vocational programmes, male (%)",TGO,1971,8.37384033203125,,
GTVP.2T3.V.M,"Share of all students in secondary education enrolled in vocational programmes, male (%)",TGO,1972,8.438960075378418,,
GTVP.2T3.V.M,"Share of all students in secondary education enrolled in vocational programmes, male (%)",TGO,1973,8.472869873046875,,
GTVP.2T3.V.M,"Share of all students in secondary education enrolled in vocational programmes, male (%)",TGO,1974,8.262590408325195,,
GTVP.2T3.V.M,"Share of all students in secondary education enrolled in vocational programmes, male (%)",TGO,1975,7.779839992523193,,
GTVP.2T3.V.M,"Share of all students in secondary education enrolled in vocational programmes, male (%)",TGO,1976,7.482580184936523,,
GTVP.2T3.V.M,"Share of all students in secondary education enrolled in vocational programmes, male (%)",TGO,1977,8.061530113220215,,
GTVP.2T3.V.M,"Share of all students in secondary education enrolled in vocational programmes, male (%)",TGO,1978,7.645150184631348,,
GTVP.2T3.V.M,"Share of all students in secondary education enrolled in vocational programmes, male (%)",TGO,1979,6.465089797973633,,
GTVP.2T3.V.M,"Share of all students in secondary education enrolled in vocational programmes, male (%)",TGO,1980,5.882229804992676,,
GTVP.2T3.V.M,"Share of all students in secondary education enrolled in vocational programmes, male (%)",TGO,1982,5.305779933929443,,
GTVP.2T3.V.M,"Share of all students in secondary education enrolled in vocational programmes, male (%)",TGO,1983,5.093949794769287,,
GTVP.2T3.V.M,"Share of all students in secondary education enrolled in vocational programmes, male (%)",TGO,1984,6.017809867858887,,
GTVP.2T3.V.M,"Share of all students in secondary education enrolled in vocational programmes, male (%)",TGO,1985,5.918690204620361,,
GTVP.2T3.V.M,"Share of all students in secondary education enrolled in vocational programmes, male (%)",TGO,1986,5.474050045013428,,
GTVP.2T3.V.M,"Share of all students in secondary education enrolled in vocational programmes, male (%)",TGO,1987,6.153520107269287,,
GTVP.2T3.V.M,"Share of all students in secondary education enrolled in vocational programmes, male (%)",TGO,1988,5.565390110015869,,
GTVP.2T3.V.M,"Share of all students in secondary education enrolled in vocational programmes, male (%)",TGO,1989,5.702340126037598,,
GTVP.2T3.V.M,"Share of all students in secondary education enrolled in vocational programmes, male (%)",TGO,1990,5.444300174713135,,
GTVP.2T3.V.M,"Share of all students in secondary education enrolled in vocational programmes, male (%)",TGO,1991,6.644340038299561,,
GTVP.2T3.V.M,"Share of all students in secondary education enrolled in vocational programmes, male (%)",TGO,1992,5.983550071716309,,
GTVP.2T3.V.M,"Share of all students in secondary education enrolled in vocational programmes, male (%)",TGO,1994,6.249879837036133,,
GTVP.2T3.V.M,"Share of all students in secondary education enrolled in vocational programmes, male (%)",TGO,1995,4.873740196228027,,
GTVP.2T3.V.M,"Share of all students in secondary education enrolled in vocational programmes, male (%)",TGO,1996,4.663609981536865,,
GTVP.2T3.V.M,"Share of all students in secondary education enrolled in vocational programmes, male (%)",TGO,1997,4.983200073242188,,
GTVP.2T3.V.M,"Share of all students in secondary education enrolled in vocational programmes, male (%)",TGO,1999,7.020199775695801,,
GTVP.2T3.V.M,"Share of all students in secondary education enrolled in vocational programmes, male (%)",TGO,2000,5.87175989151001,,
GTVP.2T3.V.M,"Share of all students in secondary education enrolled in vocational programmes, male (%)",TGO,2001,6.36044979095459,,
GTVP.2T3.V.M,"Share of all students in secondary education enrolled in vocational programmes, male (%)",TGO,2002,6.098110198974609,,
GTVP.2T3.V.M,"Share of all students in secondary education enrolled in vocational programmes, male (%)",TGO,2003,5.771240234375,,
GTVP.2T3.V.M,"Share of all students in secondary education enrolled in vocational programmes, male (%)",TGO,2004,5.335229873657227,,
GTVP.2T3.V.M,"Share of all students in secondary education enrolled in vocational programmes, male (%)",TGO,2005,6.57436990737915,,
GTVP.2T3.V.M,"Share of all students in secondary education enrolled in vocational programmes, male (%)",TGO,2006,6.16500997543335,,
GTVP.2T3.V.M,"Share of all students in secondary education enrolled in vocational programmes, male (%)",TGO,2007,7.33450984954834,,UIS_EST
GTVP.2T3.V.M,"Share of all students in secondary education enrolled in vocational programmes, male (%)",TGO,2017,5.950439929962158,,
GTVP.2T3.V.M,"Share of all students in secondary education enrolled in vocational programmes, male (%)",TGO,2021,6.688889980316162,,
GTVP.2T3.V.M,"Share of all students in secondary education enrolled in vocational programmes, male (%)",TGO,2023,8.369039535522461,,
GTVP.3.GPV,"Share of all students in upper secondary education enrolled in general programmes, both sexes (%)",TGO,1999,76.52414703369141,,
GTVP.3.GPV,"Share of all students in upper secondary education enrolled in general programmes, both sexes (%)",TGO,2000,77.572021484375,,UIS_EST
GTVP.3.GPV,"Share of all students in upper secondary education enrolled in general programmes, both sexes (%)",TGO,2003,76.08071136474609,,UIS_EST
GTVP.3.GPV,"Share of all students in upper secondary education enrolled in general programmes, both sexes (%)",TGO,2004,77.08954620361328,,
GTVP.3.GPV,"Share of all students in upper secondary education enrolled in general programmes, both sexes (%)",TGO,2005,73.02816009521484,,
GTVP.3.GPV,"Share of all students in upper secondary education enrolled in general programmes, both sexes (%)",TGO,2006,75.08123016357422,,
GTVP.3.GPV,"Share of all students in upper secondary education enrolled in general programmes, both sexes (%)",TGO,2007,74.5721435546875,,UIS_EST
GTVP.3.GPV,"Share of all students in upper secondary education enrolled in general programmes, both sexes (%)",TGO,2011,84.35772913816689,,
GTVP.3.GPV,"Share of all students in upper secondary education enrolled in general programmes, both sexes (%)",TGO,2017,81.06808346256558,,
GTVP.3.GPV,"Share of all students in upper secondary education enrolled in general programmes, both sexes (%)",TGO,2020,84.20718641074927,,
GTVP.3.GPV,"Share of all students in upper secondary education enrolled in general programmes, both sexes (%)",TGO,2021,84.30498121570852,,
GTVP.3.GPV,"Share of all students in upper secondary education enrolled in general programmes, both sexes (%)",TGO,2023,84.40122166854204,,
GTVP.3.GPV.F,"Share of all students in upper secondary education enrolled in general programmes, female (%)",TGO,1999,71.29971313476563,,
GTVP.3.GPV.F,"Share of all students in upper secondary education enrolled in general programmes, female (%)",TGO,2000,70.6033935546875,,UIS_EST
GTVP.3.GPV.F,"Share of all students in upper secondary education enrolled in general programmes, female (%)",TGO,2003,64.57534027099609,,UIS_EST
GTVP.3.GPV.F,"Share of all students in upper secondary education enrolled in general programmes, female (%)",TGO,2004,65.46452331542969,,
GTVP.3.GPV.F,"Share of all students in upper secondary education enrolled in general programmes, female (%)",TGO,2005,62.02077102661133,,
GTVP.3.GPV.F,"Share of all students in upper secondary education enrolled in general programmes, female (%)",TGO,2006,63.58007049560547,,
GTVP.3.GPV.F,"Share of all students in upper secondary education enrolled in general programmes, female (%)",TGO,2007,63.13544845581055,,UIS_EST
GTVP.3.GPV.F,"Share of all students in upper secondary education enrolled in general programmes, female (%)",TGO,2017,74.84613800048828,,
GTVP.3.GPV.F,"Share of all students in upper secondary education enrolled in general programmes, female (%)",TGO,2020,79.12647247314453,,
GTVP.3.GPV.F,"Share of all students in upper secondary education enrolled in general programmes, female (%)",TGO,2021,80.04126739501953,,
GTVP.3.GPV.F,"Share of all students in upper secondary education enrolled in general programmes, female (%)",TGO,2023,81.07260894775391,,
GTVP.3.GPV.GPIA,"Share of all students in upper secondary education enrolled in general programmes, adjusted gender parity index (GPIA)",TGO,1999,.9154400229454041,,
GTVP.3.GPV.GPIA,"Share of all students in upper secondary education enrolled in general programmes, adjusted gender parity index (GPIA)",TGO,2000,.8855500221252441,,UIS_EST
GTVP.3.GPV.GPIA,"Share of all students in upper secondary education enrolled in general programmes, adjusted gender parity index (GPIA)",TGO,2003,.805869996547699,,UIS_EST
GTVP.3.GPV.GPIA,"Share of all students in upper secondary education enrolled in general programmes, adjusted gender parity index (GPIA)",TGO,2004,.8045099973678589,,
GTVP.3.GPV.GPIA,"Share of all students in upper secondary education enrolled in general programmes, adjusted gender parity index (GPIA)",TGO,2005,.8002600073814392,,
GTVP.3.GPV.GPIA,"Share of all students in upper secondary education enrolled in general programmes, adjusted gender parity index (GPIA)",TGO,2006,.7962300181388855,,
GTVP.3.GPV.GPIA,"Share of all students in upper secondary education enrolled in general programmes, adjusted gender parity index (GPIA)",TGO,2007,.79544997215271,,UIS_EST
GTVP.3.GPV.GPIA,"Share of all students in upper secondary education enrolled in general programmes, adjusted gender parity index (GPIA)",TGO,2017,.8844199776649475,,
GTVP.3.GPV.GPIA,"Share of all students in upper secondary education enrolled in general programmes, adjusted gender parity index (GPIA)",TGO,2020,.9017900228500366,,
GTVP.3.GPV.GPIA,"Share of all students in upper secondary education enrolled in general programmes, adjusted gender parity index (GPIA)",TGO,2021,.9154199957847595,,
GTVP.3.GPV.GPIA,"Share of all students in upper secondary education enrolled in general programmes, adjusted gender parity index (GPIA)",TGO,2023,.9293000102043152,,
GTVP.3.GPV.M,"Share of all students in upper secondary education enrolled in general programmes, male (%)",TGO,1999,77.88593292236328,,
GTVP.3.GPV.M,"Share of all students in upper secondary education enrolled in general programmes, male (%)",TGO,2000,79.72795867919922,,UIS_EST
GTVP.3.GPV.M,"Share of all students in upper secondary education enrolled in general programmes, male (%)",TGO,2003,80.13089752197266,,UIS_EST
GTVP.3.GPV.M,"Share of all students in upper secondary education enrolled in general programmes, male (%)",TGO,2004,81.37232971191406,,
GTVP.3.GPV.M,"Share of all students in upper secondary education enrolled in general programmes, male (%)",TGO,2005,77.50102996826172,,
GTVP.3.GPV.M,"Share of all students in upper secondary education enrolled in general programmes, male (%)",TGO,2006,79.85173797607422,,
GTVP.3.GPV.M,"Share of all students in upper secondary education enrolled in general programmes, male (%)",TGO,2007,79.37093353271484,,UIS_EST
GTVP.3.GPV.M,"Share of all students in upper secondary education enrolled in general programmes, male (%)",TGO,2017,84.62722778320313,,
GTVP.3.GPV.M,"Share of all students in upper secondary education enrolled in general programmes, male (%)",TGO,2020,87.74362945556641,,
GTVP.3.GPV.M,"Share of all students in upper secondary education enrolled in general programmes, male (%)",TGO,2021,87.4365234375,,
GTVP.3.GPV.M,"Share of all students in upper secondary education enrolled in general programmes, male (%)",TGO,2023,87.24021911621094,,
GTVP.3.V,"Share of all students in upper secondary education enrolled in vocational programmes, both sexes (%)",TGO,1999,23.47584915161133,,
GTVP.3.V,"Share of all students in upper secondary education enrolled in vocational programmes, both sexes (%)",TGO,2000,22.42798042297363,,UIS_EST
GTVP.3.V,"Share of all students in upper secondary education enrolled in vocational programmes, both sexes (%)",TGO,2003,23.91929054260254,,UIS_EST
GTVP.3.V,"Share of all students in upper secondary education enrolled in vocational programmes, both sexes (%)",TGO,2004,22.91044998168945,,
GTVP.3.V,"Share of all students in upper secondary education enrolled in vocational programmes, both sexes (%)",TGO,2005,26.97183990478516,,
GTVP.3.V,"Share of all students in upper secondary education enrolled in vocational programmes, both sexes (%)",TGO,2006,24.91876983642578,,
GTVP.3.V,"Share of all students in upper secondary education enrolled in vocational programmes, both sexes (%)",TGO,2007,25.42786026000977,,UIS_EST
GTVP.3.V,"Share of all students in upper secondary education enrolled in vocational programmes, both sexes (%)",TGO,2011,15.6422708618331,,
GTVP.3.V,"Share of all students in upper secondary education enrolled in vocational programmes, both sexes (%)",TGO,2017,18.93191653743443,,
GTVP.3.V,"Share of all students in upper secondary education enrolled in vocational programmes, both sexes (%)",TGO,2020,15.79281358925073,,
GTVP.3.V,"Share of all students in upper secondary education enrolled in vocational programmes, both sexes (%)",TGO,2021,15.69501878429147,,
GTVP.3.V,"Share of all students in upper secondary education enrolled in vocational programmes, both sexes (%)",TGO,2023,15.59877833145797,,
GTVP.3.V.F,"Share of all students in upper secondary education enrolled in vocational programmes, female (%)",TGO,1999,28.70029067993164,,
GTVP.3.V.F,"Share of all students in upper secondary education enrolled in vocational programmes, female (%)",TGO,2000,29.39661026000977,,UIS_EST
GTVP.3.V.F,"Share of all students in upper secondary education enrolled in vocational programmes, female (%)",TGO,2003,35.42465972900391,,UIS_EST
GTVP.3.V.F,"Share of all students in upper secondary education enrolled in vocational programmes, female (%)",TGO,2004,34.53548049926758,,
GTVP.3.V.F,"Share of all students in upper secondary education enrolled in vocational programmes, female (%)",TGO,2005,37.97922897338867,,
GTVP.3.V.F,"Share of all students in upper secondary education enrolled in vocational programmes, female (%)",TGO,2006,36.41992950439453,,
GTVP.3.V.F,"Share of all students in upper secondary education enrolled in vocational programmes, female (%)",TGO,2007,36.86455154418945,,UIS_EST
GTVP.3.V.F,"Share of all students in upper secondary education enrolled in vocational programmes, female (%)",TGO,2017,25.15386009216309,,
GTVP.3.V.F,"Share of all students in upper secondary education enrolled in vocational programmes, female (%)",TGO,2020,20.8735294342041,,
GTVP.3.V.F,"Share of all students in upper secondary education enrolled in vocational programmes, female (%)",TGO,2021,19.95873069763184,,
GTVP.3.V.F,"Share of all students in upper secondary education enrolled in vocational programmes, female (%)",TGO,2023,18.92738914489746,,
GTVP.3.V.GPIA,"Share of all students in upper secondary education enrolled in vocational programmes, adjusted gender parity index (GPIA)",TGO,1999,1.229480028152466,,
GTVP.3.V.GPIA,"Share of all students in upper secondary education enrolled in vocational programmes, adjusted gender parity index (GPIA)",TGO,2000,1.310400009155273,,UIS_EST
GTVP.3.V.GPIA,"Share of all students in upper secondary education enrolled in vocational programmes, adjusted gender parity index (GPIA)",TGO,2003,1.439120054244995,,UIS_EST
GTVP.3.V.GPIA,"Share of all students in upper secondary education enrolled in vocational programmes, adjusted gender parity index (GPIA)",TGO,2004,1.460620045661926,,
GTVP.3.V.GPIA,"Share of all students in upper secondary education enrolled in vocational programmes, adjusted gender parity index (GPIA)",TGO,2005,1.407600045204163,,
GTVP.3.V.GPIA,"Share of all students in upper secondary education enrolled in vocational programmes, adjusted gender parity index (GPIA)",TGO,2006,1.44677996635437,,
GTVP.3.V.GPIA,"Share of all students in upper secondary education enrolled in vocational programmes, adjusted gender parity index (GPIA)",TGO,2007,1.440410017967224,,UIS_EST
GTVP.3.V.GPIA,"Share of all students in upper secondary education enrolled in vocational programmes, adjusted gender parity index (GPIA)",TGO,2017,1.388849973678589,,
GTVP.3.V.GPIA,"Share of all students in upper secondary education enrolled in vocational programmes, adjusted gender parity index (GPIA)",TGO,2020,1.412829995155334,,
GTVP.3.V.GPIA,"Share of all students in upper secondary education enrolled in vocational programmes, adjusted gender parity index (GPIA)",TGO,2021,1.370530009269714,,
GTVP.3.V.GPIA,"Share of all students in upper secondary education enrolled in vocational programmes, adjusted gender parity index (GPIA)",TGO,2023,1.325860023498535,,
GTVP.3.V.M,"Share of all students in upper secondary education enrolled in vocational programmes, male (%)",TGO,1999,22.11407089233398,,
GTVP.3.V.M,"Share of all students in upper secondary education enrolled in vocational programmes, male (%)",TGO,2000,20.27203941345215,,UIS_EST
GTVP.3.V.M,"Share of all students in upper secondary education enrolled in vocational programmes, male (%)",TGO,2003,19.86910057067871,,UIS_EST
GTVP.3.V.M,"Share of all students in upper secondary education enrolled in vocational programmes, male (%)",TGO,2004,18.62767028808594,,
GTVP.3.V.M,"Share of all students in upper secondary education enrolled in vocational programmes, male (%)",TGO,2005,22.49897003173828,,
GTVP.3.V.M,"Share of all students in upper secondary education enrolled in vocational programmes, male (%)",TGO,2006,20.14826011657715,,
GTVP.3.V.M,"Share of all students in upper secondary education enrolled in vocational programmes, male (%)",TGO,2007,20.62907028198242,,UIS_EST
GTVP.3.V.M,"Share of all students in upper secondary education enrolled in vocational programmes, male (%)",TGO,2017,15.37277030944824,,
GTVP.3.V.M,"Share of all students in upper secondary education enrolled in vocational programmes, male (%)",TGO,2020,12.25636959075928,,
GTVP.3.V.M,"Share of all students in upper secondary education enrolled in vocational programmes, male (%)",TGO,2021,12.56348037719727,,
GTVP.3.V.M,"Share of all students in upper secondary education enrolled in vocational programmes, male (%)",TGO,2023,12.75977993011475,,
GTVP.4.GPV,"Share of all students in post-secondary non-tertiary education enrolled in general programmes, both sexes (%)",TGO,1999,100,,
GTVP.4.GPV.F,"Share of all students in post-secondary non-tertiary education enrolled in general programmes, female (%)",TGO,1999,100,,
GTVP.4.GPV.GPIA,"Share of all students in post-secondary non-tertiary education enrolled in general programmes, adjusted gender parity index (GPIA)",TGO,1999,1,,
GTVP.4.GPV.M,"Share of all students in post-secondary non-tertiary education enrolled in general programmes, male (%)",TGO,1999,100,,
GTVP.4.V,"Share of all students in post-secondary non-tertiary education enrolled in vocational programmes, both sexes (%)",TGO,2020,100,,
GTVP.4.V,"Share of all students in post-secondary non-tertiary education enrolled in vocational programmes, both sexes (%)",TGO,2021,100,,
GTVP.4.V.F,"Share of all students in post-secondary non-tertiary education enrolled in vocational programmes, female (%)",TGO,2020,100,,
GTVP.4.V.F,"Share of all students in post-secondary non-tertiary education enrolled in vocational programmes, female (%)",TGO,2021,100,,
GTVP.4.V.GPIA,"Share of all students in post-secondary non-tertiary education enrolled in vocational programmes, adjusted gender parity index (GPIA)",TGO,2020,1,,
GTVP.4.V.GPIA,"Share of all students in post-secondary non-tertiary education enrolled in vocational programmes, adjusted gender parity index (GPIA)",TGO,2021,1,,
GTVP.4.V.M,"Share of all students in post-secondary non-tertiary education enrolled in vocational programmes, male (%)",TGO,2020,100,,
GTVP.4.V.M,"Share of all students in post-secondary non-tertiary education enrolled in vocational programmes, male (%)",TGO,2021,100,,
GTVP.5.GPV,"Share of all students in short-cycle tertiary education enrolled in general programmes, both sexes (%)",TGO,2011,0,NIL,
GTVP.5.GPV,"Share of all students in short-cycle tertiary education enrolled in general programmes, both sexes (%)",TGO,2012,0,NIL,
GTVP.5.GPV,"Share of all students in short-cycle tertiary education enrolled in general programmes, both sexes (%)",TGO,2013,0,NIL,
GTVP.5.GPV,"Share of all students in short-cycle tertiary education enrolled in general programmes, both sexes (%)",TGO,2014,0,NIL,
GTVP.5.GPV,"Share of all students in short-cycle tertiary education enrolled in general programmes, both sexes (%)",TGO,2015,0,NIL,
GTVP.5.GPV,"Share of all students in short-cycle tertiary education enrolled in general programmes, both sexes (%)",TGO,2016,0,NIL,
GTVP.5.GPV,"Share of all students in short-cycle tertiary education enrolled in general programmes, both sexes (%)",TGO,2017,0,NIL,
GTVP.5.GPV,"Share of all students in short-cycle tertiary education enrolled in general programmes, both sexes (%)",TGO,2018,0,NIL,
GTVP.5.GPV,"Share of all students in short-cycle tertiary education enrolled in general programmes, both sexes (%)",TGO,2019,0,NIL,
GTVP.5.GPV,"Share of all students in short-cycle tertiary education enrolled in general programmes, both sexes (%)",TGO,2020,0,NIL,
GTVP.5.GPV.F,"Share of all students in short-cycle tertiary education enrolled in general programmes, female (%)",TGO,2011,0,NIL,
GTVP.5.GPV.F,"Share of all students in short-cycle tertiary education enrolled in general programmes, female (%)",TGO,2012,0,NIL,
GTVP.5.GPV.F,"Share of all students in short-cycle tertiary education enrolled in general programmes, female (%)",TGO,2013,0,NIL,
GTVP.5.GPV.F,"Share of all students in short-cycle tertiary education enrolled in general programmes, female (%)",TGO,2014,0,NIL,
GTVP.5.GPV.F,"Share of all students in short-cycle tertiary education enrolled in general programmes, female (%)",TGO,2015,0,NIL,
GTVP.5.GPV.F,"Share of all students in short-cycle tertiary education enrolled in general programmes, female (%)",TGO,2016,0,NIL,
GTVP.5.GPV.F,"Share of all students in short-cycle tertiary education enrolled in general programmes, female (%)",TGO,2017,0,NIL,
GTVP.5.GPV.F,"Share of all students in short-cycle tertiary education enrolled in general programmes, female (%)",TGO,2018,0,NIL,
GTVP.5.GPV.F,"Share of all students in short-cycle tertiary education enrolled in general programmes, female (%)",TGO,2019,0,NIL,
GTVP.5.GPV.F,"Share of all students in short-cycle tertiary education enrolled in general programmes, female (%)",TGO,2020,0,NIL,
GTVP.5.GPV.M,"Share of all students in short-cycle tertiary education enrolled in general programmes, male (%)",TGO,2011,0,NIL,
GTVP.5.GPV.M,"Share of all students in short-cycle tertiary education enrolled in general programmes, male (%)",TGO,2012,0,NIL,
GTVP.5.GPV.M,"Share of all students in short-cycle tertiary education enrolled in general programmes, male (%)",TGO,2013,0,NIL,
GTVP.5.GPV.M,"Share of all students in short-cycle tertiary education enrolled in general programmes, male (%)",TGO,2014,0,NIL,
GTVP.5.GPV.M,"Share of all students in short-cycle tertiary education enrolled in general programmes, male (%)",TGO,2015,0,NIL,
GTVP.5.GPV.M,"Share of all students in short-cycle tertiary education enrolled in general programmes, male (%)",TGO,2016,0,NIL,
GTVP.5.GPV.M,"Share of all students in short-cycle tertiary education enrolled in general programmes, male (%)",TGO,2017,0,NIL,
GTVP.5.GPV.M,"Share of all students in short-cycle tertiary education enrolled in general programmes, male (%)",TGO,2018,0,NIL,
GTVP.5.GPV.M,"Share of all students in short-cycle tertiary education enrolled in general programmes, male (%)",TGO,2019,0,NIL,
GTVP.5.GPV.M,"Share of all students in short-cycle tertiary education enrolled in general programmes, male (%)",TGO,2020,0,NIL,
GTVP.5.V,"Share of all students in short-cycle tertiary education enrolled in vocational programmes, both sexes (%)",TGO,2011,100,,
GTVP.5.V,"Share of all students in short-cycle tertiary education enrolled in vocational programmes, both sexes (%)",TGO,2012,100,,
GTVP.5.V,"Share of all students in short-cycle tertiary education enrolled in vocational programmes, both sexes (%)",TGO,2013,100,,
GTVP.5.V,"Share of all students in short-cycle tertiary education enrolled in vocational programmes, both sexes (%)",TGO,2014,100,,
GTVP.5.V,"Share of all students in short-cycle tertiary education enrolled in vocational programmes, both sexes (%)",TGO,2015,100,,
GTVP.5.V,"Share of all students in short-cycle tertiary education enrolled in vocational programmes, both sexes (%)",TGO,2016,100,,
GTVP.5.V,"Share of all students in short-cycle tertiary education enrolled in vocational programmes, both sexes (%)",TGO,2017,100,,
GTVP.5.V,"Share of all students in short-cycle tertiary education enrolled in vocational programmes, both sexes (%)",TGO,2018,100,,
GTVP.5.V,"Share of all students in short-cycle tertiary education enrolled in vocational programmes, both sexes (%)",TGO,2019,100,,
GTVP.5.V,"Share of all students in short-cycle tertiary education enrolled in vocational programmes, both sexes (%)",TGO,2020,100,,
GTVP.5.V.F,"Share of all students in short-cycle tertiary education enrolled in vocational programmes, female (%)",TGO,2011,100,,
GTVP.5.V.F,"Share of all students in short-cycle tertiary education enrolled in vocational programmes, female (%)",TGO,2012,100,,
GTVP.5.V.F,"Share of all students in short-cycle tertiary education enrolled in vocational programmes, female (%)",TGO,2013,100,,
GTVP.5.V.F,"Share of all students in short-cycle tertiary education enrolled in vocational programmes, female (%)",TGO,2014,100,,
GTVP.5.V.F,"Share of all students in short-cycle tertiary education enrolled in vocational programmes, female (%)",TGO,2015,100,,
GTVP.5.V.F,"Share of all students in short-cycle tertiary education enrolled in vocational programmes, female (%)",TGO,2016,100,,
GTVP.5.V.F,"Share of all students in short-cycle tertiary education enrolled in vocational programmes, female (%)",TGO,2017,100,,
GTVP.5.V.F,"Share of all students in short-cycle tertiary education enrolled in vocational programmes, female (%)",TGO,2018,100,,
GTVP.5.V.F,"Share of all students in short-cycle tertiary education enrolled in vocational programmes, female (%)",TGO,2019,100,,
GTVP.5.V.F,"Share of all students in short-cycle tertiary education enrolled in vocational programmes, female (%)",TGO,2020,100,,
GTVP.5.V.GPIA,"Share of all students in short-cycle tertiary education enrolled in vocational programmes, adjusted gender parity index (GPIA)",TGO,2011,1,,
GTVP.5.V.GPIA,"Share of all students in short-cycle tertiary education enrolled in vocational programmes, adjusted gender parity index (GPIA)",TGO,2012,1,,
GTVP.5.V.GPIA,"Share of all students in short-cycle tertiary education enrolled in vocational programmes, adjusted gender parity index (GPIA)",TGO,2013,1,,
GTVP.5.V.GPIA,"Share of all students in short-cycle tertiary education enrolled in vocational programmes, adjusted gender parity index (GPIA)",TGO,2014,1,,
GTVP.5.V.GPIA,"Share of all students in short-cycle tertiary education enrolled in vocational programmes, adjusted gender parity index (GPIA)",TGO,2015,1,,
GTVP.5.V.GPIA,"Share of all students in short-cycle tertiary education enrolled in vocational programmes, adjusted gender parity index (GPIA)",TGO,2016,1,,
GTVP.5.V.GPIA,"Share of all students in short-cycle tertiary education enrolled in vocational programmes, adjusted gender parity index (GPIA)",TGO,2017,1,,
GTVP.5.V.GPIA,"Share of all students in short-cycle tertiary education enrolled in vocational programmes, adjusted gender parity index (GPIA)",TGO,2018,1,,
GTVP.5.V.GPIA,"Share of all students in short-cycle tertiary education enrolled in vocational programmes, adjusted gender parity index (GPIA)",TGO,2019,1,,
GTVP.5.V.GPIA,"Share of all students in short-cycle tertiary education enrolled in vocational programmes, adjusted gender parity index (GPIA)",TGO,2020,1,,
GTVP.5.V.M,"Share of all students in short-cycle tertiary education enrolled in vocational programmes, male (%)",TGO,2011,100,,
GTVP.5.V.M,"Share of all students in short-cycle tertiary education enrolled in vocational programmes, male (%)",TGO,2012,100,,
GTVP.5.V.M,"Share of all students in short-cycle tertiary education enrolled in vocational programmes, male (%)",TGO,2013,100,,
GTVP.5.V.M,"Share of all students in short-cycle tertiary education enrolled in vocational programmes, male (%)",TGO,2014,100,,
GTVP.5.V.M,"Share of all students in short-cycle tertiary education enrolled in vocational programmes, male (%)",TGO,2015,100,,
GTVP.5.V.M,"Share of all students in short-cycle tertiary education enrolled in vocational programmes, male (%)",TGO,2016,100,,
GTVP.5.V.M,"Share of all students in short-cycle tertiary education enrolled in vocational programmes, male (%)",TGO,2017,100,,
GTVP.5.V.M,"Share of all students in short-cycle tertiary education enrolled in vocational programmes, male (%)",TGO,2018,100,,
GTVP.5.V.M,"Share of all students in short-cycle tertiary education enrolled in vocational programmes, male (%)",TGO,2019,100,,
GTVP.5.V.M,"Share of all students in short-cycle tertiary education enrolled in vocational programmes, male (%)",TGO,2020,100,,
MOGER.5T8.40500,"Mobile outbound gross enrolment ratio, tertiary students studying in North America and Western Europe, both sexes (UIS estimate) (%)",TGO,1998,.3432900011539459,,UIS_EST
MOGER.5T8.40500,"Mobile outbound gross enrolment ratio, tertiary students studying in North America and Western Europe, both sexes (UIS estimate) (%)",TGO,1999,.3321000039577484,,
MOGER.5T8.40500,"Mobile outbound gross enrolment ratio, tertiary students studying in North America and Western Europe, both sexes (UIS estimate) (%)",TGO,2000,.3125700056552887,,UIS_EST
MOGER.5T8.40500,"Mobile outbound gross enrolment ratio, tertiary students studying in North America and Western Europe, both sexes (UIS estimate) (%)",TGO,2001,.3535700142383575,,UIS_EST
MOGER.5T8.40500,"Mobile outbound gross enrolment ratio, tertiary students studying in North America and Western Europe, both sexes (UIS estimate) (%)",TGO,2002,.4029699862003326,,UIS_EST
MOGER.5T8.40500,"Mobile outbound gross enrolment ratio, tertiary students studying in North America and Western Europe, both sexes (UIS estimate) (%)",TGO,2003,.4663400053977966,,UIS_EST
MOGER.5T8.40500,"Mobile outbound gross enrolment ratio, tertiary students studying in North America and Western Europe, both sexes (UIS estimate) (%)",TGO,2004,.4538899958133698,,UIS_EST
MOGER.5T8.40500,"Mobile outbound gross enrolment ratio, tertiary students studying in North America and Western Europe, both sexes (UIS estimate) (%)",TGO,2005,.4985699951648712,,
MOGER.5T8.40500,"Mobile outbound gross enrolment ratio, tertiary students studying in North America and Western Europe, both sexes (UIS estimate) (%)",TGO,2006,.4894999861717224,,UIS_EST
MOGER.5T8.40500,"Mobile outbound gross enrolment ratio, tertiary students studying in North America and Western Europe, both sexes (UIS estimate) (%)",TGO,2007,.4634799957275391,,UIS_EST
MOGER.5T8.40500,"Mobile outbound gross enrolment ratio, tertiary students studying in North America and Western Europe, both sexes (UIS estimate) (%)",TGO,2008,.4458099901676178,,UIS_EST
MOGER.5T8.40500,"Mobile outbound gross enrolment ratio, tertiary students studying in North America and Western Europe, both sexes (UIS estimate) (%)",TGO,2009,.3945800065994263,,UIS_EST
MOGER.5T8.40500,"Mobile outbound gross enrolment ratio, tertiary students studying in North America and Western Europe, both sexes (UIS estimate) (%)",TGO,2010,.3798399865627289,,UIS_EST
MOGER.5T8.40500,"Mobile outbound gross enrolment ratio, tertiary students studying in North America and Western Europe, both sexes (UIS estimate) (%)",TGO,2011,.3940300047397614,,UIS_EST
MOGER.5T8.40500,"Mobile outbound gross enrolment ratio, tertiary students studying in North America and Western Europe, both sexes (UIS estimate) (%)",TGO,2012,.3770299851894379,,UIS_EST
MOGER.5T8.40500,"Mobile outbound gross enrolment ratio, tertiary students studying in North America and Western Europe, both sexes (UIS estimate) (%)",TGO,2013,.3417499959468842,,
MOGER.5T8.40500,"Mobile outbound gross enrolment ratio, tertiary students studying in North America and Western Europe, both sexes (UIS estimate) (%)",TGO,2014,.3554100096225739,,
MOGER.5T8.40500,"Mobile outbound gross enrolment ratio, tertiary students studying in North America and Western Europe, both sexes (UIS estimate) (%)",TGO,2015,.4793500006198883,,
MOGER.5T8.40500,"Mobile outbound gross enrolment ratio, tertiary students studying in North America and Western Europe, both sexes (UIS estimate) (%)",TGO,2016,.3821699917316437,,
MOGER.5T8.40500,"Mobile outbound gross enrolment ratio, tertiary students studying in North America and Western Europe, both sexes (UIS estimate) (%)",TGO,2017,.4219299852848053,,
MOGER.5T8.40500,"Mobile outbound gross enrolment ratio, tertiary students studying in North America and Western Europe, both sexes (UIS estimate) (%)",TGO,2018,.4625200033187866,,
MOGER.5T8.40500,"Mobile outbound gross enrolment ratio, tertiary students studying in North America and Western Europe, both sexes (UIS estimate) (%)",TGO,2019,.4687300026416779,,UIS_EST
MOGER.5T8.40500,"Mobile outbound gross enrolment ratio, tertiary students studying in North America and Western Europe, both sexes (UIS estimate) (%)",TGO,2020,.5262299776077271,,
MOGER.5T8.40500,"Mobile outbound gross enrolment ratio, tertiary students studying in North America and Western Europe, both sexes (UIS estimate) (%)",TGO,2021,.5544099807739258,,
MOGER.5T8.40500,"Mobile outbound gross enrolment ratio, tertiary students studying in North America and Western Europe, both sexes (UIS estimate) (%)",TGO,2022,.5565900206565857,,
MOGER.5T8.40500,"Mobile outbound gross enrolment ratio, tertiary students studying in North America and Western Europe, both sexes (UIS estimate) (%)",TGO,2023,.6184200048446655,,
MOGER.5T8.40500.F,"Mobile outbound gross enrolment ratio, tertiary students studying in North America and Western Europe, female (UIS estimate) (%)",TGO,2012,.222900003194809,,UIS_EST
MOGER.5T8.40500.F,"Mobile outbound gross enrolment ratio, tertiary students studying in North America and Western Europe, female (UIS estimate) (%)",TGO,2013,.2037100046873093,,UIS_EST
MOGER.5T8.40500.F,"Mobile outbound gross enrolment ratio, tertiary students studying in North America and Western Europe, female (UIS estimate) (%)",TGO,2014,.2261199951171875,,UIS_EST
MOGER.5T8.40500.F,"Mobile outbound gross enrolment ratio, tertiary students studying in North America and Western Europe, female (UIS estimate) (%)",TGO,2015,.3260700106620789,,UIS_EST
MOGER.5T8.40500.F,"Mobile outbound gross enrolment ratio, tertiary students studying in North America and Western Europe, female (UIS estimate) (%)",TGO,2016,.2420399934053421,,UIS_EST
MOGER.5T8.40500.F,"Mobile outbound gross enrolment ratio, tertiary students studying in North America and Western Europe, female (UIS estimate) (%)",TGO,2017,.2705299854278564,,UIS_EST
MOGER.5T8.40500.F,"Mobile outbound gross enrolment ratio, tertiary students studying in North America and Western Europe, female (UIS estimate) (%)",TGO,2018,.2962799966335297,,UIS_EST
MOGER.5T8.40500.F,"Mobile outbound gross enrolment ratio, tertiary students studying in North America and Western Europe, female (UIS estimate) (%)",TGO,2019,.3183600008487701,,UIS_EST
MOGER.5T8.40500.F,"Mobile outbound gross enrolment ratio, tertiary students studying in North America and Western Europe, female (UIS estimate) (%)",TGO,2020,.3760600090026855,,UIS_EST
MOGER.5T8.40500.F,"Mobile outbound gross enrolment ratio, tertiary students studying in North America and Western Europe, female (UIS estimate) (%)",TGO,2021,.3925600051879883,,UIS_EST
MOGER.5T8.40500.F,"Mobile outbound gross enrolment ratio, tertiary students studying in North America and Western Europe, female (UIS estimate) (%)",TGO,2022,.4015699923038483,,UIS_EST
MOGER.5T8.40500.F,"Mobile outbound gross enrolment ratio, tertiary students studying in North America and Western Europe, female (UIS estimate) (%)",TGO,2023,.4515500068664551,,UIS_EST
MOGER.5T8.40500.GPIA,"Mobile outbound gross enrolment ratio, tertiary students studying in North America and Western Europe, adjusted gender parity index (GPIA) (UIS estimate)",TGO,2012,.4221000075340271,,UIS_EST
MOGER.5T8.40500.GPIA,"Mobile outbound gross enrolment ratio, tertiary students studying in North America and Western Europe, adjusted gender parity index (GPIA) (UIS estimate)",TGO,2013,.427049994468689,,UIS_EST
MOGER.5T8.40500.GPIA,"Mobile outbound gross enrolment ratio, tertiary students studying in North America and Western Europe, adjusted gender parity index (GPIA) (UIS estimate)",TGO,2014,.4690499901771545,,UIS_EST
MOGER.5T8.40500.GPIA,"Mobile outbound gross enrolment ratio, tertiary students studying in North America and Western Europe, adjusted gender parity index (GPIA) (UIS estimate)",TGO,2015,.5179899930953979,,UIS_EST
MOGER.5T8.40500.GPIA,"Mobile outbound gross enrolment ratio, tertiary students studying in North America and Western Europe, adjusted gender parity index (GPIA) (UIS estimate)",TGO,2016,.4660300016403198,,UIS_EST
MOGER.5T8.40500.GPIA,"Mobile outbound gross enrolment ratio, tertiary students studying in North America and Western Europe, adjusted gender parity index (GPIA) (UIS estimate)",TGO,2017,.4744899868965149,,UIS_EST
MOGER.5T8.40500.GPIA,"Mobile outbound gross enrolment ratio, tertiary students studying in North America and Western Europe, adjusted gender parity index (GPIA) (UIS estimate)",TGO,2018,.4738700091838837,,UIS_EST
MOGER.5T8.40500.GPIA,"Mobile outbound gross enrolment ratio, tertiary students studying in North America and Western Europe, adjusted gender parity index (GPIA) (UIS estimate)",TGO,2019,.5169299840927124,,UIS_EST
MOGER.5T8.40500.GPIA,"Mobile outbound gross enrolment ratio, tertiary students studying in North America and Western Europe, adjusted gender parity index (GPIA) (UIS estimate)",TGO,2020,.558709979057312,,UIS_EST
MOGER.5T8.40500.GPIA,"Mobile outbound gross enrolment ratio, tertiary students studying in North America and Western Europe, adjusted gender parity index (GPIA) (UIS estimate)",TGO,2021,.5509099960327148,,UIS_EST
MOGER.5T8.40500.GPIA,"Mobile outbound gross enrolment ratio, tertiary students studying in North America and Western Europe, adjusted gender parity index (GPIA) (UIS estimate)",TGO,2022,.5672000050544739,,UIS_EST
MOGER.5T8.40500.GPIA,"Mobile outbound gross enrolment ratio, tertiary students studying in North America and Western Europe, adjusted gender parity index (GPIA) (UIS estimate)",TGO,2023,.5779899954795837,,UIS_EST
MOGER.5T8.40500.M,"Mobile outbound gross enrolment ratio, tertiary students studying in North America and Western Europe, male (UIS estimate) (%)",TGO,1970,0,NIL,
MOGER.5T8.40500.M,"Mobile outbound gross enrolment ratio, tertiary students studying in North America and Western Europe, male (UIS estimate) (%)",TGO,1971,0,NIL,
MOGER.5T8.40500.M,"Mobile outbound gross enrolment ratio, tertiary students studying in North America and Western Europe, male (UIS estimate) (%)",TGO,1972,0,NIL,
MOGER.5T8.40500.M,"Mobile outbound gross enrolment ratio, tertiary students studying in North America and Western Europe, male (UIS estimate) (%)",TGO,1973,0,NIL,
MOGER.5T8.40500.M,"Mobile outbound gross enrolment ratio, tertiary students studying in North America and Western Europe, male (UIS estimate) (%)",TGO,1974,0,NIL,
MOGER.5T8.40500.M,"Mobile outbound gross enrolment ratio, tertiary students studying in North America and Western Europe, male (UIS estimate) (%)",TGO,1975,0,NIL,
MOGER.5T8.40500.M,"Mobile outbound gross enrolment ratio, tertiary students studying in North America and Western Europe, male (UIS estimate) (%)",TGO,1976,0,NIL,
MOGER.5T8.40500.M,"Mobile outbound gross enrolment ratio, tertiary students studying in North America and Western Europe, male (UIS estimate) (%)",TGO,1977,0,NIL,
MOGER.5T8.40500.M,"Mobile outbound gross enrolment ratio, tertiary students studying in North America and Western Europe, male (UIS estimate) (%)",TGO,1978,0,NIL,
MOGER.5T8.40500.M,"Mobile outbound gross enrolment ratio, tertiary students studying in North America and Western Europe, male (UIS estimate) (%)",TGO,1979,0,NIL,
MOGER.5T8.40500.M,"Mobile outbound gross enrolment ratio, tertiary students studying in North America and Western Europe, male (UIS estimate) (%)",TGO,1980,0,NIL,
MOGER.5T8.40500.M,"Mobile outbound gross enrolment ratio, tertiary students studying in North America and Western Europe, male (UIS estimate) (%)",TGO,1981,0,NIL,
MOGER.5T8.40500.M,"Mobile outbound gross enrolment ratio, tertiary students studying in North America and Western Europe, male (UIS estimate) (%)",TGO,1982,0,NIL,
MOGER.5T8.40500.M,"Mobile outbound gross enrolment ratio, tertiary students studying in North America and Western Europe, male (UIS estimate) (%)",TGO,1983,0,NIL,
MOGER.5T8.40500.M,"Mobile outbound gross enrolment ratio, tertiary students studying in North America and Western Europe, male (UIS estimate) (%)",TGO,1984,0,NIL,
MOGER.5T8.40500.M,"Mobile outbound gross enrolment ratio, tertiary students studying in North America and Western Europe, male (UIS estimate) (%)",TGO,1985,0,NIL,
MOGER.5T8.40500.M,"Mobile outbound gross enrolment ratio, tertiary students studying in North America and Western Europe, male (UIS estimate) (%)",TGO,1986,0,NIL,
MOGER.5T8.40500.M,"Mobile outbound gross enrolment ratio, tertiary students studying in North America and Western Europe, male (UIS estimate) (%)",TGO,1987,0,NIL,
MOGER.5T8.40500.M,"Mobile outbound gross enrolment ratio, tertiary students studying in North America and Western Europe, male (UIS estimate) (%)",TGO,1988,0,NIL,
MOGER.5T8.40500.M,"Mobile outbound gross enrolment ratio, tertiary students studying in North America and Western Europe, male (UIS estimate) (%)",TGO,1989,0,NIL,
MOGER.5T8.40500.M,"Mobile outbound gross enrolment ratio, tertiary students studying in North America and Western Europe, male (UIS estimate) (%)",TGO,1990,0,NIL,
MOGER.5T8.40500.M,"Mobile outbound gross enrolment ratio, tertiary students studying in North America and Western Europe, male (UIS estimate) (%)",TGO,1991,0,NIL,
MOGER.5T8.40500.M,"Mobile outbound gross enrolment ratio, tertiary students studying in North America and Western Europe, male (UIS estimate) (%)",TGO,1992,0,NIL,
MOGER.5T8.40500.M,"Mobile outbound gross enrolment ratio, tertiary students studying in North America and Western Europe, male (UIS estimate) (%)",TGO,1993,0,NIL,
MOGER.5T8.40500.M,"Mobile outbound gross enrolment ratio, tertiary students studying in North America and Western Europe, male (UIS estimate) (%)",TGO,1994,0,NIL,
MOGER.5T8.40500.M,"Mobile outbound gross enrolment ratio, tertiary students studying in North America and Western Europe, male (UIS estimate) (%)",TGO,1995,0,NIL,
MOGER.5T8.40500.M,"Mobile outbound gross enrolment ratio, tertiary students studying in North America and Western Europe, male (UIS estimate) (%)",TGO,1996,0,NIL,
MOGER.5T8.40500.M,"Mobile outbound gross enrolment ratio, tertiary students studying in North America and Western Europe, male (UIS estimate) (%)",TGO,1997,0,NIL,
MOGER.5T8.40500.M,"Mobile outbound gross enrolment ratio, tertiary students studying in North America and Western Europe, male (UIS estimate) (%)",TGO,1998,.6838799715042114,,UIS_EST
MOGER.5T8.40500.M,"Mobile outbound gross enrolment ratio, tertiary students studying in North America and Western Europe, male (UIS estimate) (%)",TGO,1999,.6614400148391724,,
MOGER.5T8.40500.M,"Mobile outbound gross enrolment ratio, tertiary students studying in North America and Western Europe, male (UIS estimate) (%)",TGO,2000,.6224600076675415,,UIS_EST
MOGER.5T8.40500.M,"Mobile outbound gross enrolment ratio, tertiary students studying in North America and Western Europe, male (UIS estimate) (%)",TGO,2001,.7038900256156921,,UIS_EST
MOGER.5T8.40500.M,"Mobile outbound gross enrolment ratio, tertiary students studying in North America and Western Europe, male (UIS estimate) (%)",TGO,2002,.8018100261688232,,UIS_EST
MOGER.5T8.40500.M,"Mobile outbound gross enrolment ratio, tertiary students studying in North America and Western Europe, male (UIS estimate) (%)",TGO,2003,.9271699786186218,,UIS_EST
MOGER.5T8.40500.M,"Mobile outbound gross enrolment ratio, tertiary students studying in North America and Western Europe, male (UIS estimate) (%)",TGO,2004,.9016600251197815,,UIS_EST
MOGER.5T8.40500.M,"Mobile outbound gross enrolment ratio, tertiary students studying in North America and Western Europe, male (UIS estimate) (%)",TGO,2005,.9896699786186218,,
MOGER.5T8.40500.M,"Mobile outbound gross enrolment ratio, tertiary students studying in North America and Western Europe, male (UIS estimate) (%)",TGO,2006,.9709500074386597,,UIS_EST
MOGER.5T8.40500.M,"Mobile outbound gross enrolment ratio, tertiary students studying in North America and Western Europe, male (UIS estimate) (%)",TGO,2007,.9190300107002258,,UIS_EST
MOGER.5T8.40500.M,"Mobile outbound gross enrolment ratio, tertiary students studying in North America and Western Europe, male (UIS estimate) (%)",TGO,2008,.8835600018501282,,UIS_EST
MOGER.5T8.40500.M,"Mobile outbound gross enrolment ratio, tertiary students studying in North America and Western Europe, male (UIS estimate) (%)",TGO,2009,.7818700075149536,,UIS_EST
MOGER.5T8.40500.M,"Mobile outbound gross enrolment ratio, tertiary students studying in North America and Western Europe, male (UIS estimate) (%)",TGO,2010,.7524399757385254,,UIS_EST
MOGER.5T8.40500.M,"Mobile outbound gross enrolment ratio, tertiary students studying in North America and Western Europe, male (UIS estimate) (%)",TGO,2011,.7803800106048584,,UIS_EST
MOGER.5T8.40500.M,"Mobile outbound gross enrolment ratio, tertiary students studying in North America and Western Europe, male (UIS estimate) (%)",TGO,2012,.5280900001525879,,UIS_EST
MOGER.5T8.40500.M,"Mobile outbound gross enrolment ratio, tertiary students studying in North America and Western Europe, male (UIS estimate) (%)",TGO,2013,.4770199954509735,,UIS_EST
MOGER.5T8.40500.M,"Mobile outbound gross enrolment ratio, tertiary students studying in North America and Western Europe, male (UIS estimate) (%)",TGO,2014,.4820899963378906,,UIS_EST
MOGER.5T8.40500.M,"Mobile outbound gross enrolment ratio, tertiary students studying in North America and Western Europe, male (UIS estimate) (%)",TGO,2015,.6294900178909302,,UIS_EST
MOGER.5T8.40500.M,"Mobile outbound gross enrolment ratio, tertiary students studying in North America and Western Europe, male (UIS estimate) (%)",TGO,2016,.5193799734115601,,UIS_EST
MOGER.5T8.40500.M,"Mobile outbound gross enrolment ratio, tertiary students studying in North America and Western Europe, male (UIS estimate) (%)",TGO,2017,.5701500177383423,,UIS_EST
MOGER.5T8.40500.M,"Mobile outbound gross enrolment ratio, tertiary students studying in North America and Western Europe, male (UIS estimate) (%)",TGO,2018,.6252300143241882,,UIS_EST
MOGER.5T8.40500.M,"Mobile outbound gross enrolment ratio, tertiary students studying in North America and Western Europe, male (UIS estimate) (%)",TGO,2019,.6158599853515625,,UIS_EST
MOGER.5T8.40500.M,"Mobile outbound gross enrolment ratio, tertiary students studying in North America and Western Europe, male (UIS estimate) (%)",TGO,2020,.6730899810791016,,UIS_EST
MOGER.5T8.40500.M,"Mobile outbound gross enrolment ratio, tertiary students studying in North America and Western Europe, male (UIS estimate) (%)",TGO,2021,.7125700116157532,,UIS_EST
MOGER.5T8.40500.M,"Mobile outbound gross enrolment ratio, tertiary students studying in North America and Western Europe, male (UIS estimate) (%)",TGO,2022,.7079899907112122,,UIS_EST
MOGER.5T8.40500.M,"Mobile outbound gross enrolment ratio, tertiary students studying in North America and Western Europe, male (UIS estimate) (%)",TGO,2023,.78125,,UIS_EST
MOGER.5T8.40505,"Mobile outbound gross enrolment ratio, tertiary students studying in Central Asia, both sexes (UIS estimate) (%)",TGO,1998,0,NIL,UIS_EST
MOGER.5T8.40505,"Mobile outbound gross enrolment ratio, tertiary students studying in Central Asia, both sexes (UIS estimate) (%)",TGO,1999,0,NIL,UIS_EST
MOGER.5T8.40505,"Mobile outbound gross enrolment ratio, tertiary students studying in Central Asia, both sexes (UIS estimate) (%)",TGO,2000,0,NIL,UIS_EST
MOGER.5T8.40505,"Mobile outbound gross enrolment ratio, tertiary students studying in Central Asia, both sexes (UIS estimate) (%)",TGO,2001,0,NIL,
MOGER.5T8.40505,"Mobile outbound gross enrolment ratio, tertiary students studying in Central Asia, both sexes (UIS estimate) (%)",TGO,2002,0,NIL,UIS_EST
MOGER.5T8.40505,"Mobile outbound gross enrolment ratio, tertiary students studying in Central Asia, both sexes (UIS estimate) (%)",TGO,2003,0,NIL,
MOGER.5T8.40505,"Mobile outbound gross enrolment ratio, tertiary students studying in Central Asia, both sexes (UIS estimate) (%)",TGO,2004,0,NIL,
MOGER.5T8.40505,"Mobile outbound gross enrolment ratio, tertiary students studying in Central Asia, both sexes (UIS estimate) (%)",TGO,2005,0,NIL,
MOGER.5T8.40505,"Mobile outbound gross enrolment ratio, tertiary students studying in Central Asia, both sexes (UIS estimate) (%)",TGO,2006,0,NIL,
MOGER.5T8.40505,"Mobile outbound gross enrolment ratio, tertiary students studying in Central Asia, both sexes (UIS estimate) (%)",TGO,2007,0,NIL,
MOGER.5T8.40505,"Mobile outbound gross enrolment ratio, tertiary students studying in Central Asia, both sexes (UIS estimate) (%)",TGO,2008,0,NIL,
MOGER.5T8.40505,"Mobile outbound gross enrolment ratio, tertiary students studying in Central Asia, both sexes (UIS estimate) (%)",TGO,2009,0,NIL,
MOGER.5T8.40505,"Mobile outbound gross enrolment ratio, tertiary students studying in Central Asia, both sexes (UIS estimate) (%)",TGO,2010,0,NIL,
MOGER.5T8.40505,"Mobile outbound gross enrolment ratio, tertiary students studying in Central Asia, both sexes (UIS estimate) (%)",TGO,2011,0,NIL,
MOGER.5T8.40505,"Mobile outbound gross enrolment ratio, tertiary students studying in Central Asia, both sexes (UIS estimate) (%)",TGO,2012,0,NIL,
MOGER.5T8.40505,"Mobile outbound gross enrolment ratio, tertiary students studying in Central Asia, both sexes (UIS estimate) (%)",TGO,2013,0,NIL,
MOGER.5T8.40505,"Mobile outbound gross enrolment ratio, tertiary students studying in Central Asia, both sexes (UIS estimate) (%)",TGO,2014,0,NIL,
MOGER.5T8.40505,"Mobile outbound gross enrolment ratio, tertiary students studying in Central Asia, both sexes (UIS estimate) (%)",TGO,2015,0,NIL,
MOGER.5T8.40505,"Mobile outbound gross enrolment ratio, tertiary students studying in Central Asia, both sexes (UIS estimate) (%)",TGO,2016,0,NIL,
MOGER.5T8.40505,"Mobile outbound gross enrolment ratio, tertiary students studying in Central Asia, both sexes (UIS estimate) (%)",TGO,2017,.0001400000037393,,
MOGER.5T8.40505,"Mobile outbound gross enrolment ratio, tertiary students studying in Central Asia, both sexes (UIS estimate) (%)",TGO,2018,.0001400000037393,,
MOGER.5T8.40505,"Mobile outbound gross enrolment ratio, tertiary students studying in Central Asia, both sexes (UIS estimate) (%)",TGO,2019,0,NIL,
MOGER.5T8.40505,"Mobile outbound gross enrolment ratio, tertiary students studying in Central Asia, both sexes (UIS estimate) (%)",TGO,2020,.0001300000003539,,
MOGER.5T8.40505,"Mobile outbound gross enrolment ratio, tertiary students studying in Central Asia, both sexes (UIS estimate) (%)",TGO,2021,.0000900000013644,,UIS_EST
MOGER.5T8.40505,"Mobile outbound gross enrolment ratio, tertiary students studying in Central Asia, both sexes (UIS estimate) (%)",TGO,2022,.0001800000027288,,UIS_EST
MOGER.5T8.40505,"Mobile outbound gross enrolment ratio, tertiary students studying in Central Asia, both sexes (UIS estimate) (%)",TGO,2023,.0001500000071246,,UIS_EST
MOGER.5T8.40505.F,"Mobile outbound gross enrolment ratio, tertiary students studying in Central Asia, female (UIS estimate) (%)",TGO,2012,0,NIL,UIS_EST
MOGER.5T8.40505.F,"Mobile outbound gross enrolment ratio, tertiary students studying in Central Asia, female (UIS estimate) (%)",TGO,2013,0,NIL,UIS_EST
MOGER.5T8.40505.F,"Mobile outbound gross enrolment ratio, tertiary students studying in Central Asia, female (UIS estimate) (%)",TGO,2014,0,NIL,UIS_EST
MOGER.5T8.40505.F,"Mobile outbound gross enrolment ratio, tertiary students studying in Central Asia, female (UIS estimate) (%)",TGO,2015,0,NIL,
MOGER.5T8.40505.F,"Mobile outbound gross enrolment ratio, tertiary students studying in Central Asia, female (UIS estimate) (%)",TGO,2016,0,NIL,
MOGER.5T8.40505.F,"Mobile outbound gross enrolment ratio, tertiary students studying in Central Asia, female (UIS estimate) (%)",TGO,2017,.0002800000074785,,
MOGER.5T8.40505.F,"Mobile outbound gross enrolment ratio, tertiary students studying in Central Asia, female (UIS estimate) (%)",TGO,2018,.0002800000074785,,
MOGER.5T8.40505.F,"Mobile outbound gross enrolment ratio, tertiary students studying in Central Asia, female (UIS estimate) (%)",TGO,2019,0,NIL,
MOGER.5T8.40505.F,"Mobile outbound gross enrolment ratio, tertiary students studying in Central Asia, female (UIS estimate) (%)",TGO,2020,.0002600000007078,,
MOGER.5T8.40505.F,"Mobile outbound gross enrolment ratio, tertiary students studying in Central Asia, female (UIS estimate) (%)",TGO,2021,.0001400000037393,,UIS_EST
MOGER.5T8.40505.F,"Mobile outbound gross enrolment ratio, tertiary students studying in Central Asia, female (UIS estimate) (%)",TGO,2022,.0000599999984843,,UIS_EST
MOGER.5T8.40505.F,"Mobile outbound gross enrolment ratio, tertiary students studying in Central Asia, female (UIS estimate) (%)",TGO,2023,.0000199999994948,,UIS_EST
MOGER.5T8.40505.GPIA,"Mobile outbound gross enrolment ratio, tertiary students studying in Central Asia, adjusted gender parity index (GPIA) (UIS estimate)",TGO,2017,2,,
MOGER.5T8.40505.GPIA,"Mobile outbound gross enrolment ratio, tertiary students studying in Central Asia, adjusted gender parity index (GPIA) (UIS estimate)",TGO,2018,2,,
MOGER.5T8.40505.GPIA,"Mobile outbound gross enrolment ratio, tertiary students studying in Central Asia, adjusted gender parity index (GPIA) (UIS estimate)",TGO,2020,2,,
MOGER.5T8.40505.GPIA,"Mobile outbound gross enrolment ratio, tertiary students studying in Central Asia, adjusted gender parity index (GPIA) (UIS estimate)",TGO,2021,1.67425000667572,,UIS_EST
MOGER.5T8.40505.GPIA,"Mobile outbound gross enrolment ratio, tertiary students studying in Central Asia, adjusted gender parity index (GPIA) (UIS estimate)",TGO,2022,.2047999948263168,,UIS_EST
MOGER.5T8.40505.GPIA,"Mobile outbound gross enrolment ratio, tertiary students studying in Central Asia, adjusted gender parity index (GPIA) (UIS estimate)",TGO,2023,.0539399981498718,,UIS_EST
MOGER.5T8.40505.M,"Mobile outbound gross enrolment ratio, tertiary students studying in Central Asia, male (UIS estimate) (%)",TGO,1970,0,NIL,
MOGER.5T8.40505.M,"Mobile outbound gross enrolment ratio, tertiary students studying in Central Asia, male (UIS estimate) (%)",TGO,1971,0,NIL,
MOGER.5T8.40505.M,"Mobile outbound gross enrolment ratio, tertiary students studying in Central Asia, male (UIS estimate) (%)",TGO,1972,0,NIL,
MOGER.5T8.40505.M,"Mobile outbound gross enrolment ratio, tertiary students studying in Central Asia, male (UIS estimate) (%)",TGO,1973,0,NIL,
MOGER.5T8.40505.M,"Mobile outbound gross enrolment ratio, tertiary students studying in Central Asia, male (UIS estimate) (%)",TGO,1974,0,NIL,
MOGER.5T8.40505.M,"Mobile outbound gross enrolment ratio, tertiary students studying in Central Asia, male (UIS estimate) (%)",TGO,1975,0,NIL,
MOGER.5T8.40505.M,"Mobile outbound gross enrolment ratio, tertiary students studying in Central Asia, male (UIS estimate) (%)",TGO,1976,0,NIL,
MOGER.5T8.40505.M,"Mobile outbound gross enrolment ratio, tertiary students studying in Central Asia, male (UIS estimate) (%)",TGO,1977,0,NIL,
MOGER.5T8.40505.M,"Mobile outbound gross enrolment ratio, tertiary students studying in Central Asia, male (UIS estimate) (%)",TGO,1978,0,NIL,
MOGER.5T8.40505.M,"Mobile outbound gross enrolment ratio, tertiary students studying in Central Asia, male (UIS estimate) (%)",TGO,1979,0,NIL,
MOGER.5T8.40505.M,"Mobile outbound gross enrolment ratio, tertiary students studying in Central Asia, male (UIS estimate) (%)",TGO,1980,0,NIL,
MOGER.5T8.40505.M,"Mobile outbound gross enrolment ratio, tertiary students studying in Central Asia, male (UIS estimate) (%)",TGO,1981,0,NIL,
MOGER.5T8.40505.M,"Mobile outbound gross enrolment ratio, tertiary students studying in Central Asia, male (UIS estimate) (%)",TGO,1982,0,NIL,
MOGER.5T8.40505.M,"Mobile outbound gross enrolment ratio, tertiary students studying in Central Asia, male (UIS estimate) (%)",TGO,1983,0,NIL,
MOGER.5T8.40505.M,"Mobile outbound gross enrolment ratio, tertiary students studying in Central Asia, male (UIS estimate) (%)",TGO,1984,0,NIL,
MOGER.5T8.40505.M,"Mobile outbound gross enrolment ratio, tertiary students studying in Central Asia, male (UIS estimate) (%)",TGO,1985,0,NIL,
MOGER.5T8.40505.M,"Mobile outbound gross enrolment ratio, tertiary students studying in Central Asia, male (UIS estimate) (%)",TGO,1986,0,NIL,
MOGER.5T8.40505.M,"Mobile outbound gross enrolment ratio, tertiary students studying in Central Asia, male (UIS estimate) (%)",TGO,1987,0,NIL,
MOGER.5T8.40505.M,"Mobile outbound gross enrolment ratio, tertiary students studying in Central Asia, male (UIS estimate) (%)",TGO,1988,0,NIL,
MOGER.5T8.40505.M,"Mobile outbound gross enrolment ratio, tertiary students studying in Central Asia, male (UIS estimate) (%)",TGO,1989,0,NIL,
MOGER.5T8.40505.M,"Mobile outbound gross enrolment ratio, tertiary students studying in Central Asia, male (UIS estimate) (%)",TGO,1990,0,NIL,
MOGER.5T8.40505.M,"Mobile outbound gross enrolment ratio, tertiary students studying in Central Asia, male (UIS estimate) (%)",TGO,1991,0,NIL,
MOGER.5T8.40505.M,"Mobile outbound gross enrolment ratio, tertiary students studying in Central Asia, male (UIS estimate) (%)",TGO,1992,0,NIL,
MOGER.5T8.40505.M,"Mobile outbound gross enrolment ratio, tertiary students studying in Central Asia, male (UIS estimate) (%)",TGO,1993,0,NIL,
MOGER.5T8.40505.M,"Mobile outbound gross enrolment ratio, tertiary students studying in Central Asia, male (UIS estimate) (%)",TGO,1994,0,NIL,
MOGER.5T8.40505.M,"Mobile outbound gross enrolment ratio, tertiary students studying in Central Asia, male (UIS estimate) (%)",TGO,1995,0,NIL,
MOGER.5T8.40505.M,"Mobile outbound gross enrolment ratio, tertiary students studying in Central Asia, male (UIS estimate) (%)",TGO,1996,0,NIL,
MOGER.5T8.40505.M,"Mobile outbound gross enrolment ratio, tertiary students studying in Central Asia, male (UIS estimate) (%)",TGO,1997,0,NIL,
MOGER.5T8.40505.M,"Mobile outbound gross enrolment ratio, tertiary students studying in Central Asia, male (UIS estimate) (%)",TGO,1998,0,NIL,UIS_EST
MOGER.5T8.40505.M,"Mobile outbound gross enrolment ratio, tertiary students studying in Central Asia, male (UIS estimate) (%)",TGO,1999,0,NIL,UIS_EST
MOGER.5T8.40505.M,"Mobile outbound gross enrolment ratio, tertiary students studying in Central Asia, male (UIS estimate) (%)",TGO,2000,0,NIL,UIS_EST
MOGER.5T8.40505.M,"Mobile outbound gross enrolment ratio, tertiary students studying in Central Asia, male (UIS estimate) (%)",TGO,2001,0,NIL,
MOGER.5T8.40505.M,"Mobile outbound gross enrolment ratio, tertiary students studying in Central Asia, male (UIS estimate) (%)",TGO,2002,0,NIL,UIS_EST
MOGER.5T8.40505.M,"Mobile outbound gross enrolment ratio, tertiary students studying in Central Asia, male (UIS estimate) (%)",TGO,2003,0,NIL,
MOGER.5T8.40505.M,"Mobile outbound gross enrolment ratio, tertiary students studying in Central Asia, male (UIS estimate) (%)",TGO,2004,0,NIL,
MOGER.5T8.40505.M,"Mobile outbound gross enrolment ratio, tertiary students studying in Central Asia, male (UIS estimate) (%)",TGO,2005,0,NIL,
MOGER.5T8.40505.M,"Mobile outbound gross enrolment ratio, tertiary students studying in Central Asia, male (UIS estimate) (%)",TGO,2006,0,NIL,
MOGER.5T8.40505.M,"Mobile outbound gross enrolment ratio, tertiary students studying in Central Asia, male (UIS estimate) (%)",TGO,2007,0,NIL,
MOGER.5T8.40505.M,"Mobile outbound gross enrolment ratio, tertiary students studying in Central Asia, male (UIS estimate) (%)",TGO,2008,0,NIL,
MOGER.5T8.40505.M,"Mobile outbound gross enrolment ratio, tertiary students studying in Central Asia, male (UIS estimate) (%)",TGO,2009,0,NIL,
MOGER.5T8.40505.M,"Mobile outbound gross enrolment ratio, tertiary students studying in Central Asia, male (UIS estimate) (%)",TGO,2010,0,NIL,
MOGER.5T8.40505.M,"Mobile outbound gross enrolment ratio, tertiary students studying in Central Asia, male (UIS estimate) (%)",TGO,2011,0,NIL,
MOGER.5T8.40505.M,"Mobile outbound gross enrolment ratio, tertiary students studying in Central Asia, male (UIS estimate) (%)",TGO,2012,0,NIL,UIS_EST
MOGER.5T8.40505.M,"Mobile outbound gross enrolment ratio, tertiary students studying in Central Asia, male (UIS estimate) (%)",TGO,2013,0,NIL,UIS_EST
MOGER.5T8.40505.M,"Mobile outbound gross enrolment ratio, tertiary students studying in Central Asia, male (UIS estimate) (%)",TGO,2014,0,NIL,UIS_EST
MOGER.5T8.40505.M,"Mobile outbound gross enrolment ratio, tertiary students studying in Central Asia, male (UIS estimate) (%)",TGO,2015,0,NIL,
MOGER.5T8.40505.M,"Mobile outbound gross enrolment ratio, tertiary students studying in Central Asia, male (UIS estimate) (%)",TGO,2016,0,NIL,
MOGER.5T8.40505.M,"Mobile outbound gross enrolment ratio, tertiary students studying in Central Asia, male (UIS estimate) (%)",TGO,2017,0,NIL,
MOGER.5T8.40505.M,"Mobile outbound gross enrolment ratio, tertiary students studying in Central Asia, male (UIS estimate) (%)",TGO,2018,0,NIL,
MOGER.5T8.40505.M,"Mobile outbound gross enrolment ratio, tertiary students studying in Central Asia, male (UIS estimate) (%)",TGO,2019,0,NIL,
MOGER.5T8.40505.M,"Mobile outbound gross enrolment ratio, tertiary students studying in Central Asia, male (UIS estimate) (%)",TGO,2020,0,NIL,
MOGER.5T8.40505.M,"Mobile outbound gross enrolment ratio, tertiary students studying in Central Asia, male (UIS estimate) (%)",TGO,2021,.0000499999987369,,UIS_EST
MOGER.5T8.40505.M,"Mobile outbound gross enrolment ratio, tertiary students studying in Central Asia, male (UIS estimate) (%)",TGO,2022,.0003000000142492,,UIS_EST
MOGER.5T8.40505.M,"Mobile outbound gross enrolment ratio, tertiary students studying in Central Asia, male (UIS estimate) (%)",TGO,2023,.0002800000074785,,UIS_EST
MOGER.5T8.40510,"Mobile outbound gross enrolment ratio, tertiary students studying abroad, all countries, both sexes (UIS estimate) (%)",TGO,1998,.8361200094223022,,UIS_EST
MOGER.5T8.40510,"Mobile outbound gross enrolment ratio, tertiary students studying abroad, all countries, both sexes (UIS estimate) (%)",TGO,1999,.8088700175285339,,UIS_EST
MOGER.5T8.40510,"Mobile outbound gross enrolment ratio, tertiary students studying abroad, all countries, both sexes (UIS estimate) (%)",TGO,2000,.7759299874305725,,UIS_EST
MOGER.5T8.40510,"Mobile outbound gross enrolment ratio, tertiary students studying abroad, all countries, both sexes (UIS estimate) (%)",TGO,2001,.8051199913024902,,UIS_EST
MOGER.5T8.40510,"Mobile outbound gross enrolment ratio, tertiary students studying abroad, all countries, both sexes (UIS estimate) (%)",TGO,2002,.8451700210571289,,UIS_EST
MOGER.5T8.40510,"Mobile outbound gross enrolment ratio, tertiary students studying abroad, all countries, both sexes (UIS estimate) (%)",TGO,2003,.8968200087547302,,UIS_EST
MOGER.5T8.40510,"Mobile outbound gross enrolment ratio, tertiary students studying abroad, all countries, both sexes (UIS estimate) (%)",TGO,2004,.8830699920654297,,UIS_EST
MOGER.5T8.40510,"Mobile outbound gross enrolment ratio, tertiary students studying abroad, all countries, both sexes (UIS estimate) (%)",TGO,2005,.9272099733352661,,UIS_EST
MOGER.5T8.40510,"Mobile outbound gross enrolment ratio, tertiary students studying abroad, all countries, both sexes (UIS estimate) (%)",TGO,2006,.9158099889755249,,UIS_EST
MOGER.5T8.40510,"Mobile outbound gross enrolment ratio, tertiary students studying abroad, all countries, both sexes (UIS estimate) (%)",TGO,2007,.881630003452301,,UIS_EST
MOGER.5T8.40510,"Mobile outbound gross enrolment ratio, tertiary students studying abroad, all countries, both sexes (UIS estimate) (%)",TGO,2008,.8595200181007385,,UIS_EST
MOGER.5T8.40510,"Mobile outbound gross enrolment ratio, tertiary students studying abroad, all countries, both sexes (UIS estimate) (%)",TGO,2009,.8037499785423279,,UIS_EST
MOGER.5T8.40510,"Mobile outbound gross enrolment ratio, tertiary students studying abroad, all countries, both sexes (UIS estimate) (%)",TGO,2010,.7873899936676025,,UIS_EST
MOGER.5T8.40510,"Mobile outbound gross enrolment ratio, tertiary students studying abroad, all countries, both sexes (UIS estimate) (%)",TGO,2011,.7871800065040588,,UIS_EST
MOGER.5T8.40510,"Mobile outbound gross enrolment ratio, tertiary students studying abroad, all countries, both sexes (UIS estimate) (%)",TGO,2012,.7696400284767151,,UIS_EST
MOGER.5T8.40510,"Mobile outbound gross enrolment ratio, tertiary students studying abroad, all countries, both sexes (UIS estimate) (%)",TGO,2013,.7601799964904785,,UIS_EST
MOGER.5T8.40510,"Mobile outbound gross enrolment ratio, tertiary students studying abroad, all countries, both sexes (UIS estimate) (%)",TGO,2014,.8227900266647339,,UIS_EST
MOGER.5T8.40510,"Mobile outbound gross enrolment ratio, tertiary students studying abroad, all countries, both sexes (UIS estimate) (%)",TGO,2015,.9367700219154358,,
MOGER.5T8.40510,"Mobile outbound gross enrolment ratio, tertiary students studying abroad, all countries, both sexes (UIS estimate) (%)",TGO,2016,.853950023651123,,
MOGER.5T8.40510,"Mobile outbound gross enrolment ratio, tertiary students studying abroad, all countries, both sexes (UIS estimate) (%)",TGO,2017,.8525199890136719,,
MOGER.5T8.40510,"Mobile outbound gross enrolment ratio, tertiary students studying abroad, all countries, both sexes (UIS estimate) (%)",TGO,2018,.9345499873161316,,
MOGER.5T8.40510,"Mobile outbound gross enrolment ratio, tertiary students studying abroad, all countries, both sexes (UIS estimate) (%)",TGO,2019,.8973699808120728,,UIS_EST
MOGER.5T8.40510,"Mobile outbound gross enrolment ratio, tertiary students studying abroad, all countries, both sexes (UIS estimate) (%)",TGO,2020,.9513199925422668,,
MOGER.5T8.40510,"Mobile outbound gross enrolment ratio, tertiary students studying abroad, all countries, both sexes (UIS estimate) (%)",TGO,2021,.9729899764060974,,UIS_EST
MOGER.5T8.40510,"Mobile outbound gross enrolment ratio, tertiary students studying abroad, all countries, both sexes (UIS estimate) (%)",TGO,2022,.9936000108718872,,UIS_EST
MOGER.5T8.40510,"Mobile outbound gross enrolment ratio, tertiary students studying abroad, all countries, both sexes (UIS estimate) (%)",TGO,2023,1.058869957923889,,UIS_EST
MOGER.5T8.40510.F,"Mobile outbound gross enrolment ratio, tertiary students studying abroad, all countries, female (UIS estimate) (%)",TGO,2012,.4415200054645538,,UIS_EST
MOGER.5T8.40510.F,"Mobile outbound gross enrolment ratio, tertiary students studying abroad, all countries, female (UIS estimate) (%)",TGO,2013,.4429999887943268,,UIS_EST
MOGER.5T8.40510.F,"Mobile outbound gross enrolment ratio, tertiary students studying abroad, all countries, female (UIS estimate) (%)",TGO,2014,.5007100105285645,,UIS_EST
MOGER.5T8.40510.F,"Mobile outbound gross enrolment ratio, tertiary students studying abroad, all countries, female (UIS estimate) (%)",TGO,2015,.598800003528595,,UIS_EST
MOGER.5T8.40510.F,"Mobile outbound gross enrolment ratio, tertiary students studying abroad, all countries, female (UIS estimate) (%)",TGO,2016,.5371500253677368,,UIS_EST
MOGER.5T8.40510.F,"Mobile outbound gross enrolment ratio, tertiary students studying abroad, all countries, female (UIS estimate) (%)",TGO,2017,.5511699914932251,,UIS_EST
MOGER.5T8.40510.F,"Mobile outbound gross enrolment ratio, tertiary students studying abroad, all countries, female (UIS estimate) (%)",TGO,2018,.5891000032424927,,UIS_EST
MOGER.5T8.40510.F,"Mobile outbound gross enrolment ratio, tertiary students studying abroad, all countries, female (UIS estimate) (%)",TGO,2019,.573639988899231,,UIS_EST
MOGER.5T8.40510.F,"Mobile outbound gross enrolment ratio, tertiary students studying abroad, all countries, female (UIS estimate) (%)",TGO,2020,.6466299891471863,,UIS_EST
MOGER.5T8.40510.F,"Mobile outbound gross enrolment ratio, tertiary students studying abroad, all countries, female (UIS estimate) (%)",TGO,2021,.6451399922370911,,UIS_EST
MOGER.5T8.40510.F,"Mobile outbound gross enrolment ratio, tertiary students studying abroad, all countries, female (UIS estimate) (%)",TGO,2022,.6606000065803528,,UIS_EST
MOGER.5T8.40510.F,"Mobile outbound gross enrolment ratio, tertiary students studying abroad, all countries, female (UIS estimate) (%)",TGO,2023,.7565400004386902,,UIS_EST
MOGER.5T8.40510.GPIA,"Mobile outbound gross enrolment ratio, tertiary students studying abroad, all countries, adjusted gender parity index (GPIA) (UIS estimate)",TGO,2012,.4045999944210052,,UIS_EST
MOGER.5T8.40510.GPIA,"Mobile outbound gross enrolment ratio, tertiary students studying abroad, all countries, adjusted gender parity index (GPIA) (UIS estimate)",TGO,2013,.4136300086975098,,UIS_EST
MOGER.5T8.40510.GPIA,"Mobile outbound gross enrolment ratio, tertiary students studying abroad, all countries, adjusted gender parity index (GPIA) (UIS estimate)",TGO,2014,.4398599863052368,,UIS_EST
MOGER.5T8.40510.GPIA,"Mobile outbound gross enrolment ratio, tertiary students studying abroad, all countries, adjusted gender parity index (GPIA) (UIS estimate)",TGO,2015,.4723199903964996,,UIS_EST
MOGER.5T8.40510.GPIA,"Mobile outbound gross enrolment ratio, tertiary students studying abroad, all countries, adjusted gender parity index (GPIA) (UIS estimate)",TGO,2016,.4614099860191345,,UIS_EST
MOGER.5T8.40510.GPIA,"Mobile outbound gross enrolment ratio, tertiary students studying abroad, all countries, adjusted gender parity index (GPIA) (UIS estimate)",TGO,2017,.4803099930286407,,UIS_EST
MOGER.5T8.40510.GPIA,"Mobile outbound gross enrolment ratio, tertiary students studying abroad, all countries, adjusted gender parity index (GPIA) (UIS estimate)",TGO,2018,.4628899991512299,,UIS_EST
MOGER.5T8.40510.GPIA,"Mobile outbound gross enrolment ratio, tertiary students studying abroad, all countries, adjusted gender parity index (GPIA) (UIS estimate)",TGO,2019,.4724799990653992,,UIS_EST
MOGER.5T8.40510.GPIA,"Mobile outbound gross enrolment ratio, tertiary students studying abroad, all countries, adjusted gender parity index (GPIA) (UIS estimate)",TGO,2020,.5176100134849548,,UIS_EST
MOGER.5T8.40510.GPIA,"Mobile outbound gross enrolment ratio, tertiary students studying abroad, all countries, adjusted gender parity index (GPIA) (UIS estimate)",TGO,2021,.4988000094890594,,UIS_EST
MOGER.5T8.40510.GPIA,"Mobile outbound gross enrolment ratio, tertiary students studying abroad, all countries, adjusted gender parity index (GPIA) (UIS estimate)",TGO,2022,.5009099841117859,,UIS_EST
MOGER.5T8.40510.GPIA,"Mobile outbound gross enrolment ratio, tertiary students studying abroad, all countries, adjusted gender parity index (GPIA) (UIS estimate)",TGO,2023,.5587999820709229,,UIS_EST
MOGER.5T8.40510.M,"Mobile outbound gross enrolment ratio, tertiary students studying abroad, all countries, male (UIS estimate) (%)",TGO,1970,0,NIL,
MOGER.5T8.40510.M,"Mobile outbound gross enrolment ratio, tertiary students studying abroad, all countries, male (UIS estimate) (%)",TGO,1971,0,NIL,
MOGER.5T8.40510.M,"Mobile outbound gross enrolment ratio, tertiary students studying abroad, all countries, male (UIS estimate) (%)",TGO,1972,0,NIL,
MOGER.5T8.40510.M,"Mobile outbound gross enrolment ratio, tertiary students studying abroad, all countries, male (UIS estimate) (%)",TGO,1973,0,NIL,
MOGER.5T8.40510.M,"Mobile outbound gross enrolment ratio, tertiary students studying abroad, all countries, male (UIS estimate) (%)",TGO,1974,0,NIL,
MOGER.5T8.40510.M,"Mobile outbound gross enrolment ratio, tertiary students studying abroad, all countries, male (UIS estimate) (%)",TGO,1975,0,NIL,
MOGER.5T8.40510.M,"Mobile outbound gross enrolment ratio, tertiary students studying abroad, all countries, male (UIS estimate) (%)",TGO,1976,0,NIL,
MOGER.5T8.40510.M,"Mobile outbound gross enrolment ratio, tertiary students studying abroad, all countries, male (UIS estimate) (%)",TGO,1977,0,NIL,
MOGER.5T8.40510.M,"Mobile outbound gross enrolment ratio, tertiary students studying abroad, all countries, male (UIS estimate) (%)",TGO,1978,0,NIL,
MOGER.5T8.40510.M,"Mobile outbound gross enrolment ratio, tertiary students studying abroad, all countries, male (UIS estimate) (%)",TGO,1979,0,NIL,
MOGER.5T8.40510.M,"Mobile outbound gross enrolment ratio, tertiary students studying abroad, all countries, male (UIS estimate) (%)",TGO,1980,0,NIL,
MOGER.5T8.40510.M,"Mobile outbound gross enrolment ratio, tertiary students studying abroad, all countries, male (UIS estimate) (%)",TGO,1981,0,NIL,
MOGER.5T8.40510.M,"Mobile outbound gross enrolment ratio, tertiary students studying abroad, all countries, male (UIS estimate) (%)",TGO,1982,0,NIL,
MOGER.5T8.40510.M,"Mobile outbound gross enrolment ratio, tertiary students studying abroad, all countries, male (UIS estimate) (%)",TGO,1983,0,NIL,
MOGER.5T8.40510.M,"Mobile outbound gross enrolment ratio, tertiary students studying abroad, all countries, male (UIS estimate) (%)",TGO,1984,0,NIL,
MOGER.5T8.40510.M,"Mobile outbound gross enrolment ratio, tertiary students studying abroad, all countries, male (UIS estimate) (%)",TGO,1985,0,NIL,
MOGER.5T8.40510.M,"Mobile outbound gross enrolment ratio, tertiary students studying abroad, all countries, male (UIS estimate) (%)",TGO,1986,0,NIL,
MOGER.5T8.40510.M,"Mobile outbound gross enrolment ratio, tertiary students studying abroad, all countries, male (UIS estimate) (%)",TGO,1987,0,NIL,
MOGER.5T8.40510.M,"Mobile outbound gross enrolment ratio, tertiary students studying abroad, all countries, male (UIS estimate) (%)",TGO,1988,0,NIL,
MOGER.5T8.40510.M,"Mobile outbound gross enrolment ratio, tertiary students studying abroad, all countries, male (UIS estimate) (%)",TGO,1989,0,NIL,
MOGER.5T8.40510.M,"Mobile outbound gross enrolment ratio, tertiary students studying abroad, all countries, male (UIS estimate) (%)",TGO,1990,0,NIL,
MOGER.5T8.40510.M,"Mobile outbound gross enrolment ratio, tertiary students studying abroad, all countries, male (UIS estimate) (%)",TGO,1991,0,NIL,
MOGER.5T8.40510.M,"Mobile outbound gross enrolment ratio, tertiary students studying abroad, all countries, male (UIS estimate) (%)",TGO,1992,0,NIL,
MOGER.5T8.40510.M,"Mobile outbound gross enrolment ratio, tertiary students studying abroad, all countries, male (UIS estimate) (%)",TGO,1993,0,NIL,
MOGER.5T8.40510.M,"Mobile outbound gross enrolment ratio, tertiary students studying abroad, all countries, male (UIS estimate) (%)",TGO,1994,0,NIL,
MOGER.5T8.40510.M,"Mobile outbound gross enrolment ratio, tertiary students studying abroad, all countries, male (UIS estimate) (%)",TGO,1995,0,NIL,
MOGER.5T8.40510.M,"Mobile outbound gross enrolment ratio, tertiary students studying abroad, all countries, male (UIS estimate) (%)",TGO,1996,0,NIL,
MOGER.5T8.40510.M,"Mobile outbound gross enrolment ratio, tertiary students studying abroad, all countries, male (UIS estimate) (%)",TGO,1997,0,NIL,
MOGER.5T8.40510.M,"Mobile outbound gross enrolment ratio, tertiary students studying abroad, all countries, male (UIS estimate) (%)",TGO,1998,1.665680050849915,,UIS_EST
MOGER.5T8.40510.M,"Mobile outbound gross enrolment ratio, tertiary students studying abroad, all countries, male (UIS estimate) (%)",TGO,1999,1.611019968986511,,UIS_EST
MOGER.5T8.40510.M,"Mobile outbound gross enrolment ratio, tertiary students studying abroad, all countries, male (UIS estimate) (%)",TGO,2000,1.545179963111877,,UIS_EST
MOGER.5T8.40510.M,"Mobile outbound gross enrolment ratio, tertiary students studying abroad, all countries, male (UIS estimate) (%)",TGO,2001,1.602810025215149,,UIS_EST
MOGER.5T8.40510.M,"Mobile outbound gross enrolment ratio, tertiary students studying abroad, all countries, male (UIS estimate) (%)",TGO,2002,1.681679964065552,,UIS_EST
MOGER.5T8.40510.M,"Mobile outbound gross enrolment ratio, tertiary students studying abroad, all countries, male (UIS estimate) (%)",TGO,2003,1.783049941062927,,UIS_EST
MOGER.5T8.40510.M,"Mobile outbound gross enrolment ratio, tertiary students studying abroad, all countries, male (UIS estimate) (%)",TGO,2004,1.754240036010742,,UIS_EST
MOGER.5T8.40510.M,"Mobile outbound gross enrolment ratio, tertiary students studying abroad, all countries, male (UIS estimate) (%)",TGO,2005,1.840510010719299,,UIS_EST
MOGER.5T8.40510.M,"Mobile outbound gross enrolment ratio, tertiary students studying abroad, all countries, male (UIS estimate) (%)",TGO,2006,1.816550016403198,,UIS_EST
MOGER.5T8.40510.M,"Mobile outbound gross enrolment ratio, tertiary students studying abroad, all countries, male (UIS estimate) (%)",TGO,2007,1.748160004615784,,UIS_EST
MOGER.5T8.40510.M,"Mobile outbound gross enrolment ratio, tertiary students studying abroad, all countries, male (UIS estimate) (%)",TGO,2008,1.703520059585571,,UIS_EST
MOGER.5T8.40510.M,"Mobile outbound gross enrolment ratio, tertiary students studying abroad, all countries, male (UIS estimate) (%)",TGO,2009,1.59266996383667,,UIS_EST
MOGER.5T8.40510.M,"Mobile outbound gross enrolment ratio, tertiary students studying abroad, all countries, male (UIS estimate) (%)",TGO,2010,1.559790015220642,,UIS_EST
MOGER.5T8.40510.M,"Mobile outbound gross enrolment ratio, tertiary students studying abroad, all countries, male (UIS estimate) (%)",TGO,2011,1.559020042419434,,UIS_EST
MOGER.5T8.40510.M,"Mobile outbound gross enrolment ratio, tertiary students studying abroad, all countries, male (UIS estimate) (%)",TGO,2012,1.091249942779541,,UIS_EST
MOGER.5T8.40510.M,"Mobile outbound gross enrolment ratio, tertiary students studying abroad, all countries, male (UIS estimate) (%)",TGO,2013,1.070999979972839,,UIS_EST
MOGER.5T8.40510.M,"Mobile outbound gross enrolment ratio, tertiary students studying abroad, all countries, male (UIS estimate) (%)",TGO,2014,1.138350009918213,,UIS_EST
MOGER.5T8.40510.M,"Mobile outbound gross enrolment ratio, tertiary students studying abroad, all countries, male (UIS estimate) (%)",TGO,2015,1.267779946327209,,UIS_EST
MOGER.5T8.40510.M,"Mobile outbound gross enrolment ratio, tertiary students studying abroad, all countries, male (UIS estimate) (%)",TGO,2016,1.164160013198853,,UIS_EST
MOGER.5T8.40510.M,"Mobile outbound gross enrolment ratio, tertiary students studying abroad, all countries, male (UIS estimate) (%)",TGO,2017,1.14752995967865,,UIS_EST
MOGER.5T8.40510.M,"Mobile outbound gross enrolment ratio, tertiary students studying abroad, all countries, male (UIS estimate) (%)",TGO,2018,1.272650003433228,,UIS_EST
MOGER.5T8.40510.M,"Mobile outbound gross enrolment ratio, tertiary students studying abroad, all countries, male (UIS estimate) (%)",TGO,2019,1.214110016822815,,UIS_EST
MOGER.5T8.40510.M,"Mobile outbound gross enrolment ratio, tertiary students studying abroad, all countries, male (UIS estimate) (%)",TGO,2020,1.249279975891113,,UIS_EST
MOGER.5T8.40510.M,"Mobile outbound gross enrolment ratio, tertiary students studying abroad, all countries, male (UIS estimate) (%)",TGO,2021,1.29338002204895,,UIS_EST
MOGER.5T8.40510.M,"Mobile outbound gross enrolment ratio, tertiary students studying abroad, all countries, male (UIS estimate) (%)",TGO,2022,1.31879997253418,,UIS_EST
MOGER.5T8.40510.M,"Mobile outbound gross enrolment ratio, tertiary students studying abroad, all countries, male (UIS estimate) (%)",TGO,2023,1.353870034217834,,UIS_EST
MOGER.5T8.40515,"Mobile outbound gross enrolment ratio, tertiary students studying in East Asia and the Pacific, both sexes (UIS estimate) (%)",TGO,1997,0,NIL,UIS_EST
MOGER.5T8.40515,"Mobile outbound gross enrolment ratio, tertiary students studying in East Asia and the Pacific, both sexes (UIS estimate) (%)",TGO,1998,0,NIL,UIS_EST
MOGER.5T8.40515,"Mobile outbound gross enrolment ratio, tertiary students studying in East Asia and the Pacific, both sexes (UIS estimate) (%)",TGO,1999,0,NIL,UIS_EST
MOGER.5T8.40515,"Mobile outbound gross enrolment ratio, tertiary students studying in East Asia and the Pacific, both sexes (UIS estimate) (%)",TGO,2000,.0002200000017183,,UIS_EST
MOGER.5T8.40515,"Mobile outbound gross enrolment ratio, tertiary students studying in East Asia and the Pacific, both sexes (UIS estimate) (%)",TGO,2001,.0004199999966659,,UIS_EST
MOGER.5T8.40515,"Mobile outbound gross enrolment ratio, tertiary students studying in East Asia and the Pacific, both sexes (UIS estimate) (%)",TGO,2002,.0006200000061654,,UIS_EST
MOGER.5T8.40515,"Mobile outbound gross enrolment ratio, tertiary students studying in East Asia and the Pacific, both sexes (UIS estimate) (%)",TGO,2003,.0004299999854993,,UIS_EST
MOGER.5T8.40515,"Mobile outbound gross enrolment ratio, tertiary students studying in East Asia and the Pacific, both sexes (UIS estimate) (%)",TGO,2004,.0007999999797903,,UIS_EST
MOGER.5T8.40515,"Mobile outbound gross enrolment ratio, tertiary students studying in East Asia and the Pacific, both sexes (UIS estimate) (%)",TGO,2005,.0007999999797903,,UIS_EST
MOGER.5T8.40515,"Mobile outbound gross enrolment ratio, tertiary students studying in East Asia and the Pacific, both sexes (UIS estimate) (%)",TGO,2006,.0011500000255182,,UIS_EST
MOGER.5T8.40515,"Mobile outbound gross enrolment ratio, tertiary students studying in East Asia and the Pacific, both sexes (UIS estimate) (%)",TGO,2007,.0009500000160187,,UIS_EST
MOGER.5T8.40515,"Mobile outbound gross enrolment ratio, tertiary students studying in East Asia and the Pacific, both sexes (UIS estimate) (%)",TGO,2008,.0012799999676645,,UIS_EST
MOGER.5T8.40515,"Mobile outbound gross enrolment ratio, tertiary students studying in East Asia and the Pacific, both sexes (UIS estimate) (%)",TGO,2009,.0014900000533089,,UIS_EST
MOGER.5T8.40515,"Mobile outbound gross enrolment ratio, tertiary students studying in East Asia and the Pacific, both sexes (UIS estimate) (%)",TGO,2010,.0013800000306219,,UIS_EST
MOGER.5T8.40515,"Mobile outbound gross enrolment ratio, tertiary students studying in East Asia and the Pacific, both sexes (UIS estimate) (%)",TGO,2011,.0023699998855591,,UIS_EST
MOGER.5T8.40515,"Mobile outbound gross enrolment ratio, tertiary students studying in East Asia and the Pacific, both sexes (UIS estimate) (%)",TGO,2012,.0033199999015778,,UIS_EST
MOGER.5T8.40515,"Mobile outbound gross enrolment ratio, tertiary students studying in East Asia and the Pacific, both sexes (UIS estimate) (%)",TGO,2013,.0026899999938905,,UIS_EST
MOGER.5T8.40515,"Mobile outbound gross enrolment ratio, tertiary students studying in East Asia and the Pacific, both sexes (UIS estimate) (%)",TGO,2014,.0019199999514967,,UIS_EST
MOGER.5T8.40515,"Mobile outbound gross enrolment ratio, tertiary students studying in East Asia and the Pacific, both sexes (UIS estimate) (%)",TGO,2015,.0027699999045581,,UIS_EST
MOGER.5T8.40515,"Mobile outbound gross enrolment ratio, tertiary students studying in East Asia and the Pacific, both sexes (UIS estimate) (%)",TGO,2016,.00431999983266,,UIS_EST
MOGER.5T8.40515,"Mobile outbound gross enrolment ratio, tertiary students studying in East Asia and the Pacific, both sexes (UIS estimate) (%)",TGO,2017,.002610000083223,,UIS_EST
MOGER.5T8.40515,"Mobile outbound gross enrolment ratio, tertiary students studying in East Asia and the Pacific, both sexes (UIS estimate) (%)",TGO,2018,.0020600000862032,,UIS_EST
MOGER.5T8.40515.M,"Mobile outbound gross enrolment ratio, tertiary students studying in East Asia and the Pacific, male (UIS estimate) (%)",TGO,1970,0,NIL,
MOGER.5T8.40515.M,"Mobile outbound gross enrolment ratio, tertiary students studying in East Asia and the Pacific, male (UIS estimate) (%)",TGO,1971,0,NIL,
MOGER.5T8.40515.M,"Mobile outbound gross enrolment ratio, tertiary students studying in East Asia and the Pacific, male (UIS estimate) (%)",TGO,1972,0,NIL,
MOGER.5T8.40515.M,"Mobile outbound gross enrolment ratio, tertiary students studying in East Asia and the Pacific, male (UIS estimate) (%)",TGO,1973,0,NIL,
MOGER.5T8.40515.M,"Mobile outbound gross enrolment ratio, tertiary students studying in East Asia and the Pacific, male (UIS estimate) (%)",TGO,1974,0,NIL,
MOGER.5T8.40515.M,"Mobile outbound gross enrolment ratio, tertiary students studying in East Asia and the Pacific, male (UIS estimate) (%)",TGO,1975,0,NIL,
MOGER.5T8.40515.M,"Mobile outbound gross enrolment ratio, tertiary students studying in East Asia and the Pacific, male (UIS estimate) (%)",TGO,1976,0,NIL,
MOGER.5T8.40515.M,"Mobile outbound gross enrolment ratio, tertiary students studying in East Asia and the Pacific, male (UIS estimate) (%)",TGO,1977,0,NIL,
MOGER.5T8.40515.M,"Mobile outbound gross enrolment ratio, tertiary students studying in East Asia and the Pacific, male (UIS estimate) (%)",TGO,1978,0,NIL,
MOGER.5T8.40515.M,"Mobile outbound gross enrolment ratio, tertiary students studying in East Asia and the Pacific, male (UIS estimate) (%)",TGO,1979,0,NIL,
MOGER.5T8.40515.M,"Mobile outbound gross enrolment ratio, tertiary students studying in East Asia and the Pacific, male (UIS estimate) (%)",TGO,1980,0,NIL,
MOGER.5T8.40515.M,"Mobile outbound gross enrolment ratio, tertiary students studying in East Asia and the Pacific, male (UIS estimate) (%)",TGO,1981,0,NIL,
MOGER.5T8.40515.M,"Mobile outbound gross enrolment ratio, tertiary students studying in East Asia and the Pacific, male (UIS estimate) (%)",TGO,1982,0,NIL,
MOGER.5T8.40515.M,"Mobile outbound gross enrolment ratio, tertiary students studying in East Asia and the Pacific, male (UIS estimate) (%)",TGO,1983,0,NIL,
MOGER.5T8.40515.M,"Mobile outbound gross enrolment ratio, tertiary students studying in East Asia and the Pacific, male (UIS estimate) (%)",TGO,1984,0,NIL,
MOGER.5T8.40515.M,"Mobile outbound gross enrolment ratio, tertiary students studying in East Asia and the Pacific, male (UIS estimate) (%)",TGO,1985,0,NIL,
MOGER.5T8.40515.M,"Mobile outbound gross enrolment ratio, tertiary students studying in East Asia and the Pacific, male (UIS estimate) (%)",TGO,1986,0,NIL,
MOGER.5T8.40515.M,"Mobile outbound gross enrolment ratio, tertiary students studying in East Asia and the Pacific, male (UIS estimate) (%)",TGO,1987,0,NIL,
MOGER.5T8.40515.M,"Mobile outbound gross enrolment ratio, tertiary students studying in East Asia and the Pacific, male (UIS estimate) (%)",TGO,1988,0,NIL,
MOGER.5T8.40515.M,"Mobile outbound gross enrolment ratio, tertiary students studying in East Asia and the Pacific, male (UIS estimate) (%)",TGO,1989,0,NIL,
MOGER.5T8.40515.M,"Mobile outbound gross enrolment ratio, tertiary students studying in East Asia and the Pacific, male (UIS estimate) (%)",TGO,1990,0,NIL,
MOGER.5T8.40515.M,"Mobile outbound gross enrolment ratio, tertiary students studying in East Asia and the Pacific, male (UIS estimate) (%)",TGO,1991,0,NIL,
MOGER.5T8.40515.M,"Mobile outbound gross enrolment ratio, tertiary students studying in East Asia and the Pacific, male (UIS estimate) (%)",TGO,1992,0,NIL,
MOGER.5T8.40515.M,"Mobile outbound gross enrolment ratio, tertiary students studying in East Asia and the Pacific, male (UIS estimate) (%)",TGO,1993,0,NIL,
MOGER.5T8.40515.M,"Mobile outbound gross enrolment ratio, tertiary students studying in East Asia and the Pacific, male (UIS estimate) (%)",TGO,1994,0,NIL,
MOGER.5T8.40515.M,"Mobile outbound gross enrolment ratio, tertiary students studying in East Asia and the Pacific, male (UIS estimate) (%)",TGO,1995,0,NIL,
MOGER.5T8.40515.M,"Mobile outbound gross enrolment ratio, tertiary students studying in East Asia and the Pacific, male (UIS estimate) (%)",TGO,1996,0,NIL,
MOGER.5T8.40515.M,"Mobile outbound gross enrolment ratio, tertiary students studying in East Asia and the Pacific, male (UIS estimate) (%)",TGO,1997,0,NIL,UIS_EST
MOGER.5T8.40515.M,"Mobile outbound gross enrolment ratio, tertiary students studying in East Asia and the Pacific, male (UIS estimate) (%)",TGO,1998,0,NIL,UIS_EST
MOGER.5T8.40515.M,"Mobile outbound gross enrolment ratio, tertiary students studying in East Asia and the Pacific, male (UIS estimate) (%)",TGO,1999,0,NIL,UIS_EST
MOGER.5T8.40515.M,"Mobile outbound gross enrolment ratio, tertiary students studying in East Asia and the Pacific, male (UIS estimate) (%)",TGO,2000,.0004299999854993,,UIS_EST
MOGER.5T8.40515.M,"Mobile outbound gross enrolment ratio, tertiary students studying in East Asia and the Pacific, male (UIS estimate) (%)",TGO,2001,.0008399999933317,,UIS_EST
MOGER.5T8.40515.M,"Mobile outbound gross enrolment ratio, tertiary students studying in East Asia and the Pacific, male (UIS estimate) (%)",TGO,2002,.0012300000526011,,UIS_EST
MOGER.5T8.40515.M,"Mobile outbound gross enrolment ratio, tertiary students studying in East Asia and the Pacific, male (UIS estimate) (%)",TGO,2003,.000850000011269,,UIS_EST
MOGER.5T8.40515.M,"Mobile outbound gross enrolment ratio, tertiary students studying in East Asia and the Pacific, male (UIS estimate) (%)",TGO,2004,.001589999999851,,UIS_EST
MOGER.5T8.40515.M,"Mobile outbound gross enrolment ratio, tertiary students studying in East Asia and the Pacific, male (UIS estimate) (%)",TGO,2005,.0015800000401214,,UIS_EST
MOGER.5T8.40515.M,"Mobile outbound gross enrolment ratio, tertiary students studying in East Asia and the Pacific, male (UIS estimate) (%)",TGO,2006,.0022700000554323,,UIS_EST
MOGER.5T8.40515.M,"Mobile outbound gross enrolment ratio, tertiary students studying in East Asia and the Pacific, male (UIS estimate) (%)",TGO,2007,.0018899999558926,,UIS_EST
MOGER.5T8.40515.M,"Mobile outbound gross enrolment ratio, tertiary students studying in East Asia and the Pacific, male (UIS estimate) (%)",TGO,2008,.0025299999397248,,UIS_EST
MOGER.5T8.40515.M,"Mobile outbound gross enrolment ratio, tertiary students studying in East Asia and the Pacific, male (UIS estimate) (%)",TGO,2009,.0029599999543279,,UIS_EST
MOGER.5T8.40515.M,"Mobile outbound gross enrolment ratio, tertiary students studying in East Asia and the Pacific, male (UIS estimate) (%)",TGO,2010,.0027399999089539,,UIS_EST
MOGER.5T8.40515.M,"Mobile outbound gross enrolment ratio, tertiary students studying in East Asia and the Pacific, male (UIS estimate) (%)",TGO,2011,.0046999999321997,,UIS_EST
MOGER.5T8.40515.M,"Mobile outbound gross enrolment ratio, tertiary students studying in East Asia and the Pacific, male (UIS estimate) (%)",TGO,2012,.0065799998119473,,UIS_EST
MOGER.5T8.40515.M,"Mobile outbound gross enrolment ratio, tertiary students studying in East Asia and the Pacific, male (UIS estimate) (%)",TGO,2013,.0053199999965727,,UIS_EST
MOGER.5T8.40515.M,"Mobile outbound gross enrolment ratio, tertiary students studying in East Asia and the Pacific, male (UIS estimate) (%)",TGO,2014,.003800000064075,,UIS_EST
MOGER.5T8.40515.M,"Mobile outbound gross enrolment ratio, tertiary students studying in East Asia and the Pacific, male (UIS estimate) (%)",TGO,2015,.0054700002074242,,UIS_EST
MOGER.5T8.40515.M,"Mobile outbound gross enrolment ratio, tertiary students studying in East Asia and the Pacific, male (UIS estimate) (%)",TGO,2016,.0085399998351932,,UIS_EST
MOGER.5T8.40515.M,"Mobile outbound gross enrolment ratio, tertiary students studying in East Asia and the Pacific, male (UIS estimate) (%)",TGO,2017,.0051699997857213,,UIS_EST
MOGER.5T8.40515.M,"Mobile outbound gross enrolment ratio, tertiary students studying in East Asia and the Pacific, male (UIS estimate) (%)",TGO,2018,.0040699997916818,,UIS_EST
MOGER.5T8.40515.M,"Mobile outbound gross enrolment ratio, tertiary students studying in East Asia and the Pacific, male (UIS estimate) (%)",TGO,2019,0,NIL,
MOGER.5T8.40515.M,"Mobile outbound gross enrolment ratio, tertiary students studying in East Asia and the Pacific, male (UIS estimate) (%)",TGO,2020,0,NIL,
MOGER.5T8.40515.M,"Mobile outbound gross enrolment ratio, tertiary students studying in East Asia and the Pacific, male (UIS estimate) (%)",TGO,2021,0,NIL,
MOGER.5T8.40515.M,"Mobile outbound gross enrolment ratio, tertiary students studying in East Asia and the Pacific, male (UIS estimate) (%)",TGO,2022,0,NIL,
MOGER.5T8.40516,"Mobile outbound gross enrolment ratio, tertiary students studying in the Pacific, both sexes (UIS estimate) (%)",TGO,1997,0,NIL,UIS_EST
MOGER.5T8.40516,"Mobile outbound gross enrolment ratio, tertiary students studying in the Pacific, both sexes (UIS estimate) (%)",TGO,1998,0,NIL,
MOGER.5T8.40516,"Mobile outbound gross enrolment ratio, tertiary students studying in the Pacific, both sexes (UIS estimate) (%)",TGO,1999,0,NIL,
MOGER.5T8.40516,"Mobile outbound gross enrolment ratio, tertiary students studying in the Pacific, both sexes (UIS estimate) (%)",TGO,2000,.0001999999949476,,
MOGER.5T8.40516,"Mobile outbound gross enrolment ratio, tertiary students studying in the Pacific, both sexes (UIS estimate) (%)",TGO,2001,.0001999999949476,,UIS_EST
MOGER.5T8.40516,"Mobile outbound gross enrolment ratio, tertiary students studying in the Pacific, both sexes (UIS estimate) (%)",TGO,2002,.0001900000061141,,
MOGER.5T8.40516,"Mobile outbound gross enrolment ratio, tertiary students studying in the Pacific, both sexes (UIS estimate) (%)",TGO,2003,.0003800000122283,,
MOGER.5T8.40516,"Mobile outbound gross enrolment ratio, tertiary students studying in the Pacific, both sexes (UIS estimate) (%)",TGO,2004,.000369999994291,,
MOGER.5T8.40516,"Mobile outbound gross enrolment ratio, tertiary students studying in the Pacific, both sexes (UIS estimate) (%)",TGO,2005,0,NIL,
MOGER.5T8.40516,"Mobile outbound gross enrolment ratio, tertiary students studying in the Pacific, both sexes (UIS estimate) (%)",TGO,2006,.0005300000193529,,
MOGER.5T8.40516,"Mobile outbound gross enrolment ratio, tertiary students studying in the Pacific, both sexes (UIS estimate) (%)",TGO,2007,.0003399999986868,,
MOGER.5T8.40516,"Mobile outbound gross enrolment ratio, tertiary students studying in the Pacific, both sexes (UIS estimate) (%)",TGO,2008,.0005000000237487,,
MOGER.5T8.40516,"Mobile outbound gross enrolment ratio, tertiary students studying in the Pacific, both sexes (UIS estimate) (%)",TGO,2009,.0003300000098534,,
MOGER.5T8.40516,"Mobile outbound gross enrolment ratio, tertiary students studying in the Pacific, both sexes (UIS estimate) (%)",TGO,2010,.0001599999959581,,
MOGER.5T8.40516,"Mobile outbound gross enrolment ratio, tertiary students studying in the Pacific, both sexes (UIS estimate) (%)",TGO,2011,0,NIL,
MOGER.5T8.40516,"Mobile outbound gross enrolment ratio, tertiary students studying in the Pacific, both sexes (UIS estimate) (%)",TGO,2012,.0001500000071246,,
MOGER.5T8.40516,"Mobile outbound gross enrolment ratio, tertiary students studying in the Pacific, both sexes (UIS estimate) (%)",TGO,2013,.0003000000142492,,
MOGER.5T8.40516,"Mobile outbound gross enrolment ratio, tertiary students studying in the Pacific, both sexes (UIS estimate) (%)",TGO,2014,0,NIL,
MOGER.5T8.40516,"Mobile outbound gross enrolment ratio, tertiary students studying in the Pacific, both sexes (UIS estimate) (%)",TGO,2015,0,NIL,
MOGER.5T8.40516,"Mobile outbound gross enrolment ratio, tertiary students studying in the Pacific, both sexes (UIS estimate) (%)",TGO,2016,.0015600000042468,,
MOGER.5T8.40516,"Mobile outbound gross enrolment ratio, tertiary students studying in the Pacific, both sexes (UIS estimate) (%)",TGO,2017,0,NIL,
MOGER.5T8.40516,"Mobile outbound gross enrolment ratio, tertiary students studying in the Pacific, both sexes (UIS estimate) (%)",TGO,2018,0,NIL,
MOGER.5T8.40516,"Mobile outbound gross enrolment ratio, tertiary students studying in the Pacific, both sexes (UIS estimate) (%)",TGO,2019,0,NIL,
MOGER.5T8.40516,"Mobile outbound gross enrolment ratio, tertiary students studying in the Pacific, both sexes (UIS estimate) (%)",TGO,2020,0,NIL,
MOGER.5T8.40516,"Mobile outbound gross enrolment ratio, tertiary students studying in the Pacific, both sexes (UIS estimate) (%)",TGO,2021,0,NIL,
MOGER.5T8.40516,"Mobile outbound gross enrolment ratio, tertiary students studying in the Pacific, both sexes (UIS estimate) (%)",TGO,2022,0,NIL,
MOGER.5T8.40516,"Mobile outbound gross enrolment ratio, tertiary students studying in the Pacific, both sexes (UIS estimate) (%)",TGO,2023,0,NIL,
MOGER.5T8.40516.F,"Mobile outbound gross enrolment ratio, tertiary students studying in the Pacific, female (UIS estimate) (%)",TGO,2012,0,NIL,UIS_EST
MOGER.5T8.40516.F,"Mobile outbound gross enrolment ratio, tertiary students studying in the Pacific, female (UIS estimate) (%)",TGO,2013,0,NIL,
MOGER.5T8.40516.F,"Mobile outbound gross enrolment ratio, tertiary students studying in the Pacific, female (UIS estimate) (%)",TGO,2014,0,NIL,
MOGER.5T8.40516.F,"Mobile outbound gross enrolment ratio, tertiary students studying in the Pacific, female (UIS estimate) (%)",TGO,2015,0,NIL,
MOGER.5T8.40516.F,"Mobile outbound gross enrolment ratio, tertiary students studying in the Pacific, female (UIS estimate) (%)",TGO,2016,0,NIL,
MOGER.5T8.40516.F,"Mobile outbound gross enrolment ratio, tertiary students studying in the Pacific, female (UIS estimate) (%)",TGO,2017,0,NIL,
MOGER.5T8.40516.F,"Mobile outbound gross enrolment ratio, tertiary students studying in the Pacific, female (UIS estimate) (%)",TGO,2018,0,NIL,
MOGER.5T8.40516.F,"Mobile outbound gross enrolment ratio, tertiary students studying in the Pacific, female (UIS estimate) (%)",TGO,2019,0,NIL,
MOGER.5T8.40516.F,"Mobile outbound gross enrolment ratio, tertiary students studying in the Pacific, female (UIS estimate) (%)",TGO,2020,0,NIL,
MOGER.5T8.40516.F,"Mobile outbound gross enrolment ratio, tertiary students studying in the Pacific, female (UIS estimate) (%)",TGO,2021,0,NIL,
MOGER.5T8.40516.F,"Mobile outbound gross enrolment ratio, tertiary students studying in the Pacific, female (UIS estimate) (%)",TGO,2022,0,NIL,
MOGER.5T8.40516.F,"Mobile outbound gross enrolment ratio, tertiary students studying in the Pacific, female (UIS estimate) (%)",TGO,2023,0,NIL,
MOGER.5T8.40516.GPIA,"Mobile outbound gross enrolment ratio, tertiary students studying in the Pacific, adjusted gender parity index (GPIA) (UIS estimate)",TGO,2012,0,NIL,UIS_EST
MOGER.5T8.40516.GPIA,"Mobile outbound gross enrolment ratio, tertiary students studying in the Pacific, adjusted gender parity index (GPIA) (UIS estimate)",TGO,2013,0,NIL,
MOGER.5T8.40516.GPIA,"Mobile outbound gross enrolment ratio, tertiary students studying in the Pacific, adjusted gender parity index (GPIA) (UIS estimate)",TGO,2016,0,NIL,
MOGER.5T8.40516.M,"Mobile outbound gross enrolment ratio, tertiary students studying in the Pacific, male (UIS estimate) (%)",TGO,1970,0,NIL,
MOGER.5T8.40516.M,"Mobile outbound gross enrolment ratio, tertiary students studying in the Pacific, male (UIS estimate) (%)",TGO,1971,0,NIL,
MOGER.5T8.40516.M,"Mobile outbound gross enrolment ratio, tertiary students studying in the Pacific, male (UIS estimate) (%)",TGO,1972,0,NIL,
MOGER.5T8.40516.M,"Mobile outbound gross enrolment ratio, tertiary students studying in the Pacific, male (UIS estimate) (%)",TGO,1973,0,NIL,
MOGER.5T8.40516.M,"Mobile outbound gross enrolment ratio, tertiary students studying in the Pacific, male (UIS estimate) (%)",TGO,1974,0,NIL,
MOGER.5T8.40516.M,"Mobile outbound gross enrolment ratio, tertiary students studying in the Pacific, male (UIS estimate) (%)",TGO,1975,0,NIL,
MOGER.5T8.40516.M,"Mobile outbound gross enrolment ratio, tertiary students studying in the Pacific, male (UIS estimate) (%)",TGO,1976,0,NIL,
MOGER.5T8.40516.M,"Mobile outbound gross enrolment ratio, tertiary students studying in the Pacific, male (UIS estimate) (%)",TGO,1977,0,NIL,
MOGER.5T8.40516.M,"Mobile outbound gross enrolment ratio, tertiary students studying in the Pacific, male (UIS estimate) (%)",TGO,1978,0,NIL,
MOGER.5T8.40516.M,"Mobile outbound gross enrolment ratio, tertiary students studying in the Pacific, male (UIS estimate) (%)",TGO,1979,0,NIL,
MOGER.5T8.40516.M,"Mobile outbound gross enrolment ratio, tertiary students studying in the Pacific, male (UIS estimate) (%)",TGO,1980,0,NIL,
MOGER.5T8.40516.M,"Mobile outbound gross enrolment ratio, tertiary students studying in the Pacific, male (UIS estimate) (%)",TGO,1981,0,NIL,
MOGER.5T8.40516.M,"Mobile outbound gross enrolment ratio, tertiary students studying in the Pacific, male (UIS estimate) (%)",TGO,1982,0,NIL,
MOGER.5T8.40516.M,"Mobile outbound gross enrolment ratio, tertiary students studying in the Pacific, male (UIS estimate) (%)",TGO,1983,0,NIL,
MOGER.5T8.40516.M,"Mobile outbound gross enrolment ratio, tertiary students studying in the Pacific, male (UIS estimate) (%)",TGO,1984,0,NIL,
MOGER.5T8.40516.M,"Mobile outbound gross enrolment ratio, tertiary students studying in the Pacific, male (UIS estimate) (%)",TGO,1985,0,NIL,
MOGER.5T8.40516.M,"Mobile outbound gross enrolment ratio, tertiary students studying in the Pacific, male (UIS estimate) (%)",TGO,1986,0,NIL,
MOGER.5T8.40516.M,"Mobile outbound gross enrolment ratio, tertiary students studying in the Pacific, male (UIS estimate) (%)",TGO,1987,0,NIL,
MOGER.5T8.40516.M,"Mobile outbound gross enrolment ratio, tertiary students studying in the Pacific, male (UIS estimate) (%)",TGO,1988,0,NIL,
MOGER.5T8.40516.M,"Mobile outbound gross enrolment ratio, tertiary students studying in the Pacific, male (UIS estimate) (%)",TGO,1989,0,NIL,
MOGER.5T8.40516.M,"Mobile outbound gross enrolment ratio, tertiary students studying in the Pacific, male (UIS estimate) (%)",TGO,1990,0,NIL,
MOGER.5T8.40516.M,"Mobile outbound gross enrolment ratio, tertiary students studying in the Pacific, male (UIS estimate) (%)",TGO,1991,0,NIL,
MOGER.5T8.40516.M,"Mobile outbound gross enrolment ratio, tertiary students studying in the Pacific, male (UIS estimate) (%)",TGO,1992,0,NIL,
MOGER.5T8.40516.M,"Mobile outbound gross enrolment ratio, tertiary students studying in the Pacific, male (UIS estimate) (%)",TGO,1993,0,NIL,
MOGER.5T8.40516.M,"Mobile outbound gross enrolment ratio, tertiary students studying in the Pacific, male (UIS estimate) (%)",TGO,1994,0,NIL,
MOGER.5T8.40516.M,"Mobile outbound gross enrolment ratio, tertiary students studying in the Pacific, male (UIS estimate) (%)",TGO,1995,0,NIL,
MOGER.5T8.40516.M,"Mobile outbound gross enrolment ratio, tertiary students studying in the Pacific, male (UIS estimate) (%)",TGO,1996,0,NIL,
MOGER.5T8.40516.M,"Mobile outbound gross enrolment ratio, tertiary students studying in the Pacific, male (UIS estimate) (%)",TGO,1997,0,NIL,UIS_EST
MOGER.5T8.40516.M,"Mobile outbound gross enrolment ratio, tertiary students studying in the Pacific, male (UIS estimate) (%)",TGO,1998,0,NIL,
MOGER.5T8.40516.M,"Mobile outbound gross enrolment ratio, tertiary students studying in the Pacific, male (UIS estimate) (%)",TGO,1999,0,NIL,
MOGER.5T8.40516.M,"Mobile outbound gross enrolment ratio, tertiary students studying in the Pacific, male (UIS estimate) (%)",TGO,2000,.0003999999898952,,
MOGER.5T8.40516.M,"Mobile outbound gross enrolment ratio, tertiary students studying in the Pacific, male (UIS estimate) (%)",TGO,2001,.0003900000010617,,UIS_EST
MOGER.5T8.40516.M,"Mobile outbound gross enrolment ratio, tertiary students studying in the Pacific, male (UIS estimate) (%)",TGO,2002,.0003800000122283,,
MOGER.5T8.40516.M,"Mobile outbound gross enrolment ratio, tertiary students studying in the Pacific, male (UIS estimate) (%)",TGO,2003,.0007500000065193,,
MOGER.5T8.40516.M,"Mobile outbound gross enrolment ratio, tertiary students studying in the Pacific, male (UIS estimate) (%)",TGO,2004,.0007300000288524,,
MOGER.5T8.40516.M,"Mobile outbound gross enrolment ratio, tertiary students studying in the Pacific, male (UIS estimate) (%)",TGO,2005,0,NIL,
MOGER.5T8.40516.M,"Mobile outbound gross enrolment ratio, tertiary students studying in the Pacific, male (UIS estimate) (%)",TGO,2006,.0010499999625608,,
MOGER.5T8.40516.M,"Mobile outbound gross enrolment ratio, tertiary students studying in the Pacific, male (UIS estimate) (%)",TGO,2007,.0006799999973737,,
MOGER.5T8.40516.M,"Mobile outbound gross enrolment ratio, tertiary students studying in the Pacific, male (UIS estimate) (%)",TGO,2008,.0009899999713525,,
MOGER.5T8.40516.M,"Mobile outbound gross enrolment ratio, tertiary students studying in the Pacific, male (UIS estimate) (%)",TGO,2009,.0006399999838322,,
MOGER.5T8.40516.M,"Mobile outbound gross enrolment ratio, tertiary students studying in the Pacific, male (UIS estimate) (%)",TGO,2010,.0003199999919161,,
MOGER.5T8.40516.M,"Mobile outbound gross enrolment ratio, tertiary students studying in the Pacific, male (UIS estimate) (%)",TGO,2011,0,NIL,
MOGER.5T8.40516.M,"Mobile outbound gross enrolment ratio, tertiary students studying in the Pacific, male (UIS estimate) (%)",TGO,2012,.0003000000142492,,UIS_EST
MOGER.5T8.40516.M,"Mobile outbound gross enrolment ratio, tertiary students studying in the Pacific, male (UIS estimate) (%)",TGO,2013,.0005900000105612,,
MOGER.5T8.40516.M,"Mobile outbound gross enrolment ratio, tertiary students studying in the Pacific, male (UIS estimate) (%)",TGO,2014,0,NIL,
MOGER.5T8.40516.M,"Mobile outbound gross enrolment ratio, tertiary students studying in the Pacific, male (UIS estimate) (%)",TGO,2015,0,NIL,
MOGER.5T8.40516.M,"Mobile outbound gross enrolment ratio, tertiary students studying in the Pacific, male (UIS estimate) (%)",TGO,2016,.0030799999367446,,
MOGER.5T8.40516.M,"Mobile outbound gross enrolment ratio, tertiary students studying in the Pacific, male (UIS estimate) (%)",TGO,2017,0,NIL,
MOGER.5T8.40516.M,"Mobile outbound gross enrolment ratio, tertiary students studying in the Pacific, male (UIS estimate) (%)",TGO,2018,0,NIL,
MOGER.5T8.40516.M,"Mobile outbound gross enrolment ratio, tertiary students studying in the Pacific, male (UIS estimate) (%)",TGO,2019,0,NIL,
MOGER.5T8.40516.M,"Mobile outbound gross enrolment ratio, tertiary students studying in the Pacific, male (UIS estimate) (%)",TGO,2020,0,NIL,
MOGER.5T8.40516.M,"Mobile outbound gross enrolment ratio, tertiary students studying in the Pacific, male (UIS estimate) (%)",TGO,2021,0,NIL,
MOGER.5T8.40516.M,"Mobile outbound gross enrolment ratio, tertiary students studying in the Pacific, male (UIS estimate) (%)",TGO,2022,0,NIL,
MOGER.5T8.40516.M,"Mobile outbound gross enrolment ratio, tertiary students studying in the Pacific, male (UIS estimate) (%)",TGO,2023,0,NIL,
MOGER.5T8.40517,"Mobile outbound gross enrolment ratio, tertiary students studying in East Asia, both sexes (UIS estimate) (%)",TGO,1997,0,NIL,UIS_EST
MOGER.5T8.40517,"Mobile outbound gross enrolment ratio, tertiary students studying in East Asia, both sexes (UIS estimate) (%)",TGO,1998,0,NIL,UIS_EST
MOGER.5T8.40517,"Mobile outbound gross enrolment ratio, tertiary students studying in East Asia, both sexes (UIS estimate) (%)",TGO,1999,0,NIL,UIS_EST
MOGER.5T8.40517,"Mobile outbound gross enrolment ratio, tertiary students studying in East Asia, both sexes (UIS estimate) (%)",TGO,2000,9.99999974738e-06,,UIS_EST
MOGER.5T8.40517,"Mobile outbound gross enrolment ratio, tertiary students studying in East Asia, both sexes (UIS estimate) (%)",TGO,2001,.0002200000017183,,UIS_EST
MOGER.5T8.40517,"Mobile outbound gross enrolment ratio, tertiary students studying in East Asia, both sexes (UIS estimate) (%)",TGO,2002,.0004199999966659,,UIS_EST
MOGER.5T8.40517,"Mobile outbound gross enrolment ratio, tertiary students studying in East Asia, both sexes (UIS estimate) (%)",TGO,2003,.0000499999987369,,UIS_EST
MOGER.5T8.40517,"Mobile outbound gross enrolment ratio, tertiary students studying in East Asia, both sexes (UIS estimate) (%)",TGO,2004,.0004299999854993,,UIS_EST
MOGER.5T8.40517,"Mobile outbound gross enrolment ratio, tertiary students studying in East Asia, both sexes (UIS estimate) (%)",TGO,2005,.0007999999797903,,UIS_EST
MOGER.5T8.40517,"Mobile outbound gross enrolment ratio, tertiary students studying in East Asia, both sexes (UIS estimate) (%)",TGO,2006,.0006200000061654,,UIS_EST
MOGER.5T8.40517,"Mobile outbound gross enrolment ratio, tertiary students studying in East Asia, both sexes (UIS estimate) (%)",TGO,2007,.0006099999882281,,UIS_EST
MOGER.5T8.40517,"Mobile outbound gross enrolment ratio, tertiary students studying in East Asia, both sexes (UIS estimate) (%)",TGO,2008,.0007800000021234,,UIS_EST
MOGER.5T8.40517,"Mobile outbound gross enrolment ratio, tertiary students studying in East Asia, both sexes (UIS estimate) (%)",TGO,2009,.0011699999449775,,UIS_EST
MOGER.5T8.40517,"Mobile outbound gross enrolment ratio, tertiary students studying in East Asia, both sexes (UIS estimate) (%)",TGO,2010,.0012300000526011,,UIS_EST
MOGER.5T8.40517,"Mobile outbound gross enrolment ratio, tertiary students studying in East Asia, both sexes (UIS estimate) (%)",TGO,2011,.0023699998855591,,UIS_EST
MOGER.5T8.40517,"Mobile outbound gross enrolment ratio, tertiary students studying in East Asia, both sexes (UIS estimate) (%)",TGO,2012,.003169999923557,,UIS_EST
MOGER.5T8.40517,"Mobile outbound gross enrolment ratio, tertiary students studying in East Asia, both sexes (UIS estimate) (%)",TGO,2013,.0023900000378489,,UIS_EST
MOGER.5T8.40517,"Mobile outbound gross enrolment ratio, tertiary students studying in East Asia, both sexes (UIS estimate) (%)",TGO,2014,.0019199999514967,,UIS_EST
MOGER.5T8.40517,"Mobile outbound gross enrolment ratio, tertiary students studying in East Asia, both sexes (UIS estimate) (%)",TGO,2015,.0027699999045581,,UIS_EST
MOGER.5T8.40517,"Mobile outbound gross enrolment ratio, tertiary students studying in East Asia, both sexes (UIS estimate) (%)",TGO,2016,.0027600000612438,,UIS_EST
MOGER.5T8.40517,"Mobile outbound gross enrolment ratio, tertiary students studying in East Asia, both sexes (UIS estimate) (%)",TGO,2017,.002610000083223,,UIS_EST
MOGER.5T8.40517,"Mobile outbound gross enrolment ratio, tertiary students studying in East Asia, both sexes (UIS estimate) (%)",TGO,2018,.0020600000862032,,UIS_EST
MOGER.5T8.40517.M,"Mobile outbound gross enrolment ratio, tertiary students studying in East Asia, male (UIS estimate) (%)",TGO,1970,0,NIL,
MOGER.5T8.40517.M,"Mobile outbound gross enrolment ratio, tertiary students studying in East Asia, male (UIS estimate) (%)",TGO,1971,0,NIL,
MOGER.5T8.40517.M,"Mobile outbound gross enrolment ratio, tertiary students studying in East Asia, male (UIS estimate) (%)",TGO,1972,0,NIL,
MOGER.5T8.40517.M,"Mobile outbound gross enrolment ratio, tertiary students studying in East Asia, male (UIS estimate) (%)",TGO,1973,0,NIL,
MOGER.5T8.40517.M,"Mobile outbound gross enrolment ratio, tertiary students studying in East Asia, male (UIS estimate) (%)",TGO,1974,0,NIL,
MOGER.5T8.40517.M,"Mobile outbound gross enrolment ratio, tertiary students studying in East Asia, male (UIS estimate) (%)",TGO,1975,0,NIL,
MOGER.5T8.40517.M,"Mobile outbound gross enrolment ratio, tertiary students studying in East Asia, male (UIS estimate) (%)",TGO,1976,0,NIL,
MOGER.5T8.40517.M,"Mobile outbound gross enrolment ratio, tertiary students studying in East Asia, male (UIS estimate) (%)",TGO,1977,0,NIL,
MOGER.5T8.40517.M,"Mobile outbound gross enrolment ratio, tertiary students studying in East Asia, male (UIS estimate) (%)",TGO,1978,0,NIL,
MOGER.5T8.40517.M,"Mobile outbound gross enrolment ratio, tertiary students studying in East Asia, male (UIS estimate) (%)",TGO,1979,0,NIL,
MOGER.5T8.40517.M,"Mobile outbound gross enrolment ratio, tertiary students studying in East Asia, male (UIS estimate) (%)",TGO,1980,0,NIL,
MOGER.5T8.40517.M,"Mobile outbound gross enrolment ratio, tertiary students studying in East Asia, male (UIS estimate) (%)",TGO,1981,0,NIL,
MOGER.5T8.40517.M,"Mobile outbound gross enrolment ratio, tertiary students studying in East Asia, male (UIS estimate) (%)",TGO,1982,0,NIL,
MOGER.5T8.40517.M,"Mobile outbound gross enrolment ratio, tertiary students studying in East Asia, male (UIS estimate) (%)",TGO,1983,0,NIL,
MOGER.5T8.40517.M,"Mobile outbound gross enrolment ratio, tertiary students studying in East Asia, male (UIS estimate) (%)",TGO,1984,0,NIL,
MOGER.5T8.40517.M,"Mobile outbound gross enrolment ratio, tertiary students studying in East Asia, male (UIS estimate) (%)",TGO,1985,0,NIL,
MOGER.5T8.40517.M,"Mobile outbound gross enrolment ratio, tertiary students studying in East Asia, male (UIS estimate) (%)",TGO,1986,0,NIL,
MOGER.5T8.40517.M,"Mobile outbound gross enrolment ratio, tertiary students studying in East Asia, male (UIS estimate) (%)",TGO,1987,0,NIL,
MOGER.5T8.40517.M,"Mobile outbound gross enrolment ratio, tertiary students studying in East Asia, male (UIS estimate) (%)",TGO,1988,0,NIL,
MOGER.5T8.40517.M,"Mobile outbound gross enrolment ratio, tertiary students studying in East Asia, male (UIS estimate) (%)",TGO,1989,0,NIL,
MOGER.5T8.40517.M,"Mobile outbound gross enrolment ratio, tertiary students studying in East Asia, male (UIS estimate) (%)",TGO,1990,0,NIL,
MOGER.5T8.40517.M,"Mobile outbound gross enrolment ratio, tertiary students studying in East Asia, male (UIS estimate) (%)",TGO,1991,0,NIL,
MOGER.5T8.40517.M,"Mobile outbound gross enrolment ratio, tertiary students studying in East Asia, male (UIS estimate) (%)",TGO,1992,0,NIL,
MOGER.5T8.40517.M,"Mobile outbound gross enrolment ratio, tertiary students studying in East Asia, male (UIS estimate) (%)",TGO,1993,0,NIL,
MOGER.5T8.40517.M,"Mobile outbound gross enrolment ratio, tertiary students studying in East Asia, male (UIS estimate) (%)",TGO,1994,0,NIL,
MOGER.5T8.40517.M,"Mobile outbound gross enrolment ratio, tertiary students studying in East Asia, male (UIS estimate) (%)",TGO,1995,0,NIL,
MOGER.5T8.40517.M,"Mobile outbound gross enrolment ratio, tertiary students studying in East Asia, male (UIS estimate) (%)",TGO,1996,0,NIL,
MOGER.5T8.40517.M,"Mobile outbound gross enrolment ratio, tertiary students studying in East Asia, male (UIS estimate) (%)",TGO,1997,0,NIL,UIS_EST
MOGER.5T8.40517.M,"Mobile outbound gross enrolment ratio, tertiary students studying in East Asia, male (UIS estimate) (%)",TGO,1998,0,NIL,UIS_EST
MOGER.5T8.40517.M,"Mobile outbound gross enrolment ratio, tertiary students studying in East Asia, male (UIS estimate) (%)",TGO,1999,0,NIL,UIS_EST
MOGER.5T8.40517.M,"Mobile outbound gross enrolment ratio, tertiary students studying in East Asia, male (UIS estimate) (%)",TGO,2000,.0000299999992421,,UIS_EST
MOGER.5T8.40517.M,"Mobile outbound gross enrolment ratio, tertiary students studying in East Asia, male (UIS estimate) (%)",TGO,2001,.00044999999227,,UIS_EST
MOGER.5T8.40517.M,"Mobile outbound gross enrolment ratio, tertiary students studying in East Asia, male (UIS estimate) (%)",TGO,2002,.0008399999933317,,UIS_EST
MOGER.5T8.40517.M,"Mobile outbound gross enrolment ratio, tertiary students studying in East Asia, male (UIS estimate) (%)",TGO,2003,.0001100000008591,,UIS_EST
MOGER.5T8.40517.M,"Mobile outbound gross enrolment ratio, tertiary students studying in East Asia, male (UIS estimate) (%)",TGO,2004,.0008599999709986,,UIS_EST
MOGER.5T8.40517.M,"Mobile outbound gross enrolment ratio, tertiary students studying in East Asia, male (UIS estimate) (%)",TGO,2005,.0015800000401214,,UIS_EST
MOGER.5T8.40517.M,"Mobile outbound gross enrolment ratio, tertiary students studying in East Asia, male (UIS estimate) (%)",TGO,2006,.0012199999764562,,UIS_EST
MOGER.5T8.40517.M,"Mobile outbound gross enrolment ratio, tertiary students studying in East Asia, male (UIS estimate) (%)",TGO,2007,.0012100000167266,,UIS_EST
MOGER.5T8.40517.M,"Mobile outbound gross enrolment ratio, tertiary students studying in East Asia, male (UIS estimate) (%)",TGO,2008,.0015399999683723,,UIS_EST
MOGER.5T8.40517.M,"Mobile outbound gross enrolment ratio, tertiary students studying in East Asia, male (UIS estimate) (%)",TGO,2009,.0023099998943508,,UIS_EST
MOGER.5T8.40517.M,"Mobile outbound gross enrolment ratio, tertiary students studying in East Asia, male (UIS estimate) (%)",TGO,2010,.002430000109598,,UIS_EST
MOGER.5T8.40517.M,"Mobile outbound gross enrolment ratio, tertiary students studying in East Asia, male (UIS estimate) (%)",TGO,2011,.0046999999321997,,UIS_EST
MOGER.5T8.40517.M,"Mobile outbound gross enrolment ratio, tertiary students studying in East Asia, male (UIS estimate) (%)",TGO,2012,.0062799998559058,,UIS_EST
MOGER.5T8.40517.M,"Mobile outbound gross enrolment ratio, tertiary students studying in East Asia, male (UIS estimate) (%)",TGO,2013,.0047300001606345,,UIS_EST
MOGER.5T8.40517.M,"Mobile outbound gross enrolment ratio, tertiary students studying in East Asia, male (UIS estimate) (%)",TGO,2014,.003800000064075,,UIS_EST
MOGER.5T8.40517.M,"Mobile outbound gross enrolment ratio, tertiary students studying in East Asia, male (UIS estimate) (%)",TGO,2015,.0054700002074242,,UIS_EST
MOGER.5T8.40517.M,"Mobile outbound gross enrolment ratio, tertiary students studying in East Asia, male (UIS estimate) (%)",TGO,2016,.0054600001312792,,UIS_EST
MOGER.5T8.40517.M,"Mobile outbound gross enrolment ratio, tertiary students studying in East Asia, male (UIS estimate) (%)",TGO,2017,.0051699997857213,,UIS_EST
MOGER.5T8.40517.M,"Mobile outbound gross enrolment ratio, tertiary students studying in East Asia, male (UIS estimate) (%)",TGO,2018,.0040699997916818,,UIS_EST
MOGER.5T8.40517.M,"Mobile outbound gross enrolment ratio, tertiary students studying in East Asia, male (UIS estimate) (%)",TGO,2019,0,NIL,
MOGER.5T8.40517.M,"Mobile outbound gross enrolment ratio, tertiary students studying in East Asia, male (UIS estimate) (%)",TGO,2020,0,NIL,
MOGER.5T8.40517.M,"Mobile outbound gross enrolment ratio, tertiary students studying in East Asia, male (UIS estimate) (%)",TGO,2021,0,NIL,
MOGER.5T8.40517.M,"Mobile outbound gross enrolment ratio, tertiary students studying in East Asia, male (UIS estimate) (%)",TGO,2022,0,NIL,
MOGER.5T8.40520,"Mobile outbound gross enrolment ratio, tertiary students studying in Latin America and the Caribbean, both sexes (UIS estimate) (%)",TGO,2000,0,NIL,UIS_EST
MOGER.5T8.40520,"Mobile outbound gross enrolment ratio, tertiary students studying in Latin America and the Caribbean, both sexes (UIS estimate) (%)",TGO,2001,0,NIL,UIS_EST
MOGER.5T8.40520,"Mobile outbound gross enrolment ratio, tertiary students studying in Latin America and the Caribbean, both sexes (UIS estimate) (%)",TGO,2002,.0005799999926239,,UIS_EST
MOGER.5T8.40520,"Mobile outbound gross enrolment ratio, tertiary students studying in Latin America and the Caribbean, both sexes (UIS estimate) (%)",TGO,2003,0,NIL,UIS_EST
MOGER.5T8.40520,"Mobile outbound gross enrolment ratio, tertiary students studying in Latin America and the Caribbean, both sexes (UIS estimate) (%)",TGO,2004,.0001800000027288,,UIS_EST
MOGER.5T8.40520,"Mobile outbound gross enrolment ratio, tertiary students studying in Latin America and the Caribbean, both sexes (UIS estimate) (%)",TGO,2005,.0003600000054576,,UIS_EST
MOGER.5T8.40520,"Mobile outbound gross enrolment ratio, tertiary students studying in Latin America and the Caribbean, both sexes (UIS estimate) (%)",TGO,2006,.0022899999748915,,UIS_EST
MOGER.5T8.40520,"Mobile outbound gross enrolment ratio, tertiary students studying in Latin America and the Caribbean, both sexes (UIS estimate) (%)",TGO,2007,.0017099999822676,,UIS_EST
MOGER.5T8.40520,"Mobile outbound gross enrolment ratio, tertiary students studying in Latin America and the Caribbean, both sexes (UIS estimate) (%)",TGO,2008,.0023399998899549,,UIS_EST
MOGER.5T8.40520,"Mobile outbound gross enrolment ratio, tertiary students studying in Latin America and the Caribbean, both sexes (UIS estimate) (%)",TGO,2009,.0031099999323487,,UIS_EST
MOGER.5T8.40520,"Mobile outbound gross enrolment ratio, tertiary students studying in Latin America and the Caribbean, both sexes (UIS estimate) (%)",TGO,2010,.0032200000714511,,UIS_EST
MOGER.5T8.40520,"Mobile outbound gross enrolment ratio, tertiary students studying in Latin America and the Caribbean, both sexes (UIS estimate) (%)",TGO,2011,.003169999923557,,UIS_EST
MOGER.5T8.40520,"Mobile outbound gross enrolment ratio, tertiary students studying in Latin America and the Caribbean, both sexes (UIS estimate) (%)",TGO,2012,.0026599999982864,,UIS_EST
MOGER.5T8.40520,"Mobile outbound gross enrolment ratio, tertiary students studying in Latin America and the Caribbean, both sexes (UIS estimate) (%)",TGO,2013,.003000000026077,,UIS_EST
MOGER.5T8.40520,"Mobile outbound gross enrolment ratio, tertiary students studying in Latin America and the Caribbean, both sexes (UIS estimate) (%)",TGO,2014,.00362000009045,,UIS_EST
MOGER.5T8.40520,"Mobile outbound gross enrolment ratio, tertiary students studying in Latin America and the Caribbean, both sexes (UIS estimate) (%)",TGO,2015,.0047200000844896,,UIS_EST
MOGER.5T8.40520,"Mobile outbound gross enrolment ratio, tertiary students studying in Latin America and the Caribbean, both sexes (UIS estimate) (%)",TGO,2016,.0054999999701977,,
MOGER.5T8.40520,"Mobile outbound gross enrolment ratio, tertiary students studying in Latin America and the Caribbean, both sexes (UIS estimate) (%)",TGO,2017,.0061099999584258,,
MOGER.5T8.40520,"Mobile outbound gross enrolment ratio, tertiary students studying in Latin America and the Caribbean, both sexes (UIS estimate) (%)",TGO,2018,.006800000090152,,
MOGER.5T8.40520,"Mobile outbound gross enrolment ratio, tertiary students studying in Latin America and the Caribbean, both sexes (UIS estimate) (%)",TGO,2019,.0066499998793006,,
MOGER.5T8.40520,"Mobile outbound gross enrolment ratio, tertiary students studying in Latin America and the Caribbean, both sexes (UIS estimate) (%)",TGO,2020,.0060899998061359,,
MOGER.5T8.40520,"Mobile outbound gross enrolment ratio, tertiary students studying in Latin America and the Caribbean, both sexes (UIS estimate) (%)",TGO,2021,.0055499998852611,,UIS_EST
MOGER.5T8.40520,"Mobile outbound gross enrolment ratio, tertiary students studying in Latin America and the Caribbean, both sexes (UIS estimate) (%)",TGO,2022,.0050800000317395,,
MOGER.5T8.40520,"Mobile outbound gross enrolment ratio, tertiary students studying in Latin America and the Caribbean, both sexes (UIS estimate) (%)",TGO,2023,.0045199999585748,,UIS_EST
MOGER.5T8.40520.F,"Mobile outbound gross enrolment ratio, tertiary students studying in Latin America and the Caribbean, female (UIS estimate) (%)",TGO,2013,.0017600000137463,,UIS_EST
MOGER.5T8.40520.F,"Mobile outbound gross enrolment ratio, tertiary students studying in Latin America and the Caribbean, female (UIS estimate) (%)",TGO,2014,.0022700000554323,,UIS_EST
MOGER.5T8.40520.F,"Mobile outbound gross enrolment ratio, tertiary students studying in Latin America and the Caribbean, female (UIS estimate) (%)",TGO,2015,.0034300000406802,,UIS_EST
MOGER.5T8.40520.F,"Mobile outbound gross enrolment ratio, tertiary students studying in Latin America and the Caribbean, female (UIS estimate) (%)",TGO,2016,.003969999961555,,
MOGER.5T8.40520.F,"Mobile outbound gross enrolment ratio, tertiary students studying in Latin America and the Caribbean, female (UIS estimate) (%)",TGO,2017,.0044900001958013,,
MOGER.5T8.40520.F,"Mobile outbound gross enrolment ratio, tertiary students studying in Latin America and the Caribbean, female (UIS estimate) (%)",TGO,2018,.0038499999791384,,
MOGER.5T8.40520.F,"Mobile outbound gross enrolment ratio, tertiary students studying in Latin America and the Caribbean, female (UIS estimate) (%)",TGO,2019,.0037700000684708,,
MOGER.5T8.40520.F,"Mobile outbound gross enrolment ratio, tertiary students studying in Latin America and the Caribbean, female (UIS estimate) (%)",TGO,2020,.0031500000040978,,
MOGER.5T8.40520.F,"Mobile outbound gross enrolment ratio, tertiary students studying in Latin America and the Caribbean, female (UIS estimate) (%)",TGO,2021,.0028099999763072,,
MOGER.5T8.40520.F,"Mobile outbound gross enrolment ratio, tertiary students studying in Latin America and the Caribbean, female (UIS estimate) (%)",TGO,2022,.0017399999778718,,
MOGER.5T8.40520.F,"Mobile outbound gross enrolment ratio, tertiary students studying in Latin America and the Caribbean, female (UIS estimate) (%)",TGO,2023,.0019300000276417,,UIS_EST
MOGER.5T8.40520.GPIA,"Mobile outbound gross enrolment ratio, tertiary students studying in Latin America and the Caribbean, adjusted gender parity index (GPIA) (UIS estimate)",TGO,2013,.4174199998378754,,UIS_EST
MOGER.5T8.40520.GPIA,"Mobile outbound gross enrolment ratio, tertiary students studying in Latin America and the Caribbean, adjusted gender parity index (GPIA) (UIS estimate)",TGO,2014,.4602999985218048,,UIS_EST
MOGER.5T8.40520.GPIA,"Mobile outbound gross enrolment ratio, tertiary students studying in Latin America and the Caribbean, adjusted gender parity index (GPIA) (UIS estimate)",TGO,2015,.5726199746131897,,UIS_EST
MOGER.5T8.40520.GPIA,"Mobile outbound gross enrolment ratio, tertiary students studying in Latin America and the Caribbean, adjusted gender parity index (GPIA) (UIS estimate)",TGO,2016,.5673499703407288,,
MOGER.5T8.40520.GPIA,"Mobile outbound gross enrolment ratio, tertiary students studying in Latin America and the Caribbean, adjusted gender parity index (GPIA) (UIS estimate)",TGO,2017,.5837000012397766,,
MOGER.5T8.40520.GPIA,"Mobile outbound gross enrolment ratio, tertiary students studying in Latin America and the Caribbean, adjusted gender parity index (GPIA) (UIS estimate)",TGO,2018,.3973299860954285,,
MOGER.5T8.40520.GPIA,"Mobile outbound gross enrolment ratio, tertiary students studying in Latin America and the Caribbean, adjusted gender parity index (GPIA) (UIS estimate)",TGO,2019,.397460013628006,,
MOGER.5T8.40520.GPIA,"Mobile outbound gross enrolment ratio, tertiary students studying in Latin America and the Caribbean, adjusted gender parity index (GPIA) (UIS estimate)",TGO,2020,.350600004196167,,
MOGER.5T8.40520.GPIA,"Mobile outbound gross enrolment ratio, tertiary students studying in Latin America and the Caribbean, adjusted gender parity index (GPIA) (UIS estimate)",TGO,2021,.3410899937152863,,UIS_EST
MOGER.5T8.40520.GPIA,"Mobile outbound gross enrolment ratio, tertiary students studying in Latin America and the Caribbean, adjusted gender parity index (GPIA) (UIS estimate)",TGO,2022,.2084400057792664,,
MOGER.5T8.40520.GPIA,"Mobile outbound gross enrolment ratio, tertiary students studying in Latin America and the Caribbean, adjusted gender parity index (GPIA) (UIS estimate)",TGO,2023,.2732900083065033,,UIS_EST
MOGER.5T8.40520.M,"Mobile outbound gross enrolment ratio, tertiary students studying in Latin America and the Caribbean, male (UIS estimate) (%)",TGO,1970,0,NIL,
MOGER.5T8.40520.M,"Mobile outbound gross enrolment ratio, tertiary students studying in Latin America and the Caribbean, male (UIS estimate) (%)",TGO,1971,0,NIL,
MOGER.5T8.40520.M,"Mobile outbound gross enrolment ratio, tertiary students studying in Latin America and the Caribbean, male (UIS estimate) (%)",TGO,1972,0,NIL,
MOGER.5T8.40520.M,"Mobile outbound gross enrolment ratio, tertiary students studying in Latin America and the Caribbean, male (UIS estimate) (%)",TGO,1973,0,NIL,
MOGER.5T8.40520.M,"Mobile outbound gross enrolment ratio, tertiary students studying in Latin America and the Caribbean, male (UIS estimate) (%)",TGO,1974,0,NIL,
MOGER.5T8.40520.M,"Mobile outbound gross enrolment ratio, tertiary students studying in Latin America and the Caribbean, male (UIS estimate) (%)",TGO,1975,0,NIL,
MOGER.5T8.40520.M,"Mobile outbound gross enrolment ratio, tertiary students studying in Latin America and the Caribbean, male (UIS estimate) (%)",TGO,1976,0,NIL,
MOGER.5T8.40520.M,"Mobile outbound gross enrolment ratio, tertiary students studying in Latin America and the Caribbean, male (UIS estimate) (%)",TGO,1977,0,NIL,
MOGER.5T8.40520.M,"Mobile outbound gross enrolment ratio, tertiary students studying in Latin America and the Caribbean, male (UIS estimate) (%)",TGO,1978,0,NIL,
MOGER.5T8.40520.M,"Mobile outbound gross enrolment ratio, tertiary students studying in Latin America and the Caribbean, male (UIS estimate) (%)",TGO,1979,0,NIL,
MOGER.5T8.40520.M,"Mobile outbound gross enrolment ratio, tertiary students studying in Latin America and the Caribbean, male (UIS estimate) (%)",TGO,1980,0,NIL,
MOGER.5T8.40520.M,"Mobile outbound gross enrolment ratio, tertiary students studying in Latin America and the Caribbean, male (UIS estimate) (%)",TGO,1981,0,NIL,
MOGER.5T8.40520.M,"Mobile outbound gross enrolment ratio, tertiary students studying in Latin America and the Caribbean, male (UIS estimate) (%)",TGO,1982,0,NIL,
MOGER.5T8.40520.M,"Mobile outbound gross enrolment ratio, tertiary students studying in Latin America and the Caribbean, male (UIS estimate) (%)",TGO,1983,0,NIL,
MOGER.5T8.40520.M,"Mobile outbound gross enrolment ratio, tertiary students studying in Latin America and the Caribbean, male (UIS estimate) (%)",TGO,1984,0,NIL,
MOGER.5T8.40520.M,"Mobile outbound gross enrolment ratio, tertiary students studying in Latin America and the Caribbean, male (UIS estimate) (%)",TGO,1985,0,NIL,
MOGER.5T8.40520.M,"Mobile outbound gross enrolment ratio, tertiary students studying in Latin America and the Caribbean, male (UIS estimate) (%)",TGO,1986,0,NIL,
MOGER.5T8.40520.M,"Mobile outbound gross enrolment ratio, tertiary students studying in Latin America and the Caribbean, male (UIS estimate) (%)",TGO,1987,0,NIL,
MOGER.5T8.40520.M,"Mobile outbound gross enrolment ratio, tertiary students studying in Latin America and the Caribbean, male (UIS estimate) (%)",TGO,1988,0,NIL,
MOGER.5T8.40520.M,"Mobile outbound gross enrolment ratio, tertiary students studying in Latin America and the Caribbean, male (UIS estimate) (%)",TGO,1989,0,NIL,
MOGER.5T8.40520.M,"Mobile outbound gross enrolment ratio, tertiary students studying in Latin America and the Caribbean, male (UIS estimate) (%)",TGO,1990,0,NIL,
MOGER.5T8.40520.M,"Mobile outbound gross enrolment ratio, tertiary students studying in Latin America and the Caribbean, male (UIS estimate) (%)",TGO,1991,0,NIL,
MOGER.5T8.40520.M,"Mobile outbound gross enrolment ratio, tertiary students studying in Latin America and the Caribbean, male (UIS estimate) (%)",TGO,1992,0,NIL,
MOGER.5T8.40520.M,"Mobile outbound gross enrolment ratio, tertiary students studying in Latin America and the Caribbean, male (UIS estimate) (%)",TGO,1993,0,NIL,
MOGER.5T8.40520.M,"Mobile outbound gross enrolment ratio, tertiary students studying in Latin America and the Caribbean, male (UIS estimate) (%)",TGO,1994,0,NIL,
MOGER.5T8.40520.M,"Mobile outbound gross enrolment ratio, tertiary students studying in Latin America and the Caribbean, male (UIS estimate) (%)",TGO,1995,0,NIL,
MOGER.5T8.40520.M,"Mobile outbound gross enrolment ratio, tertiary students studying in Latin America and the Caribbean, male (UIS estimate) (%)",TGO,1996,0,NIL,
MOGER.5T8.40520.M,"Mobile outbound gross enrolment ratio, tertiary students studying in Latin America and the Caribbean, male (UIS estimate) (%)",TGO,1997,0,NIL,
MOGER.5T8.40520.M,"Mobile outbound gross enrolment ratio, tertiary students studying in Latin America and the Caribbean, male (UIS estimate) (%)",TGO,1998,0,NIL,
MOGER.5T8.40520.M,"Mobile outbound gross enrolment ratio, tertiary students studying in Latin America and the Caribbean, male (UIS estimate) (%)",TGO,1999,0,NIL,
MOGER.5T8.40520.M,"Mobile outbound gross enrolment ratio, tertiary students studying in Latin America and the Caribbean, male (UIS estimate) (%)",TGO,2000,0,NIL,UIS_EST
MOGER.5T8.40520.M,"Mobile outbound gross enrolment ratio, tertiary students studying in Latin America and the Caribbean, male (UIS estimate) (%)",TGO,2001,0,NIL,UIS_EST
MOGER.5T8.40520.M,"Mobile outbound gross enrolment ratio, tertiary students studying in Latin America and the Caribbean, male (UIS estimate) (%)",TGO,2002,.0011399999493733,,UIS_EST
MOGER.5T8.40520.M,"Mobile outbound gross enrolment ratio, tertiary students studying in Latin America and the Caribbean, male (UIS estimate) (%)",TGO,2003,0,NIL,UIS_EST
MOGER.5T8.40520.M,"Mobile outbound gross enrolment ratio, tertiary students studying in Latin America and the Caribbean, male (UIS estimate) (%)",TGO,2004,.000369999994291,,UIS_EST
MOGER.5T8.40520.M,"Mobile outbound gross enrolment ratio, tertiary students studying in Latin America and the Caribbean, male (UIS estimate) (%)",TGO,2005,.0007099999929778,,UIS_EST
MOGER.5T8.40520.M,"Mobile outbound gross enrolment ratio, tertiary students studying in Latin America and the Caribbean, male (UIS estimate) (%)",TGO,2006,.0045500001870096,,UIS_EST
MOGER.5T8.40520.M,"Mobile outbound gross enrolment ratio, tertiary students studying in Latin America and the Caribbean, male (UIS estimate) (%)",TGO,2007,.0033899999689311,,UIS_EST
MOGER.5T8.40520.M,"Mobile outbound gross enrolment ratio, tertiary students studying in Latin America and the Caribbean, male (UIS estimate) (%)",TGO,2008,.0046399999409914,,UIS_EST
MOGER.5T8.40520.M,"Mobile outbound gross enrolment ratio, tertiary students studying in Latin America and the Caribbean, male (UIS estimate) (%)",TGO,2009,.0061599998734891,,UIS_EST
MOGER.5T8.40520.M,"Mobile outbound gross enrolment ratio, tertiary students studying in Latin America and the Caribbean, male (UIS estimate) (%)",TGO,2010,.0063800001516938,,UIS_EST
MOGER.5T8.40520.M,"Mobile outbound gross enrolment ratio, tertiary students studying in Latin America and the Caribbean, male (UIS estimate) (%)",TGO,2011,.0062799998559058,,UIS_EST
MOGER.5T8.40520.M,"Mobile outbound gross enrolment ratio, tertiary students studying in Latin America and the Caribbean, male (UIS estimate) (%)",TGO,2012,.0052800001576543,,UIS_EST
MOGER.5T8.40520.M,"Mobile outbound gross enrolment ratio, tertiary students studying in Latin America and the Caribbean, male (UIS estimate) (%)",TGO,2013,.0042200000025332,,UIS_EST
MOGER.5T8.40520.M,"Mobile outbound gross enrolment ratio, tertiary students studying in Latin America and the Caribbean, male (UIS estimate) (%)",TGO,2014,.004939999897033,,UIS_EST
MOGER.5T8.40520.M,"Mobile outbound gross enrolment ratio, tertiary students studying in Latin America and the Caribbean, male (UIS estimate) (%)",TGO,2015,.0059899999760091,,UIS_EST
MOGER.5T8.40520.M,"Mobile outbound gross enrolment ratio, tertiary students studying in Latin America and the Caribbean, male (UIS estimate) (%)",TGO,2016,.0070000002160668,,
MOGER.5T8.40520.M,"Mobile outbound gross enrolment ratio, tertiary students studying in Latin America and the Caribbean, male (UIS estimate) (%)",TGO,2017,.0076999999582767,,
MOGER.5T8.40520.M,"Mobile outbound gross enrolment ratio, tertiary students studying in Latin America and the Caribbean, male (UIS estimate) (%)",TGO,2018,.0096899997442961,,
MOGER.5T8.40520.M,"Mobile outbound gross enrolment ratio, tertiary students studying in Latin America and the Caribbean, male (UIS estimate) (%)",TGO,2019,.0094699999317527,,
MOGER.5T8.40520.M,"Mobile outbound gross enrolment ratio, tertiary students studying in Latin America and the Caribbean, male (UIS estimate) (%)",TGO,2020,.0089699998497963,,
MOGER.5T8.40520.M,"Mobile outbound gross enrolment ratio, tertiary students studying in Latin America and the Caribbean, male (UIS estimate) (%)",TGO,2021,.008220000192523,,UIS_EST
MOGER.5T8.40520.M,"Mobile outbound gross enrolment ratio, tertiary students studying in Latin America and the Caribbean, male (UIS estimate) (%)",TGO,2022,.0083400001749396,,
MOGER.5T8.40520.M,"Mobile outbound gross enrolment ratio, tertiary students studying in Latin America and the Caribbean, male (UIS estimate) (%)",TGO,2023,.0070500001311302,,UIS_EST
MOGER.5T8.40521.M,"Mobile outbound gross enrolment ratio, tertiary students studying in the Caribbean, male (UIS estimate) (%)",TGO,1970,0,NIL,
MOGER.5T8.40521.M,"Mobile outbound gross enrolment ratio, tertiary students studying in the Caribbean, male (UIS estimate) (%)",TGO,1971,0,NIL,
MOGER.5T8.40521.M,"Mobile outbound gross enrolment ratio, tertiary students studying in the Caribbean, male (UIS estimate) (%)",TGO,1972,0,NIL,
MOGER.5T8.40521.M,"Mobile outbound gross enrolment ratio, tertiary students studying in the Caribbean, male (UIS estimate) (%)",TGO,1973,0,NIL,
MOGER.5T8.40521.M,"Mobile outbound gross enrolment ratio, tertiary students studying in the Caribbean, male (UIS estimate) (%)",TGO,1974,0,NIL,
MOGER.5T8.40521.M,"Mobile outbound gross enrolment ratio, tertiary students studying in the Caribbean, male (UIS estimate) (%)",TGO,1975,0,NIL,
MOGER.5T8.40521.M,"Mobile outbound gross enrolment ratio, tertiary students studying in the Caribbean, male (UIS estimate) (%)",TGO,1976,0,NIL,
MOGER.5T8.40521.M,"Mobile outbound gross enrolment ratio, tertiary students studying in the Caribbean, male (UIS estimate) (%)",TGO,1977,0,NIL,
MOGER.5T8.40521.M,"Mobile outbound gross enrolment ratio, tertiary students studying in the Caribbean, male (UIS estimate) (%)",TGO,1978,0,NIL,
MOGER.5T8.40521.M,"Mobile outbound gross enrolment ratio, tertiary students studying in the Caribbean, male (UIS estimate) (%)",TGO,1979,0,NIL,
MOGER.5T8.40521.M,"Mobile outbound gross enrolment ratio, tertiary students studying in the Caribbean, male (UIS estimate) (%)",TGO,1980,0,NIL,
MOGER.5T8.40521.M,"Mobile outbound gross enrolment ratio, tertiary students studying in the Caribbean, male (UIS estimate) (%)",TGO,1981,0,NIL,
MOGER.5T8.40521.M,"Mobile outbound gross enrolment ratio, tertiary students studying in the Caribbean, male (UIS estimate) (%)",TGO,1982,0,NIL,
MOGER.5T8.40521.M,"Mobile outbound gross enrolment ratio, tertiary students studying in the Caribbean, male (UIS estimate) (%)",TGO,1983,0,NIL,
MOGER.5T8.40521.M,"Mobile outbound gross enrolment ratio, tertiary students studying in the Caribbean, male (UIS estimate) (%)",TGO,1984,0,NIL,
MOGER.5T8.40521.M,"Mobile outbound gross enrolment ratio, tertiary students studying in the Caribbean, male (UIS estimate) (%)",TGO,1985,0,NIL,
MOGER.5T8.40521.M,"Mobile outbound gross enrolment ratio, tertiary students studying in the Caribbean, male (UIS estimate) (%)",TGO,1986,0,NIL,
MOGER.5T8.40521.M,"Mobile outbound gross enrolment ratio, tertiary students studying in the Caribbean, male (UIS estimate) (%)",TGO,1987,0,NIL,
MOGER.5T8.40521.M,"Mobile outbound gross enrolment ratio, tertiary students studying in the Caribbean, male (UIS estimate) (%)",TGO,1988,0,NIL,
MOGER.5T8.40521.M,"Mobile outbound gross enrolment ratio, tertiary students studying in the Caribbean, male (UIS estimate) (%)",TGO,1989,0,NIL,
MOGER.5T8.40521.M,"Mobile outbound gross enrolment ratio, tertiary students studying in the Caribbean, male (UIS estimate) (%)",TGO,1990,0,NIL,
MOGER.5T8.40521.M,"Mobile outbound gross enrolment ratio, tertiary students studying in the Caribbean, male (UIS estimate) (%)",TGO,1991,0,NIL,
MOGER.5T8.40521.M,"Mobile outbound gross enrolment ratio, tertiary students studying in the Caribbean, male (UIS estimate) (%)",TGO,1992,0,NIL,
MOGER.5T8.40521.M,"Mobile outbound gross enrolment ratio, tertiary students studying in the Caribbean, male (UIS estimate) (%)",TGO,1993,0,NIL,
MOGER.5T8.40521.M,"Mobile outbound gross enrolment ratio, tertiary students studying in the Caribbean, male (UIS estimate) (%)",TGO,1994,0,NIL,
MOGER.5T8.40521.M,"Mobile outbound gross enrolment ratio, tertiary students studying in the Caribbean, male (UIS estimate) (%)",TGO,1995,0,NIL,
MOGER.5T8.40521.M,"Mobile outbound gross enrolment ratio, tertiary students studying in the Caribbean, male (UIS estimate) (%)",TGO,1996,0,NIL,
MOGER.5T8.40521.M,"Mobile outbound gross enrolment ratio, tertiary students studying in the Caribbean, male (UIS estimate) (%)",TGO,1997,0,NIL,
MOGER.5T8.40521.M,"Mobile outbound gross enrolment ratio, tertiary students studying in the Caribbean, male (UIS estimate) (%)",TGO,1998,0,NIL,
MOGER.5T8.40521.M,"Mobile outbound gross enrolment ratio, tertiary students studying in the Caribbean, male (UIS estimate) (%)",TGO,1999,0,NIL,
MOGER.5T8.40521.M,"Mobile outbound gross enrolment ratio, tertiary students studying in the Caribbean, male (UIS estimate) (%)",TGO,2000,0,NIL,
MOGER.5T8.40521.M,"Mobile outbound gross enrolment ratio, tertiary students studying in the Caribbean, male (UIS estimate) (%)",TGO,2001,0,NIL,
MOGER.5T8.40521.M,"Mobile outbound gross enrolment ratio, tertiary students studying in the Caribbean, male (UIS estimate) (%)",TGO,2002,0,NIL,
MOGER.5T8.40521.M,"Mobile outbound gross enrolment ratio, tertiary students studying in the Caribbean, male (UIS estimate) (%)",TGO,2003,0,NIL,
MOGER.5T8.40521.M,"Mobile outbound gross enrolment ratio, tertiary students studying in the Caribbean, male (UIS estimate) (%)",TGO,2004,0,NIL,
MOGER.5T8.40521.M,"Mobile outbound gross enrolment ratio, tertiary students studying in the Caribbean, male (UIS estimate) (%)",TGO,2005,0,NIL,
MOGER.5T8.40521.M,"Mobile outbound gross enrolment ratio, tertiary students studying in the Caribbean, male (UIS estimate) (%)",TGO,2006,0,NIL,
MOGER.5T8.40521.M,"Mobile outbound gross enrolment ratio, tertiary students studying in the Caribbean, male (UIS estimate) (%)",TGO,2007,0,NIL,
MOGER.5T8.40521.M,"Mobile outbound gross enrolment ratio, tertiary students studying in the Caribbean, male (UIS estimate) (%)",TGO,2008,0,NIL,
MOGER.5T8.40521.M,"Mobile outbound gross enrolment ratio, tertiary students studying in the Caribbean, male (UIS estimate) (%)",TGO,2009,0,NIL,
MOGER.5T8.40521.M,"Mobile outbound gross enrolment ratio, tertiary students studying in the Caribbean, male (UIS estimate) (%)",TGO,2010,0,NIL,
MOGER.5T8.40521.M,"Mobile outbound gross enrolment ratio, tertiary students studying in the Caribbean, male (UIS estimate) (%)",TGO,2011,0,NIL,
MOGER.5T8.40521.M,"Mobile outbound gross enrolment ratio, tertiary students studying in the Caribbean, male (UIS estimate) (%)",TGO,2012,0,NIL,
MOGER.5T8.40521.M,"Mobile outbound gross enrolment ratio, tertiary students studying in the Caribbean, male (UIS estimate) (%)",TGO,2013,0,NIL,
MOGER.5T8.40521.M,"Mobile outbound gross enrolment ratio, tertiary students studying in the Caribbean, male (UIS estimate) (%)",TGO,2014,0,NIL,
MOGER.5T8.40521.M,"Mobile outbound gross enrolment ratio, tertiary students studying in the Caribbean, male (UIS estimate) (%)",TGO,2015,0,NIL,
MOGER.5T8.40521.M,"Mobile outbound gross enrolment ratio, tertiary students studying in the Caribbean, male (UIS estimate) (%)",TGO,2016,0,NIL,
MOGER.5T8.40521.M,"Mobile outbound gross enrolment ratio, tertiary students studying in the Caribbean, male (UIS estimate) (%)",TGO,2017,0,NIL,
MOGER.5T8.40521.M,"Mobile outbound gross enrolment ratio, tertiary students studying in the Caribbean, male (UIS estimate) (%)",TGO,2018,0,NIL,
MOGER.5T8.40521.M,"Mobile outbound gross enrolment ratio, tertiary students studying in the Caribbean, male (UIS estimate) (%)",TGO,2019,0,NIL,
MOGER.5T8.40521.M,"Mobile outbound gross enrolment ratio, tertiary students studying in the Caribbean, male (UIS estimate) (%)",TGO,2020,0,NIL,
MOGER.5T8.40521.M,"Mobile outbound gross enrolment ratio, tertiary students studying in the Caribbean, male (UIS estimate) (%)",TGO,2021,0,NIL,
MOGER.5T8.40521.M,"Mobile outbound gross enrolment ratio, tertiary students studying in the Caribbean, male (UIS estimate) (%)",TGO,2022,0,NIL,
MOGER.5T8.40522,"Mobile outbound gross enrolment ratio, tertiary students studying in Latin America, both sexes (UIS estimate) (%)",TGO,2000,0,NIL,UIS_EST
MOGER.5T8.40522,"Mobile outbound gross enrolment ratio, tertiary students studying in Latin America, both sexes (UIS estimate) (%)",TGO,2001,0,NIL,UIS_EST
MOGER.5T8.40522,"Mobile outbound gross enrolment ratio, tertiary students studying in Latin America, both sexes (UIS estimate) (%)",TGO,2002,.0005799999926239,,UIS_EST
MOGER.5T8.40522,"Mobile outbound gross enrolment ratio, tertiary students studying in Latin America, both sexes (UIS estimate) (%)",TGO,2003,0,NIL,UIS_EST
MOGER.5T8.40522,"Mobile outbound gross enrolment ratio, tertiary students studying in Latin America, both sexes (UIS estimate) (%)",TGO,2004,.0001800000027288,,UIS_EST
MOGER.5T8.40522,"Mobile outbound gross enrolment ratio, tertiary students studying in Latin America, both sexes (UIS estimate) (%)",TGO,2005,.0003600000054576,,UIS_EST
MOGER.5T8.40522,"Mobile outbound gross enrolment ratio, tertiary students studying in Latin America, both sexes (UIS estimate) (%)",TGO,2006,.0022899999748915,,UIS_EST
MOGER.5T8.40522,"Mobile outbound gross enrolment ratio, tertiary students studying in Latin America, both sexes (UIS estimate) (%)",TGO,2007,.0017099999822676,,UIS_EST
MOGER.5T8.40522,"Mobile outbound gross enrolment ratio, tertiary students studying in Latin America, both sexes (UIS estimate) (%)",TGO,2008,.0023399998899549,,UIS_EST
MOGER.5T8.40522,"Mobile outbound gross enrolment ratio, tertiary students studying in Latin America, both sexes (UIS estimate) (%)",TGO,2009,.0031099999323487,,UIS_EST
MOGER.5T8.40522,"Mobile outbound gross enrolment ratio, tertiary students studying in Latin America, both sexes (UIS estimate) (%)",TGO,2010,.0032200000714511,,UIS_EST
MOGER.5T8.40522,"Mobile outbound gross enrolment ratio, tertiary students studying in Latin America, both sexes (UIS estimate) (%)",TGO,2011,.003169999923557,,UIS_EST
MOGER.5T8.40522,"Mobile outbound gross enrolment ratio, tertiary students studying in Latin America, both sexes (UIS estimate) (%)",TGO,2012,.0026599999982864,,UIS_EST
MOGER.5T8.40522,"Mobile outbound gross enrolment ratio, tertiary students studying in Latin America, both sexes (UIS estimate) (%)",TGO,2013,.003000000026077,,UIS_EST
MOGER.5T8.40522,"Mobile outbound gross enrolment ratio, tertiary students studying in Latin America, both sexes (UIS estimate) (%)",TGO,2014,.00362000009045,,UIS_EST
MOGER.5T8.40522,"Mobile outbound gross enrolment ratio, tertiary students studying in Latin America, both sexes (UIS estimate) (%)",TGO,2015,.0047200000844896,,UIS_EST
MOGER.5T8.40522,"Mobile outbound gross enrolment ratio, tertiary students studying in Latin America, both sexes (UIS estimate) (%)",TGO,2016,.0054999999701977,,
MOGER.5T8.40522,"Mobile outbound gross enrolment ratio, tertiary students studying in Latin America, both sexes (UIS estimate) (%)",TGO,2017,.0061099999584258,,
MOGER.5T8.40522,"Mobile outbound gross enrolment ratio, tertiary students studying in Latin America, both sexes (UIS estimate) (%)",TGO,2018,.006529999896884,,
MOGER.5T8.40522,"Mobile outbound gross enrolment ratio, tertiary students studying in Latin America, both sexes (UIS estimate) (%)",TGO,2019,.0063800001516938,,
MOGER.5T8.40522,"Mobile outbound gross enrolment ratio, tertiary students studying in Latin America, both sexes (UIS estimate) (%)",TGO,2020,.0058300001546741,,
MOGER.5T8.40522,"Mobile outbound gross enrolment ratio, tertiary students studying in Latin America, both sexes (UIS estimate) (%)",TGO,2021,.0052899997681379,,
MOGER.5T8.40522,"Mobile outbound gross enrolment ratio, tertiary students studying in Latin America, both sexes (UIS estimate) (%)",TGO,2022,.0048400000669062,,
MOGER.5T8.40522,"Mobile outbound gross enrolment ratio, tertiary students studying in Latin America, both sexes (UIS estimate) (%)",TGO,2023,.0042799999937415,,UIS_EST
MOGER.5T8.40522.F,"Mobile outbound gross enrolment ratio, tertiary students studying in Latin America, female (UIS estimate) (%)",TGO,2013,.0017600000137463,,UIS_EST
MOGER.5T8.40522.F,"Mobile outbound gross enrolment ratio, tertiary students studying in Latin America, female (UIS estimate) (%)",TGO,2014,.0022700000554323,,UIS_EST
MOGER.5T8.40522.F,"Mobile outbound gross enrolment ratio, tertiary students studying in Latin America, female (UIS estimate) (%)",TGO,2015,.0034300000406802,,UIS_EST
MOGER.5T8.40522.F,"Mobile outbound gross enrolment ratio, tertiary students studying in Latin America, female (UIS estimate) (%)",TGO,2016,.003969999961555,,
MOGER.5T8.40522.F,"Mobile outbound gross enrolment ratio, tertiary students studying in Latin America, female (UIS estimate) (%)",TGO,2017,.0044900001958013,,
MOGER.5T8.40522.F,"Mobile outbound gross enrolment ratio, tertiary students studying in Latin America, female (UIS estimate) (%)",TGO,2018,.0038499999791384,,
MOGER.5T8.40522.F,"Mobile outbound gross enrolment ratio, tertiary students studying in Latin America, female (UIS estimate) (%)",TGO,2019,.0037700000684708,,
MOGER.5T8.40522.F,"Mobile outbound gross enrolment ratio, tertiary students studying in Latin America, female (UIS estimate) (%)",TGO,2020,.0031500000040978,,
MOGER.5T8.40522.F,"Mobile outbound gross enrolment ratio, tertiary students studying in Latin America, female (UIS estimate) (%)",TGO,2021,.0028099999763072,,
MOGER.5T8.40522.F,"Mobile outbound gross enrolment ratio, tertiary students studying in Latin America, female (UIS estimate) (%)",TGO,2022,.0017399999778718,,
MOGER.5T8.40522.F,"Mobile outbound gross enrolment ratio, tertiary students studying in Latin America, female (UIS estimate) (%)",TGO,2023,.0019300000276417,,UIS_EST
MOGER.5T8.40522.GPIA,"Mobile outbound gross enrolment ratio, tertiary students studying in Latin America, adjusted gender parity index (GPIA) (UIS estimate)",TGO,2013,.4174199998378754,,UIS_EST
MOGER.5T8.40522.GPIA,"Mobile outbound gross enrolment ratio, tertiary students studying in Latin America, adjusted gender parity index (GPIA) (UIS estimate)",TGO,2014,.4602999985218048,,UIS_EST
MOGER.5T8.40522.GPIA,"Mobile outbound gross enrolment ratio, tertiary students studying in Latin America, adjusted gender parity index (GPIA) (UIS estimate)",TGO,2015,.5726199746131897,,UIS_EST
MOGER.5T8.40522.GPIA,"Mobile outbound gross enrolment ratio, tertiary students studying in Latin America, adjusted gender parity index (GPIA) (UIS estimate)",TGO,2016,.5673499703407288,,
MOGER.5T8.40522.GPIA,"Mobile outbound gross enrolment ratio, tertiary students studying in Latin America, adjusted gender parity index (GPIA) (UIS estimate)",TGO,2017,.5837000012397766,,
MOGER.5T8.40522.GPIA,"Mobile outbound gross enrolment ratio, tertiary students studying in Latin America, adjusted gender parity index (GPIA) (UIS estimate)",TGO,2018,.4207000136375427,,
MOGER.5T8.40522.GPIA,"Mobile outbound gross enrolment ratio, tertiary students studying in Latin America, adjusted gender parity index (GPIA) (UIS estimate)",TGO,2019,.4208399951457977,,
MOGER.5T8.40522.GPIA,"Mobile outbound gross enrolment ratio, tertiary students studying in Latin America, adjusted gender parity index (GPIA) (UIS estimate)",TGO,2020,.3718500137329102,,
MOGER.5T8.40522.GPIA,"Mobile outbound gross enrolment ratio, tertiary students studying in Latin America, adjusted gender parity index (GPIA) (UIS estimate)",TGO,2021,.363099992275238,,
MOGER.5T8.40522.GPIA,"Mobile outbound gross enrolment ratio, tertiary students studying in Latin America, adjusted gender parity index (GPIA) (UIS estimate)",TGO,2022,.2212699949741364,,
MOGER.5T8.40522.GPIA,"Mobile outbound gross enrolment ratio, tertiary students studying in Latin America, adjusted gender parity index (GPIA) (UIS estimate)",TGO,2023,.2928099930286407,,UIS_EST
MOGER.5T8.40522.M,"Mobile outbound gross enrolment ratio, tertiary students studying in Latin America, male (UIS estimate) (%)",TGO,1970,0,NIL,
MOGER.5T8.40522.M,"Mobile outbound gross enrolment ratio, tertiary students studying in Latin America, male (UIS estimate) (%)",TGO,1971,0,NIL,
MOGER.5T8.40522.M,"Mobile outbound gross enrolment ratio, tertiary students studying in Latin America, male (UIS estimate) (%)",TGO,1972,0,NIL,
MOGER.5T8.40522.M,"Mobile outbound gross enrolment ratio, tertiary students studying in Latin America, male (UIS estimate) (%)",TGO,1973,0,NIL,
MOGER.5T8.40522.M,"Mobile outbound gross enrolment ratio, tertiary students studying in Latin America, male (UIS estimate) (%)",TGO,1974,0,NIL,
MOGER.5T8.40522.M,"Mobile outbound gross enrolment ratio, tertiary students studying in Latin America, male (UIS estimate) (%)",TGO,1975,0,NIL,
MOGER.5T8.40522.M,"Mobile outbound gross enrolment ratio, tertiary students studying in Latin America, male (UIS estimate) (%)",TGO,1976,0,NIL,
MOGER.5T8.40522.M,"Mobile outbound gross enrolment ratio, tertiary students studying in Latin America, male (UIS estimate) (%)",TGO,1977,0,NIL,
MOGER.5T8.40522.M,"Mobile outbound gross enrolment ratio, tertiary students studying in Latin America, male (UIS estimate) (%)",TGO,1978,0,NIL,
MOGER.5T8.40522.M,"Mobile outbound gross enrolment ratio, tertiary students studying in Latin America, male (UIS estimate) (%)",TGO,1979,0,NIL,
MOGER.5T8.40522.M,"Mobile outbound gross enrolment ratio, tertiary students studying in Latin America, male (UIS estimate) (%)",TGO,1980,0,NIL,
MOGER.5T8.40522.M,"Mobile outbound gross enrolment ratio, tertiary students studying in Latin America, male (UIS estimate) (%)",TGO,1981,0,NIL,
MOGER.5T8.40522.M,"Mobile outbound gross enrolment ratio, tertiary students studying in Latin America, male (UIS estimate) (%)",TGO,1982,0,NIL,
MOGER.5T8.40522.M,"Mobile outbound gross enrolment ratio, tertiary students studying in Latin America, male (UIS estimate) (%)",TGO,1983,0,NIL,
MOGER.5T8.40522.M,"Mobile outbound gross enrolment ratio, tertiary students studying in Latin America, male (UIS estimate) (%)",TGO,1984,0,NIL,
MOGER.5T8.40522.M,"Mobile outbound gross enrolment ratio, tertiary students studying in Latin America, male (UIS estimate) (%)",TGO,1985,0,NIL,
MOGER.5T8.40522.M,"Mobile outbound gross enrolment ratio, tertiary students studying in Latin America, male (UIS estimate) (%)",TGO,1986,0,NIL,
MOGER.5T8.40522.M,"Mobile outbound gross enrolment ratio, tertiary students studying in Latin America, male (UIS estimate) (%)",TGO,1987,0,NIL,
MOGER.5T8.40522.M,"Mobile outbound gross enrolment ratio, tertiary students studying in Latin America, male (UIS estimate) (%)",TGO,1988,0,NIL,
MOGER.5T8.40522.M,"Mobile outbound gross enrolment ratio, tertiary students studying in Latin America, male (UIS estimate) (%)",TGO,1989,0,NIL,
MOGER.5T8.40522.M,"Mobile outbound gross enrolment ratio, tertiary students studying in Latin America, male (UIS estimate) (%)",TGO,1990,0,NIL,
MOGER.5T8.40522.M,"Mobile outbound gross enrolment ratio, tertiary students studying in Latin America, male (UIS estimate) (%)",TGO,1991,0,NIL,
MOGER.5T8.40522.M,"Mobile outbound gross enrolment ratio, tertiary students studying in Latin America, male (UIS estimate) (%)",TGO,1992,0,NIL,
MOGER.5T8.40522.M,"Mobile outbound gross enrolment ratio, tertiary students studying in Latin America, male (UIS estimate) (%)",TGO,1993,0,NIL,
MOGER.5T8.40522.M,"Mobile outbound gross enrolment ratio, tertiary students studying in Latin America, male (UIS estimate) (%)",TGO,1994,0,NIL,
MOGER.5T8.40522.M,"Mobile outbound gross enrolment ratio, tertiary students studying in Latin America, male (UIS estimate) (%)",TGO,1995,0,NIL,
MOGER.5T8.40522.M,"Mobile outbound gross enrolment ratio, tertiary students studying in Latin America, male (UIS estimate) (%)",TGO,1996,0,NIL,
MOGER.5T8.40522.M,"Mobile outbound gross enrolment ratio, tertiary students studying in Latin America, male (UIS estimate) (%)",TGO,1997,0,NIL,
MOGER.5T8.40522.M,"Mobile outbound gross enrolment ratio, tertiary students studying in Latin America, male (UIS estimate) (%)",TGO,1998,0,NIL,
MOGER.5T8.40522.M,"Mobile outbound gross enrolment ratio, tertiary students studying in Latin America, male (UIS estimate) (%)",TGO,1999,0,NIL,
MOGER.5T8.40522.M,"Mobile outbound gross enrolment ratio, tertiary students studying in Latin America, male (UIS estimate) (%)",TGO,2000,0,NIL,UIS_EST
MOGER.5T8.40522.M,"Mobile outbound gross enrolment ratio, tertiary students studying in Latin America, male (UIS estimate) (%)",TGO,2001,0,NIL,UIS_EST
MOGER.5T8.40522.M,"Mobile outbound gross enrolment ratio, tertiary students studying in Latin America, male (UIS estimate) (%)",TGO,2002,.0011399999493733,,UIS_EST
MOGER.5T8.40522.M,"Mobile outbound gross enrolment ratio, tertiary students studying in Latin America, male (UIS estimate) (%)",TGO,2003,0,NIL,UIS_EST
MOGER.5T8.40522.M,"Mobile outbound gross enrolment ratio, tertiary students studying in Latin America, male (UIS estimate) (%)",TGO,2004,.000369999994291,,UIS_EST
MOGER.5T8.40522.M,"Mobile outbound gross enrolment ratio, tertiary students studying in Latin America, male (UIS estimate) (%)",TGO,2005,.0007099999929778,,UIS_EST
MOGER.5T8.40522.M,"Mobile outbound gross enrolment ratio, tertiary students studying in Latin America, male (UIS estimate) (%)",TGO,2006,.0045500001870096,,UIS_EST
MOGER.5T8.40522.M,"Mobile outbound gross enrolment ratio, tertiary students studying in Latin America, male (UIS estimate) (%)",TGO,2007,.0033899999689311,,UIS_EST
MOGER.5T8.40522.M,"Mobile outbound gross enrolment ratio, tertiary students studying in Latin America, male (UIS estimate) (%)",TGO,2008,.0046399999409914,,UIS_EST
MOGER.5T8.40522.M,"Mobile outbound gross enrolment ratio, tertiary students studying in Latin America, male (UIS estimate) (%)",TGO,2009,.0061599998734891,,UIS_EST
MOGER.5T8.40522.M,"Mobile outbound gross enrolment ratio, tertiary students studying in Latin America, male (UIS estimate) (%)",TGO,2010,.0063800001516938,,UIS_EST
MOGER.5T8.40522.M,"Mobile outbound gross enrolment ratio, tertiary students studying in Latin America, male (UIS estimate) (%)",TGO,2011,.0062799998559058,,UIS_EST
MOGER.5T8.40522.M,"Mobile outbound gross enrolment ratio, tertiary students studying in Latin America, male (UIS estimate) (%)",TGO,2012,.0052800001576543,,UIS_EST
MOGER.5T8.40522.M,"Mobile outbound gross enrolment ratio, tertiary students studying in Latin America, male (UIS estimate) (%)",TGO,2013,.0042200000025332,,UIS_EST
MOGER.5T8.40522.M,"Mobile outbound gross enrolment ratio, tertiary students studying in Latin America, male (UIS estimate) (%)",TGO,2014,.004939999897033,,UIS_EST
MOGER.5T8.40522.M,"Mobile outbound gross enrolment ratio, tertiary students studying in Latin America, male (UIS estimate) (%)",TGO,2015,.0059899999760091,,UIS_EST
MOGER.5T8.40522.M,"Mobile outbound gross enrolment ratio, tertiary students studying in Latin America, male (UIS estimate) (%)",TGO,2016,.0070000002160668,,
MOGER.5T8.40522.M,"Mobile outbound gross enrolment ratio, tertiary students studying in Latin America, male (UIS estimate) (%)",TGO,2017,.0076999999582767,,
MOGER.5T8.40522.M,"Mobile outbound gross enrolment ratio, tertiary students studying in Latin America, male (UIS estimate) (%)",TGO,2018,.0091599998995662,,
MOGER.5T8.40522.M,"Mobile outbound gross enrolment ratio, tertiary students studying in Latin America, male (UIS estimate) (%)",TGO,2019,.0089499996975064,,
MOGER.5T8.40522.M,"Mobile outbound gross enrolment ratio, tertiary students studying in Latin America, male (UIS estimate) (%)",TGO,2020,.0084600001573563,,
MOGER.5T8.40522.M,"Mobile outbound gross enrolment ratio, tertiary students studying in Latin America, male (UIS estimate) (%)",TGO,2021,.0077300001867115,,
MOGER.5T8.40522.M,"Mobile outbound gross enrolment ratio, tertiary students studying in Latin America, male (UIS estimate) (%)",TGO,2022,.0078600002452731,,
MOGER.5T8.40522.M,"Mobile outbound gross enrolment ratio, tertiary students studying in Latin America, male (UIS estimate) (%)",TGO,2023,.0065799998119473,,UIS_EST
MOGER.5T8.40525,"Mobile outbound gross enrolment ratio, tertiary students studying in the Arab States, both sexes (UIS estimate) (%)",TGO,2012,.0547300018370152,,UIS_EST
MOGER.5T8.40525,"Mobile outbound gross enrolment ratio, tertiary students studying in the Arab States, both sexes (UIS estimate) (%)",TGO,2013,.0658899992704391,,UIS_EST
MOGER.5T8.40525,"Mobile outbound gross enrolment ratio, tertiary students studying in the Arab States, both sexes (UIS estimate) (%)",TGO,2014,.0912500023841858,,UIS_EST
MOGER.5T8.40525,"Mobile outbound gross enrolment ratio, tertiary students studying in the Arab States, both sexes (UIS estimate) (%)",TGO,2015,.091729998588562,,UIS_EST
MOGER.5T8.40525,"Mobile outbound gross enrolment ratio, tertiary students studying in the Arab States, both sexes (UIS estimate) (%)",TGO,2016,.0974799990653992,,UIS_EST
MOGER.5T8.40525,"Mobile outbound gross enrolment ratio, tertiary students studying in the Arab States, both sexes (UIS estimate) (%)",TGO,2017,.0912899971008301,,UIS_EST
MOGER.5T8.40525,"Mobile outbound gross enrolment ratio, tertiary students studying in the Arab States, both sexes (UIS estimate) (%)",TGO,2018,.0996799990534782,,UIS_EST
MOGER.5T8.40525,"Mobile outbound gross enrolment ratio, tertiary students studying in the Arab States, both sexes (UIS estimate) (%)",TGO,2019,.0770400017499924,,UIS_EST
MOGER.5T8.40525,"Mobile outbound gross enrolment ratio, tertiary students studying in the Arab States, both sexes (UIS estimate) (%)",TGO,2020,.0805099979043007,,UIS_EST
MOGER.5T8.40525,"Mobile outbound gross enrolment ratio, tertiary students studying in the Arab States, both sexes (UIS estimate) (%)",TGO,2021,.0887999981641769,,UIS_EST
MOGER.5T8.40525,"Mobile outbound gross enrolment ratio, tertiary students studying in the Arab States, both sexes (UIS estimate) (%)",TGO,2022,.0934600010514259,,UIS_EST
MOGER.5T8.40525,"Mobile outbound gross enrolment ratio, tertiary students studying in the Arab States, both sexes (UIS estimate) (%)",TGO,2023,.0999699980020523,,UIS_EST
MOGER.5T8.40525.F,"Mobile outbound gross enrolment ratio, tertiary students studying in the Arab States, female (UIS estimate) (%)",TGO,2012,.0332500003278255,,UIS_EST
MOGER.5T8.40525.F,"Mobile outbound gross enrolment ratio, tertiary students studying in the Arab States, female (UIS estimate) (%)",TGO,2013,.0456999987363815,,UIS_EST
MOGER.5T8.40525.F,"Mobile outbound gross enrolment ratio, tertiary students studying in the Arab States, female (UIS estimate) (%)",TGO,2014,.0648399963974953,,UIS_EST
MOGER.5T8.40525.F,"Mobile outbound gross enrolment ratio, tertiary students studying in the Arab States, female (UIS estimate) (%)",TGO,2015,.0591499991714954,,UIS_EST
MOGER.5T8.40525.F,"Mobile outbound gross enrolment ratio, tertiary students studying in the Arab States, female (UIS estimate) (%)",TGO,2016,.0693399980664253,,UIS_EST
MOGER.5T8.40525.F,"Mobile outbound gross enrolment ratio, tertiary students studying in the Arab States, female (UIS estimate) (%)",TGO,2017,.0623699985444546,,UIS_EST
MOGER.5T8.40525.F,"Mobile outbound gross enrolment ratio, tertiary students studying in the Arab States, female (UIS estimate) (%)",TGO,2018,.0660300031304359,,UIS_EST
MOGER.5T8.40525.F,"Mobile outbound gross enrolment ratio, tertiary students studying in the Arab States, female (UIS estimate) (%)",TGO,2019,.0321899987757206,,UIS_EST
MOGER.5T8.40525.F,"Mobile outbound gross enrolment ratio, tertiary students studying in the Arab States, female (UIS estimate) (%)",TGO,2020,.0344300009310246,,UIS_EST
MOGER.5T8.40525.F,"Mobile outbound gross enrolment ratio, tertiary students studying in the Arab States, female (UIS estimate) (%)",TGO,2021,.0350699983537197,,UIS_EST
MOGER.5T8.40525.F,"Mobile outbound gross enrolment ratio, tertiary students studying in the Arab States, female (UIS estimate) (%)",TGO,2022,.0410900004208088,,UIS_EST
MOGER.5T8.40525.F,"Mobile outbound gross enrolment ratio, tertiary students studying in the Arab States, female (UIS estimate) (%)",TGO,2023,.0478999987244606,,UIS_EST
MOGER.5T8.40525.GPIA,"Mobile outbound gross enrolment ratio, tertiary students studying in the Arab States, adjusted gender parity index (GPIA) (UIS estimate)",TGO,2012,.4387399852275848,,UIS_EST
MOGER.5T8.40525.GPIA,"Mobile outbound gross enrolment ratio, tertiary students studying in the Arab States, adjusted gender parity index (GPIA) (UIS estimate)",TGO,2013,.5333300232887268,,UIS_EST
MOGER.5T8.40525.GPIA,"Mobile outbound gross enrolment ratio, tertiary students studying in the Arab States, adjusted gender parity index (GPIA) (UIS estimate)",TGO,2014,.553600013256073,,UIS_EST
MOGER.5T8.40525.GPIA,"Mobile outbound gross enrolment ratio, tertiary students studying in the Arab States, adjusted gender parity index (GPIA) (UIS estimate)",TGO,2015,.4783900082111359,,UIS_EST
MOGER.5T8.40525.GPIA,"Mobile outbound gross enrolment ratio, tertiary students studying in the Arab States, adjusted gender parity index (GPIA) (UIS estimate)",TGO,2016,.5545300245285034,,UIS_EST
MOGER.5T8.40525.GPIA,"Mobile outbound gross enrolment ratio, tertiary students studying in the Arab States, adjusted gender parity index (GPIA) (UIS estimate)",TGO,2017,.5214300155639648,,UIS_EST
MOGER.5T8.40525.GPIA,"Mobile outbound gross enrolment ratio, tertiary students studying in the Arab States, adjusted gender parity index (GPIA) (UIS estimate)",TGO,2018,.4979200065135956,,UIS_EST
MOGER.5T8.40525.GPIA,"Mobile outbound gross enrolment ratio, tertiary students studying in the Arab States, adjusted gender parity index (GPIA) (UIS estimate)",TGO,2019,.266180008649826,,UIS_EST
MOGER.5T8.40525.GPIA,"Mobile outbound gross enrolment ratio, tertiary students studying in the Arab States, adjusted gender parity index (GPIA) (UIS estimate)",TGO,2020,.2741999924182892,,UIS_EST
MOGER.5T8.40525.GPIA,"Mobile outbound gross enrolment ratio, tertiary students studying in the Arab States, adjusted gender parity index (GPIA) (UIS estimate)",TGO,2021,.2481700032949448,,UIS_EST
MOGER.5T8.40525.GPIA,"Mobile outbound gross enrolment ratio, tertiary students studying in the Arab States, adjusted gender parity index (GPIA) (UIS estimate)",TGO,2022,.2842000126838684,,UIS_EST
MOGER.5T8.40525.GPIA,"Mobile outbound gross enrolment ratio, tertiary students studying in the Arab States, adjusted gender parity index (GPIA) (UIS estimate)",TGO,2023,.3177100121974945,,UIS_EST
MOGER.5T8.40525.M,"Mobile outbound gross enrolment ratio, tertiary students studying in the Arab States, male (UIS estimate) (%)",TGO,1970,0,NIL,
MOGER.5T8.40525.M,"Mobile outbound gross enrolment ratio, tertiary students studying in the Arab States, male (UIS estimate) (%)",TGO,1971,0,NIL,
MOGER.5T8.40525.M,"Mobile outbound gross enrolment ratio, tertiary students studying in the Arab States, male (UIS estimate) (%)",TGO,1972,0,NIL,
MOGER.5T8.40525.M,"Mobile outbound gross enrolment ratio, tertiary students studying in the Arab States, male (UIS estimate) (%)",TGO,1973,0,NIL,
MOGER.5T8.40525.M,"Mobile outbound gross enrolment ratio, tertiary students studying in the Arab States, male (UIS estimate) (%)",TGO,1974,0,NIL,
MOGER.5T8.40525.M,"Mobile outbound gross enrolment ratio, tertiary students studying in the Arab States, male (UIS estimate) (%)",TGO,1975,0,NIL,
MOGER.5T8.40525.M,"Mobile outbound gross enrolment ratio, tertiary students studying in the Arab States, male (UIS estimate) (%)",TGO,1976,0,NIL,
MOGER.5T8.40525.M,"Mobile outbound gross enrolment ratio, tertiary students studying in the Arab States, male (UIS estimate) (%)",TGO,1977,0,NIL,
MOGER.5T8.40525.M,"Mobile outbound gross enrolment ratio, tertiary students studying in the Arab States, male (UIS estimate) (%)",TGO,1978,0,NIL,
MOGER.5T8.40525.M,"Mobile outbound gross enrolment ratio, tertiary students studying in the Arab States, male (UIS estimate) (%)",TGO,1979,0,NIL,
MOGER.5T8.40525.M,"Mobile outbound gross enrolment ratio, tertiary students studying in the Arab States, male (UIS estimate) (%)",TGO,1980,0,NIL,
MOGER.5T8.40525.M,"Mobile outbound gross enrolment ratio, tertiary students studying in the Arab States, male (UIS estimate) (%)",TGO,1981,0,NIL,
MOGER.5T8.40525.M,"Mobile outbound gross enrolment ratio, tertiary students studying in the Arab States, male (UIS estimate) (%)",TGO,1982,0,NIL,
MOGER.5T8.40525.M,"Mobile outbound gross enrolment ratio, tertiary students studying in the Arab States, male (UIS estimate) (%)",TGO,1983,0,NIL,
MOGER.5T8.40525.M,"Mobile outbound gross enrolment ratio, tertiary students studying in the Arab States, male (UIS estimate) (%)",TGO,1984,0,NIL,
MOGER.5T8.40525.M,"Mobile outbound gross enrolment ratio, tertiary students studying in the Arab States, male (UIS estimate) (%)",TGO,1985,0,NIL,
MOGER.5T8.40525.M,"Mobile outbound gross enrolment ratio, tertiary students studying in the Arab States, male (UIS estimate) (%)",TGO,1986,0,NIL,
MOGER.5T8.40525.M,"Mobile outbound gross enrolment ratio, tertiary students studying in the Arab States, male (UIS estimate) (%)",TGO,1987,0,NIL,
MOGER.5T8.40525.M,"Mobile outbound gross enrolment ratio, tertiary students studying in the Arab States, male (UIS estimate) (%)",TGO,1988,0,NIL,
MOGER.5T8.40525.M,"Mobile outbound gross enrolment ratio, tertiary students studying in the Arab States, male (UIS estimate) (%)",TGO,1989,0,NIL,
MOGER.5T8.40525.M,"Mobile outbound gross enrolment ratio, tertiary students studying in the Arab States, male (UIS estimate) (%)",TGO,1990,0,NIL,
MOGER.5T8.40525.M,"Mobile outbound gross enrolment ratio, tertiary students studying in the Arab States, male (UIS estimate) (%)",TGO,1991,0,NIL,
MOGER.5T8.40525.M,"Mobile outbound gross enrolment ratio, tertiary students studying in the Arab States, male (UIS estimate) (%)",TGO,1992,0,NIL,
MOGER.5T8.40525.M,"Mobile outbound gross enrolment ratio, tertiary students studying in the Arab States, male (UIS estimate) (%)",TGO,1993,0,NIL,
MOGER.5T8.40525.M,"Mobile outbound gross enrolment ratio, tertiary students studying in the Arab States, male (UIS estimate) (%)",TGO,1994,0,NIL,
MOGER.5T8.40525.M,"Mobile outbound gross enrolment ratio, tertiary students studying in the Arab States, male (UIS estimate) (%)",TGO,1995,0,NIL,
MOGER.5T8.40525.M,"Mobile outbound gross enrolment ratio, tertiary students studying in the Arab States, male (UIS estimate) (%)",TGO,1996,0,NIL,
MOGER.5T8.40525.M,"Mobile outbound gross enrolment ratio, tertiary students studying in the Arab States, male (UIS estimate) (%)",TGO,1997,0,NIL,
MOGER.5T8.40525.M,"Mobile outbound gross enrolment ratio, tertiary students studying in the Arab States, male (UIS estimate) (%)",TGO,1998,0,NIL,
MOGER.5T8.40525.M,"Mobile outbound gross enrolment ratio, tertiary students studying in the Arab States, male (UIS estimate) (%)",TGO,1999,0,NIL,
MOGER.5T8.40525.M,"Mobile outbound gross enrolment ratio, tertiary students studying in the Arab States, male (UIS estimate) (%)",TGO,2000,0,NIL,
MOGER.5T8.40525.M,"Mobile outbound gross enrolment ratio, tertiary students studying in the Arab States, male (UIS estimate) (%)",TGO,2001,0,NIL,
MOGER.5T8.40525.M,"Mobile outbound gross enrolment ratio, tertiary students studying in the Arab States, male (UIS estimate) (%)",TGO,2002,0,NIL,
MOGER.5T8.40525.M,"Mobile outbound gross enrolment ratio, tertiary students studying in the Arab States, male (UIS estimate) (%)",TGO,2003,0,NIL,
MOGER.5T8.40525.M,"Mobile outbound gross enrolment ratio, tertiary students studying in the Arab States, male (UIS estimate) (%)",TGO,2004,0,NIL,
MOGER.5T8.40525.M,"Mobile outbound gross enrolment ratio, tertiary students studying in the Arab States, male (UIS estimate) (%)",TGO,2005,0,NIL,
MOGER.5T8.40525.M,"Mobile outbound gross enrolment ratio, tertiary students studying in the Arab States, male (UIS estimate) (%)",TGO,2006,0,NIL,
MOGER.5T8.40525.M,"Mobile outbound gross enrolment ratio, tertiary students studying in the Arab States, male (UIS estimate) (%)",TGO,2007,0,NIL,
MOGER.5T8.40525.M,"Mobile outbound gross enrolment ratio, tertiary students studying in the Arab States, male (UIS estimate) (%)",TGO,2008,0,NIL,
MOGER.5T8.40525.M,"Mobile outbound gross enrolment ratio, tertiary students studying in the Arab States, male (UIS estimate) (%)",TGO,2009,0,NIL,
MOGER.5T8.40525.M,"Mobile outbound gross enrolment ratio, tertiary students studying in the Arab States, male (UIS estimate) (%)",TGO,2010,0,NIL,
MOGER.5T8.40525.M,"Mobile outbound gross enrolment ratio, tertiary students studying in the Arab States, male (UIS estimate) (%)",TGO,2011,0,NIL,
MOGER.5T8.40525.M,"Mobile outbound gross enrolment ratio, tertiary students studying in the Arab States, male (UIS estimate) (%)",TGO,2012,.0757799968123436,,UIS_EST
MOGER.5T8.40525.M,"Mobile outbound gross enrolment ratio, tertiary students studying in the Arab States, male (UIS estimate) (%)",TGO,2013,.0856800004839897,,UIS_EST
MOGER.5T8.40525.M,"Mobile outbound gross enrolment ratio, tertiary students studying in the Arab States, male (UIS estimate) (%)",TGO,2014,.1171299964189529,,UIS_EST
MOGER.5T8.40525.M,"Mobile outbound gross enrolment ratio, tertiary students studying in the Arab States, male (UIS estimate) (%)",TGO,2015,.1236300021409988,,UIS_EST
MOGER.5T8.40525.M,"Mobile outbound gross enrolment ratio, tertiary students studying in the Arab States, male (UIS estimate) (%)",TGO,2016,.1250399947166443,,UIS_EST
MOGER.5T8.40525.M,"Mobile outbound gross enrolment ratio, tertiary students studying in the Arab States, male (UIS estimate) (%)",TGO,2017,.119609996676445,,UIS_EST
MOGER.5T8.40525.M,"Mobile outbound gross enrolment ratio, tertiary students studying in the Arab States, male (UIS estimate) (%)",TGO,2018,.1326099932193756,,UIS_EST
MOGER.5T8.40525.M,"Mobile outbound gross enrolment ratio, tertiary students studying in the Arab States, male (UIS estimate) (%)",TGO,2019,.1209300011396408,,UIS_EST
MOGER.5T8.40525.M,"Mobile outbound gross enrolment ratio, tertiary students studying in the Arab States, male (UIS estimate) (%)",TGO,2020,.1255699992179871,,UIS_EST
MOGER.5T8.40525.M,"Mobile outbound gross enrolment ratio, tertiary students studying in the Arab States, male (UIS estimate) (%)",TGO,2021,.1413100063800812,,UIS_EST
MOGER.5T8.40525.M,"Mobile outbound gross enrolment ratio, tertiary students studying in the Arab States, male (UIS estimate) (%)",TGO,2022,.1446000039577484,,UIS_EST
MOGER.5T8.40525.M,"Mobile outbound gross enrolment ratio, tertiary students studying in the Arab States, male (UIS estimate) (%)",TGO,2023,.1507699936628342,,UIS_EST
MOGER.5T8.40530,"Mobile outbound gross enrolment ratio, tertiary students studying in Central and Eastern Europe, both sexes (UIS estimate) (%)",TGO,1998,.0010699999984354,,UIS_EST
MOGER.5T8.40530,"Mobile outbound gross enrolment ratio, tertiary students studying in Central and Eastern Europe, both sexes (UIS estimate) (%)",TGO,1999,.0010400000028312,,UIS_EST
MOGER.5T8.40530,"Mobile outbound gross enrolment ratio, tertiary students studying in Central and Eastern Europe, both sexes (UIS estimate) (%)",TGO,2000,.0009100000024773,,
MOGER.5T8.40530,"Mobile outbound gross enrolment ratio, tertiary students studying in Central and Eastern Europe, both sexes (UIS estimate) (%)",TGO,2001,.0007800000021234,,
MOGER.5T8.40530,"Mobile outbound gross enrolment ratio, tertiary students studying in Central and Eastern Europe, both sexes (UIS estimate) (%)",TGO,2002,.0007699999841861,,UIS_EST
MOGER.5T8.40530,"Mobile outbound gross enrolment ratio, tertiary students studying in Central and Eastern Europe, both sexes (UIS estimate) (%)",TGO,2003,.000560000014957,,
MOGER.5T8.40530,"Mobile outbound gross enrolment ratio, tertiary students studying in Central and Eastern Europe, both sexes (UIS estimate) (%)",TGO,2004,.0005499999970198,,UIS_EST
MOGER.5T8.40530,"Mobile outbound gross enrolment ratio, tertiary students studying in Central and Eastern Europe, both sexes (UIS estimate) (%)",TGO,2005,.00089999998454,,
MOGER.5T8.40530,"Mobile outbound gross enrolment ratio, tertiary students studying in Central and Eastern Europe, both sexes (UIS estimate) (%)",TGO,2006,.0005300000193529,,
MOGER.5T8.40530,"Mobile outbound gross enrolment ratio, tertiary students studying in Central and Eastern Europe, both sexes (UIS estimate) (%)",TGO,2007,.0005099999834783,,
MOGER.5T8.40530,"Mobile outbound gross enrolment ratio, tertiary students studying in Central and Eastern Europe, both sexes (UIS estimate) (%)",TGO,2008,.0018400000408292,,
MOGER.5T8.40530,"Mobile outbound gross enrolment ratio, tertiary students studying in Central and Eastern Europe, both sexes (UIS estimate) (%)",TGO,2009,.0021100000012666,,
MOGER.5T8.40530,"Mobile outbound gross enrolment ratio, tertiary students studying in Central and Eastern Europe, both sexes (UIS estimate) (%)",TGO,2010,.0019099999917671,,UIS_EST
MOGER.5T8.40530,"Mobile outbound gross enrolment ratio, tertiary students studying in Central and Eastern Europe, both sexes (UIS estimate) (%)",TGO,2011,.0018700000364333,,
MOGER.5T8.40530,"Mobile outbound gross enrolment ratio, tertiary students studying in Central and Eastern Europe, both sexes (UIS estimate) (%)",TGO,2012,.0030300000216812,,UIS_EST
MOGER.5T8.40530,"Mobile outbound gross enrolment ratio, tertiary students studying in Central and Eastern Europe, both sexes (UIS estimate) (%)",TGO,2013,.005040000192821,,
MOGER.5T8.40530,"Mobile outbound gross enrolment ratio, tertiary students studying in Central and Eastern Europe, both sexes (UIS estimate) (%)",TGO,2014,.0068999999202788,,
MOGER.5T8.40530,"Mobile outbound gross enrolment ratio, tertiary students studying in Central and Eastern Europe, both sexes (UIS estimate) (%)",TGO,2015,.0086500002071261,,
MOGER.5T8.40530,"Mobile outbound gross enrolment ratio, tertiary students studying in Central and Eastern Europe, both sexes (UIS estimate) (%)",TGO,2016,.0107500003650784,,
MOGER.5T8.40530,"Mobile outbound gross enrolment ratio, tertiary students studying in Central and Eastern Europe, both sexes (UIS estimate) (%)",TGO,2017,.0116699999198318,,
MOGER.5T8.40530,"Mobile outbound gross enrolment ratio, tertiary students studying in Central and Eastern Europe, both sexes (UIS estimate) (%)",TGO,2018,.0111600002273917,,
MOGER.5T8.40530,"Mobile outbound gross enrolment ratio, tertiary students studying in Central and Eastern Europe, both sexes (UIS estimate) (%)",TGO,2019,.0129000004380941,,
MOGER.5T8.40530,"Mobile outbound gross enrolment ratio, tertiary students studying in Central and Eastern Europe, both sexes (UIS estimate) (%)",TGO,2020,.0169799998402596,,
MOGER.5T8.40530,"Mobile outbound gross enrolment ratio, tertiary students studying in Central and Eastern Europe, both sexes (UIS estimate) (%)",TGO,2021,.0189100001007318,,
MOGER.5T8.40530,"Mobile outbound gross enrolment ratio, tertiary students studying in Central and Eastern Europe, both sexes (UIS estimate) (%)",TGO,2022,.0253999996930361,,
MOGER.5T8.40530,"Mobile outbound gross enrolment ratio, tertiary students studying in Central and Eastern Europe, both sexes (UIS estimate) (%)",TGO,2023,.0273700002580881,,
MOGER.5T8.40530.F,"Mobile outbound gross enrolment ratio, tertiary students studying in Central and Eastern Europe, female (UIS estimate) (%)",TGO,2012,.0010999999940395,,UIS_EST
MOGER.5T8.40530.F,"Mobile outbound gross enrolment ratio, tertiary students studying in Central and Eastern Europe, female (UIS estimate) (%)",TGO,2013,.0021200000774115,,UIS_EST
MOGER.5T8.40530.F,"Mobile outbound gross enrolment ratio, tertiary students studying in Central and Eastern Europe, female (UIS estimate) (%)",TGO,2014,.0017800000496209,,UIS_EST
MOGER.5T8.40530.F,"Mobile outbound gross enrolment ratio, tertiary students studying in Central and Eastern Europe, female (UIS estimate) (%)",TGO,2015,.0031999999191612,,UIS_EST
MOGER.5T8.40530.F,"Mobile outbound gross enrolment ratio, tertiary students studying in Central and Eastern Europe, female (UIS estimate) (%)",TGO,2016,.0037199999205768,,UIS_EST
MOGER.5T8.40530.F,"Mobile outbound gross enrolment ratio, tertiary students studying in Central and Eastern Europe, female (UIS estimate) (%)",TGO,2017,.0042099999263883,,UIS_EST
MOGER.5T8.40530.F,"Mobile outbound gross enrolment ratio, tertiary students studying in Central and Eastern Europe, female (UIS estimate) (%)",TGO,2018,.0032999999821186,,
MOGER.5T8.40530.F,"Mobile outbound gross enrolment ratio, tertiary students studying in Central and Eastern Europe, female (UIS estimate) (%)",TGO,2019,.0029599999543279,,
MOGER.5T8.40530.F,"Mobile outbound gross enrolment ratio, tertiary students studying in Central and Eastern Europe, female (UIS estimate) (%)",TGO,2020,.0034099998883903,,
MOGER.5T8.40530.F,"Mobile outbound gross enrolment ratio, tertiary students studying in Central and Eastern Europe, female (UIS estimate) (%)",TGO,2021,.0043399999849498,,
MOGER.5T8.40530.F,"Mobile outbound gross enrolment ratio, tertiary students studying in Central and Eastern Europe, female (UIS estimate) (%)",TGO,2022,.0071200001984835,,
MOGER.5T8.40530.F,"Mobile outbound gross enrolment ratio, tertiary students studying in Central and Eastern Europe, female (UIS estimate) (%)",TGO,2023,.0067500001750886,,UIS_EST
MOGER.5T8.40530.GPIA,"Mobile outbound gross enrolment ratio, tertiary students studying in Central and Eastern Europe, adjusted gender parity index (GPIA) (UIS estimate)",TGO,2012,.2246399968862534,,UIS_EST
MOGER.5T8.40530.GPIA,"Mobile outbound gross enrolment ratio, tertiary students studying in Central and Eastern Europe, adjusted gender parity index (GPIA) (UIS estimate)",TGO,2013,.2678700089454651,,UIS_EST
MOGER.5T8.40530.GPIA,"Mobile outbound gross enrolment ratio, tertiary students studying in Central and Eastern Europe, adjusted gender parity index (GPIA) (UIS estimate)",TGO,2014,.1493699997663498,,UIS_EST
MOGER.5T8.40530.GPIA,"Mobile outbound gross enrolment ratio, tertiary students studying in Central and Eastern Europe, adjusted gender parity index (GPIA) (UIS estimate)",TGO,2015,.229200005531311,,UIS_EST
MOGER.5T8.40530.GPIA,"Mobile outbound gross enrolment ratio, tertiary students studying in Central and Eastern Europe, adjusted gender parity index (GPIA) (UIS estimate)",TGO,2016,.2107300013303757,,UIS_EST
MOGER.5T8.40530.GPIA,"Mobile outbound gross enrolment ratio, tertiary students studying in Central and Eastern Europe, adjusted gender parity index (GPIA) (UIS estimate)",TGO,2017,.2220599949359894,,UIS_EST
MOGER.5T8.40530.GPIA,"Mobile outbound gross enrolment ratio, tertiary students studying in Central and Eastern Europe, adjusted gender parity index (GPIA) (UIS estimate)",TGO,2018,.1751500070095062,,
MOGER.5T8.40530.GPIA,"Mobile outbound gross enrolment ratio, tertiary students studying in Central and Eastern Europe, adjusted gender parity index (GPIA) (UIS estimate)",TGO,2019,.130730003118515,,
MOGER.5T8.40530.GPIA,"Mobile outbound gross enrolment ratio, tertiary students studying in Central and Eastern Europe, adjusted gender parity index (GPIA) (UIS estimate)",TGO,2020,.1126599982380867,,
MOGER.5T8.40530.GPIA,"Mobile outbound gross enrolment ratio, tertiary students studying in Central and Eastern Europe, adjusted gender parity index (GPIA) (UIS estimate)",TGO,2021,.1307899951934814,,
MOGER.5T8.40530.GPIA,"Mobile outbound gross enrolment ratio, tertiary students studying in Central and Eastern Europe, adjusted gender parity index (GPIA) (UIS estimate)",TGO,2022,.1647000014781952,,
MOGER.5T8.40530.GPIA,"Mobile outbound gross enrolment ratio, tertiary students studying in Central and Eastern Europe, adjusted gender parity index (GPIA) (UIS estimate)",TGO,2023,.1420599967241287,,UIS_EST
MOGER.5T8.40530.M,"Mobile outbound gross enrolment ratio, tertiary students studying in Central and Eastern Europe, male (UIS estimate) (%)",TGO,1970,0,NIL,
MOGER.5T8.40530.M,"Mobile outbound gross enrolment ratio, tertiary students studying in Central and Eastern Europe, male (UIS estimate) (%)",TGO,1971,0,NIL,
MOGER.5T8.40530.M,"Mobile outbound gross enrolment ratio, tertiary students studying in Central and Eastern Europe, male (UIS estimate) (%)",TGO,1972,0,NIL,
MOGER.5T8.40530.M,"Mobile outbound gross enrolment ratio, tertiary students studying in Central and Eastern Europe, male (UIS estimate) (%)",TGO,1973,0,NIL,
MOGER.5T8.40530.M,"Mobile outbound gross enrolment ratio, tertiary students studying in Central and Eastern Europe, male (UIS estimate) (%)",TGO,1974,0,NIL,
MOGER.5T8.40530.M,"Mobile outbound gross enrolment ratio, tertiary students studying in Central and Eastern Europe, male (UIS estimate) (%)",TGO,1975,0,NIL,
MOGER.5T8.40530.M,"Mobile outbound gross enrolment ratio, tertiary students studying in Central and Eastern Europe, male (UIS estimate) (%)",TGO,1976,0,NIL,
MOGER.5T8.40530.M,"Mobile outbound gross enrolment ratio, tertiary students studying in Central and Eastern Europe, male (UIS estimate) (%)",TGO,1977,0,NIL,
MOGER.5T8.40530.M,"Mobile outbound gross enrolment ratio, tertiary students studying in Central and Eastern Europe, male (UIS estimate) (%)",TGO,1978,0,NIL,
MOGER.5T8.40530.M,"Mobile outbound gross enrolment ratio, tertiary students studying in Central and Eastern Europe, male (UIS estimate) (%)",TGO,1979,0,NIL,
MOGER.5T8.40530.M,"Mobile outbound gross enrolment ratio, tertiary students studying in Central and Eastern Europe, male (UIS estimate) (%)",TGO,1980,0,NIL,
MOGER.5T8.40530.M,"Mobile outbound gross enrolment ratio, tertiary students studying in Central and Eastern Europe, male (UIS estimate) (%)",TGO,1981,0,NIL,
MOGER.5T8.40530.M,"Mobile outbound gross enrolment ratio, tertiary students studying in Central and Eastern Europe, male (UIS estimate) (%)",TGO,1982,0,NIL,
MOGER.5T8.40530.M,"Mobile outbound gross enrolment ratio, tertiary students studying in Central and Eastern Europe, male (UIS estimate) (%)",TGO,1983,0,NIL,
MOGER.5T8.40530.M,"Mobile outbound gross enrolment ratio, tertiary students studying in Central and Eastern Europe, male (UIS estimate) (%)",TGO,1984,0,NIL,
MOGER.5T8.40530.M,"Mobile outbound gross enrolment ratio, tertiary students studying in Central and Eastern Europe, male (UIS estimate) (%)",TGO,1985,0,NIL,
MOGER.5T8.40530.M,"Mobile outbound gross enrolment ratio, tertiary students studying in Central and Eastern Europe, male (UIS estimate) (%)",TGO,1986,0,NIL,
MOGER.5T8.40530.M,"Mobile outbound gross enrolment ratio, tertiary students studying in Central and Eastern Europe, male (UIS estimate) (%)",TGO,1987,0,NIL,
MOGER.5T8.40530.M,"Mobile outbound gross enrolment ratio, tertiary students studying in Central and Eastern Europe, male (UIS estimate) (%)",TGO,1988,0,NIL,
MOGER.5T8.40530.M,"Mobile outbound gross enrolment ratio, tertiary students studying in Central and Eastern Europe, male (UIS estimate) (%)",TGO,1989,0,NIL,
MOGER.5T8.40530.M,"Mobile outbound gross enrolment ratio, tertiary students studying in Central and Eastern Europe, male (UIS estimate) (%)",TGO,1990,0,NIL,
MOGER.5T8.40530.M,"Mobile outbound gross enrolment ratio, tertiary students studying in Central and Eastern Europe, male (UIS estimate) (%)",TGO,1991,0,NIL,
MOGER.5T8.40530.M,"Mobile outbound gross enrolment ratio, tertiary students studying in Central and Eastern Europe, male (UIS estimate) (%)",TGO,1992,0,NIL,
MOGER.5T8.40530.M,"Mobile outbound gross enrolment ratio, tertiary students studying in Central and Eastern Europe, male (UIS estimate) (%)",TGO,1993,0,NIL,
MOGER.5T8.40530.M,"Mobile outbound gross enrolment ratio, tertiary students studying in Central and Eastern Europe, male (UIS estimate) (%)",TGO,1994,0,NIL,
MOGER.5T8.40530.M,"Mobile outbound gross enrolment ratio, tertiary students studying in Central and Eastern Europe, male (UIS estimate) (%)",TGO,1995,0,NIL,
MOGER.5T8.40530.M,"Mobile outbound gross enrolment ratio, tertiary students studying in Central and Eastern Europe, male (UIS estimate) (%)",TGO,1996,0,NIL,
MOGER.5T8.40530.M,"Mobile outbound gross enrolment ratio, tertiary students studying in Central and Eastern Europe, male (UIS estimate) (%)",TGO,1997,0,NIL,
MOGER.5T8.40530.M,"Mobile outbound gross enrolment ratio, tertiary students studying in Central and Eastern Europe, male (UIS estimate) (%)",TGO,1998,.0021399999968708,,UIS_EST
MOGER.5T8.40530.M,"Mobile outbound gross enrolment ratio, tertiary students studying in Central and Eastern Europe, male (UIS estimate) (%)",TGO,1999,.0020699999295175,,UIS_EST
MOGER.5T8.40530.M,"Mobile outbound gross enrolment ratio, tertiary students studying in Central and Eastern Europe, male (UIS estimate) (%)",TGO,2000,.0017999999690801,,
MOGER.5T8.40530.M,"Mobile outbound gross enrolment ratio, tertiary students studying in Central and Eastern Europe, male (UIS estimate) (%)",TGO,2001,.0015600000042468,,
MOGER.5T8.40530.M,"Mobile outbound gross enrolment ratio, tertiary students studying in Central and Eastern Europe, male (UIS estimate) (%)",TGO,2002,.0015300000086427,,UIS_EST
MOGER.5T8.40530.M,"Mobile outbound gross enrolment ratio, tertiary students studying in Central and Eastern Europe, male (UIS estimate) (%)",TGO,2003,.0011200000299141,,
MOGER.5T8.40530.M,"Mobile outbound gross enrolment ratio, tertiary students studying in Central and Eastern Europe, male (UIS estimate) (%)",TGO,2004,.0010999999940395,,UIS_EST
MOGER.5T8.40530.M,"Mobile outbound gross enrolment ratio, tertiary students studying in Central and Eastern Europe, male (UIS estimate) (%)",TGO,2005,.0017900000093505,,
MOGER.5T8.40530.M,"Mobile outbound gross enrolment ratio, tertiary students studying in Central and Eastern Europe, male (UIS estimate) (%)",TGO,2006,.0010499999625608,,
MOGER.5T8.40530.M,"Mobile outbound gross enrolment ratio, tertiary students studying in Central and Eastern Europe, male (UIS estimate) (%)",TGO,2007,.0010199999669567,,
MOGER.5T8.40530.M,"Mobile outbound gross enrolment ratio, tertiary students studying in Central and Eastern Europe, male (UIS estimate) (%)",TGO,2008,.0036400000099093,,
MOGER.5T8.40530.M,"Mobile outbound gross enrolment ratio, tertiary students studying in Central and Eastern Europe, male (UIS estimate) (%)",TGO,2009,.0041899997740984,,
MOGER.5T8.40530.M,"Mobile outbound gross enrolment ratio, tertiary students studying in Central and Eastern Europe, male (UIS estimate) (%)",TGO,2010,.0037799999117851,,UIS_EST
MOGER.5T8.40530.M,"Mobile outbound gross enrolment ratio, tertiary students studying in Central and Eastern Europe, male (UIS estimate) (%)",TGO,2011,.0037000000011176,,
MOGER.5T8.40530.M,"Mobile outbound gross enrolment ratio, tertiary students studying in Central and Eastern Europe, male (UIS estimate) (%)",TGO,2012,.0049200002104044,,UIS_EST
MOGER.5T8.40530.M,"Mobile outbound gross enrolment ratio, tertiary students studying in Central and Eastern Europe, male (UIS estimate) (%)",TGO,2013,.0079100001603365,,UIS_EST
MOGER.5T8.40530.M,"Mobile outbound gross enrolment ratio, tertiary students studying in Central and Eastern Europe, male (UIS estimate) (%)",TGO,2014,.0119200004264712,,UIS_EST
MOGER.5T8.40530.M,"Mobile outbound gross enrolment ratio, tertiary students studying in Central and Eastern Europe, male (UIS estimate) (%)",TGO,2015,.0139800002798438,,UIS_EST
MOGER.5T8.40530.M,"Mobile outbound gross enrolment ratio, tertiary students studying in Central and Eastern Europe, male (UIS estimate) (%)",TGO,2016,.0176400002092123,,UIS_EST
MOGER.5T8.40530.M,"Mobile outbound gross enrolment ratio, tertiary students studying in Central and Eastern Europe, male (UIS estimate) (%)",TGO,2017,.0189699996262789,,UIS_EST
MOGER.5T8.40530.M,"Mobile outbound gross enrolment ratio, tertiary students studying in Central and Eastern Europe, male (UIS estimate) (%)",TGO,2018,.0188500005751848,,
MOGER.5T8.40530.M,"Mobile outbound gross enrolment ratio, tertiary students studying in Central and Eastern Europe, male (UIS estimate) (%)",TGO,2019,.0226300004869699,,
MOGER.5T8.40530.M,"Mobile outbound gross enrolment ratio, tertiary students studying in Central and Eastern Europe, male (UIS estimate) (%)",TGO,2020,.0302600003778934,,
MOGER.5T8.40530.M,"Mobile outbound gross enrolment ratio, tertiary students studying in Central and Eastern Europe, male (UIS estimate) (%)",TGO,2021,.0331499986350536,,
MOGER.5T8.40530.M,"Mobile outbound gross enrolment ratio, tertiary students studying in Central and Eastern Europe, male (UIS estimate) (%)",TGO,2022,.043249998241663,,
MOGER.5T8.40530.M,"Mobile outbound gross enrolment ratio, tertiary students studying in Central and Eastern Europe, male (UIS estimate) (%)",TGO,2023,.0474999994039536,,UIS_EST
MOGER.5T8.40535,"Mobile outbound gross enrolment ratio, tertiary students studying in South and West Asia, both sexes (UIS estimate) (%)",TGO,1999,0,NIL,UIS_EST
MOGER.5T8.40535,"Mobile outbound gross enrolment ratio, tertiary students studying in South and West Asia, both sexes (UIS estimate) (%)",TGO,2000,0,NIL,
MOGER.5T8.40535,"Mobile outbound gross enrolment ratio, tertiary students studying in South and West Asia, both sexes (UIS estimate) (%)",TGO,2001,0,NIL,
MOGER.5T8.40535,"Mobile outbound gross enrolment ratio, tertiary students studying in South and West Asia, both sexes (UIS estimate) (%)",TGO,2002,0,NIL,
MOGER.5T8.40535,"Mobile outbound gross enrolment ratio, tertiary students studying in South and West Asia, both sexes (UIS estimate) (%)",TGO,2003,0,NIL,
MOGER.5T8.40535,"Mobile outbound gross enrolment ratio, tertiary students studying in South and West Asia, both sexes (UIS estimate) (%)",TGO,2004,0,NIL,UIS_EST
MOGER.5T8.40535,"Mobile outbound gross enrolment ratio, tertiary students studying in South and West Asia, both sexes (UIS estimate) (%)",TGO,2005,0,NIL,
MOGER.5T8.40535,"Mobile outbound gross enrolment ratio, tertiary students studying in South and West Asia, both sexes (UIS estimate) (%)",TGO,2006,0,NIL,
MOGER.5T8.40535,"Mobile outbound gross enrolment ratio, tertiary students studying in South and West Asia, both sexes (UIS estimate) (%)",TGO,2007,.0000700000018696,,UIS_EST
MOGER.5T8.40535,"Mobile outbound gross enrolment ratio, tertiary students studying in South and West Asia, both sexes (UIS estimate) (%)",TGO,2008,.0001300000003539,,UIS_EST
MOGER.5T8.40535,"Mobile outbound gross enrolment ratio, tertiary students studying in South and West Asia, both sexes (UIS estimate) (%)",TGO,2009,.0001999999949476,,UIS_EST
MOGER.5T8.40535,"Mobile outbound gross enrolment ratio, tertiary students studying in South and West Asia, both sexes (UIS estimate) (%)",TGO,2010,.0002500000118744,,UIS_EST
MOGER.5T8.40535,"Mobile outbound gross enrolment ratio, tertiary students studying in South and West Asia, both sexes (UIS estimate) (%)",TGO,2011,.0003100000030827,,
MOGER.5T8.40535,"Mobile outbound gross enrolment ratio, tertiary students studying in South and West Asia, both sexes (UIS estimate) (%)",TGO,2012,.0003100000030827,,
MOGER.5T8.40535,"Mobile outbound gross enrolment ratio, tertiary students studying in South and West Asia, both sexes (UIS estimate) (%)",TGO,2013,.0003000000142492,,
MOGER.5T8.40535,"Mobile outbound gross enrolment ratio, tertiary students studying in South and West Asia, both sexes (UIS estimate) (%)",TGO,2014,.0005900000105612,,
MOGER.5T8.40535,"Mobile outbound gross enrolment ratio, tertiary students studying in South and West Asia, both sexes (UIS estimate) (%)",TGO,2015,.0011500000255182,,
MOGER.5T8.40535,"Mobile outbound gross enrolment ratio, tertiary students studying in South and West Asia, both sexes (UIS estimate) (%)",TGO,2016,.0007099999929778,,
MOGER.5T8.40535,"Mobile outbound gross enrolment ratio, tertiary students studying in South and West Asia, both sexes (UIS estimate) (%)",TGO,2017,.0020800000056624,,
MOGER.5T8.40535,"Mobile outbound gross enrolment ratio, tertiary students studying in South and West Asia, both sexes (UIS estimate) (%)",TGO,2018,.0084400000050664,,
MOGER.5T8.40535,"Mobile outbound gross enrolment ratio, tertiary students studying in South and West Asia, both sexes (UIS estimate) (%)",TGO,2019,.0132999997586012,,
MOGER.5T8.40535,"Mobile outbound gross enrolment ratio, tertiary students studying in South and West Asia, both sexes (UIS estimate) (%)",TGO,2020,.0110200000926852,,
MOGER.5T8.40535,"Mobile outbound gross enrolment ratio, tertiary students studying in South and West Asia, both sexes (UIS estimate) (%)",TGO,2021,.0083200000226498,,
MOGER.5T8.40535,"Mobile outbound gross enrolment ratio, tertiary students studying in South and West Asia, both sexes (UIS estimate) (%)",TGO,2022,.0088099995627999,,
MOGER.5T8.40535,"Mobile outbound gross enrolment ratio, tertiary students studying in South and West Asia, both sexes (UIS estimate) (%)",TGO,2023,.0085699995979667,,
MOGER.5T8.40535.F,"Mobile outbound gross enrolment ratio, tertiary students studying in South and West Asia, female (UIS estimate) (%)",TGO,2012,0,NIL,UIS_EST
MOGER.5T8.40535.F,"Mobile outbound gross enrolment ratio, tertiary students studying in South and West Asia, female (UIS estimate) (%)",TGO,2013,0,NIL,
MOGER.5T8.40535.F,"Mobile outbound gross enrolment ratio, tertiary students studying in South and West Asia, female (UIS estimate) (%)",TGO,2014,.0003000000142492,,
MOGER.5T8.40535.F,"Mobile outbound gross enrolment ratio, tertiary students studying in South and West Asia, female (UIS estimate) (%)",TGO,2015,0,NIL,
MOGER.5T8.40535.F,"Mobile outbound gross enrolment ratio, tertiary students studying in South and West Asia, female (UIS estimate) (%)",TGO,2016,.000289999996312,,
MOGER.5T8.40535.F,"Mobile outbound gross enrolment ratio, tertiary students studying in South and West Asia, female (UIS estimate) (%)",TGO,2017,.0008399999933317,,
MOGER.5T8.40535.F,"Mobile outbound gross enrolment ratio, tertiary students studying in South and West Asia, female (UIS estimate) (%)",TGO,2018,.0024800000246614,,
MOGER.5T8.40535.F,"Mobile outbound gross enrolment ratio, tertiary students studying in South and West Asia, female (UIS estimate) (%)",TGO,2019,.0059199999086559,,
MOGER.5T8.40535.F,"Mobile outbound gross enrolment ratio, tertiary students studying in South and West Asia, female (UIS estimate) (%)",TGO,2020,.0047200000844896,,
MOGER.5T8.40535.F,"Mobile outbound gross enrolment ratio, tertiary students studying in South and West Asia, female (UIS estimate) (%)",TGO,2021,.0017900000093505,,
MOGER.5T8.40535.F,"Mobile outbound gross enrolment ratio, tertiary students studying in South and West Asia, female (UIS estimate) (%)",TGO,2022,.001979999942705,,
MOGER.5T8.40535.F,"Mobile outbound gross enrolment ratio, tertiary students studying in South and West Asia, female (UIS estimate) (%)",TGO,2023,.0019300000276417,,
MOGER.5T8.40535.GPIA,"Mobile outbound gross enrolment ratio, tertiary students studying in South and West Asia, adjusted gender parity index (GPIA) (UIS estimate)",TGO,2012,0,NIL,UIS_EST
MOGER.5T8.40535.GPIA,"Mobile outbound gross enrolment ratio, tertiary students studying in South and West Asia, adjusted gender parity index (GPIA) (UIS estimate)",TGO,2013,0,NIL,
MOGER.5T8.40535.GPIA,"Mobile outbound gross enrolment ratio, tertiary students studying in South and West Asia, adjusted gender parity index (GPIA) (UIS estimate)",TGO,2014,.3402200043201447,,
MOGER.5T8.40535.GPIA,"Mobile outbound gross enrolment ratio, tertiary students studying in South and West Asia, adjusted gender parity index (GPIA) (UIS estimate)",TGO,2015,0,NIL,
MOGER.5T8.40535.GPIA,"Mobile outbound gross enrolment ratio, tertiary students studying in South and West Asia, adjusted gender parity index (GPIA) (UIS estimate)",TGO,2016,.2553099989891052,,
MOGER.5T8.40535.GPIA,"Mobile outbound gross enrolment ratio, tertiary students studying in South and West Asia, adjusted gender parity index (GPIA) (UIS estimate)",TGO,2017,.2553699910640717,,
MOGER.5T8.40535.GPIA,"Mobile outbound gross enrolment ratio, tertiary students studying in South and West Asia, adjusted gender parity index (GPIA) (UIS estimate)",TGO,2018,.1735000014305115,,
MOGER.5T8.40535.GPIA,"Mobile outbound gross enrolment ratio, tertiary students studying in South and West Asia, adjusted gender parity index (GPIA) (UIS estimate)",TGO,2019,.2882699966430664,,
MOGER.5T8.40535.GPIA,"Mobile outbound gross enrolment ratio, tertiary students studying in South and West Asia, adjusted gender parity index (GPIA) (UIS estimate)",TGO,2020,.274729996919632,,
MOGER.5T8.40535.GPIA,"Mobile outbound gross enrolment ratio, tertiary students studying in South and West Asia, adjusted gender parity index (GPIA) (UIS estimate)",TGO,2021,.121409997344017,,
MOGER.5T8.40535.GPIA,"Mobile outbound gross enrolment ratio, tertiary students studying in South and West Asia, adjusted gender parity index (GPIA) (UIS estimate)",TGO,2022,.1280000060796738,,
MOGER.5T8.40535.GPIA,"Mobile outbound gross enrolment ratio, tertiary students studying in South and West Asia, adjusted gender parity index (GPIA) (UIS estimate)",TGO,2023,.1280999928712845,,
MOGER.5T8.40535.M,"Mobile outbound gross enrolment ratio, tertiary students studying in South and West Asia, male (UIS estimate) (%)",TGO,1970,0,NIL,
MOGER.5T8.40535.M,"Mobile outbound gross enrolment ratio, tertiary students studying in South and West Asia, male (UIS estimate) (%)",TGO,1971,0,NIL,
MOGER.5T8.40535.M,"Mobile outbound gross enrolment ratio, tertiary students studying in South and West Asia, male (UIS estimate) (%)",TGO,1972,0,NIL,
MOGER.5T8.40535.M,"Mobile outbound gross enrolment ratio, tertiary students studying in South and West Asia, male (UIS estimate) (%)",TGO,1973,0,NIL,
MOGER.5T8.40535.M,"Mobile outbound gross enrolment ratio, tertiary students studying in South and West Asia, male (UIS estimate) (%)",TGO,1974,0,NIL,
MOGER.5T8.40535.M,"Mobile outbound gross enrolment ratio, tertiary students studying in South and West Asia, male (UIS estimate) (%)",TGO,1975,0,NIL,
MOGER.5T8.40535.M,"Mobile outbound gross enrolment ratio, tertiary students studying in South and West Asia, male (UIS estimate) (%)",TGO,1976,0,NIL,
MOGER.5T8.40535.M,"Mobile outbound gross enrolment ratio, tertiary students studying in South and West Asia, male (UIS estimate) (%)",TGO,1977,0,NIL,
MOGER.5T8.40535.M,"Mobile outbound gross enrolment ratio, tertiary students studying in South and West Asia, male (UIS estimate) (%)",TGO,1978,0,NIL,
MOGER.5T8.40535.M,"Mobile outbound gross enrolment ratio, tertiary students studying in South and West Asia, male (UIS estimate) (%)",TGO,1979,0,NIL,
MOGER.5T8.40535.M,"Mobile outbound gross enrolment ratio, tertiary students studying in South and West Asia, male (UIS estimate) (%)",TGO,1980,0,NIL,
MOGER.5T8.40535.M,"Mobile outbound gross enrolment ratio, tertiary students studying in South and West Asia, male (UIS estimate) (%)",TGO,1981,0,NIL,
MOGER.5T8.40535.M,"Mobile outbound gross enrolment ratio, tertiary students studying in South and West Asia, male (UIS estimate) (%)",TGO,1982,0,NIL,
MOGER.5T8.40535.M,"Mobile outbound gross enrolment ratio, tertiary students studying in South and West Asia, male (UIS estimate) (%)",TGO,1983,0,NIL,
MOGER.5T8.40535.M,"Mobile outbound gross enrolment ratio, tertiary students studying in South and West Asia, male (UIS estimate) (%)",TGO,1984,0,NIL,
MOGER.5T8.40535.M,"Mobile outbound gross enrolment ratio, tertiary students studying in South and West Asia, male (UIS estimate) (%)",TGO,1985,0,NIL,
MOGER.5T8.40535.M,"Mobile outbound gross enrolment ratio, tertiary students studying in South and West Asia, male (UIS estimate) (%)",TGO,1986,0,NIL,
MOGER.5T8.40535.M,"Mobile outbound gross enrolment ratio, tertiary students studying in South and West Asia, male (UIS estimate) (%)",TGO,1987,0,NIL,
MOGER.5T8.40535.M,"Mobile outbound gross enrolment ratio, tertiary students studying in South and West Asia, male (UIS estimate) (%)",TGO,1988,0,NIL,
MOGER.5T8.40535.M,"Mobile outbound gross enrolment ratio, tertiary students studying in South and West Asia, male (UIS estimate) (%)",TGO,1989,0,NIL,
MOGER.5T8.40535.M,"Mobile outbound gross enrolment ratio, tertiary students studying in South and West Asia, male (UIS estimate) (%)",TGO,1990,0,NIL,
MOGER.5T8.40535.M,"Mobile outbound gross enrolment ratio, tertiary students studying in South and West Asia, male (UIS estimate) (%)",TGO,1991,0,NIL,
MOGER.5T8.40535.M,"Mobile outbound gross enrolment ratio, tertiary students studying in South and West Asia, male (UIS estimate) (%)",TGO,1992,0,NIL,
MOGER.5T8.40535.M,"Mobile outbound gross enrolment ratio, tertiary students studying in South and West Asia, male (UIS estimate) (%)",TGO,1993,0,NIL,
MOGER.5T8.40535.M,"Mobile outbound gross enrolment ratio, tertiary students studying in South and West Asia, male (UIS estimate) (%)",TGO,1994,0,NIL,
MOGER.5T8.40535.M,"Mobile outbound gross enrolment ratio, tertiary students studying in South and West Asia, male (UIS estimate) (%)",TGO,1995,0,NIL,
MOGER.5T8.40535.M,"Mobile outbound gross enrolment ratio, tertiary students studying in South and West Asia, male (UIS estimate) (%)",TGO,1996,0,NIL,
MOGER.5T8.40535.M,"Mobile outbound gross enrolment ratio, tertiary students studying in South and West Asia, male (UIS estimate) (%)",TGO,1997,0,NIL,
MOGER.5T8.40535.M,"Mobile outbound gross enrolment ratio, tertiary students studying in South and West Asia, male (UIS estimate) (%)",TGO,1998,0,NIL,
MOGER.5T8.40535.M,"Mobile outbound gross enrolment ratio, tertiary students studying in South and West Asia, male (UIS estimate) (%)",TGO,1999,0,NIL,UIS_EST
MOGER.5T8.40535.M,"Mobile outbound gross enrolment ratio, tertiary students studying in South and West Asia, male (UIS estimate) (%)",TGO,2000,0,NIL,
MOGER.5T8.40535.M,"Mobile outbound gross enrolment ratio, tertiary students studying in South and West Asia, male (UIS estimate) (%)",TGO,2001,0,NIL,
MOGER.5T8.40535.M,"Mobile outbound gross enrolment ratio, tertiary students studying in South and West Asia, male (UIS estimate) (%)",TGO,2002,0,NIL,
MOGER.5T8.40535.M,"Mobile outbound gross enrolment ratio, tertiary students studying in South and West Asia, male (UIS estimate) (%)",TGO,2003,0,NIL,
MOGER.5T8.40535.M,"Mobile outbound gross enrolment ratio, tertiary students studying in South and West Asia, male (UIS estimate) (%)",TGO,2004,0,NIL,UIS_EST
MOGER.5T8.40535.M,"Mobile outbound gross enrolment ratio, tertiary students studying in South and West Asia, male (UIS estimate) (%)",TGO,2005,0,NIL,
MOGER.5T8.40535.M,"Mobile outbound gross enrolment ratio, tertiary students studying in South and West Asia, male (UIS estimate) (%)",TGO,2006,0,NIL,
MOGER.5T8.40535.M,"Mobile outbound gross enrolment ratio, tertiary students studying in South and West Asia, male (UIS estimate) (%)",TGO,2007,.0001400000037393,,UIS_EST
MOGER.5T8.40535.M,"Mobile outbound gross enrolment ratio, tertiary students studying in South and West Asia, male (UIS estimate) (%)",TGO,2008,.0002600000007078,,UIS_EST
MOGER.5T8.40535.M,"Mobile outbound gross enrolment ratio, tertiary students studying in South and West Asia, male (UIS estimate) (%)",TGO,2009,.0003900000010617,,UIS_EST
MOGER.5T8.40535.M,"Mobile outbound gross enrolment ratio, tertiary students studying in South and West Asia, male (UIS estimate) (%)",TGO,2010,.0005000000237487,,UIS_EST
MOGER.5T8.40535.M,"Mobile outbound gross enrolment ratio, tertiary students studying in South and West Asia, male (UIS estimate) (%)",TGO,2011,.0006200000061654,,
MOGER.5T8.40535.M,"Mobile outbound gross enrolment ratio, tertiary students studying in South and West Asia, male (UIS estimate) (%)",TGO,2012,.0006000000284985,,UIS_EST
MOGER.5T8.40535.M,"Mobile outbound gross enrolment ratio, tertiary students studying in South and West Asia, male (UIS estimate) (%)",TGO,2013,.0005900000105612,,
MOGER.5T8.40535.M,"Mobile outbound gross enrolment ratio, tertiary students studying in South and West Asia, male (UIS estimate) (%)",TGO,2014,.0008699999889359,,
MOGER.5T8.40535.M,"Mobile outbound gross enrolment ratio, tertiary students studying in South and West Asia, male (UIS estimate) (%)",TGO,2015,.0022799998987466,,
MOGER.5T8.40535.M,"Mobile outbound gross enrolment ratio, tertiary students studying in South and West Asia, male (UIS estimate) (%)",TGO,2016,.0011200000299141,,
MOGER.5T8.40535.M,"Mobile outbound gross enrolment ratio, tertiary students studying in South and West Asia, male (UIS estimate) (%)",TGO,2017,.0032999999821186,,
MOGER.5T8.40535.M,"Mobile outbound gross enrolment ratio, tertiary students studying in South and West Asia, male (UIS estimate) (%)",TGO,2018,.0142700001597404,,
MOGER.5T8.40535.M,"Mobile outbound gross enrolment ratio, tertiary students studying in South and West Asia, male (UIS estimate) (%)",TGO,2019,.0205199997872114,,
MOGER.5T8.40535.M,"Mobile outbound gross enrolment ratio, tertiary students studying in South and West Asia, male (UIS estimate) (%)",TGO,2020,.0171799995005131,,
MOGER.5T8.40535.M,"Mobile outbound gross enrolment ratio, tertiary students studying in South and West Asia, male (UIS estimate) (%)",TGO,2021,.0147000001743436,,
MOGER.5T8.40535.M,"Mobile outbound gross enrolment ratio, tertiary students studying in South and West Asia, male (UIS estimate) (%)",TGO,2022,.0154799995943904,,
MOGER.5T8.40535.M,"Mobile outbound gross enrolment ratio, tertiary students studying in South and West Asia, male (UIS estimate) (%)",TGO,2023,.0150499995797873,,
MOGER.5T8.40540,"Mobile outbound gross enrolment ratio, tertiary students studying in sub-Saharan Africa, both sexes (UIS estimate) (%)",TGO,1998,.4595800042152405,,UIS_EST
MOGER.5T8.40540,"Mobile outbound gross enrolment ratio, tertiary students studying in sub-Saharan Africa, both sexes (UIS estimate) (%)",TGO,1999,.444599986076355,,UIS_EST
MOGER.5T8.40540,"Mobile outbound gross enrolment ratio, tertiary students studying in sub-Saharan Africa, both sexes (UIS estimate) (%)",TGO,2007,.3688099980354309,,UIS_EST
MOGER.5T8.40540,"Mobile outbound gross enrolment ratio, tertiary students studying in sub-Saharan Africa, both sexes (UIS estimate) (%)",TGO,2008,.3619599938392639,,UIS_EST
MOGER.5T8.40540,"Mobile outbound gross enrolment ratio, tertiary students studying in sub-Saharan Africa, both sexes (UIS estimate) (%)",TGO,2009,.3516600131988525,,UIS_EST
MOGER.5T8.40540,"Mobile outbound gross enrolment ratio, tertiary students studying in sub-Saharan Africa, both sexes (UIS estimate) (%)",TGO,2010,.3452700078487396,,UIS_EST
MOGER.5T8.40540,"Mobile outbound gross enrolment ratio, tertiary students studying in sub-Saharan Africa, both sexes (UIS estimate) (%)",TGO,2011,.3314099907875061,,UIS_EST
MOGER.5T8.40540,"Mobile outbound gross enrolment ratio, tertiary students studying in sub-Saharan Africa, both sexes (UIS estimate) (%)",TGO,2012,.3285700082778931,,UIS_EST
MOGER.5T8.40540,"Mobile outbound gross enrolment ratio, tertiary students studying in sub-Saharan Africa, both sexes (UIS estimate) (%)",TGO,2013,.3415000140666962,,UIS_EST
MOGER.5T8.40540,"Mobile outbound gross enrolment ratio, tertiary students studying in sub-Saharan Africa, both sexes (UIS estimate) (%)",TGO,2014,.363099992275238,,UIS_EST
MOGER.5T8.40540,"Mobile outbound gross enrolment ratio, tertiary students studying in sub-Saharan Africa, both sexes (UIS estimate) (%)",TGO,2015,.3483999967575073,,UIS_EST
MOGER.5T8.40540,"Mobile outbound gross enrolment ratio, tertiary students studying in sub-Saharan Africa, both sexes (UIS estimate) (%)",TGO,2016,.3530200123786926,,UIS_EST
MOGER.5T8.40540,"Mobile outbound gross enrolment ratio, tertiary students studying in sub-Saharan Africa, both sexes (UIS estimate) (%)",TGO,2017,.3166800141334534,,UIS_EST
MOGER.5T8.40540,"Mobile outbound gross enrolment ratio, tertiary students studying in sub-Saharan Africa, both sexes (UIS estimate) (%)",TGO,2018,.34375,,UIS_EST
MOGER.5T8.40540,"Mobile outbound gross enrolment ratio, tertiary students studying in sub-Saharan Africa, both sexes (UIS estimate) (%)",TGO,2019,.316430002450943,,UIS_EST
MOGER.5T8.40540,"Mobile outbound gross enrolment ratio, tertiary students studying in sub-Saharan Africa, both sexes (UIS estimate) (%)",TGO,2020,.3062399923801422,,UIS_EST
MOGER.5T8.40540,"Mobile outbound gross enrolment ratio, tertiary students studying in sub-Saharan Africa, both sexes (UIS estimate) (%)",TGO,2021,.2930200099945068,,UIS_EST
MOGER.5T8.40540,"Mobile outbound gross enrolment ratio, tertiary students studying in sub-Saharan Africa, both sexes (UIS estimate) (%)",TGO,2022,.3002699911594391,,UIS_EST
MOGER.5T8.40540,"Mobile outbound gross enrolment ratio, tertiary students studying in sub-Saharan Africa, both sexes (UIS estimate) (%)",TGO,2023,.2960900068283081,,UIS_EST
MOGER.5T8.40540.F,"Mobile outbound gross enrolment ratio, tertiary students studying in sub-Saharan Africa, female (UIS estimate) (%)",TGO,2012,.1810699999332428,,UIS_EST
MOGER.5T8.40540.F,"Mobile outbound gross enrolment ratio, tertiary students studying in sub-Saharan Africa, female (UIS estimate) (%)",TGO,2013,.1886699944734573,,UIS_EST
MOGER.5T8.40540.F,"Mobile outbound gross enrolment ratio, tertiary students studying in sub-Saharan Africa, female (UIS estimate) (%)",TGO,2014,.2047699987888336,,UIS_EST
MOGER.5T8.40540.F,"Mobile outbound gross enrolment ratio, tertiary students studying in sub-Saharan Africa, female (UIS estimate) (%)",TGO,2015,.2051199972629547,,UIS_EST
MOGER.5T8.40540.F,"Mobile outbound gross enrolment ratio, tertiary students studying in sub-Saharan Africa, female (UIS estimate) (%)",TGO,2016,.2162200063467026,,UIS_EST
MOGER.5T8.40540.F,"Mobile outbound gross enrolment ratio, tertiary students studying in sub-Saharan Africa, female (UIS estimate) (%)",TGO,2017,.2071299999952316,,UIS_EST
MOGER.5T8.40540.F,"Mobile outbound gross enrolment ratio, tertiary students studying in sub-Saharan Africa, female (UIS estimate) (%)",TGO,2018,.2155199944972992,,UIS_EST
MOGER.5T8.40540.F,"Mobile outbound gross enrolment ratio, tertiary students studying in sub-Saharan Africa, female (UIS estimate) (%)",TGO,2019,.2090999931097031,,UIS_EST
MOGER.5T8.40540.F,"Mobile outbound gross enrolment ratio, tertiary students studying in sub-Saharan Africa, female (UIS estimate) (%)",TGO,2020,.2224400043487549,,UIS_EST
MOGER.5T8.40540.F,"Mobile outbound gross enrolment ratio, tertiary students studying in sub-Saharan Africa, female (UIS estimate) (%)",TGO,2021,.2064799964427948,,UIS_EST
MOGER.5T8.40540.F,"Mobile outbound gross enrolment ratio, tertiary students studying in sub-Saharan Africa, female (UIS estimate) (%)",TGO,2022,.2051299959421158,,UIS_EST
MOGER.5T8.40540.F,"Mobile outbound gross enrolment ratio, tertiary students studying in sub-Saharan Africa, female (UIS estimate) (%)",TGO,2023,.2441000044345856,,UIS_EST
MOGER.5T8.40540.GPIA,"Mobile outbound gross enrolment ratio, tertiary students studying in sub-Saharan Africa, adjusted gender parity index (GPIA) (UIS estimate)",TGO,2012,.3826900124549866,,UIS_EST
MOGER.5T8.40540.GPIA,"Mobile outbound gross enrolment ratio, tertiary students studying in sub-Saharan Africa, adjusted gender parity index (GPIA) (UIS estimate)",TGO,2013,.3840399980545044,,UIS_EST
MOGER.5T8.40540.GPIA,"Mobile outbound gross enrolment ratio, tertiary students studying in sub-Saharan Africa, adjusted gender parity index (GPIA) (UIS estimate)",TGO,2014,.3951300084590912,,UIS_EST
MOGER.5T8.40540.GPIA,"Mobile outbound gross enrolment ratio, tertiary students studying in sub-Saharan Africa, adjusted gender parity index (GPIA) (UIS estimate)",TGO,2015,.4196900129318237,,UIS_EST
MOGER.5T8.40540.GPIA,"Mobile outbound gross enrolment ratio, tertiary students studying in sub-Saharan Africa, adjusted gender parity index (GPIA) (UIS estimate)",TGO,2016,.4440000057220459,,UIS_EST
MOGER.5T8.40540.GPIA,"Mobile outbound gross enrolment ratio, tertiary students studying in sub-Saharan Africa, adjusted gender parity index (GPIA) (UIS estimate)",TGO,2017,.4886099994182587,,UIS_EST
MOGER.5T8.40540.GPIA,"Mobile outbound gross enrolment ratio, tertiary students studying in sub-Saharan Africa, adjusted gender parity index (GPIA) (UIS estimate)",TGO,2018,.4592899978160858,,UIS_EST
MOGER.5T8.40540.GPIA,"Mobile outbound gross enrolment ratio, tertiary students studying in sub-Saharan Africa, adjusted gender parity index (GPIA) (UIS estimate)",TGO,2019,.4961499869823456,,UIS_EST
MOGER.5T8.40540.GPIA,"Mobile outbound gross enrolment ratio, tertiary students studying in sub-Saharan Africa, adjusted gender parity index (GPIA) (UIS estimate)",TGO,2020,.5730400085449219,,UIS_EST
MOGER.5T8.40540.GPIA,"Mobile outbound gross enrolment ratio, tertiary students studying in sub-Saharan Africa, adjusted gender parity index (GPIA) (UIS estimate)",TGO,2021,.5468400120735168,,UIS_EST
MOGER.5T8.40540.GPIA,"Mobile outbound gross enrolment ratio, tertiary students studying in sub-Saharan Africa, adjusted gender parity index (GPIA) (UIS estimate)",TGO,2022,.5217400193214417,,UIS_EST
MOGER.5T8.40540.GPIA,"Mobile outbound gross enrolment ratio, tertiary students studying in sub-Saharan Africa, adjusted gender parity index (GPIA) (UIS estimate)",TGO,2023,.7038099765777588,,UIS_EST
MOGER.5T8.40540.M,"Mobile outbound gross enrolment ratio, tertiary students studying in sub-Saharan Africa, male (UIS estimate) (%)",TGO,1970,0,NIL,
MOGER.5T8.40540.M,"Mobile outbound gross enrolment ratio, tertiary students studying in sub-Saharan Africa, male (UIS estimate) (%)",TGO,1971,0,NIL,
MOGER.5T8.40540.M,"Mobile outbound gross enrolment ratio, tertiary students studying in sub-Saharan Africa, male (UIS estimate) (%)",TGO,1972,0,NIL,
MOGER.5T8.40540.M,"Mobile outbound gross enrolment ratio, tertiary students studying in sub-Saharan Africa, male (UIS estimate) (%)",TGO,1973,0,NIL,
MOGER.5T8.40540.M,"Mobile outbound gross enrolment ratio, tertiary students studying in sub-Saharan Africa, male (UIS estimate) (%)",TGO,1974,0,NIL,
MOGER.5T8.40540.M,"Mobile outbound gross enrolment ratio, tertiary students studying in sub-Saharan Africa, male (UIS estimate) (%)",TGO,1975,0,NIL,
MOGER.5T8.40540.M,"Mobile outbound gross enrolment ratio, tertiary students studying in sub-Saharan Africa, male (UIS estimate) (%)",TGO,1976,0,NIL,
MOGER.5T8.40540.M,"Mobile outbound gross enrolment ratio, tertiary students studying in sub-Saharan Africa, male (UIS estimate) (%)",TGO,1977,0,NIL,
MOGER.5T8.40540.M,"Mobile outbound gross enrolment ratio, tertiary students studying in sub-Saharan Africa, male (UIS estimate) (%)",TGO,1978,0,NIL,
MOGER.5T8.40540.M,"Mobile outbound gross enrolment ratio, tertiary students studying in sub-Saharan Africa, male (UIS estimate) (%)",TGO,1979,0,NIL,
MOGER.5T8.40540.M,"Mobile outbound gross enrolment ratio, tertiary students studying in sub-Saharan Africa, male (UIS estimate) (%)",TGO,1980,0,NIL,
MOGER.5T8.40540.M,"Mobile outbound gross enrolment ratio, tertiary students studying in sub-Saharan Africa, male (UIS estimate) (%)",TGO,1981,0,NIL,
MOGER.5T8.40540.M,"Mobile outbound gross enrolment ratio, tertiary students studying in sub-Saharan Africa, male (UIS estimate) (%)",TGO,1982,0,NIL,
MOGER.5T8.40540.M,"Mobile outbound gross enrolment ratio, tertiary students studying in sub-Saharan Africa, male (UIS estimate) (%)",TGO,1983,0,NIL,
MOGER.5T8.40540.M,"Mobile outbound gross enrolment ratio, tertiary students studying in sub-Saharan Africa, male (UIS estimate) (%)",TGO,1984,0,NIL,
MOGER.5T8.40540.M,"Mobile outbound gross enrolment ratio, tertiary students studying in sub-Saharan Africa, male (UIS estimate) (%)",TGO,1985,0,NIL,
MOGER.5T8.40540.M,"Mobile outbound gross enrolment ratio, tertiary students studying in sub-Saharan Africa, male (UIS estimate) (%)",TGO,1986,0,NIL,
MOGER.5T8.40540.M,"Mobile outbound gross enrolment ratio, tertiary students studying in sub-Saharan Africa, male (UIS estimate) (%)",TGO,1987,0,NIL,
MOGER.5T8.40540.M,"Mobile outbound gross enrolment ratio, tertiary students studying in sub-Saharan Africa, male (UIS estimate) (%)",TGO,1988,0,NIL,
MOGER.5T8.40540.M,"Mobile outbound gross enrolment ratio, tertiary students studying in sub-Saharan Africa, male (UIS estimate) (%)",TGO,1989,0,NIL,
MOGER.5T8.40540.M,"Mobile outbound gross enrolment ratio, tertiary students studying in sub-Saharan Africa, male (UIS estimate) (%)",TGO,1990,0,NIL,
MOGER.5T8.40540.M,"Mobile outbound gross enrolment ratio, tertiary students studying in sub-Saharan Africa, male (UIS estimate) (%)",TGO,1991,0,NIL,
MOGER.5T8.40540.M,"Mobile outbound gross enrolment ratio, tertiary students studying in sub-Saharan Africa, male (UIS estimate) (%)",TGO,1992,0,NIL,
MOGER.5T8.40540.M,"Mobile outbound gross enrolment ratio, tertiary students studying in sub-Saharan Africa, male (UIS estimate) (%)",TGO,1993,0,NIL,
MOGER.5T8.40540.M,"Mobile outbound gross enrolment ratio, tertiary students studying in sub-Saharan Africa, male (UIS estimate) (%)",TGO,1994,0,NIL,
MOGER.5T8.40540.M,"Mobile outbound gross enrolment ratio, tertiary students studying in sub-Saharan Africa, male (UIS estimate) (%)",TGO,1995,0,NIL,
MOGER.5T8.40540.M,"Mobile outbound gross enrolment ratio, tertiary students studying in sub-Saharan Africa, male (UIS estimate) (%)",TGO,1996,0,NIL,
MOGER.5T8.40540.M,"Mobile outbound gross enrolment ratio, tertiary students studying in sub-Saharan Africa, male (UIS estimate) (%)",TGO,1997,0,NIL,
MOGER.5T8.40540.M,"Mobile outbound gross enrolment ratio, tertiary students studying in sub-Saharan Africa, male (UIS estimate) (%)",TGO,1998,.9155499935150146,,UIS_EST
MOGER.5T8.40540.M,"Mobile outbound gross enrolment ratio, tertiary students studying in sub-Saharan Africa, male (UIS estimate) (%)",TGO,1999,.8855000138282776,,UIS_EST
MOGER.5T8.40540.M,"Mobile outbound gross enrolment ratio, tertiary students studying in sub-Saharan Africa, male (UIS estimate) (%)",TGO,2000,0,NIL,
MOGER.5T8.40540.M,"Mobile outbound gross enrolment ratio, tertiary students studying in sub-Saharan Africa, male (UIS estimate) (%)",TGO,2001,0,NIL,
MOGER.5T8.40540.M,"Mobile outbound gross enrolment ratio, tertiary students studying in sub-Saharan Africa, male (UIS estimate) (%)",TGO,2002,0,NIL,
MOGER.5T8.40540.M,"Mobile outbound gross enrolment ratio, tertiary students studying in sub-Saharan Africa, male (UIS estimate) (%)",TGO,2003,0,NIL,
MOGER.5T8.40540.M,"Mobile outbound gross enrolment ratio, tertiary students studying in sub-Saharan Africa, male (UIS estimate) (%)",TGO,2004,0,NIL,
MOGER.5T8.40540.M,"Mobile outbound gross enrolment ratio, tertiary students studying in sub-Saharan Africa, male (UIS estimate) (%)",TGO,2005,0,NIL,
MOGER.5T8.40540.M,"Mobile outbound gross enrolment ratio, tertiary students studying in sub-Saharan Africa, male (UIS estimate) (%)",TGO,2006,0,NIL,
MOGER.5T8.40540.M,"Mobile outbound gross enrolment ratio, tertiary students studying in sub-Saharan Africa, male (UIS estimate) (%)",TGO,2007,.7312999963760376,,UIS_EST
MOGER.5T8.40540.M,"Mobile outbound gross enrolment ratio, tertiary students studying in sub-Saharan Africa, male (UIS estimate) (%)",TGO,2008,.7173699736595154,,UIS_EST
MOGER.5T8.40540.M,"Mobile outbound gross enrolment ratio, tertiary students studying in sub-Saharan Africa, male (UIS estimate) (%)",TGO,2009,.6968299746513367,,UIS_EST
MOGER.5T8.40540.M,"Mobile outbound gross enrolment ratio, tertiary students studying in sub-Saharan Africa, male (UIS estimate) (%)",TGO,2010,.6839600205421448,,UIS_EST
MOGER.5T8.40540.M,"Mobile outbound gross enrolment ratio, tertiary students studying in sub-Saharan Africa, male (UIS estimate) (%)",TGO,2011,.6563599705696106,,UIS_EST
MOGER.5T8.40540.M,"Mobile outbound gross enrolment ratio, tertiary students studying in sub-Saharan Africa, male (UIS estimate) (%)",TGO,2012,.4731400012969971,,UIS_EST
MOGER.5T8.40540.M,"Mobile outbound gross enrolment ratio, tertiary students studying in sub-Saharan Africa, male (UIS estimate) (%)",TGO,2013,.4912700057029724,,UIS_EST
MOGER.5T8.40540.M,"Mobile outbound gross enrolment ratio, tertiary students studying in sub-Saharan Africa, male (UIS estimate) (%)",TGO,2014,.5182200074195862,,UIS_EST
MOGER.5T8.40540.M,"Mobile outbound gross enrolment ratio, tertiary students studying in sub-Saharan Africa, male (UIS estimate) (%)",TGO,2015,.4887300133705139,,UIS_EST
MOGER.5T8.40540.M,"Mobile outbound gross enrolment ratio, tertiary students studying in sub-Saharan Africa, male (UIS estimate) (%)",TGO,2016,.4869799911975861,,UIS_EST
MOGER.5T8.40540.M,"Mobile outbound gross enrolment ratio, tertiary students studying in sub-Saharan Africa, male (UIS estimate) (%)",TGO,2017,.4239299893379211,,UIS_EST
MOGER.5T8.40540.M,"Mobile outbound gross enrolment ratio, tertiary students studying in sub-Saharan Africa, male (UIS estimate) (%)",TGO,2018,.4692600071430206,,UIS_EST
MOGER.5T8.40540.M,"Mobile outbound gross enrolment ratio, tertiary students studying in sub-Saharan Africa, male (UIS estimate) (%)",TGO,2019,.4214400053024292,,UIS_EST
MOGER.5T8.40540.M,"Mobile outbound gross enrolment ratio, tertiary students studying in sub-Saharan Africa, male (UIS estimate) (%)",TGO,2020,.3881799876689911,,UIS_EST
MOGER.5T8.40540.M,"Mobile outbound gross enrolment ratio, tertiary students studying in sub-Saharan Africa, male (UIS estimate) (%)",TGO,2021,.377590000629425,,UIS_EST
MOGER.5T8.40540.M,"Mobile outbound gross enrolment ratio, tertiary students studying in sub-Saharan Africa, male (UIS estimate) (%)",TGO,2022,.3931699991226196,,UIS_EST
MOGER.5T8.40540.M,"Mobile outbound gross enrolment ratio, tertiary students studying in sub-Saharan Africa, male (UIS estimate) (%)",TGO,2023,.3468199968338013,,UIS_EST
NERT.1.CP,"Total net enrolment rate, primary, both sexes (%)",TGO,1971,47.14361953735352,,
NERT.1.CP,"Total net enrolment rate, primary, both sexes (%)",TGO,1972,48.28670120239258,,
NERT.1.CP,"Total net enrolment rate, primary, both sexes (%)",TGO,1978,64.76988983154297,,
NERT.1.CP,"Total net enrolment rate, primary, both sexes (%)",TGO,1979,65.92439270019531,,
NERT.1.CP,"Total net enrolment rate, primary, both sexes (%)",TGO,1980,66.1053466796875,,
NERT.1.CP,"Total net enrolment rate, primary, both sexes (%)",TGO,1982,63.49563980102539,,
NERT.1.CP,"Total net enrolment rate, primary, both sexes (%)",TGO,1983,61.53514099121094,,
NERT.1.CP,"Total net enrolment rate, primary, both sexes (%)",TGO,1984,55.41564178466797,,
NERT.1.CP,"Total net enrolment rate, primary, both sexes (%)",TGO,1985,53.96255874633789,,
NERT.1.CP,"Total net enrolment rate, primary, both sexes (%)",TGO,1986,50.01607894897461,,
NERT.1.CP,"Total net enrolment rate, primary, both sexes (%)",TGO,1987,58.97330856323242,,
NERT.1.CP,"Total net enrolment rate, primary, both sexes (%)",TGO,1988,59.76483154296875,,
NERT.1.CP,"Total net enrolment rate, primary, both sexes (%)",TGO,1989,60.37337875366211,,
NERT.1.CP,"Total net enrolment rate, primary, both sexes (%)",TGO,1990,61.71493911743164,,
NERT.1.CP,"Total net enrolment rate, primary, both sexes (%)",TGO,1991,64.11952972412109,,
NERT.1.CP,"Total net enrolment rate, primary, both sexes (%)",TGO,1994,65.10714721679688,,
NERT.1.CP,"Total net enrolment rate, primary, both sexes (%)",TGO,1995,72.56884002685547,,
NERT.1.CP,"Total net enrolment rate, primary, both sexes (%)",TGO,1996,78.95825958251953,,
NERT.1.CP,"Total net enrolment rate, primary, both sexes (%)",TGO,1997,75.71542358398438,,
NERT.1.CP,"Total net enrolment rate, primary, both sexes (%)",TGO,1999,87.52089691162109,,
NERT.1.CP,"Total net enrolment rate, primary, both sexes (%)",TGO,2000,83.46077728271484,,
NERT.1.CP,"Total net enrolment rate, primary, both sexes (%)",TGO,2001,85.46428680419922,,
NERT.1.CP,"Total net enrolment rate, primary, both sexes (%)",TGO,2002,89.39404296875,,
NERT.1.CP,"Total net enrolment rate, primary, both sexes (%)",TGO,2003,86.20400238037109,,
NERT.1.CP,"Total net enrolment rate, primary, both sexes (%)",TGO,2004,88.83767700195313,,
NERT.1.CP,"Total net enrolment rate, primary, both sexes (%)",TGO,2005,88.28623199462891,,
NERT.1.CP,"Total net enrolment rate, primary, both sexes (%)",TGO,2006,91.33393859863281,,
NERT.1.CP,"Total net enrolment rate, primary, both sexes (%)",TGO,2007,87.18414306640625,,
NERT.1.CP,"Total net enrolment rate, primary, both sexes (%)",TGO,2008,88.60404968261719,,
NERT.1.CP,"Total net enrolment rate, primary, both sexes (%)",TGO,2014,90.93749296832675,,
NERT.1.CP,"Total net enrolment rate, primary, both sexes (%)",TGO,2015,92.25918729011198,,
NERT.1.CP,"Total net enrolment rate, primary, both sexes (%)",TGO,2016,89.28167724609375,,UIS_EST
NERT.1.CP,"Total net enrolment rate, primary, both sexes (%)",TGO,2017,90.77322733358349,,
NERT.1.CP,"Total net enrolment rate, primary, both sexes (%)",TGO,2018,90.33101800780567,,
NERT.1.CP,"Total net enrolment rate, primary, both sexes (%)",TGO,2019,91.93879462056172,,
NERT.1.CP,"Total net enrolment rate, primary, both sexes (%)",TGO,2020,95.652751335917,,
NERT.1.CP,"Total net enrolment rate, primary, both sexes (%)",TGO,2021,96.46665513034725,,
NERT.1.CP,"Total net enrolment rate, primary, both sexes (%)",TGO,2022,99.11883060839038,,
NERT.1.CP,"Total net enrolment rate, primary, both sexes (%)",TGO,2023,99.23507591017811,,
NERT.1.CP,"Total net enrolment rate, primary, both sexes (%)",TGO,2024,99.36140389174297,,
NERT.1.F.CP,"Total net enrolment rate, primary, female (%)",TGO,1971,29.52371025085449,,
NERT.1.F.CP,"Total net enrolment rate, primary, female (%)",TGO,1972,31.77776908874512,,
NERT.1.F.CP,"Total net enrolment rate, primary, female (%)",TGO,1978,49.5742301940918,,
NERT.1.F.CP,"Total net enrolment rate, primary, female (%)",TGO,1979,51.57635116577148,,
NERT.1.F.CP,"Total net enrolment rate, primary, female (%)",TGO,1980,52.39163970947266,,
NERT.1.F.CP,"Total net enrolment rate, primary, female (%)",TGO,1982,50.65789031982422,,
NERT.1.F.CP,"Total net enrolment rate, primary, female (%)",TGO,1983,50.63425827026367,,
NERT.1.F.CP,"Total net enrolment rate, primary, female (%)",TGO,1984,44.48709869384766,,
NERT.1.F.CP,"Total net enrolment rate, primary, female (%)",TGO,1985,43.38742828369141,,
NERT.1.F.CP,"Total net enrolment rate, primary, female (%)",TGO,1986,40.32059097290039,,
NERT.1.F.CP,"Total net enrolment rate, primary, female (%)",TGO,1987,46.98974990844727,,
NERT.1.F.CP,"Total net enrolment rate, primary, female (%)",TGO,1988,48.17658996582031,,
NERT.1.F.CP,"Total net enrolment rate, primary, female (%)",TGO,1989,48.81472015380859,,
NERT.1.F.CP,"Total net enrolment rate, primary, female (%)",TGO,1990,50.77141952514648,,
NERT.1.F.CP,"Total net enrolment rate, primary, female (%)",TGO,1991,53.49913024902344,,
NERT.1.F.CP,"Total net enrolment rate, primary, female (%)",TGO,1994,54.63703918457031,,
NERT.1.F.CP,"Total net enrolment rate, primary, female (%)",TGO,1995,61.81333923339844,,
NERT.1.F.CP,"Total net enrolment rate, primary, female (%)",TGO,1996,67.25071716308594,,
NERT.1.F.CP,"Total net enrolment rate, primary, female (%)",TGO,1997,64.83589935302734,,
NERT.1.F.CP,"Total net enrolment rate, primary, female (%)",TGO,1999,76.97785949707031,,
NERT.1.F.CP,"Total net enrolment rate, primary, female (%)",TGO,2001,76.98587036132813,,
NERT.1.F.CP,"Total net enrolment rate, primary, female (%)",TGO,2002,81.17603302001953,,
NERT.1.F.CP,"Total net enrolment rate, primary, female (%)",TGO,2003,78.65689086914063,,
NERT.1.F.CP,"Total net enrolment rate, primary, female (%)",TGO,2004,81.77790069580078,,
NERT.1.F.CP,"Total net enrolment rate, primary, female (%)",TGO,2005,81.90440368652344,,
NERT.1.F.CP,"Total net enrolment rate, primary, female (%)",TGO,2006,85.35614776611328,,
NERT.1.F.CP,"Total net enrolment rate, primary, female (%)",TGO,2007,81.96916961669922,,
NERT.1.F.CP,"Total net enrolment rate, primary, female (%)",TGO,2008,83.86308288574219,,
NERT.1.F.CP,"Total net enrolment rate, primary, female (%)",TGO,2014,88.3429261954988,,
NERT.1.F.CP,"Total net enrolment rate, primary, female (%)",TGO,2015,89.80758104299397,,
NERT.1.F.CP,"Total net enrolment rate, primary, female (%)",TGO,2016,86.92064666748047,,UIS_EST
NERT.1.F.CP,"Total net enrolment rate, primary, female (%)",TGO,2017,88.55813747564956,,
NERT.1.F.CP,"Total net enrolment rate, primary, female (%)",TGO,2018,88.52115639175796,,
NERT.1.F.CP,"Total net enrolment rate, primary, female (%)",TGO,2019,91.68324496574817,,
NERT.1.F.CP,"Total net enrolment rate, primary, female (%)",TGO,2020,95.09158977094086,,
NERT.1.F.CP,"Total net enrolment rate, primary, female (%)",TGO,2021,95.50285648000464,,
NERT.1.GPIA,"Total net enrolment rate, primary, adjusted gender parity index (GPIA)",TGO,1971,.4545400142669678,,
NERT.1.GPIA,"Total net enrolment rate, primary, adjusted gender parity index (GPIA)",TGO,1972,.4891700148582458,,
NERT.1.GPIA,"Total net enrolment rate, primary, adjusted gender parity index (GPIA)",TGO,1978,.6192499995231628,,
NERT.1.GPIA,"Total net enrolment rate, primary, adjusted gender parity index (GPIA)",TGO,1979,.6419699788093567,,
NERT.1.GPIA,"Total net enrolment rate, primary, adjusted gender parity index (GPIA)",TGO,1980,.656000018119812,,
NERT.1.GPIA,"Total net enrolment rate, primary, adjusted gender parity index (GPIA)",TGO,1982,.6636700034141541,,
NERT.1.GPIA,"Total net enrolment rate, primary, adjusted gender parity index (GPIA)",TGO,1983,.6992200016975403,,
NERT.1.GPIA,"Total net enrolment rate, primary, adjusted gender parity index (GPIA)",TGO,1984,.6709200143814087,,
NERT.1.GPIA,"Total net enrolment rate, primary, adjusted gender parity index (GPIA)",TGO,1985,.672760009765625,,
NERT.1.GPIA,"Total net enrolment rate, primary, adjusted gender parity index (GPIA)",TGO,1986,.6758000254631042,,
NERT.1.GPIA,"Total net enrolment rate, primary, adjusted gender parity index (GPIA)",TGO,1987,.6628199815750122,,
NERT.1.GPIA,"Total net enrolment rate, primary, adjusted gender parity index (GPIA)",TGO,1988,.675790011882782,,
NERT.1.GPIA,"Total net enrolment rate, primary, adjusted gender parity index (GPIA)",TGO,1989,.6792500019073486,,
NERT.1.GPIA,"Total net enrolment rate, primary, adjusted gender parity index (GPIA)",TGO,1990,.699429988861084,,
NERT.1.GPIA,"Total net enrolment rate, primary, adjusted gender parity index (GPIA)",TGO,1991,.7165200114250183,,
NERT.1.GPIA,"Total net enrolment rate, primary, adjusted gender parity index (GPIA)",TGO,1994,.7239199876785278,,
NERT.1.GPIA,"Total net enrolment rate, primary, adjusted gender parity index (GPIA)",TGO,1995,.7428699731826782,,
NERT.1.GPIA,"Total net enrolment rate, primary, adjusted gender parity index (GPIA)",TGO,1996,.7428299784660339,,
NERT.1.GPIA,"Total net enrolment rate, primary, adjusted gender parity index (GPIA)",TGO,1997,.7498300075531006,,
NERT.1.GPIA,"Total net enrolment rate, primary, adjusted gender parity index (GPIA)",TGO,1999,.7860000133514404,,
NERT.1.GPIA,"Total net enrolment rate, primary, adjusted gender parity index (GPIA)",TGO,2001,.820389986038208,,
NERT.1.GPIA,"Total net enrolment rate, primary, adjusted gender parity index (GPIA)",TGO,2002,.8324699997901917,,
NERT.1.GPIA,"Total net enrolment rate, primary, adjusted gender parity index (GPIA)",TGO,2003,.8398200273513794,,
NERT.1.GPIA,"Total net enrolment rate, primary, adjusted gender parity index (GPIA)",TGO,2004,.8535400032997131,,
NERT.1.GPIA,"Total net enrolment rate, primary, adjusted gender parity index (GPIA)",TGO,2005,.8658999800682068,,
NERT.1.GPIA,"Total net enrolment rate, primary, adjusted gender parity index (GPIA)",TGO,2006,.8778200149536133,,
NERT.1.GPIA,"Total net enrolment rate, primary, adjusted gender parity index (GPIA)",TGO,2007,.8877699971199036,,
NERT.1.GPIA,"Total net enrolment rate, primary, adjusted gender parity index (GPIA)",TGO,2008,.8990399837493896,,
NERT.1.GPIA,"Total net enrolment rate, primary, adjusted gender parity index (GPIA)",TGO,2014,.9449785716003666,,
NERT.1.GPIA,"Total net enrolment rate, primary, adjusted gender parity index (GPIA)",TGO,2015,.9486656803760828,,
NERT.1.GPIA,"Total net enrolment rate, primary, adjusted gender parity index (GPIA)",TGO,2016,.9489099979400635,,UIS_EST
NERT.1.GPIA,"Total net enrolment rate, primary, adjusted gender parity index (GPIA)",TGO,2017,.9527670523184426,,
NERT.1.GPIA,"Total net enrolment rate, primary, adjusted gender parity index (GPIA)",TGO,2018,.9610578597786575,,
NERT.1.GPIA,"Total net enrolment rate, primary, adjusted gender parity index (GPIA)",TGO,2019,.994507028958063,,
NERT.1.GPIA,"Total net enrolment rate, primary, adjusted gender parity index (GPIA)",TGO,2020,.988442988323446,,
NERT.1.GPIA,"Total net enrolment rate, primary, adjusted gender parity index (GPIA)",TGO,2021,.9804002740497817,,
NERT.1.M.CP,"Total net enrolment rate, primary, male (%)",TGO,1971,64.95223999023438,,
NERT.1.M.CP,"Total net enrolment rate, primary, male (%)",TGO,1972,64.96292877197266,,
NERT.1.M.CP,"Total net enrolment rate, primary, male (%)",TGO,1978,80.0546875,,
NERT.1.M.CP,"Total net enrolment rate, primary, male (%)",TGO,1979,80.34104919433594,,
NERT.1.M.CP,"Total net enrolment rate, primary, male (%)",TGO,1980,79.86473083496094,,
NERT.1.M.CP,"Total net enrolment rate, primary, male (%)",TGO,1982,76.33045196533203,,
NERT.1.M.CP,"Total net enrolment rate, primary, male (%)",TGO,1983,72.4150390625,,
NERT.1.M.CP,"Total net enrolment rate, primary, male (%)",TGO,1984,66.30735015869141,,
NERT.1.M.CP,"Total net enrolment rate, primary, male (%)",TGO,1985,64.49125671386719,,
NERT.1.M.CP,"Total net enrolment rate, primary, male (%)",TGO,1986,59.66328048706055,,
NERT.1.M.CP,"Total net enrolment rate, primary, male (%)",TGO,1987,70.89344787597656,,
NERT.1.M.CP,"Total net enrolment rate, primary, male (%)",TGO,1988,71.28909301757813,,
NERT.1.M.CP,"Total net enrolment rate, primary, male (%)",TGO,1989,71.86512756347656,,
NERT.1.M.CP,"Total net enrolment rate, primary, male (%)",TGO,1990,72.58972930908203,,
NERT.1.M.CP,"Total net enrolment rate, primary, male (%)",TGO,1991,74.66497039794922,,
NERT.1.M.CP,"Total net enrolment rate, primary, male (%)",TGO,1994,75.47367095947266,,
NERT.1.M.CP,"Total net enrolment rate, primary, male (%)",TGO,1995,83.20884704589844,,
NERT.1.M.CP,"Total net enrolment rate, primary, male (%)",TGO,1996,90.53286743164063,,
NERT.1.M.CP,"Total net enrolment rate, primary, male (%)",TGO,1997,86.4676513671875,,
NERT.1.M.CP,"Total net enrolment rate, primary, male (%)",TGO,1999,97.93579864501953,,
NERT.1.M.CP,"Total net enrolment rate, primary, male (%)",TGO,2001,93.84018707275391,,
NERT.1.M.CP,"Total net enrolment rate, primary, male (%)",TGO,2002,97.51251220703125,,
NERT.1.M.CP,"Total net enrolment rate, primary, male (%)",TGO,2003,93.65892791748047,,
NERT.1.M.CP,"Total net enrolment rate, primary, male (%)",TGO,2004,95.810302734375,,
NERT.1.M.CP,"Total net enrolment rate, primary, male (%)",TGO,2005,94.58882141113281,,
NERT.1.M.CP,"Total net enrolment rate, primary, male (%)",TGO,2006,97.23660278320313,,
NERT.1.M.CP,"Total net enrolment rate, primary, male (%)",TGO,2007,92.33155059814453,,
NERT.1.M.CP,"Total net enrolment rate, primary, male (%)",TGO,2008,93.28096008300781,,
NERT.1.M.CP,"Total net enrolment rate, primary, male (%)",TGO,2014,93.4866978474293,,
NERT.1.M.CP,"Total net enrolment rate, primary, male (%)",TGO,2015,94.66726044879293,,
NERT.1.M.CP,"Total net enrolment rate, primary, male (%)",TGO,2016,91.60045623779297,,UIS_EST
NERT.1.M.CP,"Total net enrolment rate, primary, male (%)",TGO,2017,92.94836262458291,,
NERT.1.M.CP,"Total net enrolment rate, primary, male (%)",TGO,2018,92.10804062530156,,
NERT.1.M.CP,"Total net enrolment rate, primary, male (%)",TGO,2019,92.189639988572,,
NERT.1.M.CP,"Total net enrolment rate, primary, male (%)",TGO,2020,96.20341374693858,,
NERT.1.M.CP,"Total net enrolment rate, primary, male (%)",TGO,2021,97.41210708306605,,
NERT.2.CP,"Total net enrolment rate, lower secondary, both sexes (%)",TGO,1991,53.60940170288086,,
NERT.2.CP,"Total net enrolment rate, lower secondary, both sexes (%)",TGO,1999,65.08534240722656,,
NERT.2.CP,"Total net enrolment rate, lower secondary, both sexes (%)",TGO,2000,59.64408111572266,,UIS_EST
NERT.2.CP,"Total net enrolment rate, lower secondary, both sexes (%)",TGO,2001,61.23348999023438,,UIS_EST
NERT.2.CP,"Total net enrolment rate, lower secondary, both sexes (%)",TGO,2003,63.8059196472168,,UIS_EST
NERT.2.CP,"Total net enrolment rate, lower secondary, both sexes (%)",TGO,2004,63.31698989868164,,UIS_EST
NERT.2.CP,"Total net enrolment rate, lower secondary, both sexes (%)",TGO,2005,63.80688858032227,,UIS_EST
NERT.2.CP,"Total net enrolment rate, lower secondary, both sexes (%)",TGO,2007,58.42663955688477,,UIS_EST
NERT.2.CP,"Total net enrolment rate, lower secondary, both sexes (%)",TGO,2014,59.43486561013302,,
NERT.2.CP,"Total net enrolment rate, lower secondary, both sexes (%)",TGO,2015,84.01437829766493,,
NERT.2.CP,"Total net enrolment rate, lower secondary, both sexes (%)",TGO,2017,77.81519317626953,,
NERT.2.CP,"Total net enrolment rate, lower secondary, both sexes (%)",TGO,2018,89.4294255865432,,
NERT.2.CP,"Total net enrolment rate, lower secondary, both sexes (%)",TGO,2019,88.28069693479708,,
NERT.2.CP,"Total net enrolment rate, lower secondary, both sexes (%)",TGO,2020,82.18749202623052,,
NERT.2.CP,"Total net enrolment rate, lower secondary, both sexes (%)",TGO,2021,79.35110787659445,,
NERT.2.CP,"Total net enrolment rate, lower secondary, both sexes (%)",TGO,2022,73.70754164304739,,
NERT.2.CP,"Total net enrolment rate, lower secondary, both sexes (%)",TGO,2023,72.55217356386457,,
NERT.2.CP,"Total net enrolment rate, lower secondary, both sexes (%)",TGO,2024,72.89484783832073,,
NERT.2.F.CP,"Total net enrolment rate, lower secondary, female (%)",TGO,1991,37.40737915039063,,
NERT.2.F.CP,"Total net enrolment rate, lower secondary, female (%)",TGO,1999,48.76596069335938,,
NERT.2.F.CP,"Total net enrolment rate, lower secondary, female (%)",TGO,2001,47.48139190673828,,UIS_EST
NERT.2.F.CP,"Total net enrolment rate, lower secondary, female (%)",TGO,2003,50.72187042236328,,UIS_EST
NERT.2.F.CP,"Total net enrolment rate, lower secondary, female (%)",TGO,2004,51.06000137329102,,UIS_EST
NERT.2.F.CP,"Total net enrolment rate, lower secondary, female (%)",TGO,2005,51.82826995849609,,UIS_EST
NERT.2.F.CP,"Total net enrolment rate, lower secondary, female (%)",TGO,2007,48.04513168334961,,UIS_EST
NERT.2.F.CP,"Total net enrolment rate, lower secondary, female (%)",TGO,2014,55.35475704943394,,
NERT.2.F.CP,"Total net enrolment rate, lower secondary, female (%)",TGO,2015,79.08900106427888,,
NERT.2.F.CP,"Total net enrolment rate, lower secondary, female (%)",TGO,2017,72.15364074707031,,
NERT.2.F.CP,"Total net enrolment rate, lower secondary, female (%)",TGO,2018,85.72497661365762,,
NERT.2.F.CP,"Total net enrolment rate, lower secondary, female (%)",TGO,2019,83.58148785925006,,
NERT.2.F.CP,"Total net enrolment rate, lower secondary, female (%)",TGO,2020,78.52268155041318,,
NERT.2.F.CP,"Total net enrolment rate, lower secondary, female (%)",TGO,2021,77.09105369769725,,
NERT.2.F.CP,"Total net enrolment rate, lower secondary, female (%)",TGO,2022,71.58232673670885,,
NERT.2.F.CP,"Total net enrolment rate, lower secondary, female (%)",TGO,2023,70.77874480403801,,
NERT.2.F.CP,"Total net enrolment rate, lower secondary, female (%)",TGO,2024,71.78097437718716,,
NERT.2.GPIA,"Total net enrolment rate, lower secondary, adjusted gender parity index (GPIA)",TGO,1991,.5365399718284607,,
NERT.2.GPIA,"Total net enrolment rate, lower secondary, adjusted gender parity index (GPIA)",TGO,1999,.6005799770355225,,
NERT.2.GPIA,"Total net enrolment rate, lower secondary, adjusted gender parity index (GPIA)",TGO,2001,.6348699927330017,,UIS_EST
NERT.2.GPIA,"Total net enrolment rate, lower secondary, adjusted gender parity index (GPIA)",TGO,2003,.6613799929618835,,UIS_EST
NERT.2.GPIA,"Total net enrolment rate, lower secondary, adjusted gender parity index (GPIA)",TGO,2004,.677299976348877,,UIS_EST
NERT.2.GPIA,"Total net enrolment rate, lower secondary, adjusted gender parity index (GPIA)",TGO,2005,.6855300068855286,,UIS_EST
NERT.2.GPIA,"Total net enrolment rate, lower secondary, adjusted gender parity index (GPIA)",TGO,2007,.6998500227928162,,UIS_EST
NERT.2.GPIA,"Total net enrolment rate, lower secondary, adjusted gender parity index (GPIA)",TGO,2014,.8725084387228554,,
NERT.2.GPIA,"Total net enrolment rate, lower secondary, adjusted gender parity index (GPIA)",TGO,2015,.8901519200793939,,
NERT.2.GPIA,"Total net enrolment rate, lower secondary, adjusted gender parity index (GPIA)",TGO,2017,.8655300140380859,,
NERT.2.GPIA,"Total net enrolment rate, lower secondary, adjusted gender parity index (GPIA)",TGO,2018,.9212031034032205,,
NERT.2.GPIA,"Total net enrolment rate, lower secondary, adjusted gender parity index (GPIA)",TGO,2019,.8998725757701397,,
NERT.2.GPIA,"Total net enrolment rate, lower secondary, adjusted gender parity index (GPIA)",TGO,2020,.9154527574956474,,
NERT.2.GPIA,"Total net enrolment rate, lower secondary, adjusted gender parity index (GPIA)",TGO,2021,.945171706260645,,
NERT.2.GPIA,"Total net enrolment rate, lower secondary, adjusted gender parity index (GPIA)",TGO,2022,.9445135671653325,,
NERT.2.GPIA,"Total net enrolment rate, lower secondary, adjusted gender parity index (GPIA)",TGO,2023,.952764674419774,,
NERT.2.GPIA,"Total net enrolment rate, lower secondary, adjusted gender parity index (GPIA)",TGO,2024,.9702119133299143,,
NERT.2.M.CP,"Total net enrolment rate, lower secondary, male (%)",TGO,1991,69.71930694580078,,
NERT.2.M.CP,"Total net enrolment rate, lower secondary, male (%)",TGO,1999,81.19796752929688,,
NERT.2.M.CP,"Total net enrolment rate, lower secondary, male (%)",TGO,2001,74.78864288330078,,UIS_EST
NERT.2.M.CP,"Total net enrolment rate, lower secondary, male (%)",TGO,2003,76.69129180908203,,UIS_EST
NERT.2.M.CP,"Total net enrolment rate, lower secondary, male (%)",TGO,2004,75.38701629638672,,UIS_EST
NERT.2.M.CP,"Total net enrolment rate, lower secondary, male (%)",TGO,2005,75.60323333740234,,UIS_EST
NERT.2.M.CP,"Total net enrolment rate, lower secondary, male (%)",TGO,2007,68.65061950683594,,UIS_EST
NERT.2.M.CP,"Total net enrolment rate, lower secondary, male (%)",TGO,2014,63.44323400523222,,
NERT.2.M.CP,"Total net enrolment rate, lower secondary, male (%)",TGO,2015,88.84887992740028,,
NERT.2.M.CP,"Total net enrolment rate, lower secondary, male (%)",TGO,2017,83.36334228515625,,
NERT.2.M.CP,"Total net enrolment rate, lower secondary, male (%)",TGO,2018,93.05762898210176,,
NERT.2.M.CP,"Total net enrolment rate, lower secondary, male (%)",TGO,2019,92.88147023229189,,
NERT.2.M.CP,"Total net enrolment rate, lower secondary, male (%)",TGO,2020,85.77469553450608,,
NERT.2.M.CP,"Total net enrolment rate, lower secondary, male (%)",TGO,2021,81.56301462163982,,
NERT.2.M.CP,"Total net enrolment rate, lower secondary, male (%)",TGO,2022,75.78750504510086,,
NERT.2.M.CP,"Total net enrolment rate, lower secondary, male (%)",TGO,2023,74.28775090464148,,
NERT.2.M.CP,"Total net enrolment rate, lower secondary, male (%)",TGO,2024,73.98484124032655,,
NERT.3.CP,"Total net enrolment rate, upper secondary, both sexes (%)",TGO,1999,24.25250053405762,,
NERT.3.CP,"Total net enrolment rate, upper secondary, both sexes (%)",TGO,2000,27.04055023193359,,UIS_EST
NERT.3.CP,"Total net enrolment rate, upper secondary, both sexes (%)",TGO,2014,34.15284724442547,,
NERT.3.CP,"Total net enrolment rate, upper secondary, both sexes (%)",TGO,2015,38.86712212793605,,
NERT.3.CP,"Total net enrolment rate, upper secondary, both sexes (%)",TGO,2017,42.64031982421875,,
NERT.3.CP,"Total net enrolment rate, upper secondary, both sexes (%)",TGO,2018,18.92355386854739,,
NERT.3.CP,"Total net enrolment rate, upper secondary, both sexes (%)",TGO,2019,43.64705560463099,,
NERT.3.CP,"Total net enrolment rate, upper secondary, both sexes (%)",TGO,2020,41.25890361168359,,
NERT.3.CP,"Total net enrolment rate, upper secondary, both sexes (%)",TGO,2021,45.97728920028992,,
NERT.3.CP,"Total net enrolment rate, upper secondary, both sexes (%)",TGO,2022,41.11498383819392,,
NERT.3.CP,"Total net enrolment rate, upper secondary, both sexes (%)",TGO,2023,45.14082942116195,,
NERT.3.CP,"Total net enrolment rate, upper secondary, both sexes (%)",TGO,2024,44.74388906457104,,
NERT.3.F.CP,"Total net enrolment rate, upper secondary, female (%)",TGO,1999,13.8323802947998,,
NERT.3.F.CP,"Total net enrolment rate, upper secondary, female (%)",TGO,2014,25.48606347257826,,
NERT.3.F.CP,"Total net enrolment rate, upper secondary, female (%)",TGO,2015,30.58351255746581,,
NERT.3.F.CP,"Total net enrolment rate, upper secondary, female (%)",TGO,2017,33.63222122192383,,
NERT.3.F.CP,"Total net enrolment rate, upper secondary, female (%)",TGO,2018,16.94690786774294,,
NERT.3.F.CP,"Total net enrolment rate, upper secondary, female (%)",TGO,2019,36.8585121472286,,
NERT.3.F.CP,"Total net enrolment rate, upper secondary, female (%)",TGO,2020,34.49476949603959,,
NERT.3.F.CP,"Total net enrolment rate, upper secondary, female (%)",TGO,2021,39.88960912003128,,
NERT.3.F.CP,"Total net enrolment rate, upper secondary, female (%)",TGO,2022,35.89147031602668,,
NERT.3.F.CP,"Total net enrolment rate, upper secondary, female (%)",TGO,2023,40.63364247040535,,
NERT.3.F.CP,"Total net enrolment rate, upper secondary, female (%)",TGO,2024,41.10083372767166,,
NERT.3.GPIA,"Total net enrolment rate, upper secondary, adjusted gender parity index (GPIA)",TGO,1999,.4001300036907196,,
NERT.3.GPIA,"Total net enrolment rate, upper secondary, adjusted gender parity index (GPIA)",TGO,2014,.5973951278100265,,
NERT.3.GPIA,"Total net enrolment rate, upper secondary, adjusted gender parity index (GPIA)",TGO,2015,.6507346403442492,,
NERT.3.GPIA,"Total net enrolment rate, upper secondary, adjusted gender parity index (GPIA)",TGO,2017,.6533899903297424,,
NERT.3.GPIA,"Total net enrolment rate, upper secondary, adjusted gender parity index (GPIA)",TGO,2018,.3407351477535368,,
NERT.3.GPIA,"Total net enrolment rate, upper secondary, adjusted gender parity index (GPIA)",TGO,2019,.7328933007453203,,
NERT.3.GPIA,"Total net enrolment rate, upper secondary, adjusted gender parity index (GPIA)",TGO,2020,.7205291406054402,,
NERT.3.GPIA,"Total net enrolment rate, upper secondary, adjusted gender parity index (GPIA)",TGO,2021,.7681780336038182,,
NERT.3.GPIA,"Total net enrolment rate, upper secondary, adjusted gender parity index (GPIA)",TGO,2022,.7765614582984357,,
NERT.3.GPIA,"Total net enrolment rate, upper secondary, adjusted gender parity index (GPIA)",TGO,2023,.8201621896570612,,
NERT.3.GPIA,"Total net enrolment rate, upper secondary, adjusted gender parity index (GPIA)",TGO,2024,.850916493968076,,
NERT.3.M.CP,"Total net enrolment rate, upper secondary, male (%)",TGO,1999,34.56951904296875,,
NERT.3.M.CP,"Total net enrolment rate, upper secondary, male (%)",TGO,2014,42.66198749562435,,
NERT.3.M.CP,"Total net enrolment rate, upper secondary, male (%)",TGO,2015,46.99843939656667,,
NERT.3.M.CP,"Total net enrolment rate, upper secondary, male (%)",TGO,2017,51.47373962402344,,
NERT.3.M.CP,"Total net enrolment rate, upper secondary, male (%)",TGO,2018,49.73630686318604,,
NERT.3.M.CP,"Total net enrolment rate, upper secondary, male (%)",TGO,2019,50.29178477923746,,
NERT.3.M.CP,"Total net enrolment rate, upper secondary, male (%)",TGO,2020,47.87421847651383,,
NERT.3.M.CP,"Total net enrolment rate, upper secondary, male (%)",TGO,2021,51.92755764297738,,
NERT.3.M.CP,"Total net enrolment rate, upper secondary, male (%)",TGO,2022,46.21845435732845,,
NERT.3.M.CP,"Total net enrolment rate, upper secondary, male (%)",TGO,2023,49.54342321900466,,
NERT.3.M.CP,"Total net enrolment rate, upper secondary, male (%)",TGO,2024,48.30184162491231,,
OE.5T8.40500,"Outbound internationally mobile tertiary students studying in North America and Western Europe, both sexes (UIS estimate) (number)",TGO,1998,1600,,UIS_EST
OE.5T8.40500,"Outbound internationally mobile tertiary students studying in North America and Western Europe, both sexes (UIS estimate) (number)",TGO,1999,1600,,
OE.5T8.40500,"Outbound internationally mobile tertiary students studying in North America and Western Europe, both sexes (UIS estimate) (number)",TGO,2000,1552,,UIS_EST
OE.5T8.40500,"Outbound internationally mobile tertiary students studying in North America and Western Europe, both sexes (UIS estimate) (number)",TGO,2001,1803,,UIS_EST
OE.5T8.40500,"Outbound internationally mobile tertiary students studying in North America and Western Europe, both sexes (UIS estimate) (number)",TGO,2002,2102,,UIS_EST
OE.5T8.40500,"Outbound internationally mobile tertiary students studying in North America and Western Europe, both sexes (UIS estimate) (number)",TGO,2003,2483,,UIS_EST
OE.5T8.40500,"Outbound internationally mobile tertiary students studying in North America and Western Europe, both sexes (UIS estimate) (number)",TGO,2004,2468,,UIS_EST
OE.5T8.40500,"Outbound internationally mobile tertiary students studying in North America and Western Europe, both sexes (UIS estimate) (number)",TGO,2005,2770,,
OE.5T8.40500,"Outbound internationally mobile tertiary students studying in North America and Western Europe, both sexes (UIS estimate) (number)",TGO,2006,2776,,UIS_EST
OE.5T8.40500,"Outbound internationally mobile tertiary students studying in North America and Western Europe, both sexes (UIS estimate) (number)",TGO,2007,2708,,UIS_EST
OE.5T8.40500,"Outbound internationally mobile tertiary students studying in North America and Western Europe, both sexes (UIS estimate) (number)",TGO,2008,2668,,UIS_EST
OE.5T8.40500,"Outbound internationally mobile tertiary students studying in North America and Western Europe, both sexes (UIS estimate) (number)",TGO,2009,2426,,UIS_EST
OE.5T8.40500,"Outbound internationally mobile tertiary students studying in North America and Western Europe, both sexes (UIS estimate) (number)",TGO,2010,2386,,UIS_EST
OE.5T8.40500,"Outbound internationally mobile tertiary students studying in North America and Western Europe, both sexes (UIS estimate) (number)",TGO,2011,2528,,UIS_EST
OE.5T8.40500,"Outbound internationally mobile tertiary students studying in North America and Western Europe, both sexes (UIS estimate) (number)",TGO,2012,2468,,UIS_EST
OE.5T8.40500,"Outbound internationally mobile tertiary students studying in North America and Western Europe, both sexes (UIS estimate) (number)",TGO,2013,2282,,
OE.5T8.40500,"Outbound internationally mobile tertiary students studying in North America and Western Europe, both sexes (UIS estimate) (number)",TGO,2014,2421,,
OE.5T8.40500,"Outbound internationally mobile tertiary students studying in North America and Western Europe, both sexes (UIS estimate) (number)",TGO,2015,3326,,
OE.5T8.40500,"Outbound internationally mobile tertiary students studying in North America and Western Europe, both sexes (UIS estimate) (number)",TGO,2016,2701,,
OE.5T8.40500,"Outbound internationally mobile tertiary students studying in North America and Western Europe, both sexes (UIS estimate) (number)",TGO,2017,3038,,
OE.5T8.40500,"Outbound internationally mobile tertiary students studying in North America and Western Europe, both sexes (UIS estimate) (number)",TGO,2018,3399,,
OE.5T8.40500,"Outbound internationally mobile tertiary students studying in North America and Western Europe, both sexes (UIS estimate) (number)",TGO,2019,3524,,UIS_EST
OE.5T8.40500,"Outbound internationally mobile tertiary students studying in North America and Western Europe, both sexes (UIS estimate) (number)",TGO,2020,4059,,
OE.5T8.40500,"Outbound internationally mobile tertiary students studying in North America and Western Europe, both sexes (UIS estimate) (number)",TGO,2021,4398,,
OE.5T8.40500,"Outbound internationally mobile tertiary students studying in North America and Western Europe, both sexes (UIS estimate) (number)",TGO,2022,4547,,
OE.5T8.40500,"Outbound internationally mobile tertiary students studying in North America and Western Europe, both sexes (UIS estimate) (number)",TGO,2023,5196,,
OE.5T8.40500.F,"Outbound internationally mobile tertiary students studying in North America and Western Europe, female (UIS estimate) (number)",TGO,2012,722,,UIS_EST
OE.5T8.40500.F,"Outbound internationally mobile tertiary students studying in North America and Western Europe, female (UIS estimate) (number)",TGO,2013,673,,UIS_EST
OE.5T8.40500.F,"Outbound internationally mobile tertiary students studying in North America and Western Europe, female (UIS estimate) (number)",TGO,2014,762,,UIS_EST
OE.5T8.40500.F,"Outbound internationally mobile tertiary students studying in North America and Western Europe, female (UIS estimate) (number)",TGO,2015,1120,,UIS_EST
OE.5T8.40500.F,"Outbound internationally mobile tertiary students studying in North America and Western Europe, female (UIS estimate) (number)",TGO,2016,846,,UIS_EST
OE.5T8.40500.F,"Outbound internationally mobile tertiary students studying in North America and Western Europe, female (UIS estimate) (number)",TGO,2017,964,,UIS_EST
OE.5T8.40500.F,"Outbound internationally mobile tertiary students studying in North America and Western Europe, female (UIS estimate) (number)",TGO,2018,1077,,UIS_EST
OE.5T8.40500.F,"Outbound internationally mobile tertiary students studying in North America and Western Europe, female (UIS estimate) (number)",TGO,2019,1184,,UIS_EST
OE.5T8.40500.F,"Outbound internationally mobile tertiary students studying in North America and Western Europe, female (UIS estimate) (number)",TGO,2020,1434,,UIS_EST
OE.5T8.40500.F,"Outbound internationally mobile tertiary students studying in North America and Western Europe, female (UIS estimate) (number)",TGO,2021,1539,,UIS_EST
OE.5T8.40500.F,"Outbound internationally mobile tertiary students studying in North America and Western Europe, female (UIS estimate) (number)",TGO,2022,1621,,UIS_EST
OE.5T8.40500.F,"Outbound internationally mobile tertiary students studying in North America and Western Europe, female (UIS estimate) (number)",TGO,2023,1874,,UIS_EST
OE.5T8.40500.GPIA,"Outbound internationally mobile tertiary students studying in North America and Western Europe, adjusted gender parity index (GPIA)",TGO,2012,0,,UIS_EST
OE.5T8.40500.GPIA,"Outbound internationally mobile tertiary students studying in North America and Western Europe, adjusted gender parity index (GPIA)",TGO,2013,0,,UIS_EST
OE.5T8.40500.GPIA,"Outbound internationally mobile tertiary students studying in North America and Western Europe, adjusted gender parity index (GPIA)",TGO,2014,0,,UIS_EST
OE.5T8.40500.GPIA,"Outbound internationally mobile tertiary students studying in North America and Western Europe, adjusted gender parity index (GPIA)",TGO,2015,1,,UIS_EST
OE.5T8.40500.GPIA,"Outbound internationally mobile tertiary students studying in North America and Western Europe, adjusted gender parity index (GPIA)",TGO,2016,0,,UIS_EST
OE.5T8.40500.GPIA,"Outbound internationally mobile tertiary students studying in North America and Western Europe, adjusted gender parity index (GPIA)",TGO,2017,0,,UIS_EST
OE.5T8.40500.GPIA,"Outbound internationally mobile tertiary students studying in North America and Western Europe, adjusted gender parity index (GPIA)",TGO,2018,0,,UIS_EST
OE.5T8.40500.GPIA,"Outbound internationally mobile tertiary students studying in North America and Western Europe, adjusted gender parity index (GPIA)",TGO,2019,1,,UIS_EST
OE.5T8.40500.GPIA,"Outbound internationally mobile tertiary students studying in North America and Western Europe, adjusted gender parity index (GPIA)",TGO,2020,1,,UIS_EST
OE.5T8.40500.GPIA,"Outbound internationally mobile tertiary students studying in North America and Western Europe, adjusted gender parity index (GPIA)",TGO,2021,1,,UIS_EST
OE.5T8.40500.GPIA,"Outbound internationally mobile tertiary students studying in North America and Western Europe, adjusted gender parity index (GPIA)",TGO,2022,1,,UIS_EST
OE.5T8.40500.GPIA,"Outbound internationally mobile tertiary students studying in North America and Western Europe, adjusted gender parity index (GPIA)",TGO,2023,1,,UIS_EST
OE.5T8.40500.M,"Outbound internationally mobile tertiary students studying in North America and Western Europe, male (UIS estimate) (number)",TGO,1970,0,NIL,
OE.5T8.40500.M,"Outbound internationally mobile tertiary students studying in North America and Western Europe, male (UIS estimate) (number)",TGO,1971,0,NIL,
OE.5T8.40500.M,"Outbound internationally mobile tertiary students studying in North America and Western Europe, male (UIS estimate) (number)",TGO,1972,0,NIL,
OE.5T8.40500.M,"Outbound internationally mobile tertiary students studying in North America and Western Europe, male (UIS estimate) (number)",TGO,1973,0,NIL,
OE.5T8.40500.M,"Outbound internationally mobile tertiary students studying in North America and Western Europe, male (UIS estimate) (number)",TGO,1974,0,NIL,
OE.5T8.40500.M,"Outbound internationally mobile tertiary students studying in North America and Western Europe, male (UIS estimate) (number)",TGO,1975,0,NIL,
OE.5T8.40500.M,"Outbound internationally mobile tertiary students studying in North America and Western Europe, male (UIS estimate) (number)",TGO,1976,0,NIL,
OE.5T8.40500.M,"Outbound internationally mobile tertiary students studying in North America and Western Europe, male (UIS estimate) (number)",TGO,1977,0,NIL,
OE.5T8.40500.M,"Outbound internationally mobile tertiary students studying in North America and Western Europe, male (UIS estimate) (number)",TGO,1978,0,NIL,
OE.5T8.40500.M,"Outbound internationally mobile tertiary students studying in North America and Western Europe, male (UIS estimate) (number)",TGO,1979,0,NIL,
OE.5T8.40500.M,"Outbound internationally mobile tertiary students studying in North America and Western Europe, male (UIS estimate) (number)",TGO,1980,0,NIL,
OE.5T8.40500.M,"Outbound internationally mobile tertiary students studying in North America and Western Europe, male (UIS estimate) (number)",TGO,1981,0,NIL,
OE.5T8.40500.M,"Outbound internationally mobile tertiary students studying in North America and Western Europe, male (UIS estimate) (number)",TGO,1982,0,NIL,
OE.5T8.40500.M,"Outbound internationally mobile tertiary students studying in North America and Western Europe, male (UIS estimate) (number)",TGO,1983,0,NIL,
OE.5T8.40500.M,"Outbound internationally mobile tertiary students studying in North America and Western Europe, male (UIS estimate) (number)",TGO,1984,0,NIL,
OE.5T8.40500.M,"Outbound internationally mobile tertiary students studying in North America and Western Europe, male (UIS estimate) (number)",TGO,1985,0,NIL,
OE.5T8.40500.M,"Outbound internationally mobile tertiary students studying in North America and Western Europe, male (UIS estimate) (number)",TGO,1986,0,NIL,
OE.5T8.40500.M,"Outbound internationally mobile tertiary students studying in North America and Western Europe, male (UIS estimate) (number)",TGO,1987,0,NIL,
OE.5T8.40500.M,"Outbound internationally mobile tertiary students studying in North America and Western Europe, male (UIS estimate) (number)",TGO,1988,0,NIL,
OE.5T8.40500.M,"Outbound internationally mobile tertiary students studying in North America and Western Europe, male (UIS estimate) (number)",TGO,1989,0,NIL,
OE.5T8.40500.M,"Outbound internationally mobile tertiary students studying in North America and Western Europe, male (UIS estimate) (number)",TGO,1990,0,NIL,
OE.5T8.40500.M,"Outbound internationally mobile tertiary students studying in North America and Western Europe, male (UIS estimate) (number)",TGO,1991,0,NIL,
OE.5T8.40500.M,"Outbound internationally mobile tertiary students studying in North America and Western Europe, male (UIS estimate) (number)",TGO,1992,0,NIL,
OE.5T8.40500.M,"Outbound internationally mobile tertiary students studying in North America and Western Europe, male (UIS estimate) (number)",TGO,1993,0,NIL,
OE.5T8.40500.M,"Outbound internationally mobile tertiary students studying in North America and Western Europe, male (UIS estimate) (number)",TGO,1994,0,NIL,
OE.5T8.40500.M,"Outbound internationally mobile tertiary students studying in North America and Western Europe, male (UIS estimate) (number)",TGO,1995,0,NIL,
OE.5T8.40500.M,"Outbound internationally mobile tertiary students studying in North America and Western Europe, male (UIS estimate) (number)",TGO,1996,0,NIL,
OE.5T8.40500.M,"Outbound internationally mobile tertiary students studying in North America and Western Europe, male (UIS estimate) (number)",TGO,1997,0,NIL,
OE.5T8.40500.M,"Outbound internationally mobile tertiary students studying in North America and Western Europe, male (UIS estimate) (number)",TGO,1998,1600,,UIS_EST
OE.5T8.40500.M,"Outbound internationally mobile tertiary students studying in North America and Western Europe, male (UIS estimate) (number)",TGO,1999,1600,,
OE.5T8.40500.M,"Outbound internationally mobile tertiary students studying in North America and Western Europe, male (UIS estimate) (number)",TGO,2000,1552,,UIS_EST
OE.5T8.40500.M,"Outbound internationally mobile tertiary students studying in North America and Western Europe, male (UIS estimate) (number)",TGO,2001,1803,,UIS_EST
OE.5T8.40500.M,"Outbound internationally mobile tertiary students studying in North America and Western Europe, male (UIS estimate) (number)",TGO,2002,2102,,UIS_EST
OE.5T8.40500.M,"Outbound internationally mobile tertiary students studying in North America and Western Europe, male (UIS estimate) (number)",TGO,2003,2483,,UIS_EST
OE.5T8.40500.M,"Outbound internationally mobile tertiary students studying in North America and Western Europe, male (UIS estimate) (number)",TGO,2004,2468,,UIS_EST
OE.5T8.40500.M,"Outbound internationally mobile tertiary students studying in North America and Western Europe, male (UIS estimate) (number)",TGO,2005,2770,,
OE.5T8.40500.M,"Outbound internationally mobile tertiary students studying in North America and Western Europe, male (UIS estimate) (number)",TGO,2006,2776,,UIS_EST
OE.5T8.40500.M,"Outbound internationally mobile tertiary students studying in North America and Western Europe, male (UIS estimate) (number)",TGO,2007,2708,,UIS_EST
OE.5T8.40500.M,"Outbound internationally mobile tertiary students studying in North America and Western Europe, male (UIS estimate) (number)",TGO,2008,2668,,UIS_EST
OE.5T8.40500.M,"Outbound internationally mobile tertiary students studying in North America and Western Europe, male (UIS estimate) (number)",TGO,2009,2426,,UIS_EST
OE.5T8.40500.M,"Outbound internationally mobile tertiary students studying in North America and Western Europe, male (UIS estimate) (number)",TGO,2010,2386,,UIS_EST
OE.5T8.40500.M,"Outbound internationally mobile tertiary students studying in North America and Western Europe, male (UIS estimate) (number)",TGO,2011,2528,,UIS_EST
OE.5T8.40500.M,"Outbound internationally mobile tertiary students studying in North America and Western Europe, male (UIS estimate) (number)",TGO,2012,1746,,UIS_EST
OE.5T8.40500.M,"Outbound internationally mobile tertiary students studying in North America and Western Europe, male (UIS estimate) (number)",TGO,2013,1609,,UIS_EST
OE.5T8.40500.M,"Outbound internationally mobile tertiary students studying in North America and Western Europe, male (UIS estimate) (number)",TGO,2014,1659,,UIS_EST
OE.5T8.40500.M,"Outbound internationally mobile tertiary students studying in North America and Western Europe, male (UIS estimate) (number)",TGO,2015,2207,,UIS_EST
OE.5T8.40500.M,"Outbound internationally mobile tertiary students studying in North America and Western Europe, male (UIS estimate) (number)",TGO,2016,1855,,UIS_EST
OE.5T8.40500.M,"Outbound internationally mobile tertiary students studying in North America and Western Europe, male (UIS estimate) (number)",TGO,2017,2074,,UIS_EST
OE.5T8.40500.M,"Outbound internationally mobile tertiary students studying in North America and Western Europe, male (UIS estimate) (number)",TGO,2018,2322,,UIS_EST
OE.5T8.40500.M,"Outbound internationally mobile tertiary students studying in North America and Western Europe, male (UIS estimate) (number)",TGO,2019,2341,,UIS_EST
OE.5T8.40500.M,"Outbound internationally mobile tertiary students studying in North America and Western Europe, male (UIS estimate) (number)",TGO,2020,2625,,UIS_EST
OE.5T8.40500.M,"Outbound internationally mobile tertiary students studying in North America and Western Europe, male (UIS estimate) (number)",TGO,2021,2859,,UIS_EST
OE.5T8.40500.M,"Outbound internationally mobile tertiary students studying in North America and Western Europe, male (UIS estimate) (number)",TGO,2022,2926,,UIS_EST
OE.5T8.40500.M,"Outbound internationally mobile tertiary students studying in North America and Western Europe, male (UIS estimate) (number)",TGO,2023,3323,,UIS_EST
OE.5T8.40505,"Outbound internationally mobile tertiary students studying in Central Asia, both sexes (UIS estimate) (number)",TGO,1998,0,NIL,UIS_EST
OE.5T8.40505,"Outbound internationally mobile tertiary students studying in Central Asia, both sexes (UIS estimate) (number)",TGO,1999,0,NIL,UIS_EST
OE.5T8.40505,"Outbound internationally mobile tertiary students studying in Central Asia, both sexes (UIS estimate) (number)",TGO,2000,0,NIL,UIS_EST
OE.5T8.40505,"Outbound internationally mobile tertiary students studying in Central Asia, both sexes (UIS estimate) (number)",TGO,2001,0,NIL,
OE.5T8.40505,"Outbound internationally mobile tertiary students studying in Central Asia, both sexes (UIS estimate) (number)",TGO,2002,0,NIL,UIS_EST
OE.5T8.40505,"Outbound internationally mobile tertiary students studying in Central Asia, both sexes (UIS estimate) (number)",TGO,2003,0,NIL,
OE.5T8.40505,"Outbound internationally mobile tertiary students studying in Central Asia, both sexes (UIS estimate) (number)",TGO,2004,0,NIL,
OE.5T8.40505,"Outbound internationally mobile tertiary students studying in Central Asia, both sexes (UIS estimate) (number)",TGO,2005,0,NIL,
OE.5T8.40505,"Outbound internationally mobile tertiary students studying in Central Asia, both sexes (UIS estimate) (number)",TGO,2006,0,NIL,
OE.5T8.40505,"Outbound internationally mobile tertiary students studying in Central Asia, both sexes (UIS estimate) (number)",TGO,2007,0,NIL,
OE.5T8.40505,"Outbound internationally mobile tertiary students studying in Central Asia, both sexes (UIS estimate) (number)",TGO,2008,0,NIL,
OE.5T8.40505,"Outbound internationally mobile tertiary students studying in Central Asia, both sexes (UIS estimate) (number)",TGO,2009,0,NIL,
OE.5T8.40505,"Outbound internationally mobile tertiary students studying in Central Asia, both sexes (UIS estimate) (number)",TGO,2010,0,NIL,
OE.5T8.40505,"Outbound internationally mobile tertiary students studying in Central Asia, both sexes (UIS estimate) (number)",TGO,2011,0,NIL,
OE.5T8.40505,"Outbound internationally mobile tertiary students studying in Central Asia, both sexes (UIS estimate) (number)",TGO,2012,0,NIL,
OE.5T8.40505,"Outbound internationally mobile tertiary students studying in Central Asia, both sexes (UIS estimate) (number)",TGO,2013,0,NIL,
OE.5T8.40505,"Outbound internationally mobile tertiary students studying in Central Asia, both sexes (UIS estimate) (number)",TGO,2014,0,NIL,
OE.5T8.40505,"Outbound internationally mobile tertiary students studying in Central Asia, both sexes (UIS estimate) (number)",TGO,2015,0,NIL,
OE.5T8.40505,"Outbound internationally mobile tertiary students studying in Central Asia, both sexes (UIS estimate) (number)",TGO,2016,0,NIL,
OE.5T8.40505,"Outbound internationally mobile tertiary students studying in Central Asia, both sexes (UIS estimate) (number)",TGO,2017,1,,
OE.5T8.40505,"Outbound internationally mobile tertiary students studying in Central Asia, both sexes (UIS estimate) (number)",TGO,2018,1,,
OE.5T8.40505,"Outbound internationally mobile tertiary students studying in Central Asia, both sexes (UIS estimate) (number)",TGO,2019,0,NIL,
OE.5T8.40505,"Outbound internationally mobile tertiary students studying in Central Asia, both sexes (UIS estimate) (number)",TGO,2020,1,,
OE.5T8.40505,"Outbound internationally mobile tertiary students studying in Central Asia, both sexes (UIS estimate) (number)",TGO,2021,1,,UIS_EST
OE.5T8.40505,"Outbound internationally mobile tertiary students studying in Central Asia, both sexes (UIS estimate) (number)",TGO,2022,2,,UIS_EST
OE.5T8.40505,"Outbound internationally mobile tertiary students studying in Central Asia, both sexes (UIS estimate) (number)",TGO,2023,1,,UIS_EST
OE.5T8.40505.F,"Outbound internationally mobile tertiary students studying in Central Asia, female (UIS estimate) (number)",TGO,2012,0,NIL,UIS_EST
OE.5T8.40505.F,"Outbound internationally mobile tertiary students studying in Central Asia, female (UIS estimate) (number)",TGO,2013,0,NIL,UIS_EST
OE.5T8.40505.F,"Outbound internationally mobile tertiary students studying in Central Asia, female (UIS estimate) (number)",TGO,2014,0,NIL,UIS_EST
OE.5T8.40505.F,"Outbound internationally mobile tertiary students studying in Central Asia, female (UIS estimate) (number)",TGO,2015,0,NIL,
OE.5T8.40505.F,"Outbound internationally mobile tertiary students studying in Central Asia, female (UIS estimate) (number)",TGO,2016,0,NIL,
OE.5T8.40505.F,"Outbound internationally mobile tertiary students studying in Central Asia, female (UIS estimate) (number)",TGO,2017,1,,
OE.5T8.40505.F,"Outbound internationally mobile tertiary students studying in Central Asia, female (UIS estimate) (number)",TGO,2018,1,,
OE.5T8.40505.F,"Outbound internationally mobile tertiary students studying in Central Asia, female (UIS estimate) (number)",TGO,2019,0,NIL,
OE.5T8.40505.F,"Outbound internationally mobile tertiary students studying in Central Asia, female (UIS estimate) (number)",TGO,2020,1,,
OE.5T8.40505.F,"Outbound internationally mobile tertiary students studying in Central Asia, female (UIS estimate) (number)",TGO,2021,1,,UIS_EST
OE.5T8.40505.F,"Outbound internationally mobile tertiary students studying in Central Asia, female (UIS estimate) (number)",TGO,2022,0,,UIS_EST
OE.5T8.40505.F,"Outbound internationally mobile tertiary students studying in Central Asia, female (UIS estimate) (number)",TGO,2023,0,,UIS_EST
OE.5T8.40505.GPIA,"Outbound internationally mobile tertiary students studying in Central Asia, adjusted gender parity index (GPIA)",TGO,2017,2,,
OE.5T8.40505.GPIA,"Outbound internationally mobile tertiary students studying in Central Asia, adjusted gender parity index (GPIA)",TGO,2018,2,,
OE.5T8.40505.GPIA,"Outbound internationally mobile tertiary students studying in Central Asia, adjusted gender parity index (GPIA)",TGO,2020,2,,
OE.5T8.40505.GPIA,"Outbound internationally mobile tertiary students studying in Central Asia, adjusted gender parity index (GPIA)",TGO,2021,2,,UIS_EST
OE.5T8.40505.GPIA,"Outbound internationally mobile tertiary students studying in Central Asia, adjusted gender parity index (GPIA)",TGO,2022,0,,UIS_EST
OE.5T8.40505.GPIA,"Outbound internationally mobile tertiary students studying in Central Asia, adjusted gender parity index (GPIA)",TGO,2023,0,,UIS_EST
OE.5T8.40505.M,"Outbound internationally mobile tertiary students studying in Central Asia, male (UIS estimate) (number)",TGO,1970,0,NIL,
OE.5T8.40505.M,"Outbound internationally mobile tertiary students studying in Central Asia, male (UIS estimate) (number)",TGO,1971,0,NIL,
OE.5T8.40505.M,"Outbound internationally mobile tertiary students studying in Central Asia, male (UIS estimate) (number)",TGO,1972,0,NIL,
OE.5T8.40505.M,"Outbound internationally mobile tertiary students studying in Central Asia, male (UIS estimate) (number)",TGO,1973,0,NIL,
OE.5T8.40505.M,"Outbound internationally mobile tertiary students studying in Central Asia, male (UIS estimate) (number)",TGO,1974,0,NIL,
OE.5T8.40505.M,"Outbound internationally mobile tertiary students studying in Central Asia, male (UIS estimate) (number)",TGO,1975,0,NIL,
OE.5T8.40505.M,"Outbound internationally mobile tertiary students studying in Central Asia, male (UIS estimate) (number)",TGO,1976,0,NIL,
OE.5T8.40505.M,"Outbound internationally mobile tertiary students studying in Central Asia, male (UIS estimate) (number)",TGO,1977,0,NIL,
OE.5T8.40505.M,"Outbound internationally mobile tertiary students studying in Central Asia, male (UIS estimate) (number)",TGO,1978,0,NIL,
OE.5T8.40505.M,"Outbound internationally mobile tertiary students studying in Central Asia, male (UIS estimate) (number)",TGO,1979,0,NIL,
OE.5T8.40505.M,"Outbound internationally mobile tertiary students studying in Central Asia, male (UIS estimate) (number)",TGO,1980,0,NIL,
OE.5T8.40505.M,"Outbound internationally mobile tertiary students studying in Central Asia, male (UIS estimate) (number)",TGO,1981,0,NIL,
OE.5T8.40505.M,"Outbound internationally mobile tertiary students studying in Central Asia, male (UIS estimate) (number)",TGO,1982,0,NIL,
OE.5T8.40505.M,"Outbound internationally mobile tertiary students studying in Central Asia, male (UIS estimate) (number)",TGO,1983,0,NIL,
OE.5T8.40505.M,"Outbound internationally mobile tertiary students studying in Central Asia, male (UIS estimate) (number)",TGO,1984,0,NIL,
OE.5T8.40505.M,"Outbound internationally mobile tertiary students studying in Central Asia, male (UIS estimate) (number)",TGO,1985,0,NIL,
OE.5T8.40505.M,"Outbound internationally mobile tertiary students studying in Central Asia, male (UIS estimate) (number)",TGO,1986,0,NIL,
OE.5T8.40505.M,"Outbound internationally mobile tertiary students studying in Central Asia, male (UIS estimate) (number)",TGO,1987,0,NIL,
OE.5T8.40505.M,"Outbound internationally mobile tertiary students studying in Central Asia, male (UIS estimate) (number)",TGO,1988,0,NIL,
OE.5T8.40505.M,"Outbound internationally mobile tertiary students studying in Central Asia, male (UIS estimate) (number)",TGO,1989,0,NIL,
OE.5T8.40505.M,"Outbound internationally mobile tertiary students studying in Central Asia, male (UIS estimate) (number)",TGO,1990,0,NIL,
OE.5T8.40505.M,"Outbound internationally mobile tertiary students studying in Central Asia, male (UIS estimate) (number)",TGO,1991,0,NIL,
OE.5T8.40505.M,"Outbound internationally mobile tertiary students studying in Central Asia, male (UIS estimate) (number)",TGO,1992,0,NIL,
OE.5T8.40505.M,"Outbound internationally mobile tertiary students studying in Central Asia, male (UIS estimate) (number)",TGO,1993,0,NIL,
OE.5T8.40505.M,"Outbound internationally mobile tertiary students studying in Central Asia, male (UIS estimate) (number)",TGO,1994,0,NIL,
OE.5T8.40505.M,"Outbound internationally mobile tertiary students studying in Central Asia, male (UIS estimate) (number)",TGO,1995,0,NIL,
OE.5T8.40505.M,"Outbound internationally mobile tertiary students studying in Central Asia, male (UIS estimate) (number)",TGO,1996,0,NIL,
OE.5T8.40505.M,"Outbound internationally mobile tertiary students studying in Central Asia, male (UIS estimate) (number)",TGO,1997,0,NIL,
OE.5T8.40505.M,"Outbound internationally mobile tertiary students studying in Central Asia, male (UIS estimate) (number)",TGO,1998,0,NIL,UIS_EST
OE.5T8.40505.M,"Outbound internationally mobile tertiary students studying in Central Asia, male (UIS estimate) (number)",TGO,1999,0,NIL,UIS_EST
OE.5T8.40505.M,"Outbound internationally mobile tertiary students studying in Central Asia, male (UIS estimate) (number)",TGO,2000,0,NIL,UIS_EST
OE.5T8.40505.M,"Outbound internationally mobile tertiary students studying in Central Asia, male (UIS estimate) (number)",TGO,2001,0,NIL,
OE.5T8.40505.M,"Outbound internationally mobile tertiary students studying in Central Asia, male (UIS estimate) (number)",TGO,2002,0,NIL,UIS_EST
OE.5T8.40505.M,"Outbound internationally mobile tertiary students studying in Central Asia, male (UIS estimate) (number)",TGO,2003,0,NIL,
OE.5T8.40505.M,"Outbound internationally mobile tertiary students studying in Central Asia, male (UIS estimate) (number)",TGO,2004,0,NIL,
OE.5T8.40505.M,"Outbound internationally mobile tertiary students studying in Central Asia, male (UIS estimate) (number)",TGO,2005,0,NIL,
OE.5T8.40505.M,"Outbound internationally mobile tertiary students studying in Central Asia, male (UIS estimate) (number)",TGO,2006,0,NIL,
OE.5T8.40505.M,"Outbound internationally mobile tertiary students studying in Central Asia, male (UIS estimate) (number)",TGO,2007,0,NIL,
OE.5T8.40505.M,"Outbound internationally mobile tertiary students studying in Central Asia, male (UIS estimate) (number)",TGO,2008,0,NIL,
OE.5T8.40505.M,"Outbound internationally mobile tertiary students studying in Central Asia, male (UIS estimate) (number)",TGO,2009,0,NIL,
OE.5T8.40505.M,"Outbound internationally mobile tertiary students studying in Central Asia, male (UIS estimate) (number)",TGO,2010,0,NIL,
OE.5T8.40505.M,"Outbound internationally mobile tertiary students studying in Central Asia, male (UIS estimate) (number)",TGO,2011,0,NIL,
OE.5T8.40505.M,"Outbound internationally mobile tertiary students studying in Central Asia, male (UIS estimate) (number)",TGO,2012,0,NIL,UIS_EST
OE.5T8.40505.M,"Outbound internationally mobile tertiary students studying in Central Asia, male (UIS estimate) (number)",TGO,2013,0,NIL,UIS_EST
OE.5T8.40505.M,"Outbound internationally mobile tertiary students studying in Central Asia, male (UIS estimate) (number)",TGO,2014,0,NIL,UIS_EST
OE.5T8.40505.M,"Outbound internationally mobile tertiary students studying in Central Asia, male (UIS estimate) (number)",TGO,2015,0,NIL,
OE.5T8.40505.M,"Outbound internationally mobile tertiary students studying in Central Asia, male (UIS estimate) (number)",TGO,2016,0,NIL,
OE.5T8.40505.M,"Outbound internationally mobile tertiary students studying in Central Asia, male (UIS estimate) (number)",TGO,2017,0,NIL,
OE.5T8.40505.M,"Outbound internationally mobile tertiary students studying in Central Asia, male (UIS estimate) (number)",TGO,2018,0,NIL,
OE.5T8.40505.M,"Outbound internationally mobile tertiary students studying in Central Asia, male (UIS estimate) (number)",TGO,2019,0,NIL,
OE.5T8.40505.M,"Outbound internationally mobile tertiary students studying in Central Asia, male (UIS estimate) (number)",TGO,2020,0,NIL,
OE.5T8.40505.M,"Outbound internationally mobile tertiary students studying in Central Asia, male (UIS estimate) (number)",TGO,2021,0,,UIS_EST
OE.5T8.40505.M,"Outbound internationally mobile tertiary students studying in Central Asia, male (UIS estimate) (number)",TGO,2022,1,,UIS_EST
OE.5T8.40505.M,"Outbound internationally mobile tertiary students studying in Central Asia, male (UIS estimate) (number)",TGO,2023,1,,UIS_EST
OE.5T8.40510,"Total outbound internationally mobile tertiary students studying abroad, all countries, both sexes (UIS estimate) (number)",TGO,1998,3897,,UIS_EST
OE.5T8.40510,"Total outbound internationally mobile tertiary students studying abroad, all countries, both sexes (UIS estimate) (number)",TGO,1999,3897,,UIS_EST
OE.5T8.40510,"Total outbound internationally mobile tertiary students studying abroad, all countries, both sexes (UIS estimate) (number)",TGO,2000,3854,,UIS_EST
OE.5T8.40510,"Total outbound internationally mobile tertiary students studying abroad, all countries, both sexes (UIS estimate) (number)",TGO,2001,4105,,UIS_EST
OE.5T8.40510,"Total outbound internationally mobile tertiary students studying abroad, all countries, both sexes (UIS estimate) (number)",TGO,2002,4409,,UIS_EST
OE.5T8.40510,"Total outbound internationally mobile tertiary students studying abroad, all countries, both sexes (UIS estimate) (number)",TGO,2003,4775,,UIS_EST
OE.5T8.40510,"Total outbound internationally mobile tertiary students studying abroad, all countries, both sexes (UIS estimate) (number)",TGO,2004,4802,,UIS_EST
OE.5T8.40510,"Total outbound internationally mobile tertiary students studying abroad, all countries, both sexes (UIS estimate) (number)",TGO,2005,5151,,UIS_EST
OE.5T8.40510,"Total outbound internationally mobile tertiary students studying abroad, all countries, both sexes (UIS estimate) (number)",TGO,2006,5194,,UIS_EST
OE.5T8.40510,"Total outbound internationally mobile tertiary students studying abroad, all countries, both sexes (UIS estimate) (number)",TGO,2007,5151,,UIS_EST
OE.5T8.40510,"Total outbound internationally mobile tertiary students studying abroad, all countries, both sexes (UIS estimate) (number)",TGO,2008,5145,,UIS_EST
OE.5T8.40510,"Total outbound internationally mobile tertiary students studying abroad, all countries, both sexes (UIS estimate) (number)",TGO,2009,4941,,UIS_EST
OE.5T8.40510,"Total outbound internationally mobile tertiary students studying abroad, all countries, both sexes (UIS estimate) (number)",TGO,2010,4947,,UIS_EST
OE.5T8.40510,"Total outbound internationally mobile tertiary students studying abroad, all countries, both sexes (UIS estimate) (number)",TGO,2011,5050,,UIS_EST
OE.5T8.40510,"Total outbound internationally mobile tertiary students studying abroad, all countries, both sexes (UIS estimate) (number)",TGO,2012,5039,,UIS_EST
OE.5T8.40510,"Total outbound internationally mobile tertiary students studying abroad, all countries, both sexes (UIS estimate) (number)",TGO,2013,5076,,UIS_EST
OE.5T8.40510,"Total outbound internationally mobile tertiary students studying abroad, all countries, both sexes (UIS estimate) (number)",TGO,2014,5604,,UIS_EST
OE.5T8.40510,"Total outbound internationally mobile tertiary students studying abroad, all countries, both sexes (UIS estimate) (number)",TGO,2015,6500,,
OE.5T8.40510,"Total outbound internationally mobile tertiary students studying abroad, all countries, both sexes (UIS estimate) (number)",TGO,2016,6036,,
OE.5T8.40510,"Total outbound internationally mobile tertiary students studying abroad, all countries, both sexes (UIS estimate) (number)",TGO,2017,6138,,
OE.5T8.40510,"Total outbound internationally mobile tertiary students studying abroad, all countries, both sexes (UIS estimate) (number)",TGO,2018,6868,,
OE.5T8.40510,"Total outbound internationally mobile tertiary students studying abroad, all countries, both sexes (UIS estimate) (number)",TGO,2019,6747,,UIS_EST
OE.5T8.40510,"Total outbound internationally mobile tertiary students studying abroad, all countries, both sexes (UIS estimate) (number)",TGO,2020,7338,,
OE.5T8.40510,"Total outbound internationally mobile tertiary students studying abroad, all countries, both sexes (UIS estimate) (number)",TGO,2021,7719,,UIS_EST
OE.5T8.40510,"Total outbound internationally mobile tertiary students studying abroad, all countries, both sexes (UIS estimate) (number)",TGO,2022,8117,,UIS_EST
OE.5T8.40510,"Total outbound internationally mobile tertiary students studying abroad, all countries, both sexes (UIS estimate) (number)",TGO,2023,8897,,UIS_EST
OE.5T8.40510.F,"Total outbound internationally mobile tertiary students studying abroad, all countries, female (UIS estimate) (number)",TGO,2012,1431,,UIS_EST
OE.5T8.40510.F,"Total outbound internationally mobile tertiary students studying abroad, all countries, female (UIS estimate) (number)",TGO,2013,1464,,UIS_EST
OE.5T8.40510.F,"Total outbound internationally mobile tertiary students studying abroad, all countries, female (UIS estimate) (number)",TGO,2014,1688,,UIS_EST
OE.5T8.40510.F,"Total outbound internationally mobile tertiary students studying abroad, all countries, female (UIS estimate) (number)",TGO,2015,2056,,UIS_EST
OE.5T8.40510.F,"Total outbound internationally mobile tertiary students studying abroad, all countries, female (UIS estimate) (number)",TGO,2016,1878,,UIS_EST
OE.5T8.40510.F,"Total outbound internationally mobile tertiary students studying abroad, all countries, female (UIS estimate) (number)",TGO,2017,1963,,UIS_EST
OE.5T8.40510.F,"Total outbound internationally mobile tertiary students studying abroad, all countries, female (UIS estimate) (number)",TGO,2018,2141,,UIS_EST
OE.5T8.40510.F,"Total outbound internationally mobile tertiary students studying abroad, all countries, female (UIS estimate) (number)",TGO,2019,2133,,UIS_EST
OE.5T8.40510.F,"Total outbound internationally mobile tertiary students studying abroad, all countries, female (UIS estimate) (number)",TGO,2020,2466,,UIS_EST
OE.5T8.40510.F,"Total outbound internationally mobile tertiary students studying abroad, all countries, female (UIS estimate) (number)",TGO,2021,2530,,UIS_EST
OE.5T8.40510.F,"Total outbound internationally mobile tertiary students studying abroad, all countries, female (UIS estimate) (number)",TGO,2022,2666,,UIS_EST
OE.5T8.40510.F,"Total outbound internationally mobile tertiary students studying abroad, all countries, female (UIS estimate) (number)",TGO,2023,3140,,UIS_EST
OE.5T8.40510.GPIA,"Total outbound internationally mobile tertiary students studying abroad, all countries, adjusted gender parity index (GPIA)",TGO,2012,0,,UIS_EST
OE.5T8.40510.GPIA,"Total outbound internationally mobile tertiary students studying abroad, all countries, adjusted gender parity index (GPIA)",TGO,2013,0,,UIS_EST
OE.5T8.40510.GPIA,"Total outbound internationally mobile tertiary students studying abroad, all countries, adjusted gender parity index (GPIA)",TGO,2014,0,,UIS_EST
OE.5T8.40510.GPIA,"Total outbound internationally mobile tertiary students studying abroad, all countries, adjusted gender parity index (GPIA)",TGO,2015,0,,UIS_EST
OE.5T8.40510.GPIA,"Total outbound internationally mobile tertiary students studying abroad, all countries, adjusted gender parity index (GPIA)",TGO,2016,0,,UIS_EST
OE.5T8.40510.GPIA,"Total outbound internationally mobile tertiary students studying abroad, all countries, adjusted gender parity index (GPIA)",TGO,2017,0,,UIS_EST
OE.5T8.40510.GPIA,"Total outbound internationally mobile tertiary students studying abroad, all countries, adjusted gender parity index (GPIA)",TGO,2018,0,,UIS_EST
OE.5T8.40510.GPIA,"Total outbound internationally mobile tertiary students studying abroad, all countries, adjusted gender parity index (GPIA)",TGO,2019,0,,UIS_EST
OE.5T8.40510.GPIA,"Total outbound internationally mobile tertiary students studying abroad, all countries, adjusted gender parity index (GPIA)",TGO,2020,1,,UIS_EST
OE.5T8.40510.GPIA,"Total outbound internationally mobile tertiary students studying abroad, all countries, adjusted gender parity index (GPIA)",TGO,2021,0,,UIS_EST
OE.5T8.40510.GPIA,"Total outbound internationally mobile tertiary students studying abroad, all countries, adjusted gender parity index (GPIA)",TGO,2022,0,,UIS_EST
OE.5T8.40510.GPIA,"Total outbound internationally mobile tertiary students studying abroad, all countries, adjusted gender parity index (GPIA)",TGO,2023,1,,UIS_EST
OE.5T8.40510.M,"Total outbound internationally mobile tertiary students studying abroad, all countries, male (UIS estimate) (number)",TGO,1970,0,NIL,
OE.5T8.40510.M,"Total outbound internationally mobile tertiary students studying abroad, all countries, male (UIS estimate) (number)",TGO,1971,0,NIL,
OE.5T8.40510.M,"Total outbound internationally mobile tertiary students studying abroad, all countries, male (UIS estimate) (number)",TGO,1972,0,NIL,
OE.5T8.40510.M,"Total outbound internationally mobile tertiary students studying abroad, all countries, male (UIS estimate) (number)",TGO,1973,0,NIL,
OE.5T8.40510.M,"Total outbound internationally mobile tertiary students studying abroad, all countries, male (UIS estimate) (number)",TGO,1974,0,NIL,
OE.5T8.40510.M,"Total outbound internationally mobile tertiary students studying abroad, all countries, male (UIS estimate) (number)",TGO,1975,0,NIL,
OE.5T8.40510.M,"Total outbound internationally mobile tertiary students studying abroad, all countries, male (UIS estimate) (number)",TGO,1976,0,NIL,
OE.5T8.40510.M,"Total outbound internationally mobile tertiary students studying abroad, all countries, male (UIS estimate) (number)",TGO,1977,0,NIL,
OE.5T8.40510.M,"Total outbound internationally mobile tertiary students studying abroad, all countries, male (UIS estimate) (number)",TGO,1978,0,NIL,
OE.5T8.40510.M,"Total outbound internationally mobile tertiary students studying abroad, all countries, male (UIS estimate) (number)",TGO,1979,0,NIL,
OE.5T8.40510.M,"Total outbound internationally mobile tertiary students studying abroad, all countries, male (UIS estimate) (number)",TGO,1980,0,NIL,
OE.5T8.40510.M,"Total outbound internationally mobile tertiary students studying abroad, all countries, male (UIS estimate) (number)",TGO,1981,0,NIL,
OE.5T8.40510.M,"Total outbound internationally mobile tertiary students studying abroad, all countries, male (UIS estimate) (number)",TGO,1982,0,NIL,
OE.5T8.40510.M,"Total outbound internationally mobile tertiary students studying abroad, all countries, male (UIS estimate) (number)",TGO,1983,0,NIL,
OE.5T8.40510.M,"Total outbound internationally mobile tertiary students studying abroad, all countries, male (UIS estimate) (number)",TGO,1984,0,NIL,
OE.5T8.40510.M,"Total outbound internationally mobile tertiary students studying abroad, all countries, male (UIS estimate) (number)",TGO,1985,0,NIL,
OE.5T8.40510.M,"Total outbound internationally mobile tertiary students studying abroad, all countries, male (UIS estimate) (number)",TGO,1986,0,NIL,
OE.5T8.40510.M,"Total outbound internationally mobile tertiary students studying abroad, all countries, male (UIS estimate) (number)",TGO,1987,0,NIL,
OE.5T8.40510.M,"Total outbound internationally mobile tertiary students studying abroad, all countries, male (UIS estimate) (number)",TGO,1988,0,NIL,
OE.5T8.40510.M,"Total outbound internationally mobile tertiary students studying abroad, all countries, male (UIS estimate) (number)",TGO,1989,0,NIL,
OE.5T8.40510.M,"Total outbound internationally mobile tertiary students studying abroad, all countries, male (UIS estimate) (number)",TGO,1990,0,NIL,
OE.5T8.40510.M,"Total outbound internationally mobile tertiary students studying abroad, all countries, male (UIS estimate) (number)",TGO,1991,0,NIL,
OE.5T8.40510.M,"Total outbound internationally mobile tertiary students studying abroad, all countries, male (UIS estimate) (number)",TGO,1992,0,NIL,
OE.5T8.40510.M,"Total outbound internationally mobile tertiary students studying abroad, all countries, male (UIS estimate) (number)",TGO,1993,0,NIL,
OE.5T8.40510.M,"Total outbound internationally mobile tertiary students studying abroad, all countries, male (UIS estimate) (number)",TGO,1994,0,NIL,
OE.5T8.40510.M,"Total outbound internationally mobile tertiary students studying abroad, all countries, male (UIS estimate) (number)",TGO,1995,0,NIL,
OE.5T8.40510.M,"Total outbound internationally mobile tertiary students studying abroad, all countries, male (UIS estimate) (number)",TGO,1996,0,NIL,
OE.5T8.40510.M,"Total outbound internationally mobile tertiary students studying abroad, all countries, male (UIS estimate) (number)",TGO,1997,0,NIL,
OE.5T8.40510.M,"Total outbound internationally mobile tertiary students studying abroad, all countries, male (UIS estimate) (number)",TGO,1998,3897,,UIS_EST
OE.5T8.40510.M,"Total outbound internationally mobile tertiary students studying abroad, all countries, male (UIS estimate) (number)",TGO,1999,3897,,UIS_EST
OE.5T8.40510.M,"Total outbound internationally mobile tertiary students studying abroad, all countries, male (UIS estimate) (number)",TGO,2000,3854,,UIS_EST
OE.5T8.40510.M,"Total outbound internationally mobile tertiary students studying abroad, all countries, male (UIS estimate) (number)",TGO,2001,4105,,UIS_EST
OE.5T8.40510.M,"Total outbound internationally mobile tertiary students studying abroad, all countries, male (UIS estimate) (number)",TGO,2002,4409,,UIS_EST
OE.5T8.40510.M,"Total outbound internationally mobile tertiary students studying abroad, all countries, male (UIS estimate) (number)",TGO,2003,4775,,UIS_EST
OE.5T8.40510.M,"Total outbound internationally mobile tertiary students studying abroad, all countries, male (UIS estimate) (number)",TGO,2004,4802,,UIS_EST
OE.5T8.40510.M,"Total outbound internationally mobile tertiary students studying abroad, all countries, male (UIS estimate) (number)",TGO,2005,5151,,UIS_EST
OE.5T8.40510.M,"Total outbound internationally mobile tertiary students studying abroad, all countries, male (UIS estimate) (number)",TGO,2006,5194,,UIS_EST
OE.5T8.40510.M,"Total outbound internationally mobile tertiary students studying abroad, all countries, male (UIS estimate) (number)",TGO,2007,5151,,UIS_EST
OE.5T8.40510.M,"Total outbound internationally mobile tertiary students studying abroad, all countries, male (UIS estimate) (number)",TGO,2008,5145,,UIS_EST
OE.5T8.40510.M,"Total outbound internationally mobile tertiary students studying abroad, all countries, male (UIS estimate) (number)",TGO,2009,4941,,UIS_EST
OE.5T8.40510.M,"Total outbound internationally mobile tertiary students studying abroad, all countries, male (UIS estimate) (number)",TGO,2010,4947,,UIS_EST
OE.5T8.40510.M,"Total outbound internationally mobile tertiary students studying abroad, all countries, male (UIS estimate) (number)",TGO,2011,5050,,UIS_EST
OE.5T8.40510.M,"Total outbound internationally mobile tertiary students studying abroad, all countries, male (UIS estimate) (number)",TGO,2012,3608,,UIS_EST
OE.5T8.40510.M,"Total outbound internationally mobile tertiary students studying abroad, all countries, male (UIS estimate) (number)",TGO,2013,3612,,UIS_EST
OE.5T8.40510.M,"Total outbound internationally mobile tertiary students studying abroad, all countries, male (UIS estimate) (number)",TGO,2014,3916,,UIS_EST
OE.5T8.40510.M,"Total outbound internationally mobile tertiary students studying abroad, all countries, male (UIS estimate) (number)",TGO,2015,4444,,UIS_EST
OE.5T8.40510.M,"Total outbound internationally mobile tertiary students studying abroad, all countries, male (UIS estimate) (number)",TGO,2016,4157,,UIS_EST
OE.5T8.40510.M,"Total outbound internationally mobile tertiary students studying abroad, all countries, male (UIS estimate) (number)",TGO,2017,4175,,UIS_EST
OE.5T8.40510.M,"Total outbound internationally mobile tertiary students studying abroad, all countries, male (UIS estimate) (number)",TGO,2018,4726,,UIS_EST
OE.5T8.40510.M,"Total outbound internationally mobile tertiary students studying abroad, all countries, male (UIS estimate) (number)",TGO,2019,4614,,UIS_EST
OE.5T8.40510.M,"Total outbound internationally mobile tertiary students studying abroad, all countries, male (UIS estimate) (number)",TGO,2020,4872,,UIS_EST
OE.5T8.40510.M,"Total outbound internationally mobile tertiary students studying abroad, all countries, male (UIS estimate) (number)",TGO,2021,5189,,UIS_EST
OE.5T8.40510.M,"Total outbound internationally mobile tertiary students studying abroad, all countries, male (UIS estimate) (number)",TGO,2022,5451,,UIS_EST
OE.5T8.40510.M,"Total outbound internationally mobile tertiary students studying abroad, all countries, male (UIS estimate) (number)",TGO,2023,5758,,UIS_EST
OE.5T8.40515,"Outbound internationally mobile tertiary students studying in East Asia and the Pacific, both sexes (UIS estimate) (number)",TGO,1997,0,NIL,UIS_EST
OE.5T8.40515,"Outbound internationally mobile tertiary students studying in East Asia and the Pacific, both sexes (UIS estimate) (number)",TGO,1998,0,NIL,UIS_EST
OE.5T8.40515,"Outbound internationally mobile tertiary students studying in East Asia and the Pacific, both sexes (UIS estimate) (number)",TGO,1999,0,NIL,UIS_EST
OE.5T8.40515,"Outbound internationally mobile tertiary students studying in East Asia and the Pacific, both sexes (UIS estimate) (number)",TGO,2000,1,,UIS_EST
OE.5T8.40515,"Outbound internationally mobile tertiary students studying in East Asia and the Pacific, both sexes (UIS estimate) (number)",TGO,2001,2,,UIS_EST
OE.5T8.40515,"Outbound internationally mobile tertiary students studying in East Asia and the Pacific, both sexes (UIS estimate) (number)",TGO,2002,3,,UIS_EST
OE.5T8.40515,"Outbound internationally mobile tertiary students studying in East Asia and the Pacific, both sexes (UIS estimate) (number)",TGO,2003,2,,UIS_EST
OE.5T8.40515,"Outbound internationally mobile tertiary students studying in East Asia and the Pacific, both sexes (UIS estimate) (number)",TGO,2004,4,,UIS_EST
OE.5T8.40515,"Outbound internationally mobile tertiary students studying in East Asia and the Pacific, both sexes (UIS estimate) (number)",TGO,2005,4,,UIS_EST
OE.5T8.40515,"Outbound internationally mobile tertiary students studying in East Asia and the Pacific, both sexes (UIS estimate) (number)",TGO,2006,7,,UIS_EST
OE.5T8.40515,"Outbound internationally mobile tertiary students studying in East Asia and the Pacific, both sexes (UIS estimate) (number)",TGO,2007,6,,UIS_EST
OE.5T8.40515,"Outbound internationally mobile tertiary students studying in East Asia and the Pacific, both sexes (UIS estimate) (number)",TGO,2008,8,,UIS_EST
OE.5T8.40515,"Outbound internationally mobile tertiary students studying in East Asia and the Pacific, both sexes (UIS estimate) (number)",TGO,2009,9,,UIS_EST
OE.5T8.40515,"Outbound internationally mobile tertiary students studying in East Asia and the Pacific, both sexes (UIS estimate) (number)",TGO,2010,9,,UIS_EST
OE.5T8.40515,"Outbound internationally mobile tertiary students studying in East Asia and the Pacific, both sexes (UIS estimate) (number)",TGO,2011,15,,UIS_EST
OE.5T8.40515,"Outbound internationally mobile tertiary students studying in East Asia and the Pacific, both sexes (UIS estimate) (number)",TGO,2012,22,,UIS_EST
OE.5T8.40515,"Outbound internationally mobile tertiary students studying in East Asia and the Pacific, both sexes (UIS estimate) (number)",TGO,2013,18,,UIS_EST
OE.5T8.40515,"Outbound internationally mobile tertiary students studying in East Asia and the Pacific, both sexes (UIS estimate) (number)",TGO,2014,13,,UIS_EST
OE.5T8.40515,"Outbound internationally mobile tertiary students studying in East Asia and the Pacific, both sexes (UIS estimate) (number)",TGO,2015,19,,UIS_EST
OE.5T8.40515,"Outbound internationally mobile tertiary students studying in East Asia and the Pacific, both sexes (UIS estimate) (number)",TGO,2016,31,,UIS_EST
OE.5T8.40515,"Outbound internationally mobile tertiary students studying in East Asia and the Pacific, both sexes (UIS estimate) (number)",TGO,2017,19,,UIS_EST
OE.5T8.40515,"Outbound internationally mobile tertiary students studying in East Asia and the Pacific, both sexes (UIS estimate) (number)",TGO,2018,15,,UIS_EST
OE.5T8.40515.M,"Outbound internationally mobile tertiary students studying in East Asia and the Pacific, male (UIS estimate) (number)",TGO,1970,0,NIL,
OE.5T8.40515.M,"Outbound internationally mobile tertiary students studying in East Asia and the Pacific, male (UIS estimate) (number)",TGO,1971,0,NIL,
OE.5T8.40515.M,"Outbound internationally mobile tertiary students studying in East Asia and the Pacific, male (UIS estimate) (number)",TGO,1972,0,NIL,
OE.5T8.40515.M,"Outbound internationally mobile tertiary students studying in East Asia and the Pacific, male (UIS estimate) (number)",TGO,1973,0,NIL,
OE.5T8.40515.M,"Outbound internationally mobile tertiary students studying in East Asia and the Pacific, male (UIS estimate) (number)",TGO,1974,0,NIL,
OE.5T8.40515.M,"Outbound internationally mobile tertiary students studying in East Asia and the Pacific, male (UIS estimate) (number)",TGO,1975,0,NIL,
OE.5T8.40515.M,"Outbound internationally mobile tertiary students studying in East Asia and the Pacific, male (UIS estimate) (number)",TGO,1976,0,NIL,
OE.5T8.40515.M,"Outbound internationally mobile tertiary students studying in East Asia and the Pacific, male (UIS estimate) (number)",TGO,1977,0,NIL,
OE.5T8.40515.M,"Outbound internationally mobile tertiary students studying in East Asia and the Pacific, male (UIS estimate) (number)",TGO,1978,0,NIL,
OE.5T8.40515.M,"Outbound internationally mobile tertiary students studying in East Asia and the Pacific, male (UIS estimate) (number)",TGO,1979,0,NIL,
OE.5T8.40515.M,"Outbound internationally mobile tertiary students studying in East Asia and the Pacific, male (UIS estimate) (number)",TGO,1980,0,NIL,
OE.5T8.40515.M,"Outbound internationally mobile tertiary students studying in East Asia and the Pacific, male (UIS estimate) (number)",TGO,1981,0,NIL,
OE.5T8.40515.M,"Outbound internationally mobile tertiary students studying in East Asia and the Pacific, male (UIS estimate) (number)",TGO,1982,0,NIL,
OE.5T8.40515.M,"Outbound internationally mobile tertiary students studying in East Asia and the Pacific, male (UIS estimate) (number)",TGO,1983,0,NIL,
OE.5T8.40515.M,"Outbound internationally mobile tertiary students studying in East Asia and the Pacific, male (UIS estimate) (number)",TGO,1984,0,NIL,
OE.5T8.40515.M,"Outbound internationally mobile tertiary students studying in East Asia and the Pacific, male (UIS estimate) (number)",TGO,1985,0,NIL,
OE.5T8.40515.M,"Outbound internationally mobile tertiary students studying in East Asia and the Pacific, male (UIS estimate) (number)",TGO,1986,0,NIL,
OE.5T8.40515.M,"Outbound internationally mobile tertiary students studying in East Asia and the Pacific, male (UIS estimate) (number)",TGO,1987,0,NIL,
OE.5T8.40515.M,"Outbound internationally mobile tertiary students studying in East Asia and the Pacific, male (UIS estimate) (number)",TGO,1988,0,NIL,
OE.5T8.40515.M,"Outbound internationally mobile tertiary students studying in East Asia and the Pacific, male (UIS estimate) (number)",TGO,1989,0,NIL,
OE.5T8.40515.M,"Outbound internationally mobile tertiary students studying in East Asia and the Pacific, male (UIS estimate) (number)",TGO,1990,0,NIL,
OE.5T8.40515.M,"Outbound internationally mobile tertiary students studying in East Asia and the Pacific, male (UIS estimate) (number)",TGO,1991,0,NIL,
OE.5T8.40515.M,"Outbound internationally mobile tertiary students studying in East Asia and the Pacific, male (UIS estimate) (number)",TGO,1992,0,NIL,
OE.5T8.40515.M,"Outbound internationally mobile tertiary students studying in East Asia and the Pacific, male (UIS estimate) (number)",TGO,1993,0,NIL,
OE.5T8.40515.M,"Outbound internationally mobile tertiary students studying in East Asia and the Pacific, male (UIS estimate) (number)",TGO,1994,0,NIL,
OE.5T8.40515.M,"Outbound internationally mobile tertiary students studying in East Asia and the Pacific, male (UIS estimate) (number)",TGO,1995,0,NIL,
OE.5T8.40515.M,"Outbound internationally mobile tertiary students studying in East Asia and the Pacific, male (UIS estimate) (number)",TGO,1996,0,NIL,
OE.5T8.40515.M,"Outbound internationally mobile tertiary students studying in East Asia and the Pacific, male (UIS estimate) (number)",TGO,1997,0,NIL,UIS_EST
OE.5T8.40515.M,"Outbound internationally mobile tertiary students studying in East Asia and the Pacific, male (UIS estimate) (number)",TGO,1998,0,NIL,UIS_EST
OE.5T8.40515.M,"Outbound internationally mobile tertiary students studying in East Asia and the Pacific, male (UIS estimate) (number)",TGO,1999,0,NIL,UIS_EST
OE.5T8.40515.M,"Outbound internationally mobile tertiary students studying in East Asia and the Pacific, male (UIS estimate) (number)",TGO,2000,1,,UIS_EST
OE.5T8.40515.M,"Outbound internationally mobile tertiary students studying in East Asia and the Pacific, male (UIS estimate) (number)",TGO,2001,2,,UIS_EST
OE.5T8.40515.M,"Outbound internationally mobile tertiary students studying in East Asia and the Pacific, male (UIS estimate) (number)",TGO,2002,3,,UIS_EST
OE.5T8.40515.M,"Outbound internationally mobile tertiary students studying in East Asia and the Pacific, male (UIS estimate) (number)",TGO,2003,2,,UIS_EST
OE.5T8.40515.M,"Outbound internationally mobile tertiary students studying in East Asia and the Pacific, male (UIS estimate) (number)",TGO,2004,4,,UIS_EST
OE.5T8.40515.M,"Outbound internationally mobile tertiary students studying in East Asia and the Pacific, male (UIS estimate) (number)",TGO,2005,4,,UIS_EST
OE.5T8.40515.M,"Outbound internationally mobile tertiary students studying in East Asia and the Pacific, male (UIS estimate) (number)",TGO,2006,7,,UIS_EST
OE.5T8.40515.M,"Outbound internationally mobile tertiary students studying in East Asia and the Pacific, male (UIS estimate) (number)",TGO,2007,6,,UIS_EST
OE.5T8.40515.M,"Outbound internationally mobile tertiary students studying in East Asia and the Pacific, male (UIS estimate) (number)",TGO,2008,8,,UIS_EST
OE.5T8.40515.M,"Outbound internationally mobile tertiary students studying in East Asia and the Pacific, male (UIS estimate) (number)",TGO,2009,9,,UIS_EST
OE.5T8.40515.M,"Outbound internationally mobile tertiary students studying in East Asia and the Pacific, male (UIS estimate) (number)",TGO,2010,9,,UIS_EST
OE.5T8.40515.M,"Outbound internationally mobile tertiary students studying in East Asia and the Pacific, male (UIS estimate) (number)",TGO,2011,15,,UIS_EST
OE.5T8.40515.M,"Outbound internationally mobile tertiary students studying in East Asia and the Pacific, male (UIS estimate) (number)",TGO,2012,22,,UIS_EST
OE.5T8.40515.M,"Outbound internationally mobile tertiary students studying in East Asia and the Pacific, male (UIS estimate) (number)",TGO,2013,18,,UIS_EST
OE.5T8.40515.M,"Outbound internationally mobile tertiary students studying in East Asia and the Pacific, male (UIS estimate) (number)",TGO,2014,13,,UIS_EST
OE.5T8.40515.M,"Outbound internationally mobile tertiary students studying in East Asia and the Pacific, male (UIS estimate) (number)",TGO,2015,19,,UIS_EST
OE.5T8.40515.M,"Outbound internationally mobile tertiary students studying in East Asia and the Pacific, male (UIS estimate) (number)",TGO,2016,31,,UIS_EST
OE.5T8.40515.M,"Outbound internationally mobile tertiary students studying in East Asia and the Pacific, male (UIS estimate) (number)",TGO,2017,19,,UIS_EST
OE.5T8.40515.M,"Outbound internationally mobile tertiary students studying in East Asia and the Pacific, male (UIS estimate) (number)",TGO,2018,15,,UIS_EST
OE.5T8.40515.M,"Outbound internationally mobile tertiary students studying in East Asia and the Pacific, male (UIS estimate) (number)",TGO,2019,0,NIL,
OE.5T8.40515.M,"Outbound internationally mobile tertiary students studying in East Asia and the Pacific, male (UIS estimate) (number)",TGO,2020,0,NIL,
OE.5T8.40515.M,"Outbound internationally mobile tertiary students studying in East Asia and the Pacific, male (UIS estimate) (number)",TGO,2021,0,NIL,
OE.5T8.40515.M,"Outbound internationally mobile tertiary students studying in East Asia and the Pacific, male (UIS estimate) (number)",TGO,2022,0,NIL,
OE.5T8.40516,"Outbound internationally mobile tertiary students studying in the Pacific, both sexes (UIS estimate) (number)",TGO,1997,0,NIL,UIS_EST
OE.5T8.40516,"Outbound internationally mobile tertiary students studying in the Pacific, both sexes (UIS estimate) (number)",TGO,1998,0,NIL,
OE.5T8.40516,"Outbound internationally mobile tertiary students studying in the Pacific, both sexes (UIS estimate) (number)",TGO,1999,0,NIL,
OE.5T8.40516,"Outbound internationally mobile tertiary students studying in the Pacific, both sexes (UIS estimate) (number)",TGO,2000,1,,
OE.5T8.40516,"Outbound internationally mobile tertiary students studying in the Pacific, both sexes (UIS estimate) (number)",TGO,2001,1,,UIS_EST
OE.5T8.40516,"Outbound internationally mobile tertiary students studying in the Pacific, both sexes (UIS estimate) (number)",TGO,2002,1,,
OE.5T8.40516,"Outbound internationally mobile tertiary students studying in the Pacific, both sexes (UIS estimate) (number)",TGO,2003,2,,
OE.5T8.40516,"Outbound internationally mobile tertiary students studying in the Pacific, both sexes (UIS estimate) (number)",TGO,2004,2,,
OE.5T8.40516,"Outbound internationally mobile tertiary students studying in the Pacific, both sexes (UIS estimate) (number)",TGO,2005,0,NIL,
OE.5T8.40516,"Outbound internationally mobile tertiary students studying in the Pacific, both sexes (UIS estimate) (number)",TGO,2006,3,,
OE.5T8.40516,"Outbound internationally mobile tertiary students studying in the Pacific, both sexes (UIS estimate) (number)",TGO,2007,2,,
OE.5T8.40516,"Outbound internationally mobile tertiary students studying in the Pacific, both sexes (UIS estimate) (number)",TGO,2008,3,,
OE.5T8.40516,"Outbound internationally mobile tertiary students studying in the Pacific, both sexes (UIS estimate) (number)",TGO,2009,2,,
OE.5T8.40516,"Outbound internationally mobile tertiary students studying in the Pacific, both sexes (UIS estimate) (number)",TGO,2010,1,,
OE.5T8.40516,"Outbound internationally mobile tertiary students studying in the Pacific, both sexes (UIS estimate) (number)",TGO,2011,0,NIL,
OE.5T8.40516,"Outbound internationally mobile tertiary students studying in the Pacific, both sexes (UIS estimate) (number)",TGO,2012,1,,
OE.5T8.40516,"Outbound internationally mobile tertiary students studying in the Pacific, both sexes (UIS estimate) (number)",TGO,2013,2,,
OE.5T8.40516,"Outbound internationally mobile tertiary students studying in the Pacific, both sexes (UIS estimate) (number)",TGO,2014,0,NIL,
OE.5T8.40516,"Outbound internationally mobile tertiary students studying in the Pacific, both sexes (UIS estimate) (number)",TGO,2015,0,NIL,
OE.5T8.40516,"Outbound internationally mobile tertiary students studying in the Pacific, both sexes (UIS estimate) (number)",TGO,2016,11,,
OE.5T8.40516,"Outbound internationally mobile tertiary students studying in the Pacific, both sexes (UIS estimate) (number)",TGO,2017,0,NIL,
OE.5T8.40516,"Outbound internationally mobile tertiary students studying in the Pacific, both sexes (UIS estimate) (number)",TGO,2018,0,NIL,
OE.5T8.40516,"Outbound internationally mobile tertiary students studying in the Pacific, both sexes (UIS estimate) (number)",TGO,2019,0,NIL,
OE.5T8.40516,"Outbound internationally mobile tertiary students studying in the Pacific, both sexes (UIS estimate) (number)",TGO,2020,0,NIL,
OE.5T8.40516,"Outbound internationally mobile tertiary students studying in the Pacific, both sexes (UIS estimate) (number)",TGO,2021,0,NIL,
OE.5T8.40516,"Outbound internationally mobile tertiary students studying in the Pacific, both sexes (UIS estimate) (number)",TGO,2022,0,NIL,
OE.5T8.40516,"Outbound internationally mobile tertiary students studying in the Pacific, both sexes (UIS estimate) (number)",TGO,2023,0,NIL,
OE.5T8.40516.F,"Outbound internationally mobile tertiary students studying in the Pacific, female (UIS estimate) (number)",TGO,2012,0,NIL,UIS_EST
OE.5T8.40516.F,"Outbound internationally mobile tertiary students studying in the Pacific, female (UIS estimate) (number)",TGO,2013,0,NIL,
OE.5T8.40516.F,"Outbound internationally mobile tertiary students studying in the Pacific, female (UIS estimate) (number)",TGO,2014,0,NIL,
OE.5T8.40516.F,"Outbound internationally mobile tertiary students studying in the Pacific, female (UIS estimate) (number)",TGO,2015,0,NIL,
OE.5T8.40516.F,"Outbound internationally mobile tertiary students studying in the Pacific, female (UIS estimate) (number)",TGO,2016,0,NIL,
OE.5T8.40516.F,"Outbound internationally mobile tertiary students studying in the Pacific, female (UIS estimate) (number)",TGO,2017,0,NIL,
OE.5T8.40516.F,"Outbound internationally mobile tertiary students studying in the Pacific, female (UIS estimate) (number)",TGO,2018,0,NIL,
OE.5T8.40516.F,"Outbound internationally mobile tertiary students studying in the Pacific, female (UIS estimate) (number)",TGO,2019,0,NIL,
OE.5T8.40516.F,"Outbound internationally mobile tertiary students studying in the Pacific, female (UIS estimate) (number)",TGO,2020,0,NIL,
OE.5T8.40516.F,"Outbound internationally mobile tertiary students studying in the Pacific, female (UIS estimate) (number)",TGO,2021,0,NIL,
OE.5T8.40516.F,"Outbound internationally mobile tertiary students studying in the Pacific, female (UIS estimate) (number)",TGO,2022,0,NIL,
OE.5T8.40516.F,"Outbound internationally mobile tertiary students studying in the Pacific, female (UIS estimate) (number)",TGO,2023,0,NIL,
OE.5T8.40516.GPIA,"Outbound internationally mobile tertiary students studying in the Pacific, adjusted gender parity index (GPIA)",TGO,2012,0,NIL,UIS_EST
OE.5T8.40516.GPIA,"Outbound internationally mobile tertiary students studying in the Pacific, adjusted gender parity index (GPIA)",TGO,2013,0,NIL,
OE.5T8.40516.GPIA,"Outbound internationally mobile tertiary students studying in the Pacific, adjusted gender parity index (GPIA)",TGO,2016,0,NIL,
OE.5T8.40516.M,"Outbound internationally mobile tertiary students studying in the Pacific, male (UIS estimate) (number)",TGO,1970,0,NIL,
OE.5T8.40516.M,"Outbound internationally mobile tertiary students studying in the Pacific, male (UIS estimate) (number)",TGO,1971,0,NIL,
OE.5T8.40516.M,"Outbound internationally mobile tertiary students studying in the Pacific, male (UIS estimate) (number)",TGO,1972,0,NIL,
OE.5T8.40516.M,"Outbound internationally mobile tertiary students studying in the Pacific, male (UIS estimate) (number)",TGO,1973,0,NIL,
OE.5T8.40516.M,"Outbound internationally mobile tertiary students studying in the Pacific, male (UIS estimate) (number)",TGO,1974,0,NIL,
OE.5T8.40516.M,"Outbound internationally mobile tertiary students studying in the Pacific, male (UIS estimate) (number)",TGO,1975,0,NIL,
OE.5T8.40516.M,"Outbound internationally mobile tertiary students studying in the Pacific, male (UIS estimate) (number)",TGO,1976,0,NIL,
OE.5T8.40516.M,"Outbound internationally mobile tertiary students studying in the Pacific, male (UIS estimate) (number)",TGO,1977,0,NIL,
OE.5T8.40516.M,"Outbound internationally mobile tertiary students studying in the Pacific, male (UIS estimate) (number)",TGO,1978,0,NIL,
OE.5T8.40516.M,"Outbound internationally mobile tertiary students studying in the Pacific, male (UIS estimate) (number)",TGO,1979,0,NIL,
OE.5T8.40516.M,"Outbound internationally mobile tertiary students studying in the Pacific, male (UIS estimate) (number)",TGO,1980,0,NIL,
OE.5T8.40516.M,"Outbound internationally mobile tertiary students studying in the Pacific, male (UIS estimate) (number)",TGO,1981,0,NIL,
OE.5T8.40516.M,"Outbound internationally mobile tertiary students studying in the Pacific, male (UIS estimate) (number)",TGO,1982,0,NIL,
OE.5T8.40516.M,"Outbound internationally mobile tertiary students studying in the Pacific, male (UIS estimate) (number)",TGO,1983,0,NIL,
OE.5T8.40516.M,"Outbound internationally mobile tertiary students studying in the Pacific, male (UIS estimate) (number)",TGO,1984,0,NIL,
OE.5T8.40516.M,"Outbound internationally mobile tertiary students studying in the Pacific, male (UIS estimate) (number)",TGO,1985,0,NIL,
OE.5T8.40516.M,"Outbound internationally mobile tertiary students studying in the Pacific, male (UIS estimate) (number)",TGO,1986,0,NIL,
OE.5T8.40516.M,"Outbound internationally mobile tertiary students studying in the Pacific, male (UIS estimate) (number)",TGO,1987,0,NIL,
OE.5T8.40516.M,"Outbound internationally mobile tertiary students studying in the Pacific, male (UIS estimate) (number)",TGO,1988,0,NIL,
OE.5T8.40516.M,"Outbound internationally mobile tertiary students studying in the Pacific, male (UIS estimate) (number)",TGO,1989,0,NIL,
OE.5T8.40516.M,"Outbound internationally mobile tertiary students studying in the Pacific, male (UIS estimate) (number)",TGO,1990,0,NIL,
OE.5T8.40516.M,"Outbound internationally mobile tertiary students studying in the Pacific, male (UIS estimate) (number)",TGO,1991,0,NIL,
OE.5T8.40516.M,"Outbound internationally mobile tertiary students studying in the Pacific, male (UIS estimate) (number)",TGO,1992,0,NIL,
OE.5T8.40516.M,"Outbound internationally mobile tertiary students studying in the Pacific, male (UIS estimate) (number)",TGO,1993,0,NIL,
OE.5T8.40516.M,"Outbound internationally mobile tertiary students studying in the Pacific, male (UIS estimate) (number)",TGO,1994,0,NIL,
OE.5T8.40516.M,"Outbound internationally mobile tertiary students studying in the Pacific, male (UIS estimate) (number)",TGO,1995,0,NIL,
OE.5T8.40516.M,"Outbound internationally mobile tertiary students studying in the Pacific, male (UIS estimate) (number)",TGO,1996,0,NIL,
OE.5T8.40516.M,"Outbound internationally mobile tertiary students studying in the Pacific, male (UIS estimate) (number)",TGO,1997,0,NIL,UIS_EST
OE.5T8.40516.M,"Outbound internationally mobile tertiary students studying in the Pacific, male (UIS estimate) (number)",TGO,1998,0,NIL,
OE.5T8.40516.M,"Outbound internationally mobile tertiary students studying in the Pacific, male (UIS estimate) (number)",TGO,1999,0,NIL,
OE.5T8.40516.M,"Outbound internationally mobile tertiary students studying in the Pacific, male (UIS estimate) (number)",TGO,2000,1,,
OE.5T8.40516.M,"Outbound internationally mobile tertiary students studying in the Pacific, male (UIS estimate) (number)",TGO,2001,1,,UIS_EST
OE.5T8.40516.M,"Outbound internationally mobile tertiary students studying in the Pacific, male (UIS estimate) (number)",TGO,2002,1,,
OE.5T8.40516.M,"Outbound internationally mobile tertiary students studying in the Pacific, male (UIS estimate) (number)",TGO,2003,2,,
OE.5T8.40516.M,"Outbound internationally mobile tertiary students studying in the Pacific, male (UIS estimate) (number)",TGO,2004,2,,
OE.5T8.40516.M,"Outbound internationally mobile tertiary students studying in the Pacific, male (UIS estimate) (number)",TGO,2005,0,NIL,
OE.5T8.40516.M,"Outbound internationally mobile tertiary students studying in the Pacific, male (UIS estimate) (number)",TGO,2006,3,,
OE.5T8.40516.M,"Outbound internationally mobile tertiary students studying in the Pacific, male (UIS estimate) (number)",TGO,2007,2,,
OE.5T8.40516.M,"Outbound internationally mobile tertiary students studying in the Pacific, male (UIS estimate) (number)",TGO,2008,3,,
OE.5T8.40516.M,"Outbound internationally mobile tertiary students studying in the Pacific, male (UIS estimate) (number)",TGO,2009,2,,
OE.5T8.40516.M,"Outbound internationally mobile tertiary students studying in the Pacific, male (UIS estimate) (number)",TGO,2010,1,,
OE.5T8.40516.M,"Outbound internationally mobile tertiary students studying in the Pacific, male (UIS estimate) (number)",TGO,2011,0,NIL,
OE.5T8.40516.M,"Outbound internationally mobile tertiary students studying in the Pacific, male (UIS estimate) (number)",TGO,2012,1,,UIS_EST
OE.5T8.40516.M,"Outbound internationally mobile tertiary students studying in the Pacific, male (UIS estimate) (number)",TGO,2013,2,,
OE.5T8.40516.M,"Outbound internationally mobile tertiary students studying in the Pacific, male (UIS estimate) (number)",TGO,2014,0,NIL,
OE.5T8.40516.M,"Outbound internationally mobile tertiary students studying in the Pacific, male (UIS estimate) (number)",TGO,2015,0,NIL,
OE.5T8.40516.M,"Outbound internationally mobile tertiary students studying in the Pacific, male (UIS estimate) (number)",TGO,2016,11,,
OE.5T8.40516.M,"Outbound internationally mobile tertiary students studying in the Pacific, male (UIS estimate) (number)",TGO,2017,0,NIL,
OE.5T8.40516.M,"Outbound internationally mobile tertiary students studying in the Pacific, male (UIS estimate) (number)",TGO,2018,0,NIL,
OE.5T8.40516.M,"Outbound internationally mobile tertiary students studying in the Pacific, male (UIS estimate) (number)",TGO,2019,0,NIL,
OE.5T8.40516.M,"Outbound internationally mobile tertiary students studying in the Pacific, male (UIS estimate) (number)",TGO,2020,0,NIL,
OE.5T8.40516.M,"Outbound internationally mobile tertiary students studying in the Pacific, male (UIS estimate) (number)",TGO,2021,0,NIL,
OE.5T8.40516.M,"Outbound internationally mobile tertiary students studying in the Pacific, male (UIS estimate) (number)",TGO,2022,0,NIL,
OE.5T8.40516.M,"Outbound internationally mobile tertiary students studying in the Pacific, male (UIS estimate) (number)",TGO,2023,0,NIL,
OE.5T8.40517,"Outbound internationally mobile tertiary students studying in East Asia, both sexes (UIS estimate) (number)",TGO,1997,0,NIL,UIS_EST
OE.5T8.40517,"Outbound internationally mobile tertiary students studying in East Asia, both sexes (UIS estimate) (number)",TGO,1998,0,NIL,UIS_EST
OE.5T8.40517,"Outbound internationally mobile tertiary students studying in East Asia, both sexes (UIS estimate) (number)",TGO,1999,0,NIL,UIS_EST
OE.5T8.40517,"Outbound internationally mobile tertiary students studying in East Asia, both sexes (UIS estimate) (number)",TGO,2000,0,,UIS_EST
OE.5T8.40517,"Outbound internationally mobile tertiary students studying in East Asia, both sexes (UIS estimate) (number)",TGO,2001,1,,UIS_EST
OE.5T8.40517,"Outbound internationally mobile tertiary students studying in East Asia, both sexes (UIS estimate) (number)",TGO,2002,2,,UIS_EST
OE.5T8.40517,"Outbound internationally mobile tertiary students studying in East Asia, both sexes (UIS estimate) (number)",TGO,2003,0,,UIS_EST
OE.5T8.40517,"Outbound internationally mobile tertiary students studying in East Asia, both sexes (UIS estimate) (number)",TGO,2004,2,,UIS_EST
OE.5T8.40517,"Outbound internationally mobile tertiary students studying in East Asia, both sexes (UIS estimate) (number)",TGO,2005,4,,UIS_EST
OE.5T8.40517,"Outbound internationally mobile tertiary students studying in East Asia, both sexes (UIS estimate) (number)",TGO,2006,4,,UIS_EST
OE.5T8.40517,"Outbound internationally mobile tertiary students studying in East Asia, both sexes (UIS estimate) (number)",TGO,2007,4,,UIS_EST
OE.5T8.40517,"Outbound internationally mobile tertiary students studying in East Asia, both sexes (UIS estimate) (number)",TGO,2008,5,,UIS_EST
OE.5T8.40517,"Outbound internationally mobile tertiary students studying in East Asia, both sexes (UIS estimate) (number)",TGO,2009,7,,UIS_EST
OE.5T8.40517,"Outbound internationally mobile tertiary students studying in East Asia, both sexes (UIS estimate) (number)",TGO,2010,8,,UIS_EST
OE.5T8.40517,"Outbound internationally mobile tertiary students studying in East Asia, both sexes (UIS estimate) (number)",TGO,2011,15,,UIS_EST
OE.5T8.40517,"Outbound internationally mobile tertiary students studying in East Asia, both sexes (UIS estimate) (number)",TGO,2012,21,,UIS_EST
OE.5T8.40517,"Outbound internationally mobile tertiary students studying in East Asia, both sexes (UIS estimate) (number)",TGO,2013,16,,UIS_EST
OE.5T8.40517,"Outbound internationally mobile tertiary students studying in East Asia, both sexes (UIS estimate) (number)",TGO,2014,13,,UIS_EST
OE.5T8.40517,"Outbound internationally mobile tertiary students studying in East Asia, both sexes (UIS estimate) (number)",TGO,2015,19,,UIS_EST
OE.5T8.40517,"Outbound internationally mobile tertiary students studying in East Asia, both sexes (UIS estimate) (number)",TGO,2016,20,,UIS_EST
OE.5T8.40517,"Outbound internationally mobile tertiary students studying in East Asia, both sexes (UIS estimate) (number)",TGO,2017,19,,UIS_EST
OE.5T8.40517,"Outbound internationally mobile tertiary students studying in East Asia, both sexes (UIS estimate) (number)",TGO,2018,15,,UIS_EST
OE.5T8.40517.M,"Outbound internationally mobile tertiary students studying in East Asia, male (UIS estimate) (number)",TGO,1970,0,NIL,
OE.5T8.40517.M,"Outbound internationally mobile tertiary students studying in East Asia, male (UIS estimate) (number)",TGO,1971,0,NIL,
OE.5T8.40517.M,"Outbound internationally mobile tertiary students studying in East Asia, male (UIS estimate) (number)",TGO,1972,0,NIL,
OE.5T8.40517.M,"Outbound internationally mobile tertiary students studying in East Asia, male (UIS estimate) (number)",TGO,1973,0,NIL,
OE.5T8.40517.M,"Outbound internationally mobile tertiary students studying in East Asia, male (UIS estimate) (number)",TGO,1974,0,NIL,
OE.5T8.40517.M,"Outbound internationally mobile tertiary students studying in East Asia, male (UIS estimate) (number)",TGO,1975,0,NIL,
OE.5T8.40517.M,"Outbound internationally mobile tertiary students studying in East Asia, male (UIS estimate) (number)",TGO,1976,0,NIL,
OE.5T8.40517.M,"Outbound internationally mobile tertiary students studying in East Asia, male (UIS estimate) (number)",TGO,1977,0,NIL,
OE.5T8.40517.M,"Outbound internationally mobile tertiary students studying in East Asia, male (UIS estimate) (number)",TGO,1978,0,NIL,
OE.5T8.40517.M,"Outbound internationally mobile tertiary students studying in East Asia, male (UIS estimate) (number)",TGO,1979,0,NIL,
OE.5T8.40517.M,"Outbound internationally mobile tertiary students studying in East Asia, male (UIS estimate) (number)",TGO,1980,0,NIL,
OE.5T8.40517.M,"Outbound internationally mobile tertiary students studying in East Asia, male (UIS estimate) (number)",TGO,1981,0,NIL,
OE.5T8.40517.M,"Outbound internationally mobile tertiary students studying in East Asia, male (UIS estimate) (number)",TGO,1982,0,NIL,
OE.5T8.40517.M,"Outbound internationally mobile tertiary students studying in East Asia, male (UIS estimate) (number)",TGO,1983,0,NIL,
OE.5T8.40517.M,"Outbound internationally mobile tertiary students studying in East Asia, male (UIS estimate) (number)",TGO,1984,0,NIL,
OE.5T8.40517.M,"Outbound internationally mobile tertiary students studying in East Asia, male (UIS estimate) (number)",TGO,1985,0,NIL,
OE.5T8.40517.M,"Outbound internationally mobile tertiary students studying in East Asia, male (UIS estimate) (number)",TGO,1986,0,NIL,
OE.5T8.40517.M,"Outbound internationally mobile tertiary students studying in East Asia, male (UIS estimate) (number)",TGO,1987,0,NIL,
OE.5T8.40517.M,"Outbound internationally mobile tertiary students studying in East Asia, male (UIS estimate) (number)",TGO,1988,0,NIL,
OE.5T8.40517.M,"Outbound internationally mobile tertiary students studying in East Asia, male (UIS estimate) (number)",TGO,1989,0,NIL,
OE.5T8.40517.M,"Outbound internationally mobile tertiary students studying in East Asia, male (UIS estimate) (number)",TGO,1990,0,NIL,
OE.5T8.40517.M,"Outbound internationally mobile tertiary students studying in East Asia, male (UIS estimate) (number)",TGO,1991,0,NIL,
OE.5T8.40517.M,"Outbound internationally mobile tertiary students studying in East Asia, male (UIS estimate) (number)",TGO,1992,0,NIL,
OE.5T8.40517.M,"Outbound internationally mobile tertiary students studying in East Asia, male (UIS estimate) (number)",TGO,1993,0,NIL,
OE.5T8.40517.M,"Outbound internationally mobile tertiary students studying in East Asia, male (UIS estimate) (number)",TGO,1994,0,NIL,
OE.5T8.40517.M,"Outbound internationally mobile tertiary students studying in East Asia, male (UIS estimate) (number)",TGO,1995,0,NIL,
OE.5T8.40517.M,"Outbound internationally mobile tertiary students studying in East Asia, male (UIS estimate) (number)",TGO,1996,0,NIL,
OE.5T8.40517.M,"Outbound internationally mobile tertiary students studying in East Asia, male (UIS estimate) (number)",TGO,1997,0,NIL,UIS_EST
OE.5T8.40517.M,"Outbound internationally mobile tertiary students studying in East Asia, male (UIS estimate) (number)",TGO,1998,0,NIL,UIS_EST
OE.5T8.40517.M,"Outbound internationally mobile tertiary students studying in East Asia, male (UIS estimate) (number)",TGO,1999,0,NIL,UIS_EST
OE.5T8.40517.M,"Outbound internationally mobile tertiary students studying in East Asia, male (UIS estimate) (number)",TGO,2000,0,,UIS_EST
OE.5T8.40517.M,"Outbound internationally mobile tertiary students studying in East Asia, male (UIS estimate) (number)",TGO,2001,1,,UIS_EST
OE.5T8.40517.M,"Outbound internationally mobile tertiary students studying in East Asia, male (UIS estimate) (number)",TGO,2002,2,,UIS_EST
OE.5T8.40517.M,"Outbound internationally mobile tertiary students studying in East Asia, male (UIS estimate) (number)",TGO,2003,0,,UIS_EST
OE.5T8.40517.M,"Outbound internationally mobile tertiary students studying in East Asia, male (UIS estimate) (number)",TGO,2004,2,,UIS_EST
OE.5T8.40517.M,"Outbound internationally mobile tertiary students studying in East Asia, male (UIS estimate) (number)",TGO,2005,4,,UIS_EST
OE.5T8.40517.M,"Outbound internationally mobile tertiary students studying in East Asia, male (UIS estimate) (number)",TGO,2006,4,,UIS_EST
OE.5T8.40517.M,"Outbound internationally mobile tertiary students studying in East Asia, male (UIS estimate) (number)",TGO,2007,4,,UIS_EST
OE.5T8.40517.M,"Outbound internationally mobile tertiary students studying in East Asia, male (UIS estimate) (number)",TGO,2008,5,,UIS_EST
OE.5T8.40517.M,"Outbound internationally mobile tertiary students studying in East Asia, male (UIS estimate) (number)",TGO,2009,7,,UIS_EST
OE.5T8.40517.M,"Outbound internationally mobile tertiary students studying in East Asia, male (UIS estimate) (number)",TGO,2010,8,,UIS_EST
OE.5T8.40517.M,"Outbound internationally mobile tertiary students studying in East Asia, male (UIS estimate) (number)",TGO,2011,15,,UIS_EST
OE.5T8.40517.M,"Outbound internationally mobile tertiary students studying in East Asia, male (UIS estimate) (number)",TGO,2012,21,,UIS_EST
OE.5T8.40517.M,"Outbound internationally mobile tertiary students studying in East Asia, male (UIS estimate) (number)",TGO,2013,16,,UIS_EST
OE.5T8.40517.M,"Outbound internationally mobile tertiary students studying in East Asia, male (UIS estimate) (number)",TGO,2014,13,,UIS_EST
OE.5T8.40517.M,"Outbound internationally mobile tertiary students studying in East Asia, male (UIS estimate) (number)",TGO,2015,19,,UIS_EST
OE.5T8.40517.M,"Outbound internationally mobile tertiary students studying in East Asia, male (UIS estimate) (number)",TGO,2016,20,,UIS_EST
OE.5T8.40517.M,"Outbound internationally mobile tertiary students studying in East Asia, male (UIS estimate) (number)",TGO,2017,19,,UIS_EST
OE.5T8.40517.M,"Outbound internationally mobile tertiary students studying in East Asia, male (UIS estimate) (number)",TGO,2018,15,,UIS_EST
OE.5T8.40517.M,"Outbound internationally mobile tertiary students studying in East Asia, male (UIS estimate) (number)",TGO,2019,0,NIL,
OE.5T8.40517.M,"Outbound internationally mobile tertiary students studying in East Asia, male (UIS estimate) (number)",TGO,2020,0,NIL,
OE.5T8.40517.M,"Outbound internationally mobile tertiary students studying in East Asia, male (UIS estimate) (number)",TGO,2021,0,NIL,
OE.5T8.40517.M,"Outbound internationally mobile tertiary students studying in East Asia, male (UIS estimate) (number)",TGO,2022,0,NIL,
OE.5T8.40520,"Outbound internationally mobile tertiary students studying in Latin America and the Caribbean, both sexes (UIS estimate) (number)",TGO,2000,0,NIL,UIS_EST
OE.5T8.40520,"Outbound internationally mobile tertiary students studying in Latin America and the Caribbean, both sexes (UIS estimate) (number)",TGO,2001,0,NIL,UIS_EST
OE.5T8.40520,"Outbound internationally mobile tertiary students studying in Latin America and the Caribbean, both sexes (UIS estimate) (number)",TGO,2002,3,,UIS_EST
OE.5T8.40520,"Outbound internationally mobile tertiary students studying in Latin America and the Caribbean, both sexes (UIS estimate) (number)",TGO,2003,0,NIL,UIS_EST
OE.5T8.40520,"Outbound internationally mobile tertiary students studying in Latin America and the Caribbean, both sexes (UIS estimate) (number)",TGO,2004,1,,UIS_EST
OE.5T8.40520,"Outbound internationally mobile tertiary students studying in Latin America and the Caribbean, both sexes (UIS estimate) (number)",TGO,2005,2,,UIS_EST
OE.5T8.40520,"Outbound internationally mobile tertiary students studying in Latin America and the Caribbean, both sexes (UIS estimate) (number)",TGO,2006,13,,UIS_EST
OE.5T8.40520,"Outbound internationally mobile tertiary students studying in Latin America and the Caribbean, both sexes (UIS estimate) (number)",TGO,2007,10,,UIS_EST
OE.5T8.40520,"Outbound internationally mobile tertiary students studying in Latin America and the Caribbean, both sexes (UIS estimate) (number)",TGO,2008,14,,UIS_EST
OE.5T8.40520,"Outbound internationally mobile tertiary students studying in Latin America and the Caribbean, both sexes (UIS estimate) (number)",TGO,2009,19,,UIS_EST
OE.5T8.40520,"Outbound internationally mobile tertiary students studying in Latin America and the Caribbean, both sexes (UIS estimate) (number)",TGO,2010,20,,UIS_EST
OE.5T8.40520,"Outbound internationally mobile tertiary students studying in Latin America and the Caribbean, both sexes (UIS estimate) (number)",TGO,2011,20,,UIS_EST
OE.5T8.40520,"Outbound internationally mobile tertiary students studying in Latin America and the Caribbean, both sexes (UIS estimate) (number)",TGO,2012,17,,UIS_EST
OE.5T8.40520,"Outbound internationally mobile tertiary students studying in Latin America and the Caribbean, both sexes (UIS estimate) (number)",TGO,2013,20,,UIS_EST
OE.5T8.40520,"Outbound internationally mobile tertiary students studying in Latin America and the Caribbean, both sexes (UIS estimate) (number)",TGO,2014,25,,UIS_EST
OE.5T8.40520,"Outbound internationally mobile tertiary students studying in Latin America and the Caribbean, both sexes (UIS estimate) (number)",TGO,2015,33,,UIS_EST
OE.5T8.40520,"Outbound internationally mobile tertiary students studying in Latin America and the Caribbean, both sexes (UIS estimate) (number)",TGO,2016,39,,
OE.5T8.40520,"Outbound internationally mobile tertiary students studying in Latin America and the Caribbean, both sexes (UIS estimate) (number)",TGO,2017,44,,
OE.5T8.40520,"Outbound internationally mobile tertiary students studying in Latin America and the Caribbean, both sexes (UIS estimate) (number)",TGO,2018,50,,
OE.5T8.40520,"Outbound internationally mobile tertiary students studying in Latin America and the Caribbean, both sexes (UIS estimate) (number)",TGO,2019,50,,
OE.5T8.40520,"Outbound internationally mobile tertiary students studying in Latin America and the Caribbean, both sexes (UIS estimate) (number)",TGO,2020,47,,
OE.5T8.40520,"Outbound internationally mobile tertiary students studying in Latin America and the Caribbean, both sexes (UIS estimate) (number)",TGO,2021,44,,UIS_EST
OE.5T8.40520,"Outbound internationally mobile tertiary students studying in Latin America and the Caribbean, both sexes (UIS estimate) (number)",TGO,2022,42,,
OE.5T8.40520,"Outbound internationally mobile tertiary students studying in Latin America and the Caribbean, both sexes (UIS estimate) (number)",TGO,2023,38,,UIS_EST
OE.5T8.40520.F,"Outbound internationally mobile tertiary students studying in Latin America and the Caribbean, female (UIS estimate) (number)",TGO,2013,6,,UIS_EST
OE.5T8.40520.F,"Outbound internationally mobile tertiary students studying in Latin America and the Caribbean, female (UIS estimate) (number)",TGO,2014,8,,UIS_EST
OE.5T8.40520.F,"Outbound internationally mobile tertiary students studying in Latin America and the Caribbean, female (UIS estimate) (number)",TGO,2015,12,,UIS_EST
OE.5T8.40520.F,"Outbound internationally mobile tertiary students studying in Latin America and the Caribbean, female (UIS estimate) (number)",TGO,2016,14,,
OE.5T8.40520.F,"Outbound internationally mobile tertiary students studying in Latin America and the Caribbean, female (UIS estimate) (number)",TGO,2017,16,,
OE.5T8.40520.F,"Outbound internationally mobile tertiary students studying in Latin America and the Caribbean, female (UIS estimate) (number)",TGO,2018,14,,
OE.5T8.40520.F,"Outbound internationally mobile tertiary students studying in Latin America and the Caribbean, female (UIS estimate) (number)",TGO,2019,14,,
OE.5T8.40520.F,"Outbound internationally mobile tertiary students studying in Latin America and the Caribbean, female (UIS estimate) (number)",TGO,2020,12,,
OE.5T8.40520.F,"Outbound internationally mobile tertiary students studying in Latin America and the Caribbean, female (UIS estimate) (number)",TGO,2021,11,,
OE.5T8.40520.F,"Outbound internationally mobile tertiary students studying in Latin America and the Caribbean, female (UIS estimate) (number)",TGO,2022,7,,
OE.5T8.40520.F,"Outbound internationally mobile tertiary students studying in Latin America and the Caribbean, female (UIS estimate) (number)",TGO,2023,8,,UIS_EST
OE.5T8.40520.GPIA,"Outbound internationally mobile tertiary students studying in Latin America and the Caribbean, adjusted gender parity index (GPIA)",TGO,2013,0,,UIS_EST
OE.5T8.40520.GPIA,"Outbound internationally mobile tertiary students studying in Latin America and the Caribbean, adjusted gender parity index (GPIA)",TGO,2014,0,,UIS_EST
OE.5T8.40520.GPIA,"Outbound internationally mobile tertiary students studying in Latin America and the Caribbean, adjusted gender parity index (GPIA)",TGO,2015,1,,UIS_EST
OE.5T8.40520.GPIA,"Outbound internationally mobile tertiary students studying in Latin America and the Caribbean, adjusted gender parity index (GPIA)",TGO,2016,1,,
OE.5T8.40520.GPIA,"Outbound internationally mobile tertiary students studying in Latin America and the Caribbean, adjusted gender parity index (GPIA)",TGO,2017,1,,
OE.5T8.40520.GPIA,"Outbound internationally mobile tertiary students studying in Latin America and the Caribbean, adjusted gender parity index (GPIA)",TGO,2018,0,,
OE.5T8.40520.GPIA,"Outbound internationally mobile tertiary students studying in Latin America and the Caribbean, adjusted gender parity index (GPIA)",TGO,2019,0,,
OE.5T8.40520.GPIA,"Outbound internationally mobile tertiary students studying in Latin America and the Caribbean, adjusted gender parity index (GPIA)",TGO,2020,0,,
OE.5T8.40520.GPIA,"Outbound internationally mobile tertiary students studying in Latin America and the Caribbean, adjusted gender parity index (GPIA)",TGO,2021,0,,UIS_EST
OE.5T8.40520.GPIA,"Outbound internationally mobile tertiary students studying in Latin America and the Caribbean, adjusted gender parity index (GPIA)",TGO,2022,0,,
OE.5T8.40520.GPIA,"Outbound internationally mobile tertiary students studying in Latin America and the Caribbean, adjusted gender parity index (GPIA)",TGO,2023,0,,UIS_EST
OE.5T8.40520.M,"Outbound internationally mobile tertiary students studying in Latin America and the Caribbean, male (UIS estimate) (number)",TGO,1970,0,NIL,
OE.5T8.40520.M,"Outbound internationally mobile tertiary students studying in Latin America and the Caribbean, male (UIS estimate) (number)",TGO,1971,0,NIL,
OE.5T8.40520.M,"Outbound internationally mobile tertiary students studying in Latin America and the Caribbean, male (UIS estimate) (number)",TGO,1972,0,NIL,
OE.5T8.40520.M,"Outbound internationally mobile tertiary students studying in Latin America and the Caribbean, male (UIS estimate) (number)",TGO,1973,0,NIL,
OE.5T8.40520.M,"Outbound internationally mobile tertiary students studying in Latin America and the Caribbean, male (UIS estimate) (number)",TGO,1974,0,NIL,
OE.5T8.40520.M,"Outbound internationally mobile tertiary students studying in Latin America and the Caribbean, male (UIS estimate) (number)",TGO,1975,0,NIL,
OE.5T8.40520.M,"Outbound internationally mobile tertiary students studying in Latin America and the Caribbean, male (UIS estimate) (number)",TGO,1976,0,NIL,
OE.5T8.40520.M,"Outbound internationally mobile tertiary students studying in Latin America and the Caribbean, male (UIS estimate) (number)",TGO,1977,0,NIL,
OE.5T8.40520.M,"Outbound internationally mobile tertiary students studying in Latin America and the Caribbean, male (UIS estimate) (number)",TGO,1978,0,NIL,
OE.5T8.40520.M,"Outbound internationally mobile tertiary students studying in Latin America and the Caribbean, male (UIS estimate) (number)",TGO,1979,0,NIL,
OE.5T8.40520.M,"Outbound internationally mobile tertiary students studying in Latin America and the Caribbean, male (UIS estimate) (number)",TGO,1980,0,NIL,
OE.5T8.40520.M,"Outbound internationally mobile tertiary students studying in Latin America and the Caribbean, male (UIS estimate) (number)",TGO,1981,0,NIL,
OE.5T8.40520.M,"Outbound internationally mobile tertiary students studying in Latin America and the Caribbean, male (UIS estimate) (number)",TGO,1982,0,NIL,
OE.5T8.40520.M,"Outbound internationally mobile tertiary students studying in Latin America and the Caribbean, male (UIS estimate) (number)",TGO,1983,0,NIL,
OE.5T8.40520.M,"Outbound internationally mobile tertiary students studying in Latin America and the Caribbean, male (UIS estimate) (number)",TGO,1984,0,NIL,
OE.5T8.40520.M,"Outbound internationally mobile tertiary students studying in Latin America and the Caribbean, male (UIS estimate) (number)",TGO,1985,0,NIL,
OE.5T8.40520.M,"Outbound internationally mobile tertiary students studying in Latin America and the Caribbean, male (UIS estimate) (number)",TGO,1986,0,NIL,
OE.5T8.40520.M,"Outbound internationally mobile tertiary students studying in Latin America and the Caribbean, male (UIS estimate) (number)",TGO,1987,0,NIL,
OE.5T8.40520.M,"Outbound internationally mobile tertiary students studying in Latin America and the Caribbean, male (UIS estimate) (number)",TGO,1988,0,NIL,
OE.5T8.40520.M,"Outbound internationally mobile tertiary students studying in Latin America and the Caribbean, male (UIS estimate) (number)",TGO,1989,0,NIL,
OE.5T8.40520.M,"Outbound internationally mobile tertiary students studying in Latin America and the Caribbean, male (UIS estimate) (number)",TGO,1990,0,NIL,
OE.5T8.40520.M,"Outbound internationally mobile tertiary students studying in Latin America and the Caribbean, male (UIS estimate) (number)",TGO,1991,0,NIL,
OE.5T8.40520.M,"Outbound internationally mobile tertiary students studying in Latin America and the Caribbean, male (UIS estimate) (number)",TGO,1992,0,NIL,
OE.5T8.40520.M,"Outbound internationally mobile tertiary students studying in Latin America and the Caribbean, male (UIS estimate) (number)",TGO,1993,0,NIL,
OE.5T8.40520.M,"Outbound internationally mobile tertiary students studying in Latin America and the Caribbean, male (UIS estimate) (number)",TGO,1994,0,NIL,
OE.5T8.40520.M,"Outbound internationally mobile tertiary students studying in Latin America and the Caribbean, male (UIS estimate) (number)",TGO,1995,0,NIL,
OE.5T8.40520.M,"Outbound internationally mobile tertiary students studying in Latin America and the Caribbean, male (UIS estimate) (number)",TGO,1996,0,NIL,
OE.5T8.40520.M,"Outbound internationally mobile tertiary students studying in Latin America and the Caribbean, male (UIS estimate) (number)",TGO,1997,0,NIL,
OE.5T8.40520.M,"Outbound internationally mobile tertiary students studying in Latin America and the Caribbean, male (UIS estimate) (number)",TGO,1998,0,NIL,
OE.5T8.40520.M,"Outbound internationally mobile tertiary students studying in Latin America and the Caribbean, male (UIS estimate) (number)",TGO,1999,0,NIL,
OE.5T8.40520.M,"Outbound internationally mobile tertiary students studying in Latin America and the Caribbean, male (UIS estimate) (number)",TGO,2000,0,NIL,UIS_EST
OE.5T8.40520.M,"Outbound internationally mobile tertiary students studying in Latin America and the Caribbean, male (UIS estimate) (number)",TGO,2001,0,NIL,UIS_EST
OE.5T8.40520.M,"Outbound internationally mobile tertiary students studying in Latin America and the Caribbean, male (UIS estimate) (number)",TGO,2002,3,,UIS_EST
OE.5T8.40520.M,"Outbound internationally mobile tertiary students studying in Latin America and the Caribbean, male (UIS estimate) (number)",TGO,2003,0,NIL,UIS_EST
OE.5T8.40520.M,"Outbound internationally mobile tertiary students studying in Latin America and the Caribbean, male (UIS estimate) (number)",TGO,2004,1,,UIS_EST
OE.5T8.40520.M,"Outbound internationally mobile tertiary students studying in Latin America and the Caribbean, male (UIS estimate) (number)",TGO,2005,2,,UIS_EST
OE.5T8.40520.M,"Outbound internationally mobile tertiary students studying in Latin America and the Caribbean, male (UIS estimate) (number)",TGO,2006,13,,UIS_EST
OE.5T8.40520.M,"Outbound internationally mobile tertiary students studying in Latin America and the Caribbean, male (UIS estimate) (number)",TGO,2007,10,,UIS_EST
OE.5T8.40520.M,"Outbound internationally mobile tertiary students studying in Latin America and the Caribbean, male (UIS estimate) (number)",TGO,2008,14,,UIS_EST
OE.5T8.40520.M,"Outbound internationally mobile tertiary students studying in Latin America and the Caribbean, male (UIS estimate) (number)",TGO,2009,19,,UIS_EST
OE.5T8.40520.M,"Outbound internationally mobile tertiary students studying in Latin America and the Caribbean, male (UIS estimate) (number)",TGO,2010,20,,UIS_EST
OE.5T8.40520.M,"Outbound internationally mobile tertiary students studying in Latin America and the Caribbean, male (UIS estimate) (number)",TGO,2011,20,,UIS_EST
OE.5T8.40520.M,"Outbound internationally mobile tertiary students studying in Latin America and the Caribbean, male (UIS estimate) (number)",TGO,2012,17,,UIS_EST
OE.5T8.40520.M,"Outbound internationally mobile tertiary students studying in Latin America and the Caribbean, male (UIS estimate) (number)",TGO,2013,14,,UIS_EST
OE.5T8.40520.M,"Outbound internationally mobile tertiary students studying in Latin America and the Caribbean, male (UIS estimate) (number)",TGO,2014,17,,UIS_EST
OE.5T8.40520.M,"Outbound internationally mobile tertiary students studying in Latin America and the Caribbean, male (UIS estimate) (number)",TGO,2015,21,,UIS_EST
OE.5T8.40520.M,"Outbound internationally mobile tertiary students studying in Latin America and the Caribbean, male (UIS estimate) (number)",TGO,2016,25,,
OE.5T8.40520.M,"Outbound internationally mobile tertiary students studying in Latin America and the Caribbean, male (UIS estimate) (number)",TGO,2017,28,,
OE.5T8.40520.M,"Outbound internationally mobile tertiary students studying in Latin America and the Caribbean, male (UIS estimate) (number)",TGO,2018,36,,
OE.5T8.40520.M,"Outbound internationally mobile tertiary students studying in Latin America and the Caribbean, male (UIS estimate) (number)",TGO,2019,36,,
OE.5T8.40520.M,"Outbound internationally mobile tertiary students studying in Latin America and the Caribbean, male (UIS estimate) (number)",TGO,2020,35,,
OE.5T8.40520.M,"Outbound internationally mobile tertiary students studying in Latin America and the Caribbean, male (UIS estimate) (number)",TGO,2021,33,,UIS_EST
OE.5T8.40520.M,"Outbound internationally mobile tertiary students studying in Latin America and the Caribbean, male (UIS estimate) (number)",TGO,2022,34,,
OE.5T8.40520.M,"Outbound internationally mobile tertiary students studying in Latin America and the Caribbean, male (UIS estimate) (number)",TGO,2023,30,,UIS_EST
OE.5T8.40521.M,"Outbound internationally mobile tertiary students studying in the Caribbean, male (UIS estimate) (number)",TGO,1970,0,NIL,
OE.5T8.40521.M,"Outbound internationally mobile tertiary students studying in the Caribbean, male (UIS estimate) (number)",TGO,1971,0,NIL,
OE.5T8.40521.M,"Outbound internationally mobile tertiary students studying in the Caribbean, male (UIS estimate) (number)",TGO,1972,0,NIL,
OE.5T8.40521.M,"Outbound internationally mobile tertiary students studying in the Caribbean, male (UIS estimate) (number)",TGO,1973,0,NIL,
OE.5T8.40521.M,"Outbound internationally mobile tertiary students studying in the Caribbean, male (UIS estimate) (number)",TGO,1974,0,NIL,
OE.5T8.40521.M,"Outbound internationally mobile tertiary students studying in the Caribbean, male (UIS estimate) (number)",TGO,1975,0,NIL,
OE.5T8.40521.M,"Outbound internationally mobile tertiary students studying in the Caribbean, male (UIS estimate) (number)",TGO,1976,0,NIL,
OE.5T8.40521.M,"Outbound internationally mobile tertiary students studying in the Caribbean, male (UIS estimate) (number)",TGO,1977,0,NIL,
OE.5T8.40521.M,"Outbound internationally mobile tertiary students studying in the Caribbean, male (UIS estimate) (number)",TGO,1978,0,NIL,
OE.5T8.40521.M,"Outbound internationally mobile tertiary students studying in the Caribbean, male (UIS estimate) (number)",TGO,1979,0,NIL,
OE.5T8.40521.M,"Outbound internationally mobile tertiary students studying in the Caribbean, male (UIS estimate) (number)",TGO,1980,0,NIL,
OE.5T8.40521.M,"Outbound internationally mobile tertiary students studying in the Caribbean, male (UIS estimate) (number)",TGO,1981,0,NIL,
OE.5T8.40521.M,"Outbound internationally mobile tertiary students studying in the Caribbean, male (UIS estimate) (number)",TGO,1982,0,NIL,
OE.5T8.40521.M,"Outbound internationally mobile tertiary students studying in the Caribbean, male (UIS estimate) (number)",TGO,1983,0,NIL,
OE.5T8.40521.M,"Outbound internationally mobile tertiary students studying in the Caribbean, male (UIS estimate) (number)",TGO,1984,0,NIL,
OE.5T8.40521.M,"Outbound internationally mobile tertiary students studying in the Caribbean, male (UIS estimate) (number)",TGO,1985,0,NIL,
OE.5T8.40521.M,"Outbound internationally mobile tertiary students studying in the Caribbean, male (UIS estimate) (number)",TGO,1986,0,NIL,
OE.5T8.40521.M,"Outbound internationally mobile tertiary students studying in the Caribbean, male (UIS estimate) (number)",TGO,1987,0,NIL,
OE.5T8.40521.M,"Outbound internationally mobile tertiary students studying in the Caribbean, male (UIS estimate) (number)",TGO,1988,0,NIL,
OE.5T8.40521.M,"Outbound internationally mobile tertiary students studying in the Caribbean, male (UIS estimate) (number)",TGO,1989,0,NIL,
OE.5T8.40521.M,"Outbound internationally mobile tertiary students studying in the Caribbean, male (UIS estimate) (number)",TGO,1990,0,NIL,
OE.5T8.40521.M,"Outbound internationally mobile tertiary students studying in the Caribbean, male (UIS estimate) (number)",TGO,1991,0,NIL,
OE.5T8.40521.M,"Outbound internationally mobile tertiary students studying in the Caribbean, male (UIS estimate) (number)",TGO,1992,0,NIL,
OE.5T8.40521.M,"Outbound internationally mobile tertiary students studying in the Caribbean, male (UIS estimate) (number)",TGO,1993,0,NIL,
OE.5T8.40521.M,"Outbound internationally mobile tertiary students studying in the Caribbean, male (UIS estimate) (number)",TGO,1994,0,NIL,
OE.5T8.40521.M,"Outbound internationally mobile tertiary students studying in the Caribbean, male (UIS estimate) (number)",TGO,1995,0,NIL,
OE.5T8.40521.M,"Outbound internationally mobile tertiary students studying in the Caribbean, male (UIS estimate) (number)",TGO,1996,0,NIL,
OE.5T8.40521.M,"Outbound internationally mobile tertiary students studying in the Caribbean, male (UIS estimate) (number)",TGO,1997,0,NIL,
OE.5T8.40521.M,"Outbound internationally mobile tertiary students studying in the Caribbean, male (UIS estimate) (number)",TGO,1998,0,NIL,
OE.5T8.40521.M,"Outbound internationally mobile tertiary students studying in the Caribbean, male (UIS estimate) (number)",TGO,1999,0,NIL,
OE.5T8.40521.M,"Outbound internationally mobile tertiary students studying in the Caribbean, male (UIS estimate) (number)",TGO,2000,0,NIL,
OE.5T8.40521.M,"Outbound internationally mobile tertiary students studying in the Caribbean, male (UIS estimate) (number)",TGO,2001,0,NIL,
OE.5T8.40521.M,"Outbound internationally mobile tertiary students studying in the Caribbean, male (UIS estimate) (number)",TGO,2002,0,NIL,
OE.5T8.40521.M,"Outbound internationally mobile tertiary students studying in the Caribbean, male (UIS estimate) (number)",TGO,2003,0,NIL,
OE.5T8.40521.M,"Outbound internationally mobile tertiary students studying in the Caribbean, male (UIS estimate) (number)",TGO,2004,0,NIL,
OE.5T8.40521.M,"Outbound internationally mobile tertiary students studying in the Caribbean, male (UIS estimate) (number)",TGO,2005,0,NIL,
OE.5T8.40521.M,"Outbound internationally mobile tertiary students studying in the Caribbean, male (UIS estimate) (number)",TGO,2006,0,NIL,
OE.5T8.40521.M,"Outbound internationally mobile tertiary students studying in the Caribbean, male (UIS estimate) (number)",TGO,2007,0,NIL,
OE.5T8.40521.M,"Outbound internationally mobile tertiary students studying in the Caribbean, male (UIS estimate) (number)",TGO,2008,0,NIL,
OE.5T8.40521.M,"Outbound internationally mobile tertiary students studying in the Caribbean, male (UIS estimate) (number)",TGO,2009,0,NIL,
OE.5T8.40521.M,"Outbound internationally mobile tertiary students studying in the Caribbean, male (UIS estimate) (number)",TGO,2010,0,NIL,
OE.5T8.40521.M,"Outbound internationally mobile tertiary students studying in the Caribbean, male (UIS estimate) (number)",TGO,2011,0,NIL,
OE.5T8.40521.M,"Outbound internationally mobile tertiary students studying in the Caribbean, male (UIS estimate) (number)",TGO,2012,0,NIL,
OE.5T8.40521.M,"Outbound internationally mobile tertiary students studying in the Caribbean, male (UIS estimate) (number)",TGO,2013,0,NIL,
OE.5T8.40521.M,"Outbound internationally mobile tertiary students studying in the Caribbean, male (UIS estimate) (number)",TGO,2014,0,NIL,
OE.5T8.40521.M,"Outbound internationally mobile tertiary students studying in the Caribbean, male (UIS estimate) (number)",TGO,2015,0,NIL,
OE.5T8.40521.M,"Outbound internationally mobile tertiary students studying in the Caribbean, male (UIS estimate) (number)",TGO,2016,0,NIL,
OE.5T8.40521.M,"Outbound internationally mobile tertiary students studying in the Caribbean, male (UIS estimate) (number)",TGO,2017,0,NIL,
OE.5T8.40521.M,"Outbound internationally mobile tertiary students studying in the Caribbean, male (UIS estimate) (number)",TGO,2018,0,NIL,
OE.5T8.40521.M,"Outbound internationally mobile tertiary students studying in the Caribbean, male (UIS estimate) (number)",TGO,2019,0,NIL,
OE.5T8.40521.M,"Outbound internationally mobile tertiary students studying in the Caribbean, male (UIS estimate) (number)",TGO,2020,0,NIL,
OE.5T8.40521.M,"Outbound internationally mobile tertiary students studying in the Caribbean, male (UIS estimate) (number)",TGO,2021,0,NIL,
OE.5T8.40521.M,"Outbound internationally mobile tertiary students studying in the Caribbean, male (UIS estimate) (number)",TGO,2022,0,NIL,
OE.5T8.40522,"Outbound internationally mobile tertiary students studying in Latin America, both sexes (UIS estimate) (number)",TGO,2000,0,NIL,UIS_EST
OE.5T8.40522,"Outbound internationally mobile tertiary students studying in Latin America, both sexes (UIS estimate) (number)",TGO,2001,0,NIL,UIS_EST
OE.5T8.40522,"Outbound internationally mobile tertiary students studying in Latin America, both sexes (UIS estimate) (number)",TGO,2002,3,,UIS_EST
OE.5T8.40522,"Outbound internationally mobile tertiary students studying in Latin America, both sexes (UIS estimate) (number)",TGO,2003,0,NIL,UIS_EST
OE.5T8.40522,"Outbound internationally mobile tertiary students studying in Latin America, both sexes (UIS estimate) (number)",TGO,2004,1,,UIS_EST
OE.5T8.40522,"Outbound internationally mobile tertiary students studying in Latin America, both sexes (UIS estimate) (number)",TGO,2005,2,,UIS_EST
OE.5T8.40522,"Outbound internationally mobile tertiary students studying in Latin America, both sexes (UIS estimate) (number)",TGO,2006,13,,UIS_EST
OE.5T8.40522,"Outbound internationally mobile tertiary students studying in Latin America, both sexes (UIS estimate) (number)",TGO,2007,10,,UIS_EST
OE.5T8.40522,"Outbound internationally mobile tertiary students studying in Latin America, both sexes (UIS estimate) (number)",TGO,2008,14,,UIS_EST
OE.5T8.40522,"Outbound internationally mobile tertiary students studying in Latin America, both sexes (UIS estimate) (number)",TGO,2009,19,,UIS_EST
OE.5T8.40522,"Outbound internationally mobile tertiary students studying in Latin America, both sexes (UIS estimate) (number)",TGO,2010,20,,UIS_EST
OE.5T8.40522,"Outbound internationally mobile tertiary students studying in Latin America, both sexes (UIS estimate) (number)",TGO,2011,20,,UIS_EST
OE.5T8.40522,"Outbound internationally mobile tertiary students studying in Latin America, both sexes (UIS estimate) (number)",TGO,2012,17,,UIS_EST
OE.5T8.40522,"Outbound internationally mobile tertiary students studying in Latin America, both sexes (UIS estimate) (number)",TGO,2013,20,,UIS_EST
OE.5T8.40522,"Outbound internationally mobile tertiary students studying in Latin America, both sexes (UIS estimate) (number)",TGO,2014,25,,UIS_EST
OE.5T8.40522,"Outbound internationally mobile tertiary students studying in Latin America, both sexes (UIS estimate) (number)",TGO,2015,33,,UIS_EST
OE.5T8.40522,"Outbound internationally mobile tertiary students studying in Latin America, both sexes (UIS estimate) (number)",TGO,2016,39,,
OE.5T8.40522,"Outbound internationally mobile tertiary students studying in Latin America, both sexes (UIS estimate) (number)",TGO,2017,44,,
OE.5T8.40522,"Outbound internationally mobile tertiary students studying in Latin America, both sexes (UIS estimate) (number)",TGO,2018,48,,
OE.5T8.40522,"Outbound internationally mobile tertiary students studying in Latin America, both sexes (UIS estimate) (number)",TGO,2019,48,,
OE.5T8.40522,"Outbound internationally mobile tertiary students studying in Latin America, both sexes (UIS estimate) (number)",TGO,2020,45,,
OE.5T8.40522,"Outbound internationally mobile tertiary students studying in Latin America, both sexes (UIS estimate) (number)",TGO,2021,42,,
OE.5T8.40522,"Outbound internationally mobile tertiary students studying in Latin America, both sexes (UIS estimate) (number)",TGO,2022,40,,
OE.5T8.40522,"Outbound internationally mobile tertiary students studying in Latin America, both sexes (UIS estimate) (number)",TGO,2023,36,,UIS_EST
OE.5T8.40522.F,"Outbound internationally mobile tertiary students studying in Latin America, female (UIS estimate) (number)",TGO,2013,6,,UIS_EST
OE.5T8.40522.F,"Outbound internationally mobile tertiary students studying in Latin America, female (UIS estimate) (number)",TGO,2014,8,,UIS_EST
OE.5T8.40522.F,"Outbound internationally mobile tertiary students studying in Latin America, female (UIS estimate) (number)",TGO,2015,12,,UIS_EST
OE.5T8.40522.F,"Outbound internationally mobile tertiary students studying in Latin America, female (UIS estimate) (number)",TGO,2016,14,,
OE.5T8.40522.F,"Outbound internationally mobile tertiary students studying in Latin America, female (UIS estimate) (number)",TGO,2017,16,,
OE.5T8.40522.F,"Outbound internationally mobile tertiary students studying in Latin America, female (UIS estimate) (number)",TGO,2018,14,,
OE.5T8.40522.F,"Outbound internationally mobile tertiary students studying in Latin America, female (UIS estimate) (number)",TGO,2019,14,,
OE.5T8.40522.F,"Outbound internationally mobile tertiary students studying in Latin America, female (UIS estimate) (number)",TGO,2020,12,,
OE.5T8.40522.F,"Outbound internationally mobile tertiary students studying in Latin America, female (UIS estimate) (number)",TGO,2021,11,,
OE.5T8.40522.F,"Outbound internationally mobile tertiary students studying in Latin America, female (UIS estimate) (number)",TGO,2022,7,,
OE.5T8.40522.F,"Outbound internationally mobile tertiary students studying in Latin America, female (UIS estimate) (number)",TGO,2023,8,,UIS_EST
OE.5T8.40522.GPIA,"Outbound internationally mobile tertiary students studying in Latin America, adjusted gender parity index (GPIA)",TGO,2013,0,,UIS_EST
OE.5T8.40522.GPIA,"Outbound internationally mobile tertiary students studying in Latin America, adjusted gender parity index (GPIA)",TGO,2014,0,,UIS_EST
OE.5T8.40522.GPIA,"Outbound internationally mobile tertiary students studying in Latin America, adjusted gender parity index (GPIA)",TGO,2015,1,,UIS_EST
OE.5T8.40522.GPIA,"Outbound internationally mobile tertiary students studying in Latin America, adjusted gender parity index (GPIA)",TGO,2016,1,,
OE.5T8.40522.GPIA,"Outbound internationally mobile tertiary students studying in Latin America, adjusted gender parity index (GPIA)",TGO,2017,1,,
OE.5T8.40522.GPIA,"Outbound internationally mobile tertiary students studying in Latin America, adjusted gender parity index (GPIA)",TGO,2018,0,,
OE.5T8.40522.GPIA,"Outbound internationally mobile tertiary students studying in Latin America, adjusted gender parity index (GPIA)",TGO,2019,0,,
OE.5T8.40522.GPIA,"Outbound internationally mobile tertiary students studying in Latin America, adjusted gender parity index (GPIA)",TGO,2020,0,,
OE.5T8.40522.GPIA,"Outbound internationally mobile tertiary students studying in Latin America, adjusted gender parity index (GPIA)",TGO,2021,0,,
OE.5T8.40522.GPIA,"Outbound internationally mobile tertiary students studying in Latin America, adjusted gender parity index (GPIA)",TGO,2022,0,,
OE.5T8.40522.GPIA,"Outbound internationally mobile tertiary students studying in Latin America, adjusted gender parity index (GPIA)",TGO,2023,0,,UIS_EST
OE.5T8.40522.M,"Outbound internationally mobile tertiary students studying in Latin America, male (UIS estimate) (number)",TGO,1970,0,NIL,
OE.5T8.40522.M,"Outbound internationally mobile tertiary students studying in Latin America, male (UIS estimate) (number)",TGO,1971,0,NIL,
OE.5T8.40522.M,"Outbound internationally mobile tertiary students studying in Latin America, male (UIS estimate) (number)",TGO,1972,0,NIL,
OE.5T8.40522.M,"Outbound internationally mobile tertiary students studying in Latin America, male (UIS estimate) (number)",TGO,1973,0,NIL,
OE.5T8.40522.M,"Outbound internationally mobile tertiary students studying in Latin America, male (UIS estimate) (number)",TGO,1974,0,NIL,
OE.5T8.40522.M,"Outbound internationally mobile tertiary students studying in Latin America, male (UIS estimate) (number)",TGO,1975,0,NIL,
OE.5T8.40522.M,"Outbound internationally mobile tertiary students studying in Latin America, male (UIS estimate) (number)",TGO,1976,0,NIL,
OE.5T8.40522.M,"Outbound internationally mobile tertiary students studying in Latin America, male (UIS estimate) (number)",TGO,1977,0,NIL,
OE.5T8.40522.M,"Outbound internationally mobile tertiary students studying in Latin America, male (UIS estimate) (number)",TGO,1978,0,NIL,
OE.5T8.40522.M,"Outbound internationally mobile tertiary students studying in Latin America, male (UIS estimate) (number)",TGO,1979,0,NIL,
OE.5T8.40522.M,"Outbound internationally mobile tertiary students studying in Latin America, male (UIS estimate) (number)",TGO,1980,0,NIL,
OE.5T8.40522.M,"Outbound internationally mobile tertiary students studying in Latin America, male (UIS estimate) (number)",TGO,1981,0,NIL,
OE.5T8.40522.M,"Outbound internationally mobile tertiary students studying in Latin America, male (UIS estimate) (number)",TGO,1982,0,NIL,
OE.5T8.40522.M,"Outbound internationally mobile tertiary students studying in Latin America, male (UIS estimate) (number)",TGO,1983,0,NIL,
OE.5T8.40522.M,"Outbound internationally mobile tertiary students studying in Latin America, male (UIS estimate) (number)",TGO,1984,0,NIL,
OE.5T8.40522.M,"Outbound internationally mobile tertiary students studying in Latin America, male (UIS estimate) (number)",TGO,1985,0,NIL,
OE.5T8.40522.M,"Outbound internationally mobile tertiary students studying in Latin America, male (UIS estimate) (number)",TGO,1986,0,NIL,
OE.5T8.40522.M,"Outbound internationally mobile tertiary students studying in Latin America, male (UIS estimate) (number)",TGO,1987,0,NIL,
OE.5T8.40522.M,"Outbound internationally mobile tertiary students studying in Latin America, male (UIS estimate) (number)",TGO,1988,0,NIL,
OE.5T8.40522.M,"Outbound internationally mobile tertiary students studying in Latin America, male (UIS estimate) (number)",TGO,1989,0,NIL,
OE.5T8.40522.M,"Outbound internationally mobile tertiary students studying in Latin America, male (UIS estimate) (number)",TGO,1990,0,NIL,
OE.5T8.40522.M,"Outbound internationally mobile tertiary students studying in Latin America, male (UIS estimate) (number)",TGO,1991,0,NIL,
OE.5T8.40522.M,"Outbound internationally mobile tertiary students studying in Latin America, male (UIS estimate) (number)",TGO,1992,0,NIL,
OE.5T8.40522.M,"Outbound internationally mobile tertiary students studying in Latin America, male (UIS estimate) (number)",TGO,1993,0,NIL,
OE.5T8.40522.M,"Outbound internationally mobile tertiary students studying in Latin America, male (UIS estimate) (number)",TGO,1994,0,NIL,
OE.5T8.40522.M,"Outbound internationally mobile tertiary students studying in Latin America, male (UIS estimate) (number)",TGO,1995,0,NIL,
OE.5T8.40522.M,"Outbound internationally mobile tertiary students studying in Latin America, male (UIS estimate) (number)",TGO,1996,0,NIL,
OE.5T8.40522.M,"Outbound internationally mobile tertiary students studying in Latin America, male (UIS estimate) (number)",TGO,1997,0,NIL,
OE.5T8.40522.M,"Outbound internationally mobile tertiary students studying in Latin America, male (UIS estimate) (number)",TGO,1998,0,NIL,
OE.5T8.40522.M,"Outbound internationally mobile tertiary students studying in Latin America, male (UIS estimate) (number)",TGO,1999,0,NIL,
OE.5T8.40522.M,"Outbound internationally mobile tertiary students studying in Latin America, male (UIS estimate) (number)",TGO,2000,0,NIL,UIS_EST
OE.5T8.40522.M,"Outbound internationally mobile tertiary students studying in Latin America, male (UIS estimate) (number)",TGO,2001,0,NIL,UIS_EST
OE.5T8.40522.M,"Outbound internationally mobile tertiary students studying in Latin America, male (UIS estimate) (number)",TGO,2002,3,,UIS_EST
OE.5T8.40522.M,"Outbound internationally mobile tertiary students studying in Latin America, male (UIS estimate) (number)",TGO,2003,0,NIL,UIS_EST
OE.5T8.40522.M,"Outbound internationally mobile tertiary students studying in Latin America, male (UIS estimate) (number)",TGO,2004,1,,UIS_EST
OE.5T8.40522.M,"Outbound internationally mobile tertiary students studying in Latin America, male (UIS estimate) (number)",TGO,2005,2,,UIS_EST
OE.5T8.40522.M,"Outbound internationally mobile tertiary students studying in Latin America, male (UIS estimate) (number)",TGO,2006,13,,UIS_EST
OE.5T8.40522.M,"Outbound internationally mobile tertiary students studying in Latin America, male (UIS estimate) (number)",TGO,2007,10,,UIS_EST
OE.5T8.40522.M,"Outbound internationally mobile tertiary students studying in Latin America, male (UIS estimate) (number)",TGO,2008,14,,UIS_EST
OE.5T8.40522.M,"Outbound internationally mobile tertiary students studying in Latin America, male (UIS estimate) (number)",TGO,2009,19,,UIS_EST
OE.5T8.40522.M,"Outbound internationally mobile tertiary students studying in Latin America, male (UIS estimate) (number)",TGO,2010,20,,UIS_EST
OE.5T8.40522.M,"Outbound internationally mobile tertiary students studying in Latin America, male (UIS estimate) (number)",TGO,2011,20,,UIS_EST
OE.5T8.40522.M,"Outbound internationally mobile tertiary students studying in Latin America, male (UIS estimate) (number)",TGO,2012,17,,UIS_EST
OE.5T8.40522.M,"Outbound internationally mobile tertiary students studying in Latin America, male (UIS estimate) (number)",TGO,2013,14,,UIS_EST
OE.5T8.40522.M,"Outbound internationally mobile tertiary students studying in Latin America, male (UIS estimate) (number)",TGO,2014,17,,UIS_EST
OE.5T8.40522.M,"Outbound internationally mobile tertiary students studying in Latin America, male (UIS estimate) (number)",TGO,2015,21,,UIS_EST
OE.5T8.40522.M,"Outbound internationally mobile tertiary students studying in Latin America, male (UIS estimate) (number)",TGO,2016,25,,
OE.5T8.40522.M,"Outbound internationally mobile tertiary students studying in Latin America, male (UIS estimate) (number)",TGO,2017,28,,
OE.5T8.40522.M,"Outbound internationally mobile tertiary students studying in Latin America, male (UIS estimate) (number)",TGO,2018,34,,
OE.5T8.40522.M,"Outbound internationally mobile tertiary students studying in Latin America, male (UIS estimate) (number)",TGO,2019,34,,
OE.5T8.40522.M,"Outbound internationally mobile tertiary students studying in Latin America, male (UIS estimate) (number)",TGO,2020,33,,
OE.5T8.40522.M,"Outbound internationally mobile tertiary students studying in Latin America, male (UIS estimate) (number)",TGO,2021,31,,
OE.5T8.40522.M,"Outbound internationally mobile tertiary students studying in Latin America, male (UIS estimate) (number)",TGO,2022,32,,
OE.5T8.40522.M,"Outbound internationally mobile tertiary students studying in Latin America, male (UIS estimate) (number)",TGO,2023,28,,UIS_EST
OE.5T8.40525,"Outbound internationally mobile tertiary students studying in the Arab States, both sexes (UIS estimate) (number)",TGO,2012,358,,UIS_EST
OE.5T8.40525,"Outbound internationally mobile tertiary students studying in the Arab States, both sexes (UIS estimate) (number)",TGO,2013,440,,UIS_EST
OE.5T8.40525,"Outbound internationally mobile tertiary students studying in the Arab States, both sexes (UIS estimate) (number)",TGO,2014,622,,UIS_EST
OE.5T8.40525,"Outbound internationally mobile tertiary students studying in the Arab States, both sexes (UIS estimate) (number)",TGO,2015,637,,UIS_EST
OE.5T8.40525,"Outbound internationally mobile tertiary students studying in the Arab States, both sexes (UIS estimate) (number)",TGO,2016,689,,UIS_EST
OE.5T8.40525,"Outbound internationally mobile tertiary students studying in the Arab States, both sexes (UIS estimate) (number)",TGO,2017,657,,UIS_EST
OE.5T8.40525,"Outbound internationally mobile tertiary students studying in the Arab States, both sexes (UIS estimate) (number)",TGO,2018,733,,UIS_EST
OE.5T8.40525,"Outbound internationally mobile tertiary students studying in the Arab States, both sexes (UIS estimate) (number)",TGO,2019,579,,UIS_EST
OE.5T8.40525,"Outbound internationally mobile tertiary students studying in the Arab States, both sexes (UIS estimate) (number)",TGO,2020,621,,UIS_EST
OE.5T8.40525,"Outbound internationally mobile tertiary students studying in the Arab States, both sexes (UIS estimate) (number)",TGO,2021,705,,UIS_EST
OE.5T8.40525,"Outbound internationally mobile tertiary students studying in the Arab States, both sexes (UIS estimate) (number)",TGO,2022,764,,UIS_EST
OE.5T8.40525,"Outbound internationally mobile tertiary students studying in the Arab States, both sexes (UIS estimate) (number)",TGO,2023,840,,UIS_EST
OE.5T8.40525.F,"Outbound internationally mobile tertiary students studying in the Arab States, female (UIS estimate) (number)",TGO,2012,108,,UIS_EST
OE.5T8.40525.F,"Outbound internationally mobile tertiary students studying in the Arab States, female (UIS estimate) (number)",TGO,2013,151,,UIS_EST
OE.5T8.40525.F,"Outbound internationally mobile tertiary students studying in the Arab States, female (UIS estimate) (number)",TGO,2014,219,,UIS_EST
OE.5T8.40525.F,"Outbound internationally mobile tertiary students studying in the Arab States, female (UIS estimate) (number)",TGO,2015,203,,UIS_EST
OE.5T8.40525.F,"Outbound internationally mobile tertiary students studying in the Arab States, female (UIS estimate) (number)",TGO,2016,242,,UIS_EST
OE.5T8.40525.F,"Outbound internationally mobile tertiary students studying in the Arab States, female (UIS estimate) (number)",TGO,2017,222,,UIS_EST
OE.5T8.40525.F,"Outbound internationally mobile tertiary students studying in the Arab States, female (UIS estimate) (number)",TGO,2018,240,,UIS_EST
OE.5T8.40525.F,"Outbound internationally mobile tertiary students studying in the Arab States, female (UIS estimate) (number)",TGO,2019,120,,UIS_EST
OE.5T8.40525.F,"Outbound internationally mobile tertiary students studying in the Arab States, female (UIS estimate) (number)",TGO,2020,131,,UIS_EST
OE.5T8.40525.F,"Outbound internationally mobile tertiary students studying in the Arab States, female (UIS estimate) (number)",TGO,2021,138,,UIS_EST
OE.5T8.40525.F,"Outbound internationally mobile tertiary students studying in the Arab States, female (UIS estimate) (number)",TGO,2022,166,,UIS_EST
OE.5T8.40525.F,"Outbound internationally mobile tertiary students studying in the Arab States, female (UIS estimate) (number)",TGO,2023,199,,UIS_EST
OE.5T8.40525.GPIA,"Outbound internationally mobile tertiary students studying in the Arab States, adjusted gender parity index (GPIA)",TGO,2012,0,,UIS_EST
OE.5T8.40525.GPIA,"Outbound internationally mobile tertiary students studying in the Arab States, adjusted gender parity index (GPIA)",TGO,2013,1,,UIS_EST
OE.5T8.40525.GPIA,"Outbound internationally mobile tertiary students studying in the Arab States, adjusted gender parity index (GPIA)",TGO,2014,1,,UIS_EST
OE.5T8.40525.GPIA,"Outbound internationally mobile tertiary students studying in the Arab States, adjusted gender parity index (GPIA)",TGO,2015,0,,UIS_EST
OE.5T8.40525.GPIA,"Outbound internationally mobile tertiary students studying in the Arab States, adjusted gender parity index (GPIA)",TGO,2016,1,,UIS_EST
OE.5T8.40525.GPIA,"Outbound internationally mobile tertiary students studying in the Arab States, adjusted gender parity index (GPIA)",TGO,2017,1,,UIS_EST
OE.5T8.40525.GPIA,"Outbound internationally mobile tertiary students studying in the Arab States, adjusted gender parity index (GPIA)",TGO,2018,0,,UIS_EST
OE.5T8.40525.GPIA,"Outbound internationally mobile tertiary students studying in the Arab States, adjusted gender parity index (GPIA)",TGO,2019,0,,UIS_EST
OE.5T8.40525.GPIA,"Outbound internationally mobile tertiary students studying in the Arab States, adjusted gender parity index (GPIA)",TGO,2020,0,,UIS_EST
OE.5T8.40525.GPIA,"Outbound internationally mobile tertiary students studying in the Arab States, adjusted gender parity index (GPIA)",TGO,2021,0,,UIS_EST
OE.5T8.40525.GPIA,"Outbound internationally mobile tertiary students studying in the Arab States, adjusted gender parity index (GPIA)",TGO,2022,0,,UIS_EST
OE.5T8.40525.GPIA,"Outbound internationally mobile tertiary students studying in the Arab States, adjusted gender parity index (GPIA)",TGO,2023,0,,UIS_EST
OE.5T8.40525.M,"Outbound internationally mobile tertiary students studying in the Arab States, male (UIS estimate) (number)",TGO,1970,0,NIL,
OE.5T8.40525.M,"Outbound internationally mobile tertiary students studying in the Arab States, male (UIS estimate) (number)",TGO,1971,0,NIL,
OE.5T8.40525.M,"Outbound internationally mobile tertiary students studying in the Arab States, male (UIS estimate) (number)",TGO,1972,0,NIL,
OE.5T8.40525.M,"Outbound internationally mobile tertiary students studying in the Arab States, male (UIS estimate) (number)",TGO,1973,0,NIL,
OE.5T8.40525.M,"Outbound internationally mobile tertiary students studying in the Arab States, male (UIS estimate) (number)",TGO,1974,0,NIL,
OE.5T8.40525.M,"Outbound internationally mobile tertiary students studying in the Arab States, male (UIS estimate) (number)",TGO,1975,0,NIL,
OE.5T8.40525.M,"Outbound internationally mobile tertiary students studying in the Arab States, male (UIS estimate) (number)",TGO,1976,0,NIL,
OE.5T8.40525.M,"Outbound internationally mobile tertiary students studying in the Arab States, male (UIS estimate) (number)",TGO,1977,0,NIL,
OE.5T8.40525.M,"Outbound internationally mobile tertiary students studying in the Arab States, male (UIS estimate) (number)",TGO,1978,0,NIL,
OE.5T8.40525.M,"Outbound internationally mobile tertiary students studying in the Arab States, male (UIS estimate) (number)",TGO,1979,0,NIL,
OE.5T8.40525.M,"Outbound internationally mobile tertiary students studying in the Arab States, male (UIS estimate) (number)",TGO,1980,0,NIL,
OE.5T8.40525.M,"Outbound internationally mobile tertiary students studying in the Arab States, male (UIS estimate) (number)",TGO,1981,0,NIL,
OE.5T8.40525.M,"Outbound internationally mobile tertiary students studying in the Arab States, male (UIS estimate) (number)",TGO,1982,0,NIL,
OE.5T8.40525.M,"Outbound internationally mobile tertiary students studying in the Arab States, male (UIS estimate) (number)",TGO,1983,0,NIL,
OE.5T8.40525.M,"Outbound internationally mobile tertiary students studying in the Arab States, male (UIS estimate) (number)",TGO,1984,0,NIL,
OE.5T8.40525.M,"Outbound internationally mobile tertiary students studying in the Arab States, male (UIS estimate) (number)",TGO,1985,0,NIL,
OE.5T8.40525.M,"Outbound internationally mobile tertiary students studying in the Arab States, male (UIS estimate) (number)",TGO,1986,0,NIL,
OE.5T8.40525.M,"Outbound internationally mobile tertiary students studying in the Arab States, male (UIS estimate) (number)",TGO,1987,0,NIL,
OE.5T8.40525.M,"Outbound internationally mobile tertiary students studying in the Arab States, male (UIS estimate) (number)",TGO,1988,0,NIL,
OE.5T8.40525.M,"Outbound internationally mobile tertiary students studying in the Arab States, male (UIS estimate) (number)",TGO,1989,0,NIL,
OE.5T8.40525.M,"Outbound internationally mobile tertiary students studying in the Arab States, male (UIS estimate) (number)",TGO,1990,0,NIL,
OE.5T8.40525.M,"Outbound internationally mobile tertiary students studying in the Arab States, male (UIS estimate) (number)",TGO,1991,0,NIL,
OE.5T8.40525.M,"Outbound internationally mobile tertiary students studying in the Arab States, male (UIS estimate) (number)",TGO,1992,0,NIL,
OE.5T8.40525.M,"Outbound internationally mobile tertiary students studying in the Arab States, male (UIS estimate) (number)",TGO,1993,0,NIL,
OE.5T8.40525.M,"Outbound internationally mobile tertiary students studying in the Arab States, male (UIS estimate) (number)",TGO,1994,0,NIL,
OE.5T8.40525.M,"Outbound internationally mobile tertiary students studying in the Arab States, male (UIS estimate) (number)",TGO,1995,0,NIL,
OE.5T8.40525.M,"Outbound internationally mobile tertiary students studying in the Arab States, male (UIS estimate) (number)",TGO,1996,0,NIL,
OE.5T8.40525.M,"Outbound internationally mobile tertiary students studying in the Arab States, male (UIS estimate) (number)",TGO,1997,0,NIL,
OE.5T8.40525.M,"Outbound internationally mobile tertiary students studying in the Arab States, male (UIS estimate) (number)",TGO,1998,0,NIL,
OE.5T8.40525.M,"Outbound internationally mobile tertiary students studying in the Arab States, male (UIS estimate) (number)",TGO,1999,0,NIL,
OE.5T8.40525.M,"Outbound internationally mobile tertiary students studying in the Arab States, male (UIS estimate) (number)",TGO,2000,0,NIL,
OE.5T8.40525.M,"Outbound internationally mobile tertiary students studying in the Arab States, male (UIS estimate) (number)",TGO,2001,0,NIL,
OE.5T8.40525.M,"Outbound internationally mobile tertiary students studying in the Arab States, male (UIS estimate) (number)",TGO,2002,0,NIL,
OE.5T8.40525.M,"Outbound internationally mobile tertiary students studying in the Arab States, male (UIS estimate) (number)",TGO,2003,0,NIL,
OE.5T8.40525.M,"Outbound internationally mobile tertiary students studying in the Arab States, male (UIS estimate) (number)",TGO,2004,0,NIL,
OE.5T8.40525.M,"Outbound internationally mobile tertiary students studying in the Arab States, male (UIS estimate) (number)",TGO,2005,0,NIL,
OE.5T8.40525.M,"Outbound internationally mobile tertiary students studying in the Arab States, male (UIS estimate) (number)",TGO,2006,0,NIL,
OE.5T8.40525.M,"Outbound internationally mobile tertiary students studying in the Arab States, male (UIS estimate) (number)",TGO,2007,0,NIL,
OE.5T8.40525.M,"Outbound internationally mobile tertiary students studying in the Arab States, male (UIS estimate) (number)",TGO,2008,0,NIL,
OE.5T8.40525.M,"Outbound internationally mobile tertiary students studying in the Arab States, male (UIS estimate) (number)",TGO,2009,0,NIL,
OE.5T8.40525.M,"Outbound internationally mobile tertiary students studying in the Arab States, male (UIS estimate) (number)",TGO,2010,0,NIL,
OE.5T8.40525.M,"Outbound internationally mobile tertiary students studying in the Arab States, male (UIS estimate) (number)",TGO,2011,0,NIL,
OE.5T8.40525.M,"Outbound internationally mobile tertiary students studying in the Arab States, male (UIS estimate) (number)",TGO,2012,251,,UIS_EST
OE.5T8.40525.M,"Outbound internationally mobile tertiary students studying in the Arab States, male (UIS estimate) (number)",TGO,2013,289,,UIS_EST
OE.5T8.40525.M,"Outbound internationally mobile tertiary students studying in the Arab States, male (UIS estimate) (number)",TGO,2014,403,,UIS_EST
OE.5T8.40525.M,"Outbound internationally mobile tertiary students studying in the Arab States, male (UIS estimate) (number)",TGO,2015,433,,UIS_EST
OE.5T8.40525.M,"Outbound internationally mobile tertiary students studying in the Arab States, male (UIS estimate) (number)",TGO,2016,447,,UIS_EST
OE.5T8.40525.M,"Outbound internationally mobile tertiary students studying in the Arab States, male (UIS estimate) (number)",TGO,2017,435,,UIS_EST
OE.5T8.40525.M,"Outbound internationally mobile tertiary students studying in the Arab States, male (UIS estimate) (number)",TGO,2018,492,,UIS_EST
OE.5T8.40525.M,"Outbound internationally mobile tertiary students studying in the Arab States, male (UIS estimate) (number)",TGO,2019,460,,UIS_EST
OE.5T8.40525.M,"Outbound internationally mobile tertiary students studying in the Arab States, male (UIS estimate) (number)",TGO,2020,490,,UIS_EST
OE.5T8.40525.M,"Outbound internationally mobile tertiary students studying in the Arab States, male (UIS estimate) (number)",TGO,2021,567,,UIS_EST
OE.5T8.40525.M,"Outbound internationally mobile tertiary students studying in the Arab States, male (UIS estimate) (number)",TGO,2022,598,,UIS_EST
OE.5T8.40525.M,"Outbound internationally mobile tertiary students studying in the Arab States, male (UIS estimate) (number)",TGO,2023,641,,UIS_EST
OE.5T8.40530,"Outbound internationally mobile tertiary students studying in Central and Eastern Europe, both sexes (UIS estimate) (number)",TGO,1998,5,,UIS_EST
OE.5T8.40530,"Outbound internationally mobile tertiary students studying in Central and Eastern Europe, both sexes (UIS estimate) (number)",TGO,1999,5,,UIS_EST
OE.5T8.40530,"Outbound internationally mobile tertiary students studying in Central and Eastern Europe, both sexes (UIS estimate) (number)",TGO,2000,5,,
OE.5T8.40530,"Outbound internationally mobile tertiary students studying in Central and Eastern Europe, both sexes (UIS estimate) (number)",TGO,2001,4,,
OE.5T8.40530,"Outbound internationally mobile tertiary students studying in Central and Eastern Europe, both sexes (UIS estimate) (number)",TGO,2002,4,,UIS_EST
OE.5T8.40530,"Outbound internationally mobile tertiary students studying in Central and Eastern Europe, both sexes (UIS estimate) (number)",TGO,2003,3,,
OE.5T8.40530,"Outbound internationally mobile tertiary students studying in Central and Eastern Europe, both sexes (UIS estimate) (number)",TGO,2004,3,,UIS_EST
OE.5T8.40530,"Outbound internationally mobile tertiary students studying in Central and Eastern Europe, both sexes (UIS estimate) (number)",TGO,2005,5,,
OE.5T8.40530,"Outbound internationally mobile tertiary students studying in Central and Eastern Europe, both sexes (UIS estimate) (number)",TGO,2006,3,,
OE.5T8.40530,"Outbound internationally mobile tertiary students studying in Central and Eastern Europe, both sexes (UIS estimate) (number)",TGO,2007,3,,
OE.5T8.40530,"Outbound internationally mobile tertiary students studying in Central and Eastern Europe, both sexes (UIS estimate) (number)",TGO,2008,11,,
OE.5T8.40530,"Outbound internationally mobile tertiary students studying in Central and Eastern Europe, both sexes (UIS estimate) (number)",TGO,2009,13,,
OE.5T8.40530,"Outbound internationally mobile tertiary students studying in Central and Eastern Europe, both sexes (UIS estimate) (number)",TGO,2010,12,,UIS_EST
OE.5T8.40530,"Outbound internationally mobile tertiary students studying in Central and Eastern Europe, both sexes (UIS estimate) (number)",TGO,2011,12,,
OE.5T8.40530,"Outbound internationally mobile tertiary students studying in Central and Eastern Europe, both sexes (UIS estimate) (number)",TGO,2012,20,,UIS_EST
OE.5T8.40530,"Outbound internationally mobile tertiary students studying in Central and Eastern Europe, both sexes (UIS estimate) (number)",TGO,2013,34,,
OE.5T8.40530,"Outbound internationally mobile tertiary students studying in Central and Eastern Europe, both sexes (UIS estimate) (number)",TGO,2014,47,,
OE.5T8.40530,"Outbound internationally mobile tertiary students studying in Central and Eastern Europe, both sexes (UIS estimate) (number)",TGO,2015,60,,
OE.5T8.40530,"Outbound internationally mobile tertiary students studying in Central and Eastern Europe, both sexes (UIS estimate) (number)",TGO,2016,76,,
OE.5T8.40530,"Outbound internationally mobile tertiary students studying in Central and Eastern Europe, both sexes (UIS estimate) (number)",TGO,2017,84,,
OE.5T8.40530,"Outbound internationally mobile tertiary students studying in Central and Eastern Europe, both sexes (UIS estimate) (number)",TGO,2018,82,,
OE.5T8.40530,"Outbound internationally mobile tertiary students studying in Central and Eastern Europe, both sexes (UIS estimate) (number)",TGO,2019,97,,
OE.5T8.40530,"Outbound internationally mobile tertiary students studying in Central and Eastern Europe, both sexes (UIS estimate) (number)",TGO,2020,131,,
OE.5T8.40530,"Outbound internationally mobile tertiary students studying in Central and Eastern Europe, both sexes (UIS estimate) (number)",TGO,2021,150,,
OE.5T8.40530,"Outbound internationally mobile tertiary students studying in Central and Eastern Europe, both sexes (UIS estimate) (number)",TGO,2022,208,,
OE.5T8.40530,"Outbound internationally mobile tertiary students studying in Central and Eastern Europe, both sexes (UIS estimate) (number)",TGO,2023,230,,
OE.5T8.40530.F,"Outbound internationally mobile tertiary students studying in Central and Eastern Europe, female (UIS estimate) (number)",TGO,2012,4,,UIS_EST
OE.5T8.40530.F,"Outbound internationally mobile tertiary students studying in Central and Eastern Europe, female (UIS estimate) (number)",TGO,2013,7,,UIS_EST
OE.5T8.40530.F,"Outbound internationally mobile tertiary students studying in Central and Eastern Europe, female (UIS estimate) (number)",TGO,2014,6,,UIS_EST
OE.5T8.40530.F,"Outbound internationally mobile tertiary students studying in Central and Eastern Europe, female (UIS estimate) (number)",TGO,2015,11,,UIS_EST
OE.5T8.40530.F,"Outbound internationally mobile tertiary students studying in Central and Eastern Europe, female (UIS estimate) (number)",TGO,2016,13,,UIS_EST
OE.5T8.40530.F,"Outbound internationally mobile tertiary students studying in Central and Eastern Europe, female (UIS estimate) (number)",TGO,2017,15,,UIS_EST
OE.5T8.40530.F,"Outbound internationally mobile tertiary students studying in Central and Eastern Europe, female (UIS estimate) (number)",TGO,2018,12,,
OE.5T8.40530.F,"Outbound internationally mobile tertiary students studying in Central and Eastern Europe, female (UIS estimate) (number)",TGO,2019,11,,
OE.5T8.40530.F,"Outbound internationally mobile tertiary students studying in Central and Eastern Europe, female (UIS estimate) (number)",TGO,2020,13,,
OE.5T8.40530.F,"Outbound internationally mobile tertiary students studying in Central and Eastern Europe, female (UIS estimate) (number)",TGO,2021,17,,
OE.5T8.40530.F,"Outbound internationally mobile tertiary students studying in Central and Eastern Europe, female (UIS estimate) (number)",TGO,2022,29,,
OE.5T8.40530.F,"Outbound internationally mobile tertiary students studying in Central and Eastern Europe, female (UIS estimate) (number)",TGO,2023,28,,UIS_EST
OE.5T8.40530.GPIA,"Outbound internationally mobile tertiary students studying in Central and Eastern Europe, adjusted gender parity index (GPIA)",TGO,2012,0,,UIS_EST
OE.5T8.40530.GPIA,"Outbound internationally mobile tertiary students studying in Central and Eastern Europe, adjusted gender parity index (GPIA)",TGO,2013,0,,UIS_EST
OE.5T8.40530.GPIA,"Outbound internationally mobile tertiary students studying in Central and Eastern Europe, adjusted gender parity index (GPIA)",TGO,2014,0,,UIS_EST
OE.5T8.40530.GPIA,"Outbound internationally mobile tertiary students studying in Central and Eastern Europe, adjusted gender parity index (GPIA)",TGO,2015,0,,UIS_EST
OE.5T8.40530.GPIA,"Outbound internationally mobile tertiary students studying in Central and Eastern Europe, adjusted gender parity index (GPIA)",TGO,2016,0,,UIS_EST
OE.5T8.40530.GPIA,"Outbound internationally mobile tertiary students studying in Central and Eastern Europe, adjusted gender parity index (GPIA)",TGO,2017,0,,UIS_EST
OE.5T8.40530.GPIA,"Outbound internationally mobile tertiary students studying in Central and Eastern Europe, adjusted gender parity index (GPIA)",TGO,2018,0,,
OE.5T8.40530.GPIA,"Outbound internationally mobile tertiary students studying in Central and Eastern Europe, adjusted gender parity index (GPIA)",TGO,2019,0,,
OE.5T8.40530.GPIA,"Outbound internationally mobile tertiary students studying in Central and Eastern Europe, adjusted gender parity index (GPIA)",TGO,2020,0,,
OE.5T8.40530.GPIA,"Outbound internationally mobile tertiary students studying in Central and Eastern Europe, adjusted gender parity index (GPIA)",TGO,2021,0,,
OE.5T8.40530.GPIA,"Outbound internationally mobile tertiary students studying in Central and Eastern Europe, adjusted gender parity index (GPIA)",TGO,2022,0,,
OE.5T8.40530.GPIA,"Outbound internationally mobile tertiary students studying in Central and Eastern Europe, adjusted gender parity index (GPIA)",TGO,2023,0,,UIS_EST
OE.5T8.40530.M,"Outbound internationally mobile tertiary students studying in Central and Eastern Europe, male (UIS estimate) (number)",TGO,1970,0,NIL,
OE.5T8.40530.M,"Outbound internationally mobile tertiary students studying in Central and Eastern Europe, male (UIS estimate) (number)",TGO,1971,0,NIL,
OE.5T8.40530.M,"Outbound internationally mobile tertiary students studying in Central and Eastern Europe, male (UIS estimate) (number)",TGO,1972,0,NIL,
OE.5T8.40530.M,"Outbound internationally mobile tertiary students studying in Central and Eastern Europe, male (UIS estimate) (number)",TGO,1973,0,NIL,
OE.5T8.40530.M,"Outbound internationally mobile tertiary students studying in Central and Eastern Europe, male (UIS estimate) (number)",TGO,1974,0,NIL,
OE.5T8.40530.M,"Outbound internationally mobile tertiary students studying in Central and Eastern Europe, male (UIS estimate) (number)",TGO,1975,0,NIL,
OE.5T8.40530.M,"Outbound internationally mobile tertiary students studying in Central and Eastern Europe, male (UIS estimate) (number)",TGO,1976,0,NIL,
OE.5T8.40530.M,"Outbound internationally mobile tertiary students studying in Central and Eastern Europe, male (UIS estimate) (number)",TGO,1977,0,NIL,
OE.5T8.40530.M,"Outbound internationally mobile tertiary students studying in Central and Eastern Europe, male (UIS estimate) (number)",TGO,1978,0,NIL,
OE.5T8.40530.M,"Outbound internationally mobile tertiary students studying in Central and Eastern Europe, male (UIS estimate) (number)",TGO,1979,0,NIL,
OE.5T8.40530.M,"Outbound internationally mobile tertiary students studying in Central and Eastern Europe, male (UIS estimate) (number)",TGO,1980,0,NIL,
OE.5T8.40530.M,"Outbound internationally mobile tertiary students studying in Central and Eastern Europe, male (UIS estimate) (number)",TGO,1981,0,NIL,
OE.5T8.40530.M,"Outbound internationally mobile tertiary students studying in Central and Eastern Europe, male (UIS estimate) (number)",TGO,1982,0,NIL,
OE.5T8.40530.M,"Outbound internationally mobile tertiary students studying in Central and Eastern Europe, male (UIS estimate) (number)",TGO,1983,0,NIL,
OE.5T8.40530.M,"Outbound internationally mobile tertiary students studying in Central and Eastern Europe, male (UIS estimate) (number)",TGO,1984,0,NIL,
OE.5T8.40530.M,"Outbound internationally mobile tertiary students studying in Central and Eastern Europe, male (UIS estimate) (number)",TGO,1985,0,NIL,
OE.5T8.40530.M,"Outbound internationally mobile tertiary students studying in Central and Eastern Europe, male (UIS estimate) (number)",TGO,1986,0,NIL,
OE.5T8.40530.M,"Outbound internationally mobile tertiary students studying in Central and Eastern Europe, male (UIS estimate) (number)",TGO,1987,0,NIL,
OE.5T8.40530.M,"Outbound internationally mobile tertiary students studying in Central and Eastern Europe, male (UIS estimate) (number)",TGO,1988,0,NIL,
OE.5T8.40530.M,"Outbound internationally mobile tertiary students studying in Central and Eastern Europe, male (UIS estimate) (number)",TGO,1989,0,NIL,
OE.5T8.40530.M,"Outbound internationally mobile tertiary students studying in Central and Eastern Europe, male (UIS estimate) (number)",TGO,1990,0,NIL,
OE.5T8.40530.M,"Outbound internationally mobile tertiary students studying in Central and Eastern Europe, male (UIS estimate) (number)",TGO,1991,0,NIL,
OE.5T8.40530.M,"Outbound internationally mobile tertiary students studying in Central and Eastern Europe, male (UIS estimate) (number)",TGO,1992,0,NIL,
OE.5T8.40530.M,"Outbound internationally mobile tertiary students studying in Central and Eastern Europe, male (UIS estimate) (number)",TGO,1993,0,NIL,
OE.5T8.40530.M,"Outbound internationally mobile tertiary students studying in Central and Eastern Europe, male (UIS estimate) (number)",TGO,1994,0,NIL,
OE.5T8.40530.M,"Outbound internationally mobile tertiary students studying in Central and Eastern Europe, male (UIS estimate) (number)",TGO,1995,0,NIL,
OE.5T8.40530.M,"Outbound internationally mobile tertiary students studying in Central and Eastern Europe, male (UIS estimate) (number)",TGO,1996,0,NIL,
OE.5T8.40530.M,"Outbound internationally mobile tertiary students studying in Central and Eastern Europe, male (UIS estimate) (number)",TGO,1997,0,NIL,
OE.5T8.40530.M,"Outbound internationally mobile tertiary students studying in Central and Eastern Europe, male (UIS estimate) (number)",TGO,1998,5,,UIS_EST
OE.5T8.40530.M,"Outbound internationally mobile tertiary students studying in Central and Eastern Europe, male (UIS estimate) (number)",TGO,1999,5,,UIS_EST
OE.5T8.40530.M,"Outbound internationally mobile tertiary students studying in Central and Eastern Europe, male (UIS estimate) (number)",TGO,2000,5,,
OE.5T8.40530.M,"Outbound internationally mobile tertiary students studying in Central and Eastern Europe, male (UIS estimate) (number)",TGO,2001,4,,
OE.5T8.40530.M,"Outbound internationally mobile tertiary students studying in Central and Eastern Europe, male (UIS estimate) (number)",TGO,2002,4,,UIS_EST
OE.5T8.40530.M,"Outbound internationally mobile tertiary students studying in Central and Eastern Europe, male (UIS estimate) (number)",TGO,2003,3,,
OE.5T8.40530.M,"Outbound internationally mobile tertiary students studying in Central and Eastern Europe, male (UIS estimate) (number)",TGO,2004,3,,UIS_EST
OE.5T8.40530.M,"Outbound internationally mobile tertiary students studying in Central and Eastern Europe, male (UIS estimate) (number)",TGO,2005,5,,
OE.5T8.40530.M,"Outbound internationally mobile tertiary students studying in Central and Eastern Europe, male (UIS estimate) (number)",TGO,2006,3,,
OE.5T8.40530.M,"Outbound internationally mobile tertiary students studying in Central and Eastern Europe, male (UIS estimate) (number)",TGO,2007,3,,
OE.5T8.40530.M,"Outbound internationally mobile tertiary students studying in Central and Eastern Europe, male (UIS estimate) (number)",TGO,2008,11,,
OE.5T8.40530.M,"Outbound internationally mobile tertiary students studying in Central and Eastern Europe, male (UIS estimate) (number)",TGO,2009,13,,
OE.5T8.40530.M,"Outbound internationally mobile tertiary students studying in Central and Eastern Europe, male (UIS estimate) (number)",TGO,2010,12,,UIS_EST
OE.5T8.40530.M,"Outbound internationally mobile tertiary students studying in Central and Eastern Europe, male (UIS estimate) (number)",TGO,2011,12,,
OE.5T8.40530.M,"Outbound internationally mobile tertiary students studying in Central and Eastern Europe, male (UIS estimate) (number)",TGO,2012,16,,UIS_EST
OE.5T8.40530.M,"Outbound internationally mobile tertiary students studying in Central and Eastern Europe, male (UIS estimate) (number)",TGO,2013,27,,UIS_EST
OE.5T8.40530.M,"Outbound internationally mobile tertiary students studying in Central and Eastern Europe, male (UIS estimate) (number)",TGO,2014,41,,UIS_EST
OE.5T8.40530.M,"Outbound internationally mobile tertiary students studying in Central and Eastern Europe, male (UIS estimate) (number)",TGO,2015,49,,UIS_EST
OE.5T8.40530.M,"Outbound internationally mobile tertiary students studying in Central and Eastern Europe, male (UIS estimate) (number)",TGO,2016,63,,UIS_EST
OE.5T8.40530.M,"Outbound internationally mobile tertiary students studying in Central and Eastern Europe, male (UIS estimate) (number)",TGO,2017,69,,UIS_EST
OE.5T8.40530.M,"Outbound internationally mobile tertiary students studying in Central and Eastern Europe, male (UIS estimate) (number)",TGO,2018,70,,
OE.5T8.40530.M,"Outbound internationally mobile tertiary students studying in Central and Eastern Europe, male (UIS estimate) (number)",TGO,2019,86,,
OE.5T8.40530.M,"Outbound internationally mobile tertiary students studying in Central and Eastern Europe, male (UIS estimate) (number)",TGO,2020,118,,
OE.5T8.40530.M,"Outbound internationally mobile tertiary students studying in Central and Eastern Europe, male (UIS estimate) (number)",TGO,2021,133,,
OE.5T8.40530.M,"Outbound internationally mobile tertiary students studying in Central and Eastern Europe, male (UIS estimate) (number)",TGO,2022,179,,
OE.5T8.40530.M,"Outbound internationally mobile tertiary students studying in Central and Eastern Europe, male (UIS estimate) (number)",TGO,2023,202,,UIS_EST
OE.5T8.40535,"Outbound internationally mobile tertiary students studying in South and West Asia, both sexes (UIS estimate) (number)",TGO,1999,0,NIL,UIS_EST
OE.5T8.40535,"Outbound internationally mobile tertiary students studying in South and West Asia, both sexes (UIS estimate) (number)",TGO,2000,0,NIL,
OE.5T8.40535,"Outbound internationally mobile tertiary students studying in South and West Asia, both sexes (UIS estimate) (number)",TGO,2001,0,NIL,
OE.5T8.40535,"Outbound internationally mobile tertiary students studying in South and West Asia, both sexes (UIS estimate) (number)",TGO,2002,0,NIL,
OE.5T8.40535,"Outbound internationally mobile tertiary students studying in South and West Asia, both sexes (UIS estimate) (number)",TGO,2003,0,NIL,
OE.5T8.40535,"Outbound internationally mobile tertiary students studying in South and West Asia, both sexes (UIS estimate) (number)",TGO,2004,0,NIL,UIS_EST
OE.5T8.40535,"Outbound internationally mobile tertiary students studying in South and West Asia, both sexes (UIS estimate) (number)",TGO,2005,0,NIL,
OE.5T8.40535,"Outbound internationally mobile tertiary students studying in South and West Asia, both sexes (UIS estimate) (number)",TGO,2006,0,NIL,
OE.5T8.40535,"Outbound internationally mobile tertiary students studying in South and West Asia, both sexes (UIS estimate) (number)",TGO,2007,0,,UIS_EST
OE.5T8.40535,"Outbound internationally mobile tertiary students studying in South and West Asia, both sexes (UIS estimate) (number)",TGO,2008,1,,UIS_EST
OE.5T8.40535,"Outbound internationally mobile tertiary students studying in South and West Asia, both sexes (UIS estimate) (number)",TGO,2009,1,,UIS_EST
OE.5T8.40535,"Outbound internationally mobile tertiary students studying in South and West Asia, both sexes (UIS estimate) (number)",TGO,2010,2,,UIS_EST
OE.5T8.40535,"Outbound internationally mobile tertiary students studying in South and West Asia, both sexes (UIS estimate) (number)",TGO,2011,2,,
OE.5T8.40535,"Outbound internationally mobile tertiary students studying in South and West Asia, both sexes (UIS estimate) (number)",TGO,2012,2,,
OE.5T8.40535,"Outbound internationally mobile tertiary students studying in South and West Asia, both sexes (UIS estimate) (number)",TGO,2013,2,,
OE.5T8.40535,"Outbound internationally mobile tertiary students studying in South and West Asia, both sexes (UIS estimate) (number)",TGO,2014,4,,
OE.5T8.40535,"Outbound internationally mobile tertiary students studying in South and West Asia, both sexes (UIS estimate) (number)",TGO,2015,8,,
OE.5T8.40535,"Outbound internationally mobile tertiary students studying in South and West Asia, both sexes (UIS estimate) (number)",TGO,2016,5,,
OE.5T8.40535,"Outbound internationally mobile tertiary students studying in South and West Asia, both sexes (UIS estimate) (number)",TGO,2017,15,,
OE.5T8.40535,"Outbound internationally mobile tertiary students studying in South and West Asia, both sexes (UIS estimate) (number)",TGO,2018,62,,
OE.5T8.40535,"Outbound internationally mobile tertiary students studying in South and West Asia, both sexes (UIS estimate) (number)",TGO,2019,100,,
OE.5T8.40535,"Outbound internationally mobile tertiary students studying in South and West Asia, both sexes (UIS estimate) (number)",TGO,2020,85,,
OE.5T8.40535,"Outbound internationally mobile tertiary students studying in South and West Asia, both sexes (UIS estimate) (number)",TGO,2021,66,,
OE.5T8.40535,"Outbound internationally mobile tertiary students studying in South and West Asia, both sexes (UIS estimate) (number)",TGO,2022,72,,
OE.5T8.40535,"Outbound internationally mobile tertiary students studying in South and West Asia, both sexes (UIS estimate) (number)",TGO,2023,72,,
OE.5T8.40535.F,"Outbound internationally mobile tertiary students studying in South and West Asia, female (UIS estimate) (number)",TGO,2012,0,NIL,UIS_EST
OE.5T8.40535.F,"Outbound internationally mobile tertiary students studying in South and West Asia, female (UIS estimate) (number)",TGO,2013,0,NIL,
OE.5T8.40535.F,"Outbound internationally mobile tertiary students studying in South and West Asia, female (UIS estimate) (number)",TGO,2014,1,,
OE.5T8.40535.F,"Outbound internationally mobile tertiary students studying in South and West Asia, female (UIS estimate) (number)",TGO,2015,0,NIL,
OE.5T8.40535.F,"Outbound internationally mobile tertiary students studying in South and West Asia, female (UIS estimate) (number)",TGO,2016,1,,
OE.5T8.40535.F,"Outbound internationally mobile tertiary students studying in South and West Asia, female (UIS estimate) (number)",TGO,2017,3,,
OE.5T8.40535.F,"Outbound internationally mobile tertiary students studying in South and West Asia, female (UIS estimate) (number)",TGO,2018,9,,
OE.5T8.40535.F,"Outbound internationally mobile tertiary students studying in South and West Asia, female (UIS estimate) (number)",TGO,2019,22,,
OE.5T8.40535.F,"Outbound internationally mobile tertiary students studying in South and West Asia, female (UIS estimate) (number)",TGO,2020,18,,
OE.5T8.40535.F,"Outbound internationally mobile tertiary students studying in South and West Asia, female (UIS estimate) (number)",TGO,2021,7,,
OE.5T8.40535.F,"Outbound internationally mobile tertiary students studying in South and West Asia, female (UIS estimate) (number)",TGO,2022,8,,
OE.5T8.40535.F,"Outbound internationally mobile tertiary students studying in South and West Asia, female (UIS estimate) (number)",TGO,2023,8,,
OE.5T8.40535.GPIA,"Outbound internationally mobile tertiary students studying in South and West Asia, adjusted gender parity index (GPIA)",TGO,2012,0,NIL,UIS_EST
OE.5T8.40535.GPIA,"Outbound internationally mobile tertiary students studying in South and West Asia, adjusted gender parity index (GPIA)",TGO,2013,0,NIL,
OE.5T8.40535.GPIA,"Outbound internationally mobile tertiary students studying in South and West Asia, adjusted gender parity index (GPIA)",TGO,2014,0,,
OE.5T8.40535.GPIA,"Outbound internationally mobile tertiary students studying in South and West Asia, adjusted gender parity index (GPIA)",TGO,2015,0,NIL,
OE.5T8.40535.GPIA,"Outbound internationally mobile tertiary students studying in South and West Asia, adjusted gender parity index (GPIA)",TGO,2016,0,,
OE.5T8.40535.GPIA,"Outbound internationally mobile tertiary students studying in South and West Asia, adjusted gender parity index (GPIA)",TGO,2017,0,,
OE.5T8.40535.GPIA,"Outbound internationally mobile tertiary students studying in South and West Asia, adjusted gender parity index (GPIA)",TGO,2018,0,,
OE.5T8.40535.GPIA,"Outbound internationally mobile tertiary students studying in South and West Asia, adjusted gender parity index (GPIA)",TGO,2019,0,,
OE.5T8.40535.GPIA,"Outbound internationally mobile tertiary students studying in South and West Asia, adjusted gender parity index (GPIA)",TGO,2020,0,,
OE.5T8.40535.GPIA,"Outbound internationally mobile tertiary students studying in South and West Asia, adjusted gender parity index (GPIA)",TGO,2021,0,,
OE.5T8.40535.GPIA,"Outbound internationally mobile tertiary students studying in South and West Asia, adjusted gender parity index (GPIA)",TGO,2022,0,,
OE.5T8.40535.GPIA,"Outbound internationally mobile tertiary students studying in South and West Asia, adjusted gender parity index (GPIA)",TGO,2023,0,,
OE.5T8.40535.M,"Outbound internationally mobile tertiary students studying in South and West Asia, male (UIS estimate) (number)",TGO,1970,0,NIL,
OE.5T8.40535.M,"Outbound internationally mobile tertiary students studying in South and West Asia, male (UIS estimate) (number)",TGO,1971,0,NIL,
OE.5T8.40535.M,"Outbound internationally mobile tertiary students studying in South and West Asia, male (UIS estimate) (number)",TGO,1972,0,NIL,
OE.5T8.40535.M,"Outbound internationally mobile tertiary students studying in South and West Asia, male (UIS estimate) (number)",TGO,1973,0,NIL,
OE.5T8.40535.M,"Outbound internationally mobile tertiary students studying in South and West Asia, male (UIS estimate) (number)",TGO,1974,0,NIL,
OE.5T8.40535.M,"Outbound internationally mobile tertiary students studying in South and West Asia, male (UIS estimate) (number)",TGO,1975,0,NIL,
OE.5T8.40535.M,"Outbound internationally mobile tertiary students studying in South and West Asia, male (UIS estimate) (number)",TGO,1976,0,NIL,
OE.5T8.40535.M,"Outbound internationally mobile tertiary students studying in South and West Asia, male (UIS estimate) (number)",TGO,1977,0,NIL,
OE.5T8.40535.M,"Outbound internationally mobile tertiary students studying in South and West Asia, male (UIS estimate) (number)",TGO,1978,0,NIL,
OE.5T8.40535.M,"Outbound internationally mobile tertiary students studying in South and West Asia, male (UIS estimate) (number)",TGO,1979,0,NIL,
OE.5T8.40535.M,"Outbound internationally mobile tertiary students studying in South and West Asia, male (UIS estimate) (number)",TGO,1980,0,NIL,
OE.5T8.40535.M,"Outbound internationally mobile tertiary students studying in South and West Asia, male (UIS estimate) (number)",TGO,1981,0,NIL,
OE.5T8.40535.M,"Outbound internationally mobile tertiary students studying in South and West Asia, male (UIS estimate) (number)",TGO,1982,0,NIL,
OE.5T8.40535.M,"Outbound internationally mobile tertiary students studying in South and West Asia, male (UIS estimate) (number)",TGO,1983,0,NIL,
OE.5T8.40535.M,"Outbound internationally mobile tertiary students studying in South and West Asia, male (UIS estimate) (number)",TGO,1984,0,NIL,
OE.5T8.40535.M,"Outbound internationally mobile tertiary students studying in South and West Asia, male (UIS estimate) (number)",TGO,1985,0,NIL,
OE.5T8.40535.M,"Outbound internationally mobile tertiary students studying in South and West Asia, male (UIS estimate) (number)",TGO,1986,0,NIL,
OE.5T8.40535.M,"Outbound internationally mobile tertiary students studying in South and West Asia, male (UIS estimate) (number)",TGO,1987,0,NIL,
OE.5T8.40535.M,"Outbound internationally mobile tertiary students studying in South and West Asia, male (UIS estimate) (number)",TGO,1988,0,NIL,
OE.5T8.40535.M,"Outbound internationally mobile tertiary students studying in South and West Asia, male (UIS estimate) (number)",TGO,1989,0,NIL,
OE.5T8.40535.M,"Outbound internationally mobile tertiary students studying in South and West Asia, male (UIS estimate) (number)",TGO,1990,0,NIL,
OE.5T8.40535.M,"Outbound internationally mobile tertiary students studying in South and West Asia, male (UIS estimate) (number)",TGO,1991,0,NIL,
OE.5T8.40535.M,"Outbound internationally mobile tertiary students studying in South and West Asia, male (UIS estimate) (number)",TGO,1992,0,NIL,
OE.5T8.40535.M,"Outbound internationally mobile tertiary students studying in South and West Asia, male (UIS estimate) (number)",TGO,1993,0,NIL,
OE.5T8.40535.M,"Outbound internationally mobile tertiary students studying in South and West Asia, male (UIS estimate) (number)",TGO,1994,0,NIL,
OE.5T8.40535.M,"Outbound internationally mobile tertiary students studying in South and West Asia, male (UIS estimate) (number)",TGO,1995,0,NIL,
OE.5T8.40535.M,"Outbound internationally mobile tertiary students studying in South and West Asia, male (UIS estimate) (number)",TGO,1996,0,NIL,
OE.5T8.40535.M,"Outbound internationally mobile tertiary students studying in South and West Asia, male (UIS estimate) (number)",TGO,1997,0,NIL,
OE.5T8.40535.M,"Outbound internationally mobile tertiary students studying in South and West Asia, male (UIS estimate) (number)",TGO,1998,0,NIL,
OE.5T8.40535.M,"Outbound internationally mobile tertiary students studying in South and West Asia, male (UIS estimate) (number)",TGO,1999,0,NIL,UIS_EST
OE.5T8.40535.M,"Outbound internationally mobile tertiary students studying in South and West Asia, male (UIS estimate) (number)",TGO,2000,0,NIL,
OE.5T8.40535.M,"Outbound internationally mobile tertiary students studying in South and West Asia, male (UIS estimate) (number)",TGO,2001,0,NIL,
OE.5T8.40535.M,"Outbound internationally mobile tertiary students studying in South and West Asia, male (UIS estimate) (number)",TGO,2002,0,NIL,
OE.5T8.40535.M,"Outbound internationally mobile tertiary students studying in South and West Asia, male (UIS estimate) (number)",TGO,2003,0,NIL,
OE.5T8.40535.M,"Outbound internationally mobile tertiary students studying in South and West Asia, male (UIS estimate) (number)",TGO,2004,0,NIL,UIS_EST
OE.5T8.40535.M,"Outbound internationally mobile tertiary students studying in South and West Asia, male (UIS estimate) (number)",TGO,2005,0,NIL,
OE.5T8.40535.M,"Outbound internationally mobile tertiary students studying in South and West Asia, male (UIS estimate) (number)",TGO,2006,0,NIL,
OE.5T8.40535.M,"Outbound internationally mobile tertiary students studying in South and West Asia, male (UIS estimate) (number)",TGO,2007,0,,UIS_EST
OE.5T8.40535.M,"Outbound internationally mobile tertiary students studying in South and West Asia, male (UIS estimate) (number)",TGO,2008,1,,UIS_EST
OE.5T8.40535.M,"Outbound internationally mobile tertiary students studying in South and West Asia, male (UIS estimate) (number)",TGO,2009,1,,UIS_EST
OE.5T8.40535.M,"Outbound internationally mobile tertiary students studying in South and West Asia, male (UIS estimate) (number)",TGO,2010,2,,UIS_EST
OE.5T8.40535.M,"Outbound internationally mobile tertiary students studying in South and West Asia, male (UIS estimate) (number)",TGO,2011,2,,
OE.5T8.40535.M,"Outbound internationally mobile tertiary students studying in South and West Asia, male (UIS estimate) (number)",TGO,2012,2,,UIS_EST
OE.5T8.40535.M,"Outbound internationally mobile tertiary students studying in South and West Asia, male (UIS estimate) (number)",TGO,2013,2,,
OE.5T8.40535.M,"Outbound internationally mobile tertiary students studying in South and West Asia, male (UIS estimate) (number)",TGO,2014,3,,
OE.5T8.40535.M,"Outbound internationally mobile tertiary students studying in South and West Asia, male (UIS estimate) (number)",TGO,2015,8,,
OE.5T8.40535.M,"Outbound internationally mobile tertiary students studying in South and West Asia, male (UIS estimate) (number)",TGO,2016,4,,
OE.5T8.40535.M,"Outbound internationally mobile tertiary students studying in South and West Asia, male (UIS estimate) (number)",TGO,2017,12,,
OE.5T8.40535.M,"Outbound internationally mobile tertiary students studying in South and West Asia, male (UIS estimate) (number)",TGO,2018,53,,
OE.5T8.40535.M,"Outbound internationally mobile tertiary students studying in South and West Asia, male (UIS estimate) (number)",TGO,2019,78,,
OE.5T8.40535.M,"Outbound internationally mobile tertiary students studying in South and West Asia, male (UIS estimate) (number)",TGO,2020,67,,
OE.5T8.40535.M,"Outbound internationally mobile tertiary students studying in South and West Asia, male (UIS estimate) (number)",TGO,2021,59,,
OE.5T8.40535.M,"Outbound internationally mobile tertiary students studying in South and West Asia, male (UIS estimate) (number)",TGO,2022,64,,
OE.5T8.40535.M,"Outbound internationally mobile tertiary students studying in South and West Asia, male (UIS estimate) (number)",TGO,2023,64,,
OE.5T8.40540,"Outbound internationally mobile tertiary students studying in sub-Saharan Africa, both sexes (UIS estimate) (number)",TGO,1998,2142,,UIS_EST
OE.5T8.40540,"Outbound internationally mobile tertiary students studying in sub-Saharan Africa, both sexes (UIS estimate) (number)",TGO,1999,2142,,UIS_EST
OE.5T8.40540,"Outbound internationally mobile tertiary students studying in sub-Saharan Africa, both sexes (UIS estimate) (number)",TGO,2007,2155,,UIS_EST
OE.5T8.40540,"Outbound internationally mobile tertiary students studying in sub-Saharan Africa, both sexes (UIS estimate) (number)",TGO,2008,2166,,UIS_EST
OE.5T8.40540,"Outbound internationally mobile tertiary students studying in sub-Saharan Africa, both sexes (UIS estimate) (number)",TGO,2009,2162,,UIS_EST
OE.5T8.40540,"Outbound internationally mobile tertiary students studying in sub-Saharan Africa, both sexes (UIS estimate) (number)",TGO,2010,2169,,UIS_EST
OE.5T8.40540,"Outbound internationally mobile tertiary students studying in sub-Saharan Africa, both sexes (UIS estimate) (number)",TGO,2011,2126,,UIS_EST
OE.5T8.40540,"Outbound internationally mobile tertiary students studying in sub-Saharan Africa, both sexes (UIS estimate) (number)",TGO,2012,2151,,UIS_EST
OE.5T8.40540,"Outbound internationally mobile tertiary students studying in sub-Saharan Africa, both sexes (UIS estimate) (number)",TGO,2013,2280,,UIS_EST
OE.5T8.40540,"Outbound internationally mobile tertiary students studying in sub-Saharan Africa, both sexes (UIS estimate) (number)",TGO,2014,2473,,UIS_EST
OE.5T8.40540,"Outbound internationally mobile tertiary students studying in sub-Saharan Africa, both sexes (UIS estimate) (number)",TGO,2015,2418,,UIS_EST
OE.5T8.40540,"Outbound internationally mobile tertiary students studying in sub-Saharan Africa, both sexes (UIS estimate) (number)",TGO,2016,2495,,UIS_EST
OE.5T8.40540,"Outbound internationally mobile tertiary students studying in sub-Saharan Africa, both sexes (UIS estimate) (number)",TGO,2017,2280,,UIS_EST
OE.5T8.40540,"Outbound internationally mobile tertiary students studying in sub-Saharan Africa, both sexes (UIS estimate) (number)",TGO,2018,2526,,UIS_EST
OE.5T8.40540,"Outbound internationally mobile tertiary students studying in sub-Saharan Africa, both sexes (UIS estimate) (number)",TGO,2019,2379,,UIS_EST
OE.5T8.40540,"Outbound internationally mobile tertiary students studying in sub-Saharan Africa, both sexes (UIS estimate) (number)",TGO,2020,2362,,UIS_EST
OE.5T8.40540,"Outbound internationally mobile tertiary students studying in sub-Saharan Africa, both sexes (UIS estimate) (number)",TGO,2021,2325,,UIS_EST
OE.5T8.40540,"Outbound internationally mobile tertiary students studying in sub-Saharan Africa, both sexes (UIS estimate) (number)",TGO,2022,2453,,UIS_EST
OE.5T8.40540,"Outbound internationally mobile tertiary students studying in sub-Saharan Africa, both sexes (UIS estimate) (number)",TGO,2023,2488,,UIS_EST
OE.5T8.40540.F,"Outbound internationally mobile tertiary students studying in sub-Saharan Africa, female (UIS estimate) (number)",TGO,2012,587,,UIS_EST
OE.5T8.40540.F,"Outbound internationally mobile tertiary students studying in sub-Saharan Africa, female (UIS estimate) (number)",TGO,2013,624,,UIS_EST
OE.5T8.40540.F,"Outbound internationally mobile tertiary students studying in sub-Saharan Africa, female (UIS estimate) (number)",TGO,2014,690,,UIS_EST
OE.5T8.40540.F,"Outbound internationally mobile tertiary students studying in sub-Saharan Africa, female (UIS estimate) (number)",TGO,2015,704,,UIS_EST
OE.5T8.40540.F,"Outbound internationally mobile tertiary students studying in sub-Saharan Africa, female (UIS estimate) (number)",TGO,2016,756,,UIS_EST
OE.5T8.40540.F,"Outbound internationally mobile tertiary students studying in sub-Saharan Africa, female (UIS estimate) (number)",TGO,2017,738,,UIS_EST
OE.5T8.40540.F,"Outbound internationally mobile tertiary students studying in sub-Saharan Africa, female (UIS estimate) (number)",TGO,2018,783,,UIS_EST
OE.5T8.40540.F,"Outbound internationally mobile tertiary students studying in sub-Saharan Africa, female (UIS estimate) (number)",TGO,2019,778,,UIS_EST
OE.5T8.40540.F,"Outbound internationally mobile tertiary students studying in sub-Saharan Africa, female (UIS estimate) (number)",TGO,2020,848,,UIS_EST
OE.5T8.40540.F,"Outbound internationally mobile tertiary students studying in sub-Saharan Africa, female (UIS estimate) (number)",TGO,2021,810,,UIS_EST
OE.5T8.40540.F,"Outbound internationally mobile tertiary students studying in sub-Saharan Africa, female (UIS estimate) (number)",TGO,2022,828,,UIS_EST
OE.5T8.40540.F,"Outbound internationally mobile tertiary students studying in sub-Saharan Africa, female (UIS estimate) (number)",TGO,2023,1013,,UIS_EST
OE.5T8.40540.GPIA,"Outbound internationally mobile tertiary students studying in sub-Saharan Africa, adjusted gender parity index (GPIA)",TGO,2012,0,,UIS_EST
OE.5T8.40540.GPIA,"Outbound internationally mobile tertiary students studying in sub-Saharan Africa, adjusted gender parity index (GPIA)",TGO,2013,0,,UIS_EST
OE.5T8.40540.GPIA,"Outbound internationally mobile tertiary students studying in sub-Saharan Africa, adjusted gender parity index (GPIA)",TGO,2014,0,,UIS_EST
OE.5T8.40540.GPIA,"Outbound internationally mobile tertiary students studying in sub-Saharan Africa, adjusted gender parity index (GPIA)",TGO,2015,0,,UIS_EST
OE.5T8.40540.GPIA,"Outbound internationally mobile tertiary students studying in sub-Saharan Africa, adjusted gender parity index (GPIA)",TGO,2016,0,,UIS_EST
OE.5T8.40540.GPIA,"Outbound internationally mobile tertiary students studying in sub-Saharan Africa, adjusted gender parity index (GPIA)",TGO,2017,0,,UIS_EST
OE.5T8.40540.GPIA,"Outbound internationally mobile tertiary students studying in sub-Saharan Africa, adjusted gender parity index (GPIA)",TGO,2018,0,,UIS_EST
OE.5T8.40540.GPIA,"Outbound internationally mobile tertiary students studying in sub-Saharan Africa, adjusted gender parity index (GPIA)",TGO,2019,0,,UIS_EST
OE.5T8.40540.GPIA,"Outbound internationally mobile tertiary students studying in sub-Saharan Africa, adjusted gender parity index (GPIA)",TGO,2020,1,,UIS_EST
OE.5T8.40540.GPIA,"Outbound internationally mobile tertiary students studying in sub-Saharan Africa, adjusted gender parity index (GPIA)",TGO,2021,1,,UIS_EST
OE.5T8.40540.GPIA,"Outbound internationally mobile tertiary students studying in sub-Saharan Africa, adjusted gender parity index (GPIA)",TGO,2022,1,,UIS_EST
OE.5T8.40540.GPIA,"Outbound internationally mobile tertiary students studying in sub-Saharan Africa, adjusted gender parity index (GPIA)",TGO,2023,1,,UIS_EST
OE.5T8.40540.M,"Outbound internationally mobile tertiary students studying in sub-Saharan Africa, male (UIS estimate) (number)",TGO,1970,0,NIL,
OE.5T8.40540.M,"Outbound internationally mobile tertiary students studying in sub-Saharan Africa, male (UIS estimate) (number)",TGO,1971,0,NIL,
OE.5T8.40540.M,"Outbound internationally mobile tertiary students studying in sub-Saharan Africa, male (UIS estimate) (number)",TGO,1972,0,NIL,
OE.5T8.40540.M,"Outbound internationally mobile tertiary students studying in sub-Saharan Africa, male (UIS estimate) (number)",TGO,1973,0,NIL,
OE.5T8.40540.M,"Outbound internationally mobile tertiary students studying in sub-Saharan Africa, male (UIS estimate) (number)",TGO,1974,0,NIL,
OE.5T8.40540.M,"Outbound internationally mobile tertiary students studying in sub-Saharan Africa, male (UIS estimate) (number)",TGO,1975,0,NIL,
OE.5T8.40540.M,"Outbound internationally mobile tertiary students studying in sub-Saharan Africa, male (UIS estimate) (number)",TGO,1976,0,NIL,
OE.5T8.40540.M,"Outbound internationally mobile tertiary students studying in sub-Saharan Africa, male (UIS estimate) (number)",TGO,1977,0,NIL,
OE.5T8.40540.M,"Outbound internationally mobile tertiary students studying in sub-Saharan Africa, male (UIS estimate) (number)",TGO,1978,0,NIL,
OE.5T8.40540.M,"Outbound internationally mobile tertiary students studying in sub-Saharan Africa, male (UIS estimate) (number)",TGO,1979,0,NIL,
OE.5T8.40540.M,"Outbound internationally mobile tertiary students studying in sub-Saharan Africa, male (UIS estimate) (number)",TGO,1980,0,NIL,
OE.5T8.40540.M,"Outbound internationally mobile tertiary students studying in sub-Saharan Africa, male (UIS estimate) (number)",TGO,1981,0,NIL,
OE.5T8.40540.M,"Outbound internationally mobile tertiary students studying in sub-Saharan Africa, male (UIS estimate) (number)",TGO,1982,0,NIL,
OE.5T8.40540.M,"Outbound internationally mobile tertiary students studying in sub-Saharan Africa, male (UIS estimate) (number)",TGO,1983,0,NIL,
OE.5T8.40540.M,"Outbound internationally mobile tertiary students studying in sub-Saharan Africa, male (UIS estimate) (number)",TGO,1984,0,NIL,
OE.5T8.40540.M,"Outbound internationally mobile tertiary students studying in sub-Saharan Africa, male (UIS estimate) (number)",TGO,1985,0,NIL,
OE.5T8.40540.M,"Outbound internationally mobile tertiary students studying in sub-Saharan Africa, male (UIS estimate) (number)",TGO,1986,0,NIL,
OE.5T8.40540.M,"Outbound internationally mobile tertiary students studying in sub-Saharan Africa, male (UIS estimate) (number)",TGO,1987,0,NIL,
OE.5T8.40540.M,"Outbound internationally mobile tertiary students studying in sub-Saharan Africa, male (UIS estimate) (number)",TGO,1988,0,NIL,
OE.5T8.40540.M,"Outbound internationally mobile tertiary students studying in sub-Saharan Africa, male (UIS estimate) (number)",TGO,1989,0,NIL,
OE.5T8.40540.M,"Outbound internationally mobile tertiary students studying in sub-Saharan Africa, male (UIS estimate) (number)",TGO,1990,0,NIL,
OE.5T8.40540.M,"Outbound internationally mobile tertiary students studying in sub-Saharan Africa, male (UIS estimate) (number)",TGO,1991,0,NIL,
OE.5T8.40540.M,"Outbound internationally mobile tertiary students studying in sub-Saharan Africa, male (UIS estimate) (number)",TGO,1992,0,NIL,
OE.5T8.40540.M,"Outbound internationally mobile tertiary students studying in sub-Saharan Africa, male (UIS estimate) (number)",TGO,1993,0,NIL,
OE.5T8.40540.M,"Outbound internationally mobile tertiary students studying in sub-Saharan Africa, male (UIS estimate) (number)",TGO,1994,0,NIL,
OE.5T8.40540.M,"Outbound internationally mobile tertiary students studying in sub-Saharan Africa, male (UIS estimate) (number)",TGO,1995,0,NIL,
OE.5T8.40540.M,"Outbound internationally mobile tertiary students studying in sub-Saharan Africa, male (UIS estimate) (number)",TGO,1996,0,NIL,
OE.5T8.40540.M,"Outbound internationally mobile tertiary students studying in sub-Saharan Africa, male (UIS estimate) (number)",TGO,1997,0,NIL,
OE.5T8.40540.M,"Outbound internationally mobile tertiary students studying in sub-Saharan Africa, male (UIS estimate) (number)",TGO,1998,2142,,UIS_EST
OE.5T8.40540.M,"Outbound internationally mobile tertiary students studying in sub-Saharan Africa, male (UIS estimate) (number)",TGO,1999,2142,,UIS_EST
OE.5T8.40540.M,"Outbound internationally mobile tertiary students studying in sub-Saharan Africa, male (UIS estimate) (number)",TGO,2000,0,NIL,
OE.5T8.40540.M,"Outbound internationally mobile tertiary students studying in sub-Saharan Africa, male (UIS estimate) (number)",TGO,2001,0,NIL,
OE.5T8.40540.M,"Outbound internationally mobile tertiary students studying in sub-Saharan Africa, male (UIS estimate) (number)",TGO,2002,0,NIL,
OE.5T8.40540.M,"Outbound internationally mobile tertiary students studying in sub-Saharan Africa, male (UIS estimate) (number)",TGO,2003,0,NIL,
OE.5T8.40540.M,"Outbound internationally mobile tertiary students studying in sub-Saharan Africa, male (UIS estimate) (number)",TGO,2004,0,NIL,
OE.5T8.40540.M,"Outbound internationally mobile tertiary students studying in sub-Saharan Africa, male (UIS estimate) (number)",TGO,2005,0,NIL,
OE.5T8.40540.M,"Outbound internationally mobile tertiary students studying in sub-Saharan Africa, male (UIS estimate) (number)",TGO,2006,0,NIL,
OE.5T8.40540.M,"Outbound internationally mobile tertiary students studying in sub-Saharan Africa, male (UIS estimate) (number)",TGO,2007,2155,,UIS_EST
OE.5T8.40540.M,"Outbound internationally mobile tertiary students studying in sub-Saharan Africa, male (UIS estimate) (number)",TGO,2008,2166,,UIS_EST
OE.5T8.40540.M,"Outbound internationally mobile tertiary students studying in sub-Saharan Africa, male (UIS estimate) (number)",TGO,2009,2162,,UIS_EST
OE.5T8.40540.M,"Outbound internationally mobile tertiary students studying in sub-Saharan Africa, male (UIS estimate) (number)",TGO,2010,2169,,UIS_EST
OE.5T8.40540.M,"Outbound internationally mobile tertiary students studying in sub-Saharan Africa, male (UIS estimate) (number)",TGO,2011,2126,,UIS_EST
OE.5T8.40540.M,"Outbound internationally mobile tertiary students studying in sub-Saharan Africa, male (UIS estimate) (number)",TGO,2012,1564,,UIS_EST
OE.5T8.40540.M,"Outbound internationally mobile tertiary students studying in sub-Saharan Africa, male (UIS estimate) (number)",TGO,2013,1657,,UIS_EST
OE.5T8.40540.M,"Outbound internationally mobile tertiary students studying in sub-Saharan Africa, male (UIS estimate) (number)",TGO,2014,1783,,UIS_EST
OE.5T8.40540.M,"Outbound internationally mobile tertiary students studying in sub-Saharan Africa, male (UIS estimate) (number)",TGO,2015,1713,,UIS_EST
OE.5T8.40540.M,"Outbound internationally mobile tertiary students studying in sub-Saharan Africa, male (UIS estimate) (number)",TGO,2016,1739,,UIS_EST
OE.5T8.40540.M,"Outbound internationally mobile tertiary students studying in sub-Saharan Africa, male (UIS estimate) (number)",TGO,2017,1542,,UIS_EST
OE.5T8.40540.M,"Outbound internationally mobile tertiary students studying in sub-Saharan Africa, male (UIS estimate) (number)",TGO,2018,1743,,UIS_EST
OE.5T8.40540.M,"Outbound internationally mobile tertiary students studying in sub-Saharan Africa, male (UIS estimate) (number)",TGO,2019,1602,,UIS_EST
OE.5T8.40540.M,"Outbound internationally mobile tertiary students studying in sub-Saharan Africa, male (UIS estimate) (number)",TGO,2020,1514,,UIS_EST
OE.5T8.40540.M,"Outbound internationally mobile tertiary students studying in sub-Saharan Africa, male (UIS estimate) (number)",TGO,2021,1515,,UIS_EST
OE.5T8.40540.M,"Outbound internationally mobile tertiary students studying in sub-Saharan Africa, male (UIS estimate) (number)",TGO,2022,1625,,UIS_EST
OE.5T8.40540.M,"Outbound internationally mobile tertiary students studying in sub-Saharan Africa, male (UIS estimate) (number)",TGO,2023,1475,,UIS_EST
SAP.4,"School age population, post-secondary non-tertiary education, both sexes (number)",TGO,1999,102520,,
SAP.4,"School age population, post-secondary non-tertiary education, both sexes (number)",TGO,2000,105262,,
SAP.4,"School age population, post-secondary non-tertiary education, both sexes (number)",TGO,2001,107981,,
SAP.4,"School age population, post-secondary non-tertiary education, both sexes (number)",TGO,2002,110258,,
SAP.4,"School age population, post-secondary non-tertiary education, both sexes (number)",TGO,2003,112341,,
SAP.4,"School age population, post-secondary non-tertiary education, both sexes (number)",TGO,2004,114587,,
SAP.4,"School age population, post-secondary non-tertiary education, both sexes (number)",TGO,2005,116972,,
SAP.4,"School age population, post-secondary non-tertiary education, both sexes (number)",TGO,2006,119893,,
SAP.4,"School age population, post-secondary non-tertiary education, both sexes (number)",TGO,2007,123667,,
SAP.4,"School age population, post-secondary non-tertiary education, both sexes (number)",TGO,2008,249780,,
SAP.4,"School age population, post-secondary non-tertiary education, both sexes (number)",TGO,2009,256017,,
SAP.4,"School age population, post-secondary non-tertiary education, both sexes (number)",TGO,2010,261237,,
SAP.4,"School age population, post-secondary non-tertiary education, both sexes (number)",TGO,2011,266600,,
SAP.4,"School age population, post-secondary non-tertiary education, both sexes (number)",TGO,2012,271939,,
SAP.4,"School age population, post-secondary non-tertiary education, both sexes (number)",TGO,2013,277216,,
SAP.4,"School age population, post-secondary non-tertiary education, both sexes (number)",TGO,2014,282456,,
SAP.4,"School age population, post-secondary non-tertiary education, both sexes (number)",TGO,2015,287376,,
SAP.4,"School age population, post-secondary non-tertiary education, both sexes (number)",TGO,2016,292263,,
SAP.4,"School age population, post-secondary non-tertiary education, both sexes (number)",TGO,2017,297877,,
SAP.4,"School age population, post-secondary non-tertiary education, both sexes (number)",TGO,2018,305129,,
SAP.4,"School age population, post-secondary non-tertiary education, both sexes (number)",TGO,2019,314225,,
SAP.4,"School age population, post-secondary non-tertiary education, both sexes (number)",TGO,2020,164555,,
SAP.4,"School age population, post-secondary non-tertiary education, both sexes (number)",TGO,2021,169539,,
SAP.4,"School age population, post-secondary non-tertiary education, both sexes (number)",TGO,2022,174208,,
SAP.4,"School age population, post-secondary non-tertiary education, both sexes (number)",TGO,2023,178439,,
SAP.4,"School age population, post-secondary non-tertiary education, both sexes (number)",TGO,2024,182098,,
SAP.4,"School age population, post-secondary non-tertiary education, both sexes (number)",TGO,2025,188778,,
SAP.4.F,"School age population, post-secondary non-tertiary education, female (number)",TGO,1999,51033,,
SAP.4.F,"School age population, post-secondary non-tertiary education, female (number)",TGO,2000,52378,,
SAP.4.F,"School age population, post-secondary non-tertiary education, female (number)",TGO,2001,53698,,
SAP.4.F,"School age population, post-secondary non-tertiary education, female (number)",TGO,2002,54781,,
SAP.4.F,"School age population, post-secondary non-tertiary education, female (number)",TGO,2003,55759,,
SAP.4.F,"School age population, post-secondary non-tertiary education, female (number)",TGO,2004,56825,,
SAP.4.F,"School age population, post-secondary non-tertiary education, female (number)",TGO,2005,57979,,
SAP.4.F,"School age population, post-secondary non-tertiary education, female (number)",TGO,2006,59401,,
SAP.4.F,"School age population, post-secondary non-tertiary education, female (number)",TGO,2007,61258,,
SAP.4.F,"School age population, post-secondary non-tertiary education, female (number)",TGO,2008,123695,,
SAP.4.F,"School age population, post-secondary non-tertiary education, female (number)",TGO,2009,126783,,
SAP.4.F,"School age population, post-secondary non-tertiary education, female (number)",TGO,2010,129366,,
SAP.4.F,"School age population, post-secondary non-tertiary education, female (number)",TGO,2011,132015,,
SAP.4.F,"School age population, post-secondary non-tertiary education, female (number)",TGO,2012,134629,,
SAP.4.F,"School age population, post-secondary non-tertiary education, female (number)",TGO,2013,137222,,
SAP.4.F,"School age population, post-secondary non-tertiary education, female (number)",TGO,2014,139803,,
SAP.4.F,"School age population, post-secondary non-tertiary education, female (number)",TGO,2015,142222,,
SAP.4.F,"School age population, post-secondary non-tertiary education, female (number)",TGO,2016,144629,,
SAP.4.F,"School age population, post-secondary non-tertiary education, female (number)",TGO,2017,147393,,
SAP.4.F,"School age population, post-secondary non-tertiary education, female (number)",TGO,2018,150962,,
SAP.4.F,"School age population, post-secondary non-tertiary education, female (number)",TGO,2019,155429,,
SAP.4.F,"School age population, post-secondary non-tertiary education, female (number)",TGO,2020,81354,,
SAP.4.F,"School age population, post-secondary non-tertiary education, female (number)",TGO,2021,83779,,
SAP.4.F,"School age population, post-secondary non-tertiary education, female (number)",TGO,2022,86054,,
SAP.4.F,"School age population, post-secondary non-tertiary education, female (number)",TGO,2023,88114,,
SAP.4.F,"School age population, post-secondary non-tertiary education, female (number)",TGO,2024,89907,,
SAP.4.F,"School age population, post-secondary non-tertiary education, female (number)",TGO,2025,93185,,
SAP.4.M,"School age population, post-secondary non-tertiary education, male (number)",TGO,1999,51487,,
SAP.4.M,"School age population, post-secondary non-tertiary education, male (number)",TGO,2000,52884,,
SAP.4.M,"School age population, post-secondary non-tertiary education, male (number)",TGO,2001,54283,,
SAP.4.M,"School age population, post-secondary non-tertiary education, male (number)",TGO,2002,55477,,
SAP.4.M,"School age population, post-secondary non-tertiary education, male (number)",TGO,2003,56582,,
SAP.4.M,"School age population, post-secondary non-tertiary education, male (number)",TGO,2004,57762,,
SAP.4.M,"School age population, post-secondary non-tertiary education, male (number)",TGO,2005,58993,,
SAP.4.M,"School age population, post-secondary non-tertiary education, male (number)",TGO,2006,60492,,
SAP.4.M,"School age population, post-secondary non-tertiary education, male (number)",TGO,2007,62409,,
SAP.4.M,"School age population, post-secondary non-tertiary education, male (number)",TGO,2008,126085,,
SAP.4.M,"School age population, post-secondary non-tertiary education, male (number)",TGO,2009,129234,,
SAP.4.M,"School age population, post-secondary non-tertiary education, male (number)",TGO,2010,131871,,
SAP.4.M,"School age population, post-secondary non-tertiary education, male (number)",TGO,2011,134585,,
SAP.4.M,"School age population, post-secondary non-tertiary education, male (number)",TGO,2012,137310,,
SAP.4.M,"School age population, post-secondary non-tertiary education, male (number)",TGO,2013,139994,,
SAP.4.M,"School age population, post-secondary non-tertiary education, male (number)",TGO,2014,142653,,
SAP.4.M,"School age population, post-secondary non-tertiary education, male (number)",TGO,2015,145154,,
SAP.4.M,"School age population, post-secondary non-tertiary education, male (number)",TGO,2016,147634,,
SAP.4.M,"School age population, post-secondary non-tertiary education, male (number)",TGO,2017,150484,,
SAP.4.M,"School age population, post-secondary non-tertiary education, male (number)",TGO,2018,154167,,
SAP.4.M,"School age population, post-secondary non-tertiary education, male (number)",TGO,2019,158796,,
SAP.4.M,"School age population, post-secondary non-tertiary education, male (number)",TGO,2020,83201,,
SAP.4.M,"School age population, post-secondary non-tertiary education, male (number)",TGO,2021,85760,,
SAP.4.M,"School age population, post-secondary non-tertiary education, male (number)",TGO,2022,88154,,
SAP.4.M,"School age population, post-secondary non-tertiary education, male (number)",TGO,2023,90325,,
SAP.4.M,"School age population, post-secondary non-tertiary education, male (number)",TGO,2024,92191,,
SAP.4.M,"School age population, post-secondary non-tertiary education, male (number)",TGO,2025,95593,,
SAP.5T8,"School age population, tertiary education, both sexes (number)",TGO,1970,195803,,
SAP.5T8,"School age population, tertiary education, both sexes (number)",TGO,1971,203062,,
SAP.5T8,"School age population, tertiary education, both sexes (number)",TGO,1972,209532,,
SAP.5T8,"School age population, tertiary education, both sexes (number)",TGO,1973,215521,,
SAP.5T8,"School age population, tertiary education, both sexes (number)",TGO,1974,221933,,
SAP.5T8,"School age population, tertiary education, both sexes (number)",TGO,1975,226604,,
SAP.5T8,"School age population, tertiary education, both sexes (number)",TGO,1976,231378,,
SAP.5T8,"School age population, tertiary education, both sexes (number)",TGO,1977,236186,,
SAP.5T8,"School age population, tertiary education, both sexes (number)",TGO,1978,241222,,
SAP.5T8,"School age population, tertiary education, both sexes (number)",TGO,1979,246769,,
SAP.5T8,"School age population, tertiary education, both sexes (number)",TGO,1980,253306,,
SAP.5T8,"School age population, tertiary education, both sexes (number)",TGO,1981,260992,,
SAP.5T8,"School age population, tertiary education, both sexes (number)",TGO,1982,270079,,
SAP.5T8,"School age population, tertiary education, both sexes (number)",TGO,1983,280393,,
SAP.5T8,"School age population, tertiary education, both sexes (number)",TGO,1984,291292,,
SAP.5T8,"School age population, tertiary education, both sexes (number)",TGO,1985,302580,,
SAP.5T8,"School age population, tertiary education, both sexes (number)",TGO,1986,313836,,
SAP.5T8,"School age population, tertiary education, both sexes (number)",TGO,1987,325076,,
SAP.5T8,"School age population, tertiary education, both sexes (number)",TGO,1988,336611,,
SAP.5T8,"School age population, tertiary education, both sexes (number)",TGO,1989,348763,,
SAP.5T8,"School age population, tertiary education, both sexes (number)",TGO,1990,361363,,
SAP.5T8,"School age population, tertiary education, both sexes (number)",TGO,1991,374590,,
SAP.5T8,"School age population, tertiary education, both sexes (number)",TGO,1992,388368,,
SAP.5T8,"School age population, tertiary education, both sexes (number)",TGO,1993,402731,,
SAP.5T8,"School age population, tertiary education, both sexes (number)",TGO,1994,389993,,
SAP.5T8,"School age population, tertiary education, both sexes (number)",TGO,1995,412239,,
SAP.5T8,"School age population, tertiary education, both sexes (number)",TGO,1996,431835,,
SAP.5T8,"School age population, tertiary education, both sexes (number)",TGO,1997,449925,,
SAP.5T8,"School age population, tertiary education, both sexes (number)",TGO,1998,466079,,
SAP.5T8,"School age population, tertiary education, both sexes (number)",TGO,1999,481784,,
SAP.5T8,"School age population, tertiary education, both sexes (number)",TGO,2000,496660,,
SAP.5T8,"School age population, tertiary education, both sexes (number)",TGO,2001,509895,,
SAP.5T8,"School age population, tertiary education, both sexes (number)",TGO,2002,521701,,
SAP.5T8,"School age population, tertiary education, both sexes (number)",TGO,2003,532493,,
SAP.5T8,"School age population, tertiary education, both sexes (number)",TGO,2004,543778,,
SAP.5T8,"School age population, tertiary education, both sexes (number)",TGO,2005,555499,,
SAP.5T8,"School age population, tertiary education, both sexes (number)",TGO,2006,567111,,
SAP.5T8,"School age population, tertiary education, both sexes (number)",TGO,2007,584270,,
SAP.5T8,"School age population, tertiary education, both sexes (number)",TGO,2008,598539,,
SAP.5T8,"School age population, tertiary education, both sexes (number)",TGO,2009,614749,,
SAP.5T8,"School age population, tertiary education, both sexes (number)",TGO,2010,628274,,
SAP.5T8,"School age population, tertiary education, both sexes (number)",TGO,2011,641531,,
SAP.5T8,"School age population, tertiary education, both sexes (number)",TGO,2012,654656,,
SAP.5T8,"School age population, tertiary education, both sexes (number)",TGO,2013,667753,,
SAP.5T8,"School age population, tertiary education, both sexes (number)",TGO,2014,681084,,
SAP.5T8,"School age population, tertiary education, both sexes (number)",TGO,2015,693920,,
SAP.5T8,"School age population, tertiary education, both sexes (number)",TGO,2016,706812,,
SAP.5T8,"School age population, tertiary education, both sexes (number)",TGO,2017,719964,,
SAP.5T8,"School age population, tertiary education, both sexes (number)",TGO,2018,734851,,
SAP.5T8,"School age population, tertiary education, both sexes (number)",TGO,2019,751873,,
SAP.5T8,"School age population, tertiary education, both sexes (number)",TGO,2020,771362,,
SAP.5T8,"School age population, tertiary education, both sexes (number)",TGO,2021,793325,,
SAP.5T8,"School age population, tertiary education, both sexes (number)",TGO,2022,816935,,
SAP.5T8,"School age population, tertiary education, both sexes (number)",TGO,2023,840280,,
SAP.5T8,"School age population, tertiary education, both sexes (number)",TGO,2024,862502,,
SAP.5T8,"School age population, tertiary education, both sexes (number)",TGO,2025,884435,,
SAP.5T8.F,"School age population, tertiary education, female (number)",TGO,1970,98404,,
SAP.5T8.F,"School age population, tertiary education, female (number)",TGO,1971,102044,,
SAP.5T8.F,"School age population, tertiary education, female (number)",TGO,1972,105317,,
SAP.5T8.F,"School age population, tertiary education, female (number)",TGO,1973,108370,,
SAP.5T8.F,"School age population, tertiary education, female (number)",TGO,1974,111644,,
SAP.5T8.F,"School age population, tertiary education, female (number)",TGO,1975,114003,,
SAP.5T8.F,"School age population, tertiary education, female (number)",TGO,1976,116416,,
SAP.5T8.F,"School age population, tertiary education, female (number)",TGO,1977,118847,,
SAP.5T8.F,"School age population, tertiary education, female (number)",TGO,1978,121382,,
SAP.5T8.F,"School age population, tertiary education, female (number)",TGO,1979,124160,,
SAP.5T8.F,"School age population, tertiary education, female (number)",TGO,1980,127431,,
SAP.5T8.F,"School age population, tertiary education, female (number)",TGO,1981,131264,,
SAP.5T8.F,"School age population, tertiary education, female (number)",TGO,1982,135796,,
SAP.5T8.F,"School age population, tertiary education, female (number)",TGO,1983,140940,,
SAP.5T8.F,"School age population, tertiary education, female (number)",TGO,1984,146376,,
SAP.5T8.F,"School age population, tertiary education, female (number)",TGO,1985,152001,,
SAP.5T8.F,"School age population, tertiary education, female (number)",TGO,1986,157608,,
SAP.5T8.F,"School age population, tertiary education, female (number)",TGO,1987,163208,,
SAP.5T8.F,"School age population, tertiary education, female (number)",TGO,1988,168944,,
SAP.5T8.F,"School age population, tertiary education, female (number)",TGO,1989,174981,,
SAP.5T8.F,"School age population, tertiary education, female (number)",TGO,1990,181222,,
SAP.5T8.F,"School age population, tertiary education, female (number)",TGO,1991,187753,,
SAP.5T8.F,"School age population, tertiary education, female (number)",TGO,1992,194535,,
SAP.5T8.F,"School age population, tertiary education, female (number)",TGO,1993,201543,,
SAP.5T8.F,"School age population, tertiary education, female (number)",TGO,1994,194939,,
SAP.5T8.F,"School age population, tertiary education, female (number)",TGO,1995,205821,,
SAP.5T8.F,"School age population, tertiary education, female (number)",TGO,1996,215373,,
SAP.5T8.F,"School age population, tertiary education, female (number)",TGO,1997,224177,,
SAP.5T8.F,"School age population, tertiary education, female (number)",TGO,1998,232121,,
SAP.5T8.F,"School age population, tertiary education, female (number)",TGO,1999,239888,,
SAP.5T8.F,"School age population, tertiary education, female (number)",TGO,2000,247256,,
SAP.5T8.F,"School age population, tertiary education, female (number)",TGO,2001,253767,,
SAP.5T8.F,"School age population, tertiary education, female (number)",TGO,2002,259508,,
SAP.5T8.F,"School age population, tertiary education, female (number)",TGO,2003,264666,,
SAP.5T8.F,"School age population, tertiary education, female (number)",TGO,2004,270044,,
SAP.5T8.F,"School age population, tertiary education, female (number)",TGO,2005,275651,,
SAP.5T8.F,"School age population, tertiary education, female (number)",TGO,2006,281204,,
SAP.5T8.F,"School age population, tertiary education, female (number)",TGO,2007,289612,,
SAP.5T8.F,"School age population, tertiary education, female (number)",TGO,2008,296542,,
SAP.5T8.F,"School age population, tertiary education, female (number)",TGO,2009,304511,,
SAP.5T8.F,"School age population, tertiary education, female (number)",TGO,2010,311119,,
SAP.5T8.F,"School age population, tertiary education, female (number)",TGO,2011,317608,,
SAP.5T8.F,"School age population, tertiary education, female (number)",TGO,2012,324047,,
SAP.5T8.F,"School age population, tertiary education, female (number)",TGO,2013,330496,,
SAP.5T8.F,"School age population, tertiary education, female (number)",TGO,2014,337058,,
SAP.5T8.F,"School age population, tertiary education, female (number)",TGO,2015,343356,,
SAP.5T8.F,"School age population, tertiary education, female (number)",TGO,2016,349694,,
SAP.5T8.F,"School age population, tertiary education, female (number)",TGO,2017,356158,,
SAP.5T8.F,"School age population, tertiary education, female (number)",TGO,2018,363482,,
SAP.5T8.F,"School age population, tertiary education, female (number)",TGO,2019,371837,,
SAP.5T8.F,"School age population, tertiary education, female (number)",TGO,2020,381373,,
SAP.5T8.F,"School age population, tertiary education, female (number)",TGO,2021,392099,,
SAP.5T8.F,"School age population, tertiary education, female (number)",TGO,2022,403625,,
SAP.5T8.F,"School age population, tertiary education, female (number)",TGO,2023,414987,,
SAP.5T8.F,"School age population, tertiary education, female (number)",TGO,2024,425795,,
SAP.5T8.F,"School age population, tertiary education, female (number)",TGO,2025,436476,,
SAP.5T8.M,"School age population, tertiary education, male (number)",TGO,1970,97399,,
SAP.5T8.M,"School age population, tertiary education, male (number)",TGO,1971,101018,,
SAP.5T8.M,"School age population, tertiary education, male (number)",TGO,1972,104215,,
SAP.5T8.M,"School age population, tertiary education, male (number)",TGO,1973,107151,,
SAP.5T8.M,"School age population, tertiary education, male (number)",TGO,1974,110289,,
SAP.5T8.M,"School age population, tertiary education, male (number)",TGO,1975,112601,,
SAP.5T8.M,"School age population, tertiary education, male (number)",TGO,1976,114962,,
SAP.5T8.M,"School age population, tertiary education, male (number)",TGO,1977,117339,,
SAP.5T8.M,"School age population, tertiary education, male (number)",TGO,1978,119840,,
SAP.5T8.M,"School age population, tertiary education, male (number)",TGO,1979,122609,,
SAP.5T8.M,"School age population, tertiary education, male (number)",TGO,1980,125875,,
SAP.5T8.M,"School age population, tertiary education, male (number)",TGO,1981,129728,,
SAP.5T8.M,"School age population, tertiary education, male (number)",TGO,1982,134283,,
SAP.5T8.M,"School age population, tertiary education, male (number)",TGO,1983,139453,,
SAP.5T8.M,"School age population, tertiary education, male (number)",TGO,1984,144916,,
SAP.5T8.M,"School age population, tertiary education, male (number)",TGO,1985,150579,,
SAP.5T8.M,"School age population, tertiary education, male (number)",TGO,1986,156228,,
SAP.5T8.M,"School age population, tertiary education, male (number)",TGO,1987,161868,,
SAP.5T8.M,"School age population, tertiary education, male (number)",TGO,1988,167667,,
SAP.5T8.M,"School age population, tertiary education, male (number)",TGO,1989,173782,,
SAP.5T8.M,"School age population, tertiary education, male (number)",TGO,1990,180141,,
SAP.5T8.M,"School age population, tertiary education, male (number)",TGO,1991,186837,,
SAP.5T8.M,"School age population, tertiary education, male (number)",TGO,1992,193833,,
SAP.5T8.M,"School age population, tertiary education, male (number)",TGO,1993,201188,,
SAP.5T8.M,"School age population, tertiary education, male (number)",TGO,1994,195054,,
SAP.5T8.M,"School age population, tertiary education, male (number)",TGO,1995,206418,,
SAP.5T8.M,"School age population, tertiary education, male (number)",TGO,1996,216462,,
SAP.5T8.M,"School age population, tertiary education, male (number)",TGO,1997,225748,,
SAP.5T8.M,"School age population, tertiary education, male (number)",TGO,1998,233958,,
SAP.5T8.M,"School age population, tertiary education, male (number)",TGO,1999,241896,,
SAP.5T8.M,"School age population, tertiary education, male (number)",TGO,2000,249404,,
SAP.5T8.M,"School age population, tertiary education, male (number)",TGO,2001,256128,,
SAP.5T8.M,"School age population, tertiary education, male (number)",TGO,2002,262193,,
SAP.5T8.M,"School age population, tertiary education, male (number)",TGO,2003,267827,,
SAP.5T8.M,"School age population, tertiary education, male (number)",TGO,2004,273734,,
SAP.5T8.M,"School age population, tertiary education, male (number)",TGO,2005,279848,,
SAP.5T8.M,"School age population, tertiary education, male (number)",TGO,2006,285907,,
SAP.5T8.M,"School age population, tertiary education, male (number)",TGO,2007,294658,,
SAP.5T8.M,"School age population, tertiary education, male (number)",TGO,2008,301997,,
SAP.5T8.M,"School age population, tertiary education, male (number)",TGO,2009,310238,,
SAP.5T8.M,"School age population, tertiary education, male (number)",TGO,2010,317155,,
SAP.5T8.M,"School age population, tertiary education, male (number)",TGO,2011,323923,,
SAP.5T8.M,"School age population, tertiary education, male (number)",TGO,2012,330609,,
SAP.5T8.M,"School age population, tertiary education, male (number)",TGO,2013,337257,,
SAP.5T8.M,"School age population, tertiary education, male (number)",TGO,2014,344026,,
SAP.5T8.M,"School age population, tertiary education, male (number)",TGO,2015,350564,,
SAP.5T8.M,"School age population, tertiary education, male (number)",TGO,2016,357118,,
SAP.5T8.M,"School age population, tertiary education, male (number)",TGO,2017,363806,,
SAP.5T8.M,"School age population, tertiary education, male (number)",TGO,2018,371369,,
SAP.5T8.M,"School age population, tertiary education, male (number)",TGO,2019,380036,,
SAP.5T8.M,"School age population, tertiary education, male (number)",TGO,2020,389989,,
SAP.5T8.M,"School age population, tertiary education, male (number)",TGO,2021,401226,,
SAP.5T8.M,"School age population, tertiary education, male (number)",TGO,2022,413310,,
SAP.5T8.M,"School age population, tertiary education, male (number)",TGO,2023,425293,,
SAP.5T8.M,"School age population, tertiary education, male (number)",TGO,2024,436707,,
SAP.5T8.M,"School age population, tertiary education, male (number)",TGO,2025,447959,,
SLE.1T8,"School life expectancy, primary to tertiary, both sexes (years)",TGO,1971,4.234020233154297,,
SLE.1T8,"School life expectancy, primary to tertiary, both sexes (years)",TGO,1972,4.737629890441895,,
SLE.1T8,"School life expectancy, primary to tertiary, both sexes (years)",TGO,1973,4.994249820709229,,
SLE.1T8,"School life expectancy, primary to tertiary, both sexes (years)",TGO,1974,5.277550220489502,,
SLE.1T8,"School life expectancy, primary to tertiary, both sexes (years)",TGO,1975,5.583189964294434,,
SLE.1T8,"School life expectancy, primary to tertiary, both sexes (years)",TGO,1976,6.189209938049316,,
SLE.1T8,"School life expectancy, primary to tertiary, both sexes (years)",TGO,1977,6.753699779510498,,
SLE.1T8,"School life expectancy, primary to tertiary, both sexes (years)",TGO,1978,7.455269813537598,,
SLE.1T8,"School life expectancy, primary to tertiary, both sexes (years)",TGO,1979,8.045960426330566,,
SLE.1T8,"School life expectancy, primary to tertiary, both sexes (years)",TGO,1980,8.418270111083984,,
SLE.1T8,"School life expectancy, primary to tertiary, both sexes (years)",TGO,1982,8.079970359802246,,
SLE.1T8,"School life expectancy, primary to tertiary, both sexes (years)",TGO,1983,7.519430160522461,,
SLE.1T8,"School life expectancy, primary to tertiary, both sexes (years)",TGO,1984,6.612249851226807,,
SLE.1T8,"School life expectancy, primary to tertiary, both sexes (years)",TGO,1987,6.443379878997803,,
SLE.1T8,"School life expectancy, primary to tertiary, both sexes (years)",TGO,1988,6.619369983673096,,
SLE.1T8,"School life expectancy, primary to tertiary, both sexes (years)",TGO,1989,6.804329872131348,,
SLE.1T8,"School life expectancy, primary to tertiary, both sexes (years)",TGO,1990,7.072750091552734,,
SLE.1T8,"School life expectancy, primary to tertiary, both sexes (years)",TGO,1991,7.422979831695557,,
SLE.1T8,"School life expectancy, primary to tertiary, both sexes (years)",TGO,1992,6.990580081939697,,
SLE.1T8,"School life expectancy, primary to tertiary, both sexes (years)",TGO,1994,7.515079975128174,,
SLE.1T8,"School life expectancy, primary to tertiary, both sexes (years)",TGO,1995,8.219940185546875,,
SLE.1T8,"School life expectancy, primary to tertiary, both sexes (years)",TGO,1996,8.567370414733887,,
SLE.1T8,"School life expectancy, primary to tertiary, both sexes (years)",TGO,2000,9.244580268859863,,UIS_EST
SLE.1T8,"School life expectancy, primary to tertiary, both sexes (years)",TGO,2001,9.52517032623291,,UIS_EST
SLE.1T8,"School life expectancy, primary to tertiary, both sexes (years)",TGO,2003,9.762310028076172,,UIS_EST
SLE.1T8,"School life expectancy, primary to tertiary, both sexes (years)",TGO,2004,9.862959861755371,,UIS_EST
SLE.1T8,"School life expectancy, primary to tertiary, both sexes (years)",TGO,2005,9.919289588928223,,UIS_EST
SLE.1T8,"School life expectancy, primary to tertiary, both sexes (years)",TGO,2006,10.31655979156494,,UIS_EST
SLE.1T8,"School life expectancy, primary to tertiary, both sexes (years)",TGO,2007,9.778289794921875,,
SLE.1T8,"School life expectancy, primary to tertiary, both sexes (years)",TGO,2011,11.66405963897705,,UIS_EST
SLE.1T8,"School life expectancy, primary to tertiary, both sexes (years)",TGO,2017,12.31682014465332,,
SLE.1T8.F,"School life expectancy, primary to tertiary, female (years)",TGO,1972,2.868050098419189,,
SLE.1T8.F,"School life expectancy, primary to tertiary, female (years)",TGO,1973,3.087529897689819,,
SLE.1T8.F,"School life expectancy, primary to tertiary, female (years)",TGO,1974,3.322520017623901,,
SLE.1T8.F,"School life expectancy, primary to tertiary, female (years)",TGO,1975,3.546550035476685,,
SLE.1T8.F,"School life expectancy, primary to tertiary, female (years)",TGO,1976,4.014840126037598,,
SLE.1T8.F,"School life expectancy, primary to tertiary, female (years)",TGO,1977,4.432400226593018,,
SLE.1T8.F,"School life expectancy, primary to tertiary, female (years)",TGO,1978,4.962160110473633,,
SLE.1T8.F,"School life expectancy, primary to tertiary, female (years)",TGO,1979,5.496359825134277,,
SLE.1T8.F,"School life expectancy, primary to tertiary, female (years)",TGO,1980,5.826200008392334,,
SLE.1T8.F,"School life expectancy, primary to tertiary, female (years)",TGO,1982,5.760429859161377,,
SLE.1T8.F,"School life expectancy, primary to tertiary, female (years)",TGO,1983,5.381499767303467,,
SLE.1T8.F,"School life expectancy, primary to tertiary, female (years)",TGO,1984,4.708419799804688,,
SLE.1T8.F,"School life expectancy, primary to tertiary, female (years)",TGO,1987,4.50314998626709,,
SLE.1T8.F,"School life expectancy, primary to tertiary, female (years)",TGO,1988,4.652599811553955,,
SLE.1T8.F,"School life expectancy, primary to tertiary, female (years)",TGO,1990,5.093900203704834,,
SLE.1T8.F,"School life expectancy, primary to tertiary, female (years)",TGO,1991,5.360189914703369,,
SLE.1T8.F,"School life expectancy, primary to tertiary, female (years)",TGO,1992,5.133920192718506,,
SLE.1T8.F,"School life expectancy, primary to tertiary, female (years)",TGO,1994,5.532149791717529,,
SLE.1T8.F,"School life expectancy, primary to tertiary, female (years)",TGO,1995,6.139379978179932,,
SLE.1T8.F,"School life expectancy, primary to tertiary, female (years)",TGO,1996,6.459829807281494,,
SLE.1T8.F,"School life expectancy, primary to tertiary, female (years)",TGO,2000,7.419690132141113,,UIS_EST
SLE.1T8.F,"School life expectancy, primary to tertiary, female (years)",TGO,2001,7.708320140838623,,UIS_EST
SLE.1T8.F,"School life expectancy, primary to tertiary, female (years)",TGO,2003,8.086739540100098,,UIS_EST
SLE.1T8.F,"School life expectancy, primary to tertiary, female (years)",TGO,2004,8.226829528808594,,UIS_EST
SLE.1T8.F,"School life expectancy, primary to tertiary, female (years)",TGO,2005,8.351639747619629,,UIS_EST
SLE.1T8.F,"School life expectancy, primary to tertiary, female (years)",TGO,2006,8.73173999786377,,UIS_EST
SLE.1T8.F,"School life expectancy, primary to tertiary, female (years)",TGO,2007,8.239270210266113,,UIS_EST
SLE.1T8.F,"School life expectancy, primary to tertiary, female (years)",TGO,2017,11.25302982330322,,
SLE.1T8.GPIA,"School life expectancy, primary to tertiary, adjusted gender parity index (GPIA)",TGO,1972,.432779997587204,,
SLE.1T8.GPIA,"School life expectancy, primary to tertiary, adjusted gender parity index (GPIA)",TGO,1973,.4462099969387054,,
SLE.1T8.GPIA,"School life expectancy, primary to tertiary, adjusted gender parity index (GPIA)",TGO,1974,.4582400023937225,,
SLE.1T8.GPIA,"School life expectancy, primary to tertiary, adjusted gender parity index (GPIA)",TGO,1975,.4643499851226807,,
SLE.1T8.GPIA,"School life expectancy, primary to tertiary, adjusted gender parity index (GPIA)",TGO,1976,.4789899885654449,,
SLE.1T8.GPIA,"School life expectancy, primary to tertiary, adjusted gender parity index (GPIA)",TGO,1977,.487419992685318,,
SLE.1T8.GPIA,"School life expectancy, primary to tertiary, adjusted gender parity index (GPIA)",TGO,1978,.4977200031280518,,
SLE.1T8.GPIA,"School life expectancy, primary to tertiary, adjusted gender parity index (GPIA)",TGO,1979,.517769992351532,,
SLE.1T8.GPIA,"School life expectancy, primary to tertiary, adjusted gender parity index (GPIA)",TGO,1980,.5282899737358093,,
SLE.1T8.GPIA,"School life expectancy, primary to tertiary, adjusted gender parity index (GPIA)",TGO,1982,.5533499717712402,,
SLE.1T8.GPIA,"School life expectancy, primary to tertiary, adjusted gender parity index (GPIA)",TGO,1983,.5568000078201294,,
SLE.1T8.GPIA,"School life expectancy, primary to tertiary, adjusted gender parity index (GPIA)",TGO,1984,.552619993686676,,
SLE.1T8.GPIA,"School life expectancy, primary to tertiary, adjusted gender parity index (GPIA)",TGO,1987,.537310004234314,,
SLE.1T8.GPIA,"School life expectancy, primary to tertiary, adjusted gender parity index (GPIA)",TGO,1988,.542169988155365,,
SLE.1T8.GPIA,"School life expectancy, primary to tertiary, adjusted gender parity index (GPIA)",TGO,1990,.5632799863815308,,
SLE.1T8.GPIA,"School life expectancy, primary to tertiary, adjusted gender parity index (GPIA)",TGO,1991,.5655400156974792,,
SLE.1T8.GPIA,"School life expectancy, primary to tertiary, adjusted gender parity index (GPIA)",TGO,1992,.581059992313385,,
SLE.1T8.GPIA,"School life expectancy, primary to tertiary, adjusted gender parity index (GPIA)",TGO,1994,.5833699703216553,,
SLE.1T8.GPIA,"School life expectancy, primary to tertiary, adjusted gender parity index (GPIA)",TGO,1995,.5970399975776672,,
SLE.1T8.GPIA,"School life expectancy, primary to tertiary, adjusted gender parity index (GPIA)",TGO,1996,.6062800288200378,,
SLE.1T8.GPIA,"School life expectancy, primary to tertiary, adjusted gender parity index (GPIA)",TGO,2000,.6715899705886841,,UIS_EST
SLE.1T8.GPIA,"School life expectancy, primary to tertiary, adjusted gender parity index (GPIA)",TGO,2001,.6809599995613098,,UIS_EST
SLE.1T8.GPIA,"School life expectancy, primary to tertiary, adjusted gender parity index (GPIA)",TGO,2003,.7085000276565552,,UIS_EST
SLE.1T8.GPIA,"School life expectancy, primary to tertiary, adjusted gender parity index (GPIA)",TGO,2004,.716920018196106,,UIS_EST
SLE.1T8.GPIA,"School life expectancy, primary to tertiary, adjusted gender parity index (GPIA)",TGO,2005,.7285599708557129,,UIS_EST
SLE.1T8.GPIA,"School life expectancy, primary to tertiary, adjusted gender parity index (GPIA)",TGO,2006,.7351899743080139,,UIS_EST
SLE.1T8.GPIA,"School life expectancy, primary to tertiary, adjusted gender parity index (GPIA)",TGO,2007,.7295699715614319,,UIS_EST
SLE.1T8.GPIA,"School life expectancy, primary to tertiary, adjusted gender parity index (GPIA)",TGO,2017,.8423399925231934,,
SLE.1T8.M,"School life expectancy, primary to tertiary, male (years)",TGO,1972,6.626989841461182,,
SLE.1T8.M,"School life expectancy, primary to tertiary, male (years)",TGO,1973,6.91949987411499,,
SLE.1T8.M,"School life expectancy, primary to tertiary, male (years)",TGO,1974,7.25055980682373,,
SLE.1T8.M,"School life expectancy, primary to tertiary, male (years)",TGO,1975,7.637700080871582,,
SLE.1T8.M,"School life expectancy, primary to tertiary, male (years)",TGO,1976,8.381890296936035,,
SLE.1T8.M,"School life expectancy, primary to tertiary, male (years)",TGO,1977,9.093700408935547,,
SLE.1T8.M,"School life expectancy, primary to tertiary, male (years)",TGO,1978,9.969869613647461,,
SLE.1T8.M,"School life expectancy, primary to tertiary, male (years)",TGO,1979,10.61553955078125,,
SLE.1T8.M,"School life expectancy, primary to tertiary, male (years)",TGO,1980,11.02847957611084,,
SLE.1T8.M,"School life expectancy, primary to tertiary, male (years)",TGO,1982,10.41012954711914,,
SLE.1T8.M,"School life expectancy, primary to tertiary, male (years)",TGO,1983,9.665040016174316,,
SLE.1T8.M,"School life expectancy, primary to tertiary, male (years)",TGO,1984,8.520159721374512,,
SLE.1T8.M,"School life expectancy, primary to tertiary, male (years)",TGO,1987,8.380880355834961,,
SLE.1T8.M,"School life expectancy, primary to tertiary, male (years)",TGO,1988,8.581419944763184,,
SLE.1T8.M,"School life expectancy, primary to tertiary, male (years)",TGO,1990,9.043339729309082,,
SLE.1T8.M,"School life expectancy, primary to tertiary, male (years)",TGO,1991,9.477930068969727,,
SLE.1T8.M,"School life expectancy, primary to tertiary, male (years)",TGO,1992,8.835439682006836,,
SLE.1T8.M,"School life expectancy, primary to tertiary, male (years)",TGO,1994,9.483149528503418,,
SLE.1T8.M,"School life expectancy, primary to tertiary, male (years)",TGO,1995,10.28299999237061,,
SLE.1T8.M,"School life expectancy, primary to tertiary, male (years)",TGO,1996,10.65495014190674,,
SLE.1T8.M,"School life expectancy, primary to tertiary, male (years)",TGO,2000,11.04788970947266,,UIS_EST
SLE.1T8.M,"School life expectancy, primary to tertiary, male (years)",TGO,2001,11.31980037689209,,UIS_EST
SLE.1T8.M,"School life expectancy, primary to tertiary, male (years)",TGO,2003,11.41384983062744,,UIS_EST
SLE.1T8.M,"School life expectancy, primary to tertiary, male (years)",TGO,2004,11.47525978088379,,UIS_EST
SLE.1T8.M,"School life expectancy, primary to tertiary, male (years)",TGO,2005,11.463210105896,,UIS_EST
SLE.1T8.M,"School life expectancy, primary to tertiary, male (years)",TGO,2006,11.87685966491699,,UIS_EST
SLE.1T8.M,"School life expectancy, primary to tertiary, male (years)",TGO,2007,11.29337024688721,,UIS_EST
SLE.1T8.M,"School life expectancy, primary to tertiary, male (years)",TGO,2017,13.35919952392578,,
SLE.4,"School life expectancy, post-secondary non-tertiary, both sexes (years)",TGO,1999,.0038799999747425,,
SLE.4,"School life expectancy, post-secondary non-tertiary, both sexes (years)",TGO,2020,.0006699999794364,,
SLE.4,"School life expectancy, post-secondary non-tertiary, both sexes (years)",TGO,2021,.0007900000200607,,
SLE.4.F,"School life expectancy, post-secondary non-tertiary, female (years)",TGO,1999,.0011800000211224,,
SLE.4.F,"School life expectancy, post-secondary non-tertiary, female (years)",TGO,2020,.0001699999993434,,
SLE.4.F,"School life expectancy, post-secondary non-tertiary, female (years)",TGO,2021,.0001500000071246,,
SLE.4.GPIA,"School life expectancy, post-secondary non-tertiary, adjusted gender parity index (GPIA)",TGO,1999,.1787600070238113,,
SLE.4.GPIA,"School life expectancy, post-secondary non-tertiary, adjusted gender parity index (GPIA)",TGO,2020,.148839995265007,,
SLE.4.GPIA,"School life expectancy, post-secondary non-tertiary, adjusted gender parity index (GPIA)",TGO,2021,.1047400012612343,,
SLE.4.M,"School life expectancy, post-secondary non-tertiary, male (years)",TGO,1999,.0065799998119473,,
SLE.4.M,"School life expectancy, post-secondary non-tertiary, male (years)",TGO,2020,.0011599999852479,,
SLE.4.M,"School life expectancy, post-secondary non-tertiary, male (years)",TGO,2021,.0014199999859557,,
SLE.5T8,"School life expectancy, tertiary, both sexes (years)",TGO,1971,.0218199994415045,,
SLE.5T8,"School life expectancy, tertiary, both sexes (years)",TGO,1972,.0336900018155575,,
SLE.5T8,"School life expectancy, tertiary, both sexes (years)",TGO,1973,.0340799987316132,,
SLE.5T8,"School life expectancy, tertiary, both sexes (years)",TGO,1974,.0331399999558926,,
SLE.5T8,"School life expectancy, tertiary, both sexes (years)",TGO,1975,.0357199981808662,,
SLE.5T8,"School life expectancy, tertiary, both sexes (years)",TGO,1976,.0508500002324581,,
SLE.5T8,"School life expectancy, tertiary, both sexes (years)",TGO,1977,.058789998292923,,
SLE.5T8,"School life expectancy, tertiary, both sexes (years)",TGO,1978,.065310001373291,,
SLE.5T8,"School life expectancy, tertiary, both sexes (years)",TGO,1979,.0640899986028671,,
SLE.5T8,"School life expectancy, tertiary, both sexes (years)",TGO,1980,.0718099996447563,,
SLE.5T8,"School life expectancy, tertiary, both sexes (years)",TGO,1981,.090999998152256,,
SLE.5T8,"School life expectancy, tertiary, both sexes (years)",TGO,1982,.0797400027513504,,
SLE.5T8,"School life expectancy, tertiary, both sexes (years)",TGO,1983,.0719299986958504,,
SLE.5T8,"School life expectancy, tertiary, both sexes (years)",TGO,1984,.0726799964904785,,
SLE.5T8,"School life expectancy, tertiary, both sexes (years)",TGO,1987,.095720000565052,,
SLE.5T8,"School life expectancy, tertiary, both sexes (years)",TGO,1988,.1052799969911575,,
SLE.5T8,"School life expectancy, tertiary, both sexes (years)",TGO,1989,.1068900004029274,,
SLE.5T8,"School life expectancy, tertiary, both sexes (years)",TGO,1990,.1082800030708313,,
SLE.5T8,"School life expectancy, tertiary, both sexes (years)",TGO,1991,.119719997048378,,
SLE.5T8,"School life expectancy, tertiary, both sexes (years)",TGO,1992,.131630003452301,,
SLE.5T8,"School life expectancy, tertiary, both sexes (years)",TGO,1993,.1108099967241287,,
SLE.5T8,"School life expectancy, tertiary, both sexes (years)",TGO,1994,.119489997625351,,
SLE.5T8,"School life expectancy, tertiary, both sexes (years)",TGO,1995,.1355199962854385,,
SLE.5T8,"School life expectancy, tertiary, both sexes (years)",TGO,1996,.1347600072622299,,
SLE.5T8,"School life expectancy, tertiary, both sexes (years)",TGO,1998,.1536400020122528,,
SLE.5T8,"School life expectancy, tertiary, both sexes (years)",TGO,2006,.2475399971008301,,UIS_EST
SLE.5T8,"School life expectancy, tertiary, both sexes (years)",TGO,2007,.2781400084495544,,
SLE.5T8,"School life expectancy, tertiary, both sexes (years)",TGO,2010,.4453400075435638,,
SLE.5T8,"School life expectancy, tertiary, both sexes (years)",TGO,2011,.5354899764060974,,
SLE.5T8,"School life expectancy, tertiary, both sexes (years)",TGO,2012,.5932199954986572,,
SLE.5T8,"School life expectancy, tertiary, both sexes (years)",TGO,2013,.5873900055885315,,
SLE.5T8,"School life expectancy, tertiary, both sexes (years)",TGO,2014,.5692499876022339,,
SLE.5T8,"School life expectancy, tertiary, both sexes (years)",TGO,2015,.5885199904441833,,
SLE.5T8,"School life expectancy, tertiary, both sexes (years)",TGO,2016,.6563299894332886,,
SLE.5T8,"School life expectancy, tertiary, both sexes (years)",TGO,2017,.6670100092887878,,
SLE.5T8,"School life expectancy, tertiary, both sexes (years)",TGO,2018,.6933599710464478,,
SLE.5T8,"School life expectancy, tertiary, both sexes (years)",TGO,2019,.6577600240707397,,
SLE.5T8,"School life expectancy, tertiary, both sexes (years)",TGO,2020,.7451500296592712,,
SLE.5T8.F,"School life expectancy, tertiary, female (years)",TGO,1972,.0074999998323619,,
SLE.5T8.F,"School life expectancy, tertiary, female (years)",TGO,1973,.007149999961257,,
SLE.5T8.F,"School life expectancy, tertiary, female (years)",TGO,1974,.0084199998527765,,
SLE.5T8.F,"School life expectancy, tertiary, female (years)",TGO,1975,.0093900002539158,,
SLE.5T8.F,"School life expectancy, tertiary, female (years)",TGO,1976,.0138699999079108,,
SLE.5T8.F,"School life expectancy, tertiary, female (years)",TGO,1977,.0187199991196394,,
SLE.5T8.F,"School life expectancy, tertiary, female (years)",TGO,1978,.0251299999654293,,
SLE.5T8.F,"School life expectancy, tertiary, female (years)",TGO,1979,.0209400001913309,,
SLE.5T8.F,"School life expectancy, tertiary, female (years)",TGO,1980,.0228400006890297,,
SLE.5T8.F,"School life expectancy, tertiary, female (years)",TGO,1981,.0267799999564886,,
SLE.5T8.F,"School life expectancy, tertiary, female (years)",TGO,1982,.023199999704957,,
SLE.5T8.F,"School life expectancy, tertiary, female (years)",TGO,1983,.0202200002968311,,
SLE.5T8.F,"School life expectancy, tertiary, female (years)",TGO,1984,.022579999640584,,
SLE.5T8.F,"School life expectancy, tertiary, female (years)",TGO,1987,.024660000577569,,
SLE.5T8.F,"School life expectancy, tertiary, female (years)",TGO,1988,.0259799994528294,,
SLE.5T8.F,"School life expectancy, tertiary, female (years)",TGO,1990,.0284700002521276,,
SLE.5T8.F,"School life expectancy, tertiary, female (years)",TGO,1991,.0333399996161461,,
SLE.5T8.F,"School life expectancy, tertiary, female (years)",TGO,1992,.0313300006091595,,
SLE.5T8.F,"School life expectancy, tertiary, female (years)",TGO,1993,.0270899999886751,,
SLE.5T8.F,"School life expectancy, tertiary, female (years)",TGO,1994,.0289099998772144,,
SLE.5T8.F,"School life expectancy, tertiary, female (years)",TGO,1995,.0361200012266636,,
SLE.5T8.F,"School life expectancy, tertiary, female (years)",TGO,1996,.0405099987983704,,
SLE.5T8.F,"School life expectancy, tertiary, female (years)",TGO,1998,.0522999987006187,,
SLE.5T8.F,"School life expectancy, tertiary, female (years)",TGO,2011,.2694399952888489,,
SLE.5T8.F,"School life expectancy, tertiary, female (years)",TGO,2012,.3014599978923798,,
SLE.5T8.F,"School life expectancy, tertiary, female (years)",TGO,2013,.3251999914646149,,
SLE.5T8.F,"School life expectancy, tertiary, female (years)",TGO,2014,.3305200040340424,,
SLE.5T8.F,"School life expectancy, tertiary, female (years)",TGO,2015,.3476999998092651,,
SLE.5T8.F,"School life expectancy, tertiary, female (years)",TGO,2016,.3984799981117249,,
SLE.5T8.F,"School life expectancy, tertiary, female (years)",TGO,2017,.4147500097751617,,
SLE.5T8.F,"School life expectancy, tertiary, female (years)",TGO,2018,.4526199996471405,,
SLE.5T8.F,"School life expectancy, tertiary, female (years)",TGO,2019,.4548600018024445,,
SLE.5T8.F,"School life expectancy, tertiary, female (years)",TGO,2020,.5393000245094299,,
SLE.5T8.GPIA,"School life expectancy, tertiary, adjusted gender parity index (GPIA)",TGO,1972,.1246799975633621,,
SLE.5T8.GPIA,"School life expectancy, tertiary, adjusted gender parity index (GPIA)",TGO,1973,.1166300028562546,,
SLE.5T8.GPIA,"School life expectancy, tertiary, adjusted gender parity index (GPIA)",TGO,1974,.1447499990463257,,
SLE.5T8.GPIA,"School life expectancy, tertiary, adjusted gender parity index (GPIA)",TGO,1975,.1504400074481964,,
SLE.5T8.GPIA,"School life expectancy, tertiary, adjusted gender parity index (GPIA)",TGO,1976,.1571300029754639,,
SLE.5T8.GPIA,"School life expectancy, tertiary, adjusted gender parity index (GPIA)",TGO,1977,.188400000333786,,
SLE.5T8.GPIA,"School life expectancy, tertiary, adjusted gender parity index (GPIA)",TGO,1978,.2370100021362305,,
SLE.5T8.GPIA,"School life expectancy, tertiary, adjusted gender parity index (GPIA)",TGO,1979,.1942899972200394,,
SLE.5T8.GPIA,"School life expectancy, tertiary, adjusted gender parity index (GPIA)",TGO,1980,.1881199926137924,,
SLE.5T8.GPIA,"School life expectancy, tertiary, adjusted gender parity index (GPIA)",TGO,1981,.1716800034046173,,
SLE.5T8.GPIA,"School life expectancy, tertiary, adjusted gender parity index (GPIA)",TGO,1982,.1694300025701523,,
SLE.5T8.GPIA,"School life expectancy, tertiary, adjusted gender parity index (GPIA)",TGO,1983,.1628099977970123,,
SLE.5T8.GPIA,"School life expectancy, tertiary, adjusted gender parity index (GPIA)",TGO,1984,.1831499934196472,,
SLE.5T8.GPIA,"School life expectancy, tertiary, adjusted gender parity index (GPIA)",TGO,1987,.1473599970340729,,
SLE.5T8.GPIA,"School life expectancy, tertiary, adjusted gender parity index (GPIA)",TGO,1988,.1403200030326843,,
SLE.5T8.GPIA,"School life expectancy, tertiary, adjusted gender parity index (GPIA)",TGO,1990,.1509899944067001,,
SLE.5T8.GPIA,"School life expectancy, tertiary, adjusted gender parity index (GPIA)",TGO,1991,.1614499986171722,,
SLE.5T8.GPIA,"School life expectancy, tertiary, adjusted gender parity index (GPIA)",TGO,1992,.134880006313324,,
SLE.5T8.GPIA,"School life expectancy, tertiary, adjusted gender parity index (GPIA)",TGO,1993,.1391600072383881,,
SLE.5T8.GPIA,"School life expectancy, tertiary, adjusted gender parity index (GPIA)",TGO,1994,.1376399993896484,,
SLE.5T8.GPIA,"School life expectancy, tertiary, adjusted gender parity index (GPIA)",TGO,1995,.1539700031280518,,
SLE.5T8.GPIA,"School life expectancy, tertiary, adjusted gender parity index (GPIA)",TGO,1996,.1772599965333939,,
SLE.5T8.GPIA,"School life expectancy, tertiary, adjusted gender parity index (GPIA)",TGO,1998,.2057500034570694,,
SLE.5T8.GPIA,"School life expectancy, tertiary, adjusted gender parity index (GPIA)",TGO,2011,.3379999995231628,,
SLE.5T8.GPIA,"School life expectancy, tertiary, adjusted gender parity index (GPIA)",TGO,2012,.3425999879837036,,
SLE.5T8.GPIA,"School life expectancy, tertiary, adjusted gender parity index (GPIA)",TGO,2013,.3849999904632568,,
SLE.5T8.GPIA,"School life expectancy, tertiary, adjusted gender parity index (GPIA)",TGO,2014,.4114199876785278,,
SLE.5T8.GPIA,"School life expectancy, tertiary, adjusted gender parity index (GPIA)",TGO,2015,.421669989824295,,
SLE.5T8.GPIA,"School life expectancy, tertiary, adjusted gender parity index (GPIA)",TGO,2016,.4383899867534637,,
SLE.5T8.GPIA,"School life expectancy, tertiary, adjusted gender parity index (GPIA)",TGO,2017,.4537799954414368,,
SLE.5T8.GPIA,"School life expectancy, tertiary, adjusted gender parity index (GPIA)",TGO,2018,.4872300028800964,,
SLE.5T8.GPIA,"School life expectancy, tertiary, adjusted gender parity index (GPIA)",TGO,2019,.5312100052833557,,
SLE.5T8.GPIA,"School life expectancy, tertiary, adjusted gender parity index (GPIA)",TGO,2020,.5698199868202209,,
SLE.5T8.M,"School life expectancy, tertiary, male (years)",TGO,1972,.0601599998772144,,
SLE.5T8.M,"School life expectancy, tertiary, male (years)",TGO,1973,.061319999396801,,
SLE.5T8.M,"School life expectancy, tertiary, male (years)",TGO,1974,.05816999822855,,
SLE.5T8.M,"School life expectancy, tertiary, male (years)",TGO,1975,.062389999628067,,
SLE.5T8.M,"School life expectancy, tertiary, male (years)",TGO,1976,.0882899984717369,,
SLE.5T8.M,"School life expectancy, tertiary, male (years)",TGO,1977,.099370002746582,,
SLE.5T8.M,"School life expectancy, tertiary, male (years)",TGO,1978,.1060200035572052,,
SLE.5T8.M,"School life expectancy, tertiary, male (years)",TGO,1979,.1077800020575523,,
SLE.5T8.M,"School life expectancy, tertiary, male (years)",TGO,1980,.1213899999856949,,
SLE.5T8.M,"School life expectancy, tertiary, male (years)",TGO,1981,.1559800058603287,,
SLE.5T8.M,"School life expectancy, tertiary, male (years)",TGO,1982,.136910006403923,,
SLE.5T8.M,"School life expectancy, tertiary, male (years)",TGO,1983,.1242000013589859,,
SLE.5T8.M,"School life expectancy, tertiary, male (years)",TGO,1984,.1232800036668777,,
SLE.5T8.M,"School life expectancy, tertiary, male (years)",TGO,1987,.1673599928617477,,
SLE.5T8.M,"School life expectancy, tertiary, male (years)",TGO,1988,.1851900070905685,,
SLE.5T8.M,"School life expectancy, tertiary, male (years)",TGO,1990,.1885699927806854,,
SLE.5T8.M,"School life expectancy, tertiary, male (years)",TGO,1991,.2065200060606003,,
SLE.5T8.M,"School life expectancy, tertiary, male (years)",TGO,1992,.2322899997234344,,
SLE.5T8.M,"School life expectancy, tertiary, male (years)",TGO,1993,.1946700066328049,,
SLE.5T8.M,"School life expectancy, tertiary, male (years)",TGO,1994,.2100200057029724,,
SLE.5T8.M,"School life expectancy, tertiary, male (years)",TGO,1995,.2346200048923492,,
SLE.5T8.M,"School life expectancy, tertiary, male (years)",TGO,1996,.2285400032997131,,
SLE.5T8.M,"School life expectancy, tertiary, male (years)",TGO,1998,.2541899979114532,,
SLE.5T8.M,"School life expectancy, tertiary, male (years)",TGO,2011,.7971600294113159,,
SLE.5T8.M,"School life expectancy, tertiary, male (years)",TGO,2012,.8799399733543396,,
SLE.5T8.M,"School life expectancy, tertiary, male (years)",TGO,2013,.8446800112724304,,
SLE.5T8.M,"School life expectancy, tertiary, male (years)",TGO,2014,.8033699989318848,,
SLE.5T8.M,"School life expectancy, tertiary, male (years)",TGO,2015,.8245700001716614,,
SLE.5T8.M,"School life expectancy, tertiary, male (years)",TGO,2016,.9089599847793579,,
SLE.5T8.M,"School life expectancy, tertiary, male (years)",TGO,2017,.9139900207519531,,
SLE.5T8.M,"School life expectancy, tertiary, male (years)",TGO,2018,.9289799928665161,,
SLE.5T8.M,"School life expectancy, tertiary, male (years)",TGO,2019,.8562700152397156,,
SLE.5T8.M,"School life expectancy, tertiary, male (years)",TGO,2020,.9464499950408936,,
X.PPP.2T4.V.FSGOV,"Government expenditure on secondary and post-secondary non-tertiary vocational education only, PPP$ (millions)",TGO,2012,22.25624084472656,,
X.PPP.2T4.V.FSGOV,"Government expenditure on secondary and post-secondary non-tertiary vocational education only, PPP$ (millions)",TGO,2013,25.02046012878418,,
X.PPP.2T4.V.FSGOV,"Government expenditure on secondary and post-secondary non-tertiary vocational education only, PPP$ (millions)",TGO,2014,28.04545974731445,,
X.PPP.2T4.V.FSGOV,"Government expenditure on secondary and post-secondary non-tertiary vocational education only, PPP$ (millions)",TGO,2015,32.00476837158203,,
X.PPP.2T4.V.FSGOV,"Government expenditure on secondary and post-secondary non-tertiary vocational education only, PPP$ (millions)",TGO,2016,33.24499893188477,,
X.PPP.4.FSGOV,"Government expenditure on post-secondary non-tertiary education, PPP$ (millions)",TGO,1998,0,NIL,
X.PPP.4.FSGOV,"Government expenditure on post-secondary non-tertiary education, PPP$ (millions)",TGO,1999,0,NIL,
X.PPP.4.FSGOV,"Government expenditure on post-secondary non-tertiary education, PPP$ (millions)",TGO,2000,0,NIL,
X.PPP.4.FSGOV,"Government expenditure on post-secondary non-tertiary education, PPP$ (millions)",TGO,2007,0,NIL,
X.PPP.4.FSGOV,"Government expenditure on post-secondary non-tertiary education, PPP$ (millions)",TGO,2008,0,NIL,
X.PPP.4.FSGOV,"Government expenditure on post-secondary non-tertiary education, PPP$ (millions)",TGO,2009,0,NIL,
X.PPP.4.FSGOV,"Government expenditure on post-secondary non-tertiary education, PPP$ (millions)",TGO,2010,.1762599945068359,,
X.PPP.4.FSGOV,"Government expenditure on post-secondary non-tertiary education, PPP$ (millions)",TGO,2011,.2187000066041946,,
X.PPP.4.FSGOV,"Government expenditure on post-secondary non-tertiary education, PPP$ (millions)",TGO,2012,1.303169965744019,,
X.PPP.4.FSGOV,"Government expenditure on post-secondary non-tertiary education, PPP$ (millions)",TGO,2013,1.102830052375793,,
X.PPP.4.FSGOV,"Government expenditure on post-secondary non-tertiary education, PPP$ (millions)",TGO,2014,1.92451000213623,,
X.PPP.4.FSGOV,"Government expenditure on post-secondary non-tertiary education, PPP$ (millions)",TGO,2015,1.866529941558838,,
X.PPP.4.FSGOV,"Government expenditure on post-secondary non-tertiary education, PPP$ (millions)",TGO,2016,2.254849910736084,,
X.PPP.5T8.FSGOV,"Government expenditure on tertiary education, PPP$ (millions)",TGO,1992,59.13975143432617,,
X.PPP.5T8.FSGOV,"Government expenditure on tertiary education, PPP$ (millions)",TGO,1996,40.50534820556641,,
X.PPP.5T8.FSGOV,"Government expenditure on tertiary education, PPP$ (millions)",TGO,1998,39.3850212097168,,
X.PPP.5T8.FSGOV,"Government expenditure on tertiary education, PPP$ (millions)",TGO,1999,43.41143035888672,,
X.PPP.5T8.FSGOV,"Government expenditure on tertiary education, PPP$ (millions)",TGO,2000,32.62601089477539,,
X.PPP.5T8.FSGOV,"Government expenditure on tertiary education, PPP$ (millions)",TGO,2007,45.74517059326172,,
X.PPP.5T8.FSGOV,"Government expenditure on tertiary education, PPP$ (millions)",TGO,2008,43.6390495300293,,
X.PPP.5T8.FSGOV,"Government expenditure on tertiary education, PPP$ (millions)",TGO,2009,38.62289047241211,,
X.PPP.5T8.FSGOV,"Government expenditure on tertiary education, PPP$ (millions)",TGO,2010,51.24636840820313,,
X.PPP.5T8.FSGOV,"Government expenditure on tertiary education, PPP$ (millions)",TGO,2011,55.11209106445313,,
X.PPP.5T8.FSGOV,"Government expenditure on tertiary education, PPP$ (millions)",TGO,2012,72.38603973388672,,
X.PPP.5T8.FSGOV,"Government expenditure on tertiary education, PPP$ (millions)",TGO,2013,88.11563110351563,,
X.PPP.5T8.FSGOV,"Government expenditure on tertiary education, PPP$ (millions)",TGO,2014,100.0559768676758,,
X.PPP.5T8.FSGOV,"Government expenditure on tertiary education, PPP$ (millions)",TGO,2015,92.61634063720703,,
X.PPP.5T8.FSGOV,"Government expenditure on tertiary education, PPP$ (millions)",TGO,2016,99.76246643066406,,
X.PPP.5T8.FSGOV,"Government expenditure on tertiary education, PPP$ (millions)",TGO,2017,106.865348815918,,
X.PPPCONST.2T4.V.FSGOV,"Government expenditure on secondary and post-secondary non-tertiary vocational education only, constant PPP$ (millions)",TGO,2012,31.84884071350098,,
X.PPPCONST.2T4.V.FSGOV,"Government expenditure on secondary and post-secondary non-tertiary vocational education only, constant PPP$ (millions)",TGO,2013,35.42116165161133,,
X.PPPCONST.2T4.V.FSGOV,"Government expenditure on secondary and post-secondary non-tertiary vocational education only, constant PPP$ (millions)",TGO,2014,38.89981842041016,,
X.PPPCONST.2T4.V.FSGOV,"Government expenditure on secondary and post-secondary non-tertiary vocational education only, constant PPP$ (millions)",TGO,2015,43.79494094848633,,
X.PPPCONST.2T4.V.FSGOV,"Government expenditure on secondary and post-secondary non-tertiary vocational education only, constant PPP$ (millions)",TGO,2016,44.95864868164063,,
X.PPPCONST.4.FSGOV,"Government expenditure on post-secondary non-tertiary education, constant PPP$ (millions)",TGO,1998,0,NIL,
X.PPPCONST.4.FSGOV,"Government expenditure on post-secondary non-tertiary education, constant PPP$ (millions)",TGO,1999,0,NIL,
X.PPPCONST.4.FSGOV,"Government expenditure on post-secondary non-tertiary education, constant PPP$ (millions)",TGO,2000,0,NIL,
X.PPPCONST.4.FSGOV,"Government expenditure on post-secondary non-tertiary education, constant PPP$ (millions)",TGO,2007,0,NIL,
X.PPPCONST.4.FSGOV,"Government expenditure on post-secondary non-tertiary education, constant PPP$ (millions)",TGO,2008,0,NIL,
X.PPPCONST.4.FSGOV,"Government expenditure on post-secondary non-tertiary education, constant PPP$ (millions)",TGO,2009,0,NIL,
X.PPPCONST.4.FSGOV,"Government expenditure on post-secondary non-tertiary education, constant PPP$ (millions)",TGO,2010,.2531299889087677,,
X.PPPCONST.4.FSGOV,"Government expenditure on post-secondary non-tertiary education, constant PPP$ (millions)",TGO,2011,.3077299892902374,,
X.PPPCONST.4.FSGOV,"Government expenditure on post-secondary non-tertiary education, constant PPP$ (millions)",TGO,2012,1.864850044250488,,
X.PPPCONST.4.FSGOV,"Government expenditure on post-secondary non-tertiary education, constant PPP$ (millions)",TGO,2013,1.561269998550415,,
X.PPPCONST.4.FSGOV,"Government expenditure on post-secondary non-tertiary education, constant PPP$ (millions)",TGO,2014,2.669349908828735,,
X.PPPCONST.4.FSGOV,"Government expenditure on post-secondary non-tertiary education, constant PPP$ (millions)",TGO,2015,2.554140090942383,,
X.PPPCONST.4.FSGOV,"Government expenditure on post-secondary non-tertiary education, constant PPP$ (millions)",TGO,2016,3.049329996109009,,
X.PPPCONST.5T8.FSGOV,"Government expenditure on tertiary education, constant PPP$ (millions)",TGO,1992,121.4007797241211,,
X.PPPCONST.5T8.FSGOV,"Government expenditure on tertiary education, constant PPP$ (millions)",TGO,1996,76.49166870117188,,
X.PPPCONST.5T8.FSGOV,"Government expenditure on tertiary education, constant PPP$ (millions)",TGO,1998,72.30258941650391,,
X.PPPCONST.5T8.FSGOV,"Government expenditure on tertiary education, constant PPP$ (millions)",TGO,1999,78.58222198486328,,
X.PPPCONST.5T8.FSGOV,"Government expenditure on tertiary education, constant PPP$ (millions)",TGO,2000,57.75057983398438,,
X.PPPCONST.5T8.FSGOV,"Government expenditure on tertiary education, constant PPP$ (millions)",TGO,2007,68.19409942626953,,
X.PPPCONST.5T8.FSGOV,"Government expenditure on tertiary education, constant PPP$ (millions)",TGO,2008,63.82471084594727,,
X.PPPCONST.5T8.FSGOV,"Government expenditure on tertiary education, constant PPP$ (millions)",TGO,2009,56.14199829101563,,
X.PPPCONST.5T8.FSGOV,"Government expenditure on tertiary education, constant PPP$ (millions)",TGO,2010,73.59700775146484,,
X.PPPCONST.5T8.FSGOV,"Government expenditure on tertiary education, constant PPP$ (millions)",TGO,2011,77.54881286621094,,
X.PPPCONST.5T8.FSGOV,"Government expenditure on tertiary education, constant PPP$ (millions)",TGO,2012,103.5849304199219,,
X.PPPCONST.5T8.FSGOV,"Government expenditure on tertiary education, constant PPP$ (millions)",TGO,2013,124.7442398071289,,
X.PPPCONST.5T8.FSGOV,"Government expenditure on tertiary education, constant PPP$ (millions)",TGO,2014,138.7804107666016,,
X.PPPCONST.5T8.FSGOV,"Government expenditure on tertiary education, constant PPP$ (millions)",TGO,2015,126.7350769042969,,
X.PPPCONST.5T8.FSGOV,"Government expenditure on tertiary education, constant PPP$ (millions)",TGO,2016,134.9130859375,,
X.PPPCONST.5T8.FSGOV,"Government expenditure on tertiary education, constant PPP$ (millions)",TGO,2017,142.7178039550781,,
X.US.2T4.V.FSGOV,"Government expenditure on secondary and post-secondary non-tertiary vocational education only, US$ (millions)",TGO,2012,10.31291007995605,,
X.US.2T4.V.FSGOV,"Government expenditure on secondary and post-secondary non-tertiary vocational education only, US$ (millions)",TGO,2013,12.05605030059814,,
X.US.2T4.V.FSGOV,"Government expenditure on secondary and post-secondary non-tertiary vocational education only, US$ (millions)",TGO,2014,13.30743026733398,,
X.US.2T4.V.FSGOV,"Government expenditure on secondary and post-secondary non-tertiary vocational education only, US$ (millions)",TGO,2015,12.78802013397217,,
X.US.2T4.V.FSGOV,"Government expenditure on secondary and post-secondary non-tertiary vocational education only, US$ (millions)",TGO,2016,13.28787040710449,,
X.US.4.FSGOV,"Government expenditure on post-secondary non-tertiary education, US$ (millions)",TGO,1998,0,NIL,
X.US.4.FSGOV,"Government expenditure on post-secondary non-tertiary education, US$ (millions)",TGO,1999,0,NIL,
X.US.4.FSGOV,"Government expenditure on post-secondary non-tertiary education, US$ (millions)",TGO,2000,0,NIL,
X.US.4.FSGOV,"Government expenditure on post-secondary non-tertiary education, US$ (millions)",TGO,2007,0,NIL,
X.US.4.FSGOV,"Government expenditure on post-secondary non-tertiary education, US$ (millions)",TGO,2008,0,NIL,
X.US.4.FSGOV,"Government expenditure on post-secondary non-tertiary education, US$ (millions)",TGO,2009,0,NIL,
X.US.4.FSGOV,"Government expenditure on post-secondary non-tertiary education, US$ (millions)",TGO,2010,.0808399990200996,,
X.US.4.FSGOV,"Government expenditure on post-secondary non-tertiary education, US$ (millions)",TGO,2011,.1061000004410744,,
X.US.4.FSGOV,"Government expenditure on post-secondary non-tertiary education, US$ (millions)",TGO,2012,.6038500070571899,,
X.US.4.FSGOV,"Government expenditure on post-secondary non-tertiary education, US$ (millions)",TGO,2013,.5314000248908997,,
X.US.4.FSGOV,"Government expenditure on post-secondary non-tertiary education, US$ (millions)",TGO,2014,.9131699800491333,,
X.US.4.FSGOV,"Government expenditure on post-secondary non-tertiary education, US$ (millions)",TGO,2015,.7458000183105469,,
X.US.4.FSGOV,"Government expenditure on post-secondary non-tertiary education, US$ (millions)",TGO,2016,.9012500047683716,,
X.US.5T8.FSGOV,"Government expenditure on tertiary education, US$ (millions)",TGO,1970,.3509399890899658,,
X.US.5T8.FSGOV,"Government expenditure on tertiary education, US$ (millions)",TGO,1979,14.75876045227051,,
X.US.5T8.FSGOV,"Government expenditure on tertiary education, US$ (millions)",TGO,1981,15.77657032012939,,
X.US.5T8.FSGOV,"Government expenditure on tertiary education, US$ (millions)",TGO,1984,9.949159622192383,,
X.US.5T8.FSGOV,"Government expenditure on tertiary education, US$ (millions)",TGO,1987,15.6353702545166,,
X.US.5T8.FSGOV,"Government expenditure on tertiary education, US$ (millions)",TGO,1992,31.59145927429199,,
X.US.5T8.FSGOV,"Government expenditure on tertiary education, US$ (millions)",TGO,1996,15.03658008575439,,
X.US.5T8.FSGOV,"Government expenditure on tertiary education, US$ (millions)",TGO,1998,13.77700042724609,,
X.US.5T8.FSGOV,"Government expenditure on tertiary education, US$ (millions)",TGO,1999,14.51270961761475,,
X.US.5T8.FSGOV,"Government expenditure on tertiary education, US$ (millions)",TGO,2000,10.17166996002197,,
X.US.5T8.FSGOV,"Government expenditure on tertiary education, US$ (millions)",TGO,2007,20.03619956970215,,
X.US.5T8.FSGOV,"Government expenditure on tertiary education, US$ (millions)",TGO,2008,21.95067024230957,,
X.US.5T8.FSGOV,"Government expenditure on tertiary education, US$ (millions)",TGO,2009,18.8818302154541,,
X.US.5T8.FSGOV,"Government expenditure on tertiary education, US$ (millions)",TGO,2010,23.50472068786621,,
X.US.5T8.FSGOV,"Government expenditure on tertiary education, US$ (millions)",TGO,2011,26.73748016357422,,
X.US.5T8.FSGOV,"Government expenditure on tertiary education, US$ (millions)",TGO,2012,33.54164886474609,,
X.US.5T8.FSGOV,"Government expenditure on tertiary education, US$ (millions)",TGO,2013,42.45832061767578,,
X.US.5T8.FSGOV,"Government expenditure on tertiary education, US$ (millions)",TGO,2014,47.47607040405273,,
X.US.5T8.FSGOV,"Government expenditure on tertiary education, US$ (millions)",TGO,2015,37.0063591003418,,
X.US.5T8.FSGOV,"Government expenditure on tertiary education, US$ (millions)",TGO,2016,39.87458038330078,,
X.US.5T8.FSGOV,"Government expenditure on tertiary education, US$ (millions)",TGO,2017,42.66838073730469,,
X.USCONST.2T4.V.FSGOV,"Government expenditure on secondary and post-secondary non-tertiary vocational education only, constant US$ (millions)",TGO,2012,10.22080039978027,,
X.USCONST.2T4.V.FSGOV,"Government expenditure on secondary and post-secondary non-tertiary vocational education only, constant US$ (millions)",TGO,2013,11.36721992492676,,
X.USCONST.2T4.V.FSGOV,"Government expenditure on secondary and post-secondary non-tertiary vocational education only, constant US$ (millions)",TGO,2014,12.48357963562012,,
X.USCONST.2T4.V.FSGOV,"Government expenditure on secondary and post-secondary non-tertiary vocational education only, constant US$ (millions)",TGO,2015,14.05449962615967,,
X.USCONST.2T4.V.FSGOV,"Government expenditure on secondary and post-secondary non-tertiary vocational education only, constant US$ (millions)",TGO,2016,14.42794990539551,,
X.USCONST.4.FSGOV,"Government expenditure on post-secondary non-tertiary education, constant US$ (millions)",TGO,1998,0,NIL,
X.USCONST.4.FSGOV,"Government expenditure on post-secondary non-tertiary education, constant US$ (millions)",TGO,1999,0,NIL,
X.USCONST.4.FSGOV,"Government expenditure on post-secondary non-tertiary education, constant US$ (millions)",TGO,2000,0,NIL,
X.USCONST.4.FSGOV,"Government expenditure on post-secondary non-tertiary education, constant US$ (millions)",TGO,2007,0,NIL,
X.USCONST.4.FSGOV,"Government expenditure on post-secondary non-tertiary education, constant US$ (millions)",TGO,2008,0,NIL,
X.USCONST.4.FSGOV,"Government expenditure on post-secondary non-tertiary education, constant US$ (millions)",TGO,2009,0,NIL,
X.USCONST.4.FSGOV,"Government expenditure on post-secondary non-tertiary education, constant US$ (millions)",TGO,2010,.0812299996614456,,
X.USCONST.4.FSGOV,"Government expenditure on post-secondary non-tertiary education, constant US$ (millions)",TGO,2011,.0987600013613701,,
X.USCONST.4.FSGOV,"Government expenditure on post-secondary non-tertiary education, constant US$ (millions)",TGO,2012,.5984600186347961,,
X.USCONST.4.FSGOV,"Government expenditure on post-secondary non-tertiary education, constant US$ (millions)",TGO,2013,.501039981842041,,
X.USCONST.4.FSGOV,"Government expenditure on post-secondary non-tertiary education, constant US$ (millions)",TGO,2014,.8566399812698364,,
X.USCONST.4.FSGOV,"Government expenditure on post-secondary non-tertiary education, constant US$ (millions)",TGO,2015,.8196600079536438,,
X.USCONST.4.FSGOV,"Government expenditure on post-secondary non-tertiary education, constant US$ (millions)",TGO,2016,.9785799980163574,,
X.USCONST.5T8.FSGOV,"Government expenditure on tertiary education, constant US$ (millions)",TGO,1970,1.796000003814697,,
X.USCONST.5T8.FSGOV,"Government expenditure on tertiary education, constant US$ (millions)",TGO,1979,28.48228073120117,,
X.USCONST.5T8.FSGOV,"Government expenditure on tertiary education, constant US$ (millions)",TGO,1981,31.25481986999512,,
X.USCONST.5T8.FSGOV,"Government expenditure on tertiary education, constant US$ (millions)",TGO,1984,25.4256706237793,,
X.USCONST.5T8.FSGOV,"Government expenditure on tertiary education, constant US$ (millions)",TGO,1987,24.75931930541992,,
X.USCONST.5T8.FSGOV,"Government expenditure on tertiary education, constant US$ (millions)",TGO,1992,38.9594612121582,,
X.USCONST.5T8.FSGOV,"Government expenditure on tertiary education, constant US$ (millions)",TGO,1996,24.54739952087402,,
X.USCONST.5T8.FSGOV,"Government expenditure on tertiary education, constant US$ (millions)",TGO,1998,23.20306015014648,,
X.USCONST.5T8.FSGOV,"Government expenditure on tertiary education, constant US$ (millions)",TGO,1999,25.21829986572266,,
X.USCONST.5T8.FSGOV,"Government expenditure on tertiary education, constant US$ (millions)",TGO,2000,18.53309059143066,,
X.USCONST.5T8.FSGOV,"Government expenditure on tertiary education, constant US$ (millions)",TGO,2007,21.88458061218262,,
X.USCONST.5T8.FSGOV,"Government expenditure on tertiary education, constant US$ (millions)",TGO,2008,20.48237037658691,,
X.USCONST.5T8.FSGOV,"Government expenditure on tertiary education, constant US$ (millions)",TGO,2009,18.01687049865723,,
X.USCONST.5T8.FSGOV,"Government expenditure on tertiary education, constant US$ (millions)",TGO,2010,23.61845970153809,,
X.USCONST.5T8.FSGOV,"Government expenditure on tertiary education, constant US$ (millions)",TGO,2011,24.88665962219238,,
X.USCONST.5T8.FSGOV,"Government expenditure on tertiary education, constant US$ (millions)",TGO,2012,33.24206924438477,,
X.USCONST.5T8.FSGOV,"Government expenditure on tertiary education, constant US$ (millions)",TGO,2013,40.03242874145508,,
X.USCONST.5T8.FSGOV,"Government expenditure on tertiary education, constant US$ (millions)",TGO,2014,44.53686141967773,,
X.USCONST.5T8.FSGOV,"Government expenditure on tertiary education, constant US$ (millions)",TGO,2015,40.67132186889648,,
X.USCONST.5T8.FSGOV,"Government expenditure on tertiary education, constant US$ (millions)",TGO,2016,43.29576873779297,,
X.USCONST.5T8.FSGOV,"Government expenditure on tertiary education, constant US$ (millions)",TGO,2017,45.80043029785156,,
XGDP.2T4.V.FSGOV,Government expenditure on secondary and post-secondary non-tertiary vocational education as a percentage of GDP (%),TGO,2012,.1905000060796738,,
XGDP.2T4.V.FSGOV,Government expenditure on secondary and post-secondary non-tertiary vocational education as a percentage of GDP (%),TGO,2013,.2002100050449371,,
XGDP.2T4.V.FSGOV,Government expenditure on secondary and post-secondary non-tertiary vocational education as a percentage of GDP (%),TGO,2014,.2081499993801117,,
XGDP.2T4.V.FSGOV,Government expenditure on secondary and post-secondary non-tertiary vocational education as a percentage of GDP (%),TGO,2015,.2221899926662445,,
XGDP.2T4.V.FSGOV,Government expenditure on secondary and post-secondary non-tertiary vocational education as a percentage of GDP (%),TGO,2016,.2188699990510941,,
XGDP.4.FSGOV,Government expenditure on post-secondary non-tertiary education as a percentage of GDP (%),TGO,1998,0,NIL,
XGDP.4.FSGOV,Government expenditure on post-secondary non-tertiary education as a percentage of GDP (%),TGO,1999,0,NIL,
XGDP.4.FSGOV,Government expenditure on post-secondary non-tertiary education as a percentage of GDP (%),TGO,2000,0,NIL,
XGDP.4.FSGOV,Government expenditure on post-secondary non-tertiary education as a percentage of GDP (%),TGO,2007,0,NIL,
XGDP.4.FSGOV,Government expenditure on post-secondary non-tertiary education as a percentage of GDP (%),TGO,2008,0,NIL,
XGDP.4.FSGOV,Government expenditure on post-secondary non-tertiary education as a percentage of GDP (%),TGO,2009,0,NIL,
XGDP.4.FSGOV,Government expenditure on post-secondary non-tertiary education as a percentage of GDP (%),TGO,2010,.001700000022538,,
XGDP.4.FSGOV,Government expenditure on post-secondary non-tertiary education as a percentage of GDP (%),TGO,2011,.0019600000232458,,
XGDP.4.FSGOV,Government expenditure on post-secondary non-tertiary education as a percentage of GDP (%),TGO,2012,.0111499996855855,,
XGDP.4.FSGOV,Government expenditure on post-secondary non-tertiary education as a percentage of GDP (%),TGO,2013,.0088200001046062,,
XGDP.4.FSGOV,Government expenditure on post-secondary non-tertiary education as a percentage of GDP (%),TGO,2014,.0142799997702241,,
XGDP.4.FSGOV,Government expenditure on post-secondary non-tertiary education as a percentage of GDP (%),TGO,2015,.0129599999636412,,
XGDP.4.FSGOV,Government expenditure on post-secondary non-tertiary education as a percentage of GDP (%),TGO,2016,.0148400003090501,,
XGDP.5T8.FSGOV,Government expenditure on tertiary education as a percentage of GDP (%),TGO,1970,.097850002348423,,
XGDP.5T8.FSGOV,Government expenditure on tertiary education as a percentage of GDP (%),TGO,1979,1.171919941902161,,
XGDP.5T8.FSGOV,Government expenditure on tertiary education as a percentage of GDP (%),TGO,1981,1.160869956016541,,
XGDP.5T8.FSGOV,Government expenditure on tertiary education as a percentage of GDP (%),TGO,1984,.9810199737548828,,
XGDP.5T8.FSGOV,Government expenditure on tertiary education as a percentage of GDP (%),TGO,1987,.8863700032234192,,
XGDP.5T8.FSGOV,Government expenditure on tertiary education as a percentage of GDP (%),TGO,1992,1.321380019187927,,
XGDP.5T8.FSGOV,Government expenditure on tertiary education as a percentage of GDP (%),TGO,1996,.726580023765564,,
XGDP.5T8.FSGOV,Government expenditure on tertiary education as a percentage of GDP (%),TGO,1998,.6145899891853333,,
XGDP.5T8.FSGOV,Government expenditure on tertiary education as a percentage of GDP (%),TGO,1999,.6517900228500366,,
XGDP.5T8.FSGOV,Government expenditure on tertiary education as a percentage of GDP (%),TGO,2000,.4827899932861328,,
XGDP.5T8.FSGOV,Government expenditure on tertiary education as a percentage of GDP (%),TGO,2007,.5328800082206726,,
XGDP.5T8.FSGOV,Government expenditure on tertiary education as a percentage of GDP (%),TGO,2008,.4793899953365326,,
XGDP.5T8.FSGOV,Government expenditure on tertiary education as a percentage of GDP (%),TGO,2009,.3998799920082092,,
XGDP.5T8.FSGOV,Government expenditure on tertiary education as a percentage of GDP (%),TGO,2010,.4952099919319153,,
XGDP.5T8.FSGOV,Government expenditure on tertiary education as a percentage of GDP (%),TGO,2011,.4930900037288666,,
XGDP.5T8.FSGOV,Government expenditure on tertiary education as a percentage of GDP (%),TGO,2012,.6195899844169617,,
XGDP.5T8.FSGOV,Government expenditure on tertiary education as a percentage of GDP (%),TGO,2013,.7050899863243103,,
XGDP.5T8.FSGOV,Government expenditure on tertiary education as a percentage of GDP (%),TGO,2014,.7425900101661682,,
XGDP.5T8.FSGOV,Government expenditure on tertiary education as a percentage of GDP (%),TGO,2015,.6429799795150757,,
XGDP.5T8.FSGOV,Government expenditure on tertiary education as a percentage of GDP (%),TGO,2016,.656790018081665,,
XGDP.5T8.FSGOV,Government expenditure on tertiary education as a percentage of GDP (%),TGO,2017,.6680099964141846,,
XSPENDP.4.FDPUB.FNCAP,Capital expenditure as a percentage of total expenditure in post-secondary non-tertiary public institutions (%),TGO,2009,0,NIL,
XSPENDP.4.FDPUB.FNCAP,Capital expenditure as a percentage of total expenditure in post-secondary non-tertiary public institutions (%),TGO,2012,0,NIL,
XSPENDP.4.FDPUB.FNCAP,Capital expenditure as a percentage of total expenditure in post-secondary non-tertiary public institutions (%),TGO,2013,0,NIL,
XSPENDP.4.FDPUB.FNCAP,Capital expenditure as a percentage of total expenditure in post-secondary non-tertiary public institutions (%),TGO,2014,.250330001115799,,
XSPENDP.4.FDPUB.FNCAP,Capital expenditure as a percentage of total expenditure in post-secondary non-tertiary public institutions (%),TGO,2015,.7434800267219543,,
XSPENDP.4.FDPUB.FNCAP,Capital expenditure as a percentage of total expenditure in post-secondary non-tertiary public institutions (%),TGO,2016,.5094500184059143,,
XSPENDP.4.FDPUB.FNCUR,Current expenditure as a percentage of total expenditure in post-secondary non-tertiary public institutions (%),TGO,2012,100,,
XSPENDP.4.FDPUB.FNCUR,Current expenditure as a percentage of total expenditure in post-secondary non-tertiary public institutions (%),TGO,2013,100,,
XSPENDP.4.FDPUB.FNCUR,Current expenditure as a percentage of total expenditure in post-secondary non-tertiary public institutions (%),TGO,2014,99.74967193603516,,
XSPENDP.4.FDPUB.FNCUR,Current expenditure as a percentage of total expenditure in post-secondary non-tertiary public institutions (%),TGO,2015,99.25652313232422,,
XSPENDP.4.FDPUB.FNCUR,Current expenditure as a percentage of total expenditure in post-secondary non-tertiary public institutions (%),TGO,2016,99.49054718017578,,
XSPENDP.4.FDPUB.FNNONS,Current expenditure other than staff compensation as a percentage of total expenditure in post-secondary non-tertiary public institutions (%),TGO,2014,75.30519104003906,,
XSPENDP.4.FDPUB.FNNONS,Current expenditure other than staff compensation as a percentage of total expenditure in post-secondary non-tertiary public institutions (%),TGO,2015,74.50478363037109,,
XSPENDP.4.FDPUB.FNNONS,Current expenditure other than staff compensation as a percentage of total expenditure in post-secondary non-tertiary public institutions (%),TGO,2016,80.64778900146484,,
XSPENDP.4.FDPUB.FNNTS,Non-teaching staff compensation as a percentage of total expenditure in post-secondary non-tertiary public institutions (%),TGO,2014,2.443010091781616,,
XSPENDP.4.FDPUB.FNNTS,Non-teaching staff compensation as a percentage of total expenditure in post-secondary non-tertiary public institutions (%),TGO,2015,2.657210111618042,,
XSPENDP.4.FDPUB.FNNTS,Non-teaching staff compensation as a percentage of total expenditure in post-secondary non-tertiary public institutions (%),TGO,2016,1.955399990081787,,
XSPENDP.4.FDPUB.FNS,All staff compensation as a percentage of total expenditure in post-secondary non-tertiary public institutions (%),TGO,2014,24.44448089599609,,
XSPENDP.4.FDPUB.FNS,All staff compensation as a percentage of total expenditure in post-secondary non-tertiary public institutions (%),TGO,2015,24.75173950195313,,
XSPENDP.4.FDPUB.FNS,All staff compensation as a percentage of total expenditure in post-secondary non-tertiary public institutions (%),TGO,2016,18.84276008605957,,
XSPENDP.4.FDPUB.FNTS,Teaching staff compensation as a percentage of total expenditure in post-secondary non-tertiary public institutions (%),TGO,2009,0,NIL,
XSPENDP.4.FDPUB.FNTS,Teaching staff compensation as a percentage of total expenditure in post-secondary non-tertiary public institutions (%),TGO,2014,22.0014705657959,,
XSPENDP.4.FDPUB.FNTS,Teaching staff compensation as a percentage of total expenditure in post-secondary non-tertiary public institutions (%),TGO,2015,22.09453010559082,,
XSPENDP.4.FDPUB.FNTS,Teaching staff compensation as a percentage of total expenditure in post-secondary non-tertiary public institutions (%),TGO,2016,16.88736915588379,,
XSPENDP.5T8.FDPUB.FNCAP,Capital expenditure as a percentage of total expenditure in tertiary public institutions (%),TGO,1998,.553659975528717,,
XSPENDP.5T8.FDPUB.FNCAP,Capital expenditure as a percentage of total expenditure in tertiary public institutions (%),TGO,2000,.2768499851226807,,
XSPENDP.5T8.FDPUB.FNCAP,Capital expenditure as a percentage of total expenditure in tertiary public institutions (%),TGO,2010,2.407569885253906,,
XSPENDP.5T8.FDPUB.FNCAP,Capital expenditure as a percentage of total expenditure in tertiary public institutions (%),TGO,2011,7.222219944000244,,
XSPENDP.5T8.FDPUB.FNCAP,Capital expenditure as a percentage of total expenditure in tertiary public institutions (%),TGO,2014,11.6119499206543,,
XSPENDP.5T8.FDPUB.FNCAP,Capital expenditure as a percentage of total expenditure in tertiary public institutions (%),TGO,2015,9.016300201416016,,
XSPENDP.5T8.FDPUB.FNCAP,Capital expenditure as a percentage of total expenditure in tertiary public institutions (%),TGO,2016,9.696379661560059,,
XSPENDP.5T8.FDPUB.FNCAP,Capital expenditure as a percentage of total expenditure in tertiary public institutions (%),TGO,2017,.4113200008869171,,
XSPENDP.5T8.FDPUB.FNCUR,Current expenditure as a percentage of total expenditure in tertiary public institutions (%),TGO,1998,99.44634246826172,,
XSPENDP.5T8.FDPUB.FNCUR,Current expenditure as a percentage of total expenditure in tertiary public institutions (%),TGO,2000,99.72315216064453,,
XSPENDP.5T8.FDPUB.FNCUR,Current expenditure as a percentage of total expenditure in tertiary public institutions (%),TGO,2010,97.59243011474609,,
XSPENDP.5T8.FDPUB.FNCUR,Current expenditure as a percentage of total expenditure in tertiary public institutions (%),TGO,2011,92.77777862548828,,
XSPENDP.5T8.FDPUB.FNCUR,Current expenditure as a percentage of total expenditure in tertiary public institutions (%),TGO,2012,100,,
XSPENDP.5T8.FDPUB.FNCUR,Current expenditure as a percentage of total expenditure in tertiary public institutions (%),TGO,2013,100,,
XSPENDP.5T8.FDPUB.FNCUR,Current expenditure as a percentage of total expenditure in tertiary public institutions (%),TGO,2014,88.38804626464844,,
XSPENDP.5T8.FDPUB.FNCUR,Current expenditure as a percentage of total expenditure in tertiary public institutions (%),TGO,2015,90.98370361328125,,
XSPENDP.5T8.FDPUB.FNCUR,Current expenditure as a percentage of total expenditure in tertiary public institutions (%),TGO,2016,90.30361938476563,,
XSPENDP.5T8.FDPUB.FNCUR,Current expenditure as a percentage of total expenditure in tertiary public institutions (%),TGO,2017,99.58867645263672,,
XSPENDP.5T8.FDPUB.FNNONS,Current expenditure other than staff compensation as a percentage of total expenditure in tertiary public institutions (%),TGO,1998,52.63391876220703,,
XSPENDP.5T8.FDPUB.FNNONS,Current expenditure other than staff compensation as a percentage of total expenditure in tertiary public institutions (%),TGO,2000,50.31837844848633,,
XSPENDP.5T8.FDPUB.FNNONS,Current expenditure other than staff compensation as a percentage of total expenditure in tertiary public institutions (%),TGO,2010,37.05932998657227,,
XSPENDP.5T8.FDPUB.FNNONS,Current expenditure other than staff compensation as a percentage of total expenditure in tertiary public institutions (%),TGO,2011,38.88888931274414,,
XSPENDP.5T8.FDPUB.FNNONS,Current expenditure other than staff compensation as a percentage of total expenditure in tertiary public institutions (%),TGO,2014,28.78730010986328,,
XSPENDP.5T8.FDPUB.FNNONS,Current expenditure other than staff compensation as a percentage of total expenditure in tertiary public institutions (%),TGO,2015,7.302989959716797,,
XSPENDP.5T8.FDPUB.FNNONS,Current expenditure other than staff compensation as a percentage of total expenditure in tertiary public institutions (%),TGO,2016,6.980100154876709,,
XSPENDP.5T8.FDPUB.FNNONS,Current expenditure other than staff compensation as a percentage of total expenditure in tertiary public institutions (%),TGO,2017,20.3979606628418,,
XSPENDP.5T8.FDPUB.FNNTS,Non-teaching staff compensation as a percentage of total expenditure in tertiary public institutions (%),TGO,2014,21.90029907226563,,
XSPENDP.5T8.FDPUB.FNNTS,Non-teaching staff compensation as a percentage of total expenditure in tertiary public institutions (%),TGO,2015,30.30771064758301,,
XSPENDP.5T8.FDPUB.FNNTS,Non-teaching staff compensation as a percentage of total expenditure in tertiary public institutions (%),TGO,2016,30.12671089172363,,
XSPENDP.5T8.FDPUB.FNS,All staff compensation as a percentage of total expenditure in tertiary public institutions (%),TGO,1998,46.81241989135742,,
XSPENDP.5T8.FDPUB.FNS,All staff compensation as a percentage of total expenditure in tertiary public institutions (%),TGO,2000,49.40475845336914,,
XSPENDP.5T8.FDPUB.FNS,All staff compensation as a percentage of total expenditure in tertiary public institutions (%),TGO,2010,60.53310012817383,,
XSPENDP.5T8.FDPUB.FNS,All staff compensation as a percentage of total expenditure in tertiary public institutions (%),TGO,2011,53.88888931274414,,
XSPENDP.5T8.FDPUB.FNS,All staff compensation as a percentage of total expenditure in tertiary public institutions (%),TGO,2014,59.60074996948242,,
XSPENDP.5T8.FDPUB.FNS,All staff compensation as a percentage of total expenditure in tertiary public institutions (%),TGO,2015,83.68070983886719,,
XSPENDP.5T8.FDPUB.FNS,All staff compensation as a percentage of total expenditure in tertiary public institutions (%),TGO,2016,83.32351684570313,,
XSPENDP.5T8.FDPUB.FNS,All staff compensation as a percentage of total expenditure in tertiary public institutions (%),TGO,2017,79.19071960449219,,
XSPENDP.5T8.FDPUB.FNTS,Teaching staff compensation as a percentage of total expenditure in tertiary public institutions (%),TGO,2014,37.700439453125,,
XSPENDP.5T8.FDPUB.FNTS,Teaching staff compensation as a percentage of total expenditure in tertiary public institutions (%),TGO,2015,53.37298965454102,,
XSPENDP.5T8.FDPUB.FNTS,Teaching staff compensation as a percentage of total expenditure in tertiary public institutions (%),TGO,2016,53.19681167602539,,
