indicator_id,indicator_label_en,country_id,year,value,magnitude,qualifier
CR.1,"Completion rate, primary education, both sexes (%)",TGO,2000,42.96,,
CR.1,"Completion rate, primary education, both sexes (%)",TGO,2006,60.79055023193359,,
CR.1,"Completion rate, primary education, both sexes (%)",TGO,2010,57.44461059570313,,
CR.1,"Completion rate, primary education, both sexes (%)",TGO,2014,61.28725051879883,,
CR.1,"Completion rate, primary education, both sexes (%)",TGO,2017,79.82733154296875,,
CR.1,"Completion rate, primary education, both sexes (%)",TGO,2022,79.05648040771484,,
CR.1.ABL,"Completion rate, primary education, not disabled, both sexes (%)",TGO,2022,79.52826690673828,,
CR.1.ABL.F,"Completion rate, primary education, not disabled, female (%)",TGO,2022,76.43618774414063,,
CR.1.ABL.GPIA,"Completion rate, primary education, not disabled, adjusted gender parity index (GPIA)",TGO,2022,.9234300255775452,,
CR.1.ABL.M,"Completion rate, primary education, not disabled, male (%)",TGO,2022,82.77413177490234,,
CR.1.F,"Completion rate, primary education, female (%)",TGO,2000,35.45,,
CR.1.F,"Completion rate, primary education, female (%)",TGO,2006,59.20272064208984,,
CR.1.F,"Completion rate, primary education, female (%)",TGO,2010,53.48973083496094,,
CR.1.F,"Completion rate, primary education, female (%)",TGO,2014,57.59164047241211,,
CR.1.F,"Completion rate, primary education, female (%)",TGO,2017,76.37194061279297,,
CR.1.F,"Completion rate, primary education, female (%)",TGO,2022,76.20864868164063,,
CR.1.F.LPIA,"Completion rate, primary education, female, adjusted location parity index (LPIA)",TGO,2006,.6143800020217896,,
CR.1.F.LPIA,"Completion rate, primary education, female, adjusted location parity index (LPIA)",TGO,2010,.5476999878883362,,
CR.1.F.LPIA,"Completion rate, primary education, female, adjusted location parity index (LPIA)",TGO,2014,.6519899964332581,,
CR.1.F.LPIA,"Completion rate, primary education, female, adjusted location parity index (LPIA)",TGO,2017,.8681300282478333,,
CR.1.F.LPIA,"Completion rate, primary education, female, adjusted location parity index (LPIA)",TGO,2022,.7748100161552429,,
CR.1.F.WPIA,"Completion rate, primary education, female, adjusted wealth parity index (WPIA)",TGO,2006,.3256300091743469,,
CR.1.F.WPIA,"Completion rate, primary education, female, adjusted wealth parity index (WPIA)",TGO,2010,.323419988155365,,
CR.1.F.WPIA,"Completion rate, primary education, female, adjusted wealth parity index (WPIA)",TGO,2014,.4194700121879578,,
CR.1.F.WPIA,"Completion rate, primary education, female, adjusted wealth parity index (WPIA)",TGO,2017,.67194002866745,,
CR.1.GPIA,"Completion rate, primary education, adjusted gender parity index (GPIA)",TGO,2000,.7273286581039429,,
CR.1.GPIA,"Completion rate, primary education, adjusted gender parity index (GPIA)",TGO,2006,.9583600163459778,,
CR.1.GPIA,"Completion rate, primary education, adjusted gender parity index (GPIA)",TGO,2010,.8803099989891052,,
CR.1.GPIA,"Completion rate, primary education, adjusted gender parity index (GPIA)",TGO,2014,.8921399712562561,,
CR.1.GPIA,"Completion rate, primary education, adjusted gender parity index (GPIA)",TGO,2017,.9197900295257568,,
CR.1.GPIA,"Completion rate, primary education, adjusted gender parity index (GPIA)",TGO,2022,.928600013256073,,
CR.1.LPIA,"Completion rate, primary education, adjusted location parity index (LPIA)",TGO,2000,.5375128388404846,,
CR.1.LPIA,"Completion rate, primary education, adjusted location parity index (LPIA)",TGO,2006,.6206300258636475,,
CR.1.LPIA,"Completion rate, primary education, adjusted location parity index (LPIA)",TGO,2010,.6144800186157227,,
CR.1.LPIA,"Completion rate, primary education, adjusted location parity index (LPIA)",TGO,2014,.6693900227546692,,
CR.1.LPIA,"Completion rate, primary education, adjusted location parity index (LPIA)",TGO,2017,.8823400139808655,,
CR.1.LPIA,"Completion rate, primary education, adjusted location parity index (LPIA)",TGO,2022,.8156999945640564,,
CR.1.M,"Completion rate, primary education, male (%)",TGO,2000,48.74,,
CR.1.M,"Completion rate, primary education, male (%)",TGO,2006,61.77471923828125,,
CR.1.M,"Completion rate, primary education, male (%)",TGO,2010,60.7624397277832,,
CR.1.M,"Completion rate, primary education, male (%)",TGO,2014,64.55419921875,,
CR.1.M,"Completion rate, primary education, male (%)",TGO,2017,83.03211975097656,,
CR.1.M,"Completion rate, primary education, male (%)",TGO,2022,82.06855773925781,,
CR.1.M.LPIA,"Completion rate, primary education, male, adjusted location parity index (LPIA)",TGO,2006,.6066700220108032,,
CR.1.M.LPIA,"Completion rate, primary education, male, adjusted location parity index (LPIA)",TGO,2010,.6523900032043457,,
CR.1.M.LPIA,"Completion rate, primary education, male, adjusted location parity index (LPIA)",TGO,2014,.6704199910163879,,
CR.1.M.LPIA,"Completion rate, primary education, male, adjusted location parity index (LPIA)",TGO,2017,.8815299868583679,,
CR.1.M.LPIA,"Completion rate, primary education, male, adjusted location parity index (LPIA)",TGO,2022,.8485900163650513,,
CR.1.M.WPIA,"Completion rate, primary education, male, adjusted wealth parity index (WPIA)",TGO,2006,.422760009765625,,
CR.1.M.WPIA,"Completion rate, primary education, male, adjusted wealth parity index (WPIA)",TGO,2010,.3609800040721893,,
CR.1.M.WPIA,"Completion rate, primary education, male, adjusted wealth parity index (WPIA)",TGO,2014,.5218499898910522,,
CR.1.M.WPIA,"Completion rate, primary education, male, adjusted wealth parity index (WPIA)",TGO,2017,.7014099955558777,,
CR.1.Q1,"Completion rate, primary education, poorest quintile, both sexes (%)",TGO,2000,26.02,,
CR.1.Q1,"Completion rate, primary education, poorest quintile, both sexes (%)",TGO,2006,34.10369873046875,,
CR.1.Q1,"Completion rate, primary education, poorest quintile, both sexes (%)",TGO,2010,29.64969062805176,,
CR.1.Q1,"Completion rate, primary education, poorest quintile, both sexes (%)",TGO,2014,40.53144073486328,,
CR.1.Q1,"Completion rate, primary education, poorest quintile, both sexes (%)",TGO,2017,62.36946105957031,,
CR.1.Q1.F,"Completion rate, primary education, poorest quintile, female (%)",TGO,2006,23.79367065429688,,
CR.1.Q1.F,"Completion rate, primary education, poorest quintile, female (%)",TGO,2010,23.77396011352539,,
CR.1.Q1.F,"Completion rate, primary education, poorest quintile, female (%)",TGO,2014,34.04716110229492,,
CR.1.Q1.F,"Completion rate, primary education, poorest quintile, female (%)",TGO,2017,55.15414810180664,,
CR.1.Q1.GPIA,"Completion rate, primary education, poorest quintile, adjusted gender parity index (GPIA)",TGO,2006,.6178399920463562,,
CR.1.Q1.GPIA,"Completion rate, primary education, poorest quintile, adjusted gender parity index (GPIA)",TGO,2010,.7123799920082092,,
CR.1.Q1.GPIA,"Completion rate, primary education, poorest quintile, adjusted gender parity index (GPIA)",TGO,2014,.74617999792099,,
CR.1.Q1.GPIA,"Completion rate, primary education, poorest quintile, adjusted gender parity index (GPIA)",TGO,2017,.8180299997329712,,
CR.1.Q1.M,"Completion rate, primary education, poorest quintile, male (%)",TGO,2006,38.5112190246582,,
CR.1.Q1.M,"Completion rate, primary education, poorest quintile, male (%)",TGO,2010,33.37245178222656,,
CR.1.Q1.M,"Completion rate, primary education, poorest quintile, male (%)",TGO,2014,45.62860870361328,,
CR.1.Q1.M,"Completion rate, primary education, poorest quintile, male (%)",TGO,2017,67.42353820800781,,
CR.1.Q2,"Completion rate, primary education, second quintile, both sexes (%)",TGO,2000,24.93,,
CR.1.Q2,"Completion rate, primary education, second quintile, both sexes (%)",TGO,2006,42.405029296875,,
CR.1.Q2,"Completion rate, primary education, second quintile, both sexes (%)",TGO,2010,41.80265045166016,,
CR.1.Q2,"Completion rate, primary education, second quintile, both sexes (%)",TGO,2014,45.40353012084961,,
CR.1.Q2,"Completion rate, primary education, second quintile, both sexes (%)",TGO,2017,77.26222229003906,,
CR.1.Q2.F,"Completion rate, primary education, second quintile, female (%)",TGO,2006,39.83282852172852,,
CR.1.Q2.F,"Completion rate, primary education, second quintile, female (%)",TGO,2010,31.93379020690918,,
CR.1.Q2.F,"Completion rate, primary education, second quintile, female (%)",TGO,2014,41.44419097900391,,
CR.1.Q2.F,"Completion rate, primary education, second quintile, female (%)",TGO,2017,71.13585662841797,,
CR.1.Q2.GPIA,"Completion rate, primary education, second quintile, adjusted gender parity index (GPIA)",TGO,2006,.9154700040817261,,
CR.1.Q2.GPIA,"Completion rate, primary education, second quintile, adjusted gender parity index (GPIA)",TGO,2010,.6543099880218506,,
CR.1.Q2.GPIA,"Completion rate, primary education, second quintile, adjusted gender parity index (GPIA)",TGO,2014,.8607800006866455,,
CR.1.Q2.GPIA,"Completion rate, primary education, second quintile, adjusted gender parity index (GPIA)",TGO,2017,.8665400147438049,,
CR.1.Q2.LPIA,"Completion rate, primary education, second quintile, adjusted location parity index (LPIA)",TGO,2006,.9009900093078613,,
CR.1.Q2.M,"Completion rate, primary education, second quintile, male (%)",TGO,2006,43.51079940795898,,
CR.1.Q2.M,"Completion rate, primary education, second quintile, male (%)",TGO,2010,48.80527114868164,,
CR.1.Q2.M,"Completion rate, primary education, second quintile, male (%)",TGO,2014,48.14743041992188,,
CR.1.Q2.M,"Completion rate, primary education, second quintile, male (%)",TGO,2017,82.091552734375,,
CR.1.Q3,"Completion rate, primary education, middle quintile, both sexes (%)",TGO,2000,36.83,,
CR.1.Q3,"Completion rate, primary education, middle quintile, both sexes (%)",TGO,2006,58.74563980102539,,
CR.1.Q3,"Completion rate, primary education, middle quintile, both sexes (%)",TGO,2010,57.37215042114258,,
CR.1.Q3,"Completion rate, primary education, middle quintile, both sexes (%)",TGO,2014,66.55742645263672,,
CR.1.Q3,"Completion rate, primary education, middle quintile, both sexes (%)",TGO,2017,81.50283050537109,,
CR.1.Q3.F,"Completion rate, primary education, middle quintile, female (%)",TGO,2006,55.57294082641602,,
CR.1.Q3.F,"Completion rate, primary education, middle quintile, female (%)",TGO,2010,51.85995101928711,,
CR.1.Q3.F,"Completion rate, primary education, middle quintile, female (%)",TGO,2014,60.37699127197266,,
CR.1.Q3.F,"Completion rate, primary education, middle quintile, female (%)",TGO,2017,79.20378112792969,,
CR.1.Q3.F.LPIA,"Completion rate, primary education, middle quintile, female, adjusted location parity index (LPIA)",TGO,2006,1.176040053367615,,
CR.1.Q3.F.LPIA,"Completion rate, primary education, middle quintile, female, adjusted location parity index (LPIA)",TGO,2010,.6873700022697449,,
CR.1.Q3.F.LPIA,"Completion rate, primary education, middle quintile, female, adjusted location parity index (LPIA)",TGO,2017,1.058030009269714,,
CR.1.Q3.GPIA,"Completion rate, primary education, middle quintile, adjusted gender parity index (GPIA)",TGO,2006,.9201200008392334,,
CR.1.Q3.GPIA,"Completion rate, primary education, middle quintile, adjusted gender parity index (GPIA)",TGO,2010,.8413500189781189,,
CR.1.Q3.GPIA,"Completion rate, primary education, middle quintile, adjusted gender parity index (GPIA)",TGO,2014,.8367699980735779,,
CR.1.Q3.GPIA,"Completion rate, primary education, middle quintile, adjusted gender parity index (GPIA)",TGO,2017,.9496099948883057,,
CR.1.Q3.LPIA,"Completion rate, primary education, middle quintile, adjusted location parity index (LPIA)",TGO,2006,1.137159943580627,,
CR.1.Q3.LPIA,"Completion rate, primary education, middle quintile, adjusted location parity index (LPIA)",TGO,2010,.8442000150680542,,
CR.1.Q3.LPIA,"Completion rate, primary education, middle quintile, adjusted location parity index (LPIA)",TGO,2014,.9640200138092041,,
CR.1.Q3.LPIA,"Completion rate, primary education, middle quintile, adjusted location parity index (LPIA)",TGO,2017,1.029999971389771,,
CR.1.Q3.M,"Completion rate, primary education, middle quintile, male (%)",TGO,2006,60.39754104614258,,
CR.1.Q3.M,"Completion rate, primary education, middle quintile, male (%)",TGO,2010,61.63919067382813,,
CR.1.Q3.M,"Completion rate, primary education, middle quintile, male (%)",TGO,2014,72.15514373779297,,
CR.1.Q3.M,"Completion rate, primary education, middle quintile, male (%)",TGO,2017,83.40679168701172,,
CR.1.Q3.M.LPIA,"Completion rate, primary education, middle quintile, male, adjusted location parity index (LPIA)",TGO,2006,1.108479976654053,,
CR.1.Q3.M.LPIA,"Completion rate, primary education, middle quintile, male, adjusted location parity index (LPIA)",TGO,2010,.9784799814224243,,
CR.1.Q3.M.LPIA,"Completion rate, primary education, middle quintile, male, adjusted location parity index (LPIA)",TGO,2017,1.011039972305298,,
CR.1.Q4,"Completion rate, primary education, fourth quintile, both sexes (%)",TGO,2000,46.38,,
CR.1.Q4,"Completion rate, primary education, fourth quintile, both sexes (%)",TGO,2006,74.668212890625,,
CR.1.Q4,"Completion rate, primary education, fourth quintile, both sexes (%)",TGO,2010,71.38139343261719,,
CR.1.Q4,"Completion rate, primary education, fourth quintile, both sexes (%)",TGO,2014,73.65013122558594,,
CR.1.Q4,"Completion rate, primary education, fourth quintile, both sexes (%)",TGO,2017,86.85002136230469,,
CR.1.Q4.F,"Completion rate, primary education, fourth quintile, female (%)",TGO,2006,74.11109924316406,,
CR.1.Q4.F,"Completion rate, primary education, fourth quintile, female (%)",TGO,2010,68.78695678710938,,
CR.1.Q4.F,"Completion rate, primary education, fourth quintile, female (%)",TGO,2014,64.90899658203125,,
CR.1.Q4.F,"Completion rate, primary education, fourth quintile, female (%)",TGO,2017,85.83621215820313,,
CR.1.Q4.F.LPIA,"Completion rate, primary education, fourth quintile, female, adjusted location parity index (LPIA)",TGO,2006,.8072500228881836,,
CR.1.Q4.F.LPIA,"Completion rate, primary education, fourth quintile, female, adjusted location parity index (LPIA)",TGO,2010,.8114399909973145,,
CR.1.Q4.F.LPIA,"Completion rate, primary education, fourth quintile, female, adjusted location parity index (LPIA)",TGO,2014,1.02512001991272,,
CR.1.Q4.F.LPIA,"Completion rate, primary education, fourth quintile, female, adjusted location parity index (LPIA)",TGO,2017,1.003960013389587,,
CR.1.Q4.GPIA,"Completion rate, primary education, fourth quintile, adjusted gender parity index (GPIA)",TGO,2006,.987060010433197,,
CR.1.Q4.GPIA,"Completion rate, primary education, fourth quintile, adjusted gender parity index (GPIA)",TGO,2010,.9373099803924561,,
CR.1.Q4.GPIA,"Completion rate, primary education, fourth quintile, adjusted gender parity index (GPIA)",TGO,2014,.8091899752616882,,
CR.1.Q4.GPIA,"Completion rate, primary education, fourth quintile, adjusted gender parity index (GPIA)",TGO,2017,.9771400094032288,,
CR.1.Q4.LPIA,"Completion rate, primary education, fourth quintile, adjusted location parity index (LPIA)",TGO,2006,.79066002368927,,
CR.1.Q4.LPIA,"Completion rate, primary education, fourth quintile, adjusted location parity index (LPIA)",TGO,2010,.8662199974060059,,
CR.1.Q4.LPIA,"Completion rate, primary education, fourth quintile, adjusted location parity index (LPIA)",TGO,2014,1.040949940681458,,
CR.1.Q4.LPIA,"Completion rate, primary education, fourth quintile, adjusted location parity index (LPIA)",TGO,2017,1.017300009727478,,
CR.1.Q4.M,"Completion rate, primary education, fourth quintile, male (%)",TGO,2006,75.08244323730469,,
CR.1.Q4.M,"Completion rate, primary education, fourth quintile, male (%)",TGO,2010,73.38778686523438,,
CR.1.Q4.M,"Completion rate, primary education, fourth quintile, male (%)",TGO,2014,80.21449279785156,,
CR.1.Q4.M,"Completion rate, primary education, fourth quintile, male (%)",TGO,2017,87.84465026855469,,
CR.1.Q4.M.LPIA,"Completion rate, primary education, fourth quintile, male, adjusted location parity index (LPIA)",TGO,2006,.7771700024604797,,
CR.1.Q4.M.LPIA,"Completion rate, primary education, fourth quintile, male, adjusted location parity index (LPIA)",TGO,2010,.9180399775505066,,
CR.1.Q4.M.LPIA,"Completion rate, primary education, fourth quintile, male, adjusted location parity index (LPIA)",TGO,2014,1.077460050582886,,
CR.1.Q4.M.LPIA,"Completion rate, primary education, fourth quintile, male, adjusted location parity index (LPIA)",TGO,2017,1.023800015449524,,
CR.1.Q5,"Completion rate, primary education, richest quintile, both sexes (%)",TGO,2000,65.83,,
CR.1.Q5,"Completion rate, primary education, richest quintile, both sexes (%)",TGO,2006,82.12497711181641,,
CR.1.Q5,"Completion rate, primary education, richest quintile, both sexes (%)",TGO,2010,81.18750762939453,,
CR.1.Q5,"Completion rate, primary education, richest quintile, both sexes (%)",TGO,2014,83.68318939208984,,
CR.1.Q5,"Completion rate, primary education, richest quintile, both sexes (%)",TGO,2017,87.88287353515625,,
CR.1.Q5.F,"Completion rate, primary education, richest quintile, female (%)",TGO,2006,73.0703125,,
CR.1.Q5.F,"Completion rate, primary education, richest quintile, female (%)",TGO,2010,73.50743103027344,,
CR.1.Q5.F,"Completion rate, primary education, richest quintile, female (%)",TGO,2014,81.16641998291016,,
CR.1.Q5.F,"Completion rate, primary education, richest quintile, female (%)",TGO,2017,82.08168029785156,,
CR.1.Q5.F.LPIA,"Completion rate, primary education, richest quintile, female, adjusted location parity index (LPIA)",TGO,2017,1.055269956588745,,
CR.1.Q5.GPIA,"Completion rate, primary education, richest quintile, adjusted gender parity index (GPIA)",TGO,2006,.8021399974822998,,
CR.1.Q5.GPIA,"Completion rate, primary education, richest quintile, adjusted gender parity index (GPIA)",TGO,2010,.7951200008392334,,
CR.1.Q5.GPIA,"Completion rate, primary education, richest quintile, adjusted gender parity index (GPIA)",TGO,2014,.9282900094985962,,
CR.1.Q5.GPIA,"Completion rate, primary education, richest quintile, adjusted gender parity index (GPIA)",TGO,2017,.8539000153541565,,
CR.1.Q5.LPIA,"Completion rate, primary education, richest quintile, adjusted location parity index (LPIA)",TGO,2010,1.144000053405762,,
CR.1.Q5.LPIA,"Completion rate, primary education, richest quintile, adjusted location parity index (LPIA)",TGO,2017,1.04558002948761,,
CR.1.Q5.M,"Completion rate, primary education, richest quintile, male (%)",TGO,2006,91.09372711181641,,
CR.1.Q5.M,"Completion rate, primary education, richest quintile, male (%)",TGO,2010,92.44854736328125,,
CR.1.Q5.M,"Completion rate, primary education, richest quintile, male (%)",TGO,2014,87.43634033203125,,
CR.1.Q5.M,"Completion rate, primary education, richest quintile, male (%)",TGO,2017,96.12542724609375,,
CR.1.Q5.M.LPIA,"Completion rate, primary education, richest quintile, male, adjusted location parity index (LPIA)",TGO,2017,1.044829964637756,,
CR.1.RUR,"Completion rate, primary education, rural, both sexes (%)",TGO,2000,31.38,,
CR.1.RUR,"Completion rate, primary education, rural, both sexes (%)",TGO,2006,48.09798812866211,,
CR.1.RUR,"Completion rate, primary education, rural, both sexes (%)",TGO,2010,46.11277008056641,,
CR.1.RUR,"Completion rate, primary education, rural, both sexes (%)",TGO,2014,51.87408065795898,,
CR.1.RUR,"Completion rate, primary education, rural, both sexes (%)",TGO,2017,75.63488006591797,,
CR.1.RUR,"Completion rate, primary education, rural, both sexes (%)",TGO,2022,71.18327331542969,,
CR.1.RUR.F,"Completion rate, primary education, rural, female (%)",TGO,2006,44.43101119995117,,
CR.1.RUR.F,"Completion rate, primary education, rural, female (%)",TGO,2010,39.36109924316406,,
CR.1.RUR.F,"Completion rate, primary education, rural, female (%)",TGO,2014,47.35675048828125,,
CR.1.RUR.F,"Completion rate, primary education, rural, female (%)",TGO,2017,71.39483642578125,,
CR.1.RUR.F,"Completion rate, primary education, rural, female (%)",TGO,2022,66.23941802978516,,
CR.1.RUR.F.WPIA,"Completion rate, primary education, rural, female, adjusted wealth parity index (WPIA)",TGO,2017,.640500009059906,,
CR.1.RUR.GPIA,"Completion rate, primary education, rural, adjusted gender parity index (GPIA)",TGO,2006,.8922399878501892,,
CR.1.RUR.GPIA,"Completion rate, primary education, rural, adjusted gender parity index (GPIA)",TGO,2010,.7705399990081787,,
CR.1.RUR.GPIA,"Completion rate, primary education, rural, adjusted gender parity index (GPIA)",TGO,2014,.8541399836540222,,
CR.1.RUR.GPIA,"Completion rate, primary education, rural, adjusted gender parity index (GPIA)",TGO,2017,.903249979019165,,
CR.1.RUR.GPIA,"Completion rate, primary education, rural, adjusted gender parity index (GPIA)",TGO,2022,.8733100295066833,,
CR.1.RUR.M,"Completion rate, primary education, rural, male (%)",TGO,2006,49.79737091064453,,
CR.1.RUR.M,"Completion rate, primary education, rural, male (%)",TGO,2010,51.08234024047852,,
CR.1.RUR.M,"Completion rate, primary education, rural, male (%)",TGO,2014,55.44363021850586,,
CR.1.RUR.M,"Completion rate, primary education, rural, male (%)",TGO,2017,79.04247283935547,,
CR.1.RUR.M,"Completion rate, primary education, rural, male (%)",TGO,2022,75.84873962402344,,
CR.1.RUR.M.WPIA,"Completion rate, primary education, rural, male, adjusted wealth parity index (WPIA)",TGO,2017,.6742399930953979,,
CR.1.RUR.Q1,"Completion rate, primary education, rural, poorest quintile, both sexes (%)",TGO,2006,34.25490188598633,,
CR.1.RUR.Q1,"Completion rate, primary education, rural, poorest quintile, both sexes (%)",TGO,2010,29.76584053039551,,
CR.1.RUR.Q1,"Completion rate, primary education, rural, poorest quintile, both sexes (%)",TGO,2014,40.42184829711914,,
CR.1.RUR.Q1,"Completion rate, primary education, rural, poorest quintile, both sexes (%)",TGO,2017,62.36946105957031,,
CR.1.RUR.Q1.F,"Completion rate, primary education, rural, poorest quintile, female (%)",TGO,2006,23.5297794342041,,
CR.1.RUR.Q1.F,"Completion rate, primary education, rural, poorest quintile, female (%)",TGO,2010,24.32711982727051,,
CR.1.RUR.Q1.F,"Completion rate, primary education, rural, poorest quintile, female (%)",TGO,2014,33.9834098815918,,
CR.1.RUR.Q1.F,"Completion rate, primary education, rural, poorest quintile, female (%)",TGO,2017,55.15414810180664,,
CR.1.RUR.Q1.GPIA,"Completion rate, primary education, rural, poorest quintile, adjusted gender parity index (GPIA)",TGO,2006,.6059499979019165,,
CR.1.RUR.Q1.GPIA,"Completion rate, primary education, rural, poorest quintile, adjusted gender parity index (GPIA)",TGO,2010,.7330899834632874,,
CR.1.RUR.Q1.GPIA,"Completion rate, primary education, rural, poorest quintile, adjusted gender parity index (GPIA)",TGO,2014,.7488399744033813,,
CR.1.RUR.Q1.GPIA,"Completion rate, primary education, rural, poorest quintile, adjusted gender parity index (GPIA)",TGO,2017,.8180299997329712,,
CR.1.RUR.Q1.M,"Completion rate, primary education, rural, poorest quintile, male (%)",TGO,2006,38.83135986328125,,
CR.1.RUR.Q1.M,"Completion rate, primary education, rural, poorest quintile, male (%)",TGO,2010,33.18429183959961,,
CR.1.RUR.Q1.M,"Completion rate, primary education, rural, poorest quintile, male (%)",TGO,2014,45.3814697265625,,
CR.1.RUR.Q1.M,"Completion rate, primary education, rural, poorest quintile, male (%)",TGO,2017,67.42353820800781,,
CR.1.RUR.Q2,"Completion rate, primary education, rural, second quintile, both sexes (%)",TGO,2006,42.1296501159668,,
CR.1.RUR.Q2,"Completion rate, primary education, rural, second quintile, both sexes (%)",TGO,2010,41.85049057006836,,
CR.1.RUR.Q2,"Completion rate, primary education, rural, second quintile, both sexes (%)",TGO,2014,45.85503005981445,,
CR.1.RUR.Q2,"Completion rate, primary education, rural, second quintile, both sexes (%)",TGO,2017,77.33582305908203,,
CR.1.RUR.Q2.F,"Completion rate, primary education, rural, second quintile, female (%)",TGO,2006,38.6050910949707,,
CR.1.RUR.Q2.F,"Completion rate, primary education, rural, second quintile, female (%)",TGO,2010,31.35569953918457,,
CR.1.RUR.Q2.F,"Completion rate, primary education, rural, second quintile, female (%)",TGO,2014,42.15036010742188,,
CR.1.RUR.Q2.F,"Completion rate, primary education, rural, second quintile, female (%)",TGO,2017,71.40598297119141,,
CR.1.RUR.Q2.GPIA,"Completion rate, primary education, rural, second quintile, adjusted gender parity index (GPIA)",TGO,2006,.8853700160980225,,
CR.1.RUR.Q2.GPIA,"Completion rate, primary education, rural, second quintile, adjusted gender parity index (GPIA)",TGO,2010,.6322600245475769,,
CR.1.RUR.Q2.GPIA,"Completion rate, primary education, rural, second quintile, adjusted gender parity index (GPIA)",TGO,2014,.8708299994468689,,
CR.1.RUR.Q2.GPIA,"Completion rate, primary education, rural, second quintile, adjusted gender parity index (GPIA)",TGO,2017,.8702700138092041,,
CR.1.RUR.Q2.M,"Completion rate, primary education, rural, second quintile, male (%)",TGO,2006,43.60346984863281,,
CR.1.RUR.Q2.M,"Completion rate, primary education, rural, second quintile, male (%)",TGO,2010,49.59312057495117,,
CR.1.RUR.Q2.M,"Completion rate, primary education, rural, second quintile, male (%)",TGO,2014,48.40256881713867,,
CR.1.RUR.Q2.M,"Completion rate, primary education, rural, second quintile, male (%)",TGO,2017,82.05043792724609,,
CR.1.RUR.Q3,"Completion rate, primary education, rural, middle quintile, both sexes (%)",TGO,2006,60.52341079711914,,
CR.1.RUR.Q3,"Completion rate, primary education, rural, middle quintile, both sexes (%)",TGO,2010,55.45438003540039,,
CR.1.RUR.Q3,"Completion rate, primary education, rural, middle quintile, both sexes (%)",TGO,2014,66.30341339111328,,
CR.1.RUR.Q3,"Completion rate, primary education, rural, middle quintile, both sexes (%)",TGO,2017,82.26702880859375,,
CR.1.RUR.Q3.F,"Completion rate, primary education, rural, middle quintile, female (%)",TGO,2006,58.07329940795898,,
CR.1.RUR.Q3.F,"Completion rate, primary education, rural, middle quintile, female (%)",TGO,2010,47.83308029174805,,
CR.1.RUR.Q3.F,"Completion rate, primary education, rural, middle quintile, female (%)",TGO,2014,61.80495071411133,,
CR.1.RUR.Q3.F,"Completion rate, primary education, rural, middle quintile, female (%)",TGO,2017,80.59162902832031,,
CR.1.RUR.Q3.GPIA,"Completion rate, primary education, rural, middle quintile, adjusted gender parity index (GPIA)",TGO,2006,.9408299922943115,,
CR.1.RUR.Q3.GPIA,"Completion rate, primary education, rural, middle quintile, adjusted gender parity index (GPIA)",TGO,2010,.7792500257492065,,
CR.1.RUR.Q3.GPIA,"Completion rate, primary education, rural, middle quintile, adjusted gender parity index (GPIA)",TGO,2014,.8788300156593323,,
CR.1.RUR.Q3.GPIA,"Completion rate, primary education, rural, middle quintile, adjusted gender parity index (GPIA)",TGO,2017,.9628300070762634,,
CR.1.RUR.Q3.M,"Completion rate, primary education, rural, middle quintile, male (%)",TGO,2006,61.72549057006836,,
CR.1.RUR.Q3.M,"Completion rate, primary education, rural, middle quintile, male (%)",TGO,2010,61.38375854492188,,
CR.1.RUR.Q3.M,"Completion rate, primary education, rural, middle quintile, male (%)",TGO,2014,70.32614135742188,,
CR.1.RUR.Q3.M,"Completion rate, primary education, rural, middle quintile, male (%)",TGO,2017,83.70272827148438,,
CR.1.RUR.Q4,"Completion rate, primary education, rural, fourth quintile, both sexes (%)",TGO,2006,63.34244918823242,,
CR.1.RUR.Q4,"Completion rate, primary education, rural, fourth quintile, both sexes (%)",TGO,2010,64.33036041259766,,
CR.1.RUR.Q4,"Completion rate, primary education, rural, fourth quintile, both sexes (%)",TGO,2014,76.02729034423828,,
CR.1.RUR.Q4,"Completion rate, primary education, rural, fourth quintile, both sexes (%)",TGO,2017,88.03449249267578,,
CR.1.RUR.Q4.F,"Completion rate, primary education, rural, fourth quintile, female (%)",TGO,2006,63.25683975219727,,
CR.1.RUR.Q4.F,"Completion rate, primary education, rural, fourth quintile, female (%)",TGO,2010,59.39384078979492,,
CR.1.RUR.Q4.F,"Completion rate, primary education, rural, fourth quintile, female (%)",TGO,2014,66.12438201904297,,
CR.1.RUR.Q4.F,"Completion rate, primary education, rural, fourth quintile, female (%)",TGO,2017,86.11312866210938,,
CR.1.RUR.Q4.GPIA,"Completion rate, primary education, rural, fourth quintile, adjusted gender parity index (GPIA)",TGO,2006,.9978600144386292,,
CR.1.RUR.Q4.GPIA,"Completion rate, primary education, rural, fourth quintile, adjusted gender parity index (GPIA)",TGO,2010,.8622199892997742,,
CR.1.RUR.Q4.GPIA,"Completion rate, primary education, rural, fourth quintile, adjusted gender parity index (GPIA)",TGO,2014,.7740499973297119,,
CR.1.RUR.Q4.GPIA,"Completion rate, primary education, rural, fourth quintile, adjusted gender parity index (GPIA)",TGO,2017,.962909996509552,,
CR.1.RUR.Q4.M,"Completion rate, primary education, rural, fourth quintile, male (%)",TGO,2006,63.39263916015625,,
CR.1.RUR.Q4.M,"Completion rate, primary education, rural, fourth quintile, male (%)",TGO,2010,68.88448333740234,,
CR.1.RUR.Q4.M,"Completion rate, primary education, rural, fourth quintile, male (%)",TGO,2014,85.42677307128906,,
CR.1.RUR.Q4.M,"Completion rate, primary education, rural, fourth quintile, male (%)",TGO,2017,89.43031311035156,,
CR.1.RUR.Q5,"Completion rate, primary education, rural, richest quintile, both sexes (%)",TGO,2010,93.51039886474609,,
CR.1.RUR.Q5,"Completion rate, primary education, rural, richest quintile, both sexes (%)",TGO,2017,91.441650390625,,
CR.1.RUR.Q5.F,"Completion rate, primary education, rural, richest quintile, female (%)",TGO,2017,86.11077117919922,,
CR.1.RUR.Q5.GPIA,"Completion rate, primary education, rural, richest quintile, adjusted gender parity index (GPIA)",TGO,2017,.8611099720001221,,
CR.1.RUR.Q5.M,"Completion rate, primary education, rural, richest quintile, male (%)",TGO,2017,100,,
CR.1.RUR.WPIA,"Completion rate, primary education, rural, adjusted wealth parity index (WPIA)",TGO,2010,.3183200061321259,,
CR.1.RUR.WPIA,"Completion rate, primary education, rural, adjusted wealth parity index (WPIA)",TGO,2017,.6820700168609619,,
CR.1.URB,"Completion rate, primary education, urban, both sexes (%)",TGO,2000,58.38,,
CR.1.URB,"Completion rate, primary education, urban, both sexes (%)",TGO,2006,77.4984130859375,,
CR.1.URB,"Completion rate, primary education, urban, both sexes (%)",TGO,2010,75.043212890625,,
CR.1.URB,"Completion rate, primary education, urban, both sexes (%)",TGO,2014,77.49440765380859,,
CR.1.URB,"Completion rate, primary education, urban, both sexes (%)",TGO,2017,85.72042846679688,,
CR.1.URB,"Completion rate, primary education, urban, both sexes (%)",TGO,2022,87.26647186279297,,
CR.1.URB.F,"Completion rate, primary education, urban, female (%)",TGO,2006,72.31810760498047,,
CR.1.URB.F,"Completion rate, primary education, urban, female (%)",TGO,2010,71.86631774902344,,
CR.1.URB.F,"Completion rate, primary education, urban, female (%)",TGO,2014,72.6336669921875,,
CR.1.URB.F,"Completion rate, primary education, urban, female (%)",TGO,2017,82.23977661132813,,
CR.1.URB.F,"Completion rate, primary education, urban, female (%)",TGO,2022,85.49124908447266,,
CR.1.URB.GPIA,"Completion rate, primary education, urban, adjusted gender parity index (GPIA)",TGO,2006,.8810399770736694,,
CR.1.URB.GPIA,"Completion rate, primary education, urban, adjusted gender parity index (GPIA)",TGO,2010,.9178299903869629,,
CR.1.URB.GPIA,"Completion rate, primary education, urban, adjusted gender parity index (GPIA)",TGO,2014,.878279983997345,,
CR.1.URB.GPIA,"Completion rate, primary education, urban, adjusted gender parity index (GPIA)",TGO,2017,.9171900153160095,,
CR.1.URB.GPIA,"Completion rate, primary education, urban, adjusted gender parity index (GPIA)",TGO,2022,.9564700126647949,,
CR.1.URB.M,"Completion rate, primary education, urban, male (%)",TGO,2006,82.0830078125,,
CR.1.URB.M,"Completion rate, primary education, urban, male (%)",TGO,2010,78.30040740966797,,
CR.1.URB.M,"Completion rate, primary education, urban, male (%)",TGO,2014,82.69954681396484,,
CR.1.URB.M,"Completion rate, primary education, urban, male (%)",TGO,2017,89.66507720947266,,
CR.1.URB.M,"Completion rate, primary education, urban, male (%)",TGO,2022,89.38197326660156,,
CR.1.URB.Q2,"Completion rate, primary education, urban, second quintile, both sexes (%)",TGO,2006,46.75928115844727,,
CR.1.URB.Q3,"Completion rate, primary education, urban, middle quintile, both sexes (%)",TGO,2006,52.22222137451172,,
CR.1.URB.Q3,"Completion rate, primary education, urban, middle quintile, both sexes (%)",TGO,2010,65.68843078613281,,
CR.1.URB.Q3,"Completion rate, primary education, urban, middle quintile, both sexes (%)",TGO,2014,68.77790069580078,,
CR.1.URB.Q3,"Completion rate, primary education, urban, middle quintile, both sexes (%)",TGO,2017,79.79924774169922,,
CR.1.URB.Q3.F,"Completion rate, primary education, urban, middle quintile, female (%)",TGO,2006,47.850341796875,,
CR.1.URB.Q3.F,"Completion rate, primary education, urban, middle quintile, female (%)",TGO,2010,69.58899688720703,,
CR.1.URB.Q3.F,"Completion rate, primary education, urban, middle quintile, female (%)",TGO,2017,75.91478729248047,,
CR.1.URB.Q3.GPIA,"Completion rate, primary education, urban, middle quintile, adjusted gender parity index (GPIA)",TGO,2006,.8695399761199951,,
CR.1.URB.Q3.GPIA,"Completion rate, primary education, urban, middle quintile, adjusted gender parity index (GPIA)",TGO,2010,1.098510026931763,,
CR.1.URB.Q3.GPIA,"Completion rate, primary education, urban, middle quintile, adjusted gender parity index (GPIA)",TGO,2017,.9170799851417542,,
CR.1.URB.Q3.M,"Completion rate, primary education, urban, middle quintile, male (%)",TGO,2006,55.02949905395508,,
CR.1.URB.Q3.M,"Completion rate, primary education, urban, middle quintile, male (%)",TGO,2010,62.73403167724609,,
CR.1.URB.Q3.M,"Completion rate, primary education, urban, middle quintile, male (%)",TGO,2017,82.77897644042969,,
CR.1.URB.Q4,"Completion rate, primary education, urban, fourth quintile, both sexes (%)",TGO,2006,80.113037109375,,
CR.1.URB.Q4,"Completion rate, primary education, urban, fourth quintile, both sexes (%)",TGO,2010,74.26526641845703,,
CR.1.URB.Q4,"Completion rate, primary education, urban, fourth quintile, both sexes (%)",TGO,2014,72.91435241699219,,
CR.1.URB.Q4,"Completion rate, primary education, urban, fourth quintile, both sexes (%)",TGO,2017,86.51151275634766,,
CR.1.URB.Q4.F,"Completion rate, primary education, urban, fourth quintile, female (%)",TGO,2006,78.36068725585938,,
CR.1.URB.Q4.F,"Completion rate, primary education, urban, fourth quintile, female (%)",TGO,2010,73.19516754150391,,
CR.1.URB.Q4.F,"Completion rate, primary education, urban, fourth quintile, female (%)",TGO,2014,64.46320343017578,,
CR.1.URB.Q4.F,"Completion rate, primary education, urban, fourth quintile, female (%)",TGO,2017,85.77174377441406,,
CR.1.URB.Q4.GPIA,"Completion rate, primary education, urban, fourth quintile, adjusted gender parity index (GPIA)",TGO,2006,.960669994354248,,
CR.1.URB.Q4.GPIA,"Completion rate, primary education, urban, fourth quintile, adjusted gender parity index (GPIA)",TGO,2010,.9754899740219116,,
CR.1.URB.Q4.GPIA,"Completion rate, primary education, urban, fourth quintile, adjusted gender parity index (GPIA)",TGO,2014,.8179600238800049,,
CR.1.URB.Q4.GPIA,"Completion rate, primary education, urban, fourth quintile, adjusted gender parity index (GPIA)",TGO,2017,.9824699759483337,,
CR.1.URB.Q4.M,"Completion rate, primary education, urban, fourth quintile, male (%)",TGO,2006,81.56893920898438,,
CR.1.URB.Q4.M,"Completion rate, primary education, urban, fourth quintile, male (%)",TGO,2010,75.03444671630859,,
CR.1.URB.Q4.M,"Completion rate, primary education, urban, fourth quintile, male (%)",TGO,2014,78.8094482421875,,
CR.1.URB.Q4.M,"Completion rate, primary education, urban, fourth quintile, male (%)",TGO,2017,87.30177307128906,,
CR.1.URB.Q5,"Completion rate, primary education, urban, richest quintile, both sexes (%)",TGO,2006,82.75843811035156,,
CR.1.URB.Q5,"Completion rate, primary education, urban, richest quintile, both sexes (%)",TGO,2010,80.04498291015625,,
CR.1.URB.Q5,"Completion rate, primary education, urban, richest quintile, both sexes (%)",TGO,2014,83.91220092773438,,
CR.1.URB.Q5,"Completion rate, primary education, urban, richest quintile, both sexes (%)",TGO,2017,87.2740478515625,,
CR.1.URB.Q5.F,"Completion rate, primary education, urban, richest quintile, female (%)",TGO,2006,73.31005859375,,
CR.1.URB.Q5.F,"Completion rate, primary education, urban, richest quintile, female (%)",TGO,2010,72.64399719238281,,
CR.1.URB.Q5.F,"Completion rate, primary education, urban, richest quintile, female (%)",TGO,2014,81.15119934082031,,
CR.1.URB.Q5.F,"Completion rate, primary education, urban, richest quintile, female (%)",TGO,2017,81.351806640625,,
CR.1.URB.Q5.GPIA,"Completion rate, primary education, urban, richest quintile, adjusted gender parity index (GPIA)",TGO,2006,.7948499917984009,,
CR.1.URB.Q5.GPIA,"Completion rate, primary education, urban, richest quintile, adjusted gender parity index (GPIA)",TGO,2010,.7940700054168701,,
CR.1.URB.Q5.GPIA,"Completion rate, primary education, urban, richest quintile, adjusted gender parity index (GPIA)",TGO,2014,.9220700263977051,,
CR.1.URB.Q5.GPIA,"Completion rate, primary education, urban, richest quintile, adjusted gender parity index (GPIA)",TGO,2017,.8517000079154968,,
CR.1.URB.Q5.M,"Completion rate, primary education, urban, richest quintile, male (%)",TGO,2006,92.23179626464844,,
CR.1.URB.Q5.M,"Completion rate, primary education, urban, richest quintile, male (%)",TGO,2010,91.48329162597656,,
CR.1.URB.Q5.M,"Completion rate, primary education, urban, richest quintile, male (%)",TGO,2014,88.01006317138672,,
CR.1.URB.Q5.M,"Completion rate, primary education, urban, richest quintile, male (%)",TGO,2017,95.51692199707031,,
CR.1.WPIA,"Completion rate, primary education, adjusted wealth parity index (WPIA)",TGO,2000,.3952605128288269,,
CR.1.WPIA,"Completion rate, primary education, adjusted wealth parity index (WPIA)",TGO,2006,.4152700006961823,,
CR.1.WPIA,"Completion rate, primary education, adjusted wealth parity index (WPIA)",TGO,2010,.365200012922287,,
CR.1.WPIA,"Completion rate, primary education, adjusted wealth parity index (WPIA)",TGO,2014,.4843400120735168,,
CR.1.WPIA,"Completion rate, primary education, adjusted wealth parity index (WPIA)",TGO,2017,.7096899747848511,,
CR.2,"Completion rate, lower secondary education, both sexes (%)",TGO,2000,11.69,,
CR.2,"Completion rate, lower secondary education, both sexes (%)",TGO,2006,29.44824981689453,,
CR.2,"Completion rate, lower secondary education, both sexes (%)",TGO,2010,26.85206031799316,,
CR.2,"Completion rate, lower secondary education, both sexes (%)",TGO,2014,23.87191963195801,,
CR.2,"Completion rate, lower secondary education, both sexes (%)",TGO,2017,47.48648834228516,,
CR.2,"Completion rate, lower secondary education, both sexes (%)",TGO,2022,47.65789031982422,,
CR.2.ABL,"Completion rate, lower secondary education, not disabled, both sexes (%)",TGO,2022,47.52096939086914,,
CR.2.ABL.F,"Completion rate, lower secondary education, not disabled, female (%)",TGO,2022,41.6326904296875,,
CR.2.ABL.GPIA,"Completion rate, lower secondary education, not disabled, adjusted gender parity index (GPIA)",TGO,2022,.7745599746704102,,
CR.2.ABL.M,"Completion rate, lower secondary education, not disabled, male (%)",TGO,2022,53.75040054321289,,
CR.2.F,"Completion rate, lower secondary education, female (%)",TGO,2000,5.46,,
CR.2.F,"Completion rate, lower secondary education, female (%)",TGO,2006,21.08106994628906,,
CR.2.F,"Completion rate, lower secondary education, female (%)",TGO,2010,18.85489082336426,,
CR.2.F,"Completion rate, lower secondary education, female (%)",TGO,2014,18.5744800567627,,
CR.2.F,"Completion rate, lower secondary education, female (%)",TGO,2017,39.26419830322266,,
CR.2.F,"Completion rate, lower secondary education, female (%)",TGO,2022,42.31301116943359,,
CR.2.F.LPIA,"Completion rate, lower secondary education, female, adjusted location parity index (LPIA)",TGO,2006,.2742300033569336,,
CR.2.F.LPIA,"Completion rate, lower secondary education, female, adjusted location parity index (LPIA)",TGO,2010,.2212499976158142,,
CR.2.F.LPIA,"Completion rate, lower secondary education, female, adjusted location parity index (LPIA)",TGO,2014,.2364400029182434,,
CR.2.F.LPIA,"Completion rate, lower secondary education, female, adjusted location parity index (LPIA)",TGO,2017,.5099400281906128,,
CR.2.F.LPIA,"Completion rate, lower secondary education, female, adjusted location parity index (LPIA)",TGO,2022,.4628399908542633,,
CR.2.F.WPIA,"Completion rate, lower secondary education, female, adjusted wealth parity index (WPIA)",TGO,2006,.0096199996769428,,
CR.2.F.WPIA,"Completion rate, lower secondary education, female, adjusted wealth parity index (WPIA)",TGO,2010,0,NIL,
CR.2.F.WPIA,"Completion rate, lower secondary education, female, adjusted wealth parity index (WPIA)",TGO,2014,.0585700012743473,,
CR.2.F.WPIA,"Completion rate, lower secondary education, female, adjusted wealth parity index (WPIA)",TGO,2017,.2202499955892563,,
CR.2.GPIA,"Completion rate, lower secondary education, adjusted gender parity index (GPIA)",TGO,2000,.3165217339992523,,
CR.2.GPIA,"Completion rate, lower secondary education, adjusted gender parity index (GPIA)",TGO,2006,.5753999948501587,,
CR.2.GPIA,"Completion rate, lower secondary education, adjusted gender parity index (GPIA)",TGO,2010,.5332199931144714,,
CR.2.GPIA,"Completion rate, lower secondary education, adjusted gender parity index (GPIA)",TGO,2014,.6433799862861633,,
CR.2.GPIA,"Completion rate, lower secondary education, adjusted gender parity index (GPIA)",TGO,2017,.714739978313446,,
CR.2.GPIA,"Completion rate, lower secondary education, adjusted gender parity index (GPIA)",TGO,2022,.7933400273323059,,
CR.2.LPIA,"Completion rate, lower secondary education, adjusted location parity index (LPIA)",TGO,2000,.2573995888233185,,
CR.2.LPIA,"Completion rate, lower secondary education, adjusted location parity index (LPIA)",TGO,2006,.2807300090789795,,
CR.2.LPIA,"Completion rate, lower secondary education, adjusted location parity index (LPIA)",TGO,2010,.3239200115203857,,
CR.2.LPIA,"Completion rate, lower secondary education, adjusted location parity index (LPIA)",TGO,2014,.2887400090694427,,
CR.2.LPIA,"Completion rate, lower secondary education, adjusted location parity index (LPIA)",TGO,2017,.5994499921798706,,
CR.2.LPIA,"Completion rate, lower secondary education, adjusted location parity index (LPIA)",TGO,2022,.5146700143814087,,
CR.2.M,"Completion rate, lower secondary education, male (%)",TGO,2000,17.25,,
CR.2.M,"Completion rate, lower secondary education, male (%)",TGO,2006,36.63753128051758,,
CR.2.M,"Completion rate, lower secondary education, male (%)",TGO,2010,35.36053848266602,,
CR.2.M,"Completion rate, lower secondary education, male (%)",TGO,2014,28.87005043029785,,
CR.2.M,"Completion rate, lower secondary education, male (%)",TGO,2017,54.93513107299805,,
CR.2.M,"Completion rate, lower secondary education, male (%)",TGO,2022,53.33549118041992,,
CR.2.M.LPIA,"Completion rate, lower secondary education, male, adjusted location parity index (LPIA)",TGO,2006,.2769100069999695,,
CR.2.M.LPIA,"Completion rate, lower secondary education, male, adjusted location parity index (LPIA)",TGO,2010,.3671500086784363,,
CR.2.M.LPIA,"Completion rate, lower secondary education, male, adjusted location parity index (LPIA)",TGO,2014,.3000200092792511,,
CR.2.M.LPIA,"Completion rate, lower secondary education, male, adjusted location parity index (LPIA)",TGO,2017,.6555299758911133,,
CR.2.M.LPIA,"Completion rate, lower secondary education, male, adjusted location parity index (LPIA)",TGO,2022,.5712100267410278,,
CR.2.M.WPIA,"Completion rate, lower secondary education, male, adjusted wealth parity index (WPIA)",TGO,2006,.126570001244545,,
CR.2.M.WPIA,"Completion rate, lower secondary education, male, adjusted wealth parity index (WPIA)",TGO,2010,.096390001475811,,
CR.2.M.WPIA,"Completion rate, lower secondary education, male, adjusted wealth parity index (WPIA)",TGO,2014,.1161599978804588,,
CR.2.M.WPIA,"Completion rate, lower secondary education, male, adjusted wealth parity index (WPIA)",TGO,2017,.3980799913406372,,
CR.2.Q1,"Completion rate, lower secondary education, poorest quintile, both sexes (%)",TGO,2000,3.36,,
CR.2.Q1,"Completion rate, lower secondary education, poorest quintile, both sexes (%)",TGO,2006,5.499509811401367,,
CR.2.Q1,"Completion rate, lower secondary education, poorest quintile, both sexes (%)",TGO,2010,3.112129926681519,,
CR.2.Q1,"Completion rate, lower secondary education, poorest quintile, both sexes (%)",TGO,2014,5.328889846801758,,
CR.2.Q1,"Completion rate, lower secondary education, poorest quintile, both sexes (%)",TGO,2017,22.73575973510742,,
CR.2.Q1.F,"Completion rate, lower secondary education, poorest quintile, female (%)",TGO,2006,.3526799976825714,,
CR.2.Q1.F,"Completion rate, lower secondary education, poorest quintile, female (%)",TGO,2010,0,NIL,
CR.2.Q1.F,"Completion rate, lower secondary education, poorest quintile, female (%)",TGO,2014,2.345540046691895,,
CR.2.Q1.F,"Completion rate, lower secondary education, poorest quintile, female (%)",TGO,2017,13.37292957305908,,
CR.2.Q1.GPIA,"Completion rate, lower secondary education, poorest quintile, adjusted gender parity index (GPIA)",TGO,2006,.0385200008749962,,
CR.2.Q1.GPIA,"Completion rate, lower secondary education, poorest quintile, adjusted gender parity index (GPIA)",TGO,2010,0,NIL,
CR.2.Q1.GPIA,"Completion rate, lower secondary education, poorest quintile, adjusted gender parity index (GPIA)",TGO,2014,.3196099996566772,,
CR.2.Q1.GPIA,"Completion rate, lower secondary education, poorest quintile, adjusted gender parity index (GPIA)",TGO,2017,.4445399940013885,,
CR.2.Q1.M,"Completion rate, lower secondary education, poorest quintile, male (%)",TGO,2006,9.155670166015625,,
CR.2.Q1.M,"Completion rate, lower secondary education, poorest quintile, male (%)",TGO,2010,6.073490142822266,,
CR.2.Q1.M,"Completion rate, lower secondary education, poorest quintile, male (%)",TGO,2014,7.338769912719727,,
CR.2.Q1.M,"Completion rate, lower secondary education, poorest quintile, male (%)",TGO,2017,30.08286094665527,,
CR.2.Q2,"Completion rate, lower secondary education, second quintile, both sexes (%)",TGO,2000,8.83,,
CR.2.Q2,"Completion rate, lower secondary education, second quintile, both sexes (%)",TGO,2006,10.50699996948242,,
CR.2.Q2,"Completion rate, lower secondary education, second quintile, both sexes (%)",TGO,2010,9.169779777526855,,
CR.2.Q2,"Completion rate, lower secondary education, second quintile, both sexes (%)",TGO,2014,10.64441967010498,,
CR.2.Q2,"Completion rate, lower secondary education, second quintile, both sexes (%)",TGO,2017,33.13088989257813,,
CR.2.Q2.F,"Completion rate, lower secondary education, second quintile, female (%)",TGO,2006,5.393219947814941,,
CR.2.Q2.F,"Completion rate, lower secondary education, second quintile, female (%)",TGO,2010,3.18284010887146,,
CR.2.Q2.F,"Completion rate, lower secondary education, second quintile, female (%)",TGO,2014,5.231520175933838,,
CR.2.Q2.F,"Completion rate, lower secondary education, second quintile, female (%)",TGO,2017,17.11216926574707,,
CR.2.Q2.GPIA,"Completion rate, lower secondary education, second quintile, adjusted gender parity index (GPIA)",TGO,2006,.3808600008487701,,
CR.2.Q2.GPIA,"Completion rate, lower secondary education, second quintile, adjusted gender parity index (GPIA)",TGO,2010,.2071299999952316,,
CR.2.Q2.GPIA,"Completion rate, lower secondary education, second quintile, adjusted gender parity index (GPIA)",TGO,2014,.3510499894618988,,
CR.2.Q2.GPIA,"Completion rate, lower secondary education, second quintile, adjusted gender parity index (GPIA)",TGO,2017,.3626799881458282,,
CR.2.Q2.M,"Completion rate, lower secondary education, second quintile, male (%)",TGO,2006,14.16046047210693,,
CR.2.Q2.M,"Completion rate, lower secondary education, second quintile, male (%)",TGO,2010,15.36649990081787,,
CR.2.Q2.M,"Completion rate, lower secondary education, second quintile, male (%)",TGO,2014,14.90231990814209,,
CR.2.Q2.M,"Completion rate, lower secondary education, second quintile, male (%)",TGO,2017,47.1826286315918,,
CR.2.Q3,"Completion rate, lower secondary education, middle quintile, both sexes (%)",TGO,2000,5.319999999999999,,
CR.2.Q3,"Completion rate, lower secondary education, middle quintile, both sexes (%)",TGO,2006,22.10578918457031,,
CR.2.Q3,"Completion rate, lower secondary education, middle quintile, both sexes (%)",TGO,2010,16.27643013000488,,
CR.2.Q3,"Completion rate, lower secondary education, middle quintile, both sexes (%)",TGO,2014,15.58030033111572,,
CR.2.Q3,"Completion rate, lower secondary education, middle quintile, both sexes (%)",TGO,2017,44.85860061645508,,
CR.2.Q3.F,"Completion rate, lower secondary education, middle quintile, female (%)",TGO,2006,13.522780418396,,
CR.2.Q3.F,"Completion rate, lower secondary education, middle quintile, female (%)",TGO,2010,10.25234031677246,,
CR.2.Q3.F,"Completion rate, lower secondary education, middle quintile, female (%)",TGO,2014,11.7154598236084,,
CR.2.Q3.F,"Completion rate, lower secondary education, middle quintile, female (%)",TGO,2017,40.17544937133789,,
CR.2.Q3.F.LPIA,"Completion rate, lower secondary education, middle quintile, female, adjusted location parity index (LPIA)",TGO,2006,.9729300141334534,,
CR.2.Q3.F.LPIA,"Completion rate, lower secondary education, middle quintile, female, adjusted location parity index (LPIA)",TGO,2010,.5665199756622314,,
CR.2.Q3.F.LPIA,"Completion rate, lower secondary education, middle quintile, female, adjusted location parity index (LPIA)",TGO,2017,.7367600202560425,,
CR.2.Q3.GPIA,"Completion rate, lower secondary education, middle quintile, adjusted gender parity index (GPIA)",TGO,2006,.478630006313324,,
CR.2.Q3.GPIA,"Completion rate, lower secondary education, middle quintile, adjusted gender parity index (GPIA)",TGO,2010,.4594500064849854,,
CR.2.Q3.GPIA,"Completion rate, lower secondary education, middle quintile, adjusted gender parity index (GPIA)",TGO,2014,.6185899972915649,,
CR.2.Q3.GPIA,"Completion rate, lower secondary education, middle quintile, adjusted gender parity index (GPIA)",TGO,2017,.8168399930000305,,
CR.2.Q3.LPIA,"Completion rate, lower secondary education, middle quintile, adjusted location parity index (LPIA)",TGO,2006,.5436199903488159,,
CR.2.Q3.LPIA,"Completion rate, lower secondary education, middle quintile, adjusted location parity index (LPIA)",TGO,2010,.697409987449646,,
CR.2.Q3.LPIA,"Completion rate, lower secondary education, middle quintile, adjusted location parity index (LPIA)",TGO,2014,.5138599872589111,,
CR.2.Q3.LPIA,"Completion rate, lower secondary education, middle quintile, adjusted location parity index (LPIA)",TGO,2017,.8644599914550781,,
CR.2.Q3.M,"Completion rate, lower secondary education, middle quintile, male (%)",TGO,2006,28.25337982177734,,
CR.2.Q3.M,"Completion rate, lower secondary education, middle quintile, male (%)",TGO,2010,22.31450080871582,,
CR.2.Q3.M,"Completion rate, lower secondary education, middle quintile, male (%)",TGO,2014,18.93910980224609,,
CR.2.Q3.M,"Completion rate, lower secondary education, middle quintile, male (%)",TGO,2017,49.18410873413086,,
CR.2.Q3.M.LPIA,"Completion rate, lower secondary education, middle quintile, male, adjusted location parity index (LPIA)",TGO,2006,.467629998922348,,
CR.2.Q3.M.LPIA,"Completion rate, lower secondary education, middle quintile, male, adjusted location parity index (LPIA)",TGO,2010,.7471100091934204,,
CR.2.Q3.M.LPIA,"Completion rate, lower secondary education, middle quintile, male, adjusted location parity index (LPIA)",TGO,2017,.9599800109863281,,
CR.2.Q4,"Completion rate, lower secondary education, fourth quintile, both sexes (%)",TGO,2000,8.609999999999999,,
CR.2.Q4,"Completion rate, lower secondary education, fourth quintile, both sexes (%)",TGO,2006,35.01646041870117,,
CR.2.Q4,"Completion rate, lower secondary education, fourth quintile, both sexes (%)",TGO,2010,35.81505966186523,,
CR.2.Q4,"Completion rate, lower secondary education, fourth quintile, both sexes (%)",TGO,2014,30.64912033081055,,
CR.2.Q4,"Completion rate, lower secondary education, fourth quintile, both sexes (%)",TGO,2017,56.35689163208008,,
CR.2.Q4.F,"Completion rate, lower secondary education, fourth quintile, female (%)",TGO,2006,26.36071014404297,,
CR.2.Q4.F,"Completion rate, lower secondary education, fourth quintile, female (%)",TGO,2010,20.07673072814941,,
CR.2.Q4.F,"Completion rate, lower secondary education, fourth quintile, female (%)",TGO,2014,19.75168991088867,,
CR.2.Q4.F,"Completion rate, lower secondary education, fourth quintile, female (%)",TGO,2017,47.51197052001953,,
CR.2.Q4.F.LPIA,"Completion rate, lower secondary education, fourth quintile, female, adjusted location parity index (LPIA)",TGO,2006,.6178399920463562,,
CR.2.Q4.F.LPIA,"Completion rate, lower secondary education, fourth quintile, female, adjusted location parity index (LPIA)",TGO,2010,.9635400176048279,,
CR.2.Q4.F.LPIA,"Completion rate, lower secondary education, fourth quintile, female, adjusted location parity index (LPIA)",TGO,2014,1.007069945335388,,
CR.2.Q4.F.LPIA,"Completion rate, lower secondary education, fourth quintile, female, adjusted location parity index (LPIA)",TGO,2017,.8869500160217285,,
CR.2.Q4.GPIA,"Completion rate, lower secondary education, fourth quintile, adjusted gender parity index (GPIA)",TGO,2006,.6140900254249573,,
CR.2.Q4.GPIA,"Completion rate, lower secondary education, fourth quintile, adjusted gender parity index (GPIA)",TGO,2010,.3977999985218048,,
CR.2.Q4.GPIA,"Completion rate, lower secondary education, fourth quintile, adjusted gender parity index (GPIA)",TGO,2014,.4646599888801575,,
CR.2.Q4.GPIA,"Completion rate, lower secondary education, fourth quintile, adjusted gender parity index (GPIA)",TGO,2017,.7423099875450134,,
CR.2.Q4.LPIA,"Completion rate, lower secondary education, fourth quintile, adjusted location parity index (LPIA)",TGO,2006,.509880006313324,,
CR.2.Q4.LPIA,"Completion rate, lower secondary education, fourth quintile, adjusted location parity index (LPIA)",TGO,2010,.9343400001525879,,
CR.2.Q4.LPIA,"Completion rate, lower secondary education, fourth quintile, adjusted location parity index (LPIA)",TGO,2014,.9714400172233582,,
CR.2.Q4.LPIA,"Completion rate, lower secondary education, fourth quintile, adjusted location parity index (LPIA)",TGO,2017,.8355399966239929,,
CR.2.Q4.M,"Completion rate, lower secondary education, fourth quintile, male (%)",TGO,2006,42.92670822143555,,
CR.2.Q4.M,"Completion rate, lower secondary education, fourth quintile, male (%)",TGO,2010,50.46908187866211,,
CR.2.Q4.M,"Completion rate, lower secondary education, fourth quintile, male (%)",TGO,2014,42.50814056396484,,
CR.2.Q4.M,"Completion rate, lower secondary education, fourth quintile, male (%)",TGO,2017,64.00537109375,,
CR.2.Q4.M.LPIA,"Completion rate, lower secondary education, fourth quintile, male, adjusted location parity index (LPIA)",TGO,2006,.4690900146961212,,
CR.2.Q4.M.LPIA,"Completion rate, lower secondary education, fourth quintile, male, adjusted location parity index (LPIA)",TGO,2010,.9156799912452698,,
CR.2.Q4.M.LPIA,"Completion rate, lower secondary education, fourth quintile, male, adjusted location parity index (LPIA)",TGO,2014,1.042739987373352,,
CR.2.Q4.M.LPIA,"Completion rate, lower secondary education, fourth quintile, male, adjusted location parity index (LPIA)",TGO,2017,.8346400260925293,,
CR.2.Q5,"Completion rate, lower secondary education, richest quintile, both sexes (%)",TGO,2000,23.22,,
CR.2.Q5,"Completion rate, lower secondary education, richest quintile, both sexes (%)",TGO,2006,53.28723907470703,,
CR.2.Q5,"Completion rate, lower secondary education, richest quintile, both sexes (%)",TGO,2010,50.24940872192383,,
CR.2.Q5,"Completion rate, lower secondary education, richest quintile, both sexes (%)",TGO,2014,49.9599494934082,,
CR.2.Q5,"Completion rate, lower secondary education, richest quintile, both sexes (%)",TGO,2017,67.99220275878906,,
CR.2.Q5.F,"Completion rate, lower secondary education, richest quintile, female (%)",TGO,2006,36.65016174316406,,
CR.2.Q5.F,"Completion rate, lower secondary education, richest quintile, female (%)",TGO,2010,41.11225891113281,,
CR.2.Q5.F,"Completion rate, lower secondary education, richest quintile, female (%)",TGO,2014,40.04529190063477,,
CR.2.Q5.F,"Completion rate, lower secondary education, richest quintile, female (%)",TGO,2017,60.71773147583008,,
CR.2.Q5.F.LPIA,"Completion rate, lower secondary education, richest quintile, female, adjusted location parity index (LPIA)",TGO,2017,1.286720037460327,,
CR.2.Q5.GPIA,"Completion rate, lower secondary education, richest quintile, adjusted gender parity index (GPIA)",TGO,2006,.5066400170326233,,
CR.2.Q5.GPIA,"Completion rate, lower secondary education, richest quintile, adjusted gender parity index (GPIA)",TGO,2010,.6525099873542786,,
CR.2.Q5.GPIA,"Completion rate, lower secondary education, richest quintile, adjusted gender parity index (GPIA)",TGO,2014,.6338499784469604,,
CR.2.Q5.GPIA,"Completion rate, lower secondary education, richest quintile, adjusted gender parity index (GPIA)",TGO,2017,.8034700155258179,,
CR.2.Q5.LPIA,"Completion rate, lower secondary education, richest quintile, adjusted location parity index (LPIA)",TGO,2017,1.175920009613037,,
CR.2.Q5.M,"Completion rate, lower secondary education, richest quintile, male (%)",TGO,2006,72.33953094482422,,
CR.2.Q5.M,"Completion rate, lower secondary education, richest quintile, male (%)",TGO,2010,63.00643920898438,,
CR.2.Q5.M,"Completion rate, lower secondary education, richest quintile, male (%)",TGO,2014,63.17834091186523,,
CR.2.Q5.M,"Completion rate, lower secondary education, richest quintile, male (%)",TGO,2017,75.56932830810547,,
CR.2.Q5.M.LPIA,"Completion rate, lower secondary education, richest quintile, male, adjusted location parity index (LPIA)",TGO,2017,1.058320045471191,,
CR.2.RUR,"Completion rate, lower secondary education, rural, both sexes (%)",TGO,2000,4.87,,
CR.2.RUR,"Completion rate, lower secondary education, rural, both sexes (%)",TGO,2006,12.79002952575684,,
CR.2.RUR,"Completion rate, lower secondary education, rural, both sexes (%)",TGO,2010,13.28684997558594,,
CR.2.RUR,"Completion rate, lower secondary education, rural, both sexes (%)",TGO,2014,11.56046009063721,,
CR.2.RUR,"Completion rate, lower secondary education, rural, both sexes (%)",TGO,2017,36.35031890869141,,
CR.2.RUR,"Completion rate, lower secondary education, rural, both sexes (%)",TGO,2022,31.43568992614746,,
CR.2.RUR.F,"Completion rate, lower secondary education, rural, female (%)",TGO,2006,8.826470375061035,,
CR.2.RUR.F,"Completion rate, lower secondary education, rural, female (%)",TGO,2010,6.724679946899414,,
CR.2.RUR.F,"Completion rate, lower secondary education, rural, female (%)",TGO,2014,7.361020088195801,,
CR.2.RUR.F,"Completion rate, lower secondary education, rural, female (%)",TGO,2017,27.061279296875,,
CR.2.RUR.F,"Completion rate, lower secondary education, rural, female (%)",TGO,2022,26.18889999389648,,
CR.2.RUR.F.WPIA,"Completion rate, lower secondary education, rural, female, adjusted wealth parity index (WPIA)",TGO,2017,.1648100018501282,,
CR.2.RUR.GPIA,"Completion rate, lower secondary education, rural, adjusted gender parity index (GPIA)",TGO,2006,.5519300103187561,,
CR.2.RUR.GPIA,"Completion rate, lower secondary education, rural, adjusted gender parity index (GPIA)",TGO,2010,.3423799872398376,,
CR.2.RUR.GPIA,"Completion rate, lower secondary education, rural, adjusted gender parity index (GPIA)",TGO,2014,.4900400042533875,,
CR.2.RUR.GPIA,"Completion rate, lower secondary education, rural, adjusted gender parity index (GPIA)",TGO,2017,.6087700128555298,,
CR.2.RUR.GPIA,"Completion rate, lower secondary education, rural, adjusted gender parity index (GPIA)",TGO,2022,.6992800235748291,,
CR.2.RUR.M,"Completion rate, lower secondary education, rural, male (%)",TGO,2006,15.99213027954102,,
CR.2.RUR.M,"Completion rate, lower secondary education, rural, male (%)",TGO,2010,19.64108085632324,,
CR.2.RUR.M,"Completion rate, lower secondary education, rural, male (%)",TGO,2014,15.02118968963623,,
CR.2.RUR.M,"Completion rate, lower secondary education, rural, male (%)",TGO,2017,44.45272064208984,,
CR.2.RUR.M,"Completion rate, lower secondary education, rural, male (%)",TGO,2022,37.45109939575195,,
CR.2.RUR.M.WPIA,"Completion rate, lower secondary education, rural, male, adjusted wealth parity index (WPIA)",TGO,2017,.3777100145816803,,
CR.2.RUR.Q1,"Completion rate, lower secondary education, rural, poorest quintile, both sexes (%)",TGO,2006,5.315239906311035,,
CR.2.RUR.Q1,"Completion rate, lower secondary education, rural, poorest quintile, both sexes (%)",TGO,2010,2.935640096664429,,
CR.2.RUR.Q1,"Completion rate, lower secondary education, rural, poorest quintile, both sexes (%)",TGO,2014,5.286670207977295,,
CR.2.RUR.Q1,"Completion rate, lower secondary education, rural, poorest quintile, both sexes (%)",TGO,2017,22.73575973510742,,
CR.2.RUR.Q1.F,"Completion rate, lower secondary education, rural, poorest quintile, female (%)",TGO,2006,.3526799976825714,,
CR.2.RUR.Q1.F,"Completion rate, lower secondary education, rural, poorest quintile, female (%)",TGO,2010,0,NIL,
CR.2.RUR.Q1.F,"Completion rate, lower secondary education, rural, poorest quintile, female (%)",TGO,2014,2.377239942550659,,
CR.2.RUR.Q1.F,"Completion rate, lower secondary education, rural, poorest quintile, female (%)",TGO,2017,13.37292957305908,,
CR.2.RUR.Q1.GPIA,"Completion rate, lower secondary education, rural, poorest quintile, adjusted gender parity index (GPIA)",TGO,2006,.0392999984323978,,
CR.2.RUR.Q1.GPIA,"Completion rate, lower secondary education, rural, poorest quintile, adjusted gender parity index (GPIA)",TGO,2010,0,NIL,
CR.2.RUR.Q1.GPIA,"Completion rate, lower secondary education, rural, poorest quintile, adjusted gender parity index (GPIA)",TGO,2014,.3270800113677979,,
CR.2.RUR.Q1.GPIA,"Completion rate, lower secondary education, rural, poorest quintile, adjusted gender parity index (GPIA)",TGO,2017,.4445399940013885,,
CR.2.RUR.Q1.M,"Completion rate, lower secondary education, rural, poorest quintile, male (%)",TGO,2006,8.974140167236328,,
CR.2.RUR.Q1.M,"Completion rate, lower secondary education, rural, poorest quintile, male (%)",TGO,2010,5.757689952850342,,
CR.2.RUR.Q1.M,"Completion rate, lower secondary education, rural, poorest quintile, male (%)",TGO,2014,7.267960071563721,,
CR.2.RUR.Q1.M,"Completion rate, lower secondary education, rural, poorest quintile, male (%)",TGO,2017,30.08286094665527,,
CR.2.RUR.Q2,"Completion rate, lower secondary education, rural, second quintile, both sexes (%)",TGO,2006,10.12580966949463,,
CR.2.RUR.Q2,"Completion rate, lower secondary education, rural, second quintile, both sexes (%)",TGO,2010,8.959890365600586,,
CR.2.RUR.Q2,"Completion rate, lower secondary education, rural, second quintile, both sexes (%)",TGO,2014,10.13385009765625,,
CR.2.RUR.Q2,"Completion rate, lower secondary education, rural, second quintile, both sexes (%)",TGO,2017,32.68267059326172,,
CR.2.RUR.Q2.F,"Completion rate, lower secondary education, rural, second quintile, female (%)",TGO,2006,4.713220119476318,,
CR.2.RUR.Q2.F,"Completion rate, lower secondary education, rural, second quintile, female (%)",TGO,2010,3.312999963760376,,
CR.2.RUR.Q2.F,"Completion rate, lower secondary education, rural, second quintile, female (%)",TGO,2014,4.421619892120361,,
CR.2.RUR.Q2.F,"Completion rate, lower secondary education, rural, second quintile, female (%)",TGO,2017,17.11216926574707,,
CR.2.RUR.Q2.GPIA,"Completion rate, lower secondary education, rural, second quintile, adjusted gender parity index (GPIA)",TGO,2006,.3347499966621399,,
CR.2.RUR.Q2.GPIA,"Completion rate, lower secondary education, rural, second quintile, adjusted gender parity index (GPIA)",TGO,2010,.2246699929237366,,
CR.2.RUR.Q2.GPIA,"Completion rate, lower secondary education, rural, second quintile, adjusted gender parity index (GPIA)",TGO,2014,.3014400005340576,,
CR.2.RUR.Q2.GPIA,"Completion rate, lower secondary education, rural, second quintile, adjusted gender parity index (GPIA)",TGO,2017,.3678900003433228,,
CR.2.RUR.Q2.M,"Completion rate, lower secondary education, rural, second quintile, male (%)",TGO,2006,14.07987022399902,,
CR.2.RUR.Q2.M,"Completion rate, lower secondary education, rural, second quintile, male (%)",TGO,2010,14.74598979949951,,
CR.2.RUR.Q2.M,"Completion rate, lower secondary education, rural, second quintile, male (%)",TGO,2014,14.66853046417236,,
CR.2.RUR.Q2.M,"Completion rate, lower secondary education, rural, second quintile, male (%)",TGO,2017,46.51409912109375,,
CR.2.RUR.Q3,"Completion rate, lower secondary education, rural, middle quintile, both sexes (%)",TGO,2006,17.97670936584473,,
CR.2.RUR.Q3,"Completion rate, lower secondary education, rural, middle quintile, both sexes (%)",TGO,2010,14.65180969238281,,
CR.2.RUR.Q3,"Completion rate, lower secondary education, rural, middle quintile, both sexes (%)",TGO,2014,14.15318965911865,,
CR.2.RUR.Q3,"Completion rate, lower secondary education, rural, middle quintile, both sexes (%)",TGO,2017,42.48691177368164,,
CR.2.RUR.Q3.F,"Completion rate, lower secondary education, rural, middle quintile, female (%)",TGO,2006,13.42603015899658,,
CR.2.RUR.Q3.F,"Completion rate, lower secondary education, rural, middle quintile, female (%)",TGO,2010,8.510970115661621,,
CR.2.RUR.Q3.F,"Completion rate, lower secondary education, rural, middle quintile, female (%)",TGO,2014,10.39556980133057,,
CR.2.RUR.Q3.F,"Completion rate, lower secondary education, rural, middle quintile, female (%)",TGO,2017,35.27566909790039,,
CR.2.RUR.Q3.GPIA,"Completion rate, lower secondary education, rural, middle quintile, adjusted gender parity index (GPIA)",TGO,2006,.6288599967956543,,
CR.2.RUR.Q3.GPIA,"Completion rate, lower secondary education, rural, middle quintile, adjusted gender parity index (GPIA)",TGO,2010,.4128699898719788,,
CR.2.RUR.Q3.GPIA,"Completion rate, lower secondary education, rural, middle quintile, adjusted gender parity index (GPIA)",TGO,2014,.5926100015640259,,
CR.2.RUR.Q3.GPIA,"Completion rate, lower secondary education, rural, middle quintile, adjusted gender parity index (GPIA)",TGO,2017,.7269600033760071,,
CR.2.RUR.Q3.M,"Completion rate, lower secondary education, rural, middle quintile, male (%)",TGO,2006,21.34989929199219,,
CR.2.RUR.Q3.M,"Completion rate, lower secondary education, rural, middle quintile, male (%)",TGO,2010,20.61400985717773,,
CR.2.RUR.Q3.M,"Completion rate, lower secondary education, rural, middle quintile, male (%)",TGO,2014,17.54210090637207,,
CR.2.RUR.Q3.M,"Completion rate, lower secondary education, rural, middle quintile, male (%)",TGO,2017,48.52516174316406,,
CR.2.RUR.Q4,"Completion rate, lower secondary education, rural, fourth quintile, both sexes (%)",TGO,2006,20.29133987426758,,
CR.2.RUR.Q4,"Completion rate, lower secondary education, rural, fourth quintile, both sexes (%)",TGO,2010,34.02907943725586,,
CR.2.RUR.Q4,"Completion rate, lower secondary education, rural, fourth quintile, both sexes (%)",TGO,2014,29.9424991607666,,
CR.2.RUR.Q4,"Completion rate, lower secondary education, rural, fourth quintile, both sexes (%)",TGO,2017,48.85287857055664,,
CR.2.RUR.Q4.F,"Completion rate, lower secondary education, rural, fourth quintile, female (%)",TGO,2006,18.22061920166016,,
CR.2.RUR.Q4.F,"Completion rate, lower secondary education, rural, fourth quintile, female (%)",TGO,2010,19.5228099822998,,
CR.2.RUR.Q4.F,"Completion rate, lower secondary education, rural, fourth quintile, female (%)",TGO,2014,19.86105918884277,,
CR.2.RUR.Q4.F,"Completion rate, lower secondary education, rural, fourth quintile, female (%)",TGO,2017,43.38470077514648,,
CR.2.RUR.Q4.GPIA,"Completion rate, lower secondary education, rural, fourth quintile, adjusted gender parity index (GPIA)",TGO,2006,.8014699816703796,,
CR.2.RUR.Q4.GPIA,"Completion rate, lower secondary education, rural, fourth quintile, adjusted gender parity index (GPIA)",TGO,2010,.4133299887180328,,
CR.2.RUR.Q4.GPIA,"Completion rate, lower secondary education, rural, fourth quintile, adjusted gender parity index (GPIA)",TGO,2014,.4506900012493134,,
CR.2.RUR.Q4.GPIA,"Completion rate, lower secondary education, rural, fourth quintile, adjusted gender parity index (GPIA)",TGO,2017,.7865800261497498,,
CR.2.RUR.Q4.M,"Completion rate, lower secondary education, rural, fourth quintile, male (%)",TGO,2006,22.7338695526123,,
CR.2.RUR.Q4.M,"Completion rate, lower secondary education, rural, fourth quintile, male (%)",TGO,2010,47.2330207824707,,
CR.2.RUR.Q4.M,"Completion rate, lower secondary education, rural, fourth quintile, male (%)",TGO,2014,44.06840896606445,,
CR.2.RUR.Q4.M,"Completion rate, lower secondary education, rural, fourth quintile, male (%)",TGO,2017,55.15631866455078,,
CR.2.RUR.Q5,"Completion rate, lower secondary education, rural, richest quintile, both sexes (%)",TGO,2017,80.40788269042969,,
CR.2.RUR.Q5.F,"Completion rate, lower secondary education, rural, richest quintile, female (%)",TGO,2017,81.14232635498047,,
CR.2.RUR.Q5.GPIA,"Completion rate, lower secondary education, rural, richest quintile, adjusted gender parity index (GPIA)",TGO,2017,1.018450021743774,,
CR.2.RUR.Q5.M,"Completion rate, lower secondary education, rural, richest quintile, male (%)",TGO,2017,79.64541625976563,,
CR.2.RUR.WPIA,"Completion rate, lower secondary education, rural, adjusted wealth parity index (WPIA)",TGO,2017,.2827599942684174,,
CR.2.URB,"Completion rate, lower secondary education, urban, both sexes (%)",TGO,2000,18.92,,
CR.2.URB,"Completion rate, lower secondary education, urban, both sexes (%)",TGO,2006,45.5595817565918,,
CR.2.URB,"Completion rate, lower secondary education, urban, both sexes (%)",TGO,2010,41.01927947998047,,
CR.2.URB,"Completion rate, lower secondary education, urban, both sexes (%)",TGO,2014,40.03757858276367,,
CR.2.URB,"Completion rate, lower secondary education, urban, both sexes (%)",TGO,2017,60.63901901245117,,
CR.2.URB,"Completion rate, lower secondary education, urban, both sexes (%)",TGO,2022,61.07966995239258,,
CR.2.URB.F,"Completion rate, lower secondary education, urban, female (%)",TGO,2006,32.18666076660156,,
CR.2.URB.F,"Completion rate, lower secondary education, urban, female (%)",TGO,2010,30.39463043212891,,
CR.2.URB.F,"Completion rate, lower secondary education, urban, female (%)",TGO,2014,31.13279914855957,,
CR.2.URB.F,"Completion rate, lower secondary education, urban, female (%)",TGO,2017,53.06716918945313,,
CR.2.URB.F,"Completion rate, lower secondary education, urban, female (%)",TGO,2022,56.58272933959961,,
CR.2.URB.GPIA,"Completion rate, lower secondary education, urban, adjusted gender parity index (GPIA)",TGO,2006,.5573300123214722,,
CR.2.URB.GPIA,"Completion rate, lower secondary education, urban, adjusted gender parity index (GPIA)",TGO,2010,.5681700110435486,,
CR.2.URB.GPIA,"Completion rate, lower secondary education, urban, adjusted gender parity index (GPIA)",TGO,2014,.6218299865722656,,
CR.2.URB.GPIA,"Completion rate, lower secondary education, urban, adjusted gender parity index (GPIA)",TGO,2017,.7825700044631958,,
CR.2.URB.GPIA,"Completion rate, lower secondary education, urban, adjusted gender parity index (GPIA)",TGO,2022,.8629999756813049,,
CR.2.URB.M,"Completion rate, lower secondary education, urban, male (%)",TGO,2006,57.75202178955078,,
CR.2.URB.M,"Completion rate, lower secondary education, urban, male (%)",TGO,2010,53.49533081054688,,
CR.2.URB.M,"Completion rate, lower secondary education, urban, male (%)",TGO,2014,50.066650390625,,
CR.2.URB.M,"Completion rate, lower secondary education, urban, male (%)",TGO,2017,67.81143188476563,,
CR.2.URB.M,"Completion rate, lower secondary education, urban, male (%)",TGO,2022,65.56488800048828,,
CR.2.URB.Q3,"Completion rate, lower secondary education, urban, middle quintile, both sexes (%)",TGO,2006,33.06871032714844,,
CR.2.URB.Q3,"Completion rate, lower secondary education, urban, middle quintile, both sexes (%)",TGO,2010,21.00881004333496,,
CR.2.URB.Q3,"Completion rate, lower secondary education, urban, middle quintile, both sexes (%)",TGO,2014,27.54311943054199,,
CR.2.URB.Q3,"Completion rate, lower secondary education, urban, middle quintile, both sexes (%)",TGO,2017,49.14871978759766,,
CR.2.URB.Q3.F,"Completion rate, lower secondary education, urban, middle quintile, female (%)",TGO,2006,13.79951953887939,,
CR.2.URB.Q3.F,"Completion rate, lower secondary education, urban, middle quintile, female (%)",TGO,2010,15.02318954467773,,
CR.2.URB.Q3.F,"Completion rate, lower secondary education, urban, middle quintile, female (%)",TGO,2017,47.87929153442383,,
CR.2.URB.Q3.GPIA,"Completion rate, lower secondary education, urban, middle quintile, adjusted gender parity index (GPIA)",TGO,2006,.3022499978542328,,
CR.2.URB.Q3.GPIA,"Completion rate, lower secondary education, urban, middle quintile, adjusted gender parity index (GPIA)",TGO,2010,.54448002576828,,
CR.2.URB.Q3.GPIA,"Completion rate, lower secondary education, urban, middle quintile, adjusted gender parity index (GPIA)",TGO,2017,.9472100138664246,,
CR.2.URB.Q3.M,"Completion rate, lower secondary education, urban, middle quintile, male (%)",TGO,2006,45.65587997436523,,
CR.2.URB.Q3.M,"Completion rate, lower secondary education, urban, middle quintile, male (%)",TGO,2010,27.59184074401855,,
CR.2.URB.Q3.M,"Completion rate, lower secondary education, urban, middle quintile, male (%)",TGO,2017,50.54792022705078,,
CR.2.URB.Q4,"Completion rate, lower secondary education, urban, fourth quintile, both sexes (%)",TGO,2006,39.79627990722656,,
CR.2.URB.Q4,"Completion rate, lower secondary education, urban, fourth quintile, both sexes (%)",TGO,2010,36.42058944702148,,
CR.2.URB.Q4,"Completion rate, lower secondary education, urban, fourth quintile, both sexes (%)",TGO,2014,30.82280921936035,,
CR.2.URB.Q4,"Completion rate, lower secondary education, urban, fourth quintile, both sexes (%)",TGO,2017,58.46871185302734,,
CR.2.URB.Q4.F,"Completion rate, lower secondary education, urban, fourth quintile, female (%)",TGO,2006,29.49098014831543,,
CR.2.URB.Q4.F,"Completion rate, lower secondary education, urban, fourth quintile, female (%)",TGO,2010,20.26158905029297,,
CR.2.URB.Q4.F,"Completion rate, lower secondary education, urban, fourth quintile, female (%)",TGO,2014,19.72068023681641,,
CR.2.URB.Q4.F,"Completion rate, lower secondary education, urban, fourth quintile, female (%)",TGO,2017,48.91424942016602,,
CR.2.URB.Q4.GPIA,"Completion rate, lower secondary education, urban, fourth quintile, adjusted gender parity index (GPIA)",TGO,2006,.608519971370697,,
CR.2.URB.Q4.GPIA,"Completion rate, lower secondary education, urban, fourth quintile, adjusted gender parity index (GPIA)",TGO,2010,.3928000032901764,,
CR.2.URB.Q4.GPIA,"Completion rate, lower secondary education, urban, fourth quintile, adjusted gender parity index (GPIA)",TGO,2014,.4674800038337708,,
CR.2.URB.Q4.GPIA,"Completion rate, lower secondary education, urban, fourth quintile, adjusted gender parity index (GPIA)",TGO,2017,.7401800155639648,,
CR.2.URB.Q4.M,"Completion rate, lower secondary education, urban, fourth quintile, male (%)",TGO,2006,48.46329879760742,,
CR.2.URB.Q4.M,"Completion rate, lower secondary education, urban, fourth quintile, male (%)",TGO,2010,51.58237838745117,,
CR.2.URB.Q4.M,"Completion rate, lower secondary education, urban, fourth quintile, male (%)",TGO,2014,42.18495941162109,,
CR.2.URB.Q4.M,"Completion rate, lower secondary education, urban, fourth quintile, male (%)",TGO,2017,66.08424377441406,,
CR.2.URB.Q5,"Completion rate, lower secondary education, urban, richest quintile, both sexes (%)",TGO,2006,54.34938812255859,,
CR.2.URB.Q5,"Completion rate, lower secondary education, urban, richest quintile, both sexes (%)",TGO,2010,50.54388046264648,,
CR.2.URB.Q5,"Completion rate, lower secondary education, urban, richest quintile, both sexes (%)",TGO,2014,49.93843841552734,,
CR.2.URB.Q5,"Completion rate, lower secondary education, urban, richest quintile, both sexes (%)",TGO,2017,66.26236724853516,,
CR.2.URB.Q5.F,"Completion rate, lower secondary education, urban, richest quintile, female (%)",TGO,2006,37.53792953491211,,
CR.2.URB.Q5.F,"Completion rate, lower secondary education, urban, richest quintile, female (%)",TGO,2010,41.43463897705078,,
CR.2.URB.Q5.F,"Completion rate, lower secondary education, urban, richest quintile, female (%)",TGO,2014,40.38034820556641,,
CR.2.URB.Q5.F,"Completion rate, lower secondary education, urban, richest quintile, female (%)",TGO,2017,57.87733840942383,,
CR.2.URB.Q5.GPIA,"Completion rate, lower secondary education, urban, richest quintile, adjusted gender parity index (GPIA)",TGO,2006,.5164300203323364,,
CR.2.URB.Q5.GPIA,"Completion rate, lower secondary education, urban, richest quintile, adjusted gender parity index (GPIA)",TGO,2010,.6497200131416321,,
CR.2.URB.Q5.GPIA,"Completion rate, lower secondary education, urban, richest quintile, adjusted gender parity index (GPIA)",TGO,2014,.6442199945449829,,
CR.2.URB.Q5.GPIA,"Completion rate, lower secondary education, urban, richest quintile, adjusted gender parity index (GPIA)",TGO,2017,.7716900110244751,,
CR.2.URB.Q5.M,"Completion rate, lower secondary education, urban, richest quintile, male (%)",TGO,2006,72.68721008300781,,
CR.2.URB.Q5.M,"Completion rate, lower secondary education, urban, richest quintile, male (%)",TGO,2010,63.77331924438477,,
CR.2.URB.Q5.M,"Completion rate, lower secondary education, urban, richest quintile, male (%)",TGO,2014,62.68146896362305,,
CR.2.URB.Q5.M,"Completion rate, lower secondary education, urban, richest quintile, male (%)",TGO,2017,75.00032806396484,,
CR.2.WPIA,"Completion rate, lower secondary education, adjusted wealth parity index (WPIA)",TGO,2000,.1447028368711472,,
CR.2.WPIA,"Completion rate, lower secondary education, adjusted wealth parity index (WPIA)",TGO,2006,.1032000035047531,,
CR.2.WPIA,"Completion rate, lower secondary education, adjusted wealth parity index (WPIA)",TGO,2010,.0619300007820129,,
CR.2.WPIA,"Completion rate, lower secondary education, adjusted wealth parity index (WPIA)",TGO,2014,.1066600009799004,,
CR.2.WPIA,"Completion rate, lower secondary education, adjusted wealth parity index (WPIA)",TGO,2017,.3343900144100189,,
CR.3,"Completion rate, upper secondary education, both sexes (%)",TGO,2000,.7799999999999999,,
CR.3,"Completion rate, upper secondary education, both sexes (%)",TGO,2006,9.416330337524414,,
CR.3,"Completion rate, upper secondary education, both sexes (%)",TGO,2010,9.704259872436523,,
CR.3,"Completion rate, upper secondary education, both sexes (%)",TGO,2014,15.00666046142578,,
CR.3,"Completion rate, upper secondary education, both sexes (%)",TGO,2017,21.27341079711914,,
CR.3,"Completion rate, upper secondary education, both sexes (%)",TGO,2022,29.46147918701172,,
CR.3.ABL,"Completion rate, upper secondary education, not disabled, both sexes (%)",TGO,2022,29.53544044494629,,
CR.3.ABL.F,"Completion rate, upper secondary education, not disabled, female (%)",TGO,2022,23.0163402557373,,
CR.3.ABL.GPIA,"Completion rate, upper secondary education, not disabled, adjusted gender parity index (GPIA)",TGO,2022,.6015899777412415,,
CR.3.ABL.M,"Completion rate, upper secondary education, not disabled, male (%)",TGO,2022,38.25920867919922,,
CR.3.F,"Completion rate, upper secondary education, female (%)",TGO,2000,.47,,
CR.3.F,"Completion rate, upper secondary education, female (%)",TGO,2006,6.893400192260742,,
CR.3.F,"Completion rate, upper secondary education, female (%)",TGO,2010,7.240009784698486,,
CR.3.F,"Completion rate, upper secondary education, female (%)",TGO,2014,10.00675010681152,,
CR.3.F,"Completion rate, upper secondary education, female (%)",TGO,2017,11.93194007873535,,
CR.3.F,"Completion rate, upper secondary education, female (%)",TGO,2022,23.19083976745605,,
CR.3.F.LPIA,"Completion rate, upper secondary education, female, adjusted location parity index (LPIA)",TGO,2006,.0377900004386902,,
CR.3.F.LPIA,"Completion rate, upper secondary education, female, adjusted location parity index (LPIA)",TGO,2010,.0940100029110909,,
CR.3.F.LPIA,"Completion rate, upper secondary education, female, adjusted location parity index (LPIA)",TGO,2014,.0473299995064735,,
CR.3.F.LPIA,"Completion rate, upper secondary education, female, adjusted location parity index (LPIA)",TGO,2017,.222790002822876,,
CR.3.F.LPIA,"Completion rate, upper secondary education, female, adjusted location parity index (LPIA)",TGO,2022,.2036499977111816,,
CR.3.F.WPIA,"Completion rate, upper secondary education, female, adjusted wealth parity index (WPIA)",TGO,2006,0,NIL,
CR.3.F.WPIA,"Completion rate, upper secondary education, female, adjusted wealth parity index (WPIA)",TGO,2010,0,NIL,
CR.3.F.WPIA,"Completion rate, upper secondary education, female, adjusted wealth parity index (WPIA)",TGO,2014,0,NIL,
CR.3.GPIA,"Completion rate, upper secondary education, adjusted gender parity index (GPIA)",TGO,2000,.4272727370262146,,
CR.3.GPIA,"Completion rate, upper secondary education, adjusted gender parity index (GPIA)",TGO,2006,.5903099775314331,,
CR.3.GPIA,"Completion rate, upper secondary education, adjusted gender parity index (GPIA)",TGO,2010,.581529974937439,,
CR.3.GPIA,"Completion rate, upper secondary education, adjusted gender parity index (GPIA)",TGO,2014,.4874700009822845,,
CR.3.GPIA,"Completion rate, upper secondary education, adjusted gender parity index (GPIA)",TGO,2017,.3809399902820587,,
CR.3.GPIA,"Completion rate, upper secondary education, adjusted gender parity index (GPIA)",TGO,2022,.6135200262069702,,
CR.3.LPIA,"Completion rate, upper secondary education, adjusted location parity index (LPIA)",TGO,2006,.1235200017690659,,
CR.3.LPIA,"Completion rate, upper secondary education, adjusted location parity index (LPIA)",TGO,2010,.1390299946069717,,
CR.3.LPIA,"Completion rate, upper secondary education, adjusted location parity index (LPIA)",TGO,2014,.1374399960041046,,
CR.3.LPIA,"Completion rate, upper secondary education, adjusted location parity index (LPIA)",TGO,2017,.2892599999904633,,
CR.3.LPIA,"Completion rate, upper secondary education, adjusted location parity index (LPIA)",TGO,2022,.254150003194809,,
CR.3.M,"Completion rate, upper secondary education, male (%)",TGO,2000,1.1,,
CR.3.M,"Completion rate, upper secondary education, male (%)",TGO,2006,11.67768955230713,,
CR.3.M,"Completion rate, upper secondary education, male (%)",TGO,2010,12.44995975494385,,
CR.3.M,"Completion rate, upper secondary education, male (%)",TGO,2014,20.52783012390137,,
CR.3.M,"Completion rate, upper secondary education, male (%)",TGO,2017,31.32197952270508,,
CR.3.M,"Completion rate, upper secondary education, male (%)",TGO,2022,37.79986953735352,,
CR.3.M.LPIA,"Completion rate, upper secondary education, male, adjusted location parity index (LPIA)",TGO,2006,.1569799929857254,,
CR.3.M.LPIA,"Completion rate, upper secondary education, male, adjusted location parity index (LPIA)",TGO,2010,.1781399995088577,,
CR.3.M.LPIA,"Completion rate, upper secondary education, male, adjusted location parity index (LPIA)",TGO,2014,.1956399977207184,,
CR.3.M.LPIA,"Completion rate, upper secondary education, male, adjusted location parity index (LPIA)",TGO,2017,.3485200107097626,,
CR.3.M.LPIA,"Completion rate, upper secondary education, male, adjusted location parity index (LPIA)",TGO,2022,.3041000068187714,,
CR.3.M.WPIA,"Completion rate, upper secondary education, male, adjusted wealth parity index (WPIA)",TGO,2006,.1242600008845329,,
CR.3.M.WPIA,"Completion rate, upper secondary education, male, adjusted wealth parity index (WPIA)",TGO,2010,.0635199993848801,,
CR.3.M.WPIA,"Completion rate, upper secondary education, male, adjusted wealth parity index (WPIA)",TGO,2014,.0437100008130074,,
CR.3.M.WPIA,"Completion rate, upper secondary education, male, adjusted wealth parity index (WPIA)",TGO,2017,.0264199990779161,,
CR.3.Q1,"Completion rate, upper secondary education, poorest quintile, both sexes (%)",TGO,2000,.4,,
CR.3.Q1,"Completion rate, upper secondary education, poorest quintile, both sexes (%)",TGO,2006,1.715229988098145,,
CR.3.Q1,"Completion rate, upper secondary education, poorest quintile, both sexes (%)",TGO,2010,.6113799810409546,,
CR.3.Q1,"Completion rate, upper secondary education, poorest quintile, both sexes (%)",TGO,2014,.8891900181770325,,
CR.3.Q1,"Completion rate, upper secondary education, poorest quintile, both sexes (%)",TGO,2017,.5956299901008606,,
CR.3.Q1.F,"Completion rate, upper secondary education, poorest quintile, female (%)",TGO,2006,0,NIL,
CR.3.Q1.F,"Completion rate, upper secondary education, poorest quintile, female (%)",TGO,2010,0,NIL,
CR.3.Q1.F,"Completion rate, upper secondary education, poorest quintile, female (%)",TGO,2014,0,NIL,
CR.3.Q1.GPIA,"Completion rate, upper secondary education, poorest quintile, adjusted gender parity index (GPIA)",TGO,2006,0,NIL,
CR.3.Q1.GPIA,"Completion rate, upper secondary education, poorest quintile, adjusted gender parity index (GPIA)",TGO,2010,0,NIL,
CR.3.Q1.GPIA,"Completion rate, upper secondary education, poorest quintile, adjusted gender parity index (GPIA)",TGO,2014,0,NIL,
CR.3.Q1.M,"Completion rate, upper secondary education, poorest quintile, male (%)",TGO,2006,2.960400104522705,,
CR.3.Q1.M,"Completion rate, upper secondary education, poorest quintile, male (%)",TGO,2010,1.360129952430725,,
CR.3.Q1.M,"Completion rate, upper secondary education, poorest quintile, male (%)",TGO,2014,1.719720005989075,,
CR.3.Q1.M,"Completion rate, upper secondary education, poorest quintile, male (%)",TGO,2017,1.244060039520264,,
CR.3.Q2,"Completion rate, upper secondary education, second quintile, both sexes (%)",TGO,2000,0,NIL,
CR.3.Q2,"Completion rate, upper secondary education, second quintile, both sexes (%)",TGO,2006,.7775300145149231,,
CR.3.Q2,"Completion rate, upper secondary education, second quintile, both sexes (%)",TGO,2010,.9939500093460083,,
CR.3.Q2,"Completion rate, upper secondary education, second quintile, both sexes (%)",TGO,2014,3.469919919967651,,
CR.3.Q2,"Completion rate, upper secondary education, second quintile, both sexes (%)",TGO,2017,7.002810001373291,,
CR.3.Q2.F,"Completion rate, upper secondary education, second quintile, female (%)",TGO,2006,0,NIL,
CR.3.Q2.F,"Completion rate, upper secondary education, second quintile, female (%)",TGO,2010,.6632900238037109,,
CR.3.Q2.F,"Completion rate, upper secondary education, second quintile, female (%)",TGO,2014,0,NIL,
CR.3.Q2.F,"Completion rate, upper secondary education, second quintile, female (%)",TGO,2017,4.534319877624512,,
CR.3.Q2.GPIA,"Completion rate, upper secondary education, second quintile, adjusted gender parity index (GPIA)",TGO,2006,0,NIL,
CR.3.Q2.GPIA,"Completion rate, upper secondary education, second quintile, adjusted gender parity index (GPIA)",TGO,2010,.4833000004291534,,
CR.3.Q2.GPIA,"Completion rate, upper secondary education, second quintile, adjusted gender parity index (GPIA)",TGO,2014,0,NIL,
CR.3.Q2.GPIA,"Completion rate, upper secondary education, second quintile, adjusted gender parity index (GPIA)",TGO,2017,.4302400052547455,,
CR.3.Q2.M,"Completion rate, upper secondary education, second quintile, male (%)",TGO,2006,1.436050057411194,,
CR.3.Q2.M,"Completion rate, upper secondary education, second quintile, male (%)",TGO,2010,1.37241005897522,,
CR.3.Q2.M,"Completion rate, upper secondary education, second quintile, male (%)",TGO,2014,7.943870067596436,,
CR.3.Q2.M,"Completion rate, upper secondary education, second quintile, male (%)",TGO,2017,10.5390796661377,,
CR.3.Q3,"Completion rate, upper secondary education, middle quintile, both sexes (%)",TGO,2000,0,NIL,
CR.3.Q3,"Completion rate, upper secondary education, middle quintile, both sexes (%)",TGO,2006,2.627439975738525,,
CR.3.Q3,"Completion rate, upper secondary education, middle quintile, both sexes (%)",TGO,2010,5.043869972229004,,
CR.3.Q3,"Completion rate, upper secondary education, middle quintile, both sexes (%)",TGO,2014,1.507979989051819,,
CR.3.Q3,"Completion rate, upper secondary education, middle quintile, both sexes (%)",TGO,2017,17.66929054260254,,
CR.3.Q3.F,"Completion rate, upper secondary education, middle quintile, female (%)",TGO,2006,2.180670022964478,,
CR.3.Q3.F,"Completion rate, upper secondary education, middle quintile, female (%)",TGO,2010,0,NIL,
CR.3.Q3.F,"Completion rate, upper secondary education, middle quintile, female (%)",TGO,2014,0,NIL,
CR.3.Q3.F,"Completion rate, upper secondary education, middle quintile, female (%)",TGO,2017,8.374819755554199,,
CR.3.Q3.F.LPIA,"Completion rate, upper secondary education, middle quintile, female, adjusted location parity index (LPIA)",TGO,2006,0,NIL,
CR.3.Q3.F.LPIA,"Completion rate, upper secondary education, middle quintile, female, adjusted location parity index (LPIA)",TGO,2017,.6555600166320801,,
CR.3.Q3.GPIA,"Completion rate, upper secondary education, middle quintile, adjusted gender parity index (GPIA)",TGO,2006,.7359600067138672,,
CR.3.Q3.GPIA,"Completion rate, upper secondary education, middle quintile, adjusted gender parity index (GPIA)",TGO,2010,0,NIL,
CR.3.Q3.GPIA,"Completion rate, upper secondary education, middle quintile, adjusted gender parity index (GPIA)",TGO,2014,0,NIL,
CR.3.Q3.GPIA,"Completion rate, upper secondary education, middle quintile, adjusted gender parity index (GPIA)",TGO,2017,.2979699969291687,,
CR.3.Q3.LPIA,"Completion rate, upper secondary education, middle quintile, adjusted location parity index (LPIA)",TGO,2006,.2912099957466125,,
CR.3.Q3.LPIA,"Completion rate, upper secondary education, middle quintile, adjusted location parity index (LPIA)",TGO,2010,.1063800007104874,,
CR.3.Q3.LPIA,"Completion rate, upper secondary education, middle quintile, adjusted location parity index (LPIA)",TGO,2017,.5985400080680847,,
CR.3.Q3.M,"Completion rate, upper secondary education, middle quintile, male (%)",TGO,2006,2.96301007270813,,
CR.3.Q3.M,"Completion rate, upper secondary education, middle quintile, male (%)",TGO,2010,10.10558032989502,,
CR.3.Q3.M,"Completion rate, upper secondary education, middle quintile, male (%)",TGO,2014,2.951620101928711,,
CR.3.Q3.M,"Completion rate, upper secondary education, middle quintile, male (%)",TGO,2017,28.10629081726074,,
CR.3.Q3.M.LPIA,"Completion rate, upper secondary education, middle quintile, male, adjusted location parity index (LPIA)",TGO,2006,.7398399710655212,,
CR.3.Q3.M.LPIA,"Completion rate, upper secondary education, middle quintile, male, adjusted location parity index (LPIA)",TGO,2010,.1274500042200089,,
CR.3.Q3.M.LPIA,"Completion rate, upper secondary education, middle quintile, male, adjusted location parity index (LPIA)",TGO,2017,.5917500257492065,,
CR.3.Q4,"Completion rate, upper secondary education, fourth quintile, both sexes (%)",TGO,2000,0,NIL,
CR.3.Q4,"Completion rate, upper secondary education, fourth quintile, both sexes (%)",TGO,2006,10.32754993438721,,
CR.3.Q4,"Completion rate, upper secondary education, fourth quintile, both sexes (%)",TGO,2010,10.8715295791626,,
CR.3.Q4,"Completion rate, upper secondary education, fourth quintile, both sexes (%)",TGO,2014,16.27695083618164,,
CR.3.Q4,"Completion rate, upper secondary education, fourth quintile, both sexes (%)",TGO,2017,26.35510063171387,,
CR.3.Q4.F,"Completion rate, upper secondary education, fourth quintile, female (%)",TGO,2006,5.142469882965088,,
CR.3.Q4.F,"Completion rate, upper secondary education, fourth quintile, female (%)",TGO,2010,6.57459020614624,,
CR.3.Q4.F,"Completion rate, upper secondary education, fourth quintile, female (%)",TGO,2014,9.298020362854004,,
CR.3.Q4.F,"Completion rate, upper secondary education, fourth quintile, female (%)",TGO,2017,10.73470973968506,,
CR.3.Q4.F.LPIA,"Completion rate, upper secondary education, fourth quintile, female, adjusted location parity index (LPIA)",TGO,2006,.6034299731254578,,
CR.3.Q4.F.LPIA,"Completion rate, upper secondary education, fourth quintile, female, adjusted location parity index (LPIA)",TGO,2010,1.015640020370483,,
CR.3.Q4.F.LPIA,"Completion rate, upper secondary education, fourth quintile, female, adjusted location parity index (LPIA)",TGO,2014,.7859899997711182,,
CR.3.Q4.F.LPIA,"Completion rate, upper secondary education, fourth quintile, female, adjusted location parity index (LPIA)",TGO,2017,.2870999872684479,,
CR.3.Q4.GPIA,"Completion rate, upper secondary education, fourth quintile, adjusted gender parity index (GPIA)",TGO,2006,.3401800096035004,,
CR.3.Q4.GPIA,"Completion rate, upper secondary education, fourth quintile, adjusted gender parity index (GPIA)",TGO,2010,.4342699944972992,,
CR.3.Q4.GPIA,"Completion rate, upper secondary education, fourth quintile, adjusted gender parity index (GPIA)",TGO,2014,.3724400103092194,,
CR.3.Q4.GPIA,"Completion rate, upper secondary education, fourth quintile, adjusted gender parity index (GPIA)",TGO,2017,.256630003452301,,
CR.3.Q4.LPIA,"Completion rate, upper secondary education, fourth quintile, adjusted location parity index (LPIA)",TGO,2006,.2339600026607513,,
CR.3.Q4.LPIA,"Completion rate, upper secondary education, fourth quintile, adjusted location parity index (LPIA)",TGO,2010,.5747299790382385,,
CR.3.Q4.LPIA,"Completion rate, upper secondary education, fourth quintile, adjusted location parity index (LPIA)",TGO,2014,1.049839973449707,,
CR.3.Q4.LPIA,"Completion rate, upper secondary education, fourth quintile, adjusted location parity index (LPIA)",TGO,2017,.9378899931907654,,
CR.3.Q4.M,"Completion rate, upper secondary education, fourth quintile, male (%)",TGO,2006,15.11707973480225,,
CR.3.Q4.M,"Completion rate, upper secondary education, fourth quintile, male (%)",TGO,2010,15.1392297744751,,
CR.3.Q4.M,"Completion rate, upper secondary education, fourth quintile, male (%)",TGO,2014,24.96492958068848,,
CR.3.Q4.M,"Completion rate, upper secondary education, fourth quintile, male (%)",TGO,2017,41.82981109619141,,
CR.3.Q4.M.LPIA,"Completion rate, upper secondary education, fourth quintile, male, adjusted location parity index (LPIA)",TGO,2006,.131970003247261,,
CR.3.Q4.M.LPIA,"Completion rate, upper secondary education, fourth quintile, male, adjusted location parity index (LPIA)",TGO,2010,.4356800019741058,,
CR.3.Q4.M.LPIA,"Completion rate, upper secondary education, fourth quintile, male, adjusted location parity index (LPIA)",TGO,2014,1.204759955406189,,
CR.3.Q4.M.LPIA,"Completion rate, upper secondary education, fourth quintile, male, adjusted location parity index (LPIA)",TGO,2017,1.27715003490448,,
CR.3.Q5,"Completion rate, upper secondary education, richest quintile, both sexes (%)",TGO,2000,2.44,,
CR.3.Q5,"Completion rate, upper secondary education, richest quintile, both sexes (%)",TGO,2006,19.29805946350098,,
CR.3.Q5,"Completion rate, upper secondary education, richest quintile, both sexes (%)",TGO,2010,19.30014038085938,,
CR.3.Q5,"Completion rate, upper secondary education, richest quintile, both sexes (%)",TGO,2014,31.04685020446777,,
CR.3.Q5,"Completion rate, upper secondary education, richest quintile, both sexes (%)",TGO,2017,36.7064208984375,,
CR.3.Q5.F,"Completion rate, upper secondary education, richest quintile, female (%)",TGO,2006,15.09321022033691,,
CR.3.Q5.F,"Completion rate, upper secondary education, richest quintile, female (%)",TGO,2010,17.61790084838867,,
CR.3.Q5.F,"Completion rate, upper secondary education, richest quintile, female (%)",TGO,2014,23.38615036010742,,
CR.3.Q5.F,"Completion rate, upper secondary education, richest quintile, female (%)",TGO,2017,25.93633079528809,,
CR.3.Q5.GPIA,"Completion rate, upper secondary education, richest quintile, adjusted gender parity index (GPIA)",TGO,2006,.6335399746894836,,
CR.3.Q5.GPIA,"Completion rate, upper secondary education, richest quintile, adjusted gender parity index (GPIA)",TGO,2010,.8227599859237671,,
CR.3.Q5.GPIA,"Completion rate, upper secondary education, richest quintile, adjusted gender parity index (GPIA)",TGO,2014,.5943700075149536,,
CR.3.Q5.GPIA,"Completion rate, upper secondary education, richest quintile, adjusted gender parity index (GPIA)",TGO,2017,.550849974155426,,
CR.3.Q5.LPIA,"Completion rate, upper secondary education, richest quintile, adjusted location parity index (LPIA)",TGO,2017,.7250499725341797,,
CR.3.Q5.M,"Completion rate, upper secondary education, richest quintile, male (%)",TGO,2006,23.8236198425293,,
CR.3.Q5.M,"Completion rate, upper secondary education, richest quintile, male (%)",TGO,2010,21.41316986083984,,
CR.3.Q5.M,"Completion rate, upper secondary education, richest quintile, male (%)",TGO,2014,39.34624862670898,,
CR.3.Q5.M,"Completion rate, upper secondary education, richest quintile, male (%)",TGO,2017,47.08435821533203,,
CR.3.RUR,"Completion rate, upper secondary education, rural, both sexes (%)",TGO,2000,0,NIL,
CR.3.RUR,"Completion rate, upper secondary education, rural, both sexes (%)",TGO,2006,1.916339993476868,,
CR.3.RUR,"Completion rate, upper secondary education, rural, both sexes (%)",TGO,2010,2.274630069732666,,
CR.3.RUR,"Completion rate, upper secondary education, rural, both sexes (%)",TGO,2014,3.425820112228394,,
CR.3.RUR,"Completion rate, upper secondary education, rural, both sexes (%)",TGO,2017,9.260199546813965,,
CR.3.RUR,"Completion rate, upper secondary education, rural, both sexes (%)",TGO,2022,11.11250019073486,,
CR.3.RUR.F,"Completion rate, upper secondary education, rural, female (%)",TGO,2006,.4339199960231781,,
CR.3.RUR.F,"Completion rate, upper secondary education, rural, female (%)",TGO,2010,1.222339987754822,,
CR.3.RUR.F,"Completion rate, upper secondary education, rural, female (%)",TGO,2014,.8528400063514709,,
CR.3.RUR.F,"Completion rate, upper secondary education, rural, female (%)",TGO,2017,4.362339973449707,,
CR.3.RUR.F,"Completion rate, upper secondary education, rural, female (%)",TGO,2022,7.311669826507568,,
CR.3.RUR.GPIA,"Completion rate, upper secondary education, rural, adjusted gender parity index (GPIA)",TGO,2006,.1412999927997589,,
CR.3.RUR.GPIA,"Completion rate, upper secondary education, rural, adjusted gender parity index (GPIA)",TGO,2010,.3454999923706055,,
CR.3.RUR.GPIA,"Completion rate, upper secondary education, rural, adjusted gender parity index (GPIA)",TGO,2014,.1345700025558472,,
CR.3.RUR.GPIA,"Completion rate, upper secondary education, rural, adjusted gender parity index (GPIA)",TGO,2017,.2852999866008759,,
CR.3.RUR.GPIA,"Completion rate, upper secondary education, rural, adjusted gender parity index (GPIA)",TGO,2022,.4467499852180481,,
CR.3.RUR.M,"Completion rate, upper secondary education, rural, male (%)",TGO,2006,3.070899963378906,,
CR.3.RUR.M,"Completion rate, upper secondary education, rural, male (%)",TGO,2010,3.537930011749268,,
CR.3.RUR.M,"Completion rate, upper secondary education, rural, male (%)",TGO,2014,6.337649822235107,,
CR.3.RUR.M,"Completion rate, upper secondary education, rural, male (%)",TGO,2017,15.2905797958374,,
CR.3.RUR.M,"Completion rate, upper secondary education, rural, male (%)",TGO,2022,16.36627960205078,,
CR.3.RUR.Q1,"Completion rate, upper secondary education, rural, poorest quintile, both sexes (%)",TGO,2006,1.739979982376099,,
CR.3.RUR.Q1,"Completion rate, upper secondary education, rural, poorest quintile, both sexes (%)",TGO,2010,.6173400282859802,,
CR.3.RUR.Q1,"Completion rate, upper secondary education, rural, poorest quintile, both sexes (%)",TGO,2014,.9124500155448914,,
CR.3.RUR.Q1,"Completion rate, upper secondary education, rural, poorest quintile, both sexes (%)",TGO,2017,.5956299901008606,,
CR.3.RUR.Q1.F,"Completion rate, upper secondary education, rural, poorest quintile, female (%)",TGO,2006,0,NIL,
CR.3.RUR.Q1.F,"Completion rate, upper secondary education, rural, poorest quintile, female (%)",TGO,2010,0,NIL,
CR.3.RUR.Q1.F,"Completion rate, upper secondary education, rural, poorest quintile, female (%)",TGO,2014,0,NIL,
CR.3.RUR.Q1.GPIA,"Completion rate, upper secondary education, rural, poorest quintile, adjusted gender parity index (GPIA)",TGO,2006,0,NIL,
CR.3.RUR.Q1.GPIA,"Completion rate, upper secondary education, rural, poorest quintile, adjusted gender parity index (GPIA)",TGO,2010,0,NIL,
CR.3.RUR.Q1.GPIA,"Completion rate, upper secondary education, rural, poorest quintile, adjusted gender parity index (GPIA)",TGO,2014,0,NIL,
CR.3.RUR.Q1.M,"Completion rate, upper secondary education, rural, poorest quintile, male (%)",TGO,2006,3.016109943389893,,
CR.3.RUR.Q1.M,"Completion rate, upper secondary education, rural, poorest quintile, male (%)",TGO,2010,1.375910043716431,,
CR.3.RUR.Q1.M,"Completion rate, upper secondary education, rural, poorest quintile, male (%)",TGO,2014,1.78560996055603,,
CR.3.RUR.Q1.M,"Completion rate, upper secondary education, rural, poorest quintile, male (%)",TGO,2017,1.244060039520264,,
CR.3.RUR.Q2,"Completion rate, upper secondary education, rural, second quintile, both sexes (%)",TGO,2006,.8301200270652771,,
CR.3.RUR.Q2,"Completion rate, upper secondary education, rural, second quintile, both sexes (%)",TGO,2010,1.01121997833252,,
CR.3.RUR.Q2,"Completion rate, upper secondary education, rural, second quintile, both sexes (%)",TGO,2014,3.526050090789795,,
CR.3.RUR.Q2,"Completion rate, upper secondary education, rural, second quintile, both sexes (%)",TGO,2017,6.153069972991943,,
CR.3.RUR.Q2.F,"Completion rate, upper secondary education, rural, second quintile, female (%)",TGO,2006,0,NIL,
CR.3.RUR.Q2.F,"Completion rate, upper secondary education, rural, second quintile, female (%)",TGO,2010,.6759600043296814,,
CR.3.RUR.Q2.F,"Completion rate, upper secondary education, rural, second quintile, female (%)",TGO,2014,0,NIL,
CR.3.RUR.Q2.F,"Completion rate, upper secondary education, rural, second quintile, female (%)",TGO,2017,4.534319877624512,,
CR.3.RUR.Q2.GPIA,"Completion rate, upper secondary education, rural, second quintile, adjusted gender parity index (GPIA)",TGO,2006,0,NIL,
CR.3.RUR.Q2.GPIA,"Completion rate, upper secondary education, rural, second quintile, adjusted gender parity index (GPIA)",TGO,2010,.4850699901580811,,
CR.3.RUR.Q2.GPIA,"Completion rate, upper secondary education, rural, second quintile, adjusted gender parity index (GPIA)",TGO,2014,0,NIL,
CR.3.RUR.Q2.GPIA,"Completion rate, upper secondary education, rural, second quintile, adjusted gender parity index (GPIA)",TGO,2017,.5319300293922424,,
CR.3.RUR.Q2.M,"Completion rate, upper secondary education, rural, second quintile, male (%)",TGO,2006,1.541200041770935,,
CR.3.RUR.Q2.M,"Completion rate, upper secondary education, rural, second quintile, male (%)",TGO,2010,1.393540024757385,,
CR.3.RUR.Q2.M,"Completion rate, upper secondary education, rural, second quintile, male (%)",TGO,2014,8.183699607849121,,
CR.3.RUR.Q2.M,"Completion rate, upper secondary education, rural, second quintile, male (%)",TGO,2017,8.524259567260742,,
CR.3.RUR.Q3,"Completion rate, upper secondary education, rural, middle quintile, both sexes (%)",TGO,2006,1.571200013160706,,
CR.3.RUR.Q3,"Completion rate, upper secondary education, rural, middle quintile, both sexes (%)",TGO,2010,1.803230047225952,,
CR.3.RUR.Q3,"Completion rate, upper secondary education, rural, middle quintile, both sexes (%)",TGO,2014,1.322250008583069,,
CR.3.RUR.Q3,"Completion rate, upper secondary education, rural, middle quintile, both sexes (%)",TGO,2017,14.14589977264404,,
CR.3.RUR.Q3.F,"Completion rate, upper secondary education, rural, middle quintile, female (%)",TGO,2006,0,NIL,
CR.3.RUR.Q3.F,"Completion rate, upper secondary education, rural, middle quintile, female (%)",TGO,2010,0,NIL,
CR.3.RUR.Q3.F,"Completion rate, upper secondary education, rural, middle quintile, female (%)",TGO,2014,0,NIL,
CR.3.RUR.Q3.F,"Completion rate, upper secondary education, rural, middle quintile, female (%)",TGO,2017,7.025020122528076,,
CR.3.RUR.Q3.GPIA,"Completion rate, upper secondary education, rural, middle quintile, adjusted gender parity index (GPIA)",TGO,2006,0,NIL,
CR.3.RUR.Q3.GPIA,"Completion rate, upper secondary education, rural, middle quintile, adjusted gender parity index (GPIA)",TGO,2010,0,NIL,
CR.3.RUR.Q3.GPIA,"Completion rate, upper secondary education, rural, middle quintile, adjusted gender parity index (GPIA)",TGO,2014,0,NIL,
CR.3.RUR.Q3.GPIA,"Completion rate, upper secondary education, rural, middle quintile, adjusted gender parity index (GPIA)",TGO,2017,.3150700032711029,,
CR.3.RUR.Q3.M,"Completion rate, upper secondary education, rural, middle quintile, male (%)",TGO,2006,2.710239887237549,,
CR.3.RUR.Q3.M,"Completion rate, upper secondary education, rural, middle quintile, male (%)",TGO,2010,3.765929937362671,,
CR.3.RUR.Q3.M,"Completion rate, upper secondary education, rural, middle quintile, male (%)",TGO,2014,2.632560014724731,,
CR.3.RUR.Q3.M,"Completion rate, upper secondary education, rural, middle quintile, male (%)",TGO,2017,22.29641914367676,,
CR.3.RUR.Q4,"Completion rate, upper secondary education, rural, fourth quintile, both sexes (%)",TGO,2006,2.923850059509277,,
CR.3.RUR.Q4,"Completion rate, upper secondary education, rural, fourth quintile, both sexes (%)",TGO,2010,6.973589897155762,,
CR.3.RUR.Q4,"Completion rate, upper secondary education, rural, fourth quintile, both sexes (%)",TGO,2014,16.96257019042969,,
CR.3.RUR.Q4,"Completion rate, upper secondary education, rural, fourth quintile, both sexes (%)",TGO,2017,24.99777984619141,,
CR.3.RUR.Q4.F,"Completion rate, upper secondary education, rural, fourth quintile, female (%)",TGO,2006,3.404819965362549,,
CR.3.RUR.Q4.F,"Completion rate, upper secondary education, rural, fourth quintile, female (%)",TGO,2010,6.648530006408691,,
CR.3.RUR.Q4.F,"Completion rate, upper secondary education, rural, fourth quintile, female (%)",TGO,2014,7.633009910583496,,
CR.3.RUR.Q4.F,"Completion rate, upper secondary education, rural, fourth quintile, female (%)",TGO,2017,3.626290082931519,,
CR.3.RUR.Q4.GPIA,"Completion rate, upper secondary education, rural, fourth quintile, adjusted gender parity index (GPIA)",TGO,2006,1.268239974975586,,
CR.3.RUR.Q4.GPIA,"Completion rate, upper secondary education, rural, fourth quintile, adjusted gender parity index (GPIA)",TGO,2010,.8938400149345398,,
CR.3.RUR.Q4.GPIA,"Completion rate, upper secondary education, rural, fourth quintile, adjusted gender parity index (GPIA)",TGO,2014,.2542200088500977,,
CR.3.RUR.Q4.GPIA,"Completion rate, upper secondary education, rural, fourth quintile, adjusted gender parity index (GPIA)",TGO,2017,.0662700012326241,,
CR.3.RUR.Q4.M,"Completion rate, upper secondary education, rural, fourth quintile, male (%)",TGO,2006,2.491509914398193,,
CR.3.RUR.Q4.M,"Completion rate, upper secondary education, rural, fourth quintile, male (%)",TGO,2010,7.43818998336792,,
CR.3.RUR.Q4.M,"Completion rate, upper secondary education, rural, fourth quintile, male (%)",TGO,2014,30.02580070495605,,
CR.3.RUR.Q4.M,"Completion rate, upper secondary education, rural, fourth quintile, male (%)",TGO,2017,54.72106170654297,,
CR.3.RUR.Q5,"Completion rate, upper secondary education, rural, richest quintile, both sexes (%)",TGO,2017,27.29253959655762,,
CR.3.RUR.WPIA,"Completion rate, upper secondary education, rural, adjusted wealth parity index (WPIA)",TGO,2017,.0218199994415045,,
CR.3.URB,"Completion rate, upper secondary education, urban, both sexes (%)",TGO,2000,1.61,,
CR.3.URB,"Completion rate, upper secondary education, urban, both sexes (%)",TGO,2006,15.51496028900146,,
CR.3.URB,"Completion rate, upper secondary education, urban, both sexes (%)",TGO,2010,16.36037063598633,,
CR.3.URB,"Completion rate, upper secondary education, urban, both sexes (%)",TGO,2014,24.92556953430176,,
CR.3.URB,"Completion rate, upper secondary education, urban, both sexes (%)",TGO,2017,32.01327133178711,,
CR.3.URB,"Completion rate, upper secondary education, urban, both sexes (%)",TGO,2022,43.72489929199219,,
CR.3.URB.F,"Completion rate, upper secondary education, urban, female (%)",TGO,2006,11.48384952545166,,
CR.3.URB.F,"Completion rate, upper secondary education, urban, female (%)",TGO,2010,13.00269985198975,,
CR.3.URB.F,"Completion rate, upper secondary education, urban, female (%)",TGO,2014,18.01840019226074,,
CR.3.URB.F,"Completion rate, upper secondary education, urban, female (%)",TGO,2017,19.58086013793945,,
CR.3.URB.F,"Completion rate, upper secondary education, urban, female (%)",TGO,2022,35.90283966064453,,
CR.3.URB.GPIA,"Completion rate, upper secondary education, urban, adjusted gender parity index (GPIA)",TGO,2006,.5870500206947327,,
CR.3.URB.GPIA,"Completion rate, upper secondary education, urban, adjusted gender parity index (GPIA)",TGO,2010,.654699981212616,,
CR.3.URB.GPIA,"Completion rate, upper secondary education, urban, adjusted gender parity index (GPIA)",TGO,2014,.5562199950218201,,
CR.3.URB.GPIA,"Completion rate, upper secondary education, urban, adjusted gender parity index (GPIA)",TGO,2017,.4463100135326385,,
CR.3.URB.GPIA,"Completion rate, upper secondary education, urban, adjusted gender parity index (GPIA)",TGO,2022,.6671000123023987,,
CR.3.URB.M,"Completion rate, upper secondary education, urban, male (%)",TGO,2006,19.56201934814453,,
CR.3.URB.M,"Completion rate, upper secondary education, urban, male (%)",TGO,2010,19.86054992675781,,
CR.3.URB.M,"Completion rate, upper secondary education, urban, male (%)",TGO,2014,32.39434051513672,,
CR.3.URB.M,"Completion rate, upper secondary education, urban, male (%)",TGO,2017,43.87289047241211,,
CR.3.URB.M,"Completion rate, upper secondary education, urban, male (%)",TGO,2022,53.81929016113281,,
CR.3.URB.Q3,"Completion rate, upper secondary education, urban, middle quintile, both sexes (%)",TGO,2006,5.395450115203857,,
CR.3.URB.Q3,"Completion rate, upper secondary education, urban, middle quintile, both sexes (%)",TGO,2010,16.95042037963867,,
CR.3.URB.Q3,"Completion rate, upper secondary education, urban, middle quintile, both sexes (%)",TGO,2017,23.63396072387695,,
CR.3.URB.Q3.F,"Completion rate, upper secondary education, urban, middle quintile, female (%)",TGO,2006,7.498809814453125,,
CR.3.URB.Q3.F,"Completion rate, upper secondary education, urban, middle quintile, female (%)",TGO,2017,10.71609973907471,,
CR.3.URB.Q3.GPIA,"Completion rate, upper secondary education, urban, middle quintile, adjusted gender parity index (GPIA)",TGO,2006,1.511489987373352,,
CR.3.URB.Q3.GPIA,"Completion rate, upper secondary education, urban, middle quintile, adjusted gender parity index (GPIA)",TGO,2017,.2844099998474121,,
CR.3.URB.Q3.M,"Completion rate, upper secondary education, urban, middle quintile, male (%)",TGO,2006,3.663269996643066,,
CR.3.URB.Q3.M,"Completion rate, upper secondary education, urban, middle quintile, male (%)",TGO,2010,29.54739952087402,,
CR.3.URB.Q3.M,"Completion rate, upper secondary education, urban, middle quintile, male (%)",TGO,2017,37.67863082885742,,
CR.3.URB.Q4,"Completion rate, upper secondary education, urban, fourth quintile, both sexes (%)",TGO,2006,12.49736022949219,,
CR.3.URB.Q4,"Completion rate, upper secondary education, urban, fourth quintile, both sexes (%)",TGO,2010,12.13358020782471,,
CR.3.URB.Q4,"Completion rate, upper secondary education, urban, fourth quintile, both sexes (%)",TGO,2014,16.11709976196289,,
CR.3.URB.Q4,"Completion rate, upper secondary education, urban, fourth quintile, both sexes (%)",TGO,2017,26.65331077575684,,
CR.3.URB.Q4.F,"Completion rate, upper secondary education, urban, fourth quintile, female (%)",TGO,2006,5.642439842224121,,
CR.3.URB.Q4.F,"Completion rate, upper secondary education, urban, fourth quintile, female (%)",TGO,2010,6.544559955596924,,
CR.3.URB.Q4.F,"Completion rate, upper secondary education, urban, fourth quintile, female (%)",TGO,2014,9.711389541625977,,
CR.3.URB.Q4.F,"Completion rate, upper secondary education, urban, fourth quintile, female (%)",TGO,2017,12.63064002990723,,
CR.3.URB.Q4.GPIA,"Completion rate, upper secondary education, urban, fourth quintile, adjusted gender parity index (GPIA)",TGO,2006,.2988600134849548,,
CR.3.URB.Q4.GPIA,"Completion rate, upper secondary education, urban, fourth quintile, adjusted gender parity index (GPIA)",TGO,2010,.3833400011062622,,
CR.3.URB.Q4.GPIA,"Completion rate, upper secondary education, urban, fourth quintile, adjusted gender parity index (GPIA)",TGO,2014,.4067099988460541,,
CR.3.URB.Q4.GPIA,"Completion rate, upper secondary education, urban, fourth quintile, adjusted gender parity index (GPIA)",TGO,2017,.3193199932575226,,
CR.3.URB.Q4.M,"Completion rate, upper secondary education, urban, fourth quintile, male (%)",TGO,2006,18.88007926940918,,
CR.3.URB.Q4.M,"Completion rate, upper secondary education, urban, fourth quintile, male (%)",TGO,2010,17.07263946533203,,
CR.3.URB.Q4.M,"Completion rate, upper secondary education, urban, fourth quintile, male (%)",TGO,2014,23.87778091430664,,
CR.3.URB.Q4.M,"Completion rate, upper secondary education, urban, fourth quintile, male (%)",TGO,2017,39.55521011352539,,
CR.3.URB.Q5,"Completion rate, upper secondary education, urban, richest quintile, both sexes (%)",TGO,2006,19.33576965332031,,
CR.3.URB.Q5,"Completion rate, upper secondary education, urban, richest quintile, both sexes (%)",TGO,2010,19.64860916137695,,
CR.3.URB.Q5,"Completion rate, upper secondary education, urban, richest quintile, both sexes (%)",TGO,2014,31.58201026916504,,
CR.3.URB.Q5,"Completion rate, upper secondary education, urban, richest quintile, both sexes (%)",TGO,2017,37.64244842529297,,
CR.3.URB.Q5.F,"Completion rate, upper secondary education, urban, richest quintile, female (%)",TGO,2006,15.40565013885498,,
CR.3.URB.Q5.F,"Completion rate, upper secondary education, urban, richest quintile, female (%)",TGO,2010,18.58490943908691,,
CR.3.URB.Q5.F,"Completion rate, upper secondary education, urban, richest quintile, female (%)",TGO,2014,24.17387962341309,,
CR.3.URB.Q5.F,"Completion rate, upper secondary education, urban, richest quintile, female (%)",TGO,2017,26.87236022949219,,
CR.3.URB.Q5.GPIA,"Completion rate, upper secondary education, urban, richest quintile, adjusted gender parity index (GPIA)",TGO,2006,.6514000296592712,,
CR.3.URB.Q5.GPIA,"Completion rate, upper secondary education, urban, richest quintile, adjusted gender parity index (GPIA)",TGO,2010,.8867800235748291,,
CR.3.URB.Q5.GPIA,"Completion rate, upper secondary education, urban, richest quintile, adjusted gender parity index (GPIA)",TGO,2014,.6143900156021118,,
CR.3.URB.Q5.GPIA,"Completion rate, upper secondary education, urban, richest quintile, adjusted gender parity index (GPIA)",TGO,2017,.5603700280189514,,
CR.3.URB.Q5.M,"Completion rate, upper secondary education, urban, richest quintile, male (%)",TGO,2006,23.65019035339355,,
CR.3.URB.Q5.M,"Completion rate, upper secondary education, urban, richest quintile, male (%)",TGO,2010,20.95767021179199,,
CR.3.URB.Q5.M,"Completion rate, upper secondary education, urban, richest quintile, male (%)",TGO,2014,39.34624862670898,,
CR.3.URB.Q5.M,"Completion rate, upper secondary education, urban, richest quintile, male (%)",TGO,2017,47.95481109619141,,
CR.3.WPIA,"Completion rate, upper secondary education, adjusted wealth parity index (WPIA)",TGO,2000,.1639344245195389,,
CR.3.WPIA,"Completion rate, upper secondary education, adjusted wealth parity index (WPIA)",TGO,2006,.0888800024986267,,
CR.3.WPIA,"Completion rate, upper secondary education, adjusted wealth parity index (WPIA)",TGO,2010,.0316799990832806,,
CR.3.WPIA,"Completion rate, upper secondary education, adjusted wealth parity index (WPIA)",TGO,2014,.0286400001496077,,
CR.3.WPIA,"Completion rate, upper secondary education, adjusted wealth parity index (WPIA)",TGO,2017,.0162300001829863,,
CR.MOD.1,"Completion rate, primary education, both sexes (modelled data) (%) ",TGO,1981,18.26000022888184,,
CR.MOD.1,"Completion rate, primary education, both sexes (modelled data) (%) ",TGO,1982,18.94000053405762,,
CR.MOD.1,"Completion rate, primary education, both sexes (modelled data) (%) ",TGO,1983,19.54000091552734,,
CR.MOD.1,"Completion rate, primary education, both sexes (modelled data) (%) ",TGO,1984,20.07999992370605,,
CR.MOD.1,"Completion rate, primary education, both sexes (modelled data) (%) ",TGO,1985,20.80999946594238,,
CR.MOD.1,"Completion rate, primary education, both sexes (modelled data) (%) ",TGO,1986,21.67000007629395,,
CR.MOD.1,"Completion rate, primary education, both sexes (modelled data) (%) ",TGO,1987,22.59000015258789,,
CR.MOD.1,"Completion rate, primary education, both sexes (modelled data) (%) ",TGO,1988,23.5,,
CR.MOD.1,"Completion rate, primary education, both sexes (modelled data) (%) ",TGO,1989,24.54999923706055,,
CR.MOD.1,"Completion rate, primary education, both sexes (modelled data) (%) ",TGO,1990,25.64999961853027,,
CR.MOD.1,"Completion rate, primary education, both sexes (modelled data) (%) ",TGO,1991,26.79999923706055,,
CR.MOD.1,"Completion rate, primary education, both sexes (modelled data) (%) ",TGO,1992,28.11000061035156,,
CR.MOD.1,"Completion rate, primary education, both sexes (modelled data) (%) ",TGO,1993,29.3799991607666,,
CR.MOD.1,"Completion rate, primary education, both sexes (modelled data) (%) ",TGO,1994,30.70000076293945,,
CR.MOD.1,"Completion rate, primary education, both sexes (modelled data) (%) ",TGO,1995,32.02000045776367,,
CR.MOD.1,"Completion rate, primary education, both sexes (modelled data) (%) ",TGO,1996,33.5099983215332,,
CR.MOD.1,"Completion rate, primary education, both sexes (modelled data) (%) ",TGO,1997,35.13999938964844,,
CR.MOD.1,"Completion rate, primary education, both sexes (modelled data) (%) ",TGO,1998,36.95000076293945,,
CR.MOD.1,"Completion rate, primary education, both sexes (modelled data) (%) ",TGO,1999,38.83000183105469,,
CR.MOD.1,"Completion rate, primary education, both sexes (modelled data) (%) ",TGO,2000,40.70999908447266,,
CR.MOD.1,"Completion rate, primary education, both sexes (modelled data) (%) ",TGO,2001,42.56999969482422,,
CR.MOD.1,"Completion rate, primary education, both sexes (modelled data) (%) ",TGO,2002,44.31999969482422,,
CR.MOD.1,"Completion rate, primary education, both sexes (modelled data) (%) ",TGO,2003,46.06999969482422,,
CR.MOD.1,"Completion rate, primary education, both sexes (modelled data) (%) ",TGO,2004,47.68000030517578,,
CR.MOD.1,"Completion rate, primary education, both sexes (modelled data) (%) ",TGO,2005,49.36999893188477,,
CR.MOD.1,"Completion rate, primary education, both sexes (modelled data) (%) ",TGO,2006,51.11000061035156,,
CR.MOD.1,"Completion rate, primary education, both sexes (modelled data) (%) ",TGO,2007,52.93000030517578,,
CR.MOD.1,"Completion rate, primary education, both sexes (modelled data) (%) ",TGO,2008,54.77999877929688,,
CR.MOD.1,"Completion rate, primary education, both sexes (modelled data) (%) ",TGO,2009,56.7599983215332,,
CR.MOD.1,"Completion rate, primary education, both sexes (modelled data) (%) ",TGO,2010,58.93999862670898,,
CR.MOD.1,"Completion rate, primary education, both sexes (modelled data) (%) ",TGO,2011,61.22000122070313,,
CR.MOD.1,"Completion rate, primary education, both sexes (modelled data) (%) ",TGO,2012,63.56000137329102,,
CR.MOD.1,"Completion rate, primary education, both sexes (modelled data) (%) ",TGO,2013,66.01000213623047,,
CR.MOD.1,"Completion rate, primary education, both sexes (modelled data) (%) ",TGO,2014,68.63999938964844,,
CR.MOD.1,"Completion rate, primary education, both sexes (modelled data) (%) ",TGO,2015,71.51000213623047,,
CR.MOD.1,"Completion rate, primary education, both sexes (modelled data) (%) ",TGO,2016,74.26999664306641,,
CR.MOD.1,"Completion rate, primary education, both sexes (modelled data) (%) ",TGO,2017,76.69999694824219,,
CR.MOD.1,"Completion rate, primary education, both sexes (modelled data) (%) ",TGO,2018,78.81999969482422,,
CR.MOD.1,"Completion rate, primary education, both sexes (modelled data) (%) ",TGO,2019,80.72000122070313,,
CR.MOD.1,"Completion rate, primary education, both sexes (modelled data) (%) ",TGO,2020,82.33999633789063,,
CR.MOD.1,"Completion rate, primary education, both sexes (modelled data) (%) ",TGO,2021,83.80999755859375,,
CR.MOD.1,"Completion rate, primary education, both sexes (modelled data) (%) ",TGO,2022,84.97000122070313,,
CR.MOD.1,"Completion rate, primary education, both sexes (modelled data) (%) ",TGO,2023,85.98999786376953,,
CR.MOD.1,"Completion rate, primary education, both sexes (modelled data) (%) ",TGO,2024,86.95999908447266,,
CR.MOD.1,"Completion rate, primary education, both sexes (modelled data) (%) ",TGO,2025,87.83000183105469,,
CR.MOD.1.F,"Completion rate, primary education, female (modelled data) (%) ",TGO,1981,10.07063770294189,,
CR.MOD.1.F,"Completion rate, primary education, female (modelled data) (%) ",TGO,1982,10.70690441131592,,
CR.MOD.1.F,"Completion rate, primary education, female (modelled data) (%) ",TGO,1983,11.27845764160156,,
CR.MOD.1.F,"Completion rate, primary education, female (modelled data) (%) ",TGO,1984,11.81994342803955,,
CR.MOD.1.F,"Completion rate, primary education, female (modelled data) (%) ",TGO,1985,12.55552196502686,,
CR.MOD.1.F,"Completion rate, primary education, female (modelled data) (%) ",TGO,1986,13.34578895568848,,
CR.MOD.1.F,"Completion rate, primary education, female (modelled data) (%) ",TGO,1987,14.23452377319336,,
CR.MOD.1.F,"Completion rate, primary education, female (modelled data) (%) ",TGO,1988,15.07189083099365,,
CR.MOD.1.F,"Completion rate, primary education, female (modelled data) (%) ",TGO,1989,16.05352210998535,,
CR.MOD.1.F,"Completion rate, primary education, female (modelled data) (%) ",TGO,1990,17.16093063354492,,
CR.MOD.1.F,"Completion rate, primary education, female (modelled data) (%) ",TGO,1991,18.36145782470703,,
CR.MOD.1.F,"Completion rate, primary education, female (modelled data) (%) ",TGO,1992,19.73396873474121,,
CR.MOD.1.F,"Completion rate, primary education, female (modelled data) (%) ",TGO,1993,21.12331962585449,,
CR.MOD.1.F,"Completion rate, primary education, female (modelled data) (%) ",TGO,1994,22.62278938293457,,
CR.MOD.1.F,"Completion rate, primary education, female (modelled data) (%) ",TGO,1995,24.19634246826172,,
CR.MOD.1.F,"Completion rate, primary education, female (modelled data) (%) ",TGO,1996,25.90839195251465,,
CR.MOD.1.F,"Completion rate, primary education, female (modelled data) (%) ",TGO,1997,27.74933815002441,,
CR.MOD.1.F,"Completion rate, primary education, female (modelled data) (%) ",TGO,1998,29.75560188293457,,
CR.MOD.1.F,"Completion rate, primary education, female (modelled data) (%) ",TGO,1999,31.84231948852539,,
CR.MOD.1.F,"Completion rate, primary education, female (modelled data) (%) ",TGO,2000,34.01552963256836,,
CR.MOD.1.F,"Completion rate, primary education, female (modelled data) (%) ",TGO,2001,36.24468994140625,,
CR.MOD.1.F,"Completion rate, primary education, female (modelled data) (%) ",TGO,2002,38.4656982421875,,
CR.MOD.1.F,"Completion rate, primary education, female (modelled data) (%) ",TGO,2003,40.70248413085938,,
CR.MOD.1.F,"Completion rate, primary education, female (modelled data) (%) ",TGO,2004,42.70500183105469,,
CR.MOD.1.F,"Completion rate, primary education, female (modelled data) (%) ",TGO,2005,44.76310729980469,,
CR.MOD.1.F,"Completion rate, primary education, female (modelled data) (%) ",TGO,2006,46.79571533203125,,
CR.MOD.1.F,"Completion rate, primary education, female (modelled data) (%) ",TGO,2007,48.81239700317383,,
CR.MOD.1.F,"Completion rate, primary education, female (modelled data) (%) ",TGO,2008,50.82386779785156,,
CR.MOD.1.F,"Completion rate, primary education, female (modelled data) (%) ",TGO,2009,52.94947814941406,,
CR.MOD.1.F,"Completion rate, primary education, female (modelled data) (%) ",TGO,2010,55.31557464599609,,
CR.MOD.1.F,"Completion rate, primary education, female (modelled data) (%) ",TGO,2011,57.76166534423828,,
CR.MOD.1.F,"Completion rate, primary education, female (modelled data) (%) ",TGO,2012,60.2471923828125,,
CR.MOD.1.F,"Completion rate, primary education, female (modelled data) (%) ",TGO,2013,62.88845443725586,,
CR.MOD.1.F,"Completion rate, primary education, female (modelled data) (%) ",TGO,2014,65.68438720703125,,
CR.MOD.1.F,"Completion rate, primary education, female (modelled data) (%) ",TGO,2015,68.72410583496094,,
CR.MOD.1.F,"Completion rate, primary education, female (modelled data) (%) ",TGO,2016,71.79120635986328,,
CR.MOD.1.F,"Completion rate, primary education, female (modelled data) (%) ",TGO,2017,74.49761962890625,,
CR.MOD.1.F,"Completion rate, primary education, female (modelled data) (%) ",TGO,2018,76.91059112548828,,
CR.MOD.1.F,"Completion rate, primary education, female (modelled data) (%) ",TGO,2019,79.13826751708984,,
CR.MOD.1.F,"Completion rate, primary education, female (modelled data) (%) ",TGO,2020,81.00553131103516,,
CR.MOD.1.F,"Completion rate, primary education, female (modelled data) (%) ",TGO,2021,82.65234375,,
CR.MOD.1.F,"Completion rate, primary education, female (modelled data) (%) ",TGO,2022,84.01956176757813,,
CR.MOD.1.F,"Completion rate, primary education, female (modelled data) (%) ",TGO,2023,85.23685455322266,,
CR.MOD.1.F,"Completion rate, primary education, female (modelled data) (%) ",TGO,2024,86.41892242431641,,
CR.MOD.1.F,"Completion rate, primary education, female (modelled data) (%) ",TGO,2025,87.425537109375,,
CR.MOD.1.GPIA,"Completion rate, primary education, adjusted gender parity index (GPIA) (modelled data)",TGO,1981,.3798715770244598,,
CR.MOD.1.GPIA,"Completion rate, primary education, adjusted gender parity index (GPIA) (modelled data)",TGO,1982,.3932472169399261,,
CR.MOD.1.GPIA,"Completion rate, primary education, adjusted gender parity index (GPIA) (modelled data)",TGO,1983,.4049939811229706,,
CR.MOD.1.GPIA,"Completion rate, primary education, adjusted gender parity index (GPIA) (modelled data)",TGO,1984,.41648930311203,,
CR.MOD.1.GPIA,"Completion rate, primary education, adjusted gender parity index (GPIA) (modelled data)",TGO,1985,.4315276443958282,,
CR.MOD.1.GPIA,"Completion rate, primary education, adjusted gender parity index (GPIA) (modelled data)",TGO,1986,.4446256160736084,,
CR.MOD.1.GPIA,"Completion rate, primary education, adjusted gender parity index (GPIA) (modelled data)",TGO,1987,.4598527848720551,,
CR.MOD.1.GPIA,"Completion rate, primary education, adjusted gender parity index (GPIA) (modelled data)",TGO,1988,.4721490740776062,,
CR.MOD.1.GPIA,"Completion rate, primary education, adjusted gender parity index (GPIA) (modelled data)",TGO,1989,.4861238598823547,,
CR.MOD.1.GPIA,"Completion rate, primary education, adjusted gender parity index (GPIA) (modelled data)",TGO,1990,.5032393932342529,,
CR.MOD.1.GPIA,"Completion rate, primary education, adjusted gender parity index (GPIA) (modelled data)",TGO,1991,.5217589139938354,,
CR.MOD.1.GPIA,"Completion rate, primary education, adjusted gender parity index (GPIA) (modelled data)",TGO,1992,.5416365265846252,,
CR.MOD.1.GPIA,"Completion rate, primary education, adjusted gender parity index (GPIA) (modelled data)",TGO,1993,.5620397329330444,,
CR.MOD.1.GPIA,"Completion rate, primary education, adjusted gender parity index (GPIA) (modelled data)",TGO,1994,.5842241644859314,,
CR.MOD.1.GPIA,"Completion rate, primary education, adjusted gender parity index (GPIA) (modelled data)",TGO,1995,.6081569790840149,,
CR.MOD.1.GPIA,"Completion rate, primary education, adjusted gender parity index (GPIA) (modelled data)",TGO,1996,.6311669945716858,,
CR.MOD.1.GPIA,"Completion rate, primary education, adjusted gender parity index (GPIA) (modelled data)",TGO,1997,.6535508632659912,,
CR.MOD.1.GPIA,"Completion rate, primary education, adjusted gender parity index (GPIA) (modelled data)",TGO,1998,.6752569079399109,,
CR.MOD.1.GPIA,"Completion rate, primary education, adjusted gender parity index (GPIA) (modelled data)",TGO,1999,.696276068687439,,
CR.MOD.1.GPIA,"Completion rate, primary education, adjusted gender parity index (GPIA) (modelled data)",TGO,2000,.7189083695411682,,
CR.MOD.1.GPIA,"Completion rate, primary education, adjusted gender parity index (GPIA) (modelled data)",TGO,2001,.742647647857666,,
CR.MOD.1.GPIA,"Completion rate, primary education, adjusted gender parity index (GPIA) (modelled data)",TGO,2002,.767997682094574,,
CR.MOD.1.GPIA,"Completion rate, primary education, adjusted gender parity index (GPIA) (modelled data)",TGO,2003,.7926098108291626,,
CR.MOD.1.GPIA,"Completion rate, primary education, adjusted gender parity index (GPIA) (modelled data)",TGO,2004,.8122681975364685,,
CR.MOD.1.GPIA,"Completion rate, primary education, adjusted gender parity index (GPIA) (modelled data)",TGO,2005,.8304365277290344,,
CR.MOD.1.GPIA,"Completion rate, primary education, adjusted gender parity index (GPIA) (modelled data)",TGO,2006,.8453637361526489,,
CR.MOD.1.GPIA,"Completion rate, primary education, adjusted gender parity index (GPIA) (modelled data)",TGO,2007,.8566223978996277,,
CR.MOD.1.GPIA,"Completion rate, primary education, adjusted gender parity index (GPIA) (modelled data)",TGO,2008,.8662096261978149,,
CR.MOD.1.GPIA,"Completion rate, primary education, adjusted gender parity index (GPIA) (modelled data)",TGO,2009,.8750608563423157,,
CR.MOD.1.GPIA,"Completion rate, primary education, adjusted gender parity index (GPIA) (modelled data)",TGO,2010,.8849703073501587,,
CR.MOD.1.GPIA,"Completion rate, primary education, adjusted gender parity index (GPIA) (modelled data)",TGO,2011,.8938436508178711,,
CR.MOD.1.GPIA,"Completion rate, primary education, adjusted gender parity index (GPIA) (modelled data)",TGO,2012,.9016720056533813,,
CR.MOD.1.GPIA,"Completion rate, primary education, adjusted gender parity index (GPIA) (modelled data)",TGO,2013,.9103917479515076,,
CR.MOD.1.GPIA,"Completion rate, primary education, adjusted gender parity index (GPIA) (modelled data)",TGO,2014,.9180927872657776,,
CR.MOD.1.GPIA,"Completion rate, primary education, adjusted gender parity index (GPIA) (modelled data)",TGO,2015,.9256505966186523,,
CR.MOD.1.GPIA,"Completion rate, primary education, adjusted gender parity index (GPIA) (modelled data)",TGO,2016,.9359853863716125,,
CR.MOD.1.GPIA,"Completion rate, primary education, adjusted gender parity index (GPIA) (modelled data)",TGO,2017,.9447104930877686,,
CR.MOD.1.GPIA,"Completion rate, primary education, adjusted gender parity index (GPIA) (modelled data)",TGO,2018,.9531543850898743,,
CR.MOD.1.GPIA,"Completion rate, primary education, adjusted gender parity index (GPIA) (modelled data)",TGO,2019,.9619537591934204,,
CR.MOD.1.GPIA,"Completion rate, primary education, adjusted gender parity index (GPIA) (modelled data)",TGO,2020,.9684382677078247,,
CR.MOD.1.GPIA,"Completion rate, primary education, adjusted gender parity index (GPIA) (modelled data)",TGO,2021,.9730405211448669,,
CR.MOD.1.GPIA,"Completion rate, primary education, adjusted gender parity index (GPIA) (modelled data)",TGO,2022,.9781138896942139,,
CR.MOD.1.GPIA,"Completion rate, primary education, adjusted gender parity index (GPIA) (modelled data)",TGO,2023,.982819676399231,,
CR.MOD.1.GPIA,"Completion rate, primary education, adjusted gender parity index (GPIA) (modelled data)",TGO,2024,.9877699017524719,,
CR.MOD.1.GPIA,"Completion rate, primary education, adjusted gender parity index (GPIA) (modelled data)",TGO,2025,.990932285785675,,
CR.MOD.1.M,"Completion rate, primary education, male (modelled data) (%) ",TGO,1981,26.5106372833252,,
CR.MOD.1.M,"Completion rate, primary education, male (modelled data) (%) ",TGO,1982,27.22690391540527,,
CR.MOD.1.M,"Completion rate, primary education, male (modelled data) (%) ",TGO,1983,27.84845733642578,,
CR.MOD.1.M,"Completion rate, primary education, male (modelled data) (%) ",TGO,1984,28.37994384765625,,
CR.MOD.1.M,"Completion rate, primary education, male (modelled data) (%) ",TGO,1985,29.09552192687988,,
CR.MOD.1.M,"Completion rate, primary education, male (modelled data) (%) ",TGO,1986,30.01578903198242,,
CR.MOD.1.M,"Completion rate, primary education, male (modelled data) (%) ",TGO,1987,30.95452308654785,,
CR.MOD.1.M,"Completion rate, primary education, male (modelled data) (%) ",TGO,1988,31.92189025878906,,
CR.MOD.1.M,"Completion rate, primary education, male (modelled data) (%) ",TGO,1989,33.02352142333984,,
CR.MOD.1.M,"Completion rate, primary education, male (modelled data) (%) ",TGO,1990,34.10092926025391,,
CR.MOD.1.M,"Completion rate, primary education, male (modelled data) (%) ",TGO,1991,35.19145965576172,,
CR.MOD.1.M,"Completion rate, primary education, male (modelled data) (%) ",TGO,1992,36.43396759033203,,
CR.MOD.1.M,"Completion rate, primary education, male (modelled data) (%) ",TGO,1993,37.58332061767578,,
CR.MOD.1.M,"Completion rate, primary education, male (modelled data) (%) ",TGO,1994,38.7227897644043,,
CR.MOD.1.M,"Completion rate, primary education, male (modelled data) (%) ",TGO,1995,39.78634262084961,,
CR.MOD.1.M,"Completion rate, primary education, male (modelled data) (%) ",TGO,1996,41.04839324951172,,
CR.MOD.1.M,"Completion rate, primary education, male (modelled data) (%) ",TGO,1997,42.4593391418457,,
CR.MOD.1.M,"Completion rate, primary education, male (modelled data) (%) ",TGO,1998,44.06560134887695,,
CR.MOD.1.M,"Completion rate, primary education, male (modelled data) (%) ",TGO,1999,45.73231887817383,,
CR.MOD.1.M,"Completion rate, primary education, male (modelled data) (%) ",TGO,2000,47.31552886962891,,
CR.MOD.1.M,"Completion rate, primary education, male (modelled data) (%) ",TGO,2001,48.80469131469727,,
CR.MOD.1.M,"Completion rate, primary education, male (modelled data) (%) ",TGO,2002,50.08569717407227,,
CR.MOD.1.M,"Completion rate, primary education, male (modelled data) (%) ",TGO,2003,51.35248565673828,,
CR.MOD.1.M,"Completion rate, primary education, male (modelled data) (%) ",TGO,2004,52.57500076293945,,
CR.MOD.1.M,"Completion rate, primary education, male (modelled data) (%) ",TGO,2005,53.90310668945313,,
CR.MOD.1.M,"Completion rate, primary education, male (modelled data) (%) ",TGO,2006,55.35571670532227,,
CR.MOD.1.M,"Completion rate, primary education, male (modelled data) (%) ",TGO,2007,56.98239517211914,,
CR.MOD.1.M,"Completion rate, primary education, male (modelled data) (%) ",TGO,2008,58.67386627197266,,
CR.MOD.1.M,"Completion rate, primary education, male (modelled data) (%) ",TGO,2009,60.50947952270508,,
CR.MOD.1.M,"Completion rate, primary education, male (modelled data) (%) ",TGO,2010,62.50557327270508,,
CR.MOD.1.M,"Completion rate, primary education, male (modelled data) (%) ",TGO,2011,64.62166595458984,,
CR.MOD.1.M,"Completion rate, primary education, male (modelled data) (%) ",TGO,2012,66.81719207763672,,
CR.MOD.1.M,"Completion rate, primary education, male (modelled data) (%) ",TGO,2013,69.07845306396484,,
CR.MOD.1.M,"Completion rate, primary education, male (modelled data) (%) ",TGO,2014,71.54438781738281,,
CR.MOD.1.M,"Completion rate, primary education, male (modelled data) (%) ",TGO,2015,74.24411010742188,,
CR.MOD.1.M,"Completion rate, primary education, male (modelled data) (%) ",TGO,2016,76.70120239257813,,
CR.MOD.1.M,"Completion rate, primary education, male (modelled data) (%) ",TGO,2017,78.85762023925781,,
CR.MOD.1.M,"Completion rate, primary education, male (modelled data) (%) ",TGO,2018,80.69058990478516,,
CR.MOD.1.M,"Completion rate, primary education, male (modelled data) (%) ",TGO,2019,82.26826477050781,,
CR.MOD.1.M,"Completion rate, primary education, male (modelled data) (%) ",TGO,2020,83.64553070068359,,
CR.MOD.1.M,"Completion rate, primary education, male (modelled data) (%) ",TGO,2021,84.94234466552734,,
CR.MOD.1.M,"Completion rate, primary education, male (modelled data) (%) ",TGO,2022,85.89956665039063,,
CR.MOD.1.M,"Completion rate, primary education, male (modelled data) (%) ",TGO,2023,86.72685241699219,,
CR.MOD.1.M,"Completion rate, primary education, male (modelled data) (%) ",TGO,2024,87.48892211914063,,
CR.MOD.1.M,"Completion rate, primary education, male (modelled data) (%) ",TGO,2025,88.22554016113281,,
CR.MOD.2,"Completion rate, lower secondary education, both sexes (modelled data) (%) ",TGO,1981,6.980000019073486,,
CR.MOD.2,"Completion rate, lower secondary education, both sexes (modelled data) (%) ",TGO,1982,7.429999828338623,,
CR.MOD.2,"Completion rate, lower secondary education, both sexes (modelled data) (%) ",TGO,1983,7.849999904632568,,
CR.MOD.2,"Completion rate, lower secondary education, both sexes (modelled data) (%) ",TGO,1984,8.220000267028809,,
CR.MOD.2,"Completion rate, lower secondary education, both sexes (modelled data) (%) ",TGO,1985,8.560000419616699,,
CR.MOD.2,"Completion rate, lower secondary education, both sexes (modelled data) (%) ",TGO,1986,8.890000343322754,,
CR.MOD.2,"Completion rate, lower secondary education, both sexes (modelled data) (%) ",TGO,1987,9.25,,
CR.MOD.2,"Completion rate, lower secondary education, both sexes (modelled data) (%) ",TGO,1988,9.630000114440918,,
CR.MOD.2,"Completion rate, lower secondary education, both sexes (modelled data) (%) ",TGO,1989,10.01000022888184,,
CR.MOD.2,"Completion rate, lower secondary education, both sexes (modelled data) (%) ",TGO,1990,10.38000011444092,,
CR.MOD.2,"Completion rate, lower secondary education, both sexes (modelled data) (%) ",TGO,1991,10.8100004196167,,
CR.MOD.2,"Completion rate, lower secondary education, both sexes (modelled data) (%) ",TGO,1992,11.30000019073486,,
CR.MOD.2,"Completion rate, lower secondary education, both sexes (modelled data) (%) ",TGO,1993,11.89000034332275,,
CR.MOD.2,"Completion rate, lower secondary education, both sexes (modelled data) (%) ",TGO,1994,12.5600004196167,,
CR.MOD.2,"Completion rate, lower secondary education, both sexes (modelled data) (%) ",TGO,1995,13.28999996185303,,
CR.MOD.2,"Completion rate, lower secondary education, both sexes (modelled data) (%) ",TGO,1996,13.92000007629395,,
CR.MOD.2,"Completion rate, lower secondary education, both sexes (modelled data) (%) ",TGO,1997,14.52000045776367,,
CR.MOD.2,"Completion rate, lower secondary education, both sexes (modelled data) (%) ",TGO,1998,15.05000019073486,,
CR.MOD.2,"Completion rate, lower secondary education, both sexes (modelled data) (%) ",TGO,1999,15.76000022888184,,
CR.MOD.2,"Completion rate, lower secondary education, both sexes (modelled data) (%) ",TGO,2000,16.47999954223633,,
CR.MOD.2,"Completion rate, lower secondary education, both sexes (modelled data) (%) ",TGO,2001,17.35000038146973,,
CR.MOD.2,"Completion rate, lower secondary education, both sexes (modelled data) (%) ",TGO,2002,18.54000091552734,,
CR.MOD.2,"Completion rate, lower secondary education, both sexes (modelled data) (%) ",TGO,2003,19.81999969482422,,
CR.MOD.2,"Completion rate, lower secondary education, both sexes (modelled data) (%) ",TGO,2004,21.10000038146973,,
CR.MOD.2,"Completion rate, lower secondary education, both sexes (modelled data) (%) ",TGO,2005,22.14999961853027,,
CR.MOD.2,"Completion rate, lower secondary education, both sexes (modelled data) (%) ",TGO,2006,23.06999969482422,,
CR.MOD.2,"Completion rate, lower secondary education, both sexes (modelled data) (%) ",TGO,2007,24.13999938964844,,
CR.MOD.2,"Completion rate, lower secondary education, both sexes (modelled data) (%) ",TGO,2008,25.26000022888184,,
CR.MOD.2,"Completion rate, lower secondary education, both sexes (modelled data) (%) ",TGO,2009,26.45999908447266,,
CR.MOD.2,"Completion rate, lower secondary education, both sexes (modelled data) (%) ",TGO,2010,27.71999931335449,,
CR.MOD.2,"Completion rate, lower secondary education, both sexes (modelled data) (%) ",TGO,2011,29.01000022888184,,
CR.MOD.2,"Completion rate, lower secondary education, both sexes (modelled data) (%) ",TGO,2012,30.25,,
CR.MOD.2,"Completion rate, lower secondary education, both sexes (modelled data) (%) ",TGO,2013,31.6299991607666,,
CR.MOD.2,"Completion rate, lower secondary education, both sexes (modelled data) (%) ",TGO,2014,32.95999908447266,,
CR.MOD.2,"Completion rate, lower secondary education, both sexes (modelled data) (%) ",TGO,2015,34.59000015258789,,
CR.MOD.2,"Completion rate, lower secondary education, both sexes (modelled data) (%) ",TGO,2016,36.40000152587891,,
CR.MOD.2,"Completion rate, lower secondary education, both sexes (modelled data) (%) ",TGO,2017,38.18999862670898,,
CR.MOD.2,"Completion rate, lower secondary education, both sexes (modelled data) (%) ",TGO,2018,39.7400016784668,,
CR.MOD.2,"Completion rate, lower secondary education, both sexes (modelled data) (%) ",TGO,2019,41.27999877929688,,
CR.MOD.2,"Completion rate, lower secondary education, both sexes (modelled data) (%) ",TGO,2020,42.58000183105469,,
CR.MOD.2,"Completion rate, lower secondary education, both sexes (modelled data) (%) ",TGO,2021,43.81999969482422,,
CR.MOD.2,"Completion rate, lower secondary education, both sexes (modelled data) (%) ",TGO,2022,45,,
CR.MOD.2,"Completion rate, lower secondary education, both sexes (modelled data) (%) ",TGO,2023,46.31000137329102,,
CR.MOD.2,"Completion rate, lower secondary education, both sexes (modelled data) (%) ",TGO,2024,47.5,,
CR.MOD.2,"Completion rate, lower secondary education, both sexes (modelled data) (%) ",TGO,2025,48.77999877929688,,
CR.MOD.2.F,"Completion rate, lower secondary education, female (modelled data) (%) ",TGO,1981,2.258131265640259,,
CR.MOD.2.F,"Completion rate, lower secondary education, female (modelled data) (%) ",TGO,1982,2.517223358154297,,
CR.MOD.2.F,"Completion rate, lower secondary education, female (modelled data) (%) ",TGO,1983,2.796199798583984,,
CR.MOD.2.F,"Completion rate, lower secondary education, female (modelled data) (%) ",TGO,1984,3.024908304214478,,
CR.MOD.2.F,"Completion rate, lower secondary education, female (modelled data) (%) ",TGO,1985,3.18360161781311,,
CR.MOD.2.F,"Completion rate, lower secondary education, female (modelled data) (%) ",TGO,1986,3.382136344909668,,
CR.MOD.2.F,"Completion rate, lower secondary education, female (modelled data) (%) ",TGO,1987,3.610567808151245,,
CR.MOD.2.F,"Completion rate, lower secondary education, female (modelled data) (%) ",TGO,1988,3.79878568649292,,
CR.MOD.2.F,"Completion rate, lower secondary education, female (modelled data) (%) ",TGO,1989,4.100859642028809,,
CR.MOD.2.F,"Completion rate, lower secondary education, female (modelled data) (%) ",TGO,1990,4.43706750869751,,
CR.MOD.2.F,"Completion rate, lower secondary education, female (modelled data) (%) ",TGO,1991,4.817125797271729,,
CR.MOD.2.F,"Completion rate, lower secondary education, female (modelled data) (%) ",TGO,1992,5.255650997161865,,
CR.MOD.2.F,"Completion rate, lower secondary education, female (modelled data) (%) ",TGO,1993,5.747994899749756,,
CR.MOD.2.F,"Completion rate, lower secondary education, female (modelled data) (%) ",TGO,1994,6.325833797454834,,
CR.MOD.2.F,"Completion rate, lower secondary education, female (modelled data) (%) ",TGO,1995,6.980737686157227,,
CR.MOD.2.F,"Completion rate, lower secondary education, female (modelled data) (%) ",TGO,1996,7.628008365631104,,
CR.MOD.2.F,"Completion rate, lower secondary education, female (modelled data) (%) ",TGO,1997,8.187008857727051,,
CR.MOD.2.F,"Completion rate, lower secondary education, female (modelled data) (%) ",TGO,1998,8.726797103881836,,
CR.MOD.2.F,"Completion rate, lower secondary education, female (modelled data) (%) ",TGO,1999,9.30003833770752,,
CR.MOD.2.F,"Completion rate, lower secondary education, female (modelled data) (%) ",TGO,2000,10.00697898864746,,
CR.MOD.2.F,"Completion rate, lower secondary education, female (modelled data) (%) ",TGO,2001,10.86216449737549,,
CR.MOD.2.F,"Completion rate, lower secondary education, female (modelled data) (%) ",TGO,2002,11.95567035675049,,
CR.MOD.2.F,"Completion rate, lower secondary education, female (modelled data) (%) ",TGO,2003,12.98806095123291,,
CR.MOD.2.F,"Completion rate, lower secondary education, female (modelled data) (%) ",TGO,2004,14.09218883514404,,
CR.MOD.2.F,"Completion rate, lower secondary education, female (modelled data) (%) ",TGO,2005,15.12346363067627,,
CR.MOD.2.F,"Completion rate, lower secondary education, female (modelled data) (%) ",TGO,2006,16.10701179504395,,
CR.MOD.2.F,"Completion rate, lower secondary education, female (modelled data) (%) ",TGO,2007,17.1809196472168,,
CR.MOD.2.F,"Completion rate, lower secondary education, female (modelled data) (%) ",TGO,2008,18.28525352478027,,
CR.MOD.2.F,"Completion rate, lower secondary education, female (modelled data) (%) ",TGO,2009,19.3995361328125,,
CR.MOD.2.F,"Completion rate, lower secondary education, female (modelled data) (%) ",TGO,2010,20.54252052307129,,
CR.MOD.2.F,"Completion rate, lower secondary education, female (modelled data) (%) ",TGO,2011,21.7711353302002,,
CR.MOD.2.F,"Completion rate, lower secondary education, female (modelled data) (%) ",TGO,2012,23.10087585449219,,
CR.MOD.2.F,"Completion rate, lower secondary education, female (modelled data) (%) ",TGO,2013,24.63159942626953,,
CR.MOD.2.F,"Completion rate, lower secondary education, female (modelled data) (%) ",TGO,2014,26.15277481079102,,
CR.MOD.2.F,"Completion rate, lower secondary education, female (modelled data) (%) ",TGO,2015,28.03465270996094,,
CR.MOD.2.F,"Completion rate, lower secondary education, female (modelled data) (%) ",TGO,2016,30.14717292785645,,
CR.MOD.2.F,"Completion rate, lower secondary education, female (modelled data) (%) ",TGO,2017,32.25455474853516,,
CR.MOD.2.F,"Completion rate, lower secondary education, female (modelled data) (%) ",TGO,2018,34.17174530029297,,
CR.MOD.2.F,"Completion rate, lower secondary education, female (modelled data) (%) ",TGO,2019,36.00275039672852,,
CR.MOD.2.F,"Completion rate, lower secondary education, female (modelled data) (%) ",TGO,2020,37.58353805541992,,
CR.MOD.2.F,"Completion rate, lower secondary education, female (modelled data) (%) ",TGO,2021,39.15554428100586,,
CR.MOD.2.F,"Completion rate, lower secondary education, female (modelled data) (%) ",TGO,2022,40.64771270751953,,
CR.MOD.2.F,"Completion rate, lower secondary education, female (modelled data) (%) ",TGO,2023,42.24513626098633,,
CR.MOD.2.F,"Completion rate, lower secondary education, female (modelled data) (%) ",TGO,2024,43.80402374267578,,
CR.MOD.2.F,"Completion rate, lower secondary education, female (modelled data) (%) ",TGO,2025,45.42800140380859,,
CR.MOD.2.GPIA,"Completion rate, lower secondary education, adjusted gender parity index (GPIA) (modelled data)",TGO,1981,.1922119408845901,,
CR.MOD.2.GPIA,"Completion rate, lower secondary education, adjusted gender parity index (GPIA) (modelled data)",TGO,1982,.2032112628221512,,
CR.MOD.2.GPIA,"Completion rate, lower secondary education, adjusted gender parity index (GPIA) (modelled data)",TGO,1983,.2159861475229263,,
CR.MOD.2.GPIA,"Completion rate, lower secondary education, adjusted gender parity index (GPIA) (modelled data)",TGO,1984,.2248181998729706,,
CR.MOD.2.GPIA,"Completion rate, lower secondary education, adjusted gender parity index (GPIA) (modelled data)",TGO,1985,.227829709649086,,
CR.MOD.2.GPIA,"Completion rate, lower secondary education, adjusted gender parity index (GPIA) (modelled data)",TGO,1986,.2343475818634033,,
CR.MOD.2.GPIA,"Completion rate, lower secondary education, adjusted gender parity index (GPIA) (modelled data)",TGO,1987,.2419859617948532,,
CR.MOD.2.GPIA,"Completion rate, lower secondary education, adjusted gender parity index (GPIA) (modelled data)",TGO,1988,.2452603876590729,,
CR.MOD.2.GPIA,"Completion rate, lower secondary education, adjusted gender parity index (GPIA) (modelled data)",TGO,1989,.2572546005249023,,
CR.MOD.2.GPIA,"Completion rate, lower secondary education, adjusted gender parity index (GPIA) (modelled data)",TGO,1990,.2715951204299927,,
CR.MOD.2.GPIA,"Completion rate, lower secondary education, adjusted gender parity index (GPIA) (modelled data)",TGO,1991,.2866121232509613,,
CR.MOD.2.GPIA,"Completion rate, lower secondary education, adjusted gender parity index (GPIA) (modelled data)",TGO,1992,.3031700849533081,,
CR.MOD.2.GPIA,"Completion rate, lower secondary education, adjusted gender parity index (GPIA) (modelled data)",TGO,1993,.3191912770271301,,
CR.MOD.2.GPIA,"Completion rate, lower secondary education, adjusted gender parity index (GPIA) (modelled data)",TGO,1994,.3372728526592255,,
CR.MOD.2.GPIA,"Completion rate, lower secondary education, adjusted gender parity index (GPIA) (modelled data)",TGO,1995,.357057511806488,,
CR.MOD.2.GPIA,"Completion rate, lower secondary education, adjusted gender parity index (GPIA) (modelled data)",TGO,1996,.378410816192627,,
CR.MOD.2.GPIA,"Completion rate, lower secondary education, adjusted gender parity index (GPIA) (modelled data)",TGO,1997,.3936628103256226,,
CR.MOD.2.GPIA,"Completion rate, lower secondary education, adjusted gender parity index (GPIA) (modelled data)",TGO,1998,.4093859493732452,,
CR.MOD.2.GPIA,"Completion rate, lower secondary education, adjusted gender parity index (GPIA) (modelled data)",TGO,1999,.4196760952472687,,
CR.MOD.2.GPIA,"Completion rate, lower secondary education, adjusted gender parity index (GPIA) (modelled data)",TGO,2000,.4372345805168152,,
CR.MOD.2.GPIA,"Completion rate, lower secondary education, adjusted gender parity index (GPIA) (modelled data)",TGO,2001,.4571201503276825,,
CR.MOD.2.GPIA,"Completion rate, lower secondary education, adjusted gender parity index (GPIA) (modelled data)",TGO,2002,.477545440196991,,
CR.MOD.2.GPIA,"Completion rate, lower secondary education, adjusted gender parity index (GPIA) (modelled data)",TGO,2003,.489228218793869,,
CR.MOD.2.GPIA,"Completion rate, lower secondary education, adjusted gender parity index (GPIA) (modelled data)",TGO,2004,.5034328699111938,,
CR.MOD.2.GPIA,"Completion rate, lower secondary education, adjusted gender parity index (GPIA) (modelled data)",TGO,2005,.5205391049385071,,
CR.MOD.2.GPIA,"Completion rate, lower secondary education, adjusted gender parity index (GPIA) (modelled data)",TGO,2006,.5385697484016418,,
CR.MOD.2.GPIA,"Completion rate, lower secondary education, adjusted gender parity index (GPIA) (modelled data)",TGO,2007,.5547436475753784,,
CR.MOD.2.GPIA,"Completion rate, lower secondary education, adjusted gender parity index (GPIA) (modelled data)",TGO,2008,.569540798664093,,
CR.MOD.2.GPIA,"Completion rate, lower secondary education, adjusted gender parity index (GPIA) (modelled data)",TGO,2009,.5810064673423767,,
CR.MOD.2.GPIA,"Completion rate, lower secondary education, adjusted gender parity index (GPIA) (modelled data)",TGO,2010,.5909387469291687,,
CR.MOD.2.GPIA,"Completion rate, lower secondary education, adjusted gender parity index (GPIA) (modelled data)",TGO,2011,.6028925776481628,,
CR.MOD.2.GPIA,"Completion rate, lower secondary education, adjusted gender parity index (GPIA) (modelled data)",TGO,2012,.6199767589569092,,
CR.MOD.2.GPIA,"Completion rate, lower secondary education, adjusted gender parity index (GPIA) (modelled data)",TGO,2013,.6399214267730713,,
CR.MOD.2.GPIA,"Completion rate, lower secondary education, adjusted gender parity index (GPIA) (modelled data)",TGO,2014,.6598774790763855,,
CR.MOD.2.GPIA,"Completion rate, lower secondary education, adjusted gender parity index (GPIA) (modelled data)",TGO,2015,.6835277676582336,,
CR.MOD.2.GPIA,"Completion rate, lower secondary education, adjusted gender parity index (GPIA) (modelled data)",TGO,2016,.7088920474052429,,
CR.MOD.2.GPIA,"Completion rate, lower secondary education, adjusted gender parity index (GPIA) (modelled data)",TGO,2017,.7329821586608887,,
CR.MOD.2.GPIA,"Completion rate, lower secondary education, adjusted gender parity index (GPIA) (modelled data)",TGO,2018,.7561501264572144,,
CR.MOD.2.GPIA,"Completion rate, lower secondary education, adjusted gender parity index (GPIA) (modelled data)",TGO,2019,.7752071619033813,,
CR.MOD.2.GPIA,"Completion rate, lower secondary education, adjusted gender parity index (GPIA) (modelled data)",TGO,2020,.7918401956558228,,
CR.MOD.2.GPIA,"Completion rate, lower secondary education, adjusted gender parity index (GPIA) (modelled data)",TGO,2021,.8094078302383423,,
CR.MOD.2.GPIA,"Completion rate, lower secondary education, adjusted gender parity index (GPIA) (modelled data)",TGO,2022,.8253726363182068,,
CR.MOD.2.GPIA,"Completion rate, lower secondary education, adjusted gender parity index (GPIA) (modelled data)",TGO,2023,.8402789235115051,,
CR.MOD.2.GPIA,"Completion rate, lower secondary education, adjusted gender parity index (GPIA) (modelled data)",TGO,2024,.8571541309356689,,
CR.MOD.2.GPIA,"Completion rate, lower secondary education, adjusted gender parity index (GPIA) (modelled data)",TGO,2025,.8728096485137939,,
CR.MOD.2.M,"Completion rate, lower secondary education, male (modelled data) (%) ",TGO,1981,11.74813175201416,,
CR.MOD.2.M,"Completion rate, lower secondary education, male (modelled data) (%) ",TGO,1982,12.38722324371338,,
CR.MOD.2.M,"Completion rate, lower secondary education, male (modelled data) (%) ",TGO,1983,12.94619941711426,,
CR.MOD.2.M,"Completion rate, lower secondary education, male (modelled data) (%) ",TGO,1984,13.45490837097168,,
CR.MOD.2.M,"Completion rate, lower secondary education, male (modelled data) (%) ",TGO,1985,13.97360134124756,,
CR.MOD.2.M,"Completion rate, lower secondary education, male (modelled data) (%) ",TGO,1986,14.43213653564453,,
CR.MOD.2.M,"Completion rate, lower secondary education, male (modelled data) (%) ",TGO,1987,14.92056751251221,,
CR.MOD.2.M,"Completion rate, lower secondary education, male (modelled data) (%) ",TGO,1988,15.48878574371338,,
CR.MOD.2.M,"Completion rate, lower secondary education, male (modelled data) (%) ",TGO,1989,15.9408597946167,,
CR.MOD.2.M,"Completion rate, lower secondary education, male (modelled data) (%) ",TGO,1990,16.33706665039063,,
CR.MOD.2.M,"Completion rate, lower secondary education, male (modelled data) (%) ",TGO,1991,16.80712509155273,,
CR.MOD.2.M,"Completion rate, lower secondary education, male (modelled data) (%) ",TGO,1992,17.33565139770508,,
CR.MOD.2.M,"Completion rate, lower secondary education, male (modelled data) (%) ",TGO,1993,18.00799560546875,,
CR.MOD.2.M,"Completion rate, lower secondary education, male (modelled data) (%) ",TGO,1994,18.75583457946777,,
CR.MOD.2.M,"Completion rate, lower secondary education, male (modelled data) (%) ",TGO,1995,19.55073738098145,,
CR.MOD.2.M,"Completion rate, lower secondary education, male (modelled data) (%) ",TGO,1996,20.15800857543945,,
CR.MOD.2.M,"Completion rate, lower secondary education, male (modelled data) (%) ",TGO,1997,20.7970085144043,,
CR.MOD.2.M,"Completion rate, lower secondary education, male (modelled data) (%) ",TGO,1998,21.31679725646973,,
CR.MOD.2.M,"Completion rate, lower secondary education, male (modelled data) (%) ",TGO,1999,22.16003799438477,,
CR.MOD.2.M,"Completion rate, lower secondary education, male (modelled data) (%) ",TGO,2000,22.8869800567627,,
CR.MOD.2.M,"Completion rate, lower secondary education, male (modelled data) (%) ",TGO,2001,23.76216506958008,,
CR.MOD.2.M,"Completion rate, lower secondary education, male (modelled data) (%) ",TGO,2002,25.03567123413086,,
CR.MOD.2.M,"Completion rate, lower secondary education, male (modelled data) (%) ",TGO,2003,26.54806137084961,,
CR.MOD.2.M,"Completion rate, lower secondary education, male (modelled data) (%) ",TGO,2004,27.99218940734863,,
CR.MOD.2.M,"Completion rate, lower secondary education, male (modelled data) (%) ",TGO,2005,29.05346298217773,,
CR.MOD.2.M,"Completion rate, lower secondary education, male (modelled data) (%) ",TGO,2006,29.90701293945313,,
CR.MOD.2.M,"Completion rate, lower secondary education, male (modelled data) (%) ",TGO,2007,30.97091865539551,,
CR.MOD.2.M,"Completion rate, lower secondary education, male (modelled data) (%) ",TGO,2008,32.10525512695313,,
CR.MOD.2.M,"Completion rate, lower secondary education, male (modelled data) (%) ",TGO,2009,33.38953399658203,,
CR.MOD.2.M,"Completion rate, lower secondary education, male (modelled data) (%) ",TGO,2010,34.76251983642578,,
CR.MOD.2.M,"Completion rate, lower secondary education, male (modelled data) (%) ",TGO,2011,36.11113357543945,,
CR.MOD.2.M,"Completion rate, lower secondary education, male (modelled data) (%) ",TGO,2012,37.2608757019043,,
CR.MOD.2.M,"Completion rate, lower secondary education, male (modelled data) (%) ",TGO,2013,38.49160003662109,,
CR.MOD.2.M,"Completion rate, lower secondary education, male (modelled data) (%) ",TGO,2014,39.63277435302734,,
CR.MOD.2.M,"Completion rate, lower secondary education, male (modelled data) (%) ",TGO,2015,41.01465225219727,,
CR.MOD.2.M,"Completion rate, lower secondary education, male (modelled data) (%) ",TGO,2016,42.52717208862305,,
CR.MOD.2.M,"Completion rate, lower secondary education, male (modelled data) (%) ",TGO,2017,44.00455474853516,,
CR.MOD.2.M,"Completion rate, lower secondary education, male (modelled data) (%) ",TGO,2018,45.19174575805664,,
CR.MOD.2.M,"Completion rate, lower secondary education, male (modelled data) (%) ",TGO,2019,46.4427490234375,,
CR.MOD.2.M,"Completion rate, lower secondary education, male (modelled data) (%) ",TGO,2020,47.46353912353516,,
CR.MOD.2.M,"Completion rate, lower secondary education, male (modelled data) (%) ",TGO,2021,48.37554550170898,,
CR.MOD.2.M,"Completion rate, lower secondary education, male (modelled data) (%) ",TGO,2022,49.24771118164063,,
CR.MOD.2.M,"Completion rate, lower secondary education, male (modelled data) (%) ",TGO,2023,50.2751350402832,,
CR.MOD.2.M,"Completion rate, lower secondary education, male (modelled data) (%) ",TGO,2024,51.10402297973633,,
CR.MOD.2.M,"Completion rate, lower secondary education, male (modelled data) (%) ",TGO,2025,52.04800415039063,,
CR.MOD.3,"Completion rate, upper secondary education, both sexes (modelled data) (%) ",TGO,1981,2.170000076293945,,
CR.MOD.3,"Completion rate, upper secondary education, both sexes (modelled data) (%) ",TGO,1982,2.289999961853027,,
CR.MOD.3,"Completion rate, upper secondary education, both sexes (modelled data) (%) ",TGO,1983,2.430000066757202,,
CR.MOD.3,"Completion rate, upper secondary education, both sexes (modelled data) (%) ",TGO,1984,2.559999942779541,,
CR.MOD.3,"Completion rate, upper secondary education, both sexes (modelled data) (%) ",TGO,1985,2.690000057220459,,
CR.MOD.3,"Completion rate, upper secondary education, both sexes (modelled data) (%) ",TGO,1986,2.839999914169312,,
CR.MOD.3,"Completion rate, upper secondary education, both sexes (modelled data) (%) ",TGO,1987,2.990000009536743,,
CR.MOD.3,"Completion rate, upper secondary education, both sexes (modelled data) (%) ",TGO,1988,3.109999895095825,,
CR.MOD.3,"Completion rate, upper secondary education, both sexes (modelled data) (%) ",TGO,1989,3.210000038146973,,
CR.MOD.3,"Completion rate, upper secondary education, both sexes (modelled data) (%) ",TGO,1990,3.259999990463257,,
CR.MOD.3,"Completion rate, upper secondary education, both sexes (modelled data) (%) ",TGO,1991,3.319999933242798,,
CR.MOD.3,"Completion rate, upper secondary education, both sexes (modelled data) (%) ",TGO,1992,3.390000104904175,,
CR.MOD.3,"Completion rate, upper secondary education, both sexes (modelled data) (%) ",TGO,1993,3.509999990463257,,
CR.MOD.3,"Completion rate, upper secondary education, both sexes (modelled data) (%) ",TGO,1994,3.680000066757202,,
CR.MOD.3,"Completion rate, upper secondary education, both sexes (modelled data) (%) ",TGO,1995,3.829999923706055,,
CR.MOD.3,"Completion rate, upper secondary education, both sexes (modelled data) (%) ",TGO,1996,3.980000019073486,,
CR.MOD.3,"Completion rate, upper secondary education, both sexes (modelled data) (%) ",TGO,1997,4.159999847412109,,
CR.MOD.3,"Completion rate, upper secondary education, both sexes (modelled data) (%) ",TGO,1998,4.369999885559082,,
CR.MOD.3,"Completion rate, upper secondary education, both sexes (modelled data) (%) ",TGO,1999,4.619999885559082,,
CR.MOD.3,"Completion rate, upper secondary education, both sexes (modelled data) (%) ",TGO,2000,4.949999809265137,,
CR.MOD.3,"Completion rate, upper secondary education, both sexes (modelled data) (%) ",TGO,2001,5.329999923706055,,
CR.MOD.3,"Completion rate, upper secondary education, both sexes (modelled data) (%) ",TGO,2002,5.730000019073486,,
CR.MOD.3,"Completion rate, upper secondary education, both sexes (modelled data) (%) ",TGO,2003,6.090000152587891,,
CR.MOD.3,"Completion rate, upper secondary education, both sexes (modelled data) (%) ",TGO,2004,6.460000038146973,,
CR.MOD.3,"Completion rate, upper secondary education, both sexes (modelled data) (%) ",TGO,2005,6.889999866485596,,
CR.MOD.3,"Completion rate, upper secondary education, both sexes (modelled data) (%) ",TGO,2006,7.309999942779541,,
CR.MOD.3,"Completion rate, upper secondary education, both sexes (modelled data) (%) ",TGO,2007,7.800000190734863,,
CR.MOD.3,"Completion rate, upper secondary education, both sexes (modelled data) (%) ",TGO,2008,8.270000457763672,,
CR.MOD.3,"Completion rate, upper secondary education, both sexes (modelled data) (%) ",TGO,2009,8.760000228881836,,
CR.MOD.3,"Completion rate, upper secondary education, both sexes (modelled data) (%) ",TGO,2010,9.359999656677246,,
CR.MOD.3,"Completion rate, upper secondary education, both sexes (modelled data) (%) ",TGO,2011,10.17000007629395,,
CR.MOD.3,"Completion rate, upper secondary education, both sexes (modelled data) (%) ",TGO,2012,11.1899995803833,,
CR.MOD.3,"Completion rate, upper secondary education, both sexes (modelled data) (%) ",TGO,2013,12.26000022888184,,
CR.MOD.3,"Completion rate, upper secondary education, both sexes (modelled data) (%) ",TGO,2014,13.34000015258789,,
CR.MOD.3,"Completion rate, upper secondary education, both sexes (modelled data) (%) ",TGO,2015,14.42000007629395,,
CR.MOD.3,"Completion rate, upper secondary education, both sexes (modelled data) (%) ",TGO,2016,15.47999954223633,,
CR.MOD.3,"Completion rate, upper secondary education, both sexes (modelled data) (%) ",TGO,2017,16.40999984741211,,
CR.MOD.3,"Completion rate, upper secondary education, both sexes (modelled data) (%) ",TGO,2018,17.27000045776367,,
CR.MOD.3,"Completion rate, upper secondary education, both sexes (modelled data) (%) ",TGO,2019,17.92000007629395,,
CR.MOD.3,"Completion rate, upper secondary education, both sexes (modelled data) (%) ",TGO,2020,18.54999923706055,,
CR.MOD.3,"Completion rate, upper secondary education, both sexes (modelled data) (%) ",TGO,2021,19.21999931335449,,
CR.MOD.3,"Completion rate, upper secondary education, both sexes (modelled data) (%) ",TGO,2022,19.8799991607666,,
CR.MOD.3,"Completion rate, upper secondary education, both sexes (modelled data) (%) ",TGO,2023,20.57999992370605,,
CR.MOD.3,"Completion rate, upper secondary education, both sexes (modelled data) (%) ",TGO,2024,21.34000015258789,,
CR.MOD.3,"Completion rate, upper secondary education, both sexes (modelled data) (%) ",TGO,2025,22.09000015258789,,
CR.MOD.3.F,"Completion rate, upper secondary education, female (modelled data) (%) ",TGO,1981,.9327665567398071,,
CR.MOD.3.F,"Completion rate, upper secondary education, female (modelled data) (%) ",TGO,1982,.9878593683242798,,
CR.MOD.3.F,"Completion rate, upper secondary education, female (modelled data) (%) ",TGO,1983,1.092713713645935,,
CR.MOD.3.F,"Completion rate, upper secondary education, female (modelled data) (%) ",TGO,1984,1.177583456039429,,
CR.MOD.3.F,"Completion rate, upper secondary education, female (modelled data) (%) ",TGO,1985,1.207723736763,,
CR.MOD.3.F,"Completion rate, upper secondary education, female (modelled data) (%) ",TGO,1986,1.29765260219574,,
CR.MOD.3.F,"Completion rate, upper secondary education, female (modelled data) (%) ",TGO,1987,1.362593412399292,,
CR.MOD.3.F,"Completion rate, upper secondary education, female (modelled data) (%) ",TGO,1988,1.417346239089966,,
CR.MOD.3.F,"Completion rate, upper secondary education, female (modelled data) (%) ",TGO,1989,1.486845970153809,,
CR.MOD.3.F,"Completion rate, upper secondary education, female (modelled data) (%) ",TGO,1990,1.506235122680664,,
CR.MOD.3.F,"Completion rate, upper secondary education, female (modelled data) (%) ",TGO,1991,1.565411329269409,,
CR.MOD.3.F,"Completion rate, upper secondary education, female (modelled data) (%) ",TGO,1992,1.609301686286926,,
CR.MOD.3.F,"Completion rate, upper secondary education, female (modelled data) (%) ",TGO,1993,1.712846398353577,,
CR.MOD.3.F,"Completion rate, upper secondary education, female (modelled data) (%) ",TGO,1994,1.870885372161865,,
CR.MOD.3.F,"Completion rate, upper secondary education, female (modelled data) (%) ",TGO,1995,2.003627061843872,,
CR.MOD.3.F,"Completion rate, upper secondary education, female (modelled data) (%) ",TGO,1996,2.136182069778442,,
CR.MOD.3.F,"Completion rate, upper secondary education, female (modelled data) (%) ",TGO,1997,2.284170389175415,,
CR.MOD.3.F,"Completion rate, upper secondary education, female (modelled data) (%) ",TGO,1998,2.462861061096191,,
CR.MOD.3.F,"Completion rate, upper secondary education, female (modelled data) (%) ",TGO,1999,2.672141551971436,,
CR.MOD.3.F,"Completion rate, upper secondary education, female (modelled data) (%) ",TGO,2000,2.951723098754883,,
CR.MOD.3.F,"Completion rate, upper secondary education, female (modelled data) (%) ",TGO,2001,3.240869045257568,,
CR.MOD.3.F,"Completion rate, upper secondary education, female (modelled data) (%) ",TGO,2002,3.539403438568115,,
CR.MOD.3.F,"Completion rate, upper secondary education, female (modelled data) (%) ",TGO,2003,3.832469701766968,,
CR.MOD.3.F,"Completion rate, upper secondary education, female (modelled data) (%) ",TGO,2004,4.140208721160889,,
CR.MOD.3.F,"Completion rate, upper secondary education, female (modelled data) (%) ",TGO,2005,4.49259614944458,,
CR.MOD.3.F,"Completion rate, upper secondary education, female (modelled data) (%) ",TGO,2006,4.734580993652344,,
CR.MOD.3.F,"Completion rate, upper secondary education, female (modelled data) (%) ",TGO,2007,5.06689453125,,
CR.MOD.3.F,"Completion rate, upper secondary education, female (modelled data) (%) ",TGO,2008,5.384354591369629,,
CR.MOD.3.F,"Completion rate, upper secondary education, female (modelled data) (%) ",TGO,2009,5.812609195709229,,
CR.MOD.3.F,"Completion rate, upper secondary education, female (modelled data) (%) ",TGO,2010,6.350760936737061,,
CR.MOD.3.F,"Completion rate, upper secondary education, female (modelled data) (%) ",TGO,2011,7.069150924682617,,
CR.MOD.3.F,"Completion rate, upper secondary education, female (modelled data) (%) ",TGO,2012,7.841288566589355,,
CR.MOD.3.F,"Completion rate, upper secondary education, female (modelled data) (%) ",TGO,2013,8.592753410339355,,
CR.MOD.3.F,"Completion rate, upper secondary education, female (modelled data) (%) ",TGO,2014,9.318498611450195,,
CR.MOD.3.F,"Completion rate, upper secondary education, female (modelled data) (%) ",TGO,2015,9.983517646789551,,
CR.MOD.3.F,"Completion rate, upper secondary education, female (modelled data) (%) ",TGO,2016,10.64365196228027,,
CR.MOD.3.F,"Completion rate, upper secondary education, female (modelled data) (%) ",TGO,2017,11.16870594024658,,
CR.MOD.3.F,"Completion rate, upper secondary education, female (modelled data) (%) ",TGO,2018,11.76019477844238,,
CR.MOD.3.F,"Completion rate, upper secondary education, female (modelled data) (%) ",TGO,2019,12.27294540405273,,
CR.MOD.3.F,"Completion rate, upper secondary education, female (modelled data) (%) ",TGO,2020,12.76535987854004,,
CR.MOD.3.F,"Completion rate, upper secondary education, female (modelled data) (%) ",TGO,2021,13.27724742889404,,
CR.MOD.3.F,"Completion rate, upper secondary education, female (modelled data) (%) ",TGO,2022,13.75786018371582,,
CR.MOD.3.F,"Completion rate, upper secondary education, female (modelled data) (%) ",TGO,2023,14.42469024658203,,
CR.MOD.3.F,"Completion rate, upper secondary education, female (modelled data) (%) ",TGO,2024,15.01980590820313,,
CR.MOD.3.F,"Completion rate, upper secondary education, female (modelled data) (%) ",TGO,2025,15.69142627716064,,
CR.MOD.3.GPIA,"Completion rate, upper secondary education, adjusted gender parity index (GPIA) (modelled data)",TGO,1981,.2725183069705963,,
CR.MOD.3.GPIA,"Completion rate, upper secondary education, adjusted gender parity index (GPIA) (modelled data)",TGO,1982,.2738076150417328,,
CR.MOD.3.GPIA,"Completion rate, upper secondary education, adjusted gender parity index (GPIA) (modelled data)",TGO,1983,.2888703346252441,,
CR.MOD.3.GPIA,"Completion rate, upper secondary education, adjusted gender parity index (GPIA) (modelled data)",TGO,1984,.2975511252880096,,
CR.MOD.3.GPIA,"Completion rate, upper secondary education, adjusted gender parity index (GPIA) (modelled data)",TGO,1985,.2883962392807007,,
CR.MOD.3.GPIA,"Completion rate, upper secondary education, adjusted gender parity index (GPIA) (modelled data)",TGO,1986,.295078456401825,,
CR.MOD.3.GPIA,"Completion rate, upper secondary education, adjusted gender parity index (GPIA) (modelled data)",TGO,1987,.294131875038147,,
CR.MOD.3.GPIA,"Completion rate, upper secondary education, adjusted gender parity index (GPIA) (modelled data)",TGO,1988,.2942172288894653,,
CR.MOD.3.GPIA,"Completion rate, upper secondary education, adjusted gender parity index (GPIA) (modelled data)",TGO,1989,.3005644381046295,,
CR.MOD.3.GPIA,"Completion rate, upper secondary education, adjusted gender parity index (GPIA) (modelled data)",TGO,1990,.2996746301651001,,
CR.MOD.3.GPIA,"Completion rate, upper secondary education, adjusted gender parity index (GPIA) (modelled data)",TGO,1991,.3078239262104034,,
CR.MOD.3.GPIA,"Completion rate, upper secondary education, adjusted gender parity index (GPIA) (modelled data)",TGO,1992,.3107178807258606,,
CR.MOD.3.GPIA,"Completion rate, upper secondary education, adjusted gender parity index (GPIA) (modelled data)",TGO,1993,.3223971426486969,,
CR.MOD.3.GPIA,"Completion rate, upper secondary education, adjusted gender parity index (GPIA) (modelled data)",TGO,1994,.3407256305217743,,
CR.MOD.3.GPIA,"Completion rate, upper secondary education, adjusted gender parity index (GPIA) (modelled data)",TGO,1995,.3543967604637146,,
CR.MOD.3.GPIA,"Completion rate, upper secondary education, adjusted gender parity index (GPIA) (modelled data)",TGO,1996,.3672825396060944,,
CR.MOD.3.GPIA,"Completion rate, upper secondary education, adjusted gender parity index (GPIA) (modelled data)",TGO,1997,.3791676163673401,,
CR.MOD.3.GPIA,"Completion rate, upper secondary education, adjusted gender parity index (GPIA) (modelled data)",TGO,1998,.3932485282421112,,
CR.MOD.3.GPIA,"Completion rate, upper secondary education, adjusted gender parity index (GPIA) (modelled data)",TGO,1999,.4078271985054016,,
CR.MOD.3.GPIA,"Completion rate, upper secondary education, adjusted gender parity index (GPIA) (modelled data)",TGO,2000,.4258281886577606,,
CR.MOD.3.GPIA,"Completion rate, upper secondary education, adjusted gender parity index (GPIA) (modelled data)",TGO,2001,.4379038512706757,,
CR.MOD.3.GPIA,"Completion rate, upper secondary education, adjusted gender parity index (GPIA) (modelled data)",TGO,2002,.4480595886707306,,
CR.MOD.3.GPIA,"Completion rate, upper secondary education, adjusted gender parity index (GPIA) (modelled data)",TGO,2003,.4604966938495636,,
CR.MOD.3.GPIA,"Completion rate, upper secondary education, adjusted gender parity index (GPIA) (modelled data)",TGO,2004,.4731554090976715,,
CR.MOD.3.GPIA,"Completion rate, upper secondary education, adjusted gender parity index (GPIA) (modelled data)",TGO,2005,.4855498075485229,,
CR.MOD.3.GPIA,"Completion rate, upper secondary education, adjusted gender parity index (GPIA) (modelled data)",TGO,2006,.4809327125549316,,
CR.MOD.3.GPIA,"Completion rate, upper secondary education, adjusted gender parity index (GPIA) (modelled data)",TGO,2007,.4831644296646118,,
CR.MOD.3.GPIA,"Completion rate, upper secondary education, adjusted gender parity index (GPIA) (modelled data)",TGO,2008,.4848867654800415,,
CR.MOD.3.GPIA,"Completion rate, upper secondary education, adjusted gender parity index (GPIA) (modelled data)",TGO,2009,.4988247156143188,,
CR.MOD.3.GPIA,"Completion rate, upper secondary education, adjusted gender parity index (GPIA) (modelled data)",TGO,2010,.5158707499504089,,
CR.MOD.3.GPIA,"Completion rate, upper secondary education, adjusted gender parity index (GPIA) (modelled data)",TGO,2011,.5351707339286804,,
CR.MOD.3.GPIA,"Completion rate, upper secondary education, adjusted gender parity index (GPIA) (modelled data)",TGO,2012,.5418514609336853,,
CR.MOD.3.GPIA,"Completion rate, upper secondary education, adjusted gender parity index (GPIA) (modelled data)",TGO,2013,.5420354008674622,,
CR.MOD.3.GPIA,"Completion rate, upper secondary education, adjusted gender parity index (GPIA) (modelled data)",TGO,2014,.5393118262290955,,
CR.MOD.3.GPIA,"Completion rate, upper secondary education, adjusted gender parity index (GPIA) (modelled data)",TGO,2015,.5320706963539124,,
CR.MOD.3.GPIA,"Completion rate, upper secondary education, adjusted gender parity index (GPIA) (modelled data)",TGO,2016,.5265576243400574,,
CR.MOD.3.GPIA,"Completion rate, upper secondary education, adjusted gender parity index (GPIA) (modelled data)",TGO,2017,.518541157245636,,
CR.MOD.3.GPIA,"Completion rate, upper secondary education, adjusted gender parity index (GPIA) (modelled data)",TGO,2018,.5189803242683411,,
CR.MOD.3.GPIA,"Completion rate, upper secondary education, adjusted gender parity index (GPIA) (modelled data)",TGO,2019,.5235240459442139,,
CR.MOD.3.GPIA,"Completion rate, upper secondary education, adjusted gender parity index (GPIA) (modelled data)",TGO,2020,.5273773670196533,,
CR.MOD.3.GPIA,"Completion rate, upper secondary education, adjusted gender parity index (GPIA) (modelled data)",TGO,2021,.530511736869812,,
CR.MOD.3.GPIA,"Completion rate, upper secondary education, adjusted gender parity index (GPIA) (modelled data)",TGO,2022,.5320571660995483,,
CR.MOD.3.GPIA,"Completion rate, upper secondary education, adjusted gender parity index (GPIA) (modelled data)",TGO,2023,.5425938963890076,,
CR.MOD.3.GPIA,"Completion rate, upper secondary education, adjusted gender parity index (GPIA) (modelled data)",TGO,2024,.5461786389350891,,
CR.MOD.3.GPIA,"Completion rate, upper secondary education, adjusted gender parity index (GPIA) (modelled data)",TGO,2025,.5540478825569153,,
CR.MOD.3.M,"Completion rate, upper secondary education, male (modelled data) (%) ",TGO,1981,3.422766447067261,,
CR.MOD.3.M,"Completion rate, upper secondary education, male (modelled data) (%) ",TGO,1982,3.607859373092651,,
CR.MOD.3.M,"Completion rate, upper secondary education, male (modelled data) (%) ",TGO,1983,3.782713651657104,,
CR.MOD.3.M,"Completion rate, upper secondary education, male (modelled data) (%) ",TGO,1984,3.957583427429199,,
CR.MOD.3.M,"Completion rate, upper secondary education, male (modelled data) (%) ",TGO,1985,4.187723636627197,,
CR.MOD.3.M,"Completion rate, upper secondary education, male (modelled data) (%) ",TGO,1986,4.397652626037598,,
CR.MOD.3.M,"Completion rate, upper secondary education, male (modelled data) (%) ",TGO,1987,4.632593631744385,,
CR.MOD.3.M,"Completion rate, upper secondary education, male (modelled data) (%) ",TGO,1988,4.817346096038818,,
CR.MOD.3.M,"Completion rate, upper secondary education, male (modelled data) (%) ",TGO,1989,4.946846008300781,,
CR.MOD.3.M,"Completion rate, upper secondary education, male (modelled data) (%) ",TGO,1990,5.026235103607178,,
CR.MOD.3.M,"Completion rate, upper secondary education, male (modelled data) (%) ",TGO,1991,5.085411548614502,,
CR.MOD.3.M,"Completion rate, upper secondary education, male (modelled data) (%) ",TGO,1992,5.179301738739014,,
CR.MOD.3.M,"Completion rate, upper secondary education, male (modelled data) (%) ",TGO,1993,5.312846183776855,,
CR.MOD.3.M,"Completion rate, upper secondary education, male (modelled data) (%) ",TGO,1994,5.490885257720947,,
CR.MOD.3.M,"Completion rate, upper secondary education, male (modelled data) (%) ",TGO,1995,5.653626918792725,,
CR.MOD.3.M,"Completion rate, upper secondary education, male (modelled data) (%) ",TGO,1996,5.816182136535645,,
CR.MOD.3.M,"Completion rate, upper secondary education, male (modelled data) (%) ",TGO,1997,6.024170398712158,,
CR.MOD.3.M,"Completion rate, upper secondary education, male (modelled data) (%) ",TGO,1998,6.262861251831055,,
CR.MOD.3.M,"Completion rate, upper secondary education, male (modelled data) (%) ",TGO,1999,6.552141666412354,,
CR.MOD.3.M,"Completion rate, upper secondary education, male (modelled data) (%) ",TGO,2000,6.931723117828369,,
CR.MOD.3.M,"Completion rate, upper secondary education, male (modelled data) (%) ",TGO,2001,7.400868892669678,,
CR.MOD.3.M,"Completion rate, upper secondary education, male (modelled data) (%) ",TGO,2002,7.89940357208252,,
CR.MOD.3.M,"Completion rate, upper secondary education, male (modelled data) (%) ",TGO,2003,8.322469711303711,,
CR.MOD.3.M,"Completion rate, upper secondary education, male (modelled data) (%) ",TGO,2004,8.750208854675293,,
CR.MOD.3.M,"Completion rate, upper secondary education, male (modelled data) (%) ",TGO,2005,9.252595901489258,,
CR.MOD.3.M,"Completion rate, upper secondary education, male (modelled data) (%) ",TGO,2006,9.84458065032959,,
CR.MOD.3.M,"Completion rate, upper secondary education, male (modelled data) (%) ",TGO,2007,10.48689460754395,,
CR.MOD.3.M,"Completion rate, upper secondary education, male (modelled data) (%) ",TGO,2008,11.10435485839844,,
CR.MOD.3.M,"Completion rate, upper secondary education, male (modelled data) (%) ",TGO,2009,11.65260887145996,,
CR.MOD.3.M,"Completion rate, upper secondary education, male (modelled data) (%) ",TGO,2010,12.31076049804688,,
CR.MOD.3.M,"Completion rate, upper secondary education, male (modelled data) (%) ",TGO,2011,13.20915126800537,,
CR.MOD.3.M,"Completion rate, upper secondary education, male (modelled data) (%) ",TGO,2012,14.47128868103027,,
CR.MOD.3.M,"Completion rate, upper secondary education, male (modelled data) (%) ",TGO,2013,15.85275363922119,,
CR.MOD.3.M,"Completion rate, upper secondary education, male (modelled data) (%) ",TGO,2014,17.27849769592285,,
CR.MOD.3.M,"Completion rate, upper secondary education, male (modelled data) (%) ",TGO,2015,18.76351737976074,,
CR.MOD.3.M,"Completion rate, upper secondary education, male (modelled data) (%) ",TGO,2016,20.21365165710449,,
CR.MOD.3.M,"Completion rate, upper secondary education, male (modelled data) (%) ",TGO,2017,21.53870582580566,,
CR.MOD.3.M,"Completion rate, upper secondary education, male (modelled data) (%) ",TGO,2018,22.66019439697266,,
CR.MOD.3.M,"Completion rate, upper secondary education, male (modelled data) (%) ",TGO,2019,23.44294548034668,,
CR.MOD.3.M,"Completion rate, upper secondary education, male (modelled data) (%) ",TGO,2020,24.20536041259766,,
CR.MOD.3.M,"Completion rate, upper secondary education, male (modelled data) (%) ",TGO,2021,25.02724647521973,,
CR.MOD.3.M,"Completion rate, upper secondary education, male (modelled data) (%) ",TGO,2022,25.85786056518555,,
CR.MOD.3.M,"Completion rate, upper secondary education, male (modelled data) (%) ",TGO,2023,26.58469009399414,,
CR.MOD.3.M,"Completion rate, upper secondary education, male (modelled data) (%) ",TGO,2024,27.49980545043945,,
CR.MOD.3.M,"Completion rate, upper secondary education, male (modelled data) (%) ",TGO,2025,28.32142639160156,,
EA.4T8.AG25T99,"Educational attainment rate, completed post-secondary non-tertiary education or higher, population 25+ years, both sexes (%)",TGO,1970,.1511200070381165,,
EA.4T8.AG25T99,"Educational attainment rate, completed post-secondary non-tertiary education or higher, population 25+ years, both sexes (%)",TGO,2009,2.949450016021729,,
EA.4T8.AG25T99,"Educational attainment rate, completed post-secondary non-tertiary education or higher, population 25+ years, both sexes (%)",TGO,2010,1.75173387736582,,
EA.4T8.AG25T99,"Educational attainment rate, completed post-secondary non-tertiary education or higher, population 25+ years, both sexes (%)",TGO,2011,5.439350128173828,,
EA.4T8.AG25T99,"Educational attainment rate, completed post-secondary non-tertiary education or higher, population 25+ years, both sexes (%)",TGO,2017,8.56658768439255,,
EA.4T8.AG25T99,"Educational attainment rate, completed post-secondary non-tertiary education or higher, population 25+ years, both sexes (%)",TGO,2019,6.37852441650194,,
EA.4T8.AG25T99,"Educational attainment rate, completed post-secondary non-tertiary education or higher, population 25+ years, both sexes (%)",TGO,2022,6.76612726541786,,
EA.4T8.AG25T99.F,"Educational attainment rate, completed post-secondary non-tertiary education or higher, population 25+ years, female (%)",TGO,1970,0,NIL,
EA.4T8.AG25T99.F,"Educational attainment rate, completed post-secondary non-tertiary education or higher, population 25+ years, female (%)",TGO,2009,1.212430000305176,,
EA.4T8.AG25T99.F,"Educational attainment rate, completed post-secondary non-tertiary education or higher, population 25+ years, female (%)",TGO,2010,.564610174370145,,
EA.4T8.AG25T99.F,"Educational attainment rate, completed post-secondary non-tertiary education or higher, population 25+ years, female (%)",TGO,2011,1.53328001499176,,
EA.4T8.AG25T99.F,"Educational attainment rate, completed post-secondary non-tertiary education or higher, population 25+ years, female (%)",TGO,2017,3.67157736919222,,
EA.4T8.AG25T99.F,"Educational attainment rate, completed post-secondary non-tertiary education or higher, population 25+ years, female (%)",TGO,2019,3.25201644985422,,
EA.4T8.AG25T99.F,"Educational attainment rate, completed post-secondary non-tertiary education or higher, population 25+ years, female (%)",TGO,2022,3.32673355251316,,
EA.4T8.AG25T99.F.LPIA,"Educational attainment rate, completed post-secondary non-tertiary education or higher, population 25+ years, female, adjusted location parity index (LPIA)",TGO,2009,.1807200014591217,,
EA.4T8.AG25T99.F.LPIA,"Educational attainment rate, completed post-secondary non-tertiary education or higher, population 25+ years, female, adjusted location parity index (LPIA)",TGO,2011,.0252000000327826,,
EA.4T8.AG25T99.GPIA,"Educational attainment rate, completed post-secondary non-tertiary education or higher, population 25+ years, adjusted gender parity index (GPIA)",TGO,1970,0,NIL,
EA.4T8.AG25T99.GPIA,"Educational attainment rate, completed post-secondary non-tertiary education or higher, population 25+ years, adjusted gender parity index (GPIA)",TGO,2009,.2442000061273575,,
EA.4T8.AG25T99.GPIA,"Educational attainment rate, completed post-secondary non-tertiary education or higher, population 25+ years, adjusted gender parity index (GPIA)",TGO,2010,.177955940382935,,
EA.4T8.AG25T99.GPIA,"Educational attainment rate, completed post-secondary non-tertiary education or higher, population 25+ years, adjusted gender parity index (GPIA)",TGO,2011,.1453099995851517,,
EA.4T8.AG25T99.GPIA,"Educational attainment rate, completed post-secondary non-tertiary education or higher, population 25+ years, adjusted gender parity index (GPIA)",TGO,2017,.253275896531165,,
EA.4T8.AG25T99.GPIA,"Educational attainment rate, completed post-secondary non-tertiary education or higher, population 25+ years, adjusted gender parity index (GPIA)",TGO,2019,.319293742725977,,
EA.4T8.AG25T99.GPIA,"Educational attainment rate, completed post-secondary non-tertiary education or higher, population 25+ years, adjusted gender parity index (GPIA)",TGO,2022,.302456192165386,,
EA.4T8.AG25T99.LPIA,"Educational attainment rate, completed post-secondary non-tertiary education or higher, population 25+ years, adjusted location parity index (LPIA)",TGO,2009,.150629997253418,,
EA.4T8.AG25T99.LPIA,"Educational attainment rate, completed post-secondary non-tertiary education or higher, population 25+ years, adjusted location parity index (LPIA)",TGO,2011,.067220002412796,,
EA.4T8.AG25T99.LPIA,"Educational attainment rate, completed post-secondary non-tertiary education or higher, population 25+ years, adjusted location parity index (LPIA)",TGO,2017,.230875042658663,,
EA.4T8.AG25T99.LPIA,"Educational attainment rate, completed post-secondary non-tertiary education or higher, population 25+ years, adjusted location parity index (LPIA)",TGO,2019,.117710413382712,,
EA.4T8.AG25T99.LPIA,"Educational attainment rate, completed post-secondary non-tertiary education or higher, population 25+ years, adjusted location parity index (LPIA)",TGO,2022,.106528851346552,,
EA.4T8.AG25T99.M,"Educational attainment rate, completed post-secondary non-tertiary education or higher, population 25+ years, male (%)",TGO,1970,.3401699960231781,,
EA.4T8.AG25T99.M,"Educational attainment rate, completed post-secondary non-tertiary education or higher, population 25+ years, male (%)",TGO,2009,4.964960098266602,,
EA.4T8.AG25T99.M,"Educational attainment rate, completed post-secondary non-tertiary education or higher, population 25+ years, male (%)",TGO,2010,3.17275261031009,,
EA.4T8.AG25T99.M,"Educational attainment rate, completed post-secondary non-tertiary education or higher, population 25+ years, male (%)",TGO,2011,10.55183029174805,,
EA.4T8.AG25T99.M,"Educational attainment rate, completed post-secondary non-tertiary education or higher, population 25+ years, male (%)",TGO,2017,14.4963552374216,,
EA.4T8.AG25T99.M,"Educational attainment rate, completed post-secondary non-tertiary education or higher, population 25+ years, male (%)",TGO,2019,10.1850303175065,,
EA.4T8.AG25T99.M,"Educational attainment rate, completed post-secondary non-tertiary education or higher, population 25+ years, male (%)",TGO,2022,10.9990591652164,,
EA.4T8.AG25T99.M.LPIA,"Educational attainment rate, completed post-secondary non-tertiary education or higher, population 25+ years, male, adjusted location parity index (LPIA)",TGO,2009,.1425199955701828,,
EA.4T8.AG25T99.M.LPIA,"Educational attainment rate, completed post-secondary non-tertiary education or higher, population 25+ years, male, adjusted location parity index (LPIA)",TGO,2011,.0860899984836578,,
EA.4T8.AG25T99.M.LPIA,"Educational attainment rate, completed post-secondary non-tertiary education or higher, population 25+ years, male, adjusted location parity index (LPIA)",TGO,2017,.26489606704866,,
EA.4T8.AG25T99.M.LPIA,"Educational attainment rate, completed post-secondary non-tertiary education or higher, population 25+ years, male, adjusted location parity index (LPIA)",TGO,2019,.156647352615239,,
EA.4T8.AG25T99.M.LPIA,"Educational attainment rate, completed post-secondary non-tertiary education or higher, population 25+ years, male, adjusted location parity index (LPIA)",TGO,2022,.114152126920645,,
EA.4T8.AG25T99.RUR,"Educational attainment rate, completed post-secondary non-tertiary education or higher, population 25+ years, rural, both sexes (%)",TGO,2009,.8560400009155273,,
EA.4T8.AG25T99.RUR,"Educational attainment rate, completed post-secondary non-tertiary education or higher, population 25+ years, rural, both sexes (%)",TGO,2011,.8657400012016296,,
EA.4T8.AG25T99.RUR,"Educational attainment rate, completed post-secondary non-tertiary education or higher, population 25+ years, rural, both sexes (%)",TGO,2017,3.5309620929088,,
EA.4T8.AG25T99.RUR,"Educational attainment rate, completed post-secondary non-tertiary education or higher, population 25+ years, rural, both sexes (%)",TGO,2019,1.48578680447614,,
EA.4T8.AG25T99.RUR,"Educational attainment rate, completed post-secondary non-tertiary education or higher, population 25+ years, rural, both sexes (%)",TGO,2022,1.38449538401895,,
EA.4T8.AG25T99.RUR.F,"Educational attainment rate, completed post-secondary non-tertiary education or higher, population 25+ years, rural, female (%)",TGO,2009,.4088599979877472,,
EA.4T8.AG25T99.RUR.F,"Educational attainment rate, completed post-secondary non-tertiary education or higher, population 25+ years, rural, female (%)",TGO,2011,.1037900000810623,,
EA.4T8.AG25T99.RUR.F,"Educational attainment rate, completed post-secondary non-tertiary education or higher, population 25+ years, rural, female (%)",TGO,2017,.825534096450942,,
EA.4T8.AG25T99.RUR.GPIA,"Educational attainment rate, completed post-secondary non-tertiary education or higher, population 25+ years, rural, adjusted gender parity index (GPIA)",TGO,2009,.1457899957895279,,
EA.4T8.AG25T99.RUR.GPIA,"Educational attainment rate, completed post-secondary non-tertiary education or higher, population 25+ years, rural, adjusted gender parity index (GPIA)",TGO,2011,.0529600009322166,,
EA.4T8.AG25T99.RUR.GPIA,"Educational attainment rate, completed post-secondary non-tertiary education or higher, population 25+ years, rural, adjusted gender parity index (GPIA)",TGO,2017,.126303537131098,,
EA.4T8.AG25T99.RUR.M,"Educational attainment rate, completed post-secondary non-tertiary education or higher, population 25+ years, rural, male (%)",TGO,2009,1.375210046768188,,
EA.4T8.AG25T99.RUR.M,"Educational attainment rate, completed post-secondary non-tertiary education or higher, population 25+ years, rural, male (%)",TGO,2011,1.959759950637817,,
EA.4T8.AG25T99.RUR.M,"Educational attainment rate, completed post-secondary non-tertiary education or higher, population 25+ years, rural, male (%)",TGO,2017,6.53611225150461,,
EA.4T8.AG25T99.RUR.M,"Educational attainment rate, completed post-secondary non-tertiary education or higher, population 25+ years, rural, male (%)",TGO,2019,2.93203596251364,,
EA.4T8.AG25T99.RUR.M,"Educational attainment rate, completed post-secondary non-tertiary education or higher, population 25+ years, rural, male (%)",TGO,2022,2.33421842764198,,
EA.4T8.AG25T99.URB,"Educational attainment rate, completed post-secondary non-tertiary education or higher, population 25+ years, urban, both sexes (%)",TGO,2009,5.683010101318359,,
EA.4T8.AG25T99.URB,"Educational attainment rate, completed post-secondary non-tertiary education or higher, population 25+ years, urban, both sexes (%)",TGO,2011,12.87905979156494,,
EA.4T8.AG25T99.URB,"Educational attainment rate, completed post-secondary non-tertiary education or higher, population 25+ years, urban, both sexes (%)",TGO,2017,15.2938232398256,,
EA.4T8.AG25T99.URB,"Educational attainment rate, completed post-secondary non-tertiary education or higher, population 25+ years, urban, both sexes (%)",TGO,2019,12.6223905071627,,
EA.4T8.AG25T99.URB,"Educational attainment rate, completed post-secondary non-tertiary education or higher, population 25+ years, urban, both sexes (%)",TGO,2022,12.9964358623844,,
EA.4T8.AG25T99.URB.F,"Educational attainment rate, completed post-secondary non-tertiary education or higher, population 25+ years, urban, female (%)",TGO,2009,2.262360095977783,,
EA.4T8.AG25T99.URB.F,"Educational attainment rate, completed post-secondary non-tertiary education or higher, population 25+ years, urban, female (%)",TGO,2011,4.118639945983887,,
EA.4T8.AG25T99.URB.F,"Educational attainment rate, completed post-secondary non-tertiary education or higher, population 25+ years, urban, female (%)",TGO,2017,7.24703588513984,,
EA.4T8.AG25T99.URB.F,"Educational attainment rate, completed post-secondary non-tertiary education or higher, population 25+ years, urban, female (%)",TGO,2019,7.19270663579953,,
EA.4T8.AG25T99.URB.F,"Educational attainment rate, completed post-secondary non-tertiary education or higher, population 25+ years, urban, female (%)",TGO,2022,6.57946621061959,,
EA.4T8.AG25T99.URB.GPIA,"Educational attainment rate, completed post-secondary non-tertiary education or higher, population 25+ years, urban, adjusted gender parity index (GPIA)",TGO,2009,.2374099940061569,,
EA.4T8.AG25T99.URB.GPIA,"Educational attainment rate, completed post-secondary non-tertiary education or higher, population 25+ years, urban, adjusted gender parity index (GPIA)",TGO,2011,.1809200048446655,,
EA.4T8.AG25T99.URB.GPIA,"Educational attainment rate, completed post-secondary non-tertiary education or higher, population 25+ years, urban, adjusted gender parity index (GPIA)",TGO,2017,.293708435514114,,
EA.4T8.AG25T99.URB.GPIA,"Educational attainment rate, completed post-secondary non-tertiary education or higher, population 25+ years, urban, adjusted gender parity index (GPIA)",TGO,2019,.384278524220461,,
EA.4T8.AG25T99.URB.GPIA,"Educational attainment rate, completed post-secondary non-tertiary education or higher, population 25+ years, urban, adjusted gender parity index (GPIA)",TGO,2022,.321760831398911,,
EA.4T8.AG25T99.URB.M,"Educational attainment rate, completed post-secondary non-tertiary education or higher, population 25+ years, urban, male (%)",TGO,2009,9.649109840393066,,
EA.4T8.AG25T99.URB.M,"Educational attainment rate, completed post-secondary non-tertiary education or higher, population 25+ years, urban, male (%)",TGO,2011,22.76444053649902,,
EA.4T8.AG25T99.URB.M,"Educational attainment rate, completed post-secondary non-tertiary education or higher, population 25+ years, urban, male (%)",TGO,2017,24.6742517709934,,
EA.4T8.AG25T99.URB.M,"Educational attainment rate, completed post-secondary non-tertiary education or higher, population 25+ years, urban, male (%)",TGO,2019,18.7174306719077,,
EA.4T8.AG25T99.URB.M,"Educational attainment rate, completed post-secondary non-tertiary education or higher, population 25+ years, urban, male (%)",TGO,2022,20.448313059157,,
EA.5T8.AG25T99,"Educational attainment rate, completed short-cycle tertiary education or higher, population 25+ years, both sexes (%)",TGO,2006,11.4492650884845,,
EA.5T8.AG25T99,"Educational attainment rate, completed short-cycle tertiary education or higher, population 25+ years, both sexes (%)",TGO,2009,2.632200002670288,,
EA.5T8.AG25T99,"Educational attainment rate, completed short-cycle tertiary education or higher, population 25+ years, both sexes (%)",TGO,2010,1.55236583526161,,
EA.5T8.AG25T99,"Educational attainment rate, completed short-cycle tertiary education or higher, population 25+ years, both sexes (%)",TGO,2017,4.18319170576141,,
EA.5T8.AG25T99,"Educational attainment rate, completed short-cycle tertiary education or higher, population 25+ years, both sexes (%)",TGO,2019,6.05524697368842,,
EA.5T8.AG25T99,"Educational attainment rate, completed short-cycle tertiary education or higher, population 25+ years, both sexes (%)",TGO,2022,6.40779577131881,,
EA.5T8.AG25T99.F,"Educational attainment rate, completed short-cycle tertiary education or higher, population 25+ years, female (%)",TGO,2006,4.51187299462781,,
EA.5T8.AG25T99.F,"Educational attainment rate, completed short-cycle tertiary education or higher, population 25+ years, female (%)",TGO,2009,.9635699987411499,,
EA.5T8.AG25T99.F,"Educational attainment rate, completed short-cycle tertiary education or higher, population 25+ years, female (%)",TGO,2010,.450326408522461,,
EA.5T8.AG25T99.F,"Educational attainment rate, completed short-cycle tertiary education or higher, population 25+ years, female (%)",TGO,2011,5.48592417088674,,
EA.5T8.AG25T99.F,"Educational attainment rate, completed short-cycle tertiary education or higher, population 25+ years, female (%)",TGO,2017,1.96781203703358,,
EA.5T8.AG25T99.F,"Educational attainment rate, completed short-cycle tertiary education or higher, population 25+ years, female (%)",TGO,2019,3.02666203722683,,
EA.5T8.AG25T99.F,"Educational attainment rate, completed short-cycle tertiary education or higher, population 25+ years, female (%)",TGO,2022,3.15576539047003,,
EA.5T8.AG25T99.F.LPIA,"Educational attainment rate, completed short-cycle tertiary education or higher, population 25+ years, female, adjusted location parity index (LPIA)",TGO,2006,.0574440200817723,,
EA.5T8.AG25T99.F.LPIA,"Educational attainment rate, completed short-cycle tertiary education or higher, population 25+ years, female, adjusted location parity index (LPIA)",TGO,2009,.1569499969482422,,
EA.5T8.AG25T99.F.LPIA,"Educational attainment rate, completed short-cycle tertiary education or higher, population 25+ years, female, adjusted location parity index (LPIA)",TGO,2011,.160406979256761,,
EA.5T8.AG25T99.GPIA,"Educational attainment rate, completed short-cycle tertiary education or higher, population 25+ years, adjusted gender parity index (GPIA)",TGO,2009,.2109200060367584,,
EA.5T8.AG25T99.GPIA,"Educational attainment rate, completed short-cycle tertiary education or higher, population 25+ years, adjusted gender parity index (GPIA)",TGO,2010,.156824202309567,,
EA.5T8.AG25T99.GPIA,"Educational attainment rate, completed short-cycle tertiary education or higher, population 25+ years, adjusted gender parity index (GPIA)",TGO,2017,.287117384720412,,
EA.5T8.AG25T99.GPIA,"Educational attainment rate, completed short-cycle tertiary education or higher, population 25+ years, adjusted gender parity index (GPIA)",TGO,2019,.31066999180335,,
EA.5T8.AG25T99.GPIA,"Educational attainment rate, completed short-cycle tertiary education or higher, population 25+ years, adjusted gender parity index (GPIA)",TGO,2022,.303143537270991,,
EA.5T8.AG25T99.LPIA,"Educational attainment rate, completed short-cycle tertiary education or higher, population 25+ years, adjusted location parity index (LPIA)",TGO,2009,.1057500019669533,,
EA.5T8.AG25T99.LPIA,"Educational attainment rate, completed short-cycle tertiary education or higher, population 25+ years, adjusted location parity index (LPIA)",TGO,2017,.135211714560668,,
EA.5T8.AG25T99.LPIA,"Educational attainment rate, completed short-cycle tertiary education or higher, population 25+ years, adjusted location parity index (LPIA)",TGO,2019,.124613977359557,,
EA.5T8.AG25T99.LPIA,"Educational attainment rate, completed short-cycle tertiary education or higher, population 25+ years, adjusted location parity index (LPIA)",TGO,2022,.0977572028957064,,
EA.5T8.AG25T99.M,"Educational attainment rate, completed short-cycle tertiary education or higher, population 25+ years, male (%)",TGO,2009,4.568359851837158,,
EA.5T8.AG25T99.M,"Educational attainment rate, completed short-cycle tertiary education or higher, population 25+ years, male (%)",TGO,2010,2.87153642033854,,
EA.5T8.AG25T99.M,"Educational attainment rate, completed short-cycle tertiary education or higher, population 25+ years, male (%)",TGO,2017,6.85368473577379,,
EA.5T8.AG25T99.M,"Educational attainment rate, completed short-cycle tertiary education or higher, population 25+ years, male (%)",TGO,2019,9.742370093931269,,
EA.5T8.AG25T99.M,"Educational attainment rate, completed short-cycle tertiary education or higher, population 25+ years, male (%)",TGO,2022,10.4101358019352,,
EA.5T8.AG25T99.M.LPIA,"Educational attainment rate, completed short-cycle tertiary education or higher, population 25+ years, male, adjusted location parity index (LPIA)",TGO,2009,.0941200032830238,,
EA.5T8.AG25T99.M.LPIA,"Educational attainment rate, completed short-cycle tertiary education or higher, population 25+ years, male, adjusted location parity index (LPIA)",TGO,2017,.165130746617445,,
EA.5T8.AG25T99.M.LPIA,"Educational attainment rate, completed short-cycle tertiary education or higher, population 25+ years, male, adjusted location parity index (LPIA)",TGO,2019,.164425070317344,,
EA.5T8.AG25T99.M.LPIA,"Educational attainment rate, completed short-cycle tertiary education or higher, population 25+ years, male, adjusted location parity index (LPIA)",TGO,2022,.105969230367729,,
EA.5T8.AG25T99.RUR,"Educational attainment rate, completed short-cycle tertiary education or higher, population 25+ years, rural, both sexes (%)",TGO,2006,4.04918860944632,,
EA.5T8.AG25T99.RUR,"Educational attainment rate, completed short-cycle tertiary education or higher, population 25+ years, rural, both sexes (%)",TGO,2009,.5639399886131287,,
EA.5T8.AG25T99.RUR,"Educational attainment rate, completed short-cycle tertiary education or higher, population 25+ years, rural, both sexes (%)",TGO,2011,7.9390973692255,,
EA.5T8.AG25T99.RUR,"Educational attainment rate, completed short-cycle tertiary education or higher, population 25+ years, rural, both sexes (%)",TGO,2017,1.11046610593185,,
EA.5T8.AG25T99.RUR,"Educational attainment rate, completed short-cycle tertiary education or higher, population 25+ years, rural, both sexes (%)",TGO,2019,1.48578680447614,,
EA.5T8.AG25T99.RUR,"Educational attainment rate, completed short-cycle tertiary education or higher, population 25+ years, rural, both sexes (%)",TGO,2022,1.21418656840259,,
EA.5T8.AG25T99.RUR.F,"Educational attainment rate, completed short-cycle tertiary education or higher, population 25+ years, rural, female (%)",TGO,2006,.683365249879723,,
EA.5T8.AG25T99.RUR.F,"Educational attainment rate, completed short-cycle tertiary education or higher, population 25+ years, rural, female (%)",TGO,2009,.289469987154007,,
EA.5T8.AG25T99.RUR.F,"Educational attainment rate, completed short-cycle tertiary education or higher, population 25+ years, rural, female (%)",TGO,2011,1.77062469491902,,
EA.5T8.AG25T99.RUR.GPIA,"Educational attainment rate, completed short-cycle tertiary education or higher, population 25+ years, rural, adjusted gender parity index (GPIA)",TGO,2006,.0851500176905178,,
EA.5T8.AG25T99.RUR.GPIA,"Educational attainment rate, completed short-cycle tertiary education or higher, population 25+ years, rural, adjusted gender parity index (GPIA)",TGO,2009,.3279699981212616,,
EA.5T8.AG25T99.RUR.M,"Educational attainment rate, completed short-cycle tertiary education or higher, population 25+ years, rural, male (%)",TGO,2006,8.02542698656212,,
EA.5T8.AG25T99.RUR.M,"Educational attainment rate, completed short-cycle tertiary education or higher, population 25+ years, rural, male (%)",TGO,2009,.8826000094413757,,
EA.5T8.AG25T99.RUR.M,"Educational attainment rate, completed short-cycle tertiary education or higher, population 25+ years, rural, male (%)",TGO,2017,2.10526859354742,,
EA.5T8.AG25T99.RUR.M,"Educational attainment rate, completed short-cycle tertiary education or higher, population 25+ years, rural, male (%)",TGO,2019,2.93203596251364,,
EA.5T8.AG25T99.RUR.M,"Educational attainment rate, completed short-cycle tertiary education or higher, population 25+ years, rural, male (%)",TGO,2022,2.06727540672583,,
EA.5T8.AG25T99.URB,"Educational attainment rate, completed short-cycle tertiary education or higher, population 25+ years, urban, both sexes (%)",TGO,2009,5.332930088043213,,
EA.5T8.AG25T99.URB,"Educational attainment rate, completed short-cycle tertiary education or higher, population 25+ years, urban, both sexes (%)",TGO,2017,8.21279509353166,,
EA.5T8.AG25T99.URB,"Educational attainment rate, completed short-cycle tertiary education or higher, population 25+ years, urban, both sexes (%)",TGO,2019,11.9231151750264,,
EA.5T8.AG25T99.URB,"Educational attainment rate, completed short-cycle tertiary education or higher, population 25+ years, urban, both sexes (%)",TGO,2022,12.4204307451182,,
EA.5T8.AG25T99.URB.F,"Educational attainment rate, completed short-cycle tertiary education or higher, population 25+ years, urban, female (%)",TGO,2006,11.8961947458925,,
EA.5T8.AG25T99.URB.F,"Educational attainment rate, completed short-cycle tertiary education or higher, population 25+ years, urban, female (%)",TGO,2009,1.844339966773987,,
EA.5T8.AG25T99.URB.F,"Educational attainment rate, completed short-cycle tertiary education or higher, population 25+ years, urban, female (%)",TGO,2011,11.0383270299281,,
EA.5T8.AG25T99.URB.F,"Educational attainment rate, completed short-cycle tertiary education or higher, population 25+ years, urban, female (%)",TGO,2017,4.29698002267705,,
EA.5T8.AG25T99.URB.F,"Educational attainment rate, completed short-cycle tertiary education or higher, population 25+ years, urban, female (%)",TGO,2019,6.65922133194914,,
EA.5T8.AG25T99.URB.F,"Educational attainment rate, completed short-cycle tertiary education or higher, population 25+ years, urban, female (%)",TGO,2022,6.31694962116218,,
EA.5T8.AG25T99.URB.GPIA,"Educational attainment rate, completed short-cycle tertiary education or higher, population 25+ years, urban, adjusted gender parity index (GPIA)",TGO,2009,.1966699957847595,,
EA.5T8.AG25T99.URB.GPIA,"Educational attainment rate, completed short-cycle tertiary education or higher, population 25+ years, urban, adjusted gender parity index (GPIA)",TGO,2017,.337041801468798,,
EA.5T8.AG25T99.URB.GPIA,"Educational attainment rate, completed short-cycle tertiary education or higher, population 25+ years, urban, adjusted gender parity index (GPIA)",TGO,2019,.373441168445219,,
EA.5T8.AG25T99.URB.GPIA,"Educational attainment rate, completed short-cycle tertiary education or higher, population 25+ years, urban, adjusted gender parity index (GPIA)",TGO,2022,.323808955230829,,
EA.5T8.AG25T99.URB.M,"Educational attainment rate, completed short-cycle tertiary education or higher, population 25+ years, urban, male (%)",TGO,2009,9.377799987792969,,
EA.5T8.AG25T99.URB.M,"Educational attainment rate, completed short-cycle tertiary education or higher, population 25+ years, urban, male (%)",TGO,2017,12.7491011617881,,
EA.5T8.AG25T99.URB.M,"Educational attainment rate, completed short-cycle tertiary education or higher, population 25+ years, urban, male (%)",TGO,2019,17.8320493149538,,
EA.5T8.AG25T99.URB.M,"Educational attainment rate, completed short-cycle tertiary education or higher, population 25+ years, urban, male (%)",TGO,2022,19.5082610258851,,
EV1524P.2T5.V,"Proportion of 15- to 24-year-olds enrolled in vocational education, both sexes (%)",TGO,1991,1.030969977378845,,
EV1524P.2T5.V,"Proportion of 15- to 24-year-olds enrolled in vocational education, both sexes (%)",TGO,1999,1.525889992713928,,
EV1524P.2T5.V,"Proportion of 15- to 24-year-olds enrolled in vocational education, both sexes (%)",TGO,2000,1.447239995002747,,UIS_EST
EV1524P.2T5.V,"Proportion of 15- to 24-year-olds enrolled in vocational education, both sexes (%)",TGO,2021,2.856319904327393,,
EV1524P.2T5.V,"Proportion of 15- to 24-year-olds enrolled in vocational education, both sexes (%)",TGO,2023,3.719429969787598,,
EV1524P.2T5.V.F,"Proportion of 15- to 24-year-olds enrolled in vocational education, female (%)",TGO,1991,.5301600098609924,,
EV1524P.2T5.V.F,"Proportion of 15- to 24-year-olds enrolled in vocational education, female (%)",TGO,1999,.7609300017356873,,
EV1524P.2T5.V.F,"Proportion of 15- to 24-year-olds enrolled in vocational education, female (%)",TGO,2000,.8845099806785583,,UIS_EST
EV1524P.2T5.V.F,"Proportion of 15- to 24-year-olds enrolled in vocational education, female (%)",TGO,2021,2.324879884719849,,
EV1524P.2T5.V.F,"Proportion of 15- to 24-year-olds enrolled in vocational education, female (%)",TGO,2023,2.917020082473755,,
EV1524P.2T5.V.GPIA,"Proportion of 15-24 year-olds enrolled in vocational education, adjusted gender parity index (GPIA)",TGO,1991,.3458999991416931,,
EV1524P.2T5.V.GPIA,"Proportion of 15-24 year-olds enrolled in vocational education, adjusted gender parity index (GPIA)",TGO,1999,.3331499993801117,,
EV1524P.2T5.V.GPIA,"Proportion of 15-24 year-olds enrolled in vocational education, adjusted gender parity index (GPIA)",TGO,2000,.4412600100040436,,UIS_EST
EV1524P.2T5.V.GPIA,"Proportion of 15-24 year-olds enrolled in vocational education, adjusted gender parity index (GPIA)",TGO,2021,.6887000203132629,,
EV1524P.2T5.V.GPIA,"Proportion of 15-24 year-olds enrolled in vocational education, adjusted gender parity index (GPIA)",TGO,2023,.6478099822998047,,
EV1524P.2T5.V.M,"Proportion of 15- to 24-year-olds enrolled in vocational education, male (%)",TGO,1991,1.532670021057129,,
EV1524P.2T5.V.M,"Proportion of 15- to 24-year-olds enrolled in vocational education, male (%)",TGO,1999,2.284049987792969,,
EV1524P.2T5.V.M,"Proportion of 15- to 24-year-olds enrolled in vocational education, male (%)",TGO,2000,2.004509925842285,,UIS_EST
EV1524P.2T5.V.M,"Proportion of 15- to 24-year-olds enrolled in vocational education, male (%)",TGO,2021,3.375760078430176,,
EV1524P.2T5.V.M,"Proportion of 15- to 24-year-olds enrolled in vocational education, male (%)",TGO,2023,4.502930164337158,,
GAR.5T8,"Gross attendance ratio for tertiary education, both sexes (%)",TGO,2010,12.69406986236572,,
GAR.5T8,"Gross attendance ratio for tertiary education, both sexes (%)",TGO,2018,16.02071952819824,,
GAR.5T8,"Gross attendance ratio for tertiary education, both sexes (%)",TGO,2021,18.8061695098877,,
GAR.5T8.F,"Gross attendance ratio for tertiary education, female (%)",TGO,2010,6.970059871673584,,
GAR.5T8.F,"Gross attendance ratio for tertiary education, female (%)",TGO,2018,10.49580001831055,,
GAR.5T8.F,"Gross attendance ratio for tertiary education, female (%)",TGO,2021,14.60727024078369,,
GAR.5T8.F.LPIA,"Gross attendance ratio for tertiary education, female, adjusted location parity index (LPIA)",TGO,2010,.0832500010728836,,
GAR.5T8.F.LPIA,"Gross attendance ratio for tertiary education, female, adjusted location parity index (LPIA)",TGO,2018,.0511800013482571,,
GAR.5T8.F.LPIA,"Gross attendance ratio for tertiary education, female, adjusted location parity index (LPIA)",TGO,2021,.1000000014901161,,
GAR.5T8.GPIA,"Gross attendance ratio for tertiary education, adjusted gender parity index (GPIA)",TGO,2010,.3609600067138672,,
GAR.5T8.GPIA,"Gross attendance ratio for tertiary education, adjusted gender parity index (GPIA)",TGO,2018,.4681099951267242,,
GAR.5T8.GPIA,"Gross attendance ratio for tertiary education, adjusted gender parity index (GPIA)",TGO,2021,.6151700019836426,,
GAR.5T8.LPIA,"Gross attendance ratio for tertiary education, adjusted location parity index (LPIA)",TGO,2010,.1193199977278709,,
GAR.5T8.LPIA,"Gross attendance ratio for tertiary education, adjusted location parity index (LPIA)",TGO,2018,.0719799995422363,,
GAR.5T8.LPIA,"Gross attendance ratio for tertiary education, adjusted location parity index (LPIA)",TGO,2021,.1101500019431114,,
GAR.5T8.M,"Gross attendance ratio for tertiary education, male (%)",TGO,2010,19.30954933166504,,
GAR.5T8.M,"Gross attendance ratio for tertiary education, male (%)",TGO,2018,22.42149925231934,,
GAR.5T8.M,"Gross attendance ratio for tertiary education, male (%)",TGO,2021,23.74490928649902,,
GAR.5T8.M.LPIA,"Gross attendance ratio for tertiary education, male, adjusted location parity index (LPIA)",TGO,2010,.1420599967241287,,
GAR.5T8.M.LPIA,"Gross attendance ratio for tertiary education, male, adjusted location parity index (LPIA)",TGO,2018,.086949996650219,,
GAR.5T8.M.LPIA,"Gross attendance ratio for tertiary education, male, adjusted location parity index (LPIA)",TGO,2021,.1177899986505508,,
GAR.5T8.RUR,"Gross attendance ratio for tertiary education, rural, both sexes (%)",TGO,2010,2.746500015258789,,
GAR.5T8.RUR,"Gross attendance ratio for tertiary education, rural, both sexes (%)",TGO,2018,2.080029964447021,,
GAR.5T8.RUR,"Gross attendance ratio for tertiary education, rural, both sexes (%)",TGO,2021,3.467940092086792,,
GAR.5T8.RUR.F,"Gross attendance ratio for tertiary education, rural, female (%)",TGO,2010,1.116310000419617,,
GAR.5T8.RUR.F,"Gross attendance ratio for tertiary education, rural, female (%)",TGO,2018,1.008350014686584,,
GAR.5T8.RUR.F,"Gross attendance ratio for tertiary education, rural, female (%)",TGO,2021,2.466949939727783,,
GAR.5T8.RUR.GPIA,"Gross attendance ratio for tertiary education, rural, adjusted gender parity index (GPIA)",TGO,2010,.2349999994039536,,
GAR.5T8.RUR.GPIA,"Gross attendance ratio for tertiary education, rural, adjusted gender parity index (GPIA)",TGO,2018,.29721999168396,,
GAR.5T8.RUR.GPIA,"Gross attendance ratio for tertiary education, rural, adjusted gender parity index (GPIA)",TGO,2021,.5305899977684021,,
GAR.5T8.RUR.M,"Gross attendance ratio for tertiary education, rural, male (%)",TGO,2010,4.75029993057251,,
GAR.5T8.RUR.M,"Gross attendance ratio for tertiary education, rural, male (%)",TGO,2018,3.392620086669922,,
GAR.5T8.RUR.M,"Gross attendance ratio for tertiary education, rural, male (%)",TGO,2021,4.649479866027832,,
GAR.5T8.URB,"Gross attendance ratio for tertiary education, urban, both sexes (%)",TGO,2010,23.01807975769043,,
GAR.5T8.URB,"Gross attendance ratio for tertiary education, urban, both sexes (%)",TGO,2018,28.89578056335449,,
GAR.5T8.URB,"Gross attendance ratio for tertiary education, urban, both sexes (%)",TGO,2021,31.4824104309082,,
GAR.5T8.URB.F,"Gross attendance ratio for tertiary education, urban, female (%)",TGO,2010,13.40898036956787,,
GAR.5T8.URB.F,"Gross attendance ratio for tertiary education, urban, female (%)",TGO,2018,19.70182037353516,,
GAR.5T8.URB.F,"Gross attendance ratio for tertiary education, urban, female (%)",TGO,2021,24.6705493927002,,
GAR.5T8.URB.GPIA,"Gross attendance ratio for tertiary education, urban, adjusted gender parity index (GPIA)",TGO,2010,.4009999930858612,,
GAR.5T8.URB.GPIA,"Gross attendance ratio for tertiary education, urban, adjusted gender parity index (GPIA)",TGO,2018,.5049700140953064,,
GAR.5T8.URB.GPIA,"Gross attendance ratio for tertiary education, urban, adjusted gender parity index (GPIA)",TGO,2021,.625029981136322,,
GAR.5T8.URB.M,"Gross attendance ratio for tertiary education, urban, male (%)",TGO,2010,33.43891906738281,,
GAR.5T8.URB.M,"Gross attendance ratio for tertiary education, urban, male (%)",TGO,2018,39.01604843139648,,
GAR.5T8.URB.M,"Gross attendance ratio for tertiary education, urban, male (%)",TGO,2021,39.47106170654297,,
GER.5T8,"Gross enrolment ratio for tertiary education, both sexes (%)",TGO,1971,.4363200068473816,,
GER.5T8,"Gross enrolment ratio for tertiary education, both sexes (%)",TGO,1972,.6738799810409546,,
GER.5T8,"Gross enrolment ratio for tertiary education, both sexes (%)",TGO,1973,.6815999746322632,,
GER.5T8,"Gross enrolment ratio for tertiary education, both sexes (%)",TGO,1974,.6628100275993347,,
GER.5T8,"Gross enrolment ratio for tertiary education, both sexes (%)",TGO,1975,.714460015296936,,
GER.5T8,"Gross enrolment ratio for tertiary education, both sexes (%)",TGO,1976,1.016950011253357,,
GER.5T8,"Gross enrolment ratio for tertiary education, both sexes (%)",TGO,1977,1.175770044326782,,
GER.5T8,"Gross enrolment ratio for tertiary education, both sexes (%)",TGO,1978,1.306270003318787,,
GER.5T8,"Gross enrolment ratio for tertiary education, both sexes (%)",TGO,1979,1.281769990921021,,
GER.5T8,"Gross enrolment ratio for tertiary education, both sexes (%)",TGO,1980,1.436210036277771,,
GER.5T8,"Gross enrolment ratio for tertiary education, both sexes (%)",TGO,1981,1.819980025291443,,
GER.5T8,"Gross enrolment ratio for tertiary education, both sexes (%)",TGO,1982,1.594720005989075,,
GER.5T8,"Gross enrolment ratio for tertiary education, both sexes (%)",TGO,1983,1.438689947128296,,
GER.5T8,"Gross enrolment ratio for tertiary education, both sexes (%)",TGO,1984,1.453520059585571,,
GER.5T8,"Gross enrolment ratio for tertiary education, both sexes (%)",TGO,1987,1.91431999206543,,
GER.5T8,"Gross enrolment ratio for tertiary education, both sexes (%)",TGO,1988,2.105690002441406,,
GER.5T8,"Gross enrolment ratio for tertiary education, both sexes (%)",TGO,1989,2.137840032577515,,
GER.5T8,"Gross enrolment ratio for tertiary education, both sexes (%)",TGO,1990,2.165689945220947,,
GER.5T8,"Gross enrolment ratio for tertiary education, both sexes (%)",TGO,1991,2.394350051879883,,
GER.5T8,"Gross enrolment ratio for tertiary education, both sexes (%)",TGO,1992,2.632550001144409,,
GER.5T8,"Gross enrolment ratio for tertiary education, both sexes (%)",TGO,1993,2.216120004653931,,
GER.5T8,"Gross enrolment ratio for tertiary education, both sexes (%)",TGO,1994,2.389790058135986,,
GER.5T8,"Gross enrolment ratio for tertiary education, both sexes (%)",TGO,1995,2.710319995880127,,
GER.5T8,"Gross enrolment ratio for tertiary education, both sexes (%)",TGO,1996,2.695240020751953,,
GER.5T8,"Gross enrolment ratio for tertiary education, both sexes (%)",TGO,1998,3.072870016098022,,
GER.5T8,"Gross enrolment ratio for tertiary education, both sexes (%)",TGO,2006,4.950709819793701,,UIS_EST
GER.5T8,"Gross enrolment ratio for tertiary education, both sexes (%)",TGO,2007,5.562839984893799,,
GER.5T8,"Gross enrolment ratio for tertiary education, both sexes (%)",TGO,2010,8.906782709454792,,
GER.5T8,"Gross enrolment ratio for tertiary education, both sexes (%)",TGO,2011,9.669680810436285,,
GER.5T8,"Gross enrolment ratio for tertiary education, both sexes (%)",TGO,2012,10.70791377456252,,
GER.5T8,"Gross enrolment ratio for tertiary education, both sexes (%)",TGO,2013,10.83978656778779,,
GER.5T8,"Gross enrolment ratio for tertiary education, both sexes (%)",TGO,2014,10.53849451756318,,
GER.5T8,"Gross enrolment ratio for tertiary education, both sexes (%)",TGO,2015,10.81464722158174,,
GER.5T8,"Gross enrolment ratio for tertiary education, both sexes (%)",TGO,2016,12.09133404639423,,
GER.5T8,"Gross enrolment ratio for tertiary education, both sexes (%)",TGO,2017,12.30686534326716,,
GER.5T8,"Gross enrolment ratio for tertiary education, both sexes (%)",TGO,2018,12.90315996031849,,
GER.5T8,"Gross enrolment ratio for tertiary education, both sexes (%)",TGO,2019,13.15514721236166,,
GER.5T8,"Gross enrolment ratio for tertiary education, both sexes (%)",TGO,2020,14.90298977652516,,
GER.5T8.F,"Gross enrolment ratio for tertiary education, female (%)",TGO,1972,.1500200033187866,,
GER.5T8.F,"Gross enrolment ratio for tertiary education, female (%)",TGO,1973,.1430300027132034,,
GER.5T8.F,"Gross enrolment ratio for tertiary education, female (%)",TGO,1974,.1683900058269501,,
GER.5T8.F,"Gross enrolment ratio for tertiary education, female (%)",TGO,1975,.1877100020647049,,
GER.5T8.F,"Gross enrolment ratio for tertiary education, female (%)",TGO,1976,.2774499952793121,,
GER.5T8.F,"Gross enrolment ratio for tertiary education, female (%)",TGO,1977,.3744300007820129,,
GER.5T8.F,"Gross enrolment ratio for tertiary education, female (%)",TGO,1978,.5025500059127808,,
GER.5T8.F,"Gross enrolment ratio for tertiary education, female (%)",TGO,1979,.4188100099563599,,
GER.5T8.F,"Gross enrolment ratio for tertiary education, female (%)",TGO,1980,.4567199945449829,,
GER.5T8.F,"Gross enrolment ratio for tertiary education, female (%)",TGO,1981,.5355600118637085,,
GER.5T8.F,"Gross enrolment ratio for tertiary education, female (%)",TGO,1982,.4639300107955933,,
GER.5T8.F,"Gross enrolment ratio for tertiary education, female (%)",TGO,1983,.4044300019741058,,
GER.5T8.F,"Gross enrolment ratio for tertiary education, female (%)",TGO,1984,.4515799880027771,,
GER.5T8.F,"Gross enrolment ratio for tertiary education, female (%)",TGO,1987,.4932399988174438,,
GER.5T8.F,"Gross enrolment ratio for tertiary education, female (%)",TGO,1988,.5196999907493591,,
GER.5T8.F,"Gross enrolment ratio for tertiary education, female (%)",TGO,1990,.5694699883460999,,
GER.5T8.F,"Gross enrolment ratio for tertiary education, female (%)",TGO,1991,.6668300032615662,,
GER.5T8.F,"Gross enrolment ratio for tertiary education, female (%)",TGO,1992,.6266199946403503,,
GER.5T8.F,"Gross enrolment ratio for tertiary education, female (%)",TGO,1993,.5418199896812439,,
GER.5T8.F,"Gross enrolment ratio for tertiary education, female (%)",TGO,1994,.5781300067901611,,
GER.5T8.F,"Gross enrolment ratio for tertiary education, female (%)",TGO,1995,.7224699854850769,,
GER.5T8.F,"Gross enrolment ratio for tertiary education, female (%)",TGO,1996,.8102200031280518,,
GER.5T8.F,"Gross enrolment ratio for tertiary education, female (%)",TGO,1998,1.04601001739502,,
GER.5T8.F,"Gross enrolment ratio for tertiary education, female (%)",TGO,2011,4.989483892093398,,
GER.5T8.F,"Gross enrolment ratio for tertiary education, female (%)",TGO,2012,5.585300897709282,,
GER.5T8.F,"Gross enrolment ratio for tertiary education, female (%)",TGO,2013,6.145611444616576,,
GER.5T8.F,"Gross enrolment ratio for tertiary education, female (%)",TGO,2014,6.272214277661411,,
GER.5T8.F,"Gross enrolment ratio for tertiary education, female (%)",TGO,2015,6.515977585945783,,
GER.5T8.F,"Gross enrolment ratio for tertiary education, female (%)",TGO,2016,7.500271666085206,,
GER.5T8.F,"Gross enrolment ratio for tertiary education, female (%)",TGO,2017,7.803278320296049,,
GER.5T8.F,"Gross enrolment ratio for tertiary education, female (%)",TGO,2018,8.59217237717411,,
GER.5T8.F,"Gross enrolment ratio for tertiary education, female (%)",TGO,2019,9.097265737406444,,
GER.5T8.F,"Gross enrolment ratio for tertiary education, female (%)",TGO,2020,10.78602837641889,,
GER.5T8.GPIA,"Gross enrolment ratio for tertiary education, adjusted gender parity index (GPIA)",TGO,1972,.1246799975633621,,
GER.5T8.GPIA,"Gross enrolment ratio for tertiary education, adjusted gender parity index (GPIA)",TGO,1973,.1166300028562546,,
GER.5T8.GPIA,"Gross enrolment ratio for tertiary education, adjusted gender parity index (GPIA)",TGO,1974,.1447499990463257,,
GER.5T8.GPIA,"Gross enrolment ratio for tertiary education, adjusted gender parity index (GPIA)",TGO,1975,.1504400074481964,,
GER.5T8.GPIA,"Gross enrolment ratio for tertiary education, adjusted gender parity index (GPIA)",TGO,1976,.1571300029754639,,
GER.5T8.GPIA,"Gross enrolment ratio for tertiary education, adjusted gender parity index (GPIA)",TGO,1977,.188400000333786,,
GER.5T8.GPIA,"Gross enrolment ratio for tertiary education, adjusted gender parity index (GPIA)",TGO,1978,.2370100021362305,,
GER.5T8.GPIA,"Gross enrolment ratio for tertiary education, adjusted gender parity index (GPIA)",TGO,1979,.1942899972200394,,
GER.5T8.GPIA,"Gross enrolment ratio for tertiary education, adjusted gender parity index (GPIA)",TGO,1980,.1881199926137924,,
GER.5T8.GPIA,"Gross enrolment ratio for tertiary education, adjusted gender parity index (GPIA)",TGO,1981,.1716800034046173,,
GER.5T8.GPIA,"Gross enrolment ratio for tertiary education, adjusted gender parity index (GPIA)",TGO,1982,.1694300025701523,,
GER.5T8.GPIA,"Gross enrolment ratio for tertiary education, adjusted gender parity index (GPIA)",TGO,1983,.1628099977970123,,
GER.5T8.GPIA,"Gross enrolment ratio for tertiary education, adjusted gender parity index (GPIA)",TGO,1984,.1831499934196472,,
GER.5T8.GPIA,"Gross enrolment ratio for tertiary education, adjusted gender parity index (GPIA)",TGO,1987,.1473599970340729,,
GER.5T8.GPIA,"Gross enrolment ratio for tertiary education, adjusted gender parity index (GPIA)",TGO,1988,.1403200030326843,,
GER.5T8.GPIA,"Gross enrolment ratio for tertiary education, adjusted gender parity index (GPIA)",TGO,1990,.1509899944067001,,
GER.5T8.GPIA,"Gross enrolment ratio for tertiary education, adjusted gender parity index (GPIA)",TGO,1991,.1614499986171722,,
GER.5T8.GPIA,"Gross enrolment ratio for tertiary education, adjusted gender parity index (GPIA)",TGO,1992,.134880006313324,,
GER.5T8.GPIA,"Gross enrolment ratio for tertiary education, adjusted gender parity index (GPIA)",TGO,1993,.1391600072383881,,
GER.5T8.GPIA,"Gross enrolment ratio for tertiary education, adjusted gender parity index (GPIA)",TGO,1994,.1376399993896484,,
GER.5T8.GPIA,"Gross enrolment ratio for tertiary education, adjusted gender parity index (GPIA)",TGO,1995,.1539700031280518,,
GER.5T8.GPIA,"Gross enrolment ratio for tertiary education, adjusted gender parity index (GPIA)",TGO,1996,.1772599965333939,,
GER.5T8.GPIA,"Gross enrolment ratio for tertiary education, adjusted gender parity index (GPIA)",TGO,1998,.2057500034570694,,
GER.5T8.GPIA,"Gross enrolment ratio for tertiary education, adjusted gender parity index (GPIA)",TGO,2011,.3499271636561305,,
GER.5T8.GPIA,"Gross enrolment ratio for tertiary education, adjusted gender parity index (GPIA)",TGO,2012,.3550990835735405,,
GER.5T8.GPIA,"Gross enrolment ratio for tertiary education, adjusted gender parity index (GPIA)",TGO,2013,.398035504489371,,
GER.5T8.GPIA,"Gross enrolment ratio for tertiary education, adjusted gender parity index (GPIA)",TGO,2014,.4261488672038599,,
GER.5T8.GPIA,"Gross enrolment ratio for tertiary education, adjusted gender parity index (GPIA)",TGO,2015,.4336776971520917,,
GER.5T8.GPIA,"Gross enrolment ratio for tertiary education, adjusted gender parity index (GPIA)",TGO,2016,.4521789511013787,,
GER.5T8.GPIA,"Gross enrolment ratio for tertiary education, adjusted gender parity index (GPIA)",TGO,2017,.4668211521539185,,
GER.5T8.GPIA,"Gross enrolment ratio for tertiary education, adjusted gender parity index (GPIA)",TGO,2018,.5018032433067202,,
GER.5T8.GPIA,"Gross enrolment ratio for tertiary education, adjusted gender parity index (GPIA)",TGO,2019,.5312122185180455,,
GER.5T8.GPIA,"Gross enrolment ratio for tertiary education, adjusted gender parity index (GPIA)",TGO,2020,.5698151502270662,,
GER.5T8.M,"Gross enrolment ratio for tertiary education, male (%)",TGO,1972,1.203279972076416,,
GER.5T8.M,"Gross enrolment ratio for tertiary education, male (%)",TGO,1973,1.226310014724731,,
GER.5T8.M,"Gross enrolment ratio for tertiary education, male (%)",TGO,1974,1.163310050964355,,
GER.5T8.M,"Gross enrolment ratio for tertiary education, male (%)",TGO,1975,1.247769951820374,,
GER.5T8.M,"Gross enrolment ratio for tertiary education, male (%)",TGO,1976,1.765799999237061,,
GER.5T8.M,"Gross enrolment ratio for tertiary education, male (%)",TGO,1977,1.987400054931641,,
GER.5T8.M,"Gross enrolment ratio for tertiary education, male (%)",TGO,1978,2.120330095291138,,
GER.5T8.M,"Gross enrolment ratio for tertiary education, male (%)",TGO,1979,2.155630111694336,,
GER.5T8.M,"Gross enrolment ratio for tertiary education, male (%)",TGO,1980,2.427809953689575,,
GER.5T8.M,"Gross enrolment ratio for tertiary education, male (%)",TGO,1981,3.119600057601929,,
GER.5T8.M,"Gross enrolment ratio for tertiary education, male (%)",TGO,1982,2.738250017166138,,
GER.5T8.M,"Gross enrolment ratio for tertiary education, male (%)",TGO,1983,2.483989953994751,,
GER.5T8.M,"Gross enrolment ratio for tertiary education, male (%)",TGO,1984,2.465569972991943,,
GER.5T8.M,"Gross enrolment ratio for tertiary education, male (%)",TGO,1987,3.347170114517212,,
GER.5T8.M,"Gross enrolment ratio for tertiary education, male (%)",TGO,1988,3.70376992225647,,
GER.5T8.M,"Gross enrolment ratio for tertiary education, male (%)",TGO,1990,3.771490097045898,,
GER.5T8.M,"Gross enrolment ratio for tertiary education, male (%)",TGO,1991,4.130340099334717,,
GER.5T8.M,"Gross enrolment ratio for tertiary education, male (%)",TGO,1992,4.645750045776367,,
GER.5T8.M,"Gross enrolment ratio for tertiary education, male (%)",TGO,1993,3.893369913101196,,
GER.5T8.M,"Gross enrolment ratio for tertiary education, male (%)",TGO,1994,4.200379848480225,,
GER.5T8.M,"Gross enrolment ratio for tertiary education, male (%)",TGO,1995,4.69242000579834,,
GER.5T8.M,"Gross enrolment ratio for tertiary education, male (%)",TGO,1996,4.570779800415039,,
GER.5T8.M,"Gross enrolment ratio for tertiary education, male (%)",TGO,1998,5.08381986618042,,
GER.5T8.M,"Gross enrolment ratio for tertiary education, male (%)",TGO,2011,14.2586355399277,,
GER.5T8.M,"Gross enrolment ratio for tertiary education, male (%)",TGO,2012,15.72885190663291,,
GER.5T8.M,"Gross enrolment ratio for tertiary education, male (%)",TGO,2013,15.43985743809617,,
GER.5T8.M,"Gross enrolment ratio for tertiary education, male (%)",TGO,2014,14.71836430967427,,
GER.5T8.M,"Gross enrolment ratio for tertiary education, male (%)",TGO,2015,15.024931253637,,
GER.5T8.M,"Gross enrolment ratio for tertiary education, male (%)",TGO,2016,16.58695445202986,,
GER.5T8.M,"Gross enrolment ratio for tertiary education, male (%)",TGO,2017,16.71577708998752,,
GER.5T8.M,"Gross enrolment ratio for tertiary education, male (%)",TGO,2018,17.12259235423527,,
GER.5T8.M,"Gross enrolment ratio for tertiary education, male (%)",TGO,2019,17.12548284899325,,
GER.5T8.M,"Gross enrolment ratio for tertiary education, male (%)",TGO,2020,18.92899543320453,,
NER.0.CP,"Net enrolment rate, early childhood education, both sexes (%)",TGO,1999,2.481110095977783,,
NER.0.CP,"Net enrolment rate, early childhood education, both sexes (%)",TGO,2000,2.0450599193573,,
NER.0.CP,"Net enrolment rate, early childhood education, both sexes (%)",TGO,2001,2.232759952545166,,
NER.0.CP,"Net enrolment rate, early childhood education, both sexes (%)",TGO,2002,2.522650003433228,,
NER.0.CP,"Net enrolment rate, early childhood education, both sexes (%)",TGO,2003,2.598629951477051,,
NER.0.CP,"Net enrolment rate, early childhood education, both sexes (%)",TGO,2007,4.111680030822754,,
NER.0.CP,"Net enrolment rate, early childhood education, both sexes (%)",TGO,2008,4.641870021820068,,
NER.0.CP,"Net enrolment rate, early childhood education, both sexes (%)",TGO,2009,7.121019840240479,,
NER.0.CP,"Net enrolment rate, early childhood education, both sexes (%)",TGO,2010,7.20858509038043,,
NER.0.CP,"Net enrolment rate, early childhood education, both sexes (%)",TGO,2011,8.917117079223539,,
NER.0.CP,"Net enrolment rate, early childhood education, both sexes (%)",TGO,2012,10.30544181900773,,
NER.0.CP,"Net enrolment rate, early childhood education, both sexes (%)",TGO,2013,13.0788579084993,,
NER.0.CP,"Net enrolment rate, early childhood education, both sexes (%)",TGO,2014,14.20228333377277,,
NER.0.CP,"Net enrolment rate, early childhood education, both sexes (%)",TGO,2018,19.42113573681299,,
NER.0.CP,"Net enrolment rate, early childhood education, both sexes (%)",TGO,2019,21.39298218614136,,
NER.0.CP,"Net enrolment rate, early childhood education, both sexes (%)",TGO,2020,25.60285755154145,,
NER.0.CP,"Net enrolment rate, early childhood education, both sexes (%)",TGO,2021,24.89984612119283,,
NER.0.CP,"Net enrolment rate, early childhood education, both sexes (%)",TGO,2022,27.73340965434684,,
NER.0.CP,"Net enrolment rate, early childhood education, both sexes (%)",TGO,2023,29.22285652318728,,
NER.0.CP,"Net enrolment rate, early childhood education, both sexes (%)",TGO,2024,27.63125160272971,,
NER.0.F.CP,"Net enrolment rate, early childhood education, female (%)",TGO,1999,2.480979919433594,,
NER.0.F.CP,"Net enrolment rate, early childhood education, female (%)",TGO,2000,2.101140022277832,,
NER.0.F.CP,"Net enrolment rate, early childhood education, female (%)",TGO,2001,2.23173999786377,,
NER.0.F.CP,"Net enrolment rate, early childhood education, female (%)",TGO,2002,2.559710025787354,,
NER.0.F.CP,"Net enrolment rate, early childhood education, female (%)",TGO,2003,2.584759950637817,,
NER.0.F.CP,"Net enrolment rate, early childhood education, female (%)",TGO,2007,4.152029991149902,,
NER.0.F.CP,"Net enrolment rate, early childhood education, female (%)",TGO,2008,4.731929779052734,,
NER.0.F.CP,"Net enrolment rate, early childhood education, female (%)",TGO,2009,7.297160148620605,,
NER.0.F.CP,"Net enrolment rate, early childhood education, female (%)",TGO,2010,7.330628803245435,,
NER.0.F.CP,"Net enrolment rate, early childhood education, female (%)",TGO,2011,9.057861352756055,,
NER.0.F.CP,"Net enrolment rate, early childhood education, female (%)",TGO,2012,10.52330748672338,,
NER.0.F.CP,"Net enrolment rate, early childhood education, female (%)",TGO,2013,13.38534630621879,,
NER.0.F.CP,"Net enrolment rate, early childhood education, female (%)",TGO,2014,14.47568915362238,,
NER.0.F.CP,"Net enrolment rate, early childhood education, female (%)",TGO,2018,19.74678712661485,,
NER.0.F.CP,"Net enrolment rate, early childhood education, female (%)",TGO,2019,21.79474049860361,,
NER.0.F.CP,"Net enrolment rate, early childhood education, female (%)",TGO,2020,26.15532681924212,,
NER.0.F.CP,"Net enrolment rate, early childhood education, female (%)",TGO,2021,25.51958449279197,,
NER.0.F.CP,"Net enrolment rate, early childhood education, female (%)",TGO,2022,28.48123936598908,,
NER.0.F.CP,"Net enrolment rate, early childhood education, female (%)",TGO,2023,29.6976241900648,,
NER.0.F.CP,"Net enrolment rate, early childhood education, female (%)",TGO,2024,28.21430132941718,,
NER.0.GPIA.CP,"Net enrolment rate, early childhood education, adjusted gender parity index (GPIA)",TGO,1999,.9998900294303894,,
NER.0.GPIA.CP,"Net enrolment rate, early childhood education, adjusted gender parity index (GPIA)",TGO,2000,1.053200006484985,,
NER.0.GPIA.CP,"Net enrolment rate, early childhood education, adjusted gender parity index (GPIA)",TGO,2001,.9990900158882141,,
NER.0.GPIA.CP,"Net enrolment rate, early childhood education, adjusted gender parity index (GPIA)",TGO,2002,1.028859972953796,,
NER.0.GPIA.CP,"Net enrolment rate, early childhood education, adjusted gender parity index (GPIA)",TGO,2003,.9894199967384338,,
NER.0.GPIA.CP,"Net enrolment rate, early childhood education, adjusted gender parity index (GPIA)",TGO,2007,1.019340038299561,,
NER.0.GPIA.CP,"Net enrolment rate, early childhood education, adjusted gender parity index (GPIA)",TGO,2008,1.037870049476624,,
NER.0.GPIA.CP,"Net enrolment rate, early childhood education, adjusted gender parity index (GPIA)",TGO,2009,1.048009991645813,,
NER.0.GPIA.CP,"Net enrolment rate, early childhood education, adjusted gender parity index (GPIA)",TGO,2010,1.033108566965713,,
NER.0.GPIA.CP,"Net enrolment rate, early childhood education, adjusted gender parity index (GPIA)",TGO,2011,1.030896820227714,,
NER.0.GPIA.CP,"Net enrolment rate, early childhood education, adjusted gender parity index (GPIA)",TGO,2012,1.041163485387248,,
NER.0.GPIA.CP,"Net enrolment rate, early childhood education, adjusted gender parity index (GPIA)",TGO,2013,1.045524047267501,,
NER.0.GPIA.CP,"Net enrolment rate, early childhood education, adjusted gender parity index (GPIA)",TGO,2014,1.037548973174918,,
NER.0.GPIA.CP,"Net enrolment rate, early childhood education, adjusted gender parity index (GPIA)",TGO,2018,1.032757155739587,,
NER.0.GPIA.CP,"Net enrolment rate, early childhood education, adjusted gender parity index (GPIA)",TGO,2019,1.036607392623898,,
NER.0.GPIA.CP,"Net enrolment rate, early childhood education, adjusted gender parity index (GPIA)",TGO,2020,1.041938636127847,,
NER.0.GPIA.CP,"Net enrolment rate, early childhood education, adjusted gender parity index (GPIA)",TGO,2021,1.048208563282866,,
NER.0.GPIA.CP,"Net enrolment rate, early childhood education, adjusted gender parity index (GPIA)",TGO,2022,1.052116564054056,,
NER.0.GPIA.CP,"Net enrolment rate, early childhood education, adjusted gender parity index (GPIA)",TGO,2023,1.031726628959845,,
NER.0.GPIA.CP,"Net enrolment rate, early childhood education, adjusted gender parity index (GPIA)",TGO,2024,1.041006508033804,,
NER.0.M.CP,"Net enrolment rate, early childhood education, male (%)",TGO,1999,2.481240034103394,,
NER.0.M.CP,"Net enrolment rate, early childhood education, male (%)",TGO,2000,1.989359974861145,,
NER.0.M.CP,"Net enrolment rate, early childhood education, male (%)",TGO,2001,2.233760118484497,,
NER.0.M.CP,"Net enrolment rate, early childhood education, male (%)",TGO,2002,2.485830068588257,,
NER.0.M.CP,"Net enrolment rate, early childhood education, male (%)",TGO,2003,2.612390041351318,,
NER.0.M.CP,"Net enrolment rate, early childhood education, male (%)",TGO,2007,4.07174015045166,,
NER.0.M.CP,"Net enrolment rate, early childhood education, male (%)",TGO,2008,4.552750110626221,,
NER.0.M.CP,"Net enrolment rate, early childhood education, male (%)",TGO,2009,6.946809768676758,,
NER.0.M.CP,"Net enrolment rate, early childhood education, male (%)",TGO,2010,7.087922188612398,,
NER.0.M.CP,"Net enrolment rate, early childhood education, male (%)",TGO,2011,8.778002238892393,,
NER.0.M.CP,"Net enrolment rate, early childhood education, male (%)",TGO,2012,10.09013147276813,,
NER.0.M.CP,"Net enrolment rate, early childhood education, male (%)",TGO,2013,12.77599116828262,,
NER.0.M.CP,"Net enrolment rate, early childhood education, male (%)",TGO,2014,13.93214188990457,,
NER.0.M.CP,"Net enrolment rate, early childhood education, male (%)",TGO,2018,19.09993854535187,,
NER.0.M.CP,"Net enrolment rate, early childhood education, male (%)",TGO,2019,20.99689187603525,,
NER.0.M.CP,"Net enrolment rate, early childhood education, male (%)",TGO,2020,25.05840808496501,,
NER.0.M.CP,"Net enrolment rate, early childhood education, male (%)",TGO,2021,24.28932198881876,,
NER.0.M.CP,"Net enrolment rate, early childhood education, male (%)",TGO,2022,26.9968950302326,,
NER.0.M.CP,"Net enrolment rate, early childhood education, male (%)",TGO,2023,28.75541868639769,,
NER.0.M.CP,"Net enrolment rate, early childhood education, male (%)",TGO,2024,27.05733135528428,,
NER.02.CP,"Net enrolment rate, pre-primary, both sexes (%)",TGO,1999,2.481110095977783,,
NER.02.CP,"Net enrolment rate, pre-primary, both sexes (%)",TGO,2000,2.0450599193573,,
NER.02.CP,"Net enrolment rate, pre-primary, both sexes (%)",TGO,2001,2.232759952545166,,
NER.02.CP,"Net enrolment rate, pre-primary, both sexes (%)",TGO,2002,2.522650003433228,,
NER.02.CP,"Net enrolment rate, pre-primary, both sexes (%)",TGO,2003,2.598629951477051,,
NER.02.CP,"Net enrolment rate, pre-primary, both sexes (%)",TGO,2007,4.111680030822754,,
NER.02.CP,"Net enrolment rate, pre-primary, both sexes (%)",TGO,2008,4.641870021820068,,
NER.02.CP,"Net enrolment rate, pre-primary, both sexes (%)",TGO,2009,7.121019840240479,,
NER.02.CP,"Net enrolment rate, pre-primary, both sexes (%)",TGO,2010,7.20858509038043,,
NER.02.CP,"Net enrolment rate, pre-primary, both sexes (%)",TGO,2011,8.917117079223539,,
NER.02.CP,"Net enrolment rate, pre-primary, both sexes (%)",TGO,2012,10.30544181900773,,
NER.02.CP,"Net enrolment rate, pre-primary, both sexes (%)",TGO,2013,13.0788579084993,,
NER.02.CP,"Net enrolment rate, pre-primary, both sexes (%)",TGO,2014,14.20228333377277,,
NER.02.CP,"Net enrolment rate, pre-primary, both sexes (%)",TGO,2018,21.7044792175293,,
NER.02.CP,"Net enrolment rate, pre-primary, both sexes (%)",TGO,2019,23.66547012329102,,
NER.02.CP,"Net enrolment rate, pre-primary, both sexes (%)",TGO,2020,28.00106048583984,,
NER.02.CP,"Net enrolment rate, pre-primary, both sexes (%)",TGO,2021,27.33126068115234,,
NER.02.CP,"Net enrolment rate, pre-primary, both sexes (%)",TGO,2022,29.8257007598877,,
NER.02.CP,"Net enrolment rate, pre-primary, both sexes (%)",TGO,2023,29.22285652318728,,
NER.02.CP,"Net enrolment rate, pre-primary, both sexes (%)",TGO,2024,27.63125160272971,,
NER.02.F.CP,"Net enrolment rate, pre-primary, female (%)",TGO,1999,2.480979919433594,,
NER.02.F.CP,"Net enrolment rate, pre-primary, female (%)",TGO,2000,2.101140022277832,,
NER.02.F.CP,"Net enrolment rate, pre-primary, female (%)",TGO,2001,2.23173999786377,,
NER.02.F.CP,"Net enrolment rate, pre-primary, female (%)",TGO,2002,2.559710025787354,,
NER.02.F.CP,"Net enrolment rate, pre-primary, female (%)",TGO,2003,2.584759950637817,,
NER.02.F.CP,"Net enrolment rate, pre-primary, female (%)",TGO,2007,4.152029991149902,,
NER.02.F.CP,"Net enrolment rate, pre-primary, female (%)",TGO,2008,4.731929779052734,,
NER.02.F.CP,"Net enrolment rate, pre-primary, female (%)",TGO,2009,7.297160148620605,,
NER.02.F.CP,"Net enrolment rate, pre-primary, female (%)",TGO,2010,7.330628803245435,,
NER.02.F.CP,"Net enrolment rate, pre-primary, female (%)",TGO,2011,9.057861352756055,,
NER.02.F.CP,"Net enrolment rate, pre-primary, female (%)",TGO,2012,10.52330748672338,,
NER.02.F.CP,"Net enrolment rate, pre-primary, female (%)",TGO,2013,13.38534630621879,,
NER.02.F.CP,"Net enrolment rate, pre-primary, female (%)",TGO,2014,14.47568915362238,,
NER.02.F.CP,"Net enrolment rate, pre-primary, female (%)",TGO,2018,22.11108016967773,,
NER.02.F.CP,"Net enrolment rate, pre-primary, female (%)",TGO,2019,24.12417984008789,,
NER.02.F.CP,"Net enrolment rate, pre-primary, female (%)",TGO,2020,28.62149047851563,,
NER.02.F.CP,"Net enrolment rate, pre-primary, female (%)",TGO,2021,28.0232105255127,,
NER.02.F.CP,"Net enrolment rate, pre-primary, female (%)",TGO,2022,30.65229034423828,,
NER.02.F.CP,"Net enrolment rate, pre-primary, female (%)",TGO,2023,29.6976241900648,,
NER.02.F.CP,"Net enrolment rate, pre-primary, female (%)",TGO,2024,28.21430132941718,,
NER.02.GPIA.CP,"Net enrolment rate, pre-primary, adjusted gender parity index (GPIA)",TGO,1999,.9998900294303894,,
NER.02.GPIA.CP,"Net enrolment rate, pre-primary, adjusted gender parity index (GPIA)",TGO,2000,1.053200006484985,,
NER.02.GPIA.CP,"Net enrolment rate, pre-primary, adjusted gender parity index (GPIA)",TGO,2001,.9990900158882141,,
NER.02.GPIA.CP,"Net enrolment rate, pre-primary, adjusted gender parity index (GPIA)",TGO,2002,1.028859972953796,,
NER.02.GPIA.CP,"Net enrolment rate, pre-primary, adjusted gender parity index (GPIA)",TGO,2003,.9894199967384338,,
NER.02.GPIA.CP,"Net enrolment rate, pre-primary, adjusted gender parity index (GPIA)",TGO,2007,1.019340038299561,,
NER.02.GPIA.CP,"Net enrolment rate, pre-primary, adjusted gender parity index (GPIA)",TGO,2008,1.037870049476624,,
NER.02.GPIA.CP,"Net enrolment rate, pre-primary, adjusted gender parity index (GPIA)",TGO,2009,1.048009991645813,,
NER.02.GPIA.CP,"Net enrolment rate, pre-primary, adjusted gender parity index (GPIA)",TGO,2010,1.033108566965713,,
NER.02.GPIA.CP,"Net enrolment rate, pre-primary, adjusted gender parity index (GPIA)",TGO,2011,1.030896820227714,,
NER.02.GPIA.CP,"Net enrolment rate, pre-primary, adjusted gender parity index (GPIA)",TGO,2012,1.041163485387248,,
NER.02.GPIA.CP,"Net enrolment rate, pre-primary, adjusted gender parity index (GPIA)",TGO,2013,1.045524047267501,,
NER.02.GPIA.CP,"Net enrolment rate, pre-primary, adjusted gender parity index (GPIA)",TGO,2014,1.037548973174918,,
NER.02.GPIA.CP,"Net enrolment rate, pre-primary, adjusted gender parity index (GPIA)",TGO,2018,1.036530017852783,,
NER.02.GPIA.CP,"Net enrolment rate, pre-primary, adjusted gender parity index (GPIA)",TGO,2019,1.037760019302368,,
NER.02.GPIA.CP,"Net enrolment rate, pre-primary, adjusted gender parity index (GPIA)",TGO,2020,1.043040037155151,,
NER.02.GPIA.CP,"Net enrolment rate, pre-primary, adjusted gender parity index (GPIA)",TGO,2021,1.049020051956177,,
NER.02.GPIA.CP,"Net enrolment rate, pre-primary, adjusted gender parity index (GPIA)",TGO,2022,1.053529977798462,,
NER.02.GPIA.CP,"Net enrolment rate, pre-primary, adjusted gender parity index (GPIA)",TGO,2023,1.031726628959845,,
NER.02.GPIA.CP,"Net enrolment rate, pre-primary, adjusted gender parity index (GPIA)",TGO,2024,1.041006508033804,,
NER.02.M.CP,"Net enrolment rate, pre-primary, male (%)",TGO,1999,2.481240034103394,,
NER.02.M.CP,"Net enrolment rate, pre-primary, male (%)",TGO,2000,1.989359974861145,,
NER.02.M.CP,"Net enrolment rate, pre-primary, male (%)",TGO,2001,2.233760118484497,,
NER.02.M.CP,"Net enrolment rate, pre-primary, male (%)",TGO,2002,2.485830068588257,,
NER.02.M.CP,"Net enrolment rate, pre-primary, male (%)",TGO,2003,2.612390041351318,,
NER.02.M.CP,"Net enrolment rate, pre-primary, male (%)",TGO,2007,4.07174015045166,,
NER.02.M.CP,"Net enrolment rate, pre-primary, male (%)",TGO,2008,4.552750110626221,,
NER.02.M.CP,"Net enrolment rate, pre-primary, male (%)",TGO,2009,6.946809768676758,,
NER.02.M.CP,"Net enrolment rate, pre-primary, male (%)",TGO,2010,7.087922188612398,,
NER.02.M.CP,"Net enrolment rate, pre-primary, male (%)",TGO,2011,8.778002238892393,,
NER.02.M.CP,"Net enrolment rate, pre-primary, male (%)",TGO,2012,10.09013147276813,,
NER.02.M.CP,"Net enrolment rate, pre-primary, male (%)",TGO,2013,12.77599116828262,,
NER.02.M.CP,"Net enrolment rate, pre-primary, male (%)",TGO,2014,13.93214188990457,,
NER.02.M.CP,"Net enrolment rate, pre-primary, male (%)",TGO,2018,21.3034496307373,,
NER.02.M.CP,"Net enrolment rate, pre-primary, male (%)",TGO,2019,23.2132396697998,,
NER.02.M.CP,"Net enrolment rate, pre-primary, male (%)",TGO,2020,27.38964080810547,,
NER.02.M.CP,"Net enrolment rate, pre-primary, male (%)",TGO,2021,26.64959907531738,,
NER.02.M.CP,"Net enrolment rate, pre-primary, male (%)",TGO,2022,29.01161956787109,,
NER.02.M.CP,"Net enrolment rate, pre-primary, male (%)",TGO,2023,28.75541868639769,,
NER.02.M.CP,"Net enrolment rate, pre-primary, male (%)",TGO,2024,27.05733135528428,,
NERA.AGM1.CP,"Adjusted net enrolment rate, one year before the official primary entry age, both sexes (%)",TGO,1999,28.19842910766602,,
NERA.AGM1.CP,"Adjusted net enrolment rate, one year before the official primary entry age, both sexes (%)",TGO,2000,29.7388801574707,,
NERA.AGM1.CP,"Adjusted net enrolment rate, one year before the official primary entry age, both sexes (%)",TGO,2001,34.52618026733398,,
NERA.AGM1.CP,"Adjusted net enrolment rate, one year before the official primary entry age, both sexes (%)",TGO,2002,36.21345901489258,,
NERA.AGM1.CP,"Adjusted net enrolment rate, one year before the official primary entry age, both sexes (%)",TGO,2003,45.21377182006836,,
NERA.AGM1.CP,"Adjusted net enrolment rate, one year before the official primary entry age, both sexes (%)",TGO,2007,31.60403060913086,,
NERA.AGM1.CP,"Adjusted net enrolment rate, one year before the official primary entry age, both sexes (%)",TGO,2008,35.6527099609375,,
NERA.AGM1.CP,"Adjusted net enrolment rate, one year before the official primary entry age, both sexes (%)",TGO,2014,17.27828885586382,,
NERA.AGM1.CP,"Adjusted net enrolment rate, one year before the official primary entry age, both sexes (%)",TGO,2018,91.76004791259766,,
NERA.AGM1.CP,"Adjusted net enrolment rate, one year before the official primary entry age, both sexes (%)",TGO,2019,90.61212921142578,,
NERA.AGM1.F.CP,"Adjusted net enrolment rate, one year before the official primary entry age, female (%)",TGO,1999,26.90905952453613,,
NERA.AGM1.F.CP,"Adjusted net enrolment rate, one year before the official primary entry age, female (%)",TGO,2001,33.06232833862305,,
NERA.AGM1.F.CP,"Adjusted net enrolment rate, one year before the official primary entry age, female (%)",TGO,2002,34.76824951171875,,
NERA.AGM1.F.CP,"Adjusted net enrolment rate, one year before the official primary entry age, female (%)",TGO,2003,43.58824920654297,,
NERA.AGM1.F.CP,"Adjusted net enrolment rate, one year before the official primary entry age, female (%)",TGO,2007,31.05127906799316,,
NERA.AGM1.F.CP,"Adjusted net enrolment rate, one year before the official primary entry age, female (%)",TGO,2008,35.31227874755859,,
NERA.AGM1.F.CP,"Adjusted net enrolment rate, one year before the official primary entry age, female (%)",TGO,2014,17.53519704840397,,
NERA.AGM1.F.CP,"Adjusted net enrolment rate, one year before the official primary entry age, female (%)",TGO,2018,92.26175689697266,,
NERA.AGM1.F.CP,"Adjusted net enrolment rate, one year before the official primary entry age, female (%)",TGO,2019,89.43937683105469,,
NERA.AGM1.GPIA.CP,"Adjusted net enrolment rate, one year before the official primary entry age, adjusted gender parity index (GPIA)",TGO,1999,.9128699898719788,,
NERA.AGM1.GPIA.CP,"Adjusted net enrolment rate, one year before the official primary entry age, adjusted gender parity index (GPIA)",TGO,2001,.9189500212669373,,
NERA.AGM1.GPIA.CP,"Adjusted net enrolment rate, one year before the official primary entry age, adjusted gender parity index (GPIA)",TGO,2002,.923520028591156,,
NERA.AGM1.GPIA.CP,"Adjusted net enrolment rate, one year before the official primary entry age, adjusted gender parity index (GPIA)",TGO,2003,.9308500289916992,,
NERA.AGM1.GPIA.CP,"Adjusted net enrolment rate, one year before the official primary entry age, adjusted gender parity index (GPIA)",TGO,2007,.9657899737358093,,
NERA.AGM1.GPIA.CP,"Adjusted net enrolment rate, one year before the official primary entry age, adjusted gender parity index (GPIA)",TGO,2008,.981190025806427,,
NERA.AGM1.GPIA.CP,"Adjusted net enrolment rate, one year before the official primary entry age, adjusted gender parity index (GPIA)",TGO,2014,1.029110113034869,,
NERA.AGM1.GPIA.CP,"Adjusted net enrolment rate, one year before the official primary entry age, adjusted gender parity index (GPIA)",TGO,2018,1.010800004005432,,
NERA.AGM1.GPIA.CP,"Adjusted net enrolment rate, one year before the official primary entry age, adjusted gender parity index (GPIA)",TGO,2019,.9746299982070923,,
NERA.AGM1.M.CP,"Adjusted net enrolment rate, one year before the official primary entry age, male (%)",TGO,1999,29.47757911682129,,
NERA.AGM1.M.CP,"Adjusted net enrolment rate, one year before the official primary entry age, male (%)",TGO,2001,35.97856140136719,,
NERA.AGM1.M.CP,"Adjusted net enrolment rate, one year before the official primary entry age, male (%)",TGO,2002,37.64741134643555,,
NERA.AGM1.M.CP,"Adjusted net enrolment rate, one year before the official primary entry age, male (%)",TGO,2003,46.82632064819336,,
NERA.AGM1.M.CP,"Adjusted net enrolment rate, one year before the official primary entry age, male (%)",TGO,2007,32.15108108520508,,
NERA.AGM1.M.CP,"Adjusted net enrolment rate, one year before the official primary entry age, male (%)",TGO,2008,35.9893684387207,,
NERA.AGM1.M.CP,"Adjusted net enrolment rate, one year before the official primary entry age, male (%)",TGO,2014,17.02474548023622,,
NERA.AGM1.M.CP,"Adjusted net enrolment rate, one year before the official primary entry age, male (%)",TGO,2018,91.26560211181641,,
NERA.AGM1.M.CP,"Adjusted net enrolment rate, one year before the official primary entry age, male (%)",TGO,2019,91.76750183105469,,
OAEPG.1,"Percentage of pupils enrolled in primary education who are at least 2 years over-age for their current grade, both sexes (%)",TGO,1999,41.57101058959961,,
OAEPG.1,"Percentage of pupils enrolled in primary education who are at least 2 years over-age for their current grade, both sexes (%)",TGO,2000,35.57582855224609,,
OAEPG.1,"Percentage of pupils enrolled in primary education who are at least 2 years over-age for their current grade, both sexes (%)",TGO,2001,33.69664001464844,,
OAEPG.1,"Percentage of pupils enrolled in primary education who are at least 2 years over-age for their current grade, both sexes (%)",TGO,2002,30.24703025817871,,
OAEPG.1,"Percentage of pupils enrolled in primary education who are at least 2 years over-age for their current grade, both sexes (%)",TGO,2003,27.14768028259277,,
OAEPG.1,"Percentage of pupils enrolled in primary education who are at least 2 years over-age for their current grade, both sexes (%)",TGO,2004,26.65269088745117,,
OAEPG.1,"Percentage of pupils enrolled in primary education who are at least 2 years over-age for their current grade, both sexes (%)",TGO,2005,26.01375961303711,,
OAEPG.1,"Percentage of pupils enrolled in primary education who are at least 2 years over-age for their current grade, both sexes (%)",TGO,2006,24.8010196685791,,
OAEPG.1,"Percentage of pupils enrolled in primary education who are at least 2 years over-age for their current grade, both sexes (%)",TGO,2007,25.2903003692627,,
OAEPG.1,"Percentage of pupils enrolled in primary education who are at least 2 years over-age for their current grade, both sexes (%)",TGO,2008,24.59844017028809,,
OAEPG.1,"Percentage of pupils enrolled in primary education who are at least 2 years over-age for their current grade, both sexes (%)",TGO,2014,24.91062886708821,,
OAEPG.1,"Percentage of pupils enrolled in primary education who are at least 2 years over-age for their current grade, both sexes (%)",TGO,2017,22.95007646679452,,
OAEPG.1,"Percentage of pupils enrolled in primary education who are at least 2 years over-age for their current grade, both sexes (%)",TGO,2019,22.63092851696819,,
OAEPG.1,"Percentage of pupils enrolled in primary education who are at least 2 years over-age for their current grade, both sexes (%)",TGO,2020,15.77536295283831,,
OAEPG.1,"Percentage of pupils enrolled in primary education who are at least 2 years over-age for their current grade, both sexes (%)",TGO,2021,13.93530272598253,,
OAEPG.1,"Percentage of pupils enrolled in primary education who are at least 2 years over-age for their current grade, both sexes (%)",TGO,2022,10.64781237387704,,
OAEPG.1,"Percentage of pupils enrolled in primary education who are at least 2 years over-age for their current grade, both sexes (%)",TGO,2023,9.670033500112948,,
OAEPG.1,"Percentage of pupils enrolled in primary education who are at least 2 years over-age for their current grade, both sexes (%)",TGO,2024,11.12516756133258,,
OAEPG.1.F,"Percentage of pupils enrolled in primary education who are at least 2 years over-age for their current grade, female (%)",TGO,1999,40.10353088378906,,
OAEPG.1.F,"Percentage of pupils enrolled in primary education who are at least 2 years over-age for their current grade, female (%)",TGO,2000,34.14738082885742,,
OAEPG.1.F,"Percentage of pupils enrolled in primary education who are at least 2 years over-age for their current grade, female (%)",TGO,2001,32.59494018554688,,
OAEPG.1.F,"Percentage of pupils enrolled in primary education who are at least 2 years over-age for their current grade, female (%)",TGO,2002,29.30736923217773,,
OAEPG.1.F,"Percentage of pupils enrolled in primary education who are at least 2 years over-age for their current grade, female (%)",TGO,2003,26.37557029724121,,
OAEPG.1.F,"Percentage of pupils enrolled in primary education who are at least 2 years over-age for their current grade, female (%)",TGO,2004,25.92226028442383,,
OAEPG.1.F,"Percentage of pupils enrolled in primary education who are at least 2 years over-age for their current grade, female (%)",TGO,2005,25.32632064819336,,
OAEPG.1.F,"Percentage of pupils enrolled in primary education who are at least 2 years over-age for their current grade, female (%)",TGO,2006,24.12298965454102,,
OAEPG.1.F,"Percentage of pupils enrolled in primary education who are at least 2 years over-age for their current grade, female (%)",TGO,2007,24.6323299407959,,
OAEPG.1.F,"Percentage of pupils enrolled in primary education who are at least 2 years over-age for their current grade, female (%)",TGO,2008,24.03779029846191,,
OAEPG.1.F,"Percentage of pupils enrolled in primary education who are at least 2 years over-age for their current grade, female (%)",TGO,2014,24.99513903812895,,
OAEPG.1.F,"Percentage of pupils enrolled in primary education who are at least 2 years over-age for their current grade, female (%)",TGO,2017,23.36470131697024,,
OAEPG.1.F,"Percentage of pupils enrolled in primary education who are at least 2 years over-age for their current grade, female (%)",TGO,2019,22.53372903930525,,
OAEPG.1.F,"Percentage of pupils enrolled in primary education who are at least 2 years over-age for their current grade, female (%)",TGO,2020,15.31914310555726,,
OAEPG.1.F,"Percentage of pupils enrolled in primary education who are at least 2 years over-age for their current grade, female (%)",TGO,2021,13.99955363523974,,
OAEPG.1.F,"Percentage of pupils enrolled in primary education who are at least 2 years over-age for their current grade, female (%)",TGO,2022,10.66903585614613,,
OAEPG.1.F,"Percentage of pupils enrolled in primary education who are at least 2 years over-age for their current grade, female (%)",TGO,2023,9.56962441308797,,
OAEPG.1.F,"Percentage of pupils enrolled in primary education who are at least 2 years over-age for their current grade, female (%)",TGO,2024,10.8885576095694,,
OAEPG.1.GPIA,"Proportion of pupils enrolled in primary education who are at least 2 years over-age for their current grade, adjusted gender parity index (GPIA)",TGO,1999,.9395999908447266,,
OAEPG.1.GPIA,"Proportion of pupils enrolled in primary education who are at least 2 years over-age for their current grade, adjusted gender parity index (GPIA)",TGO,2000,.9307000041007996,,
OAEPG.1.GPIA,"Proportion of pupils enrolled in primary education who are at least 2 years over-age for their current grade, adjusted gender parity index (GPIA)",TGO,2001,.9428099989891052,,
OAEPG.1.GPIA,"Proportion of pupils enrolled in primary education who are at least 2 years over-age for their current grade, adjusted gender parity index (GPIA)",TGO,2002,.9450200200080872,,
OAEPG.1.GPIA,"Proportion of pupils enrolled in primary education who are at least 2 years over-age for their current grade, adjusted gender parity index (GPIA)",TGO,2003,.9492499828338623,,
OAEPG.1.GPIA,"Proportion of pupils enrolled in primary education who are at least 2 years over-age for their current grade, adjusted gender parity index (GPIA)",TGO,2004,.95073002576828,,
OAEPG.1.GPIA,"Proportion of pupils enrolled in primary education who are at least 2 years over-age for their current grade, adjusted gender parity index (GPIA)",TGO,2005,.9521899819374084,,
OAEPG.1.GPIA,"Proportion of pupils enrolled in primary education who are at least 2 years over-age for their current grade, adjusted gender parity index (GPIA)",TGO,2006,.9502999782562256,,
OAEPG.1.GPIA,"Proportion of pupils enrolled in primary education who are at least 2 years over-age for their current grade, adjusted gender parity index (GPIA)",TGO,2007,.9525300264358521,,
OAEPG.1.GPIA,"Proportion of pupils enrolled in primary education who are at least 2 years over-age for their current grade, adjusted gender parity index (GPIA)",TGO,2008,.958050012588501,,
OAEPG.1.GPIA,"Proportion of pupils enrolled in primary education who are at least 2 years over-age for their current grade, adjusted gender parity index (GPIA)",TGO,2014,1.006552704652537,,
OAEPG.1.GPIA,"Proportion of pupils enrolled in primary education who are at least 2 years over-age for their current grade, adjusted gender parity index (GPIA)",TGO,2017,1.034586722323375,,
OAEPG.1.GPIA,"Proportion of pupils enrolled in primary education who are at least 2 years over-age for their current grade, adjusted gender parity index (GPIA)",TGO,2019,.9916131770908873,,
OAEPG.1.GPIA,"Proportion of pupils enrolled in primary education who are at least 2 years over-age for their current grade, adjusted gender parity index (GPIA)",TGO,2020,.9447066186591707,,
OAEPG.1.GPIA,"Proportion of pupils enrolled in primary education who are at least 2 years over-age for their current grade, adjusted gender parity index (GPIA)",TGO,2021,1.008991574753157,,
OAEPG.1.GPIA,"Proportion of pupils enrolled in primary education who are at least 2 years over-age for their current grade, adjusted gender parity index (GPIA)",TGO,2022,1.003902605725907,,
OAEPG.1.GPIA,"Proportion of pupils enrolled in primary education who are at least 2 years over-age for their current grade, adjusted gender parity index (GPIA)",TGO,2023,.9798434404029862,,
OAEPG.1.GPIA,"Proportion of pupils enrolled in primary education who are at least 2 years over-age for their current grade, adjusted gender parity index (GPIA)",TGO,2024,.9591278432181936,,
OAEPG.1.M,"Percentage of pupils enrolled in primary education who are at least 2 years over-age for their current grade, male (%)",TGO,1999,42.68148040771484,,
OAEPG.1.M,"Percentage of pupils enrolled in primary education who are at least 2 years over-age for their current grade, male (%)",TGO,2000,36.69001007080078,,
OAEPG.1.M,"Percentage of pupils enrolled in primary education who are at least 2 years over-age for their current grade, male (%)",TGO,2001,34.57226181030273,,
OAEPG.1.M,"Percentage of pupils enrolled in primary education who are at least 2 years over-age for their current grade, male (%)",TGO,2002,31.01255035400391,,
OAEPG.1.M,"Percentage of pupils enrolled in primary education who are at least 2 years over-age for their current grade, male (%)",TGO,2003,27.78561973571777,,
OAEPG.1.M,"Percentage of pupils enrolled in primary education who are at least 2 years over-age for their current grade, male (%)",TGO,2004,27.26551055908203,,
OAEPG.1.M,"Percentage of pupils enrolled in primary education who are at least 2 years over-age for their current grade, male (%)",TGO,2005,26.59802055358887,,
OAEPG.1.M,"Percentage of pupils enrolled in primary education who are at least 2 years over-age for their current grade, male (%)",TGO,2006,25.38448905944824,,
OAEPG.1.M,"Percentage of pupils enrolled in primary education who are at least 2 years over-age for their current grade, male (%)",TGO,2007,25.85980987548828,,
OAEPG.1.M,"Percentage of pupils enrolled in primary education who are at least 2 years over-age for their current grade, male (%)",TGO,2008,25.09026908874512,,
OAEPG.1.M,"Percentage of pupils enrolled in primary education who are at least 2 years over-age for their current grade, male (%)",TGO,2014,24.83135327426298,,
OAEPG.1.M,"Percentage of pupils enrolled in primary education who are at least 2 years over-age for their current grade, male (%)",TGO,2017,22.5565928803516,,
OAEPG.1.M,"Percentage of pupils enrolled in primary education who are at least 2 years over-age for their current grade, male (%)",TGO,2019,22.72431383517193,,
OAEPG.1.M,"Percentage of pupils enrolled in primary education who are at least 2 years over-age for their current grade, male (%)",TGO,2020,16.2157677346432,,
OAEPG.1.M,"Percentage of pupils enrolled in primary education who are at least 2 years over-age for their current grade, male (%)",TGO,2021,13.87367560221765,,
OAEPG.1.M,"Percentage of pupils enrolled in primary education who are at least 2 years over-age for their current grade, male (%)",TGO,2022,10.62739881572403,,
OAEPG.1.M,"Percentage of pupils enrolled in primary education who are at least 2 years over-age for their current grade, male (%)",TGO,2023,9.766483111987984,,
OAEPG.1.M,"Percentage of pupils enrolled in primary education who are at least 2 years over-age for their current grade, male (%)",TGO,2024,11.35256127382838,,
OAEPG.2.GPV,"Percentage of pupils enrolled in lower secondary general education who are at least 2 years over-age for their current grade, both sexes (%)",TGO,1999,35.84445953369141,,
OAEPG.2.GPV,"Percentage of pupils enrolled in lower secondary general education who are at least 2 years over-age for their current grade, both sexes (%)",TGO,2000,52.84191131591797,,
OAEPG.2.GPV,"Percentage of pupils enrolled in lower secondary general education who are at least 2 years over-age for their current grade, both sexes (%)",TGO,2001,49.03968048095703,,
OAEPG.2.GPV,"Percentage of pupils enrolled in lower secondary general education who are at least 2 years over-age for their current grade, both sexes (%)",TGO,2002,46.39155960083008,,
OAEPG.2.GPV,"Percentage of pupils enrolled in lower secondary general education who are at least 2 years over-age for their current grade, both sexes (%)",TGO,2003,44.03866958618164,,
OAEPG.2.GPV,"Percentage of pupils enrolled in lower secondary general education who are at least 2 years over-age for their current grade, both sexes (%)",TGO,2004,42.53998947143555,,
OAEPG.2.GPV,"Percentage of pupils enrolled in lower secondary general education who are at least 2 years over-age for their current grade, both sexes (%)",TGO,2005,40.71820068359375,,
OAEPG.2.GPV,"Percentage of pupils enrolled in lower secondary general education who are at least 2 years over-age for their current grade, both sexes (%)",TGO,2006,39.16468048095703,,
OAEPG.2.GPV,"Percentage of pupils enrolled in lower secondary general education who are at least 2 years over-age for their current grade, both sexes (%)",TGO,2007,46.16497039794922,,
OAEPG.2.GPV,"Percentage of pupils enrolled in lower secondary general education who are at least 2 years over-age for their current grade, both sexes (%)",TGO,2008,44.43157958984375,,
OAEPG.2.GPV,"Percentage of pupils enrolled in lower secondary general education who are at least 2 years over-age for their current grade, both sexes (%)",TGO,2010,44.05266655297528,,
OAEPG.2.GPV,"Percentage of pupils enrolled in lower secondary general education who are at least 2 years over-age for their current grade, both sexes (%)",TGO,2011,38.55533640370977,,
OAEPG.2.GPV,"Percentage of pupils enrolled in lower secondary general education who are at least 2 years over-age for their current grade, both sexes (%)",TGO,2013,39.42747466119749,,
OAEPG.2.GPV,"Percentage of pupils enrolled in lower secondary general education who are at least 2 years over-age for their current grade, both sexes (%)",TGO,2014,42.49474421864051,,
OAEPG.2.GPV,"Percentage of pupils enrolled in lower secondary general education who are at least 2 years over-age for their current grade, both sexes (%)",TGO,2015,41.14398404450368,,
OAEPG.2.GPV,"Percentage of pupils enrolled in lower secondary general education who are at least 2 years over-age for their current grade, both sexes (%)",TGO,2016,41.23864915652086,,
OAEPG.2.GPV,"Percentage of pupils enrolled in lower secondary general education who are at least 2 years over-age for their current grade, both sexes (%)",TGO,2017,32.85791480520272,,
OAEPG.2.GPV,"Percentage of pupils enrolled in lower secondary general education who are at least 2 years over-age for their current grade, both sexes (%)",TGO,2018,30.1373308516525,,
OAEPG.2.GPV,"Percentage of pupils enrolled in lower secondary general education who are at least 2 years over-age for their current grade, both sexes (%)",TGO,2019,29.64840544757389,,
OAEPG.2.GPV,"Percentage of pupils enrolled in lower secondary general education who are at least 2 years over-age for their current grade, both sexes (%)",TGO,2020,27.3580744023138,,
OAEPG.2.GPV,"Percentage of pupils enrolled in lower secondary general education who are at least 2 years over-age for their current grade, both sexes (%)",TGO,2021,26.03926332685095,,
OAEPG.2.GPV,"Percentage of pupils enrolled in lower secondary general education who are at least 2 years over-age for their current grade, both sexes (%)",TGO,2022,22.16076847533306,,
OAEPG.2.GPV,"Percentage of pupils enrolled in lower secondary general education who are at least 2 years over-age for their current grade, both sexes (%)",TGO,2023,19.72627259575522,,
OAEPG.2.GPV,"Percentage of pupils enrolled in lower secondary general education who are at least 2 years over-age for their current grade, both sexes (%)",TGO,2024,27.26094178336552,,
OAEPG.2.GPV.F,"Percentage of pupils enrolled in lower secondary general education who are at least 2 years over-age for their current grade, female (%)",TGO,1999,33.68846130371094,,
OAEPG.2.GPV.F,"Percentage of pupils enrolled in lower secondary general education who are at least 2 years over-age for their current grade, female (%)",TGO,2000,51.52983856201172,,
OAEPG.2.GPV.F,"Percentage of pupils enrolled in lower secondary general education who are at least 2 years over-age for their current grade, female (%)",TGO,2001,48.08129119873047,,
OAEPG.2.GPV.F,"Percentage of pupils enrolled in lower secondary general education who are at least 2 years over-age for their current grade, female (%)",TGO,2002,45.23957824707031,,
OAEPG.2.GPV.F,"Percentage of pupils enrolled in lower secondary general education who are at least 2 years over-age for their current grade, female (%)",TGO,2003,42.61402130126953,,
OAEPG.2.GPV.F,"Percentage of pupils enrolled in lower secondary general education who are at least 2 years over-age for their current grade, female (%)",TGO,2004,41.09947967529297,,
OAEPG.2.GPV.F,"Percentage of pupils enrolled in lower secondary general education who are at least 2 years over-age for their current grade, female (%)",TGO,2005,38.43721008300781,,
OAEPG.2.GPV.F,"Percentage of pupils enrolled in lower secondary general education who are at least 2 years over-age for their current grade, female (%)",TGO,2006,36.35137939453125,,
OAEPG.2.GPV.F,"Percentage of pupils enrolled in lower secondary general education who are at least 2 years over-age for their current grade, female (%)",TGO,2007,42.99925994873047,,
OAEPG.2.GPV.F,"Percentage of pupils enrolled in lower secondary general education who are at least 2 years over-age for their current grade, female (%)",TGO,2008,41.30807876586914,,
OAEPG.2.GPV.F,"Percentage of pupils enrolled in lower secondary general education who are at least 2 years over-age for their current grade, female (%)",TGO,2010,40.99147983098202,,
OAEPG.2.GPV.F,"Percentage of pupils enrolled in lower secondary general education who are at least 2 years over-age for their current grade, female (%)",TGO,2011,33.46675198495612,,
OAEPG.2.GPV.F,"Percentage of pupils enrolled in lower secondary general education who are at least 2 years over-age for their current grade, female (%)",TGO,2013,35.95524057280397,,
OAEPG.2.GPV.F,"Percentage of pupils enrolled in lower secondary general education who are at least 2 years over-age for their current grade, female (%)",TGO,2014,39.56521739130434,,
OAEPG.2.GPV.F,"Percentage of pupils enrolled in lower secondary general education who are at least 2 years over-age for their current grade, female (%)",TGO,2015,37.72125586278575,,
OAEPG.2.GPV.F,"Percentage of pupils enrolled in lower secondary general education who are at least 2 years over-age for their current grade, female (%)",TGO,2016,38.43228594882751,,
OAEPG.2.GPV.F,"Percentage of pupils enrolled in lower secondary general education who are at least 2 years over-age for their current grade, female (%)",TGO,2017,29.62769538870569,,
OAEPG.2.GPV.F,"Percentage of pupils enrolled in lower secondary general education who are at least 2 years over-age for their current grade, female (%)",TGO,2018,27.55310318278242,,
OAEPG.2.GPV.F,"Percentage of pupils enrolled in lower secondary general education who are at least 2 years over-age for their current grade, female (%)",TGO,2019,26.9512590837402,,
OAEPG.2.GPV.F,"Percentage of pupils enrolled in lower secondary general education who are at least 2 years over-age for their current grade, female (%)",TGO,2020,24.48702235039654,,
OAEPG.2.GPV.F,"Percentage of pupils enrolled in lower secondary general education who are at least 2 years over-age for their current grade, female (%)",TGO,2021,23.41253505318232,,
OAEPG.2.GPV.F,"Percentage of pupils enrolled in lower secondary general education who are at least 2 years over-age for their current grade, female (%)",TGO,2022,19.67230139427683,,
OAEPG.2.GPV.F,"Percentage of pupils enrolled in lower secondary general education who are at least 2 years over-age for their current grade, female (%)",TGO,2023,17.52113327169463,,
OAEPG.2.GPV.F,"Percentage of pupils enrolled in lower secondary general education who are at least 2 years over-age for their current grade, female (%)",TGO,2024,24.56130983601923,,
OAEPG.2.GPV.GPIA,"Proportion of pupils enrolled in lower secondary general education who are at least 2 years over-age for their current grade, adjusted gender parity index (GPIA)",TGO,1999,.9151800274848938,,
OAEPG.2.GPV.GPIA,"Proportion of pupils enrolled in lower secondary general education who are at least 2 years over-age for their current grade, adjusted gender parity index (GPIA)",TGO,2000,.9635199904441833,,
OAEPG.2.GPV.GPIA,"Proportion of pupils enrolled in lower secondary general education who are at least 2 years over-age for their current grade, adjusted gender parity index (GPIA)",TGO,2001,.9709399938583374,,
OAEPG.2.GPV.GPIA,"Proportion of pupils enrolled in lower secondary general education who are at least 2 years over-age for their current grade, adjusted gender parity index (GPIA)",TGO,2002,.962660014629364,,
OAEPG.2.GPV.GPIA,"Proportion of pupils enrolled in lower secondary general education who are at least 2 years over-age for their current grade, adjusted gender parity index (GPIA)",TGO,2003,.9510899782180786,,
OAEPG.2.GPV.GPIA,"Proportion of pupils enrolled in lower secondary general education who are at least 2 years over-age for their current grade, adjusted gender parity index (GPIA)",TGO,2004,.9481099843978882,,
OAEPG.2.GPV.GPIA,"Proportion of pupils enrolled in lower secondary general education who are at least 2 years over-age for their current grade, adjusted gender parity index (GPIA)",TGO,2005,.914359986782074,,
OAEPG.2.GPV.GPIA,"Proportion of pupils enrolled in lower secondary general education who are at least 2 years over-age for their current grade, adjusted gender parity index (GPIA)",TGO,2006,.8900200128555298,,
OAEPG.2.GPV.GPIA,"Proportion of pupils enrolled in lower secondary general education who are at least 2 years over-age for their current grade, adjusted gender parity index (GPIA)",TGO,2007,.8956599831581116,,
OAEPG.2.GPV.GPIA,"Proportion of pupils enrolled in lower secondary general education who are at least 2 years over-age for their current grade, adjusted gender parity index (GPIA)",TGO,2008,.89274001121521,,
OAEPG.2.GPV.GPIA,"Proportion of pupils enrolled in lower secondary general education who are at least 2 years over-age for their current grade, adjusted gender parity index (GPIA)",TGO,2010,.8921849814608445,,
OAEPG.2.GPV.GPIA,"Proportion of pupils enrolled in lower secondary general education who are at least 2 years over-age for their current grade, adjusted gender parity index (GPIA)",TGO,2011,.8010560040112366,,
OAEPG.2.GPV.GPIA,"Proportion of pupils enrolled in lower secondary general education who are at least 2 years over-age for their current grade, adjusted gender parity index (GPIA)",TGO,2013,.8596476673865086,,
OAEPG.2.GPV.GPIA,"Proportion of pupils enrolled in lower secondary general education who are at least 2 years over-age for their current grade, adjusted gender parity index (GPIA)",TGO,2014,.8877296752722383,,
OAEPG.2.GPV.GPIA,"Proportion of pupils enrolled in lower secondary general education who are at least 2 years over-age for their current grade, adjusted gender parity index (GPIA)",TGO,2015,.8639487145913249,,
OAEPG.2.GPV.GPIA,"Proportion of pupils enrolled in lower secondary general education who are at least 2 years over-age for their current grade, adjusted gender parity index (GPIA)",TGO,2016,.8863800466184827,,
OAEPG.2.GPV.GPIA,"Proportion of pupils enrolled in lower secondary general education who are at least 2 years over-age for their current grade, adjusted gender parity index (GPIA)",TGO,2017,.8368321163351975,,
OAEPG.2.GPV.GPIA,"Proportion of pupils enrolled in lower secondary general education who are at least 2 years over-age for their current grade, adjusted gender parity index (GPIA)",TGO,2018,.854761593406055,,
OAEPG.2.GPV.GPIA,"Proportion of pupils enrolled in lower secondary general education who are at least 2 years over-age for their current grade, adjusted gender parity index (GPIA)",TGO,2019,.8446426269866238,,
OAEPG.2.GPV.GPIA,"Proportion of pupils enrolled in lower secondary general education who are at least 2 years over-age for their current grade, adjusted gender parity index (GPIA)",TGO,2020,.8215971332553905,,
OAEPG.2.GPV.GPIA,"Proportion of pupils enrolled in lower secondary general education who are at least 2 years over-age for their current grade, adjusted gender parity index (GPIA)",TGO,2021,.8268947315842284,,
OAEPG.2.GPV.GPIA,"Proportion of pupils enrolled in lower secondary general education who are at least 2 years over-age for their current grade, adjusted gender parity index (GPIA)",TGO,2022,.8069320952637854,,
OAEPG.2.GPV.GPIA,"Proportion of pupils enrolled in lower secondary general education who are at least 2 years over-age for their current grade, adjusted gender parity index (GPIA)",TGO,2023,.8067293561659029,,
OAEPG.2.GPV.GPIA,"Proportion of pupils enrolled in lower secondary general education who are at least 2 years over-age for their current grade, adjusted gender parity index (GPIA)",TGO,2024,.8261345926831278,,
OAEPG.2.GPV.M,"Percentage of pupils enrolled in lower secondary general education who are at least 2 years over-age for their current grade, male (%)",TGO,1999,36.81082153320313,,
OAEPG.2.GPV.M,"Percentage of pupils enrolled in lower secondary general education who are at least 2 years over-age for their current grade, male (%)",TGO,2000,53.48085021972656,,
OAEPG.2.GPV.M,"Percentage of pupils enrolled in lower secondary general education who are at least 2 years over-age for their current grade, male (%)",TGO,2001,49.52017974853516,,
OAEPG.2.GPV.M,"Percentage of pupils enrolled in lower secondary general education who are at least 2 years over-age for their current grade, male (%)",TGO,2002,46.99415969848633,,
OAEPG.2.GPV.M,"Percentage of pupils enrolled in lower secondary general education who are at least 2 years over-age for their current grade, male (%)",TGO,2003,44.80527877807617,,
OAEPG.2.GPV.M,"Percentage of pupils enrolled in lower secondary general education who are at least 2 years over-age for their current grade, male (%)",TGO,2004,43.34867858886719,,
OAEPG.2.GPV.M,"Percentage of pupils enrolled in lower secondary general education who are at least 2 years over-age for their current grade, male (%)",TGO,2005,42.03734970092773,,
OAEPG.2.GPV.M,"Percentage of pupils enrolled in lower secondary general education who are at least 2 years over-age for their current grade, male (%)",TGO,2006,40.84321975708008,,
OAEPG.2.GPV.M,"Percentage of pupils enrolled in lower secondary general education who are at least 2 years over-age for their current grade, male (%)",TGO,2007,48.00862121582031,,
OAEPG.2.GPV.M,"Percentage of pupils enrolled in lower secondary general education who are at least 2 years over-age for their current grade, male (%)",TGO,2008,46.27095031738281,,
OAEPG.2.GPV.M,"Percentage of pupils enrolled in lower secondary general education who are at least 2 years over-age for their current grade, male (%)",TGO,2010,45.94504579517069,,
OAEPG.2.GPV.M,"Percentage of pupils enrolled in lower secondary general education who are at least 2 years over-age for their current grade, male (%)",TGO,2011,41.77829242571494,,
OAEPG.2.GPV.M,"Percentage of pupils enrolled in lower secondary general education who are at least 2 years over-age for their current grade, male (%)",TGO,2013,41.82555474397401,,
OAEPG.2.GPV.M,"Percentage of pupils enrolled in lower secondary general education who are at least 2 years over-age for their current grade, male (%)",TGO,2014,44.56899267130048,,
OAEPG.2.GPV.M,"Percentage of pupils enrolled in lower secondary general education who are at least 2 years over-age for their current grade, male (%)",TGO,2015,43.66145261368796,,
OAEPG.2.GPV.M,"Percentage of pupils enrolled in lower secondary general education who are at least 2 years over-age for their current grade, male (%)",TGO,2016,43.35869934735749,,
OAEPG.2.GPV.M,"Percentage of pupils enrolled in lower secondary general education who are at least 2 years over-age for their current grade, male (%)",TGO,2017,35.40458690622022,,
OAEPG.2.GPV.M,"Percentage of pupils enrolled in lower secondary general education who are at least 2 years over-age for their current grade, male (%)",TGO,2018,32.23483997799759,,
OAEPG.2.GPV.M,"Percentage of pupils enrolled in lower secondary general education who are at least 2 years over-age for their current grade, male (%)",TGO,2019,31.90847610887511,,
OAEPG.2.GPV.M,"Percentage of pupils enrolled in lower secondary general education who are at least 2 years over-age for their current grade, male (%)",TGO,2020,29.80417209268041,,
OAEPG.2.GPV.M,"Percentage of pupils enrolled in lower secondary general education who are at least 2 years over-age for their current grade, male (%)",TGO,2021,28.31380363051387,,
OAEPG.2.GPV.M,"Percentage of pupils enrolled in lower secondary general education who are at least 2 years over-age for their current grade, male (%)",TGO,2022,24.37912868968978,,
OAEPG.2.GPV.M,"Percentage of pupils enrolled in lower secondary general education who are at least 2 years over-age for their current grade, male (%)",TGO,2023,21.71872529216778,,
OAEPG.2.GPV.M,"Percentage of pupils enrolled in lower secondary general education who are at least 2 years over-age for their current grade, male (%)",TGO,2024,29.73039750853281,,
OAEPG.H.1,"Percentage of pupils enrolled in primary education who are at least 2 years over-age for their current grade, both sexes (household survey data) (%)",TGO,2006,32.15,,
OAEPG.H.1,"Percentage of pupils enrolled in primary education who are at least 2 years over-age for their current grade, both sexes (household survey data) (%)",TGO,2010,31.99,,
OAEPG.H.1,"Percentage of pupils enrolled in primary education who are at least 2 years over-age for their current grade, both sexes (household survey data) (%)",TGO,2014,30.37,,
OAEPG.H.1,"Percentage of pupils enrolled in primary education who are at least 2 years over-age for their current grade, both sexes (household survey data) (%)",TGO,2017,23.62170028686523,,
OAEPG.H.1,"Percentage of pupils enrolled in primary education who are at least 2 years over-age for their current grade, both sexes (household survey data) (%)",TGO,2018,17.06208992004395,,
OAEPG.H.1,"Percentage of pupils enrolled in primary education who are at least 2 years over-age for their current grade, both sexes (household survey data) (%)",TGO,2021,12.9470796585083,,
OAEPG.H.1.F,"Percentage of pupils enrolled in primary education who are at least 2 years over-age for their current grade, female (household survey data) (%)",TGO,2006,29.66,,
OAEPG.H.1.F,"Percentage of pupils enrolled in primary education who are at least 2 years over-age for their current grade, female (household survey data) (%)",TGO,2010,32.29,,
OAEPG.H.1.F,"Percentage of pupils enrolled in primary education who are at least 2 years over-age for their current grade, female (household survey data) (%)",TGO,2014,29.96,,
OAEPG.H.1.F,"Percentage of pupils enrolled in primary education who are at least 2 years over-age for their current grade, female (household survey data) (%)",TGO,2017,22.89237976074219,,
OAEPG.H.1.F,"Percentage of pupils enrolled in primary education who are at least 2 years over-age for their current grade, female (household survey data) (%)",TGO,2018,15.67591953277588,,
OAEPG.H.1.F,"Percentage of pupils enrolled in primary education who are at least 2 years over-age for their current grade, female (household survey data) (%)",TGO,2021,13.07664012908936,,
OAEPG.H.1.F.LPIA,"Proportion of pupils enrolled in primary education who are at least 2 years over-age for their current grade, female, adjusted location parity index (household survey data) (LPIA)",TGO,2017,1.45921003818512,,
OAEPG.H.1.F.LPIA,"Proportion of pupils enrolled in primary education who are at least 2 years over-age for their current grade, female, adjusted location parity index (household survey data) (LPIA)",TGO,2018,1.304049968719482,,
OAEPG.H.1.F.LPIA,"Proportion of pupils enrolled in primary education who are at least 2 years over-age for their current grade, female, adjusted location parity index (household survey data) (LPIA)",TGO,2021,1.467589974403381,,
OAEPG.H.1.F.WPIA,"Proportion of pupils enrolled in primary education who are at least 2 years over-age for their current grade, female, adjusted wealth parity index (household survey data) (WPIA)",TGO,2017,1.659700036048889,,
OAEPG.H.1.GPIA,"Proportion of pupils enrolled in primary education who are at least 2 years over-age for their current grade, adjusted gender parity index (household survey data) (GPIA)",TGO,2006,.8644710183143616,,
OAEPG.H.1.GPIA,"Proportion of pupils enrolled in primary education who are at least 2 years over-age for their current grade, adjusted gender parity index (household survey data) (GPIA)",TGO,2010,1.01765251159668,,
OAEPG.H.1.GPIA,"Proportion of pupils enrolled in primary education who are at least 2 years over-age for their current grade, adjusted gender parity index (household survey data) (GPIA)",TGO,2014,.9746258854866028,,
OAEPG.H.1.GPIA,"Proportion of pupils enrolled in primary education who are at least 2 years over-age for their current grade, adjusted gender parity index (household survey data) (GPIA)",TGO,2017,.9413599967956543,,
OAEPG.H.1.GPIA,"Proportion of pupils enrolled in primary education who are at least 2 years over-age for their current grade, adjusted gender parity index (household survey data) (GPIA)",TGO,2018,.8510000109672546,,
OAEPG.H.1.GPIA,"Proportion of pupils enrolled in primary education who are at least 2 years over-age for their current grade, adjusted gender parity index (household survey data) (GPIA)",TGO,2021,1.019899964332581,,
OAEPG.H.1.LPIA,"Proportion of pupils enrolled in primary education who are at least 2 years over-age for their current grade, adjusted location parity index (household survey data) (LPIA)",TGO,2006,1.399352431297302,,
OAEPG.H.1.LPIA,"Proportion of pupils enrolled in primary education who are at least 2 years over-age for their current grade, adjusted location parity index (household survey data) (LPIA)",TGO,2010,1.402976870536804,,
OAEPG.H.1.LPIA,"Proportion of pupils enrolled in primary education who are at least 2 years over-age for their current grade, adjusted location parity index (household survey data) (LPIA)",TGO,2014,1.499720931053162,,
OAEPG.H.1.LPIA,"Proportion of pupils enrolled in primary education who are at least 2 years over-age for their current grade, adjusted location parity index (household survey data) (LPIA)",TGO,2017,1.474859952926636,,
OAEPG.H.1.LPIA,"Proportion of pupils enrolled in primary education who are at least 2 years over-age for their current grade, adjusted location parity index (household survey data) (LPIA)",TGO,2018,1.320180058479309,,
OAEPG.H.1.LPIA,"Proportion of pupils enrolled in primary education who are at least 2 years over-age for their current grade, adjusted location parity index (household survey data) (LPIA)",TGO,2021,1.362980008125305,,
OAEPG.H.1.M,"Percentage of pupils enrolled in primary education who are at least 2 years over-age for their current grade, male (household survey data) (%)",TGO,2006,34.31,,
OAEPG.H.1.M,"Percentage of pupils enrolled in primary education who are at least 2 years over-age for their current grade, male (household survey data) (%)",TGO,2010,31.72,,
OAEPG.H.1.M,"Percentage of pupils enrolled in primary education who are at least 2 years over-age for their current grade, male (household survey data) (%)",TGO,2014,30.74,,
OAEPG.H.1.M,"Percentage of pupils enrolled in primary education who are at least 2 years over-age for their current grade, male (household survey data) (%)",TGO,2017,24.318359375,,
OAEPG.H.1.M,"Percentage of pupils enrolled in primary education who are at least 2 years over-age for their current grade, male (household survey data) (%)",TGO,2018,18.42049980163574,,
OAEPG.H.1.M,"Percentage of pupils enrolled in primary education who are at least 2 years over-age for their current grade, male (household survey data) (%)",TGO,2021,12.81639003753662,,
OAEPG.H.1.M.LPIA,"Proportion of pupils enrolled in primary education who are at least 2 years over-age for their current grade, male, adjusted location parity index (household survey data) (LPIA)",TGO,2017,1.48838996887207,,
OAEPG.H.1.M.LPIA,"Proportion of pupils enrolled in primary education who are at least 2 years over-age for their current grade, male, adjusted location parity index (household survey data) (LPIA)",TGO,2018,1.330610036849976,,
OAEPG.H.1.M.LPIA,"Proportion of pupils enrolled in primary education who are at least 2 years over-age for their current grade, male, adjusted location parity index (household survey data) (LPIA)",TGO,2021,1.241050004959106,,
OAEPG.H.1.M.WPIA,"Proportion of pupils enrolled in primary education who are at least 2 years over-age for their current grade, male, adjusted wealth parity index (household survey data) (WPIA)",TGO,2017,1.647130012512207,,
OAEPG.H.1.Q1,"Percentage of pupils enrolled in primary education who are at least 2 years over-age for their current grade, poorest quintile, both sexes (household survey data) (%)",TGO,2006,36.44,,
OAEPG.H.1.Q1,"Percentage of pupils enrolled in primary education who are at least 2 years over-age for their current grade, poorest quintile, both sexes (household survey data) (%)",TGO,2010,43.34,,
OAEPG.H.1.Q1,"Percentage of pupils enrolled in primary education who are at least 2 years over-age for their current grade, poorest quintile, both sexes (household survey data) (%)",TGO,2014,40.41,,
OAEPG.H.1.Q1,"Percentage of pupils enrolled in primary education who are at least 2 years over-age for their current grade, poorest quintile, both sexes (household survey data) (%)",TGO,2017,33.9622688293457,,
OAEPG.H.1.Q1.F,"Percentage of pupils enrolled in primary education who are at least 2 years over-age for their current grade, poorest quintile, female (household survey data) (%)",TGO,2006,31.4,,
OAEPG.H.1.Q1.F,"Percentage of pupils enrolled in primary education who are at least 2 years over-age for their current grade, poorest quintile, female (household survey data) (%)",TGO,2010,42.88,,
OAEPG.H.1.Q1.F,"Percentage of pupils enrolled in primary education who are at least 2 years over-age for their current grade, poorest quintile, female (household survey data) (%)",TGO,2014,40.23,,
OAEPG.H.1.Q1.F,"Percentage of pupils enrolled in primary education who are at least 2 years over-age for their current grade, poorest quintile, female (household survey data) (%)",TGO,2017,33.94649124145508,,
OAEPG.H.1.Q1.GPIA,"Proportion of pupils enrolled in primary education who are at least 2 years over-age for their current grade, poorest quintile, adjusted gender parity index (household survey data) (GPIA)",TGO,2017,.9991400241851807,,
OAEPG.H.1.Q1.M,"Percentage of pupils enrolled in primary education who are at least 2 years over-age for their current grade, poorest quintile, male (household survey data) (%)",TGO,2006,40.22,,
OAEPG.H.1.Q1.M,"Percentage of pupils enrolled in primary education who are at least 2 years over-age for their current grade, poorest quintile, male (household survey data) (%)",TGO,2010,43.7,,
OAEPG.H.1.Q1.M,"Percentage of pupils enrolled in primary education who are at least 2 years over-age for their current grade, poorest quintile, male (household survey data) (%)",TGO,2014,40.56,,
OAEPG.H.1.Q1.M,"Percentage of pupils enrolled in primary education who are at least 2 years over-age for their current grade, poorest quintile, male (household survey data) (%)",TGO,2017,33.97565841674805,,
OAEPG.H.1.Q5,"Percentage of pupils enrolled in primary education who are at least 2 years over-age for their current grade, richest quintile, both sexes (household survey data) (%)",TGO,2006,18.4,,
OAEPG.H.1.Q5,"Percentage of pupils enrolled in primary education who are at least 2 years over-age for their current grade, richest quintile, both sexes (household survey data) (%)",TGO,2010,17,,
OAEPG.H.1.Q5,"Percentage of pupils enrolled in primary education who are at least 2 years over-age for their current grade, richest quintile, both sexes (household survey data) (%)",TGO,2014,12.3,,
OAEPG.H.1.Q5,"Percentage of pupils enrolled in primary education who are at least 2 years over-age for their current grade, richest quintile, both sexes (household survey data) (%)",TGO,2017,11.76136016845703,,
OAEPG.H.1.Q5.F,"Percentage of pupils enrolled in primary education who are at least 2 years over-age for their current grade, richest quintile, female (household survey data) (%)",TGO,2006,19.47,,
OAEPG.H.1.Q5.F,"Percentage of pupils enrolled in primary education who are at least 2 years over-age for their current grade, richest quintile, female (household survey data) (%)",TGO,2010,23.76,,
OAEPG.H.1.Q5.F,"Percentage of pupils enrolled in primary education who are at least 2 years over-age for their current grade, richest quintile, female (household survey data) (%)",TGO,2014,13.62,,
OAEPG.H.1.Q5.F,"Percentage of pupils enrolled in primary education who are at least 2 years over-age for their current grade, richest quintile, female (household survey data) (%)",TGO,2017,11.55212020874023,,
OAEPG.H.1.Q5.F.LPIA,"Proportion of pupils enrolled in primary education who are at least 2 years over-age for their current grade, richest quintile, female, adjusted location parity index (household survey data) (LPIA)",TGO,2017,1.255139946937561,,
OAEPG.H.1.Q5.GPIA,"Proportion of pupils enrolled in primary education who are at least 2 years over-age for their current grade, richest quintile, adjusted gender parity index (household survey data) (GPIA)",TGO,2017,.9635699987411499,,
OAEPG.H.1.Q5.LPIA,"Proportion of pupils enrolled in primary education who are at least 2 years over-age for their current grade, richest quintile, adjusted location parity index (household survey data) (LPIA)",TGO,2017,1.223399996757507,,
OAEPG.H.1.Q5.M,"Percentage of pupils enrolled in primary education who are at least 2 years over-age for their current grade, richest quintile, male (household survey data) (%)",TGO,2006,17.15,,
OAEPG.H.1.Q5.M,"Percentage of pupils enrolled in primary education who are at least 2 years over-age for their current grade, richest quintile, male (household survey data) (%)",TGO,2010,10,,
OAEPG.H.1.Q5.M,"Percentage of pupils enrolled in primary education who are at least 2 years over-age for their current grade, richest quintile, male (household survey data) (%)",TGO,2014,10.86,,
OAEPG.H.1.Q5.M,"Percentage of pupils enrolled in primary education who are at least 2 years over-age for their current grade, richest quintile, male (household survey data) (%)",TGO,2017,11.98884010314941,,
OAEPG.H.1.Q5.M.LPIA,"Proportion of pupils enrolled in primary education who are at least 2 years over-age for their current grade, richest quintile, male, adjusted location parity index (household survey data) (LPIA)",TGO,2017,1.186519980430603,,
OAEPG.H.1.RUR,"Percentage of pupils enrolled in primary education who are at least 2 years over-age for their current grade, rural, both sexes (household survey data) (%)",TGO,2006,37.06,,
OAEPG.H.1.RUR,"Percentage of pupils enrolled in primary education who are at least 2 years over-age for their current grade, rural, both sexes (household survey data) (%)",TGO,2010,36.28,,
OAEPG.H.1.RUR,"Percentage of pupils enrolled in primary education who are at least 2 years over-age for their current grade, rural, both sexes (household survey data) (%)",TGO,2014,35.84,,
OAEPG.H.1.RUR,"Percentage of pupils enrolled in primary education who are at least 2 years over-age for their current grade, rural, both sexes (household survey data) (%)",TGO,2017,28.32830047607422,,
OAEPG.H.1.RUR,"Percentage of pupils enrolled in primary education who are at least 2 years over-age for their current grade, rural, both sexes (household survey data) (%)",TGO,2018,19.22945976257324,,
OAEPG.H.1.RUR,"Percentage of pupils enrolled in primary education who are at least 2 years over-age for their current grade, rural, both sexes (household survey data) (%)",TGO,2021,14.95059967041016,,
OAEPG.H.1.RUR.F,"Percentage of pupils enrolled in primary education who are at least 2 years over-age for their current grade, rural, female (household survey data) (%)",TGO,2006,33.28,,
OAEPG.H.1.RUR.F,"Percentage of pupils enrolled in primary education who are at least 2 years over-age for their current grade, rural, female (household survey data) (%)",TGO,2010,35.97,,
OAEPG.H.1.RUR.F,"Percentage of pupils enrolled in primary education who are at least 2 years over-age for their current grade, rural, female (household survey data) (%)",TGO,2014,35.34,,
OAEPG.H.1.RUR.F,"Percentage of pupils enrolled in primary education who are at least 2 years over-age for their current grade, rural, female (household survey data) (%)",TGO,2017,27.5401496887207,,
OAEPG.H.1.RUR.F,"Percentage of pupils enrolled in primary education who are at least 2 years over-age for their current grade, rural, female (household survey data) (%)",TGO,2018,17.60141944885254,,
OAEPG.H.1.RUR.F,"Percentage of pupils enrolled in primary education who are at least 2 years over-age for their current grade, rural, female (household survey data) (%)",TGO,2021,15.88271045684814,,
OAEPG.H.1.RUR.F.WPIA,"Proportion of pupils enrolled in primary education who are at least 2 years over-age for their current grade, rural, female, adjusted wealth parity index (household survey data) (WPIA)",TGO,2017,1.564429998397827,,
OAEPG.H.1.RUR.GPIA,"Proportion of pupils enrolled in primary education who are at least 2 years over-age for their current grade, rural, adjusted gender parity index (household survey data) (GPIA)",TGO,2017,.9482799768447876,,
OAEPG.H.1.RUR.GPIA,"Proportion of pupils enrolled in primary education who are at least 2 years over-age for their current grade, rural, adjusted gender parity index (household survey data) (GPIA)",TGO,2018,.8467299938201904,,
OAEPG.H.1.RUR.GPIA,"Proportion of pupils enrolled in primary education who are at least 2 years over-age for their current grade, rural, adjusted gender parity index (household survey data) (GPIA)",TGO,2021,1.116269946098328,,
OAEPG.H.1.RUR.M,"Percentage of pupils enrolled in primary education who are at least 2 years over-age for their current grade, rural, male (household survey data) (%)",TGO,2006,40.07,,
OAEPG.H.1.RUR.M,"Percentage of pupils enrolled in primary education who are at least 2 years over-age for their current grade, rural, male (household survey data) (%)",TGO,2010,36.55,,
OAEPG.H.1.RUR.M,"Percentage of pupils enrolled in primary education who are at least 2 years over-age for their current grade, rural, male (household survey data) (%)",TGO,2014,36.27,,
OAEPG.H.1.RUR.M,"Percentage of pupils enrolled in primary education who are at least 2 years over-age for their current grade, rural, male (household survey data) (%)",TGO,2017,29.04224014282227,,
OAEPG.H.1.RUR.M,"Percentage of pupils enrolled in primary education who are at least 2 years over-age for their current grade, rural, male (household survey data) (%)",TGO,2018,20.78746032714844,,
OAEPG.H.1.RUR.M,"Percentage of pupils enrolled in primary education who are at least 2 years over-age for their current grade, rural, male (household survey data) (%)",TGO,2021,14.03598022460938,,
OAEPG.H.1.RUR.M.WPIA,"Proportion of pupils enrolled in primary education who are at least 2 years over-age for their current grade, rural, male, adjusted wealth parity index (household survey data) (WPIA)",TGO,2017,1.578259944915771,,
OAEPG.H.1.RUR.Q1,"Percentage of pupils enrolled in primary education who are at least 2 years over-age for their current grade, rural, poorest quintile, both sexes (household survey data) (%)",TGO,2006,36.4,,
OAEPG.H.1.RUR.Q1,"Percentage of pupils enrolled in primary education who are at least 2 years over-age for their current grade, rural, poorest quintile, both sexes (household survey data) (%)",TGO,2010,43.55,,
OAEPG.H.1.RUR.Q1,"Percentage of pupils enrolled in primary education who are at least 2 years over-age for their current grade, rural, poorest quintile, both sexes (household survey data) (%)",TGO,2014,40.42,,
OAEPG.H.1.RUR.Q1,"Percentage of pupils enrolled in primary education who are at least 2 years over-age for their current grade, rural, poorest quintile, both sexes (household survey data) (%)",TGO,2017,33.9622688293457,,
OAEPG.H.1.RUR.Q1.F,"Percentage of pupils enrolled in primary education who are at least 2 years over-age for their current grade, rural, poorest quintile, female (household survey data) (%)",TGO,2006,31.44,,
OAEPG.H.1.RUR.Q1.F,"Percentage of pupils enrolled in primary education who are at least 2 years over-age for their current grade, rural, poorest quintile, female (household survey data) (%)",TGO,2010,43.06,,
OAEPG.H.1.RUR.Q1.F,"Percentage of pupils enrolled in primary education who are at least 2 years over-age for their current grade, rural, poorest quintile, female (household survey data) (%)",TGO,2014,40.01,,
OAEPG.H.1.RUR.Q1.F,"Percentage of pupils enrolled in primary education who are at least 2 years over-age for their current grade, rural, poorest quintile, female (household survey data) (%)",TGO,2017,33.94649124145508,,
OAEPG.H.1.RUR.Q1.GPIA,"Proportion of pupils enrolled in primary education who are at least 2 years over-age for their current grade, primary education, rural, poorest quintile, adjusted gender parity index (household survey data) (GPIA)",TGO,2017,.9991400241851807,,
OAEPG.H.1.RUR.Q1.M,"Percentage of pupils enrolled in primary education who are at least 2 years over-age for their current grade, rural, poorest quintile, male (household survey data) (%)",TGO,2006,40.1,,
OAEPG.H.1.RUR.Q1.M,"Percentage of pupils enrolled in primary education who are at least 2 years over-age for their current grade, rural, poorest quintile, male (household survey data) (%)",TGO,2010,43.93,,
OAEPG.H.1.RUR.Q1.M,"Percentage of pupils enrolled in primary education who are at least 2 years over-age for their current grade, rural, poorest quintile, male (household survey data) (%)",TGO,2014,40.75,,
OAEPG.H.1.RUR.Q1.M,"Percentage of pupils enrolled in primary education who are at least 2 years over-age for their current grade, rural, poorest quintile, male (household survey data) (%)",TGO,2017,33.97565841674805,,
OAEPG.H.1.RUR.Q5,"Percentage of pupils enrolled in primary education who are at least 2 years over-age for their current grade, rural, richest quintile, both sexes (household survey data) (%)",TGO,2006,32.25,,
OAEPG.H.1.RUR.Q5,"Percentage of pupils enrolled in primary education who are at least 2 years over-age for their current grade, rural, richest quintile, both sexes (household survey data) (%)",TGO,2010,12.02,,
OAEPG.H.1.RUR.Q5,"Percentage of pupils enrolled in primary education who are at least 2 years over-age for their current grade, rural, richest quintile, both sexes (household survey data) (%)",TGO,2017,14.58269023895264,,
OAEPG.H.1.RUR.Q5.F,"Percentage of pupils enrolled in primary education who are at least 2 years over-age for their current grade, rural, richest quintile, female (household survey data) (%)",TGO,2010,15.38,,
OAEPG.H.1.RUR.Q5.F,"Percentage of pupils enrolled in primary education who are at least 2 years over-age for their current grade, rural, richest quintile, female (household survey data) (%)",TGO,2017,14.78623962402344,,
OAEPG.H.1.RUR.Q5.GPIA,"Proportion of pupils enrolled in primary education who are at least 2 years over-age for their current grade, primary education, rural, richest quintile, adjusted gender parity index (household survey data) (GPIA)",TGO,2017,1.030930042266846,,
OAEPG.H.1.RUR.Q5.M,"Percentage of pupils enrolled in primary education who are at least 2 years over-age for their current grade, rural, richest quintile, male (household survey data) (%)",TGO,2017,14.32886981964111,,
OAEPG.H.1.RUR.WPIA,"Proportion of pupils enrolled in primary education who are at least 2 years over-age for their current grade, rural, adjusted wealth parity index (household survey data) (WPIA)",TGO,2017,1.570619940757751,,
OAEPG.H.1.URB,"Percentage of pupils enrolled in primary education who are at least 2 years over-age for their current grade, urban, both sexes (household survey data) (%)",TGO,2006,22.26,,
OAEPG.H.1.URB,"Percentage of pupils enrolled in primary education who are at least 2 years over-age for their current grade, urban, both sexes (household survey data) (%)",TGO,2010,21.66,,
OAEPG.H.1.URB,"Percentage of pupils enrolled in primary education who are at least 2 years over-age for their current grade, urban, both sexes (household survey data) (%)",TGO,2014,17.93,,
OAEPG.H.1.URB,"Percentage of pupils enrolled in primary education who are at least 2 years over-age for their current grade, urban, both sexes (household survey data) (%)",TGO,2017,14.87623977661133,,
OAEPG.H.1.URB,"Percentage of pupils enrolled in primary education who are at least 2 years over-age for their current grade, urban, both sexes (household survey data) (%)",TGO,2018,13.07254028320313,,
OAEPG.H.1.URB,"Percentage of pupils enrolled in primary education who are at least 2 years over-age for their current grade, urban, both sexes (household survey data) (%)",TGO,2021,9.523770332336426,,
OAEPG.H.1.URB.F,"Percentage of pupils enrolled in primary education who are at least 2 years over-age for their current grade, urban, female (household survey data) (%)",TGO,2006,23.35,,
OAEPG.H.1.URB.F,"Percentage of pupils enrolled in primary education who are at least 2 years over-age for their current grade, urban, female (household survey data) (%)",TGO,2010,24.07,,
OAEPG.H.1.URB.F,"Percentage of pupils enrolled in primary education who are at least 2 years over-age for their current grade, urban, female (household survey data) (%)",TGO,2014,18.84,,
OAEPG.H.1.URB.F,"Percentage of pupils enrolled in primary education who are at least 2 years over-age for their current grade, urban, female (household survey data) (%)",TGO,2017,14.89334964752197,,
OAEPG.H.1.URB.F,"Percentage of pupils enrolled in primary education who are at least 2 years over-age for their current grade, urban, female (household survey data) (%)",TGO,2018,12.24971961975098,,
OAEPG.H.1.URB.F,"Percentage of pupils enrolled in primary education who are at least 2 years over-age for their current grade, urban, female (household survey data) (%)",TGO,2021,8.456130027770996,,
OAEPG.H.1.URB.GPIA,"Proportion of pupils enrolled in primary education who are at least 2 years over-age for their current grade, urban, adjusted gender parity index (household survey data) (GPIA)",TGO,2017,1.002359986305237,,
OAEPG.H.1.URB.GPIA,"Proportion of pupils enrolled in primary education who are at least 2 years over-age for their current grade, urban, adjusted gender parity index (household survey data) (GPIA)",TGO,2018,.8803300261497498,,
OAEPG.H.1.URB.GPIA,"Proportion of pupils enrolled in primary education who are at least 2 years over-age for their current grade, urban, adjusted gender parity index (household survey data) (GPIA)",TGO,2021,.7938100099563599,,
OAEPG.H.1.URB.M,"Percentage of pupils enrolled in primary education who are at least 2 years over-age for their current grade, urban, male (household survey data) (%)",TGO,2006,21.13,,
OAEPG.H.1.URB.M,"Percentage of pupils enrolled in primary education who are at least 2 years over-age for their current grade, urban, male (household survey data) (%)",TGO,2010,19.28,,
OAEPG.H.1.URB.M,"Percentage of pupils enrolled in primary education who are at least 2 years over-age for their current grade, urban, male (household survey data) (%)",TGO,2014,16.99,,
OAEPG.H.1.URB.M,"Percentage of pupils enrolled in primary education who are at least 2 years over-age for their current grade, urban, male (household survey data) (%)",TGO,2017,14.85820960998535,,
OAEPG.H.1.URB.M,"Percentage of pupils enrolled in primary education who are at least 2 years over-age for their current grade, urban, male (household survey data) (%)",TGO,2018,13.9148998260498,,
OAEPG.H.1.URB.M,"Percentage of pupils enrolled in primary education who are at least 2 years over-age for their current grade, urban, male (household survey data) (%)",TGO,2021,10.65258026123047,,
OAEPG.H.1.URB.Q1,"Percentage of pupils enrolled in primary education who are at least 2 years over-age for their current grade, urban, poorest quintile, both sexes (household survey data) (%)",TGO,2014,39.72,,
OAEPG.H.1.URB.Q5,"Percentage of pupils enrolled in primary education who are at least 2 years over-age for their current grade, urban, richest quintile, both sexes (household survey data) (%)",TGO,2006,17.29,,
OAEPG.H.1.URB.Q5,"Percentage of pupils enrolled in primary education who are at least 2 years over-age for their current grade, urban, richest quintile, both sexes (household survey data) (%)",TGO,2010,17.41,,
OAEPG.H.1.URB.Q5,"Percentage of pupils enrolled in primary education who are at least 2 years over-age for their current grade, urban, richest quintile, both sexes (household survey data) (%)",TGO,2014,12.35,,
OAEPG.H.1.URB.Q5,"Percentage of pupils enrolled in primary education who are at least 2 years over-age for their current grade, urban, richest quintile, both sexes (household survey data) (%)",TGO,2017,11.32497024536133,,
OAEPG.H.1.URB.Q5.F,"Percentage of pupils enrolled in primary education who are at least 2 years over-age for their current grade, urban, richest quintile, female (household survey data) (%)",TGO,2006,18.14,,
OAEPG.H.1.URB.Q5.F,"Percentage of pupils enrolled in primary education who are at least 2 years over-age for their current grade, urban, richest quintile, female (household survey data) (%)",TGO,2010,24.47,,
OAEPG.H.1.URB.Q5.F,"Percentage of pupils enrolled in primary education who are at least 2 years over-age for their current grade, urban, richest quintile, female (household survey data) (%)",TGO,2014,13.64,,
OAEPG.H.1.URB.Q5.F,"Percentage of pupils enrolled in primary education who are at least 2 years over-age for their current grade, urban, richest quintile, female (household survey data) (%)",TGO,2017,11.01371002197266,,
OAEPG.H.1.URB.Q5.GPIA,"Proportion of pupils enrolled in primary education who are at least 2 years over-age for their current grade, primary education, urban, richest quintile, adjusted gender parity index (household survey data) (GPIA)",TGO,2017,.9448699951171875,,
OAEPG.H.1.URB.Q5.M,"Percentage of pupils enrolled in primary education who are at least 2 years over-age for their current grade, urban, richest quintile, male (household survey data) (%)",TGO,2006,16.26,,
OAEPG.H.1.URB.Q5.M,"Percentage of pupils enrolled in primary education who are at least 2 years over-age for their current grade, urban, richest quintile, male (household survey data) (%)",TGO,2010,10.13,,
OAEPG.H.1.URB.Q5.M,"Percentage of pupils enrolled in primary education who are at least 2 years over-age for their current grade, urban, richest quintile, male (household survey data) (%)",TGO,2014,10.95,,
OAEPG.H.1.URB.Q5.M,"Percentage of pupils enrolled in primary education who are at least 2 years over-age for their current grade, urban, richest quintile, male (household survey data) (%)",TGO,2017,11.65629959106445,,
OAEPG.H.1.WPIA,"Proportion of pupils enrolled in primary education who are at least 2 years over-age for their current grade, adjusted wealth parity index (household survey data) (WPIA)",TGO,2006,1.495060324668884,,
OAEPG.H.1.WPIA,"Proportion of pupils enrolled in primary education who are at least 2 years over-age for their current grade, adjusted wealth parity index (household survey data) (WPIA)",TGO,2010,1.607752680778503,,
OAEPG.H.1.WPIA,"Proportion of pupils enrolled in primary education who are at least 2 years over-age for their current grade, adjusted wealth parity index (household survey data) (WPIA)",TGO,2014,1.695619940757751,,
OAEPG.H.1.WPIA,"Proportion of pupils enrolled in primary education who are at least 2 years over-age for their current grade, adjusted wealth parity index (household survey data) (WPIA)",TGO,2017,1.653689980506897,,
OAEPG.H.2,"Percentage of pupils enrolled in lower secondary education who are at least 2 years over-age for their current grade, both sexes (household survey data) (%)",TGO,2017,41.52357864379883,,
OAEPG.H.2,"Percentage of pupils enrolled in lower secondary education who are at least 2 years over-age for their current grade, both sexes (household survey data) (%)",TGO,2018,31.95923042297363,,
OAEPG.H.2,"Percentage of pupils enrolled in lower secondary education who are at least 2 years over-age for their current grade, both sexes (household survey data) (%)",TGO,2021,23.06106948852539,,
OAEPG.H.2.F,"Percentage of pupils enrolled in lower secondary education who are at least 2 years over-age for their current grade, female (household survey data) (%)",TGO,2017,36.37292098999023,,
OAEPG.H.2.F,"Percentage of pupils enrolled in lower secondary education who are at least 2 years over-age for their current grade, female (household survey data) (%)",TGO,2018,29.40918922424316,,
OAEPG.H.2.F,"Percentage of pupils enrolled in lower secondary education who are at least 2 years over-age for their current grade, female (household survey data) (%)",TGO,2021,22.76054000854492,,
OAEPG.H.2.F.LPIA,"Proportion of pupils enrolled in lower secondary education who are at least 2 years over-age for their current grade, female, adjusted location parity index (household survey data) (LPIA)",TGO,2017,1.489930033683777,,
OAEPG.H.2.F.LPIA,"Proportion of pupils enrolled in lower secondary education who are at least 2 years over-age for their current grade, female, adjusted location parity index (household survey data) (LPIA)",TGO,2018,1.422240018844604,,
OAEPG.H.2.F.LPIA,"Proportion of pupils enrolled in lower secondary education who are at least 2 years over-age for their current grade, female, adjusted location parity index (household survey data) (LPIA)",TGO,2021,1.238160014152527,,
OAEPG.H.2.F.WPIA,"Proportion of pupils enrolled in lower secondary education who are at least 2 years over-age for their current grade, female, adjusted wealth parity index (household survey data) (WPIA)",TGO,2017,1.612789988517761,,
OAEPG.H.2.GPIA,"Proportion of pupils enrolled in lower secondary education who are at least 2 years over-age for their current grade, adjusted gender parity index (household survey data) (GPIA)",TGO,2017,.79680997133255,,
OAEPG.H.2.GPIA,"Proportion of pupils enrolled in lower secondary education who are at least 2 years over-age for their current grade, adjusted gender parity index (household survey data) (GPIA)",TGO,2018,.8592100143432617,,
OAEPG.H.2.GPIA,"Proportion of pupils enrolled in lower secondary education who are at least 2 years over-age for their current grade, adjusted gender parity index (household survey data) (GPIA)",TGO,2021,.9750999808311462,,
OAEPG.H.2.LPIA,"Proportion of pupils enrolled in lower secondary education who are at least 2 years over-age for their current grade, adjusted location parity index (household survey data) (LPIA)",TGO,2017,1.451689958572388,,
OAEPG.H.2.LPIA,"Proportion of pupils enrolled in lower secondary education who are at least 2 years over-age for their current grade, adjusted location parity index (household survey data) (LPIA)",TGO,2018,1.384600043296814,,
OAEPG.H.2.LPIA,"Proportion of pupils enrolled in lower secondary education who are at least 2 years over-age for their current grade, adjusted location parity index (household survey data) (LPIA)",TGO,2021,1.330880045890808,,
OAEPG.H.2.M,"Percentage of pupils enrolled in lower secondary education who are at least 2 years over-age for their current grade, male (household survey data) (%)",TGO,2017,45.64812850952148,,
OAEPG.H.2.M,"Percentage of pupils enrolled in lower secondary education who are at least 2 years over-age for their current grade, male (household survey data) (%)",TGO,2018,34.22806167602539,,
OAEPG.H.2.M,"Percentage of pupils enrolled in lower secondary education who are at least 2 years over-age for their current grade, male (household survey data) (%)",TGO,2021,23.3417797088623,,
OAEPG.H.2.M.LPIA,"Proportion of pupils enrolled in lower secondary education who are at least 2 years over-age for their current grade, male, adjusted location parity index (household survey data) (LPIA)",TGO,2017,1.403849959373474,,
OAEPG.H.2.M.LPIA,"Proportion of pupils enrolled in lower secondary education who are at least 2 years over-age for their current grade, male, adjusted location parity index (household survey data) (LPIA)",TGO,2018,1.341259956359863,,
OAEPG.H.2.M.LPIA,"Proportion of pupils enrolled in lower secondary education who are at least 2 years over-age for their current grade, male, adjusted location parity index (household survey data) (LPIA)",TGO,2021,1.413490056991577,,
OAEPG.H.2.M.WPIA,"Proportion of pupils enrolled in lower secondary education who are at least 2 years over-age for their current grade, male, adjusted wealth parity index (household survey data) (WPIA)",TGO,2017,1.57108998298645,,
OAEPG.H.2.Q1,"Percentage of pupils enrolled in lower secondary education who are at least 2 years over-age for their current grade, poorest quintile, both sexes (household survey data) (%)",TGO,2017,60.8089714050293,,
OAEPG.H.2.Q1.F,"Percentage of pupils enrolled in lower secondary education who are at least 2 years over-age for their current grade, poorest quintile, female (household survey data) (%)",TGO,2017,55.0631217956543,,
OAEPG.H.2.Q1.GPIA,"Proportion of pupils enrolled in lower secondary education who are at least 2 years over-age for their current grade, poorest quintile, adjusted gender parity index (household survey data) (GPIA)",TGO,2017,.8611500263214111,,
OAEPG.H.2.Q1.M,"Percentage of pupils enrolled in lower secondary education who are at least 2 years over-age for their current grade, poorest quintile, male (household survey data) (%)",TGO,2017,63.94129943847656,,
OAEPG.H.2.Q5,"Percentage of pupils enrolled in lower secondary education who are at least 2 years over-age for their current grade, richest quintile, both sexes (household survey data) (%)",TGO,2017,24.01532936096191,,
OAEPG.H.2.Q5.F,"Percentage of pupils enrolled in lower secondary education who are at least 2 years over-age for their current grade, richest quintile, female (household survey data) (%)",TGO,2017,21.32098007202148,,
OAEPG.H.2.Q5.F.LPIA,"Proportion of pupils enrolled in lower secondary education who are at least 2 years over-age for their current grade, richest quintile, female, adjusted location parity index (household survey data) (LPIA)",TGO,2017,1.512789964675903,,
OAEPG.H.2.Q5.GPIA,"Proportion of pupils enrolled in lower secondary education who are at least 2 years over-age for their current grade, richest quintile, adjusted gender parity index (household survey data) (GPIA)",TGO,2017,.77742999792099,,
OAEPG.H.2.Q5.LPIA,"Proportion of pupils enrolled in lower secondary education who are at least 2 years over-age for their current grade, richest quintile, adjusted location parity index (household survey data) (LPIA)",TGO,2017,1.324210047721863,,
OAEPG.H.2.Q5.M,"Percentage of pupils enrolled in lower secondary education who are at least 2 years over-age for their current grade, richest quintile, male (household survey data) (%)",TGO,2017,27.42513084411621,,
OAEPG.H.2.Q5.M.LPIA,"Proportion of pupils enrolled in lower secondary education who are at least 2 years over-age for their current grade, richest quintile, male, adjusted location parity index (household survey data) (LPIA)",TGO,2017,.990369975566864,,
OAEPG.H.2.RUR,"Percentage of pupils enrolled in lower secondary education who are at least 2 years over-age for their current grade, rural, both sexes (household survey data) (%)",TGO,2017,52.07382965087891,,
OAEPG.H.2.RUR,"Percentage of pupils enrolled in lower secondary education who are at least 2 years over-age for their current grade, rural, both sexes (household survey data) (%)",TGO,2018,39.33449172973633,,
OAEPG.H.2.RUR,"Percentage of pupils enrolled in lower secondary education who are at least 2 years over-age for their current grade, rural, both sexes (household survey data) (%)",TGO,2021,27.82666015625,,
OAEPG.H.2.RUR.F,"Percentage of pupils enrolled in lower secondary education who are at least 2 years over-age for their current grade, rural, female (household survey data) (%)",TGO,2017,48.45090866088867,,
OAEPG.H.2.RUR.F,"Percentage of pupils enrolled in lower secondary education who are at least 2 years over-age for their current grade, rural, female (household survey data) (%)",TGO,2018,37.88885116577148,,
OAEPG.H.2.RUR.F,"Percentage of pupils enrolled in lower secondary education who are at least 2 years over-age for their current grade, rural, female (household survey data) (%)",TGO,2021,26.33243942260742,,
OAEPG.H.2.RUR.F.WPIA,"Proportion of pupils enrolled in lower secondary education who are at least 2 years over-age for their current grade, rural, female, adjusted wealth parity index (household survey data) (WPIA)",TGO,2017,1.305619955062866,,
OAEPG.H.2.RUR.GPIA,"Proportion of pupils enrolled in lower secondary education who are at least 2 years over-age for their current grade, rural, adjusted gender parity index (household survey data) (GPIA)",TGO,2017,.8898299932479858,,
OAEPG.H.2.RUR.GPIA,"Proportion of pupils enrolled in lower secondary education who are at least 2 years over-age for their current grade, rural, adjusted gender parity index (household survey data) (GPIA)",TGO,2018,.9370800256729126,,
OAEPG.H.2.RUR.GPIA,"Proportion of pupils enrolled in lower secondary education who are at least 2 years over-age for their current grade, rural, adjusted gender parity index (household survey data) (GPIA)",TGO,2021,.9093300104141235,,
OAEPG.H.2.RUR.M,"Percentage of pupils enrolled in lower secondary education who are at least 2 years over-age for their current grade, rural, male (household survey data) (%)",TGO,2017,54.44987869262695,,
OAEPG.H.2.RUR.M,"Percentage of pupils enrolled in lower secondary education who are at least 2 years over-age for their current grade, rural, male (household survey data) (%)",TGO,2018,40.43291091918945,,
OAEPG.H.2.RUR.M,"Percentage of pupils enrolled in lower secondary education who are at least 2 years over-age for their current grade, rural, male (household survey data) (%)",TGO,2021,28.95820045471191,,
OAEPG.H.2.RUR.M.WPIA,"Proportion of pupils enrolled in lower secondary education who are at least 2 years over-age for their current grade, rural, male, adjusted wealth parity index (household survey data) (WPIA)",TGO,2017,1.574650049209595,,
OAEPG.H.2.RUR.Q1,"Percentage of pupils enrolled in lower secondary education who are at least 2 years over-age for their current grade, rural, poorest quintile, both sexes (household survey data) (%)",TGO,2017,60.8089714050293,,
OAEPG.H.2.RUR.Q1.F,"Percentage of pupils enrolled in lower secondary education who are at least 2 years over-age for their current grade, rural, poorest quintile, female (household survey data) (%)",TGO,2017,55.0631217956543,,
OAEPG.H.2.RUR.Q1.GPIA,"Proportion of pupils enrolled in lower secondary education who are at least 2 years over-age for their current grade, rural, poorest quintile, adjusted gender parity index (household survey data) (GPIA)",TGO,2017,.8611500263214111,,
OAEPG.H.2.RUR.Q1.M,"Percentage of pupils enrolled in lower secondary education who are at least 2 years over-age for their current grade, rural, poorest quintile, male (household survey data) (%)",TGO,2017,63.94129943847656,,
OAEPG.H.2.RUR.Q5,"Percentage of pupils enrolled in lower secondary education who are at least 2 years over-age for their current grade, rural, richest quintile, both sexes (household survey data) (%)",TGO,2017,33.3288688659668,,
OAEPG.H.2.RUR.Q5.F,"Percentage of pupils enrolled in lower secondary education who are at least 2 years over-age for their current grade, rural, richest quintile, female (household survey data) (%)",TGO,2017,38.23498916625977,,
OAEPG.H.2.RUR.Q5.GPIA,"Proportion of pupils enrolled in lower secondary education who are at least 2 years over-age for their current grade, rural, richest quintile, adjusted gender parity index (household survey data) (GPIA)",TGO,2017,1.288679957389832,,
OAEPG.H.2.RUR.Q5.M,"Percentage of pupils enrolled in lower secondary education who are at least 2 years over-age for their current grade, rural, richest quintile, male (household survey data) (%)",TGO,2017,27.19733047485352,,
OAEPG.H.2.RUR.WPIA,"Proportion of pupils enrolled in lower secondary education who are at least 2 years over-age for their current grade, rural, adjusted wealth parity index (household survey data) (WPIA)",TGO,2017,1.451910018920898,,
OAEPG.H.2.URB,"Percentage of pupils enrolled in lower secondary education who are at least 2 years over-age for their current grade, urban, both sexes (household survey data) (%)",TGO,2017,28.55242919921875,,
OAEPG.H.2.URB,"Percentage of pupils enrolled in lower secondary education who are at least 2 years over-age for their current grade, urban, both sexes (household survey data) (%)",TGO,2018,24.20638084411621,,
OAEPG.H.2.URB,"Percentage of pupils enrolled in lower secondary education who are at least 2 years over-age for their current grade, urban, both sexes (household survey data) (%)",TGO,2021,18.6193904876709,,
OAEPG.H.2.URB.F,"Percentage of pupils enrolled in lower secondary education who are at least 2 years over-age for their current grade, urban, female (household survey data) (%)",TGO,2017,24.71356964111328,,
OAEPG.H.2.URB.F,"Percentage of pupils enrolled in lower secondary education who are at least 2 years over-age for their current grade, urban, female (household survey data) (%)",TGO,2018,21.8906307220459,,
OAEPG.H.2.URB.F,"Percentage of pupils enrolled in lower secondary education who are at least 2 years over-age for their current grade, urban, female (household survey data) (%)",TGO,2021,20.06097984313965,,
OAEPG.H.2.URB.GPIA,"Proportion of pupils enrolled in lower secondary education who are at least 2 years over-age for their current grade, urban, adjusted gender parity index (household survey data) (GPIA)",TGO,2017,.7613499760627747,,
OAEPG.H.2.URB.GPIA,"Proportion of pupils enrolled in lower secondary education who are at least 2 years over-age for their current grade, urban, adjusted gender parity index (household survey data) (GPIA)",TGO,2018,.8218799829483032,,
OAEPG.H.2.URB.GPIA,"Proportion of pupils enrolled in lower secondary education who are at least 2 years over-age for their current grade, urban, adjusted gender parity index (household survey data) (GPIA)",TGO,2021,1.15336000919342,,
OAEPG.H.2.URB.M,"Percentage of pupils enrolled in lower secondary education who are at least 2 years over-age for their current grade, urban, male (household survey data) (%)",TGO,2017,32.46020126342773,,
OAEPG.H.2.URB.M,"Percentage of pupils enrolled in lower secondary education who are at least 2 years over-age for their current grade, urban, male (household survey data) (%)",TGO,2018,26.63488006591797,,
OAEPG.H.2.URB.M,"Percentage of pupils enrolled in lower secondary education who are at least 2 years over-age for their current grade, urban, male (household survey data) (%)",TGO,2021,16.9843692779541,,
OAEPG.H.2.URB.Q5,"Percentage of pupils enrolled in lower secondary education who are at least 2 years over-age for their current grade, urban, richest quintile, both sexes (household survey data) (%)",TGO,2017,22.52316093444824,,
OAEPG.H.2.URB.Q5.F,"Percentage of pupils enrolled in lower secondary education who are at least 2 years over-age for their current grade, urban, richest quintile, female (household survey data) (%)",TGO,2017,18.62849044799805,,
OAEPG.H.2.URB.Q5.GPIA,"Proportion of pupils enrolled in lower secondary education who are at least 2 years over-age for their current grade, urban, richest quintile, adjusted gender parity index (household survey data) (GPIA)",TGO,2017,.6783400177955627,,
OAEPG.H.2.URB.Q5.M,"Percentage of pupils enrolled in lower secondary education who are at least 2 years over-age for their current grade, urban, richest quintile, male (household survey data) (%)",TGO,2017,27.4619197845459,,
OAEPG.H.2.WPIA,"Proportion of pupils enrolled in lower secondary education who are at least 2 years over-age for their current grade, adjusted wealth parity index (household survey data) (WPIA)",TGO,2017,1.605069994926453,,
XUNIT.GDPCAP.5T8.FSGOV.FFNTR,Initial government funding per tertiary student as a percentage of GDP per capita,TGO,1998,208.5936279296875,,
XUNIT.GDPCAP.5T8.FSGOV.FFNTR,Initial government funding per tertiary student as a percentage of GDP per capita,TGO,2007,101.4602432250977,,
XUNIT.GDPCAP.5T8.FSGOV.FFNTR,Initial government funding per tertiary student as a percentage of GDP per capita,TGO,2010,59.58047103881836,,
XUNIT.GDPCAP.5T8.FSGOV.FFNTR,Initial government funding per tertiary student as a percentage of GDP per capita,TGO,2011,54.9769287109375,,
XUNIT.GDPCAP.5T8.FSGOV.FFNTR,Initial government funding per tertiary student as a percentage of GDP per capita,TGO,2012,62.76073837280273,,
XUNIT.GDPCAP.5T8.FSGOV.FFNTR,Initial government funding per tertiary student as a percentage of GDP per capita,TGO,2013,70.96768951416016,,
XUNIT.GDPCAP.5T8.FSGOV.FFNTR,Initial government funding per tertiary student as a percentage of GDP per capita,TGO,2014,77.30937957763672,,
XUNIT.GDPCAP.5T8.FSGOV.FFNTR,Initial government funding per tertiary student as a percentage of GDP per capita,TGO,2015,65.65750122070313,,
XUNIT.GDPCAP.5T8.FSGOV.FFNTR,Initial government funding per tertiary student as a percentage of GDP per capita,TGO,2016,60.39118957519531,,
XUNIT.GDPCAP.5T8.FSGOV.FFNTR,Initial government funding per tertiary student as a percentage of GDP per capita,TGO,2017,60.74396896362305,,
XUNIT.GDPCAP.5T8.FSHH.FFNTR,Initial household funding per tertiary student as a percentage of GDP per capita,TGO,2007,37.81373977661133,,UIS_EST
XUNIT.GDPCAP.5T8.FSHH.FFNTR,Initial household funding per tertiary student as a percentage of GDP per capita,TGO,2010,51.79972839355469,,UIS_EST
XUNIT.GDPCAP.5T8.FSHH.FFNTR,Initial household funding per tertiary student as a percentage of GDP per capita,TGO,2011,53.46638107299805,,UIS_EST
XUNIT.GDPCAP.5T8.FSHH.FFNTR,Initial household funding per tertiary student as a percentage of GDP per capita,TGO,2012,46.05559158325195,,UIS_EST
XUNIT.GDPCAP.5T8.FSHH.FFNTR,Initial household funding per tertiary student as a percentage of GDP per capita,TGO,2013,38.55128860473633,,UIS_EST
XUNIT.GDPCAP.5T8.FSHH.FFNTR,Initial household funding per tertiary student as a percentage of GDP per capita,TGO,2014,32.96364974975586,,UIS_EST
XUNIT.GDPCAP.5T8.FSHH.FFNTR,Initial household funding per tertiary student as a percentage of GDP per capita,TGO,2015,44.24517059326172,,UIS_EST
XUNIT.GDPCAP.5T8.FSHH.FFNTR,Initial household funding per tertiary student as a percentage of GDP per capita,TGO,2024,0,NIL,
XUNIT.PPPCONST.5T8.FSGOV.FFNTR,"Initial government funding per tertiary student, constant PPP$",TGO,1998,5048.35791015625,,
XUNIT.PPPCONST.5T8.FSGOV.FFNTR,"Initial government funding per tertiary student, constant PPP$",TGO,2007,2098.15087890625,,
XUNIT.PPPCONST.5T8.FSGOV.FFNTR,"Initial government funding per tertiary student, constant PPP$",TGO,2010,1315.1953125,,
XUNIT.PPPCONST.5T8.FSGOV.FFNTR,"Initial government funding per tertiary student, constant PPP$",TGO,2011,1250.101684570313,,
XUNIT.PPPCONST.5T8.FSGOV.FFNTR,"Initial government funding per tertiary student, constant PPP$",TGO,2012,1477.673828125,,
XUNIT.PPPCONST.5T8.FSGOV.FFNTR,"Initial government funding per tertiary student, constant PPP$",TGO,2013,1723.391357421875,,
XUNIT.PPPCONST.5T8.FSGOV.FFNTR,"Initial government funding per tertiary student, constant PPP$",TGO,2014,1933.52099609375,,
XUNIT.PPPCONST.5T8.FSGOV.FFNTR,"Initial government funding per tertiary student, constant PPP$",TGO,2015,1688.787841796875,,
XUNIT.PPPCONST.5T8.FSGOV.FFNTR,"Initial government funding per tertiary student, constant PPP$",TGO,2016,1578.614013671875,,
XUNIT.PPPCONST.5T8.FSGOV.FFNTR,"Initial government funding per tertiary student, constant PPP$",TGO,2017,1610.719604492188,,
XUNIT.PPPCONST.5T8.FSHH.FFNTR,"Initial household funding per tertiary student, constant PPP$",TGO,2007,781.9707641601563,,UIS_EST
XUNIT.PPPCONST.5T8.FSHH.FFNTR,"Initial household funding per tertiary student, constant PPP$",TGO,2010,1143.441162109375,,UIS_EST
XUNIT.PPPCONST.5T8.FSHH.FFNTR,"Initial household funding per tertiary student, constant PPP$",TGO,2011,1215.753662109375,,UIS_EST
XUNIT.PPPCONST.5T8.FSHH.FFNTR,"Initial household funding per tertiary student, constant PPP$",TGO,2012,1084.358520507813,,UIS_EST
XUNIT.PPPCONST.5T8.FSHH.FFNTR,"Initial household funding per tertiary student, constant PPP$",TGO,2013,936.18603515625,,UIS_EST
XUNIT.PPPCONST.5T8.FSHH.FFNTR,"Initial household funding per tertiary student, constant PPP$",TGO,2014,824.4267578125,,UIS_EST
XUNIT.PPPCONST.5T8.FSHH.FFNTR,"Initial household funding per tertiary student, constant PPP$",TGO,2015,1138.037353515625,,UIS_EST
XUNIT.PPPCONST.5T8.FSHH.FFNTR,"Initial household funding per tertiary student, constant PPP$",TGO,2024,0,NIL,
